year,pick,round,round_label,api_name,api_school,api_school_class,api_club,status,name_score,school_score,n_candidates,matched_nameascii,matched_playerid,matched_acronym,matched_full_team_name,best_rejected_nameascii,best_rejected_school_score
2021,1.0,1.0,1,Henry Davis,Louisville,4YR JR,Pittsburgh Pirates,matched_exact_name,100.0,100.0,1,Henry Davis,29617,LOU,university of louisville,,
2021,2.0,1.0,1,Jack Leiter,Vanderbilt,4YR SO,Texas Rangers,matched_exact_name,100.0,100.0,1,Jack Leiter,30146,VAN,vanderbilt university,,
2021,3.0,1.0,1,Jackson Jobe,Heritage Hall School,HS SR,Detroit Tigers,no_candidate,,,0,,,,,,
2021,4.0,1.0,1,Marcelo Mayer,Eastlake HS,HS SR,Boston Red Sox,no_candidate,,,0,,,,,,
2021,5.0,1.0,1,Colton Cowser,Sam Houston,4YR JR,Baltimore Orioles,matched_exact_name,100.0,100.0,1,Colton Cowser,29591,SHSU,sam houston state university,,
2021,6.0,1.0,1,Jordan Lawlar,Jesuit College Prep,HS SR,Arizona Diamondbacks,rejected_fuzzy_school_guard,91.7,12.5,1,,,,,Jordan Lala,12.5
2021,7.0,1.0,1,Frank Mozzicato,East Catholic HS,HS SR,Kansas City Royals,no_candidate,,,0,,,,,,
2021,8.0,1.0,1,Benny Montgomery,Red Land HS,HS SR,Colorado Rockies,no_candidate,,,0,,,,,,
2021,9.0,1.0,1,Sam Bachman,Miami University,4YR JR,Los Angeles Angels,matched_exact_name,100.0,100.0,1,Sam Bachman,29754,M-OH,miami university-ohio,,
2021,10.0,1.0,1,Kumar Rocker,Vanderbilt,4YR JR,New York Mets,matched_exact_name,100.0,100.0,1,Kumar Rocker,31843,VAN,vanderbilt university,,
2021,11.0,1.0,1,Brady House,Winder Barrow HS,HS SR,Washington Nationals,no_candidate,,,0,,,,,,
2021,12.0,1.0,1,Harry Ford,North Cobb HS,HS SR,Seattle Mariners,no_candidate,,,0,,,,,,
2021,13.0,1.0,1,Andrew Painter,Calvary Christian Academy,HS JR,Philadelphia Phillies,rejected_fuzzy_school_guard,88.9,26.3,1,,,,,Andrew Pintar,26.3
2021,14.0,1.0,1,Will Bednar,Mississippi State,4YR SO,San Francisco Giants,matched_exact_name,100.0,100.0,1,Will Bednar,sa3017844,MSST,mississippi state university,,
2021,15.0,1.0,1,Sal Frelick,Boston College,4YR JR,Milwaukee Brewers,matched_exact_name,100.0,100.0,1,Sal Frelick,29622,BC,boston college,,
2021,16.0,1.0,1,Kahlil Watson,Wake Forest HS,HS SR,Miami Marlins,no_candidate,,,0,,,,,,
2021,17.0,1.0,1,Matt McLain,UCLA,4YR JR,Cincinnati Reds,matched_exact_name,100.0,100.0,1,Matt McLain,29695,UCLA,"university of california, los angeles",,
2021,18.0,1.0,1,Michael McGreevy,UC Santa Barbara,4YR JR,St. Louis Cardinals,matched_exact_name,100.0,100.0,1,Michael McGreevy,29869,UCSB,"university of california, santa barbara",,
2021,19.0,1.0,1,Gunnar Hoglund,Ole Miss,4YR JR,Toronto Blue Jays,matched_exact_name,100.0,100.0,1,Gunnar Hoglund,31318,MISS,university of mississippi,,
2021,20.0,1.0,1,Trey Sweeney,Eastern Illinois,4YR JR,New York Yankees,matched_exact_name,100.0,100.0,1,Trey Sweeney,29575,EIU,eastern illinois university,,
2021,21.0,1.0,1,Jordan Wicks,Kansas State,4YR JR,Chicago Cubs,matched_exact_name,100.0,100.0,1,Jordan Wicks,30094,KSU,kansas st.,,
2021,22.0,1.0,1,Colson Montgomery,Southridge HS,HS SR,Chicago White Sox,no_candidate,,,0,,,,,,
2021,23.0,1.0,1,Gavin Williams,East Carolina,4YR SR,Cleveland Guardians,matched_exact_name,100.0,100.0,1,Gavin Williams,30122,ECU,east carolina university,,
2021,24.0,1.0,1,Ryan Cusick,Wake Forest,4YR JR,Atlanta Braves,matched_exact_name,100.0,100.0,1,Ryan Cusick,sa3017385,WAKE,wake forest university,,
2021,25.0,1.0,1,Max Muncy,Thousand Oaks HS,HS SR,Athletics,no_candidate,,,0,,,,,,
2021,26.0,1.0,1,Chase Petty,Mainland Regional HS,HS SR,Minnesota Twins,no_candidate,,,0,,,,,,
2021,27.0,1.0,1,Jackson Merrill,Severna Park HS,HS SR,San Diego Padres,no_candidate,,,0,,,,,,
2021,28.0,1.0,1,Carson Williams,Torrey Pines HS,HS SR,Tampa Bay Rays,no_candidate,,,0,,,,,,
2021,29.0,1.0,1,Maddux Bruns,UMS Wright Prep School,HS SR,Los Angeles Dodgers,no_candidate,,,0,,,,,,
2021,30.0,1.0,1C,Jay Allen II,John Carroll HS,HS SR,Cincinnati Reds,no_candidate,,,0,,,,,,
2021,31.0,1.0,CB-A,Joe Mack,Williamsville East HS,HS SR,Miami Marlins,no_candidate,,,0,,,,,,
2021,32.0,1.0,CB-A,Ty Madden,Texas,4YR JR,Detroit Tigers,matched_exact_name,100.0,100.0,1,Ty Madden,30140,TEX,university of texas at austin,,
2021,33.0,1.0,CB-A,Tyler Black,Wright State University,4YR JR,Milwaukee Brewers,matched_exact_name,100.0,100.0,1,Tyler Black,29949,WRST,wright state university,,
2021,34.0,1.0,CB-A,Cooper Kinney,The Baylor Schools,HS SR,Tampa Bay Rays,no_candidate,,,0,,,,,,
2021,35.0,1.0,CB-A,Mat Nelson,Florida State,4YR JR,Cincinnati Reds,matched_exact_name,100.0,100.0,1,Mat Nelson,sa3017328,FSU,florida state university,,
2021,36.0,1.0,CB-A,Noah Miller,Ozaukee HS,HS SR,Minnesota Twins,no_candidate,,,0,,,,,,
2021,37.0,2.0,2,Anthony Solometo,Bishop Eustace Prep School,HS SR,Pittsburgh Pirates,no_candidate,,,0,,,,,,
2021,38.0,2.0,2,Aaron Zavala,Oregon,4YR JR,Texas Rangers,matched_exact_name,100.0,100.0,1,Aaron Zavala,sa3017665,ORE,university of oregon,,
2021,39.0,2.0,2,Izaac Pacheco,Friendswood HS,HS SR,Detroit Tigers,no_candidate,,,0,,,,,,
2021,40.0,2.0,2,Jud Fabian,Florida,4YR JR,Boston Red Sox,matched_exact_name,100.0,100.0,1,Jud Fabian,sa3019942,FLA,university of florida,,
2021,41.0,2.0,2,Connor Norby,East Carolina,4YR JR,Baltimore Orioles,matched_exact_name,100.0,100.0,1,Connor Norby,29592,ECU,east carolina university,,
2021,42.0,2.0,2,Ryan Bliss,Auburn,4YR JR,Arizona Diamondbacks,matched_exact_name,100.0,100.0,1,Ryan Bliss,29547,AUB,auburn university,,
2021,43.0,2.0,2,Ben Kudrna,Blue Valley Southwest HS,HS SR,Kansas City Royals,no_candidate,,,0,,,,,,
2021,44.0,2.0,2,Jaden Hill,LSU,4YR JR,Colorado Rockies,no_candidate,,,0,,,,,,
2021,45.0,2.0,2,Ky Bush,St. Mary's College,4YR JR,Los Angeles Angels,matched_exact_name,100.0,100.0,1,Ky Bush,29823,SMC,st. mary's california,,
2021,46.0,2.0,2,Calvin Ziegler,TNXL Academy,HS SR,New York Mets,no_candidate,,,0,,,,,,
2021,47.0,2.0,2,Daylen Lile,Trinity HS,HS SR,Washington Nationals,no_candidate,,,0,,,,,,
2021,48.0,2.0,2,Edwin Arroyo,Arecibo Baseball Academy,HS SR,Seattle Mariners,no_candidate,,,0,,,,,,
2021,49.0,2.0,2,Ethan Wilson,University of South Alabama,4YR JR,Philadelphia Phillies,matched_exact_name,100.0,100.0,1,Ethan Wilson,sa3017329,USA,university of south alabama,,
2021,50.0,2.0,2,Matt Mikulski,Fordham,4YR SR,San Francisco Giants,matched_exact_name,100.0,100.0,1,Matt Mikulski,sa3017874,FOR,fordham university,,
2021,51.0,2.0,2,Russell Smith,TCU,4YR SR,Milwaukee Brewers,matched_exact_name,100.0,100.0,1,Russell Smith,sa3018191,TCU,texas christian university,,
2021,52.0,2.0,2,Cody Morissette,Boston College,4YR JR,Miami Marlins,matched_exact_name,100.0,100.0,1,Cody Morissette,sa3017158,BC,boston college,,
2021,53.0,2.0,2,Andrew Abbott,Virginia,4YR SR,Cincinnati Reds,matched_exact_name,100.0,100.0,1,Andrew Abbott,29911,UVA,university of virginia,,
2021,54.0,2.0,2,Joshua Baez,Dexter School,HS SR,St. Louis Cardinals,no_candidate,,,0,,,,,,
2021,55.0,2.0,2,Brendan Beck,Stanford,4YR SR,New York Yankees,matched_exact_name,100.0,100.0,1,Brendan Beck,sa3020680,STAN,stanford university,,
2021,56.0,2.0,2,James Triantos,James Madison HS,HS SR,Chicago Cubs,no_candidate,,,0,,,,,,
2021,57.0,2.0,2,Wes Kath,Desert Mountain HS,HS SR,Chicago White Sox,no_candidate,,,0,,,,,,
2021,58.0,2.0,2,Doug Nikhazy,Ole Miss,4YR JR,Cleveland Guardians,matched_exact_name,100.0,100.0,1,Doug Nikhazy,30142,MISS,university of mississippi,,
2021,59.0,2.0,2,Spencer Schwellenbach,Nebraska,4YR JR,Atlanta Braves,matched_exact_name,100.0,100.0,1,Spencer Schwellenbach,31846,NEB,university of nebraska–lincoln,,
2021,60.0,2.0,2,Zack Gelof,Virginia,4YR JR,Athletics,matched_exact_name,100.0,100.0,1,Zack Gelof,29766,UVA,university of virginia,,
2021,61.0,2.0,2,Steve Hajjar,Michigan,4YR JR,Minnesota Twins,matched_exact_name,100.0,100.0,1,Steve Hajjar,sa3018177,MICH,university of michigan,,
2021,62.0,2.0,2,James Wood,IMG Academy,HS SR,San Diego Padres,no_candidate,,,0,,,,,,
2021,63.0,2.0,2,Kyle Manzardo,Washington State,4YR JR,Tampa Bay Rays,matched_exact_name,100.0,100.0,1,Kyle Manzardo,29794,WSU,washington state university,,
2021,64.0,2.0,CB-B,Lonnie White Jr.,Malvern Prep School,HS SR,Pittsburgh Pirates,no_candidate,,,0,,,,,,
2021,65.0,2.0,CB-B,Reed Trimble,Southern Mississippi,4YR SO,Baltimore Orioles,matched_exact_name,100.0,100.0,1,Reed Trimble,sa3017180,USM,university of southern mississippi,,
2021,66.0,2.0,CB-B,Peyton Wilson,Alabama,4YR SO,Kansas City Royals,matched_exact_name,100.0,100.0,1,Peyton Wilson,sa3017110,ALA,university of alabama,,
2021,67.0,2.0,CB-B,Adrian Del Castillo,Miami,4YR SO,Arizona Diamondbacks,matched_exact_name,100.0,100.0,1,Adrian Del Castillo,29554,MIA,university of miami,,
2021,68.0,2.0,CB-B,Joe Rock,Ohio University,4YR JR,Colorado Rockies,matched_exact_name,100.0,100.0,1,Joe Rock,30016,OHIO,ohio university,,
2021,69.0,2.0,CB-B,Tommy Mace,Florida,4YR JR,Cleveland Guardians,matched_exact_name,100.0,100.0,1,Tommy Mace,sa3018140,FLA,university of florida,,
2021,70.0,2.0,CB-B,Ryan Holgate,Arizona,4YR JR,St. Louis Cardinals,matched_exact_name,100.0,100.0,1,Ryan Holgate,sa3016998,ARIZ,university of arizona,,
2021,71.0,2.0,CB-B,Robert Gasser,Houston,4YR JR,San Diego Padres,matched_exact_name,100.0,100.0,1,Robert Gasser,29812,HOU,university of houston,,
2021,72.0,3.0,3,Bubba Chandler,North Oconee HS,HS SR,Pittsburgh Pirates,no_candidate,,,0,,,,,,
2021,73.0,3.0,3,Cameron Cauley,Barbers Hill HS,HS SR,Texas Rangers,no_candidate,,,0,,,,,,
2021,74.0,3.0,3,Dylan Smith,Alabama,4YR JR,Detroit Tigers,matched_exact_name,100.0,100.0,1,Dylan Smith,30145,ALA,university of alabama,,
2021,75.0,3.0,3,Tyler McDonough,NC State,4YR JR,Boston Red Sox,matched_exact_name,100.0,100.0,1,Tyler McDonough,sa3016869,NCSU,north carolina state university,,
2021,76.0,3.0,3,John Rhodes,Kentucky,4YR SO,Baltimore Orioles,matched_exact_name,100.0,100.0,1,John Rhodes,sa3017162,UK,university of kentucky,,
2021,77.0,3.0,3,Jacob Steinmetz,ELEV8 Baseball Academy,HS SR,Arizona Diamondbacks,no_candidate,,,0,,,,,,
2021,78.0,3.0,3,Carter Jensen,Park Hill Senior HS,HS SR,Kansas City Royals,no_candidate,,,0,,,,,,
2021,79.0,3.0,3,McCade Brown,Indiana,4YR JR,Colorado Rockies,matched_exact_name,100.0,100.0,1,McCade Brown,sa3017812,IU,indiana university,,
2021,80.0,3.0,3,Landon Marceaux,LSU,4YR JR,Los Angeles Angels,matched_exact_name,100.0,100.0,1,Landon Marceaux,sa3017913,LSU,louisiana state university,,
2021,81.0,3.0,3,Dom Hamel,Dallas Baptist,4YR SR,New York Mets,matched_exact_name,100.0,100.0,1,Dom Hamel,sa3017949,DBU,dallas baptist university,,
2021,82.0,3.0,3,Branden Boissiere,Arizona,4YR JR,Washington Nationals,matched_exact_name,100.0,100.0,1,Branden Boissiere,sa3017558,ARIZ,university of arizona,,
2021,83.0,3.0,3,Michael Morales,East Pennsboro HS,HS SR,Seattle Mariners,no_candidate,,,0,,,,,,
2021,84.0,3.0,3,Jordan Viars,Rick Reedy HS,HS SR,Philadelphia Phillies,no_candidate,,,0,,,,,,
2021,85.0,3.0,3,Mason Black,Lehigh,4YR JR,San Francisco Giants,matched_exact_name,100.0,100.0,1,Mason Black,30171,LEH,lehigh university,,
2021,86.0,3.0,3,Alex Binelas,Louisville,4YR JR,Milwaukee Brewers,matched_exact_name,100.0,100.0,1,Alex Binelas,sa3017044,LOU,university of louisville,,
2021,87.0,3.0,3,Tyler Whitaker,Bishop Gorman HS,HS SR,Houston Astros,no_candidate,,,0,,,,,,
2021,88.0,3.0,3,Jordan McCants,Pensacola Catholic HS,HS SR,Miami Marlins,no_candidate,,,0,,,,,,
2021,89.0,3.0,3,Jose Torres,NC State,4YR SO,Cincinnati Reds,matched_exact_name,100.0,100.0,1,Jose Torres,sa3017396,NCSU,north carolina state university,,
2021,90.0,3.0,3,Austin Love,North Carolina,4YR JR,St. Louis Cardinals,matched_exact_name,100.0,100.0,1,Austin Love,sa3017609,UNC,university of north carolina at chapel hill,,
2021,91.0,3.0,3,Ricky Tiedemann,Golden West College,JC J1,Toronto Blue Jays,no_candidate,,,0,,,,,,
2021,92.0,3.0,3,Brock Selvidge,Hamilton HS,HS SR,New York Yankees,no_candidate,,,0,,,,,,
2021,93.0,3.0,3,Drew Gray,IMG Academy,HS SR,Chicago Cubs,no_candidate,,,0,,,,,,
2021,94.0,3.0,3,Sean Burke,Maryland,4YR JR,Chicago White Sox,matched_exact_name,100.0,100.0,1,Sean Burke,29878,MD,university of maryland,,
2021,95.0,3.0,3,Jake Fox,Lakeland Christian School,HS SR,Cleveland Guardians,no_candidate,,,0,,,,,,
2021,96.0,3.0,3,Dylan Dodd,Southeast Missouri State,4YR 5S,Atlanta Braves,matched_exact_name,100.0,100.0,1,Dylan Dodd,29928,SEMO,southeast missouri state university,,
2021,97.0,3.0,3,Mason Miller,Gardner-Webb University,4YR 5S,Athletics,matched_exact_name,100.0,100.0,1,Mason Miller,31757,GWEB,gardner–webb university,,
2021,98.0,3.0,3,Cade Povich,Nebraska,4YR JR,Minnesota Twins,matched_exact_name,100.0,100.0,1,Cade Povich,30055,NEB,university of nebraska–lincoln,,
2021,99.0,3.0,3,Kevin Kopps,Arkansas,4YR SR,San Diego Padres,matched_exact_name,100.0,100.0,1,Kevin Kopps,sa3017005,ARK,university of arkansas,,
2021,100.0,3.0,3,Ryan Spikes,Parkview HS,HS SR,Tampa Bay Rays,no_candidate,,,0,,,,,,
2021,101.0,3.0,3,Peter Heubeck,Gilman School,HS SR,Los Angeles Dodgers,no_candidate,,,0,,,,,,
2021,102.0,4.0,4,Owen Kellington,U-32 HS,HS SR,Pittsburgh Pirates,no_candidate,,,0,,,,,,
2021,103.0,4.0,4,Ian Moller,Wahlert HS,HS SR,Texas Rangers,no_candidate,,,0,,,,,,
2021,104.0,4.0,4,Tyler Mattison,Bryant University,4YR SR,Detroit Tigers,matched_exact_name,100.0,100.0,1,Tyler Mattison,sa3018117,BRY,bryant university,,
2021,105.0,4.0,4,Elmer Rodríguez,Leadership Christian Academy,HS SR,Boston Red Sox,no_candidate,,,0,,,,,,
2021,106.0,4.0,4,Donta' Williams,Arizona,4YR SR,Baltimore Orioles,matched_exact_name,100.0,100.0,1,Donta' Williams,sa3017152,ARIZ,university of arizona,,
2021,107.0,4.0,4,Chad Patrick,Purdue University Northwest,4YR SR,Arizona Diamondbacks,no_candidate,,,0,,,,,,
2021,108.0,4.0,4,Shane Panzini,Red Bank Catholic HS,HS SR,Kansas City Royals,no_candidate,,,0,,,,,,
2021,109.0,4.0,4,Hunter Goodman,University of Memphis,4YR JR,Colorado Rockies,matched_exact_name,100.0,100.0,1,Hunter Goodman,29715,MEM,university of memphis,,
2021,110.0,4.0,4,Luke Murphy,Vanderbilt,4YR JR,Los Angeles Angels,no_candidate,,,0,,,,,,
2021,111.0,4.0,4,JT Schwartz,UCLA,4YR JR,New York Mets,matched_exact_name,100.0,100.0,1,JT Schwartz,sa3017371,UCLA,"university of california, los angeles",,
2021,112.0,4.0,4,Dustin Saenz,Texas A&M,4YR SR,Washington Nationals,matched_exact_name,100.0,100.0,1,Dustin Saenz,sa3017610,TA&M,texas aandm university,,
2021,113.0,4.0,4,Bryce Miller,Texas A&M,4YR JR,Seattle Mariners,matched_exact_name,100.0,100.0,1,Bryce Miller,29837,TA&M,texas aandm university,,
2021,114.0,4.0,4,Micah Ottenbreit,Trenton HS,HS SR,Philadelphia Phillies,no_candidate,,,0,,,,,,
2021,115.0,4.0,4,Eric Silva,JSerra Catholic HS,HS SR,San Francisco Giants,no_candidate,,,0,,,,,,
2021,116.0,4.0,4,Logan Henderson,McLennan CC,JC J1,Milwaukee Brewers,no_candidate,,,0,,,,,,
2021,117.0,4.0,4,Alex Ulloa,Calvary Christian Academy,HS SR,Houston Astros,no_candidate,,,0,,,,,,
2021,118.0,4.0,4,Tanner Allen,Mississippi State,4YR SR,Miami Marlins,matched_exact_name,100.0,100.0,1,Tanner Allen,sa3016854,MSST,mississippi state university,,
2021,119.0,4.0,4,Ruben Ibarra,San Jose State,4YR SR,Cincinnati Reds,matched_exact_name,100.0,100.0,1,Ruben Ibarra,sa3017053,SJSU,san jose state university,,
2021,120.0,4.0,4,Zane Mills,Washington State,4YR JR,St. Louis Cardinals,matched_exact_name,100.0,100.0,1,Zane Mills,sa3017535,WSU,washington state university,,
2021,121.0,4.0,4,Chad Dallas,Tennessee,4YR JR,Toronto Blue Jays,matched_exact_name,100.0,100.0,1,Chad Dallas,sa3018180,TENN,university of tennessee knoxville,,
2021,122.0,4.0,4,Cooper Bowman,Louisville,4YR JR,New York Yankees,matched_exact_name,100.0,100.0,1,Cooper Bowman,sa3016966,LOU,university of louisville,,
2021,123.0,4.0,4,Christian Franklin,Arkansas,4YR JR,Chicago Cubs,matched_exact_name,100.0,100.0,1,Christian Franklin,sa3017510,ARK,university of arkansas,,
2021,124.0,4.0,4,Brooks Gosswein,Bradley University,4YR SR,Chicago White Sox,matched_exact_name,100.0,100.0,1,Brooks Gosswein,sa3017315,BRAD,bradley university,,
2021,125.0,4.0,4,Ryan Webb,Georgia,4YR SR,Cleveland Guardians,matched_exact_name,100.0,100.0,1,Ryan Webb,sa3018280,UGA,university of georgia,,
2021,126.0,4.0,4,Cal Conley,Texas Tech,4YR JR,Atlanta Braves,matched_exact_name,100.0,100.0,1,Cal Conley,sa3017080,TTU,texas tech university,,
2021,127.0,4.0,4,Denzel Clarke,Cal State Northridge,4YR JR,Athletics,matched_exact_name,100.0,100.0,1,Denzel Clarke,29858,CSUN,"california state university, northridge",,
2021,128.0,4.0,4,Christian Encarnacion-Strand,Oklahoma State,4YR JR,Minnesota Twins,matched_exact_name,100.0,100.0,1,Christian Encarnacion-Strand,30011,OKST,oklahoma state university,,
2021,129.0,4.0,4,Jackson Wolf,West Virginia,4YR JR,San Diego Padres,matched_exact_name,100.0,100.0,1,Jackson Wolf,29832,WVU,west virginia university,,
2021,130.0,4.0,4,Dru Baker,Texas Tech,4YR JR,Tampa Bay Rays,matched_exact_name,100.0,100.0,1,Dru Baker,sa3017331,TTU,texas tech university,,
2021,131.0,4.0,4,Nick Nastrini,UCLA,4YR SO,Los Angeles Dodgers,no_candidate,,,0,,,,,,
2021,132.0,4.0,4C,Chayce McDermott,Ball State,4YR SR,Houston Astros,matched_exact_name,100.0,100.0,1,Chayce McDermott,29866,BALL,ball state university,,
2021,133.0,5.0,5,Jackson Glenn,Dallas Baptist,4YR 5S,Pittsburgh Pirates,matched_exact_name,100.0,100.0,1,Jackson Glenn,sa3017478,DBU,dallas baptist university,,
2021,134.0,5.0,5,Mitch Bratt,Georgia Premier Academy,HS SR,Texas Rangers,no_candidate,,,0,,,,,,
2021,135.0,5.0,5,Tanner Kohlhepp,Notre Dame,4YR JR,Detroit Tigers,matched_exact_name,100.0,100.0,1,Tanner Kohlhepp,sa3022238,ND,university of notre dame,,
2021,136.0,5.0,5,Nathan Hickey,Florida,4YR SO,Boston Red Sox,matched_exact_name,100.0,100.0,1,Nathan Hickey,sa3017398,FLA,university of florida,,
2021,137.0,5.0,5,Carlos Tavera,University of Texas - Arlington,4YR SR,Baltimore Orioles,matched_exact_name,100.0,100.0,1,Carlos Tavera,sa3017536,UTA,university of texas at arlington,,
2021,138.0,5.0,5,Caleb Roberts,North Carolina,4YR JR,Arizona Diamondbacks,matched_exact_name,100.0,100.0,1,Caleb Roberts,sa3016959,UNC,university of north carolina at chapel hill,,
2021,139.0,5.0,5,Eric Cerantola,Mississippi State,4YR JR,Kansas City Royals,no_candidate,,,0,,,,,,
2021,140.0,5.0,5,Evan Justice,NC State,4YR SR,Colorado Rockies,matched_exact_name,100.0,100.0,1,Evan Justice,30008,NCSU,north carolina state university,,
2021,141.0,5.0,5,Brett Kerry,South Carolina,4YR JR,Los Angeles Angels,matched_exact_name,100.0,100.0,1,Brett Kerry,sa3017390,SC,university of south carolina,,
2021,142.0,5.0,5,Christian Scott,Florida,4YR JR,New York Mets,matched_exact_name,100.0,100.0,1,Christian Scott,30107,FLA,university of florida,,
2021,143.0,5.0,5,T.J. White,Dorman HS,HS SR,Washington Nationals,no_candidate,,,0,,,,,,
2021,144.0,5.0,5,Andy Thomas,Baylor,4YR SR,Seattle Mariners,matched_exact_name,100.0,100.0,1,Andy Thomas,sa3016953,BAY,baylor university,,
2021,145.0,5.0,5,Griff McGarry,Virginia,4YR SR,Philadelphia Phillies,no_candidate,,,0,,,,,,
2021,146.0,5.0,5,Rohan Handa,Yale,4YR JR,San Francisco Giants,no_candidate,,,0,,,,,,
2021,147.0,5.0,5,Ethan Murray,Duke,4YR JR,Milwaukee Brewers,matched_exact_name,100.0,100.0,1,Ethan Murray,sa3017051,DUKE,duke university,,
2021,148.0,5.0,5,Quincy Hamilton,Wright State University,4YR 5S,Houston Astros,matched_exact_name,100.0,100.0,1,Quincy Hamilton,sa3017215,WRST,wright state university,,
2021,149.0,5.0,5,Brady Allen,South Carolina,4YR JR,Miami Marlins,matched_exact_name,100.0,100.0,1,Brady Allen,sa3018098,SC,university of south carolina,,
2021,150.0,5.0,5,Thomas Farr,South Carolina,4YR JR,Cincinnati Reds,matched_exact_name,100.0,100.0,1,Thomas Farr,sa3017720,SC,university of south carolina,,
2021,151.0,5.0,5,Gordon Graceffo,Villanova,4YR JR,St. Louis Cardinals,matched_exact_name,100.0,100.0,1,Gordon Graceffo,29519,VILL,villanova university,,
2021,152.0,5.0,5,Irv Carter,Calvary Christian Academy,HS SR,Toronto Blue Jays,no_candidate,,,0,,,,,,
2021,153.0,5.0,5,Tyler Hardman,Oklahoma,4YR SR,New York Yankees,matched_exact_name,100.0,100.0,1,Tyler Hardman,sa3016955,OU,university of oklahoma,,
2021,154.0,5.0,5,Liam Spence,Tennessee,4YR SR,Chicago Cubs,matched_exact_name,100.0,100.0,1,Liam Spence,sa3017289,TENN,university of tennessee knoxville,,
2021,155.0,5.0,5,Tanner McDougal,Silverado HS,HS SR,Chicago White Sox,no_candidate,,,0,,,,,,
2021,156.0,5.0,5,Tanner Bibee,Cal State Fullerton,4YR SR,Cleveland Guardians,matched_exact_name,100.0,100.0,1,Tanner Bibee,30134,CSUF,"california state university, fullerton",,
2021,157.0,5.0,5,Luke Waddell,Georgia Tech,4YR SR,Atlanta Braves,matched_exact_name,100.0,100.0,1,Luke Waddell,sa3017075,GT,georgia institute of technology,,
2021,158.0,5.0,5,CJ Rodriguez,Vanderbilt,4YR SO,Athletics,matched_exact_name,100.0,100.0,1,CJ Rodriguez,sa3017283,VAN,vanderbilt university,,
2021,159.0,5.0,5,Christian MacLeod,Mississippi State,4YR JR,Minnesota Twins,matched_exact_name,100.0,100.0,1,Christian MacLeod,sa3018005,MSST,mississippi state university,,
2021,160.0,5.0,5,Max Ferguson,Tennessee,4YR JR,San Diego Padres,matched_exact_name,100.0,100.0,1,Max Ferguson,sa3016819,TENN,university of tennessee knoxville,,
2021,161.0,5.0,5,Mason Auer,San Jacinto College North,JC J1,Tampa Bay Rays,no_candidate,,,0,,,,,,
2021,162.0,5.0,5,Ben Casparius,Connecticut,4YR SR,Los Angeles Dodgers,matched_exact_name,100.0,100.0,1,Ben Casparius,30085,CONN,university of connecticut,,
2021,163.0,6.0,6,Mike Jarvis,San Diego State,4YR SR,Pittsburgh Pirates,matched_exact_name,100.0,100.0,1,Mike Jarvis,sa3017401,SDSU,san diego state university,,
2021,164.0,6.0,6,Chase Lee,Alabama,4YR SR,Texas Rangers,no_candidate,,,0,,,,,,
2021,165.0,6.0,6,Austin Murr,NC State,4YR JR,Detroit Tigers,matched_exact_name,100.0,100.0,1,Austin Murr,sa3016967,NCSU,north carolina state university,,
2021,166.0,6.0,6,Daniel McElveny,Bonita Vista HS,HS SR,Boston Red Sox,no_candidate,,,0,,,,,,
2021,167.0,6.0,6,Collin Burns,Tulane,4YR JR,Baltimore Orioles,matched_exact_name,100.0,100.0,1,Collin Burns,sa3017176,TULN,tulane university,,
2021,168.0,6.0,6,Luke Albright,Kent State,4YR JR,Arizona Diamondbacks,matched_exact_name,100.0,100.0,1,Luke Albright,sa3017592,KENT,kent state university,,
2021,169.0,6.0,6,Dayton Dooney,Central Arizona College,JC J2,Kansas City Royals,no_candidate,,,0,,,,,,
2021,170.0,6.0,6,Braxton Fulford,Texas Tech,4YR SR,Colorado Rockies,matched_exact_name,100.0,100.0,1,Braxton Fulford,29704,TTU,texas tech university,,
2021,171.0,6.0,6,Jake Smith,Miami,4YR JR,Los Angeles Angels,matched_exact_name,100.0,100.0,1,Jake Smith,sa3017258,MIA,university of miami,,
2021,172.0,6.0,6,Carson Seymour,Kansas State,4YR SR,New York Mets,matched_exact_name,100.0,100.0,1,Carson Seymour,30084,KSU,kansas st.,,
2021,173.0,6.0,6,Michael Kirian,Louisville,4YR SR,Washington Nationals,matched_exact_name,100.0,100.0,1,Michael Kirian,sa3017594,LOU,university of louisville,,
2021,174.0,6.0,6,Bryan Woo,Cal Poly,4YR JR,Seattle Mariners,no_candidate,,,0,,,,,,
2021,175.0,6.0,6,Jose Pena Jr.,Tampa Preparatory School,HS SR,Philadelphia Phillies,no_candidate,,,0,,,,,,
2021,176.0,6.0,6,Seth Lonsway,Ohio State,4YR SR,San Francisco Giants,matched_exact_name,100.0,100.0,1,Seth Lonsway,sa3017857,OSU,ohio state university,,
2021,177.0,6.0,6,Carlos Rodriguez,Florida SouthWestern State College,JC J1,Milwaukee Brewers,no_candidate,,,0,,,,,,
2021,178.0,6.0,6,Spencer Arrighetti,University of Louisiana at Lafayette,4YR JR,Houston Astros,matched_exact_name,100.0,100.0,1,Spencer Arrighetti,29921,UL,university of louisiana at lafayette,,
2021,179.0,6.0,6,Sam Praytor,Alabama,4YR SR,Miami Marlins,matched_exact_name,100.0,100.0,1,Sam Praytor,sa3017151,ALA,university of alabama,,
2021,180.0,6.0,6,Justice Thompson,North Carolina,4YR JR,Cincinnati Reds,matched_exact_name,100.0,100.0,1,Justice Thompson,sa3017395,UNC,university of north carolina at chapel hill,,
2021,181.0,6.0,6,Alfredo Ruiz,Long Beach State,4YR JR,St. Louis Cardinals,matched_exact_name,100.0,100.0,1,Alfredo Ruiz,sa3017506,LBSU,long beach state university,,
2021,182.0,6.0,6,Hayden Juenger,Missouri State,4YR JR,Toronto Blue Jays,no_candidate,,,0,,,,,,
2021,183.0,6.0,6,Richard Fitts,Auburn,4YR JR,New York Yankees,no_candidate,,,0,,,,,,
2021,184.0,6.0,6,Riley Martin,Quincy University,4YR 5S,Chicago Cubs,no_candidate,,,0,,,,,,
2021,185.0,6.0,6,Taylor Broadway,Ole Miss,4YR 5S,Chicago White Sox,no_candidate,,,0,,,,,,
2021,186.0,6.0,6,Aaron Davenport,Hawaii,4YR JR,Cleveland Guardians,matched_exact_name,100.0,100.0,1,Aaron Davenport,sa3017615,HAW,university of hawaii manoa,,
2021,187.0,6.0,6,Justyn-Henry Malloy,Georgia Tech,4YR JR,Atlanta Braves,matched_exact_name,100.0,100.0,1,Justyn-Henry Malloy,29606,GT,georgia institute of technology,,
2021,188.0,6.0,6,Grant Holman,California,4YR JR,Athletics,matched_exact_name,100.0,100.0,1,Grant Holman,30002,CAL,"university of california, berkeley",,
2021,189.0,6.0,6,Travis Adams,Sacramento State,4YR JR,Minnesota Twins,matched_exact_name,100.0,100.0,1,Travis Adams,30180,SAC,sacramento state university,,
2021,190.0,6.0,6,Ryan Bergert,West Virginia,4YR JR,San Diego Padres,no_candidate,,,0,,,,,,
2021,191.0,6.0,6,Mason Montgomery,Texas Tech,4YR JR,Tampa Bay Rays,matched_exact_name,100.0,100.0,1,Mason Montgomery,29770,TTU,texas tech university,,
2021,192.0,6.0,6,Emmet Sheehan,Boston College,4YR JR,Los Angeles Dodgers,matched_exact_name,100.0,100.0,1,Emmet Sheehan,29839,BC,boston college,,
2021,193.0,7.0,7,Wyatt Hendrie,San Diego State,4YR JR,Pittsburgh Pirates,matched_exact_name,100.0,100.0,1,Wyatt Hendrie,sa3017163,SDSU,san diego state university,,
2021,194.0,7.0,7,Bradford Webb,Virginia Commonwealth U,4YR 5S,Texas Rangers,matched_exact_name,100.0,100.0,1,Bradford Webb,sa3017508,VCU,virginia commonwealth university,,
2021,195.0,7.0,7,Brant Hurter,Georgia Tech,4YR SR,Detroit Tigers,matched_exact_name,100.0,100.0,1,Brant Hurter,30133,GT,georgia institute of technology,,
2021,196.0,7.0,7,Wyatt Olds,Oklahoma,4YR JR,Boston Red Sox,matched_exact_name,100.0,100.0,1,Wyatt Olds,sa3017539,OU,university of oklahoma,,
2021,197.0,7.0,7,Connor Pavolony,Tennessee,4YR JR,Baltimore Orioles,matched_exact_name,100.0,100.0,1,Connor Pavolony,sa3017156,TENN,university of tennessee knoxville,,
2021,198.0,7.0,7,Scott Randall,Sacramento State,4YR SR,Arizona Diamondbacks,matched_exact_name,100.0,100.0,1,Scott Randall,sa3017752,SAC,sacramento state university,,
2021,199.0,7.0,7,Noah Cameron,Central Arkansas,4YR JR,Kansas City Royals,no_candidate,,,0,,,,,,
2021,200.0,7.0,7,Evan Shawver,Cincinnati,4YR JR,Colorado Rockies,matched_exact_name,100.0,100.0,1,Evan Shawver,sa3017780,CIN,university of cincinnati,,
2021,201.0,7.0,7,Ryan Costeiu,Arkansas,4YR JR,Los Angeles Angels,no_candidate,,,0,,,,,,
2021,202.0,7.0,7,Kevin Kendall,UCLA,4YR SR,New York Mets,matched_exact_name,100.0,100.0,1,Kevin Kendall,sa3017212,UCLA,"university of california, los angeles",,
2021,203.0,7.0,7,Jacob Young,Florida,4YR JR,Washington Nationals,matched_exact_name,100.0,100.0,1,Jacob Young,29931,FLA,university of florida,,
2021,204.0,7.0,7,Colin Davis,Wofford,4YR SR,Seattle Mariners,matched_exact_name,100.0,100.0,1,Colin Davis,sa3016806,WOF,wofford college,,
2021,205.0,7.0,7,Christian McGowan,Eastern Oklahoma State JC,JC J3,Philadelphia Phillies,no_candidate,,,0,,,,,,
2021,206.0,7.0,7,Nick Sinacola,University of Maine,4YR JR,San Francisco Giants,matched_exact_name,100.0,100.0,1,Nick Sinacola,sa3017862,ME,university of maine,,
2021,207.0,7.0,7,Tristan Peters,Southern Illinois University Carbondale,4YR JR,Milwaukee Brewers,matched_exact_name,100.0,100.0,1,Tristan Peters,30063,SIU,southern illinois university,,
2021,208.0,7.0,7,Joey Loperfido,Duke,4YR SR,Houston Astros,matched_exact_name,100.0,100.0,1,Joey Loperfido,29630,DUKE,duke university,,
2021,209.0,7.0,7,Gabe Bierman,Indiana,4YR SO,Miami Marlins,matched_exact_name,100.0,100.0,1,Gabe Bierman,sa3016939,IU,indiana university,,
2021,210.0,7.0,7,Kevin Abel,Oregon State,4YR JR,Cincinnati Reds,matched_exact_name,100.0,100.0,1,Kevin Abel,sa3017879,ORST,oregon state university,,
2021,211.0,7.0,7,Alec Willis,Regis Jesuit HS,HS SR,St. Louis Cardinals,no_candidate,,,0,,,,,,
2021,212.0,7.0,7,Jaden Rudd,A. Crawford Mosley HS,HS SR,Toronto Blue Jays,no_candidate,,,0,,,,,,
2021,213.0,7.0,7,Robby Ahlstrom,Oregon,4YR SR,New York Yankees,matched_exact_name,100.0,100.0,1,Robby Ahlstrom,sa3018193,ORE,university of oregon,,
2021,214.0,7.0,7,Parker Chavers,Coastal Carolina,4YR SR,Chicago Cubs,matched_exact_name,100.0,100.0,1,Parker Chavers,sa3017939,CCU,coastal carolina university,,
2021,215.0,7.0,7,Theo Denlinger,Bradley University,4YR 5S,Chicago White Sox,no_candidate,,,0,,,,,,
2021,216.0,7.0,7,Jack Leftwich,Florida,4YR JR,Cleveland Guardians,matched_exact_name,100.0,100.0,1,Jack Leftwich,sa3018169,FLA,university of florida,,
2021,217.0,7.0,7,AJ Smith-Shawver,Colleyville Heritage HS,HS SR,Atlanta Braves,no_candidate,,,0,,,,,,
2021,218.0,7.0,7,Brett Harris,Gonzaga,4YR SR,Athletics,matched_exact_name,100.0,100.0,1,Brett Harris,29788,GONZ,gonzaga university,,
2021,219.0,7.0,7,Jake Rucker,Tennessee,4YR JR,Minnesota Twins,matched_exact_name,100.0,100.0,1,Jake Rucker,sa3017757,TENN,university of tennessee knoxville,,
2021,220.0,7.0,7,Ryan Och,Southern Mississippi,4YR SR,San Diego Padres,no_candidate,,,0,,,,,,
2021,221.0,7.0,7,Logan Workman,Lee University,4YR SR,Tampa Bay Rays,no_candidate,,,0,,,,,,
2021,222.0,7.0,7,Ryan Sublette,Texas Tech,4YR SR,Los Angeles Dodgers,no_candidate,,,0,,,,,,
2021,223.0,8.0,8,Sean Sullivan,California,4YR JR,Pittsburgh Pirates,matched_exact_name,100.0,100.0,1,Sean Sullivan,sa3018185,CAL,"university of california, berkeley",,
2021,224.0,8.0,8,Larson Kindreich,Biola University,4YR JR,Texas Rangers,no_candidate,,,0,,,,,,
2021,225.0,8.0,8,Jordan Marks,University of South Carolina Upstate,4YR JR,Detroit Tigers,matched_exact_name,100.0,100.0,1,Jordan Marks,sa3018192,UPST,university of south carolina upstate,,
2021,226.0,8.0,8,Hunter Dobbins,Texas Tech,4YR JR,Boston Red Sox,no_candidate,,,0,,,,,,
2021,227.0,8.0,8,Creed Willems,Aledo HS,HS SR,Baltimore Orioles,no_candidate,,,0,,,,,,
2021,228.0,8.0,8,Gavin Conticello,Marjory Stoneman Douglas HS,HS SR,Arizona Diamondbacks,no_candidate,,,0,,,,,,
2021,229.0,8.0,8,Ryan Cepero,Carlos Beltran Baseball Academy,HS SR,Kansas City Royals,no_candidate,,,0,,,,,,
2021,230.0,8.0,8,Robby Martin Jr.,Florida State,4YR JR,Colorado Rockies,matched_exact_name,100.0,100.0,1,Robby Martin Jr.,sa3017155,FSU,florida state university,,
2021,231.0,8.0,8,Nick Jones,Georgia Southern,4YR SR,Los Angeles Angels,rejected_school_guard,100.0,52.2,1,,,,,Nick Jones,52.2
2021,232.0,8.0,8,Mike Vasil,Virginia,4YR JR,New York Mets,matched_exact_name,100.0,100.0,1,Mike Vasil,30105,UVA,university of virginia,,
2021,233.0,8.0,8,Will Frizzell,Texas A&M,4YR SR,Washington Nationals,matched_exact_name,100.0,100.0,1,Will Frizzell,sa3017555,TA&M,texas aandm university,,
2021,234.0,8.0,8,James Parker,Clemson,4YR JR,Seattle Mariners,matched_exact_name,100.0,100.0,1,James Parker,sa3016859,CLEM,clemson university,,
2021,235.0,8.0,8,Jason Ruffcorn,Oklahoma,4YR 5S,Philadelphia Phillies,matched_exact_name,100.0,100.0,1,Jason Ruffcorn,sa3017193,OU,university of oklahoma,,
2021,236.0,8.0,8,Ian Villers,California,4YR JR,San Francisco Giants,no_candidate,,,0,,,,,,
2021,237.0,8.0,8,Zack Raabe,Minnesota,4YR JR,Milwaukee Brewers,matched_exact_name,100.0,100.0,1,Zack Raabe,sa3017046,MINN,university of minnesota,,
2021,238.0,8.0,8,Colton Gordon,Central Florida,4YR SR,Houston Astros,matched_exact_name,100.0,100.0,1,Colton Gordon,31312,UCF,university of central florida,,
2021,239.0,8.0,8,Patrick Monteverde,Texas Tech,4YR 5S,Miami Marlins,matched_exact_name,100.0,100.0,1,Patrick Monteverde,29564,TTU,texas tech university,,
2021,240.0,8.0,8,Hunter Parks,Florence-Darlington Tech,JC J1,Cincinnati Reds,no_candidate,,,0,,,,,,
2021,241.0,8.0,8,Mike Antico,Texas,4YR 5S,St. Louis Cardinals,matched_exact_name,100.0,100.0,1,Mike Antico,sa3016922,TEX,university of texas at austin,,
2021,242.0,8.0,8,Hunter Gregory,Old Dominion,4YR JR,Toronto Blue Jays,matched_exact_name,100.0,100.0,1,Hunter Gregory,sa3017754,ODU,old dominion university,,
2021,243.0,8.0,8,Will Warren,Southeastern Louisiana University,4YR SR,New York Yankees,matched_exact_name,100.0,100.0,1,Will Warren,30182,SELA,southeastern louisiana university,,
2021,244.0,8.0,8,Casey Opitz,Arkansas,4YR SR,Chicago Cubs,matched_exact_name,100.0,100.0,1,Casey Opitz,sa3017509,ARK,university of arkansas,,
2021,245.0,8.0,8,Fraser Ellard,Liberty University,4YR 5S,Chicago White Sox,no_candidate,,,0,,,,,,
2021,246.0,8.0,8,Rodney Boone,UC Santa Barbara,4YR JR,Cleveland Guardians,matched_exact_name,100.0,100.0,1,Rodney Boone,sa3018107,UCSB,"university of california, santa barbara",,
2021,247.0,8.0,8,Tyler Collins,McKinney Boyd HS,HS SR,Atlanta Braves,no_candidate,,,0,,,,,,
2021,248.0,8.0,8,Drew Swift,Arizona State,4YR SR,Athletics,matched_exact_name,100.0,100.0,1,Drew Swift,sa3017281,ASU,arizona state university,,
2021,249.0,8.0,8,Noah Cardenas,UCLA,4YR JR,Minnesota Twins,matched_exact_name,100.0,100.0,1,Noah Cardenas,sa3017624,UCLA,"university of california, los angeles",,
2021,250.0,8.0,8,Lucas Dunn,Louisville,4YR SR,San Diego Padres,matched_exact_name,100.0,100.0,1,Lucas Dunn,sa3016820,LOU,university of louisville,,
2021,251.0,8.0,8,Patrick Wicklander,Arkansas,4YR JR,Tampa Bay Rays,matched_exact_name,100.0,100.0,1,Patrick Wicklander,sa3017304,ARK,university of arkansas,,
2021,252.0,8.0,8,Ben Harris,Georgia,4YR JR,Los Angeles Dodgers,no_candidate,,,0,,,,,,
2021,253.0,9.0,9,Luke Brown,Louisville,4YR SR,Pittsburgh Pirates,matched_exact_name,100.0,100.0,2,Luke Brown,sa3017333,LOU,university of louisville,,
2021,254.0,9.0,9,Liam Hicks,Arkansas State,4YR JR,Texas Rangers,matched_exact_name,100.0,100.0,1,Liam Hicks,29844,ARST,arkansas state university,,
2021,255.0,9.0,9,Garrett Burhenn,Ohio State,4YR JR,Detroit Tigers,matched_exact_name,100.0,100.0,1,Garrett Burhenn,sa3018173,OSU,ohio state university,,
2021,256.0,9.0,9,Tyler Miller,Auburn,4YR JR,Boston Red Sox,matched_exact_name,100.0,100.0,1,Tyler Miller,sa3017109,AUB,auburn university,,
2021,257.0,9.0,9,Ryan Higgins,Fresno State,4YR JR,Baltimore Orioles,matched_exact_name,100.0,100.0,1,Ryan Higgins,sa3017220,FRES,fresno state university,,
2021,258.0,9.0,9,Jake Rice,Kennesaw State,4YR 5S,Arizona Diamondbacks,matched_exact_name,100.0,100.0,1,Jake Rice,sa3017593,KENN,kennesaw state university,,
2021,259.0,9.0,9,Parker Bates,Louisiana Tech,4YR 5S,Kansas City Royals,matched_exact_name,100.0,100.0,1,Parker Bates,sa3017112,LT,louisiana tech university,,
2021,260.0,9.0,9,Cullen Kafka,Oregon,4YR JR,Colorado Rockies,matched_exact_name,100.0,100.0,1,Cullen Kafka,sa3017818,ORE,university of oregon,,
2021,261.0,9.0,9,Braden Olthoff,Tulane,4YR SR,Los Angeles Angels,matched_exact_name,100.0,100.0,1,Braden Olthoff,sa3017654,TULN,tulane university,,
2021,262.0,9.0,9,Levi David,Northwestern State,4YR SR,New York Mets,matched_exact_name,100.0,100.0,1,Levi David,sa3018119,NWST,northwestern state university,,
2021,263.0,9.0,9,Cole Quintanilla,Texas,4YR SR,Washington Nationals,no_candidate,,,0,,,,,,
2021,264.0,9.0,9,Spencer Packard,Campbell University,4YR SR,Seattle Mariners,matched_exact_name,100.0,100.0,1,Spencer Packard,sa3016803,CAM,campbell university,,
2021,265.0,9.0,9,Gavin Tonkel,Heritage HS,HS SR,Philadelphia Phillies,no_candidate,,,0,,,,,,
2021,266.0,9.0,9,Mat Olsen,Central Arizona College,JC J2,San Francisco Giants,no_candidate,,,0,,,,,,
2021,267.0,9.0,9,Brannon Jordan,South Carolina,4YR JR,Milwaukee Brewers,matched_exact_name,100.0,100.0,1,Brannon Jordan,sa3017814,SC,university of south carolina,,
2021,268.0,9.0,9,Aaron Brown,Middle Tennessee State,4YR SR,Houston Astros,matched_exact_name,100.0,100.0,1,Aaron Brown,sa3017500,MTSU,middle tennessee state university,,
2021,269.0,9.0,9,Jake Schrand,Wright State University,4YR SR,Miami Marlins,matched_exact_name,100.0,100.0,1,Jake Schrand,sa3016938,WRST,wright state university,,
2021,270.0,9.0,9,Jack Rogers,Sam Houston,4YR SR,Cincinnati Reds,matched_exact_name,100.0,100.0,1,Jack Rogers,sa3017017,SHSU,sam houston state university,,
2021,271.0,9.0,9,Trent Baker,Angelo State,4YR SR,St. Louis Cardinals,no_candidate,,,0,,,,,,
2021,272.0,9.0,9,Conor Larkin,Penn State,4YR SR,Toronto Blue Jays,matched_exact_name,100.0,100.0,1,Conor Larkin,sa3018092,PSU,penn state university,,
2021,273.0,9.0,9,Chandler Champlain,USC,4YR JR,New York Yankees,matched_exact_name,100.0,100.0,1,Chandler Champlain,sa3018138,USC,university of southern california,,
2021,274.0,9.0,9,Chase Watkins,Oregon State,4YR JR,Chicago Cubs,no_candidate,,,0,,,,,,
2021,275.0,9.0,9,Gil Luna,Arizona,4YR SR,Chicago White Sox,no_candidate,,,0,,,,,,
2021,276.0,9.0,9,Will Dion,McNeese State,4YR JR,Cleveland Guardians,matched_exact_name,100.0,100.0,1,Will Dion,sa3017850,MCN,mcneese state university,,
2021,277.0,9.0,9,Liam McGill,Bryant University,4YR 5S,Atlanta Braves,matched_exact_name,100.0,100.0,1,Liam McGill,sa3017625,BRY,bryant university,,
2021,278.0,9.0,9,Shane McGuire,University of San Diego,4YR SR,Athletics,matched_exact_name,100.0,100.0,1,Shane McGuire,sa3017284,USD,university of san diego,,
2021,279.0,9.0,9,Patrick Winkel,Connecticut,4YR JR,Minnesota Twins,matched_exact_name,100.0,100.0,1,Patrick Winkel,sa3017556,CONN,university of connecticut,,
2021,280.0,9.0,9,Garrett Hawkins,University of British Columbia,4YR JR,San Diego Padres,no_candidate,,,0,,,,,,
2021,281.0,9.0,9,Alex Ayala Jr.,Florida SouthWestern State College,JC J1,Tampa Bay Rays,no_candidate,,,0,,,,,,
2021,282.0,9.0,9,Lael Lockhart,Arkansas,4YR 5S,Los Angeles Dodgers,matched_exact_name,100.0,100.0,1,Lael Lockhart,sa3017502,ARK,university of arkansas,,
2021,283.0,10.0,10,Justin Meis,Eastern Michigan,4YR JR,Pittsburgh Pirates,matched_exact_name,100.0,100.0,1,Justin Meis,sa3017207,EMU,eastern michigan university,,
2021,284.0,10.0,10,C.J. Widger,Rowan Col at Gloucester County,JC J3,Texas Rangers,no_candidate,,,0,,,,,,
2021,285.0,10.0,10,Austin Schultz,Kentucky,4YR JR,Detroit Tigers,matched_exact_name,100.0,100.0,1,Austin Schultz,sa3016958,UK,university of kentucky,,
2021,286.0,10.0,10,Matt Litwicki,Indiana,4YR SR,Boston Red Sox,no_candidate,,,0,,,,,,
2021,287.0,10.0,10,Billy Cook,Pepperdine,4YR SR,Baltimore Orioles,matched_exact_name,100.0,100.0,1,Billy Cook,29573,PEPP,pepperdine university,,
2021,288.0,10.0,10,Hugh Fisher,Vanderbilt,4YR SR,Arizona Diamondbacks,no_candidate,,,0,,,,,,
2021,289.0,10.0,10,Shane Connolly,Virginia Tech,4YR SR,Kansas City Royals,matched_exact_name,100.0,100.0,1,Shane Connolly,sa3017320,VT,virginia tech,,
2021,290.0,10.0,10,Zach Kokoska,Kansas State,4YR SR,Colorado Rockies,matched_exact_name,100.0,100.0,1,Zach Kokoska,sa3017165,KSU,kansas st.,,
2021,291.0,10.0,10,Andrew Peters,South Carolina,4YR JR,Los Angeles Angels,no_candidate,,,0,,,,,,
2021,292.0,10.0,10,Keyshawn Askew,Clemson,4YR JR,New York Mets,matched_exact_name,100.0,100.0,1,Keyshawn Askew,sa3017916,CLEM,clemson university,,
2021,293.0,10.0,10,Darren Baker,California,4YR SR,Washington Nationals,matched_exact_name,100.0,100.0,1,Darren Baker,29912,CAL,"university of california, berkeley",,
2021,294.0,10.0,10,Jordan Jackson,Georgia Southern,4YR JR,Seattle Mariners,matched_exact_name,100.0,100.0,1,Jordan Jackson,sa3018172,GASO,georgia southern university,,
2021,295.0,10.0,10,Logan Cerny,Troy University,4YR JR,Philadelphia Phillies,matched_exact_name,100.0,100.0,1,Logan Cerny,sa3017661,TROY,troy university,,
2021,296.0,10.0,10,Vaun Brown,Florida Southern,4YR SR,San Francisco Giants,no_candidate,,,0,,,,,,
2021,297.0,10.0,10,Wes Clarke,South Carolina,4YR JR,Milwaukee Brewers,matched_exact_name,100.0,100.0,1,Wes Clarke,sa3017045,SC,university of south carolina,,
2021,298.0,10.0,10,Michael Sandle,University of South Alabama,4YR 5S,Houston Astros,matched_exact_name,100.0,100.0,1,Michael Sandle,sa3017048,USA,university of south alabama,,
2021,299.0,10.0,10,Hunter Perdue,Florida State,4YR JR,Miami Marlins,no_candidate,,,0,,,,,,
2021,300.0,10.0,10,Donovan Benoit,Tulane,4YR SR,Cincinnati Reds,matched_exact_name,100.0,100.0,1,Donovan Benoit,sa3017464,TULN,tulane university,,
2021,301.0,10.0,10,Osvaldo Tovalin,Azusa Pacific University,4YR JR,St. Louis Cardinals,no_candidate,,,0,,,,,,
2021,302.0,10.0,10,Connor Cooke,University of Louisiana at Lafayette,4YR JR,Toronto Blue Jays,matched_exact_name,100.0,100.0,1,Connor Cooke,sa3017822,UL,university of louisiana at lafayette,,
2021,303.0,10.0,10,Ben Cowles,Maryland,4YR JR,New York Yankees,matched_exact_name,100.0,100.0,1,Ben Cowles,sa3016976,MD,university of maryland,,
2021,304.0,10.0,10,Peter Matt,Duke,4YR 5S,Chicago Cubs,matched_exact_name,100.0,100.0,1,Peter Matt,sa3017291,DUKE,duke university,,
2021,305.0,10.0,10,Tommy Sommer,Indiana,4YR SR,Chicago White Sox,matched_exact_name,100.0,100.0,1,Tommy Sommer,sa3016906,IU,indiana university,,
2021,306.0,10.0,10,Franco Aleman,Florida,4YR JR,Cleveland Guardians,matched_exact_name,100.0,100.0,1,Franco Aleman,sa3018178,FLA,university of florida,,
2021,307.0,10.0,10,Dylan Spain,No School,NS,Atlanta Braves,no_candidate,,,0,,,,,,
2021,308.0,10.0,10,Jack Winkler,University of San Francisco,4YR SR,Athletics,matched_exact_name,100.0,100.0,1,Jack Winkler,29830,SF,university of san francisco,,
2021,309.0,10.0,10,Ernie Yake,Gonzaga,4YR SR,Minnesota Twins,matched_exact_name,100.0,100.0,1,Ernie Yake,sa3017902,GONZ,gonzaga university,,
2021,310.0,10.0,10,Colton Bender,Quinnipiac University,4YR SR,San Diego Padres,matched_exact_name,100.0,100.0,1,Colton Bender,sa3016828,QUIN,quinnipiac university,,
2021,311.0,10.0,10,Austin Vernon,North Carolina Central University,4YR SR,Tampa Bay Rays,matched_exact_name,100.0,100.0,1,Austin Vernon,sa3017138,NCCU,north carolina central university,,
2021,312.0,10.0,10,Michael Hobbs,St. Mary's College,4YR SR,Los Angeles Dodgers,no_candidate,,,0,,,,,,
2021,313.0,11.0,11,Jack Carey,Duke,4YR JR,Pittsburgh Pirates,matched_exact_name,100.0,100.0,1,Jack Carey,sa3017887,DUKE,duke university,,
2021,314.0,11.0,11,JoJo Blackmon,Escambia HS,HS SR,Texas Rangers,no_candidate,,,0,,,,,,
2021,315.0,11.0,11,Josh Crouch,Central Florida,4YR JR,Detroit Tigers,matched_exact_name,100.0,100.0,1,Josh Crouch,sa3017370,UCF,university of central florida,,
2021,316.0,11.0,11,Niko Kavadas,Notre Dame,4YR SR,Boston Red Sox,matched_exact_name,100.0,100.0,1,Niko Kavadas,29782,ND,university of notre dame,,
2021,317.0,11.0,11,Dylan Heid,University of Pittsburgh - Johnstown,4YR SR,Baltimore Orioles,no_candidate,,,0,,,,,,
2021,318.0,11.0,11,Tim Tawa,Stanford,4YR SR,Arizona Diamondbacks,matched_exact_name,100.0,100.0,1,Tim Tawa,29571,STAN,stanford university,,
2021,319.0,11.0,11,Brennon McNair,Magee HS,HS SR,Kansas City Royals,no_candidate,,,0,,,,,,
2021,320.0,11.0,11,Nic Kent,Virginia,4YR JR,Colorado Rockies,matched_exact_name,100.0,100.0,1,Nic Kent,sa3017160,UVA,university of virginia,,
2021,321.0,11.0,11,Chase Silseth,Arizona,4YR JR,Los Angeles Angels,matched_exact_name,100.0,100.0,1,Chase Silseth,30074,ARIZ,university of arizona,,
2021,322.0,11.0,11,Rowdey Jordan,Mississippi State,4YR SR,New York Mets,matched_exact_name,100.0,100.0,1,Rowdey Jordan,sa3017214,MSST,mississippi state university,,
2021,323.0,11.0,11,Marc Davis,Florida SouthWestern State College,JC J2,Washington Nationals,no_candidate,,,0,,,,,,
2021,324.0,11.0,11,William Fleming,Wake Forest,4YR SR,Seattle Mariners,matched_exact_name,100.0,100.0,1,William Fleming,sa3017314,WAKE,wake forest university,,
2021,325.0,11.0,11,Andrew Baker,Chipola College,JC J1,Philadelphia Phillies,rejected_fuzzy_school_guard,88.0,15.4,1,,,,,Andrew Walker,15.4
2021,326.0,11.0,11,Donovan McIntyre,Marian Catholic HS,HS SR,San Francisco Giants,no_candidate,,,0,,,,,,
2021,327.0,11.0,11,Roc Riggio,Thousand Oaks HS,HS SR,Milwaukee Brewers,no_candidate,,,0,,,,,,
2021,328.0,11.0,11,Chad Stevens,University of Portland,4YR SR,Houston Astros,matched_exact_name,100.0,100.0,1,Chad Stevens,29614,PORT,portland state university,,
2021,329.0,11.0,11,Jesse Bergin,UCLA,4YR JR,Miami Marlins,matched_exact_name,100.0,100.0,1,Jesse Bergin,sa3017133,UCLA,"university of california, los angeles",,
2021,330.0,11.0,11,Shawn Guilliams,Central Florida,JC J1,Cincinnati Reds,no_candidate,,,0,,,,,,
2021,331.0,11.0,11,Mack Chambers,New Mexico,4YR JR,St. Louis Cardinals,matched_exact_name,100.0,100.0,1,Mack Chambers,sa3016919,UNM,university of new mexico,,
2021,332.0,11.0,11,Trenton Wallace,Iowa,4YR SR,Toronto Blue Jays,matched_exact_name,100.0,100.0,1,Trenton Wallace,sa3017748,IOWA,university of iowa,,
2021,333.0,11.0,11,Jack Neely,Ohio State,4YR JR,New York Yankees,matched_exact_name,100.0,100.0,1,Jack Neely,30106,OSU,ohio state university,,
2021,334.0,11.0,11,Gage Ziehl,Penfield HS,HS SR,Chicago Cubs,no_candidate,,,0,,,,,,
2021,335.0,11.0,11,Christian Edwards,Jacksonville State,4YR SR,Chicago White Sox,matched_exact_name,100.0,100.0,1,Christian Edwards,sa3017691,JVST,jacksonville state university,,
2021,336.0,11.0,11,Hunter Stanley,Southern Mississippi,4YR 5S,Cleveland Guardians,matched_exact_name,100.0,100.0,1,Hunter Stanley,sa3018148,USM,university of southern mississippi,,
2021,337.0,11.0,11,Adam Shoemaker,St. Benedict Catholic SS,HS SR,Atlanta Braves,no_candidate,,,0,,,,,,
2021,338.0,11.0,11,Eduardo Rivera,Colegio CADEST,HS SR,Athletics,no_candidate,,,0,,,,,,
2021,339.0,11.0,11,Brandon Birdsell,Texas Tech,4YR JR,Minnesota Twins,no_candidate,,,0,,,,,,
2021,340.0,11.0,11,River Ryan,UNC Pembroke,4YR SR,San Diego Padres,no_candidate,,,0,,,,,,
2021,341.0,11.0,11,Sean Mullen,UCLA,4YR JR,Tampa Bay Rays,matched_exact_name,100.0,100.0,1,Sean Mullen,sa3017843,UCLA,"university of california, los angeles",,
2021,342.0,11.0,11,Justin Wrobleski,Oklahoma State,4YR JR,Los Angeles Dodgers,no_candidate,,,0,,,,,,
2021,343.0,12.0,12,Chazz Martinez,Orange Coast College,JC J2,Pittsburgh Pirates,no_candidate,,,0,,,,,,
2021,344.0,12.0,12,Jackson Leath,Tennessee,4YR SR,Texas Rangers,no_candidate,,,0,,,,,,
2021,345.0,12.0,12,Mike Rothenberg,Duke,4YR SR,Detroit Tigers,matched_exact_name,100.0,100.0,1,Mike Rothenberg,sa3016786,DUKE,duke university,,
2021,346.0,12.0,12,Christopher Troye,UC Santa Barbara,4YR SR,Boston Red Sox,no_candidate,,,0,,,,,,
2021,347.0,12.0,12,Justin Armbruester,New Mexico,4YR JR,Baltimore Orioles,matched_exact_name,100.0,100.0,1,Justin Armbruester,sa3017548,UNM,university of new mexico,,
2021,348.0,12.0,12,Davis Diaz,Acalanes HS,HS SR,Arizona Diamondbacks,no_candidate,,,0,,,,,,
2021,349.0,12.0,12,Tyson Guerrero,Washington,4YR JR,Kansas City Royals,matched_exact_name,100.0,100.0,1,Tyson Guerrero,sa3017140,WASH,university of washington,,
2021,350.0,12.0,12,Mason Green,University of Central Missouri,4YR SR,Colorado Rockies,no_candidate,,,0,,,,,,
2021,351.0,12.0,12,Mason Albright,IMG Academy,HS SR,Los Angeles Angels,no_candidate,,,0,,,,,,
2021,352.0,12.0,12,Jack-Thomas Wold,UNLV,4YR SR,New York Mets,matched_exact_name,100.0,100.0,1,Jack-Thomas Wold,sa3017402,UNLV,"university of nevada, las vegas",,
2021,353.0,12.0,12,Andrew Alvarez,Cal Poly,4YR SR,Washington Nationals,matched_exact_name,100.0,100.0,1,Andrew Alvarez,sa3017531,CP,california polytechnic state university,,
2021,354.0,12.0,12,Corey Rosier,UNC Greensboro,4YR JR,Seattle Mariners,matched_exact_name,100.0,100.0,1,Corey Rosier,sa3016961,UNCG,university of north carolina at greensboro,,
2021,355.0,12.0,12,TJ Rumfield,Virginia Tech,4YR JR,Philadelphia Phillies,matched_fuzzy_name,91.7,100.0,1,T.J. Rumfield,sa3017330,VT,virginia tech,,
2021,356.0,12.0,12,Landen Roupp,UNC Wilmington,4YR SR,San Francisco Giants,matched_exact_name,100.0,100.0,1,Landen Roupp,30076,UNCW,university of north carolina at wilmington,,
2021,357.0,12.0,12,Caden Vire,Skyview HS,HS SR,Milwaukee Brewers,no_candidate,,,0,,,,,,
2021,358.0,12.0,12,Rhett Kouba,Dallas Baptist,4YR JR,Houston Astros,matched_exact_name,100.0,100.0,1,Rhett Kouba,sa3017544,DBU,dallas baptist university,,
2021,359.0,12.0,12,Brandon White,Washington State,4YR JR,Miami Marlins,matched_exact_name,100.0,100.0,1,Brandon White,sa3020589,WSU,washington state university,,
2021,360.0,12.0,12,Julian Aguiar,Cypress College,JC J2,Cincinnati Reds,no_candidate,,,0,,,,,,
2021,361.0,12.0,12,Chris Gerard,Virginia Tech,4YR JR,St. Louis Cardinals,matched_exact_name,100.0,100.0,1,Chris Gerard,sa3017507,VT,virginia tech,,
2021,362.0,12.0,12,Riley Tirotta,Dayton,4YR SR,Toronto Blue Jays,matched_exact_name,100.0,100.0,1,Riley Tirotta,sa3017078,DAY,university of dayton,,
2021,363.0,12.0,12,Ben Rice,Dartmouth,4YR JR,New York Yankees,no_candidate,,,0,,,,,,
2021,364.0,12.0,12,Teo Banks,Permian HS,HS SR,Chicago Cubs,no_candidate,,,0,,,,,,
2021,365.0,12.0,12,Johnny Ray,TCU,4YR SR,Chicago White Sox,no_candidate,,,0,,,,,,
2021,366.0,12.0,12,Connor Kokx,Long Beach State,4YR JR,Cleveland Guardians,matched_exact_name,100.0,100.0,1,Connor Kokx,sa3017735,LBSU,long beach state university,,
2021,367.0,12.0,12,Andrew Hoffmann,Illinois,4YR JR,Atlanta Braves,matched_exact_name,100.0,100.0,1,Andrew Hoffmann,29633,ILL,university of illinois,,
2021,368.0,12.0,12,Mitch Myers,Pittsburgh,4YR SR,Athletics,matched_exact_name,100.0,100.0,1,Mitch Myers,sa3018179,PITT,university of pittsburgh,,
2021,369.0,12.0,12,Kyler Fedko,Connecticut,,Minnesota Twins,matched_exact_name,100.0,100.0,1,Kyler Fedko,sa3017561,CONN,university of connecticut,,
2021,370.0,12.0,12,Marcos Castañon,UC Santa Barbara,4YR SR,San Diego Padres,no_candidate,,,0,,,,,,
2021,371.0,12.0,12,Jonny Cuevas,College of Southern Nevada,JC J2,Tampa Bay Rays,no_candidate,,,0,,,,,,
2021,372.0,12.0,12,Ronan Kopp,South Mountain CC,JC J1,Los Angeles Dodgers,no_candidate,,,0,,,,,,
2021,373.0,13.0,13,Owen Sharts,Nevada,4YR JR,Pittsburgh Pirates,no_candidate,,,0,,,,,,
2021,374.0,13.0,13,Thomas Ireland,Polk State College,JC J1,Texas Rangers,no_candidate,,,0,,,,,,
2021,375.0,13.0,13,Chris Meyers,Toledo,4YR SR,Detroit Tigers,matched_exact_name,100.0,100.0,1,Chris Meyers,sa3016956,TOL,university of toledo,,
2021,376.0,13.0,13,Zach Ehrhard,Wharton HS,HS SR,Boston Red Sox,no_candidate,,,0,,,,,,
2021,377.0,13.0,13,Jacob Teter,Florida Southern,4YR SR,Baltimore Orioles,no_candidate,,,0,,,,,,
2021,378.0,13.0,13,Josh Swales,College of Southern Nevada,JC J1,Arizona Diamondbacks,no_candidate,,,0,,,,,,
2021,379.0,13.0,13,Patrick Halligan,Pensacola State College,JC J3,Kansas City Royals,no_candidate,,,0,,,,,,
2021,380.0,13.0,13,EJ Andrews Jr.,Fresno State,4YR JR,Colorado Rockies,matched_exact_name,100.0,100.0,1,EJ Andrews Jr.,sa3017157,FRES,fresno state university,,
2021,381.0,13.0,13,Mo Hanley,Adrian College,4YR SR,Los Angeles Angels,no_candidate,,,0,,,,,,
2021,382.0,13.0,13,Matt Rudick,San Diego State,4YR JR,New York Mets,matched_exact_name,100.0,100.0,1,Matt Rudick,sa3017334,SDSU,san diego state university,,
2021,383.0,13.0,13,Mack Anglin,Clemson,4YR SO,Washington Nationals,matched_exact_name,100.0,100.0,1,Mack Anglin,sa3020620,CLEM,clemson university,,
2021,384.0,13.0,13,Ben Ramirez,USC,4YR SR,Seattle Mariners,matched_exact_name,100.0,100.0,1,Ben Ramirez,sa3016950,USC,university of southern california,,
2021,385.0,13.0,13,Jared Carr,Shepherd University,4YR JR,Philadelphia Phillies,no_candidate,,,0,,,,,,
2021,386.0,13.0,13,Jared Dupere,Northeastern,4YR JR,San Francisco Giants,matched_exact_name,100.0,100.0,1,Jared Dupere,sa3017288,NE,northeastern university,,
2021,387.0,13.0,13,Quinton Low,Chatfield HS,HS SR,Milwaukee Brewers,no_candidate,,,0,,,,,,
2021,388.0,13.0,13,Kobe Kato,Arizona,4YR SR,Houston Astros,matched_exact_name,100.0,100.0,1,Kobe Kato,sa3017052,ARIZ,university of arizona,,
2021,389.0,13.0,13,Chandler Jozwiak,Texas A&M,4YR SR,Miami Marlins,matched_exact_name,100.0,100.0,1,Chandler Jozwiak,sa3017307,TA&M,texas aandm university,,
2021,390.0,13.0,13,Michael Trautwein,Northwestern,4YR JR,Cincinnati Reds,matched_exact_name,100.0,100.0,1,Michael Trautwein,sa3017043,NU,northwestern university,,
2021,391.0,13.0,13,Hayes Heinecke,Wofford,4YR JR,St. Louis Cardinals,no_candidate,,,0,,,,,,
2021,392.0,13.0,13,Matt Svanson,Lehigh,4YR SR,Toronto Blue Jays,matched_exact_name,100.0,100.0,1,Matt Svanson,29629,LEH,lehigh university,,
2021,393.0,13.0,13,Zach Messinger,Virginia,4YR JR,New York Yankees,matched_exact_name,100.0,100.0,1,Zach Messinger,sa3018093,UVA,university of virginia,,
2021,394.0,13.0,13,Erian Rodriguez,Georgia Premier Academy,HS SR,Chicago Cubs,no_candidate,,,0,,,,,,
2021,395.0,13.0,13,Colby Smelley,Shelton State CC,JC J3,Chicago White Sox,no_candidate,,,0,,,,,,
2021,396.0,13.0,13,Davis Sharpe,Clemson,4YR JR,Cleveland Guardians,no_candidate,,,0,,,,,,
2021,397.0,13.0,13,Adam Zebrowski,St John Fisher College,4YR JR,Atlanta Braves,no_candidate,,,0,,,,,,
2021,398.0,13.0,13,Aaron Holiday,Old Dominion,4YR JR,Athletics,no_candidate,,,0,,,,,,
2021,399.0,13.0,13,David Festa,Seton Hall,4YR JR,Minnesota Twins,matched_exact_name,100.0,100.0,1,David Festa,30056,HALL,seton hall university,,
2021,400.0,13.0,13,Kobe Robinson,Chattanooga State CC,JC J1,San Diego Padres,no_candidate,,,0,,,,,,
2021,401.0,13.0,13,Bob Seymour,Wake Forest,4YR SR,Tampa Bay Rays,matched_exact_name,100.0,100.0,1,Bob Seymour,30028,WAKE,wake forest university,,
2021,402.0,13.0,13,Antonio Knowles,Florida SouthWestern State College,JC J1,Los Angeles Dodgers,no_candidate,,,0,,,,,,
2021,403.0,14.0,14,Braylon Bishop,Arkansas HS,HS SR,Pittsburgh Pirates,no_candidate,,,0,,,,,,
2021,404.0,14.0,14,Tucker Mitchell,State College of Florida Manatee - Sarasota,JC J2,Texas Rangers,no_candidate,,,0,,,,,,
2021,405.0,14.0,14,RJ Petit,Charleston Southern,4YR JR,Detroit Tigers,matched_exact_name,100.0,100.0,1,RJ Petit,sa3017848,CHSO,charleston southern university,,
2021,406.0,14.0,14,Jacob Webb,Miami University,4YR SR,Boston Red Sox,no_candidate,,,0,,,,,,
2021,407.0,14.0,14,Daniel Lloyd,South Carolina,4YR JR,Baltimore Orioles,no_candidate,,,0,,,,,,
2021,408.0,14.0,14,Channy Ortiz,Grand Canyon University,4YR SR,Arizona Diamondbacks,matched_exact_name,100.0,100.0,1,Channy Ortiz,sa3016952,GCU,grand canyon university,,
2021,409.0,14.0,14,Caden Monke,Arkansas,4YR JR,Kansas City Royals,no_candidate,,,0,,,,,,
2021,410.0,14.0,14,Tyler Ras,Alabama,4YR JR,Colorado Rockies,matched_exact_name,100.0,100.0,1,Tyler Ras,sa3017718,ALA,university of alabama,,
2021,411.0,14.0,14,Eric Torres,Kansas State,4YR JR,Los Angeles Angels,no_candidate,,,0,,,,,,
2021,412.0,14.0,14,Nate Lavender,Illinois,4YR JR,New York Mets,matched_exact_name,100.0,100.0,1,Nate Lavender,sa3017917,ILL,university of illinois,,
2021,413.0,14.0,14,Erik Tolman,Arizona State,4YR JR,Washington Nationals,no_candidate,,,0,,,,,,
2021,414.0,14.0,14,Andrew Moore,Chipola College,JC J3,Seattle Mariners,no_candidate,,,0,,,,,,
2021,415.0,14.0,14,Jose Acuna,Veterans Memorial HS,HS SR,Philadelphia Phillies,no_candidate,,,0,,,,,,
2021,416.0,14.0,14,Tyler Myrick,Florida International,4YR 5S,San Francisco Giants,matched_exact_name,100.0,100.0,1,Tyler Myrick,sa3017541,FIU,florida international university,,
2021,417.0,14.0,14,Jace Avina,Spanish Springs HS,HS SR,Milwaukee Brewers,no_candidate,,,0,,,,,,
2021,418.0,14.0,14,Bryant Salgado,Oregon State,4YR JR,Houston Astros,no_candidate,,,0,,,,,,
2021,419.0,14.0,14,Holt Jones,Kentucky,4YR SR,Miami Marlins,no_candidate,,,0,,,,,,
2021,420.0,14.0,14,Carter Raffield,Clemson,4YR JR,Cincinnati Reds,no_candidate,,,0,,,,,,
2021,421.0,14.0,14,Andre Granillo,University of California - Riverside,4YR JR,St. Louis Cardinals,no_candidate,,,0,,,,,,
2021,422.0,14.0,14,Damiano Palmegiani,College of Southern Nevada,JC J2,Toronto Blue Jays,no_candidate,,,0,,,,,,
2021,423.0,14.0,14,Sean Hermann,Durant HS,HS SR,New York Yankees,no_candidate,,,0,,,,,,
2021,424.0,14.0,14,Frankie Scalzo Jr.,Grand Canyon University,4YR SR,Chicago Cubs,no_candidate,,,0,,,,,,
2021,425.0,14.0,14,Noah Owen,Golden West College,JC J3,Chicago White Sox,no_candidate,,,0,,,,,,
2021,426.0,14.0,14,Trenton Denholm,University of California - Irvine,4YR JR,Cleveland Guardians,matched_exact_name,100.0,100.0,1,Trenton Denholm,sa3018139,UCI,"university of california, irvine",,
2021,427.0,14.0,14,Caleb Durbin,Washington U,4YR JR,Atlanta Braves,no_candidate,,,0,,,,,,
2021,428.0,14.0,14,Jonny Butler,NC State,4YR SR,Athletics,matched_exact_name,100.0,100.0,1,Jonny Butler,sa3017292,NCSU,north carolina state university,,
2021,429.0,14.0,14,Pierson Ohl,Grand Canyon University,4YR JR,Minnesota Twins,matched_exact_name,100.0,100.0,1,Pierson Ohl,30179,GCU,grand canyon university,,
2021,430.0,14.0,14,Adam Smith,UNC Wilmington,4YR JR,San Diego Padres,matched_exact_name,100.0,100.0,1,Adam Smith,sa3017147,UNCW,university of north carolina at wilmington,,
2021,431.0,14.0,14,Antonio Menendez,Wake Forest,4YR SR,Tampa Bay Rays,no_candidate,,,0,,,,,,
2021,432.0,14.0,14,Jordan Leasure,University of Tampa,4YR 5S,Los Angeles Dodgers,no_candidate,,,0,,,,,,
2021,433.0,15.0,15,Tyler Samaniego,University of South Alabama,4YR SR,Pittsburgh Pirates,no_candidate,,,0,,,,,,
2021,434.0,15.0,15,Evan Elliott,Lethbridge Col,JC J2,Texas Rangers,no_candidate,,,0,,,,,,
2021,435.0,15.0,15,Blake Holub,St. Edwards University,4YR SR,Detroit Tigers,no_candidate,,,0,,,,,,
2021,436.0,15.0,15,Payton Green,Green Hope HS,HS SR,Boston Red Sox,no_candidate,,,0,,,,,,
2021,437.0,15.0,15,Keagan Gillies,Tulane,4YR 5S,Baltimore Orioles,no_candidate,,,0,,,,,,
2021,438.0,15.0,15,Shane Muntz,Wake Forest,4YR SR,Arizona Diamondbacks,matched_exact_name,100.0,100.0,1,Shane Muntz,sa3016954,WAKE,wake forest university,,
2021,439.0,15.0,15,River Town,Dallas Baptist,4YR JR,Kansas City Royals,matched_exact_name,100.0,100.0,1,River Town,sa3017118,DBU,dallas baptist university,,
2021,440.0,15.0,15,Ben Sems,Michigan,4YR 5S,Colorado Rockies,matched_exact_name,100.0,100.0,1,Ben Sems,sa3017161,MICH,university of michigan,,
2021,441.0,15.0,15,Glenn Albanese Jr.,Louisville,4YR SR,Los Angeles Angels,no_candidate,,,0,,,,,,
2021,442.0,15.0,15,Wyatt Young,Pepperdine,4YR JR,New York Mets,matched_exact_name,100.0,100.0,1,Wyatt Young,sa3017081,PEPP,pepperdine university,,
2021,443.0,15.0,15,Jaden Fein,San Diego State,4YR JR,Washington Nationals,matched_exact_name,100.0,100.0,1,Jaden Fein,sa3017557,SDSU,san diego state university,,
2021,444.0,15.0,15,Cole Barr,Indiana,4YR SR,Seattle Mariners,matched_exact_name,100.0,100.0,1,Cole Barr,sa3016860,IU,indiana university,,
2021,445.0,15.0,15,Matt Osterberg,St. Cloud State,4YR SR,Philadelphia Phillies,no_candidate,,,0,,,,,,
2021,446.0,15.0,15,Brooks Baldwin,UNC Wilmington,4YR JR,San Francisco Giants,matched_exact_name,100.0,100.0,1,Brooks Baldwin,31394,UNCW,university of north carolina at wilmington,,
2021,447.0,15.0,15,Hunter Hollan,San Jacinto College North,JC J1,Milwaukee Brewers,no_candidate,,,0,,,,,,
2021,448.0,15.0,15,Adrian Chaidez,UCLA,4YR JR,Houston Astros,no_candidate,,,0,,,,,,
2021,449.0,15.0,15,Caleb Wurster,Connecticut,4YR SR,Miami Marlins,no_candidate,,,0,,,,,,
2021,450.0,15.0,15,Blake Dunn,Western Michigan,4YR SR,Cincinnati Reds,no_candidate,,,0,,,,,,
2021,451.0,15.0,15,Alex Cornwell,USC,4YR SR,St. Louis Cardinals,matched_exact_name,100.0,100.0,1,Alex Cornwell,sa3017501,USC,university of southern california,,
2021,452.0,15.0,15,Garrett Spain,Austin Peay,4YR JR,Toronto Blue Jays,matched_exact_name,100.0,100.0,1,Garrett Spain,sa3017174,APSU,austin peay state university,,
2021,453.0,15.0,15,Danny Watson,VCU,4YR JR,New York Yankees,matched_exact_name,100.0,100.0,1,Danny Watson,sa3017952,VCU,virginia commonwealth university,,
2021,454.0,15.0,15,BJ Murray,Florida Atlantic,4YR JR,Chicago Cubs,matched_school_surname,0.0,100.0,1,BJ Murray Jr.,sa3017287,FAU,florida atlantic university,,
2021,455.0,15.0,15,Cameron Butler,Big Valley Christian HS,HS SR,Chicago White Sox,no_candidate,,,0,,,,,,
2021,456.0,15.0,15,Alaska Abney,Coastal Carolina,4YR JR,Cleveland Guardians,matched_exact_name,100.0,100.0,1,Alaska Abney,sa3017308,CCU,coastal carolina university,,
2021,457.0,15.0,15,Christian Robinson,Stanford,4YR SR,Atlanta Braves,matched_exact_name,100.0,100.0,1,Christian Robinson,sa3017074,STAN,stanford university,,
2021,458.0,15.0,15,Luke Anderson,University of Central Oklahoma,4YR JR,Athletics,no_candidate,,,0,,,,,,
2021,459.0,15.0,15,Mikey Perez,UCLA,4YR SR,Minnesota Twins,matched_exact_name,100.0,100.0,1,Mikey Perez,sa3017901,UCLA,"university of california, los angeles",,
2021,460.0,15.0,15,Anthony Vilar,Miami,4YR SO,San Diego Padres,matched_exact_name,100.0,100.0,1,Anthony Vilar,sa3017660,MIA,university of miami,,
2021,461.0,15.0,15,Conor Angel,University of Louisiana at Lafayette,4YR SR,Tampa Bay Rays,no_candidate,,,0,,,,,,
2021,462.0,15.0,15,Madison Jeffrey,West Virginia,4YR JR,Los Angeles Dodgers,no_candidate,,,0,,,,,,
2021,463.0,16.0,16,Danny Corona,The Baylor Schools,HS SR,Pittsburgh Pirates,no_candidate,,,0,,,,,,
2021,464.0,16.0,16,Ryan Ure,Eaton HS,HS SR,Texas Rangers,no_candidate,,,0,,,,,,
2021,465.0,16.0,16,Jack Anderson,Florida State,4YR JR,Detroit Tigers,no_candidate,,,0,,,,,,
2021,466.0,16.0,16,B.J. Vela,Reedley JC,,Boston Red Sox,no_candidate,,,0,,,,,,
2021,467.0,16.0,16,Peter Van Loon,University of California - Irvine,4YR JR,Baltimore Orioles,matched_exact_name,100.0,100.0,1,Peter Van Loon,sa3017543,UCI,"university of california, irvine",,
2021,468.0,16.0,16,Jacen Roberson,CSU Bakersfield,4YR JR,Arizona Diamondbacks,matched_exact_name,100.0,100.0,1,Jacen Roberson,sa3016963,CSUB,"california state university, bakersfield",,
2021,469.0,16.0,16,Anthony Simonelli,Virginia Tech,4YR SR,Kansas City Royals,matched_exact_name,100.0,100.0,1,Anthony Simonelli,sa3017312,VT,virginia tech,,
2021,470.0,16.0,16,Braiden Ward,Washington,4YR JR,Colorado Rockies,matched_exact_name,100.0,100.0,1,Braiden Ward,sa3017332,WASH,university of washington,,
2021,471.0,16.0,16,Brandon Dufault,Northeastern,4YR SR,Los Angeles Angels,no_candidate,,,0,,,,,,
2021,472.0,16.0,16,Trey McLoughlin,Fairfield,4YR SR,New York Mets,no_candidate,,,0,,,,,,
2021,473.0,16.0,16,Jack Sinclair,Central Florida,4YR SR,Washington Nationals,matched_exact_name,100.0,100.0,1,Jack Sinclair,sa3017596,UCF,university of central florida,,
2021,474.0,16.0,16,Jimmy Joyce,Hofstra U,4YR SR,Seattle Mariners,matched_exact_name,100.0,100.0,1,Jimmy Joyce,sa3016914,HOF,hofstra university,,
2021,475.0,16.0,16,Ty Collins,Glendale College,JC J1,Philadelphia Phillies,no_candidate,,,0,,,,,,
2021,476.0,16.0,16,Julian Bosnic,South Carolina,4YR JR,San Francisco Giants,matched_exact_name,100.0,100.0,1,Julian Bosnic,sa3020734,SC,university of south carolina,,
2021,477.0,16.0,16,Kay-Lan Nicasia,Champagnat Catholic School,HS SR,Milwaukee Brewers,no_candidate,,,0,,,,,,
2021,478.0,16.0,16,Nic Swanson,Northeastern St U,4YR JR,Houston Astros,no_candidate,,,0,,,,,,
2021,479.0,16.0,16,Ivan Melendez,Texas,4YR JR,Miami Marlins,matched_exact_name,100.0,100.0,1,Ivan Melendez,sa3019859,TEX,university of texas at austin,,
2021,480.0,16.0,16,Owen Holt,Alvin CC,JC J3,Cincinnati Reds,no_candidate,,,0,,,,,,
2021,481.0,16.0,16,Aaron McKeithan,UNC Charlotte,4YR JR,St. Louis Cardinals,matched_exact_name,100.0,100.0,1,Aaron McKeithan,sa3016977,CLT,university of north carolina at charlotte,,
2021,482.0,16.0,16,Micah Bucknam,Mennonite Educational Institute,HS SR,Toronto Blue Jays,no_candidate,,,0,,,,,,
2021,483.0,16.0,16,Cole Ayers,State College of Florida Manatee - Sarasota,JC J2,New York Yankees,no_candidate,,,0,,,,,,
2021,484.0,16.0,16,Zac Leigh,Texas State,4YR SR,Chicago Cubs,matched_exact_name,100.0,100.0,1,Zac Leigh,sa3017873,TXST,texas state university,,
2021,485.0,16.0,16,Terrell Tatum,NC State,4YR JR,Chicago White Sox,matched_exact_name,100.0,100.0,1,Terrell Tatum,sa3017338,NCSU,north carolina state university,,
2021,486.0,16.0,16,Zach Pettway,UCLA,4YR SR,Cleveland Guardians,matched_exact_name,100.0,100.0,1,Zach Pettway,sa3018109,UCLA,"university of california, los angeles",,
2021,487.0,16.0,16,Kris Anglin,Howard College,JC J1,Atlanta Braves,no_candidate,,,0,,,,,,
2021,488.0,16.0,16,Colton Johnson,Illinois State,4YR SR,Athletics,matched_exact_name,100.0,100.0,1,Colton Johnson,sa3017750,ILST,illinois state university,,
2021,489.0,16.0,16,Johnathan Lavallee,Long Beach State,4YR SR,Minnesota Twins,matched_exact_name,100.0,100.0,1,Johnathan Lavallee,sa3017993,LBSU,long beach state university,,
2021,490.0,16.0,16,Alek Jacob,Gonzaga,4YR SR,San Diego Padres,matched_exact_name,100.0,100.0,1,Alek Jacob,29628,GONZ,gonzaga university,,
2021,491.0,16.0,16,Ian Leatherman,Central Michigan,4YR SO,Tampa Bay Rays,no_candidate,,,0,,,,,,
2021,492.0,16.0,16,Mike Sirota,The Gunnery School,HS SR,Los Angeles Dodgers,no_candidate,,,0,,,,,,
2021,493.0,17.0,17,Carlos Lomeli,St. Mary's College,4YR SR,Pittsburgh Pirates,matched_exact_name,100.0,100.0,1,Carlos Lomeli,sa3018108,SMC,st. mary's california,,
2021,494.0,17.0,17,Michael Alfonso,Key West HS,HS SR,Texas Rangers,no_candidate,,,0,,,,,,
2021,495.0,17.0,17,Aaron Haase,Wichita State,4YR JR,Detroit Tigers,no_candidate,,,0,,,,,,
2021,496.0,17.0,17,Luis Guerrero,Chipola College,JC J2,Boston Red Sox,no_candidate,,,0,,,,,,
2021,497.0,17.0,17,Ryan Long,Pomona-Pitzer Col,4YR JR,Baltimore Orioles,no_candidate,,,0,,,,,,
2021,498.0,17.0,17,Drake Varnado,IMG Academy,HS SR,Arizona Diamondbacks,no_candidate,,,0,,,,,,
2021,499.0,17.0,17,Luca Tresh,NC State,4YR JR,Kansas City Royals,matched_exact_name,100.0,100.0,1,Luca Tresh,sa3017394,NCSU,north carolina state university,,
2021,500.0,17.0,17,Jarrod Cande,Florida Southern,4YR JR,Colorado Rockies,no_candidate,,,0,,,,,,
2021,501.0,17.0,17,Mason Erla,Michigan State,4YR SR,Los Angeles Angels,matched_exact_name,100.0,100.0,1,Mason Erla,sa3017685,MSU,michigan state university,,
2021,502.0,17.0,17,Nick Zwack,Xavier,4YR SR,New York Mets,matched_exact_name,100.0,100.0,1,Nick Zwack,sa3017867,XAV,xavier university,,
2021,503.0,17.0,17,Brendan Collins,UNC Greensboro,4YR JR,Washington Nationals,matched_exact_name,100.0,100.0,1,Brendan Collins,sa3017549,UNCG,university of north carolina at greensboro,,
2021,504.0,17.0,17,Jimmy Kingsbury,Villanova U,4YR SR,Seattle Mariners,matched_exact_name,100.0,100.0,1,Jimmy Kingsbury,sa3016838,VILL,villanova university,,
2021,505.0,17.0,17,Alex Garbrick,University of South Carolina Upstate,4YR 5S,Philadelphia Phillies,matched_exact_name,100.0,100.0,1,Alex Garbrick,sa3017465,UPST,university of south carolina upstate,,
2021,506.0,17.0,17,Brett Standlee,Oklahoma State,4YR JR,San Francisco Giants,no_candidate,,,0,,,,,,
2021,507.0,17.0,17,Will Rogers,Mounds View HS,HS SR,Milwaukee Brewers,no_candidate,,,0,,,,,,
2021,508.0,17.0,17,Justin Williams,Penn St U,4YR JR,Houston Astros,matched_exact_name,100.0,100.0,2,Justin Williams,sa3017076,PSU,penn state university,,
2021,509.0,17.0,17,Justin Fall,Arizona State,4YR SR,Miami Marlins,matched_exact_name,100.0,100.0,1,Justin Fall,sa3017540,ASU,arizona state university,,
2021,510.0,17.0,17,Dennis Boatman,Sacramento CC,JC J2,Cincinnati Reds,no_candidate,,,0,,,,,,
2021,511.0,17.0,17,Elijah Cabell,Florida State,4YR JR,St. Louis Cardinals,matched_exact_name,100.0,100.0,1,Elijah Cabell,sa3017323,FSU,florida state university,,
2021,512.0,17.0,17,Cooper Benson,Arizona State,4YR SO,Toronto Blue Jays,no_candidate,,,0,,,,,,
2021,513.0,17.0,17,Grant Richardson,Indiana,4YR SO,New York Yankees,matched_exact_name,100.0,100.0,1,Grant Richardson,sa3016964,IU,indiana university,,
2021,514.0,17.0,17,Christian Olivo,Leadership Christian Academy,HS SR,Chicago Cubs,no_candidate,,,0,,,,,,
2021,515.0,17.0,17,Jayson Gonzalez,Vanderbilt,4YR SR,Chicago White Sox,matched_exact_name,100.0,100.0,1,Jayson Gonzalez,sa3017425,VAN,vanderbilt university,,
2021,516.0,17.0,17,Tyler Thornton,Arizona State,4YR JR,Cleveland Guardians,matched_exact_name,100.0,100.0,1,Tyler Thornton,sa3018229,ASU,arizona state university,,
2021,517.0,17.0,17,Tyler Tolve,Kennesaw State,4YR SO,Atlanta Braves,matched_exact_name,100.0,100.0,1,Tyler Tolve,sa3016960,KENN,kennesaw state university,,
2021,518.0,17.0,17,Kyle Virbitsky,Penn State,4YR SR,Athletics,matched_exact_name,100.0,100.0,1,Kyle Virbitsky,sa3017491,PSU,penn state university,,
2021,519.0,17.0,17,Dylan Neuse,Texas Tech,4YR SR,Minnesota Twins,no_candidate,,,0,,,,,,
2021,520.0,17.0,17,Luke Boyd,Baylor,4YR 5S,San Diego Padres,no_candidate,,,0,,,,,,
2021,521.0,17.0,17,Conor Dryer,University of Central Missouri,4YR SR,Tampa Bay Rays,no_candidate,,,0,,,,,,
2021,522.0,17.0,17,Adam Tulloch,West Virginia,4YR JR,Los Angeles Dodgers,no_candidate,,,0,,,,,,
2021,523.0,18.0,18,A.J. Graham,Gaither HS,HS SR,Pittsburgh Pirates,no_candidate,,,0,,,,,,
2021,524.0,18.0,18,Kyle Larsen,TNXL Academy,HS SR,Texas Rangers,no_candidate,,,0,,,,,,
2021,525.0,18.0,18,Ben Malgeri,Northeastern,4YR JR,Detroit Tigers,matched_exact_name,100.0,100.0,1,Ben Malgeri,sa3016975,NE,northeastern university,,
2021,526.0,18.0,18,Phillip Sikes,TCU,4YR SR,Boston Red Sox,matched_exact_name,100.0,100.0,1,Phillip Sikes,sa3017113,TCU,texas christian university,,
2021,527.0,18.0,18,Conor Grady,Florida State,4YR SR,Baltimore Orioles,matched_exact_name,100.0,100.0,1,Conor Grady,sa3017534,FSU,florida state university,,
2021,528.0,18.0,18,Joey Spence,West Bend East HS,HS SR,Arizona Diamondbacks,no_candidate,,,0,,,,,,
2021,529.0,18.0,18,Harrison Beethe,TCU,4YR 5S,Kansas City Royals,no_candidate,,,0,,,,,,
2021,530.0,18.0,18,Bryce McGowan,UNC Charlotte,4YR JR,Colorado Rockies,matched_exact_name,100.0,100.0,1,Bryce McGowan,sa3017786,CLT,university of north carolina at charlotte,,
2021,531.0,18.0,18,Nick Mondak,St. John's,4YR 5S,Los Angeles Angels,matched_exact_name,100.0,100.0,1,Nick Mondak,sa3017274,SJU,st. john's university,,
2021,532.0,18.0,18,Kolby Kubichek,Texas,4YR JR,New York Mets,no_candidate,,,0,,,,,,
2021,533.0,18.0,18,Steven Williams,Auburn,4YR SR,Washington Nationals,matched_exact_name,100.0,100.0,1,Steven Williams,sa3017553,AUB,auburn university,,
2021,534.0,18.0,18,Riley Davis,UAB,4YR SR,Seattle Mariners,matched_exact_name,100.0,100.0,2,Riley Davis,sa3018145,UAB,university of alabama at birmingham,,
2021,535.0,18.0,18,Malik Binns,Benedictine U Mesa,4YR SR,Philadelphia Phillies,no_candidate,,,0,,,,,,
2021,536.0,18.0,18,Hunter Dula,Wingate U,4YR SR,San Francisco Giants,no_candidate,,,0,,,,,,
2021,537.0,18.0,18,Ryne Moore,Old Dominion,4YR SR,Milwaukee Brewers,matched_exact_name,100.0,100.0,1,Ryne Moore,sa3017725,ODU,old dominion university,,
2021,538.0,18.0,18,Will Wagner,Liberty University,4YR SR,Houston Astros,matched_exact_name,100.0,100.0,1,Will Wagner,29634,LIB,liberty university,,
2021,539.0,18.0,18,Bennett Hostetler,North Dakota State,4YR 5S,Miami Marlins,matched_exact_name,100.0,100.0,1,Bennett Hostetler,sa3017120,NDSU,north dakota state university,,
2021,540.0,18.0,18,Austin Callahan,Hutchinson CC,JC J2,Cincinnati Reds,no_candidate,,,0,,,,,,
2021,541.0,18.0,18,Andrew Marrero,Connecticut,4YR SO,St. Louis Cardinals,rejected_fuzzy_school_guard,96.3,40.0,1,,,,,Andre Marrero,40.0
2021,542.0,18.0,18,Jimmy Burnette,Saint Leo University,4YR SR,Toronto Blue Jays,no_candidate,,,0,,,,,,
2021,543.0,18.0,18,Bailey Dees,Penn State,4YR SR,New York Yankees,matched_exact_name,100.0,100.0,1,Bailey Dees,sa3017946,PSU,penn state university,,
2021,544.0,18.0,18,Dominic Hambley,Belmont Secondary School,HS SR,Chicago Cubs,no_candidate,,,0,,,,,,
2021,545.0,18.0,18,Adam Hackenberg,Clemson,4YR JR,Chicago White Sox,no_candidate,,,0,,,,,,
2021,546.0,18.0,18,Tommy Ventimiglia,Longwood HS,HS SR,Cleveland Guardians,no_candidate,,,0,,,,,,
2021,547.0,18.0,18,Austin Smith,Arizona,4YR SR,Atlanta Braves,no_candidate,,,0,,,,,,
2021,548.0,18.0,18,Mariano Ricciardi,Dayton,4YR SR,Athletics,matched_exact_name,100.0,100.0,1,Mariano Ricciardi,sa3017399,DAY,university of dayton,,
2021,549.0,18.0,18,Mike Paredes,San Diego St U,4YR JR,Minnesota Twins,matched_exact_name,100.0,100.0,1,Mike Paredes,sa3017968,SDSU,san diego state university,,
2021,550.0,18.0,18,Gage Jump,JSerra Catholic HS,HS SR,San Diego Padres,no_candidate,,,0,,,,,,
2021,551.0,18.0,18,Kenny Piper,Columbia College,4YR 5S,Tampa Bay Rays,no_candidate,,,0,,,,,,
2021,552.0,18.0,18,Damon Keith,California Baptist University,4YR JR,Los Angeles Dodgers,no_candidate,,,0,,,,,,
2021,553.0,19.0,19,Drew Irvine,Iowa,4YR JR,Pittsburgh Pirates,matched_exact_name,100.0,100.0,1,Drew Irvine,sa3019642,IOWA,university of iowa,,
2021,554.0,19.0,19,Will Taylor,Dutch Fork HS,HS SR,Texas Rangers,no_candidate,,,0,,,,,,
2021,555.0,19.0,19,Justice Bigbie,Western Carolina,4YR JR,Detroit Tigers,matched_exact_name,100.0,100.0,1,Justice Bigbie,sa3016971,WCU,western carolina university,,
2021,556.0,19.0,19,Tyler Uberstine,Northwestern,4YR SR,Boston Red Sox,matched_exact_name,100.0,100.0,1,Tyler Uberstine,sa3017643,NU,northwestern university,,
2021,557.0,19.0,19,Alex Pham,University of San Francisco,4YR SR,Baltimore Orioles,matched_exact_name,100.0,100.0,1,Alex Pham,sa3017550,SF,university of san francisco,,
2021,558.0,19.0,19,Eric Hammond,Keller HS,HS SR,Arizona Diamondbacks,no_candidate,,,0,,,,,,
2021,559.0,19.0,19,Cam Williams,Texas,4YR SR,Kansas City Royals,matched_exact_name,100.0,100.0,1,Cam Williams,sa3017107,TEX,university of texas at austin,,
2021,560.0,19.0,19,Elijah Trest,Arkansas,4YR JR,Colorado Rockies,no_candidate,,,0,,,,,,
2021,561.0,19.0,19,Nathan Burns,Oregon State,4YR SR,Los Angeles Angels,no_candidate,,,0,,,,,,
2021,562.0,19.0,19,Drake Osborn,U Louisiana Lafayette,4YR 5S,New York Mets,matched_exact_name,100.0,100.0,1,Drake Osborn,sa3017077,UL,university of louisiana at lafayette,,
2021,563.0,19.0,19,Riggs Threadgill,McLennan CC,JC J2,Washington Nationals,no_candidate,,,0,,,,,,
2021,564.0,19.0,19,Charlie Welch,Arkansas,4YR SR,Seattle Mariners,no_candidate,,,0,,,,,,
2021,565.0,19.0,19,Seth Halvorsen,Missouri,4YR JR,Philadelphia Phillies,matched_exact_name,100.0,100.0,1,Seth Halvorsen,33294,MIZ,university of missouri,,
2021,566.0,19.0,19,Irvin Murr III,Winter Springs HS,HS SR,San Francisco Giants,no_candidate,,,0,,,,,,
2021,567.0,19.0,19,Carter Holton,Benedictine Military School,HS SR,Milwaukee Brewers,rejected_fuzzy_school_guard,91.7,21.1,1,,,,,Carter Holt,21.1
2021,568.0,19.0,19,Hector Nieves,Puerto Rico Baseball Academy,HS SR,Houston Astros,no_candidate,,,0,,,,,,
2021,569.0,19.0,19,Noah Williamson,Everett CC,JC J2,Miami Marlins,no_candidate,,,0,,,,,,
2021,570.0,19.0,19,Ryan Cardona,Marist College,4YR JR,Cincinnati Reds,matched_exact_name,100.0,100.0,1,Ryan Cardona,sa3017470,MRST,marist college,,
2021,571.0,19.0,19,Thomas Francisco,East Carolina,4YR JR,St. Louis Cardinals,matched_exact_name,100.0,100.0,1,Thomas Francisco,sa3016999,ECU,east carolina university,,
2021,572.0,19.0,19,Juan Gonzalez,Miami Dade College,JC J1,Toronto Blue Jays,rejected_fuzzy_school_guard,85.7,20.0,1,,,,,Julian Gonzales,20.0
2021,573.0,19.0,19,Dom Keegan,Vanderbilt,4YR JR,New York Yankees,matched_school_surname,0.0,100.0,1,Dominic Keegan,sa3020194,VAN,vanderbilt university,,
2021,574.0,19.0,19,Daniel Avitia,Alhambra HS,HS SR,Chicago Cubs,no_candidate,,,0,,,,,,
2021,575.0,19.0,19,Shawn Goosenberg,Northwestern,4YR JR,Chicago White Sox,matched_exact_name,100.0,100.0,1,Shawn Goosenberg,sa3017116,NU,northwestern university,,
2021,576.0,19.0,19,Reid Johnston,NC State,4YR JR,Cleveland Guardians,matched_exact_name,100.0,100.0,1,Reid Johnston,sa3018183,NCSU,north carolina state university,,
2021,577.0,19.0,19,Samuel Strickland,Samford University,4YR SR,Atlanta Braves,matched_exact_name,100.0,100.0,1,Samuel Strickland,sa3017139,SAM,samford,,
2021,578.0,19.0,19,Blake Beers,Michigan,4YR SR,Athletics,no_candidate,,,0,,,,,,
2021,579.0,19.0,19,Jaylen Nowlin,Chipola College,JC J1,Minnesota Twins,no_candidate,,,0,,,,,,
2021,580.0,19.0,19,Gabriel Rincones Jr.,St. Petersburg College,JC J2,San Diego Padres,no_candidate,,,0,,,,,,
2021,581.0,19.0,19,Sean Hunley,Tennessee,4YR SR,Tampa Bay Rays,matched_exact_name,100.0,100.0,1,Sean Hunley,sa3017316,TENN,university of tennessee knoxville,,
2021,582.0,19.0,19,Gabe Emmett,Folsom Lake College,JC J2,Los Angeles Dodgers,no_candidate,,,0,,,,,,
2021,583.0,20.0,20,Brenden Dixon,Weatherford College,JC J2,Pittsburgh Pirates,no_candidate,,,0,,,,,,
2021,584.0,20.0,20,Joseph Montalvo,Central Pointe Christian Academy,HS SR,Texas Rangers,no_candidate,,,0,,,,,,
2021,585.0,20.0,20,J.D. McLaughlin,Central Arizona College,JC J2,Detroit Tigers,no_candidate,,,0,,,,,,
2021,586.0,20.0,20,Josh Hood,Pennsylvania,4YR JR,Boston Red Sox,no_candidate,,,0,,,,,,
2021,587.0,20.0,20,Trendon Craig,Louisburg College,JC J1,Baltimore Orioles,no_candidate,,,0,,,,,,
2021,588.0,20.0,20,Ross Carver,Dallas Baptist,4YR JR,Arizona Diamondbacks,no_candidate,,,0,,,,,,
2021,589.0,20.0,20,Jack Aldrich,Tulane,4YR SR,Kansas City Royals,matched_exact_name,100.0,100.0,1,Jack Aldrich,sa3017145,TULN,tulane university,,
2021,590.0,20.0,20,Tyler Ahearn,Florida State,4YR SR,Colorado Rockies,no_candidate,,,0,,,,,,
2021,591.0,20.0,20,Marcelo Perez,TCU,4YR JR,Los Angeles Angels,no_candidate,,,0,,,,,,
2021,592.0,20.0,20,Justin Guerrera,Fairfield U,4YR JR,New York Mets,matched_exact_name,100.0,100.0,1,Justin Guerrera,sa3017082,FAIR,fairfield university,,
2021,593.0,20.0,20,Elie Kligman,Cimarron-Memorial HS,HS SR,Washington Nationals,no_candidate,,,0,,,,,,
2021,594.0,20.0,20,Troy Taylor,Cypress College,JC J2,Seattle Mariners,no_candidate,,,0,,,,,,
2021,595.0,20.0,20,Cam Wynne,Nebraska,4YR SR,Philadelphia Phillies,no_candidate,,,0,,,,,,
2021,596.0,20.0,20,Vance Honeycutt,Salisbury HS,HS SR,San Francisco Giants,no_candidate,,,0,,,,,,
2021,597.0,20.0,20,Samuel Mendez,Cisco JC,JC J1,Milwaukee Brewers,no_candidate,,,0,,,,,,
2021,598.0,20.0,20,Jackson Linn,Cambridge Rindge and Latin School,HS SR,Houston Astros,no_candidate,,,0,,,,,,
2021,599.0,20.0,20,Zach Zubia,Texas,4YR 5S,Miami Marlins,matched_exact_name,100.0,100.0,1,Zach Zubia,sa3016861,TEX,university of texas at austin,,
2021,600.0,20.0,20,Javi Rivera,Florida Atlantic,4YR JR,Cincinnati Reds,matched_exact_name,100.0,100.0,1,Javi Rivera,sa3018184,FAU,florida atlantic university,,
2021,601.0,20.0,20,Xavier Casserilla,V.R. Eaton HS,HS SR,St. Louis Cardinals,no_candidate,,,0,,,,,,
2021,602.0,20.0,20,Luke Holman,Wilson HS,HS SR,Toronto Blue Jays,no_candidate,,,0,,,,,,
2021,603.0,20.0,20,Sean Hard,St. Joseph Regional School,HS SR,New York Yankees,no_candidate,,,0,,,,,,
2021,604.0,20.0,20,Wilson Cunningham,JSerra Catholic HS,HS SR,Chicago Cubs,no_candidate,,,0,,,,,,
2021,605.0,20.0,20,Haylen Green,TCU,4YR 5S,Chicago White Sox,matched_exact_name,100.0,100.0,1,Haylen Green,sa3017716,TCU,texas christian university,,
2021,606.0,20.0,20,Jake Miller,University of San Diego,4YR JR,Cleveland Guardians,matched_exact_name,100.0,100.0,2,Jake Miller,sa3018171,USD,university of san diego,,
2021,607.0,20.0,20,Ty Evans,Lakeland Christian School,HS SR,Atlanta Braves,no_candidate,,,0,,,,,,
2021,608.0,20.0,20,Hunter Breault,Oregon,4YR SR,Athletics,no_candidate,,,0,,,,,,
2021,609.0,20.0,20,Dillon Tatum,UC Irvine,4YR JR,Minnesota Twins,matched_exact_name,100.0,100.0,1,Dillon Tatum,sa3017903,UCI,"university of california, irvine",,
2021,610.0,20.0,20,Chase Burns,Beech HS,HS SR,San Diego Padres,no_candidate,,,0,,,,,,
2021,611.0,20.0,20,Kamron Fields,Texas Southern,4YR SR,Tampa Bay Rays,matched_exact_name,100.0,100.0,1,Kamron Fields,sa3017919,TXSO,texas southern university,,
2021,612.0,20.0,20,Charlie Connolly,Navy,4YR SR,Los Angeles Dodgers,matched_exact_name,100.0,100.0,1,Charlie Connolly,sa3029261,NAVY,united states naval academy,,
2022,1.0,1.0,1,Jackson Holliday,Stillwater HS,HS SR,Baltimore Orioles,no_candidate,,,0,,,,,,
2022,2.0,1.0,1,Druw Jones,Wesleyan HS,HS SR,Arizona Diamondbacks,no_candidate,,,0,,,,,,
2022,3.0,1.0,1,Kumar Rocker,No School,4YR JR,Texas Rangers,no_candidate,,,0,,,,,,
2022,4.0,1.0,1,Termarr Johnson,Mays HS,HS SR,Pittsburgh Pirates,no_candidate,,,0,,,,,,
2022,5.0,1.0,1,Elijah Green,IMG Academy,HS SR,Washington Nationals,no_candidate,,,0,,,,,,
2022,6.0,1.0,1,Jacob Berry,LSU,4YR SO,Miami Marlins,matched_exact_name,100.0,100.0,1,Jacob Berry,sa3019825,LSU,louisiana state university,,
2022,7.0,1.0,1,Cade Horton,Oklahoma,4YR SO,Chicago Cubs,no_candidate,,,0,,,,,,
2022,8.0,1.0,1,Brooks Lee,Cal Poly,4YR JR,Minnesota Twins,matched_exact_name,100.0,100.0,1,Brooks Lee,31595,CP,california polytechnic state university,,
2022,9.0,1.0,1,Gavin Cross,Virginia Tech,4YR JR,Kansas City Royals,matched_exact_name,100.0,100.0,1,Gavin Cross,sa3019985,VT,virginia tech,,
2022,10.0,1.0,1,Gabriel Hughes,Gonzaga,4YR JR,Colorado Rockies,matched_exact_name,100.0,100.0,1,Gabriel Hughes,sa3020661,GONZ,gonzaga university,,
2022,11.0,1.0,1,Kevin Parada,Georgia Tech,4YR SO,New York Mets,matched_exact_name,100.0,100.0,1,Kevin Parada,sa3020575,GT,georgia institute of technology,,
2022,12.0,1.0,1,Jace Jung,Texas Tech,4YR JR,Detroit Tigers,matched_exact_name,100.0,100.0,1,Jace Jung,31437,TTU,texas tech university,,
2022,13.0,1.0,1,Zach Neto,Campbell University,4YR JR,Los Angeles Angels,matched_exact_name,100.0,100.0,1,Zach Neto,31347,CAM,campbell university,,
2022,14.0,1.0,1,Jett Williams,Rockwall-Heath HS,HS SR,New York Mets,no_candidate,,,0,,,,,,
2022,15.0,1.0,1,Dylan Lesko,Buford HS,HS SR,San Diego Padres,no_candidate,,,0,,,,,,
2022,16.0,1.0,1,Chase DeLauter,James Madison University,4YR JR,Cleveland Guardians,no_candidate,,,0,,,,,,
2022,17.0,1.0,1,Justin Crawford,Bishop Gorman HS,HS SR,Philadelphia Phillies,no_candidate,,,0,,,,,,
2022,18.0,1.0,1,Cam Collier,Chipola College,JC J1,Cincinnati Reds,no_candidate,,,0,,,,,,
2022,19.0,1.0,1,Daniel Susac,Arizona,4YR SO,Athletics,matched_exact_name,100.0,100.0,1,Daniel Susac,sa3019997,ARIZ,university of arizona,,
2022,20.0,1.0,1,Owen Murphy,Riverside Brookfield,HS SR,Atlanta Braves,no_candidate,,,0,,,,,,
2022,21.0,1.0,1,Cole Young,North Allegheny HS,HS SR,Seattle Mariners,no_candidate,,,0,,,,,,
2022,22.0,1.0,1,Cooper Hjerpe,Oregon State,4YR JR,St. Louis Cardinals,matched_exact_name,100.0,100.0,1,Cooper Hjerpe,sa3020736,ORST,oregon state university,,
2022,23.0,1.0,1,Brandon Barriera,American Heritage School,HS SR,Toronto Blue Jays,no_candidate,,,0,,,,,,
2022,24.0,1.0,1,Mikey Romero,Orange Lutheran HS,HS SR,Boston Red Sox,no_candidate,,,0,,,,,,
2022,25.0,1.0,1,Spencer Jones,Vanderbilt,4YR JR,New York Yankees,matched_exact_name,100.0,100.0,1,Spencer Jones,sa3019969,VAN,vanderbilt university,,
2022,26.0,1.0,1,Noah Schultz,Oswego East HS,HS SR,Chicago White Sox,no_candidate,,,0,,,,,,
2022,27.0,1.0,1,Eric Brown Jr.,Coastal Carolina,4YR JR,Milwaukee Brewers,matched_exact_name,100.0,100.0,1,Eric Brown Jr.,sa3019923,CCU,coastal carolina university,,
2022,28.0,1.0,1,Drew Gilbert,Tennessee,4YR JR,Houston Astros,matched_exact_name,100.0,100.0,1,Drew Gilbert,31545,TENN,university of tennessee knoxville,,
2022,29.0,1.0,1,Xavier Isaac,East Forsyth HS,HS SR,Tampa Bay Rays,no_candidate,,,0,,,,,,
2022,30.0,1.0,1,Reggie Crawford,Connecticut,4YR JR,San Francisco Giants,no_candidate,,,0,,,,,,
2022,31.0,1.0,1C,Sterlin Thompson,Florida,4YR SO,Colorado Rockies,matched_exact_name,100.0,100.0,1,Sterlin Thompson,sa3019999,FLA,university of florida,,
2022,32.0,1.0,1C,Sal Stewart,Westminster Christian School,HS SR,Cincinnati Reds,no_candidate,,,0,,,,,,
2022,33.0,1.0,CB-A,Dylan Beavers,California,4YR JR,Baltimore Orioles,matched_exact_name,100.0,100.0,1,Dylan Beavers,sa3019983,CAL,"university of california, berkeley",,
2022,34.0,1.0,CB-A,Landon Sims,Mississippi State,4YR JR,Arizona Diamondbacks,no_candidate,,,0,,,,,,
2022,35.0,1.0,CB-A,JR Ritchie,Bainbridge HS,HS SR,Atlanta Braves,no_candidate,,,0,,,,,,
2022,36.0,1.0,CB-A,Thomas Harrington,Campbell University,4YR SO,Pittsburgh Pirates,matched_exact_name,100.0,100.0,1,Thomas Harrington,31989,CAM,campbell university,,
2022,37.0,1.0,CB-A,Justin Campbell,Oklahoma State,4YR JR,Cleveland Guardians,matched_exact_name,100.0,100.0,1,Justin Campbell,sa3028334,OKST,oklahoma state university,,
2022,38.0,1.0,CB-A,Jordan Beck,Tennessee,4YR JR,Colorado Rockies,matched_exact_name,100.0,100.0,1,Jordan Beck,31431,TENN,university of tennessee knoxville,,
2022,39.0,1.0,CB-A,Robby Snelling,McQueen HS,HS SR,San Diego Padres,no_candidate,,,0,,,,,,
2022,40.0,2.0,2,Dalton Rushing,Louisville,4YR JR,Los Angeles Dodgers,matched_exact_name,100.0,100.0,1,Dalton Rushing,31382,LOU,university of louisville,,
2022,41.0,2.0,2,Cutter Coffey,Liberty HS,HS SR,Boston Red Sox,no_candidate,,,0,,,,,,
2022,42.0,2.0,2,Max Wagner,Clemson,4YR SO,Baltimore Orioles,matched_exact_name,100.0,100.0,1,Max Wagner,sa3020415,CLEM,clemson university,,
2022,43.0,2.0,2,Ivan Melendez,Texas,4YR SR,Arizona Diamondbacks,matched_exact_name,100.0,100.0,1,Ivan Melendez,sa3019859,TEX,university of texas at austin,,
2022,44.0,2.0,2,Hunter Barco,Florida,4YR JR,Pittsburgh Pirates,no_candidate,,,0,,,,,,
2022,45.0,2.0,2,Jake Bennett,Oklahoma,4YR JR,Washington Nationals,matched_exact_name,100.0,100.0,1,Jake Bennett,sa3020737,OU,university of oklahoma,,
2022,46.0,2.0,2,Jacob Miller,Liberty Union High School,HS SR,Miami Marlins,no_candidate,,,0,,,,,,
2022,47.0,2.0,2,Jackson Ferris,IMG Academy,HS SR,Chicago Cubs,no_candidate,,,0,,,,,,
2022,48.0,2.0,2,Connor Prielipp,Alabama,4YR JR,Minnesota Twins,no_candidate,,,0,,,,,,
2022,49.0,2.0,2,Cayden Wallace,Arkansas,4YR SO,Kansas City Royals,matched_exact_name,100.0,100.0,1,Cayden Wallace,sa3019996,ARK,university of arkansas,,
2022,50.0,2.0,2,Jackson Cox,Toutle Lake HS,HS SR,Colorado Rockies,no_candidate,,,0,,,,,,
2022,51.0,2.0,2,Peyton Graham,Oklahoma,4YR JR,Detroit Tigers,matched_exact_name,100.0,100.0,1,Peyton Graham,sa3019990,OU,university of oklahoma,,
2022,52.0,2.0,2,Blade Tidwell,Tennessee,4YR SO,New York Mets,no_candidate,,,0,,,,,,
2022,53.0,2.0,2,Adam Mazur,Iowa,4YR JR,San Diego Padres,matched_exact_name,100.0,100.0,1,Adam Mazur,31900,IOWA,university of iowa,,
2022,54.0,2.0,2,Parker Messick,Florida State,4YR JR,Cleveland Guardians,matched_exact_name,100.0,100.0,1,Parker Messick,sa3020748,FSU,florida state university,,
2022,55.0,2.0,2,Logan Tanner,Mississippi State,4YR JR,Cincinnati Reds,matched_exact_name,100.0,100.0,1,Logan Tanner,sa3020117,MSST,mississippi state university,,
2022,56.0,2.0,2,Henry Bolte,Palo Alto HS,HS SR,Athletics,no_candidate,,,0,,,,,,
2022,57.0,2.0,2,Cole Phillips,Boerne HS,HS SR,Atlanta Braves,no_candidate,,,0,,,,,,
2022,58.0,2.0,2,Tyler Locklear,VCU,4YR JR,Seattle Mariners,matched_exact_name,100.0,100.0,1,Tyler Locklear,31396,VCU,virginia commonwealth university,,
2022,59.0,2.0,2,Brycen Mautz,University of San Diego,4YR JR,St. Louis Cardinals,matched_exact_name,100.0,100.0,1,Brycen Mautz,sa3020710,USD,university of san diego,,
2022,60.0,2.0,2,Josh Kasevich,Oregon,4YR JR,Toronto Blue Jays,matched_exact_name,100.0,100.0,1,Josh Kasevich,sa3020203,ORE,university of oregon,,
2022,61.0,2.0,2,Drew Thorpe,Cal Poly,4YR JR,New York Yankees,matched_exact_name,100.0,100.0,1,Drew Thorpe,31967,CP,california polytechnic state university,,
2022,62.0,2.0,2,Peyton Pallette,Arkansas,4YR JR,Chicago White Sox,no_candidate,,,0,,,,,,
2022,63.0,2.0,2,Jacob Misiorowski,Crowder College,JC J2,Milwaukee Brewers,no_candidate,,,0,,,,,,
2022,64.0,2.0,2,Jacob Melton,Oregon State,4YR SR,Houston Astros,matched_exact_name,100.0,100.0,1,Jacob Melton,31661,ORST,oregon state university,,
2022,65.0,2.0,2,Brock Jones,Stanford,4YR JR,Tampa Bay Rays,matched_exact_name,100.0,100.0,1,Brock Jones,sa3020190,STAN,stanford university,,
2022,66.0,2.0,2,Carson Whisenhunt,East Carolina,4YR JR,San Francisco Giants,no_candidate,,,0,,,,,,
2022,67.0,2.0,CB-B,Jud Fabian,Florida,4YR JR,Baltimore Orioles,matched_exact_name,100.0,100.0,1,Jud Fabian,sa3019942,FLA,university of florida,,
2022,68.0,2.0,CB-B,Tanner Schobel,Virginia Tech,4YR SO,Minnesota Twins,matched_exact_name,100.0,100.0,1,Tanner Schobel,sa3020009,VT,virginia tech,,
2022,69.0,2.0,CB-B,Clark Elliott,Michigan,4YR JR,Athletics,matched_exact_name,100.0,100.0,1,Clark Elliott,sa3019972,MICH,university of michigan,,
2022,70.0,2.0,CB-B,Chandler Simpson,Georgia Tech,4YR JR,Tampa Bay Rays,matched_exact_name,100.0,100.0,1,Chandler Simpson,31912,GT,georgia institute of technology,,
2022,71.0,2.0,CB-B,Ryan Cermak,Illinois State,4YR JR,Tampa Bay Rays,matched_exact_name,100.0,100.0,1,Ryan Cermak,sa3020204,ILST,illinois state university,,
2022,72.0,2.0,CB-B,Robert Moore,Arkansas,4YR JR,Milwaukee Brewers,matched_exact_name,100.0,100.0,1,Robert Moore,sa3019928,ARK,university of arkansas,,
2022,73.0,2.0,CB-B,Justin Boyd,Oregon State,4YR JR,Cincinnati Reds,matched_exact_name,100.0,100.0,1,Justin Boyd,sa3020123,ORST,oregon state university,,
2022,74.0,2.0,CB-B,Walter Ford,Pace HS,HS SR,Seattle Mariners,no_candidate,,,0,,,,,,
2022,75.0,2.0,2C,Nick Morabito,Gonzaga College HS,HS SR,New York Mets,no_candidate,,,0,,,,,,
2022,76.0,2.0,2C,Blake Burkhalter,Auburn,4YR JR,Atlanta Braves,no_candidate,,,0,,,,,,
2022,77.0,2.0,2C,Tucker Toman,Hammond School,HS SR,Toronto Blue Jays,no_candidate,,,0,,,,,,
2022,78.0,2.0,2C,Cade Doughty,LSU,4YR JR,Toronto Blue Jays,matched_exact_name,100.0,100.0,1,Cade Doughty,sa3020196,LSU,louisiana state university,,
2022,79.0,2.0,2C,Roman Anthony,Marjory Stoneman Douglas HS,HS SR,Boston Red Sox,no_candidate,,,0,,,,,,
2022,80.0,2.0,2C,Andrew Taylor,Central Michigan,4YR JR,Houston Astros,matched_exact_name,100.0,100.0,1,Andrew Taylor,sa3020873,CMU,central michigan university,,
2022,81.0,3.0,3,Nolan McLean,Oklahoma State,4YR SO,Baltimore Orioles,matched_exact_name,100.0,100.0,1,Nolan McLean,sa3023053,OKST,oklahoma state university,,
2022,82.0,3.0,3,Nate Savino,Virginia,4YR JR,Arizona Diamondbacks,matched_exact_name,100.0,100.0,1,Nate Savino,sa3023565,UVA,university of virginia,,
2022,83.0,3.0,3,Jack Brannigan,Notre Dame,4YR JR,Pittsburgh Pirates,matched_exact_name,100.0,100.0,1,Jack Brannigan,sa3019922,ND,university of notre dame,,
2022,84.0,3.0,3,Trey Lipscomb,Tennessee,4YR SR,Washington Nationals,matched_exact_name,100.0,100.0,1,Trey Lipscomb,31567,TENN,university of tennessee knoxville,,
2022,85.0,3.0,3,Karson Milbrandt,Liberty Senior HS,HS SR,Miami Marlins,no_candidate,,,0,,,,,,
2022,86.0,3.0,3,Christopher Paciolla,Temecula Valley HS,HS SR,Chicago Cubs,no_candidate,,,0,,,,,,
2022,87.0,3.0,3,Mason Barnett,Auburn,4YR JR,Kansas City Royals,matched_exact_name,100.0,100.0,1,Mason Barnett,sa3020622,AUB,auburn university,,
2022,88.0,3.0,3,Carson Palmquist,Miami,4YR JR,Colorado Rockies,matched_exact_name,100.0,100.0,1,Carson Palmquist,31612,MIA,university of miami,,
2022,89.0,3.0,3,Ben Joyce,Tennessee,4YR SR,Los Angeles Angels,no_candidate,,,0,,,,,,
2022,90.0,3.0,3,Brandon Sproat,Florida,4YR JR,New York Mets,matched_exact_name,100.0,100.0,1,Brandon Sproat,sa3023499,FLA,university of florida,,
2022,91.0,3.0,3,Henry Williams,Duke,4YR JR,San Diego Padres,no_candidate,,,0,,,,,,
2022,92.0,3.0,3,Joe Lampe,Arizona State,4YR JR,Cleveland Guardians,matched_exact_name,100.0,100.0,1,Joe Lampe,sa3020642,ASU,arizona state university,,
2022,93.0,3.0,3,Gabriel Rincones Jr.,Florida Atlantic,4YR JR,Philadelphia Phillies,matched_exact_name,100.0,100.0,1,Gabriel Rincones Jr.,sa3020758,FAU,florida atlantic university,,
2022,94.0,3.0,3,Bryce Hubbart,Florida State,4YR JR,Cincinnati Reds,matched_exact_name,100.0,100.0,1,Bryce Hubbart,sa3020323,FSU,florida state university,,
2022,95.0,3.0,3,Colby Thomas,Mercer,4YR JR,Athletics,no_candidate,,,0,,,,,,
2022,96.0,3.0,3,Drake Baldwin,Missouri State,4YR JR,Atlanta Braves,matched_exact_name,100.0,100.0,1,Drake Baldwin,31539,MOST,missouri state university,,
2022,97.0,3.0,3,Pete Hansen,Texas,4YR JR,St. Louis Cardinals,matched_exact_name,100.0,100.0,1,Pete Hansen,sa3020798,TEX,university of texas at austin,,
2022,98.0,3.0,3,Alan Roden,Creighton,4YR SR,Toronto Blue Jays,matched_exact_name,100.0,100.0,1,Alan Roden,31564,CREI,creighton university,,
2022,99.0,3.0,3,Dalton Rogers,Southern Mississippi,4YR JR,Boston Red Sox,no_candidate,,,0,,,,,,
2022,100.0,3.0,3,Trystan Vrieling,Gonzaga,4YR JR,New York Yankees,matched_exact_name,100.0,100.0,1,Trystan Vrieling,sa3020681,GONZ,gonzaga university,,
2022,101.0,3.0,3,Jonathan Cannon,Georgia,4YR JR,Chicago White Sox,matched_exact_name,100.0,100.0,1,Jonathan Cannon,31730,UGA,university of georgia,,
2022,102.0,3.0,3,Dylan O'Rae,Northern Collegiate,HS SR,Milwaukee Brewers,no_candidate,,,0,,,,,,
2022,103.0,3.0,3,Michael Knorr,Coastal Carolina,4YR SR,Houston Astros,matched_exact_name,100.0,100.0,1,Michael Knorr,sa3020872,CCU,coastal carolina university,,
2022,104.0,3.0,3,Trevor Martin,Oklahoma State,4YR SO,Tampa Bay Rays,no_candidate,,,0,,,,,,
2022,105.0,3.0,3,Alex Freeland,Central Florida,4YR SO,Los Angeles Dodgers,matched_exact_name,100.0,100.0,1,Alex Freeland,31665,UCF,university of central florida,,
2022,106.0,3.0,3,William Kempner,Gonzaga,4YR JR,San Francisco Giants,no_candidate,,,0,,,,,,
2022,107.0,4.0,4,Silas Ardoin,Texas,4YR JR,Baltimore Orioles,matched_exact_name,100.0,100.0,1,Silas Ardoin,sa3019976,TEX,university of texas at austin,,
2022,108.0,4.0,4,Dylan Ray,Alabama,4YR SO,Arizona Diamondbacks,rejected_fuzzy_school_guard,88.9,16.7,1,,,,,Dylan Day,16.7
2022,109.0,4.0,4,Brock Porter,St. Marys Prep,HS SR,Texas Rangers,no_candidate,,,0,,,,,,
2022,110.0,4.0,4,Michael Kennedy,Troy HS,HS SR,Pittsburgh Pirates,no_candidate,,,0,,,,,,
2022,111.0,4.0,4,Brenner Cox,Rock Hill HS,HS SR,Washington Nationals,no_candidate,,,0,,,,,,
2022,112.0,4.0,4,Marcus Johnson,Duke,4YR JR,Miami Marlins,matched_exact_name,100.0,100.0,1,Marcus Johnson,sa3020324,DUKE,duke university,,
2022,113.0,4.0,4,Nazier Mulé,Passaic County Technical Institute,HS SR,Chicago Cubs,no_candidate,,,0,,,,,,
2022,114.0,4.0,4,Andrew Morris,Texas Tech,4YR SR,Minnesota Twins,matched_exact_name,100.0,100.0,1,Andrew Morris,sa3020569,TTU,texas tech university,,
2022,115.0,4.0,4,Steven Zobac,California,4YR JR,Kansas City Royals,matched_exact_name,100.0,100.0,1,Steven Zobac,sa3020875,CAL,"university of california, berkeley",,
2022,116.0,4.0,4,Ryan Ritter,Kentucky,4YR JR,Colorado Rockies,matched_exact_name,100.0,100.0,1,Ryan Ritter,31500,UK,university of kentucky,,
2022,117.0,4.0,4,Troy Melton,San Diego State,4YR SR,Detroit Tigers,matched_exact_name,100.0,100.0,1,Troy Melton,31807,SDSU,san diego state university,,
2022,118.0,4.0,4,Jake Madden,Northwest Florida State,JC J1,Los Angeles Angels,no_candidate,,,0,,,,,,
2022,119.0,4.0,4,Jacob Reimer,Yucaipa HS,HS SR,New York Mets,no_candidate,,,0,,,,,,
2022,120.0,4.0,4,Lamar King Jr.,Calvert Hall College HS,HS SR,San Diego Padres,no_candidate,,,0,,,,,,
2022,121.0,4.0,4,Nate Furman,UNC Charlotte,4YR SO,Cleveland Guardians,matched_exact_name,100.0,100.0,1,Nate Furman,sa3020763,CLT,university of north carolina at charlotte,,
2022,122.0,4.0,4,Alex McFarlane,Miami,4YR JR,Philadelphia Phillies,no_candidate,,,0,,,,,,
2022,123.0,4.0,4,Kenya Huggins,Chipola College,JC J1,Cincinnati Reds,no_candidate,,,0,,,,,,
2022,124.0,4.0,4,Jacob Watters,West Virginia,4YR JR,Athletics,matched_exact_name,100.0,100.0,1,Jacob Watters,sa3020628,WVU,west virginia university,,
2022,125.0,4.0,4,David McCabe,UNC Charlotte,4YR JR,Atlanta Braves,matched_exact_name,100.0,100.0,1,David McCabe,sa3019964,CLT,university of north carolina at charlotte,,
2022,126.0,4.0,4,Ashton Izzi,Oswego East HS,HS SR,Seattle Mariners,no_candidate,,,0,,,,,,
2022,127.0,4.0,4,Jimmy Crooks,Oklahoma,4YR JR,St. Louis Cardinals,matched_exact_name,100.0,100.0,1,Jimmy Crooks,sa3019841,OU,university of oklahoma,,
2022,128.0,4.0,4,Ryan Jennings,Louisiana Tech,4YR 5S,Toronto Blue Jays,matched_exact_name,100.0,100.0,1,Ryan Jennings,sa3020634,LT,louisiana tech university,,
2022,129.0,4.0,4,Chase Meidroth,University of San Diego,4YR SR,Boston Red Sox,matched_exact_name,100.0,100.0,1,Chase Meidroth,31580,USD,university of san diego,,
2022,130.0,4.0,4,Anthony Hall,Oregon,4YR JR,New York Yankees,matched_exact_name,100.0,100.0,1,Anthony Hall,sa3019987,ORE,university of oregon,,
2022,131.0,4.0,4,Jordan Sprinkle,UC Santa Barbara,4YR JR,Chicago White Sox,matched_exact_name,100.0,100.0,1,Jordan Sprinkle,sa3019925,UCSB,"university of california, santa barbara",,
2022,132.0,4.0,4,Matthew Wood,Penn State,4YR JR,Milwaukee Brewers,matched_exact_name,100.0,100.0,1,Matthew Wood,sa3019924,PSU,penn state university,,
2022,133.0,4.0,4,Trey Dombroski,Monmouth University,4YR JR,Houston Astros,matched_exact_name,100.0,100.0,1,Trey Dombroski,sa3020833,MONM,monmouth university,,
2022,134.0,4.0,4,Dom Keegan,Vanderbilt,4YR SR,Tampa Bay Rays,matched_school_surname,0.0,100.0,1,Dominic Keegan,sa3020194,VAN,vanderbilt university,,
2022,135.0,4.0,4,Nick Biddison,Virginia Tech,4YR JR,Los Angeles Dodgers,matched_exact_name,100.0,100.0,1,Nick Biddison,sa3019888,VT,virginia tech,,
2022,136.0,4.0,4,Spencer Miles,Missouri,4YR JR,San Francisco Giants,matched_exact_name,100.0,100.0,1,Spencer Miles,sa3020475,MIZ,university of missouri,,
2022,137.0,5.0,5,Trace Bright,Auburn,4YR SR,Baltimore Orioles,matched_exact_name,100.0,100.0,1,Trace Bright,sa3020558,AUB,auburn university,,
2022,138.0,5.0,5,Andrew Pintar,BYU,4YR JR,Arizona Diamondbacks,no_candidate,,,0,,,,,,
2022,139.0,5.0,5,Chandler Pollard,Woodward Academy,HS SR,Texas Rangers,no_candidate,,,0,,,,,,
2022,140.0,5.0,5,Tres Gonzalez,Georgia Tech,4YR JR,Pittsburgh Pirates,matched_exact_name,100.0,100.0,1,Tres Gonzalez,sa3020121,GT,georgia institute of technology,,
2022,141.0,5.0,5,Jared McKenzie,Baylor,4YR JR,Washington Nationals,matched_exact_name,100.0,100.0,1,Jared McKenzie,sa3020273,BAY,baylor university,,
2022,142.0,5.0,5,Josh White,California,4YR JR,Miami Marlins,matched_exact_name,100.0,100.0,1,Josh White,sa3019953,CAL,"university of california, berkeley",,
2022,143.0,5.0,5,Brandon Birdsell,Texas Tech,4YR SR,Chicago Cubs,matched_exact_name,100.0,100.0,1,Brandon Birdsell,sa3020797,TTU,texas tech university,,
2022,144.0,5.0,5,Ben Ross,Notre Dame Col,4YR JR,Minnesota Twins,no_candidate,,,0,,,,,,
2022,145.0,5.0,5,Hunter Patteson,Central Florida,4YR JR,Kansas City Royals,no_candidate,,,0,,,,,,
2022,146.0,5.0,5,Connor Staine,Central Florida,4YR JR,Colorado Rockies,no_candidate,,,0,,,,,,
2022,147.0,5.0,5,Luke Gold,Boston College,4YR JR,Detroit Tigers,matched_exact_name,100.0,100.0,1,Luke Gold,sa3019986,BC,boston college,,
2022,148.0,5.0,5,Sonny DiChiara,Auburn,4YR SR,Los Angeles Angels,matched_exact_name,100.0,100.0,1,Sonny DiChiara,sa3019866,AUB,auburn university,,
2022,149.0,5.0,5,D'Andre Smith,USC,4YR SO,New York Mets,matched_exact_name,100.0,100.0,1,D'Andre Smith,sa3020536,USC,university of southern california,,
2022,150.0,5.0,5,Nathan Martorella,California,4YR JR,San Diego Padres,matched_exact_name,100.0,100.0,1,Nathan Martorella,sa3019978,CAL,"university of california, berkeley",,
2022,151.0,5.0,5,Guy Lipscomb,Belmont University,4YR SO,Cleveland Guardians,matched_exact_name,100.0,100.0,1,Guy Lipscomb,sa3020764,BEL,belmont university,,
2022,152.0,5.0,5,Orion Kerkering,South Florida,4YR JR,Philadelphia Phillies,matched_exact_name,100.0,100.0,1,Orion Kerkering,31776,USF,university of south florida,,
2022,153.0,5.0,5,Cade Hunter,Virginia Tech,4YR JR,Cincinnati Reds,matched_exact_name,100.0,100.0,1,Cade Hunter,sa3020199,VT,virginia tech,,
2022,154.0,5.0,5,Jack Perkins,Indiana,4YR SR,Athletics,matched_exact_name,100.0,100.0,1,Jack Perkins,31468,IU,indiana university,,
2022,155.0,5.0,5,Nacho Alvarez Jr.,Riverside CC,JC J1,Atlanta Braves,no_candidate,,,0,,,,,,
2022,156.0,5.0,5,Reid VanScoter,Coastal Carolina,4YR 5S,Seattle Mariners,matched_exact_name,100.0,100.0,1,Reid VanScoter,sa3020839,CCU,coastal carolina university,,
2022,157.0,5.0,5,Victor Scott II,West Virginia,4YR JR,St. Louis Cardinals,matched_exact_name,100.0,100.0,1,Victor Scott II,31349,WVU,west virginia university,,
2022,158.0,5.0,5,Mason Fluharty,Liberty University,4YR JR,Toronto Blue Jays,matched_exact_name,100.0,100.0,1,Mason Fluharty,31553,LIB,liberty university,,
2022,159.0,5.0,5,Noah Dean,Old Dominion,4YR JR,Boston Red Sox,no_candidate,,,0,,,,,,
2022,160.0,5.0,5,Eric Reyzelman,LSU,4YR JR,New York Yankees,no_candidate,,,0,,,,,,
2022,161.0,5.0,5,Tyler Schweitzer,Ball State,4YR JR,Chicago White Sox,matched_exact_name,100.0,100.0,1,Tyler Schweitzer,sa3020712,BALL,ball state university,,
2022,162.0,5.0,5,Will Rudy,Cal Poly Pomona,4YR JR,Milwaukee Brewers,no_candidate,,,0,,,,,,
2022,163.0,5.0,5,Nolan DeVos,Davidson,4YR JR,Houston Astros,matched_exact_name,100.0,100.0,1,Nolan DeVos,sa3020453,DAV,davidson college,,
2022,164.0,5.0,5,Jalen Battles,Arkansas,4YR SR,Tampa Bay Rays,matched_exact_name,100.0,100.0,1,Jalen Battles,sa3020205,ARK,university of arkansas,,
2022,165.0,5.0,5,Sean McLain,Arizona State,4YR JR,Los Angeles Dodgers,matched_exact_name,100.0,100.0,1,Sean McLain,sa3019890,ASU,arizona state university,,
2022,166.0,5.0,5,Liam Simon,Notre Dame,4YR JR,San Francisco Giants,no_candidate,,,0,,,,,,
2022,167.0,6.0,6,Douglas Hodo III,Texas,4YR JR,Baltimore Orioles,matched_exact_name,100.0,100.0,1,Douglas Hodo III,sa3020614,TEX,university of texas at austin,,
2022,168.0,6.0,6,Will Mabrey,Tennessee,4YR JR,Arizona Diamondbacks,no_candidate,,,0,,,,,,
2022,169.0,6.0,6,Tommy Specht,Wahlert HS,HS SR,Texas Rangers,no_candidate,,,0,,,,,,
2022,170.0,6.0,6,Derek Diamond,Ole Miss,4YR JR,Pittsburgh Pirates,matched_exact_name,100.0,100.0,1,Derek Diamond,sa3020470,MISS,university of mississippi,,
2022,171.0,6.0,6,Nathaniel Ochoa Leyva,Notre Dame Catholic SS,HS SR,Washington Nationals,no_candidate,,,0,,,,,,
2022,172.0,6.0,6,Jared Poland,Louisville,4YR SR,Miami Marlins,matched_exact_name,100.0,100.0,1,Jared Poland,sa3020252,LOU,university of louisville,,
2022,173.0,6.0,6,Will Frisch,Oregon State,4YR JR,Chicago Cubs,no_candidate,,,0,,,,,,
2022,174.0,6.0,6,Jorel Ortega,Tennessee,4YR JR,Minnesota Twins,matched_exact_name,100.0,100.0,1,Jorel Ortega,sa3020090,TENN,university of tennessee knoxville,,
2022,175.0,6.0,6,Hayden Dunhurst,Ole Miss,4YR JR,Kansas City Royals,matched_exact_name,100.0,100.0,1,Hayden Dunhurst,sa3019889,MISS,university of mississippi,,
2022,176.0,6.0,6,Michael Prosecky,Louisville,4YR JR,Colorado Rockies,no_candidate,,,0,,,,,,
2022,177.0,6.0,6,Danny Serretti,North Carolina,4YR SR,Detroit Tigers,matched_exact_name,100.0,100.0,1,Danny Serretti,sa3019967,UNC,university of north carolina at chapel hill,,
2022,178.0,6.0,6,Victor Mederos,Oklahoma State,4YR SO,Los Angeles Angels,matched_exact_name,100.0,100.0,1,Victor Mederos,31533,OKST,oklahoma state university,,
2022,179.0,6.0,6,Tyler Stuart,Southern Mississippi,4YR SR,New York Mets,no_candidate,,,0,,,,,,
2022,180.0,6.0,6,Jakob Marsee,Central Michigan,4YR JR,San Diego Padres,matched_exact_name,100.0,100.0,1,Jakob Marsee,31370,CMU,central michigan university,,
2022,181.0,6.0,6,Dylan DeLucia,Ole Miss,4YR JR,Cleveland Guardians,matched_exact_name,100.0,100.0,1,Dylan DeLucia,sa3024964,MISS,university of mississippi,,
2022,182.0,6.0,6,Mavis Graves,Eastside HS,HS SR,Philadelphia Phillies,no_candidate,,,0,,,,,,
2022,183.0,6.0,6,Zach Maxwell,Georgia Tech,4YR JR,Cincinnati Reds,matched_exact_name,100.0,100.0,1,Zach Maxwell,sa3020255,GT,georgia institute of technology,,
2022,184.0,6.0,6,Brennan Milone,Oregon,4YR JR,Athletics,matched_exact_name,100.0,100.0,1,Brennan Milone,sa3019974,ORE,university of oregon,,
2022,185.0,6.0,6,Seth Keller,Hanover HS,HS SR,Atlanta Braves,no_candidate,,,0,,,,,,
2022,186.0,6.0,6,Josh Hood,NC State,4YR SR,Seattle Mariners,matched_exact_name,100.0,100.0,1,Josh Hood,sa3020268,NCSU,north carolina state university,,
2022,187.0,6.0,6,Max Rajcic,UCLA,4YR SO,St. Louis Cardinals,matched_exact_name,100.0,100.0,1,Max Rajcic,sa3020746,UCLA,"university of california, los angeles",,
2022,188.0,6.0,6,T.J. Brock,Ohio State,4YR SR,Toronto Blue Jays,no_candidate,,,0,,,,,,
2022,189.0,6.0,6,Alex Hoppe,UNC Greensboro,4YR 5S,Boston Red Sox,matched_exact_name,100.0,100.0,1,Alex Hoppe,sa3020836,UNCG,university of north carolina at greensboro,,
2022,190.0,6.0,6,Chase Hampton,Texas Tech,4YR SO,New York Yankees,matched_exact_name,100.0,100.0,1,Chase Hampton,sa3020682,TTU,texas tech university,,
2022,191.0,6.0,6,Eric Adler,Wake Forest,4YR JR,Chicago White Sox,no_candidate,,,0,,,,,,
2022,192.0,6.0,6,Tyler Woessner,Central Arizona College,JC J3,Milwaukee Brewers,no_candidate,,,0,,,,,,
2022,193.0,6.0,6,Collin Price,Mercer,4YR SR,Houston Astros,no_candidate,,,0,,,,,,
2022,194.0,6.0,6,Gary Gill Hill,John F. Kennedy Catholic HS,HS SR,Tampa Bay Rays,no_candidate,,,0,,,,,,
2022,195.0,6.0,6,Logan Wagner,P27 Academy,HS SR,Los Angeles Dodgers,no_candidate,,,0,,,,,,
2022,196.0,6.0,6,Hayden Birdsong,Eastern Illinois U,4YR JR,San Francisco Giants,matched_exact_name,100.0,100.0,1,Hayden Birdsong,31635,EIU,eastern illinois university,,
2022,197.0,7.0,7,Preston Johnson,Mississippi State,4YR SR,Baltimore Orioles,matched_exact_name,100.0,100.0,1,Preston Johnson,sa3020565,MSST,mississippi state university,,
2022,198.0,7.0,7,Demetrio Crisantes,Nogales HS,HS SR,Arizona Diamondbacks,no_candidate,,,0,,,,,,
2022,199.0,7.0,7,Luis Ramirez,Long Beach State,4YR JR,Texas Rangers,no_candidate,,,0,,,,,,
2022,200.0,7.0,7,J.P. Massey,Minnesota,4YR SR,Pittsburgh Pirates,matched_exact_name,100.0,100.0,1,J.P. Massey,sa3020803,MINN,university of minnesota,,
2022,201.0,7.0,7,Riley Cornelio,TCU,4YR JR,Washington Nationals,matched_exact_name,100.0,100.0,1,Riley Cornelio,sa3020830,TCU,texas christian university,,
2022,202.0,7.0,7,Kyle Crigger,Louisiana Tech,4YR 5S,Miami Marlins,matched_exact_name,100.0,100.0,1,Kyle Crigger,sa3019884,LT,louisiana tech university,,
2022,203.0,7.0,7,Nick Hull,Grand Canyon University,4YR 5S,Chicago Cubs,matched_exact_name,100.0,100.0,1,Nick Hull,sa3020624,GCU,grand canyon university,,
2022,204.0,7.0,7,Kyle Jones,Toledo,4YR SR,Minnesota Twins,matched_exact_name,100.0,100.0,1,Kyle Jones,sa3020556,TOL,university of toledo,,
2022,205.0,7.0,7,Mack Anglin,Clemson,4YR JR,Kansas City Royals,matched_exact_name,100.0,100.0,1,Mack Anglin,sa3020620,CLEM,clemson university,,
2022,206.0,7.0,7,Kody Huff,Stanford,4YR JR,Colorado Rockies,matched_exact_name,100.0,100.0,1,Kody Huff,sa3019982,STAN,stanford university,,
2022,207.0,7.0,7,Seth Stephenson,Tennessee,4YR JR,Detroit Tigers,matched_exact_name,100.0,100.0,1,Seth Stephenson,sa3020495,TENN,university of tennessee knoxville,,
2022,208.0,7.0,7,Roman Phansalkar,Oklahoma State,4YR 5S,Los Angeles Angels,matched_exact_name,100.0,100.0,1,Roman Phansalkar,sa3019949,OKST,oklahoma state university,,
2022,209.0,7.0,7,Jonah Tong,Georgia Premier Academy,HS SR,New York Mets,no_candidate,,,0,,,,,,
2022,210.0,7.0,7,Nick Vogt,UC Santa Barbara,4YR JR,San Diego Padres,matched_exact_name,100.0,100.0,1,Nick Vogt,sa3019984,UCSB,"university of california, santa barbara",,
2022,211.0,7.0,7,Javier Santos,Georgia Premier Academy,HS SR,Cleveland Guardians,no_candidate,,,0,,,,,,
2022,212.0,7.0,7,Caleb Ricketts,University of San Diego,4YR SR,Philadelphia Phillies,matched_exact_name,100.0,100.0,1,Caleb Ricketts,sa3019917,USD,university of san diego,,
2022,213.0,7.0,7,Trey Faltine,Texas,4YR JR,Cincinnati Reds,matched_exact_name,100.0,100.0,1,Trey Faltine,sa3020118,TEX,university of texas at austin,,
2022,214.0,7.0,7,Yeniel Laboy,Carlos Beltran Baseball Academy,HS SR,Athletics,no_candidate,,,0,,,,,,
2022,215.0,7.0,7,Adam Maier,Oregon,4YR JR,Atlanta Braves,no_candidate,,,0,,,,,,
2022,216.0,7.0,7,Hogan Windish,UNC Greensboro,4YR 5S,Seattle Mariners,matched_exact_name,100.0,100.0,1,Hogan Windish,sa3019805,UNCG,university of north carolina at greensboro,,
2022,217.0,7.0,7,Alex Iadisernia,Elon University,4YR JR,St. Louis Cardinals,matched_exact_name,100.0,100.0,1,Alex Iadisernia,sa3019867,ELON,elon university,,
2022,218.0,7.0,7,Peyton Williams,Iowa,4YR JR,Toronto Blue Jays,matched_exact_name,100.0,100.0,1,Peyton Williams,sa3020099,IOWA,university of iowa,,
2022,219.0,7.0,7,Caleb Bolden,TCU,4YR 5S,Boston Red Sox,no_candidate,,,0,,,,,,
2022,220.0,7.0,7,Cam Schlittler,Northeastern,4YR JR,New York Yankees,matched_exact_name,100.0,100.0,1,Cam Schlittler,32095,NE,northeastern university,,
2022,221.0,7.0,7,Mark McLaughlin,Tennessee,4YR JR,Chicago White Sox,rejected_fuzzy_school_guard,86.7,26.7,1,,,,,Jack McLaughlin,26.7
2022,222.0,7.0,7,Ben Metzinger,Louisville,4YR SR,Milwaukee Brewers,matched_exact_name,100.0,100.0,1,Ben Metzinger,sa3019927,LOU,university of louisville,,
2022,223.0,7.0,7,AJ Blubaugh,Milwaukee,4YR JR,Houston Astros,matched_exact_name,100.0,100.0,1,AJ Blubaugh,31764,MILW,university of wisconsin–milwaukee,,
2022,224.0,7.0,7,Blake Robertson,Oklahoma,4YR JR,Tampa Bay Rays,matched_exact_name,100.0,100.0,1,Blake Robertson,sa3020200,OU,university of oklahoma,,
2022,225.0,7.0,7,Chris Campos,St. Mary's College,4YR SO,Los Angeles Dodgers,matched_exact_name,100.0,100.0,1,Chris Campos,sa3020396,SMC,st. mary's california,,
2022,226.0,7.0,7,Zach Morgan,Fresno State,4YR SR,San Francisco Giants,matched_exact_name,100.0,100.0,1,Zach Morgan,sa3019968,FRES,fresno state university,,
2022,227.0,8.0,8,Cameron Weston,Michigan,4YR JR,Baltimore Orioles,matched_exact_name,100.0,100.0,1,Cameron Weston,sa3020528,MICH,university of michigan,,
2022,228.0,8.0,8,Adrian Rodriguez,International Baseball Academy,HS SR,Arizona Diamondbacks,rejected_fuzzy_school_guard,86.7,34.0,2,,,,,Ryan Rodriguez,34.0
2022,229.0,8.0,8,Matt Brosky,Youngstown State,4YR SR,Texas Rangers,matched_exact_name,100.0,100.0,1,Matt Brosky,sa3020706,YSU,youngstown state university,,
2022,230.0,8.0,8,Cy Nielson,BYU,4YR JR,Pittsburgh Pirates,no_candidate,,,0,,,,,,
2022,231.0,8.0,8,Chance Huff,Georgia Tech,4YR SR,Washington Nationals,matched_exact_name,100.0,100.0,1,Chance Huff,sa3020317,GT,georgia institute of technology,,
2022,232.0,8.0,8,Dale Stanavich,Rutgers,4YR SR,Miami Marlins,no_candidate,,,0,,,,,,
2022,233.0,8.0,8,Mason McGwire,Capistrano Valley HS,HS SR,Chicago Cubs,no_candidate,,,0,,,,,,
2022,234.0,8.0,8,Zebby Matthews,Western Carolina,4YR SR,Minnesota Twins,matched_exact_name,100.0,100.0,1,Zebby Matthews,31827,WCU,western carolina university,,
2022,235.0,8.0,8,Wesley Scott,Walters State CC,JC J2,Kansas City Royals,no_candidate,,,0,,,,,,
2022,236.0,8.0,8,Davison Palermo,North Carolina,4YR SR,Colorado Rockies,matched_exact_name,100.0,100.0,1,Davison Palermo,sa3020480,UNC,university of north carolina at chapel hill,,
2022,237.0,8.0,8,Jake Miller,Valparaiso,4YR JR,Detroit Tigers,matched_exact_name,100.0,100.0,2,Jake Miller,sa3020408,VAL,valparaiso university,,
2022,238.0,8.0,8,Dylan Phillips,Kansas State,4YR SR,Los Angeles Angels,matched_exact_name,100.0,100.0,1,Dylan Phillips,sa3019862,KSU,kansas st.,,
2022,239.0,8.0,8,Dylan Tebrake,Creighton,4YR SR,New York Mets,matched_exact_name,100.0,100.0,1,Dylan Tebrake,sa3020477,CREI,creighton university,,
2022,240.0,8.0,8,Griffin Doersching,Oklahoma State,4YR 5S,San Diego Padres,matched_exact_name,100.0,100.0,1,Griffin Doersching,sa3020003,OKST,oklahoma state university,,
2022,241.0,8.0,8,Jackson Humphries,Fuquay-Varina HS,HS SR,Cleveland Guardians,no_candidate,,,0,,,,,,
2022,242.0,8.0,8,Alex Rao,Notre Dame,4YR SR,Philadelphia Phillies,matched_exact_name,100.0,100.0,1,Alex Rao,sa3020595,ND,university of notre dame,,
2022,243.0,8.0,8,Chris McElvain,Vanderbilt,4YR JR,Cincinnati Reds,matched_exact_name,100.0,100.0,1,Chris McElvain,sa3020806,VAN,vanderbilt university,,
2022,244.0,8.0,8,Micah Dallas,Texas A&M,4YR SR,Athletics,matched_exact_name,100.0,100.0,1,Micah Dallas,sa3020391,TA&M,texas aandm university,,
2022,245.0,8.0,8,Jason Franks,Cal Poly San Luis Obispo,4YR 5S,Atlanta Braves,matched_exact_name,100.0,100.0,1,Jason Franks,sa3019912,CP,california polytechnic state university,,
2022,246.0,8.0,8,Tatem Levins,Pittsburgh,4YR SR,Seattle Mariners,matched_exact_name,100.0,100.0,1,Tatem Levins,sa3020278,PITT,university of pittsburgh,,
2022,247.0,8.0,8,Cade Winquest,University of Texas - Arlington,4YR SR,St. Louis Cardinals,matched_exact_name,100.0,100.0,1,Cade Winquest,sa3020805,UTA,university of texas at arlington,,
2022,248.0,8.0,8,Dylan Rock,Texas A&M,4YR 5S,Toronto Blue Jays,matched_exact_name,100.0,100.0,1,Dylan Rock,sa3020085,TA&M,texas aandm university,,
2022,249.0,8.0,8,Jonathan Brand,Miami University,4YR SR,Boston Red Sox,matched_exact_name,100.0,100.0,1,Jonathan Brand,sa3020567,M-OH,miami university-ohio,,
2022,250.0,8.0,8,Brett Barrera,Stanford,4YR JR,New York Yankees,matched_exact_name,100.0,100.0,1,Brett Barrera,sa3019975,STAN,stanford university,,
2022,251.0,8.0,8,Mario Camilletti,Central Michigan,4YR 5S,Chicago White Sox,matched_exact_name,100.0,100.0,1,Mario Camilletti,sa3020192,CMU,central michigan university,,
2022,252.0,8.0,8,Nate Peterson,University of Illinois at Chicago,4YR SR,Milwaukee Brewers,matched_exact_name,100.0,100.0,1,Nate Peterson,sa3020804,UIC,university of illinois at chicago,,
2022,253.0,8.0,8,Tyler Guilfoil,Kentucky,4YR SR,Houston Astros,matched_exact_name,100.0,100.0,1,Tyler Guilfoil,sa3020113,UK,university of kentucky,,
2022,254.0,8.0,8,Sean Harney,Kentucky,4YR 5S,Tampa Bay Rays,matched_exact_name,100.0,100.0,1,Sean Harney,sa3020472,UK,university of kentucky,,
2022,255.0,8.0,8,Taylor Young,Louisiana Tech,4YR 5S,Los Angeles Dodgers,matched_exact_name,100.0,100.0,1,Taylor Young,sa3019907,LT,louisiana tech university,,
2022,256.0,8.0,8,Wade Meckler,Oregon State,4YR SR,San Francisco Giants,matched_exact_name,100.0,100.0,1,Wade Meckler,31490,ORST,oregon state university,,
2022,257.0,9.0,9,Adam Crampton,Stanford,4YR JR,Baltimore Orioles,matched_exact_name,100.0,100.0,1,Adam Crampton,sa3019944,STAN,stanford university,,
2022,258.0,9.0,9,Gavin Logan,Oregon State,4YR SR,Arizona Diamondbacks,matched_exact_name,100.0,100.0,1,Gavin Logan,sa3020191,ORST,oregon state university,,
2022,259.0,9.0,9,Griffin Cheney,Georgia St U,4YR 5S,Texas Rangers,matched_exact_name,100.0,100.0,1,Griffin Cheney,sa3020142,GAST,georgia state university,,
2022,260.0,9.0,9,Michael Walsh,Yale,4YR JR,Pittsburgh Pirates,matched_exact_name,100.0,100.0,1,Michael Walsh,sa3020337,YALE,yale university,,
2022,261.0,9.0,9,Maxwell Romero Jr.,Miami,4YR JR,Washington Nationals,matched_exact_name,100.0,100.0,1,Maxwell Romero Jr.,sa3020271,MIA,university of miami,,
2022,262.0,9.0,9,Evan Taylor,Arkansas,4YR SR,Miami Marlins,no_candidate,,,0,,,,,,
2022,263.0,9.0,9,Connor Noland,Arkansas,4YR SR,Chicago Cubs,matched_exact_name,100.0,100.0,1,Connor Noland,sa3020834,ARK,university of arkansas,,
2022,264.0,9.0,9,Cory Lewis,UC Santa Barbara,4YR JR,Minnesota Twins,matched_exact_name,100.0,100.0,1,Cory Lewis,sa3020702,UCSB,"university of california, santa barbara",,
2022,265.0,9.0,9,Brandon Johnson,Ole Miss,4YR SR,Kansas City Royals,rejected_fuzzy_school_guard,86.7,30.8,1,,,,,Brayden Johnson,30.8
2022,266.0,9.0,9,Brad Cumbest,No School,NS,Colorado Rockies,rejected_school_guard,100.0,17.4,1,,,,,Brad Cumbest,17.4
2022,266.0,9.0,,,,,,carried_over_existing,,,0,Brad Cumbest,sa3029671,MSST,mississippi state university,,
2022,267.0,9.0,9,Andrew Jenkins,Georgia Tech,4YR JR,Detroit Tigers,matched_exact_name,100.0,100.0,1,Andrew Jenkins,sa3019979,GT,georgia institute of technology,,
2022,268.0,9.0,9,Joe Stewart,Michigan,4YR 5S,Los Angeles Angels,matched_exact_name,100.0,100.0,1,Joe Stewart,sa3019852,MICH,university of michigan,,
2022,269.0,9.0,9,Chase Estep,Kentucky,4YR JR,New York Mets,matched_exact_name,100.0,100.0,1,Chase Estep,sa3020120,UK,university of kentucky,,
2022,270.0,9.0,9,Dylan Nedved,Iowa,4YR 5S,San Diego Padres,matched_exact_name,100.0,100.0,1,Dylan Nedved,sa3020326,IOWA,university of iowa,,
2022,271.0,9.0,9,Austin Peterson,Connecticut,4YR SR,Cleveland Guardians,matched_exact_name,100.0,100.0,1,Austin Peterson,sa3020868,CONN,university of connecticut,,
2022,272.0,9.0,9,Chad Castillo,California Baptist University,4YR SR,Philadelphia Phillies,no_candidate,,,0,,,,,,
2022,273.0,9.0,9,Rob Hensey,Monmouth University,4YR SR,Cincinnati Reds,matched_exact_name,100.0,100.0,1,Rob Hensey,sa3020332,MONM,monmouth university,,
2022,274.0,9.0,9,Caeden Trenkle,Oklahoma State,4YR SO,Athletics,matched_exact_name,100.0,100.0,1,Caeden Trenkle,sa3019991,OKST,oklahoma state university,,
2022,275.0,9.0,9,Cory Acton,Georgia,4YR SR,Atlanta Braves,matched_exact_name,100.0,100.0,1,Cory Acton,sa3019887,UGA,university of georgia,,
2022,276.0,9.0,9,Tyler Gough,JSerra Catholic HS,HS SR,Seattle Mariners,no_candidate,,,0,,,,,,
2022,277.0,9.0,9,Joseph King,California,4YR JR,St. Louis Cardinals,matched_exact_name,100.0,100.0,1,Joseph King,sa3020857,CAL,"university of california, berkeley",,
2022,278.0,9.0,9,Devereaux Harrison,Long Beach State,4YR JR,Toronto Blue Jays,no_candidate,,,0,,,,,,
2022,279.0,9.0,9,Brooks Brannon,Randleman HS,HS SR,Boston Red Sox,no_candidate,,,0,,,,,,
2022,280.0,9.0,9,Matt Keating,USC,4YR JR,New York Yankees,rejected_fuzzy_school_guard,85.7,57.1,1,,,,,Matt King,57.1
2022,281.0,9.0,9,Michael Turner,Arkansas,4YR 5S,Chicago White Sox,matched_exact_name,100.0,100.0,1,Michael Turner,sa3020658,ARK,university of arkansas,,
2022,282.0,9.0,9,Tayden Hall,State College of Florida Manatee - Sarasota,JC J1,Milwaukee Brewers,no_candidate,,,0,,,,,,
2022,283.0,9.0,9,Brett Gillis,University of Portland,4YR SR,Houston Astros,matched_exact_name,100.0,100.0,1,Brett Gillis,sa3020110,PORT,portland state university,,
2022,284.0,9.0,9,Chris Villaman,NC State,4YR JR,Tampa Bay Rays,matched_exact_name,100.0,100.0,1,Chris Villaman,sa3023559,NCSU,north carolina state university,,
2022,285.0,9.0,9,Brandon Neeck,Virginia,4YR SR,Los Angeles Dodgers,no_candidate,,,0,,,,,,
2022,286.0,9.0,9,Jack Choate,Assumption Col,4YR JR,San Francisco Giants,no_candidate,,,0,,,,,,
2022,287.0,10.0,10,Wyatt Cheney,McLennan CC,JC J3,Baltimore Orioles,no_candidate,,,0,,,,,,
2022,288.0,10.0,10,Brett Johnson,Southern Illinois University Edwardsville,4YR SR,Arizona Diamondbacks,matched_exact_name,100.0,100.0,1,Brett Johnson,sa3019869,SIUE,southern illinois university edwardsville,,
2022,289.0,10.0,10,Josh Hatcher,Kennesaw State,4YR 5S,Texas Rangers,matched_exact_name,100.0,100.0,1,Josh Hatcher,sa3020115,KENN,kennesaw state university,,
2022,290.0,10.0,10,Tanner Tredaway,Oklahoma,4YR 5S,Pittsburgh Pirates,matched_exact_name,100.0,100.0,1,Tanner Tredaway,sa3020197,OU,university of oklahoma,,
2022,291.0,10.0,10,Murphy Stehly,Texas,4YR 5S,Washington Nationals,matched_exact_name,100.0,100.0,1,Murphy Stehly,sa3020276,TEX,university of texas at austin,,
2022,292.0,10.0,10,Cade Gibson,Louisiana Tech U,4YR 5S,Miami Marlins,matched_exact_name,100.0,100.0,1,Cade Gibson,31815,LT,louisiana tech university,,
2022,293.0,10.0,10,Brody McCullough,Wingate,4YR SR,Chicago Cubs,no_candidate,,,0,,,,,,
2022,294.0,10.0,10,Dalton Shuffield,Texas State,4YR 5S,Minnesota Twins,matched_exact_name,100.0,100.0,1,Dalton Shuffield,sa3020270,TXST,texas state university,,
2022,295.0,10.0,10,Levi Usher,Louisville,4YR SR,Kansas City Royals,matched_exact_name,100.0,100.0,1,Levi Usher,sa3019886,LOU,university of louisville,,
2022,296.0,10.0,10,Zach Agnos,East Carolina,4YR JR,Colorado Rockies,matched_exact_name,100.0,100.0,1,Zach Agnos,31552,ECU,east carolina university,,
2022,297.0,10.0,10,Trevin Michael,Oklahoma,4YR 5S,Detroit Tigers,matched_exact_name,100.0,100.0,1,Trevin Michael,sa3020400,OU,university of oklahoma,,
2022,298.0,10.0,10,Matt Coutney,Old Dominion,4YR 5S,Los Angeles Angels,matched_exact_name,100.0,100.0,1,Matt Coutney,sa3020413,ODU,old dominion university,,
2022,299.0,10.0,10,Zebulon Vermillion,Arkansas,4YR SR,New York Mets,no_candidate,,,0,,,,,,
2022,300.0,10.0,10,Jackson Smeltz,Purdue,4YR SR,San Diego Padres,matched_exact_name,100.0,100.0,1,Jackson Smeltz,sa3023810,PUR,purdue university,,
2022,301.0,10.0,10,Jacob Zibin,TNXL Academy,HS SR,Cleveland Guardians,no_candidate,,,0,,,,,,
2022,302.0,10.0,10,Gustavo Sosa,South Mountain CC,JC J3,Philadelphia Phillies,no_candidate,,,0,,,,,,
2022,303.0,10.0,10,Brody Jessee,Gonzaga,4YR JR,Cincinnati Reds,no_candidate,,,0,,,,,,
2022,304.0,10.0,10,Brock Rodden,Wichita State,4YR JR,Athletics,matched_exact_name,100.0,100.0,1,Brock Rodden,sa3022432,WICH,wichita state university,,
2022,305.0,10.0,10,Andrew Keck,Southeast Missouri St U,4YR SR,Atlanta Braves,matched_exact_name,100.0,100.0,1,Andrew Keck,sa3019908,SEMO,southeast missouri state university,,
2022,306.0,10.0,10,Bill Knight,Mercer,4YR SR,Seattle Mariners,rejected_fuzzy_school_guard,90.9,22.2,1,,,,,Will Knight,22.2
2022,307.0,10.0,10,Tanner Jacobson,Queens University of Charlotte,4YR SR,St. Louis Cardinals,no_candidate,,,0,,,,,,
2022,308.0,10.0,10,Ian Churchill,University of San Diego,4YR 5S,Toronto Blue Jays,matched_exact_name,100.0,100.0,1,Ian Churchill,sa3020234,USD,university of san diego,,
2022,309.0,10.0,10,Isaac Coffey,Oral Roberts U,4YR JR,Boston Red Sox,matched_exact_name,100.0,100.0,1,Isaac Coffey,sa3020222,ORU,oral roberts university,,
2022,310.0,10.0,10,Will Brian,Eastern Kentucky,4YR 5S,New York Yankees,no_candidate,,,0,,,,,,
2022,311.0,10.0,10,Tim Elko,Ole Miss,4YR 5S,Chicago White Sox,matched_exact_name,100.0,100.0,1,Tim Elko,31522,MISS,university of mississippi,,
2022,312.0,10.0,10,Brian Fitzpatrick,Rutgers,4YR SR,Milwaukee Brewers,no_candidate,,,0,,,,,,
2022,313.0,10.0,10,Zach Cole,Ball State,4YR JR,Houston Astros,matched_exact_name,100.0,100.0,1,Zach Cole,sa3019937,BALL,ball state university,,
2022,314.0,10.0,10,Cade Halemanu,Hawaii,4YR SR,Tampa Bay Rays,matched_exact_name,100.0,100.0,1,Cade Halemanu,sa3020328,HAW,university of hawaii manoa,,
2022,315.0,10.0,10,Simon Reid,Westmont College,4YR JR,Los Angeles Dodgers,no_candidate,,,0,,,,,,
2022,316.0,10.0,10,John Michael Bertrand,Notre Dame,4YR 5S,San Francisco Giants,matched_exact_name,100.0,100.0,1,John Michael Bertrand,sa3020082,ND,university of notre dame,,
2022,317.0,11.0,11,Zack Showalter,Wesley Chapel HS,HS SR,Baltimore Orioles,no_candidate,,,0,,,,,,
2022,318.0,11.0,11,Spencer Giesting,UNC Charlotte,4YR SO,Arizona Diamondbacks,matched_exact_name,100.0,100.0,1,Spencer Giesting,sa3020402,CLT,university of north carolina at charlotte,,
2022,319.0,11.0,11,Kohl Drake,Walters State CC,JC J3,Texas Rangers,no_candidate,,,0,,,,,,
2022,320.0,11.0,11,Dominic Perachi,Salve Regina U,4YR JR,Pittsburgh Pirates,no_candidate,,,0,,,,,,
2022,321.0,11.0,11,Luke Young,Midland College,JC J2,Washington Nationals,no_candidate,,,0,,,,,,
2022,322.0,11.0,11,Alex Williams,Stanford,4YR SR,Miami Marlins,matched_exact_name,100.0,100.0,1,Alex Williams,sa3020314,STAN,stanford university,,
2022,323.0,11.0,11,Branden Noriega,No School,NS,Chicago Cubs,no_candidate,,,0,,,,,,
2022,324.0,11.0,11,Andrew Cossetti,Saint Joseph's,4YR SR,Minnesota Twins,matched_exact_name,100.0,100.0,1,Andrew Cossetti,sa3020493,JOES,st. joseph's university,,
2022,325.0,11.0,11,David Sandlin,Oklahoma,4YR JR,Kansas City Royals,matched_exact_name,100.0,100.0,1,David Sandlin,sa3020606,OU,university of oklahoma,,
2022,326.0,11.0,11,Carson Skipper,Auburn,4YR SR,Colorado Rockies,matched_exact_name,100.0,100.0,1,Carson Skipper,sa3020451,AUB,auburn university,,
2022,327.0,11.0,11,Joe Miller,Pennsylvania,4YR SR,Detroit Tigers,matched_exact_name,100.0,100.0,1,Joe Miller,sa3020393,PENN,university of pennsylvania,,
2022,328.0,11.0,11,Caden Dana,Don Bosco Prep HS,HS SR,Los Angeles Angels,no_candidate,,,0,,,,,,
2022,329.0,11.0,11,Rhylan Thomas,USC,4YR JR,New York Mets,matched_exact_name,100.0,100.0,1,Rhylan Thomas,31793,USC,university of southern california,,
2022,330.0,11.0,11,Isaiah Lowe,Combine Academy,HS SR,San Diego Padres,no_candidate,,,0,,,,,,
2022,331.0,11.0,11,Magnus Ellerts,Florida SouthWestern State College,JC J3,Cleveland Guardians,no_candidate,,,0,,,,,,
2022,332.0,11.0,11,Emaarion Boyd,South Panola HS,HS SR,Philadelphia Phillies,no_candidate,,,0,,,,,,
2022,333.0,11.0,11,Ben Brutti,South Kingstown HS,HS SR,Cincinnati Reds,no_candidate,,,0,,,,,,
2022,334.0,11.0,11,Christian Oppor,Columbus HS,HS SR,Athletics,no_candidate,,,0,,,,,,
2022,335.0,11.0,11,Ian Mejia,New Mexico State,4YR SR,Atlanta Braves,matched_exact_name,100.0,100.0,1,Ian Mejia,sa3019911,NMSU,new mexico state university,,
2022,336.0,11.0,11,Marcelo Perez,TCU,4YR SR,Seattle Mariners,matched_exact_name,100.0,100.0,1,Marcelo Perez,sa3020889,TCU,texas christian university,,
2022,337.0,11.0,11,Nathan Church,University of California - Irvine,4YR SR,St. Louis Cardinals,matched_exact_name,100.0,100.0,1,Nathan Church,sa3019842,UCI,"university of california, irvine",,
2022,338.0,11.0,11,Pat Gallagher,Connecticut,4YR JR,Toronto Blue Jays,matched_exact_name,100.0,100.0,1,Pat Gallagher,sa3020938,CONN,university of connecticut,,
2022,339.0,11.0,11,Marques Johnson,Long Beach State,4YR SR,Boston Red Sox,no_candidate,,,0,,,,,,
2022,340.0,11.0,11,Ryan Harvey,UC Santa Barbara,4YR JR,New York Yankees,no_candidate,,,0,,,,,,
2022,341.0,11.0,11,Jacob Burke,Miami,4YR JR,Chicago White Sox,matched_exact_name,100.0,100.0,1,Jacob Burke,sa3019934,MIA,university of miami,,
2022,342.0,11.0,11,Cameron Wagoner,Eastern Michigan,4YR JR,Milwaukee Brewers,rejected_fuzzy_school_guard,86.7,20.0,1,,,,,Cameron Swanger,20.0
2022,343.0,11.0,11,Ryan Clifford,Crossroads FLEX HS,HS SR,Houston Astros,no_candidate,,,0,,,,,,
2022,344.0,11.0,11,Drew Sommers,Central Arizona College,JC J3,Tampa Bay Rays,no_candidate,,,0,,,,,,
2022,345.0,11.0,11,Kyle Nevin,Baylor,4YR JR,Los Angeles Dodgers,matched_exact_name,100.0,100.0,1,Kyle Nevin,sa3019894,BAY,baylor university,,
2022,346.0,11.0,11,Sam Bower,St. Mary's College,4YR SO,San Francisco Giants,no_candidate,,,0,,,,,,
2022,347.0,12.0,12,Bradley Brehmer,Indiana,4YR SR,Baltimore Orioles,matched_exact_name,100.0,100.0,1,Bradley Brehmer,sa3020828,IU,indiana university,,
2022,348.0,12.0,12,Malachi Witherspoon,Fletcher HS,HS SR,Arizona Diamondbacks,no_candidate,,,0,,,,,,
2022,349.0,12.0,12,Jackson Kelley,Mercer,4YR SR,Texas Rangers,no_candidate,,,0,,,,,,
2022,350.0,12.0,12,K.C. Hunt,Mississippi State,4YR JR,Pittsburgh Pirates,no_candidate,,,0,,,,,,
2022,351.0,12.0,12,Nick Peoples,Northview HS,HS SR,Washington Nationals,no_candidate,,,0,,,,,,
2022,352.0,12.0,12,Cole Kirschsieper,Illinois,4YR JR,Miami Marlins,matched_exact_name,100.0,100.0,1,Cole Kirschsieper,sa3020258,ILL,university of illinois,,
2022,353.0,12.0,12,Mathew Peters,Ivy Tech,4YR SO,Chicago Cubs,no_candidate,,,0,,,,,,
2022,354.0,12.0,12,Nate Baez,Arizona State,4YR JR,Minnesota Twins,matched_exact_name,100.0,100.0,1,Nate Baez,sa3020272,ASU,arizona state university,,
2022,355.0,12.0,12,Jack Pineda,Baylor,4YR SR,Kansas City Royals,matched_exact_name,100.0,100.0,1,Jack Pineda,sa3020762,BAY,baylor university,,
2022,356.0,12.0,12,Caleb Franzen,University of Portland,4YR JR,Colorado Rockies,matched_exact_name,100.0,100.0,1,Caleb Franzen,sa3020531,PORT,portland state university,,
2022,357.0,12.0,12,Cole Stupp,Kentucky,4YR JR,Detroit Tigers,no_candidate,,,0,,,,,,
2022,358.0,12.0,12,Jared Southard,Texas,4YR JR,Los Angeles Angels,no_candidate,,,0,,,,,,
2022,359.0,12.0,12,Paul Gervase,LSU,4YR SR,New York Mets,no_candidate,,,0,,,,,,
2022,360.0,12.0,12,Austin Krob,TCU,4YR SR,San Diego Padres,no_candidate,,,0,,,,,,
2022,361.0,12.0,12,Jack Jasiak,South Florida,4YR JR,Cleveland Guardians,no_candidate,,,0,,,,,,
2022,362.0,12.0,12,Jordan Dissin,Saddleback College,JC J2,Philadelphia Phillies,no_candidate,,,0,,,,,,
2022,363.0,12.0,12,Mason Pelio,Boston College,4YR SR,Cincinnati Reds,no_candidate,,,0,,,,,,
2022,364.0,12.0,12,T.J. Czyz,Cosumnes River College,JC J3,Athletics,no_candidate,,,0,,,,,,
2022,365.0,12.0,12,Justin Janas,Illinois,4YR JR,Atlanta Braves,matched_exact_name,100.0,100.0,1,Justin Janas,sa3019903,ILL,university of illinois,,
2022,366.0,12.0,12,Troy Taylor,University of California - Irvine,4YR JR,Seattle Mariners,no_candidate,,,0,,,,,,
2022,367.0,12.0,12,Michael Curialle,UCLA,4YR JR,St. Louis Cardinals,matched_exact_name,100.0,100.0,1,Michael Curialle,sa3019837,UCLA,"university of california, los angeles",,
2022,368.0,12.0,12,Nolan Perry,Carlsbad HS,HS SR,Toronto Blue Jays,no_candidate,,,0,,,,,,
2022,369.0,12.0,12,Hayden Mullins,Auburn,4YR JR,Boston Red Sox,no_candidate,,,0,,,,,,
2022,370.0,12.0,12,Jackson Fristoe,Mississippi State,4YR SO,New York Yankees,no_candidate,,,0,,,,,,
2022,371.0,12.0,12,Brooks Baldwin,UNC Wilmington,4YR SR,Chicago White Sox,matched_exact_name,100.0,100.0,1,Brooks Baldwin,31394,UNCW,university of north carolina at wilmington,,
2022,372.0,12.0,12,Luke Adams,Hinsdale Central HS,HS SR,Milwaukee Brewers,no_candidate,,,0,,,,,,
2022,373.0,12.0,12,Zach Dezenzo,Ohio State,4YR SR,Houston Astros,matched_exact_name,100.0,100.0,1,Zach Dezenzo,31562,OSU,ohio state university,,
2022,374.0,12.0,12,Alex Cook,Colby CC,JC J2,Tampa Bay Rays,no_candidate,,,0,,,,,,
2022,375.0,12.0,12,Jacob Meador,Dallas Baptist,4YR JR,Los Angeles Dodgers,matched_exact_name,100.0,100.0,1,Jacob Meador,sa3020385,DBU,dallas baptist university,,
2022,376.0,12.0,12,Tyler Vogel,Jacksonville University,4YR JR,San Francisco Giants,no_candidate,,,0,,,,,,
2022,377.0,13.0,13,Jared Beck,Saint Leo University,4YR JR,Baltimore Orioles,no_candidate,,,0,,,,,,
2022,378.0,13.0,13,Eli Saul,Sacramento State,4YR JR,Arizona Diamondbacks,matched_exact_name,100.0,100.0,1,Eli Saul,sa3020471,SAC,sacramento state university,,
2022,379.0,13.0,13,Caden Marcum,Paola HS,HS SR,Texas Rangers,no_candidate,,,0,,,,,,
2022,380.0,13.0,13,Miguel Fulgencio,Cowley County CC,JC J3,Pittsburgh Pirates,no_candidate,,,0,,,,,,
2022,381.0,13.0,13,Marquis Grissom Jr.,Georgia Tech,4YR SO,Washington Nationals,matched_exact_name,100.0,100.0,1,Marquis Grissom Jr.,sa3020312,GT,georgia institute of technology,,
2022,382.0,13.0,13,Chase Luttrell,Long Beach State,4YR SR,Miami Marlins,matched_exact_name,100.0,100.0,1,Chase Luttrell,sa3019864,LBSU,long beach state university,,
2022,383.0,13.0,13,Luis Rujano,Sunshine State Elite Academy,HS SR,Chicago Cubs,no_candidate,,,0,,,,,,
2022,384.0,13.0,13,C.J. Culpepper,California Baptist University,4YR JR,Minnesota Twins,no_candidate,,,0,,,,,,
2022,385.0,13.0,13,Ryan Ramsey,Maryland,4YR JR,Kansas City Royals,matched_exact_name,100.0,100.0,1,Ryan Ramsey,sa3020605,MD,university of maryland,,
2022,386.0,13.0,13,Blake Adams,Kansas State,4YR JR,Colorado Rockies,matched_exact_name,100.0,100.0,1,Blake Adams,sa3020174,KSU,kansas st.,,
2022,387.0,13.0,13,Dom Johnson,Kansas State,4YR SO,Detroit Tigers,matched_exact_name,100.0,100.0,1,Dom Johnson,sa3020537,KSU,kansas st.,,
2022,388.0,13.0,13,Tucker Flint,Chipola College,JC J2,Los Angeles Angels,no_candidate,,,0,,,,,,
2022,389.0,13.0,13,Dylan Ross,Georgia,4YR JR,New York Mets,no_candidate,,,0,,,,,,
2022,390.0,13.0,13,Graham Pauley,Duke,4YR JR,San Diego Padres,matched_exact_name,100.0,100.0,1,Graham Pauley,31363,DUKE,duke university,,
2022,391.0,13.0,13,Tyresse Turner,USC,4YR JR,Cleveland Guardians,matched_exact_name,100.0,100.0,1,Tyresse Turner,sa3020759,USC,university of southern california,,
2022,392.0,13.0,13,Cade Fergus,George Washington University,4YR SR,Philadelphia Phillies,matched_exact_name,100.0,100.0,1,Cade Fergus,sa3019919,GW,george washington university,,
2022,393.0,13.0,13,Johnathan Harmon,Northwestern State,4YR JR,Cincinnati Reds,matched_exact_name,100.0,100.0,1,Johnathan Harmon,sa3020452,NWST,northwestern state university,,
2022,394.0,13.0,13,Jake Pfennigs,Oregon State,4YR SR,Athletics,no_candidate,,,0,,,,,,
2022,395.0,13.0,13,Cedric De Grandpre,Chipola College,JC J2,Atlanta Braves,no_candidate,,,0,,,,,,
2022,396.0,13.0,13,Darren Bowen,UNC Pembroke,4YR JR,Seattle Mariners,no_candidate,,,0,,,,,,
2022,397.0,13.0,13,Chandler Arnold,Dallas Baptist,4YR JR,St. Louis Cardinals,matched_exact_name,100.0,100.0,1,Chandler Arnold,sa3020446,DBU,dallas baptist university,,
2022,398.0,13.0,13,Bo Bonds,University of Louisiana at Lafayette,4YR JR,Toronto Blue Jays,matched_exact_name,100.0,100.0,1,Bo Bonds,sa3022938,UL,university of louisiana at lafayette,,
2022,399.0,13.0,13,Gavin Kilen,Milton HS,HS SR,Boston Red Sox,no_candidate,,,0,,,,,,
2022,400.0,13.0,13,Geoffrey Gilbert,Clemson,4YR JR,New York Yankees,no_candidate,,,0,,,,,,
2022,401.0,13.0,13,Mason Adams,Jacksonville University,4YR SR,Chicago White Sox,matched_exact_name,100.0,100.0,1,Mason Adams,sa3020388,JAX,jacksonville university,,
2022,402.0,13.0,13,Zane Petty,Corsicana HS,HS SR,Milwaukee Brewers,no_candidate,,,0,,,,,,
2022,403.0,13.0,13,Jackson Loftin,Oral Roberts,4YR JR,Houston Astros,matched_exact_name,100.0,100.0,1,Jackson Loftin,sa3019931,ORU,oral roberts university,,
2022,404.0,13.0,13,Nate Dahle,BYU,4YR JR,Tampa Bay Rays,no_candidate,,,0,,,,,,
2022,405.0,13.0,13,Chris Newell,Virginia,4YR JR,Los Angeles Dodgers,matched_exact_name,100.0,100.0,1,Chris Newell,sa3019971,UVA,university of virginia,,
2022,406.0,13.0,13,Thomas Gavello,Pacific,4YR JR,San Francisco Giants,matched_exact_name,100.0,100.0,1,Thomas Gavello,sa3020122,PAC,university of the pacific,,
2022,407.0,14.0,14,Adam Retzbach,Lehigh U,4YR JR,Baltimore Orioles,matched_exact_name,100.0,100.0,1,Adam Retzbach,sa3019946,LEH,lehigh university,,
2022,408.0,14.0,14,Kevin Graham,Ole Miss,4YR SR,Arizona Diamondbacks,matched_exact_name,100.0,100.0,1,Kevin Graham,sa3020087,MISS,university of mississippi,,
2022,409.0,14.0,14,Andrew Owen,Grossmont College,JC J2,Texas Rangers,no_candidate,,,0,,,,,,
2022,410.0,14.0,14,Julian Bosnic,South Carolina,4YR SR,Pittsburgh Pirates,no_candidate,,,0,,,,,,
2022,411.0,14.0,14,Cortland Lawson,Tennessee,4YR JR,Washington Nationals,matched_exact_name,100.0,100.0,1,Cortland Lawson,sa3020202,TENN,university of tennessee knoxville,,
2022,412.0,14.0,14,Torin Montgomery,Missouri,4YR JR,Miami Marlins,matched_exact_name,100.0,100.0,1,Torin Montgomery,sa3019823,MIZ,university of missouri,,
2022,413.0,14.0,14,Shane Marshall,U Georgia,4YR SR,Chicago Cubs,no_candidate,,,0,,,,,,
2022,414.0,14.0,14,Omari Daniel,The Walker School,HS SR,Minnesota Twins,no_candidate,,,0,,,,,,
2022,415.0,14.0,14,Ben Sears,Houston,4YR SR,Kansas City Royals,matched_exact_name,100.0,100.0,1,Ben Sears,sa3020178,HOU,university of houston,,
2022,416.0,14.0,14,Braxton Hyde,Butler County CC,JC J2,Colorado Rockies,no_candidate,,,0,,,,,,
2022,417.0,14.0,14,Joe Adametz,Liberty University,4YR JR,Detroit Tigers,matched_exact_name,100.0,100.0,1,Joe Adametz,sa3022323,LIB,liberty university,,
2022,418.0,14.0,14,Sabin Ceballos,San Jacinto College North,JC J2,Los Angeles Angels,no_candidate,,,0,,,,,,
2022,419.0,14.0,14,Cameron Foster,McNeese State,4YR 5S,New York Mets,matched_exact_name,100.0,100.0,1,Cameron Foster,sa3020735,MCN,mcneese state university,,
2022,420.0,14.0,14,Tyler Robertson,University of Louisiana at Lafayette,4YR SR,San Diego Padres,matched_exact_name,100.0,100.0,1,Tyler Robertson,sa3020010,UL,university of louisiana at lafayette,,
2022,421.0,14.0,14,Pres Cavenaugh,UNC Greensboro,4YR JR,Cleveland Guardians,matched_exact_name,100.0,100.0,1,Pres Cavenaugh,sa3020760,UNCG,university of north carolina at greensboro,,
2022,422.0,14.0,14,Bryan Rincon,Shaler Area HS,HS SR,Philadelphia Phillies,no_candidate,,,0,,,,,,
2022,423.0,14.0,14,Jared Lyons,George Mason,4YR SR,Cincinnati Reds,matched_exact_name,100.0,100.0,1,Jared Lyons,sa3020483,GMU,george mason university,,
2022,424.0,14.0,14,Jamaliel Rosado Jr.,Leadership Christian Academy,HS SR,Athletics,no_candidate,,,0,,,,,,
2022,425.0,14.0,14,Landon Harper,Southern Mississippi,4YR JR,Atlanta Braves,no_candidate,,,0,,,,,,
2022,426.0,14.0,14,Tyler Cleveland,Central Arkansas,4YR SR,Seattle Mariners,matched_exact_name,100.0,100.0,1,Tyler Cleveland,sa3020840,CARK,university of central arkansas,,
2022,427.0,14.0,14,D.J. Carpenter,Oregon State,4YR JR,St. Louis Cardinals,no_candidate,,,0,,,,,,
2022,428.0,14.0,14,Sammy Hernandez,Lakeland Senior HS,HS SR,Toronto Blue Jays,no_candidate,,,0,,,,,,
2022,429.0,14.0,14,Travis Sanders,Copperas Cove HS,HS SR,Boston Red Sox,no_candidate,,,0,,,,,,
2022,430.0,14.0,14,Kristófer Bow,College of Southern Nevada,JC J3,New York Yankees,no_candidate,,,0,,,,,,
2022,431.0,14.0,14,Shane Murphy,Chandler Gilbert CC,JC J3,Chicago White Sox,no_candidate,,,0,,,,,,
2022,432.0,14.0,14,Aidan Maldonado,Minnesota,4YR SR,Milwaukee Brewers,matched_exact_name,100.0,100.0,1,Aidan Maldonado,sa3020829,MINN,university of minnesota,,
2022,433.0,14.0,14,Tommy Sacco Jr.,TCU,4YR 5S,Houston Astros,matched_exact_name,100.0,100.0,1,Tommy Sacco Jr.,sa3020125,TCU,texas christian university,,
2022,434.0,14.0,14,Roel Garcia III,Rice,4YR 5S,Tampa Bay Rays,matched_exact_name,100.0,100.0,1,Roel Garcia III,sa3020253,RICE,rice university,,
2022,435.0,14.0,14,Jose Izarra,Florida SouthWestern State College,JC J2,Los Angeles Dodgers,no_candidate,,,0,,,,,,
2022,436.0,14.0,14,Nomar Diaz,Carlos Beltran Baseball Academy,HS SR,San Francisco Giants,no_candidate,,,0,,,,,,
2022,437.0,15.0,15,James Hicks,U South Carolina,4YR JR,Baltimore Orioles,no_candidate,,,0,,,,,,
2022,438.0,15.0,15,Joshua Day,Missouri,4YR SR,Arizona Diamondbacks,matched_exact_name,100.0,100.0,1,Joshua Day,sa3020091,MIZ,university of missouri,,
2022,439.0,15.0,15,Jack Goodman,Medfield HS,HS SR,Texas Rangers,rejected_fuzzy_school_guard,87.0,26.1,1,,,,,Jack Gorman,26.1
2022,440.0,15.0,15,Josiah Sightler,South Carolina,4YR SR,Pittsburgh Pirates,matched_exact_name,100.0,100.0,1,Josiah Sightler,sa3021047,SC,university of south carolina,,
2022,441.0,15.0,15,Kyle Luckham,Arizona State,4YR SR,Washington Nationals,matched_exact_name,100.0,100.0,1,Kyle Luckham,sa3020378,ASU,arizona state university,,
2022,442.0,15.0,15,Ike Buxton,Lipscomb University,4YR SR,Miami Marlins,matched_exact_name,100.0,100.0,1,Ike Buxton,sa3020180,LIP,lipscomb university,,
2022,443.0,15.0,15,Haydn McGeary,Colorado Mesa University,4YR JR,Chicago Cubs,no_candidate,,,0,,,,,,
2022,444.0,15.0,15,Ben Ethridge,Southern Mississippi,4YR JR,Minnesota Twins,no_candidate,,,0,,,,,,
2022,445.0,15.0,15,Javi Vaz,Vanderbilt,4YR JR,Kansas City Royals,matched_fuzzy_name,88.9,100.0,1,Javier Vaz,sa3019906,VAN,vanderbilt university,,
2022,446.0,15.0,15,Brady Hill,San Jose State,4YR JR,Colorado Rockies,no_candidate,,,0,,,,,,
2022,447.0,15.0,15,Patrick Pridgen,Florida International,4YR 5S,Detroit Tigers,matched_exact_name,100.0,100.0,1,Patrick Pridgen,sa3020564,FIU,florida international university,,
2022,448.0,15.0,15,Bryce Osmond,Oklahoma State,4YR JR,Los Angeles Angels,matched_exact_name,100.0,100.0,1,Bryce Osmond,sa3020800,OKST,oklahoma state university,,
2022,449.0,15.0,15,Jackson Jaha,Clackamas HS,HS SR,New York Mets,no_candidate,,,0,,,,,,
2022,450.0,15.0,15,Thomas Balboni Jr.,Northeastern,4YR JR,San Diego Padres,no_candidate,,,0,,,,,,
2022,451.0,15.0,15,Adam Tulloch,Arizona State,4YR SR,Cleveland Guardians,matched_exact_name,100.0,100.0,1,Adam Tulloch,sa3020588,ASU,arizona state university,,
2022,452.0,15.0,15,Troy Schreffler Jr.,Maryland,4YR JR,Philadelphia Phillies,matched_exact_name,100.0,100.0,1,Troy Schreffler Jr.,sa3019921,MD,university of maryland,,
2022,453.0,15.0,15,Adam Serwinowski,Eastside HS,HS SR,Cincinnati Reds,no_candidate,,,0,,,,,,
2022,454.0,15.0,15,Mark Adamiak,Arkansas,4YR JR,Athletics,no_candidate,,,0,,,,,,
2022,455.0,15.0,15,William Silva,Miami Dade College,JC J3,Atlanta Braves,no_candidate,,,0,,,,,,
2022,456.0,15.0,15,Blake Rambusch,Auburn,4YR JR,Seattle Mariners,matched_exact_name,100.0,100.0,1,Blake Rambusch,sa3020008,AUB,auburn university,,
2022,457.0,15.0,15,Matt Hickey,Tarleton St U,4YR 5S,St. Louis Cardinals,no_candidate,,,0,,,,,,
2022,458.0,15.0,15,Michael Turconi,Wake Forest,4YR SR,Toronto Blue Jays,matched_exact_name,100.0,100.0,1,Michael Turconi,sa3020195,WAKE,wake forest university,,
2022,459.0,15.0,15,Nathan Landry,U Missouri,4YR JR,Boston Red Sox,matched_exact_name,100.0,100.0,1,Nathan Landry,sa3020485,MIZ,university of missouri,,
2022,460.0,15.0,15,Tayler Aguilar,Grand Canyon University,4YR JR,New York Yankees,matched_exact_name,100.0,100.0,1,Tayler Aguilar,sa3019977,GCU,grand canyon university,,
2022,461.0,15.0,15,Billy Seidl,Duke,4YR JR,Chicago White Sox,matched_exact_name,100.0,100.0,1,Billy Seidl,sa3020257,DUKE,duke university,,
2022,462.0,15.0,15,Satchell Norman,Florida SouthWestern State College,JC J1,Milwaukee Brewers,no_candidate,,,0,,,,,,
2022,463.0,15.0,15,Joey Mancini,Boston Col,4YR SR,Houston Astros,matched_exact_name,100.0,100.0,1,Joey Mancini,sa3020858,BC,boston college,,
2022,464.0,15.0,15,Jake Christianson,Feather River Col,JC J2,Tampa Bay Rays,no_candidate,,,0,,,,,,
2022,465.0,15.0,15,Nico Perez,B You Academy,HS SR,Los Angeles Dodgers,no_candidate,,,0,,,,,,
2022,466.0,15.0,15,Tanner O'Tremba,Arizona,4YR SR,San Francisco Giants,matched_exact_name,100.0,100.0,1,Tanner O'Tremba,sa3020116,ARIZ,university of arizona,,
2022,467.0,16.0,16,Graham Firoved,Virginia Tech,4YR JR,Baltimore Orioles,matched_exact_name,100.0,100.0,1,Graham Firoved,sa3020557,VT,virginia tech,,
2022,468.0,16.0,16,David Martin,California Baptist University,4YR JR,Arizona Diamondbacks,no_candidate,,,0,,,,,,
2022,469.0,16.0,16,Nick Bautista III,Cypress College,JC J2,Texas Rangers,no_candidate,,,0,,,,,,
2022,470.0,16.0,16,Nick Cimillo,Rutgers,4YR SR,Pittsburgh Pirates,matched_exact_name,100.0,100.0,1,Nick Cimillo,sa3020129,RUTG,rutgers university,,
2022,471.0,16.0,16,Everett Cooper III,Pro5 Baseball Academy,HS SR,Washington Nationals,no_candidate,,,0,,,,,,
2022,472.0,16.0,16,Brett Roberts,Florida State,4YR JR,Miami Marlins,matched_exact_name,100.0,100.0,1,Brett Roberts,sa3019926,FSU,florida state university,,
2022,473.0,16.0,16,JP Wheat,Next Level Academy,HS SR,Chicago Cubs,no_candidate,,,0,,,,,,
2022,474.0,16.0,16,Jankel Ortiz,Academia Presbiteriana HS,HS SR,Minnesota Twins,no_candidate,,,0,,,,,,
2022,475.0,16.0,16,Cooper McKeehan,BYU,4YR JR,Kansas City Royals,no_candidate,,,0,,,,,,
2022,476.0,16.0,16,Austin Becker,Texas Tech,4YR SR,Colorado Rockies,no_candidate,,,0,,,,,,
2022,477.0,16.0,16,Quinn Gudaitis,University of Illinois Springfield,4YR 5S,Detroit Tigers,no_candidate,,,0,,,,,,
2022,478.0,16.0,16,Casey Dana,Connecticut,4YR 5S,Los Angeles Angels,matched_exact_name,100.0,100.0,1,Casey Dana,sa3019896,CONN,university of connecticut,,
2022,479.0,16.0,16,Jimmy Loper,Duke,4YR SR,New York Mets,matched_exact_name,100.0,100.0,1,Jimmy Loper,sa3020838,DUKE,duke university,,
2022,480.0,16.0,16,Henry Martinez,Miami Christian School,HS SR,San Diego Padres,no_candidate,,,0,,,,,,
2022,481.0,16.0,16,Logun Clark,Taft HS,HS SR,Cleveland Guardians,no_candidate,,,0,,,,,,
2022,482.0,16.0,16,Josh Bortka,U Central Missouri,4YR SR,Philadelphia Phillies,no_candidate,,,0,,,,,,
2022,483.0,16.0,16,Trey Braithwaite,West Virginia,4YR 5S,Cincinnati Reds,no_candidate,,,0,,,,,,
2022,484.0,16.0,16,Blaze Pontes,U Hawaii,4YR SR,Athletics,matched_exact_name,100.0,100.0,1,Blaze Pontes,sa3020486,HAW,university of hawaii manoa,,
2022,485.0,16.0,16,E.J. Exposito,Long Island University,4YR JR,Atlanta Braves,matched_exact_name,100.0,100.0,1,E.J. Exposito,sa3019900,LIU,long island university,,
2022,486.0,16.0,16,Jacob McNairy,Alabama,4YR SR,Seattle Mariners,matched_exact_name,100.0,100.0,1,Jacob McNairy,sa3023512,ALA,university of alabama,,
2022,487.0,16.0,16,Hunter Hayes,Pacific,4YR JR,St. Louis Cardinals,matched_exact_name,100.0,100.0,1,Hunter Hayes,sa3020450,PAC,university of the pacific,,
2022,488.0,16.0,16,Kale Davis,Oklahoma State,4YR SO,Toronto Blue Jays,no_candidate,,,0,,,,,,
2022,489.0,16.0,16,Garrett Ramsey,Southern Mississippi,4YR SR,Boston Red Sox,no_candidate,,,0,,,,,,
2022,490.0,16.0,16,Shane Gray,Evansville,4YR SR,New York Yankees,matched_exact_name,100.0,100.0,1,Shane Gray,sa3020662,EVAN,university of evansville,,
2022,491.0,16.0,16,Tristan Stivors,Texas State,4YR 5S,Chicago White Sox,matched_exact_name,100.0,100.0,1,Tristan Stivors,sa3020325,TXST,texas state university,,
2022,492.0,16.0,16,Ethan Lege,Delgado Col,JC J2,Milwaukee Brewers,no_candidate,,,0,,,,,,
2022,493.0,16.0,16,Tim Borden II,Georgia Tech,4YR SR,Houston Astros,matched_exact_name,100.0,100.0,1,Tim Borden II,sa3020193,GT,georgia institute of technology,,
2022,494.0,16.0,16,Kamren James,Mississippi State,4YR JR,Tampa Bay Rays,matched_exact_name,100.0,100.0,1,Kamren James,sa3020201,MSST,mississippi state university,,
2022,495.0,16.0,16,Jared Karros,UCLA,4YR SO,Los Angeles Dodgers,no_candidate,,,0,,,,,,
2022,496.0,16.0,16,Andrew Kachel,Fresno State,4YR JR,San Francisco Giants,matched_exact_name,100.0,100.0,1,Andrew Kachel,sa3020140,FRES,fresno state university,,
2022,497.0,17.0,17,Carter Young,Vanderbilt,4YR JR,Baltimore Orioles,matched_exact_name,100.0,100.0,2,Carter Young,sa3020534,VAN,vanderbilt university,,
2022,498.0,17.0,17,Logan Clayton,Houston,4YR SO,Arizona Diamondbacks,matched_exact_name,100.0,100.0,1,Logan Clayton,sa3020890,HOU,university of houston,,
2022,499.0,17.0,17,Carson Dorsey,Gulf Coast CC,JC J1,Texas Rangers,no_candidate,,,0,,,,,,
2022,500.0,17.0,17,Jaycob Deese,Houston,4YR SR,Pittsburgh Pirates,matched_exact_name,100.0,100.0,1,Jaycob Deese,sa3020376,HOU,university of houston,,
2022,501.0,17.0,17,Blake Klassen,UC Santa Barbara,4YR JR,Washington Nationals,matched_exact_name,100.0,100.0,1,Blake Klassen,sa3020198,UCSB,"university of california, santa barbara",,
2022,502.0,17.0,17,Evan Chrest,Wharton HS,HS SR,Miami Marlins,no_candidate,,,0,,,,,,
2022,503.0,17.0,17,Andy Garriola,Old Dominion,4YR SR,Chicago Cubs,matched_exact_name,100.0,100.0,1,Andy Garriola,sa3020458,ODU,old dominion university,,
2022,504.0,17.0,17,Alec Sayre,Wright State,4YR JR,Minnesota Twins,matched_exact_name,100.0,100.0,1,Alec Sayre,sa3020283,WRST,wright state university,,
2022,505.0,17.0,17,Chazz Martinez,Oklahoma,4YR SR,Kansas City Royals,matched_exact_name,100.0,100.0,1,Chazz Martinez,sa3020468,OU,university of oklahoma,,
2022,506.0,17.0,17,Tyler Hoffman,Tulane,4YR SR,Colorado Rockies,no_candidate,,,0,,,,,,
2022,507.0,17.0,17,Cole Patten,Villanova,4YR SR,Detroit Tigers,matched_exact_name,100.0,100.0,1,Cole Patten,sa3020623,VILL,villanova university,,
2022,508.0,17.0,17,Samy Natera Jr.,New Mexico State,4YR JR,Los Angeles Angels,no_candidate,,,0,,,,,,
2022,509.0,17.0,17,Connor Brandon,Toledo,4YR JR,New York Mets,matched_exact_name,100.0,100.0,1,Connor Brandon,sa3020481,TOL,university of toledo,,
2022,510.0,17.0,17,Hugh Pinkney,Silverthorn Collegiate Inst,HS SR,San Diego Padres,no_candidate,,,0,,,,,,
2022,511.0,17.0,17,Angel Zarate,North Carolina,4YR 5S,Cleveland Guardians,matched_exact_name,100.0,100.0,1,Angel Zarate,sa3020825,UNC,university of north carolina at chapel hill,,
2022,512.0,17.0,17,Daniel Harper,Kentucky,4YR 5S,Philadelphia Phillies,no_candidate,,,0,,,,,,
2022,513.0,17.0,17,Easton Sikorski,Western Michigan,4YR SR,Cincinnati Reds,no_candidate,,,0,,,,,,
2022,514.0,17.0,17,Jake Garland,Miami,4YR JR,Athletics,matched_exact_name,100.0,100.0,1,Jake Garland,sa3020077,MIA,university of miami,,
2022,515.0,17.0,17,Kevin Kilpatrick Jr.,Central Florida,JC J3,Atlanta Braves,no_candidate,,,0,,,,,,
2022,516.0,17.0,17,Stefan Raeth,U Washington,4YR SR,Seattle Mariners,matched_exact_name,100.0,100.0,1,Stefan Raeth,sa3020487,WASH,university of washington,,
2022,517.0,17.0,17,Brody Moore,Auburn,4YR SR,St. Louis Cardinals,matched_exact_name,100.0,100.0,1,Brody Moore,sa3019839,AUB,auburn university,,
2022,518.0,17.0,17,Ryan Chasse,Campbell University,4YR SR,Toronto Blue Jays,no_candidate,,,0,,,,,,
2022,519.0,17.0,17,Deundre Jones,Lutheran South Academy,HS SR,Boston Red Sox,no_candidate,,,0,,,,,,
2022,520.0,17.0,17,Hayden Merda,Azusa Pacific U,4YR SR,New York Yankees,no_candidate,,,0,,,,,,
2022,521.0,17.0,17,Nick Altermatt,Minnesota State - Mankato,4YR SR,Chicago White Sox,no_candidate,,,0,,,,,,
2022,522.0,17.0,17,Brady Neal,IMG Academy,HS SR,Milwaukee Brewers,no_candidate,,,0,,,,,,
2022,523.0,17.0,17,Garrett McGowan,Pittsburg State University,4YR 5S,Houston Astros,no_candidate,,,0,,,,,,
2022,524.0,17.0,17,Levi Huesman,Hanover HS,HS SR,Tampa Bay Rays,no_candidate,,,0,,,,,,
2022,525.0,17.0,17,Payton Martin,West Forsyth HS,HS SR,Los Angeles Dodgers,no_candidate,,,0,,,,,,
2022,526.0,17.0,17,Justin Bench,Ole Miss,4YR SR,San Francisco Giants,matched_exact_name,100.0,100.0,1,Justin Bench,sa3020494,MISS,university of mississippi,,
2022,527.0,18.0,18,Andrew Walters,Miami,4YR JR,Baltimore Orioles,rejected_fuzzy_school_guard,88.9,36.4,1,,,,,Andrew Walker,36.4
2022,528.0,18.0,18,Aiva Arquette,Saint Louis School,HS SR,Arizona Diamondbacks,no_candidate,,,0,,,,,,
2022,529.0,18.0,18,Justin Sanchez,Msgr McClancy Memorial HS,HS SR,Texas Rangers,no_candidate,,,0,,,,,,
2022,530.0,18.0,18,Elijah Birdsong,Pacific,4YR SR,Pittsburgh Pirates,matched_exact_name,100.0,100.0,1,Elijah Birdsong,sa3020377,PAC,university of the pacific,,
2022,531.0,18.0,18,Brad Lord,South Florida,4YR SR,Washington Nationals,matched_exact_name,100.0,100.0,1,Brad Lord,31972,USF,university of south florida,,
2022,532.0,18.0,18,Spencer Bramwell,Colorado Mesa University,4YR 5S,Miami Marlins,no_candidate,,,0,,,,,,
2022,533.0,18.0,18,Garrett Brown,Georgia,4YR SR,Chicago Cubs,matched_fuzzy_name,92.3,100.0,1,Jarrett Brown,sa3027836,GASO,georgia southern university,,
2022,534.0,18.0,18,Zach Veen,Point Loma Nazarene University,4YR JR,Minnesota Twins,no_candidate,,,0,,,,,,
2022,535.0,18.0,18,Milo Rushford,Walden Grove HS,HS SR,Kansas City Royals,no_candidate,,,0,,,,,,
2022,536.0,18.0,18,Javier Ramos,Oklahoma,4YR SR,Colorado Rockies,no_candidate,,,0,,,,,,
2022,537.0,18.0,18,Chris Williams Jr.,William Carey University,4YR SR,Detroit Tigers,no_candidate,,,0,,,,,,
2022,538.0,18.0,18,Max Gieg,Boston College,4YR JR,Los Angeles Angels,no_candidate,,,0,,,,,,
2022,539.0,18.0,18,Chris Santiago,St. Mary's College,4YR JR,New York Mets,matched_exact_name,100.0,100.0,1,Chris Santiago,sa3020338,SMC,st. mary's california,,
2022,540.0,18.0,18,Romeo Sanabria,Indian River State Col,JC J1,San Diego Padres,no_candidate,,,0,,,,,,
2022,541.0,18.0,18,Zach Jacobs,UC Riverside,4YR JR,Cleveland Guardians,no_candidate,,,0,,,,,,
2022,542.0,18.0,18,Braylen Wimmer,South Carolina,4YR JR,Philadelphia Phillies,matched_exact_name,100.0,100.0,1,Braylen Wimmer,sa3022671,SC,university of south carolina,,
2022,543.0,18.0,18,Mason Neville,Basic HS,HS SR,Cincinnati Reds,no_candidate,,,0,,,,,,
2022,544.0,18.0,18,Vince Reilly,Grand Canyon University,4YR JR,Athletics,no_candidate,,,0,,,,,,
2022,545.0,18.0,18,Noah Williams,Redondo Union HS,HS SR,Atlanta Braves,no_candidate,,,0,,,,,,
2022,546.0,18.0,18,Brandon Schaeffer,North Carolina,4YR SR,Seattle Mariners,matched_exact_name,100.0,100.0,1,Brandon Schaeffer,sa3020751,UNC,university of north carolina at chapel hill,,
2022,547.0,18.0,18,John Lynch,Xavier U,4YR JR,St. Louis Cardinals,matched_exact_name,100.0,100.0,1,John Lynch,sa3020809,XAV,xavier university,,
2022,548.0,18.0,18,Jeremy Pilon,Ecole Secondaire De Montagne,HS JR,Toronto Blue Jays,no_candidate,,,0,,,,,,
2022,549.0,18.0,18,Austin Ehrlicher,Santa Rosa JC,JC J1,Boston Red Sox,no_candidate,,,0,,,,,,
2022,550.0,18.0,18,Sebastian Keane,Northeastern,4YR JR,New York Yankees,matched_exact_name,100.0,100.0,1,Sebastian Keane,sa3020953,NE,northeastern university,,
2022,551.0,18.0,18,Bryce Willits,UC Santa Barbara,4YR SR,Chicago White Sox,matched_exact_name,100.0,100.0,1,Bryce Willits,sa3020352,UCSB,"university of california, santa barbara",,
2022,552.0,18.0,18,Jurrangelo Cijntje,Champagnat Catholic School,HS SR,Milwaukee Brewers,no_candidate,,,0,,,,,,
2022,553.0,18.0,18,Isaiah Jackson,Cienega HS,HS SR,Houston Astros,no_candidate,,,0,,,,,,
2022,554.0,18.0,18,Duncan Davitt,Iowa,4YR SR,Tampa Bay Rays,no_candidate,,,0,,,,,,
2022,555.0,18.0,18,Cameron Decker,Evansville North HS,HS SR,Los Angeles Dodgers,no_candidate,,,0,,,,,,
2022,556.0,18.0,18,Tanner Thach,Perquimans HS,HS SR,San Francisco Giants,no_candidate,,,0,,,,,,
2022,557.0,19.0,19,Alden Mathes,U Richmond,4YR JR,Baltimore Orioles,matched_exact_name,100.0,100.0,1,Alden Mathes,sa3037282,RICH,university of richmond,,
2022,558.0,19.0,19,Gavin Turley,Hamilton HS,HS SR,Arizona Diamondbacks,no_candidate,,,0,,,,,,
2022,559.0,19.0,19,Grayson Saunier,Collierville HS,HS SR,Texas Rangers,no_candidate,,,0,,,,,,
2022,560.0,19.0,19,Yoel Tejeda Jr.,North Broward Prep HS,HS SR,Pittsburgh Pirates,no_candidate,,,0,,,,,,
2022,561.0,19.0,19,Johnathon Thomas,Texas Southern U,4YR SR,Washington Nationals,matched_exact_name,100.0,100.0,1,Johnathon Thomas,sa3020349,TXSO,texas southern university,,
2022,562.0,19.0,19,Carmine Lane,South Florida,4YR JR,Miami Marlins,matched_exact_name,100.0,100.0,1,Carmine Lane,sa3019989,USF,university of south florida,,
2022,563.0,19.0,19,Brock Blatter,Billings Central Catholic HS,HS SR,Chicago Cubs,no_candidate,,,0,,,,,,
2022,564.0,19.0,19,Garrett McMillan,Alabama,4YR JR,Minnesota Twins,matched_exact_name,100.0,100.0,1,Garrett McMillan,sa3023006,ALA,university of alabama,,
2022,565.0,19.0,19,Tommy Szczepanski,Garber HS,HS SR,Kansas City Royals,no_candidate,,,0,,,,,,
2022,566.0,19.0,19,Skyler Messinger,Texas,4YR 5S,Colorado Rockies,matched_exact_name,100.0,100.0,1,Skyler Messinger,sa3019963,TEX,university of texas at austin,,
2022,567.0,19.0,19,Albert Oliva,New Mexico Military Institute,JC J2,Detroit Tigers,no_candidate,,,0,,,,,,
2022,568.0,19.0,19,Luke Franzoni,Xavier,4YR SR,Los Angeles Angels,matched_exact_name,100.0,100.0,1,Luke Franzoni,sa3019854,XAV,xavier university,,
2022,569.0,19.0,19,Jackson Lovich,Blue Valley West HS,HS SR,New York Mets,no_candidate,,,0,,,,,,
2022,570.0,19.0,19,Spence Coffman,Tishomingo Co HS,HS SR,San Diego Padres,no_candidate,,,0,,,,,,
2022,571.0,19.0,19,Geo Rivera Jr.,Walters State CC,JC J1,Cleveland Guardians,no_candidate,,,0,,,,,,
2022,572.0,19.0,19,Drew Garrett,Missouri,4YR SR,Philadelphia Phillies,no_candidate,,,0,,,,,,
2022,573.0,19.0,19,Tyler Chadwick,Iowa Western CC,JC J2,Cincinnati Reds,no_candidate,,,0,,,,,,
2022,574.0,19.0,19,Tommy Stevenson,Missouri Southern St Col,4YR JR,Athletics,no_candidate,,,0,,,,,,
2022,575.0,19.0,19,Christian Jackson,Dutchtown HS,HS SR,Atlanta Braves,no_candidate,,,0,,,,,,
2022,576.0,19.0,19,Curtis Washington Jr.,Purdue,4YR SR,Seattle Mariners,matched_exact_name,100.0,100.0,1,Curtis Washington Jr.,sa3019803,PUR,purdue university,,
2022,577.0,19.0,19,Chris Rotondo,Villanova U,4YR SR,St. Louis Cardinals,matched_exact_name,100.0,100.0,1,Chris Rotondo,sa3019861,VILL,villanova university,,
2022,578.0,19.0,19,Gage Stanifer,Westfield HS,HS SR,Toronto Blue Jays,no_candidate,,,0,,,,,,
2022,579.0,19.0,19,Jaret Godman,Oklahoma,4YR SR,Boston Red Sox,no_candidate,,,0,,,,,,
2022,580.0,19.0,19,Beau Brewer,Paris JC,JC J2,New York Yankees,no_candidate,,,0,,,,,,
2022,581.0,19.0,19,Drake Logan,Shelton State CC,JC J3,Chicago White Sox,no_candidate,,,0,,,,,,
2022,582.0,19.0,19,Jaden Noot,Sierra Canyon School,HS SR,Milwaukee Brewers,no_candidate,,,0,,,,,,
2022,583.0,19.0,19,John Garcia,Grambling State,4YR JR,Houston Astros,matched_exact_name,100.0,100.0,1,John Garcia,sa3020419,GRAM,grambling state university,,
2022,584.0,19.0,19,Quinn Mathews,Stanford,4YR JR,Tampa Bay Rays,matched_exact_name,100.0,100.0,1,Quinn Mathews,sa3023407,STAN,stanford university,,
2022,585.0,19.0,19,Bubba Alleyne,Maryland,4YR 5S,Los Angeles Dodgers,matched_exact_name,100.0,100.0,1,Bubba Alleyne,sa3019902,MD,university of maryland,,
2022,586.0,19.0,19,Cade Perkins,Manhattan HS,HS SR,San Francisco Giants,no_candidate,,,0,,,,,,
2022,587.0,20.0,20,Reese Sharp,Indiana,4YR JR,Baltimore Orioles,matched_exact_name,100.0,100.0,1,Reese Sharp,sa3020561,IU,indiana university,,
2022,588.0,20.0,20,Riley Kelly,Tustin HS,HS SR,Arizona Diamondbacks,no_candidate,,,0,,,,,,
2022,589.0,20.0,20,Matt Scott,Joel Barlow HS,HS SR,Texas Rangers,no_candidate,,,0,,,,,,
2022,590.0,20.0,20,Joshua Loeschorn,Long Island University,4YR SR,Pittsburgh Pirates,matched_exact_name,100.0,100.0,1,Joshua Loeschorn,sa3020837,LIU,long island university,,
2022,591.0,20.0,20,JeanPierre Ortiz,IMG Academy,HS SR,Washington Nationals,no_candidate,,,0,,,,,,
2022,592.0,20.0,20,Jack Gowen,Georgia,4YR SR,Miami Marlins,no_candidate,,,0,,,,,,
2022,593.0,20.0,20,Ke'Shun Collier,Meridian CC,JC J2,Chicago Cubs,no_candidate,,,0,,,,,,
2022,594.0,20.0,20,Korbyn Dickerson,Trinity HS,HS SR,Minnesota Twins,no_candidate,,,0,,,,,,
2022,595.0,20.0,20,Austin Charles,Stockdale HS,HS SR,Kansas City Royals,no_candidate,,,0,,,,,,
2022,596.0,20.0,20,Carlos Torres,Lehigh,4YR JR,Colorado Rockies,no_candidate,,,0,,,,,,
2022,597.0,20.0,20,Drew Conover,Seton Hall,4YR SO,Detroit Tigers,no_candidate,,,0,,,,,,
2022,598.0,20.0,20,Brendan Tinsman,Wake Forest,4YR SR,Los Angeles Angels,matched_exact_name,100.0,100.0,1,Brendan Tinsman,sa3019966,WAKE,wake forest university,,
2022,599.0,20.0,20,Eli Ankeney,Grand Canyon University,4YR JR,New York Mets,no_candidate,,,0,,,,,,
2022,600.0,20.0,20,Andrew Vail,Rowan University,4YR SR,San Diego Padres,no_candidate,,,0,,,,,,
2022,601.0,20.0,20,Shawn Rapp,North Carolina,4YR JR,Cleveland Guardians,no_candidate,,,0,,,,,,
2022,602.0,20.0,20,Nathan Karaffa,Ohio State,4YR JR,Philadelphia Phillies,no_candidate,,,0,,,,,,
2022,603.0,20.0,20,Joseph Menefee,Texas A&M,4YR SR,Cincinnati Reds,matched_exact_name,100.0,100.0,1,Joseph Menefee,sa3020443,TA&M,texas aandm university,,
2022,604.0,20.0,20,Derek True,Cal Poly,4YR JR,Athletics,no_candidate,,,0,,,,,,
2022,605.0,20.0,20,Keshawn Ogans,California,4YR JR,Atlanta Braves,matched_exact_name,100.0,100.0,1,Keshawn Ogans,sa3019893,CAL,"university of california, berkeley",,
2022,606.0,20.0,20,Nick Zona,James Madison U,4YR SR,Seattle Mariners,matched_exact_name,100.0,100.0,1,Nick Zona,sa3020269,JMU,james madison university,,
2022,607.0,20.0,20,Gavin Van Kempen,Maple Hill HS,HS SR,St. Louis Cardinals,no_candidate,,,0,,,,,,
2022,608.0,20.0,20,Greg Pace Jr.,Detroit Edison Academy,HS SR,Toronto Blue Jays,no_candidate,,,0,,,,,,
2022,609.0,20.0,20,Connor Butler,Biola University,4YR SR,Boston Red Sox,no_candidate,,,0,,,,,,
2022,610.0,20.0,20,Trevor Kirk,Elon University,4YR JR,New York Yankees,no_candidate,,,0,,,,,,
2022,611.0,20.0,20,Ethan Hammerberg,Ohio State,4YR JR,Chicago White Sox,no_candidate,,,0,,,,,,
2022,612.0,20.0,20,Noah Hall,South Carolina,4YR JR,Milwaukee Brewers,matched_exact_name,100.0,100.0,1,Noah Hall,sa3023416,SC,university of south carolina,,
2022,613.0,20.0,20,Ryan Wrobleski,Dallas Baptist,4YR SR,Houston Astros,matched_exact_name,100.0,100.0,1,Ryan Wrobleski,sa3020239,DBU,dallas baptist university,,
2022,614.0,20.0,20,Matt Wyatt,Virginia,4YR JR,Tampa Bay Rays,no_candidate,,,0,,,,,,
2022,615.0,20.0,20,Carter McCulley,Pensacola Catholic HS,HS SR,Los Angeles Dodgers,no_candidate,,,0,,,,,,
2022,616.0,20.0,20,Ethan Long,Arizona State,4YR SO,San Francisco Giants,matched_exact_name,100.0,100.0,1,Ethan Long,sa3022961,ASU,arizona state university,,
2023,1.0,1.0,1,Paul Skenes,LSU,4YR JR,Pittsburgh Pirates,matched_exact_name,100.0,100.0,1,Paul Skenes,33677,LSU,louisiana state university,,
2023,2.0,1.0,1,Dylan Crews,LSU,4YR JR,Washington Nationals,matched_exact_name,100.0,100.0,1,Dylan Crews,33541,LSU,louisiana state university,,
2023,3.0,1.0,1,Max Clark,Franklin Community HS,HS SR,Detroit Tigers,no_candidate,,,0,,,,,,
2023,4.0,1.0,1,Wyatt Langford,Florida,4YR JR,Texas Rangers,matched_exact_name,100.0,100.0,1,Wyatt Langford,33333,FLA,university of florida,,
2023,5.0,1.0,1,Walker Jenkins,South Brunswick HS,HS SR,Minnesota Twins,no_candidate,,,0,,,,,,
2023,6.0,1.0,1,Jacob Wilson,Grand Canyon University,4YR JR,Athletics,matched_exact_name,100.0,100.0,2,Jacob Wilson,33266,GCU,grand canyon university,,
2023,7.0,1.0,1,Rhett Lowder,Wake Forest,4YR JR,Cincinnati Reds,matched_exact_name,100.0,100.0,1,Rhett Lowder,33876,WAKE,wake forest university,,
2023,8.0,1.0,1,Blake Mitchell,Sinton HS,HS SR,Kansas City Royals,no_candidate,,,0,,,,,,
2023,9.0,1.0,1,Chase Dollander,Tennessee,4YR JR,Colorado Rockies,matched_exact_name,100.0,100.0,1,Chase Dollander,33482,TENN,university of tennessee knoxville,,
2023,10.0,1.0,1,Noble Meyer,Jesuit HS,HS SR,Miami Marlins,no_candidate,,,0,,,,,,
2023,11.0,1.0,1,Nolan Schanuel,Florida Atlantic,4YR JR,Los Angeles Angels,matched_exact_name,100.0,100.0,1,Nolan Schanuel,33189,FAU,florida atlantic university,,
2023,12.0,1.0,1,Tommy Troy,Stanford,4YR JR,Arizona Diamondbacks,matched_exact_name,100.0,100.0,1,Tommy Troy,sa3022561,STAN,stanford university,,
2023,13.0,1.0,1,Matt Shaw,Maryland,4YR JR,Chicago Cubs,matched_exact_name,100.0,100.0,1,Matt Shaw,33322,MD,university of maryland,,
2023,14.0,1.0,1,Kyle Teel,Virginia,4YR JR,Boston Red Sox,matched_exact_name,100.0,100.0,1,Kyle Teel,33549,UVA,university of virginia,,
2023,15.0,1.0,1,Jacob Gonzalez,Ole Miss,4YR JR,Chicago White Sox,matched_exact_name,100.0,100.0,1,Jacob Gonzalez,sa3022498,MISS,university of mississippi,,
2023,16.0,1.0,1,Bryce Eldridge,James Madison HS,HS SR,San Francisco Giants,no_candidate,,,0,,,,,,
2023,17.0,1.0,1,Enrique Bradfield Jr.,Vanderbilt,4YR JR,Baltimore Orioles,matched_exact_name,100.0,100.0,1,Enrique Bradfield Jr.,sa3022917,VAN,vanderbilt university,,
2023,18.0,1.0,1,Brock Wilken,Wake Forest,4YR JR,Milwaukee Brewers,matched_exact_name,100.0,100.0,1,Brock Wilken,sa3022499,WAKE,wake forest university,,
2023,19.0,1.0,1,Brayden Taylor,TCU,4YR JR,Tampa Bay Rays,matched_exact_name,100.0,100.0,1,Brayden Taylor,sa3022921,TCU,texas christian university,,
2023,20.0,1.0,1,Arjun Nimmala,Strawberry Crest HS,HS SR,Toronto Blue Jays,no_candidate,,,0,,,,,,
2023,21.0,1.0,1,Chase Davis,Arizona,4YR JR,St. Louis Cardinals,matched_exact_name,100.0,100.0,1,Chase Davis,sa3022426,ARIZ,university of arizona,,
2023,22.0,1.0,1,Colt Emerson,John Glenn HS,HS SR,Seattle Mariners,no_candidate,,,0,,,,,,
2023,23.0,1.0,1,Ralphy Velazquez,Huntington Beach HS,HS SR,Cleveland Guardians,no_candidate,,,0,,,,,,
2023,24.0,1.0,1,Hurston Waldrep,Florida,4YR JR,Atlanta Braves,matched_exact_name,100.0,100.0,1,Hurston Waldrep,33527,FLA,university of florida,,
2023,25.0,1.0,1,Dillon Head,Homewood Flossmoor HS,HS SR,San Diego Padres,no_candidate,,,0,,,,,,
2023,26.0,1.0,1,George Lombard Jr.,Gulliver Prep School,HS SR,New York Yankees,no_candidate,,,0,,,,,,
2023,27.0,1.0,1,Aidan Miller,J.W. Mitchell HS,HS SR,Philadelphia Phillies,no_candidate,,,0,,,,,,
2023,28.0,1.0,1,Brice Matthews,Nebraska,4YR JR,Houston Astros,matched_exact_name,100.0,100.0,1,Brice Matthews,33280,NEB,university of nebraska–lincoln,,
2023,29.0,1.0,PPI,Jonny Farmelo,Westfield HS,HS SR,Seattle Mariners,no_candidate,,,0,,,,,,
2023,30.0,1.0,CB-A,Tai Peete,Trinity Christian School,HS SR,Seattle Mariners,no_candidate,,,0,,,,,,
2023,31.0,1.0,CB-A,Adrian Santana,Doral Academy,HS SR,Tampa Bay Rays,no_candidate,,,0,,,,,,
2023,32.0,1.0,1,Colin Houck,Parkview HS,HS SR,New York Mets,no_candidate,,,0,,,,,,
2023,33.0,1.0,CB-A,Josh Knoth,Patchogue Medford HS,HS SR,Milwaukee Brewers,no_candidate,,,0,,,,,,
2023,34.0,1.0,CB-A,Charlee Soto,Reborn Christian Academy,HS SR,Minnesota Twins,no_candidate,,,0,,,,,,
2023,35.0,1.0,CB-A,Thomas White,Phillips Academy,HS SR,Miami Marlins,no_candidate,,,0,,,,,,
2023,36.0,1.0,1,Kendall George,Atascocita HS,HS SR,Los Angeles Dodgers,no_candidate,,,0,,,,,,
2023,37.0,1.0,CB-A,Kevin McGonigle,Monsignor Bonner HS,HS SR,Detroit Tigers,no_candidate,,,0,,,,,,
2023,38.0,1.0,CB-A,Ty Floyd,LSU,4YR JR,Cincinnati Reds,matched_exact_name,100.0,100.0,1,Ty Floyd,sa3031488,LSU,louisiana state university,,
2023,39.0,1.0,CB-A,Myles Naylor,St Joan of Arc Catholic SS,HS SR,Athletics,no_candidate,,,0,,,,,,
2023,40.0,2.0,2,Yohandy Morales,Miami,4YR JR,Washington Nationals,matched_exact_name,100.0,100.0,1,Yohandy Morales,sa3022672,MIA,university of miami,,
2023,41.0,2.0,2,Ryan Lasko,Rutgers,4YR JR,Athletics,matched_exact_name,100.0,100.0,1,Ryan Lasko,sa3022539,RUTG,rutgers university,,
2023,42.0,2.0,2,Mitch Jebb,Michigan State,4YR JR,Pittsburgh Pirates,matched_exact_name,100.0,100.0,1,Mitch Jebb,sa3022565,MSU,michigan state university,,
2023,43.0,2.0,2,Sammy Stafura,Walter Panas HS,HS SR,Cincinnati Reds,no_candidate,,,0,,,,,,
2023,44.0,2.0,2,Blake Wolters,Mahomet-Seymour HS,HS SR,Kansas City Royals,no_candidate,,,0,,,,,,
2023,45.0,2.0,2,Max Anderson,Nebraska,4YR JR,Detroit Tigers,matched_exact_name,100.0,100.0,1,Max Anderson,sa3022567,NEB,university of nebraska–lincoln,,
2023,46.0,2.0,2,Sean Sullivan,Wake Forest,4YR SO,Colorado Rockies,matched_exact_name,100.0,100.0,1,Sean Sullivan,sa3023162,WAKE,wake forest university,,
2023,47.0,2.0,2,Kemp Alderman,Ole Miss,4YR JR,Miami Marlins,matched_exact_name,100.0,100.0,1,Kemp Alderman,sa3022562,MISS,university of mississippi,,
2023,48.0,2.0,2,LuJames Groover,NC State,4YR JR,Arizona Diamondbacks,matched_exact_name,100.0,100.0,1,LuJames Groover,sa3022887,NCSU,north carolina state university,,
2023,49.0,2.0,2,Luke Keaschall,Arizona State,4YR JR,Minnesota Twins,matched_exact_name,100.0,100.0,1,Luke Keaschall,33321,ASU,arizona state university,,
2023,50.0,2.0,2,Nazzan Zanetello,Christian Brothers College HS,HS SR,Boston Red Sox,no_candidate,,,0,,,,,,
2023,51.0,2.0,2,Grant Taylor,LSU,4YR SO,Chicago White Sox,rejected_school_guard,100.0,12.5,1,,,,,Grant Taylor,12.5
2023,52.0,2.0,2,Walker Martin,Eaton HS,HS SR,San Francisco Giants,no_candidate,,,0,,,,,,
2023,53.0,2.0,2,Mac Horvath,North Carolina,4YR JR,Baltimore Orioles,matched_exact_name,100.0,100.0,1,Mac Horvath,sa3022885,UNC,university of north carolina at chapel hill,,
2023,54.0,2.0,2,Mike Boeve,Nebraska-Omaha,4YR JR,Milwaukee Brewers,matched_exact_name,100.0,100.0,1,Mike Boeve,sa3022658,OMA,university of nebraska at omaha,,
2023,55.0,2.0,2,Colton Ledbetter,Mississippi State,4YR JR,Tampa Bay Rays,matched_exact_name,100.0,100.0,1,Colton Ledbetter,sa3022897,MSST,mississippi state university,,
2023,56.0,2.0,2,Brandon Sproat,Florida,4YR SR,New York Mets,matched_exact_name,100.0,100.0,1,Brandon Sproat,sa3023499,FLA,university of florida,,
2023,57.0,2.0,2,Ben Williamson,William & Mary,4YR SR,Seattle Mariners,matched_exact_name,100.0,100.0,1,Ben Williamson,33197,W&M,william and mary,,
2023,58.0,2.0,2,Alex Clemmey,Bishop Hendricken School,HS SR,Cleveland Guardians,no_candidate,,,0,,,,,,
2023,59.0,2.0,2,Drue Hackenberg,Virginia Tech,4YR SO,Atlanta Braves,matched_exact_name,100.0,100.0,1,Drue Hackenberg,sa3023304,VT,virginia tech,,
2023,60.0,2.0,2,Jake Gelof,Virginia,4YR JR,Los Angeles Dodgers,matched_exact_name,100.0,100.0,1,Jake Gelof,sa3022600,UVA,university of virginia,,
2023,61.0,2.0,2,Alonzo Tredwell,UCLA,4YR SO,Houston Astros,matched_exact_name,100.0,100.0,1,Alonzo Tredwell,sa3023524,UCLA,"university of california, los angeles",,
2023,62.0,2.0,CB-B,Andrew Walters,Miami,4YR SR,Cleveland Guardians,rejected_fuzzy_school_guard,88.9,36.4,1,,,,,Andrew Walker,36.4
2023,63.0,2.0,CB-B,Jackson Baumeister,Florida State,4YR SO,Baltimore Orioles,matched_exact_name,100.0,100.0,1,Jackson Baumeister,sa3023471,FSU,florida state university,,
2023,64.0,2.0,CB-B,Caden Grice,Clemson,4YR JR,Arizona Diamondbacks,matched_exact_name,100.0,100.0,1,Caden Grice,sa3023166,CLEM,clemson university,,
2023,65.0,2.0,CB-B,Cole Carrigg,San Diego State,4YR JR,Colorado Rockies,matched_exact_name,100.0,100.0,1,Cole Carrigg,sa3022596,SDSU,san diego state university,,
2023,66.0,2.0,CB-B,Carson Roccaforte,University of Louisiana at Lafayette,4YR JR,Kansas City Royals,matched_exact_name,100.0,100.0,1,Carson Roccaforte,sa3022825,UL,university of louisiana at lafayette,,
2023,67.0,2.0,CB-B,Zander Mueth,Belleville East HS,HS SR,Pittsburgh Pirates,no_candidate,,,0,,,,,,
2023,68.0,2.0,2C,Jaxon Wiggins,Arkansas,4YR JR,Chicago Cubs,no_candidate,,,0,,,,,,
2023,69.0,2.0,2C,Joe Whitman,Kent State,4YR JR,San Francisco Giants,matched_exact_name,100.0,100.0,1,Joe Whitman,sa3023131,KENT,kent state university,,
2023,70.0,2.0,2C,Cade Kuehler,Campbell University,4YR JR,Atlanta Braves,matched_exact_name,100.0,100.0,1,Cade Kuehler,sa3023306,CAM,campbell university,,
2023,71.0,3.0,3,Travis Sykora,Round Rock HS,HS SR,Washington Nationals,no_candidate,,,0,,,,,,
2023,72.0,3.0,3,Steven Echavarria,Millburn HS,HS SR,Athletics,no_candidate,,,0,,,,,,
2023,73.0,3.0,3,Garret Forrester,Oregon State,4YR JR,Pittsburgh Pirates,matched_exact_name,100.0,100.0,1,Garret Forrester,sa3022822,ORST,oregon state university,,
2023,74.0,3.0,3,Hunter Hollan,Arkansas,4YR JR,Cincinnati Reds,matched_exact_name,100.0,100.0,1,Hunter Hollan,sa3025045,ARK,university of arkansas,,
2023,75.0,3.0,3,Hiro Wyatt,Staples HS,HS SR,Kansas City Royals,no_candidate,,,0,,,,,,
2023,76.0,3.0,3,Paul Wilson,Lakeridge HS,HS SR,Detroit Tigers,no_candidate,,,0,,,,,,
2023,77.0,3.0,3,Jack Mahoney,South Carolina,4YR JR,Colorado Rockies,matched_exact_name,100.0,100.0,1,Jack Mahoney,sa3023157,SC,university of south carolina,,
2023,78.0,3.0,3,Brock Vradenburg,Michigan State,4YR JR,Miami Marlins,matched_exact_name,100.0,100.0,1,Brock Vradenburg,sa3022537,MSU,michigan state university,,
2023,79.0,3.0,3,Alberto Rios,Stanford,4YR JR,Los Angeles Angels,matched_exact_name,100.0,100.0,1,Alberto Rios,sa3022441,STAN,stanford university,,
2023,80.0,3.0,3,Jack Hurley,Virginia Tech,4YR JR,Arizona Diamondbacks,matched_exact_name,100.0,100.0,1,Jack Hurley,sa3022564,VT,virginia tech,,
2023,81.0,3.0,3,Josh Rivera,Florida,4YR SR,Chicago Cubs,matched_exact_name,100.0,100.0,1,Josh Rivera,sa3022590,FLA,university of florida,,
2023,82.0,3.0,3,Brandon Winokur,Edison HS,HS SR,Minnesota Twins,no_candidate,,,0,,,,,,
2023,83.0,3.0,3,Antonio Anderson,North Atlanta HS,HS SR,Boston Red Sox,no_candidate,,,0,,,,,,
2023,84.0,3.0,3,Seth Keener,Wake Forest,4YR JR,Chicago White Sox,matched_exact_name,100.0,100.0,1,Seth Keener,sa3022949,WAKE,wake forest university,,
2023,85.0,3.0,3,Cole Foster,Auburn,4YR JR,San Francisco Giants,matched_exact_name,100.0,100.0,1,Cole Foster,sa3022673,AUB,auburn university,,
2023,86.0,3.0,3,Kiefer Lord,Washington,4YR JR,Baltimore Orioles,matched_exact_name,100.0,100.0,1,Kiefer Lord,sa3023135,WASH,university of washington,,
2023,87.0,3.0,3,Eric Bitonti,Aquinas HS,HS SR,Milwaukee Brewers,no_candidate,,,0,,,,,,
2023,88.0,3.0,3,Tre' Morgan,LSU,4YR JR,Tampa Bay Rays,matched_exact_name,100.0,100.0,1,Tre' Morgan,sa3022919,LSU,louisiana state university,,
2023,89.0,3.0,3,Juaron Watts-Brown,Oklahoma State,4YR JR,Toronto Blue Jays,matched_exact_name,100.0,100.0,1,Juaron Watts-Brown,sa3023352,OKST,oklahoma state university,,
2023,90.0,3.0,3,Travis Honeyman,Boston College,4YR JR,St. Louis Cardinals,matched_exact_name,100.0,100.0,1,Travis Honeyman,sa3023679,BC,boston college,,
2023,91.0,3.0,3,Nolan McLean,Oklahoma State,4YR JR,New York Mets,no_candidate,,,0,,,,,,
2023,92.0,3.0,3,Teddy McGraw,Wake Forest,4YR JR,Seattle Mariners,no_candidate,,,0,,,,,,
2023,93.0,3.0,3,CJ Kayfus,Miami,4YR JR,Cleveland Guardians,matched_fuzzy_name,90.0,100.0,1,C.J. Kayfus,33704,MIA,university of miami,,
2023,94.0,3.0,3,Sabin Ceballos,Oregon,4YR SO,Atlanta Braves,matched_exact_name,100.0,100.0,1,Sabin Ceballos,sa3022500,ORE,university of oregon,,
2023,95.0,3.0,3,Brady Smith,Grainger HS,HS SR,Los Angeles Dodgers,no_candidate,,,0,,,,,,
2023,96.0,3.0,3,J.D. Gonzalez,Anita Otero Hernandez HS,HS SR,San Diego Padres,no_candidate,,,0,,,,,,
2023,97.0,3.0,3,Kyle Carr,Palomar College,JC J1,New York Yankees,no_candidate,,,0,,,,,,
2023,98.0,3.0,3,Devin Saltiban,Hilo HS,HS SR,Philadelphia Phillies,no_candidate,,,0,,,,,,
2023,99.0,3.0,3,Jake Bloss,Georgetown,4YR JR,Houston Astros,matched_exact_name,100.0,100.0,1,Jake Bloss,33168,GTWN,georgetown university,,
2023,100.0,3.0,3,Tavian Josenberger,Arkansas,4YR JR,Baltimore Orioles,matched_exact_name,100.0,100.0,1,Tavian Josenberger,sa3022808,ARK,university of arkansas,,
2023,101.0,3.0,3,Kade Morris,Nevada,4YR JR,New York Mets,matched_exact_name,100.0,100.0,1,Kade Morris,sa3023206,NEV,"university of nevada, reno",,
2023,102.0,4.0,4,Andrew Pinckney,Alabama,4YR SR,Washington Nationals,matched_exact_name,100.0,100.0,1,Andrew Pinckney,sa3022670,ALA,university of alabama,,
2023,103.0,4.0,4,Cole Miller,Newbury Park HS,HS SR,Athletics,no_candidate,,,0,,,,,,
2023,104.0,4.0,4,Carlson Reed,West Virginia,4YR JR,Pittsburgh Pirates,no_candidate,,,0,,,,,,
2023,105.0,4.0,4,Cole Schoenwetter,San Marcos HS,HS SR,Cincinnati Reds,no_candidate,,,0,,,,,,
2023,106.0,4.0,4,Hunter Owen,Vanderbilt,4YR JR,Kansas City Royals,matched_exact_name,100.0,100.0,1,Hunter Owen,sa3023474,VAN,vanderbilt university,,
2023,107.0,4.0,4,Carson Rucker,Goodpasture Christian School,HS SR,Detroit Tigers,no_candidate,,,0,,,,,,
2023,108.0,4.0,4,Skylar Hales,Santa Clara,4YR JR,Texas Rangers,matched_exact_name,100.0,100.0,1,Skylar Hales,sa3022739,SCU,santa clara university,,
2023,109.0,4.0,4,Isaiah Coupet,Ohio State,4YR JR,Colorado Rockies,matched_exact_name,100.0,100.0,1,Isaiah Coupet,sa3023156,OSU,ohio state university,,
2023,110.0,4.0,4,Emmett Olson,Nebraska,4YR JR,Miami Marlins,matched_exact_name,100.0,100.0,1,Emmett Olson,sa3023223,NEB,university of nebraska–lincoln,,
2023,111.0,4.0,4,Joe Redfield,Sam Houston,4YR JR,Los Angeles Angels,matched_exact_name,100.0,100.0,1,Joe Redfield,sa3022439,SHSU,sam houston state university,,
2023,112.0,4.0,4,Grayson Hitt,Alabama,4YR JR,Arizona Diamondbacks,no_candidate,,,0,,,,,,
2023,113.0,4.0,4,Will Sanders,South Carolina,4YR JR,Chicago Cubs,matched_exact_name,100.0,100.0,1,Will Sanders,sa3023508,SC,university of south carolina,,
2023,114.0,4.0,4,Tanner Hall,Southern Mississippi,4YR JR,Minnesota Twins,matched_exact_name,100.0,100.0,1,Tanner Hall,sa3023481,USM,university of southern mississippi,,
2023,115.0,4.0,4,Matt Duffy,Canisius College,4YR JR,Boston Red Sox,matched_exact_name,100.0,100.0,1,Matt Duffy,sa3023272,CAN,canisius,,
2023,116.0,4.0,4,Calvin Harris,Ole Miss,4YR JR,Chicago White Sox,matched_exact_name,100.0,100.0,1,Calvin Harris,sa3022496,MISS,university of mississippi,,
2023,117.0,4.0,4,Maui Ahuna,Tennessee,4YR JR,San Francisco Giants,matched_exact_name,100.0,100.0,1,Maui Ahuna,sa3023373,TENN,university of tennessee knoxville,,
2023,118.0,4.0,4,Levi Wells,Texas State,4YR JR,Baltimore Orioles,matched_exact_name,100.0,100.0,1,Levi Wells,sa3023441,TXST,texas state university,,
2023,119.0,4.0,4,Jason Woodward,Florida Gulf Coast University,4YR JR,Milwaukee Brewers,no_candidate,,,0,,,,,,
2023,120.0,4.0,4,Hunter Haas,Texas A&M,4YR JR,Tampa Bay Rays,matched_exact_name,100.0,100.0,1,Hunter Haas,sa3022918,TA&M,texas aandm university,,
2023,121.0,4.0,4,Landen Maroudis,Calvary Christian HS,HS SR,Toronto Blue Jays,no_candidate,,,0,,,,,,
2023,122.0,4.0,4,Quinn Mathews,Stanford,4YR SR,St. Louis Cardinals,matched_exact_name,100.0,100.0,1,Quinn Mathews,sa3023407,STAN,stanford university,,
2023,123.0,4.0,4,Wyatt Hudepohl,UNC Charlotte,4YR JR,New York Mets,matched_exact_name,100.0,100.0,1,Wyatt Hudepohl,sa3023442,CLT,university of north carolina at charlotte,,
2023,124.0,4.0,4,Aidan Smith,Lovejoy HS,HS SR,Seattle Mariners,no_candidate,,,0,,,,,,
2023,125.0,4.0,4,Cooper Ingle,Clemson,4YR JR,Cleveland Guardians,matched_exact_name,100.0,100.0,1,Cooper Ingle,sa3023069,CLEM,clemson university,,
2023,126.0,4.0,4,Garrett Baumann,Hagerty HS,HS SR,Atlanta Braves,no_candidate,,,0,,,,,,
2023,127.0,4.0,4,Wyatt Crowell,Florida State,4YR JR,Los Angeles Dodgers,no_candidate,,,0,,,,,,
2023,128.0,4.0,4,Homer Bush Jr.,Grand Canyon University,4YR JR,San Diego Padres,matched_exact_name,100.0,100.0,1,Homer Bush Jr.,sa3022480,GCU,grand canyon university,,
2023,129.0,4.0,4,Roc Riggio,Oklahoma State,4YR SO,New York Yankees,matched_exact_name,100.0,100.0,1,Roc Riggio,sa3022750,OKST,oklahoma state university,,
2023,130.0,4.0,4,TJayy Walton,IMG Academy,HS SR,Philadelphia Phillies,no_candidate,,,0,,,,,,
2023,131.0,4.0,4,Cam Fisher,UNC Charlotte,4YR SR,Houston Astros,matched_exact_name,100.0,100.0,1,Cam Fisher,sa3022687,CLT,university of north carolina at charlotte,,
2023,132.0,4.0,4C,Kristian Campbell,Georgia Tech,4YR SO,Boston Red Sox,matched_exact_name,100.0,100.0,1,Kristian Campbell,33644,GT,georgia institute of technology,,
2023,133.0,4.0,4C,Justin Riemer,Wright State,4YR JR,Boston Red Sox,no_candidate,,,0,,,,,,
2023,134.0,4.0,4C,A.J. Ewing,Springboro HS,HS SR,New York Mets,no_candidate,,,0,,,,,,
2023,135.0,4.0,4C,Austin Troesser,Missouri,4YR JR,New York Mets,matched_exact_name,100.0,100.0,1,Austin Troesser,sa3023281,MIZ,university of missouri,,
2023,136.0,4.0,4C,Dylan Campbell,Texas,4YR JR,Los Angeles Dodgers,matched_exact_name,100.0,100.0,1,Dylan Campbell,sa3022751,TEX,university of texas at austin,,
2023,137.0,4.0,4C,Eriq Swan,Middle Tennessee State,4YR JR,Los Angeles Dodgers,matched_exact_name,100.0,100.0,1,Eriq Swan,sa3023514,MTSU,middle tennessee state university,,
2023,138.0,5.0,5,Marcus Brown,Oklahoma State,4YR JR,Washington Nationals,matched_exact_name,100.0,100.0,1,Marcus Brown,sa3022676,OKST,oklahoma state university,,
2023,139.0,5.0,5,Nathan Dettmer,Texas A&M,4YR JR,Athletics,matched_exact_name,100.0,100.0,1,Nathan Dettmer,sa3023207,TA&M,texas aandm university,,
2023,140.0,5.0,5,Patrick Reilly,Vanderbilt,4YR JR,Pittsburgh Pirates,no_candidate,,,0,,,,,,
2023,141.0,5.0,5,Connor Burns,Long Beach State,4YR JR,Cincinnati Reds,matched_exact_name,100.0,100.0,1,Connor Burns,sa3022599,LBSU,long beach state university,,
2023,142.0,5.0,5,Spencer Nivens,Missouri State,4YR JR,Kansas City Royals,matched_exact_name,100.0,100.0,1,Spencer Nivens,sa3022697,MOST,missouri state university,,
2023,143.0,5.0,5,Jaden Hamm,Middle Tennessee State,4YR JR,Detroit Tigers,matched_exact_name,100.0,100.0,1,Jaden Hamm,sa3023134,MTSU,middle tennessee state university,,
2023,144.0,5.0,5,Alejandro Rosario,Miami,4YR JR,Texas Rangers,matched_exact_name,100.0,100.0,1,Alejandro Rosario,sa3023538,MIA,university of miami,,
2023,145.0,5.0,5,Kyle Karros,UCLA,4YR JR,Colorado Rockies,matched_exact_name,100.0,100.0,1,Kyle Karros,33252,UCLA,"university of california, los angeles",,
2023,146.0,5.0,5,Andrew Lindsey,Tennessee,4YR 5S,Miami Marlins,matched_exact_name,100.0,100.0,1,Andrew Lindsey,sa3022734,TENN,university of tennessee knoxville,,
2023,147.0,5.0,5,Chris Clark,Harvard,4YR JR,Los Angeles Angels,matched_exact_name,100.0,100.0,1,Chris Clark,sa3022874,HARV,harvard university,,
2023,148.0,5.0,5,Kevin Sim,University of San Diego,4YR JR,Arizona Diamondbacks,matched_exact_name,100.0,100.0,1,Kevin Sim,sa3022560,USD,university of san diego,,
2023,149.0,5.0,5,Michael Carico,Davidson,4YR JR,Chicago Cubs,no_candidate,,,0,,,,,,
2023,150.0,5.0,5,Dylan Questad,Waterford HS,HS SR,Minnesota Twins,no_candidate,,,0,,,,,,
2023,151.0,5.0,5,Connelly Early,Virginia,4YR JR,Boston Red Sox,matched_exact_name,100.0,100.0,1,Connelly Early,sa3023308,UVA,university of virginia,,
2023,152.0,5.0,5,Christian Oppor,Gulf Coast CC,JC J1,Chicago White Sox,rejected_fuzzy_school_guard,87.5,20.0,2,,,,,Christian Coppola,20.0
2023,153.0,5.0,5,Quinn McDaniel,University of Maine,4YR JR,San Francisco Giants,matched_exact_name,100.0,100.0,1,Quinn McDaniel,sa3022701,ME,university of maine,,
2023,154.0,5.0,5,Jake Cunningham,UNC Charlotte,4YR JR,Baltimore Orioles,matched_exact_name,100.0,100.0,1,Jake Cunningham,sa3023269,CLT,university of north carolina at charlotte,,
2023,155.0,5.0,5,Ryan Birchard,Niagara County CC,JC J2,Milwaukee Brewers,no_candidate,,,0,,,,,,
2023,156.0,5.0,5,Trevor Harrison,J.W. Mitchell HS,HS SR,Tampa Bay Rays,no_candidate,,,0,,,,,,
2023,157.0,5.0,5,Connor O'Halloran,Michigan,4YR JR,Toronto Blue Jays,matched_exact_name,100.0,100.0,1,Connor O'Halloran,sa3023219,MICH,university of michigan,,
2023,158.0,5.0,5,Zach Levenson,Miami,4YR JR,St. Louis Cardinals,matched_exact_name,100.0,100.0,1,Zach Levenson,sa3022435,MIA,university of miami,,
2023,159.0,5.0,5,Zach Thornton,Grand Canyon University,4YR JR,New York Mets,matched_exact_name,100.0,100.0,1,Zach Thornton,sa3023505,GCU,grand canyon university,,
2023,160.0,5.0,5,Brock Rodden,Wichita State,4YR JR,Seattle Mariners,matched_exact_name,100.0,100.0,1,Brock Rodden,sa3022432,WICH,wichita state university,,
2023,161.0,5.0,5,Christian Knapczyk,Louisville,4YR JR,Cleveland Guardians,matched_exact_name,100.0,100.0,1,Christian Knapczyk,sa3023425,LOU,university of louisville,,
2023,162.0,5.0,5,Isaiah Drake,North Atlanta HS,HS SR,Atlanta Braves,no_candidate,,,0,,,,,,
2023,163.0,5.0,5,Joe Vetrano,Boston College,4YR JR,Los Angeles Dodgers,matched_exact_name,100.0,100.0,1,Joe Vetrano,sa3022501,BC,boston college,,
2023,164.0,5.0,5,Chase Jaworsky,Rock Canyon HS,HS SR,Houston Astros,no_candidate,,,0,,,,,,
2023,165.0,6.0,6,Gavin Dugas,LSU,4YR 5S,Washington Nationals,matched_exact_name,100.0,100.0,1,Gavin Dugas,sa3022667,LSU,louisiana state university,,
2023,166.0,6.0,6,Jonah Cox,Oral Roberts,4YR JR,Athletics,matched_exact_name,100.0,100.0,1,Jonah Cox,sa3022541,ORU,oral roberts university,,
2023,167.0,6.0,6,Hunter Furtado,Alabama,4YR JR,Pittsburgh Pirates,no_candidate,,,0,,,,,,
2023,168.0,6.0,6,Ethan O'Donnell,Virginia,4YR JR,Cincinnati Reds,matched_exact_name,100.0,100.0,1,Ethan O'Donnell,sa3022616,UVA,university of virginia,,
2023,169.0,6.0,6,Coleman Picard,Bryant University,4YR JR,Kansas City Royals,matched_exact_name,100.0,100.0,1,Coleman Picard,sa3023202,BRY,bryant university,,
2023,170.0,6.0,6,Bennett Lee,Wake Forest,4YR JR,Detroit Tigers,matched_exact_name,100.0,100.0,1,Bennett Lee,sa3022679,WAKE,wake forest university,,
2023,171.0,6.0,6,Caden Scarborough,Harmony HS,HS SR,Texas Rangers,no_candidate,,,0,,,,,,
2023,172.0,6.0,6,Cade Denton,Oral Roberts,4YR JR,Colorado Rockies,matched_exact_name,100.0,100.0,1,Cade Denton,sa3023047,ORU,oral roberts university,,
2023,173.0,6.0,6,Jake DeLeo,Georgia Tech,4YR JR,Miami Marlins,matched_exact_name,100.0,100.0,1,Jake DeLeo,sa3022427,GT,georgia institute of technology,,
2023,174.0,6.0,6,Camden Minacci,Wake Forest,4YR JR,Los Angeles Angels,no_candidate,,,0,,,,,,
2023,175.0,6.0,6,Philip Abner,Florida,4YR SO,Arizona Diamondbacks,no_candidate,,,0,,,,,,
2023,176.0,6.0,6,Alfonsin Rosario,P27 Academy,HS SR,Chicago Cubs,no_candidate,,,0,,,,,,
2023,177.0,6.0,6,Jay Harry,Penn State,4YR JR,Minnesota Twins,matched_exact_name,100.0,100.0,1,Jay Harry,sa3022607,PSU,penn state university,,
2023,178.0,6.0,6,CJ Weins,Western Kentucky,4YR 5S,Boston Red Sox,no_candidate,,,0,,,,,,
2023,179.0,6.0,6,Lucas Gordon,Texas,4YR JR,Chicago White Sox,matched_exact_name,100.0,100.0,1,Lucas Gordon,sa3023036,TEX,university of texas at austin,,
2023,180.0,6.0,6,Luke Shliger,Maryland,4YR JR,San Francisco Giants,matched_exact_name,100.0,100.0,1,Luke Shliger,sa3022694,MD,university of maryland,,
2023,181.0,6.0,6,Jacob Cravey,Samford University,4YR JR,Baltimore Orioles,matched_exact_name,100.0,100.0,1,Jacob Cravey,sa3023423,SAM,samford,,
2023,182.0,6.0,6,Cooper Pratt,Magnolia Heights HS,HS SR,Milwaukee Brewers,no_candidate,,,0,,,,,,
2023,183.0,6.0,6,TJ Nichols,Arizona,4YR JR,Tampa Bay Rays,matched_fuzzy_name,90.9,100.0,1,T.J. Nichols,sa3023039,ARIZ,university of arizona,,
2023,184.0,6.0,6,Jace Bohrofen,Arkansas,4YR JR,Toronto Blue Jays,matched_exact_name,100.0,100.0,1,Jace Bohrofen,sa3022653,ARK,university of arkansas,,
2023,185.0,6.0,6,Jason Savacool,Maryland,4YR JR,St. Louis Cardinals,matched_exact_name,100.0,100.0,1,Jason Savacool,sa3022856,MD,university of maryland,,
2023,186.0,6.0,6,Jack Wenninger,Illinois,4YR JR,New York Mets,matched_exact_name,100.0,100.0,1,Jack Wenninger,sa3023282,ILL,university of illinois,,
2023,187.0,6.0,6,Brody Hopkins,Winthrop,4YR JR,Seattle Mariners,matched_exact_name,100.0,100.0,1,Brody Hopkins,sa3023515,WIN,winthrop university,,
2023,188.0,6.0,6,Tommy Hawke,Wake Forest,4YR SO,Cleveland Guardians,matched_exact_name,100.0,100.0,1,Tommy Hawke,sa3023055,WAKE,wake forest university,,
2023,189.0,6.0,6,Lucas Braun,Cal State Northridge,4YR SR,Atlanta Braves,matched_exact_name,100.0,100.0,1,Lucas Braun,sa3022996,CSUN,"california state university, northridge",,
2023,190.0,6.0,6,Bryan Gonzalez Garcia,Carlos Beltran Baseball Academy,HS SR,Los Angeles Dodgers,no_candidate,,,0,,,,,,
2023,191.0,6.0,6,Jay Beshears,Duke,4YR JR,San Diego Padres,matched_exact_name,100.0,100.0,1,Jay Beshears,sa3022485,DUKE,duke university,,
2023,192.0,6.0,6,Cade Smith,Mississippi State,4YR JR,New York Yankees,matched_exact_name,100.0,100.0,1,Cade Smith,sa3023371,MSST,mississippi state university,,
2023,193.0,6.0,6,George Klassen,Minnesota,4YR JR,Philadelphia Phillies,matched_exact_name,100.0,100.0,1,George Klassen,sa3023440,MINN,university of minnesota,,
2023,194.0,6.0,6,Ethan Pecko,Towson,4YR JR,Houston Astros,no_candidate,,,0,,,,,,
2023,195.0,7.0,7,Ryan Snell,Lamar University,4YR 5S,Washington Nationals,matched_exact_name,100.0,100.0,1,Ryan Snell,sa3022696,LAM,lamar university,,
2023,196.0,7.0,7,Nate Nankil,Cal State Fullerton,4YR JR,Athletics,matched_exact_name,100.0,100.0,1,Nate Nankil,sa3022532,CSUF,"california state university, fullerton",,
2023,197.0,7.0,7,Jaden Woods,Georgia,4YR JR,Pittsburgh Pirates,matched_exact_name,100.0,100.0,1,Jaden Woods,sa3023064,UGA,university of georgia,,
2023,198.0,7.0,7,Dominic Pitelli,Miami,4YR JR,Cincinnati Reds,matched_exact_name,100.0,100.0,1,Dominic Pitelli,sa3022809,MIA,university of miami,,
2023,199.0,7.0,7,Trevor Werner,Texas A&M,4YR SR,Kansas City Royals,matched_exact_name,100.0,100.0,1,Trevor Werner,sa3022592,TA&M,texas aandm university,,
2023,200.0,7.0,7,John Peck,Pepperdine,4YR JR,Detroit Tigers,matched_exact_name,100.0,100.0,1,John Peck,sa3022896,PEPP,pepperdine university,,
2023,201.0,7.0,7,Izack Tiger,Butler County CC,JC J3,Texas Rangers,no_candidate,,,0,,,,,,
2023,202.0,7.0,7,Seth Halvorsen,Tennessee,4YR 5S,Colorado Rockies,no_candidate,,,0,,,,,,
2023,203.0,7.0,7,Justin Storm,Southern Mississippi,4YR JR,Miami Marlins,no_candidate,,,0,,,,,,
2023,204.0,7.0,7,Cole Fontenelle,TCU,4YR JR,Los Angeles Angels,matched_exact_name,100.0,100.0,1,Cole Fontenelle,sa3022429,TCU,texas christian university,,
2023,205.0,7.0,7,Ryan Bruno,Stanford,4YR JR,Arizona Diamondbacks,no_candidate,,,0,,,,,,
2023,206.0,7.0,7,Yahil Melendez,B You Academy,HS SR,Chicago Cubs,no_candidate,,,0,,,,,,
2023,207.0,7.0,7,Nolan Santos,Bethune-Cookman University,4YR SR,Minnesota Twins,matched_exact_name,100.0,100.0,1,Nolan Santos,sa3023104,BCU,bethune–cookman university,,
2023,208.0,7.0,7,Caden Rose,Alabama,4YR JR,Boston Red Sox,matched_exact_name,100.0,100.0,1,Caden Rose,sa3023458,ALA,university of alabama,,
2023,209.0,7.0,7,George Wolkow,Downers Grove North HS,HS SR,Chicago White Sox,no_candidate,,,0,,,,,,
2023,210.0,7.0,7,Scott Bandura,Princeton,4YR JR,San Francisco Giants,matched_exact_name,100.0,100.0,1,Scott Bandura,sa3022699,PRIN,princeton university,,
2023,211.0,7.0,7,Teddy Sharkey,Coastal Carolina,4YR JR,Baltimore Orioles,no_candidate,,,0,,,,,,
2023,212.0,7.0,7,Tate Kuehner,Louisville,4YR SR,Milwaukee Brewers,no_candidate,,,0,,,,,,
2023,213.0,7.0,7,Owen Wild,Gonzaga,4YR JR,Tampa Bay Rays,matched_exact_name,100.0,100.0,1,Owen Wild,sa3023278,GONZ,gonzaga university,,
2023,214.0,7.0,7,Nick Goodwin,Kansas State,4YR JR,Toronto Blue Jays,matched_exact_name,100.0,100.0,1,Nick Goodwin,sa3022685,KSU,kansas st.,,
2023,215.0,7.0,7,Charles Harrison,UCLA,4YR SR,St. Louis Cardinals,no_candidate,,,0,,,,,,
2023,216.0,7.0,7,Noah Hall,South Carolina,4YR SR,New York Mets,no_candidate,,,0,,,,,,
2023,217.0,7.0,7,Ty Cummings,Campbell University,4YR JR,Seattle Mariners,matched_exact_name,100.0,100.0,1,Ty Cummings,sa3023365,CAM,campbell university,,
2023,218.0,7.0,7,Alex Mooney,Duke,4YR SO,Cleveland Guardians,matched_exact_name,100.0,100.0,1,Alex Mooney,sa3023070,DUKE,duke university,,
2023,219.0,7.0,7,Justin Long,Rice,4YR JR,Atlanta Braves,no_candidate,,,0,,,,,,
2023,220.0,7.0,7,Patrick Copen,Marshall,4YR JR,Los Angeles Dodgers,matched_exact_name,100.0,100.0,1,Patrick Copen,sa3023283,MRSH,marshall university,,
2023,221.0,7.0,7,Tucker Musgrove,University of Mobile,4YR JR,San Diego Padres,no_candidate,,,0,,,,,,
2023,222.0,7.0,7,Kiko Romero,Arizona,4YR JR,New York Yankees,matched_exact_name,100.0,100.0,1,Kiko Romero,sa3022669,ARIZ,university of arizona,,
2023,223.0,7.0,7,Jake Eddington,Missouri State,4YR JR,Philadelphia Phillies,matched_exact_name,100.0,100.0,1,Jake Eddington,sa3023409,MOST,missouri state university,,
2023,224.0,7.0,7,Joey Dixon,Stanford,4YR JR,Houston Astros,matched_exact_name,100.0,100.0,1,Joey Dixon,sa3023267,STAN,stanford university,,
2023,225.0,8.0,8,Jared Simpson,Iowa,4YR 5S,Washington Nationals,no_candidate,,,0,,,,,,
2023,226.0,8.0,8,Jackson Finley,Georgia Tech,4YR SR,Athletics,matched_exact_name,100.0,100.0,1,Jackson Finley,sa3023406,GT,georgia institute of technology,,
2023,227.0,8.0,8,Austin Strickland,Kentucky,4YR JR,Pittsburgh Pirates,matched_exact_name,100.0,100.0,1,Austin Strickland,sa3023380,UK,university of kentucky,,
2023,228.0,8.0,8,Carter Graham,Stanford,4YR JR,Cincinnati Reds,matched_exact_name,100.0,100.0,1,Carter Graham,sa3022824,STAN,stanford university,,
2023,229.0,8.0,8,Dustin Dickerson,Southern Mississippi,4YR SR,Kansas City Royals,matched_exact_name,100.0,100.0,1,Dustin Dickerson,sa3022828,USM,university of southern mississippi,,
2023,230.0,8.0,8,Jatnk Diaz,Hazleton Area HS,HS SR,Detroit Tigers,no_candidate,,,0,,,,,,
2023,231.0,8.0,8,Julian Brock,University of Louisiana at Lafayette,4YR SR,Texas Rangers,matched_exact_name,100.0,100.0,1,Julian Brock,sa3023424,UL,university of louisiana at lafayette,,
2023,232.0,8.0,8,Braylen Wimmer,South Carolina,4YR SR,Colorado Rockies,matched_exact_name,100.0,100.0,1,Braylen Wimmer,sa3022671,SC,university of south carolina,,
2023,233.0,8.0,8,Nick Maldonado,Vanderbilt,4YR SR,Miami Marlins,no_candidate,,,0,,,,,,
2023,234.0,8.0,8,Barrett Kent,Pottsboro HS,HS SR,Los Angeles Angels,no_candidate,,,0,,,,,,
2023,235.0,8.0,8,Jackson Feltner,Morehead State,4YR JR,Arizona Diamondbacks,matched_exact_name,100.0,100.0,1,Jackson Feltner,sa3022568,MORE,morehead state university,,
2023,236.0,8.0,8,Brett Bateman,Minnesota,4YR JR,Chicago Cubs,matched_exact_name,100.0,100.0,1,Brett Bateman,sa3022603,MINN,university of minnesota,,
2023,237.0,8.0,8,Jace Stoffal,Oregon,4YR JR,Minnesota Twins,matched_exact_name,100.0,100.0,1,Jace Stoffal,sa3043152,ORE,university of oregon,,
2023,238.0,8.0,8,Trennor O'Donnell,Ball State,4YR SR,Boston Red Sox,matched_exact_name,100.0,100.0,1,Trennor O'Donnell,sa3023531,BALL,ball state university,,
2023,239.0,8.0,8,Eddie Park,Stanford,4YR JR,Chicago White Sox,matched_exact_name,100.0,100.0,1,Eddie Park,sa3022502,STAN,stanford university,,
2023,240.0,8.0,8,Josh Bostick,Grayson College,JC J3,San Francisco Giants,no_candidate,,,0,,,,,,
2023,241.0,8.0,8,Braxton Bragg,Dallas Baptist,4YR SR,Baltimore Orioles,matched_exact_name,100.0,100.0,1,Braxton Bragg,sa3023303,DBU,dallas baptist university,,
2023,242.0,8.0,8,Craig Yoho,Indiana,4YR 5S,Milwaukee Brewers,no_candidate,,,0,,,,,,
2023,243.0,8.0,8,Drew Dowd,Stanford,4YR JR,Tampa Bay Rays,matched_exact_name,100.0,100.0,1,Drew Dowd,sa3023509,STAN,stanford university,,
2023,244.0,8.0,8,Braden Barry,West Virginia,4YR JR,Toronto Blue Jays,matched_exact_name,100.0,100.0,1,Braden Barry,sa3022659,WVU,west virginia university,,
2023,245.0,8.0,8,Ixan Henderson,Fresno State,4YR JR,St. Louis Cardinals,matched_exact_name,100.0,100.0,1,Ixan Henderson,sa3022953,FRES,fresno state university,,
2023,246.0,8.0,8,Boston Baro,Capistrano Valley HS,HS SR,New York Mets,no_candidate,,,0,,,,,,
2023,247.0,8.0,8,Ryan Hawks,Louisville,4YR SR,Seattle Mariners,matched_exact_name,100.0,100.0,1,Ryan Hawks,sa3022999,LOU,university of louisville,,
2023,248.0,8.0,8,Jonah Advincula,Washington State,4YR JR,Cleveland Guardians,matched_exact_name,100.0,100.0,1,Jonah Advincula,sa3023056,WSU,washington state university,,
2023,249.0,8.0,8,Cory Wall,William & Mary,4YR GR,Atlanta Braves,matched_exact_name,100.0,100.0,1,Cory Wall,sa3022944,W&M,william and mary,,
2023,250.0,8.0,8,Jaron Elkins,Goodpasture Christian School,HS SR,Los Angeles Dodgers,no_candidate,,,0,,,,,,
2023,251.0,8.0,8,Kannon Kemp,Weatherford HS,HS SR,San Diego Padres,no_candidate,,,0,,,,,,
2023,252.0,8.0,8,Nicholas Judice,University of Louisiana - Monroe,4YR SR,New York Yankees,matched_exact_name,100.0,100.0,1,Nicholas Judice,sa3023672,ULM,university of louisiana at monroe,,
2023,253.0,8.0,8,Bryson Ware,Auburn,4YR SR,Philadelphia Phillies,matched_exact_name,100.0,100.0,1,Bryson Ware,sa3022597,AUB,auburn university,,
2023,254.0,8.0,8,Ryan Johnson,Pepperdine,4YR SR,Houston Astros,matched_exact_name,100.0,100.0,2,Ryan Johnson,sa3022569,PEPP,pepperdine university,,
2023,255.0,9.0,9,Thomas Schultz,Vanderbilt,4YR SR,Washington Nationals,no_candidate,,,0,,,,,,
2023,256.0,9.0,9,Corey Avant,Wingate,4YR JR,Athletics,no_candidate,,,0,,,,,,
2023,257.0,9.0,9,Danny Carrion,University of California - Davis,4YR SR,Pittsburgh Pirates,no_candidate,,,0,,,,,,
2023,258.0,9.0,9,Logan Van Treeck,Lipscomb University,4YR SR,Cincinnati Reds,matched_exact_name,100.0,100.0,1,Logan Van Treeck,sa3044363,LIP,lipscomb university,,
2023,259.0,9.0,9,Jacob Widener,Oral Roberts,4YR SO,Kansas City Royals,rejected_fuzzy_school_guard,88.0,10.0,1,,,,,Jacob Denner,10.0
2023,260.0,9.0,9,Hayden Minton,Missouri State,4YR SR,Detroit Tigers,matched_exact_name,100.0,100.0,1,Hayden Minton,sa3023155,MOST,missouri state university,,
2023,261.0,9.0,9,Quincy Scott,Palomar College,JC J2,Texas Rangers,no_candidate,,,0,,,,,,
2023,262.0,9.0,9,Ben McCabe,Central Florida,4YR 5S,Colorado Rockies,matched_exact_name,100.0,100.0,1,Ben McCabe,sa3022601,UCF,university of central florida,,
2023,263.0,9.0,9,Colby Shade,Oregon,4YR JR,Miami Marlins,matched_exact_name,100.0,100.0,1,Colby Shade,sa3023374,ORE,university of oregon,,
2023,264.0,9.0,9,Chase Gockel,Quincy U,4YR GR,Los Angeles Angels,no_candidate,,,0,,,,,,
2023,265.0,9.0,9,Kyle Amendt,Dallas Baptist,4YR GR,Arizona Diamondbacks,no_candidate,,,0,,,,,,
2023,266.0,9.0,9,Jonathon Long,Long Beach State,4YR JR,Chicago Cubs,matched_exact_name,100.0,100.0,1,Jonathon Long,sa3022864,LBSU,long beach state university,,
2023,267.0,9.0,9,Jack Dougherty,Ole Miss,4YR JR,Minnesota Twins,matched_exact_name,100.0,100.0,1,Jack Dougherty,sa3030507,MISS,university of mississippi,,
2023,268.0,9.0,9,Blake Wehunt,Kennesaw State,4YR JR,Boston Red Sox,matched_exact_name,100.0,100.0,1,Blake Wehunt,sa3023220,KENN,kennesaw state university,,
2023,269.0,9.0,9,Jake Peppers,Jacksonville State,4YR JR,Chicago White Sox,matched_exact_name,100.0,100.0,1,Jake Peppers,sa3023008,JVST,jacksonville state university,,
2023,270.0,9.0,9,Charlie Szykowny,University of Illinois at Chicago,4YR GR,San Francisco Giants,matched_exact_name,100.0,100.0,1,Charlie Szykowny,sa3022689,UIC,university of illinois at chicago,,
2023,271.0,9.0,9,Zach Fruit,Troy University,4YR GR,Baltimore Orioles,matched_exact_name,100.0,100.0,1,Zach Fruit,sa3023507,TROY,troy university,,
2023,272.0,9.0,9,Mark Manfredi,Dayton,4YR GR,Milwaukee Brewers,matched_exact_name,100.0,100.0,1,Mark Manfredi,sa3023516,DAY,university of dayton,,
2023,273.0,9.0,9,Dalton Fowler,University of Memphis,4YR SR,Tampa Bay Rays,matched_exact_name,100.0,100.0,1,Dalton Fowler,sa3023125,MEM,university of memphis,,
2023,274.0,9.0,9,Sam Shaw,Lambrick Park SS,HS SR,Toronto Blue Jays,no_candidate,,,0,,,,,,
2023,275.0,9.0,9,Christian Worley,Virginia Tech,4YR JR,St. Louis Cardinals,rejected_fuzzy_school_guard,87.5,17.4,1,,,,,Christian Womble,17.4
2023,276.0,9.0,9,Nick Lorusso,Maryland,4YR SR,New York Mets,matched_exact_name,100.0,100.0,1,Nick Lorusso,sa3022810,MD,university of maryland,,
2023,277.0,9.0,9,RJ Schreck,Vanderbilt,4YR GR,Seattle Mariners,matched_exact_name,100.0,100.0,1,RJ Schreck,sa3022602,VAN,vanderbilt university,,
2023,278.0,9.0,9,Jay Driver,Harvard,4YR JR,Cleveland Guardians,matched_exact_name,100.0,100.0,1,Jay Driver,sa3023044,HARV,harvard university,,
2023,279.0,9.0,9,Riley Gowens,Illinois,4YR 5S,Atlanta Braves,matched_exact_name,100.0,100.0,1,Riley Gowens,sa3022948,ILL,university of illinois,,
2023,280.0,9.0,9,Ryan Brown,Ball State,4YR JR,Los Angeles Dodgers,no_candidate,,,0,,,,,,
2023,281.0,9.0,9,Ryan Wilson,Davidson,4YR JR,San Diego Padres,matched_exact_name,100.0,100.0,1,Ryan Wilson,sa3023141,DAV,davidson college,,
2023,282.0,9.0,9,Jared Wegner,Arkansas,4YR 5S,New York Yankees,matched_exact_name,100.0,100.0,1,Jared Wegner,sa3022695,ARK,university of arkansas,,
2023,283.0,9.0,9,Avery Owusu-Asiedu,Southern Illinois University Edwardsville,4YR JR,Philadelphia Phillies,matched_exact_name,100.0,100.0,1,Avery Owusu-Asiedu,sa3022604,SIUE,southern illinois university edwardsville,,
2023,284.0,9.0,9,Jeron Williams,Toledo,4YR SR,Houston Astros,matched_exact_name,100.0,100.0,1,Jeron Williams,sa3022566,TOL,university of toledo,,
2023,285.0,10.0,10,Phillip Glasser,Indiana,4YR GR,Washington Nationals,matched_exact_name,100.0,100.0,1,Phillip Glasser,sa3022680,IU,indiana university,,
2023,286.0,10.0,10,Tom Reisinger,East Stroudsburg U,4YR JR,Athletics,no_candidate,,,0,,,,,,
2023,287.0,10.0,10,Landon Tomkins,Louisiana Tech,4YR 5S,Pittsburgh Pirates,matched_exact_name,100.0,100.0,1,Landon Tomkins,sa3022798,LT,louisiana tech university,,
2023,288.0,10.0,10,Graham Osman,Long Beach State,4YR SR,Cincinnati Reds,matched_exact_name,100.0,100.0,1,Graham Osman,sa3023063,LBSU,long beach state university,,
2023,289.0,10.0,10,Justin Johnson,Wake Forest,4YR GR,Kansas City Royals,matched_exact_name,100.0,100.0,1,Justin Johnson,sa3022758,WAKE,wake forest university,,
2023,290.0,10.0,10,Andrew Sears,Connecticut,4YR JR,Detroit Tigers,matched_exact_name,100.0,100.0,1,Andrew Sears,sa3023133,CONN,university of connecticut,,
2023,291.0,10.0,10,Case Matter,Washington,4YR JR,Texas Rangers,no_candidate,,,0,,,,,,
2023,292.0,10.0,10,Jace Kaminska,Nebraska,4YR JR,Colorado Rockies,matched_exact_name,100.0,100.0,1,Jace Kaminska,sa3023222,NEB,university of nebraska–lincoln,,
2023,293.0,10.0,10,Xavier Meachem,North Carolina A&T,4YR JR,Miami Marlins,matched_exact_name,100.0,100.0,1,Xavier Meachem,sa3022410,NCAT,north carolina aandt state university,,
2023,294.0,10.0,10,Chris Barraza,Arizona,4YR 5S,Los Angeles Angels,no_candidate,,,0,,,,,,
2023,295.0,10.0,10,Zane Russell,Dallas Baptist,4YR SR,Arizona Diamondbacks,no_candidate,,,0,,,,,,
2023,296.0,10.0,10,Luis Martinez-Gomez,Temple Col,JC J2,Chicago Cubs,no_candidate,,,0,,,,,,
2023,297.0,10.0,10,Ross Dunn,Arizona State,4YR JR,Minnesota Twins,matched_exact_name,100.0,100.0,1,Ross Dunn,sa3023414,ASU,arizona state university,,
2023,298.0,10.0,10,Ryan Ammons,Clemson,4YR SR,Boston Red Sox,no_candidate,,,0,,,,,,
2023,299.0,10.0,10,Zach Franklin,Missouri,4YR SR,Chicago White Sox,no_candidate,,,0,,,,,,
2023,300.0,10.0,10,Ryan Vanderhei,TCU,4YR SR,San Francisco Giants,no_candidate,,,0,,,,,,
2023,301.0,10.0,10,Matthew Etzel,Southern Mississippi,4YR JR,Baltimore Orioles,matched_exact_name,100.0,100.0,1,Matthew Etzel,sa3022815,USM,university of southern mississippi,,
2023,302.0,10.0,10,Morris Austin,Houston Christian U,4YR GR,Milwaukee Brewers,no_candidate,,,0,,,,,,
2023,303.0,10.0,10,Adam Boucher,Duke,4YR JR,Tampa Bay Rays,no_candidate,,,0,,,,,,
2023,304.0,10.0,10,Josh Mollerus,Oregon,4YR 5S,Toronto Blue Jays,no_candidate,,,0,,,,,,
2023,305.0,10.0,10,Caden Kendle,University of California - Irvine,4YR JR,St. Louis Cardinals,matched_exact_name,100.0,100.0,1,Caden Kendle,sa3025262,UCI,"university of california, irvine",,
2023,306.0,10.0,10,Christian Pregent,Stetson,4YR SR,New York Mets,matched_exact_name,100.0,100.0,1,Christian Pregent,sa3022807,STET,stetson university,,
2023,307.0,10.0,10,Jared Sundstrom,UC Santa Barbara,4YR SR,Seattle Mariners,matched_exact_name,100.0,100.0,1,Jared Sundstrom,sa3022442,UCSB,"university of california, santa barbara",,
2023,308.0,10.0,10,Matt Wilkinson,Central Arizona College,JC J2,Cleveland Guardians,no_candidate,,,0,,,,,,
2023,309.0,10.0,10,Pier-Olivier Boucher,Southern Illinois U Carbondale,4YR SR,Atlanta Braves,matched_exact_name,100.0,100.0,1,Pier-Olivier Boucher,sa3022761,SIU,southern illinois university,,
2023,310.0,10.0,10,Sam Mongelli,Sacred Heart University,4YR SR,Los Angeles Dodgers,matched_exact_name,100.0,100.0,1,Sam Mongelli,sa3022511,SHU,sacred heart university,,
2023,311.0,10.0,10,Nik McClaughry,Arizona,4YR 5S,San Diego Padres,matched_exact_name,100.0,100.0,1,Nik McClaughry,sa3022484,ARIZ,university of arizona,,
2023,312.0,10.0,10,Brian Hendry,Oklahoma State,4YR 5S,New York Yankees,no_candidate,,,0,,,,,,
2023,313.0,10.0,10,Cam Brown,TCU,4YR JR,Philadelphia Phillies,matched_exact_name,100.0,100.0,1,Cam Brown,sa3023273,TCU,texas christian university,,
2023,314.0,10.0,10,Austin Deming,Brigham Young,5S,Houston Astros,matched_exact_name,100.0,100.0,1,Austin Deming,sa3022813,BYU,brigham young university,,
2023,315.0,11.0,11,Gavin Adams,Indian River State,JC J2,Washington Nationals,no_candidate,,,0,,,,,,
2023,316.0,11.0,11,Drew Conover,Rutgers,4YR JR,Athletics,matched_exact_name,100.0,100.0,1,Drew Conover,sa3023279,RUTG,rutgers university,,
2023,317.0,11.0,11,Magdiel Cotto,Kentucky,4YR JR,Pittsburgh Pirates,no_candidate,,,0,,,,,,
2023,318.0,11.0,11,Jack Moss,Texas A&M,4YR JR,Cincinnati Reds,matched_exact_name,100.0,100.0,1,Jack Moss,sa3022598,TA&M,texas aandm university,,
2023,319.0,11.0,11,Jared Dickey,Tennessee,4YR JR,Kansas City Royals,matched_exact_name,100.0,100.0,1,Jared Dickey,sa3022688,TENN,university of tennessee knoxville,,
2023,320.0,11.0,11,Jim Jarvis,Alabama,4YR SR,Detroit Tigers,matched_exact_name,100.0,100.0,1,Jim Jarvis,sa3022891,ALA,university of alabama,,
2023,321.0,11.0,11,Maxton Martin,Southridge HS,HS SR,Texas Rangers,no_candidate,,,0,,,,,,
2023,322.0,11.0,11,Stu Flesland III,Washington,4YR SR,Colorado Rockies,matched_exact_name,100.0,100.0,1,Stu Flesland III,sa3023000,WASH,university of washington,,
2023,323.0,11.0,11,Jake Brooks,UCLA,4YR JR,Miami Marlins,matched_exact_name,100.0,100.0,1,Jake Brooks,sa3023205,UCLA,"university of california, los angeles",,
2023,324.0,11.0,11,John Wimmer,Rock Hill HS,HS SR,Los Angeles Angels,no_candidate,,,0,,,,,,
2023,325.0,11.0,11,Casey Anderson,Utah Valley,4YR SR,Arizona Diamondbacks,matched_exact_name,100.0,100.0,1,Casey Anderson,sa3022742,UVU,utah valley university,,
2023,326.0,11.0,11,Zyhir Hope,Colonial Forge HS,HS SR,Chicago Cubs,no_candidate,,,0,,,,,,
2023,327.0,11.0,11,Ty Langenberg,Iowa,4YR JR,Minnesota Twins,matched_exact_name,100.0,100.0,1,Ty Langenberg,sa3023101,IOWA,university of iowa,,
2023,328.0,11.0,11,Nelly Taylor,Polk State College,JC J2,Boston Red Sox,no_candidate,,,0,,,,,,
2023,329.0,11.0,11,Rikuu Nishida,Oregon,4YR JR,Chicago White Sox,matched_exact_name,100.0,100.0,1,Rikuu Nishida,sa3023234,ORE,university of oregon,,
2023,330.0,11.0,11,Jack Payton,Louisville,4YR JR,San Francisco Giants,matched_exact_name,100.0,100.0,1,Jack Payton,sa3022675,LOU,university of louisville,,
2023,331.0,11.0,11,Nestor German,Seattle University,4YR JR,Baltimore Orioles,matched_exact_name,100.0,100.0,1,Nestor German,sa3023517,SEA,seattle university,,
2023,332.0,11.0,11,Bishop Letson,Floyd Central HS,HS SR,Milwaukee Brewers,no_candidate,,,0,,,,,,
2023,333.0,11.0,11,Garrett Edwards,LSU,4YR JR,Tampa Bay Rays,no_candidate,,,0,,,,,,
2023,334.0,11.0,11,Grant Rogers,McNeese State,4YR SR,Toronto Blue Jays,matched_exact_name,100.0,100.0,1,Grant Rogers,sa3023522,MCN,mcneese state university,,
2023,335.0,11.0,11,Dakota Harris,Oklahoma,4YR JR,St. Louis Cardinals,matched_exact_name,100.0,100.0,1,Dakota Harris,sa3022431,OU,university of oklahoma,,
2023,336.0,11.0,11,Brett Banks,UNC Wilmington,4YR SR,New York Mets,no_candidate,,,0,,,,,,
2023,337.0,11.0,11,Brandyn Garcia,Texas A&M,4YR JR,Seattle Mariners,no_candidate,,,0,,,,,,
2023,338.0,11.0,11,Johnny Tincher,Washington,4YR SR,Cleveland Guardians,matched_exact_name,100.0,100.0,1,Johnny Tincher,sa3023072,WASH,university of washington,,
2023,339.0,11.0,11,Jace Grady,Dallas Baptist,4YR SR,Atlanta Braves,matched_exact_name,100.0,100.0,1,Jace Grady,sa3022505,DBU,dallas baptist university,,
2023,340.0,11.0,11,Carson Hobbs,Samford University,4YR JR,Los Angeles Dodgers,no_candidate,,,0,,,,,,
2023,341.0,11.0,11,Carson Montgomery,Florida State,4YR JR,San Diego Padres,matched_exact_name,100.0,100.0,1,Carson Montgomery,sa3023470,FSU,florida state university,,
2023,342.0,11.0,11,Josh Grosz,East Carolina,4YR JR,New York Yankees,matched_exact_name,100.0,100.0,1,Josh Grosz,sa3023478,ECU,east carolina university,,
2023,343.0,11.0,11,Kehden Hettiger,Sierra Canyon School,HS SR,Philadelphia Phillies,no_candidate,,,0,,,,,,
2023,344.0,11.0,11,Nehomar Ochoa Jr.,Galena Park HS,HS SR,Houston Astros,no_candidate,,,0,,,,,,
2023,345.0,12.0,12,Travis Sthele,Texas,4YR JR,Washington Nationals,matched_exact_name,100.0,100.0,1,Travis Sthele,sa3022941,TEX,university of texas at austin,,
2023,346.0,12.0,12,Cole Conn,University of Illinois at Chicago,4YR JR,Athletics,matched_exact_name,100.0,100.0,1,Cole Conn,sa3029251,UIC,university of illinois at chicago,,
2023,347.0,12.0,12,Khristian Curtis,Arizona State,4YR JR,Pittsburgh Pirates,matched_exact_name,100.0,100.0,1,Khristian Curtis,sa3023473,ASU,arizona state university,,
2023,348.0,12.0,12,Simon Miller,University of Texas - San Antonio,4YR JR,Cincinnati Reds,matched_exact_name,100.0,100.0,1,Simon Miller,sa3023311,UTSA,university of texas at san antonio,,
2023,349.0,12.0,12,Logan Martin,Kentucky,4YR SR,Kansas City Royals,no_candidate,,,0,,,,,,
2023,350.0,12.0,12,Andrew Dunford,Houston County HS,HS SR,Detroit Tigers,no_candidate,,,0,,,,,,
2023,351.0,12.0,12,Paul Bonzagni,Southern Illinois University Carbondale,4YR JR,Texas Rangers,matched_exact_name,100.0,100.0,1,Paul Bonzagni,sa3022587,SIU,southern illinois university,,
2023,352.0,12.0,12,Bryson Hammer,Dallas Baptist,4YR JR,Colorado Rockies,no_candidate,,,0,,,,,,
2023,353.0,12.0,12,Josh Ekness,Houston,4YR JR,Miami Marlins,matched_exact_name,100.0,100.0,1,Josh Ekness,sa3023204,HOU,university of houston,,
2023,354.0,12.0,12,Sam Brown,Washington State,4YR JR,Los Angeles Angels,matched_exact_name,100.0,100.0,1,Sam Brown,sa3023367,WSU,washington state university,,
2023,355.0,12.0,12,Sam Knowlton,University of South Alabama,4YR 5S,Arizona Diamondbacks,no_candidate,,,0,,,,,,
2023,356.0,12.0,12,Carter Trice,NC State,4YR JR,Chicago Cubs,no_candidate,,,0,,,,,,
2023,357.0,12.0,12,Paulshawn Pasqualotto,California,4YR JR,Minnesota Twins,matched_exact_name,100.0,100.0,1,Paulshawn Pasqualotto,sa3023476,CAL,"university of california, berkeley",,
2023,358.0,12.0,12,Max Carlson,North Carolina,4YR JR,Boston Red Sox,matched_exact_name,100.0,100.0,1,Max Carlson,sa3023274,UNC,university of north carolina at chapel hill,,
2023,359.0,12.0,12,Mathias LaCombe,Cochise College,JC J2,Chicago White Sox,no_candidate,,,0,,,,,,
2023,360.0,12.0,12,Timmy Manning,Arizona State,4YR JR,San Francisco Giants,matched_exact_name,100.0,100.0,1,Timmy Manning,sa3023173,ASU,arizona state university,,
2023,361.0,12.0,12,Blake Money,LSU,4YR JR,Baltimore Orioles,no_candidate,,,0,,,,,,
2023,362.0,12.0,12,Bjorn Johnson,Lincoln HS,HS SR,Milwaukee Brewers,no_candidate,,,0,,,,,,
2023,363.0,12.0,12,Chandler Murphy,Missouri,4YR SR,Tampa Bay Rays,matched_exact_name,100.0,100.0,1,Chandler Murphy,sa3023123,MIZ,university of missouri,,
2023,364.0,12.0,12,Chay Yeager,Pasco Hernando CC,JC J2,Toronto Blue Jays,no_candidate,,,0,,,,,,
2023,365.0,12.0,12,Brayden Jobert,LSU,4YR SR,St. Louis Cardinals,matched_exact_name,100.0,100.0,1,Brayden Jobert,sa3022434,LSU,louisiana state university,,
2023,366.0,12.0,12,Brady Kirtner,Virginia Tech,4YR JR,New York Mets,no_candidate,,,0,,,,,,
2023,367.0,12.0,12,Logan Evans,Pittsburgh,4YR SR,Seattle Mariners,matched_exact_name,100.0,100.0,1,Logan Evans,33699,PITT,university of pittsburgh,,
2023,368.0,12.0,12,Keegan Zinn,Lake Minneola HS,HS SR,Cleveland Guardians,no_candidate,,,0,,,,,,
2023,369.0,12.0,12,Brady Day,Kansas State,4YR JR,Atlanta Braves,matched_exact_name,100.0,100.0,1,Brady Day,sa3025200,KSU,kansas st.,,
2023,370.0,12.0,12,Noah Ruen,Tyler JC,JC J2,Los Angeles Dodgers,no_candidate,,,0,,,,,,
2023,371.0,12.0,12,Blake Dickerson,Ocean Lakes HS,HS SR,San Diego Padres,no_candidate,,,0,,,,,,
2023,372.0,12.0,12,Brady Rose,Dallas Baptist,4YR SR,New York Yankees,no_candidate,,,0,,,,,,
2023,373.0,12.0,12,Brandon Beckel,Texas Tech,4YR JR,Philadelphia Phillies,rejected_fuzzy_school_guard,89.7,23.5,2,,,,,Brandon Burckel,23.5
2023,374.0,12.0,12,Anthony Huezo,Etiwanda HS,HS SR,Houston Astros,no_candidate,,,0,,,,,,
2023,375.0,13.0,13,Liam Sullivan,Georgia,4YR JR,Washington Nationals,matched_exact_name,100.0,100.0,1,Liam Sullivan,sa3022952,UGA,university of georgia,,
2023,376.0,13.0,13,Will Johnston,Texas A&M,4YR SR,Athletics,no_candidate,,,0,,,,,,
2023,377.0,13.0,13,Charles McAdoo,San Jose State,4YR JR,Pittsburgh Pirates,matched_exact_name,100.0,100.0,1,Charles McAdoo,sa3022823,SJSU,san jose state university,,
2023,378.0,13.0,13,Cody Adcock,Arkansas,4YR JR,Cincinnati Reds,matched_exact_name,100.0,100.0,1,Cody Adcock,sa3023175,ARK,university of arkansas,,
2023,379.0,13.0,13,Ethan Bosacker,Xavier,4YR SR,Kansas City Royals,matched_exact_name,100.0,100.0,1,Ethan Bosacker,sa3023163,XAV,xavier university,,
2023,380.0,13.0,13,Brett Callahan,Saint Joseph's,4YR JR,Detroit Tigers,matched_exact_name,100.0,100.0,1,Brett Callahan,sa3022927,JOES,st. joseph's university,,
2023,381.0,13.0,13,William Privette,College of Charleston,4YR JR,Texas Rangers,no_candidate,,,0,,,,,,
2023,382.0,13.0,13,Caleb Hobson,U Tennessee Martin,4YR JR,Colorado Rockies,matched_exact_name,100.0,100.0,2,Caleb Hobson,sa3022610,UTM,university of tennessee at martin,,
2023,382.0,13.0,,,,,,carried_over_existing,,,0,Caleb Hobson,sa3033891,UTM,university of tennessee at martin,,
2023,383.0,13.0,13,Colson Lawrence,University of South Alabama,4YR JR,Miami Marlins,matched_exact_name,100.0,100.0,1,Colson Lawrence,sa3023210,USA,university of south alabama,,
2023,384.0,13.0,13,Riley Bauman,Abilene Christian U,4YR JR,Los Angeles Angels,no_candidate,,,0,,,,,,
2023,385.0,13.0,13,Hayden Durke,Rice,4YR JR,Arizona Diamondbacks,no_candidate,,,0,,,,,,
2023,386.0,13.0,13,Sam Armstrong,Old Dominion,4YR SR,Chicago Cubs,matched_exact_name,100.0,100.0,1,Sam Armstrong,sa3023046,ODU,old dominion university,,
2023,387.0,13.0,13,Jeremy Lee,University of South Alabama,4YR JR,Minnesota Twins,matched_exact_name,100.0,100.0,1,Jeremy Lee,sa3023227,USA,university of south alabama,,
2023,388.0,13.0,13,Cade Feeney,North Dakota State,4YR JR,Boston Red Sox,matched_exact_name,100.0,100.0,1,Cade Feeney,sa3023228,NDSU,north dakota state university,,
2023,389.0,13.0,13,Ryan Galanie,Wofford,4YR SR,Chicago White Sox,matched_exact_name,100.0,100.0,1,Ryan Galanie,sa3022759,WOF,wofford college,,
2023,390.0,13.0,13,Jose Ortiz,Leadership Christian Academy,HS SR,San Francisco Giants,no_candidate,,,0,,,,,,
2023,391.0,13.0,13,Riley Cooper,LSU,4YR JR,Baltimore Orioles,matched_exact_name,100.0,100.0,1,Riley Cooper,sa3023503,LSU,louisiana state university,,
2023,392.0,13.0,13,Brett Wichrowski,Bryant University,4YR JR,Milwaukee Brewers,matched_exact_name,100.0,100.0,1,Brett Wichrowski,sa3023366,BRY,bryant university,,
2023,393.0,13.0,13,Bryan Broecker,Michigan State,4YR JR,Tampa Bay Rays,matched_exact_name,100.0,100.0,1,Bryan Broecker,sa3022814,MSU,michigan state university,,
2023,394.0,13.0,13,Brennan Orf,Southern Illinois University Edwardsville,4YR JR,Toronto Blue Jays,matched_exact_name,100.0,100.0,1,Brennan Orf,sa3022570,SIUE,southern illinois university edwardsville,,
2023,395.0,13.0,13,William Sullivan,Troy University,4YR SR,St. Louis Cardinals,matched_exact_name,100.0,100.0,1,William Sullivan,sa3022425,TROY,troy university,,
2023,396.0,13.0,13,Ben Simon,Elon University,4YR JR,New York Mets,no_candidate,,,0,,,,,,
2023,397.0,13.0,13,Elijah Dale,Illinois State,4YR SR,Seattle Mariners,matched_exact_name,100.0,100.0,1,Elijah Dale,sa3023501,ILST,illinois state university,,
2023,398.0,13.0,13,Jacob Bresnahan,Sumner HS,HS SR,Cleveland Guardians,no_candidate,,,0,,,,,,
2023,399.0,13.0,13,Will Verdung,Itawamba JC,JC J2,Atlanta Braves,no_candidate,,,0,,,,,,
2023,400.0,13.0,13,Alex Makarewich,Northwestern State,4YR JR,Los Angeles Dodgers,matched_exact_name,100.0,100.0,1,Alex Makarewich,sa3023642,NWST,northwestern state university,,
2023,401.0,13.0,13,Dane Lais,Oregon City HS,HS SR,San Diego Padres,no_candidate,,,0,,,,,,
2023,402.0,13.0,13,Josh Tiedemann,Hamilton HS,HS SR,New York Yankees,no_candidate,,,0,,,,,,
2023,403.0,13.0,13,Marty Gair,Florida SouthWestern State College,JC J2,Philadelphia Phillies,no_candidate,,,0,,,,,,
2023,404.0,13.0,13,James Hicks,South Carolina,4YR SR,Houston Astros,matched_exact_name,100.0,100.0,1,James Hicks,sa3023161,SC,university of south carolina,,
2023,405.0,14.0,14,Elijah Nunez,TCU,4YR JR,Washington Nationals,matched_exact_name,100.0,100.0,1,Elijah Nunez,sa3022674,TCU,texas christian university,,
2023,406.0,14.0,14,Luke Mann,Missouri,4YR 5S,Athletics,matched_exact_name,100.0,100.0,1,Luke Mann,sa3022529,MIZ,university of missouri,,
2023,407.0,14.0,14,Garrett McMillan,Alabama,4YR SR,Pittsburgh Pirates,no_candidate,,,0,,,,,,
2023,408.0,14.0,14,Kyle Henley,Denmark HS,HS SR,Cincinnati Reds,no_candidate,,,0,,,,,,
2023,409.0,14.0,14,Mason Miller,Florida Gulf Coast University,4YR JR,Kansas City Royals,no_candidate,,,0,,,,,,
2023,410.0,14.0,14,David Smith,Connecticut,4YR SR,Detroit Tigers,matched_exact_name,100.0,100.0,1,David Smith,sa3022925,CONN,university of connecticut,,
2023,411.0,14.0,14,Josh Trentadue,College of Southern Idaho,JC J2,Texas Rangers,no_candidate,,,0,,,,,,
2023,412.0,14.0,14,Hunter Mann,Tennessee Tech,4YR SR,Colorado Rockies,matched_exact_name,100.0,100.0,1,Hunter Mann,sa3023231,TNTC,tennessee tech university,,
2023,413.0,14.0,14,Jack Sellinger,UNLV,4YR JR,Miami Marlins,no_candidate,,,0,,,,,,
2023,414.0,14.0,14,Zach Joyce,Tennessee,4YR SR,Los Angeles Angels,no_candidate,,,0,,,,,,
2023,415.0,14.0,14,Jake Fitzgibbons,Tennessee,4YR JR,Arizona Diamondbacks,no_candidate,,,0,,,,,,
2023,416.0,14.0,14,Grayson Moore,Vanderbilt,4YR JR,Chicago Cubs,no_candidate,,,0,,,,,,
2023,417.0,14.0,14,Xander Hamilton,Appalachian State,4YR SR,Minnesota Twins,matched_exact_name,100.0,100.0,1,Xander Hamilton,sa3023094,APP,appalachian state university,,
2023,418.0,14.0,14,Jojo Ingrassia,Cal State Fullerton,4YR JR,Boston Red Sox,no_candidate,,,0,,,,,,
2023,419.0,14.0,14,Edrick Felix,Florida Gulf Coast University,4YR JR,Chicago White Sox,matched_exact_name,100.0,100.0,1,Edrick Felix,sa3022754,FGCU,florida gulf coast university,,
2023,420.0,14.0,14,Cale Lansville,San Jacinto College North,JC J1,San Francisco Giants,no_candidate,,,0,,,,,,
2023,421.0,14.0,14,Michael Forret,State College of Florida Manatee - Sarasota,JC J1,Baltimore Orioles,no_candidate,,,0,,,,,,
2023,422.0,14.0,14,Hayden Robinson,Berwick HS,HS SR,Milwaukee Brewers,no_candidate,,,0,,,,,,
2023,423.0,14.0,14,T.J. Fondtain,San Diego State,4YR SR,Tampa Bay Rays,matched_exact_name,100.0,100.0,1,T.J. Fondtain,sa3023271,SDSU,san diego state university,,
2023,424.0,14.0,14,Joe Vogatsky,James Madison University,4YR JR,Toronto Blue Jays,no_candidate,,,0,,,,,,
2023,425.0,14.0,14,Jacob Odle,Orange Coast College,JC J2,St. Louis Cardinals,no_candidate,,,0,,,,,,
2023,426.0,14.0,14,John Valle,Jefferson HS,HS SR,New York Mets,no_candidate,,,0,,,,,,
2023,427.0,14.0,14,Ernie Day,Campbell University,4YR JR,Seattle Mariners,no_candidate,,,0,,,,,,
2023,428.0,14.0,14,Zane Morehouse,Texas,4YR SR,Cleveland Guardians,matched_exact_name,100.0,100.0,1,Zane Morehouse,sa3023062,TEX,university of texas at austin,,
2023,429.0,14.0,14,Mitch Farris,Wingate,4YR SR,Atlanta Braves,no_candidate,,,0,,,,,,
2023,430.0,14.0,14,Jaxon Jelkin,South Mountain CC,JC J2,Los Angeles Dodgers,no_candidate,,,0,,,,,,
2023,431.0,14.0,14,Tyler Morgan,Abilene Christian,4YR SR,San Diego Padres,matched_exact_name,100.0,100.0,1,Tyler Morgan,sa3022862,ACU,abilene christian university,,
2023,432.0,14.0,14,Danny Flatt,P27 Academy,HS SR,New York Yankees,no_candidate,,,0,,,,,,
2023,433.0,14.0,14,Zach Arnold,Houston,4YR SR,Philadelphia Phillies,matched_exact_name,100.0,100.0,1,Zach Arnold,sa3022593,HOU,university of houston,,
2023,434.0,14.0,14,Jackson Nezuh,University of Louisiana at Lafayette,4YR JR,Houston Astros,matched_exact_name,100.0,100.0,1,Jackson Nezuh,sa3023411,UL,university of louisiana at lafayette,,
2023,435.0,15.0,15,Mikey Tepper,Liberty University,4YR JR,Washington Nationals,matched_exact_name,100.0,100.0,1,Mikey Tepper,sa3023065,LIB,liberty university,,
2023,436.0,15.0,15,Will Simpson,Washington,4YR SR,Athletics,matched_exact_name,100.0,100.0,1,Will Simpson,sa3022530,WASH,university of washington,,
2023,437.0,15.0,15,John Lopez,Puerto Rico Baseball Academy,HS SR,Pittsburgh Pirates,no_candidate,,,0,,,,,,
2023,438.0,15.0,15,Dylan Simmons,Pittsburgh,4YR SR,Cincinnati Reds,no_candidate,,,0,,,,,,
2023,439.0,15.0,15,Chase Isbell,Auburn,4YR SR,Kansas City Royals,no_candidate,,,0,,,,,,
2023,440.0,15.0,15,Brady Cerkownyk,Connors State,JC J1,Detroit Tigers,no_candidate,,,0,,,,,,
2023,441.0,15.0,15,Michael Trausch,Central Arizona Col,JC J1,Texas Rangers,no_candidate,,,0,,,,,,
2023,442.0,15.0,15,Darius Perry,UCLA,4YR SR,Colorado Rockies,matched_exact_name,100.0,100.0,1,Darius Perry,sa3022668,UCLA,"university of california, los angeles",,
2023,443.0,15.0,15,Nigel Belgrave,Maryland,4YR JR,Miami Marlins,no_candidate,,,0,,,,,,
2023,444.0,15.0,15,Caleb Ketchup,Lipscomb University,4YR JR,Los Angeles Angels,matched_exact_name,100.0,100.0,1,Caleb Ketchup,sa3022436,LIP,lipscomb university,,
2023,445.0,15.0,15,Rio Britton,NC State,4YR JR,Arizona Diamondbacks,no_candidate,,,0,,,,,,
2023,446.0,15.0,15,Ty Johnson,Ball State,4YR JR,Chicago Cubs,matched_exact_name,100.0,100.0,1,Ty Johnson,sa3023410,BALL,ball state university,,
2023,447.0,15.0,15,Spencer Bengard,California Baptist U,4YR JR,Minnesota Twins,matched_exact_name,100.0,100.0,1,Spencer Bengard,sa3023092,CBU,california baptist university,,
2023,448.0,15.0,15,Phoenix Call,Calabasas HS,HS SR,Boston Red Sox,no_candidate,,,0,,,,,,
2023,449.0,15.0,15,Carlton Perkins,Cowley County CC,JC J2,Chicago White Sox,no_candidate,,,0,,,,,,
2023,450.0,15.0,15,Dylan Carmouche,Tulane,4YR JR,San Francisco Giants,matched_exact_name,100.0,100.0,1,Dylan Carmouche,sa3023412,TULN,tulane university,,
2023,451.0,15.0,15,Qrey Lott,Lowndes HS,HS SR,Baltimore Orioles,no_candidate,,,0,,,,,,
2023,452.0,15.0,15,Josh Adamczewski,Lake Central HS,HS SR,Milwaukee Brewers,no_candidate,,,0,,,,,,
2023,453.0,15.0,15,Will Stevens,Tarleton State,4YR SR,Tampa Bay Rays,no_candidate,,,0,,,,,,
2023,454.0,15.0,15,Kelena Sauer,San Diego State,4YR JR,Toronto Blue Jays,no_candidate,,,0,,,,,,
2023,455.0,15.0,15,Tre Richardson,TCU,4YR SR,St. Louis Cardinals,matched_exact_name,100.0,100.0,1,Tre Richardson,sa3022428,TCU,texas christian university,,
2023,456.0,15.0,15,Justin Lawson,NC State,4YR SR,New York Mets,matched_exact_name,100.0,100.0,1,Justin Lawson,sa3023504,NCSU,north carolina state university,,
2023,457.0,15.0,15,Carson Jones,Virginia Tech,4YR SR,Seattle Mariners,matched_exact_name,100.0,100.0,2,Carson Jones,sa3022652,VT,virginia tech,,
2023,458.0,15.0,15,Kyle Scott,Lackawanna College,JC J3,Cleveland Guardians,no_candidate,,,0,,,,,,
2023,459.0,15.0,15,David Rodriguez,San Joaquin Delta College,JC J3,Atlanta Braves,no_candidate,,,0,,,,,,
2023,460.0,15.0,15,Jordan Thompson,LSU,4YR JR,Los Angeles Dodgers,matched_exact_name,100.0,100.0,2,Jordan Thompson,sa3022497,LSU,louisiana state university,,
2023,461.0,15.0,15,Zac Addkison,Marshall,4YR JR,San Diego Padres,matched_exact_name,100.0,100.0,1,Zac Addkison,sa3023284,MRSH,marshall university,,
2023,462.0,15.0,15,Tomas Frick,North Carolina,4YR JR,New York Yankees,matched_exact_name,100.0,100.0,1,Tomas Frick,sa3023485,UNC,university of north carolina at chapel hill,,
2023,463.0,15.0,15,Jared Thomas,Loyola Marymount University,4YR JR,Philadelphia Phillies,matched_exact_name,100.0,100.0,2,Jared Thomas,sa3022589,LMU,loyola marymount university,,
2023,464.0,15.0,15,Garret Guillemette,Texas,4YR JR,Houston Astros,matched_exact_name,100.0,100.0,1,Garret Guillemette,sa3022677,TEX,university of texas at austin,,
2023,465.0,16.0,16,Austin Amaral,Stetson,4YR JR,Washington Nationals,matched_exact_name,100.0,100.0,1,Austin Amaral,sa3022903,STET,stetson university,,
2023,466.0,16.0,16,Ryan Brown,Oregon State,4YR SR,Athletics,no_candidate,,,0,,,,,,
2023,467.0,16.0,16,Justin Miknis,Kent State,4YR SR,Pittsburgh Pirates,matched_exact_name,100.0,100.0,1,Justin Miknis,sa3022884,KENT,kent state university,,
2023,468.0,16.0,16,Bernard Moon,Redan HS,HS SR,Cincinnati Reds,no_candidate,,,0,,,,,,
2023,469.0,16.0,16,Josh Hansell,Arizona State,4YR JR,Kansas City Royals,no_candidate,,,0,,,,,,
2023,470.0,16.0,16,Donye Evans,UNC Charlotte,4YR JR,Detroit Tigers,no_candidate,,,0,,,,,,
2023,471.0,16.0,16,Jake Brown,Sulphur HS,HS SR,Texas Rangers,rejected_fuzzy_school_guard,85.7,28.6,1,,,,,Jaden Brown,28.6
2023,472.0,16.0,16,Austin Emener,East Tennessee St U,4YR JR,Colorado Rockies,matched_exact_name,100.0,100.0,1,Austin Emener,sa3022799,ETSU,east tennessee state university,,
2023,473.0,16.0,16,Kevin Vaupel,Seton Hill University,4YR SR,Miami Marlins,no_candidate,,,0,,,,,,
2023,474.0,16.0,16,Rio Foster,Florence-Darlington Tech,JC J1,Los Angeles Angels,no_candidate,,,0,,,,,,
2023,475.0,16.0,16,Matthew Linskey,Rice,4YR JR,Arizona Diamondbacks,no_candidate,,,0,,,,,,
2023,476.0,16.0,16,Daniel Brown,Campbell University,4YR SR,Chicago Cubs,no_candidate,,,0,,,,,,
2023,477.0,16.0,16,Anthony Silvas,Riverside CC,JC J2,Minnesota Twins,rejected_fuzzy_school_guard,96.3,44.4,1,,,,,Anthony Silva,44.4
2023,478.0,16.0,16,Isaac Stebens,Oklahoma State,4YR JR,Boston Red Sox,matched_exact_name,100.0,100.0,1,Isaac Stebens,sa3023422,OKST,oklahoma state university,,
2023,479.0,16.0,16,Weston Eberly,Columbia,4YR SR,Chicago White Sox,matched_exact_name,100.0,100.0,1,Weston Eberly,sa3022928,COLU,columbia university,,
2023,480.0,16.0,16,Justin Wishkoski,Sam Houston,4YR SR,San Francisco Giants,matched_exact_name,100.0,100.0,1,Justin Wishkoski,sa3022686,SHSU,sam houston state university,,
2023,481.0,16.0,16,Cole Urman,Cal State Fullerton,4YR SR,Baltimore Orioles,matched_exact_name,100.0,100.0,1,Cole Urman,sa3023270,CSUF,"california state university, fullerton",,
2023,482.0,16.0,16,Josh Timmerman,Ohio State,4YR JR,Milwaukee Brewers,no_candidate,,,0,,,,,,
2023,483.0,16.0,16,Wooyeoul Shin,Miami Dade College,JC J2,Tampa Bay Rays,no_candidate,,,0,,,,,,
2023,484.0,16.0,16,Jackson Hornung,Skidmore Col,4YR SR,Toronto Blue Jays,no_candidate,,,0,,,,,,
2023,485.0,16.0,16,Tyler Bradt,East Carolina,4YR SR,St. Louis Cardinals,no_candidate,,,0,,,,,,
2023,486.0,16.0,16,Jake Zitella,St Charles East HS,HS SR,New York Mets,no_candidate,,,0,,,,,,
2023,487.0,16.0,16,Caleb Cali,Arkansas,4YR SR,Seattle Mariners,matched_exact_name,100.0,100.0,1,Caleb Cali,sa3022651,ARK,university of arkansas,,
2023,488.0,16.0,16,Mac Heuer,Georgia Home Education Association,HS SR,Cleveland Guardians,no_candidate,,,0,,,,,,
2023,489.0,16.0,16,Isaac Gallegos,New Mexico,4YR JR,Atlanta Braves,matched_exact_name,100.0,100.0,1,Isaac Gallegos,sa3023183,UNM,university of new mexico,,
2023,490.0,16.0,16,Javen Coleman,LSU,4YR JR,Los Angeles Dodgers,no_candidate,,,0,,,,,,
2023,491.0,16.0,16,Sam Whiting,UC Santa Barbara,4YR SR,San Diego Padres,no_candidate,,,0,,,,,,
2023,492.0,16.0,16,Andrew Landry,Southeastern Louisiana University,4YR JR,New York Yankees,matched_exact_name,100.0,100.0,1,Andrew Landry,sa3024982,SELA,southeastern louisiana university,,
2023,493.0,16.0,16,Luke Russo,Eastern Michigan,4YR SR,Philadelphia Phillies,matched_exact_name,100.0,100.0,1,Luke Russo,sa3023502,EMU,eastern michigan university,,
2023,494.0,16.0,16,Will Bush,Tyler JC,JC J1,Houston Astros,rejected_fuzzy_school_guard,94.7,17.4,1,,,,,Will Busch,17.4
2023,495.0,17.0,17,Merrick Baldo,Loyola Marymount University,4YR SR,Washington Nationals,no_candidate,,,0,,,,,,
2023,496.0,17.0,17,Colby Halter,Florida,4YR JR,Athletics,matched_exact_name,100.0,100.0,1,Colby Halter,sa3022531,FLA,university of florida,,
2023,497.0,17.0,17,Daniel Cuvet,ESB Academy,HS SR,Pittsburgh Pirates,no_candidate,,,0,,,,,,
2023,498.0,17.0,17,JeanPierre Ortiz,Chipola College,JC J1,Cincinnati Reds,no_candidate,,,0,,,,,,
2023,499.0,17.0,17,Connor Oliver,Miami University,4YR SR,Kansas City Royals,matched_exact_name,100.0,100.0,1,Connor Oliver,sa3023200,M-OH,miami university-ohio,,
2023,500.0,17.0,17,Bradley Stewart,Cooper City HS,HS SR,Detroit Tigers,no_candidate,,,0,,,,,,
2023,501.0,17.0,17,Kamdyn Perry,Bishop Gorman HS,HS SR,Texas Rangers,no_candidate,,,0,,,,,,
2023,502.0,17.0,17,Aidan Longwell,Kent State,4YR JR,Colorado Rockies,matched_exact_name,100.0,100.0,1,Aidan Longwell,sa3022574,KENT,kent state university,,
2023,503.0,17.0,17,Mark Coley II,University of Rhode Island,4YR 5S,Miami Marlins,no_candidate,,,0,,,,,,
2023,504.0,17.0,17,Logan Britt,Abilene Christian,4YR SR,Los Angeles Angels,matched_exact_name,100.0,100.0,1,Logan Britt,sa3023170,ACU,abilene christian university,,
2023,505.0,17.0,17,Carlos Rey,Nova Southeastern University,4YR JR,Arizona Diamondbacks,no_candidate,,,0,,,,,,
2023,506.0,17.0,17,Ethan Flanagan,UCLA,4YR SO,Chicago Cubs,no_candidate,,,0,,,,,,
2023,507.0,17.0,17,Kade Bragg,Angelo State,4YR SR,Minnesota Twins,no_candidate,,,0,,,,,,
2023,508.0,17.0,17,Dylan Schlaegel,Legacy HS,HS SR,Boston Red Sox,no_candidate,,,0,,,,,,
2023,509.0,17.0,17,Mikey Kane,Oregon State,4YR JR,Chicago White Sox,matched_exact_name,100.0,100.0,1,Mikey Kane,sa3022930,ORST,oregon state university,,
2023,510.0,17.0,17,Drew Cavanaugh,Florida Southern,4YR SO,San Francisco Giants,no_candidate,,,0,,,,,,
2023,511.0,17.0,17,Zane Barnhart,Hillsdale College,4YR JR,Baltimore Orioles,no_candidate,,,0,,,,,,
2023,512.0,17.0,17,Jacob Gholston,Flower Mound HS,HS SR,Milwaukee Brewers,no_candidate,,,0,,,,,,
2023,513.0,17.0,17,Hayden Snelsire,Randolph-Macon College,4YR SR,Tampa Bay Rays,no_candidate,,,0,,,,,,
2023,514.0,17.0,17,Sam Kulasingam,Air Force,4YR JR,Toronto Blue Jays,matched_exact_name,100.0,100.0,1,Sam Kulasingam,sa3025316,AFA,united states air force academy,,
2023,515.0,17.0,17,Trey Paige,Delaware State University,4YR SR,St. Louis Cardinals,matched_exact_name,100.0,100.0,1,Trey Paige,sa3022440,DSU,delaware state university,,
2023,516.0,17.0,17,Bryce Jenkins,Tennessee,4YR SR,New York Mets,no_candidate,,,0,,,,,,
2023,517.0,17.0,17,Jacob Sharp,UNLV,4YR JR,Seattle Mariners,matched_exact_name,100.0,100.0,1,Jacob Sharp,sa3022489,UNLV,"university of nevada, las vegas",,
2023,518.0,17.0,17,Barrett Riebock,Paris JC,JC J2,Cleveland Guardians,no_candidate,,,0,,,,,,
2023,519.0,17.0,17,Kade Kern,Ohio State,4YR JR,Atlanta Braves,matched_exact_name,100.0,100.0,1,Kade Kern,sa3022508,OSU,ohio state university,,
2023,520.0,17.0,17,Luke Fox,Duke,4YR JR,Los Angeles Dodgers,no_candidate,,,0,,,,,,
2023,521.0,17.0,17,Eric Yost,Northeastern,4YR JR,San Diego Padres,matched_exact_name,100.0,100.0,1,Eric Yost,sa3022858,NE,northeastern university,,
2023,522.0,17.0,17,Wilson Rodriguez,Academia Presbiteriana HS,HS SR,New York Yankees,no_candidate,,,0,,,,,,
2023,523.0,17.0,17,A.J. Shaver,Florida SouthWestern State College,JC J3,Philadelphia Phillies,no_candidate,,,0,,,,,,
2023,524.0,17.0,17,Colby Langford,Murray State Col,JC J2,Houston Astros,no_candidate,,,0,,,,,,
2023,525.0,18.0,18,Nate Rombach,Dallas Baptist,4YR SR,Washington Nationals,matched_exact_name,100.0,100.0,1,Nate Rombach,sa3023620,DBU,dallas baptist university,,
2023,526.0,18.0,18,Derrick Tarpley Jr.,Brownsville Area HS,HS SR,Athletics,no_candidate,,,0,,,,,,
2023,527.0,18.0,18,Kalae Harrison,NC State,4YR JR,Pittsburgh Pirates,matched_exact_name,100.0,100.0,1,Kalae Harrison,sa3023054,NCSU,north carolina state university,,
2023,528.0,18.0,18,Drew Pestka,John A. Logan College,JC J1,Cincinnati Reds,no_candidate,,,0,,,,,,
2023,529.0,18.0,18,Stone Russell,IMG Academy,HS SR,Kansas City Royals,no_candidate,,,0,,,,,,
2023,530.0,18.0,18,Ethan Farris,Cypress Woods HS,HS SR,Detroit Tigers,no_candidate,,,0,,,,,,
2023,531.0,18.0,18,Brendan Morse,Niagara County CC,JC J1,Texas Rangers,no_candidate,,,0,,,,,,
2023,532.0,18.0,18,Yanzel Correa,International Baseball Academy,HS SR,Colorado Rockies,no_candidate,,,0,,,,,,
2023,533.0,18.0,18,Tristan Dietrich,Owen J. Roberts HS,HS SR,Miami Marlins,no_candidate,,,0,,,,,,
2023,534.0,18.0,18,Dalton Kendrick,University of Memphis,4YR SR,Los Angeles Angels,no_candidate,,,0,,,,,,
2023,535.0,18.0,18,Alec Baker,Dallas Baptist,4YR 5S,Arizona Diamondbacks,rejected_fuzzy_school_guard,85.7,18.2,1,,,,,Alex Barker,18.2
2023,536.0,18.0,18,Brian Kalmer,Gonzaga,4YR SR,Chicago Cubs,matched_exact_name,100.0,100.0,1,Brian Kalmer,sa3022591,GONZ,gonzaga university,,
2023,537.0,18.0,18,Hector Garcia Jr.,Hope International U,4YR SR,Minnesota Twins,no_candidate,,,0,,,,,,
2023,538.0,18.0,18,Zach Fogell,Connecticut,4YR GR,Boston Red Sox,no_candidate,,,0,,,,,,
2023,539.0,18.0,18,Anthony Imhoff,Pima CC,JC J3,Chicago White Sox,no_candidate,,,0,,,,,,
2023,540.0,18.0,18,Michael Rodriguez,North Greenville University,4YR JR,San Francisco Giants,no_candidate,,,0,,,,,,
2023,541.0,18.0,18,Tanner Witt,Texas,4YR JR,Baltimore Orioles,no_candidate,,,0,,,,,,
2023,542.0,18.0,18,Dylan Watts,Tacoma CC,JC J1,Milwaukee Brewers,no_candidate,,,0,,,,,,
2023,543.0,18.0,18,Jeremy Pilon,Ecole Secondaire du Chene-Bleu,HS SR,Tampa Bay Rays,no_candidate,,,0,,,,,,
2023,544.0,18.0,18,Chase Brunson,San Clemente HS,HS SR,Toronto Blue Jays,no_candidate,,,0,,,,,,
2023,545.0,18.0,18,Hunter Kublick,Umpqua CC,JC J2,St. Louis Cardinals,no_candidate,,,0,,,,,,
2023,546.0,18.0,18,Gavyn Jones,White Oak HS,HS SR,New York Mets,no_candidate,,,0,,,,,,
2023,547.0,18.0,18,Daniel Ouderkirk,Penn State,4YR GR,Seattle Mariners,no_candidate,,,0,,,,,,
2023,548.0,18.0,18,Matt Jachec,Indiana State,4YR SR,Cleveland Guardians,matched_exact_name,100.0,100.0,1,Matt Jachec,sa3022906,INST,indiana state university,,
2023,549.0,18.0,18,Cam Magee,Washington State,4YR SO,Atlanta Braves,matched_exact_name,100.0,100.0,1,Cam Magee,sa3022503,WSU,washington state university,,
2023,550.0,18.0,18,Sterling Patick,South Hills HS,HS SR,Los Angeles Dodgers,no_candidate,,,0,,,,,,
2023,551.0,18.0,18,Harry Gustin,Hawaii,4YR SO,San Diego Padres,matched_exact_name,100.0,100.0,1,Harry Gustin,sa3023229,HAW,university of hawaii manoa,,
2023,552.0,18.0,18,Coby Morales,Washington,4YR JR,New York Yankees,matched_exact_name,100.0,100.0,1,Coby Morales,sa3022829,WASH,university of washington,,
2023,553.0,18.0,18,Ethan Chenault,UNC Wilmington,4YR JR,Philadelphia Phillies,matched_exact_name,100.0,100.0,1,Ethan Chenault,sa3023445,UNCW,university of north carolina at wilmington,,
2023,554.0,18.0,18,Derek True,Cal Poly,4YR JR,Houston Astros,no_candidate,,,0,,,,,,
2023,555.0,19.0,19,James Ellwanger,Magnolia West HS,HS SR,Washington Nationals,no_candidate,,,0,,,,,,
2023,556.0,19.0,19,Derek Salata,Illinois State,4YR 5S,Athletics,matched_exact_name,100.0,100.0,1,Derek Salata,sa3041428,ILST,illinois state university,,
2023,557.0,19.0,19,Tyler Kennedy,Florida SouthWestern State College,JC J2,Pittsburgh Pirates,no_candidate,,,0,,,,,,
2023,558.0,19.0,19,Herick Hernandez,Miami Dade College,JC J2,Cincinnati Reds,no_candidate,,,0,,,,,,
2023,559.0,19.0,19,Donovan LaSalle,Barbe HS,HS SR,Kansas City Royals,no_candidate,,,0,,,,,,
2023,560.0,19.0,19,Blake Pivaroff,Arizona State,4YR JR,Detroit Tigers,no_candidate,,,0,,,,,,
2023,561.0,19.0,19,Elijah Ickes,Kamehameha HS,HS SR,Texas Rangers,rejected_fuzzy_school_guard,85.7,10.5,1,,,,,Elijah Dickerson,10.5
2023,562.0,19.0,19,Kannon Handy,Colorado Mesa U,4YR SR,Colorado Rockies,no_candidate,,,0,,,,,,
2023,563.0,19.0,19,Johnny Olmstead,USC,4YR 5S,Miami Marlins,matched_exact_name,100.0,100.0,1,Johnny Olmstead,sa3022494,USC,university of southern california,,
2023,564.0,19.0,19,Raudi Rodriguez,Georgia Premier Academy,HS SR,Los Angeles Angels,no_candidate,,,0,,,,,,
2023,565.0,19.0,19,Wyatt Crenshaw,Arizona St U,4YR 5S,Arizona Diamondbacks,matched_exact_name,100.0,100.0,1,Wyatt Crenshaw,sa3022406,ASU,arizona state university,,
2023,566.0,19.0,19,Nick Dean,Maryland,4YR SR,Chicago Cubs,matched_exact_name,100.0,100.0,1,Nick Dean,sa3023506,MD,university of maryland,,
2023,567.0,19.0,19,Sam Parker,Kennesaw Mountain HS,HS SR,Minnesota Twins,no_candidate,,,0,,,,,,
2023,568.0,19.0,19,Stanley Tucker,Texas A&M,4YR JR,Boston Red Sox,no_candidate,,,0,,,,,,
2023,569.0,19.0,19,Caden Connor,Cal State Fullerton,4YR SR,Chicago White Sox,matched_exact_name,100.0,100.0,1,Caden Connor,sa3022755,CSUF,"california state university, fullerton",,
2023,570.0,19.0,19,Tommy Kane,Maryland,4YR JR,San Francisco Giants,no_candidate,,,0,,,,,,
2023,571.0,19.0,19,Kollin Ritchie,Atoka HS,HS SR,Baltimore Orioles,no_candidate,,,0,,,,,,
2023,572.0,19.0,19,Isaac Morton,Spring Lake Park HS,HS SR,Milwaukee Brewers,no_candidate,,,0,,,,,,
2023,573.0,19.0,19,Owen Stevenson,Arizona State,4YR JR,Tampa Bay Rays,matched_exact_name,100.0,100.0,1,Owen Stevenson,sa3023225,ASU,arizona state university,,
2023,574.0,19.0,19,Aaron Munson,Angelo St U,4YR JR,Toronto Blue Jays,no_candidate,,,0,,,,,,
2023,575.0,19.0,19,Graysen Tarlow,Cal State Northridge,4YR JR,St. Louis Cardinals,matched_exact_name,100.0,100.0,1,Graysen Tarlow,sa3022443,CSUN,"california state university, northridge",,
2023,576.0,19.0,19,Christian Little,LSU,4YR JR,New York Mets,no_candidate,,,0,,,,,,
2023,577.0,19.0,19,Charlie Pagliarini,Fairfield,4YR SR,Seattle Mariners,matched_exact_name,100.0,100.0,1,Charlie Pagliarini,sa3022487,FAIR,fairfield university,,
2023,578.0,19.0,19,Josh Harlow,Mercer U,4YR SR,Cleveland Guardians,no_candidate,,,0,,,,,,
2023,579.0,19.0,19,Riley Frey,Milwaukee,4YR JR,Atlanta Braves,matched_exact_name,100.0,100.0,1,Riley Frey,sa3022909,MILW,university of wisconsin–milwaukee,,
2023,580.0,19.0,19,Spencer Green,Richland HS,HS SR,Los Angeles Dodgers,no_candidate,,,0,,,,,,
2023,581.0,19.0,19,Adler Cecil,Temecula Valley HS,HS SR,San Diego Padres,no_candidate,,,0,,,,,,
2023,582.0,19.0,19,Cade Austin,South Carolina,4YR JR,New York Yankees,no_candidate,,,0,,,,,,
2023,583.0,19.0,19,Casey Steward,Washburn University,4YR SR,Philadelphia Phillies,no_candidate,,,0,,,,,,
2023,584.0,19.0,19,Andrew Duncan,A3 Academy,HS SR,Houston Astros,no_candidate,,,0,,,,,,
2023,585.0,20.0,20,Isaac Ayon,Oregon,4YR JR,Washington Nationals,no_candidate,,,0,,,,,,
2023,586.0,20.0,20,Diego Barrera,Loyola Marymount University,4YR GR,Athletics,matched_exact_name,100.0,100.0,1,Diego Barrera,sa3023203,LMU,loyola marymount university,,
2023,587.0,20.0,20,Peyton Stumbo,Nevada,4YR JR,Pittsburgh Pirates,matched_exact_name,100.0,100.0,1,Peyton Stumbo,sa3023009,NEV,"university of nevada, reno",,
2023,588.0,20.0,20,Gabe Gaeckle,Aptos HS,HS SR,Cincinnati Reds,no_candidate,,,0,,,,,,
2023,589.0,20.0,20,Blake Wilson,Santa Margarita Catholic HS,HS SR,Kansas City Royals,no_candidate,,,0,,,,,,
2023,590.0,20.0,20,Johnathan Rogers,Tupelo HS,HS SR,Detroit Tigers,no_candidate,,,0,,,,,,
2023,591.0,20.0,20,Laif Palmer,Golden HS,HS SR,Texas Rangers,no_candidate,,,0,,,,,,
2023,592.0,20.0,20,Troy Butler,Herkimer County CC,JC J2,Colorado Rockies,rejected_fuzzy_school_guard,85.7,26.7,1,,,,,Rob Butler,26.7
2023,593.0,20.0,20,Ryan Ignoffo,Eastern Illinois,4YR 5S,Miami Marlins,matched_exact_name,100.0,100.0,1,Ryan Ignoffo,sa3022573,EIU,eastern illinois university,,
2023,594.0,20.0,20,Mac McCroskey,Oral Roberts,4YR 5S,Los Angeles Angels,matched_exact_name,100.0,100.0,1,Mac McCroskey,sa3022444,ORU,oral roberts university,,
2023,595.0,20.0,20,Dominic Voegele,Columbia HS,HS SR,Arizona Diamondbacks,no_candidate,,,0,,,,,,
2023,596.0,20.0,20,Drew Bowser,Stanford,4YR JR,Chicago Cubs,matched_exact_name,100.0,100.0,1,Drew Bowser,sa3022594,STAN,stanford university,,
2023,597.0,20.0,20,Ashton Larson,Saint Thomas Aquinas HS,HS SR,Minnesota Twins,no_candidate,,,0,,,,,,
2023,598.0,20.0,20,Robert Orloski,Middleton HS,HS SR,Boston Red Sox,no_candidate,,,0,,,,,,
2023,599.0,20.0,20,Garrett Wright,TCU,4YR JR,Chicago White Sox,no_candidate,,,0,,,,,,
2023,600.0,20.0,20,Nadir Lewis,Princeton,4YR SR,San Francisco Giants,no_candidate,,,0,,,,,,
2023,601.0,20.0,20,Jalen Vasquez,North Greenville University,4YR JR,Baltimore Orioles,no_candidate,,,0,,,,,,
2023,602.0,20.0,20,Justin Chambers,Basha HS,HS SR,Milwaukee Brewers,no_candidate,,,0,,,,,,
2023,603.0,20.0,20,Max Stanley,Douglas County HS,HS SR,Tampa Bay Rays,no_candidate,,,0,,,,,,
2023,604.0,20.0,20,Kai Peterson,Sierra JC,JC J3,Toronto Blue Jays,no_candidate,,,0,,,,,,
2023,605.0,20.0,20,Cameron Johnson,IMG Academy,HS SR,St. Louis Cardinals,rejected_school_guard,100.0,25.0,1,,,,,Cameron Johnson,25.0
2023,606.0,20.0,20,Kellum Clark,Mississippi State,4YR JR,New York Mets,matched_exact_name,100.0,100.0,1,Kellum Clark,sa3022749,MSST,mississippi state university,,
2023,607.0,20.0,20,Will Watson,San Joaquin Delta College,JC J2,Seattle Mariners,no_candidate,,,0,,,,,,
2023,608.0,20.0,20,Ryan Marohn,Freedom HS,HS SR,Cleveland Guardians,no_candidate,,,0,,,,,,
2023,609.0,20.0,20,Will King,Eastern Kentucky U,4YR JR,Atlanta Braves,matched_exact_name,100.0,100.0,1,Will King,sa3022510,EKU,eastern kentucky university,,
2023,610.0,20.0,20,D.J. Uiagalelei,Oregon State,4YR GR,Los Angeles Dodgers,no_candidate,,,0,,,,,,
2023,611.0,20.0,20,B.Y. Choi,New Mexico Military Institute,JC J2,San Diego Padres,no_candidate,,,0,,,,,,
2023,612.0,20.0,20,Bryce Warrecker,Cal Poly,4YR JR,New York Yankees,matched_exact_name,100.0,100.0,1,Bryce Warrecker,sa3023364,CP,california polytechnic state university,,
2023,613.0,20.0,20,Pierce Bennett,Wake Forest,4YR SR,Philadelphia Phillies,matched_exact_name,100.0,100.0,1,Pierce Bennett,sa3022816,WAKE,wake forest university,,
2023,614.0,20.0,20,Pascanel Ferreras,Western Carolina,4YR JR,Houston Astros,matched_exact_name,100.0,100.0,1,Pascanel Ferreras,sa3022702,WCU,western carolina university,,
2024,1.0,1.0,1,Travis Bazzana,Oregon State,4YR JR,Cleveland Guardians,matched_exact_name,100.0,100.0,1,Travis Bazzana,sa3025129,ORST,oregon state university,,
2024,2.0,1.0,1,Chase Burns,Wake Forest,4YR JR,Cincinnati Reds,matched_exact_name,100.0,100.0,1,Chase Burns,35333,WAKE,wake forest university,,
2024,3.0,1.0,1,Charlie Condon,Georgia,4YR JR,Colorado Rockies,matched_exact_name,100.0,100.0,1,Charlie Condon,sa3025257,UGA,university of georgia,,
2024,4.0,1.0,1,Nick Kurtz,Wake Forest,4YR JR,Athletics,matched_exact_name,100.0,100.0,1,Nick Kurtz,35110,WAKE,wake forest university,,
2024,5.0,1.0,1,Hagen Smith,Arkansas,4YR JR,Chicago White Sox,matched_exact_name,100.0,100.0,1,Hagen Smith,sa3025544,ARK,university of arkansas,,
2024,6.0,1.0,1,Jac Caglianone,Florida,4YR JR,Kansas City Royals,matched_exact_name,100.0,100.0,1,Jac Caglianone,35041,FLA,university of florida,,
2024,7.0,1.0,1,JJ Wetherholt,West Virginia,4YR JR,St. Louis Cardinals,matched_exact_name,100.0,100.0,1,JJ Wetherholt,sa3025154,WVU,west virginia university,,
2024,8.0,1.0,1,Christian Moore,Tennessee,4YR JR,Los Angeles Angels,matched_exact_name,100.0,100.0,1,Christian Moore,34979,TENN,university of tennessee knoxville,,
2024,9.0,1.0,1,Konnor Griffin,Jackson Prep School,HS SR,Pittsburgh Pirates,no_candidate,,,0,,,,,,
2024,10.0,1.0,1,Seaver King,Wake Forest,4YR JR,Washington Nationals,matched_exact_name,100.0,100.0,1,Seaver King,sa3025414,WAKE,wake forest university,,
2024,11.0,1.0,1,Bryce Rainer,Harvard-Westlake HS,HS SR,Detroit Tigers,no_candidate,,,0,,,,,,
2024,12.0,1.0,1,Braden Montgomery,Texas A&M,4YR JR,Boston Red Sox,matched_exact_name,100.0,100.0,1,Braden Montgomery,sa3038253,TA&M,texas aandm university,,
2024,13.0,1.0,1,James Tibbs III,Florida State,4YR SR,San Francisco Giants,matched_exact_name,100.0,100.0,1,James Tibbs III,sa3025333,FSU,florida state university,,
2024,14.0,1.0,1,Cam Smith,Florida State,4YR SO,Chicago Cubs,matched_exact_name,100.0,100.0,1,Cam Smith,35108,FSU,florida state university,,
2024,15.0,1.0,1,Jurrangelo Cijntje,Mississippi State,4YR SO,Seattle Mariners,matched_exact_name,100.0,100.0,1,Jurrangelo Cijntje,sa3028930,MSST,mississippi state university,,
2024,16.0,1.0,1,PJ Morlando,Summerville HS,HS SR,Miami Marlins,no_candidate,,,0,,,,,,
2024,17.0,1.0,1,Braylon Payne,Elkins HS,HS SR,Milwaukee Brewers,no_candidate,,,0,,,,,,
2024,18.0,1.0,1,Theo Gillen,Westlake HS,HS SR,Tampa Bay Rays,no_candidate,,,0,,,,,,
2024,19.0,1.0,1,Carson Benge,Oklahoma State,4YR JR,New York Mets,matched_exact_name,100.0,100.0,1,Carson Benge,sa3025452,OKST,oklahoma state university,,
2024,20.0,1.0,1,Trey Yesavage,East Carolina,4YR JR,Toronto Blue Jays,matched_exact_name,100.0,100.0,1,Trey Yesavage,sa3045705,ECU,east carolina university,,
2024,21.0,1.0,1,Kaelen Culpepper,Kansas State,4YR JR,Minnesota Twins,matched_exact_name,100.0,100.0,1,Kaelen Culpepper,sa3025360,KSU,kansas st.,,
2024,22.0,1.0,1,Vance Honeycutt,North Carolina,4YR JR,Baltimore Orioles,matched_exact_name,100.0,100.0,1,Vance Honeycutt,sa3025526,UNC,university of north carolina at chapel hill,,
2024,23.0,1.0,1,Kellon Lindsey,Hardee HS,HS SR,Los Angeles Dodgers,no_candidate,,,0,,,,,,
2024,24.0,1.0,1,Cam Caminiti,Saguaro HS,HS SR,Atlanta Braves,no_candidate,,,0,,,,,,
2024,25.0,1.0,1,Kash Mayfield,Elk City HS,HS SR,San Diego Padres,no_candidate,,,0,,,,,,
2024,26.0,1.0,1,Ben Hess,Alabama,4YR JR,New York Yankees,matched_exact_name,100.0,100.0,1,Ben Hess,sa3033725,ALA,university of alabama,,
2024,27.0,1.0,1,Dante Nori,Northville HS,HS SR,Philadelphia Phillies,no_candidate,,,0,,,,,,
2024,28.0,1.0,1,Walker Janek,Sam Houston,4YR JR,Houston Astros,matched_exact_name,100.0,100.0,1,Walker Janek,sa3025254,SHSU,sam houston state university,,
2024,29.0,1.0,1,Slade Caldwell,Valley View HS,HS SR,Arizona Diamondbacks,no_candidate,,,0,,,,,,
2024,30.0,1.0,1,Malcolm Moore,Stanford,4YR SO,Texas Rangers,matched_exact_name,100.0,100.0,1,Malcolm Moore,sa3025250,STAN,stanford university,,
2024,31.0,1.0,PPI,Ryan Waldschmidt,Kentucky,4YR JR,Arizona Diamondbacks,matched_exact_name,100.0,100.0,1,Ryan Waldschmidt,sa3025261,UK,university of kentucky,,
2024,32.0,1.0,PPI,Griff O'Ferrall,Farragut HS,4YR JR,Baltimore Orioles,rejected_school_guard,100.0,21.1,1,,,,,Griff O'Ferrall,21.1
2024,32.0,1.0,,,,,,carried_over_existing,,,0,Griff O'Ferrall,sa3025409,UVA,university of virginia,,
2024,33.0,1.0,1C,Kyle DeBarge,University of Louisiana at Lafayette,4YR JR,Minnesota Twins,matched_exact_name,100.0,100.0,1,Kyle DeBarge,sa3025260,UL,university of louisiana at lafayette,,
2024,34.0,1.0,CB-A,Blake Burke,Tennessee,4YR JR,Milwaukee Brewers,matched_exact_name,100.0,100.0,1,Blake Burke,sa3025381,TENN,university of tennessee knoxville,,
2024,35.0,1.0,CB-A,JD Dix,Whitefish Bay HS,HS SR,Arizona Diamondbacks,no_candidate,,,0,,,,,,
2024,36.0,1.0,CB-A,Braylon Doughty,Chaparral HS,HS SR,Cleveland Guardians,no_candidate,,,0,,,,,,
2024,37.0,1.0,CB-A,Levi Sterling,Notre Dame HS,HS SR,Pittsburgh Pirates,no_candidate,,,0,,,,,,
2024,38.0,1.0,CB-A,Brody Brecht,Iowa,4YR JR,Colorado Rockies,matched_exact_name,100.0,100.0,1,Brody Brecht,sa3027632,IOWA,university of iowa,,
2024,39.0,1.0,CB-A,Caleb Lomavita,California,4YR JR,Washington Nationals,matched_exact_name,100.0,100.0,1,Caleb Lomavita,sa3025404,CAL,"university of california, berkeley",,
2024,40.0,2.0,2,Tommy White,LSU,4YR JR,Athletics,matched_exact_name,100.0,100.0,1,Tommy White,sa3025383,LSU,louisiana state university,,
2024,41.0,2.0,2,David Shields,Mt. Lebanon HS,HS SR,Kansas City Royals,no_candidate,,,0,,,,,,
2024,42.0,2.0,2,Jared Thomas,Texas,4YR SO,Colorado Rockies,matched_exact_name,100.0,100.0,1,Jared Thomas,sa3025252,TEX,university of texas at austin,,
2024,43.0,2.0,2,Caleb Bonemer,Okemos HS,HS SR,Chicago White Sox,no_candidate,,,0,,,,,,
2024,44.0,2.0,2,Luke Dickerson,Morris Knolls HS,HS SR,Washington Nationals,no_candidate,,,0,,,,,,
2024,45.0,2.0,2,Chris Cortez,Texas A&M,4YR JR,Los Angeles Angels,matched_exact_name,100.0,100.0,1,Chris Cortez,sa3029417,TA&M,texas aandm university,,
2024,46.0,2.0,2,Jonathan Santucci,Duke,4YR JR,New York Mets,matched_exact_name,100.0,100.0,1,Jonathan Santucci,sa3041559,DUKE,duke university,,
2024,47.0,2.0,2,Wyatt Sanford,Independence HS,HS SR,Pittsburgh Pirates,no_candidate,,,0,,,,,,
2024,48.0,2.0,2,Jacob Cozart,NC State,4YR JR,Cleveland Guardians,matched_exact_name,100.0,100.0,1,Jacob Cozart,sa3025434,NCSU,north carolina state university,,
2024,49.0,2.0,2,Owen Hall,Edmond North HS,HS SR,Detroit Tigers,no_candidate,,,0,,,,,,
2024,50.0,2.0,2,Payton Tolle,TCU,4YR JR,Boston Red Sox,matched_exact_name,100.0,100.0,1,Payton Tolle,sa3043900,TCU,texas christian university,,
2024,51.0,2.0,2,Tyson Lewis,Millard West HS,HS SR,Cincinnati Reds,no_candidate,,,0,,,,,,
2024,52.0,2.0,2,Boston Bateman,Adolfo Camarillo HS,HS SR,San Diego Padres,no_candidate,,,0,,,,,,
2024,53.0,2.0,2,Bryce Cunningham,Vanderbilt,4YR JR,New York Yankees,matched_exact_name,100.0,100.0,1,Bryce Cunningham,sa3029687,VAN,vanderbilt university,,
2024,54.0,2.0,2,Cole Mathis,College of Charleston,4YR JR,Chicago Cubs,matched_exact_name,100.0,100.0,1,Cole Mathis,sa3037300,COFC,charleston,,
2024,55.0,2.0,2,Ryan Sloan,York Community HS,HS SR,Seattle Mariners,no_candidate,,,0,,,,,,
2024,56.0,2.0,2,Carter Johnson,Oxford HS,HS SR,Miami Marlins,rejected_fuzzy_school_guard,88.9,20.0,1,,,,,Carter Hanson,20.0
2024,57.0,2.0,2,Bryce Meccage,The Pennington School,HS SR,Milwaukee Brewers,no_candidate,,,0,,,,,,
2024,58.0,2.0,2,Émilien Pitre,Kentucky,4YR JR,Tampa Bay Rays,matched_fuzzy_name,92.3,100.0,1,Emilien Pitre,sa3025391,UK,university of kentucky,,
2024,59.0,2.0,2,Khal Stephen,Mississippi State,4YR JR,Toronto Blue Jays,matched_exact_name,100.0,100.0,1,Khal Stephen,sa3043049,MSST,mississippi state university,,
2024,60.0,2.0,2,Billy Amick,Tennessee,4YR JR,Minnesota Twins,matched_exact_name,100.0,100.0,1,Billy Amick,sa3025249,TENN,university of tennessee knoxville,,
2024,61.0,2.0,2,Ethan Anderson,Virginia,4YR JR,Baltimore Orioles,matched_exact_name,100.0,100.0,1,Ethan Anderson,sa3025410,UVA,university of virginia,,
2024,62.0,2.0,2,Carter Holton,Vanderbilt,4YR JR,Atlanta Braves,matched_exact_name,100.0,100.0,1,Carter Holton,sa3025599,VAN,vanderbilt university,,
2024,63.0,2.0,2,Griffin Burkholder,Freedom HS,HS SR,Philadelphia Phillies,no_candidate,,,0,,,,,,
2024,64.0,2.0,2,Ivan Luciano,El Shaddai Christian Academy,HS SR,Arizona Diamondbacks,no_candidate,,,0,,,,,,
2024,65.0,2.0,2,Dylan Dreiling,Tennessee,4YR SO,Texas Rangers,matched_exact_name,100.0,100.0,1,Dylan Dreiling,sa3025251,TENN,university of tennessee knoxville,,
2024,66.0,2.0,CB-B,Tyler Bell,Lincoln Way East HS,HS SR,Tampa Bay Rays,no_candidate,,,0,,,,,,
2024,67.0,2.0,CB-B,Chris Levonas,Christian Brothers Academy,HS SR,Milwaukee Brewers,no_candidate,,,0,,,,,,
2024,68.0,2.0,CB-B,Blake Larson,IMG Academy,HS SR,Chicago White Sox,no_candidate,,,0,,,,,,
2024,69.0,2.0,CB-B,Dasan Hill,Grapevine HS,HS SR,Minnesota Twins,no_candidate,,,0,,,,,,
2024,70.0,2.0,CB-B,Aiden May,Oregon State,4YR JR,Miami Marlins,matched_exact_name,100.0,100.0,1,Aiden May,sa3037366,ORST,oregon state university,,
2024,71.0,2.0,CB-B,Luke Holman,LSU,4YR JR,Cincinnati Reds,matched_exact_name,100.0,100.0,1,Luke Holman,sa3034003,LSU,louisiana state university,,
2024,72.0,2.0,CB-B,Ethan Schiefelbein,Corona Senior HS,HS SR,Detroit Tigers,no_candidate,,,0,,,,,,
2024,73.0,2.0,CB-B,Gage Jump,LSU,4YR SO,Athletics,matched_exact_name,100.0,100.0,1,Gage Jump,sa3034986,LSU,louisiana state university,,
2024,74.0,2.0,2C,Ryan Johnson,Dallas Baptist,4YR JR,Los Angeles Angels,matched_exact_name,100.0,100.0,1,Ryan Johnson,35325,DBU,dallas baptist university,,
2024,75.0,3.0,3,Joshua Kuroda-Grauer,Rutgers,4YR JR,Athletics,matched_exact_name,100.0,100.0,1,Joshua Kuroda-Grauer,sa3025386,RUTG,rutgers university,,
2024,76.0,3.0,3,Drew Beam,Tennessee,4YR JR,Kansas City Royals,matched_exact_name,100.0,100.0,1,Drew Beam,sa3026785,TENN,university of tennessee knoxville,,
2024,77.0,3.0,3,Cole Messina,South Carolina,4YR JR,Colorado Rockies,matched_exact_name,100.0,100.0,1,Cole Messina,sa3025359,SC,university of south carolina,,
2024,78.0,3.0,3,Nick McLain,Arizona State,4YR JR,Chicago White Sox,matched_exact_name,100.0,100.0,1,Nick McLain,sa3037680,ASU,arizona state university,,
2024,79.0,3.0,3,Kevin Bazzell,Texas Tech,4YR JR,Washington Nationals,matched_exact_name,100.0,100.0,1,Kevin Bazzell,sa3025511,TTU,texas tech university,,
2024,80.0,3.0,3,Brian Holiday,Oklahoma State,4YR JR,St. Louis Cardinals,matched_exact_name,100.0,100.0,1,Brian Holiday,sa3033970,OKST,oklahoma state university,,
2024,81.0,3.0,3,Ryan Prager,Texas A&M,4YR JR,Los Angeles Angels,matched_exact_name,100.0,100.0,1,Ryan Prager,sa3040167,TA&M,texas aandm university,,
2024,82.0,3.0,3,Nate Dohm,Mississippi State,4YR JR,New York Mets,no_candidate,,,0,,,,,,
2024,83.0,3.0,3,Josh Hartle,Wake Forest,4YR JR,Pittsburgh Pirates,matched_exact_name,100.0,100.0,1,Josh Hartle,sa3025623,WAKE,wake forest university,,
2024,84.0,3.0,3,Joey Oakie,Gonzaga,HS SR,Cleveland Guardians,no_candidate,,,0,,,,,,
2024,85.0,3.0,3,Josh Randall,University of San Diego,4YR JR,Detroit Tigers,matched_exact_name,100.0,100.0,1,Josh Randall,sa3025585,USD,university of san diego,,
2024,86.0,3.0,3,Brandon Neely,Florida,4YR JR,Boston Red Sox,matched_exact_name,100.0,100.0,1,Brandon Neely,sa3038722,FLA,university of florida,,
2024,87.0,3.0,3,Mike Sirota,Northeastern,4YR JR,Cincinnati Reds,matched_exact_name,100.0,100.0,1,Mike Sirota,sa3042374,NE,northeastern university,,
2024,88.0,3.0,3,Cobb Hightower,East Rowan HS,HS SR,San Diego Padres,no_candidate,,,0,,,,,,
2024,89.0,3.0,3,Thatcher Hurd,LSU,4YR JR,New York Yankees,no_candidate,,,0,,,,,,
2024,90.0,3.0,3,Ronny Cruz,Miami Christian School,HS SR,Chicago Cubs,no_candidate,,,0,,,,,,
2024,91.0,3.0,3,Hunter Cranton,Kansas,4YR 5S,Seattle Mariners,no_candidate,,,0,,,,,,
2024,92.0,3.0,3,Gage Miller,Alabama,4YR JR,Miami Marlins,matched_exact_name,100.0,100.0,1,Gage Miller,sa3025205,ALA,university of alabama,,
2024,93.0,3.0,3,Jaron DeBerry,Dallas Baptist,4YR SR,Milwaukee Brewers,matched_exact_name,100.0,100.0,1,Jaron DeBerry,sa3029984,DBU,dallas baptist university,,
2024,94.0,3.0,3,Nathan Flewelling,Ecole Secondaire Notre Dame HS,HS SR,Tampa Bay Rays,no_candidate,,,0,,,,,,
2024,95.0,3.0,3,Johnny King,Naples HS,HS SR,Toronto Blue Jays,no_candidate,,,0,,,,,,
2024,96.0,3.0,3,Khadim Diaw,Loyola Marymount University,4YR JR,Minnesota Twins,no_candidate,,,0,,,,,,
2024,97.0,3.0,3,Austin Overn,USC,4YR SO,Baltimore Orioles,matched_exact_name,100.0,100.0,1,Austin Overn,sa3025408,USC,university of southern california,,
2024,98.0,3.0,3,Chase Harlan,Central Bucks East HS,HS SR,Los Angeles Dodgers,no_candidate,,,0,,,,,,
2024,99.0,3.0,3,Luke Sinnard,Indiana,4YR JR,Atlanta Braves,no_candidate,,,0,,,,,,
2024,100.0,3.0,3,John Spikerman,Oklahoma,4YR JR,Philadelphia Phillies,matched_exact_name,100.0,100.0,1,John Spikerman,sa3025197,OU,university of oklahoma,,
2024,101.0,3.0,3,Ryan Forcucci,UC San Diego,4YR JR,Houston Astros,no_candidate,,,0,,,,,,
2024,102.0,3.0,3,Daniel Eagen,Presbyterian College,4YR JR,Arizona Diamondbacks,matched_exact_name,100.0,100.0,1,Daniel Eagen,sa3030728,PRES,presbyterian college,,
2024,103.0,3.0,3,Casey Cook,North Carolina,4YR JR,Texas Rangers,matched_exact_name,100.0,100.0,1,Casey Cook,sa3025356,UNC,university of north carolina at chapel hill,,
2024,104.0,4.0,4,Rodney Green Jr.,California,4YR JR,Athletics,matched_exact_name,100.0,100.0,1,Rodney Green Jr.,sa3025384,CAL,"university of california, berkeley",,
2024,105.0,4.0,4,L.P. Langevin,University of Louisiana at Lafayette,4YR JR,Kansas City Royals,matched_exact_name,100.0,100.0,1,L.P. Langevin,sa3035936,UL,university of louisiana at lafayette,,
2024,106.0,4.0,4,Blake Wright,Clemson,4YR SR,Colorado Rockies,matched_exact_name,100.0,100.0,1,Blake Wright,sa3025525,CLEM,clemson university,,
2024,107.0,4.0,4,Casey Saucke,Virginia,4YR JR,Chicago White Sox,matched_exact_name,100.0,100.0,1,Casey Saucke,sa3025382,UVA,university of virginia,,
2024,108.0,4.0,4,Jackson Kent,Arizona,4YR JR,Washington Nationals,matched_exact_name,100.0,100.0,1,Jackson Kent,sa3035282,ARIZ,university of arizona,,
2024,109.0,4.0,4,Ryan Campos,Arizona State,4YR JR,St. Louis Cardinals,matched_exact_name,100.0,100.0,1,Ryan Campos,sa3025151,ASU,arizona state university,,
2024,110.0,4.0,4,Austin Gordon,Clemson,4YR JR,Los Angeles Angels,no_candidate,,,0,,,,,,
2024,111.0,4.0,4,Eli Serrano III,NC State,4YR SO,New York Mets,matched_exact_name,100.0,100.0,1,Eli Serrano III,sa3025407,NCSU,north carolina state university,,
2024,112.0,4.0,4,Eddie Rynders,Wisconsin Lutheran HS,HS SR,Pittsburgh Pirates,no_candidate,,,0,,,,,,
2024,113.0,4.0,4,Rafe Schlesinger,Miami,4YR JR,Cleveland Guardians,matched_exact_name,100.0,100.0,1,Rafe Schlesinger,sa3025587,MIA,university of miami,,
2024,114.0,4.0,4,Michael Massey,Wake Forest,4YR JR,Detroit Tigers,no_candidate,,,0,,,,,,
2024,115.0,4.0,4,Zach Ehrhard,Oklahoma State,4YR JR,Boston Red Sox,matched_exact_name,100.0,100.0,1,Zach Ehrhard,sa3025247,OKST,oklahoma state university,,
2024,116.0,4.0,4,Dakota Jordan,Mississippi State,4YR SO,San Francisco Giants,matched_exact_name,100.0,100.0,1,Dakota Jordan,sa3025601,MSST,mississippi state university,,
2024,117.0,4.0,4,Peyton Stovall,Arkansas,4YR JR,Cincinnati Reds,matched_exact_name,100.0,100.0,1,Peyton Stovall,sa3025512,ARK,university of arkansas,,
2024,118.0,4.0,4,Tyson Neighbors,Kansas State,4YR JR,San Diego Padres,no_candidate,,,0,,,,,,
2024,119.0,4.0,4,Gage Ziehl,Miami,4YR JR,New York Yankees,matched_exact_name,100.0,100.0,1,Gage Ziehl,sa3045855,MIA,university of miami,,
2024,120.0,4.0,4,Ty Southisene,Basic HS,HS SR,Chicago Cubs,no_candidate,,,0,,,,,,
2024,121.0,4.0,4,Josh Caron,Nebraska,4YR JR,Seattle Mariners,matched_exact_name,100.0,100.0,1,Josh Caron,sa3025435,NEB,university of nebraska–lincoln,,
2024,122.0,4.0,4,Fenwick Trimble,James Madison University,4YR JR,Miami Marlins,matched_exact_name,100.0,100.0,1,Fenwick Trimble,sa3025202,JMU,james madison university,,
2024,123.0,4.0,4,Marco Dinges,Florida State,4YR JR,Milwaukee Brewers,matched_exact_name,100.0,100.0,1,Marco Dinges,sa3025495,FSU,florida state university,,
2024,124.0,4.0,4,Nate Knowles,William & Mary,4YR JR,Tampa Bay Rays,matched_exact_name,100.0,100.0,1,Nate Knowles,sa3035566,W&M,william and mary,,
2024,125.0,4.0,4,Sean Keys,Bucknell,4YR JR,Toronto Blue Jays,matched_exact_name,100.0,100.0,1,Sean Keys,sa3025317,BUCK,bucknell university,,
2024,126.0,4.0,4,Jaime Ferrer,Florida State,4YR JR,Minnesota Twins,matched_exact_name,100.0,100.0,1,Jaime Ferrer,sa3025246,FSU,florida state university,,
2024,127.0,4.0,4,Chase Allsup,Auburn,4YR JR,Baltimore Orioles,matched_exact_name,100.0,100.0,1,Chase Allsup,sa3025950,AUB,auburn university,,
2024,128.0,4.0,4,Jakob Wright,Cal Poly,4YR JR,Los Angeles Dodgers,matched_exact_name,100.0,100.0,1,Jakob Wright,sa3045618,CP,california polytechnic state university,,
2024,129.0,4.0,4,Herick Hernandez,Miami,4YR JR,Atlanta Braves,matched_exact_name,100.0,100.0,1,Herick Hernandez,sa3025588,MIA,university of miami,,
2024,130.0,4.0,4,Carson DeMartini,Virginia Tech,4YR JR,Philadelphia Phillies,matched_exact_name,100.0,100.0,1,Carson DeMartini,sa3025198,VT,virginia tech,,
2024,131.0,4.0,4,Parker Smith,Rice,4YR JR,Houston Astros,matched_exact_name,100.0,100.0,1,Parker Smith,sa3042618,RICE,rice university,,
2024,132.0,4.0,4,Tytus Cissell,Francis Howell HS,HS SR,Arizona Diamondbacks,no_candidate,,,0,,,,,,
2024,133.0,4.0,4,David Hagaman,West Virginia,4YR JR,Texas Rangers,no_candidate,,,0,,,,,,
2024,134.0,4.0,4C,Kavares Tears,Tennessee,4YR JR,San Diego Padres,matched_exact_name,100.0,100.0,1,Kavares Tears,sa3043596,TENN,university of tennessee knoxville,,
2024,135.0,4.0,4C,Clark Candiotti,Arizona,4YR 5S,San Diego Padres,matched_exact_name,100.0,100.0,1,Clark Candiotti,sa3028358,ARIZ,university of arizona,,
2024,136.0,4.0,4C,Nick Mitchell,Indiana,4YR JR,Toronto Blue Jays,matched_exact_name,100.0,100.0,1,Nick Mitchell,sa3025315,IU,indiana university,,
2024,137.0,5.0,5,Sam Stuhr,University of Portland,4YR SR,Athletics,matched_exact_name,100.0,100.0,1,Sam Stuhr,sa3043272,PORT,portland state university,,
2024,138.0,5.0,5,A.J. Causey,Tennessee,4YR JR,Kansas City Royals,matched_exact_name,100.0,100.0,1,A.J. Causey,sa3028661,TENN,university of tennessee knoxville,,
2024,139.0,5.0,5,Lebarron Johnson Jr.,Texas,4YR SR,Colorado Rockies,matched_exact_name,100.0,100.0,1,Lebarron Johnson Jr.,sa3034782,TEX,university of texas at austin,,
2024,140.0,5.0,5,Sam Antonacci,Coastal Carolina,4YR JR,Chicago White Sox,matched_exact_name,100.0,100.0,1,Sam Antonacci,sa3025363,CCU,coastal carolina university,,
2024,141.0,5.0,5,Randal Diaz,Indiana State,4YR JR,Washington Nationals,matched_exact_name,100.0,100.0,1,Randal Diaz,sa3030270,INST,indiana state university,,
2024,142.0,5.0,5,Braden Davis,Oklahoma,4YR JR,St. Louis Cardinals,matched_exact_name,100.0,100.0,1,Braden Davis,sa3029886,OU,university of oklahoma,,
2024,143.0,5.0,5,Dylan Jordan,Viera HS,HS SR,Los Angeles Angels,no_candidate,,,0,,,,,,
2024,144.0,5.0,5,Trey Snyder,Liberty North HS,HS SR,New York Mets,no_candidate,,,0,,,,,,
2024,145.0,5.0,5,Will Taylor,Clemson,4YR JR,Pittsburgh Pirates,rejected_fuzzy_school_guard,88.0,30.8,1,,,,,William Taylor,30.8
2024,146.0,5.0,5,Aidan Major,West Virginia,4YR JR,Cleveland Guardians,matched_exact_name,100.0,100.0,1,Aidan Major,sa3036887,WVU,west virginia university,,
2024,147.0,5.0,5,Jack Penney,Notre Dame,4YR JR,Detroit Tigers,matched_exact_name,100.0,100.0,1,Jack Penney,sa3025481,ND,university of notre dame,,
2024,148.0,5.0,5,Brandon Clarke,State College of Florida Manatee - Sarasota,JC J3,Boston Red Sox,no_candidate,,,0,,,,,,
2024,149.0,5.0,5,Jakob Christian,University of San Diego,4YR JR,San Francisco Giants,matched_exact_name,100.0,100.0,1,Jakob Christian,sa3025603,USD,university of san diego,,
2024,150.0,5.0,5,Tristan Smith,Clemson,4YR SO,Cincinnati Reds,matched_exact_name,100.0,100.0,1,Tristan Smith,sa3042648,CLEM,clemson university,,
2024,151.0,5.0,5,Kale Fountain,Norris HS,HS SR,San Diego Padres,no_candidate,,,0,,,,,,
2024,152.0,5.0,5,Greysen Carter,Vanderbilt,4YR JR,New York Yankees,no_candidate,,,0,,,,,,
2024,153.0,5.0,5,Ariel Armas,University of San Diego,4YR JR,Chicago Cubs,matched_exact_name,100.0,100.0,1,Ariel Armas,sa3025454,USD,university of san diego,,
2024,154.0,5.0,5,Charlie Beilenson,Duke,4YR GR,Seattle Mariners,matched_exact_name,100.0,100.0,1,Charlie Beilenson,sa3025590,DUKE,duke university,,
2024,155.0,5.0,5,Grant Shepardson,Mountain Vista HS,HS SR,Miami Marlins,no_candidate,,,0,,,,,,
2024,156.0,5.0,5,John Holobetz,Old Dominion,4YR JR,Milwaukee Brewers,matched_exact_name,100.0,100.0,1,John Holobetz,sa3034016,ODU,old dominion university,,
2024,157.0,5.0,5,Jacob Kmatz,Oregon State,4YR JR,Tampa Bay Rays,matched_exact_name,100.0,100.0,1,Jacob Kmatz,sa3035522,ORST,oregon state university,,
2024,158.0,5.0,5,Jackson Wentworth,Kansas State,4YR JR,Toronto Blue Jays,matched_exact_name,100.0,100.0,1,Jackson Wentworth,sa3045002,KSU,kansas st.,,
2024,159.0,5.0,5,Caden Kendle,University of California - Irvine,4YR SR,Minnesota Twins,matched_exact_name,100.0,100.0,1,Caden Kendle,sa3025262,UCI,"university of california, irvine",,
2024,160.0,5.0,5,Ryan Stafford,Cal Poly,4YR JR,Baltimore Orioles,matched_exact_name,100.0,100.0,1,Ryan Stafford,sa3025405,CP,california polytechnic state university,,
2024,161.0,5.0,5,Nick Montgomery,Cypress HS,HS SR,Atlanta Braves,no_candidate,,,0,,,,,,
2024,162.0,5.0,5,Carter Mathison,Indiana,4YR JR,Philadelphia Phillies,matched_exact_name,100.0,100.0,1,Carter Mathison,sa3025196,IU,indiana university,,
2024,163.0,5.0,5,Cole Hertzler,Liberty University,4YR JR,Houston Astros,matched_exact_name,100.0,100.0,1,Cole Hertzler,sa3025638,LIB,liberty university,,
2024,164.0,5.0,5,Connor Foley,Indiana,4YR SO,Arizona Diamondbacks,matched_exact_name,100.0,100.0,1,Connor Foley,sa3031511,IU,indiana university,,
2024,165.0,5.0,5,Devin Fitz-Gerald,Minnesota,HS SR,Texas Rangers,no_candidate,,,0,,,,,,
2024,166.0,6.0,6,Josiah Romeo,Mayfield SS,HS SR,Athletics,no_candidate,,,0,,,,,,
2024,167.0,6.0,6,Tanner Jones,Texas A&M,4YR JR,Kansas City Royals,no_candidate,,,0,,,,,,
2024,168.0,6.0,6,Konner Eaton,George Mason,4YR JR,Colorado Rockies,matched_exact_name,100.0,100.0,1,Konner Eaton,sa3025350,GMU,george mason university,,
2024,169.0,6.0,6,Jackson Appel,Texas A&M,4YR 5S,Chicago White Sox,matched_exact_name,100.0,100.0,1,Jackson Appel,sa3025367,TA&M,texas aandm university,,
2024,170.0,6.0,6,Davian Garcia,Florida Gulf Coast University,4YR JR,Washington Nationals,matched_exact_name,100.0,100.0,1,Davian Garcia,sa3031927,FGCU,florida gulf coast university,,
2024,171.0,6.0,6,Josh Kross,Cincinnati,4YR JR,St. Louis Cardinals,matched_exact_name,100.0,100.0,1,Josh Kross,sa3025158,CIN,university of cincinnati,,
2024,172.0,6.0,6,Peyton Olejnik,Ankeny Centennial HS,4YR JR,Los Angeles Angels,rejected_school_guard,100.0,26.7,1,,,,,Peyton Olejnik,26.7
2024,172.0,6.0,,,,,,carried_over_existing,,,0,Peyton Olejnik,sa3025492,M-OH,miami university-ohio,,
2024,173.0,6.0,6,Corey Collins,Georgia,4YR SR,New York Mets,matched_exact_name,100.0,100.0,1,Corey Collins,sa3025450,UGA,university of georgia,,
2024,174.0,6.0,6,Matt Ager,UC Santa Barbara,4YR JR,Pittsburgh Pirates,matched_exact_name,100.0,100.0,1,Matt Ager,sa3025798,UCSB,"university of california, santa barbara",,
2024,175.0,6.0,6,Caden Favors,Wichita State,4YR SR,Cleveland Guardians,matched_exact_name,100.0,100.0,1,Caden Favors,sa3025446,WICH,wichita state university,,
2024,176.0,6.0,6,Woody Hadeen,University of California - Irvine,4YR SR,Detroit Tigers,matched_exact_name,100.0,100.0,1,Woody Hadeen,sa3025602,UCI,"university of california, irvine",,
2024,177.0,6.0,6,Blake Aita,Kennesaw State,4YR SO,Boston Red Sox,matched_exact_name,100.0,100.0,1,Blake Aita,sa3025822,KENN,kennesaw state university,,
2024,178.0,6.0,6,Robert Hipwell,Santa Clara,4YR JR,San Francisco Giants,no_candidate,,,0,,,,,,
2024,179.0,6.0,6,Jacob Friend,Davidson,4YR JR,Cincinnati Reds,matched_exact_name,100.0,100.0,1,Jacob Friend,sa3031730,DAV,davidson college,,
2024,180.0,6.0,6,Darrien McDowell,University of West Florida,4YR SR,San Diego Padres,no_candidate,,,0,,,,,,
2024,181.0,6.0,6,Griffin Herring,LSU,4YR SO,New York Yankees,no_candidate,,,0,,,,,,
2024,182.0,6.0,6,Ryan Gallagher,UC Santa Barbara,4YR JR,Chicago Cubs,matched_exact_name,100.0,100.0,1,Ryan Gallagher,sa3031857,UCSB,"university of california, santa barbara",,
2024,183.0,6.0,6,Grant Knipp,Campbell University,4YR SR,Seattle Mariners,no_candidate,,,0,,,,,,
2024,184.0,6.0,6,Payton Green,Georgia Tech,4YR JR,Miami Marlins,matched_exact_name,100.0,100.0,1,Payton Green,sa3025195,GT,georgia institute of technology,,
2024,185.0,6.0,6,Chandler Welch,Tulane,4YR JR,Milwaukee Brewers,matched_exact_name,100.0,100.0,1,Chandler Welch,sa3025667,TULN,tulane university,,
2024,186.0,6.0,6,Janzen Keisel,Oklahoma State,4YR JR,Tampa Bay Rays,no_candidate,,,0,,,,,,
2024,187.0,6.0,6,Aaron Parker,UC Santa Barbara,4YR JR,Toronto Blue Jays,matched_exact_name,100.0,100.0,1,Aaron Parker,sa3025152,UCSB,"university of california, santa barbara",,
2024,188.0,6.0,6,Derek Bender,Coastal Carolina,4YR JR,Minnesota Twins,matched_exact_name,100.0,100.0,1,Derek Bender,sa3025312,CCU,coastal carolina university,,
2024,189.0,6.0,6,DJ Layton,Charlotte Christian HS,HS SR,Baltimore Orioles,no_candidate,,,0,,,,,,
2024,190.0,6.0,6,Brooks Auger,Mississippi State,4YR SR,Los Angeles Dodgers,no_candidate,,,0,,,,,,
2024,191.0,6.0,6,Ethan Bagwell,Collinsville HS,HS SR,Atlanta Braves,no_candidate,,,0,,,,,,
2024,192.0,6.0,6,Kodey Shojinaga,Kansas,4YR SO,Philadelphia Phillies,matched_exact_name,100.0,100.0,1,Kodey Shojinaga,sa3025412,KU,university of kansas,,
2024,193.0,6.0,6,Caden Powell,Seminole State,JC J2,Houston Astros,no_candidate,,,0,,,,,,
2024,194.0,6.0,6,Mason Marriott,Baylor,4YR JR,Arizona Diamondbacks,matched_exact_name,100.0,100.0,1,Mason Marriott,sa3025505,BAY,baylor university,,
2024,195.0,6.0,6,Garrett Horn,Liberty University,4YR JR,Texas Rangers,no_candidate,,,0,,,,,,
2024,196.0,7.0,7,Dylan Fien,Great Oak HS,HS SR,Athletics,no_candidate,,,0,,,,,,
2024,197.0,7.0,7,Dennis Colleran,Northeastern,4YR JR,Kansas City Royals,no_candidate,,,0,,,,,,
2024,198.0,7.0,7,Fidel Ulloa,LSU,4YR JR,Colorado Rockies,no_candidate,,,0,,,,,,
2024,199.0,7.0,7,Phil Fox,Pittsburgh,4YR JR,Chicago White Sox,no_candidate,,,0,,,,,,
2024,200.0,7.0,7,Robert Cranz,Oklahoma State,4YR JR,Washington Nationals,matched_exact_name,100.0,100.0,1,Robert Cranz,sa3025521,OKST,oklahoma state university,,
2024,201.0,7.0,7,Andrew Dutkanych IV,Vanderbilt,4YR SO,St. Louis Cardinals,no_candidate,,,0,,,,,,
2024,202.0,7.0,7,Bridger Holmes,Oregon State,4YR JR,Los Angeles Angels,no_candidate,,,0,,,,,,
2024,203.0,7.0,7,Will Watson,USC,4YR JR,New York Mets,matched_exact_name,100.0,100.0,1,Will Watson,sa3025592,USC,university of southern california,,
2024,204.0,7.0,7,Connor Wietgrefe,Minnesota,4YR JR,Pittsburgh Pirates,matched_exact_name,100.0,100.0,1,Connor Wietgrefe,sa3025401,MINN,university of minnesota,,
2024,205.0,7.0,7,Cameron Sullivan,Mt. Vernon HS,HS SR,Cleveland Guardians,no_candidate,,,0,,,,,,
2024,206.0,7.0,7,Jackson Strong,Canisius College,4YR JR,Detroit Tigers,matched_exact_name,100.0,100.0,1,Jackson Strong,sa3025551,CAN,canisius,,
2024,207.0,7.0,7,Will Turner,University of South Alabama,4YR JR,Boston Red Sox,matched_exact_name,100.0,100.0,1,Will Turner,sa3025313,USA,university of south alabama,,
2024,208.0,7.0,7,Greg Farone,Alabama,4YR SR,San Francisco Giants,matched_exact_name,100.0,100.0,1,Greg Farone,sa3031164,ALA,university of alabama,,
2024,209.0,7.0,7,Myles Smith,University of California - Irvine,4YR JR,Cincinnati Reds,matched_exact_name,100.0,100.0,1,Myles Smith,sa3042608,UCI,"university of california, irvine",,
2024,210.0,7.0,7,Kai Roberts,Utah,4YR SR,San Diego Padres,matched_exact_name,100.0,100.0,1,Kai Roberts,sa3025255,UTAH,university of utah,,
2024,211.0,7.0,7,Wyatt Parliament,Virginia Tech,4YR JR,New York Yankees,matched_exact_name,100.0,100.0,1,Wyatt Parliament,sa3039489,VT,virginia tech,,
2024,212.0,7.0,7,Ivan Brethowr,UC Santa Barbara,4YR JR,Chicago Cubs,matched_exact_name,100.0,100.0,1,Ivan Brethowr,sa3025415,UCSB,"university of california, santa barbara",,
2024,213.0,7.0,7,Brock Moore,Oregon,4YR 5S,Seattle Mariners,no_candidate,,,0,,,,,,
2024,214.0,7.0,7,Nick Brink,University of Portland,4YR SR,Miami Marlins,matched_exact_name,100.0,100.0,1,Nick Brink,sa3025653,PORT,portland state university,,
2024,215.0,7.0,7,Mason Molina,Arkansas,4YR JR,Milwaukee Brewers,matched_exact_name,100.0,100.0,1,Mason Molina,sa3025586,ARK,university of arkansas,,
2024,216.0,7.0,7,Ryan Andrade,Pittsburgh,4YR JR,Tampa Bay Rays,matched_exact_name,100.0,100.0,1,Ryan Andrade,sa3026078,PITT,university of pittsburgh,,
2024,217.0,7.0,7,Austin Cates,UNLV,4YR JR,Toronto Blue Jays,matched_exact_name,100.0,100.0,1,Austin Cates,sa3028648,UNLV,"university of nevada, las vegas",,
2024,218.0,7.0,7,Eli Jones,South Carolina,4YR JR,Minnesota Twins,matched_exact_name,100.0,100.0,1,Eli Jones,sa3034868,SC,university of south carolina,,
2024,219.0,7.0,7,Carson Dorsey,Florida State,4YR JR,Baltimore Orioles,matched_exact_name,100.0,100.0,1,Carson Dorsey,sa3025643,FSU,florida state university,,
2024,220.0,7.0,7,Elijah Hainline,Oregon State,4YR JR,Los Angeles Dodgers,matched_exact_name,100.0,100.0,1,Elijah Hainline,sa3025157,ORST,oregon state university,,
2024,221.0,7.0,7,Brett Sears,Nebraska,4YR 5S,Atlanta Braves,matched_exact_name,100.0,100.0,1,Brett Sears,sa3041892,NEB,university of nebraska–lincoln,,
2024,222.0,7.0,7,Joel Dragoo,Presbyterian College,4YR JR,Philadelphia Phillies,matched_exact_name,100.0,100.0,1,Joel Dragoo,sa3025437,PRES,presbyterian college,,
2024,223.0,7.0,7,Joseph Sullivan,University of South Alabama,4YR JR,Houston Astros,matched_exact_name,100.0,100.0,1,Joseph Sullivan,sa3025413,USA,university of south alabama,,
2024,224.0,7.0,7,Luke Craig,UNC Wilmington,4YR SR,Arizona Diamondbacks,matched_exact_name,100.0,100.0,1,Luke Craig,sa3025433,UNCW,university of north carolina at wilmington,,
2024,225.0,7.0,7,Rafe Perich,Lehigh,4YR JR,Texas Rangers,matched_exact_name,100.0,100.0,1,Rafe Perich,sa3025368,LEH,lehigh university,,
2024,226.0,8.0,8,Davis Diaz,Vanderbilt,4YR JR,Athletics,matched_exact_name,100.0,100.0,1,Davis Diaz,sa3025494,VAN,vanderbilt university,,
2024,227.0,8.0,8,Nick Conte,Duke,4YR SR,Kansas City Royals,no_candidate,,,0,,,,,,
2024,228.0,8.0,8,Luke Jewett,UCLA,4YR JR,Colorado Rockies,matched_exact_name,100.0,100.0,1,Luke Jewett,sa3034688,UCLA,"university of california, los angeles",,
2024,229.0,8.0,8,Aaron Combs,Tennessee,4YR SR,Chicago White Sox,no_candidate,,,0,,,,,,
2024,230.0,8.0,8,Sam Petersen,Iowa,4YR JR,Washington Nationals,matched_exact_name,100.0,100.0,1,Sam Petersen,sa3025609,IOWA,university of iowa,,
2024,231.0,8.0,8,Jack Findlay,Notre Dame,4YR JR,St. Louis Cardinals,no_candidate,,,0,,,,,,
2024,232.0,8.0,8,Randy Flores,Alabama St U,4YR GR,Los Angeles Angels,matched_exact_name,100.0,100.0,1,Randy Flores,sa3025366,ALST,alabama state university,,
2024,233.0,8.0,8,Ryan Lambert,Oklahoma,4YR JR,New York Mets,no_candidate,,,0,,,,,,
2024,234.0,8.0,8,Gavin Adams,Florida State,4YR JR,Pittsburgh Pirates,no_candidate,,,0,,,,,,
2024,235.0,8.0,8,Donovan Zsak,Rutgers,4YR SO,Cleveland Guardians,no_candidate,,,0,,,,,,
2024,236.0,8.0,8,Ethan Sloan,Regis U,4YR SR,Detroit Tigers,no_candidate,,,0,,,,,,
2024,237.0,8.0,8,Conrad Cason,Greater Atlanta Christian HS,HS SR,Boston Red Sox,no_candidate,,,0,,,,,,
2024,238.0,8.0,8,Niko Mazza,Southern Mississippi,4YR JR,San Francisco Giants,matched_exact_name,100.0,100.0,1,Niko Mazza,sa3037404,USM,university of southern mississippi,,
2024,239.0,8.0,8,Luke Hayden,Indiana State,4YR JR,Cincinnati Reds,matched_exact_name,100.0,100.0,1,Luke Hayden,sa3025504,INST,indiana state university,,
2024,240.0,8.0,8,Nick Wissman,U Dayton,4YR GR,San Diego Padres,matched_exact_name,100.0,100.0,1,Nick Wissman,sa3045483,DAY,university of dayton,,
2024,241.0,8.0,8,Tyler Wilson,Grand Canyon University,4YR SR,New York Yankees,matched_exact_name,100.0,100.0,1,Tyler Wilson,sa3025244,GCU,grand canyon university,,
2024,242.0,8.0,8,Edgar Alvarez,Nicholls State,4YR 5S,Chicago Cubs,matched_exact_name,100.0,100.0,1,Edgar Alvarez,sa3025269,NICH,nicholls state university,,
2024,243.0,8.0,8,Will Riley,Virginia Military Institute,4YR SR,Seattle Mariners,matched_exact_name,100.0,100.0,1,Will Riley,sa3025627,VMI,virginia military institute,,
2024,244.0,8.0,8,Jacob Jenkins-Cowart,East Carolina,4YR JR,Miami Marlins,matched_exact_name,100.0,100.0,1,Jacob Jenkins-Cowart,sa3025201,ECU,east carolina university,,
2024,245.0,8.0,8,Sam Garcia,Oklahoma State,4YR SR,Milwaukee Brewers,matched_exact_name,100.0,100.0,1,Sam Garcia,sa3031950,OKST,oklahoma state university,,
2024,246.0,8.0,8,Jayden Voelker,Northern Essex CC,JC J3,Tampa Bay Rays,no_candidate,,,0,,,,,,
2024,247.0,8.0,8,Eddie Micheletti Jr.,Virginia Tech,4YR SR,Toronto Blue Jays,matched_exact_name,100.0,100.0,1,Eddie Micheletti Jr.,sa3025311,VT,virginia tech,,
2024,248.0,8.0,8,Jakob Hall,Oral Roberts U,4YR JR,Minnesota Twins,matched_exact_name,100.0,100.0,1,Jakob Hall,sa3033030,ORU,oral roberts university,,
2024,249.0,8.0,8,Colin Tuft,Tulane,4YR JR,Baltimore Orioles,matched_exact_name,100.0,100.0,1,Colin Tuft,sa3025406,TULN,tulane university,,
2024,250.0,8.0,8,Brendan Tunink,Newman Central Catholic HS,HS SR,Los Angeles Dodgers,no_candidate,,,0,,,,,,
2024,251.0,8.0,8,Logan Samuels,University of Montevallo,4YR SR,Atlanta Braves,no_candidate,,,0,,,,,,
2024,252.0,8.0,8,Camron Hill,Georgia Tech,4YR JR,Philadelphia Phillies,no_candidate,,,0,,,,,,
2024,253.0,8.0,8,Dylan Howard,Radford,4YR SO,Houston Astros,matched_exact_name,100.0,100.0,1,Dylan Howard,sa3034164,RAD,radford university,,
2024,254.0,8.0,8,Travis Garnett,William & Mary,4YR JR,Arizona Diamondbacks,no_candidate,,,0,,,,,,
2024,255.0,8.0,8,Anthony Susac,Arizona,4YR JR,Texas Rangers,no_candidate,,,0,,,,,,
2024,256.0,9.0,9,Jared Sprague-Lott,Arkansas,4YR SR,Athletics,matched_exact_name,100.0,100.0,1,Jared Sprague-Lott,sa3042867,ARK,university of arkansas,,
2024,257.0,9.0,9,Canyon Brown,North Carolina A&T,4YR JR,Kansas City Royals,matched_exact_name,100.0,100.0,1,Canyon Brown,sa3025630,NCAT,north carolina aandt state university,,
2024,258.0,9.0,9,Tommy Hopfe,Fresno State,4YR SR,Colorado Rockies,matched_exact_name,100.0,100.0,1,Tommy Hopfe,sa3025593,FRES,fresno state university,,
2024,259.0,9.0,9,Jack Young,Iowa,4YR 5S,Chicago White Sox,no_candidate,,,0,,,,,,
2024,260.0,9.0,9,Jackson Ross,Ole Miss,4YR GR,Washington Nationals,matched_exact_name,100.0,100.0,1,Jackson Ross,sa3041172,MISS,university of mississippi,,
2024,261.0,9.0,9,Cade McGee,Texas Tech,4YR JR,St. Louis Cardinals,matched_exact_name,100.0,100.0,1,Cade McGee,sa3025153,TTU,texas tech university,,
2024,262.0,9.0,9,Derek Clark,West Virginia,4YR SR,Los Angeles Angels,matched_exact_name,100.0,100.0,1,Derek Clark,sa3025183,WVU,west virginia university,,
2024,263.0,9.0,9,Jaxon Jelkin,Houston,4YR JR,New York Mets,no_candidate,,,0,,,,,,
2024,264.0,9.0,9,Duce Gourson,UCLA,4YR JR,Pittsburgh Pirates,matched_exact_name,100.0,100.0,1,Duce Gourson,sa3025248,UCLA,"university of california, los angeles",,
2024,265.0,9.0,9,Sean Matson,Harvard,4YR JR,Cleveland Guardians,matched_exact_name,100.0,100.0,1,Sean Matson,sa3037314,HARV,harvard university,,
2024,266.0,9.0,9,Zach Swanson,Toutle Lake HS,HS SR,Detroit Tigers,no_candidate,,,0,,,,,,
2024,267.0,9.0,9,Hudson White,Arkansas,4YR JR,Boston Red Sox,matched_exact_name,100.0,100.0,1,Hudson White,sa3025357,ARK,university of arkansas,,
2024,268.0,9.0,9,Zane Zielinski,University of Illinois at Chicago,4YR SR,San Francisco Giants,matched_exact_name,100.0,100.0,1,Zane Zielinski,sa3045857,UIC,university of illinois at chicago,,
2024,269.0,9.0,9,Ryan McCrystal,East Carolina,4YR JR,Cincinnati Reds,matched_exact_name,100.0,100.0,1,Ryan McCrystal,sa3025334,ECU,east carolina university,,
2024,270.0,9.0,9,Zach Evans,Lenoir-Rhyne U,4YR SR,San Diego Padres,no_candidate,,,0,,,,,,
2024,271.0,9.0,9,Tanner Bauman,Auburn,4YR SR,New York Yankees,no_candidate,,,0,,,,,,
2024,272.0,9.0,9,Brooks Caple,Lamar University,4YR SR,Chicago Cubs,matched_exact_name,100.0,100.0,1,Brooks Caple,sa3028388,LAM,lamar university,,
2024,273.0,9.0,9,Aiden Butler,Polk State College,JC J2,Seattle Mariners,no_candidate,,,0,,,,,,
2024,274.0,9.0,9,Dub Gleed,University of California - Irvine,4YR JR,Miami Marlins,matched_exact_name,100.0,100.0,1,Dub Gleed,sa3032302,UCI,"university of california, irvine",,
2024,275.0,9.0,9,Griffin Tobias,Lake Central HS,HS SR,Milwaukee Brewers,no_candidate,,,0,,,,,,
2024,276.0,9.0,9,Garrett Gainey,South Carolina,4YR 5S,Tampa Bay Rays,matched_exact_name,100.0,100.0,1,Garrett Gainey,sa3025668,SC,university of south carolina,,
2024,277.0,9.0,9,Colby Holcombe,Mississippi State,4YR JR,Toronto Blue Jays,no_candidate,,,0,,,,,,
2024,278.0,9.0,9,Jason Doktorczyk,Nevada,4YR JR,Minnesota Twins,matched_exact_name,100.0,100.0,1,Jason Doktorczyk,sa3030419,NEV,"university of nevada, reno",,
2024,279.0,9.0,9,Jack Crowder,Illinois,4YR SR,Baltimore Orioles,matched_exact_name,100.0,100.0,1,Jack Crowder,sa3029607,ILL,university of illinois,,
2024,280.0,9.0,9,Kole Myers,Troy University,4YR 5S,Los Angeles Dodgers,matched_exact_name,100.0,100.0,1,Kole Myers,sa3038641,TROY,troy university,,
2024,281.0,9.0,9,Owen Hackman,Loyola Marymount University,4YR SR,Atlanta Braves,matched_exact_name,100.0,100.0,1,Owen Hackman,sa3025349,LMU,loyola marymount university,,
2024,282.0,9.0,9,Marcus Morgan,Iowa,4YR JR,Philadelphia Phillies,matched_exact_name,100.0,100.0,1,Marcus Morgan,sa3038363,IOWA,university of iowa,,
2024,283.0,9.0,9,Ryan Smith,University of Illinois at Chicago,4YR JR,Houston Astros,rejected_fuzzy_school_guard,85.7,36.4,2,,,,,Dylan Smith,36.4
2024,284.0,9.0,9,Ben McLaughlin,Arkansas,4YR SR,Arizona Diamondbacks,matched_exact_name,100.0,100.0,1,Ben McLaughlin,sa3025256,ARK,university of arkansas,,
2024,285.0,9.0,9,Keith Jones II,New Mexico State,4YR SR,Texas Rangers,matched_exact_name,100.0,100.0,1,Keith Jones II,sa3025629,NMSU,new mexico state university,,
2024,286.0,10.0,10,Cameron Leary,Boston College,4YR SR,Athletics,matched_exact_name,100.0,100.0,1,Cameron Leary,sa3025469,BC,boston college,,
2024,287.0,10.0,10,Nate Ackenhausen,LSU,4YR SR,Kansas City Royals,no_candidate,,,0,,,,,,
2024,288.0,10.0,10,Fisher Jameson,Florida,4YR JR,Colorado Rockies,matched_exact_name,100.0,100.0,1,Fisher Jameson,sa3034551,FLA,university of florida,,
2024,289.0,10.0,10,Cole McConnell,Louisiana Tech,4YR 5S,Chicago White Sox,matched_exact_name,100.0,100.0,1,Cole McConnell,sa3037490,LT,louisiana tech university,,
2024,290.0,10.0,10,Luke Johnson,University of Maryland-Baltimore County,4YR SR,Washington Nationals,matched_exact_name,100.0,100.0,1,Luke Johnson,sa3034784,UMBC,"university of maryland, baltimore county",,
2024,291.0,10.0,10,Bryce Madron,Oklahoma,4YR SR,St. Louis Cardinals,matched_exact_name,100.0,100.0,1,Bryce Madron,sa3025156,OU,university of oklahoma,,
2024,292.0,10.0,10,Ryan Nicholson,Kentucky,4YR 5S,Los Angeles Angels,matched_exact_name,100.0,100.0,1,Ryan Nicholson,sa3025167,UK,university of kentucky,,
2024,293.0,10.0,10,Brendan Girton,Oklahoma,4YR SR,New York Mets,no_candidate,,,0,,,,,,
2024,294.0,10.0,10,Derek Berg,Army West Point,4YR SR,Pittsburgh Pirates,matched_exact_name,100.0,100.0,1,Derek Berg,sa3025263,ARMY,united states military academy,,
2024,295.0,10.0,10,Chase Mobley,Durant HS,HS SR,Cleveland Guardians,no_candidate,,,0,,,,,,
2024,296.0,10.0,10,R.J. Sales,UNC Wilmington,4YR JR,Detroit Tigers,matched_exact_name,100.0,100.0,1,R.J. Sales,sa3041437,UNCW,university of north carolina at wilmington,,
2024,297.0,10.0,10,Devin Futrell,Vanderbilt,4YR JR,Boston Red Sox,no_candidate,,,0,,,,,,
2024,298.0,10.0,10,Cade Vernon,Murray State University,4YR SR,San Francisco Giants,matched_exact_name,100.0,100.0,1,Cade Vernon,sa3044462,MUR,murray state university,,
2024,299.0,10.0,10,Yanuel Casiano,Academia Deportiva Albergue Olimpico,HS SR,Cincinnati Reds,no_candidate,,,0,,,,,,
2024,300.0,10.0,10,Jack Costello,University of San Diego,4YR SR,San Diego Padres,matched_exact_name,100.0,100.0,1,Jack Costello,sa3025242,USD,university of san diego,,
2024,301.0,10.0,10,Joe Delossantos,William & Mary,4YR 5S,New York Yankees,matched_exact_name,100.0,100.0,1,Joe Delossantos,sa3025184,W&M,william and mary,,
2024,302.0,10.0,10,Matt Halbach,UC San Diego,4YR JR,Chicago Cubs,no_candidate,,,0,,,,,,
2024,303.0,10.0,10,Anthony Donofrio,North Carolina,4YR GR,Seattle Mariners,matched_exact_name,100.0,100.0,1,Anthony Donofrio,sa3025266,UNC,university of north carolina at chapel hill,,
2024,304.0,10.0,10,Michael Snyder,Oklahoma,4YR SR,Miami Marlins,matched_exact_name,100.0,100.0,1,Michael Snyder,sa3025194,OU,university of oklahoma,,
2024,305.0,10.0,10,Ethan Dorchies,Cary-Grove HS,HS SR,Milwaukee Brewers,no_candidate,,,0,,,,,,
2024,306.0,10.0,10,Trey Pooser,Kentucky,4YR GR,Tampa Bay Rays,matched_exact_name,100.0,100.0,1,Trey Pooser,sa3040077,UK,university of kentucky,,
2024,307.0,10.0,10,Carter Cunningham,East Carolina,4YR GR,Toronto Blue Jays,matched_exact_name,100.0,100.0,1,Carter Cunningham,sa3025170,ECU,east carolina university,,
2024,308.0,10.0,10,Peyton Carr,High Point University,4YR SR,Minnesota Twins,no_candidate,,,0,,,,,,
2024,309.0,10.0,10,Christian Rodriguez,Cal State Fullerton,4YR SR,Baltimore Orioles,matched_exact_name,100.0,100.0,1,Christian Rodriguez,sa3040970,CSUF,"california state university, fullerton",,
2024,310.0,10.0,10,Seamus Barrett,Loyola Marymount University,4YR SR,Los Angeles Dodgers,matched_exact_name,100.0,100.0,1,Seamus Barrett,sa3025477,LMU,loyola marymount university,,
2024,311.0,10.0,10,Jacob Kroeger,Maryville U,4YR 5S,Atlanta Braves,no_candidate,,,0,,,,,,
2024,312.0,10.0,10,Brady Day,Kansas State,4YR SR,Philadelphia Phillies,matched_exact_name,100.0,100.0,1,Brady Day,sa3025200,KSU,kansas st.,,
2024,313.0,10.0,10,Ramsey David,Southeastern University,4YR SR,Houston Astros,no_candidate,,,0,,,,,,
2024,314.0,10.0,10,Trent Youngblood,Transylvania University,4YR SR,Arizona Diamondbacks,no_candidate,,,0,,,,,,
2024,315.0,10.0,10,Jake Jekielek,Northwood University,4YR SR,Texas Rangers,no_candidate,,,0,,,,,,
2024,316.0,11.0,11,Kyle Robinson,Texas Tech,4YR JR,Athletics,matched_exact_name,100.0,100.0,1,Kyle Robinson,sa3025537,TTU,texas tech university,,
2024,317.0,11.0,11,Zachary Cawyer,TCU,4YR JR,Kansas City Royals,no_candidate,,,0,,,,,,
2024,318.0,11.0,11,Alan Espinal,Vanderbilt,4YR SR,Colorado Rockies,matched_exact_name,100.0,100.0,1,Alan Espinal,sa3031022,VAN,vanderbilt university,,
2024,319.0,11.0,11,Blake Shepardson,University of San Francisco,4YR JR,Chicago White Sox,no_candidate,,,0,,,,,,
2024,320.0,11.0,11,Merritt Beeker,Ball State,4YR JR,Washington Nationals,matched_exact_name,100.0,100.0,1,Merritt Beeker,sa3025506,BALL,ball state university,,
2024,321.0,11.0,11,Jon Jon Gazdar,Austin Peay,4YR SR,St. Louis Cardinals,matched_exact_name,100.0,100.0,1,Jon Jon Gazdar,sa3025160,APSU,austin peay state university,,
2024,322.0,11.0,11,Trey Gregory-Alford,Coronado HS,HS SR,Los Angeles Angels,no_candidate,,,0,,,,,,
2024,323.0,11.0,11,Nick Roselli,Binghamton University,4YR JR,New York Mets,no_candidate,,,0,,,,,,
2024,324.0,11.0,11,Jacob Bimbi,Western Kentucky,4YR SR,Pittsburgh Pirates,matched_exact_name,100.0,100.0,1,Jacob Bimbi,sa3025547,WKU,western kentucky university,,
2024,325.0,11.0,11,Garrett Howe,Samford University,4YR SR,Cleveland Guardians,matched_exact_name,100.0,100.0,1,Garrett Howe,sa3025441,SAM,samford,,
2024,326.0,11.0,11,Micah Ashman,Utah,4YR JR,Detroit Tigers,no_candidate,,,0,,,,,,
2024,327.0,11.0,11,Steven Brooks,Cal Poly,4YR JR,Boston Red Sox,matched_exact_name,100.0,100.0,1,Steven Brooks,sa3027770,CP,california polytechnic state university,,
2024,328.0,11.0,11,Andy Polanco,Central Pointe Christian Academy,HS SR,San Francisco Giants,no_candidate,,,0,,,,,,
2024,329.0,11.0,11,Edgar Colon,Felix Varela Senior HS,HS SR,Cincinnati Reds,no_candidate,,,0,,,,,,
2024,330.0,11.0,11,Sean Barnett,Wingate,4YR JR,San Diego Padres,no_candidate,,,0,,,,,,
2024,331.0,11.0,11,Mack Estrada,Northwest Florida State,JC J1,New York Yankees,no_candidate,,,0,,,,,,
2024,332.0,11.0,11,Eli Lovich,Blue Valley West HS,HS SR,Chicago Cubs,no_candidate,,,0,,,,,,
2024,333.0,11.0,11,Christian Little,LSU,4YR SR,Seattle Mariners,no_candidate,,,0,,,,,,
2024,334.0,11.0,11,Jake Faherty,Arkansas,4YR JR,Miami Marlins,no_candidate,,,0,,,,,,
2024,335.0,11.0,11,Caedmon Parker,TCU,4YR JR,Milwaukee Brewers,no_candidate,,,0,,,,,,
2024,336.0,11.0,11,Cade Citelli,Houston,4YR SR,Tampa Bay Rays,no_candidate,,,0,,,,,,
2024,337.0,11.0,11,Troy Guthrie,Parrish Community HS,HS SR,Toronto Blue Jays,no_candidate,,,0,,,,,,
2024,338.0,11.0,11,Michael Carpenter,Madison College,JC J2,Minnesota Twins,rejected_fuzzy_school_guard,97.1,40.0,1,,,,,Michael Carpentier,40.0
2024,339.0,11.0,11,Sebastian Gongora,Louisville,4YR SR,Baltimore Orioles,matched_exact_name,100.0,100.0,1,Sebastian Gongora,sa3025644,LOU,university of louisville,,
2024,340.0,11.0,11,Aidan Foeller,Southern Illinois University Carbondale,4YR SR,Los Angeles Dodgers,matched_exact_name,100.0,100.0,1,Aidan Foeller,sa3025616,SIU,southern illinois university,,
2024,341.0,11.0,11,Patrick Clohisy,St. Louis University,4YR SR,Atlanta Braves,matched_exact_name,100.0,100.0,1,Patrick Clohisy,sa3025223,SLU,saint louis university,,
2024,342.0,11.0,11,Titan Kennedy-Hayes,Austin Peay,4YR SR,Philadelphia Phillies,no_candidate,,,0,,,,,,
2024,343.0,11.0,11,Jason Schiavone,James Madison University,4YR JR,Houston Astros,matched_exact_name,100.0,100.0,1,Jason Schiavone,sa3025370,JMU,james madison university,,
2024,344.0,11.0,11,Bo Walker,Starrs Mill HS,HS SR,Arizona Diamondbacks,no_candidate,,,0,,,,,,
2024,345.0,11.0,11,Dalton Pence,North Carolina,4YR JR,Texas Rangers,matched_exact_name,100.0,100.0,1,Dalton Pence,sa3039663,UNC,university of north carolina at chapel hill,,
2024,346.0,12.0,12,Ali Camarillo,Texas A&M,4YR JR,Athletics,matched_exact_name,100.0,100.0,1,Ali Camarillo,sa3028297,TA&M,texas aandm university,,
2024,347.0,12.0,12,Tommy Molsky,Oklahoma State,4YR JR,Kansas City Royals,no_candidate,,,0,,,,,,
2024,348.0,12.0,12,Everett Catlett,Georgetown,4YR SR,Colorado Rockies,matched_exact_name,100.0,100.0,1,Everett Catlett,sa3028650,GTWN,georgetown university,,
2024,349.0,12.0,12,Nathan Archer,Bowling Green,4YR JR,Chicago White Sox,matched_exact_name,100.0,100.0,1,Nathan Archer,sa3025314,BGSU,bowling green state university,,
2024,350.0,12.0,12,Alexander Meckley,Coastal Carolina,4YR JR,Washington Nationals,matched_exact_name,100.0,100.0,1,Alexander Meckley,sa3025591,CCU,coastal carolina university,,
2024,351.0,12.0,12,Ian Petrutz,Alabama,4YR JR,St. Louis Cardinals,matched_exact_name,100.0,100.0,1,Ian Petrutz,sa3025159,ALA,university of alabama,,
2024,352.0,12.0,12,Fran Oschell III,Fresno Pacific,4YR JR,Los Angeles Angels,no_candidate,,,0,,,,,,
2024,353.0,12.0,12,Ethan Lanthier,Kansas,4YR JR,New York Mets,no_candidate,,,0,,,,,,
2024,354.0,12.0,12,Camden Janik,Illinois,4YR JR,Pittsburgh Pirates,matched_exact_name,100.0,100.0,1,Camden Janik,sa3034572,ILL,university of illinois,,
2024,355.0,12.0,12,Sean Heppner,University of British Columbia,4YR SR,Cleveland Guardians,no_candidate,,,0,,,,,,
2024,356.0,12.0,12,Jude Warwick,Downers Grove North HS,HS SR,Detroit Tigers,no_candidate,,,0,,,,,,
2024,357.0,12.0,12,Brady Tygart,Arkansas,4YR JR,Boston Red Sox,matched_exact_name,100.0,100.0,1,Brady Tygart,sa3044198,ARK,university of arkansas,,
2024,358.0,12.0,12,Zander Darby,UC Santa Barbara,4YR JR,San Francisco Giants,matched_exact_name,100.0,100.0,1,Zander Darby,sa3025549,UCSB,"university of california, santa barbara",,
2024,359.0,12.0,12,Will Cannon,Auburn,4YR JR,Cincinnati Reds,no_candidate,,,0,,,,,,
2024,360.0,12.0,12,Brandon Butterworth,NC State,4YR JR,San Diego Padres,matched_exact_name,100.0,100.0,1,Brandon Butterworth,sa3025264,NCSU,north carolina state university,,
2024,361.0,12.0,12,Brendan Jones,Kansas State,4YR JR,New York Yankees,matched_exact_name,100.0,100.0,1,Brendan Jones,sa3025253,KSU,kansas st.,,
2024,362.0,12.0,12,Daniel Avitia,Grand Canyon University,4YR JR,Chicago Cubs,rejected_fuzzy_school_guard,88.9,29.6,1,,,,,Daniel Gaviria,29.6
2024,363.0,12.0,12,Evan Truitt,Charleston Southern,4YR JR,Seattle Mariners,matched_exact_name,100.0,100.0,1,Evan Truitt,sa3025236,CHSO,charleston southern university,,
2024,364.0,12.0,12,Connor Caskenette,Purdue,4YR SR,Miami Marlins,matched_exact_name,100.0,100.0,1,Connor Caskenette,sa3025240,PUR,purdue university,,
2024,365.0,12.0,12,Tyson Hardin,Mississippi State,4YR SR,Milwaukee Brewers,no_candidate,,,0,,,,,,
2024,366.0,12.0,12,Jack Lines,TNXL Academy,HS SR,Tampa Bay Rays,rejected_fuzzy_school_guard,90.0,17.4,1,,,,,Jack Cline,17.4
2024,367.0,12.0,12,Carson Messina,Summerville HS,HS SR,Toronto Blue Jays,no_candidate,,,0,,,,,,
2024,368.0,12.0,12,Christian Becerra,California,4YR JR,Minnesota Twins,matched_exact_name,100.0,100.0,1,Christian Becerra,sa3025606,CAL,"university of california, berkeley",,
2024,369.0,12.0,12,Andrew Tess,Calvary Christian HS,HS SR,Baltimore Orioles,no_candidate,,,0,,,,,,
2024,370.0,12.0,12,Cody Morse,Weatherford College,JC J3,Los Angeles Dodgers,no_candidate,,,0,,,,,,
2024,371.0,12.0,12,Cayman Goode,Douglas S. Freeman School,HS SR,Atlanta Braves,no_candidate,,,0,,,,,,
2024,372.0,12.0,12,A.J. Wilson,UNC Charlotte,4YR GR,Philadelphia Phillies,matched_exact_name,100.0,100.0,1,A.J. Wilson,sa3025461,CLT,university of north carolina at charlotte,,
2024,373.0,12.0,12,Ryan Verdugo,CSU Bakersfield,4YR JR,Houston Astros,matched_exact_name,100.0,100.0,1,Ryan Verdugo,sa3044453,CSUB,"california state university, bakersfield",,
2024,374.0,12.0,12,John West,Boston College,4YR SR,Arizona Diamondbacks,matched_exact_name,100.0,100.0,1,John West,sa3045033,BC,boston college,,
2024,375.0,12.0,12,Josh Springer,Corona Senior HS,HS SR,Texas Rangers,no_candidate,,,0,,,,,,
2024,376.0,13.0,13,Riley Huge,Winthrop,4YR SR,Athletics,matched_exact_name,100.0,100.0,1,Riley Huge,sa3034253,WIN,winthrop university,,
2024,377.0,13.0,13,Sam Kulasingam,Air Force,4YR SR,Kansas City Royals,matched_exact_name,100.0,100.0,1,Sam Kulasingam,sa3025316,AFA,united states air force academy,,
2024,378.0,13.0,13,Justin Loer,LSU,4YR JR,Colorado Rockies,no_candidate,,,0,,,,,,
2024,379.0,13.0,13,Pierce George,Alabama,4YR SO,Chicago White Sox,no_candidate,,,0,,,,,,
2024,380.0,13.0,13,Bryant Olson,Duke,4YR JR,Washington Nationals,no_candidate,,,0,,,,,,
2024,381.0,13.0,13,Nolan Sparks,University of Rochester,4YR SR,St. Louis Cardinals,no_candidate,,,0,,,,,,
2024,382.0,13.0,13,Fulton Lockhart,Central Florida,JC J2,Los Angeles Angels,no_candidate,,,0,,,,,,
2024,383.0,13.0,13,R.J. Gordon,Oregon,4YR SR,New York Mets,matched_exact_name,100.0,100.0,1,R.J. Gordon,sa3032485,ORE,university of oregon,,
2024,384.0,13.0,13,Matt McShane,Saint Joseph's,4YR JR,Pittsburgh Pirates,no_candidate,,,0,,,,,,
2024,385.0,13.0,13,Bennett Thompson,Oregon,4YR JR,Cleveland Guardians,matched_exact_name,100.0,100.0,1,Bennett Thompson,sa3025451,ORE,university of oregon,,
2024,386.0,13.0,13,Lucas Elissalt,Chipola College,JC J2,Detroit Tigers,no_candidate,,,0,,,,,,
2024,387.0,13.0,13,Shea Sprague,North Carolina,4YR JR,Boston Red Sox,matched_exact_name,100.0,100.0,1,Shea Sprague,sa3042868,UNC,university of north carolina at chapel hill,,
2024,388.0,13.0,13,Drake George,Lewis-Clark State,4YR SR,San Francisco Giants,no_candidate,,,0,,,,,,
2024,389.0,13.0,13,Anthony Stephan,Virginia,4YR JR,Cincinnati Reds,matched_exact_name,100.0,100.0,1,Anthony Stephan,sa3043041,UVA,university of virginia,,
2024,390.0,13.0,13,Matthew Watson,Texas A&M - Corpus Christi,4YR SR,San Diego Padres,matched_exact_name,100.0,100.0,1,Matthew Watson,sa3044862,AMCC,texas aandm university corpus christi,,
2024,391.0,13.0,13,Dillon Lewis,Queens University of Charlotte,4YR JR,New York Yankees,matched_exact_name,100.0,100.0,1,Dillon Lewis,sa3025515,QUC,queens university of charlotte,,
2024,392.0,13.0,13,Evan Aschenbeck,Texas A&M,4YR SR,Chicago Cubs,matched_exact_name,100.0,100.0,1,Evan Aschenbeck,sa3026253,TA&M,texas aandm university,,
2024,393.0,13.0,13,Brandon Eike,VCU,4YR SR,Seattle Mariners,matched_exact_name,100.0,100.0,1,Brandon Eike,sa3025243,VCU,virginia commonwealth university,,
2024,394.0,13.0,13,Cody Schrier,UCLA,4YR JR,Miami Marlins,matched_exact_name,100.0,100.0,1,Cody Schrier,sa3041782,UCLA,"university of california, los angeles",,
2024,395.0,13.0,13,Joey Broughton,Northville HS,HS SR,Milwaukee Brewers,no_candidate,,,0,,,,,,
2024,396.0,13.0,13,Connor Hujsak,Mississippi State,4YR SR,Tampa Bay Rays,matched_exact_name,100.0,100.0,1,Connor Hujsak,sa3025393,MSST,mississippi state university,,
2024,397.0,13.0,13,Brock Tibbitts,Indiana,4YR JR,Toronto Blue Jays,matched_exact_name,100.0,100.0,1,Brock Tibbitts,sa3025171,IU,indiana university,,
2024,398.0,13.0,13,Xavier Kolhosser,St Johns U,4YR JR,Minnesota Twins,matched_exact_name,100.0,94.1,1,Xavier Kolhosser,sa3035617,SJU,st. john's university,,
2024,399.0,13.0,13,Brandon Downer,California Baptist University,4YR JR,Baltimore Orioles,matched_exact_name,100.0,100.0,1,Brandon Downer,sa3030530,CBU,california baptist university,,
2024,400.0,13.0,13,Mike Villani,Long Beach State,4YR JR,Los Angeles Dodgers,no_candidate,,,0,,,,,,
2024,401.0,13.0,13,Colby Jones,Northwest Florida St Col,JC J2,Atlanta Braves,no_candidate,,,0,,,,,,
2024,402.0,13.0,13,Tegan Cain,Kansas,4YR JR,Philadelphia Phillies,no_candidate,,,0,,,,,,
2024,403.0,13.0,13,Bryce Boettcher,Oregon,4YR SR,Houston Astros,matched_exact_name,100.0,100.0,1,Bryce Boettcher,sa3027315,ORE,university of oregon,,
2024,404.0,13.0,13,Kyle Ayers,TCU,4YR JR,Arizona Diamondbacks,no_candidate,,,0,,,,,,
2024,405.0,13.0,13,Aidan Deakins,Wabash Valley College,JC J2,Texas Rangers,no_candidate,,,0,,,,,,
2024,406.0,14.0,14,Ryan Magdic,Missouri,4YR GR,Athletics,no_candidate,,,0,,,,,,
2024,407.0,14.0,14,Kyle DeGroat,Wallkill Senior HS,HS SR,Kansas City Royals,no_candidate,,,0,,,,,,
2024,408.0,14.0,14,Sam Gerth,Navarro College,JC J1,Colorado Rockies,no_candidate,,,0,,,,,,
2024,409.0,14.0,14,Justin Sinibaldi,Rutgers,4YR SR,Chicago White Sox,matched_exact_name,100.0,100.0,1,Justin Sinibaldi,sa3025524,RUTG,rutgers university,,
2024,410.0,14.0,14,Yoel Tejeda Jr.,Florida State,4YR SO,Washington Nationals,no_candidate,,,0,,,,,,
2024,411.0,14.0,14,Mason Burns,Western Kentucky,4YR SR,St. Louis Cardinals,no_candidate,,,0,,,,,,
2024,412.0,14.0,14,Najer Victor,Central Florida,4YR SR,Los Angeles Angels,no_candidate,,,0,,,,,,
2024,413.0,14.0,14,Tanner Witt,Texas,4YR SR,New York Mets,no_candidate,,,0,,,,,,
2024,414.0,14.0,14,Ian Farrow,Florida Gulf Coast University,4YR SR,Pittsburgh Pirates,matched_exact_name,100.0,100.0,1,Ian Farrow,sa3031177,FGCU,florida gulf coast university,,
2024,415.0,14.0,14,Ryan Cesarini,Saint Joseph's,4YR JR,Cleveland Guardians,matched_exact_name,100.0,100.0,1,Ryan Cesarini,sa3025440,JOES,st. joseph's university,,
2024,416.0,14.0,14,Preston Howey,St. Mary's College,4YR SR,Detroit Tigers,no_candidate,,,0,,,,,,
2024,417.0,14.0,14,Alex Bouchard,Lehigh,4YR JR,Boston Red Sox,no_candidate,,,0,,,,,,
2024,418.0,14.0,14,Jeremiah Jenkins,University of Maine,4YR JR,San Francisco Giants,matched_exact_name,100.0,100.0,1,Jeremiah Jenkins,sa3025550,ME,university of maine,,
2024,419.0,14.0,14,Adrian Areizaga,Leadership Christian Academy,HS SR,Cincinnati Reds,no_candidate,,,0,,,,,,
2024,420.0,14.0,14,Brendan Durfee,UC Santa Barbara,4YR JR,San Diego Padres,matched_exact_name,100.0,100.0,1,Brendan Durfee,sa3025268,UCSB,"university of california, santa barbara",,
2024,421.0,14.0,14,Austin Green,Texas Tech,4YR 5S,New York Yankees,matched_exact_name,100.0,100.0,1,Austin Green,sa3025258,TTU,texas tech university,,
2024,422.0,14.0,14,Cameron Sisneros,East Tennessee State,4YR SR,Chicago Cubs,matched_exact_name,100.0,100.0,1,Cameron Sisneros,sa3025564,ETSU,east tennessee state university,,
2024,423.0,14.0,14,Austin St. Laurent,Appalachian State,4YR SR,Seattle Mariners,matched_exact_name,100.0,100.0,1,Austin St. Laurent,sa3025241,APP,appalachian state university,,
2024,424.0,14.0,14,Cam Clayton,Washington,4YR JR,Miami Marlins,matched_exact_name,100.0,100.0,1,Cam Clayton,sa3025610,WASH,university of washington,,
2024,425.0,14.0,14,James Nunnallee,Lightridge HS,HS SR,Milwaukee Brewers,no_candidate,,,0,,,,,,
2024,426.0,14.0,14,Ryan Schiefer,Arizona State,4YR JR,Tampa Bay Rays,no_candidate,,,0,,,,,,
2024,427.0,14.0,14,J.R. Freethy,Nevada,4YR JR,Toronto Blue Jays,matched_exact_name,100.0,100.0,1,J.R. Freethy,sa3025310,NEV,"university of nevada, reno",,
2024,428.0,14.0,14,Jacob Kisting,Bradley University,4YR JR,Minnesota Twins,no_candidate,,,0,,,,,,
2024,429.0,14.0,14,Cohen Achen,Lindsey Wilson Col,4YR 5S,Baltimore Orioles,no_candidate,,,0,,,,,,
2024,430.0,14.0,14,Will Gagnon,Reedley College,JC J2,Los Angeles Dodgers,no_candidate,,,0,,,,,,
2024,431.0,14.0,14,Mason Guerra,Oregon State,4YR JR,Atlanta Braves,matched_exact_name,100.0,100.0,1,Mason Guerra,sa3025222,ORST,oregon state university,,
2024,432.0,14.0,14,Jared Spencer,Indiana State,4YR JR,Philadelphia Phillies,matched_exact_name,100.0,100.0,1,Jared Spencer,sa3042828,INST,indiana state university,,
2024,433.0,14.0,14,Ryan Mathiesen,The Master's University,4YR JR,Houston Astros,no_candidate,,,0,,,,,,
2024,434.0,14.0,14,Braden Quinn,Connecticut,4YR JR,Arizona Diamondbacks,no_candidate,,,0,,,,,,
2024,435.0,14.0,14,Ben Hartl,Kansas,4YR JR,Texas Rangers,matched_exact_name,100.0,100.0,1,Ben Hartl,sa3025364,KU,university of kansas,,
2024,436.0,15.0,15,Blake Hammond,Santa Clara,4YR JR,Athletics,matched_exact_name,100.0,100.0,1,Blake Hammond,sa3033097,SCU,santa clara university,,
2024,437.0,15.0,15,Tyler Davis,Mississippi State,4YR SR,Kansas City Royals,no_candidate,,,0,,,,,,
2024,438.0,15.0,15,Luke Thelen,Western Michigan,4YR JR,Colorado Rockies,no_candidate,,,0,,,,,,
2024,439.0,15.0,15,Mason Moore,Kentucky,4YR JR,Chicago White Sox,matched_exact_name,100.0,100.0,1,Mason Moore,sa3025637,UK,university of kentucky,,
2024,440.0,15.0,15,Sir Jamison Jones,St. Rita HS,HS SR,Washington Nationals,no_candidate,,,0,,,,,,
2024,441.0,15.0,15,Sam Brodersen,Louisiana Tech,4YR SR,St. Louis Cardinals,matched_exact_name,100.0,100.0,1,Sam Brodersen,sa3027731,LT,louisiana tech university,,
2024,442.0,15.0,15,Balian Caraballo,Reborn Christian Academy,HS SR,Los Angeles Angels,no_candidate,,,0,,,,,,
2024,443.0,15.0,15,Owen Woodward,U Houston,4YR SR,New York Mets,no_candidate,,,0,,,,,,
2024,444.0,15.0,15,Ethan Lege,Ole Miss,4YR 5S,Pittsburgh Pirates,matched_exact_name,100.0,100.0,1,Ethan Lege,sa3025470,MISS,university of mississippi,,
2024,445.0,15.0,15,Conner Whittaker,Florida State,4YR JR,Cleveland Guardians,matched_exact_name,100.0,100.0,1,Conner Whittaker,sa3045152,FSU,florida state university,,
2024,446.0,15.0,15,Zach MacDonald,Miami University,4YR JR,Detroit Tigers,matched_exact_name,100.0,100.0,1,Zach MacDonald,sa3025604,M-OH,miami university-ohio,,
2024,447.0,15.0,15,Joey Gartrell,University of Portland,4YR JR,Boston Red Sox,no_candidate,,,0,,,,,,
2024,448.0,15.0,15,Evan Gray,St. Louis University,4YR 5S,San Francisco Giants,no_candidate,,,0,,,,,,
2024,449.0,15.0,15,Jordan Little,Virginia Tech,4YR JR,Cincinnati Reds,no_candidate,,,0,,,,,,
2024,450.0,15.0,15,Tanner Smith,Harvard,4YR JR,San Diego Padres,no_candidate,,,0,,,,,,
2024,451.0,15.0,15,Marshall Toole,Wofford,4YR JR,New York Yankees,matched_exact_name,100.0,100.0,1,Marshall Toole,sa3025270,WOF,wofford college,,
2024,452.0,15.0,15,Hayden Frank,Lipscomb University,4YR JR,Chicago Cubs,no_candidate,,,0,,,,,,
2024,453.0,15.0,15,Thomas Higgins Jr.,Georgia Southern,4YR JR,Seattle Mariners,matched_exact_name,100.0,100.0,1,Thomas Higgins Jr.,sa3033794,GASO,georgia southern university,,
2024,454.0,15.0,15,Coen Niclai,Robert Service HS,HS SR,Miami Marlins,no_candidate,,,0,,,,,,
2024,455.0,15.0,15,Travis Smith,Kentucky,4YR JR,Milwaukee Brewers,no_candidate,,,0,,,,,,
2024,456.0,15.0,15,Derek Datil,Antonio Lucchetti HS,HS SR,Tampa Bay Rays,no_candidate,,,0,,,,,,
2024,457.0,15.0,15,Jonathan Todd,Western Carolina U,4YR SR,Toronto Blue Jays,no_candidate,,,0,,,,,,
2024,458.0,15.0,15,Cole Peschl,Campbell U,4YR JR,Minnesota Twins,matched_exact_name,100.0,100.0,1,Cole Peschl,sa3039760,CAM,campbell university,,
2024,459.0,15.0,15,Carter Rustad,Missouri,4YR 5S,Baltimore Orioles,matched_exact_name,100.0,100.0,1,Carter Rustad,sa3041350,MIZ,university of missouri,,
2024,460.0,15.0,15,Erik Parker,North Gwinnett HS,HS SR,Los Angeles Dodgers,no_candidate,,,0,,,,,,
2024,461.0,15.0,15,Owen Carey,Londonderry HS,HS SR,Atlanta Braves,no_candidate,,,0,,,,,,
2024,462.0,15.0,15,Luke Gabrysh,Saint Joseph's,4YR JR,Philadelphia Phillies,no_candidate,,,0,,,,,,
2024,463.0,15.0,15,Drew Vogel,Murray State University,4YR SR,Houston Astros,matched_exact_name,100.0,100.0,1,Drew Vogel,sa3025369,MUR,murray state university,,
2024,464.0,15.0,15,Rocco Reid,Clemson,4YR JR,Arizona Diamondbacks,no_candidate,,,0,,,,,,
2024,465.0,15.0,15,Brooks Fowler,Oral Roberts,4YR JR,Texas Rangers,matched_exact_name,100.0,100.0,1,Brooks Fowler,sa3031592,ORU,oral roberts university,,
2024,466.0,16.0,16,Connor Spencer,Ole Miss,4YR 5S,Athletics,no_candidate,,,0,,,,,,
2024,467.0,16.0,16,Andrew Morones,Cal State Fullerton,4YR 5S,Kansas City Royals,no_candidate,,,0,,,,,,
2024,468.0,16.0,16,Kevin Fitzer,Marjory Stoneman Douglas HS,4YR SR,Colorado Rockies,rejected_school_guard,100.0,31.4,1,,,,,Kevin Fitzer,31.4
2024,469.0,16.0,16,T.J. McCants,Alabama,4YR SR,Chicago White Sox,matched_exact_name,100.0,100.0,1,T.J. McCants,sa3025355,ALA,university of alabama,,
2024,470.0,16.0,16,Nolan Hughes,Xavier,4YR SR,Washington Nationals,no_candidate,,,0,,,,,,
2024,471.0,16.0,16,Deniel Ortiz,Southeastern Oklahoma State University,JC J2,St. Louis Cardinals,no_candidate,,,0,,,,,,
2024,472.0,16.0,16,Will Gervase,Wake Forest,4YR SO,Los Angeles Angels,no_candidate,,,0,,,,,,
2024,473.0,16.0,16,Josh Blum,USC,4YR JR,New York Mets,no_candidate,,,0,,,,,,
2024,474.0,16.0,16,Brian Curley,VCU,4YR SO,Pittsburgh Pirates,matched_exact_name,100.0,100.0,1,Brian Curley,sa3029705,VCU,virginia commonwealth university,,
2024,475.0,16.0,16,Jacob Remily,Maryknoll HS,HS SR,Cleveland Guardians,no_candidate,,,0,,,,,,
2024,476.0,16.0,16,Anson Seibert,Blue Valley Southwest HS,HS SR,Detroit Tigers,no_candidate,,,0,,,,,,
2024,477.0,16.0,16,Griffin Kilander,Wayne St U,4YR JR,Boston Red Sox,no_candidate,,,0,,,,,,
2024,478.0,16.0,16,Tyler Switalski,West Virginia,4YR JR,San Francisco Giants,matched_exact_name,100.0,100.0,1,Tyler Switalski,sa3043424,WVU,west virginia university,,
2024,479.0,16.0,16,Jimmy Romano,Duke,4YR JR,Cincinnati Reds,no_candidate,,,0,,,,,,
2024,480.0,16.0,16,Kasen Wells,Weatherford College,JC J2,San Diego Padres,no_candidate,,,0,,,,,,
2024,481.0,16.0,16,Xavier Rivas,Ole Miss,4YR SR,New York Yankees,no_candidate,,,0,,,,,,
2024,482.0,16.0,16,Christian Gordon,VCU,4YR 5S,Chicago Cubs,matched_exact_name,100.0,100.0,1,Christian Gordon,sa3032479,VCU,virginia commonwealth university,,
2024,483.0,16.0,16,Wyatt Lunsford-Shenkman,East Carolina,4YR JR,Seattle Mariners,no_candidate,,,0,,,,,,
2024,484.0,16.0,16,Eric Rataczak,Niagara U,4YR 5S,Miami Marlins,matched_exact_name,100.0,100.0,1,Eric Rataczak,sa3025336,NIA,niagara university,,
2024,485.0,16.0,16,Jayden Dubanewicz,Marjory Stoneman Douglas HS,HS SR,Milwaukee Brewers,no_candidate,,,0,,,,,,
2024,486.0,16.0,16,Brady Marget,Tulane,4YR JR,Tampa Bay Rays,matched_exact_name,100.0,100.0,1,Brady Marget,sa3025513,TULN,tulane university,,
2024,487.0,16.0,16,Colby Martin,Southeastern University,4YR SR,Toronto Blue Jays,no_candidate,,,0,,,,,,
2024,488.0,16.0,16,Aidan Haugh,North Carolina,4YR JR,Minnesota Twins,matched_exact_name,100.0,100.0,1,Aidan Haugh,sa3033399,UNC,university of north carolina at chapel hill,,
2024,489.0,16.0,16,Nate George,Minooka Community HS,HS SR,Baltimore Orioles,no_candidate,,,0,,,,,,
2024,490.0,16.0,16,Evan Shaw,Kansas,4YR SR,Los Angeles Dodgers,no_candidate,,,0,,,,,,
2024,491.0,16.0,16,Titus Dumitru,New Mexico State,4YR JR,Atlanta Braves,matched_exact_name,100.0,100.0,1,Titus Dumitru,sa3025225,NMSU,new mexico state university,,
2024,492.0,16.0,16,Eli Trop,Pennsylvania,4YR SR,Philadelphia Phillies,no_candidate,,,0,,,,,,
2024,493.0,16.0,16,Bryce Mayer,Missouri,4YR SR,Houston Astros,matched_exact_name,100.0,100.0,1,Bryce Mayer,sa3025558,MIZ,university of missouri,,
2024,494.0,16.0,16,Dawson Brown,Georgia Tech,4YR SR,Arizona Diamondbacks,rejected_fuzzy_school_guard,87.0,29.4,1,,,,,Jason Brown,29.4
2024,495.0,16.0,16,Eric Loomis,Missouri State,4YR SR,Texas Rangers,no_candidate,,,0,,,,,,
2024,496.0,17.0,17,Aidan Layton,Seton Hill U,4YR SR,Athletics,no_candidate,,,0,,,,,,
2024,497.0,17.0,17,Dane Burns,No School,NS,Kansas City Royals,no_candidate,,,0,,,,,,
2024,498.0,17.0,17,Nolan Clifford,Creighton,4YR SR,Colorado Rockies,matched_exact_name,100.0,100.0,1,Nolan Clifford,sa3025670,CREI,creighton university,,
2024,499.0,17.0,17,Lyle Miller-Green,Austin Peay,4YR 5S,Chicago White Sox,matched_exact_name,100.0,100.0,1,Lyle Miller-Green,sa3025307,APSU,austin peay state university,,
2024,500.0,17.0,17,Gavin Bruni,Ohio State,4YR JR,Washington Nationals,matched_exact_name,100.0,100.0,1,Gavin Bruni,sa3027900,OSU,ohio state university,,
2024,501.0,17.0,17,Brandt Thompson,Missouri State,4YR SR,St. Louis Cardinals,matched_exact_name,100.0,100.0,1,Brandt Thompson,sa3043741,MOST,missouri state university,,
2024,502.0,17.0,17,Lucas Ramirez,American Heritage School,HS SR,Los Angeles Angels,no_candidate,,,0,,,,,,
2024,503.0,17.0,17,Jacoby Long,Miami,4YR SR,New York Mets,matched_exact_name,100.0,100.0,1,Jacoby Long,sa3025402,MIA,university of miami,,
2024,504.0,17.0,17,Andrew Patrick,Wright State,4YR JR,Pittsburgh Pirates,matched_exact_name,100.0,100.0,1,Andrew Patrick,sa3025439,WRST,wright state university,,
2024,505.0,17.0,17,Logan McGuire,Georgia Tech,4YR JR,Cleveland Guardians,no_candidate,,,0,,,,,,
2024,506.0,17.0,17,Gabriel Rosado,Carlos Beltran Baseball Academy,HS SR,Detroit Tigers,no_candidate,,,0,,,,,,
2024,507.0,17.0,17,Yan Cruz,Academia Presbiteriana HS,HS SR,Boston Red Sox,no_candidate,,,0,,,,,,
2024,508.0,17.0,17,Hunter Dryden,Whitworth University,4YR SR,San Francisco Giants,no_candidate,,,0,,,,,,
2024,509.0,17.0,17,Trent Hodgdon,University of South Carolina Upstate,4YR JR,Cincinnati Reds,no_candidate,,,0,,,,,,
2024,510.0,17.0,17,Ryan Jackson,USC,4YR SR,San Diego Padres,matched_exact_name,100.0,100.0,1,Ryan Jackson,sa3025514,USC,university of southern california,,
2024,511.0,17.0,17,JoJo Jackson,Georgia State,4YR JR,New York Yankees,matched_exact_name,100.0,100.0,1,JoJo Jackson,sa3025267,GAST,georgia state university,,
2024,512.0,17.0,17,Ben Johnson,Georgia Southern,4YR SR,Chicago Cubs,matched_exact_name,100.0,100.0,1,Ben Johnson,sa3034710,GASO,georgia southern university,,
2024,513.0,17.0,17,Harrison Kreiling,U Nebraska Omaha,4YR SR,Seattle Mariners,matched_exact_name,100.0,100.0,1,Harrison Kreiling,sa3035703,OMA,university of nebraska at omaha,,
2024,514.0,17.0,17,Micah McDowell,Oregon State,4YR 5S,Miami Marlins,matched_exact_name,100.0,100.0,1,Micah McDowell,sa3025192,ORST,oregon state university,,
2024,515.0,17.0,17,Cooper Malamazian,Nazareth Academy,HS SR,Milwaukee Brewers,no_candidate,,,0,,,,,,
2024,516.0,17.0,17,Andres Galan,California,4YR JR,Tampa Bay Rays,no_candidate,,,0,,,,,,
2024,517.0,17.0,17,Gavin Smith,Valley Christian HS,HS SR,Toronto Blue Jays,no_candidate,,,0,,,,,,
2024,518.0,17.0,17,Jay Thomason,Air Force,4YR SR,Minnesota Twins,matched_exact_name,100.0,100.0,1,Jay Thomason,sa3025265,AFA,united states air force academy,,
2024,519.0,17.0,17,Iziah Salinas,Cowley County CC,JC J1,Baltimore Orioles,no_candidate,,,0,,,,,,
2024,520.0,17.0,17,Jackson Nicklaus,Oklahoma,4YR JR,Los Angeles Dodgers,matched_exact_name,100.0,100.0,1,Jackson Nicklaus,sa3038855,OU,university of oklahoma,,
2024,521.0,17.0,17,Jacob Shafer,UNC Wilmington,4YR SR,Atlanta Braves,matched_exact_name,100.0,100.0,1,Jacob Shafer,sa3025390,UNCW,university of north carolina at wilmington,,
2024,522.0,17.0,17,Ryan Degges,UNC Charlotte,4YR JR,Philadelphia Phillies,no_candidate,,,0,,,,,,
2024,523.0,17.0,17,Ethan Wagner,P27 Academy,HS SR,Houston Astros,no_candidate,,,0,,,,,,
2024,524.0,17.0,17,Drake Frize,University of San Diego,4YR SR,Arizona Diamondbacks,no_candidate,,,0,,,,,,
2024,525.0,17.0,17,Joey Danielson,North Dakota St U,4YR 5S,Texas Rangers,no_candidate,,,0,,,,,,
2024,526.0,18.0,18,Tucker Novotny,Minnesota,4YR JR,Athletics,matched_exact_name,100.0,100.0,1,Tucker Novotny,sa3038957,MINN,university of minnesota,,
2024,527.0,18.0,18,Corey Cousin,Slidell HS,HS SR,Kansas City Royals,no_candidate,,,0,,,,,,
2024,528.0,18.0,18,Tyler Hampu,Austin Peay,4YR SR,Colorado Rockies,no_candidate,,,0,,,,,,
2024,529.0,18.0,18,Liam Paddack,Gonzaga,4YR JR,Chicago White Sox,matched_exact_name,100.0,100.0,1,Liam Paddack,sa3039330,GONZ,gonzaga university,,
2024,530.0,18.0,18,Teo Banks,Tulane,4YR JR,Washington Nationals,matched_exact_name,100.0,100.0,1,Teo Banks,sa3026520,TULN,tulane university,,
2024,531.0,18.0,18,Christian Martin,Virginia Tech,4YR JR,St. Louis Cardinals,matched_exact_name,100.0,100.0,1,Christian Martin,sa3025155,VT,virginia tech,,
2024,532.0,18.0,18,David Mershon,Mississippi State,4YR SO,Los Angeles Angels,matched_exact_name,100.0,100.0,1,David Mershon,sa3025335,MSST,mississippi state university,,
2024,533.0,18.0,18,Jace Hampson,Lynnwood HS,HS SR,New York Mets,no_candidate,,,0,,,,,,
2024,534.0,18.0,18,Jake Shirk,Wright State,4YR SR,Pittsburgh Pirates,matched_exact_name,100.0,100.0,1,Jake Shirk,sa3042195,WRST,wright state university,,
2024,535.0,18.0,18,Izaak Martinez,Puerto Rico Baseball Academy,4YR GR,Cleveland Guardians,no_candidate,,,0,,,,,,
2024,536.0,18.0,18,Bryce Alewine,Southern Union St JC,JC J1,Detroit Tigers,no_candidate,,,0,,,,,,
2024,537.0,18.0,18,Cole Tolbert,U Mississippi,4YR SR,Boston Red Sox,no_candidate,,,0,,,,,,
2024,538.0,18.0,18,Ryan Slater,Florida,4YR SR,San Francisco Giants,no_candidate,,,0,,,,,,
2024,539.0,18.0,18,Jalen Hairston,State College of Florida Manatee - Sarasota,JC J2,Cincinnati Reds,no_candidate,,,0,,,,,,
2024,540.0,18.0,18,Victor Figueroa,Florida Southwestern State Col,JC J2,San Diego Padres,no_candidate,,,0,,,,,,
2024,541.0,18.0,18,Gus Hughes,High Point University,4YR SR,New York Yankees,matched_exact_name,100.0,100.0,1,Gus Hughes,sa3034262,HPU,high point university,,
2024,542.0,18.0,18,Thomas Mangus,Navarro College,JC J3,Chicago Cubs,no_candidate,,,0,,,,,,
2024,543.0,18.0,18,Matt Tiberia,Lynn U,4YR SR,Seattle Mariners,no_candidate,,,0,,,,,,
2024,544.0,18.0,18,Nate Payne,Central Dauphin HS,HS SR,Miami Marlins,no_candidate,,,0,,,,,,
2024,545.0,18.0,18,Tyler Renz,Fox Lane HS,HS SR,Milwaukee Brewers,rejected_fuzzy_school_guard,85.7,26.3,1,,,,,Tyler Grenn,26.3
2024,546.0,18.0,18,Dominic Niman,Kentucky,4YR GR,Tampa Bay Rays,matched_exact_name,100.0,100.0,1,Dominic Niman,sa3038884,UK,university of kentucky,,
2024,547.0,18.0,18,Holden Wilkerson,Virginia Military Institute,4YR JR,Toronto Blue Jays,no_candidate,,,0,,,,,,
2024,548.0,18.0,18,Michael Ross,Samford University,4YR SR,Minnesota Twins,matched_exact_name,100.0,100.0,1,Michael Ross,sa3041178,SAM,samford,,
2024,549.0,18.0,18,Michael Caldon,Felician Col,4YR JR,Baltimore Orioles,no_candidate,,,0,,,,,,
2024,550.0,18.0,18,Isaac Ayon,Oregon,4YR SR,Los Angeles Dodgers,rejected_fuzzy_school_guard,90.0,33.3,1,,,,,Isaac Lyon,33.3
2024,551.0,18.0,18,Jake Steels,Cal Poly,4YR SR,Atlanta Braves,matched_exact_name,100.0,100.0,1,Jake Steels,sa3025538,CP,california polytechnic state university,,
2024,552.0,18.0,18,Kevin Warunek,Longwood University,4YR JR,Philadelphia Phillies,no_candidate,,,0,,,,,,
2024,553.0,18.0,18,Grant Burleson,Western Kentucky,4YR JR,Houston Astros,no_candidate,,,0,,,,,,
2024,554.0,18.0,18,Jackson Hotchkiss,Battle Ground HS,HS SR,Arizona Diamondbacks,no_candidate,,,0,,,,,,
2024,555.0,18.0,18,Kadyn Leon,Lake Travis HS,HS SR,Texas Rangers,no_candidate,,,0,,,,,,
2024,556.0,19.0,19,Gunner Gouldsmith,Sacramento State,4YR SR,Athletics,matched_exact_name,100.0,100.0,1,Gunner Gouldsmith,sa3032524,SAC,sacramento state university,,
2024,557.0,19.0,19,Dash Albus,Abilene Christian U,4YR JR,Kansas City Royals,no_candidate,,,0,,,,,,
2024,558.0,19.0,19,Nathan Blasick,University of New Orleans,4YR SR,Colorado Rockies,no_candidate,,,0,,,,,,
2024,559.0,19.0,19,Nick Pinto,University of California - Irvine,4YR GR,Chicago White Sox,matched_exact_name,100.0,100.0,1,Nick Pinto,sa3025641,UCI,"university of california, irvine",,
2024,560.0,19.0,19,Ryan Minckler,Niagara U,4YR JR,Washington Nationals,matched_exact_name,100.0,100.0,1,Ryan Minckler,sa3038123,NIA,niagara university,,
2024,561.0,19.0,19,Brendan Lawson,P27 Academy,HS SR,St. Louis Cardinals,no_candidate,,,0,,,,,,
2024,562.0,19.0,19,Connor Gatwood,Baker HS,HS SR,Los Angeles Angels,no_candidate,,,0,,,,,,
2024,563.0,19.0,19,Frank Elissalt,Nova Southeastern University,4YR SR,New York Mets,no_candidate,,,0,,,,,,
2024,564.0,19.0,19,Joe Vogatsky,James Madison University,4YR SR,Pittsburgh Pirates,matched_exact_name,100.0,100.0,1,Joe Vogatsky,sa3044544,JMU,james madison university,,
2024,565.0,19.0,19,Cam Schuelke,Mississippi State,4YR SR,Cleveland Guardians,no_candidate,,,0,,,,,,
2024,566.0,19.0,19,Chase Davis,Leon HS,HS SR,Detroit Tigers,no_candidate,,,0,,,,,,
2024,567.0,19.0,19,D'Angelo Ortiz,Miami Dade CC Kendall,JC J2,Boston Red Sox,rejected_fuzzy_school_guard,88.0,31.8,1,,,,,Angel Ortiz,31.8
2024,568.0,19.0,19,Ryan Ure,Oklahoma State,4YR JR,San Francisco Giants,no_candidate,,,0,,,,,,
2024,569.0,19.0,19,Owen Pote,No School,NS,Cincinnati Reds,no_candidate,,,0,,,,,,
2024,570.0,19.0,19,Vicarte Domingo,U British Columbia,4YR SR,San Diego Padres,no_candidate,,,0,,,,,,
2024,571.0,19.0,19,Brandon Decker,Oakland University,4YR SR,New York Yankees,matched_exact_name,100.0,100.0,1,Brandon Decker,sa3030001,OAK,oakland university,,
2024,572.0,19.0,19,Owen Ayers,Marshall,4YR 5S,Chicago Cubs,matched_exact_name,100.0,100.0,1,Owen Ayers,sa3025449,MRSH,marshall university,,
2024,573.0,19.0,19,Brian Walters,Miami,4YR JR,Seattle Mariners,no_candidate,,,0,,,,,,
2024,574.0,19.0,19,Luke Lashutka,St Leo U,4YR SR,Miami Marlins,no_candidate,,,0,,,,,,
2024,575.0,19.0,19,Noah Wech,Manitowoc Lincoln HS,HS SR,Milwaukee Brewers,no_candidate,,,0,,,,,,
2024,576.0,19.0,19,Tony Santa Maria,Rutgers,4YR SR,Tampa Bay Rays,matched_exact_name,100.0,100.0,1,Tony Santa Maria,sa3041543,RUTG,rutgers university,,
2024,577.0,19.0,19,Bub Terrell,Thompson HS,HS SR,Toronto Blue Jays,no_candidate,,,0,,,,,,
2024,578.0,19.0,19,Logan Whitaker,NC State,4YR GR,Minnesota Twins,matched_exact_name,100.0,100.0,1,Logan Whitaker,sa3025561,NCSU,north carolina state university,,
2024,579.0,19.0,19,Braylon Whitaker,Cox Mill HS,HS SR,Baltimore Orioles,no_candidate,,,0,,,,,,
2024,580.0,19.0,19,Chase Williams,Northwest Florida State,JC J1,Los Angeles Dodgers,rejected_fuzzy_school_guard,88.9,28.6,1,,,,,Cade Williams,28.6
2024,581.0,19.0,19,Dalton McIntyre,Southern Mississippi,4YR JR,Atlanta Braves,matched_exact_name,100.0,100.0,1,Dalton McIntyre,sa3037634,USM,university of southern mississippi,,
2024,582.0,19.0,19,Erik Ritchie,East Carolina,4YR JR,Philadelphia Phillies,no_candidate,,,0,,,,,,
2024,583.0,19.0,19,Twine Palmer,Connors St Col,JC J1,Houston Astros,no_candidate,,,0,,,,,,
2024,584.0,19.0,19,Ty Bayer,South Forsyth HS,HS SR,Arizona Diamondbacks,no_candidate,,,0,,,,,,
2024,585.0,19.0,19,Cade Obermueller,Florida SouthWestern State College,4YR SO,Texas Rangers,rejected_school_guard,100.0,22.2,1,,,,,Cade Obermueller,22.2
2024,585.0,19.0,,,,,,carried_over_existing,,,0,Cade Obermueller,sa3038991,IOWA,university of iowa,,
2024,586.0,20.0,20,Dylan Volantis,Westlake HS,HS SR,Athletics,no_candidate,,,0,,,,,,
2024,587.0,20.0,20,Carter Frederick,Oklahoma,4YR SR,Kansas City Royals,no_candidate,,,0,,,,,,
2024,588.0,20.0,20,Hunter Omlid,Iowa,4YR 5S,Colorado Rockies,no_candidate,,,0,,,,,,
2024,589.0,20.0,20,Myles Bailey,Lincoln HS,HS SR,Chicago White Sox,no_candidate,,,0,,,,,,
2024,590.0,20.0,20,Colby Shelton,Florida,4YR SO,Washington Nationals,matched_exact_name,100.0,100.0,1,Colby Shelton,sa3042129,FLA,university of florida,,
2024,591.0,20.0,20,Owen Rice,Milwaukee,4YR JR,St. Louis Cardinals,rejected_fuzzy_school_guard,90.0,33.3,1,,,,,Owen Prince,33.3
2024,592.0,20.0,20,Zachary Redner,Hillsborough CC,JC J2,Los Angeles Angels,no_candidate,,,0,,,,,,
2024,593.0,20.0,20,Adam Haight,Cedar Park Christian HS,HS SR,New York Mets,no_candidate,,,0,,,,,,
2024,594.0,20.0,20,Taylor Penn,Woodford County HS,HS SR,Pittsburgh Pirates,no_candidate,,,0,,,,,,
2024,595.0,20.0,20,Cam Walty,Arizona,4YR SR,Cleveland Guardians,matched_exact_name,100.0,100.0,1,Cam Walty,sa3044767,ARIZ,university of arizona,,
2024,596.0,20.0,20,Dawson Price,Eastern Oklahoma St JC,JC J1,Detroit Tigers,no_candidate,,,0,,,,,,
2024,597.0,20.0,20,Ben Hansen,BYU,4YR SO,Boston Red Sox,matched_exact_name,100.0,100.0,1,Ben Hansen,sa3033152,BYU,brigham young university,,
2024,598.0,20.0,20,Fernando Gonzalez,Georgia,4YR SR,San Francisco Giants,matched_exact_name,100.0,100.0,1,Fernando Gonzalez,sa3032413,UGA,university of georgia,,
2024,599.0,20.0,20,Mason Russell,Casteel HS,HS SR,Cincinnati Reds,no_candidate,,,0,,,,,,
2024,600.0,20.0,20,Chase Fralick,McIntosh HS,HS SR,San Diego Padres,no_candidate,,,0,,,,,,
2024,601.0,20.0,20,Cole Royer,Pierce County HS,HS SR,New York Yankees,no_candidate,,,0,,,,,,
2024,602.0,20.0,20,Brayden Risedorph,Indiana,4YR SO,Chicago Cubs,no_candidate,,,0,,,,,,
2024,603.0,20.0,20,Ryan Picollo,Saint Joseph's,4YR SR,Seattle Mariners,matched_exact_name,100.0,100.0,1,Ryan Picollo,sa3039893,JOES,st. joseph's university,,
2024,604.0,20.0,20,Chase Centala,Central Florida,4YR SR,Miami Marlins,no_candidate,,,0,,,,,,
2024,605.0,20.0,20,Henry Brummel,Pontiac Township HS,HS SR,Milwaukee Brewers,no_candidate,,,0,,,,,,
2024,606.0,20.0,20,Kaleb Corbett,Louisville,4YR SR,Tampa Bay Rays,no_candidate,,,0,,,,,,
2024,607.0,20.0,20,Bryce Martin-Grudzielanek,UC San Diego,4YR JR,Toronto Blue Jays,no_candidate,,,0,,,,,,
2024,608.0,20.0,20,Merit Jones,Utah,4YR SO,Minnesota Twins,matched_exact_name,100.0,100.0,1,Merit Jones,sa3034898,UTAH,university of utah,,
2024,609.0,20.0,20,Evan Yates,Cal State Fullerton,4YR JR,Baltimore Orioles,no_candidate,,,0,,,,,,
2024,610.0,20.0,20,Hunter Elliott,Ole Miss,4YR JR,Los Angeles Dodgers,no_candidate,,,0,,,,,,
2024,611.0,20.0,20,Eric Hartman,Holy Trinity Academy,HS SR,Atlanta Braves,rejected_fuzzy_school_guard,92.3,24.0,1,,,,,Erich Hartmann,24.0
2024,612.0,20.0,20,Kyler Carmack,Ole Miss,4YR JR,Philadelphia Phillies,no_candidate,,,0,,,,,,
2024,613.0,20.0,20,Ky McGary,Sandra Day O'Connor HS,HS SR,Houston Astros,no_candidate,,,0,,,,,,
2024,614.0,20.0,20,Hunter Carns,First Coast HS,HS SR,Arizona Diamondbacks,no_candidate,,,0,,,,,,
2024,615.0,20.0,20,Mac Rose,McLennan CC,JC J2,Texas Rangers,no_candidate,,,0,,,,,,
2025,1.0,1.0,1,Eli Willits,Fort Cobb-Broxton HS,HS SR,Washington Nationals,no_candidate,,,0,,,,,,
2025,2.0,1.0,1,Tyler Bremner,UC Santa Barbara,4YR JR,Los Angeles Angels,matched_exact_name,100.0,100.0,1,Tyler Bremner,sa3027644,UCSB,"university of california, santa barbara",,
2025,3.0,1.0,1,Kade Anderson,LSU,4YR SO,Seattle Mariners,matched_exact_name,100.0,100.0,1,Kade Anderson,sa3026056,LSU,louisiana state university,,
2025,4.0,1.0,1,Ethan Holliday,Stillwater HS,HS SR,Colorado Rockies,no_candidate,,,0,,,,,,
2025,5.0,1.0,1,Liam Doyle,Tennessee,4YR JR,St. Louis Cardinals,matched_exact_name,100.0,100.0,1,Liam Doyle,sa3030545,TENN,university of tennessee knoxville,,
2025,6.0,1.0,1,Seth Hernandez,Corona HS,HS SR,Pittsburgh Pirates,no_candidate,,,0,,,,,,
2025,7.0,1.0,1,Aiva Arquette,Oregon State,4YR JR,Miami Marlins,matched_exact_name,100.0,100.0,1,Aiva Arquette,sa3026235,ORST,oregon state university,,
2025,8.0,1.0,1,JoJo Parker,Purvis HS,HS SR,Toronto Blue Jays,no_candidate,,,0,,,,,,
2025,9.0,1.0,1,Steele Hall,Hewitt-Trussville HS,HS SR,Cincinnati Reds,no_candidate,,,0,,,,,,
2025,10.0,1.0,1,Billy Carlson,Corona HS,HS SR,Chicago White Sox,no_candidate,,,0,,,,,,
2025,11.0,1.0,1,Jamie Arnold,Florida State,4YR JR,Athletics,matched_exact_name,100.0,100.0,1,Jamie Arnold,sa3026225,FSU,florida state university,,
2025,12.0,1.0,1,Gavin Fien,Great Oak HS,HS SR,Texas Rangers,no_candidate,,,0,,,,,,
2025,13.0,1.0,1,Gavin Kilen,Tennessee,4YR JR,San Francisco Giants,matched_exact_name,100.0,100.0,1,Gavin Kilen,sa3035353,TENN,university of tennessee knoxville,,
2025,14.0,1.0,1,Daniel Pierce,Mill Creek HS,HS SR,Tampa Bay Rays,rejected_fuzzy_school_guard,88.0,30.0,1,,,,,Daniel Perez,30.0
2025,15.0,1.0,1,Kyson Witherspoon,Oklahoma,4YR JR,Boston Red Sox,matched_exact_name,100.0,100.0,1,Kyson Witherspoon,sa3045487,OU,university of oklahoma,,
2025,16.0,1.0,1,Marek Houston,Wake Forest,4YR JR,Minnesota Twins,matched_exact_name,100.0,100.0,1,Marek Houston,sa3034152,WAKE,wake forest university,,
2025,17.0,1.0,1,Ethan Conrad,Wake Forest,4YR JR,Chicago Cubs,no_candidate,,,0,,,,,,
2025,18.0,1.0,1,Kayson Cunningham,Lady Bird Johnson HS,HS SR,Arizona Diamondbacks,no_candidate,,,0,,,,,,
2025,19.0,1.0,1,Ike Irish,Auburn,4YR JR,Baltimore Orioles,matched_exact_name,100.0,100.0,1,Ike Irish,sa3034445,AUB,auburn university,,
2025,20.0,1.0,1,Andrew Fischer,Tennessee,4YR JR,Milwaukee Brewers,matched_exact_name,100.0,100.0,1,Andrew Fischer,sa3031366,TENN,university of tennessee knoxville,,
2025,21.0,1.0,1,Xavier Neyens,Mt. Vernon HS,HS SR,Houston Astros,no_candidate,,,0,,,,,,
2025,22.0,1.0,1,Tate Southisene,Basic HS,HS SR,Atlanta Braves,no_candidate,,,0,,,,,,
2025,23.0,1.0,1,Sean Gamble,IMG Academy,HS SR,Kansas City Royals,no_candidate,,,0,,,,,,
2025,24.0,1.0,1,Jordan Yost,Sickles HS,HS SR,Detroit Tigers,no_candidate,,,0,,,,,,
2025,25.0,1.0,1,Kruz Schoolcraft,Sunset HS,HS SR,San Diego Padres,no_candidate,,,0,,,,,,
2025,26.0,1.0,1,Gage Wood,Arkansas,4YR JR,Philadelphia Phillies,no_candidate,,,0,,,,,,
2025,27.0,1.0,1,Jace LaViolette,Texas A&M,4YR JR,Cleveland Guardians,matched_exact_name,100.0,100.0,1,Jace LaViolette,sa3036058,TA&M,texas aandm university,,
2025,28.0,1.0,PPI,Josh Hammond,Wesleyan Christian Academy,HS SR,Kansas City Royals,no_candidate,,,0,,,,,,
2025,29.0,1.0,1C,Patrick Forbes,Louisville,4YR JR,Arizona Diamondbacks,matched_exact_name,100.0,100.0,1,Patrick Forbes,sa3031537,LOU,university of louisville,,
2025,30.0,1.0,1C,Caden Bodine,Coastal Carolina,4YR JR,Baltimore Orioles,matched_exact_name,100.0,100.0,1,Caden Bodine,sa3027305,CCU,coastal carolina university,,
2025,31.0,1.0,1C,Wehiwa Aloy,Arkansas,4YR JR,Baltimore Orioles,matched_exact_name,100.0,100.0,1,Wehiwa Aloy,sa3025961,ARK,university of arkansas,,
2025,32.0,1.0,1C,Brady Ebel,Corona HS,HS SR,Milwaukee Brewers,no_candidate,,,0,,,,,,
2025,33.0,1.0,CB-A,Marcus Phillips,Tennessee,4YR JR,Boston Red Sox,matched_exact_name,100.0,100.0,1,Marcus Phillips,sa3039870,TENN,university of tennessee knoxville,,
2025,34.0,1.0,CB-A,Michael Oliveto,Hauppauge HS,HS SR,Detroit Tigers,no_candidate,,,0,,,,,,
2025,35.0,1.0,CB-A,Luke Stevenson,North Carolina,4YR SO,Seattle Mariners,matched_exact_name,100.0,100.0,1,Luke Stevenson,sa3043081,UNC,university of north carolina at chapel hill,,
2025,36.0,1.0,CB-A,Riley Quick,Alabama,4YR JR,Minnesota Twins,matched_exact_name,100.0,100.0,1,Riley Quick,sa3040326,ALA,university of alabama,,
2025,37.0,1.0,CB-A,Slater de Brun,Summit HS,HS SR,Baltimore Orioles,no_candidate,,,0,,,,,,
2025,38.0,1.0,1,Mitch Voit,Michigan,4YR JR,New York Mets,matched_exact_name,100.0,100.0,1,Mitch Voit,sa3044552,MICH,university of michigan,,
2025,39.0,1.0,1,Dax Kilby,Newnan HS,HS SR,New York Yankees,no_candidate,,,0,,,,,,
2025,40.0,1.0,1,Zach Root,Arkansas,4YR JR,Los Angeles Dodgers,matched_fuzzy_name,85.7,100.0,1,Zachary Root,sa3041130,ARK,university of arkansas,,
2025,41.0,1.0,CB-A,Charles Davalan,Arkansas,4YR SO,Los Angeles Dodgers,matched_exact_name,100.0,100.0,1,Charles Davalan,sa3029860,ARK,university of arkansas,,
2025,42.0,1.0,CB-A,Brendan Summerhill,Arizona,4YR JR,Tampa Bay Rays,matched_exact_name,100.0,100.0,1,Brendan Summerhill,sa3043325,ARIZ,university of arizona,,
2025,43.0,1.0,CB-A,Cam Cannarella,Clemson,4YR JR,Miami Marlins,matched_exact_name,100.0,100.0,1,Cam Cannarella,sa3028360,CLEM,clemson university,,
2025,44.0,2.0,2,Jaden Fauske,Nazareth Academy,HS SR,Chicago White Sox,no_candidate,,,0,,,,,,
2025,45.0,2.0,2,JB Middleton,Southern Mississippi,4YR JR,Colorado Rockies,matched_exact_name,100.0,100.0,1,JB Middleton,sa3037985,USM,university of southern mississippi,,
2025,46.0,2.0,2,Brandon Compton,Arizona State,4YR JR,Miami Marlins,matched_exact_name,100.0,100.0,1,Brandon Compton,sa3029229,ASU,arizona state university,,
2025,47.0,2.0,2,Chase Shores,LSU,4YR JR,Los Angeles Angels,matched_exact_name,100.0,100.0,1,Chase Shores,sa3042212,LSU,louisiana state university,,
2025,48.0,2.0,2,Devin Taylor,Indiana,4YR JR,Athletics,matched_exact_name,100.0,100.0,1,Devin Taylor,sa3043560,IU,indiana university,,
2025,49.0,2.0,2,Ethan Petry,South Carolina,4YR JR,Washington Nationals,matched_exact_name,100.0,100.0,1,Ethan Petry,sa3039828,SC,university of south carolina,,
2025,50.0,2.0,2,Angel Cervantes,Warren HS,HS SR,Pittsburgh Pirates,no_candidate,,,0,,,,,,
2025,51.0,2.0,2,Aaron Watson,Trinity Christian Academy,HS SR,Cincinnati Reds,no_candidate,,,0,,,,,,
2025,52.0,2.0,2,AJ Russell,Tennessee,4YR JR,Texas Rangers,no_candidate,,,0,,,,,,
2025,53.0,2.0,2,Cooper Flemming,Aliso Niguel HS,HS SR,Tampa Bay Rays,no_candidate,,,0,,,,,,
2025,54.0,2.0,2,Quentin Young,Oaks Christian HS,HS SR,Minnesota Twins,no_candidate,,,0,,,,,,
2025,55.0,2.0,2,Ryan Mitchell,Houston HS,HS SR,St. Louis Cardinals,no_candidate,,,0,,,,,,
2025,56.0,2.0,2,Kane Kepley,North Carolina,4YR SO,Chicago Cubs,matched_exact_name,100.0,100.0,1,Kane Kepley,sa3035293,UNC,university of north carolina at chapel hill,,
2025,57.0,2.0,2,Nick Becker,Don Bosco Prep HS,HS SR,Seattle Mariners,no_candidate,,,0,,,,,,
2025,58.0,2.0,2,Joseph Dzierwa,Michigan State,4YR JR,Baltimore Orioles,matched_exact_name,100.0,100.0,1,Joseph Dzierwa,sa3030726,MSU,michigan state university,,
2025,59.0,2.0,2,J.D. Thompson,Vanderbilt,4YR JR,Milwaukee Brewers,matched_exact_name,100.0,100.0,1,J.D. Thompson,sa3043764,VAN,vanderbilt university,,
2025,60.0,2.0,2,Alex Lodise,Florida State,4YR JR,Atlanta Braves,matched_exact_name,100.0,100.0,1,Alex Lodise,sa3036445,FSU,florida state university,,
2025,61.0,2.0,2,Michael Lombardi,Tulane,4YR JR,Kansas City Royals,matched_exact_name,100.0,100.0,1,Michael Lombardi,sa3036476,TULN,tulane university,,
2025,62.0,2.0,2,Malachi Witherspoon,Oklahoma,4YR JR,Detroit Tigers,matched_exact_name,100.0,100.0,1,Malachi Witherspoon,sa3045488,OU,university of oklahoma,,
2025,63.0,2.0,2,Cade Obermueller,Iowa,4YR JR,Philadelphia Phillies,matched_exact_name,100.0,100.0,1,Cade Obermueller,sa3038991,IOWA,university of iowa,,
2025,64.0,2.0,2,Dean Curley,Tennessee,4YR SO,Cleveland Guardians,matched_exact_name,100.0,100.0,1,Dean Curley,sa3029706,TENN,university of tennessee knoxville,,
2025,65.0,2.0,2,Cam Leiter,Florida State,4YR JR,Los Angeles Dodgers,no_candidate,,,0,,,,,,
2025,66.0,2.0,CB-B,Aaron Walton,Arizona,4YR JR,Cleveland Guardians,matched_exact_name,100.0,100.0,1,Aaron Walton,sa3044756,ARIZ,university of arizona,,
2025,67.0,2.0,SUP-2,Dean Moss,IMG Academy,HS SR,Tampa Bay Rays,no_candidate,,,0,,,,,,
2025,68.0,2.0,SUP-2,Frank Cairone,Delsea Reg HS,HS SR,Milwaukee Brewers,no_candidate,,,0,,,,,,
2025,69.0,2.0,CB-B,JT Quinn,Georgia,4YR JR,Baltimore Orioles,no_candidate,,,0,,,,,,
2025,70.0,2.0,CB-B,Will Hynes,Lorne Park SS,HS SR,Cleveland Guardians,no_candidate,,,0,,,,,,
2025,71.0,2.0,CB-B,Justin Lamkin,Texas A&M,4YR JR,Kansas City Royals,matched_exact_name,100.0,100.0,1,Justin Lamkin,sa3035887,TA&M,texas aandm university,,
2025,72.0,2.0,CB-B,Tanner Franklin,Tennessee,4YR JR,St. Louis Cardinals,no_candidate,,,0,,,,,,
2025,73.0,2.0,CB-B,Murf Gray,Fresno State,4YR JR,Pittsburgh Pirates,matched_exact_name,100.0,100.0,1,Murf Gray,sa3032619,FRES,fresno state university,,
2025,74.0,2.0,CB-B,Max Belyeu,Texas,4YR JR,Colorado Rockies,no_candidate,,,0,,,,,,
2025,75.0,2.0,2C,Henry Godbout,Virginia,4YR JR,Boston Red Sox,matched_exact_name,100.0,100.0,1,Henry Godbout,sa3032331,UVA,university of virginia,,
2025,76.0,3.0,3,Kyle Lodise,Georgia Tech,4YR JR,Chicago White Sox,matched_exact_name,100.0,100.0,1,Kyle Lodise,sa3059833,GT,georgia institute of technology,,
2025,77.0,3.0,3,Ethan Hedges,USC,4YR JR,Colorado Rockies,matched_exact_name,100.0,100.0,1,Ethan Hedges,sa3033512,USC,university of southern california,,
2025,78.0,3.0,3,Max Williams,Florida State,4YR JR,Miami Marlins,matched_exact_name,100.0,100.0,1,Max Williams,sa3045333,FSU,florida state university,,
2025,79.0,3.0,3,Johnny Slawinski,Lyndon B. Johnson HS,HS SR,Los Angeles Angels,no_candidate,,,0,,,,,,
2025,80.0,3.0,3,Landon Harmon,East Union Attendance Center HS,HS SR,Washington Nationals,rejected_fuzzy_school_guard,85.7,29.3,1,,,,,Landon Hairston,29.3
2025,81.0,3.0,3,Jake Cook,Southern Mississippi,4YR JR,Toronto Blue Jays,matched_exact_name,100.0,100.0,1,Jake Cook,sa3029303,USM,university of southern mississippi,,
2025,82.0,3.0,3,Easton Carmichael,Oklahoma,4YR JR,Pittsburgh Pirates,matched_exact_name,100.0,100.0,1,Easton Carmichael,sa3028459,OU,university of oklahoma,,
2025,83.0,3.0,3,Mason Morris,Ole Miss,4YR JR,Cincinnati Reds,matched_exact_name,100.0,100.0,1,Mason Morris,sa3038414,MISS,university of mississippi,,
2025,84.0,3.0,3,Josh Owens,Providence Academy,HS SR,Texas Rangers,no_candidate,,,0,,,,,,
2025,85.0,3.0,3,Trevor Cohen,Rutgers,4YR JR,San Francisco Giants,matched_exact_name,100.0,100.0,1,Trevor Cohen,sa3029111,RUTG,rutgers university,,
2025,86.0,3.0,3,Taitn Gray,Dallas Center-Grimes HS,HS SR,Tampa Bay Rays,no_candidate,,,0,,,,,,
2025,87.0,3.0,3,Anthony Eyanson,LSU,4YR JR,Boston Red Sox,matched_exact_name,100.0,100.0,1,Anthony Eyanson,sa3031104,LSU,louisiana state university,,
2025,88.0,3.0,3,James Ellwanger,Dallas Baptist,4YR SO,Minnesota Twins,matched_exact_name,100.0,100.0,1,James Ellwanger,sa3030911,DBU,dallas baptist university,,
2025,89.0,3.0,3,Jack Gurevitch,University of San Diego,4YR SO,St. Louis Cardinals,matched_exact_name,100.0,100.0,1,Jack Gurevitch,sa3032859,USD,university of san diego,,
2025,90.0,3.0,3,Dominick Reid,Abilene Christian,4YR JR,Chicago Cubs,matched_exact_name,100.0,100.0,1,Dominick Reid,sa3040572,ACU,abilene christian university,,
2025,91.0,3.0,3,Griffin Hugus,Miami,4YR JR,Seattle Mariners,matched_exact_name,100.0,100.0,1,Griffin Hugus,sa3034275,MIA,university of miami,,
2025,92.0,3.0,3,Brian Curley,Georgia,4YR JR,Arizona Diamondbacks,matched_exact_name,100.0,100.0,1,Brian Curley,sa3029705,UGA,university of georgia,,
2025,93.0,3.0,3,RJ Austin,Vanderbilt,4YR JR,Baltimore Orioles,matched_exact_name,100.0,100.0,1,RJ Austin,sa3026315,VAN,vanderbilt university,,
2025,94.0,3.0,3,Jacob Morrison,Coastal Carolina,4YR JR,Milwaukee Brewers,matched_exact_name,100.0,100.0,1,Jacob Morrison,sa3038406,CCU,coastal carolina university,,
2025,95.0,3.0,3,Ethan Frey,LSU,4YR JR,Houston Astros,matched_exact_name,100.0,100.0,1,Ethan Frey,sa3031717,LSU,louisiana state university,,
2025,96.0,3.0,3,Cody Miller,East Tennessee State,4YR JR,Atlanta Braves,matched_exact_name,100.0,100.0,1,Cody Miller,sa3038041,ETSU,east tennessee state university,,
2025,97.0,3.0,3,Cameron Millar,Alhambra HS,HS SR,Kansas City Royals,rejected_fuzzy_school_guard,85.7,48.0,1,,,,,Kameron Miller,48.0
2025,98.0,3.0,3,Ben Jacobs,Arizona State,4YR JR,Detroit Tigers,matched_exact_name,100.0,100.0,1,Ben Jacobs,sa3034527,ASU,arizona state university,,
2025,99.0,3.0,3,Ryan Wideman,Western Kentucky,4YR JR,San Diego Padres,matched_exact_name,100.0,100.0,1,Ryan Wideman,sa3060916,WKU,western kentucky university,,
2025,100.0,3.0,3,Cody Bowker,Vanderbilt,4YR JR,Philadelphia Phillies,matched_exact_name,100.0,100.0,1,Cody Bowker,sa3027486,VAN,vanderbilt university,,
2025,101.0,3.0,3,Nolan Schubart,Oklahoma State,4YR JR,Cleveland Guardians,matched_exact_name,100.0,100.0,1,Nolan Schubart,sa3041794,OKST,oklahoma state university,,
2025,102.0,3.0,3,Antonio Jimenez,Central Florida,4YR SO,New York Mets,matched_exact_name,100.0,100.0,1,Antonio Jimenez,sa3034692,UCF,university of central florida,,
2025,103.0,3.0,3,Kaeden Kent,Texas A&M,4YR JR,New York Yankees,matched_exact_name,100.0,100.0,1,Kaeden Kent,sa3035283,TA&M,texas aandm university,,
2025,104.0,3.0,3,Landyn Vidourek,Cincinnati,4YR JR,Los Angeles Dodgers,matched_exact_name,100.0,100.0,1,Landyn Vidourek,sa3044483,CIN,university of cincinnati,,
2025,105.0,3.0,SUP-3,Nate Snead,Tennessee,4YR JR,Los Angeles Angels,no_candidate,,,0,,,,,,
2025,106.0,4.0,4,Landon Hodge,Crespi Carmelite HS,HS SR,Chicago White Sox,no_candidate,,,0,,,,,,
2025,107.0,4.0,4,Riley Kelly,University of California - Irvine,4YR JR,Colorado Rockies,matched_exact_name,100.0,100.0,1,Riley Kelly,sa3035229,UCI,"university of california, irvine",,
2025,108.0,4.0,4,Drew Faurot,Florida State,4YR JR,Miami Marlins,matched_exact_name,100.0,100.0,1,Drew Faurot,sa3031193,FSU,florida state university,,
2025,109.0,4.0,4,Jake Munroe,Louisville,4YR JR,Los Angeles Angels,matched_exact_name,100.0,100.0,1,Jake Munroe,sa3060109,LOU,university of louisville,,
2025,110.0,4.0,4,Gavin Turley,Oregon State,4YR JR,Athletics,matched_exact_name,100.0,100.0,1,Gavin Turley,sa3044148,ORST,oregon state university,,
2025,111.0,4.0,4,Miguel Sime Jr.,Poly Prep Country Day School,HS SR,Washington Nationals,no_candidate,,,0,,,,,,
2025,112.0,4.0,4,Micah Bucknam,Dallas Baptist,4YR JR,Toronto Blue Jays,matched_exact_name,100.0,100.0,1,Micah Bucknam,sa3027969,DBU,dallas baptist university,,
2025,113.0,4.0,4,Gustavo Melendez,Colegio Nuestra Señora de la Merced,HS SR,Pittsburgh Pirates,no_candidate,,,0,,,,,,
2025,114.0,4.0,4,Mason Neville,Oregon,4YR JR,Cincinnati Reds,matched_exact_name,100.0,100.0,1,Mason Neville,sa3038799,ORE,university of oregon,,
2025,115.0,4.0,4,Mason McConnaughey,Nebraska,4YR JR,Texas Rangers,no_candidate,,,0,,,,,,
2025,116.0,4.0,4,Lorenzo Meola,Stetson,4YR JR,San Francisco Giants,matched_exact_name,100.0,100.0,1,Lorenzo Meola,sa3037876,STET,stetson university,,
2025,117.0,4.0,4,Dominic Fritton,NC State,4YR JR,Tampa Bay Rays,matched_exact_name,100.0,100.0,1,Dominic Fritton,sa3031734,NCSU,north carolina state university,,
2025,118.0,4.0,4,Mason White,Arizona,4YR JR,Boston Red Sox,matched_exact_name,100.0,100.0,1,Mason White,sa3045125,ARIZ,university of arizona,,
2025,119.0,4.0,4,Jason Reitz,Oregon,4YR JR,Minnesota Twins,matched_exact_name,100.0,100.0,1,Jason Reitz,sa3040605,ORE,university of oregon,,
2025,120.0,4.0,4,Cade Crossland,Oklahoma,4YR JR,St. Louis Cardinals,matched_exact_name,100.0,100.0,1,Cade Crossland,sa3058955,OU,university of oklahoma,,
2025,121.0,4.0,4,Kaleb Wing,Scotts Valley HS,HS SR,Chicago Cubs,no_candidate,,,0,,,,,,
2025,122.0,4.0,4,Mason Peters,Dallas Baptist,4YR JR,Seattle Mariners,no_candidate,,,0,,,,,,
2025,123.0,4.0,4,Dean Livingston,Hebron Christian Academy,HS SR,Arizona Diamondbacks,no_candidate,,,0,,,,,,
2025,124.0,4.0,4,Colin Yeaman,University of California - Irvine,4YR JR,Baltimore Orioles,matched_exact_name,100.0,100.0,1,Colin Yeaman,sa3060984,UCI,"university of california, irvine",,
2025,125.0,4.0,4,Joshua Flores,Lake Central HS,HS SR,Milwaukee Brewers,no_candidate,,,0,,,,,,
2025,126.0,4.0,4,Nick Monistere,Southern Mississippi,4YR JR,Houston Astros,matched_exact_name,100.0,100.0,1,Nick Monistere,sa3038233,USM,university of southern mississippi,,
2025,127.0,4.0,4,Briggs McKenzie,Corinth Holders HS,HS SR,Atlanta Braves,no_candidate,,,0,,,,,,
2025,128.0,4.0,4,Nolan Sailors,Creighton,4YR SR,Kansas City Royals,matched_exact_name,100.0,100.0,1,Nolan Sailors,sa3041417,CREI,creighton university,,
2025,129.0,4.0,4,Caleb Leys,University of Maine,4YR SR,Detroit Tigers,matched_exact_name,100.0,100.0,1,Caleb Leys,sa3036316,ME,university of maine,,
2025,130.0,4.0,4,Michael Salina,St. Bonaventure,4YR JR,San Diego Padres,no_candidate,,,0,,,,,,
2025,131.0,4.0,4,Sean Youngerman,Oklahoma State,4YR JR,Philadelphia Phillies,matched_exact_name,100.0,100.0,1,Sean Youngerman,sa3060992,OKST,oklahoma state university,,
2025,132.0,4.0,4,Luke Hill,Ole Miss,4YR JR,Cleveland Guardians,matched_exact_name,100.0,100.0,1,Luke Hill,sa3033826,MISS,university of mississippi,,
2025,133.0,4.0,4,Peter Kussow,Arrowhead Union HS,HS SR,New York Mets,no_candidate,,,0,,,,,,
2025,134.0,4.0,4,Pico Kohn,Mississippi State,4YR SR,New York Yankees,matched_exact_name,100.0,100.0,1,Pico Kohn,sa3035607,MSST,mississippi state university,,
2025,135.0,4.0,4,Aidan West,Long Reach HS,HS SR,Los Angeles Dodgers,no_candidate,,,0,,,,,,
2025,136.0,4.0,4C,Dixon Williams,East Carolina,4YR JR,Atlanta Braves,matched_exact_name,100.0,100.0,1,Dixon Williams,sa3045282,ECU,east carolina university,,
2025,137.0,5.0,5,Gabe Davis,Oklahoma State,4YR JR,Chicago White Sox,no_candidate,,,0,,,,,,
2025,138.0,5.0,5,Cameron Nelson,Wake Forest,4YR SO,Colorado Rockies,no_candidate,,,0,,,,,,
2025,139.0,5.0,5,Chris Arroyo,Virginia,4YR JR,Miami Marlins,matched_exact_name,100.0,100.0,1,Chris Arroyo,sa3026239,UVA,university of virginia,,
2025,140.0,5.0,5,CJ Gray,A.L. Brown HS,HS SR,Los Angeles Angels,no_candidate,,,0,,,,,,
2025,141.0,5.0,5,Zane Taylor,UNC Wilmington,4YR SR,Athletics,matched_exact_name,100.0,100.0,1,Zane Taylor,sa3043592,UNCW,university of north carolina at wilmington,,
2025,142.0,5.0,5,Coy James,Davie HS,HS SR,Washington Nationals,no_candidate,,,0,,,,,,
2025,143.0,5.0,5,Tim Piasentin,Foothills Composite HS,HS SR,Toronto Blue Jays,no_candidate,,,0,,,,,,
2025,144.0,5.0,5,Adonys Guzman,Arizona,4YR JR,Pittsburgh Pirates,matched_exact_name,100.0,100.0,1,Adonys Guzman,sa3032892,ARIZ,university of arizona,,
2025,145.0,5.0,5,Eli Pitts,North Atlanta HS,HS SR,Cincinnati Reds,no_candidate,,,0,,,,,,
2025,146.0,5.0,5,Ben Abeldt,TCU,4YR JR,Texas Rangers,no_candidate,,,0,,,,,,
2025,147.0,5.0,5,James Quinn-Irons,George Mason,4YR JR,Tampa Bay Rays,matched_exact_name,100.0,100.0,1,James Quinn-Irons,sa3040344,GMU,george mason university,,
2025,148.0,5.0,5,Christian Foutch,Arkansas,4YR JR,Boston Red Sox,no_candidate,,,0,,,,,,
2025,149.0,5.0,5,Matt Barr,SUNY Niagara CC,JC J1,Minnesota Twins,no_candidate,,,0,,,,,,
2025,150.0,5.0,5,Ethan Young,East Carolina,4YR JR,St. Louis Cardinals,matched_exact_name,100.0,100.0,1,Ethan Young,sa3060988,ECU,east carolina university,,
2025,151.0,5.0,5,Kade Snell,Alabama,4YR GR,Chicago Cubs,matched_exact_name,100.0,100.0,1,Kade Snell,sa3042672,ALA,university of alabama,,
2025,152.0,5.0,5,Korbyn Dickerson,Indiana,4YR JR,Seattle Mariners,matched_exact_name,100.0,100.0,1,Korbyn Dickerson,sa3030281,IU,indiana university,,
2025,153.0,5.0,5,Nathan Hall,South Carolina,4YR JR,Arizona Diamondbacks,matched_exact_name,100.0,100.0,1,Nathan Hall,sa3033038,SC,university of south carolina,,
2025,154.0,5.0,5,Jaiden Lo Re,Corona Del Sol HS,HS SR,Baltimore Orioles,no_candidate,,,0,,,,,,
2025,155.0,5.0,5,Sean Episcope,Princeton,4YR SO,Milwaukee Brewers,no_candidate,,,0,,,,,,
2025,156.0,5.0,5,Nick Potter,Wichita State,4YR JR,Houston Astros,no_candidate,,,0,,,,,,
2025,157.0,5.0,5,Conor Essenburg,Lincoln-Way West HS,HS SR,Atlanta Braves,no_candidate,,,0,,,,,,
2025,158.0,5.0,5,Aiden Jimenez,Arkansas,4YR JR,Kansas City Royals,no_candidate,,,0,,,,,,
2025,159.0,5.0,5,Ryan Hall,North Gwinnett HS,HS SR,Detroit Tigers,no_candidate,,,0,,,,,,
2025,160.0,5.0,5,Ty Harvey,Inspiration Academy,HS SR,San Diego Padres,no_candidate,,,0,,,,,,
2025,161.0,5.0,5,Gabe Craig,Baylor,4YR GR,Philadelphia Phillies,no_candidate,,,0,,,,,,
2025,162.0,5.0,5,Riley Nelson,Vanderbilt,4YR JR,Cleveland Guardians,matched_exact_name,100.0,100.0,1,Riley Nelson,sa3060133,VAN,vanderbilt university,,
2025,163.0,5.0,5,Peyton Prescott,Florida State,4YR SO,New York Mets,no_candidate,,,0,,,,,,
2025,164.0,5.0,5,Core Jackson,Utah,4YR SR,New York Yankees,matched_exact_name,100.0,100.0,1,Core Jackson,sa3034485,UTAH,university of utah,,
2025,165.0,5.0,5,Davion Hickson,Rice,4YR JR,Los Angeles Dodgers,matched_exact_name,100.0,100.0,1,Davion Hickson,sa3033771,RICE,rice university,,
2025,166.0,6.0,6,Colby Shelton,Florida,4YR JR,Chicago White Sox,matched_exact_name,100.0,100.0,1,Colby Shelton,sa3042129,FLA,university of florida,,
2025,167.0,6.0,6,Matt Klein,Louisville,4YR JR,Colorado Rockies,no_candidate,,,0,,,,,,
2025,168.0,6.0,6,Joey Volini,Florida State,4YR SR,Miami Marlins,matched_exact_name,100.0,100.0,1,Joey Volini,sa3044555,FSU,florida state university,,
2025,169.0,6.0,6,Luke LaCourse,Bay City Western HS,HS SR,Los Angeles Angels,no_candidate,,,0,,,,,,
2025,170.0,6.0,6,Grant Richardson,Grand Canyon University,4YR JR,Athletics,no_candidate,,,0,,,,,,
2025,171.0,6.0,6,Boston Smith,Wright State,4YR SR,Washington Nationals,matched_exact_name,100.0,100.0,1,Boston Smith,sa3042491,WRST,wright state university,,
2025,172.0,6.0,6,Eric Snow,Auburn,4YR JR,Toronto Blue Jays,matched_exact_name,100.0,100.0,1,Eric Snow,sa3042680,AUB,auburn university,,
2025,173.0,6.0,6,Jack Anker,Fresno State,4YR JR,Pittsburgh Pirates,matched_exact_name,100.0,100.0,1,Jack Anker,sa3026107,FRES,fresno state university,,
2025,174.0,6.0,6,Braden Osbolt,Kennesaw State,4YR JR,Cincinnati Reds,no_candidate,,,0,,,,,,
2025,175.0,6.0,6,Jack Wheeler,Morris HS,HS SR,Texas Rangers,no_candidate,,,0,,,,,,
2025,176.0,6.0,6,Jordan Gottesman,Northeastern,4YR 5S,San Francisco Giants,matched_exact_name,100.0,100.0,1,Jordan Gottesman,sa3059332,NE,northeastern university,,
2025,177.0,6.0,6,Aidan Haugh,North Carolina,4YR SR,Tampa Bay Rays,matched_exact_name,100.0,100.0,1,Aidan Haugh,sa3033399,UNC,university of north carolina at chapel hill,,
2025,178.0,6.0,6,Leighton Finley,Georgia,4YR JR,Boston Red Sox,matched_exact_name,100.0,100.0,1,Leighton Finley,sa3031345,UGA,university of georgia,,
2025,179.0,6.0,6,Bruin Agbayani,Saint Louis School,HS SR,Minnesota Twins,no_candidate,,,0,,,,,,
2025,180.0,6.0,6,Matthew Miura,Hawaii,4YR JR,St. Louis Cardinals,matched_exact_name,100.0,100.0,1,Matthew Miura,sa3038183,HAW,university of hawaii manoa,,
2025,181.0,6.0,6,Josiah Hartshorn,Orange Lutheran HS,HS SR,Chicago Cubs,no_candidate,,,0,,,,,,
2025,182.0,6.0,6,Lucas Kelly,Arizona State,4YR JR,Seattle Mariners,no_candidate,,,0,,,,,,
2025,183.0,6.0,6,Sawyer Hawks,Vanderbilt,4YR SR,Arizona Diamondbacks,no_candidate,,,0,,,,,,
2025,184.0,6.0,6,Caden Hunter,USC,4YR JR,Baltimore Orioles,matched_exact_name,100.0,100.0,1,Caden Hunter,sa3059552,USC,university of southern california,,
2025,185.0,6.0,6,Daniel Dickinson,LSU,4YR JR,Milwaukee Brewers,matched_exact_name,100.0,100.0,1,Daniel Dickinson,sa3030286,LSU,louisiana state university,,
2025,186.0,6.0,6,Gabel Pentecost,Taylor University,4YR JR,Houston Astros,no_candidate,,,0,,,,,,
2025,187.0,6.0,6,Landon Beidelschies,Arkansas,4YR JR,Atlanta Braves,matched_exact_name,100.0,100.0,1,Landon Beidelschies,sa3026885,ARK,university of arkansas,,
2025,188.0,6.0,6,Tyriq Kemp,Baylor,4YR SR,Kansas City Royals,matched_exact_name,100.0,100.0,1,Tyriq Kemp,sa3035244,BAY,baylor university,,
2025,189.0,6.0,6,Grayson Grinsell,Oregon,4YR JR,Detroit Tigers,matched_exact_name,100.0,100.0,1,Grayson Grinsell,sa3032742,ORE,university of oregon,,
2025,190.0,6.0,6,Jaxon Dalena,Shippensburg University,4YR 5S,San Diego Padres,no_candidate,,,0,,,,,,
2025,191.0,6.0,6,James Tallon,Duke,4YR JR,Philadelphia Phillies,no_candidate,,,0,,,,,,
2025,192.0,6.0,6,Nelson Keljo,Oregon State,4YR JR,Cleveland Guardians,matched_exact_name,100.0,100.0,1,Nelson Keljo,sa3035174,ORST,oregon state university,,
2025,193.0,6.0,6,Nathan Hall,University of Central Missouri,4YR JR,New York Mets,rejected_fuzzy_school_guard,90.9,73.7,1,,,,,Nathan Ball,73.7
2025,194.0,6.0,6,Rory Fox,Notre Dame,4YR JR,New York Yankees,matched_exact_name,100.0,100.0,1,Rory Fox,sa3031610,ND,university of notre dame,,
2025,195.0,6.0,6,Mason Ligenza,Tamaqua Area HS,HS SR,Los Angeles Dodgers,no_candidate,,,0,,,,,,
2025,196.0,7.0,7,Anthony DePino,University of Rhode Island,4YR SR,Chicago White Sox,matched_exact_name,100.0,100.0,1,Anthony DePino,sa3030172,URI,university of rhode island,,
2025,197.0,7.0,7,Antoine Jean,Houston,4YR GR,Colorado Rockies,matched_exact_name,100.0,100.0,1,Antoine Jean,sa3034614,HOU,university of houston,,
2025,198.0,7.0,7,Jake Clemente,Florida,4YR JR,Miami Marlins,matched_exact_name,100.0,100.0,1,Jake Clemente,sa3029027,FLA,university of florida,,
2025,199.0,7.0,7,Lucas Mahlstedt,Clemson,4YR SR,Los Angeles Angels,no_candidate,,,0,,,,,,
2025,200.0,7.0,7,Logan Sauve,West Virginia,4YR JR,Athletics,matched_exact_name,100.0,100.0,1,Logan Sauve,sa3041610,WVU,west virginia university,,
2025,201.0,7.0,7,Julian Tonghini,Arizona,4YR SR,Washington Nationals,no_candidate,,,0,,,,,,
2025,202.0,7.0,7,Dylan Watts,Auburn,4YR JR,Toronto Blue Jays,rejected_fuzzy_school_guard,85.7,38.1,1,,,,,Dane Watts,38.1
2025,203.0,7.0,7,Brent Iredale,Arkansas,4YR JR,Pittsburgh Pirates,matched_exact_name,100.0,100.0,1,Brent Iredale,sa3059570,ARK,university of arkansas,,
2025,204.0,7.0,7,Justin Henschel,Florida Gulf Coast University,4YR JR,Cincinnati Reds,no_candidate,,,0,,,,,,
2025,205.0,7.0,7,Paxton Kling,Penn State,4YR JR,Texas Rangers,matched_exact_name,100.0,100.0,1,Paxton Kling,sa3035512,PSU,penn state university,,
2025,206.0,7.0,7,Cam Maldonado,Northeastern,4YR JR,San Francisco Giants,matched_fuzzy_name,86.7,100.0,1,Cameron Maldonado,sa3036900,NE,northeastern university,,
2025,207.0,7.0,7,Jacob Kuhn,Midland College,JC J1,Tampa Bay Rays,no_candidate,,,0,,,,,,
2025,208.0,7.0,7,Myles Patton,Texas A&M,4YR JR,Boston Red Sox,matched_exact_name,100.0,100.0,1,Myles Patton,sa3039548,TA&M,texas aandm university,,
2025,209.0,7.0,7,Jacob McCombs,University of California - Irvine,4YR SO,Minnesota Twins,matched_exact_name,100.0,100.0,1,Jacob McCombs,sa3037488,UCI,"university of california, irvine",,
2025,210.0,7.0,7,Payton Graham,Gonzaga,4YR JR,St. Louis Cardinals,no_candidate,,,0,,,,,,
2025,211.0,7.0,7,Pierce Coppola,Florida,4YR SR,Chicago Cubs,no_candidate,,,0,,,,,,
2025,212.0,7.0,7,Colton Shaw,Yale,4YR SR,Seattle Mariners,matched_exact_name,100.0,100.0,1,Colton Shaw,sa3042084,YALE,yale university,,
2025,213.0,7.0,7,Joe Ariola,Wake Forest,4YR JR,Arizona Diamondbacks,no_candidate,,,0,,,,,,
2025,214.0,7.0,7,Hunter Allen,Ashland University,4YR SR,Baltimore Orioles,rejected_school_guard,100.0,41.4,1,,,,,Hunter Allen,41.4
2025,215.0,7.0,7,Josiah Ragsdale,Boston College,4YR JR,Milwaukee Brewers,matched_exact_name,100.0,100.0,1,Josiah Ragsdale,sa3040392,BC,boston college,,
2025,216.0,7.0,7,Jase Mitchell,Cape Henlopen HS,HS SR,Houston Astros,no_candidate,,,0,,,,,,
2025,217.0,7.0,7,Zach Royse,UTSA,4YR JR,Atlanta Braves,matched_exact_name,100.0,100.0,1,Zach Royse,sa3041233,UTSA,university of texas at san antonio,,
2025,218.0,7.0,7,Bryson Dudley,Texas State,4YR JR,Kansas City Royals,matched_exact_name,100.0,100.0,1,Bryson Dudley,sa3059090,TXST,texas state university,,
2025,219.0,7.0,7,Cale Wetwiska,Northern Oklahoma College-Enid,JC J2,Detroit Tigers,no_candidate,,,0,,,,,,
2025,220.0,7.0,7,Kerrington Cross,Cincinnati,4YR 5S,San Diego Padres,matched_exact_name,100.0,100.0,1,Kerrington Cross,sa3029598,CIN,university of cincinnati,,
2025,221.0,7.0,7,Matthew Fisher,Memorial HS,HS SR,Philadelphia Phillies,no_candidate,,,0,,,,,,
2025,222.0,7.0,7,Will McCausland,Ole Miss,4YR JR,Cleveland Guardians,no_candidate,,,0,,,,,,
2025,223.0,7.0,7,Cam Tilly,Auburn,4YR SO,New York Mets,no_candidate,,,0,,,,,,
2025,224.0,7.0,7,Richie Bonomolo Jr.,Alabama,4YR JR,New York Yankees,matched_exact_name,100.0,100.0,1,Richie Bonomolo Jr.,sa3058676,ALA,university of alabama,,
2025,225.0,7.0,7,Mason Estrada,MIT,4YR SO,Los Angeles Dodgers,no_candidate,,,0,,,,,,
2025,226.0,8.0,8,Blaine Wynk,Ohio State,4YR JR,Chicago White Sox,no_candidate,,,0,,,,,,
2025,227.0,8.0,8,Tanner Thach,UNC Wilmington,4YR JR,Colorado Rockies,matched_exact_name,100.0,100.0,1,Tanner Thach,sa3043649,UNCW,university of north carolina at wilmington,,
2025,228.0,8.0,8,Emilio Barreras,Grand Canyon University,4YR JR,Miami Marlins,matched_exact_name,100.0,100.0,1,Emilio Barreras,sa3026631,GCU,grand canyon university,,
2025,229.0,8.0,8,Isaiah Jackson,Arizona State,4YR JR,Los Angeles Angels,matched_exact_name,100.0,100.0,1,Isaiah Jackson,sa3034493,ASU,arizona state university,,
2025,230.0,8.0,8,Corey Braun,South Florida,4YR SR,Athletics,matched_exact_name,100.0,100.0,1,Corey Braun,sa3027612,USF,university of south florida,,
2025,231.0,8.0,8,Riley Maddox,Ole Miss,4YR SR,Washington Nationals,matched_exact_name,100.0,100.0,1,Riley Maddox,sa3036829,MISS,university of mississippi,,
2025,232.0,8.0,8,Danny Thompson Jr.,UNC Greensboro,4YR 5S,Toronto Blue Jays,matched_exact_name,100.0,100.0,1,Danny Thompson Jr.,sa3043750,UNCG,university of north carolina at greensboro,,
2025,233.0,8.0,8,Josh Tate,Georgia Southern,4YR JR,Pittsburgh Pirates,matched_exact_name,100.0,100.0,1,Josh Tate,sa3043523,GASO,georgia southern university,,
2025,234.0,8.0,8,Kyle McCoy,Maryland,4YR JR,Cincinnati Reds,matched_exact_name,100.0,100.0,1,Kyle McCoy,sa3037510,MD,university of maryland,,
2025,235.0,8.0,8,Evan Siary,Mississippi State,4YR JR,Texas Rangers,matched_exact_name,100.0,100.0,1,Evan Siary,sa3042246,MSST,mississippi state university,,
2025,236.0,8.0,8,Ben Bybee,Arkansas,4YR JR,San Francisco Giants,no_candidate,,,0,,,,,,
2025,237.0,8.0,8,Aidan Cremarosa,Fresno State,4YR JR,Tampa Bay Rays,matched_exact_name,100.0,100.0,1,Aidan Cremarosa,sa3029549,FRES,fresno state university,,
2025,238.0,8.0,8,Dylan Brown,Old Dominion,4YR JR,Boston Red Sox,matched_exact_name,100.0,100.0,1,Dylan Brown,sa3027818,ODU,old dominion university,,
2025,239.0,8.0,8,Ryan Sprock,Elon University,4YR JR,Minnesota Twins,matched_exact_name,100.0,100.0,1,Ryan Sprock,sa3042879,ELON,elon university,,
2025,240.0,8.0,8,Ryan Weingartner,Penn State,4YR JR,St. Louis Cardinals,matched_exact_name,100.0,100.0,1,Ryan Weingartner,sa3044957,PSU,penn state university,,
2025,241.0,8.0,8,Jake Knapp,North Carolina,4YR GR,Chicago Cubs,matched_exact_name,100.0,100.0,1,Jake Knapp,sa3035531,UNC,university of north carolina at chapel hill,,
2025,242.0,8.0,8,Danny Macchiarola,Holy Cross,4YR JR,Seattle Mariners,matched_exact_name,100.0,100.0,1,Danny Macchiarola,sa3036776,HC,the holy cross,,
2025,243.0,8.0,8,Jack Martinez,Arizona State,4YR SR,Arizona Diamondbacks,matched_exact_name,100.0,100.0,1,Jack Martinez,sa3037172,ASU,arizona state university,,
2025,244.0,8.0,8,Kailen Hamson,University of the Cumberlands,4YR SR,Baltimore Orioles,no_candidate,,,0,,,,,,
2025,245.0,8.0,8,Hayden Vucinovich,Bloomington Jefferson HS,HS SR,Milwaukee Brewers,no_candidate,,,0,,,,,,
2025,246.0,8.0,8,Kyle Walker,Arizona State,4YR JR,Houston Astros,matched_exact_name,100.0,100.0,1,Kyle Walker,sa3044681,ASU,arizona state university,,
2025,247.0,8.0,8,Carter Lovasz,William & Mary,4YR SR,Atlanta Braves,matched_exact_name,100.0,100.0,1,Carter Lovasz,sa3036586,W&M,william and mary,,
2025,248.0,8.0,8,Brooks Bryan,Troy University,4YR JR,Kansas City Royals,matched_exact_name,100.0,100.0,1,Brooks Bryan,sa3027921,TROY,troy university,,
2025,249.0,8.0,8,Nick Dumesnil,California Baptist University,4YR JR,Detroit Tigers,matched_exact_name,100.0,100.0,1,Nick Dumesnil,sa3030644,CBU,california baptist university,,
2025,250.0,8.0,8,Jamie Hitt,Oklahoma,4YR 5S,San Diego Padres,no_candidate,,,0,,,,,,
2025,251.0,8.0,8,Brian Walters,Miami,4YR SR,Philadelphia Phillies,matched_exact_name,100.0,100.0,1,Brian Walters,sa3044742,MIA,university of miami,,
2025,252.0,8.0,8,Anthony Martinez,University of California - Irvine,4YR JR,Cleveland Guardians,matched_exact_name,100.0,100.0,1,Anthony Martinez,sa3037212,UCI,"university of california, irvine",,
2025,253.0,8.0,8,Camden Lohman,Ft. Zumwalt North HS,HS SR,New York Mets,no_candidate,,,0,,,,,,
2025,254.0,8.0,8,Mac Heuer,Texas Tech,4YR SO,New York Yankees,matched_exact_name,100.0,100.0,1,Mac Heuer,sa3033740,TTU,texas tech university,,
2025,255.0,8.0,8,Jack O'Connor,Virginia,4YR JR,Los Angeles Dodgers,no_candidate,,,0,,,,,,
2025,256.0,9.0,9,Riley Eikhoff,Coastal Carolina,4YR GR,Chicago White Sox,matched_exact_name,100.0,100.0,1,Riley Eikhoff,sa3030851,CCU,coastal carolina university,,
2025,257.0,9.0,9,Zach Rogacki,SUNY Binghamton,4YR SR,Colorado Rockies,matched_exact_name,100.0,100.0,1,Zach Rogacki,sa3041032,BING,binghamton university,,
2025,258.0,9.0,9,Kaiden Wilson,Texas A&M,4YR SO,Miami Marlins,no_candidate,,,0,,,,,,
2025,259.0,9.0,9,Slate Alford,Georgia,4YR SR,Los Angeles Angels,matched_exact_name,100.0,100.0,1,Slate Alford,sa3025895,UGA,university of georgia,,
2025,260.0,9.0,9,Daniel Bucciero,Fordham,4YR JR,Athletics,matched_exact_name,100.0,100.0,1,Daniel Bucciero,sa3027937,FOR,fordham university,,
2025,261.0,9.0,9,Wyatt Henseler,Texas A&M,4YR 5S,Washington Nationals,matched_exact_name,100.0,100.0,1,Wyatt Henseler,sa3033639,TA&M,texas aandm university,,
2025,262.0,9.0,9,Karson Ligon,Mississippi State,4YR SR,Toronto Blue Jays,matched_exact_name,100.0,100.0,1,Karson Ligon,sa3036337,MSST,mississippi state university,,
2025,263.0,9.0,9,Jared Jones,LSU,4YR JR,Pittsburgh Pirates,matched_exact_name,100.0,100.0,1,Jared Jones,sa3034881,LSU,louisiana state university,,
2025,264.0,9.0,9,Kien Vu,Arizona State,4YR JR,Cincinnati Reds,matched_exact_name,100.0,100.0,1,Kien Vu,sa3044590,ASU,arizona state university,,
2025,265.0,9.0,9,Owen Proksch,Duke,4YR JR,Texas Rangers,matched_exact_name,100.0,100.0,1,Owen Proksch,sa3040240,DUKE,duke university,,
2025,266.0,9.0,9,Reid Worley,Cherokee HS,HS SR,San Francisco Giants,no_candidate,,,0,,,,,,
2025,267.0,9.0,9,Mason Nichols,Ole Miss,4YR SR,Tampa Bay Rays,matched_exact_name,100.0,100.0,1,Mason Nichols,sa3038845,MISS,university of mississippi,,
2025,268.0,9.0,9,Jacob Mayers,LSU,4YR JR,Boston Red Sox,no_candidate,,,0,,,,,,
2025,269.0,9.0,9,Justin Mitrovich,Elon University,4YR JR,Minnesota Twins,matched_exact_name,100.0,100.0,1,Justin Mitrovich,sa3038180,ELON,elon university,,
2025,270.0,9.0,9,Michael Dattalo,Dallas Baptist,4YR JR,St. Louis Cardinals,matched_exact_name,100.0,100.0,1,Michael Dattalo,sa3029852,DBU,dallas baptist university,,
2025,271.0,9.0,9,Colton Book,Saint Joseph's,4YR JR,Chicago Cubs,matched_exact_name,100.0,100.0,1,Colton Book,sa3027377,JOES,st. joseph's university,,
2025,272.0,9.0,9,Jackson Steensma,Appalachian State,4YR JR,Seattle Mariners,no_candidate,,,0,,,,,,
2025,273.0,9.0,9,Wallace Clark,Duke,4YR SR,Arizona Diamondbacks,matched_exact_name,100.0,100.0,1,Wallace Clark,sa3028999,DUKE,duke university,,
2025,274.0,9.0,9,Cam Lee,Mineral Area JC,JC J1,Baltimore Orioles,no_candidate,,,0,,,,,,
2025,275.0,9.0,9,Andrew Healy,Duke,4YR JR,Milwaukee Brewers,no_candidate,,,0,,,,,,
2025,276.0,9.0,9,Kellan Oakes,Oregon State,4YR JR,Houston Astros,no_candidate,,,0,,,,,,
2025,277.0,9.0,9,Logan Braunschweig,UAB,4YR SR,Atlanta Braves,matched_exact_name,100.0,100.0,1,Logan Braunschweig,sa3027614,UAB,university of alabama at birmingham,,
2025,278.0,9.0,9,Shane Van Dam,NC State,4YR JR,Kansas City Royals,no_candidate,,,0,,,,,,
2025,279.0,9.0,9,Trevor Heishman,St. John Bosco HS,HS SR,Detroit Tigers,no_candidate,,,0,,,,,,
2025,280.0,9.0,9,Will Koger,Arizona State,4YR SR,San Diego Padres,rejected_fuzzy_school_guard,85.7,22.2,1,,,,,Will Rogers,22.2
2025,281.0,9.0,9,Matthew Ferrara,Toms River HS East,HS SR,Philadelphia Phillies,no_candidate,,,0,,,,,,
2025,282.0,9.0,9,Ryan Prager,Texas A&M,4YR SR,Cleveland Guardians,matched_exact_name,100.0,100.0,1,Ryan Prager,sa3040167,TA&M,texas aandm university,,
2025,283.0,9.0,9,Anthony Frobose,Lakeland HS,HS SR,New York Mets,no_candidate,,,0,,,,,,
2025,284.0,9.0,9,Blake Gillespie,UNC Charlotte,4YR JR,New York Yankees,matched_exact_name,100.0,100.0,1,Blake Gillespie,sa3032227,CLT,university of north carolina at charlotte,,
2025,285.0,9.0,9,Conner O'Neal,Southeastern Louisiana U,4YR SR,Los Angeles Dodgers,matched_fuzzy_name,88.0,100.0,1,Connor ONeal,sa3039155,SELA,southeastern louisiana university,,
2025,286.0,10.0,10,Daniel Wright,Iowa,4YR GR,Chicago White Sox,no_candidate,,,0,,,,,,
2025,287.0,10.0,10,Austin Newton,South Florida,4YR JR,Colorado Rockies,rejected_fuzzy_school_guard,88.0,23.5,1,,,,,Austin Eaton,23.5
2025,288.0,10.0,10,Jake McCutcheon,Missouri State,4YR JR,Miami Marlins,matched_exact_name,100.0,100.0,1,Jake McCutcheon,sa3037531,MOST,missouri state university,,
2025,289.0,10.0,10,Nick Rodriguez,Missouri State,4YR SR,Los Angeles Angels,matched_exact_name,100.0,100.0,1,Nick Rodriguez,sa3041005,MOST,missouri state university,,
2025,290.0,10.0,10,Samuel Dutton,Auburn,4YR SR,Athletics,matched_exact_name,100.0,100.0,1,Samuel Dutton,sa3030705,AUB,auburn university,,
2025,291.0,10.0,10,Hunter Hines,Mississippi State,4YR SR,Washington Nationals,matched_exact_name,100.0,100.0,1,Hunter Hines,sa3033858,MSST,mississippi state university,,
2025,292.0,10.0,10,Austin Smith,University of San Diego,4YR SR,Toronto Blue Jays,matched_exact_name,100.0,100.0,1,Austin Smith,sa3042481,USD,university of san diego,,
2025,293.0,10.0,10,Matt King,Arizona State,4YR SR,Pittsburgh Pirates,matched_exact_name,100.0,100.0,1,Matt King,sa3035409,ASU,arizona state university,,
2025,294.0,10.0,10,Ty Doucette,Rutgers,4YR SO,Cincinnati Reds,matched_exact_name,100.0,100.0,1,Ty Doucette,sa3030503,RUTG,rutgers university,,
2025,295.0,10.0,10,J.D. McReynolds,University of Central Missouri,4YR SR,Texas Rangers,no_candidate,,,0,,,,,,
2025,296.0,10.0,10,Isaiah Barkett,Stetson,4YR JR,San Francisco Giants,matched_exact_name,100.0,100.0,1,Isaiah Barkett,sa3026572,STET,stetson university,,
2025,297.0,10.0,10,Trendan Parish,Texas Tech,4YR SR,Tampa Bay Rays,no_candidate,,,0,,,,,,
2025,298.0,10.0,10,Maximus Martin,Kansas State,4YR JR,Boston Red Sox,matched_exact_name,100.0,100.0,1,Maximus Martin,sa3037194,KSU,kansas st.,,
2025,299.0,10.0,10,Shai Robinson,Illinois State,4YR JR,Minnesota Twins,matched_exact_name,100.0,100.0,1,Shai Robinson,sa3040921,ILST,illinois state university,,
2025,300.0,10.0,10,Ty Van Dyke,Stetson,4YR SR,St. Louis Cardinals,no_candidate,,,0,,,,,,
2025,301.0,10.0,10,Justin Stransky,Fresno State,4YR SR,Chicago Cubs,matched_exact_name,100.0,100.0,1,Justin Stransky,sa3043207,FRES,fresno state university,,
2025,302.0,10.0,10,Isaac Lyon,Grand Canyon University,4YR JR,Seattle Mariners,matched_exact_name,100.0,100.0,1,Isaac Lyon,sa3036750,GCU,grand canyon university,,
2025,303.0,10.0,10,Brady Counsell,Kansas,4YR SR,Arizona Diamondbacks,matched_exact_name,100.0,100.0,1,Brady Counsell,sa3029467,KU,university of kansas,,
2025,304.0,10.0,10,Dalton Neuschwander,University of West Florida,4YR 5S,Baltimore Orioles,no_candidate,,,0,,,,,,
2025,305.0,10.0,10,Braylon Owens,UTSA,4YR SR,Milwaukee Brewers,matched_exact_name,100.0,100.0,1,Braylon Owens,sa3039298,UTSA,university of texas at san antonio,,
2025,306.0,10.0,10,Zach Daudet,Cal Poly San Luis Obispo,4YR SR,Houston Astros,matched_exact_name,100.0,100.0,1,Zach Daudet,sa3029854,CP,california polytechnic state university,,
2025,307.0,10.0,10,Kade Woods,LSU,4YR SR,Atlanta Braves,rejected_fuzzy_school_guard,94.7,11.1,1,,,,,Kade Wood,11.1
2025,308.0,10.0,10,Max Martin,University of California - Irvine,4YR JR,Kansas City Royals,no_candidate,,,0,,,,,,
2025,309.0,10.0,10,Edian Espinal,Central Florida,4YR JR,Detroit Tigers,matched_exact_name,100.0,100.0,1,Edian Espinal,sa3059139,UCF,university of central florida,,
2025,310.0,10.0,10,Justin DeCriscio,NC State,4YR SR,San Diego Padres,matched_exact_name,100.0,100.0,1,Justin DeCriscio,sa3030012,NCSU,north carolina state university,,
2025,311.0,10.0,10,Cole Gilley,Indiana,4YR GR,Philadelphia Phillies,matched_exact_name,100.0,100.0,1,Cole Gilley,sa3032230,IU,indiana university,,
2025,312.0,10.0,10,Harrison Bodendorf,Oklahoma State,4YR JR,Cleveland Guardians,matched_exact_name,100.0,100.0,1,Harrison Bodendorf,sa3027303,OKST,oklahoma state university,,
2025,313.0,10.0,10,Tyler McLoughlin,Georgia,4YR 5S,New York Mets,no_candidate,,,0,,,,,,
2025,314.0,10.0,10,Connor McGinnis,Houston,4YR JR,New York Yankees,no_candidate,,,0,,,,,,
2025,315.0,10.0,10,Jacob Frost,Kansas State,4YR SR,Los Angeles Dodgers,matched_exact_name,100.0,100.0,1,Jacob Frost,sa3031744,KSU,kansas st.,,
2025,316.0,11.0,11,Matthew Boughton,Covenant HS,HS SR,Chicago White Sox,no_candidate,,,0,,,,,,
2025,317.0,11.0,11,Zach Harris,Georgia,4YR JR,Colorado Rockies,no_candidate,,,0,,,,,,
2025,318.0,11.0,11,Jadon Williamson,Lewis-Clark State College,4YR 5S,Miami Marlins,no_candidate,,,0,,,,,,
2025,319.0,11.0,11,Alton Davis II,Georgia,4YR JR,Los Angeles Angels,no_candidate,,,0,,,,,,
2025,320.0,11.0,11,Bobby Boser,Florida,4YR SR,Athletics,matched_exact_name,100.0,100.0,1,Bobby Boser,sa3027420,FLA,university of florida,,
2025,321.0,11.0,11,Jack Moroknek,Butler,4YR SR,Washington Nationals,matched_exact_name,100.0,100.0,1,Jack Moroknek,sa3038388,BUT,butler university,,
2025,322.0,11.0,11,Jared Spencer,Texas,4YR SR,Toronto Blue Jays,matched_exact_name,100.0,100.0,1,Jared Spencer,sa3042828,TEX,university of texas at austin,,
2025,323.0,11.0,11,Dylan Palmer,Hofstra,4YR JR,Pittsburgh Pirates,matched_exact_name,100.0,100.0,1,Dylan Palmer,sa3039377,HOF,hofstra university,,
2025,324.0,11.0,11,Jake Brink,College of Charleston,4YR JR,Cincinnati Reds,matched_exact_name,100.0,100.0,1,Jake Brink,sa3027698,COFC,charleston,,
2025,325.0,11.0,11,Jacob Johnson,Pearl River CC,JC J1,Texas Rangers,no_candidate,,,0,,,,,,
2025,326.0,11.0,11,Rod Barajas Jr.,Saddleback College,JC J3,San Francisco Giants,no_candidate,,,0,,,,,,
2025,327.0,11.0,11,Luke Jackson,Texas A&M,4YR JR,Tampa Bay Rays,no_candidate,,,0,,,,,,
2025,328.0,11.0,11,Barrett Morgan,Cowley County CC,JC J2,Boston Red Sox,no_candidate,,,0,,,,,,
2025,329.0,11.0,11,Ryan Daniels,Connecticut,4YR JR,Minnesota Twins,matched_exact_name,100.0,100.0,1,Ryan Daniels,sa3029829,CONN,university of connecticut,,
2025,330.0,11.0,11,Jalin Flores,Texas,4YR JR,St. Louis Cardinals,matched_exact_name,100.0,100.0,1,Jalin Flores,sa3031465,TEX,university of texas at austin,,
2025,331.0,11.0,11,Eli Jerzembeck,South Carolina,4YR JR,Chicago Cubs,no_candidate,,,0,,,,,,
2025,332.0,11.0,11,Dusty Revis,Western Carolina,4YR SR,Seattle Mariners,matched_exact_name,100.0,100.0,1,Dusty Revis,sa3040639,WCU,western carolina university,,
2025,333.0,11.0,11,Luke Dotson,Mississippi State,4YR SO,Arizona Diamondbacks,no_candidate,,,0,,,,,,
2025,334.0,11.0,11,Holden deJong,New Jersey Institute of Technology,4YR JR,Baltimore Orioles,no_candidate,,,0,,,,,,
2025,335.0,11.0,11,CJ Hughes,Junipero Serra HS,HS SR,Milwaukee Brewers,no_candidate,,,0,,,,,,
2025,336.0,11.0,11,Justin Thomas,Arkansas,4YR JR,Houston Astros,matched_exact_name,100.0,100.0,1,Justin Thomas,sa3043700,ARK,university of arkansas,,
2025,337.0,11.0,11,Colin Daniel,U Alabama Birmingham,4YR JR,Atlanta Braves,matched_exact_name,100.0,100.0,1,Colin Daniel,sa3029823,UAB,university of alabama at birmingham,,
2025,338.0,11.0,11,Hunter Alberini,Arizona,4YR JR,Kansas City Royals,no_candidate,,,0,,,,,,
2025,339.0,11.0,11,River Hamilton,Sam Barlow HS,HS SR,Detroit Tigers,no_candidate,,,0,,,,,,
2025,340.0,11.0,11,Truitt Madonna,Ballard HS,HS SR,San Diego Padres,no_candidate,,,0,,,,,,
2025,341.0,11.0,11,Will Vierling,Murray State University,4YR JR,Philadelphia Phillies,matched_exact_name,100.0,100.0,1,Will Vierling,sa3044487,MUR,murray state university,,
2025,342.0,11.0,11,Tyler Howard,University of Portland,4YR JR,Cleveland Guardians,matched_exact_name,100.0,100.0,2,Tyler Howard,sa3034172,PORT,portland state university,,
2025,343.0,11.0,11,Wyatt Vincent,Nixa HS,HS SR,New York Mets,no_candidate,,,0,,,,,,
2025,344.0,11.0,11,Ben Grable,Indiana,4YR 5S,New York Yankees,matched_exact_name,100.0,100.0,1,Ben Grable,sa3032539,IU,indiana university,,
2025,345.0,11.0,11,Dylan Tate,Oklahoma,4YR JR,Los Angeles Dodgers,no_candidate,,,0,,,,,,
2025,346.0,12.0,12,Ely Brown,Mercer U,4YR JR,Chicago White Sox,matched_exact_name,100.0,100.0,1,Ely Brown,sa3027822,MER,mercer university,,
2025,347.0,12.0,12,Brady Parker,Houston-Victoria,4YR JR,Colorado Rockies,no_candidate,,,0,,,,,,
2025,348.0,12.0,12,Wilson Weber,Oregon State,4YR SR,Miami Marlins,matched_exact_name,100.0,100.0,1,Wilson Weber,sa3044929,ORST,oregon state university,,
2025,349.0,12.0,12,Talon Haley,Lewisburg HS,HS SR,Los Angeles Angels,no_candidate,,,0,,,,,,
2025,350.0,12.0,12,Alex Barr,Kankakee Valley HS,HS SR,Athletics,rejected_fuzzy_school_guard,85.7,29.6,1,,,,,Alex Barrist,29.6
2025,351.0,12.0,12,Ben Moore,Old Dominion,4YR JR,Washington Nationals,matched_exact_name,100.0,100.0,1,Ben Moore,sa3038278,ODU,old dominion university,,
2025,352.0,12.0,12,Blaine Bullard,Klein Cain HS,HS SR,Toronto Blue Jays,no_candidate,,,0,,,,,,
2025,353.0,12.0,12,Cameron Keshock,Samford University,4YR JR,Pittsburgh Pirates,matched_exact_name,100.0,100.0,1,Cameron Keshock,sa3035309,SAM,samford,,
2025,354.0,12.0,12,Carson Latimer,Sacramento State,4YR JR,Cincinnati Reds,no_candidate,,,0,,,,,,
2025,355.0,12.0,12,Jake Barbee,Jay M Robinson HS,HS SR,Texas Rangers,no_candidate,,,0,,,,,,
2025,356.0,12.0,12,Cody Delvecchio,UCLA,4YR JR,San Francisco Giants,no_candidate,,,0,,,,,,
2025,357.0,12.0,12,Brady Jones,Georgia Tech,4YR JR,Tampa Bay Rays,matched_exact_name,100.0,100.0,1,Brady Jones,sa3034851,GT,georgia institute of technology,,
2025,358.0,12.0,12,Ethan Walker,Kentucky,4YR JR,Boston Red Sox,matched_exact_name,100.0,100.0,1,Ethan Walker,sa3044666,UK,university of kentucky,,
2025,359.0,12.0,12,Kolten Smith,Georgia,4YR JR,Minnesota Twins,no_candidate,,,0,,,,,,
2025,360.0,12.0,12,Kaden Echeman,Northern Kentucky,4YR SR,St. Louis Cardinals,matched_exact_name,100.0,100.0,1,Kaden Echeman,sa3030766,NKU,northern kentucky university,,
2025,361.0,12.0,12,Connor Spencer,Ole Miss,4YR GR,Chicago Cubs,no_candidate,,,0,,,,,,
2025,362.0,12.0,12,Grant Jay,Dallas Baptist,4YR JR,Seattle Mariners,matched_exact_name,100.0,100.0,1,Grant Jay,sa3034611,DBU,dallas baptist university,,
2025,363.0,12.0,12,Tayler Montiel,Tulane,4YR SR,Arizona Diamondbacks,no_candidate,,,0,,,,,,
2025,364.0,12.0,12,Daniel Lopez,Odessa College,JC J1,Baltimore Orioles,no_candidate,,,0,,,,,,
2025,365.0,12.0,12,Cooper Underwood,Allatoona HS,HS SR,Milwaukee Brewers,no_candidate,,,0,,,,,,
2025,366.0,12.0,12,Elijah Farley,Navarro HS,HS SR,Houston Astros,no_candidate,,,0,,,,,,
2025,367.0,12.0,12,Jay Woolfolk,Virginia,4YR SR,Atlanta Braves,matched_exact_name,100.0,100.0,1,Jay Woolfolk,sa3045574,UVA,university of virginia,,
2025,368.0,12.0,12,Matthew Hoskins,Georgia,4YR JR,Kansas City Royals,no_candidate,,,0,,,,,,
2025,369.0,12.0,12,Cash Kuiper,Murray State College,JC J2,Detroit Tigers,no_candidate,,,0,,,,,,
2025,370.0,12.0,12,George Bilecki,Lewis U,4YR JR,San Diego Padres,no_candidate,,,0,,,,,,
2025,371.0,12.0,12,Tyler Bowen,Lander University,4YR SR,Philadelphia Phillies,no_candidate,,,0,,,,,,
2025,372.0,12.0,12,Ryan DeSanto,Penn State,4YR JR,Cleveland Guardians,matched_exact_name,100.0,100.0,1,Ryan DeSanto,sa3030191,PSU,penn state university,,
2025,373.0,12.0,12,Truman Pauley,Harvard,4YR SO,New York Mets,matched_exact_name,100.0,100.0,1,Truman Pauley,sa3039559,HARV,harvard university,,
2025,374.0,12.0,12,Camden Troyer,Liberty University,4YR SR,New York Yankees,matched_exact_name,100.0,100.0,1,Camden Troyer,sa3044088,LIB,liberty university,,
2025,375.0,12.0,12,Logan Lunceford,Wake Forest,4YR JR,Los Angeles Dodgers,matched_exact_name,100.0,100.0,1,Logan Lunceford,sa3036695,WAKE,wake forest university,,
2025,376.0,13.0,13,Rylan Galvan,Texas,4YR JR,Chicago White Sox,matched_exact_name,100.0,100.0,1,Rylan Galvan,sa3031877,TEX,university of texas at austin,,
2025,377.0,13.0,13,Izeah Muniz,Mt. San Antonio College,JC J2,Colorado Rockies,no_candidate,,,0,,,,,,
2025,378.0,13.0,13,Chase Renner,Penn State,4YR SR,Miami Marlins,no_candidate,,,0,,,,,,
2025,379.0,13.0,13,Xavier Mitchell,Prestonwood Christian Academy,HS SR,Los Angeles Angels,no_candidate,,,0,,,,,,
2025,380.0,13.0,13,Bryan Arendt,UNC Wilmington,4YR SR,Athletics,matched_exact_name,100.0,100.0,1,Bryan Arendt,sa3026168,UNCW,university of north carolina at wilmington,,
2025,381.0,13.0,13,Tucker Biven,Louisville,4YR JR,Washington Nationals,no_candidate,,,0,,,,,,
2025,382.0,13.0,13,Trace Baker,UNC Wilmington,4YR JR,Toronto Blue Jays,matched_exact_name,100.0,100.0,1,Trace Baker,sa3026451,UNCW,university of north carolina at wilmington,,
2025,383.0,13.0,13,Dylan Mathiesen,Liberty University,4YR JR,Pittsburgh Pirates,matched_exact_name,100.0,100.0,1,Dylan Mathiesen,sa3037301,LIB,liberty university,,
2025,384.0,13.0,13,Brady Afthim,Connecticut,4YR SR,Cincinnati Reds,no_candidate,,,0,,,,,,
2025,385.0,13.0,13,Aiden Robertson,Walters State CC,JC J2,Texas Rangers,no_candidate,,,0,,,,,,
2025,386.0,13.0,13,Broedy Poppell,Florida A&M,4YR SR,San Francisco Giants,matched_exact_name,100.0,100.0,1,Broedy Poppell,sa3040084,FAMU,florida aandm university,,
2025,387.0,13.0,13,Ethan Storm,Rock Valley College,JC J3,Tampa Bay Rays,no_candidate,,,0,,,,,,
2025,388.0,13.0,13,Jack Winnay,Wake Forest,4YR JR,Boston Red Sox,matched_exact_name,100.0,100.0,1,Jack Winnay,sa3045455,WAKE,wake forest university,,
2025,389.0,13.0,13,Callan Fang,Harvard,4YR JR,Minnesota Twins,matched_exact_name,100.0,100.0,1,Callan Fang,sa3031142,HARV,harvard university,,
2025,390.0,13.0,13,Jake Shelagowski,Saginaw Valley State,4YR JR,St. Louis Cardinals,no_candidate,,,0,,,,,,
2025,391.0,13.0,13,Nate Williams,Mississippi State,4YR SR,Chicago Cubs,rejected_fuzzy_school_guard,88.0,33.3,1,,,,,Jae Williams,33.3
2025,392.0,13.0,13,Aiden Taurek,Saint Mary's,NS,Seattle Mariners,matched_exact_name,100.0,100.0,1,Aiden Taurek,sa3043532,SMC,st. mary's california,,
2025,393.0,13.0,13,Alex Galvan,Central Florida,4YR 5S,Arizona Diamondbacks,no_candidate,,,0,,,,,,
2025,394.0,13.0,13,Brayden Smith,Oklahoma State,4YR JR,Baltimore Orioles,matched_exact_name,100.0,100.0,1,Brayden Smith,sa3060601,OKST,oklahoma state university,,
2025,395.0,13.0,13,Gavin Lauridsen,Foothill HS,HS SR,Milwaukee Brewers,no_candidate,,,0,,,,,,
2025,396.0,13.0,13,Aubrey Smith,UNC Wilmington,4YR JR,Houston Astros,matched_exact_name,100.0,100.0,1,Aubrey Smith,sa3042482,UNCW,university of north carolina at wilmington,,
2025,397.0,13.0,13,Logan Forsythe,Louisiana Tech,4YR JR,Atlanta Braves,matched_exact_name,100.0,100.0,1,Logan Forsythe,sa3031560,LT,louisiana tech university,,
2025,398.0,13.0,13,Tyson Moran,No School,NS,Kansas City Royals,no_candidate,,,0,,,,,,
2025,399.0,13.0,13,Jack Goodman,Northeastern,4YR JR,Detroit Tigers,matched_exact_name,100.0,100.0,1,Jack Goodman,sa3032460,NE,northeastern university,,
2025,400.0,13.0,13,Dylan Grego,Ball State,4YR JR,San Diego Padres,matched_exact_name,100.0,100.0,1,Dylan Grego,sa3032686,BALL,ball state university,,
2025,401.0,13.0,13,Jack Barker,Col of Southern Idaho,JC J2,Philadelphia Phillies,no_candidate,,,0,,,,,,
2025,402.0,13.0,13,Aaron Savary,Iowa,4YR JR,Cleveland Guardians,matched_exact_name,100.0,100.0,1,Aaron Savary,sa3041614,IOWA,university of iowa,,
2025,403.0,13.0,13,Frank Camarillo,UC Santa Barbara,4YR JR,New York Mets,no_candidate,,,0,,,,,,
2025,404.0,13.0,13,Kyle West,West Virginia,4YR SR,New York Yankees,matched_exact_name,100.0,100.0,1,Kyle West,sa3045036,WVU,west virginia university,,
2025,405.0,13.0,13,Robby Porco,West Virginia,4YR JR,Los Angeles Dodgers,no_candidate,,,0,,,,,,
2025,406.0,14.0,14,Max Banks,Washington,4YR SR,Chicago White Sox,matched_exact_name,100.0,100.0,1,Max Banks,sa3058549,WASH,university of washington,,
2025,407.0,14.0,14,Luke Broderick,Nebraska,4YR JR,Colorado Rockies,no_candidate,,,0,,,,,,
2025,408.0,14.0,14,Carson Laws,Texas State,4YR JR,Miami Marlins,no_candidate,,,0,,,,,,
2025,409.0,14.0,14,TJ Ford,Trinity Christian School,HS SR,Los Angeles Angels,no_candidate,,,0,,,,,,
2025,410.0,14.0,14,Griffin Kirn,West Virginia,4YR 5S,Athletics,matched_exact_name,100.0,100.0,1,Griffin Kirn,sa3059692,WVU,west virginia university,,
2025,411.0,14.0,14,Nick Hollifield,UAB,4YR JR,Washington Nationals,matched_exact_name,100.0,100.0,1,NIck Hollifield,sa3033990,UAB,university of alabama at birmingham,,
2025,412.0,14.0,14,Noah Palmese,Webber International University,4YR SR,Toronto Blue Jays,no_candidate,,,0,,,,,,
2025,413.0,14.0,14,Connor Hamilton,Montgomery Bell Academy,HS SR,Pittsburgh Pirates,no_candidate,,,0,,,,,,
2025,414.0,14.0,14,Bryce Archie,South Florida,4YR JR,Cincinnati Reds,no_candidate,,,0,,,,,,
2025,415.0,14.0,14,Landon Manzi,Killingly HS,HS SR,Texas Rangers,no_candidate,,,0,,,,,,
2025,416.0,14.0,14,Trey Seeley,Hope International University,4YR SR,San Francisco Giants,no_candidate,,,0,,,,,,
2025,417.0,14.0,14,Jacob Hartlaub,Ball State,4YR SR,Tampa Bay Rays,matched_exact_name,100.0,100.0,1,Jacob Hartlaub,sa3033345,BALL,ball state university,,
2025,418.0,14.0,14,Carter Rasmussen,Wofford,4YR JR,Boston Red Sox,no_candidate,,,0,,,,,,
2025,419.0,14.0,14,Merit Jones,Utah,4YR JR,Minnesota Twins,matched_exact_name,100.0,100.0,1,Merit Jones,sa3034898,UTAH,university of utah,,
2025,420.0,14.0,14,Anthony Watts,Iowa,4YR JR,St. Louis Cardinals,no_candidate,,,0,,,,,,
2025,421.0,14.0,14,Kaemyn Franklin,Victory Christian,HS SR,Chicago Cubs,no_candidate,,,0,,,,,,
2025,422.0,14.0,14,Luke Heyman,Florida,4YR JR,Seattle Mariners,matched_exact_name,100.0,100.0,1,Luke Heyman,sa3033754,FLA,university of florida,,
2025,423.0,14.0,14,Blake Fields,The First Academy,HS SR,Arizona Diamondbacks,no_candidate,,,0,,,,,,
2025,424.0,14.0,14,Brayan Orrantia,New Mexico JC,JC J2,Baltimore Orioles,no_candidate,,,0,,,,,,
2025,425.0,14.0,14,Brendan Brock,Southwestern Illinois College,JC J3,Milwaukee Brewers,no_candidate,,,0,,,,,,
2025,426.0,14.0,14,Josh Wakefield,Grand Canyon University,4YR JR,Houston Astros,matched_exact_name,100.0,100.0,1,Josh Wakefield,sa3065621,GCU,grand canyon university,,
2025,427.0,14.0,14,Mathieu Curtis,Virginia Tech,4YR JR,Atlanta Braves,no_candidate,,,0,,,,,,
2025,428.0,14.0,14,JC Vanek,Chipola College,JC J1,Kansas City Royals,no_candidate,,,0,,,,,,
2025,429.0,14.0,14,Beau Ankeney,Loyola Marymount University,4YR SR,Detroit Tigers,matched_exact_name,100.0,100.0,1,Beau Ankeney,sa3026106,LMU,loyola marymount university,,
2025,430.0,14.0,14,Clay Edmondson,UNC Asheville,4YR SR,San Diego Padres,matched_exact_name,100.0,100.0,1,Clay Edmondson,sa3030792,UNCA,university of north carolina at asheville,,
2025,431.0,14.0,14,Jonathan Gonzalez,Stetson,4YR GR,Philadelphia Phillies,matched_exact_name,100.0,100.0,1,Jonathan Gonzalez,sa3032427,STET,stetson university,,
2025,432.0,14.0,14,Anthony Silva,TCU,4YR JR,Cleveland Guardians,matched_exact_name,100.0,100.0,1,Anthony Silva,sa3042287,TCU,texas christian university,,
2025,433.0,14.0,14,James Smith IV,University of Memphis,4YR JR,New York Mets,no_candidate,,,0,,,,,,
2025,434.0,14.0,14,Brennan Stuprich,Southeastern Louisiana University,4YR GR,New York Yankees,matched_exact_name,100.0,100.0,1,Brennan Stuprich,sa3043279,SELA,southeastern louisiana university,,
2025,435.0,14.0,14,Davis Chastain,U Georgia,4YR JR,Los Angeles Dodgers,no_candidate,,,0,,,,,,
2025,436.0,15.0,15,Caedmon Parker,TCU,4YR JR,Chicago White Sox,matched_exact_name,100.0,100.0,1,Caedmon Parker,sa3039449,TCU,texas christian university,,
2025,437.0,15.0,15,Dylan Crooks,Oklahoma,4YR SR,Colorado Rockies,no_candidate,,,0,,,,,,
2025,438.0,15.0,15,Josh Hogue,NC State,4YR JR,Miami Marlins,matched_exact_name,100.0,100.0,1,Josh Hogue,sa3033938,NCSU,north carolina state university,,
2025,439.0,15.0,15,Mikey Cascino,A3 Academy,HS SR,Los Angeles Angels,no_candidate,,,0,,,,,,
2025,440.0,15.0,15,Diego Rosa,International Baseball Academy,HS SR,Athletics,no_candidate,,,0,,,,,,
2025,441.0,15.0,15,Jacob Walsh,Oregon,4YR SR,Washington Nationals,matched_exact_name,100.0,100.0,1,Jacob Walsh,sa3044728,ORE,university of oregon,,
2025,442.0,15.0,15,Jake Casey,Kent State,4YR SR,Toronto Blue Jays,matched_exact_name,100.0,100.0,1,Jake Casey,sa3028574,KENT,kent state university,,
2025,443.0,15.0,15,McLane Moody,Northside Senior HS,HS SR,Pittsburgh Pirates,no_candidate,,,0,,,,,,
2025,444.0,15.0,15,Andrew Shaffner,NC State,4YR JR,Cincinnati Reds,no_candidate,,,0,,,,,,
2025,445.0,15.0,15,Luke Hanson,Virginia,4YR JR,Texas Rangers,matched_exact_name,100.0,100.0,1,Luke Hanson,sa3033183,UVA,university of virginia,,
2025,446.0,15.0,15,Damian Bravo,Texas Tech,4YR JR,San Francisco Giants,matched_exact_name,100.0,100.0,1,Damian Bravo,sa3027616,TTU,texas tech university,,
2025,447.0,15.0,15,Alex Wallace,McLennan CC,JC J2,Tampa Bay Rays,no_candidate,,,0,,,,,,
2025,448.0,15.0,15,Skylar King,West Virginia,4YR JR,Boston Red Sox,matched_exact_name,100.0,100.0,1,Skylar King,sa3035415,WVU,west virginia university,,
2025,449.0,15.0,15,Reed Moring,UC Santa Barbara,4YR JR,Minnesota Twins,no_candidate,,,0,,,,,,
2025,450.0,15.0,15,Trevor Haskins,Stanford,4YR SR,St. Louis Cardinals,matched_exact_name,100.0,100.0,1,Trevor Haskins,sa3033370,STAN,stanford university,,
2025,451.0,15.0,15,Noah Edders,Troy University,4YR SR,Chicago Cubs,matched_exact_name,100.0,100.0,1,Noah Edders,sa3030774,TROY,troy university,,
2025,452.0,15.0,15,Brayden Corn,Western Carolina U,4YR JR,Seattle Mariners,matched_exact_name,100.0,100.0,1,Brayden Corn,sa3058932,WCU,western carolina university,,
2025,453.0,15.0,15,Hayden Murphy,Auburn,4YR JR,Arizona Diamondbacks,no_candidate,,,0,,,,,,
2025,454.0,15.0,15,KK Clark,Pearl River CC,JC J2,Baltimore Orioles,no_candidate,,,0,,,,,,
2025,455.0,15.0,15,Dominic Cadiz,Notre Dame HS,HS SR,Milwaukee Brewers,no_candidate,,,0,,,,,,
2025,456.0,15.0,15,DJ Newman,Bowling Green,4YR JR,Houston Astros,no_candidate,,,0,,,,,,
2025,457.0,15.0,15,Dallas Macias,Oregon State,4YR JR,Atlanta Braves,no_candidate,,,0,,,,,,
2025,458.0,15.0,15,Connor Rasmussen,Tulane,4YR JR,Kansas City Royals,matched_exact_name,100.0,100.0,1,Connor Rasmussen,sa3040471,TULN,tulane university,,
2025,459.0,15.0,15,Charlie Christensen,U Central Arkansas,4YR JR,Detroit Tigers,matched_fuzzy_name,94.7,100.0,1,Charlie Christenson,sa3028883,CARK,university of central arkansas,,
2025,460.0,15.0,15,Ryan Reed,Pittsburgh,4YR JR,San Diego Padres,matched_exact_name,100.0,100.0,1,Ryan Reed,sa3040535,PITT,university of pittsburgh,,
2025,461.0,15.0,15,Jacob Pruitt,Mississippi State,4YR JR,Philadelphia Phillies,no_candidate,,,0,,,,,,
2025,462.0,15.0,15,Evan Chrest,Florida State,4YR JR,Cleveland Guardians,no_candidate,,,0,,,,,,
2025,463.0,15.0,15,Conner Ware,LSU,4YR JR,New York Mets,no_candidate,,,0,,,,,,
2025,464.0,15.0,15,Jack Cebert,Texas Tech,4YR SR,New York Yankees,matched_exact_name,100.0,100.0,1,Jack Cebert,sa3028683,TTU,texas tech university,,
2025,465.0,15.0,15,Matt Lanzendorfer,Virginia,4YR GR,Los Angeles Dodgers,no_candidate,,,0,,,,,,
2025,466.0,16.0,16,Kaleb Freeman,Georgia State,4YR SR,Chicago White Sox,matched_exact_name,100.0,100.0,1,Kaleb Freeman,sa3031690,GAST,georgia state university,,
2025,467.0,16.0,16,Seth Clausen,Minnesota,4YR SR,Colorado Rockies,no_candidate,,,0,,,,,,
2025,468.0,16.0,16,RJ Shunck,Toledo,4YR JR,Miami Marlins,no_candidate,,,0,,,,,,
2025,469.0,16.0,16,Gage Harrelson,Florida State,4YR JR,Los Angeles Angels,matched_exact_name,100.0,100.0,1,Gage Harrelson,sa3033254,FSU,florida state university,,
2025,470.0,16.0,16,Jackson Phipps,Jacksonville State,4YR 5S,Athletics,matched_exact_name,100.0,100.0,1,Jackson Phipps,sa3039879,JVST,jacksonville state university,,
2025,471.0,16.0,16,Levi Huesman,Vanderbilt,4YR JR,Washington Nationals,no_candidate,,,0,,,,,,
2025,472.0,16.0,16,Jaxson West,Florida State,4YR JR,Toronto Blue Jays,matched_exact_name,100.0,100.0,1,Jaxson West,sa3045032,FSU,florida state university,,
2025,473.0,16.0,16,Eddie King Jr.,Louisville,4YR SR,Pittsburgh Pirates,matched_exact_name,100.0,100.0,1,Eddie King Jr.,sa3035421,LOU,university of louisville,,
2025,474.0,16.0,16,Maison Martinez,Florida State,4YR JR,Cincinnati Reds,rejected_fuzzy_school_guard,96.6,45.5,1,,,,,Mason Martinez,45.5
2025,475.0,16.0,16,Jaxon Grossman,Salt Lake CC,JC J2,Texas Rangers,no_candidate,,,0,,,,,,
2025,476.0,16.0,16,Garrett Langrell,Creighton U,4YR GR,San Francisco Giants,matched_exact_name,100.0,100.0,1,Garrett Langrell,sa3035946,CREI,creighton university,,
2025,477.0,16.0,16,Riley Stanford,Georgia Tech,4YR JR,Tampa Bay Rays,no_candidate,,,0,,,,,,
2025,478.0,16.0,16,Jason Gilman,Kean University,4YR GR,Boston Red Sox,no_candidate,,,0,,,,,,
2025,479.0,16.0,16,Jonathan Stevens,U Alabama,4YR SO,Minnesota Twins,no_candidate,,,0,,,,,,
2025,480.0,16.0,16,Alex Breckheimer,Kansas,4YR JR,St. Louis Cardinals,matched_exact_name,100.0,100.0,1,Alex Breckheimer,sa3058721,KU,university of kansas,,
2025,481.0,16.0,16,Riely Hunsaker,Lamar,4YR SR,Chicago Cubs,matched_exact_name,100.0,100.0,1,Riely Hunsaker,sa3059549,LAM,lamar university,,
2025,482.0,16.0,16,Casey Hintz,Arizona,4YR JR,Seattle Mariners,matched_exact_name,100.0,100.0,1,Casey Hintz,sa3033864,ARIZ,university of arizona,,
2025,483.0,16.0,16,Collin Rothermel,Jacksonville University,4YR SR,Arizona Diamondbacks,matched_exact_name,100.0,100.0,1,Collin Rothermel,sa3041199,JAX,jacksonville university,,
2025,484.0,16.0,16,Denton Biller,Johnson County CC,JC J1,Baltimore Orioles,no_candidate,,,0,,,,,,
2025,485.0,16.0,16,Parker Coil,Arkansas,4YR JR,Milwaukee Brewers,rejected_fuzzy_school_guard,87.0,34.8,1,,,,,Parker Coley,34.8
2025,486.0,16.0,16,Chase Call,University of California - Irvine,4YR SR,Houston Astros,matched_exact_name,100.0,100.0,1,Chase Call,sa3028273,UCI,"university of california, irvine",,
2025,487.0,16.0,16,Nico Wagner,West Valley College,JC J2,Atlanta Braves,no_candidate,,,0,,,,,,
2025,488.0,16.0,16,Randy Ramnarace,University of New Haven,4YR JR,Kansas City Royals,no_candidate,,,0,,,,,,
2025,489.0,16.0,16,Joe Ruzicka,Belmont University,4YR SR,Detroit Tigers,matched_exact_name,100.0,100.0,1,Joe Ruzicka,sa3041362,BEL,belmont university,,
2025,490.0,16.0,16,Cardell Thibodeaux,Southern,4YR JR,San Diego Padres,matched_exact_name,100.0,100.0,1,Cardell Thibodeaux,sa3043664,SOU,southern university and aandm college,,
2025,491.0,16.0,16,Logan Dawson,Eastern HS,HS SR,Philadelphia Phillies,no_candidate,,,0,,,,,,
2025,492.0,16.0,16,Luke Fernandez,Wallace State CC,JC J3,Cleveland Guardians,no_candidate,,,0,,,,,,
2025,493.0,16.0,16,Zack Mack,Loyola Marymount University,4YR SR,New York Mets,matched_exact_name,100.0,100.0,1,Zack Mack,sa3059884,LMU,loyola marymount university,,
2025,494.0,16.0,16,Jackson Lovich,Missouri,4YR JR,New York Yankees,matched_exact_name,100.0,100.0,1,Jackson Lovich,sa3036600,MIZ,university of missouri,,
2025,495.0,16.0,16,AJ Soldra,Seton Hall,4YR SO,Los Angeles Dodgers,matched_exact_name,100.0,100.0,1,AJ Soldra,sa3042717,HALL,seton hall university,,
2025,496.0,17.0,17,Derek Cerda,Kansas,4YR JR,Chicago White Sox,matched_exact_name,100.0,100.0,1,Derek Cerda,sa3066029,KU,university of kansas,,
2025,497.0,17.0,17,Derrick Smith,NC State,4YR JR,Colorado Rockies,no_candidate,,,0,,,,,,
2025,498.0,17.0,17,Xavier Cardenas III,San Diego State,4YR JR,Miami Marlins,matched_exact_name,100.0,100.0,1,Xavier Cardenas III,sa3028415,SDSU,san diego state university,,
2025,499.0,17.0,17,Cole Raymond,Avon Old Farms School,HS SR,Los Angeles Angels,no_candidate,,,0,,,,,,
2025,500.0,17.0,17,Jared Davis,Virginia Tech,4YR JR,Athletics,matched_exact_name,100.0,100.0,1,Jared Davis,sa3059003,VT,virginia tech,,
2025,501.0,17.0,17,Bryce Molinaro,Penn State,4YR JR,Washington Nationals,matched_exact_name,100.0,100.0,1,Bryce Molinaro,sa3038219,PSU,penn state university,,
2025,502.0,17.0,17,Jordan Rich,American Heritage School,HS SR,Toronto Blue Jays,no_candidate,,,0,,,,,,
2025,503.0,17.0,17,Carter Gwost,Little Falls HS,HS SR,Pittsburgh Pirates,no_candidate,,,0,,,,,,
2025,504.0,17.0,17,Dylan King,Central Florida,4YR SR,Cincinnati Reds,matched_exact_name,100.0,100.0,1,Dylan King,sa3035396,UCF,university of central florida,,
2025,505.0,17.0,17,Noah Franklin,TNXL Academy,HS SR,Texas Rangers,no_candidate,,,0,,,,,,
2025,506.0,17.0,17,Luke Mensik,Lincoln-Way Central HS,HS SR,San Francisco Giants,no_candidate,,,0,,,,,,
2025,507.0,17.0,17,Brody Donay,Florida,4YR JR,Tampa Bay Rays,matched_exact_name,100.0,100.0,1,Brody Donay,sa3030451,FLA,university of florida,,
2025,508.0,17.0,17,Patrick Galle,Ole Miss,4YR SO,Boston Red Sox,rejected_fuzzy_school_guard,88.9,28.6,1,,,,,Patrick Gillen,28.6
2025,509.0,17.0,17,JP Smith II,Sacramento State,4YR JR,Minnesota Twins,matched_exact_name,100.0,100.0,1,JP Smith II,sa3042582,SAC,sacramento state university,,
2025,510.0,17.0,17,Cameron Nickens,Austin Peay,4YR SR,St. Louis Cardinals,matched_exact_name,100.0,100.0,1,Cameron Nickens,sa3038853,APSU,austin peay state university,,
2025,511.0,17.0,17,Logan Poteet,UNC Charlotte,4YR JR,Chicago Cubs,matched_exact_name,100.0,100.0,1,Logan Poteet,sa3040124,CLT,university of north carolina at charlotte,,
2025,512.0,17.0,17,Anthony Karoly,Nova Southeastern,4YR JR,Seattle Mariners,no_candidate,,,0,,,,,,
2025,513.0,17.0,17,Joel Sarver,UNC Charlotte,4YR 5S,Arizona Diamondbacks,no_candidate,,,0,,,,,,
2025,514.0,17.0,17,Braeden Sloan,TCU,4YR JR,Baltimore Orioles,matched_exact_name,100.0,100.0,1,Braeden Sloan,sa3042435,TCU,texas christian university,,
2025,515.0,17.0,17,Luke Roupe,Grace Christian School,HS SR,Milwaukee Brewers,no_candidate,,,0,,,,,,
2025,516.0,17.0,17,Grayson Saunier,Texas,4YR JR,Houston Astros,no_candidate,,,0,,,,,,
2025,517.0,17.0,17,Brody Fowler,North Greenville U,4YR JR,Atlanta Braves,no_candidate,,,0,,,,,,
2025,518.0,17.0,17,Luke Pelzer,University of Illinois at Chicago,4YR SR,Kansas City Royals,no_candidate,,,0,,,,,,
2025,518.0,17.0,,,,,,carried_over_existing,,,0,Luke Nowak,sa3038960,UIC,university of illinois at chicago,,
2025,519.0,17.0,17,Joey Wimpelberg,College of Central Florida,JC J2,Detroit Tigers,no_candidate,,,0,,,,,,
2025,520.0,17.0,17,Tyler Schmitt,Illinois,4YR JR,San Diego Padres,matched_exact_name,100.0,100.0,1,Tyler Schmitt,sa3060515,ILL,university of illinois,,
2025,521.0,17.0,17,Richie Cortese,Lander University,4YR SR,Philadelphia Phillies,no_candidate,,,0,,,,,,
2025,522.0,17.0,17,Cannon Peebles,Tennessee,4YR JR,Cleveland Guardians,matched_exact_name,100.0,100.0,1,Cannon Peebles,sa3039628,TENN,university of tennessee knoxville,,
2025,523.0,17.0,17,Sam Robertson,Northwest Shoals CC,JC J2,New York Mets,no_candidate,,,0,,,,,,
2025,524.0,17.0,17,Ryan Osinski,Virginia,4YR JR,New York Yankees,no_candidate,,,0,,,,,,
2025,525.0,17.0,17,Sam Horn,Missouri,4YR JR,Los Angeles Dodgers,no_candidate,,,0,,,,,,
2025,526.0,18.0,18,Landen Payne,Southern Mississippi,4YR SR,Chicago White Sox,no_candidate,,,0,,,,,,
2025,527.0,18.0,18,Tyrelle Chadwick,Illinois State,4YR JR,Colorado Rockies,matched_exact_name,100.0,100.0,1,Tyrelle Chadwick,sa3028716,ILST,illinois state university,,
2025,528.0,18.0,18,Hayden Cuthbertson,Miami (OH),4YR JR,Miami Marlins,no_candidate,,,0,,,,,,
2025,529.0,18.0,18,Angelo Smith,Central Florida,4YR JR,Los Angeles Angels,no_candidate,,,0,,,,,,
2025,530.0,18.0,18,Jay Dill,Troy University,4YR SR,Athletics,matched_exact_name,100.0,100.0,1,Jay Dill,sa3030328,TROY,troy university,,
2025,531.0,18.0,18,Owen Puk,Florida International,4YR SR,Washington Nationals,no_candidate,,,0,,,,,,
2025,532.0,18.0,18,Will Cresswell,Washington State,4YR SR,Toronto Blue Jays,matched_exact_name,100.0,100.0,1,Will Cresswell,sa3029556,WSU,washington state university,,
2025,533.0,18.0,18,Canon Reeder,Oregon State,4YR JR,Pittsburgh Pirates,matched_exact_name,100.0,100.0,1,Canon Reeder,sa3040539,ORST,oregon state university,,
2025,534.0,18.0,18,Ethan Moore,Oak Park and River Forest HS,HS SR,Cincinnati Reds,no_candidate,,,0,,,,,,
2025,535.0,18.0,18,Julius Sanchez,Illinois,4YR JR,Texas Rangers,no_candidate,,,0,,,,,,
2025,536.0,18.0,18,Cooper McGrath,Northeastern,4YR GR,San Francisco Giants,no_candidate,,,0,,,,,,
2025,537.0,18.0,18,Brayden Jones,Ole Miss,4YR GR,Tampa Bay Rays,rejected_fuzzy_school_guard,85.7,30.8,1,,,,,Brayden Johnson,30.8
2025,538.0,18.0,18,Cade Fisher,Auburn,4YR JR,Boston Red Sox,rejected_fuzzy_school_guard,85.7,12.5,1,,,,,Cal Fisher,12.5
2025,539.0,18.0,18,Matthew Dalquist,UC San Diego,4YR SR,Minnesota Twins,matched_exact_name,100.0,100.0,1,Matthew Dalquist,sa3029795,UCSD,"university of california, san diego",,
2025,540.0,18.0,18,Dylan Driessen,South Dakota State,4YR JR,St. Louis Cardinals,no_candidate,,,0,,,,,,
2025,541.0,18.0,18,Connor Knox,George Mason,4YR JR,Chicago Cubs,no_candidate,,,0,,,,,,
2025,542.0,18.0,18,Griffin Stieg,Virginia Tech,4YR JR,Seattle Mariners,no_candidate,,,0,,,,,,
2025,543.0,18.0,18,Raul Garayzar,Arizona,4YR SR,Arizona Diamondbacks,matched_exact_name,100.0,100.0,1,Raul Garayzar,sa3031906,ARIZ,university of arizona,,
2025,544.0,18.0,18,Cole Johnson,Oconee County HS,HS SR,Baltimore Orioles,rejected_school_guard,100.0,33.3,1,,,,,Cole Johnson,33.3
2025,545.0,18.0,18,Rylan Mills,Oran HS,HS SR,Milwaukee Brewers,no_candidate,,,0,,,,,,
2025,546.0,18.0,18,Landon Arroyos,Grayson HS,HS SR,Houston Astros,no_candidate,,,0,,,,,,
2025,547.0,18.0,18,Aiven Cabral,Northeastern,4YR JR,Atlanta Braves,matched_exact_name,100.0,100.0,1,Aiven Cabral,sa3028218,NE,northeastern university,,
2025,548.0,18.0,18,Grayson Boles,St. Augustine HS,HS SR,Kansas City Royals,no_candidate,,,0,,,,,,
2025,549.0,18.0,18,Ethan Rogers,Lone Jack HS,HS SR,Detroit Tigers,no_candidate,,,0,,,,,,
2025,550.0,18.0,18,Landry Jurecka,Queens University of Charlotte,4YR SR,San Diego Padres,matched_exact_name,100.0,100.0,1,Landry Jurecka,sa3035000,QUC,queens university of charlotte,,
2025,551.0,18.0,18,Matthew Potok,Coastal Carolina,4YR SR,Philadelphia Phillies,no_candidate,,,0,,,,,,
2025,552.0,18.0,18,Zane Petty,Texas Tech,4YR JR,Cleveland Guardians,matched_exact_name,100.0,100.0,1,Zane Petty,sa3039843,TTU,texas tech university,,
2025,553.0,18.0,18,Dillon Stiltner,Trinity Christian School,HS SR,New York Mets,no_candidate,,,0,,,,,,
2025,554.0,18.0,18,Justin West,Louisville,4YR JR,New York Yankees,no_candidate,,,0,,,,,,
2025,555.0,18.0,18,Finn Edwards,Iowa Western CC,JC J1,Los Angeles Dodgers,no_candidate,,,0,,,,,,
2025,556.0,19.0,19,Nick Weyrich,Marshall,4YR SR,Chicago White Sox,no_candidate,,,0,,,,,,
2025,557.0,19.0,19,Easton Marks,Florida International,4YR JR,Colorado Rockies,matched_exact_name,100.0,100.0,1,Easton Marks,sa3037064,FIU,florida international university,,
2025,558.0,19.0,19,Peyton Fosher,Nevada,4YR SR,Miami Marlins,matched_exact_name,100.0,100.0,1,Peyton Fosher,sa3031567,NEV,"university of nevada, reno",,
2025,559.0,19.0,19,Ivan Tatis,Georgia Premier Academy,HS SR,Los Angeles Angels,no_candidate,,,0,,,,,,
2025,560.0,19.0,19,Itsuki Takemoto,Hawaii,4YR SO,Athletics,matched_exact_name,100.0,100.0,1,Itsuki Takemoto,sa3043475,HAW,university of hawaii manoa,,
2025,561.0,19.0,19,Mason Pike,Puyallup HS,HS SR,Washington Nationals,no_candidate,,,0,,,,,,
2025,562.0,19.0,19,Luke Kovach,Cal Poly,4YR SR,Toronto Blue Jays,no_candidate,,,0,,,,,,
2025,563.0,19.0,19,Brandon Cain,Oklahoma,4YR JR,Pittsburgh Pirates,rejected_fuzzy_school_guard,88.0,15.4,1,,,,,Brandon Chang,15.4
2025,564.0,19.0,19,Myles Upchurch,St. Albans HS,HS SR,Cincinnati Reds,no_candidate,,,0,,,,,,
2025,565.0,19.0,19,Cory Geinzer,Col of Central Florida,JC J1,Texas Rangers,no_candidate,,,0,,,,,,
2025,566.0,19.0,19,Braydon Risley,Grayson College,JC J2,San Francisco Giants,no_candidate,,,0,,,,,,
2025,567.0,19.0,19,Blake Morgan,Old Dominion,4YR SR,Tampa Bay Rays,matched_exact_name,100.0,100.0,1,Blake Morgan,sa3038359,ODU,old dominion university,,
2025,568.0,19.0,19,Fabian Bonilla,Christian Military Academy,HS SR,Boston Red Sox,no_candidate,,,0,,,,,,
2025,569.0,19.0,19,Matthew Becker,South Carolina,4YR SR,Minnesota Twins,matched_exact_name,100.0,100.0,1,Matthew Becker,sa3026849,SC,university of south carolina,,
2025,570.0,19.0,19,Liam Best,Appalachian State,4YR SR,St. Louis Cardinals,no_candidate,,,0,,,,,,
2025,571.0,19.0,19,Caleb Barnett,Mountain Brook HS,HS SR,Chicago Cubs,no_candidate,,,0,,,,,,
2025,572.0,19.0,19,Cam Appenzeller,Glenwood HS,HS SR,Seattle Mariners,no_candidate,,,0,,,,,,
2025,573.0,19.0,19,Jacob Parker,Purvis HS,HS SR,Arizona Diamondbacks,no_candidate,,,0,,,,,,
2025,574.0,19.0,19,Jimmy Anderson,Heartland CC,JC J1,Baltimore Orioles,no_candidate,,,0,,,,,,
2025,575.0,19.0,19,Chase Bentley,IMG Academy,HS SR,Milwaukee Brewers,no_candidate,,,0,,,,,,
2025,576.0,19.0,19,Joey McLaughlin,Harrah HS,HS SR,Houston Astros,no_candidate,,,0,,,,,,
2025,577.0,19.0,19,Ryan Heppner,U British Columbia,4YR JR,Atlanta Braves,no_candidate,,,0,,,,,,
2025,578.0,19.0,19,Dylan Wood,Franklin HS,HS SR,Kansas City Royals,no_candidate,,,0,,,,,,
2025,579.0,19.0,19,Meridian Leffew,Gaston Christian School,HS SR,Detroit Tigers,no_candidate,,,0,,,,,,
2025,580.0,19.0,19,Jonathan Vastine,Vanderbilt,4YR SR,San Diego Padres,matched_exact_name,100.0,100.0,1,Jonathan Vastine,sa3044390,VAN,vanderbilt university,,
2025,581.0,19.0,19,Robert Phelps,Reinhardt University,4YR JR,Philadelphia Phillies,no_candidate,,,0,,,,,,
2025,582.0,19.0,19,Derek Munoz,Miami Christian School,HS SR,Cleveland Guardians,no_candidate,,,0,,,,,,
2025,583.0,19.0,19,Joe Scarborough,Jacksonville State,4YR JR,New York Mets,no_candidate,,,0,,,,,,
2025,584.0,19.0,19,Hayden Morris,Blinn College,JC J1,New York Yankees,no_candidate,,,0,,,,,,
2025,585.0,19.0,19,Anson Aroz,Oregon,4YR SR,Los Angeles Dodgers,matched_exact_name,100.0,100.0,1,Anson Aroz,sa3026234,ORE,university of oregon,,
2025,586.0,20.0,20,Andrew Sentlinger,Virginia Tech,4YR JR,Chicago White Sox,no_candidate,,,0,,,,,,
2025,587.0,20.0,20,Ethan Cole,Augustana U,4YR JR,Colorado Rockies,rejected_fuzzy_school_guard,85.7,31.6,1,,,,,Ethan Foley,31.6
2025,588.0,20.0,20,Cannon Pickell,Western Carolina,4YR 5S,Miami Marlins,no_candidate,,,0,,,,,,
2025,589.0,20.0,20,Sam Tookoian,Ole Miss,4YR JR,Los Angeles Angels,no_candidate,,,0,,,,,,
2025,590.0,20.0,20,Kade Brown,Sacramento State,4YR JR,Athletics,no_candidate,,,0,,,,,,
2025,591.0,20.0,20,Juan Cruz,Alabama State University,4YR JR,Washington Nationals,matched_exact_name,100.0,100.0,1,Juan Cruz,sa3029641,ALST,alabama state university,,
2025,592.0,20.0,20,Ty Peeples,Franklin County HS,HS SR,Toronto Blue Jays,no_candidate,,,0,,,,,,
2025,593.0,20.0,20,Nick Frusco,Miller Place HS,HS SR,Pittsburgh Pirates,no_candidate,,,0,,,,,,
2025,594.0,20.0,20,Leamsi Montanez,Leadership Christian Academy,HS SR,Cincinnati Reds,no_candidate,,,0,,,,,,
2025,595.0,20.0,20,Jamaurion McQueen,Brandon HS,HS SR,Texas Rangers,no_candidate,,,0,,,,,,
2025,596.0,20.0,20,Elijah McNeal,Dublin HS,HS SR,San Francisco Giants,no_candidate,,,0,,,,,,
2025,597.0,20.0,20,Ike Young,Monticello HS,HS SR,Tampa Bay Rays,no_candidate,,,0,,,,,,
2025,598.0,20.0,20,Garrison Sumner,Brigham Young U,4YR JR,Boston Red Sox,matched_exact_name,100.0,100.0,1,Garrison Sumner,sa3043328,BYU,brigham young university,,
2025,599.0,20.0,20,Michael Hilker,U Arizona,4YR JR,Minnesota Twins,no_candidate,,,0,,,,,,
2025,600.0,20.0,20,Chase Heath,U Central Missouri,4YR SR,St. Louis Cardinals,no_candidate,,,0,,,,,,
2025,601.0,20.0,20,Freddy Rodriguez,U Hawaii,4YR JR,Chicago Cubs,matched_exact_name,100.0,100.0,1,Freddy Rodriguez,sa3040979,HAW,university of hawaii manoa,,
2025,602.0,20.0,20,Estevan Moreno,Notre Dame,4YR JR,Seattle Mariners,matched_exact_name,100.0,100.0,1,Estevan Moreno,sa3038350,ND,university of notre dame,,
2025,603.0,20.0,20,Ethin Bingaman,Corona HS,HS SR,Arizona Diamondbacks,no_candidate,,,0,,,,,,
2025,604.0,20.0,20,Connor Gehr,Meridian CC,JC J1,Baltimore Orioles,no_candidate,,,0,,,,,,
2025,605.0,20.0,20,Ma'Kale Holden,Thompson HS,HS SR,Milwaukee Brewers,no_candidate,,,0,,,,,,
2025,606.0,20.0,20,Curtis Hebert,University of Portland,4YR JR,Houston Astros,matched_exact_name,100.0,100.0,1,Curtis Hebert,sa3033501,PORT,portland state university,,
2025,607.0,20.0,20,Hayden Friese,Western Carolina,4YR JR,Atlanta Braves,matched_exact_name,100.0,100.0,1,Hayden Friese,sa3031732,WCU,western carolina university,,
2025,608.0,20.0,20,Kamden Edge,Northern Oklahoma JC,JC J1,Kansas City Royals,no_candidate,,,0,,,,,,
2025,609.0,20.0,20,Kameron Douglas,Alabama St U,4YR JR,Detroit Tigers,matched_exact_name,100.0,100.0,1,Kameron Douglas,sa3030508,ALST,alabama state university,,
2025,610.0,20.0,20,Luke Cantwell,Pittsburgh,4YR SR,San Diego Padres,matched_exact_name,100.0,100.0,1,Luke Cantwell,sa3028378,PITT,university of pittsburgh,,
2025,611.0,20.0,20,Landon Schaefer,Fayetteville Sr HS,HS SR,Philadelphia Phillies,no_candidate,,,0,,,,,,
2025,612.0,20.0,20,Vaughn Neckar,Vista Murrieta HS,HS SR,Cleveland Guardians,no_candidate,,,0,,,,,,
2025,613.0,20.0,20,Garrett Stratton,Rice,4YR JR,New York Mets,no_candidate,,,0,,,,,,
2025,614.0,20.0,20,Bryce Martin-Grudzielanek,USC,4YR SR,New York Yankees,matched_exact_name,100.0,100.0,1,Bryce Martin-Grudzielanek,sa3037136,USC,university of southern california,,
2025,615.0,20.0,20,Shane Brinham,Handsworth SS,HS JR,Los Angeles Dodgers,no_candidate,,,0,,,,,,
2026,1.0,1.0,1,Roch Cholowsky,UCLA,4YR JR,Chicago White Sox,matched_exact_name,100.0,100.0,1,Roch Cholowsky,sa3028866,UCLA,"university of california, los angeles",,
2026,2.0,1.0,1,Grady Emerson,Fort Worth Christian HS,HS SR,Tampa Bay Rays,no_candidate,,,0,,,,,,
2026,3.0,1.0,1,Vahn Lackey,Georgia Tech,4YR JR,Minnesota Twins,matched_exact_name,100.0,100.0,1,Vahn Lackey,sa3035829,GT,georgia institute of technology,,
2026,4.0,1.0,1,Jackson Flora,UC Santa Barbara,4YR JR,San Francisco Giants,matched_exact_name,100.0,100.0,1,Jackson Flora,sa3031459,UCSB,"university of california, santa barbara",,
2026,5.0,1.0,1,Derek Curiel,LSU,4YR SO,Pittsburgh Pirates,matched_exact_name,100.0,100.0,1,Derek Curiel,sa3058966,LSU,louisiana state university,,
2026,6.0,1.0,1,Zion Rose,Louisville,4YR JR,Kansas City Royals,matched_exact_name,100.0,100.0,1,Zion Rose,sa3041154,LOU,university of louisville,,
2026,7.0,1.0,1,Eric Booth Jr.,Oak Grove HS,HS SR,Baltimore Orioles,no_candidate,,,0,,,,,,
2026,8.0,1.0,1,Drew Burress,Georgia Tech,4YR JR,Athletics,matched_exact_name,100.0,100.0,1,Drew Burress,sa3028100,GT,georgia institute of technology,,
2026,9.0,1.0,1,AJ Gracia,Virginia,4YR JR,Atlanta Braves,matched_exact_name,100.0,100.0,1,AJ Gracia,sa3032552,UVA,university of virginia,,
2026,10.0,1.0,1,Tyler Bell,Kentucky,4YR SO,Colorado Rockies,matched_exact_name,100.0,100.0,1,Tyler Bell,sa3058609,UK,university of kentucky,,
2026,11.0,1.0,1,Chris Hacopian,Texas A&M,4YR JR,Washington Nationals,matched_school_surname,0.0,100.0,1,Christopher Hacopian,sa3032936,TA&M,texas aandm university,,
2026,12.0,1.0,1,Jared Grindlinger,Huntington Beach HS,HS SR,Los Angeles Angels,no_candidate,,,0,,,,,,
2026,13.0,1.0,1,Trevor Condon,Etowah HS,HS SR,St. Louis Cardinals,no_candidate,,,0,,,,,,
2026,14.0,1.0,1,Jacob Lombard,Gulliver Prep HS,HS SR,Miami Marlins,no_candidate,,,0,,,,,,
2026,15.0,1.0,1,Ryder Helfrick,Arkansas,4YR JR,Arizona Diamondbacks,matched_exact_name,100.0,100.0,1,Ryder Helfrick,sa3033556,ARK,university of arkansas,,
2026,16.0,1.0,1,Gio Rojas,Marjory Stoneman Douglas HS,HS SR,Texas Rangers,no_candidate,,,0,,,,,,
2026,17.0,1.0,1,Logan Hughes,Texas Tech,4YR JR,Houston Astros,matched_exact_name,100.0,100.0,1,Logan Hughes,sa3034267,TTU,texas tech university,,
2026,18.0,1.0,1,Justin Lebron,Alabama,4YR JR,Cincinnati Reds,matched_exact_name,100.0,100.0,1,Justin Lebron,sa3036129,ALA,university of alabama,,
2026,19.0,1.0,1,Liam Peterson,Florida,4YR JR,Cleveland Guardians,matched_exact_name,100.0,100.0,1,Liam Peterson,sa3039785,FLA,university of florida,,
2026,20.0,1.0,1,Jake Schaffner,North Carolina,4YR JR,Boston Red Sox,matched_exact_name,100.0,100.0,1,Jake Schaffner,sa3041661,UNC,university of north carolina at chapel hill,,
2026,21.0,1.0,1,Coleman Borthwick,South Walton HS,HS SR,San Diego Padres,no_candidate,,,0,,,,,,
2026,22.0,1.0,1,Cameron Flukey,Coastal Carolina,4YR JR,Detroit Tigers,no_candidate,,,0,,,,,,
2026,23.0,1.0,1,Cade Townsend,Mississippi,4YR SO,Chicago Cubs,matched_exact_name,100.0,100.0,1,Cade Townsend,sa3065435,MISS,university of mississippi,,
2026,24.0,1.0,1,Ace Reese,Mississippi State,4YR JR,Seattle Mariners,matched_exact_name,100.0,100.0,1,Ace Reese,sa3040543,MSST,mississippi state university,,
2026,25.0,1.0,1,Trey Ebel,Corona HS,HS SR,Milwaukee Brewers,no_candidate,,,0,,,,,,
2026,26.0,1.0,PPI,Carter Beck,Indiana State,4YR JR,Atlanta Braves,matched_exact_name,100.0,100.0,1,Carter Beck,sa3058591,INST,indiana state university,,
2026,27.0,1.0,1,Carson Wiggins,Arkansas,4YR SO,New York Mets,no_candidate,,,0,,,,,,
2026,28.0,1.0,PPI,Jack Radel,Notre Dame,4YR JR,Houston Astros,matched_exact_name,100.0,100.0,1,Jack Radel,sa3040377,ND,university of notre dame,,
2026,29.0,1.0,CB-A,Carson Bolemon,Southside Christian HS,HS SR,San Francisco Giants,no_candidate,,,0,,,,,,
2026,30.0,1.0,CB-A,Taylor Rabe,Mississippi,4YR JR,Kansas City Royals,matched_exact_name,100.0,100.0,1,Taylor Rabe,sa3066446,MISS,university of mississippi,,
2026,31.0,1.0,CB-A,Blake Bryant,Citizens Christian HS,HS SR,Arizona Diamondbacks,no_candidate,,,0,,,,,,
2026,32.0,1.0,CB-A,Tegan Kuhns,Tennessee,4YR SO,St. Louis Cardinals,matched_exact_name,100.0,100.0,1,Tegan Kuhns,sa3065818,TENN,university of tennessee knoxville,,
2026,33.0,1.0,CB-A,Taj Marchand,James Island HS,HS SR,Tampa Bay Rays,no_candidate,,,0,,,,,,
2026,34.0,1.0,CB-A,Landon Thome,Nazareth Academy HS,HS SR,Chicago White Sox,no_candidate,,,0,,,,,,
2026,35.0,1.0,1,Hunter Dietz,Arkansas,4YR JR,New York Yankees,matched_exact_name,100.0,100.0,1,Hunter Dietz,sa3030307,ARK,university of arkansas,,
2026,36.0,1.0,1,Tyler Spangler,De La Salle HS,HS SR,Philadelphia Phillies,no_candidate,,,0,,,,,,
2026,37.0,1.0,CB-A,Daniel Jackson,Georgia,4YR JR,Colorado Rockies,matched_exact_name,100.0,100.0,1,Daniel Jackson,sa3065812,UGA,university of georgia,,
2026,38.0,2.0,2,Logan Reddemann,UCLA,4YR JR,Colorado Rockies,matched_exact_name,100.0,100.0,1,Logan Reddemann,sa3040515,UCLA,"university of california, los angeles",,
2026,39.0,1.0,1,Cole Carlon,Arizona State,4YR JR,Toronto Blue Jays,matched_exact_name,100.0,100.0,1,Cole Carlon,sa3028440,ASU,arizona state university,,
2026,40.0,1.0,1,Bo Lowrance,Christ Church Episcopal HS,HS SR,Los Angeles Dodgers,no_candidate,,,0,,,,,,
2026,41.0,2.0,2,Cole Prosek,Magnolia Heights HS,HS SR,Chicago White Sox,no_candidate,,,0,,,,,,
2026,42.0,2.0,2,Chase Brunson,TCU,4YR JR,Washington Nationals,matched_exact_name,100.0,100.0,1,Chase Brunson,sa3027910,TCU,texas christian university,,
2026,43.0,2.0,2,Carson Tinney,Texas,4YR JR,Minnesota Twins,matched_exact_name,100.0,100.0,1,Carson Tinney,sa3043851,TEX,university of texas at austin,,
2026,44.0,2.0,2,Aiden Ruiz,The Stony Brook HS,HS SR,Pittsburgh Pirates,no_candidate,,,0,,,,,,
2026,45.0,2.0,2,Jarren Advincula,Georgia Tech,4YR JR,Los Angeles Angels,matched_exact_name,100.0,100.0,1,Jarren Advincula,sa3025789,GT,georgia institute of technology,,
2026,46.0,2.0,2,Ty Head,North Carolina State,4YR SO,Baltimore Orioles,matched_exact_name,100.0,100.0,1,Ty Head,sa3059446,NCSU,north carolina state university,,
2026,47.0,2.0,2,Mason Edwards,USC,4YR JR,Athletics,matched_exact_name,100.0,100.0,1,Mason Edwards,sa3030819,USC,university of southern california,,
2026,48.0,2.0,2,Kaiden McCarthy,Vermont Academy,HS SR,Atlanta Braves,no_candidate,,,0,,,,,,
2026,49.0,2.0,2,Ben Blair,Liberty,4YR JR,Tampa Bay Rays,matched_exact_name,100.0,100.0,1,Ben Blair,sa3027209,LIB,liberty university,,
2026,50.0,2.0,2,Rocco Maniscalco,Oxford HS,HS SR,St. Louis Cardinals,no_candidate,,,0,,,,,,
2026,51.0,2.0,SUP-2,Chris Rembert,Auburn,4YR SO,Pittsburgh Pirates,matched_exact_name,100.0,100.0,1,Chris Rembert,sa3060352,AUB,auburn university,,
2026,52.0,2.0,2,Ethan Kleinschmit,Oregon State,4YR JR,Miami Marlins,matched_exact_name,100.0,100.0,1,Ethan Kleinschmit,sa3059697,ORST,oregon state university,,
2026,53.0,2.0,2,Carson Kerce,Georgia Tech,4YR JR,Arizona Diamondbacks,matched_exact_name,100.0,100.0,1,Carson Kerce,sa3035297,GT,georgia institute of technology,,
2026,54.0,2.0,2,Connor Comeau,L. C. Anderson HS,HS SR,Texas Rangers,no_candidate,,,0,,,,,,
2026,55.0,2.0,2,Kaden Waechter,Jesuit HS,HS SR,San Francisco Giants,no_candidate,,,0,,,,,,
2026,56.0,2.0,2,Jack Slightom,Lyons Township HS,HS SR,Kansas City Royals,no_candidate,,,0,,,,,,
2026,57.0,2.0,2,Wes Mendes,Florida State,4YR JR,Houston Astros,matched_exact_name,100.0,100.0,1,Wes Mendes,sa3037853,FSU,florida state university,,
2026,58.0,2.0,2,Eric Becker,Virginia,4YR JR,Cincinnati Reds,matched_exact_name,100.0,100.0,1,Eric Becker,sa3026844,UVA,university of virginia,,
2026,59.0,2.0,2,Logan Schmidt,Ganesha HS,HS SR,Cleveland Guardians,no_candidate,,,0,,,,,,
2026,60.0,2.0,2,Elliot Lascelles,Upper Canada College HS,HS SR,San Diego Padres,no_candidate,,,0,,,,,,
2026,61.0,2.0,2,Tyson LeBlanc,Kansas,4YR JR,Detroit Tigers,matched_exact_name,100.0,100.0,1,Tyson LeBlanc,sa3070576,KU,university of kansas,,
2026,62.0,2.0,2,Caden Sorrell,Texas A&M,4YR JR,Chicago Cubs,matched_exact_name,100.0,100.0,1,Caden Sorrell,sa3042754,TA&M,texas aandm university,,
2026,63.0,2.0,2,Sean Duncan,Terry Fox SS,HS SR,New York Yankees,no_candidate,,,0,,,,,,
2026,64.0,2.0,2,Caden Bogenpohl,Missouri State,4YR JR,Philadelphia Phillies,matched_exact_name,100.0,100.0,1,Caden Bogenpohl,sa3027320,MOST,missouri state university,,
2026,65.0,2.0,2,Jake Brown,LSU,4YR JR,Seattle Mariners,matched_exact_name,100.0,100.0,1,Jake Brown,sa3027844,LSU,louisiana state university,,
2026,66.0,2.0,2,Sawyer Strosnider,TCU,4YR JR,Milwaukee Brewers,matched_exact_name,100.0,100.0,1,Sawyer Strosnider,sa3060685,TCU,texas christian university,,
2026,67.0,2.0,CB-B,Owen Hull,North Carolina,4YR JR,Boston Red Sox,matched_exact_name,100.0,100.0,1,Owen Hull,sa3034286,UNC,university of north carolina at chapel hill,,
2026,68.0,2.0,CB-B,Andrew Williamson,Central Florida,4YR JR,St. Louis Cardinals,matched_exact_name,100.0,100.0,1,Andrew Williamson,sa3045245,UCF,university of central florida,,
2026,69.0,2.0,CB-B,Evan Dempsey,Florida Gulf Coast,4YR JR,Detroit Tigers,matched_exact_name,100.0,100.0,1,Evan Dempsey,sa3030134,FGCU,florida gulf coast university,,
2026,70.0,2.0,CB-B,Mulivai Levu,UCLA,4YR JR,Cincinnati Reds,matched_exact_name,100.0,100.0,1,Mulivai Levu,sa3036284,UCLA,"university of california, los angeles",,
2026,71.0,2.0,CB-B,Ryan Peterson,Sam Houston State,4YR JR,Miami Marlins,matched_exact_name,100.0,100.0,1,Ryan Peterson,sa3039799,SHSU,sam houston state university,,
2026,72.0,2.0,CB-B,Dawson Montesa,West Virginia,4YR JR,St. Louis Cardinals,matched_exact_name,100.0,100.0,1,Dawson Montesa,sa3070804,WVU,west virginia university,,
2026,73.0,2.0,CB-B,Gabe Gaeckle,Arkansas,4YR JR,Athletics,matched_exact_name,100.0,100.0,1,Gabe Gaeckle,sa3031812,ARK,university of arkansas,,
2026,74.0,2.0,CB-B,Brett Renfrow,Virginia Tech,4YR JR,Minnesota Twins,matched_exact_name,100.0,100.0,1,Brett Renfrow,sa3040617,VT,virginia tech,,
2026,75.0,2.0,2C,Myles Bailey,Florida State,4YR SO,Chicago Cubs,no_candidate,,,0,,,,,,
2026,76.0,3.0,3,Jack Natili,Cincinnati,4YR JR,Colorado Rockies,matched_exact_name,100.0,100.0,1,Jack Natili,sa3060122,CIN,university of cincinnati,,
2026,77.0,3.0,3,Joey Volchko,Georgia,4YR JR,Chicago White Sox,matched_exact_name,100.0,100.0,1,Joey Volchko,sa3044554,UGA,university of georgia,,
2026,78.0,3.0,3,Luke Williams,Franklin Regional HS,HS SR,Washington Nationals,rejected_school_guard,100.0,34.3,1,,,,,Luke Williams,34.3
2026,79.0,3.0,3,Ethan Wachsmann,Grandview HS,HS SR,Minnesota Twins,no_candidate,,,0,,,,,,
2026,80.0,3.0,3,Jason DeCaro,North Carolina,4YR JR,Pittsburgh Pirates,matched_exact_name,100.0,100.0,1,Jason DeCaro,sa3029991,UNC,university of north carolina at chapel hill,,
2026,81.0,3.0,3,Gavin Grahovac,Texas A&M,4YR JR,Los Angeles Angels,matched_exact_name,100.0,100.0,1,Gavin Grahovac,sa3032567,TA&M,texas aandm university,,
2026,82.0,3.0,3,Dominic Voegele,Kansas,4YR JR,Baltimore Orioles,matched_exact_name,100.0,100.0,1,Dominic Voegele,sa3044541,KU,university of kansas,,
2026,83.0,3.0,3,Jacob Dudan,North Carolina State,4YR JR,Athletics,matched_exact_name,100.0,100.0,1,Jacob Dudan,sa3030600,NCSU,north carolina state university,,
2026,84.0,3.0,3,Jensen Hirschkorn,Kingsburg HS,HS SR,Atlanta Braves,no_candidate,,,0,,,,,,
2026,85.0,3.0,3,Gavin Giese,Dana Hills HS,HS SR,Tampa Bay Rays,no_candidate,,,0,,,,,,
2026,86.0,3.0,3,Caden Ferraro,Texas Tech,4YR JR,St. Louis Cardinals,matched_exact_name,100.0,100.0,1,Caden Ferraro,sa3070075,TTU,texas tech university,,
2026,87.0,3.0,3,Cam Kozeal,Arkansas,4YR JR,Miami Marlins,matched_fuzzy_name,87.0,100.0,1,Camden Kozeal,sa3070534,ARK,university of arkansas,,
2026,88.0,3.0,3,Brayden Dowd,Florida State,4YR JR,Arizona Diamondbacks,matched_exact_name,100.0,100.0,1,Brayden Dowd,sa3030520,FSU,florida state university,,
2026,89.0,3.0,3,Brody Bumila,Bishop Feehan HS,HS SR,Texas Rangers,no_candidate,,,0,,,,,,
2026,90.0,3.0,3,Peyton Bonds,Rutgers,4YR JR,San Francisco Giants,matched_exact_name,100.0,100.0,1,Peyton Bonds,sa3027364,RUTG,rutgers university,,
2026,91.0,3.0,3,Maxx Yehl,West Virginia,4YR SR,Kansas City Royals,matched_exact_name,100.0,100.0,1,Maxx Yehl,sa3045700,WVU,west virginia university,,
2026,92.0,3.0,3,Aiden Robbins,Texas,4YR JR,New York Mets,matched_exact_name,100.0,100.0,1,Aiden Robbins,sa3040859,TEX,university of texas at austin,,
2026,93.0,3.0,3,Keon Johnson,First Presbyterian HS,HS SR,Houston Astros,no_candidate,,,0,,,,,,
2026,94.0,3.0,3,Tyner Horn,Nebraska,4YR JR,Cincinnati Reds,matched_school_surname,0.0,100.0,1,Ty Horn,sa3034098,NEB,university of nebraska–lincoln,,
2026,95.0,3.0,3,Tre Broussard,Houston,4YR JR,Cleveland Guardians,matched_exact_name,100.0,100.0,1,Tre Broussard,sa3058738,HOU,university of houston,,
2026,96.0,3.0,3,Jace Mataczynski,Hudson HS,HS SR,Boston Red Sox,no_candidate,,,0,,,,,,
2026,97.0,3.0,3,Ryan Lynch,North Carolina,4YR SO,San Diego Padres,matched_exact_name,100.0,100.0,1,Ryan Lynch,sa3059876,UNC,university of north carolina at chapel hill,,
2026,98.0,3.0,3,Carson Jasa,Nebraska,4YR JR,Chicago Cubs,matched_exact_name,100.0,100.0,1,Carson Jasa,sa3059584,NEB,university of nebraska–lincoln,,
2026,99.0,3.0,3,Brendan Brock,Oklahoma,4YR SR,New York Yankees,matched_exact_name,100.0,100.0,1,Brendan Brock,sa3069672,OU,university of oklahoma,,
2026,100.0,3.0,3,Ruger Riojas,Texas,4YR SR,Philadelphia Phillies,matched_exact_name,100.0,100.0,1,Ruger Riojas,sa3040781,TEX,university of texas at austin,,
2026,101.0,3.0,3,Nathan Taylor,Cincinnati,4YR JR,Seattle Mariners,matched_exact_name,100.0,100.0,1,Nathan Taylor,sa3043582,CIN,university of cincinnati,,
2026,102.0,3.0,3,Kyle Jones,Florida,4YR JR,Milwaukee Brewers,matched_exact_name,100.0,100.0,1,Kyle Jones,sa3034889,FLA,university of florida,,
2026,103.0,3.0,3,Ryan Cooney,Oregon,4YR JR,Toronto Blue Jays,matched_exact_name,100.0,100.0,1,Ryan Cooney,sa3029332,ORE,university of oregon,,
2026,104.0,4.0,4,Ben Davis,Mississippi State,4YR SR,Colorado Rockies,no_candidate,,,0,,,,,,
2026,105.0,4.0,4,Eric Segura,Oregon State,4YR JR,Chicago White Sox,matched_exact_name,100.0,100.0,1,Eric Segura,sa3041930,ORST,oregon state university,,
2026,106.0,4.0,4,Cooper Harris,Flower Mound HS,HS SR,Washington Nationals,no_candidate,,,0,,,,,,
2026,107.0,4.0,4,Tommy LaPour,TCU,4YR JR,Minnesota Twins,no_candidate,,,0,,,,,,
2026,108.0,4.0,4,Andruw Giles,Basic HS,HS SR,Pittsburgh Pirates,no_candidate,,,0,,,,,,
2026,109.0,4.0,4,Rylan Lujo,Georgia,4YR SO,Los Angeles Angels,matched_exact_name,100.0,100.0,1,Rylan Lujo,sa3059868,UGA,university of georgia,,
2026,110.0,4.0,4,Kevin Roberts Jr.,Jackson Prep HS,HS SR,Baltimore Orioles,no_candidate,,,0,,,,,,
2026,111.0,4.0,4,Roman Martin,UCLA,4YR JR,Athletics,matched_exact_name,100.0,100.0,1,Roman Martin,sa3037203,UCLA,"university of california, los angeles",,
2026,112.0,4.0,4,Cole Dennis,Bishop Snyder HS,HS SR,Atlanta Braves,no_candidate,,,0,,,,,,
2026,113.0,4.0,4,Collin Bland,Houston HS,HS SR,Tampa Bay Rays,no_candidate,,,0,,,,,,
2026,114.0,4.0,4,Dee Kennedy,Kansas State,4YR JR,St. Louis Cardinals,matched_exact_name,100.0,100.0,1,Dee Kennedy,sa3035263,KSU,kansas st.,,
2026,115.0,4.0,4,Wessley Roberson,Glynn Academy HS,HS SR,Miami Marlins,no_candidate,,,0,,,,,,
2026,116.0,4.0,4,Josh McDevitt,Missouri,4YR JR,Arizona Diamondbacks,matched_exact_name,100.0,100.0,1,Josh McDevitt,sa3037542,MIZ,university of missouri,,
2026,117.0,4.0,4,Hudson Calhoun,Mississippi,4YR JR,Texas Rangers,no_candidate,,,0,,,,,,
2026,118.0,4.0,4,Carlos Martinez,Hofstra,4YR SR,San Francisco Giants,matched_exact_name,100.0,100.0,2,Carlos Martinez,sa3037141,HOF,hofstra university,,
2026,119.0,4.0,4,Dominic Battista,Oswego East HS,HS SR,Kansas City Royals,no_candidate,,,0,,,,,,
2026,120.0,4.0,4,Shane Sdao,Texas A&M,4YR SR,New York Mets,matched_exact_name,100.0,100.0,1,Shane Sdao,sa3041884,TA&M,texas aandm university,,
2026,121.0,4.0,4,Kam Durnin,Missouri,4YR JR,Houston Astros,matched_exact_name,100.0,100.0,1,Kam Durnin,sa3030695,MIZ,university of missouri,,
2026,122.0,4.0,4,Ethan Norby,East Carolina,4YR JR,Cincinnati Reds,matched_exact_name,100.0,100.0,1,Ethan Norby,sa3038921,ECU,east carolina university,,
2026,123.0,4.0,4,Kade Lewis,Wake Forest,4YR JR,Cleveland Guardians,matched_exact_name,100.0,100.0,1,Kade Lewis,sa3036307,WAKE,wake forest university,,
2026,124.0,4.0,4,Robbie Lavey,George Washington,4YR JR,San Diego Padres,matched_exact_name,100.0,100.0,1,Robbie Lavey,sa3036054,GW,george washington university,,
2026,125.0,4.0,4,Dominic Pellegrin,Holy Cross HS,HS SR,Detroit Tigers,no_candidate,,,0,,,,,,
2026,126.0,4.0,4,Dylan Marionneaux,Northwestern State,4YR JR,Chicago Cubs,matched_exact_name,100.0,100.0,1,Dylan Marionneaux,sa3037053,NWST,northwestern state university,,
2026,127.0,4.0,4,Paul Gutierrez-Contreras II,Cal State Fullerton,4YR JR,New York Yankees,matched_school_surname,0.0,100.0,1,Paul Contreras,sa3066537,CSUF,"california state university, fullerton",,
2026,128.0,4.0,4,Deven Sheerin,LSU,4YR JR,Philadelphia Phillies,no_candidate,,,0,,,,,,
2026,129.0,4.0,4,Trevor Lucas,UNC Wilmington,4YR JR,Seattle Mariners,matched_exact_name,100.0,100.0,1,Trevor Lucas,sa3059864,UNCW,university of north carolina at wilmington,,
2026,130.0,4.0,4,Julian Garcia,St. John Bosco HS,HS SR,Milwaukee Brewers,no_candidate,,,0,,,,,,
2026,131.0,4.0,4,Will Brick,Christian Brothers HS,HS SR,Toronto Blue Jays,no_candidate,,,0,,,,,,
2026,132.0,4.0,4,Russell Sandefer,Florida,4YR JR,Los Angeles Dodgers,matched_exact_name,100.0,100.0,1,Russell Sandefer,sa3060483,FLA,university of florida,,
2026,133.0,4.0,4C,Beau Peterson,Mill Valley HS,HS SR,Houston Astros,no_candidate,,,0,,,,,,
2026,134.0,4.0,4C,Alex Conover,Oklahoma State,4YR JR,San Diego Padres,matched_exact_name,100.0,100.0,1,Alex Conover,sa3065515,OKST,oklahoma state university,,
2026,135.0,4.0,4C,Jaxon Jelkin,Kentucky,4YR 5S,Philadelphia Phillies,matched_exact_name,100.0,100.0,1,Jaxon Jelkin,sa3034629,UK,university of kentucky,,
2026,136.0,5.0,5,Tyler Putnam,Battle HS,HS SR,Colorado Rockies,no_candidate,,,0,,,,,,
2026,137.0,5.0,5,Cal Scolari,Oregon,4YR JR,Chicago White Sox,matched_exact_name,100.0,100.0,1,Cal Scolari,sa3060534,ORE,university of oregon,,
2026,138.0,5.0,5,Daniel Cuvet,Miami,4YR JR,Washington Nationals,matched_exact_name,100.0,100.0,1,Daniel Cuvet,sa3029748,MIA,university of miami,,
2026,139.0,5.0,5,Steele Murdock,UC San Diego,4YR JR,Minnesota Twins,matched_exact_name,100.0,100.0,1,Steele Murdock,sa3060111,UCSD,"university of california, san diego",,
2026,140.0,5.0,5,Ryan Marohn,North Carolina State,4YR JR,Pittsburgh Pirates,matched_exact_name,100.0,100.0,1,Ryan Marohn,sa3037074,NCSU,north carolina state university,,
2026,141.0,5.0,5,Jaxon Willits,Oklahoma,4YR JR,Los Angeles Angels,matched_exact_name,100.0,100.0,1,Jaxon Willits,sa3045313,OU,university of oklahoma,,
2026,142.0,5.0,5,Jimmy Anderson,Heartland CC,JC J2,Baltimore Orioles,no_candidate,,,0,,,,,,
2026,143.0,5.0,5,Alex Hernandez,Georgia Tech,4YR SO,Athletics,matched_exact_name,100.0,100.0,1,Alex Hernandez,sa3059474,GT,georgia institute of technology,,
2026,144.0,5.0,5,Wil Libbert,Mississippi,4YR JR,Atlanta Braves,no_candidate,,,0,,,,,,
2026,145.0,5.0,5,Owen Kramkowski,Arizona,4YR JR,Tampa Bay Rays,matched_exact_name,100.0,100.0,1,Owen Kramkowski,sa3035687,ARIZ,university of arizona,,
2026,146.0,5.0,5,Cal Randall,UCLA,4YR JR,St. Louis Cardinals,no_candidate,,,0,,,,,,
2026,147.0,5.0,5,Trey Beard,Florida State,4YR JR,Miami Marlins,matched_exact_name,100.0,100.0,1,Trey Beard,sa3026802,FSU,florida state university,,
2026,148.0,5.0,5,LJ Mercurius,Oklahoma,4YR JR,Arizona Diamondbacks,matched_exact_name,100.0,100.0,1,LJ Mercurius,sa3037892,OU,university of oklahoma,,
2026,149.0,5.0,5,Michael Anderson Jr.,Penn State,4YR SR,Texas Rangers,matched_fuzzy_name,88.9,100.0,1,Michael Anderson,sa3026065,PSU,penn state university,,
2026,150.0,5.0,5,Luke Nixon,North Carolina State,4YR JR,San Francisco Giants,matched_exact_name,100.0,100.0,1,Luke Nixon,sa3038891,NCSU,north carolina state university,,
2026,151.0,5.0,5,Ethan McElvain,Arkansas,4YR JR,Kansas City Royals,no_candidate,,,0,,,,,,
2026,152.0,5.0,5,Luke McNeillie,Florida,4YR JR,New York Mets,no_candidate,,,0,,,,,,
2026,153.0,5.0,5,Gavin Eddy,California,4YR JR,Houston Astros,matched_exact_name,100.0,100.0,1,Gavin Eddy,sa3059112,CAL,"university of california, berkeley",,
2026,154.0,5.0,5,Dylan Bowen,Hanover Central HS,HS SR,Cincinnati Reds,no_candidate,,,0,,,,,,
2026,155.0,5.0,5,Lucas Moore,Louisville,4YR JR,Cleveland Guardians,matched_exact_name,100.0,100.0,1,Lucas Moore,sa3038303,LOU,university of louisville,,
2026,156.0,5.0,5,Lucas Davenport,Baylor,4YR SR,Boston Red Sox,matched_exact_name,100.0,100.0,1,Lucas Davenport,sa3058992,BAY,baylor university,,
2026,157.0,5.0,5,James Guyette,Kansas State,4YR JR,San Diego Padres,matched_exact_name,100.0,100.0,1,James Guyette,sa3032890,KSU,kansas st.,,
2026,158.0,5.0,5,Declan Dahl,Louisiana Tech,4YR JR,Detroit Tigers,matched_exact_name,100.0,100.0,1,Declan Dahl,sa3069897,LT,louisiana tech university,,
2026,159.0,5.0,5,Dylan Blomker,La Cueva HS,HS SR,Chicago Cubs,no_candidate,,,0,,,,,,
2026,160.0,5.0,5,Bear Harrison,Texas A&M,4YR JR,New York Yankees,matched_exact_name,100.0,100.0,1,Bear Harrison,sa3059417,TA&M,texas aandm university,,
2026,161.0,5.0,5,Will Gasparino,UCLA,4YR JR,Philadelphia Phillies,matched_exact_name,100.0,100.0,1,Will Gasparino,sa3032034,UCLA,"university of california, los angeles",,
2026,162.0,5.0,5,Hayden Yost,Florida,4YR JR,Seattle Mariners,no_candidate,,,0,,,,,,
2026,163.0,5.0,5,Aidan Knaak,Clemson,4YR JR,Milwaukee Brewers,matched_exact_name,100.0,100.0,1,Aidan Knaak,sa3035526,CLEM,clemson university,,
2026,164.0,5.0,5,Nolan Higgins,Michigan State,4YR SR,Toronto Blue Jays,matched_exact_name,100.0,100.0,1,Nolan Higgins,sa3033791,MSU,michigan state university,,
2026,165.0,6.0,6,Garrett Lambert,Mercer,4YR JR,Colorado Rockies,matched_exact_name,100.0,100.0,1,Garrett Lambert,sa3035878,MER,mercer university,,
2026,166.0,6.0,6,Alex Weingartner,St. Augustine Prep HS,HS SR,Chicago White Sox,no_candidate,,,0,,,,,,
2026,167.0,6.0,6,Cooper Allen,UNC Wilmington,4YR JR,Washington Nationals,matched_exact_name,100.0,100.0,1,Cooper Allen,sa3025912,UNCW,university of north carolina at wilmington,,
2026,168.0,6.0,6,Ethan Lay,Sacramento State,4YR SR,Minnesota Twins,matched_exact_name,100.0,100.0,1,Ethan Lay,sa3059771,SAC,sacramento state university,,
2026,169.0,6.0,6,Tyler Fay,Alabama,4YR SR,Pittsburgh Pirates,matched_exact_name,100.0,100.0,1,Tyler Fay,sa3031198,ALA,university of alabama,,
2026,170.0,6.0,6,Justin Byrd,Georgia,4YR SR,Los Angeles Angels,matched_exact_name,100.0,100.0,1,Justin Byrd,sa3062564,UGA,university of georgia,,
2026,171.0,6.0,6,Zane Adams,Alabama,4YR JR,Baltimore Orioles,matched_exact_name,100.0,100.0,1,Zane Adams,sa3025773,ALA,university of alabama,,
2026,172.0,6.0,6,Alex Sosa,Miami,4YR JR,Athletics,matched_exact_name,100.0,100.0,1,Alex Sosa,sa3042760,MIA,university of miami,,
2026,173.0,6.0,6,Tyson Grulkowski,Muskego HS,HS SR,Atlanta Braves,no_candidate,,,0,,,,,,
2026,174.0,6.0,6,Kyle Johnson,Virginia,4YR JR,Tampa Bay Rays,no_candidate,,,0,,,,,,
2026,175.0,6.0,6,Owen Henne,Seton Hill,4YR JR,St. Louis Cardinals,no_candidate,,,0,,,,,,
2026,176.0,6.0,6,Cole Selvig,Minnesota,4YR JR,Miami Marlins,matched_exact_name,100.0,100.0,1,Cole Selvig,sa3041975,MINN,university of minnesota,,
2026,177.0,6.0,6,Micah Worley,SUNY Stony Brook,4YR JR,Arizona Diamondbacks,matched_exact_name,100.0,100.0,1,Micah Worley,sa3060966,STBK,stony brook university,,
2026,178.0,6.0,6,Aidan Brainard,Nevada,4YR SR,Texas Rangers,matched_exact_name,100.0,100.0,1,Aidan Brainard,sa3069658,NEV,"university of nevada, reno",,
2026,179.0,6.0,6,Eric Nachtsheim,McNeese State,4YR SR,San Francisco Giants,matched_exact_name,100.0,100.0,1,Eric Nachtsheim,sa3060119,MCN,mcneese state university,,
2026,180.0,6.0,6,Justin LeGuernic,Clemson,4YR JR,Kansas City Royals,no_candidate,,,0,,,,,,
2026,181.0,6.0,6,Alex Petrovic,Auburn,4YR JR,New York Mets,matched_exact_name,100.0,100.0,1,Alex Petrovic,sa3039821,AUB,auburn university,,
2026,182.0,6.0,6,Michael Addari,Illinois State,4YR SR,Houston Astros,matched_exact_name,100.0,100.0,1,Michael Addari,sa3058462,ILST,illinois state university,,
2026,183.0,6.0,6,Duncan Marsten,Wake Forest,4YR SO,Cincinnati Reds,matched_exact_name,100.0,100.0,1,Duncan Marsten,sa3067236,WAKE,wake forest university,,
2026,184.0,6.0,6,Deiten Lachance,Oklahoma,4YR JR,Cleveland Guardians,matched_exact_name,100.0,100.0,1,Deiten Lachance,sa3070546,OU,university of oklahoma,,
2026,185.0,6.0,6,Brett Lanman,Abilene Christian,4YR JR,Boston Red Sox,matched_exact_name,100.0,100.0,1,Brett Lanman,sa3035953,ACU,abilene christian university,,
2026,186.0,6.0,6,Nu'u Contrades,Arizona State,4YR SR,San Diego Padres,matched_exact_name,100.0,100.0,1,Nu'u Contrades,sa3029287,ASU,arizona state university,,
2026,187.0,6.0,6,Maddox Molony,Oregon,4YR JR,Detroit Tigers,matched_exact_name,100.0,100.0,1,Maddox Molony,sa3036940,ORE,university of oregon,,
2026,188.0,6.0,6,Isaac Morton,Minnesota,4YR JR,Chicago Cubs,matched_exact_name,100.0,100.0,1,Isaac Morton,sa3038449,MINN,university of minnesota,,
2026,189.0,6.0,6,Andrew Gonzalez,Americas HS,HS SR,New York Yankees,rejected_fuzzy_school_guard,93.3,29.6,1,,,,,Andres Gonzalez,29.6
2026,190.0,6.0,6,Macon Winslow,North Carolina,4YR JR,Philadelphia Phillies,matched_exact_name,100.0,100.0,1,Macon Winslow,sa3045458,UNC,university of north carolina at chapel hill,,
2026,191.0,6.0,6,Henry Ford,Tennessee,4YR JR,Seattle Mariners,matched_exact_name,100.0,100.0,1,Henry Ford,sa3031540,TENN,university of tennessee knoxville,,
2026,192.0,6.0,6,Ryan Oshinskie,Brown,4YR JR,Milwaukee Brewers,no_candidate,,,0,,,,,,
2026,193.0,6.0,6,Gable Mitchell,Iowa,4YR SR,Toronto Blue Jays,matched_exact_name,100.0,100.0,1,Gable Mitchell,sa3038166,IOWA,university of iowa,,
2026,194.0,7.0,7,Jack Scott,Central Missouri,4YR JR,Colorado Rockies,no_candidate,,,0,,,,,,
2026,195.0,7.0,7,Clay Burdette,Xavier,4YR JR,Chicago White Sox,matched_exact_name,100.0,100.0,1,Clay Burdette,sa3058770,XAV,xavier university,,
2026,196.0,7.0,7,Gage Peterson,Appalachian State,4YR JR,Washington Nationals,matched_exact_name,100.0,100.0,1,Gage Peterson,sa3070998,APP,appalachian state university,,
2026,197.0,7.0,7,Max Bayles,Santa Clara,4YR JR,Minnesota Twins,matched_exact_name,100.0,100.0,1,Max Bayles,sa3026768,SCU,santa clara university,,
2026,198.0,7.0,7,Bryson Moore,Florida State,4YR JR,Pittsburgh Pirates,matched_exact_name,100.0,100.0,1,Bryson Moore,sa3038282,FSU,florida state university,,
2026,199.0,7.0,7,Ryan Hetzler,Auburn,4YR JR,Los Angeles Angels,no_candidate,,,0,,,,,,
2026,200.0,7.0,7,Ryan Piech,Xavier,4YR JR,Baltimore Orioles,matched_exact_name,100.0,100.0,1,Ryan Piech,sa3060268,XAV,xavier university,,
2026,201.0,7.0,7,David Rossow,Campbell,4YR 5S,Athletics,matched_exact_name,100.0,100.0,1,David Rossow,sa3041190,CAM,campbell university,,
2026,202.0,7.0,7,Jack Brenner,Fond du Lac HS,HS SR,Atlanta Braves,no_candidate,,,0,,,,,,
2026,203.0,7.0,7,AJ Rice,Pickens County HS,HS SR,Tampa Bay Rays,no_candidate,,,0,,,,,,
2026,204.0,7.0,7,Derek Schaefer,Arizona State,4YR JR,St. Louis Cardinals,no_candidate,,,0,,,,,,
2026,205.0,7.0,7,Eric Guevara,Auburn,4YR JR,Miami Marlins,matched_exact_name,100.0,100.0,1,Eric Guevara,sa3032834,AUB,auburn university,,
2026,206.0,7.0,7,Carson Turnquist,Cal Poly,4YR JR,Arizona Diamondbacks,matched_exact_name,100.0,100.0,1,Carson Turnquist,sa3044178,CP,california polytechnic state university,,
2026,207.0,7.0,7,Caden Aoki,Georgia,4YR GR,Texas Rangers,matched_exact_name,100.0,100.0,1,Caden Aoki,sa3026126,UGA,university of georgia,,
2026,208.0,7.0,7,Beau Bryans,Jacksonville State,4YR SR,San Francisco Giants,matched_exact_name,100.0,100.0,1,Beau Bryans,sa3058754,JVST,jacksonville state university,,
2026,209.0,7.0,7,Dylan Vigue,Georgia,4YR JR,Kansas City Royals,matched_exact_name,100.0,100.0,1,Dylan Vigue,sa3044492,UGA,university of georgia,,
2026,210.0,7.0,7,Aidan Keenan,Stanford,4YR JR,New York Mets,no_candidate,,,0,,,,,,
2026,211.0,7.0,7,Bryan Carney,University of Olivet,4YR SR,Houston Astros,no_candidate,,,0,,,,,,
2026,212.0,7.0,7,Sherman Johnson,North Carolina State,4YR JR,Cincinnati Reds,matched_exact_name,100.0,100.0,1,Sherman Johnson,sa3073566,NCSU,north carolina state university,,
2026,213.0,7.0,7,Savion Sims,Prestonwood Christian HS,HS SR,Cleveland Guardians,no_candidate,,,0,,,,,,
2026,214.0,7.0,7,Kide Adetuyi,Florida Atlantic,4YR JR,Boston Red Sox,matched_exact_name,100.0,100.0,1,Kide Adetuyi,sa3058463,FAU,florida atlantic university,,
2026,215.0,7.0,7,Joe Tiroly,Virginia,4YR JR,San Diego Padres,matched_exact_name,100.0,100.0,1,Joe Tiroly,sa3043858,UVA,university of virginia,,
2026,216.0,7.0,7,Brady Ballinger,Kansas,4YR JR,Detroit Tigers,matched_exact_name,100.0,100.0,1,Brady Ballinger,sa3058546,KU,university of kansas,,
2026,217.0,7.0,7,Cole Tryba,UC Santa Barbara,4YR JR,Chicago Cubs,no_candidate,,,0,,,,,,
2026,218.0,7.0,7,Michael Harpster,East Tennessee State,4YR JR,New York Yankees,matched_exact_name,100.0,100.0,1,Michael Harpster,sa3033252,ETSU,east tennessee state university,,
2026,219.0,7.0,7,Bo Rhudy,Tennessee,4YR JR,Philadelphia Phillies,no_candidate,,,0,,,,,,
2026,220.0,7.0,7,Ryan Wynn,Georgia,4YR JR,Seattle Mariners,no_candidate,,,0,,,,,,
2026,221.0,7.0,7,Grant Hill,Chelsea HS,HS SR,Milwaukee Brewers,no_candidate,,,0,,,,,,
2026,222.0,7.0,7,Dean West,UCLA,4YR JR,Toronto Blue Jays,matched_exact_name,100.0,100.0,1,Dean West,sa3045030,UCLA,"university of california, los angeles",,
2026,223.0,7.0,7,Charlie West,Connecticut,4YR JR,Los Angeles Dodgers,matched_fuzzy_name,91.7,100.0,1,Charles West,sa3045028,CONN,university of connecticut,,
2026,224.0,8.0,8,Hudson Barrett,Oklahoma State,4YR SR,Colorado Rockies,no_candidate,,,0,,,,,,
2026,225.0,8.0,8,Jayson Jones,Wichita State,4YR SR,Chicago White Sox,matched_exact_name,100.0,100.0,1,Jayson Jones,sa3034880,WICH,wichita state university,,
2026,226.0,8.0,8,Max Hansmann,Evansville,4YR SR,Washington Nationals,matched_exact_name,100.0,100.0,1,Max Hansmann,sa3033175,EVAN,university of evansville,,
2026,227.0,8.0,8,Thomas Burns,Texas,4YR JR,Minnesota Twins,no_candidate,,,0,,,,,,
2026,228.0,8.0,8,Alex Overbay,Arizona State,4YR JR,Pittsburgh Pirates,no_candidate,,,0,,,,,,
2026,229.0,8.0,8,Garrett Wright,Tennessee,4YR JR,Los Angeles Angels,matched_exact_name,100.0,100.0,1,Garrett Wright,sa3045613,TENN,university of tennessee knoxville,,
2026,230.0,8.0,8,Will Plunkett,Mamaroneck HS,HS SR,Baltimore Orioles,no_candidate,,,0,,,,,,
2026,231.0,8.0,8,Aidan Weaver,Duke,4YR SR,Athletics,matched_exact_name,100.0,100.0,1,Aidan Weaver,sa3044893,DUKE,duke university,,
2026,232.0,8.0,8,Jacob Jarrell,Clemson,4YR SR,Atlanta Braves,matched_exact_name,100.0,100.0,1,Jacob Jarrell,sa3034595,CLEM,clemson university,,
2026,233.0,8.0,8,Griffin Long,Sonoraville HS,HS SR,Tampa Bay Rays,rejected_fuzzy_school_guard,88.0,24.0,1,,,,,Griffin Olson,24.0
2026,234.0,8.0,8,Luke Harrison,Texas,4YR GR,St. Louis Cardinals,matched_exact_name,100.0,100.0,1,Luke Harrison,sa3033295,TEX,university of texas at austin,,
2026,235.0,8.0,8,Rintaro Sasaki,Stanford,4YR SO,Miami Marlins,matched_exact_name,100.0,100.0,1,Rintaro Sasaki,sa3060492,STAN,stanford university,,
2026,236.0,8.0,8,Paul Schoenfeld,West Virginia,4YR 5S,Arizona Diamondbacks,matched_exact_name,100.0,100.0,1,Paul Schoenfeld,sa3071236,WVU,west virginia university,,
2026,237.0,8.0,8,Kolby Branch,Georgia,4YR SR,Texas Rangers,matched_exact_name,100.0,100.0,1,Kolby Branch,sa3027580,UGA,university of georgia,,
2026,238.0,8.0,8,Cody Brasch,Louisana-Lafayette,4YR JR,San Francisco Giants,matched_exact_name,100.0,97.3,1,Cody Brasch,sa3069662,UL,university of louisiana at lafayette,,
2026,239.0,8.0,8,Hunter Possehl,Florida Gulf Coast,4YR JR,Kansas City Royals,matched_exact_name,100.0,100.0,1,Hunter Possehl,sa3060293,FGCU,florida gulf coast university,,
2026,240.0,8.0,8,Landon Koenig,Mississippi,4YR JR,New York Mets,no_candidate,,,0,,,,,,
2026,241.0,8.0,8,Aaron Piasecki,Troy,4YR SR,Houston Astros,matched_exact_name,100.0,100.0,1,Aaron Piasecki,sa3060267,TROY,troy university,,
2026,242.0,8.0,8,Brady Neal,Alabama,4YR SR,Cincinnati Reds,matched_exact_name,100.0,100.0,1,Brady Neal,sa3038709,ALA,university of alabama,,
2026,243.0,8.0,8,Matt Scott,Georgia,4YR SR,Cleveland Guardians,matched_exact_name,100.0,100.0,1,Matt Scott,sa3041858,UGA,university of georgia,,
2026,244.0,8.0,8,Josh Volmerding,Cal Poly,4YR JR,Boston Red Sox,no_candidate,,,0,,,,,,
2026,245.0,8.0,8,Sean Fitzpatrick,Arizona State,4YR SR,San Diego Padres,no_candidate,,,0,,,,,,
2026,246.0,8.0,8,Robert Omidi,St. Martin SS,HS SR,Detroit Tigers,no_candidate,,,0,,,,,,
2026,247.0,8.0,8,Lance Williams,Maryland,4YR SO,Chicago Cubs,matched_exact_name,100.0,100.0,1,Lance Williams,sa3060932,MD,university of maryland,,
2026,248.0,8.0,8,Luke Pettitte,Dallas Baptist,4YR JR,New York Yankees,matched_exact_name,100.0,100.0,1,Luke Pettitte,sa3039836,DBU,dallas baptist university,,
2026,249.0,8.0,8,Wyatt Danilowicz,Louisville,4YR SR,Philadelphia Phillies,matched_exact_name,100.0,100.0,1,Wyatt Danilowicz,sa3029833,LOU,university of louisville,,
2026,250.0,8.0,8,Mason Eckelman,Ohio State,4YR JR,Seattle Mariners,matched_exact_name,100.0,100.0,1,Mason Eckelman,sa3030769,OSU,ohio state university,,
2026,251.0,8.0,8,Kellan Tom,Corona del Sol HS,HS SR,Milwaukee Brewers,no_candidate,,,0,,,,,,
2026,252.0,8.0,8,Jake Bennett,Dallas Baptist,4YR SR,Toronto Blue Jays,matched_exact_name,100.0,100.0,1,Jake Bennett,sa3058621,DBU,dallas baptist university,,
2026,253.0,8.0,8,Miles Gosztola,Oregon,4YR JR,Los Angeles Dodgers,matched_exact_name,100.0,100.0,1,Miles Gosztola,sa3032514,ORE,university of oregon,,
2026,254.0,9.0,9,Tanner Sagouspe,TCU,4YR GR,Colorado Rockies,no_candidate,,,0,,,,,,
2026,255.0,9.0,9,Luke Craytor,Virginia Tech,4YR SR,Chicago White Sox,no_candidate,,,0,,,,,,
2026,256.0,9.0,9,Cashel Dugger,UCLA,4YR JR,Washington Nationals,matched_fuzzy_name,92.3,100.0,1,Cashel Duggar,sa3030631,UCLA,"university of california, los angeles",,
2026,257.0,9.0,9,JT Raab,Georgetown,4YR GR,Minnesota Twins,matched_exact_name,100.0,100.0,1,JT Raab,sa3040359,GTWN,georgetown university,,
2026,258.0,9.0,9,Tre Phelps,Georgia,4YR JR,Pittsburgh Pirates,matched_exact_name,100.0,100.0,1,Tre Phelps,sa3039858,UGA,university of georgia,,
2026,259.0,9.0,9,Trevor Hansen,University of California - Irvine,4YR JR,Los Angeles Angels,matched_exact_name,100.0,100.0,2,Trevor Hansen,sa3033171,UCI,"university of california, irvine",,
2026,260.0,9.0,9,Collin McKinney,Arizona,4YR SR,Baltimore Orioles,no_candidate,,,0,,,,,,
2026,261.0,9.0,9,Tanner Marsh,Liberty,4YR JR,Athletics,matched_exact_name,100.0,100.0,1,Tanner Marsh,sa3037119,LIB,liberty university,,
2026,262.0,9.0,9,Parker Brosius,Georgia Tech,4YR SR,Atlanta Braves,no_candidate,,,0,,,,,,
2026,263.0,9.0,9,Tai Jones,Jackson Academy,HS SR,Tampa Bay Rays,no_candidate,,,0,,,,,,
2026,264.0,9.0,9,Jayden Lobliner,San Diego,4YR SR,St. Louis Cardinals,matched_exact_name,100.0,100.0,1,Jayden Lobliner,sa3036429,USD,university of san diego,,
2026,265.0,9.0,9,Nic Tolbert,Oktaha HS,HS SR,Miami Marlins,no_candidate,,,0,,,,,,
2026,266.0,9.0,9,Chris Katz,Mercer,4YR 5S,Arizona Diamondbacks,matched_exact_name,100.0,100.0,1,Chris Katz,sa3035116,MER,mercer university,,
2026,267.0,9.0,9,Kaden Carpenter,Utah Valley,4YR SR,Texas Rangers,matched_exact_name,100.0,100.0,1,Kaden Carpenter,sa3028471,UVU,utah valley university,,
2026,268.0,9.0,9,Mike Mancini,Vanderbilt,4YR SR,San Francisco Giants,matched_exact_name,100.0,100.0,1,Mike Mancini,sa3036951,VAN,vanderbilt university,,
2026,269.0,9.0,9,Camden Johnson,Oklahoma,4YR JR,Kansas City Royals,matched_exact_name,100.0,100.0,1,Camden Johnson,sa3034721,OU,university of oklahoma,,
2026,270.0,9.0,9,Ryan Tayman,Cal Poly,4YR JR,New York Mets,matched_exact_name,100.0,100.0,1,Ryan Tayman,sa3043594,CP,california polytechnic state university,,
2026,271.0,9.0,9,Ryan Pruitt,South Florida,4YR SR,Houston Astros,matched_exact_name,100.0,100.0,1,Ryan Pruitt,sa3060313,USF,university of south florida,,
2026,272.0,9.0,9,Damian Ruiz,Arkansas,4YR SR,Cincinnati Reds,matched_exact_name,100.0,100.0,1,Damian Ruiz,sa3041281,ARK,university of arkansas,,
2026,273.0,9.0,9,Mario Pesca,Oklahoma State,4YR SR,Cleveland Guardians,matched_exact_name,100.0,100.0,1,Mario Pesca,sa3039759,OKST,oklahoma state university,,
2026,274.0,9.0,9,Martin Shelar,Marist School,HS SR,Boston Red Sox,no_candidate,,,0,,,,,,
2026,275.0,9.0,9,Benjamin Stubbs,Troy,4YR SR,San Diego Padres,matched_exact_name,100.0,100.0,1,Benjamin Stubbs,sa3071396,TROY,troy university,,
2026,276.0,9.0,9,Kenneth Ward,Park University-Gilbert,4YR 5S,Detroit Tigers,no_candidate,,,0,,,,,,
2026,277.0,9.0,9,Chase Meyer,West Virginia,4YR JR,Chicago Cubs,rejected_fuzzy_school_guard,90.9,30.8,1,,,,,Chase Mayer,30.8
2026,278.0,9.0,9,David Leslie,Pittsburgh,4YR GR,New York Yankees,matched_exact_name,100.0,100.0,1,David Leslie,sa3070592,PITT,university of pittsburgh,,
2026,279.0,9.0,9,Cooper Consiglio,North Carolina State,4YR JR,Philadelphia Phillies,matched_exact_name,100.0,100.0,1,Cooper Consiglio,sa3029269,NCSU,north carolina state university,,
2026,280.0,9.0,9,Drew Whalen,Auburn,4YR JR,Seattle Mariners,no_candidate,,,0,,,,,,
2026,281.0,9.0,9,Chase Mora,Texas State,4YR SR,Milwaukee Brewers,matched_exact_name,100.0,100.0,1,Chase Mora,sa3038326,TXST,texas state university,,
2026,282.0,9.0,9,Joey Urban,U Southern Mississippi,4YR SR,Toronto Blue Jays,matched_school_surname,0.0,100.0,1,Joseph Urban,sa3044249,USM,university of southern mississippi,,
2026,283.0,9.0,9,Kyeler Thompson,Texas Tech,4YR JR,Los Angeles Dodgers,matched_exact_name,100.0,100.0,1,Kyeler Thompson,sa3060747,TTU,texas tech university,,
2026,284.0,10.0,10,Mikiah Negrete,Cal State Fullerton,4YR SR,Colorado Rockies,matched_exact_name,100.0,100.0,1,Mikiah Negrete,sa3038730,CSUF,"california state university, fullerton",,
2026,285.0,10.0,10,Matthew Bucciero,Fairfield,4YR SR,Chicago White Sox,matched_fuzzy_name,89.7,100.0,1,Matt Bucciero,sa3027938,FAIR,fairfield university,,
2026,286.0,10.0,10,Nick Williams,Michigan State,4YR 5S,Washington Nationals,matched_exact_name,100.0,100.0,1,Nick Williams,sa3045340,MSU,michigan state university,,
2026,287.0,10.0,10,Kole Klecker,Arizona State,4YR SR,Minnesota Twins,matched_exact_name,100.0,100.0,1,Kole Klecker,sa3035480,ASU,arizona state university,,
2026,288.0,10.0,10,Michael Gibson,The Citadel,4YR SR,Pittsburgh Pirates,matched_exact_name,100.0,100.0,1,Michael Gibson,sa3032191,CIT,the citadel military south carolina,,
2026,289.0,10.0,10,Luc Rising,Northeastern,4YR SR,Los Angeles Angels,matched_exact_name,100.0,100.0,1,Luc Rising,sa3071127,NE,northeastern university,,
2026,290.0,10.0,10,Carlos Sanchez,LSU Shreveport,4YR JR,Baltimore Orioles,no_candidate,,,0,,,,,,
2026,291.0,10.0,10,Dominic Mauro,Cincinnati,4YR JR,Athletics,no_candidate,,,0,,,,,,
2026,292.0,10.0,10,Ben Zeigler-Namoa,Hawaii,4YR 5S,Atlanta Braves,matched_exact_name,100.0,100.0,1,Ben Zeigler-Namoa,sa3045831,HAW,university of hawaii manoa,,
2026,293.0,10.0,10,Tate McKee,Georgia Tech,4YR JR,Tampa Bay Rays,matched_exact_name,100.0,100.0,1,Tate McKee,sa3037653,GT,georgia institute of technology,,
2026,294.0,10.0,10,Nick Bonn,Cal Poly,4YR SR,St. Louis Cardinals,no_candidate,,,0,,,,,,
2026,295.0,10.0,10,Zach Peters,Virginia Commonwealth,4YR SR,Miami Marlins,matched_fuzzy_name,88.0,100.0,1,Zachary Peters,sa3039810,VCU,virginia commonwealth university,,
2026,296.0,10.0,10,Mason Steele,Alabama-Birmingham,4YR JR,Arizona Diamondbacks,matched_exact_name,100.0,100.0,1,Mason Steele,sa3071365,UAB,university of alabama at birmingham,,
2026,297.0,10.0,10,Evan Morrison,Grand Valley St U,4YR 5S,Texas Rangers,no_candidate,,,0,,,,,,
2026,298.0,10.0,10,Ian Korn,West Virginia,4YR GR,San Francisco Giants,matched_exact_name,100.0,100.0,1,Ian Korn,sa3070530,WVU,west virginia university,,
2026,299.0,10.0,10,Grant Fontenot,LSU,4YR 5S,Kansas City Royals,no_candidate,,,0,,,,,,
2026,300.0,10.0,10,Nate Isler,Dartmouth,4YR JR,New York Mets,matched_exact_name,100.0,100.0,1,Nate Isler,sa3034457,DART,dartmouth college,,
2026,301.0,10.0,10,Tazwell Butler,Kansas State,4YR 5S,Houston Astros,matched_exact_name,100.0,100.0,1,Tazwell Butler,sa3058782,KSU,kansas st.,,
2026,302.0,10.0,10,Conner Griffin,SUNY Binghamton,4YR JR,Cincinnati Reds,matched_exact_name,100.0,100.0,1,Conner Griffin,sa3032713,BING,binghamton university,,
2026,303.0,10.0,10,Ryan Bilka,Miami,4YR SR,Cleveland Guardians,no_candidate,,,0,,,,,,
2026,304.0,10.0,10,Kaleb LaFavor,Bishop Heelan HS,HS SR,Boston Red Sox,no_candidate,,,0,,,,,,
2026,305.0,10.0,10,Augie Lopez,USC,4YR SO,San Diego Padres,matched_exact_name,100.0,100.0,1,Augie Lopez,sa3059845,USC,university of southern california,,
2026,306.0,10.0,10,Jack Turner,New Mexico State,4YR SR,Detroit Tigers,matched_exact_name,100.0,100.0,1,Jack Turner,sa3060798,NMSU,new mexico state university,,
2026,307.0,10.0,10,Luke Alwood,Seattle,4YR SR,Chicago Cubs,matched_exact_name,100.0,100.0,1,Luke Alwood,sa3025987,SEA,seattle university,,
2026,308.0,10.0,10,Bayram Hot,Louisville,4YR SR,New York Yankees,matched_exact_name,100.0,100.0,1,Bayram Hot,sa3034135,LOU,university of louisville,,
2026,309.0,10.0,10,Reece Moroney,Rhode Island,4YR JR,Philadelphia Phillies,matched_exact_name,100.0,100.0,1,Reece Moroney,sa3038389,URI,university of rhode island,,
2026,310.0,10.0,10,Eric Jeon,Stanford,4YR JR,Seattle Mariners,matched_exact_name,100.0,100.0,1,Eric Jeon,sa3034666,STAN,stanford university,,
2026,311.0,10.0,10,Andrew Gaines,Saint Joseph's,4YR SR,Milwaukee Brewers,no_candidate,,,0,,,,,,
2026,312.0,10.0,10,Bryce Chance,Mississippi State,4YR 5S,Toronto Blue Jays,matched_exact_name,100.0,100.0,1,Bryce Chance,sa3028732,MSST,mississippi state university,,
2026,313.0,10.0,10,Devin Bell,Oregon,4YR SR,Los Angeles Dodgers,no_candidate,,,0,,,,,,
2026,314.0,11.0,11,Gavin Swartz,Normal Community HS,HS SR,Colorado Rockies,no_candidate,,,0,,,,,,
2026,315.0,11.0,11,Kyle Casteel,Butler HS,HS SR,Chicago White Sox,no_candidate,,,0,,,,,,
2026,316.0,11.0,11,Weston Moss,Texas A&M,4YR JR,Washington Nationals,matched_exact_name,100.0,100.0,1,Weston Moss,sa3038469,TA&M,texas aandm university,,
2026,317.0,11.0,11,Aidan Teel,Mississippi State,4YR SR,Minnesota Twins,matched_exact_name,100.0,100.0,1,Aidan Teel,sa3043601,MSST,mississippi state university,,
2026,318.0,11.0,11,Spencer Evans,TNXL Academy,HS SR,Pittsburgh Pirates,rejected_fuzzy_school_guard,85.7,28.6,1,,,,,Spencer Stearns,28.6
2026,319.0,11.0,11,Adam Agresti,St. John's,4YR JR,Los Angeles Angels,matched_exact_name,100.0,100.0,1,Adam Agresti,sa3025801,SJU,st. john's university,,
2026,320.0,11.0,11,Ross Norman,Coastal Carolina,4YR JR,Baltimore Orioles,matched_exact_name,100.0,100.0,1,Ross Norman,sa3038928,CCU,coastal carolina university,,
2026,321.0,11.0,11,Javar Williams,Wake Forest,4YR JR,Athletics,matched_exact_name,100.0,100.0,1,Javar Williams,sa3045312,WAKE,wake forest university,,
2026,322.0,11.0,11,Ryne Barker,Casteel HS,HS SR,Atlanta Braves,no_candidate,,,0,,,,,,
2026,323.0,11.0,11,Logan Georges,Clovis HS,HS SR,Tampa Bay Rays,no_candidate,,,0,,,,,,
2026,324.0,11.0,11,Jacob Haley,South Alabama,4YR JR,St. Louis Cardinals,no_candidate,,,0,,,,,,
2026,325.0,11.0,11,Fabio Bundi,Monterey Peninsula JC,JC J2,Miami Marlins,no_candidate,,,0,,,,,,
2026,326.0,11.0,11,Cody Boshell,Bishop Snyder HS,HS SR,Arizona Diamondbacks,no_candidate,,,0,,,,,,
2026,327.0,11.0,11,Jordan Hawkins,Carl Albert HS,HS SR,Texas Rangers,no_candidate,,,0,,,,,,
2026,328.0,11.0,11,Charlie Bussey III,Francis Marion,4YR SR,San Francisco Giants,no_candidate,,,0,,,,,,
2026,329.0,11.0,11,Tanner Griffith,Saint Mary's,4YR JR,Kansas City Royals,matched_exact_name,100.0,100.0,1,Tanner Griffith,sa3032726,SMC,st. mary's california,,
2026,330.0,11.0,11,Kuhio Aloy,Arkansas,4YR JR,New York Mets,matched_exact_name,100.0,100.0,1,Kuhio Aloy,sa3025960,ARK,university of arkansas,,
2026,331.0,11.0,11,Peyton Fiene,Odessa JC,JC J2,Houston Astros,no_candidate,,,0,,,,,,
2026,332.0,11.0,11,Calvin Proskey,UC Santa Barbara,4YR JR,Cincinnati Reds,no_candidate,,,0,,,,,,
2026,333.0,11.0,11,Jake Bean,Louisville,4YR JR,Cleveland Guardians,no_candidate,,,0,,,,,,
2026,334.0,11.0,11,Wills Maginnis,Georgia State,4YR SO,Boston Red Sox,matched_exact_name,100.0,100.0,1,Wills Maginnis,sa3070652,GAST,georgia state university,,
2026,335.0,11.0,11,Chris McHugh,North Carolina State,4YR JR,San Diego Padres,matched_exact_name,100.0,100.0,1,Chris McHugh,sa3037627,NCSU,north carolina state university,,
2026,336.0,11.0,11,Will Adams,Hoover HS,HS SR,Detroit Tigers,no_candidate,,,0,,,,,,
2026,337.0,11.0,11,Ariston Veasey,Clemson,4YR JR,Chicago Cubs,no_candidate,,,0,,,,,,
2026,338.0,11.0,11,Anthony Potestio,UC San Diego,4YR JR,New York Yankees,matched_exact_name,100.0,100.0,1,Anthony Potestio,sa3040125,UCSD,"university of california, san diego",,
2026,339.0,11.0,11,Drew Titsworth,Clemson,4YR JR,Philadelphia Phillies,no_candidate,,,0,,,,,,
2026,340.0,11.0,11,Wyatt Queen,Oregon State,4YR SR,Seattle Mariners,no_candidate,,,0,,,,,,
2026,341.0,11.0,11,Gavin Perry,Western Kentucky,4YR 5S,Milwaukee Brewers,matched_exact_name,100.0,100.0,1,Gavin Perry,sa3065839,WKU,western kentucky university,,
2026,342.0,11.0,11,Brayden Martin,Maryland,4YR JR,Toronto Blue Jays,matched_exact_name,100.0,100.0,1,Brayden Martin,sa3037139,MD,university of maryland,,
2026,343.0,11.0,11,Cody New,California Baptist,4YR JR,Los Angeles Dodgers,no_candidate,,,0,,,,,,
2026,344.0,12.0,12,Garrett Brewer,Auburn,4YR JR,Colorado Rockies,no_candidate,,,0,,,,,,
2026,345.0,12.0,12,Braden Holcomb,Vanderbilt,4YR JR,Chicago White Sox,matched_exact_name,100.0,100.0,1,Braden Holcomb,sa3033951,VAN,vanderbilt university,,
2026,346.0,12.0,12,Matthew Dallas,Wake Forest,4YR JR,Washington Nationals,no_candidate,,,0,,,,,,
2026,347.0,12.0,12,Colby Turner,Michigan,4YR JR,Minnesota Twins,matched_exact_name,100.0,100.0,1,Colby Turner,sa3044160,MICH,university of michigan,,
2026,348.0,12.0,12,Rohan Lettow,San Diego State,4YR JR,Pittsburgh Pirates,matched_exact_name,100.0,100.0,1,Rohan Lettow,sa3036265,SDSU,san diego state university,,
2026,349.0,12.0,12,Jacob Sammis,Glynn Academy,HS SR,Los Angeles Angels,no_candidate,,,0,,,,,,
2026,350.0,12.0,12,Leo Marrero,Hardee HS,HS SR,Baltimore Orioles,no_candidate,,,0,,,,,,
2026,351.0,12.0,12,Nathan Aceves,UC Santa Barbara,4YR SO,Athletics,matched_exact_name,100.0,100.0,1,Nathan Aceves,sa3062551,UCSB,"university of california, santa barbara",,
2026,352.0,12.0,12,Dominic Kibler,Wisconsin-Milwaukee,4YR JR,Atlanta Braves,matched_school_surname,0.0,100.0,1,Dom Kibler,sa3035338,MILW,university of wisconsin–milwaukee,,
2026,353.0,12.0,12,Cole Stokes,Florida State,4YR JR,Tampa Bay Rays,no_candidate,,,0,,,,,,
2026,354.0,12.0,12,Drew Horn,Middle Tennessee State,4YR SR,St. Louis Cardinals,no_candidate,,,0,,,,,,
2026,355.0,12.0,12,Bane Barker,Sandalwood HS,HS SR,Miami Marlins,no_candidate,,,0,,,,,,
2026,356.0,12.0,12,Caleb Jameson,Georgia,4YR SR,Arizona Diamondbacks,no_candidate,,,0,,,,,,
2026,357.0,12.0,12,Jackson Nash,Longwood,4YR JR,Texas Rangers,no_candidate,,,0,,,,,,
2026,358.0,12.0,12,Josiah Kemp,Choctaw HS,HS SR,San Francisco Giants,no_candidate,,,0,,,,,,
2026,359.0,12.0,12,Lance Hartley,College of Central Florida,JC J2,Kansas City Royals,no_candidate,,,0,,,,,,
2026,360.0,12.0,12,AJ Krodel,UC Santa Barbara,4YR JR,New York Mets,no_candidate,,,0,,,,,,
2026,361.0,12.0,12,Owen Nowak,Middle Tennessee State,4YR JR,Houston Astros,matched_exact_name,100.0,100.0,1,Owen Nowak,sa3070893,MTSU,middle tennessee state university,,
2026,362.0,12.0,12,Brodie Purcell,Florida State,4YR JR,Cincinnati Reds,no_candidate,,,0,,,,,,
2026,363.0,12.0,12,Ben Cleary,Santa Clara,4YR JR,Cleveland Guardians,matched_exact_name,100.0,100.0,1,Ben Cleary,sa3029013,SCU,santa clara university,,
2026,364.0,12.0,12,Jacob Webster,Oak Hills HS,HS SR,Boston Red Sox,no_candidate,,,0,,,,,,
2026,365.0,12.0,12,Rob Evans,Miami,4YR SR,San Diego Padres,matched_fuzzy_name,85.7,100.0,1,Robert Evans,sa3031080,MIA,university of miami,,
2026,366.0,12.0,12,Tyler West,Salt Lake CC,JC J2,Detroit Tigers,no_candidate,,,0,,,,,,
2026,367.0,12.0,12,Brandon Arvidson,Tennessee,4YR SR,Chicago Cubs,no_candidate,,,0,,,,,,
2026,368.0,12.0,12,Austin Berggren,Miami (OH),4YR SR,New York Yankees,matched_exact_name,100.0,100.0,1,Austin Berggren,sa3027029,M-OH,miami university-ohio,,
2026,369.0,12.0,12,Christian Coppola,Saint Joseph's,4YR SR,Philadelphia Phillies,no_candidate,,,0,,,,,,
2026,370.0,12.0,12,Connor Marshburn,UNC Wilmington,4YR JR,Seattle Mariners,matched_exact_name,100.0,100.0,1,Connor Marshburn,sa3037106,UNCW,university of north carolina at wilmington,,
2026,371.0,12.0,12,Marcus Kruzan,Minnesota,4YR JR,Milwaukee Brewers,matched_exact_name,100.0,100.0,1,Marcus Kruzan,sa3035748,MINN,university of minnesota,,
2026,372.0,12.0,12,Santiago Garcia,LSU,4YR JR,Toronto Blue Jays,no_candidate,,,0,,,,,,
2026,373.0,12.0,12,Gavin Van Kempen,East Carolina,4YR SR,Los Angeles Dodgers,no_candidate,,,0,,,,,,
2026,374.0,13.0,13,Juriel Collazo,Christian Military Academy HS,HS SR,Colorado Rockies,no_candidate,,,0,,,,,,
2026,375.0,13.0,13,Grayson Fitzwater,Virginia Military Institute,4YR SR,Chicago White Sox,matched_exact_name,100.0,100.0,1,Grayson Fitzwater,sa3031417,VMI,virginia military institute,,
2026,376.0,13.0,13,Cody Howard,Texas,4YR GR,Washington Nationals,no_candidate,,,0,,,,,,
2026,377.0,13.0,13,Isaiah Lane,Hope International,4YR JR,Minnesota Twins,no_candidate,,,0,,,,,,
2026,378.0,13.0,13,Griffin Stieg,Virginia Tech,4YR SR,Pittsburgh Pirates,matched_exact_name,100.0,100.0,1,Griffin Stieg,sa3043121,VT,virginia tech,,
2026,379.0,13.0,13,Jake Long,Utah,4YR JR,Los Angeles Angels,matched_exact_name,100.0,100.0,1,Jake Long,sa3059837,UTAH,university of utah,,
2026,380.0,13.0,13,Garrison Sumner,Brigham Young,4YR SR,Baltimore Orioles,matched_exact_name,100.0,100.0,1,Garrison Sumner,sa3043328,BYU,brigham young university,,
2026,381.0,13.0,13,Evan Blanco,Tennessee,4YR SR,Athletics,matched_exact_name,100.0,100.0,1,Evan Blanco,sa3027230,TENN,university of tennessee knoxville,,
2026,382.0,13.0,13,Cole Dorland,Walnut Grove SS,HS SR,Atlanta Braves,no_candidate,,,0,,,,,,
2026,383.0,13.0,13,Steven Gonzalez,Mater Academy HS,HS SR,Tampa Bay Rays,no_candidate,,,0,,,,,,
2026,384.0,13.0,13,Matthew Thomas,Cal State Northridge,4YR JR,St. Louis Cardinals,matched_exact_name,100.0,100.0,1,Matthew Thomas,sa3060739,CSUN,"california state university, northridge",,
2026,385.0,13.0,13,Connor Benge,LSU,4YR SR,Miami Marlins,no_candidate,,,0,,,,,,
2026,386.0,13.0,13,Jack Spanier,Minnesota,4YR JR,Arizona Diamondbacks,matched_exact_name,100.0,100.0,1,Jack Spanier,sa3042795,MINN,university of minnesota,,
2026,387.0,13.0,13,Will Whelan,Minnesota,4YR JR,Texas Rangers,no_candidate,,,0,,,,,,
2026,388.0,13.0,13,Colin Fisher,Arkansas,4YR JR,San Francisco Giants,matched_exact_name,100.0,100.0,1,Colin Fisher,sa3031379,ARK,university of arkansas,,
2026,389.0,13.0,13,Dalton Hill,Nicholls St U,4YR SR,Kansas City Royals,no_candidate,,,0,,,,,,
2026,390.0,13.0,13,Jacob Madrid,Notre Dame HS,HS SR,New York Mets,no_candidate,,,0,,,,,,
2026,391.0,13.0,13,Jack Beck,Columbia Central HS,HS SR,Houston Astros,no_candidate,,,0,,,,,,
2026,392.0,13.0,13,Kenny Ishikawa,Georgia,4YR SO,Cincinnati Reds,no_candidate,,,0,,,,,,
2026,393.0,13.0,13,Erick Dessens,Sacramento State,4YR JR,Cleveland Guardians,matched_exact_name,100.0,100.0,1,Erick Dessens,sa3069940,SAC,sacramento state university,,
2026,394.0,13.0,13,Mason Lei,Illinois-Chicago,4YR JR,Boston Red Sox,matched_exact_name,100.0,100.0,1,Mason Lei,sa3070582,UIC,university of illinois at chicago,,
2026,395.0,13.0,13,Michael Smith Jr.,Dayton,4YR JR,San Diego Padres,matched_fuzzy_name,86.7,100.0,1,Michael Smith,sa3042607,DAY,university of dayton,,
2026,396.0,13.0,13,Jett Johnston,Auburn,4YR JR,Detroit Tigers,rejected_fuzzy_school_guard,88.0,31.6,2,,,,,Rett Johnson,31.6
2026,397.0,13.0,13,Emanuel Hernandez,Carlos Beltran Baseball Academy,HS SR,Chicago Cubs,no_candidate,,,0,,,,,,
2026,398.0,13.0,13,Lee Garris,Maury HS,HS SR,New York Yankees,no_candidate,,,0,,,,,,
2026,399.0,13.0,13,Brayden Bakes,Illinois State,4YR JR,Philadelphia Phillies,matched_exact_name,100.0,100.0,1,Brayden Bakes,sa3058541,ILST,illinois state university,,
2026,400.0,13.0,13,Anthony Treto,Tarleton State,4YR JR,Seattle Mariners,matched_exact_name,100.0,100.0,1,Anthony Treto,sa3073597,TAR,tarleton state university,,
2026,401.0,13.0,13,Carson Hart,Mankato East HS,HS SR,Milwaukee Brewers,no_candidate,,,0,,,,,,
2026,402.0,13.0,13,Mathis Nayral,Kansas,4YR SR,Toronto Blue Jays,matched_exact_name,100.0,100.0,1,Mathis Nayral,sa3070861,KU,university of kansas,,
2026,403.0,13.0,13,Caleb Johnson,Jacksonville State,4YR SR,Los Angeles Dodgers,matched_exact_name,100.0,100.0,1,Caleb Johnson,sa3034718,JVST,jacksonville state university,,
2026,404.0,14.0,14,Lorenzo Carrier,Pittsburgh,4YR 5S,Colorado Rockies,matched_exact_name,100.0,100.0,1,Lorenzo Carrier,sa3028498,PITT,university of pittsburgh,,
2026,405.0,14.0,14,Isaac Yeager,Oregon State,4YR SR,Chicago White Sox,no_candidate,,,0,,,,,,
2026,406.0,14.0,14,Zack Konstantinovsky,Rutgers,4YR JR,Washington Nationals,matched_exact_name,100.0,100.0,1,Zack Konstantinovsky,sa3035630,RUTG,rutgers university,,
2026,407.0,14.0,14,Alec Bouchard,Wofford,4YR JR,Minnesota Twins,matched_exact_name,100.0,100.0,1,Alec Bouchard,sa3027441,WOF,wofford college,,
2026,408.0,14.0,14,Damarcus Rideout-Carter,Heart Lake SS,HS SR,Pittsburgh Pirates,no_candidate,,,0,,,,,,
2026,409.0,14.0,14,Tate McGuire,Arkansas,4YR JR,Los Angeles Angels,no_candidate,,,0,,,,,,
2026,410.0,14.0,14,Miguel Hugas,Mercer,4YR JR,Baltimore Orioles,matched_exact_name,100.0,100.0,1,Miguel Hugas,sa3070386,MER,mercer university,,
2026,411.0,14.0,14,Caden Sivrich,Norwin HS,HS SR,Athletics,no_candidate,,,0,,,,,,
2026,412.0,14.0,14,Brady Hamilton,Wichita State,4YR JR,Atlanta Braves,matched_exact_name,100.0,100.0,1,Brady Hamilton,sa3033073,WICH,wichita state university,,
2026,413.0,14.0,14,Mason Bixby,Oklahoma,4YR JR,Tampa Bay Rays,no_candidate,,,0,,,,,,
2026,414.0,14.0,14,Jaden Alba,Arizona State,4YR JR,St. Louis Cardinals,matched_exact_name,100.0,100.0,1,Jaden Alba,sa3025835,ASU,arizona state university,,
2026,415.0,14.0,14,Tyler Kapa,Virginia,4YR GR,Miami Marlins,no_candidate,,,0,,,,,,
2026,416.0,14.0,14,Brannon Westmoreland,Arkansas-Little Rock,4YR JR,Arizona Diamondbacks,matched_exact_name,100.0,100.0,1,Brannon Westmoreland,sa3071588,LR,little rock university,,
2026,417.0,14.0,14,Alfredo Capacete,California Baptist,4YR SR,Texas Rangers,no_candidate,,,0,,,,,,
2026,418.0,14.0,14,Alex Solis,Houston,4YR JR,San Francisco Giants,no_candidate,,,0,,,,,,
2026,419.0,14.0,14,Banks Wickersham,Fort Dorchester HS,HS SR,Kansas City Royals,no_candidate,,,0,,,,,,
2026,420.0,14.0,14,Zach Crotchfelt,Troy,4YR SR,New York Mets,matched_exact_name,100.0,100.0,1,Zach Crotchfelt,sa3029603,TROY,troy university,,
2026,421.0,14.0,14,Brady Thomas,Jacksonville State,4YR SR,Houston Astros,matched_exact_name,100.0,100.0,1,Brady Thomas,sa3060736,JVST,jacksonville state university,,
2026,422.0,14.0,14,Ray Ladd,Radford,4YR JR,Cincinnati Reds,matched_school_surname,0.0,100.0,1,Raymond Ladd,sa3035837,RAD,radford university,,
2026,423.0,14.0,14,Carson Lane,UNLV,4YR JR,Cleveland Guardians,matched_exact_name,100.0,100.0,1,Carson Lane,sa3035914,UNLV,"university of nevada, las vegas",,
2026,424.0,14.0,14,Jase Evangelista,Nevada-Las Vegas,4YR JR,Boston Red Sox,matched_exact_name,100.0,100.0,1,Jase Evangelista,sa3031055,UNLV,"university of nevada, las vegas",,
2026,425.0,14.0,14,Ty Brachbill,High Point,4YR JR,San Diego Padres,matched_exact_name,100.0,100.0,1,Ty Brachbill,sa3027539,HPU,high point university,,
2026,426.0,14.0,14,Edwin Alicea,South Florida,4YR JR,Detroit Tigers,matched_exact_name,100.0,100.0,1,Edwin Alicea,sa3069474,USF,university of south florida,,
2026,427.0,14.0,14,Corey Nunez,UC Santa Barbara,4YR SR,Chicago Cubs,matched_exact_name,100.0,100.0,1,Corey Nunez,sa3038969,UCSB,"university of california, santa barbara",,
2026,428.0,14.0,14,Diego Castellanos,Saint Mary's,4YR JR,New York Yankees,matched_exact_name,100.0,100.0,1,Diego Castellanos,sa3028606,SMC,st. mary's california,,
2026,429.0,14.0,14,Patrick Clemmey,Avon Old Farms HS,HS SR,Philadelphia Phillies,no_candidate,,,0,,,,,,
2026,430.0,14.0,14,Chris Diaz,Florida Gulf Coast,4YR JR,Seattle Mariners,matched_exact_name,100.0,100.0,1,Chris Diaz,sa3030255,FGCU,florida gulf coast university,,
2026,431.0,14.0,14,Daunte Bell II,Millikan HS,HS SR,Milwaukee Brewers,no_candidate,,,0,,,,,,
2026,432.0,14.0,14,Connor Kelley,Texas-San Antonio,4YR SR,Toronto Blue Jays,matched_exact_name,100.0,100.0,1,Connor Kelley,sa3062625,UTSA,university of texas at san antonio,,
2026,433.0,14.0,14,Ryne Rodriguez,Houston,4YR SR,Los Angeles Dodgers,matched_exact_name,100.0,100.0,1,Ryne Rodriguez,sa3041017,HOU,university of houston,,
2026,434.0,15.0,15,Ryan Niedzwiedz,Southern Illinois University Edwardsville,4YR JR,Colorado Rockies,matched_exact_name,100.0,100.0,1,Ryan Niedzwiedz,sa3038865,SIUE,southern illinois university edwardsville,,
2026,435.0,15.0,15,Cameron Johnson,Oklahoma,4YR JR,Chicago White Sox,matched_exact_name,100.0,100.0,1,Cameron Johnson,sa3034720,OU,university of oklahoma,,
2026,436.0,15.0,15,Francisco Rivero,Canyon del Oro HS,HS SR,Washington Nationals,no_candidate,,,0,,,,,,
2026,437.0,15.0,15,Charlie Scholvin,Toledo,4YR JR,Minnesota Twins,matched_exact_name,100.0,100.0,1,Charlie Scholvin,sa3041760,TOL,university of toledo,,
2026,438.0,15.0,15,Liam O'Leary,St. John's,4YR JR,Pittsburgh Pirates,matched_fuzzy_name,95.7,100.0,1,Liam OLeary,sa3070914,SJU,st. john's university,,
2026,439.0,15.0,15,Cameron Jackson,Georgia Premier HS,HS SR,Los Angeles Angels,no_candidate,,,0,,,,,,
2026,440.0,15.0,15,Braden Smith,Central Florida,4YR JR,Baltimore Orioles,rejected_fuzzy_school_guard,87.0,70.0,4,,,,,Kaden Smith,70.0
2026,441.0,15.0,15,Dylan O'Connell,Wisconsin-Milwaukee,4YR JR,Athletics,matched_exact_name,100.0,100.0,1,Dylan O'Connell,sa3039024,MILW,university of wisconsin–milwaukee,,
2026,442.0,15.0,15,Caleb Klein,Southeast Missouri St U,4YR JR,Atlanta Braves,matched_exact_name,100.0,100.0,1,Caleb Klein,sa3070516,SEMO,southeast missouri state university,,
2026,443.0,15.0,15,Amp Phillips,South Carolina,4YR SR,Tampa Bay Rays,matched_exact_name,100.0,100.0,1,Amp Phillips,sa3060262,SC,university of south carolina,,
2026,444.0,15.0,15,Brian Garmon,U South Alabama,4YR SR,St. Louis Cardinals,no_candidate,,,0,,,,,,
2026,445.0,15.0,15,Colin Linder,Arizona State,4YR SR,Miami Marlins,matched_exact_name,100.0,100.0,1,Colin Linder,sa3070604,ASU,arizona state university,,
2026,446.0,15.0,15,Andrew Evans,Southern Illinois,4YR SR,Arizona Diamondbacks,matched_exact_name,100.0,100.0,1,Andrew Evans,sa3031058,SIU,southern illinois university,,
2026,447.0,15.0,15,Landon Brewer,Minden HS,HS SR,Texas Rangers,no_candidate,,,0,,,,,,
2026,448.0,15.0,15,Drew Smith,Oregon,4YR SR,San Francisco Giants,matched_exact_name,100.0,100.0,1,Drew Smith,sa3042539,ORE,university of oregon,,
2026,449.0,15.0,15,Madden Clement,Virginia Tech,4YR JR,Kansas City Royals,no_candidate,,,0,,,,,,
2026,450.0,15.0,15,Dustin Hagens Jr.,Missouri-St. Louis,4YR JR,New York Mets,no_candidate,,,0,,,,,,
2026,451.0,15.0,15,James Tronstein,Harvard-Westlake HS,HS SR,Houston Astros,no_candidate,,,0,,,,,,
2026,452.0,15.0,15,David Hinojosa,Poly Prep HS,HS SR,Cincinnati Reds,no_candidate,,,0,,,,,,
2026,453.0,15.0,15,Alejandro Garza,Cal Poly,4YR JR,Cleveland Guardians,matched_exact_name,100.0,100.0,1,Alejandro Garza,sa3032018,CP,california polytechnic state university,,
2026,454.0,15.0,15,Chase Frey,Grand Canyon,4YR JR,Boston Red Sox,matched_exact_name,100.0,100.0,1,Chase Frey,sa3070122,GCU,grand canyon university,,
2026,455.0,15.0,15,Ryan Kucherak,Northwestern,4YR JR,San Diego Padres,matched_exact_name,100.0,100.0,1,Ryan Kucherak,sa3035761,NU,northwestern university,,
2026,456.0,15.0,15,Dustin Dunwoody,Royal HS,HS SR,Detroit Tigers,no_candidate,,,0,,,,,,
2026,457.0,15.0,15,Griffin Naess,Cal Poly,4YR JR,Chicago Cubs,matched_exact_name,100.0,100.0,1,Griffin Naess,sa3038661,CP,california polytechnic state university,,
2026,458.0,15.0,15,William Cutshall,Seneca HS,HS SR,New York Yankees,no_candidate,,,0,,,,,,
2026,459.0,15.0,15,Owen Clyne,George Mason,4YR SR,Philadelphia Phillies,matched_exact_name,100.0,100.0,1,Owen Clyne,sa3058887,GMU,george mason university,,
2026,460.0,15.0,15,Charlie Sutherland,Minnesota,4YR JR,Seattle Mariners,matched_exact_name,100.0,100.0,1,Charlie Sutherland,sa3043344,MINN,university of minnesota,,
2026,461.0,15.0,15,Keaton Maiorana,Mountain Vista HS,HS SR,Milwaukee Brewers,no_candidate,,,0,,,,,,
2026,462.0,15.0,15,Oliver de la Torre,California,4YR JR,Toronto Blue Jays,matched_exact_name,100.0,100.0,1,Oliver De La Torre,sa3030066,CAL,"university of california, berkeley",,
2026,463.0,15.0,15,Aemed Nasser,Central Pointe Christian Academy HS,HS SR,Los Angeles Dodgers,no_candidate,,,0,,,,,,
2026,464.0,16.0,16,Sam Larson,Tulane,4YR JR,Colorado Rockies,no_candidate,,,0,,,,,,
2026,465.0,16.0,16,Darin Horn,Coastal Carolina,4YR 5S,Chicago White Sox,matched_exact_name,100.0,100.0,1,Darin Horn,sa3034091,CCU,coastal carolina university,,
2026,466.0,16.0,16,Anthony Murphy,Corona HS,HS SR,Washington Nationals,no_candidate,,,0,,,,,,
2026,467.0,16.0,16,Connor Mattison,Kentucky,4YR JR,Minnesota Twins,no_candidate,,,0,,,,,,
2026,468.0,16.0,16,Grant Govel,USC,4YR SO,Pittsburgh Pirates,matched_exact_name,100.0,100.0,1,Grant Govel,sa3059333,USC,university of southern california,,
2026,469.0,16.0,16,Robert Orloski,Texas-San Antonio,4YR JR,Los Angeles Angels,no_candidate,,,0,,,,,,
2026,470.0,16.0,16,Brayden Fry,Cranford HS,HS SR,Baltimore Orioles,rejected_fuzzy_school_guard,87.0,42.1,2,,,,,Brayden Ryan,42.1
2026,471.0,16.0,16,Tyler August,Liberty,4YR JR,Athletics,no_candidate,,,0,,,,,,
2026,472.0,16.0,16,Dalton Harper,Niagara County CC,JC J3,Atlanta Braves,no_candidate,,,0,,,,,,
2026,473.0,16.0,16,Alex Philpott,South Carolina,4YR JR,Tampa Bay Rays,no_candidate,,,0,,,,,,
2026,474.0,16.0,16,Dallis Moran,Stetson,4YR JR,St. Louis Cardinals,no_candidate,,,0,,,,,,
2026,475.0,16.0,16,Porter Buursema,Georgia Tech,4YR JR,Miami Marlins,no_candidate,,,0,,,,,,
2026,476.0,16.0,16,Joseph Jasso,Cal St Fullerton,4YR JR,Arizona Diamondbacks,no_candidate,,,0,,,,,,
2026,477.0,16.0,16,Brandon Crabtree,Catawba,4YR SO,Texas Rangers,no_candidate,,,0,,,,,,
2026,478.0,16.0,16,Dalton Wentz,Wake Forest,4YR SO,San Francisco Giants,matched_exact_name,100.0,100.0,1,Dalton Wentz,sa3060904,WAKE,wake forest university,,
2026,479.0,16.0,16,Dylan Alonso,Troy,4YR JR,Kansas City Royals,no_candidate,,,0,,,,,,
2026,480.0,16.0,16,Gavin Guidry,LSU,4YR JR,New York Mets,no_candidate,,,0,,,,,,
2026,481.0,16.0,16,Rashawn Galloway,Texas State,4YR SR,Houston Astros,matched_exact_name,100.0,100.0,1,Rashawn Galloway,sa3031872,TXST,texas state university,,
2026,482.0,16.0,16,Victor Christal,Johnson County CC,JC J2,Cincinnati Reds,no_candidate,,,0,,,,,,
2026,483.0,16.0,16,Sebastian Rolon,Central Pointe Christian Academy HS,HS SR,Cleveland Guardians,no_candidate,,,0,,,,,,
2026,484.0,16.0,16,Colton Coates,Louisiana Tech,4YR JR,Boston Red Sox,matched_exact_name,100.0,100.0,1,Colton Coates,sa3029070,LT,louisiana tech university,,
2026,485.0,16.0,16,Albert Roblez,Oregon State,4YR GR,San Diego Padres,no_candidate,,,0,,,,,,
2026,486.0,16.0,16,Michael Lane,Delaware State,4YR JR,Detroit Tigers,matched_exact_name,100.0,100.0,1,Michael Lane,sa3035918,DSU,delaware state university,,
2026,487.0,16.0,16,Ashton Pocol,Florida Gulf Coast,4YR SR,Chicago Cubs,no_candidate,,,0,,,,,,
2026,488.0,16.0,16,Garrett Ahern,Grand Canyon,4YR JR,New York Yankees,matched_exact_name,100.0,100.0,1,Garrett Ahern,sa3025811,GCU,grand canyon university,,
2026,489.0,16.0,16,Matt Quintanar,Texas Tech,4YR JR,Philadelphia Phillies,matched_exact_name,100.0,100.0,1,Matt Quintanar,sa3071065,TTU,texas tech university,,
2026,490.0,16.0,16,Chris Torres,U South Carolina Upstate,4YR JR,Seattle Mariners,matched_exact_name,100.0,100.0,1,Chris Torres,sa3060772,UPST,university of south carolina upstate,,
2026,491.0,16.0,16,Bradyn Havard,George County HS,HS SR,Milwaukee Brewers,no_candidate,,,0,,,,,,
2026,492.0,16.0,16,Carson Cormier,Illinois State,4YR JR,Toronto Blue Jays,matched_exact_name,100.0,100.0,1,Carson Cormier,sa3065516,ILST,illinois state university,,
2026,493.0,16.0,16,Ethan Sutton,South Florida,4YR JR,Los Angeles Dodgers,matched_exact_name,100.0,100.0,1,Ethan Sutton,sa3043357,USF,university of south florida,,
2026,494.0,17.0,17,Josh Swink,Liberty,4YR JR,Colorado Rockies,matched_exact_name,100.0,100.0,1,Josh Swink,sa3043419,LIB,liberty university,,
2026,495.0,17.0,17,Crew McChesney,Brigham Young,4YR JR,Chicago White Sox,matched_exact_name,100.0,100.0,1,Crew McChesney,sa3037467,BYU,brigham young university,,
2026,496.0,17.0,17,Isaiah Galason,Houston County HS,HS SR,Washington Nationals,no_candidate,,,0,,,,,,
2026,497.0,17.0,17,Hideki Prather,California,4YR JR,Minnesota Twins,matched_exact_name,100.0,100.0,1,Hideki Prather,sa3066445,CAL,"university of california, berkeley",,
2026,498.0,17.0,17,Nathan Helman,Kennesaw State,4YR 5S,Pittsburgh Pirates,no_candidate,,,0,,,,,,
2026,499.0,17.0,17,TJ Grines,Tennesse-Martin,4YR SR,Los Angeles Angels,matched_exact_name,100.0,96.8,1,TJ Grines,sa3062843,UTM,university of tennessee at martin,,
2026,500.0,17.0,17,Diego Gutierrez,San Diego,4YR GR,Baltimore Orioles,matched_exact_name,100.0,100.0,1,Diego Gutierrez,sa3032876,USD,university of san diego,,
2026,501.0,17.0,17,Javier Gorostola,Florida Gulf Coast,4YR JR,Athletics,matched_exact_name,100.0,100.0,1,Javier Gorostola,sa3032506,FGCU,florida gulf coast university,,
2026,502.0,17.0,17,John Damozonio,Saint Mary's,4YR SR,Atlanta Braves,matched_exact_name,100.0,100.0,1,John Damozonio,sa3029808,SMC,st. mary's california,,
2026,503.0,17.0,17,McCarty English,Southern Mississippi,4YR JR,Tampa Bay Rays,no_candidate,,,0,,,,,,
2026,504.0,17.0,17,Jacob Johnson,Saint Mary's,4YR JR,St. Louis Cardinals,matched_exact_name,100.0,100.0,1,Jacob Johnson,sa3070446,SMC,st. mary's california,,
2026,505.0,17.0,17,Duke McCarron,Saint Joseph's,4YR JR,Miami Marlins,matched_exact_name,100.0,100.0,1,Duke McCarron,sa3037448,JOES,st. joseph's university,,
2026,506.0,17.0,17,Rylan Alaniz,Trinity HS,HS SR,Arizona Diamondbacks,no_candidate,,,0,,,,,,
2026,507.0,17.0,17,Collin Cobb,Williston State Col,JC J3,Texas Rangers,no_candidate,,,0,,,,,,
2026,508.0,17.0,17,Tanner Mally,Western Michigan,4YR JR,San Francisco Giants,matched_exact_name,100.0,100.0,1,Tanner Mally,sa3036924,WMU,western michigan university,,
2026,509.0,17.0,17,Richie Roman,Houston,4YR JR,Kansas City Royals,no_candidate,,,0,,,,,,
2026,510.0,17.0,17,Cooper Dossett,Arkansas,4YR SR,New York Mets,no_candidate,,,0,,,,,,
2026,511.0,17.0,17,Ben Tryon,Dallas Baptist,4YR JR,Houston Astros,matched_exact_name,100.0,100.0,1,Ben Tryon,sa3044100,DBU,dallas baptist university,,
2026,512.0,17.0,17,Jack Lausch,Northwestern,4YR SR,Cincinnati Reds,matched_exact_name,100.0,100.0,1,Jack Lausch,sa3059764,NU,northwestern university,,
2026,513.0,17.0,17,Travis Lutz,Lamar U,4YR GR,Cleveland Guardians,matched_exact_name,100.0,100.0,1,Travis Lutz,sa3036719,LAM,lamar university,,
2026,514.0,17.0,17,Alex Kranzler,Vanderbilt,4YR JR,Boston Red Sox,no_candidate,,,0,,,,,,
2026,515.0,17.0,17,Denton Lord,South Walton HS,HS SR,San Diego Padres,no_candidate,,,0,,,,,,
2026,516.0,17.0,17,Jack Byers,Artesia HS,HS SR,Detroit Tigers,rejected_fuzzy_school_guard,90.0,38.5,1,,,,,Jack Myers,38.5
2026,517.0,17.0,17,Ryan Marton,U Nevada Las Vegas,4YR JR,Chicago Cubs,rejected_fuzzy_school_guard,90.9,46.7,1,,,,,Ryan Martin,46.7
2026,518.0,17.0,17,Jason Krieger,Maine,4YR SR,New York Yankees,matched_fuzzy_name,92.3,100.0,1,Jason Kreiger,sa3035702,ME,university of maine,,
2026,519.0,17.0,17,Adam Troy,USC,4YR SR,Philadelphia Phillies,no_candidate,,,0,,,,,,
2026,520.0,17.0,17,Matthew Matthijs,North Carolina,4YR SR,Seattle Mariners,no_candidate,,,0,,,,,,
2026,521.0,17.0,17,Chance Ruby,Wilmot Union HS,HS SR,Milwaukee Brewers,no_candidate,,,0,,,,,,
2026,522.0,17.0,17,Landon Waters,Mississippi,4YR SR,Toronto Blue Jays,rejected_fuzzy_school_guard,88.0,19.0,1,,,,,Landon Akers,19.0
2026,523.0,17.0,17,Camden Wimbish,Campbell,4YR JR,Los Angeles Dodgers,matched_exact_name,100.0,100.0,1,Camden Wimbish,sa3045432,CAM,campbell university,,
2026,524.0,18.0,18,Blake Bowen,JSerra Catholic HS,HS SR,Colorado Rockies,rejected_school_guard,100.0,17.4,1,,,,,Blake Bowen,17.4
2026,525.0,18.0,18,Jackson Bergman,Indiana,4YR SR,Chicago White Sox,rejected_fuzzy_school_guard,90.3,40.0,1,,,,,Jackson Toberman,40.0
2026,526.0,18.0,18,Avery Ortiz,Oklahoma State,4YR JR,Washington Nationals,no_candidate,,,0,,,,,,
2026,527.0,18.0,18,Colter McAnelly,Utah,4YR JR,Minnesota Twins,matched_exact_name,100.0,100.0,1,Colter McAnelly,sa3037419,UTAH,university of utah,,
2026,528.0,18.0,18,Malachi Washington,Parkview HS,HS SR,Pittsburgh Pirates,no_candidate,,,0,,,,,,
2026,529.0,18.0,18,Greyson Chappel,Central Missouri,4YR JR,Los Angeles Angels,no_candidate,,,0,,,,,,
2026,530.0,18.0,18,Gunnar Garrison,Eaton HS,HS SR,Baltimore Orioles,no_candidate,,,0,,,,,,
2026,531.0,18.0,18,Bear Madliak,Kansas State,4YR 5S,Athletics,matched_exact_name,100.0,100.0,1,Bear Madliak,sa3036835,KSU,kansas st.,,
2026,532.0,18.0,18,Ethan Stade,Bowling Green State,4YR 5S,Atlanta Braves,matched_exact_name,100.0,100.0,1,Ethan Stade,sa3071355,BGSU,bowling green state university,,
2026,533.0,18.0,18,Nate Smithburg,U Oklahoma,4YR SR,Tampa Bay Rays,no_candidate,,,0,,,,,,
2026,534.0,18.0,18,Gabe Camacho,UC San Diego,4YR JR,St. Louis Cardinals,matched_exact_name,100.0,100.0,1,Gabe Camacho,sa3028295,UCSD,"university of california, san diego",,
2026,535.0,18.0,18,Jatniel McCloud,Amarillo College,JC J1,Miami Marlins,no_candidate,,,0,,,,,,
2026,536.0,18.0,18,Jake Duer,Texas A&M,4YR SR,Arizona Diamondbacks,matched_exact_name,100.0,100.0,1,Jake Duer,sa3030609,TA&M,texas aandm university,,
2026,537.0,18.0,18,Max Kaufer,Wichita State,4YR SR,Texas Rangers,no_candidate,,,0,,,,,,
2026,538.0,18.0,18,Ryder Brooks,University of California - Irvine,4YR JR,San Francisco Giants,no_candidate,,,0,,,,,,
2026,539.0,18.0,18,Cooper Corkrean,New Mexico,4YR JR,Kansas City Royals,matched_exact_name,100.0,100.0,1,Cooper Corkrean,sa3069851,UNM,university of new mexico,,
2026,540.0,18.0,18,Marcus Ward,King's Ridge Christian School,HS SR,New York Mets,no_candidate,,,0,,,,,,
2026,541.0,18.0,18,Petey Soto Jr.,Utah Tech,4YR JR,Houston Astros,matched_exact_name,100.0,100.0,1,Petey Soto Jr.,sa3042775,UTU,utah tech university,,
2026,542.0,18.0,18,Matt Ponatoski,Moeller HS,HS SR,Cincinnati Reds,no_candidate,,,0,,,,,,
2026,543.0,18.0,18,Parker Dillhoff,UNLV,4YR SR,Cleveland Guardians,matched_exact_name,100.0,100.0,1,Parker Dillhoff,sa3030336,UNLV,"university of nevada, las vegas",,
2026,544.0,18.0,18,Ethan Offing,Dutch Fork HS,HS SR,Boston Red Sox,no_candidate,,,0,,,,,,
2026,545.0,18.0,18,Mark  Quatrani,Notre Dame,4YR JR,San Diego Padres,matched_exact_name,100.0,100.0,1,Mark Quatrani,sa3040317,ND,university of notre dame,,
2026,546.0,18.0,18,Drake Meeks,Southern Mississippi,4YR JR,Detroit Tigers,no_candidate,,,0,,,,,,
2026,547.0,18.0,18,Luke McGrath,James Madison,4YR JR,Chicago Cubs,no_candidate,,,0,,,,,,
2026,548.0,18.0,18,Blake Cyr,Florida,4YR SR,New York Yankees,matched_exact_name,100.0,100.0,1,Blake Cyr,sa3029750,FLA,university of florida,,
2026,549.0,18.0,18,Lane Haworth,Texas-San Antonio,4YR JR,Philadelphia Phillies,matched_exact_name,100.0,100.0,1,Lane Haworth,sa3033439,UTSA,university of texas at san antonio,,
2026,550.0,18.0,18,Dominic Santarelli,St. Joseph Catholic Academy HS,HS SR,Seattle Mariners,no_candidate,,,0,,,,,,
2026,551.0,18.0,18,Brady Smith,East Carter County HS,HS SR,Milwaukee Brewers,no_candidate,,,0,,,,,,
2026,552.0,18.0,18,Jake McCoy,South Carolina,4YR JR,Toronto Blue Jays,rejected_school_guard,100.0,40.0,1,,,,,Jake McCoy,40.0
2026,553.0,18.0,18,Max Irving,Montverde Academy HS,HS SR,Los Angeles Dodgers,no_candidate,,,0,,,,,,
2026,554.0,19.0,19,Cort MacDonald,Stanford,4YR SR,Colorado Rockies,matched_exact_name,100.0,100.0,1,Cort MacDonald,sa3036781,STAN,stanford university,,
2026,555.0,19.0,19,Jake Berkland,Minnesota St U Mankato,4YR JR,Chicago White Sox,no_candidate,,,0,,,,,,
2026,556.0,19.0,19,Jack Brooks,U Oregon,4YR SR,Washington Nationals,matched_exact_name,100.0,100.0,1,Jack Brooks,sa3027759,ORE,university of oregon,,
2026,557.0,19.0,19,PJ Moutzouridis,Arizona State,4YR JR,Minnesota Twins,matched_exact_name,100.0,100.0,1,PJ Moutzouridis,sa3038483,ASU,arizona state university,,
2026,558.0,19.0,19,Andrew Duncan,Wright State,4YR JR,Pittsburgh Pirates,matched_exact_name,100.0,100.0,1,Andrew Duncan,sa3030651,WRST,wright state university,,
2026,559.0,19.0,19,Jack Salmon,U Nevada Las Vegas,4YR SR,Los Angeles Angels,matched_exact_name,100.0,100.0,1,Jack Salmon,sa3060461,UNLV,"university of nevada, las vegas",,
2026,560.0,19.0,19,Victor Salazar,Paetow HS,HS SR,Baltimore Orioles,no_candidate,,,0,,,,,,
2026,561.0,19.0,19,Jake Escalante,Soquel HS,HS SR,Athletics,no_candidate,,,0,,,,,,
2026,562.0,19.0,19,Austin Fawley,Mississippi,4YR SR,Atlanta Braves,matched_exact_name,100.0,100.0,1,Austin Fawley,sa3031196,MISS,university of mississippi,,
2026,563.0,19.0,19,David Horn Jr.,Middle Tennessee State,4YR SR,Tampa Bay Rays,matched_school_surname,0.0,100.0,1,David Horn,sa3034092,MTSU,middle tennessee state university,,
2026,564.0,19.0,19,Clayton Freshcorn,Texas A&M,4YR JR,St. Louis Cardinals,matched_exact_name,100.0,100.0,1,Clayton Freshcorn,sa3059239,TA&M,texas aandm university,,
2026,565.0,19.0,19,Jackson Mitchell,SUNY Binghamton,4YR JR,Miami Marlins,matched_exact_name,100.0,100.0,1,Jackson Mitchell,sa3038168,BING,binghamton university,,
2026,566.0,19.0,19,Weber Neels,Minnesota,4YR SR,Arizona Diamondbacks,matched_exact_name,100.0,100.0,1,Weber Neels,sa3038721,MINN,university of minnesota,,
2026,567.0,19.0,19,Selden Kolkebeck,Northern Valley Regional HS,HS SR,Texas Rangers,no_candidate,,,0,,,,,,
2026,568.0,19.0,19,Mikey Bell,Gonzaga,4YR SR,San Francisco Giants,matched_exact_name,100.0,100.0,1,Mikey Bell,sa3058608,GONZ,gonzaga university,,
2026,569.0,19.0,19,Hudson DeVaughan,Mooresville HS,HS SR,Kansas City Royals,no_candidate,,,0,,,,,,
2026,570.0,19.0,19,John Smith III,Central Florida,4YR SR,New York Mets,matched_school_surname,0.0,100.0,1,John Smith,sa3060617,UCF,university of central florida,,
2026,571.0,19.0,19,Noah Miller,Michigan,4YR JR,Houston Astros,matched_exact_name,100.0,100.0,1,Noah Miller,sa3060045,MICH,university of michigan,,
2026,572.0,19.0,19,Ryan Nelson,East Central CC,JC J2,Cincinnati Reds,no_candidate,,,0,,,,,,
2026,573.0,19.0,19,Zac Cowan,LSU,4YR SR,Cleveland Guardians,no_candidate,,,0,,,,,,
2026,574.0,19.0,19,Luis Calderon,El Shaddai Christian HS,HS SR,Boston Red Sox,no_candidate,,,0,,,,,,
2026,575.0,19.0,19,Chris Downs,Cal Poly,4YR JR,San Diego Padres,matched_exact_name,100.0,100.0,1,Chris Downs,sa3030537,CP,california polytechnic state university,,
2026,576.0,19.0,19,Cade Rusch,Bellarmine,4YR SR,Detroit Tigers,no_candidate,,,0,,,,,,
2026,577.0,19.0,19,Luke Guth,Vanderbilt,4YR JR,Chicago Cubs,no_candidate,,,0,,,,,,
2026,578.0,19.0,19,Tyce Armstrong,Baylor,4YR GR,New York Yankees,matched_exact_name,100.0,100.0,1,Tyce Armstrong,sa3026212,BAY,baylor university,,
2026,579.0,19.0,19,Braeden Lipoff,Gloucester Catholic HS,HS SR,Philadelphia Phillies,no_candidate,,,0,,,,,,
2026,580.0,19.0,19,Michael Petite,Virginia Commonwealth,4YR JR,Seattle Mariners,matched_exact_name,100.0,100.0,1,Michael Petite,sa3071000,VCU,virginia commonwealth university,,
2026,581.0,19.0,19,Sam George,Minnesota St U Mankato,4YR JR,Milwaukee Brewers,no_candidate,,,0,,,,,,
2026,582.0,19.0,19,Cole Travers,St. John Neumann HS,HS SR,Toronto Blue Jays,no_candidate,,,0,,,,,,
2026,583.0,19.0,19,Luke Bard,Houston Christian,4YR SR,Los Angeles Dodgers,matched_exact_name,100.0,100.0,1,Luke Bard,sa3026547,HCU,houston christian university,,
2026,584.0,20.0,20,Dimitri Williams Jr.,Bishop O'Dowd HS,HS SR,Colorado Rockies,no_candidate,,,0,,,,,,
2026,585.0,20.0,20,Connor Fennell,Vanderbilt,4YR JR,Chicago White Sox,matched_exact_name,100.0,100.0,1,Connor Fennell,sa3031240,VAN,vanderbilt university,,
2026,586.0,20.0,20,Anson Seibert,Johnson County CC,JC J2,Washington Nationals,no_candidate,,,0,,,,,,
2026,587.0,20.0,20,Michael Barnett,UCLA,4YR SR,Minnesota Twins,matched_exact_name,100.0,100.0,1,Michael Barnett,sa3026603,UCLA,"university of california, los angeles",,
2026,588.0,20.0,20,Dakota Stone,North Florida,4YR SR,Pittsburgh Pirates,matched_exact_name,100.0,100.0,1,Dakota Stone,sa3043168,UNF,university of north florida,,
2026,589.0,20.0,20,Jake Jackson,San Diego State,4YR JR,Los Angeles Angels,matched_exact_name,100.0,100.0,1,Jake Jackson,sa3034498,SDSU,san diego state university,,
2026,590.0,20.0,20,Ross Davis,Rusk HS,HS SR,Baltimore Orioles,no_candidate,,,0,,,,,,
2026,591.0,20.0,20,Anthony Marnell IV,San Diego St U,4YR JR,Athletics,matched_exact_name,100.0,100.0,1,Anthony Marnell IV,sa3070683,SDSU,san diego state university,,
2026,592.0,20.0,20,Nile Adcock,Kentucky,4YR SR,Atlanta Braves,no_candidate,,,0,,,,,,
2026,593.0,20.0,20,Ivan Sabater,West Broward HS,HS SR,Tampa Bay Rays,no_candidate,,,0,,,,,,
2026,594.0,20.0,20,Kollin Ritchie,Oklahoma State,4YR JR,St. Louis Cardinals,matched_exact_name,100.0,100.0,1,Kollin Ritchie,sa3040802,OKST,oklahoma state university,,
2026,595.0,20.0,20,Joey Lawson,Bishop Verot HS,HS SR,Miami Marlins,no_candidate,,,0,,,,,,
2026,596.0,20.0,20,Andrew Wertz,Northeastern,4YR GR,Arizona Diamondbacks,no_candidate,,,0,,,,,,
2026,597.0,20.0,20,Cody Airington,Austin Peay State,4YR JR,Texas Rangers,matched_exact_name,100.0,100.0,1,Cody Airington,sa3058468,APSU,austin peay state university,,
2026,598.0,20.0,20,JP Robertson,Mississippi,4YR JR,San Francisco Giants,no_candidate,,,0,,,,,,
2026,599.0,20.0,20,Riley McDonald,"State College of Florida, Manatee-Sarasota",JC J1,Kansas City Royals,no_candidate,,,0,,,,,,
2026,600.0,20.0,20,Kooper Schulte,U Iowa,4YR SR,New York Mets,matched_exact_name,100.0,100.0,1,Kooper Schulte,sa3060527,IOWA,university of iowa,,
2026,601.0,20.0,20,Mick Uebelhor,Western Kentucky,4YR JR,Houston Astros,no_candidate,,,0,,,,,,
2026,602.0,20.0,20,Tristan Helmick,Lafayette Col,4YR JR,Cincinnati Reds,matched_exact_name,100.0,100.0,1,Tristan Helmick,sa3033569,LAF,lafayette college,,
2026,603.0,20.0,20,Parker Coil,Arkansas,4YR SR,Cleveland Guardians,rejected_fuzzy_school_guard,87.0,25.0,1,,,,,Parker Coley,25.0
2026,604.0,20.0,20,Aiden VanDeHatert,Dallas Baptist,4YR JR,Boston Red Sox,no_candidate,,,0,,,,,,
2026,605.0,20.0,20,Ezekiel Zion,Campo Verde HS,HS SR,San Diego Padres,no_candidate,,,0,,,,,,
2026,606.0,20.0,20,Will Zielinski,Vauxhall HS,HS SR,Detroit Tigers,no_candidate,,,0,,,,,,
2026,607.0,20.0,20,Brennan Hudson,U Georgia,4YR SR,Chicago Cubs,matched_exact_name,100.0,100.0,1,Brennan Hudson,sa3034227,UGA,university of georgia,,
2026,608.0,20.0,20,Dean Toigo,Arizona State,4YR 5S,New York Yankees,matched_exact_name,100.0,100.0,1,Dean Toigo,sa3060763,ASU,arizona state university,,
2026,609.0,20.0,20,Justin Lee,UCLA,4YR JR,Philadelphia Phillies,no_candidate,,,0,,,,,,
2026,610.0,20.0,20,Connor Shouse,Texas Tech,4YR SO,Seattle Mariners,matched_exact_name,100.0,100.0,1,Connor Shouse,sa3065954,TTU,texas tech university,,
2026,611.0,20.0,20,Carsten Sabathia III,Houston,4YR SR,Milwaukee Brewers,no_candidate,,,0,,,,,,
2026,612.0,20.0,20,Eddie Rosado Jr.,Holy Ghost Prep School,HS SR,Toronto Blue Jays,no_candidate,,,0,,,,,,
2026,613.0,20.0,20,Zach Bates,Illinois,4YR JR,Los Angeles Dodgers,no_candidate,,,0,,,,,,
