year,playerid,nameascii,team,old_Round,old_Pick,old_Drafted By,old_Drafted From,old_Drafted?
2022,sa3028661,A.J. Causey,JVST,,,,,False
2023,sa3028661,A.J. Causey,JVST,,,,,False
2024,sa3028661,A.J. Causey,TENN,5.0,138.0,Kansas City Royals,university of tennessee,True
2024,sa3029125,A.J. Colarusso,BC,,,,,False
2025,sa3029125,A.J. Colarusso,BC,,,,,False
2025,sa3059154,A.J. Evasco,KSU,,,,,False
2025,sa3037126,A.J. Martin,CHSO,,,,,False
2021,sa3037857,A.J. Mendolia,CARK,,,,,False
2022,sa3037857,A.J. Mendolia,CARK,,,,,False
2023,sa3037857,A.J. Mendolia,CARK,,,,,False
2024,sa3037857,A.J. Mendolia,CARK,,,,,False
2024,sa3043544,A.J. Taylor,UIC,,,,,False
2025,sa3043544,A.J. Taylor,UIC,,,,,False
2024,sa3025461,A.J. Wilson,CLT,,,,,False
2021,sa3026019,Aaron Anderson,LIB,,,,,False
2022,sa3026019,Aaron Anderson,LIB,,,,,False
2021,sa3026578,Aaron Barkley,LR,,,,,False
2022,sa3026615,Aaron Barokas,BUT,,,,,False
2021,sa3026830,Aaron Beck,INST,,,,,False
2025,sa3027140,Aaron Biediger,NICH,,,,,False
2025,sa3027429,Aaron Boster,NKU,,,,,False
2021,sa3027624,Aaron Brazelton,MVSU,,,,,False
2021,sa3017500,Aaron Brown,MTSU,9.0,268.0,Houston Astros,middle tennessee state university,True
2023,sa3028586,Aaron Casillas,CP,,,,,False
2024,sa3028586,Aaron Casillas,CP,,,,,False
2021,sa3028586,Aaron Casillas,CSUB,,,,,False
2022,sa3028586,Aaron Casillas,CSUB,,,,,False
2021,sa3028691,Aaron Celestino,UIW,,,,,False
2022,sa3028749,Aaron Chapman,MILW,,,,,False
2023,sa3028749,Aaron Chapman,MILW,,,,,False
2021,sa3028749,Aaron Chapman,PFW,,,,,False
2021,sa3028763,Aaron Charles,CSUB,,,,,False
2021,sa3017615,Aaron Davenport,HAW,6.0,186.0,Cleveland Indians,university of hawaii at manoa,True
2022,sa3030427,Aaron Dolney,EMU,,,,,False
2023,sa3030427,Aaron Dolney,EMU,,,,,False
2022,sa3030781,Aaron Eden,SJSU,,,,,False
2023,sa3030781,Aaron Eden,SJSU,,,,,False
2021,sa3031780,Aaron Funk,LR,,,,,False
2024,sa3032557,Aaron Graeber,DEL,,,,,False
2025,sa3032557,Aaron Graeber,DEL,,,,,False
2022,sa3033242,Aaron Harper,NIU,,,,,False
2023,sa3033242,Aaron Harper,NIU,,,,,False
2021,sa3034209,Aaron Hubbell,BEL,,,,,False
2025,sa3036669,Aaron Lugo,HOU,,,,,False
2024,sa3036669,Aaron Lugo,TXST,,,,,False
2025,sa3059907,Aaron Manias,PUR,,,,,False
2023,sa3036980,Aaron Mann,SJU,,,,,False
2021,sa3016977,Aaron McKeithan,CLT,16.0,481.0,St. Louis Cardinals,university of north carolina at charlotte,True
2024,sa3038153,Aaron Mishoulam,MSU,,,,,False
2023,sa3025152,Aaron Parker,UCSB,,,,,False
2024,sa3025152,Aaron Parker,UCSB,,,,,False
2022,sa3039699,Aaron Perez,CSUB,,,,,False
2025,sa3039699,Aaron Perez,UTU,,,,,False
2025,sa3060267,Aaron Piasecki,CMU,,,,,False
2025,sa3040110,Aaron Posey,KENN,,,,,False
2025,sa3060329,Aaron Ragat,BELL,,,,,False
2021,sa3040494,Aaron Rea,COPP,,,,,False
2022,sa3041302,Aaron Rund,CAM,,,,,False
2023,sa3041302,Aaron Rund,CAM,,,,,False
2025,sa3041614,Aaron Savary,IOWA,13.0,402.0,Cleveland Guardians,university of iowa,True
2021,sa3042334,Aaron Simpson,BALL,,,,,False
2022,sa3042462,Aaron Smigelski,RICE,,,,,False
2021,sa3043017,Aaron Steinhart,BUT,,,,,False
2022,sa3043017,Aaron Steinhart,BUT,,,,,False
2025,sa3060664,Aaron Stelogeannis,LIP,,,,,False
2023,sa3043361,Aaron Suval,PUR,,,,,False
2021,sa3044219,Aaron Ujimori,HAW,,,,,False
2022,sa3044219,Aaron Ujimori,HAW,,,,,False
2025,sa3044756,Aaron Walton,ARIZ,2.0,66.0,Cleveland Guardians,university of arizona,True
2024,sa3044756,Aaron Walton,SAM,,,,,False
2024,sa3045142,Aaron Whitley,RICH,,,,,False
2025,sa3045142,Aaron Whitley,RICH,,,,,False
2021,sa3017665,Aaron Zavala,ORE,2.0,38.0,Texas Rangers,university of oregon,True
2024,sa3045840,Aaron Zenus,QUIN,,,,,False
2024,sa3029476,Abbrie Covarrubias,USC,,,,,False
2025,sa3029476,Abbrie Covarrubias,USC,,,,,False
2023,sa3030073,Abraham Deleon,TXSO,,,,,False
2022,sa3039213,Abraham Ortiz,MVSU,,,,,False
2021,sa3041999,Abraham Sequera,UNF,,,,,False
2022,sa3041999,Abraham Sequera,UNF,,,,,False
2024,sa3040543,Ace Reese,HOU,,,,,False
2025,sa3040543,Ace Reese,MSST,,,,,False
2024,sa3045096,Ace Whitehead,TEX,,,,,False
2025,sa3060922,Ace Williamson,JVST,,,,,False
2025,sa3025801,Adam Agresti,SJU,,,,,False
2021,sa3027267,Adam Bloebaum,WASH,,,,,False
2023,sa3027323,Adam Bogosian,LAF,,,,,False
2024,sa3027323,Adam Bogosian,LAF,,,,,False
2022,sa3027610,Adam Brauch,VAL,,,,,False
2023,sa3027675,Adam Brian,BRAD,,,,,False
2024,sa3027788,Adam Brouwer,NIU,,,,,False
2025,sa3027788,Adam Brouwer,NIU,,,,,False
2024,sa3028686,Adam Cecere,PSU,,,,,False
2022,sa3028686,Adam Cecere,WAKE,,,,,False
2023,sa3028686,Adam Cecere,WAKE,,,,,False
2021,sa3019944,Adam Crampton,STAN,,,,,False
2022,sa3019944,Adam Crampton,STAN,9.0,257.0,Baltimore Orioles,stanford university,True
2021,sa3030881,Adam Elliott,LOU,,,,,False
2022,sa3031138,Adam Falinski,EMU,,,,,False
2022,sa3031140,Adam Fallon,BGSU,,,,,False
2021,sa3031503,Adam Fogel,HAW,,,,,False
2022,sa3031503,Adam Fogel,UK,,,,,False
2021,sa3031793,Adam Furnas,BGSU,,,,,False
2022,sa3031793,Adam Furnas,BGSU,,,,,False
2024,sa3032815,Adam Guazzo,VAL,,,,,False
2022,sa3032872,Adam Guth,SELA,,,,,False
2021,sa3032970,Adam Haidermota,FAMU,,,,,False
2022,sa3032970,Adam Haidermota,FAMU,,,,,False
2023,sa3032970,Adam Haidermota,FAMU,,,,,False
2024,sa3032970,Adam Haidermota,FAMU,,,,,False
2022,sa3034999,Adam Juran,WIU,,,,,False
2023,sa3034999,Adam Juran,WIU,,,,,False
2024,sa3034999,Adam Juran,WIU,,,,,False
2022,sa3036359,Adam Link,MOST,,,,,False
2021,sa3036522,Adam Lopez,USD,,,,,False
2024,sa3036857,Adam Magpoc,BC,,,,,False
2025,sa3036857,Adam Magpoc,BC,,,,,False
2022,31900,Adam Mazur,IOWA,2.0,53.0,San Diego Padres,university of iowa,True
2021,31900,Adam Mazur,SDST,,,,,False
2023,sa3038502,Adam Mrakitsch,CMU,,,,,False
2024,sa3038502,Adam Mrakitsch,CMU,,,,,False
2021,sa3039295,Adam Oviedo,ORU,,,,,False
2023,sa3040133,Adam Pottinger,INST,,,,,False
2024,sa3040133,Adam Pottinger,INST,,,,,False
2022,sa3040231,Adam Proctor,CMU,,,,,False
2024,sa3040354,Adam Quintero,APP,,,,,False
2023,sa3040455,Adam Rankie,SBU,,,,,False
2024,sa3040455,Adam Rankie,SBU,,,,,False
2021,sa3019946,Adam Retzbach,LEH,,,,,False
2022,sa3019946,Adam Retzbach,LEH,14.0,407.0,Baltimore Orioles,lehigh university,True
2023,sa3041738,Adam Schneider,NKU,,,,,False
2022,sa3042172,Adam Shew,SF,,,,,False
2023,sa3042172,Adam Shew,SF,,,,,False
2021,sa3017147,Adam Smith,UNCW,14.0,430.0,San Diego Padres,university of north carolina at wilmington,True
2024,sa3042949,Adam Stanton,CLT,,,,,False
2021,sa3043040,Adam Stephenson,ACU,,,,,False
2022,sa3043040,Adam Stephenson,ACU,,,,,False
2023,sa3043040,Adam Stephenson,ACU,,,,,False
2021,sa3043252,Adam Stuart,HPU,,,,,False
2022,sa3043252,Adam Stuart,HPU,,,,,False
2023,sa3043252,Adam Stuart,HPU,,,,,False
2024,sa3043252,Adam Stuart,HPU,,,,,False
2021,sa3043618,Adam Tellier,BALL,,,,,False
2023,sa3043618,Adam Tellier,BALL,,,,,False
2024,sa3043618,Adam Tellier,WAKE,,,,,False
2022,sa3020588,Adam Tulloch,ASU,15.0,451.0,Cleveland Guardians,arizona state university,True
2022,sa3045070,Adam Wheaton,LAM,,,,,False
2025,sa3039700,Adan Perez,PAC,,,,,False
2022,sa3038631,Adarius Myers,LT,,,,,False
2023,sa3038631,Adarius Myers,LT,,,,,False
2024,sa3038631,Adarius Myers,LT,,,,,False
2023,sa3025819,Addison Ainsworth,ARMY,,,,,False
2025,sa3025819,Addison Ainsworth,ARMY,,,,,False
2022,sa3035636,Addison Kopack,URI,,,,,False
2023,sa3035636,Addison Kopack,URI,,,,,False
2025,sa3033804,Aden Hill,MD,,,,,False
2024,sa3033804,Aden Hill,VCU,,,,,False
2025,sa3059534,Aden Howard,USD,,,,,False
2025,sa3060837,Aden Velasquez,CARK,,,,,False
2025,sa3061013,Adin Zorn,DAY,,,,,False
2021,sa3028613,Adolf Castillo,TXSO,,,,,False
2024,sa3032892,Adonys Guzman,ARIZ,,,,,False
2025,sa3032892,Adonys Guzman,ARIZ,5.0,144.0,Pittsburgh Pirates,university of arizona,True
2022,sa3029205,Adrian Colon-Rosado,USC,,,,,False
2021,sa3029806,Adrian Damla,UCI,,,,,False
2021,29554,Adrian Del Castillo,MIA,2.0,67.0,Arizona Diamondbacks,university of miami,True
2021,sa3031311,Adrian Figueroa,FIU,,,,,False
2022,sa3031311,Adrian Figueroa,FIU,,,,,False
2023,sa3031311,Adrian Figueroa,FIU,,,,,False
2025,sa3059597,Adrian Jimenez,VCU,,,,,False
2024,sa3036523,Adrian Lopez,LBSU,,,,,False
2025,sa3036523,Adrian Lopez,USC,,,,,False
2024,sa3038264,Adrian Montilva,MILW,,,,,False
2025,sa3060323,Adrian Quezada,QUC,,,,,False
2025,sa3060398,Adrian Rodriguez,TEX,,,,,False
2022,sa3041533,Adrian Santa Cruz,CSUB,,,,,False
2023,sa3043953,Adrian Torres,RGV,,,,,False
2024,sa3043953,Adrian Torres,RGV,,,,,False
2024,sa3026020,Aedan Anderson,XAV,,,,,False
2025,sa3026020,Aedan Anderson,XAV,,,,,False
2023,sa3031331,Aeden Finateri,GT,,,,,False
2024,sa3031331,Aeden Finateri,GT,,,,,False
2022,sa3034706,Aerik Joe,AFA,,,,,False
2023,sa3034706,Aerik Joe,AFA,,,,,False
2024,sa3034706,Aerik Joe,AFA,,,,,False
2021,sa3038198,Aharon Modlin,PEPP,,,,,False
2023,sa3030448,Ahmar Donatto,PV,,,,,False
2025,sa3030448,Ahmar Donatto,PV,,,,,False
2024,sa3027657,Aidan Brewer,UNCG,,,,,False
2025,sa3029105,Aidan Cohall,STO,,,,,False
2025,sa3029549,Aidan Cremarosa,FRES,,,,,False
2025,sa3059073,Aidan Dougherty,CONN,,,,,False
2024,sa3030519,Aidan Dowd,FOR,,,,,False
2025,sa3030519,Aidan Dowd,FOR,,,,,False
2025,sa3030599,Aidan Duda,JOES,,,,,False
2024,sa3025616,Aidan Foeller,SIU,11.0,340.0,Los Angeles Dodgers,southern illinois university,True
2024,sa3032265,Aidan Gilroy,TROY,,,,,False
2022,sa3032265,Aidan Gilroy,WKU,,,,,False
2023,sa3032265,Aidan Gilroy,WKU,,,,,False
2024,sa3033399,Aidan Haugh,UNC,16.0,488.0,Minnesota Twins,university of north carolina,True
2025,sa3033399,Aidan Haugh,UNC,6.0,177.0,Tampa Bay Rays,university of north carolina,True
2021,sa3034254,Aidan Huggins,ILST,,,,,False
2022,sa3034254,Aidan Huggins,ILST,,,,,False
2024,sa3034321,Aidan Hunter,COFC,,,,,False
2025,sa3034321,Aidan Hunter,COFC,,,,,False
2022,sa3034321,Aidan Hunter,SC,,,,,False
2021,sa3035052,Aidan Kane,DEL,,,,,False
2022,sa3035052,Aidan Kane,DEL,,,,,False
2023,sa3035052,Aidan Kane,DEL,,,,,False
2024,sa3035052,Aidan Kane,DEL,,,,,False
2023,sa3035339,Aidan Kidd,NJIT,,,,,False
2024,sa3035339,Aidan Kidd,NJIT,,,,,False
2025,sa3059682,Aidan King,FLA,,,,,False
2024,sa3035526,Aidan Knaak,CLEM,,,,,False
2025,sa3035526,Aidan Knaak,CLEM,,,,,False
2022,sa3022574,Aidan Longwell,KENT,,,,,False
2023,sa3022574,Aidan Longwell,KENT,17.0,502.0,Colorado Rockies,kent state university,True
2023,sa3036887,Aidan Major,WVU,,,,,False
2024,sa3036887,Aidan Major,WVU,5.0,146.0,Cincinnati Reds,west virginia university,True
2022,sa3020829,Aidan Maldonado,MINN,14.0,432.0,Milwaukee Brewers,university of minnesota,True
2023,sa3037125,Aidan Martinez,UAPB,,,,,False
2025,sa3037265,Aidan Masters,JAX,,,,,False
2025,sa3037421,Aidan McAskie,CHSO,,,,,False
2024,sa3037875,Aidan Meola,OKST,,,,,False
2024,sa3039085,Aidan OKeefe,RICH,,,,,False
2025,sa3060208,Aidan Paradine,SIE,,,,,False
2025,sa3040341,Aidan Quinn,LEH,,,,,False
2024,sa3040514,Aidan Redahan,CCSU,,,,,False
2025,sa3040514,Aidan Redahan,CCSU,,,,,False
2024,sa3040681,Aidan Rice,DAV,,,,,False
2021,sa3040760,Aidan Riley,DEL,,,,,False
2025,sa3060377,Aidan Risse,SF,,,,,False
2025,sa3041989,Aidan Sengenberger,STO,,,,,False
2022,sa3042138,Aidan Shepardson,CMU,,,,,False
2024,sa3043385,Aidan Sweatt,LIB,,,,,False
2021,sa3043385,Aidan Sweatt,UNF,,,,,False
2022,sa3043385,Aidan Sweatt,UNF,,,,,False
2023,sa3043385,Aidan Sweatt,UNF,,,,,False
2025,sa3060714,Aidan Taclas,MAN,,,,,False
2025,sa3043601,Aidan Teel,UVA,,,,,False
2021,sa3044206,Aidan Tyrell,ND,,,,,False
2022,sa3044206,Aidan Tyrell,ND,,,,,False
2023,sa3044206,Aidan Tyrell,ND,,,,,False
2022,sa3044976,Aidan Welch,SEA,,,,,False
2021,sa3045195,Aidan Wilde,MASS,,,,,False
2022,sa3045195,Aidan Wilde,MASS,,,,,False
2024,sa3031057,Aiden Evans,UNCW,,,,,False
2025,sa3065067,Aiden Kelly,MERC,,,,,False
2023,sa3037366,Aiden May,ARIZ,,,,,False
2024,sa3037366,Aiden May,ORST,2.0,70.0,Miami Marlins,oregon state university,True
2024,sa3040859,Aiden Robbins,HALL,,,,,False
2025,sa3040859,Aiden Robbins,HALL,,,,,False
2024,sa3043089,Aiden Stewart,DEL,,,,,False
2025,sa3043089,Aiden Stewart,DEL,,,,,False
2023,sa3043089,Aiden Stewart,SIE,,,,,False
2025,sa3043532,Aiden Taurek,SMC,13.0,392.0,Seattle Mariners,saint mary's california,True
2022,sa3043822,Aiden Tierney,MSM,,,,,False
2023,sa3043822,Aiden Tierney,MSM,,,,,False
2024,sa3044574,Aiden Vosburg,SELA,,,,,False
2025,sa3026235,Aiva Arquette,ORST,1.0,7.0,Miami Marlins,oregon state university,True
2024,sa3026235,Aiva Arquette,WASH,,,,,False
2023,sa3028218,Aiven Cabral,NE,,,,,False
2025,sa3028218,Aiven Cabral,NE,18.0,547.0,Atlanta Braves,northeastern university,True
2025,sa3064986,AJ Anderson,AAMU,,,,,False
2022,sa3026148,AJ Archambo,ORU,,,,,False
2025,sa3058612,AJ Beltre,USD,,,,,False
2022,31764,AJ Blubaugh,MILW,,,,,False
2025,sa3058868,AJ Ciscar,MIA,,,,,False
2025,sa3030118,AJ DeMastrie,DART,,,,,False
2023,sa3031821,AJ Gaich,YALE,,,,,False
2021,sa3031960,AJ Gardner,ALST,,,,,False
2024,sa3032552,AJ Gracia,DUKE,,,,,False
2025,sa3032552,AJ Gracia,DUKE,,,,,False
2025,sa3059367,AJ Groeneveld,EKU,,,,,False
2022,sa3032823,AJ Guerrero,WASH,,,,,False
2023,sa3032823,AJ Guerrero,WASH,,,,,False
2024,sa3032823,AJ Guerrero,WASH,,,,,False
2025,sa3032823,AJ Guerrero,WASH,,,,,False
2022,sa3033150,AJ Hansen,VILL,,,,,False
2023,sa3033150,AJ Hansen,VILL,,,,,False
2024,sa3033150,AJ Hansen,VILL,,,,,False
2024,sa3033418,AJ Havrilla,MRSH,,,,,False
2025,sa3033418,AJ Havrilla,MRSH,,,,,False
2023,sa3033605,AJ Henkle,UIC,,,,,False
2024,sa3033605,AJ Henkle,UIC,,,,,False
2021,sa3033950,AJ Holcomb,MSM,,,,,False
2022,sa3034835,AJ Jones,GWEB,,,,,False
2021,sa3034834,AJ Jones,UCF,,,,,False
2025,sa3062865,AJ Kostic,CMU,,,,,False
2021,sa3035814,AJ Labas,LSU,,,,,False
2021,sa3036577,AJ Lotsis,GTWN,,,,,False
2023,sa3037298,AJ Mathis,VCU,,,,,False
2022,sa3038029,AJ Miller,CSUB,,,,,False
2023,sa3038029,AJ Miller,CSUB,,,,,False
2025,sa3038777,AJ Nessler,PITT,,,,,False
2022,sa3040477,AJ Rausch,OHIO,,,,,False
2023,sa3040477,AJ Rausch,OHIO,,,,,False
2024,sa3040477,AJ Rausch,OHIO,,,,,False
2024,sa3041439,AJ Salgado,UCLA,,,,,False
2025,sa3041439,AJ Salgado,UCLA,,,,,False
2025,sa3060584,AJ Singer,ORST,,,,,False
2025,sa3042717,AJ Soldra,HALL,16.0,495.0,Los Angeles Dodgers,seton hall university,True
2025,sa3042726,AJ Solomon,BUT,,,,,False
2022,sa3041883,Ajay Sczepkowski,CHSO,,,,,False
2025,sa3028494,Akili Carris,UNM,,,,,False
2024,sa3033969,Al Holguin,SIU,,,,,False
2022,sa3025957,Alan Alonso,DSU,,,,,False
2024,sa3026955,Alan Benhardt,WIN,,,,,False
2025,sa3026955,Alan Benhardt,WIN,,,,,False
2024,sa3031022,Alan Espinal,VAN,11.0,318.0,Colorado Rockies,vanderbilt university,True
2021,31564,Alan Roden,CREI,,,,,False
2022,31564,Alan Roden,CREI,3.0,98.0,Toronto Blue Jays,creighton university,True
2025,sa3042173,Alan Shibley,TXST,,,,,False
2024,sa3042173,Alan Shibley,WSU,,,,,False
2021,sa3017308,Alaska Abney,CCU,15.0,456.0,Cleveland Indians,coastal carolina university,True
2021,sa3028863,Albert Choi,NJIT,,,,,False
2022,sa3028863,Albert Choi,NJIT,,,,,False
2024,sa3028863,Albert Choi,NJIT,,,,,False
2025,sa3028863,Albert Choi,PUR,,,,,False
2025,sa3040930,Albert Roblez,LBSU,,,,,False
2024,sa3042006,Albert Serrano,WAG,,,,,False
2022,sa3039263,Alberto Osuna,UNC,,,,,False
2023,sa3039263,Alberto Osuna,UNC,,,,,False
2024,sa3039263,Alberto Osuna,UNC,,,,,False
2023,sa3022441,Alberto Rios,STAN,3.0,79.0,Los Angeles Angels,stanford university,True
2024,sa3037282,Alden Mathes,CLEM,,,,,False
2021,sa3037282,Alden Mathes,RICH,,,,,False
2022,sa3037282,Alden Mathes,RICH,19.0,557.0,Baltimore Orioles,university of richmond,True
2023,sa3037282,Alden Mathes,RICH,,,,,False
2022,sa3026280,Alec Atkinson,YALE,,,,,False
2024,sa3026280,Alec Atkinson,YALE,,,,,False
2025,sa3026280,Alec Atkinson,YALE,,,,,False
2022,sa3026787,Alec Beaman,UTM,,,,,False
2025,sa3027441,Alec Bouchard,WOF,,,,,False
2022,sa3028084,Alec Burns,GWEB,,,,,False
2023,sa3028084,Alec Burns,GWEB,,,,,False
2024,sa3028084,Alec Burns,GWEB,,,,,False
2021,sa3028432,Alec Cargin,LMU,,,,,False
2022,sa3028478,Alec Carr,UIW,,,,,False
2023,sa3028478,Alec Carr,UIW,,,,,False
2023,sa3029474,Alec Couture,HART,,,,,False
2024,sa3029474,Alec Couture,MONM,,,,,False
2023,sa3030111,Alec DeMartino,UNCW,,,,,False
2024,sa3030111,Alec DeMartino,UNCW,,,,,False
2025,sa3030111,Alec DeMartino,UNCW,,,,,False
2021,sa3032380,Alec Gomez,GONZ,,,,,False
2021,sa3034238,Alec Huertas,LIU,,,,,False
2023,sa3034238,Alec Huertas,LIU,,,,,False
2023,sa3034838,Alec Jones,CIN,,,,,False
2021,sa3036892,Alec Makarewicz,ECU,,,,,False
2022,sa3036892,Alec Makarewicz,ECU,,,,,False
2023,sa3036892,Alec Makarewicz,ECU,,,,,False
2024,sa3036892,Alec Makarewicz,NCSU,,,,,False
2024,sa3038879,Alec Nigut,SIU,,,,,False
2025,sa3038879,Alec Nigut,SIU,,,,,False
2023,sa3039532,Alec Patino,OHIO,,,,,False
2024,sa3039532,Alec Patino,TXST,,,,,False
2022,sa3039589,Alec Paz,NICH,,,,,False
2022,sa3040962,Alec Rodriguez,DSU,,,,,False
2023,sa3040962,Alec Rodriguez,DSU,,,,,False
2025,sa3040962,Alec Rodriguez,DSU,,,,,False
2025,sa3041397,Alec Sachais,VILL,,,,,False
2022,sa3041470,Alec Sanchez,FIU,,,,,False
2023,sa3041470,Alec Sanchez,FIU,,,,,False
2021,sa3020283,Alec Sayre,WRST,,,,,False
2022,sa3020283,Alec Sayre,WRST,17.0,504.0,Minnesota Twins,wright state university,True
2022,sa3041898,Alec Seaton,NCAT,,,,,False
2023,sa3042798,Alec Sparks,LT,,,,,False
2025,sa3042798,Alec Sparks,NICH,,,,,False
2021,sa3044031,Alec Trela,MEM,,,,,False
2021,sa3045066,Alec Whaley,MUR,,,,,False
2022,sa3045066,Alec Whaley,MUR,,,,,False
2024,sa3029477,Alejandro Covas,YSU,,,,,False
2025,sa3062834,Alejandro Espinoza,CMU,,,,,False
2021,sa3031312,Alejandro Figueredo,FGCU,,,,,False
2022,sa3031312,Alejandro Figueredo,FGCU,,,,,False
2023,sa3031312,Alejandro Figueredo,FGCU,,,,,False
2024,sa3032018,Alejandro Garza,CP,,,,,False
2025,sa3032018,Alejandro Garza,CP,,,,,False
2023,sa3034242,Alejandro Huezo,UCD,,,,,False
2021,sa3038571,Alejandro Murillo,NEV,,,,,False
2022,sa3040958,Alejandro Rodriguez,FGCU,,,,,False
2023,sa3040958,Alejandro Rodriguez,FGCU,,,,,False
2021,sa3023538,Alejandro Rosario,MIA,,,,,False
2022,sa3023538,Alejandro Rosario,MIA,,,,,False
2023,sa3023538,Alejandro Rosario,MIA,5.0,144.0,Texas Rangers,university of miami,True
2024,sa3030869,Alek Elges,COPP,,,,,False
2025,sa3030869,Alek Elges,LONG,,,,,False
2021,29628,Alek Jacob,GONZ,16.0,490.0,San Diego Padres,gonzaga university,True
2025,sa3058839,Alessandro Castro,NEV,,,,,False
2025,sa3058459,Alex Adams,AFA,,,,,False
2022,sa3025805,Alex Aguila,APP,,,,,False
2021,sa3025861,Alex Alders,WRST,,,,,False
2024,sa3025898,Alex Alicea,LOU,,,,,False
2025,sa3025898,Alex Alicea,LOU,,,,,False
2021,sa3026392,Alex Baeza,HAW,,,,,False
2022,sa3026392,Alex Baeza,UTAH,,,,,False
2021,sa3026534,Alex Baratta,BING,,,,,False
2021,sa3026567,Alex Barker,MONM,,,,,False
2022,sa3026567,Alex Barker,MONM,,,,,False
2023,sa3026567,Alex Barker,MONM,,,,,False
2025,sa3058561,Alex Barrist,LAF,,,,,False
2021,sa3017044,Alex Binelas,LOU,3.0,86.0,Milwaukee Brewers,university of louisville,True
2025,sa3027167,Alex Birge,CAL,,,,,False
2023,sa3027439,Alex Bouchard,LEH,,,,,False
2025,sa3027440,Alex Bouche,ECU,,,,,False
2023,sa3027440,Alex Bouche,ODU,,,,,False
2024,sa3027440,Alex Bouche,ODU,,,,,False
2025,sa3058721,Alex Breckheimer,KU,16.0,480.0,St. Louis Cardinals,university of kansas,True
2024,sa3027658,Alex Brewer,LIP,,,,,False
2021,sa3027676,Alex Brickman,DAY,,,,,False
2021,sa3027918,Alex Bryant,HC,,,,,False
2024,sa3027918,Alex Bryant,HC,,,,,False
2022,sa3028039,Alex Burge,LMU,,,,,False
2024,sa3028253,Alex Calarco,MD,,,,,False
2025,sa3028253,Alex Calarco,MD,,,,,False
2023,sa3028253,Alex Calarco,NU,,,,,False
2021,sa3028408,Alex Carballo,KENN,,,,,False
2021,sa3028434,Alex Carignan,JVST,,,,,False
2022,sa3028434,Alex Carignan,JVST,,,,,False
2024,sa3028728,Alex Champagne,LBSU,,,,,False
2025,sa3028728,Alex Champagne,LBSU,,,,,False
2023,sa3029065,Alex Clyde,HALL,,,,,False
2021,sa3017501,Alex Cornwell,USC,15.0,451.0,St. Louis Cardinals,university of southern california,True
2022,sa3029628,Alex Crump,MUR,,,,,False
2022,sa3030074,Alex DeLeon,RICE,,,,,False
2022,sa3030246,Alex Diamantis,RID,,,,,False
2021,sa3030481,Alex Dorethy,WIU,,,,,False
2024,sa3030616,Alex Duffey,ELON,,,,,False
2025,sa3030616,Alex Duffey,ELON,,,,,False
2025,sa3066311,Alex Espaillat,ALST,,,,,False
2021,sa3031085,Alex Evenson,PFW,,,,,False
2022,sa3031085,Alex Evenson,PFW,,,,,False
2021,sa3031209,Alex Fedje-Johnson,DAV,,,,,False
2024,sa3031256,Alex Fernandes,MEM,,,,,False
2025,sa3031256,Alex Fernandes,SJSU,,,,,False
2023,sa3031350,Alex Finney,OHIO,,,,,False
2024,sa3031350,Alex Finney,OHIO,,,,,False
2021,sa3031456,Alex Flood,PRES,,,,,False
2021,31665,Alex Freeland,UCF,,,,,False
2022,31665,Alex Freeland,UCF,3.0,105.0,Los Angeles Dodgers,university of central florida,True
2021,sa3017465,Alex Garbrick,UPST,17.0,505.0,Philadelphia Phillies,university of south carolina upstate,True
2021,sa3032051,Alex Gattinelli,CCU,,,,,False
2023,sa3032280,Alex Giroux,HAW,,,,,False
2024,sa3032280,Alex Giroux,HAW,,,,,False
2023,sa3032531,Alex Gouveia,UCD,,,,,False
2024,sa3032531,Alex Gouveia,UCD,,,,,False
2025,sa3032531,Alex Gouveia,UCD,,,,,False
2023,sa3032532,Alex Gow,DUKE,,,,,False
2021,sa3032916,Alex Haba,MRMK,,,,,False
2022,sa3032916,Alex Haba,MRMK,,,,,False
2023,sa3032916,Alex Haba,MRMK,,,,,False
2024,sa3032916,Alex Haba,MRMK,,,,,False
2021,sa3033568,Alex Helmin,XAV,,,,,False
2025,sa3059474,Alex Hernandez,GT,,,,,False
2021,sa3020836,Alex Hoppe,UNCG,,,,,False
2022,sa3020836,Alex Hoppe,UNCG,6.0,189.0,Boston Red Sox,university of north carolina greensboro,True
2021,sa3019867,Alex Iadisernia,ELON,,,,,False
2022,sa3019867,Alex Iadisernia,ELON,7.0,217.0,St. Louis Cardinals,elon university,True
2025,sa3034446,Alex Irizarry,QUIN,,,,,False
2022,sa3034526,Alex Jacobs,MORE,,,,,False
2021,sa3034630,Alex Jemal,SEA,,,,,False
2021,sa3035008,Alex Kachler,UNF,,,,,False
2022,sa3035014,Alex Kafka,MORE,,,,,False
2024,sa3035088,Alex Karns,NDSU,,,,,False
2025,sa3035131,Alex Kean,MORE,,,,,False
2025,sa3059661,Alex Kelsey,JOES,,,,,False
2021,sa3035874,Alex Lambeau,LMU,,,,,False
2022,sa3035874,Alex Lambeau,SCU,,,,,False
2022,sa3035912,Alex Lane,BRY,,,,,False
2023,sa3035912,Alex Lane,NE,,,,,False
2024,sa3035912,Alex Lane,NE,,,,,False
2025,sa3035912,Alex Lane,NE,,,,,False
2021,sa3036176,Alex LeForestier,PAC,,,,,False
2025,sa3059798,Alex Leopard,UCSD,,,,,False
2021,sa3036251,Alex Leshock,APP,,,,,False
2024,sa3036445,Alex Lodise,FSU,,,,,False
2025,sa3036445,Alex Lodise,FSU,2.0,60.0,Atlanta Braves,florida state university,True
2023,sa3036445,Alex Lodise,UNF,,,,,False
2023,sa3036459,Alex Logusch,WIN,,,,,False
2022,sa3036525,Alex Lopez,HOU,,,,,False
2023,sa3036525,Alex Lopez,HOU,,,,,False
2022,sa3036640,Alex Luccini,UML,,,,,False
2023,sa3036640,Alex Luccini,UML,,,,,False
2024,sa3036640,Alex Luccini,UML,,,,,False
2025,sa3036640,Alex Luccini,UML,,,,,False
2024,sa3036749,Alex Lyon,COFC,,,,,False
2025,sa3036749,Alex Lyon,COFC,,,,,False
2024,sa3036834,Alex Madera,UNC,,,,,False
2025,sa3036834,Alex Madera,UNC,,,,,False
2023,sa3023642,Alex Makarewich,NWST,13.0,400.0,Los Angeles Dodgers,northwestern state university,True
2021,sa3037127,Alex Martinez,PV,,,,,False
2022,sa3037127,Alex Martinez,PV,,,,,False
2023,sa3037127,Alex Martinez,PV,,,,,False
2024,sa3037503,Alex McCoy,HOF,,,,,False
2023,sa3037503,Alex McCoy,UMES,,,,,False
2021,sa3037655,Alex McKenney,ME,,,,,False
2025,sa3060015,Alex Mendes,MSM,,,,,False
2022,sa3038110,Alex Milone,SIE,,,,,False
2022,sa3023070,Alex Mooney,DUKE,,,,,False
2023,sa3023070,Alex Mooney,DUKE,7.0,218.0,Cleveland Guardians,duke university,True
2022,sa3038724,Alex Neff,DAY,,,,,False
2021,sa3039405,Alex Pansini,MRST,,,,,False
2022,sa3039405,Alex Pansini,MRST,,,,,False
2025,sa3060230,Alex Peltier,ECU,,,,,False
2024,sa3039665,Alex Pendergast,DBU,,,,,False
2021,sa3017550,Alex Pham,SF,19.0,557.0,Baltimore Orioles,university of san francisco,True
2023,sa3039929,Alex Pimentel,UNLV,,,,,False
2024,sa3040404,Alex Rakas,SPU,,,,,False
2025,sa3040404,Alex Rakas,SPU,,,,,False
2022,sa3040414,Alex Ramirez,URI,,,,,False
2023,sa3040414,Alex Ramirez,URI,,,,,False
2022,sa3020595,Alex Rao,ND,8.0,242.0,Philadelphia Phillies,university of notre dame,True
2022,sa3040483,Alex Ray,GWEB,,,,,False
2021,sa3040483,Alex Ray,LT,,,,,False
2021,sa3040542,Alex Reelfs,SCU,,,,,False
2022,sa3040542,Alex Reelfs,SCU,,,,,False
2025,sa3060363,Alex Richter,BALL,,,,,False
2025,sa3060379,Alex Ritzer,UPST,,,,,False
2024,sa3040951,Alex Rodgers,ORU,,,,,False
2023,sa3040951,Alex Rodgers,SFA,,,,,False
2022,sa3041364,Alex Ryan,VAL,,,,,False
2023,sa3041364,Alex Ryan,VAL,,,,,False
2024,sa3041364,Alex Ryan,VAL,,,,,False
2024,sa3041490,Alex Sandell,HC,,,,,False
2023,sa3041926,Alex Seguine,LR,,,,,False
2024,sa3041926,Alex Seguine,LR,,,,,False
2025,sa3041926,Alex Seguine,LR,,,,,False
2021,sa3042473,Alex Smith,NAVY,,,,,False
2022,sa3042473,Alex Smith,NAVY,,,,,False
2023,sa3042473,Alex Smith,NAVY,,,,,False
2025,sa3042760,Alex Sosa,NCSU,,,,,False
2025,sa3065140,Alex Sotiropoulos,COLU,,,,,False
2021,sa3043120,Alex Stiegler,BC,,,,,False
2023,sa3043164,Alex Stone,DUKE,,,,,False
2024,sa3043164,Alex Stone,DUKE,,,,,False
2021,sa3043197,Alex Strachan,JVST,,,,,False
2022,sa3043197,Alex Strachan,JVST,,,,,False
2022,sa3043504,Alex Tappen,UVA,,,,,False
2022,sa3043656,Alex Theis,WRST,,,,,False
2021,sa3043813,Alex Thurston,VAL,,,,,False
2022,sa3043813,Alex Thurston,VAL,,,,,False
2023,sa3043813,Alex Thurston,VAL,,,,,False
2024,sa3043813,Alex Thurston,VAL,,,,,False
2022,sa3043940,Alex Toral,FSU,,,,,False
2021,sa3043940,Alex Toral,MIA,,,,,False
2024,sa3044226,Alex Ulloa,FIU,,,,,False
2025,sa3044226,Alex Ulloa,FIU,,,,,False
2024,sa3044239,Alex Ungar,SHU,,,,,False
2025,sa3044239,Alex Ungar,SHU,,,,,False
2024,sa3044259,Alex Urlaub,CHSO,,,,,False
2025,sa3044259,Alex Urlaub,NDSU,,,,,False
2025,sa3060813,Alex Valentin,TXST,,,,,False
2024,sa3044443,Alex Vera,XAV,,,,,False
2023,sa3044451,Alex Verdugo,RGV,,,,,False
2023,sa3044455,Alex Vergara,LIP,,,,,False
2024,sa3044455,Alex Vergara,LIP,,,,,False
2025,sa3044720,Alex Walsh,JAX,,,,,False
2023,sa3044719,Alex Walsh,LAF,,,,,False
2021,sa3044902,Alex Webb,JVST,,,,,False
2021,sa3020314,Alex Williams,STAN,,,,,False
2022,sa3020314,Alex Williams,STAN,11.0,322.0,Miami Marlins,stanford university,True
2021,sa3031241,Alexander Fenton,DAV,,,,,False
2021,sa3037029,Alexander Marco,UVU,,,,,False
2024,sa3025591,Alexander Meckley,CCU,12.0,350.0,Washington Nationals,coastal carolina university,True
2023,sa3039116,Alexander Olivo,TXSO,,,,,False
2024,sa3039116,Alexander Olivo,UTSA,,,,,False
2021,sa3040287,Alexander Pup,AFA,,,,,False
2023,sa3040809,Alexander Rivas,UCR,,,,,False
2024,sa3041605,Alexander Saunier,UNO,,,,,False
2025,sa3041605,Alexander Saunier,UNO,,,,,False
2024,sa3032594,Alexis Gravel,MCN,,,,,False
2025,sa3032594,Alexis Gravel,MCN,,,,,False
2025,sa3038509,Alfred Mucciarone,UML,,,,,False
2024,sa3028380,Alfredo Capacete,UCR,,,,,False
2023,sa3030081,Alfredo Delgado,MAN,,,,,False
2021,sa3017506,Alfredo Ruiz,LBSU,,,,,False
2023,sa3028297,Ali Camarillo,CSUN,,,,,False
2024,sa3028297,Ali Camarillo,TA&M,12.0,346.0,Oakland Athletics,texas aandm university,True
2023,sa3035979,Ali Lapread,ALST,,,,,False
2024,sa3035979,Ali Lapread,ALST,,,,,False
2024,sa3038376,Alistair Morin,SIE,,,,,False
2025,sa3038376,Alistair Morin,SIE,,,,,False
2023,sa3032707,Allen Grier,ARST,,,,,False
2024,sa3032707,Allen Grier,ARST,,,,,False
2022,sa3041239,Alonzo Rubalcaba,UK,,,,,False
2023,sa3023524,Alonzo Tredwell,UCLA,,,,,False
2021,sa3045524,Alsander Womack,NORF,,,,,False
2024,sa3032907,Alton Gyselman,GCU,,,,,False
2023,sa3035990,Amani Larry,MSST,,,,,False
2024,sa3035990,Amani Larry,MSST,,,,,False
2022,sa3035990,Amani Larry,UNO,,,,,False
2023,sa3044553,Ambren Voitik,APSU,,,,,False
2024,sa3044553,Ambren Voitik,APSU,,,,,False
2022,sa3045601,Amir Wright,BALL,,,,,False
2025,sa3030237,Amman Dewberry,PRES,,,,,False
2025,sa3060262,Amp Phillips,UPST,,,,,False
2024,sa3027793,Anders Brown,UMES,,,,,False
2025,sa3062879,Anderson Nance,NCSU,,,,,False
2023,sa3026119,Andre Antone,UCI,,,,,False
2022,sa3030126,Andre Demetral,NIU,,,,,False
2023,sa3030126,Andre Demetral,NIU,,,,,False
2024,sa3030126,Andre Demetral,NIU,,,,,False
2022,sa3032447,Andre Good,YSU,,,,,False
2023,sa3032447,Andre Good,YSU,,,,,False
2022,sa3032637,Andre Greene,UAPB,,,,,False
2023,sa3032637,Andre Greene,UAPB,,,,,False
2021,sa3037094,Andre Marrero,QUIN,,,,,False
2024,sa3037129,Andre Martinez,FIU,,,,,False
2025,sa3036289,Andreaus Lewis II,MAN,,,,,False
2024,sa3039575,Andrelys Payamps,IONA,,,,,False
2025,sa3039575,Andrelys Payamps,IONA,,,,,False
2023,sa3031833,Andres Galan,CAL,,,,,False
2025,sa3037304,Andres Matias,APSU,,,,,False
2021,sa3042761,Andres Sosa,DBU,,,,,False
2021,29911,Andrew Abbott,UVA,2.0,53.0,Cincinnati Reds,university of virginia,True
2021,sa3025708,Andrew Abrahamowicz,BGSU,,,,,False
2022,sa3025708,Andrew Abrahamowicz,BGSU,,,,,False
2022,sa3025902,Andrew Allanson,CSUB,,,,,False
2021,sa3017531,Andrew Alvarez,CP,,,,,False
2023,sa3025991,Andrew Amato,DEL,,,,,False
2024,sa3025991,Andrew Amato,DEL,,,,,False
2025,sa3025991,Andrew Amato,DEL,,,,,False
2023,sa3026200,Andrew Armstrong,FSU,,,,,False
2021,sa3026370,Andrew Bacon,NKU,,,,,False
2025,sa3058592,Andrew Becker,CSUN,,,,,False
2021,sa3026872,Andrew Beesley,ULM,,,,,False
2021,sa3026947,Andrew Benefield,DBU,,,,,False
2022,sa3026947,Andrew Benefield,DBU,,,,,False
2022,sa3026963,Andrew Bennett,SAM,,,,,False
2023,sa3026963,Andrew Bennett,SAM,,,,,False
2024,sa3026963,Andrew Bennett,SAM,,,,,False
2024,sa3027014,Andrew Berg,ARMY,,,,,False
2025,sa3027014,Andrew Berg,ARMY,,,,,False
2023,sa3027573,Andrew Brait,UCF,,,,,False
2024,sa3027573,Andrew Brait,UCF,,,,,False
2021,sa3027611,Andrew Braun,CCSU,,,,,False
2021,sa3028004,Andrew Bullock,CHSO,,,,,False
2025,sa3028242,Andrew Cain,ARIZ,,,,,False
2023,sa3028511,Andrew Carson,MSU,,,,,False
2025,sa3028604,Andrew Castelluccio,MAN,,,,,False
2025,sa3058869,Andrew Cisneros,MORE,,,,,False
2025,sa3028957,Andrew Ciufo,CLEM,,,,,False
2021,sa3028957,Andrew Ciufo,GTWN,,,,,False
2022,sa3028957,Andrew Ciufo,GTWN,,,,,False
2021,sa3029258,Andrew Connor,SPU,,,,,False
2021,sa3020493,Andrew Cossetti,JOES,,,,,False
2022,sa3020493,Andrew Cossetti,JOES,11.0,324.0,Minnesota Twins,saint joseph's university,True
2025,sa3029743,Andrew Cutler,GW,,,,,False
2022,sa3029784,Andrew DAlessio,PRIN,,,,,False
2023,sa3029784,Andrew DAlessio,PRIN,,,,,False
2024,sa3029784,Andrew DAlessio,PRIN,,,,,False
2025,sa3029784,Andrew DAlessio,PRIN,,,,,False
2022,sa3030053,Andrew Delaney,WKU,,,,,False
2025,sa3059047,Andrew Detlefsen,UTSA,,,,,False
2024,sa3030225,Andrew Devine,APSU,,,,,False
2022,sa3030686,Andrew Duran,UAPB,,,,,False
2023,sa3030863,Andrew Elcock,NJIT,,,,,False
2025,sa3030965,Andrew Eppinger,NJIT,,,,,False
2022,sa3031043,Andrew Estrella,STET,,,,,False
2023,sa3031043,Andrew Estrella,STET,,,,,False
2021,sa3031105,Andrew Eyster,SC,,,,,False
2022,sa3031105,Andrew Eyster,SC,,,,,False
2023,sa3031257,Andrew Fernandez,UTM,,,,,False
2024,sa3031257,Andrew Fernandez,UTM,,,,,False
2023,sa3031366,Andrew Fischer,DUKE,,,,,False
2024,sa3031366,Andrew Fischer,MISS,,,,,False
2025,sa3031366,Andrew Fischer,TENN,1.0,20.0,Milwaukee Brewers,university of tennessee,True
2021,sa3031738,Andrew Fron,CAN,,,,,False
2021,sa3031917,Andrew Garcia,PV,,,,,False
2025,sa3032060,Andrew Gauna,CSUN,,,,,False
2022,sa3032629,Andrew Greckel,APP,,,,,False
2024,sa3033519,Andrew Heffernan,MRMK,,,,,False
2025,sa3033519,Andrew Heffernan,MRMK,,,,,False
2021,sa3033668,Andrew Hernandez,PENN,,,,,False
2024,sa3033711,Andrew Herrmann,UL,,,,,False
2025,sa3033711,Andrew Herrmann,UL,,,,,False
2021,sa3033805,Andrew Hill,OAK,,,,,False
2021,29633,Andrew Hoffmann,ILL,12.0,367.0,Atlanta Braves,university of illinois at urbana-champaign,True
2023,sa3034115,Andrew Horvath,AKR,,,,,False
2025,sa3034115,Andrew Horvath,AKR,,,,,False
2025,sa3059562,Andrew Ildefonso,FIU,,,,,False
2021,sa3019979,Andrew Jenkins,GT,,,,,False
2022,sa3019979,Andrew Jenkins,GT,9.0,267.0,Detroit Tigers,georgia institute of technology,True
2021,sa3034648,Andrew Jenner,WIN,,,,,False
2025,sa3059601,Andrew Johnson,USC,,,,,False
2024,sa3034839,Andrew Jones,VMI,,,,,False
2025,sa3034839,Andrew Jones,VMI,,,,,False
2021,sa3020140,Andrew Kachel,FRES,,,,,False
2022,sa3020140,Andrew Kachel,FRES,,,,,False
2024,sa3035058,Andrew Kanellis,FOR,,,,,False
2025,sa3035058,Andrew Kanellis,FOR,,,,,False
2021,sa3019908,Andrew Keck,SEMO,,,,,False
2022,sa3019908,Andrew Keck,SEMO,10.0,305.0,Atlanta Braves,southeast missouri state university,True
2021,sa3035144,Andrew Keefer,MIZ,,,,,False
2025,sa3035437,Andrew Kirchner,CSUF,,,,,False
2023,sa3035536,Andrew Knight,UNA,,,,,False
2024,sa3035536,Andrew Knight,UNA,,,,,False
2023,sa3035602,Andrew Kohl,LEH,,,,,False
2024,sa3035602,Andrew Kohl,LEH,,,,,False
2025,sa3062630,Andrew Kribbs,CLT,,,,,False
2022,sa3024982,Andrew Landry,SELA,,,,,False
2023,sa3024982,Andrew Landry,SELA,16.0,492.0,New York Yankees,southeastern louisiana university,True
2021,sa3022734,Andrew Lindsey,CLT,,,,,False
2023,sa3022734,Andrew Lindsey,TENN,5.0,146.0,Miami Marlins,university of tennessee,True
2025,sa3036654,Andrew Luczak,TOW,,,,,False
2021,sa3036820,Andrew MacNeil,STET,,,,,False
2024,sa3036985,Andrew Mannelly,WOF,,,,,False
2024,sa3036987,Andrew Manning,NAVY,,,,,False
2025,sa3036987,Andrew Manning,NAVY,,,,,False
2025,sa3037020,Andrew Marcello,CAN,,,,,False
2024,sa3037656,Andrew Mckenna,FAU,,,,,False
2022,sa3037767,Andrew Meadows,ALCN,,,,,False
2021,sa3037793,Andrew Meggs,CREI,,,,,False
2022,sa3037793,Andrew Meggs,CREI,,,,,False
2023,sa3037793,Andrew Meggs,CREI,,,,,False
2021,sa3037826,Andrew Melnyk,LONG,,,,,False
2021,sa3038030,Andrew Miller,UTA,,,,,False
2022,sa3020569,Andrew Morris,TTU,4.0,114.0,Minnesota Twins,texas tech,True
2025,sa3038459,Andrew Mosiello,USD,,,,,False
2021,sa3038914,Andrew Nole,LEH,,,,,False
2022,sa3038914,Andrew Nole,LEH,,,,,False
2021,sa3039230,Andrew Orzel,GONZ,,,,,False
2022,sa3025439,Andrew Patrick,WRST,,,,,False
2023,sa3025439,Andrew Patrick,WRST,,,,,False
2024,sa3025439,Andrew Patrick,WRST,17.0,504.0,Pittsburgh Pirates,wright state university,True
2022,sa3022670,Andrew Pinckney,ALA,,,,,False
2023,sa3022670,Andrew Pinckney,ALA,4.0,102.0,Washington Nationals,university of alabama,True
2021,sa3020715,Andrew Pintar,BYU,,,,,False
2022,sa3040056,Andrew Pollum,CARK,,,,,False
2021,sa3040126,Andrew Potojecki,LONG,,,,,False
2022,sa3040126,Andrew Potojecki,LONG,,,,,False
2023,sa3040126,Andrew Potojecki,LONG,,,,,False
2025,sa3060330,Andrew Ramirez,SEMO,,,,,False
2025,sa3060342,Andrew Raymond,GMU,,,,,False
2022,sa3040810,Andrew Rivas,UCR,,,,,False
2025,sa3040810,Andrew Rivas,UCR,,,,,False
2024,sa3041118,Andrew Ronne,ETSU,,,,,False
2025,sa3041241,Andrew Rubayo,QUIN,,,,,False
2025,sa3041255,Andrew Rudd,CBU,,,,,False
2024,sa3041611,Andrew Savage,PEPP,,,,,False
2025,sa3041611,Andrew Savage,PEPP,,,,,False
2024,sa3041800,Andrew Schuldt,CAM,,,,,False
2025,sa3041800,Andrew Schuldt,CAM,,,,,False
2023,sa3023133,Andrew Sears,CONN,10.0,290.0,Detroit Tigers,university of connecticut,True
2021,sa3041963,Andrew Selima,HC,,,,,False
2022,sa3041963,Andrew Selima,MRMK,,,,,False
2021,sa3041980,Andrew Semo,FOR,,,,,False
2022,sa3041980,Andrew Semo,FOR,,,,,False
2022,sa3042219,Andrew Shoultz,CARK,,,,,False
2025,sa3042434,Andrew Sloan,PAC,,,,,False
2023,sa3042455,Andrew Smart,NIU,,,,,False
2025,sa3042455,Andrew Smart,NIU,,,,,False
2022,sa3042711,Andrew Sojka,CSUN,,,,,False
2023,sa3042711,Andrew Sojka,CSUN,,,,,False
2024,sa3042711,Andrew Sojka,CSUN,,,,,False
2025,sa3042939,Andrew Stanley,CIT,,,,,False
2025,sa3043019,Andrew Steinhaus,RAD,,,,,False
2021,sa3043090,Andrew Stewart,WICH,,,,,False
2022,sa3043090,Andrew Stewart,WICH,,,,,False
2025,sa3043263,Andrew Stucky,UTSA,,,,,False
2023,sa3043331,Andrew Sundean,UCF,,,,,False
2025,sa3043331,Andrew Sundean,UCF,,,,,False
2024,sa3043498,Andrew Tan,BING,,,,,False
2021,sa3020873,Andrew Taylor,CMU,,,,,False
2022,sa3020873,Andrew Taylor,CMU,2.0,80.0,Houston Astros,central michigan university,True
2021,sa3043634,Andrew Terrell,APP,,,,,False
2022,sa3043634,Andrew Terrell,APP,,,,,False
2023,sa3043634,Andrew Terrell,APP,,,,,False
2025,sa3060760,Andrew Tinsley,NCAT,,,,,False
2021,sa3044653,Andrew Walker,XAV,,,,,False
2022,sa3044653,Andrew Walker,XAV,,,,,False
2023,sa3044653,Andrew Walker,XAV,,,,,False
2025,sa3060864,Andrew Walters,CBU,,,,,False
2021,sa3045097,Andrew White,SBU,,,,,False
2025,sa3045182,Andrew Wiggins,IU,,,,,False
2021,sa3045211,Andrew Wilhite,MINN,,,,,False
2022,sa3045211,Andrew Wilhite,MINN,,,,,False
2023,sa3045244,Andrew Williams,GTWN,,,,,False
2024,sa3045244,Andrew Williams,GTWN,,,,,False
2025,sa3045244,Andrew Williams,GTWN,,,,,False
2024,sa3045245,Andrew Williamson,UCF,,,,,False
2025,sa3045245,Andrew Williamson,UCF,,,,,False
2025,sa3059929,Andrey Martinez,BCU,,,,,False
2023,sa3032400,Andruw Gonzales,MCN,,,,,False
2021,sa3026149,Andy Archer,GT,,,,,False
2022,sa3026149,Andy Archer,HAW,,,,,False
2021,sa3026199,Andy Armstrong,ORST,,,,,False
2021,sa3026291,Andy Atwood,RGV,,,,,False
2021,sa3026791,Andy Bean,BEL,,,,,False
2022,sa3026791,Andy Bean,BEL,,,,,False
2023,sa3026791,Andy Bean,BEL,,,,,False
2021,sa3026962,Andy Bennett,BUT,,,,,False
2022,sa3027214,Andy Blake,COLU,,,,,False
2023,sa3027214,Andy Blake,COLU,,,,,False
2021,sa3028305,Andy Camilo,LIU,,,,,False
2021,sa3020458,Andy Garriola,ODU,,,,,False
2022,sa3020458,Andy Garriola,ODU,17.0,503.0,Chicago Cubs,old dominion university,True
2021,sa3032073,Andy Gaytan,BGSU,,,,,False
2023,sa3036217,Andy Leon,COLU,,,,,False
2024,sa3038738,Andy Nelson,IOWA,,,,,False
2021,sa3016953,Andy Thomas,BAY,5.0,144.0,Seattle Mariners,baylor university,True
2025,sa3066043,Angel Cano,LR,,,,,False
2024,sa3029207,Angel Colon,COPP,,,,,False
2021,sa3030043,Angel De La Cruz,RGV,,,,,False
2022,sa3030310,Angel DiFederico,VAL,,,,,False
2024,sa3039216,Angel Ortiz,NCAT,,,,,False
2025,sa3039216,Angel Ortiz,NCAT,,,,,False
2025,sa3040813,Angel Rivera,AAMU,,,,,False
2023,sa3043817,Angel Tiburcio,FIU,,,,,False
2021,sa3020825,Angel Zarate,UNC,,,,,False
2022,sa3020825,Angel Zarate,UNC,,,,,False
2023,sa3028219,Angelo Cabral,RGV,,,,,False
2025,sa3028219,Angelo Cabral,RGV,,,,,False
2021,sa3029765,Angelo DAcunto,HC,,,,,False
2022,sa3029765,Angelo DAcunto,HC,,,,,False
2023,sa3030373,Angelo Dispigna,GT,,,,,False
2021,sa3032112,Angelo Gennari,SFA,,,,,False
2022,sa3039691,Angelo Peraza,USD,,,,,False
2023,sa3039691,Angelo Peraza,USD,,,,,False
2024,sa3039691,Angelo Peraza,USD,,,,,False
2021,sa3043920,Angelo Tonas,GTWN,,,,,False
2025,sa3060380,Anibal Rivera,QUC,,,,,False
2025,sa3058823,Ansel Carson,UMES,,,,,False
2024,sa3026234,Anson Aroz,ORE,,,,,False
2025,sa3026234,Anson Aroz,ORE,19.0,585.0,Los Angeles Dodgers,university of oregon,True
2022,sa3025690,Anthony Abbatine,SPU,,,,,False
2023,sa3025690,Anthony Abbatine,SPU,,,,,False
2023,sa3026180,Anthony Arguelles,VT,,,,,False
2021,sa3026822,Anthony Becerra,JKST,,,,,False
2024,sa3027687,Anthony Brienza,SJU,,,,,False
2025,sa3058736,Anthony Brotz,MRST,,,,,False
2023,sa3028254,Anthony Calarco,MISS,,,,,False
2021,sa3028254,Anthony Calarco,NU,,,,,False
2022,sa3028254,Anthony Calarco,NU,,,,,False
2021,sa3030018,Anthony DeFabbia,STET,,,,,False
2023,sa3030018,Anthony DeFabbia,STET,,,,,False
2024,sa3030018,Anthony DeFabbia,STET,,,,,False
2022,sa3030172,Anthony DePino,URI,,,,,False
2023,sa3030172,Anthony DePino,URI,,,,,False
2024,sa3030172,Anthony DePino,URI,,,,,False
2025,sa3030172,Anthony DePino,URI,7.0,196.0,Chicago White Sox,university of rhode island,True
2024,sa3030382,Anthony Divittorio,COPP,,,,,False
2025,sa3030382,Anthony Divittorio,COPP,,,,,False
2021,sa3030467,Anthony DOnofrio,HOF,,,,,False
2022,sa3030467,Anthony DOnofrio,HOF,,,,,False
2022,sa3025266,Anthony Donofrio,QUIN,,,,,False
2023,sa3025266,Anthony Donofrio,QUIN,,,,,False
2024,sa3025266,Anthony Donofrio,UNC,10.0,303.0,Seattle Mariners,university of north carolina,True
2025,sa3031104,Anthony Eyanson,LSU,3.0,87.0,Boston Red Sox,louisiana state university,True
2021,sa3031290,Anthony Fett,AKR,,,,,False
2022,sa3031290,Anthony Fett,AKR,,,,,False
2023,sa3031290,Anthony Fett,AKR,,,,,False
2022,sa3031298,Anthony Fidanza,SOU,,,,,False
2021,sa3031461,Anthony Flores,NEV,,,,,False
2022,sa3031461,Anthony Flores,NEV,,,,,False
2021,sa3031561,Anthony Forte,RICH,,,,,False
2021,sa3031668,Anthony Frechette,GW,,,,,False
2022,sa3031668,Anthony Frechette,GW,,,,,False
2023,sa3031668,Anthony Frechette,GW,,,,,False
2021,sa3031834,Anthony Galason,ELON,,,,,False
2021,sa3031837,Anthony Galati,RAD,,,,,False
2021,sa3032147,Anthony Germinerio,ALB,,,,,False
2022,sa3032147,Anthony Germinerio,ALB,,,,,False
2021,sa3032163,Anthony Giachin,ARMY,,,,,False
2024,sa3032630,Anthony Greco,W&M,,,,,False
2025,sa3032630,Anthony Greco,W&M,,,,,False
2021,sa3019987,Anthony Hall,ORE,,,,,False
2022,sa3019987,Anthony Hall,ORE,4.0,130.0,New York Yankees,university of oregon,True
2023,sa3033151,Anthony Hansen,MEM,,,,,False
2024,sa3033409,Anthony Hausner,CIT,,,,,False
2025,sa3033409,Anthony Hausner,CIT,,,,,False
2022,sa3033613,Anthony Hennings,NCAT,,,,,False
2023,sa3033613,Anthony Hennings,NCAT,,,,,False
2022,sa3033716,Anthony Herron Jr.,UNO,,,,,False
2023,sa3033716,Anthony Herron Jr.,UNO,,,,,False
2021,sa3036571,Anthony LoRicco,ARMY,,,,,False
2023,sa3036809,Anthony Mackenzie,OU,,,,,False
2024,sa3036809,Anthony Mackenzie,OU,,,,,False
2021,sa3036809,Anthony Mackenzie,SHSU,,,,,False
2022,sa3036809,Anthony Mackenzie,SHSU,,,,,False
2021,sa3037128,Anthony Martinez,ORU,,,,,False
2023,sa3037212,Anthony Martinez,UCI,,,,,False
2024,sa3037212,Anthony Martinez,UCI,,,,,False
2025,sa3037212,Anthony Martinez,UCI,8.0,252.0,Cleveland Guardians,"university of california, irvine",True
2025,sa3066388,Anthony Mascuilli,UMBC,,,,,False
2021,sa3037275,Anthony Mata,UCR,,,,,False
2022,sa3037275,Anthony Mata,UCR,,,,,False
2023,sa3037275,Anthony Mata,UCR,,,,,False
2024,sa3037275,Anthony Mata,UCR,,,,,False
2023,sa3037281,Anthony Mateo,AAMU,,,,,False
2024,sa3037281,Anthony Mateo,AAMU,,,,,False
2023,sa3037579,Anthony McFarland,UCR,,,,,False
2021,sa3038500,Anthony Mozzicato,CCSU,,,,,False
2022,sa3038500,Anthony Mozzicato,CCSU,,,,,False
2024,sa3038500,Anthony Mozzicato,CCSU,,,,,False
2024,sa3039514,Anthony Paskell,RID,,,,,False
2025,sa3039514,Anthony Paskell,RID,,,,,False
2024,sa3039941,Anthony Pingeton,UNA,,,,,False
2025,sa3039941,Anthony Pingeton,UNA,,,,,False
2021,sa3040088,Anthony Porrino,SHU,,,,,False
2025,sa3040125,Anthony Potestio,UCSD,,,,,False
2021,sa3040357,Anthony Quirion,LAM,,,,,False
2024,sa3041309,Anthony Ruocco,WIN,,,,,False
2021,sa3042169,Anthony Sherwin,BUCK,,,,,False
2022,sa3042169,Anthony Sherwin,BUCK,,,,,False
2023,sa3042169,Anthony Sherwin,BUCK,,,,,False
2023,sa3042287,Anthony Silva,TCU,,,,,False
2024,sa3042287,Anthony Silva,TCU,,,,,False
2025,sa3042287,Anthony Silva,TCU,14.0,432.0,Cleveland Guardians,texas christian university,True
2021,sa3017312,Anthony Simonelli,VT,,,,,False
2025,sa3042722,Anthony Solis,EIU,,,,,False
2023,sa3043041,Anthony Stephan,UVA,,,,,False
2024,sa3043041,Anthony Stephan,UVA,13.0,389.0,Cincinnati Reds,university of virginia,True
2023,sa3043402,Anthony Swenda,UMBC,,,,,False
2024,sa3043402,Anthony Swenda,UMBC,,,,,False
2025,sa3065150,Anthony Tirado,MASS,,,,,False
2025,sa3043955,Anthony Torreso,DAV,,,,,False
2022,sa3044132,Anthony Tulimero,HOU,,,,,False
2023,sa3044132,Anthony Tulimero,HOU,,,,,False
2024,sa3044132,Anthony Tulimero,HOU,,,,,False
2021,sa3044132,Anthony Tulimero,KU,,,,,False
2021,sa3017660,Anthony Vilar,MIA,15.0,460.0,San Diego Padres,university of miami,True
2021,sa3044805,Anthony Warneke,LIU,,,,,False
2023,sa3044875,Anthony Watts,CREI,,,,,False
2024,sa3044875,Anthony Watts,IOWA,,,,,False
2025,sa3045809,Anthony Zarlingo,M-OH,,,,,False
2023,sa3045881,Anthony Zollo,IONA,,,,,False
2024,sa3045881,Anthony Zollo,IONA,,,,,False
2025,sa3045881,Anthony Zollo,IONA,,,,,False
2023,sa3033257,Antoine Harris,SOU,,,,,False
2024,sa3034614,Antoine Jean,HOU,,,,,False
2025,sa3034614,Antoine Jean,HOU,7.0,197.0,Colorado Rockies,university of houston,True
2022,sa3036091,Anton Lazits,COLU,,,,,False
2023,sa3036091,Anton Lazits,COLU,,,,,False
2024,sa3036091,Anton Lazits,COLU,,,,,False
2025,sa3036091,Anton Lazits,COLU,,,,,False
2025,sa3060498,Antonelli Savattere,TTU,,,,,False
2024,sa3029376,Antonio Cordeiro,SBU,,,,,False
2025,sa3029376,Antonio Cordeiro,SBU,,,,,False
2025,sa3030596,Antonio Ducatelli,CCSU,,,,,False
2025,sa3034692,Antonio Jimenez,UCF,3.0,102.0,New York Mets,university of central florida,True
2025,sa3062880,Antonio Nanez,SJSU,,,,,False
2021,sa3044280,Antonio Valdez,BAY,,,,,False
2023,sa3044280,Antonio Valdez,UTSA,,,,,False
2023,sa3044421,Antonio Velasquez,NORF,,,,,False
2022,sa3044654,Antonio Walker,MVSU,,,,,False
2022,sa3027744,Archer Brookman,OSU,,,,,False
2025,sa3062912,Arderrius Townsend,UTM,,,,,False
2021,sa3041909,Ari Sechopoulos,COFC,,,,,False
2024,sa3027015,Aric Berg,FOR,,,,,False
2025,sa3059121,Aric Ehmke,MILW,,,,,False
2024,sa3037422,Aric McAtee,STET,,,,,False
2024,sa3025454,Ariel Armas,USD,5.0,153.0,Chicago Cubs,university of san diego,True
2025,sa3031961,Aries Gardner,GRAM,,,,,False
2023,sa3028294,Ariv Camacho,WAG,,,,,False
2024,sa3028294,Ariv Camacho,WAG,,,,,False
2025,sa3034239,Arjun Huerta,JKST,,,,,False
2024,sa3039763,Arlen Peters,SDST,,,,,False
2025,sa3039763,Arlen Peters,SDST,,,,,False
2022,sa3037233,Arlo Marynczak,SIE,,,,,False
2023,sa3037233,Arlo Marynczak,SIE,,,,,False
2023,sa3028178,Arlon Butts,ARST,,,,,False
2022,sa3025842,Armando Albert,FAU,,,,,False
2023,sa3025842,Armando Albert,FAU,,,,,False
2024,sa3026823,Armando Becerra,FIU,,,,,False
2024,sa3027704,Armando Briseno,LBSU,,,,,False
2025,sa3027704,Armando Briseno,LBSU,,,,,False
2024,sa3042263,Armando Sierra,MVSU,,,,,False
2025,sa3038825,Armani Newton,BCU,,,,,False
2025,sa3040491,Armani Raygoza,RGV,,,,,False
2024,sa3038524,Arnad Mulamekic,SIE,,,,,False
2024,sa3043020,Arthur Steinkamp,UNM,,,,,False
2025,sa3039525,Aryan Patel,CIT,,,,,False
2024,sa3044522,Ashby Vining,SPU,,,,,False
2025,sa3044522,Ashby Vining,SPU,,,,,False
2025,sa3032221,Ashtin Gilio,GTWN,,,,,False
2024,sa3034434,Ashton Inman,GRAM,,,,,False
2021,sa3035386,Ashton King,ETSU,,,,,False
2022,sa3035386,Ashton King,ETSU,,,,,False
2023,sa3035386,Ashton King,ETSU,,,,,False
2024,sa3035386,Ashton King,ETSU,,,,,False
2025,sa3060325,Ashton Quiller,ARST,,,,,False
2023,sa3045383,Ashton Wilson,CHSO,,,,,False
2025,sa3059652,Aubrey Kearns,MORE,,,,,False
2025,sa3042482,Aubrey Smith,UNCW,,,,,False
2023,sa3040469,Auggie Rasmussen,ILST,,,,,False
2024,sa3040469,Auggie Rasmussen,ILST,,,,,False
2023,sa3040417,August Ramirez,TXST,,,,,False
2024,sa3040417,August Ramirez,TXST,,,,,False
2022,sa3034472,Austen Izzio,CHSO,,,,,False
2024,sa3034604,Austen Jaslove,ARST,,,,,False
2025,sa3060410,Austen Roellig,UTAH,,,,,False
2022,sa3022903,Austin Amaral,STET,,,,,False
2023,sa3022903,Austin Amaral,STET,16.0,465.0,Washington Nationals,stetson university,True
2025,sa3058491,Austin Amburgey,VAL,,,,,False
2022,sa3026689,Austin Baskin,MEM,,,,,False
2023,sa3026689,Austin Baskin,MEM,,,,,False
2024,sa3026689,Austin Baskin,MEM,,,,,False
2021,sa3026894,Austin Bell,DBU,,,,,False
2021,sa3027254,Austin Blazevic,SEMO,,,,,False
2021,sa3027317,Austin Bogart,UNF,,,,,False
2021,sa3027327,Austin Bohannon,UAB,,,,,False
2021,sa3027427,Austin Bost,TA&M,,,,,False
2022,sa3027427,Austin Bost,TA&M,,,,,False
2023,sa3027427,Austin Bost,TA&M,,,,,False
2023,sa3027703,Austin Brinling,UNF,,,,,False
2021,sa3028006,Austin Bulman,RICE,,,,,False
2022,sa3028006,Austin Bulman,RICE,,,,,False
2023,sa3028010,Austin Bunn,UNCO,,,,,False
2024,sa3028040,Austin Burgess,MASS,,,,,False
2021,sa3028243,Austin Cain,NICH,,,,,False
2022,sa3028243,Austin Cain,NICH,,,,,False
2023,sa3028243,Austin Cain,NICH,,,,,False
2024,sa3028648,Austin Cates,UNLV,,,,,False
2021,sa3029049,Austin Cline,WRST,,,,,False
2024,sa3029394,Austin Cornelius,JVST,,,,,False
2023,sa3029882,Austin Davis,TCU,,,,,False
2021,sa3029882,Austin Davis,WVU,,,,,False
2022,sa3029882,Austin Davis,WVU,,,,,False
2024,sa3029978,Austin Dearing,FIU,,,,,False
2025,sa3029978,Austin Dearing,FIU,,,,,False
2022,sa3022813,Austin Deming,BYU,,,,,False
2023,sa3022813,Austin Deming,BYU,10.0,314.0,Houston Astros,brigham young university,True
2023,sa3030149,Austin Denlinger,MONM,,,,,False
2024,sa3030149,Austin Denlinger,MONM,,,,,False
2024,sa3030750,Austin Eaton,TXST,,,,,False
2025,sa3030750,Austin Eaton,TXST,,,,,False
2023,sa3022799,Austin Emener,ETSU,16.0,472.0,Colorado Rockies,east tennessee state university,True
2025,sa3031196,Austin Fawley,MISS,,,,,False
2024,sa3031621,Austin Francis,NJIT,,,,,False
2025,sa3031621,Austin Francis,NJIT,,,,,False
2021,sa3032062,Austin Gauthier,HOF,,,,,False
2023,sa3032299,Austin Glaze,ACU,,,,,False
2024,sa3032299,Austin Glaze,ACU,,,,,False
2023,sa3032478,Austin Gordon,CLEM,,,,,False
2023,sa3025258,Austin Green,TTU,,,,,False
2024,sa3025258,Austin Green,TTU,14.0,421.0,New York Yankees,texas tech,True
2022,sa3032894,Austin Guzman,ALCN,,,,,False
2024,sa3033047,Austin Haller,WKU,,,,,False
2025,sa3033047,Austin Haller,WKU,,,,,False
2025,sa3033421,Austin Hawke,WAKE,,,,,False
2025,sa3059569,Austin Irby,ECU,,,,,False
2023,sa3035199,Austin Kelly,LIP,,,,,False
2024,sa3035199,Austin Kelly,LIP,,,,,False
2022,sa3035387,Austin King,ALST,,,,,False
2021,sa3035537,Austin Knight,CLT,,,,,False
2022,sa3035537,Austin Knight,CLT,,,,,False
2023,sa3035537,Austin Knight,CLT,,,,,False
2021,sa3035587,Austin Koehn,UNCG,,,,,False
2023,sa3035710,Austin Kretzschmar,GTWN,,,,,False
2021,sa3020594,Austin Krob,TCU,,,,,False
2021,sa3035751,Austin Kryszczuk,UNLV,,,,,False
2022,sa3035751,Austin Kryszczuk,UNLV,,,,,False
2023,sa3035751,Austin Kryszczuk,UNLV,,,,,False
2024,sa3035751,Austin Kryszczuk,UNLV,,,,,False
2025,sa3059795,Austin Lemon,VILL,,,,,False
2021,sa3036405,Austin Lively,SEA,,,,,False
2021,sa3017609,Austin Love,UNC,3.0,90.0,St. Louis Cardinals,university of north carolina at chapel hill,True
2024,sa3036791,Austin Machado,HAW,,,,,False
2023,sa3036791,Austin Machado,SJU,,,,,False
2021,sa3037060,Austin Markmann,SHU,,,,,False
2021,sa3037080,Austin Marozas,CLT,,,,,False
2022,sa3037080,Austin Marozas,MIZ,,,,,False
2021,sa3037130,Austin Martin,IOWA,,,,,False
2022,sa3038358,Austin Morgan,UPST,,,,,False
2022,sa3038485,Austin Mowrey,COLU,,,,,False
2021,sa3016967,Austin Murr,NCSU,6.0,165.0,Detroit Tigers,north carolina state university,True
2023,sa3038791,Austin Neuweg,SLU,,,,,False
2024,sa3038791,Austin Neuweg,SLU,,,,,False
2025,sa3038791,Austin Neuweg,SLU,,,,,False
2025,sa3060163,Austin Nye,VAN,,,,,False
2022,sa3039042,Austin Odell,BUCK,,,,,False
2023,sa3025408,Austin Overn,USC,,,,,False
2024,sa3025408,Austin Overn,USC,3.0,97.0,Baltimore Orioles,university of southern california,True
2021,sa3039504,Austin Parsley,UNCG,,,,,False
2022,sa3039504,Austin Parsley,UNCG,,,,,False
2021,sa3020868,Austin Peterson,CONN,,,,,False
2022,sa3020868,Austin Peterson,CONN,9.0,271.0,Cleveland Guardians,university of connecticut,True
2025,sa3060263,Austin Phillips,UTA,,,,,False
2024,sa3040369,Austin Rachiele,SIE,,,,,False
2021,sa3040642,Austin Reyes,SCU,,,,,False
2022,sa3040932,Austin Roccaforte,HCU,,,,,False
2023,sa3040932,Austin Roccaforte,HCU,,,,,False
2024,sa3040932,Austin Roccaforte,LAM,,,,,False
2021,sa3041203,Austin Rotramel,GRAM,,,,,False
2025,sa3041326,Austin Russell,AMCC,,,,,False
2023,sa3041398,Austin Sachen,FOR,,,,,False
2022,sa3041685,Austin Schell,CSUF,,,,,False
2021,sa3016958,Austin Schultz,UK,10.0,285.0,Detroit Tigers,university of kentucky,True
2023,sa3042481,Austin Smith,USD,,,,,False
2024,sa3042481,Austin Smith,USD,,,,,False
2025,sa3042481,Austin Smith,USD,10.0,292.0,Toronto Blue Jays,university of san diego,True
2021,sa3042848,Austin Spinney,HCU,,,,,False
2022,sa3025241,Austin St. Laurent,APP,,,,,False
2023,sa3025241,Austin St. Laurent,APP,,,,,False
2024,sa3025241,Austin St. Laurent,APP,14.0,423.0,Seattle Mariners,appalachian state university,True
2023,sa3023380,Austin Strickland,UK,8.0,227.0,Pittsburgh Pirates,university of kentucky,True
2023,sa3043262,Austin Stubber,LR,,,,,False
2024,sa3043262,Austin Stubber,LR,,,,,False
2021,sa3043605,Austin Teixeira,HAW,,,,,False
2022,sa3043621,Austin Temple,ND,,,,,False
2021,sa3043739,Austin Thompson,GASO,,,,,False
2022,sa3043739,Austin Thompson,GASO,,,,,False
2022,sa3043879,Austin Todd,TEX,,,,,False
2023,sa3023281,Austin Troesser,MIZ,4.0,135.0,New York Mets,university of missouri,True
2025,sa3044146,Austin Turkington,CAL,,,,,False
2022,sa3044155,Austin Turner,TNTC,,,,,False
2023,sa3044155,Austin Turner,TNTC,,,,,False
2024,sa3044155,Austin Turner,TNTC,,,,,False
2021,sa3017138,Austin Vernon,NCCU,10.0,311.0,Tampa Bay Rays,north carolina central university,True
2023,sa3044633,Austin Wainer,BRY,,,,,False
2024,sa3044633,Austin Wainer,BRY,,,,,False
2022,sa3045099,Austin White,CCU,,,,,False
2021,sa3045099,Austin White,URI,,,,,False
2021,sa3045212,Austin Wilhite,GT,,,,,False
2022,sa3045246,Austin Williams,SEMO,,,,,False
2021,sa3028789,Avery Chatman,TXSO,,,,,False
2021,sa3032120,Avery George,LAM,,,,,False
2025,sa3062631,Avery Laine,LMU,,,,,False
2024,sa3038713,Avery Neaves,COFC,,,,,False
2025,sa3038713,Avery Neaves,COFC,,,,,False
2024,sa3039217,Avery Ortiz,OKST,,,,,False
2021,sa3022604,Avery Owusu-Asiedu,SIUE,,,,,False
2022,sa3022604,Avery Owusu-Asiedu,SIUE,,,,,False
2023,sa3022604,Avery Owusu-Asiedu,SIUE,9.0,283.0,Philadelphia Phillies,southern illinois university,True
2025,sa3043667,Avery Thielman,WMU,,,,,False
2025,sa3060012,Axel Melendez,ETSU,,,,,False
2025,sa3065118,Axel Riess,DART,,,,,False
2025,sa3059269,Ayden Garcia,FAU,,,,,False
2025,sa3060517,Ayden Schnarrs,VMI,,,,,False
2025,sa3060971,Aydin Wright,CMU,,,,,False
2023,sa3036290,Azalius Lewis,MVSU,,,,,False
2025,sa3026400,B.J. Bailey,CLEM,,,,,False
2021,sa3017946,Bailey Dees,PSU,,,,,False
2021,sa3035484,Bailey Klein,GMU,,,,,False
2024,sa3041915,Bailey Seeger,UNLV,,,,,False
2021,sa3044977,Bailey Welch,APP,,,,,False
2023,sa3042746,Bailyn Sorensen,NWST,,,,,False
2023,sa3038740,Baker Nelson,NCSU,,,,,False
2024,sa3044292,Balin Valentine,NWST,,,,,False
2025,sa3044292,Balin Valentine,NWST,,,,,False
2021,sa3032709,Banks Griffith,STET,,,,,False
2024,sa3043897,Banks Tolley,APP,,,,,False
2022,sa3043253,Baron Stuart,PITT,,,,,False
2022,sa3044721,Barry Walsh,BC,,,,,False
2023,sa3044721,Barry Walsh,BC,,,,,False
2022,sa3045026,Bart West,CSUN,,,,,False
2022,sa3040446,Bash Randle,ACU,,,,,False
2024,sa3045250,Basiel Williams,NICH,,,,,False
2021,sa3045484,Bay Witcher,TROY,,,,,False
2022,sa3045484,Bay Witcher,TROY,,,,,False
2023,sa3026747,Baylor Baumann,HCU,,,,,False
2024,sa3026747,Baylor Baumann,HCU,,,,,False
2023,sa3034135,Bayram Hot,MRST,,,,,False
2024,sa3034135,Bayram Hot,MRST,,,,,False
2025,sa3059417,Bear Harrison,TA&M,,,,,False
2023,sa3036835,Bear Madliak,JVST,,,,,False
2024,sa3036835,Bear Madliak,JVST,,,,,False
2025,sa3036835,Bear Madliak,KSU,,,,,False
2024,sa3026106,Beau Ankeney,GCU,,,,,False
2025,sa3026106,Beau Ankeney,LMU,14.0,429.0,Detroit Tigers,loyola marymount university,True
2021,sa3026461,Beau Balado,NICH,,,,,False
2024,sa3027226,Beau Blanchard,ULM,,,,,False
2021,sa3027608,Beau Bratton,UNO,,,,,False
2024,sa3030689,Beau Durbin,BRAD,,,,,False
2025,sa3030689,Beau Durbin,BRAD,,,,,False
2025,sa3059129,Beau Elson,FOR,,,,,False
2025,sa3059512,Beau Hollins,SC,,,,,False
2022,sa3035140,Beau Keathley,CIN,,,,,False
2021,sa3039187,Beau Orlando,CARK,,,,,False
2023,sa3038108,Beck Milner,YALE,,,,,False
2023,sa3025700,Ben Abeldt,TCU,,,,,False
2024,sa3025700,Ben Abeldt,TCU,,,,,False
2023,sa3025704,Ben Abernathey,UAB,,,,,False
2023,sa3025712,Ben Abram,OKST,,,,,False
2022,sa3025746,Ben Adams,SJU,,,,,False
2024,sa3025872,Ben Alekson,FAIR,,,,,False
2025,sa3025872,Ben Alekson,FAIR,,,,,False
2021,sa3026024,Ben Anderson,UGA,,,,,False
2022,sa3026024,Ben Anderson,UGA,,,,,False
2023,sa3026024,Ben Anderson,UGA,,,,,False
2021,sa3026333,Ben Ayala,CARK,,,,,False
2024,sa3026813,Ben Beauchamp,SJU,,,,,False
2022,sa3027022,Ben Berger,SBU,,,,,False
2022,sa3027121,Ben Bianco,LOU,,,,,False
2024,sa3027209,Ben Blair,LIB,,,,,False
2025,sa3027209,Ben Blair,LIB,,,,,False
2021,sa3027745,Ben Brooks,MEM,,,,,False
2022,sa3027745,Ben Brooks,MEM,,,,,False
2021,sa3028425,Ben Carew,KENT,,,,,False
2021,30085,Ben Casparius,CONN,5.0,162.0,Los Angeles Dodgers,university of connecticut,True
2025,sa3058835,Ben Castelli,CBU,,,,,False
2021,sa3028751,Ben Chapman,SIU,,,,,False
2022,sa3028751,Ben Chapman,SIU,,,,,False
2023,sa3028751,Ben Chapman,SIU,,,,,False
2023,sa3028826,Ben Chestnutt,MIA,,,,,False
2022,sa3028878,Ben Christian,LEH,,,,,False
2025,sa3028967,Ben Clark,OAK,,,,,False
2024,sa3029013,Ben Cleary,SCU,,,,,False
2025,sa3029013,Ben Cleary,SCU,,,,,False
2025,sa3029018,Ben Cleaver,UK,,,,,False
2023,sa3029217,Ben Columbus,NEB,,,,,False
2021,sa3016976,Ben Cowles,MD,,,,,False
2022,sa3029622,Ben Cruikshank,KENT,,,,,False
2023,sa3029622,Ben Cruikshank,KENT,,,,,False
2025,sa3058996,Ben Davis,MSST,,,,,False
2021,sa3030095,Ben Dellacono,HC,,,,,False
2024,sa3030640,Ben Dukes,RICE,,,,,False
2021,sa3020820,Ben Ethridge,USM,,,,,False
2022,sa3031268,Ben Fero,STBK,,,,,False
2023,sa3031268,Ben Fero,STBK,,,,,False
2022,sa3031272,Ben Ferrer,ORST,,,,,False
2021,sa3031272,Ben Ferrer,UPST,,,,,False
2024,sa3031308,Ben Fierenzi,LIU,,,,,False
2025,sa3031308,Ben Fierenzi,LIU,,,,,False
2022,sa3031396,Ben Fitzgerald,UCI,,,,,False
2021,sa3031396,Ben Fitzgerald,UL,,,,,False
2023,sa3032076,Ben Gbur,CREI,,,,,False
2021,sa3032142,Ben Gerl,NKU,,,,,False
2022,sa3032142,Ben Gerl,NKU,,,,,False
2023,sa3032142,Ben Gerl,NKU,,,,,False
2024,sa3032142,Ben Gerl,NKU,,,,,False
2025,sa3032539,Ben Grable,IU,11.0,344.0,New York Yankees,university of indiana,True
2024,sa3032710,Ben Griffin,CSUN,,,,,False
2022,sa3032796,Ben Grunberg,LMU,,,,,False
2021,sa3033108,Ben Hampton,WVU,,,,,False
2022,sa3033108,Ben Hampton,WVU,,,,,False
2023,sa3033108,Ben Hampton,WVU,,,,,False
2023,sa3033152,Ben Hansen,BYU,,,,,False
2024,sa3033152,Ben Hansen,BYU,20.0,597.0,Boston Red Sox,brigham young university,True
2024,sa3033234,Ben Harmon,LR,,,,,False
2024,sa3025364,Ben Hartl,KU,14.0,435.0,Texas Rangers,university of kansas,True
2024,sa3033725,Ben Hess,ALA,1.0,26.0,New York Yankees,university of alabama,True
2025,sa3033779,Ben Higdon,USM,,,,,False
2022,sa3033783,Ben Higgins,PFW,,,,,False
2023,sa3033783,Ben Higgins,PFW,,,,,False
2024,sa3033783,Ben Higgins,PFW,,,,,False
2022,sa3034212,Ben Huber,CONN,,,,,False
2023,sa3034212,Ben Huber,CONN,,,,,False
2022,sa3034366,Ben Hutchins,CIT,,,,,False
2023,sa3034366,Ben Hutchins,CIT,,,,,False
2024,sa3034366,Ben Hutchins,CIT,,,,,False
2024,sa3034527,Ben Jacobs,ASU,,,,,False
2025,sa3034527,Ben Jacobs,ASU,3.0,98.0,Detroit Tigers,arizona state university,True
2022,sa3034710,Ben Johnson,GASO,,,,,False
2023,sa3034710,Ben Johnson,GASO,,,,,False
2024,sa3034710,Ben Johnson,GASO,17.0,512.0,Chicago Cubs,georgia southern university,True
2022,sa3034843,Ben Jones,DAY,,,,,False
2023,sa3034843,Ben Jones,DAY,,,,,False
2024,sa3034843,Ben Jones,GMU,,,,,False
2025,sa3035370,Ben Kim,FAMU,,,,,False
2023,sa3035389,Ben King,GT,,,,,False
2021,sa3035519,Ben Klutts,ARST,,,,,False
2022,sa3035519,Ben Klutts,ARST,,,,,False
2023,sa3035661,Ben Kovel,FOR,,,,,False
2021,sa3036020,Ben LaSpaluto,GWEB,,,,,False
2025,sa3059860,Ben Loyd,NIU,,,,,False
2023,sa3036689,Ben Lumsden,UTA,,,,,False
2024,sa3036689,Ben Lumsden,WVU,,,,,False
2021,sa3036819,Ben MacNaughton,LAM,,,,,False
2023,sa3036819,Ben MacNaughton,LAM,,,,,False
2022,sa3036856,Ben Magovern,BUCK,,,,,False
2023,sa3036856,Ben Magovern,BUCK,,,,,False
2025,sa3036856,Ben Magovern,BUCK,,,,,False
2021,sa3016975,Ben Malgeri,NE,18.0,525.0,Detroit Tigers,northeastern university,True
2024,sa3037131,Ben Martin,ALCN,,,,,False
2025,sa3037131,Ben Martin,ALCN,,,,,False
2022,sa3037373,Ben Maycock,HART,,,,,False
2021,sa3022601,Ben McCabe,UCF,,,,,False
2022,sa3022601,Ben McCabe,UCF,,,,,False
2023,sa3022601,Ben McCabe,UCF,9.0,262.0,Colorado Rockies,university of central florida,True
2022,sa3037468,Ben McClain,TXST,,,,,False
2023,sa3037468,Ben McClain,TXST,,,,,False
2021,sa3037644,Ben McKay,UNCO,,,,,False
2024,sa3025256,Ben McLaughlin,ARK,9.0,284.0,Arizona Diamondbacks,university of arkansas,True
2021,sa3037731,Ben McNeill,MRST,,,,,False
2022,sa3019927,Ben Metzinger,LOU,7.0,222.0,Milwaukee Brewers,university of louisville,True
2022,sa3037934,Ben Metzner,YALE,,,,,False
2024,sa3038033,Ben Miller,DUKE,,,,,False
2025,sa3038033,Ben Miller,DUKE,,,,,False
2021,sa3038033,Ben Miller,PENN,,,,,False
2022,sa3038033,Ben Miller,PENN,,,,,False
2023,sa3038033,Ben Miller,PENN,,,,,False
2025,sa3038278,Ben Moore,ODU,12.0,351.0,Washington Nationals,old dominion university,True
2022,sa3038741,Ben Nelson,MRMK,,,,,False
2023,sa3038741,Ben Nelson,MRMK,,,,,False
2021,sa3038768,Ben Nemivant,PAC,,,,,False
2022,sa3038768,Ben Nemivant,PAC,,,,,False
2023,sa3038768,Ben Nemivant,PAC,,,,,False
2022,sa3038827,Ben Newton,ECU,,,,,False
2022,sa3038828,Ben Newton,FRES,,,,,False
2023,sa3038828,Ben Newton,FRES,,,,,False
2024,sa3038828,Ben Newton,FRES,,,,,False
2025,sa3038863,Ben Niednagel,AFA,,,,,False
2022,sa3038885,Ben Nippolt,VCU,,,,,False
2021,sa3038886,Ben Nisle,PUR,,,,,False
2021,sa3038926,Ben Norman,IOWA,,,,,False
2023,sa3038935,Ben North,CREI,,,,,False
2024,sa3038935,Ben North,CREI,,,,,False
2025,sa3038935,Ben North,CREI,,,,,False
2021,sa3039127,Ben Olson,DAY,,,,,False
2022,sa3039372,Ben Palmer,SEMO,,,,,False
2024,sa3039372,Ben Palmer,SEMO,,,,,False
2024,sa3039445,Ben Parker,W&M,,,,,False
2025,sa3039445,Ben Parker,W&M,,,,,False
2021,sa3039521,Ben Patacsil,PORT,,,,,False
2022,sa3039521,Ben Patacsil,PORT,,,,,False
2023,sa3039521,Ben Patacsil,PORT,,,,,False
2024,sa3039521,Ben Patacsil,PORT,,,,,False
2024,sa3039823,Ben Petrone,LAF,,,,,False
2023,sa3039830,Ben Petschke,SAM,,,,,False
2025,sa3039999,Ben Plumley,ILL,,,,,False
2021,sa3016950,Ben Ramirez,USC,13.0,384.0,Seattle Mariners,university of southern california,True
2025,sa3040894,Ben Robichaux,SELA,,,,,False
2025,sa3041207,Ben Rounds,DUKE,,,,,False
2022,sa3041207,Ben Rounds,HARV,,,,,False
2023,sa3041207,Ben Rounds,HARV,,,,,False
2024,sa3041207,Ben Rounds,HARV,,,,,False
2023,sa3041232,Ben Royo,RICE,,,,,False
2025,sa3041232,Ben Royo,TA&M,,,,,False
2021,sa3041237,Ben Rozenblum,FIU,,,,,False
2022,sa3041237,Ben Rozenblum,USF,,,,,False
2024,sa3041237,Ben Rozenblum,USF,,,,,False
2021,sa3020178,Ben Sears,HOU,,,,,False
2022,sa3020178,Ben Sears,HOU,14.0,415.0,Kansas City Royals,university of houston,True
2022,sa3041945,Ben Seiler,SIE,,,,,False
2021,sa3017161,Ben Sems,MICH,,,,,False
2023,sa3042140,Ben Shepard,MINN,,,,,False
2023,sa3042175,Ben Shields,GMU,,,,,False
2024,sa3042262,Ben Sieracki,ELON,,,,,False
2025,sa3042415,Ben Slanker,OHIO,,,,,False
2025,sa3060600,Ben Smith,HCU,,,,,False
2021,sa3042484,Ben Smith,NDSU,,,,,False
2023,sa3042993,Ben Steck,SCU,,,,,False
2024,sa3042993,Ben Steck,SCU,,,,,False
2023,sa3043740,Ben Thompson,TROY,,,,,False
2023,sa3044355,Ben VanMaanen,UAPB,,,,,False
2025,sa3044355,Ben VanMaanen,UAPB,,,,,False
2022,sa3044468,Ben Vespi,UCF,,,,,False
2024,sa3044468,Ben Vespi,UCF,,,,,False
2024,sa3044533,Ben Vitas,CMU,,,,,False
2024,sa3044570,Ben Vore,WRST,,,,,False
2024,sa3044853,Ben Watson,VT,,,,,False
2025,sa3044853,Ben Watson,VT,,,,,False
2023,sa3044918,Ben Weber,AFA,,,,,False
2024,sa3044918,Ben Weber,AFA,,,,,False
2025,sa3044917,Ben Weber,OMA,,,,,False
2025,sa3044918,Ben Weber,XAV,,,,,False
2021,sa3045015,Ben Wereski,RUTG,,,,,False
2021,sa3045087,Ben Whetstone,MOST,,,,,False
2024,sa3045101,Ben Whiteside,BUT,,,,,False
2021,33197,Ben Williamson,W&M,,,,,False
2022,33197,Ben Williamson,W&M,,,,,False
2023,33197,Ben Williamson,W&M,2.0,57.0,Seattle Mariners,william and mary university,True
2023,sa3045376,Ben Wilmes,IOWA,,,,,False
2024,sa3045376,Ben Wilmes,IOWA,,,,,False
2025,sa3045376,Ben Wilmes,IOWA,,,,,False
2023,sa3045460,Ben Winstead,MONM,,,,,False
2023,sa3045831,Ben Zeigler-Namoa,HAW,,,,,False
2024,sa3045831,Ben Zeigler-Namoa,HAW,,,,,False
2025,sa3045831,Ben Zeigler-Namoa,HAW,,,,,False
2022,sa3027188,Benjamin Blackwell,CLEM,,,,,False
2023,sa3027188,Benjamin Blackwell,CLEM,,,,,False
2021,sa3027188,Benjamin Blackwell,DAY,,,,,False
2024,sa3032676,Benjamin Greer,ACU,,,,,False
2025,sa3032676,Benjamin Greer,ACU,,,,,False
2022,sa3045693,Benjamin Ybarra,PV,,,,,False
2021,sa3027737,Benji Brokemond,M-OH,,,,,False
2022,sa3027737,Benji Brokemond,M-OH,,,,,False
2023,sa3027737,Benji Brokemond,M-OH,,,,,False
2022,sa3028237,Benji Caggianelli,CSUB,,,,,False
2023,sa3030918,Bennett Eltoft,SIU,,,,,False
2024,sa3030918,Bennett Eltoft,SIU,,,,,False
2023,sa3031496,Bennett Flynn,DAV,,,,,False
2021,sa3017120,Bennett Hostetler,NDSU,18.0,539.0,Miami Marlins,north dakota state university,True
2021,sa3022679,Bennett Lee,TULN,,,,,False
2022,sa3022679,Bennett Lee,TULN,,,,,False
2023,sa3022679,Bennett Lee,WAKE,6.0,170.0,Detroit Tigers,wake forest university,True
2023,sa3037056,Bennett Markinson,NU,,,,,False
2024,sa3037056,Bennett Markinson,NU,,,,,False
2025,sa3037056,Bennett Markinson,NU,,,,,False
2024,sa3025451,Bennett Thompson,ORE,13.0,385.0,Cleveland Guardians,university of oregon,True
2022,sa3028587,Benny Casillas,LMU,,,,,False
2023,sa3028587,Benny Casillas,LMU,,,,,False
2024,sa3028587,Benny Casillas,LMU,,,,,False
2025,sa3028587,Benny Casillas,MICH,,,,,False
2022,sa3030932,Benny Emmons III,SFA,,,,,False
2025,sa3033669,Benny Hernandez,MVSU,,,,,False
2024,sa3041020,Benny Roebuck,KENT,,,,,False
2021,sa3042007,Benny Serrano,NIA,,,,,False
2022,sa3042007,Benny Serrano,NIA,,,,,False
2025,sa3058639,Beny Bikar,SOU,,,,,False
2023,sa3040409,Bill Ralston,SMC,,,,,False
2023,sa3025249,Billy Amick,CLEM,,,,,False
2024,sa3025249,Billy Amick,TENN,2.0,60.0,Minnesota Twins,university of tennessee,True
2022,sa3026584,Billy Barlow,CLEM,,,,,False
2024,sa3026584,Billy Barlow,CLEM,,,,,False
2022,sa3027189,Billy Black,COLU,,,,,False
2023,sa3028156,Billy Butler,URI,,,,,False
2021,29573,Billy Cook,PEPP,10.0,287.0,Baltimore Orioles,pepperdine university,True
2022,sa3029371,Billy Corcoran,PITT,,,,,False
2025,sa3031491,Billy Fluharty,BUCK,,,,,False
2022,sa3032144,Billy Gerlott,PSU,,,,,False
2023,sa3032144,Billy Gerlott,PSU,,,,,False
2021,sa3032334,Billy Godrick,TOW,,,,,False
2025,sa3033063,Billy Ham,NEV,,,,,False
2023,sa3035249,Billy Kender,BUCK,,,,,False
2024,sa3035249,Billy Kender,BUCK,,,,,False
2025,sa3035249,Billy Kender,BUCK,,,,,False
2021,sa3037052,Billy Marion,NKU,,,,,False
2023,sa3039097,Billy Oldham,USM,,,,,False
2024,sa3039097,Billy Oldham,USM,,,,,False
2024,sa3040195,Billy Price,TULN,,,,,False
2022,sa3041235,Billy Rozakis,SIE,,,,,False
2023,sa3041235,Billy Rozakis,SIE,,,,,False
2024,sa3041235,Billy Rozakis,SIE,,,,,False
2022,sa3020257,Billy Seidl,DUKE,15.0,461.0,Chicago White Sox,duke university,True
2021,sa3044235,Billy Underwood,CCU,,,,,False
2022,sa3045638,Billy Wurch,BUT,,,,,False
2025,sa3060882,Bino Watters,ND,,,,,False
2021,sa3017287,BJ Murray Jr.,FAU,15.0,454.0,Chicago Cubs,florida atlantic university,True
2021,31701,Blade Tidwell,TENN,,,,,False
2024,sa3039338,Blagen Pado,LONG,,,,,False
2025,sa3058741,Blaine Brown,RICE,,,,,False
2025,sa3059237,Blaine French,CARK,,,,,False
2023,sa3036329,Blaine Lidsky,STO,,,,,False
2024,sa3036329,Blaine Lidsky,STO,,,,,False
2021,sa3044024,Blaine Traxel,CSUN,,,,,False
2022,sa3044024,Blaine Traxel,CSUN,,,,,False
2023,sa3044024,Blaine Traxel,WVU,,,,,False
2025,sa3065062,Blaize Johnson,UNCA,,,,,False
2022,sa3020174,Blake Adams,KSU,,,,,False
2024,sa3025822,Blake Aita,KENN,6.0,177.0,Boston Red Sox,kennesaw state university,True
2023,sa3026025,Blake Anderson,ACU,,,,,False
2025,sa3026500,Blake Balsz,UCLA,,,,,False
2023,sa3026617,Blake Barquin,JAX,,,,,False
2024,sa3026617,Blake Barquin,JAX,,,,,False
2025,sa3026617,Blake Barquin,JAX,,,,,False
2023,sa3026664,Blake Barthol,CCU,,,,,False
2024,sa3026664,Blake Barthol,CCU,,,,,False
2025,sa3026664,Blake Barthol,CCU,,,,,False
2023,sa3026677,Blake Barton,BEL,,,,,False
2024,sa3026677,Blake Barton,BEL,,,,,False
2025,sa3026677,Blake Barton,BEL,,,,,False
2023,sa3027110,Blake Bevis,BALL,,,,,False
2024,sa3027110,Blake Bevis,BALL,,,,,False
2025,sa3027110,Blake Bevis,BALL,,,,,False
2024,sa3027736,Blake Brogdon,GWEB,,,,,False
2021,sa3027736,Blake Brogdon,RICE,,,,,False
2025,sa3027795,Blake Brown,SHSU,,,,,False
2023,sa3025381,Blake Burke,TENN,,,,,False
2024,sa3025381,Blake Burke,TENN,1.0,34.0,Milwaukee Brewers,university of tennessee,True
2023,sa3028103,Blake Burris,ARST,,,,,False
2024,sa3028103,Blake Burris,ARST,,,,,False
2025,sa3028184,Blake Buzzeo,M-OH,,,,,False
2025,sa3028674,Blake Cavill,TROY,,,,,False
2024,sa3028674,Blake Cavill,WKU,,,,,False
2022,sa3029412,Blake Corsentino,KSU,,,,,False
2021,sa3029478,Blake Covin,AFA,,,,,False
2022,sa3029478,Blake Covin,AFA,,,,,False
2023,sa3029478,Blake Covin,AFA,,,,,False
2025,sa3029750,Blake Cyr,FLA,,,,,False
2023,sa3029750,Blake Cyr,MIA,,,,,False
2022,sa3029816,Blake Daniels,MEM,,,,,False
2021,sa3029816,Blake Daniels,UTM,,,,,False
2021,sa3029883,Blake Davis,UTM,,,,,False
2024,sa3029965,Blake Dean,KSU,,,,,False
2022,sa3030052,Blake DeLamielleure,JAX,,,,,False
2023,sa3030052,Blake DeLamielleure,JAX,,,,,False
2025,sa3030052,Blake DeLamielleure,JAX,,,,,False
2025,sa3059113,Blake Edgmon,CHSO,,,,,False
2023,sa3031059,Blake Evans,GASO,,,,,False
2024,sa3032028,Blake Gaskey,OHIO,,,,,False
2025,sa3032028,Blake Gaskey,OHIO,,,,,False
2025,sa3032227,Blake Gillespie,CLT,,,,,False
2021,sa3033009,Blake Hall,ORU,,,,,False
2023,sa3033097,Blake Hammond,SCU,,,,,False
2024,sa3033097,Blake Hammond,SCU,15.0,436.0,Oakland Athletics,santa clara university,True
2024,sa3033571,Blake Helmstetter,FAIR,,,,,False
2021,sa3033571,Blake Helmstetter,IONA,,,,,False
2022,sa3033571,Blake Helmstetter,IONA,,,,,False
2021,sa3033575,Blake Helton,BAY,,,,,False
2023,sa3033575,Blake Helton,BAY,,,,,False
2021,sa3033579,Blake Hely,DAV,,,,,False
2022,sa3033579,Blake Hely,DAV,,,,,False
2023,sa3033579,Blake Hely,ND,,,,,False
2025,sa3034476,Blake Jacklin,ETSU,,,,,False
2023,sa3034481,Blake Jackson,CLT,,,,,False
2024,sa3034481,Blake Jackson,SC,,,,,False
2022,sa3020198,Blake Klassen,UCSB,17.0,501.0,Washington Nationals,"university of california, santa barbara",True
2023,sa3035788,Blake Kunz,SDST,,,,,False
2025,sa3065353,Blake Lobell,SELA,,,,,False
2025,sa3036818,Blake MacMillan,NU,,,,,False
2022,sa3036895,Blake Malatestinic,EIU,,,,,False
2023,sa3036895,Blake Malatestinic,EIU,,,,,False
2021,sa3037012,Blake Marabell,UNF,,,,,False
2023,sa3037132,Blake Martin,AAMU,,,,,False
2024,sa3037132,Blake Martin,AAMU,,,,,False
2024,sa3037372,Blake Mayberry,SJU,,,,,False
2021,sa3037530,Blake McCutchen,ARST,,,,,False
2023,sa3037544,Blake McDonald,SMC,,,,,False
2024,sa3037745,Blake McRae,EMU,,,,,False
2022,sa3023127,Blake Money,LSU,,,,,False
2022,sa3038359,Blake Morgan,ODU,,,,,False
2023,sa3038359,Blake Morgan,ODU,,,,,False
2025,sa3038359,Blake Morgan,ODU,19.0,567.0,Tampa Bay Rays,old dominion university,True
2025,sa3038387,Blake Morningstar,WAKE,,,,,False
2025,sa3039683,Blake Penso,UCI,,,,,False
2025,sa3060307,Blake Primrose,JOES,,,,,False
2022,sa3020008,Blake Rambusch,AUB,15.0,456.0,Seattle Mariners,auburn university,True
2025,sa3040527,Blake Reed,OHIO,,,,,False
2022,sa3020200,Blake Robertson,OU,7.0,224.0,Tampa Bay Rays,oklahoma state university,True
2025,sa3041651,Blake Schaaf,GTWN,,,,,False
2023,sa3042489,Blake Smith,SEA,,,,,False
2024,sa3042489,Blake Smith,SEA,,,,,False
2025,sa3042489,Blake Smith,SEA,,,,,False
2021,sa3042708,Blake Sodersten,CSUN,,,,,False
2022,sa3042708,Blake Sodersten,CSUN,,,,,False
2023,sa3042708,Blake Sodersten,USC,,,,,False
2021,sa3043355,Blake Sutton,HPU,,,,,False
2022,sa3043355,Blake Sutton,HPU,,,,,False
2023,sa3043355,Blake Sutton,HPU,,,,,False
2025,sa3044324,Blake Van Cleve,LR,,,,,False
2023,sa3023220,Blake Wehunt,KENN,9.0,268.0,Boston Red Sox,kennesaw state university,True
2025,sa3045386,Blake Wilson,WASH,,,,,False
2021,sa3045431,Blake Wimberley,MEM,,,,,False
2022,sa3045431,Blake Wimberley,MEM,,,,,False
2022,sa3025525,Blake Wright,CLEM,,,,,False
2023,sa3025525,Blake Wright,CLEM,,,,,False
2024,sa3025525,Blake Wright,CLEM,4.0,106.0,Colorado Rockies,clemson university,True
2021,sa3034844,Blayne Jones,DBU,,,,,False
2022,sa3034844,Blayne Jones,DBU,,,,,False
2023,sa3027067,Blayze Berry,UAB,,,,,False
2024,sa3027067,Blayze Berry,UAB,,,,,False
2023,sa3026896,Blaze Bell,UTM,,,,,False
2024,sa3026896,Blaze Bell,UTM,,,,,False
2025,sa3026896,Blaze Bell,UTM,,,,,False
2023,sa3027781,Blaze Brothers,ORU,,,,,False
2023,sa3031114,Blaze Fadio,LAF,,,,,False
2024,sa3031114,Blaze Fadio,LAF,,,,,False
2021,sa3032306,Blaze Glenn,YSU,,,,,False
2022,sa3020486,Blaze Pontes,HAW,16.0,484.0,Oakland Athletics,university of hawaii at manoa,True
2022,sa3022938,Bo Bonds,UL,13.0,398.0,Toronto Blue Jays,university of louisiana at lafayette,True
2022,sa3041315,Bo Rusher III,GWEB,,,,,False
2022,sa3045252,Bo Willis,NWST,,,,,False
2024,sa3045252,Bo Willis,NWST,,,,,False
2025,sa3045692,Bo Yaworski,CCSU,,,,,False
2021,30028,Bob Seymour,WAKE,13.0,401.0,Tampa Bay Rays,wake forest university,True
2021,sa3025857,Bobby Alcock,GWEB,,,,,False
2023,sa3025857,Bobby Alcock,GWEB,,,,,False
2025,sa3026282,Bobby Atkinson,BRAD,,,,,False
2023,sa3027232,Bobby Blandford,FRES,,,,,False
2024,sa3027232,Bobby Blandford,FRES,,,,,False
2025,sa3027232,Bobby Blandford,FRES,,,,,False
2025,sa3027420,Bobby Boser,FLA,11.0,320.0,Sacramento Athletics,university of florida,True
2023,sa3027420,Bobby Boser,USF,,,,,False
2023,sa3028879,Bobby Christy,PEPP,,,,,False
2022,sa3032734,Bobby Grimes,UIC,,,,,False
2023,sa3032734,Bobby Grimes,UIC,,,,,False
2021,sa3033478,Bobby Head,APSU,,,,,False
2024,sa3034845,Bobby Jones,EMU,,,,,False
2021,sa3035835,Bobby Lada,UL,,,,,False
2025,sa3037099,Bobby Marsh,MIA,,,,,False
2023,sa3037099,Bobby Marsh,PSU,,,,,False
2024,sa3037099,Bobby Marsh,PSU,,,,,False
2021,sa3038372,Bobby Morgensen,FAU,,,,,False
2023,sa3038958,Bobby Nowak,VAL,,,,,False
2022,sa3039122,Bobby Olsen,BRWN,,,,,False
2023,sa3039122,Bobby Olsen,BRWN,,,,,False
2025,sa3039122,Bobby Olsen,VILL,,,,,False
2022,sa3039640,Bobby Peirce,AUB,,,,,False
2023,sa3039640,Bobby Peirce,AUB,,,,,False
2025,sa3060656,Bobby Stang,DAY,,,,,False
2021,sa3044569,Bobby Voortmeyer,UVU,,,,,False
2022,sa3045067,Bobby Whalen,IU,,,,,False
2023,sa3045067,Bobby Whalen,IU,,,,,False
2024,sa3045067,Bobby Whalen,UVA,,,,,False
2024,sa3045875,Bobby Zmarzlak,GT,,,,,False
2021,sa3045875,Bobby Zmarzlak,MD,,,,,False
2022,sa3045875,Bobby Zmarzlak,MD,,,,,False
2023,sa3045875,Bobby Zmarzlak,MD,,,,,False
2025,sa3059358,Bode Grieve,LAF,,,,,False
2021,sa3038252,Boone Montgomery,UTA,,,,,False
2022,sa3038252,Boone Montgomery,UTA,,,,,False
2022,sa3039591,Boris Pena,BCU,,,,,False
2023,sa3039591,Boris Pena,BCU,,,,,False
2022,sa3037896,Boston Merila,MINN,,,,,False
2023,sa3037896,Boston Merila,MINN,,,,,False
2024,sa3037896,Boston Merila,MINN,,,,,False
2023,sa3042491,Boston Smith,WRST,,,,,False
2024,sa3042491,Boston Smith,WRST,,,,,False
2025,sa3042491,Boston Smith,WRST,6.0,171.0,Washington Nationals,wright state university,True
2025,sa3060771,Boston Torres,VMI,,,,,False
2024,sa3026424,Bowen Baker,FAIR,,,,,False
2025,sa3026424,Bowen Baker,FAIR,,,,,False
2021,sa3028027,Brad Burckel,HOU,,,,,False
2022,sa3028027,Brad Burckel,MCN,,,,,False
2023,sa3028027,Brad Burckel,MCN,,,,,False
2021,sa3028298,Brad Camarda,HOF,,,,,False
2022,sa3028298,Brad Camarda,HOF,,,,,False
2023,sa3028298,Brad Camarda,HOF,,,,,False
2022,sa3029671,Brad Cumbest,MSST,9.0,266.0,Colorado Rockies,mississippi state university,True
2021,sa3032530,Brad Goulet,AKR,,,,,False
2022,sa3032530,Brad Goulet,OAK,,,,,False
2025,sa3059338,Brad Grasser,MAN,,,,,False
2021,sa3033259,Brad Harrison,SIU,,,,,False
2021,sa3036276,Brad Levinson,FDU,,,,,False
2021,31972,Brad Lord,USF,,,,,False
2022,31972,Brad Lord,USF,18.0,531.0,Washington Nationals,university of south florida,True
2021,sa3036926,Brad Malm,ALB,,,,,False
2022,sa3036926,Brad Malm,ALB,,,,,False
2025,sa3040253,Brad Pruett,ECU,,,,,False
2022,sa3022659,Braden Barry,WVU,,,,,False
2023,sa3022659,Braden Barry,WVU,8.0,244.0,Toronto Blue Jays,west virginia university,True
2025,sa3026995,Braden Benton,NWST,,,,,False
2024,sa3027338,Braden Boisvert,UVU,,,,,False
2025,sa3058778,Braden Burress,ECU,,,,,False
2024,sa3028269,Braden Calise,UCF,,,,,False
2025,sa3028269,Braden Calise,UCF,,,,,False
2021,sa3028458,Braden Carmichael,OU,,,,,False
2023,sa3028458,Braden Carmichael,OU,,,,,False
2021,sa3029222,Braden Comeaux,RICE,,,,,False
2024,sa3029886,Braden Davis,OU,5.0,142.0,St. Louis Cardinals,university of oklahoma,True
2022,sa3030632,Braden Duhon,MCN,,,,,False
2023,sa3030632,Braden Duhon,MCN,,,,,False
2024,sa3030632,Braden Duhon,MCN,,,,,False
2023,sa3032082,Braden Gebhardt,YSU,,,,,False
2024,sa3032082,Braden Gebhardt,YSU,,,,,False
2022,sa3032371,Braden Golinski,ARMY,,,,,False
2023,sa3032371,Braden Golinski,ARMY,,,,,False
2024,sa3032371,Braden Golinski,ARMY,,,,,False
2025,sa3033951,Braden Holcomb,VAN,,,,,False
2022,sa3038253,Braden Montgomery,STAN,,,,,False
2023,sa3038253,Braden Montgomery,STAN,,,,,False
2024,sa3038253,Braden Montgomery,TA&M,1.0,12.0,Boston Red Sox,texas aandm university,True
2023,sa3038573,Braden Murphy,UNLV,,,,,False
2021,sa3017654,Braden Olthoff,TULN,9.0,261.0,Los Angeles Angels,tulane university,True
2023,sa3039231,Braden Osbolt,KENN,,,,,False
2024,sa3039231,Braden Osbolt,KENN,,,,,False
2025,sa3060347,Braden Regala,ACU,,,,,False
2024,sa3043304,Braden Sullivan,MASS,,,,,False
2025,sa3043304,Braden Sullivan,MASS,,,,,False
2021,sa3044905,Braden Webb,MEM,,,,,False
2021,sa3017508,Bradford Webb,VCU,,,,,False
2025,sa3036464,Bradke Lohry,USF,,,,,False
2022,sa3040177,Bradlee Preap,RAD,,,,,False
2023,sa3027435,Bradley Bott,UNCG,,,,,False
2022,sa3020828,Bradley Brehmer,IU,12.0,347.0,Baltimore Orioles,university of indiana,True
2021,sa3020828,Bradley Brehmer,WRST,,,,,False
2024,sa3031747,Bradley Frye,MER,,,,,False
2025,sa3031747,Bradley Frye,MER,,,,,False
2025,sa3031981,Bradley Garner,VMI,,,,,False
2021,sa3032325,Bradley Gneiting,RICE,,,,,False
2021,sa3037754,Bradley McVay,PORT,,,,,False
2025,sa3040164,Bradley Poynter,MORE,,,,,False
2021,sa3042864,Bradley Spooner,UNLV,,,,,False
2023,sa3045387,Bradley Wilson,APP,,,,,False
2024,sa3045387,Bradley Wilson,APP,,,,,False
2025,sa3045387,Bradley Wilson,APP,,,,,False
2023,sa3045815,Bradon Zastrow,ARIZ,,,,,False
2021,sa3018098,Brady Allen,SC,5.0,149.0,Miami Marlins,university of south carolina,True
2025,sa3058546,Brady Ballinger,KU,,,,,False
2024,sa3026793,Brady Bean,PORT,,,,,False
2025,sa3026793,Brady Bean,PORT,,,,,False
2024,sa3026945,Brady Bendik,NAVY,,,,,False
2025,sa3026945,Brady Bendik,NAVY,,,,,False
2025,sa3027163,Brady Birchmeier,BGSU,,,,,False
2025,sa3058686,Brady Bouchard,BING,,,,,False
2025,sa3027798,Brady Browning,UNF,,,,,False
2024,sa3027798,Brady Browning,WKU,,,,,False
2021,sa3028014,Brady Bunten,SIUE,,,,,False
2022,sa3028014,Brady Bunten,SIUE,,,,,False
2023,sa3028014,Brady Bunten,SIUE,,,,,False
2025,sa3028880,Brady Christensen,SHSU,,,,,False
2025,sa3029467,Brady Counsell,KU,10.0,303.0,Arizona Diamondbacks,university of kansas,True
2023,sa3029467,Brady Counsell,MINN,,,,,False
2024,sa3029467,Brady Counsell,MINN,,,,,False
2025,sa3029819,Brady Daniels,DSU,,,,,False
2023,sa3025200,Brady Day,KSU,,,,,False
2024,sa3025200,Brady Day,KSU,,,,,False
2022,sa3030198,Brady Desjardins,NIA,,,,,False
2023,sa3030198,Brady Desjardins,NIA,,,,,False
2024,sa3030198,Brady Desjardins,NIA,,,,,False
2024,sa3030223,Brady Dever,BRWN,,,,,False
2021,sa3030559,Brady Drawbaugh,MSM,,,,,False
2022,sa3030559,Brady Drawbaugh,MSM,,,,,False
2023,sa3030559,Brady Drawbaugh,MSM,,,,,False
2025,sa3065300,Brady Fox,UMBC,,,,,False
2025,sa3031670,Brady Frederick,ETSU,,,,,False
2022,sa3031764,Brady Fuller,TROY,,,,,False
2023,sa3031764,Brady Fuller,TROY,,,,,False
2021,sa3032846,Brady Gulakowski,LIB,,,,,False
2022,sa3032846,Brady Gulakowski,LIB,,,,,False
2024,sa3032849,Brady Gumpf,ND,,,,,False
2025,sa3032849,Brady Gumpf,ND,,,,,False
2024,sa3033073,Brady Hamilton,WICH,,,,,False
2025,sa3033073,Brady Hamilton,WICH,,,,,False
2022,sa3033500,Brady Hebert,TULN,,,,,False
2023,sa3033500,Brady Hebert,TULN,,,,,False
2023,sa3034150,Brady Houston,WIN,,,,,False
2022,sa3034235,Brady Huebbe,EMU,,,,,False
2025,sa3034851,Brady Jones,GT,,,,,False
2025,sa3035089,Brady Karp,BUCK,,,,,False
2023,sa3035099,Brady Kasper,ORST,,,,,False
2024,sa3036059,Brady Lavoie,SDSU,,,,,False
2022,sa3036328,Brady Liddle,SEA,,,,,False
2023,sa3025513,Brady Marget,TULN,,,,,False
2024,sa3025513,Brady Marget,TULN,16.0,486.0,Tampa Bay Rays,tulane university,True
2025,sa3066389,Brady Miller,BC,,,,,False
2025,sa3060037,Brady Miller,LIP,,,,,False
2021,sa3038035,Brady Miller,WMU,,,,,False
2023,sa3038035,Brady Miller,WMU,,,,,False
2024,sa3038035,Brady Miller,WMU,,,,,False
2022,sa3038628,Brady Mutz,MONM,,,,,False
2025,sa3038689,Brady Nathison,TOW,,,,,False
2025,sa3038709,Brady Neal,ALA,,,,,False
2025,sa3060167,Brady OBrien,RICH,,,,,False
2021,sa3039601,Brady Pearre,HPU,,,,,False
2025,sa3039670,Brady Pendley,GASO,,,,,False
2024,sa3040613,Brady Renck,PEPP,,,,,False
2021,sa3040616,Brady Renfro,VAL,,,,,False
2022,sa3040616,Brady Renfro,VAL,,,,,False
2023,sa3040616,Brady Renfro,VAL,,,,,False
2024,sa3040616,Brady Renfro,VAL,,,,,False
2025,sa3040650,Brady Reynolds,STAN,,,,,False
2021,sa3040968,Brady Rodriguez,SAC,,,,,False
2025,sa3060493,Brady Sasse,TOL,,,,,False
2025,sa3042061,Brady Shannon,YSU,,,,,False
2023,sa3042214,Brady Short,CCSU,,,,,False
2024,sa3042214,Brady Short,CCSU,,,,,False
2025,sa3042214,Brady Short,CCSU,,,,,False
2021,sa3042422,Brady Slavens,ARK,,,,,False
2022,sa3042422,Brady Slavens,ARK,,,,,False
2023,sa3042422,Brady Slavens,ARK,,,,,False
2025,sa3043021,Brady Steinert,MRST,,,,,False
2025,sa3060736,Brady Thomas,JVST,,,,,False
2024,sa3044198,Brady Tygart,ARK,12.0,357.0,Boston Red Sox,university of arkansas,True
2024,sa3039239,Braeden OShaughnessy,CAM,,,,,False
2022,sa3039239,Braeden OShaughnessy,YSU,,,,,False
2023,sa3039239,Braeden OShaughnessy,YSU,,,,,False
2023,sa3039746,Braeden Perry,URI,,,,,False
2025,sa3060418,Braeden Romero,MAN,,,,,False
2025,sa3042435,Braeden Sloan,TCU,17.0,514.0,Baltimore Orioles,texas christian university,True
2025,sa3043639,Braeden Terry,WASH,,,,,False
2023,sa3027191,Braedon Blackford,PFW,,,,,False
2021,sa3017332,Braiden Ward,WASH,16.0,470.0,Colorado Rockies,university of washington,True
2021,sa3017558,Branden Boissiere,ARIZ,3.0,82.0,Washington Nationals,university of arizona,True
2021,sa3029224,Branden Comia,ILL,,,,,False
2022,sa3029224,Branden Comia,ILL,,,,,False
2023,sa3029224,Branden Comia,ILL,,,,,False
2021,sa3038633,Branden Myers,SBU,,,,,False
2022,sa3038633,Branden Myers,SBU,,,,,False
2024,sa3036246,Brando Leroux,FAU,,,,,False
2025,sa3036246,Brando Leroux,FAU,,,,,False
2023,sa3026030,Brandon Anderson,LOU,,,,,False
2025,sa3026030,Brandon Anderson,PUR,,,,,False
2022,sa3026367,Brandon Backman,SJU,,,,,False
2023,sa3026420,Brandon Bak,UIC,,,,,False
2024,sa3026420,Brandon Bak,UIC,,,,,False
2025,sa3026420,Brandon Bak,UIC,,,,,False
2021,sa3026938,Brandon Bena,HCU,,,,,False
2022,sa3020797,Brandon Birdsell,TTU,5.0,143.0,Chicago Cubs,texas tech university,True
2021,sa3027335,Brandon Bohning,CSUN,,,,,False
2022,sa3027335,Brandon Bohning,CSUN,,,,,False
2025,sa3058701,Brandon Boyd,DSU,,,,,False
2021,sa3027956,Brandon Buckley,SCU,,,,,False
2022,sa3028028,Brandon Burckel,HOU,,,,,False
2023,sa3028028,Brandon Burckel,HOU,,,,,False
2024,sa3025264,Brandon Butterworth,NCSU,12.0,360.0,Colorado Rockies,nc state university,True
2023,sa3025264,Brandon Butterworth,WCU,,,,,False
2025,sa3058833,Brandon Cassedy,GMU,,,,,False
2025,sa3028743,Brandon Chang,BRWN,,,,,False
2022,sa3029036,Brandon Cleveland,NORF,,,,,False
2023,sa3029036,Brandon Cleveland,NORF,,,,,False
2024,sa3029229,Brandon Compton,ASU,,,,,False
2025,sa3029229,Brandon Compton,ASU,2.0,46.0,Miami Marlins,arizona state university,True
2021,sa3029974,Brandon Deans,OAK,,,,,False
2022,sa3030001,Brandon Decker,OAK,,,,,False
2023,sa3030001,Brandon Decker,OAK,,,,,False
2024,sa3030001,Brandon Decker,OAK,19.0,571.0,New York Yankees,oakland university,True
2021,sa3030199,Brandon Deskins,RICE,,,,,False
2021,sa3030303,Brandon Dieter,NMSU,,,,,False
2022,sa3030303,Brandon Dieter,NMSU,,,,,False
2024,sa3030530,Brandon Downer,CBU,13.0,399.0,Baltimore Orioles,california baptist university,True
2022,sa3030556,Brandon Drapeau,JOES,,,,,False
2023,sa3025243,Brandon Eike,VCU,,,,,False
2024,sa3025243,Brandon Eike,VCU,,,,,False
2022,sa3031371,Brandon Fish,UML,,,,,False
2024,sa3031371,Brandon Fish,UML,,,,,False
2025,sa3031371,Brandon Fish,UML,,,,,False
2025,sa3059210,Brandon Forrester,NMSU,,,,,False
2021,sa3031603,Brandon Fox,CCSU,,,,,False
2023,sa3032383,Brandon Gomez,SCU,,,,,False
2024,sa3032383,Brandon Gomez,SCU,,,,,False
2025,sa3032383,Brandon Gomez,SCU,,,,,False
2024,sa3032382,Brandon Gomez,UMES,,,,,False
2025,sa3032382,Brandon Gomez,UMES,,,,,False
2022,sa3032696,Brandon Greim,SF,,,,,False
2022,sa3032959,Brandon Hager,ARST,,,,,False
2023,sa3032959,Brandon Hager,ARST,,,,,False
2025,sa3033380,Brandon Haston,JKST,,,,,False
2022,sa3033532,Brandon Heidal,OAK,,,,,False
2023,sa3033532,Brandon Heidal,OAK,,,,,False
2024,sa3033532,Brandon Heidal,OAK,,,,,False
2021,sa3034354,Brandon Husdon,ARST,,,,,False
2021,sa3034389,Brandon Hylton,STET,,,,,False
2025,sa3062862,Brandon King,UTM,,,,,False
2021,sa3035952,Brandon Lankford,UNCA,,,,,False
2022,sa3036016,Brandon Lashley,STBK,,,,,False
2022,sa3036390,Brandon Little,UAPB,,,,,False
2023,sa3036390,Brandon Little,UAPB,,,,,False
2021,sa3036419,Brandon Llewellyn,PEPP,,,,,False
2022,sa3036419,Brandon Llewellyn,PEPP,,,,,False
2023,sa3036419,Brandon Llewellyn,PEPP,,,,,False
2023,sa3036691,Brandon Luna,UVU,,,,,False
2024,sa3036839,Brandon Madrigal,COLU,,,,,False
2021,sa3037742,Brandon McPherson,NIU,,,,,False
2023,sa3037742,Brandon McPherson,NIU,,,,,False
2025,sa3038000,Brandon Mikos,YSU,,,,,False
2021,sa3038161,Brandon Mitchell,UNO,,,,,False
2022,sa3038161,Brandon Mitchell,UNO,,,,,False
2023,sa3038161,Brandon Mitchell,UNO,,,,,False
2022,sa3038473,Brandon Motheral,PAC,,,,,False
2022,sa3038722,Brandon Neely,FLA,,,,,False
2024,sa3038722,Brandon Neely,FLA,3.0,86.0,Boston Red Sox,university of florida,True
2023,sa3038878,Brandon Nigh,OAK,,,,,False
2024,sa3038878,Brandon Nigh,OAK,,,,,False
2025,sa3038878,Brandon Nigh,OAK,,,,,False
2021,sa3039766,Brandon Petersen,WMU,,,,,False
2024,sa3039767,Brandon Peterson,NJIT,,,,,False
2025,sa3039767,Brandon Peterson,NJIT,,,,,False
2022,sa3039930,Brandon Pimentel,RGV,,,,,False
2023,sa3039930,Brandon Pimentel,RGV,,,,,False
2024,sa3040218,Brandon Prince,MER,,,,,False
2024,sa3041472,Brandon Sanchez,UNCO,,,,,False
2025,sa3041472,Brandon Sanchez,UNCO,,,,,False
2022,sa3020751,Brandon Schaeffer,UNC,18.0,546.0,Seattle Mariners,university of north carolina,True
2024,sa3042257,Brandon Siegenthaler,GW,,,,,False
2023,sa3042320,Brandon Simon,UAPB,,,,,False
2022,sa3042496,Brandon Smith,MSST,,,,,False
2022,sa3023499,Brandon Sproat,FLA,3.0,90.0,New York Mets,university of florida,True
2023,sa3023499,Brandon Sproat,FLA,2.0,56.0,New York Mets,university of florida,True
2023,sa3042901,Brandon Stahlman,CLT,,,,,False
2024,sa3042901,Brandon Stahlman,CLT,,,,,False
2025,sa3062686,Brandon Stone,SC,,,,,False
2022,sa3043484,Brandon Talley,UL,,,,,False
2022,sa3044114,Brandon Tucker,NKU,,,,,False
2021,sa3044218,Brandon Uhse,HOU,,,,,False
2022,sa3044218,Brandon Uhse,HOU,,,,,False
2023,sa3044218,Brandon Uhse,HOU,,,,,False
2021,sa3020589,Brandon White,WSU,12.0,359.0,Miami Marlins,washington state university,True
2022,sa3045369,Brandon Willoughby,UAB,,,,,False
2021,sa3045805,Brandon Zaragoza,OU,,,,,False
2021,sa3026892,Brandt Belk,MIZ,,,,,False
2022,sa3026892,Brandt Belk,SC,,,,,False
2023,sa3043741,Brandt Thompson,MOST,,,,,False
2024,sa3043741,Brandt Thompson,MOST,17.0,501.0,St. Louis Cardinals,missouri state university,True
2024,sa3030687,Brandyn Durand,BRY,,,,,False
2025,sa3030687,Brandyn Durand,BRY,,,,,False
2021,33568,Brandyn Garcia,QUIN,,,,,False
2022,33568,Brandyn Garcia,QUIN,,,,,False
2021,sa3017814,Brannon Jordan,SC,9.0,267.0,Milwaukee Brewers,university of south carolina,True
2023,sa3025834,Brant Alazaus,XAV,,,,,False
2025,sa3026739,Brant Baughcum,MER,,,,,False
2021,sa3032313,Brant Glidewell,SIUE,,,,,False
2022,sa3032313,Brant Glidewell,SIUE,,,,,False
2021,30133,Brant Hurter,GT,7.0,195.0,Detroit Tigers,georgia institute of technology,True
2025,sa3044584,Brant Voth,UAPB,,,,,False
2022,sa3029744,Brantley Cutler,UMES,,,,,False
2023,sa3029744,Brantley Cutler,UMES,,,,,False
2025,sa3044091,Brantley Truitt,UNCG,,,,,False
2025,sa3036391,Branton Little,WOF,,,,,False
2023,sa3023303,Braxton Bragg,DBU,8.0,241.0,Baltimore Orioles,dallas baptist university,True
2024,sa3028916,Braxton Church,APP,,,,,False
2025,sa3028916,Braxton Church,APP,,,,,False
2022,sa3030514,Braxton Douthit,LAM,,,,,False
2023,sa3030514,Braxton Douthit,OU,,,,,False
2021,29704,Braxton Fulford,TTU,6.0,170.0,Colorado Rockies,texas tech university,True
2021,sa3035201,Braxton Kelly,OHIO,,,,,False
2022,sa3035201,Braxton Kelly,OHIO,,,,,False
2024,sa3042128,Braxton Shelton,UAB,,,,,False
2025,sa3042128,Braxton Shelton,UAB,,,,,False
2025,sa3058541,Brayden Bakes,ILST,,,,,False
2025,sa3058932,Brayden Corn,WCU,15.0,452.0,Seattle Mariners,western carolina university,True
2024,sa3030520,Brayden Dowd,USC,,,,,False
2025,sa3030520,Brayden Dowd,USC,,,,,False
2025,sa3030827,Brayden Eftink,MVSU,,,,,False
2023,sa3030848,Brayden Eidson,KENN,,,,,False
2024,sa3030848,Brayden Eidson,KENN,,,,,False
2024,sa3031060,Brayden Evans,LAM,,,,,False
2025,sa3031060,Brayden Evans,LAM,,,,,False
2025,sa3059220,Brayden Fraasman,NCSU,,,,,False
2023,sa3034106,Brayden Horton,LIB,,,,,False
2024,sa3034106,Brayden Horton,LIB,,,,,False
2022,sa3022434,Brayden Jobert,LSU,,,,,False
2023,sa3022434,Brayden Jobert,LSU,12.0,365.0,St. Louis Cardinals,louisiana state university,True
2021,sa3034713,Brayden Johnson,PV,,,,,False
2022,sa3034713,Brayden Johnson,PV,,,,,False
2025,sa3034713,Brayden Johnson,PV,,,,,False
2025,sa3035792,Brayden Kuriger,YSU,,,,,False
2025,sa3059797,Brayden Leonard,VILL,,,,,False
2024,sa3037063,Brayden Marks,BRAD,,,,,False
2025,sa3037063,Brayden Marks,BRAD,,,,,False
2024,sa3037139,Brayden Martin,MD,,,,,False
2025,sa3037139,Brayden Martin,MD,,,,,False
2023,sa3040792,Brayden Risedorph,IU,,,,,False
2024,sa3041367,Brayden Ryan,MRMK,,,,,False
2024,sa3042335,Brayden Simpson,HPU,,,,,False
2025,sa3042335,Brayden Simpson,HPU,,,,,False
2025,sa3060601,Brayden Smith,OKST,13.0,394.0,Baltimore Orioles,oklahoma state university,True
2021,sa3022921,Brayden Taylor,TCU,,,,,False
2022,sa3022921,Brayden Taylor,TCU,,,,,False
2023,sa3022921,Brayden Taylor,TCU,1.0,19.0,Tampa Bay Rays,texas christian university,True
2023,sa3045102,Brayden White,TOL,,,,,False
2024,sa3045102,Brayden White,TOL,,,,,False
2025,sa3045102,Brayden White,TOL,,,,,False
2021,sa3025970,Braydon Altorfer,AFA,,,,,False
2022,sa3025970,Braydon Altorfer,AFA,,,,,False
2022,sa3030422,Braydon Dolbashian,MRMK,,,,,False
2023,sa3030422,Braydon Dolbashian,MRMK,,,,,False
2024,sa3030422,Braydon Dolbashian,MRMK,,,,,False
2024,sa3032605,Braydon Gray,STO,,,,,False
2022,sa3041306,Braydon Runion,UNM,,,,,False
2023,sa3041306,Braydon Runion,UNM,,,,,False
2023,sa3041886,Braydon Seaburg,QUIN,,,,,False
2022,sa3044113,Braydon Tucker,IU,,,,,False
2023,sa3044113,Braydon Tucker,LIP,,,,,False
2022,sa3044903,Braydon Webb,ARK,,,,,False
2025,sa3045573,Braydon Wooldridge,UCD,,,,,False
2023,sa3042396,Brayland Skinner,MEM,,,,,False
2025,sa3065261,Braylen Blomquist,WRST,,,,,False
2021,sa3022671,Braylen Wimmer,SC,,,,,False
2022,sa3022671,Braylen Wimmer,SC,18.0,542.0,Philadelphia Phillies,university of south carolina,True
2023,sa3022671,Braylen Wimmer,SC,8.0,232.0,Colorado Rockies,university of south carolina,True
2024,sa3039298,Braylon Owens,UTSA,,,,,False
2025,sa3039298,Braylon Owens,UTSA,10.0,305.0,Milwaukee Brewers,university of texas at san antonio,True
2021,sa3034342,Brayson Hurdsman,UTAH,,,,,False
2023,sa3027797,Brayton Brown,UAB,,,,,False
2024,sa3027797,Brayton Brown,UAB,,,,,False
2023,sa3030844,Breck Eichelberger,ACU,,,,,False
2022,sa3038964,Breck Nowik,UIC,,,,,False
2023,sa3038964,Breck Nowik,UIC,,,,,False
2025,sa3038658,Breckin Nace,RAD,,,,,False
2022,sa3033198,Brelon Harden,FDU,,,,,False
2025,sa3065771,Brendan Asher,ORU,,,,,False
2021,sa3026792,Brendan Bean,PENN,,,,,False
2021,sa3020680,Brendan Beck,STAN,2.0,55.0,New York Yankees,stanford university,True
2022,sa3027296,Brendan Bobo,CSUF,,,,,False
2023,sa3027296,Brendan Bobo,CSUF,,,,,False
2024,sa3027296,Brendan Bobo,LMU,,,,,False
2021,sa3027747,Brendan Brooks,UNLV,,,,,False
2024,sa3028057,Brendan Burke,NORF,,,,,False
2025,sa3028057,Brendan Burke,NORF,,,,,False
2024,sa3028277,Brendan Callanan,IONA,,,,,False
2025,sa3028277,Brendan Callanan,IONA,,,,,False
2021,sa3017549,Brendan Collins,UNCG,17.0,503.0,Washington Nationals,university of north carolina at greensboro,True
2025,sa3058916,Brendan Conner,UAB,,,,,False
2022,sa3029674,Brendan Cumming,PRIN,,,,,False
2023,sa3029674,Brendan Cumming,PRIN,,,,,False
2021,sa3030505,Brendan Dougherty,BRAD,,,,,False
2024,sa3025268,Brendan Durfee,UCSB,,,,,False
2025,sa3059401,Brendan Hamlin,UAPB,,,,,False
2024,sa3033260,Brendan Harrity,WMU,,,,,False
2025,sa3033260,Brendan Harrity,WMU,,,,,False
2025,sa3033973,Brendan Holland,UML,,,,,False
2022,sa3034085,Brendan Hord,EVAN,,,,,False
2023,sa3034085,Brendan Hord,EVAN,,,,,False
2024,sa3034085,Brendan Hord,EVAN,,,,,False
2021,sa3034241,Brendan Hueth,JOES,,,,,False
2022,sa3034241,Brendan Hueth,JOES,,,,,False
2022,sa3034848,Brendan Jones,HC,,,,,False
2023,sa3034848,Brendan Jones,HC,,,,,False
2025,sa3034848,Brendan Jones,HC,,,,,False
2023,sa3025253,Brendan Jones,KSU,,,,,False
2024,sa3025253,Brendan Jones,KSU,,,,,False
2021,sa3034961,Brendan Joyce,NIU,,,,,False
2024,sa3035481,Brendan Kleiman,EMU,,,,,False
2025,sa3035481,Brendan Kleiman,EMU,,,,,False
2025,sa3059769,Brendan Lawson,FLA,,,,,False
2022,sa3036611,Brendan Lowery,BUCK,,,,,False
2021,sa3037780,Brendan Medoro,FDU,,,,,False
2022,sa3037780,Brendan Medoro,FDU,,,,,False
2023,sa3037780,Brendan Medoro,FDU,,,,,False
2024,sa3039050,Brendan ODonnell,JMU,,,,,False
2022,sa3039050,Brendan ODonnell,RID,,,,,False
2023,sa3039050,Brendan ODonnell,RID,,,,,False
2022,sa3039539,Brendan Pattermann,STBK,,,,,False
2021,sa3040847,Brendan Rivoli,UVA,,,,,False
2021,sa3041366,Brendan Ryan,AMCC,,,,,False
2022,sa3041366,Brendan Ryan,AMCC,,,,,False
2023,sa3041366,Brendan Ryan,AMCC,,,,,False
2021,sa3042154,Brendan Sher,IOWA,,,,,False
2022,sa3042154,Brendan Sher,IOWA,,,,,False
2021,sa3042493,Brendan Smith,IONA,,,,,False
2024,sa3043325,Brendan Summerhill,ARIZ,,,,,False
2025,sa3043325,Brendan Summerhill,ARIZ,1.0,42.0,Tampa Bay Rays,university of arizona,True
2022,sa3019966,Brendan Tinsman,WAKE,20.0,598.0,Los Angeles Angels,wake forest university,True
2024,sa3045254,Brendan Williams,UML,,,,,False
2024,sa3045666,Brendan Yagesh,MSM,,,,,False
2022,sa3026178,Brenden Argomaniz,RICH,,,,,False
2023,sa3026178,Brenden Argomaniz,RICH,,,,,False
2021,sa3035258,Brenden Kennedy,MSM,,,,,False
2022,sa3036590,Brenden Lovell,WMU,,,,,False
2024,sa3039260,Brenden OSullivan,UNLV,,,,,False
2025,sa3039260,Brenden OSullivan,UNLV,,,,,False
2022,sa3040947,Brenden Roder,OHIO,,,,,False
2025,sa3043220,Brenden Stressler,SLU,,,,,False
2024,sa3045388,Brendon Wilson,SPU,,,,,False
2021,sa3043123,Brendyn Stillman,SBU,,,,,False
2021,sa3027629,Brennan Breaux,UL,,,,,False
2024,sa3030592,Brennan DuBose,MEM,,,,,False
2025,sa3062591,Brennan Eager,ULM,,,,,False
2022,sa3032193,Brennan Gick,NKU,,,,,False
2024,sa3034020,Brennan Holt,USA,,,,,False
2025,sa3034020,Brennan Holt,USA,,,,,False
2024,sa3034227,Brennan Hudson,GAST,,,,,False
2025,sa3059560,Brennan Hyde,RUTG,,,,,False
2023,sa3035875,Brennan Lambert,TULN,,,,,False
2021,sa3037520,Brennan McCullough,MUR,,,,,False
2022,sa3037520,Brennan McCullough,MUR,,,,,False
2023,sa3037520,Brennan McCullough,MUR,,,,,False
2023,sa3037526,Brennan McCune,TOL,,,,,False
2022,sa3019974,Brennan Milone,ORE,,,,,False
2022,sa3039160,Brennan ONeill,HALL,,,,,False
2023,sa3039160,Brennan ONeill,HALL,,,,,False
2022,sa3022570,Brennan Orf,SIUE,,,,,False
2023,sa3022570,Brennan Orf,SIUE,13.0,394.0,Toronto Blue Jays,southern illinois university,True
2024,sa3041219,Brennan Rowe,NKU,,,,,False
2025,sa3041219,Brennan Rowe,NKU,,,,,False
2021,sa3041236,Brennan Rozell,LBSU,,,,,False
2021,sa3043279,Brennan Stuprich,SELA,,,,,False
2023,sa3043279,Brennan Stuprich,SELA,,,,,False
2024,sa3043279,Brennan Stuprich,SELA,,,,,False
2025,sa3043279,Brennan Stuprich,SELA,14.0,434.0,New York Yankees,southeastern louisiana university,True
2021,sa3026475,Brennen Bales,HCU,,,,,False
2022,sa3026475,Brennen Bales,HCU,,,,,False
2023,sa3026475,Brennen Bales,OMA,,,,,False
2023,sa3030483,Brennen Dorighi,IOWA,,,,,False
2022,sa3030483,Brennen Dorighi,WOF,,,,,False
2022,sa3038937,Brennen Norton,JVST,,,,,False
2023,sa3038937,Brennen Norton,JVST,,,,,False
2024,sa3038937,Brennen Norton,JVST,,,,,False
2024,sa3039308,Brennen Oxford,FSU,,,,,False
2024,sa3029747,Brennyn Cutts,INST,,,,,False
2025,sa3059570,Brent Iredale,ARK,7.0,203.0,Pittsburgh Pirates,university of arkansas,True
2021,sa3043617,Brent Teller,RUTG,,,,,False
2021,sa3043884,Brent Todys,OSU,,,,,False
2022,sa3043884,Brent Todys,OSU,,,,,False
2021,sa3045170,Brent Widder,EVAN,,,,,False
2022,sa3045170,Brent Widder,EVAN,,,,,False
2023,sa3045170,Brent Widder,EVAN,,,,,False
2024,sa3045170,Brent Widder,EVAN,,,,,False
2024,sa3031374,Brenton Fisher,LONG,,,,,False
2021,sa3039861,Brenton Phillips,OAK,,,,,False
2022,sa3039861,Brenton Phillips,OAK,,,,,False
2021,sa3040070,Breon Pooler,ALST,,,,,False
2022,sa3040070,Breon Pooler,ALST,,,,,False
2023,sa3037912,Bret Mersman,JKST,,,,,False
2021,sa3038734,Bret Neilan,STET,,,,,False
2022,sa3025808,Brett Ahalt,GMU,,,,,False
2023,sa3025808,Brett Ahalt,HPU,,,,,False
2025,sa3025808,Brett Ahalt,TOW,,,,,False
2025,sa3058550,Brett Barber,UNCO,,,,,False
2022,sa3019975,Brett Barrera,STAN,8.0,250.0,New York Yankees,stanford university,True
2022,sa3022603,Brett Bateman,MINN,,,,,False
2023,sa3022603,Brett Bateman,MINN,8.0,236.0,Chicago Cubs,university of minnesota,True
2021,sa3027359,Brett Bonar,OMA,,,,,False
2022,sa3028245,Brett Cain,RGV,,,,,False
2021,sa3022927,Brett Callahan,JOES,,,,,False
2022,sa3022927,Brett Callahan,JOES,,,,,False
2023,sa3022927,Brett Callahan,JOES,13.0,380.0,Detroit Tigers,st. joseph's university,True
2021,sa3028694,Brett Centracchio,UNC,,,,,False
2021,sa3029120,Brett Coker,MTSU,,,,,False
2022,sa3029120,Brett Coker,MTSU,,,,,False
2023,sa3029120,Brett Coker,MTSU,,,,,False
2022,sa3029295,Brett Cook,VMI,,,,,False
2023,sa3029295,Brett Cook,VMI,,,,,False
2024,sa3029295,Brett Cook,VMI,,,,,False
2023,sa3029710,Brett Curran,COPP,,,,,False
2023,sa3030305,Brett Dietrich,AKR,,,,,False
2022,sa3030998,Brett Erwin,ME,,,,,False
2021,sa3030998,Brett Erwin,UCD,,,,,False
2021,sa3020110,Brett Gillis,PORT,,,,,False
2022,sa3020110,Brett Gillis,PORT,9.0,283.0,Houston Astros,university of portland,True
2022,sa3032536,Brett Graber,SEMO,,,,,False
2023,sa3032536,Brett Graber,SEMO,,,,,False
2022,sa3032955,Brett Hagen,OAK,,,,,False
2021,sa3033095,Brett Hammit,ACU,,,,,False
2022,sa3033095,Brett Hammit,ACU,,,,,False
2021,29788,Brett Harris,GONZ,7.0,218.0,Oakland Athletics,gonzaga university,True
2021,sa3019869,Brett Johnson,SIUE,,,,,False
2022,sa3019869,Brett Johnson,SIUE,10.0,288.0,Arizona Diamondbacks,southern illinois university edwardsville,True
2024,sa3034714,Brett Johnson,UNCA,,,,,False
2021,sa3017390,Brett Kerry,SC,5.0,141.0,Los Angeles Angels,university of south carolina,True
2024,sa3035953,Brett Lanman,ACU,,,,,False
2025,sa3035953,Brett Lanman,ACU,,,,,False
2023,sa3036249,Brett Lesher,DEL,,,,,False
2024,sa3036249,Brett Lesher,DEL,,,,,False
2025,sa3036249,Brett Lesher,DEL,,,,,False
2022,sa3038132,Brett Minnich,TA&M,,,,,False
2021,sa3039564,Brett Paulsen,STBK,,,,,False
2022,sa3039564,Brett Paulsen,STBK,,,,,False
2023,sa3039564,Brett Paulsen,STBK,,,,,False
2024,sa3039564,Brett Paulsen,STBK,,,,,False
2024,sa3040107,Brett Porthan,UTAH,,,,,False
2024,sa3040617,Brett Renfrow,VT,,,,,False
2025,sa3040617,Brett Renfrow,VT,,,,,False
2022,sa3019926,Brett Roberts,FSU,16.0,472.0,Miami Marlins,florida state university,True
2021,sa3019926,Brett Roberts,TNTC,,,,,False
2025,sa3060412,Brett Rogers,MTSU,,,,,False
2022,sa3041327,Brett Russell,UNM,,,,,False
2024,sa3041327,Brett Russell,UNM,,,,,False
2024,sa3041892,Brett Sears,NEB,,,,,False
2021,sa3041892,Brett Sears,WIU,,,,,False
2024,sa3041946,Brett Seils,TOW,,,,,False
2022,sa3042908,Brett Stallings,GMU,,,,,False
2023,sa3042908,Brett Stallings,GMU,,,,,False
2025,sa3042940,Brett Stanley,EIU,,,,,False
2024,sa3042940,Brett Stanley,YSU,,,,,False
2025,sa3044563,Brett Vondohlen,MTSU,,,,,False
2021,sa3044576,Brett Vosik,KU,,,,,False
2021,sa3044655,Brett Walker,ORE,,,,,False
2022,sa3044655,Brett Walker,TCU,,,,,False
2023,sa3023366,Brett Wichrowski,BRY,13.0,392.0,Milwaukee Brewers,bryant university,True
2023,sa3045596,Brett Wozniak,HPU,,,,,False
2024,sa3045596,Brett Wozniak,HPU,,,,,False
2024,sa3045726,Brett Young,GW,,,,,False
2022,sa3045726,Brett Young,SIE,,,,,False
2025,sa3060695,Breyllin Suriel,INST,,,,,False
2022,sa3029377,Brian Cordell,UMES,,,,,False
2023,sa3029377,Brian Cordell,UMES,,,,,False
2025,sa3029705,Brian Curley,UGA,3.0,92.0,Arizona Diamondbacks,university of georgia,True
2024,sa3029705,Brian Curley,VCU,,,,,False
2022,sa3029948,Brian Dawson,ARMY,,,,,False
2021,sa3030133,Brian Dempsey,BC,,,,,False
2024,sa3030527,Brian Dowling,HARV,,,,,False
2025,sa3030527,Brian Dowling,HARV,,,,,False
2024,sa3030697,Brian Duroff,SMC,,,,,False
2025,sa3030697,Brian Duroff,SMC,,,,,False
2021,sa3030787,Brian Edgington,ELON,,,,,False
2022,sa3030787,Brian Edgington,ELON,,,,,False
2023,sa3030787,Brian Edgington,UVA,,,,,False
2021,sa3030893,Brian Ellis,FGCU,,,,,False
2022,sa3030893,Brian Ellis,FGCU,,,,,False
2023,sa3030893,Brian Ellis,FGCU,,,,,False
2022,sa3031745,Brian Fry,TOL,,,,,False
2023,sa3031745,Brian Fry,TOL,,,,,False
2021,sa3031755,Brian Fuentes,INST,,,,,False
2021,sa3032522,Brian Goulard,HOF,,,,,False
2022,sa3032866,Brian Gursky,UVA,,,,,False
2021,sa3033319,Brian Hart,MRST,,,,,False
2022,sa3033319,Brian Hart,MRST,,,,,False
2023,sa3033319,Brian Hart,MRST,,,,,False
2023,sa3033507,Brian Heckelman,TOW,,,,,False
2024,sa3033507,Brian Heckelman,TOW,,,,,False
2025,sa3033507,Brian Heckelman,TOW,,,,,False
2021,sa3023525,Brian Hendry,SJU,,,,,False
2021,sa3033713,Brian Herrmann,STBK,,,,,False
2024,sa3033970,Brian Holiday,OKST,3.0,80.0,St. Louis Cardinals,oklahoma state university,True
2023,sa3022591,Brian Kalmer,GONZ,18.0,536.0,Chicago Cubs,gonzaga university,True
2021,sa3036237,Brian Leonhardt,SDSU,,,,,False
2022,sa3036237,Brian Leonhardt,SDSU,,,,,False
2022,sa3037423,Brian McAuliffe,WKU,,,,,False
2025,sa3037474,Brian McClellin,PAC,,,,,False
2021,sa3038279,Brian Moore,LIP,,,,,False
2022,sa3038393,Brian Morrell,HOF,,,,,False
2023,sa3038393,Brian Morrell,HOF,,,,,False
2022,sa3038858,Brian Nicolas,COPP,,,,,False
2023,sa3038858,Brian Nicolas,COPP,,,,,False
2023,sa3038995,Brian OBoyle,LIU,,,,,False
2025,sa3060203,Brian Panneton,TAR,,,,,False
2022,sa3039704,Brian Perez,BCU,,,,,False
2021,sa3040492,Brian Raymond,WIU,,,,,False
2022,sa3040492,Brian Raymond,WIU,,,,,False
2024,sa3040596,Brian Reinke,RICH,,,,,False
2023,sa3041492,Brian Sanders,FDU,,,,,False
2024,sa3041492,Brian Sanders,FDU,,,,,False
2021,sa3042393,Brian Skettini,RID,,,,,False
2022,sa3042393,Brian Skettini,RID,,,,,False
2023,sa3042393,Brian Skettini,RID,,,,,False
2024,sa3042393,Brian Skettini,RID,,,,,False
2024,sa3043205,Brian Strange,SEMO,,,,,False
2025,sa3044742,Brian Walters,MIA,8.0,251.0,Philadelphia Phillies,university of miami,True
2021,sa3045255,Brian Williams,TXSO,,,,,False
2022,sa3045255,Brian Williams,TXSO,,,,,False
2022,sa3045706,Brian Yetter,MRST,,,,,False
2023,sa3045706,Brian Yetter,MRST,,,,,False
2023,sa3045727,Brian Young,RID,,,,,False
2024,sa3045727,Brian Young,RID,,,,,False
2025,sa3045727,Brian Young,RID,,,,,False
2021,sa3045801,Brian Zapp,M-OH,,,,,False
2022,sa3045801,Brian Zapp,M-OH,,,,,False
2023,sa3045801,Brian Zapp,M-OH,,,,,False
2021,sa3045835,Brian Zeldin,PENN,,,,,False
2024,sa3045835,Brian Zeldin,UGA,,,,,False
2022,sa3037134,Brice Martinez,WOF,,,,,False
2023,sa3037134,Brice Martinez,WOF,,,,,False
2024,sa3037134,Brice Martinez,WOF,,,,,False
2021,33280,Brice Matthews,NEB,,,,,False
2022,33280,Brice Matthews,NEB,,,,,False
2023,33280,Brice Matthews,NEB,,,,,False
2023,sa3041360,Briggs Rutter,MTSU,,,,,False
2024,sa3041360,Briggs Rutter,MTSU,,,,,False
2022,sa3043546,Brighton Taylor,SPU,,,,,False
2021,sa3035538,Briley Knight,PORT,,,,,False
2022,sa3035538,Briley Knight,PORT,,,,,False
2023,sa3035538,Briley Knight,PORT,,,,,False
2025,sa3028520,Bristol Carter,AUB,,,,,False
2024,sa3028520,Bristol Carter,ECU,,,,,False
2021,sa3038444,Broc Mortensen,UCSB,,,,,False
2022,sa3038444,Broc Mortensen,UCSB,,,,,False
2023,sa3038444,Broc Mortensen,UCSB,,,,,False
2024,sa3039490,Broc Parmer,UTSA,,,,,False
2021,sa3026026,Brock Anderson,MUR,,,,,False
2022,sa3026028,Brock Anderson,NDSU,,,,,False
2021,sa3028116,Brock Burton,GCU,,,,,False
2022,sa3030785,Brock Edge,UNF,,,,,False
2021,sa3031639,Brock Franks,PITT,,,,,False
2022,sa3031639,Brock Franks,PITT,,,,,False
2021,sa3031816,Brock Gagliardi,ODU,,,,,False
2022,sa3031816,Brock Gagliardi,ODU,,,,,False
2022,sa3032239,Brock Gillis,PORT,,,,,False
2023,sa3032239,Brock Gillis,PORT,,,,,False
2021,sa3020190,Brock Jones,STAN,,,,,False
2022,sa3020190,Brock Jones,STAN,2.0,65.0,Tampa Bay Rays,stanford university,True
2024,sa3035557,Brock Knoerr,SFA,,,,,False
2025,sa3036630,Brock Lucas,MIZ,,,,,False
2024,sa3036684,Brock Lummus,WIU,,,,,False
2025,sa3036684,Brock Lummus,WIU,,,,,False
2021,sa3037299,Brock Mathis,OKST,,,,,False
2025,sa3037877,Brock Mercado,UNCA,,,,,False
2023,sa3038618,Brock Murtha,NAVY,,,,,False
2024,sa3038618,Brock Murtha,NAVY,,,,,False
2025,sa3038618,Brock Murtha,NAVY,,,,,False
2021,sa3038632,Brock Myers,TNTC,,,,,False
2022,sa3038632,Brock Myers,TNTC,,,,,False
2025,sa3039738,Brock Perreira,CSUB,,,,,False
2022,sa3022432,Brock Rodden,WICH,10.0,304.0,Oakland Athletics,wichita state university,True
2023,sa3022432,Brock Rodden,WICH,5.0,160.0,Seattle Mariners,wichita state university,True
2025,sa3060433,Brock Roundy,UTU,,,,,False
2021,sa3041261,Brock Rudy,UTAH,,,,,False
2025,sa3060741,Brock Thompson,OKST,,,,,False
2022,sa3025171,Brock Tibbitts,IU,,,,,False
2023,sa3025171,Brock Tibbitts,IU,,,,,False
2024,sa3025171,Brock Tibbitts,IU,13.0,397.0,Toronto Blue Jays,university of indiana,True
2022,sa3022537,Brock Vradenburg,MSU,,,,,False
2023,sa3022537,Brock Vradenburg,MSU,3.0,78.0,Miami Marlins,michigan state university,True
2021,sa3044845,Brock Watkins,BYU,,,,,False
2022,sa3044845,Brock Watkins,BYU,,,,,False
2025,sa3044845,Brock Watkins,BYU,,,,,False
2022,sa3044959,Brock Weirather,RICH,,,,,False
2023,sa3044959,Brock Weirather,RICH,,,,,False
2021,sa3022499,Brock Wilken,WAKE,,,,,False
2022,sa3022499,Brock Wilken,WAKE,,,,,False
2023,sa3022499,Brock Wilken,WAKE,1.0,18.0,Milwaukee Brewers,wake forest university,True
2023,sa3045373,Brock Wills,UNCW,,,,,False
2025,sa3045373,Brock Wills,UNCW,,,,,False
2021,sa3033492,Brodey Heaton,BEL,,,,,False
2022,sa3033492,Brodey Heaton,BEL,,,,,False
2023,sa3033492,Brodey Heaton,BEL,,,,,False
2024,sa3033492,Brodey Heaton,BEL,,,,,False
2025,sa3065063,Brodie Johnston,VAN,,,,,False
2024,sa3035708,Brodie Kresser,WVU,,,,,False
2025,sa3035708,Brodie Kresser,WVU,,,,,False
2023,sa3027190,Brody Black,COPP,,,,,False
2024,sa3027190,Brody Black,COPP,,,,,False
2025,sa3058659,Brody Block,UVU,,,,,False
2023,sa3027632,Brody Brecht,IOWA,,,,,False
2024,sa3027632,Brody Brecht,IOWA,1.0,38.0,Colorado Rockies,university of iowa,True
2025,sa3062825,Brody Capps,UTM,,,,,False
2024,sa3030451,Brody Donay,FLA,,,,,False
2025,sa3030451,Brody Donay,FLA,17.0,507.0,Tampa Bay Rays,university of florida,True
2023,sa3030577,Brody Drost,LT,,,,,False
2021,sa3031123,Brody Fahr,PRES,,,,,False
2022,sa3031123,Brody Fahr,PRES,,,,,False
2023,sa3031123,Brody Fahr,PRES,,,,,False
2024,sa3031123,Brody Fahr,PRES,,,,,False
2022,sa3033202,Brody Harding,ILL,,,,,False
2023,sa3033202,Brody Harding,ILL,,,,,False
2024,sa3033202,Brody Harding,ILL,,,,,False
2023,sa3023515,Brody Hopkins,WIN,6.0,187.0,Seattle Mariners,winthrop university,True
2024,sa3035754,Brody Krzysiak,OAK,,,,,False
2025,sa3059820,Brody Linker,PRES,,,,,False
2021,sa3037611,Brody McGrath,BUT,,,,,False
2025,sa3037657,Brody McKenzie,URI,,,,,False
2021,sa3019839,Brody Moore,AUB,,,,,False
2022,sa3019839,Brody Moore,AUB,17.0,517.0,St. Louis Cardinals,auburn university,True
2025,sa3060334,Brody Rasmussen,ME,,,,,False
2024,sa3043447,Brody Szako,APSU,,,,,False
2025,sa3043447,Brody Szako,APSU,,,,,False
2022,sa3045042,Brody Westbrooks,SAM,,,,,False
2023,sa3045042,Brody Westbrooks,SAM,,,,,False
2024,sa3045256,Brody Williams,KENT,,,,,False
2025,sa3045256,Brody Williams,KENT,,,,,False
2024,sa3040084,Broedy Poppell,FAMU,,,,,False
2025,sa3040084,Broedy Poppell,FAMU,13.0,386.0,San Francisco Giants,florida aandm university,True
2025,sa3043547,Bronson Taylor,UMES,,,,,False
2021,31394,Brooks Baldwin,UNCW,15.0,446.0,San Francisco Giants,university of north carolina at wilmington,True
2022,31394,Brooks Baldwin,UNCW,12.0,371.0,Chicago White Sox,university of north carolina wilmington,True
2024,sa3027921,Brooks Bryan,TROY,,,,,False
2025,sa3027921,Brooks Bryan,TROY,8.0,248.0,Kansas City Royals,troy university,True
2023,sa3028388,Brooks Caple,LAM,,,,,False
2024,sa3028388,Brooks Caple,LAM,9.0,272.0,Chicago Cubs,lamar university,True
2022,sa3028444,Brooks Carlson,AUB,,,,,False
2021,sa3028444,Brooks Carlson,SAM,,,,,False
2021,sa3029096,Brooks Coetzee III,ND,,,,,False
2022,sa3029096,Brooks Coetzee III,ND,,,,,False
2023,sa3029096,Brooks Coetzee III,ND,,,,,False
2025,sa3029514,Brooks Craigue,MRMK,,,,,False
2021,sa3031103,Brooks Ey,FOR,,,,,False
2022,sa3031103,Brooks Ey,FOR,,,,,False
2023,sa3031592,Brooks Fowler,ORU,,,,,False
2024,sa3031592,Brooks Fowler,ORU,15.0,465.0,Texas Rangers,oral roberts university,True
2021,sa3017315,Brooks Gosswein,BRAD,4.0,124.0,Chicago White Sox,radley university,True
2024,sa3035318,Brooks Kettering,SEMO,,,,,False
2025,sa3035318,Brooks Kettering,SEMO,,,,,False
2021,sa3035527,Brooks Knapek,SIE,,,,,False
2021,31595,Brooks Lee,CP,,,,,False
2022,31595,Brooks Lee,CP,,,,,False
2025,sa3060386,Brooks Roberson,LT,,,,,False
2025,sa3041416,Brooks Sailors,PFW,,,,,False
2022,sa3044757,Brooks Walton,UAB,,,,,False
2023,sa3044757,Brooks Walton,UAB,,,,,False
2021,sa3034223,Bruce Hudson,RAD,,,,,False
2025,sa3059588,Bruce Jellison,EMU,,,,,False
2025,sa3060977,Bruce Wyche,NCAT,,,,,False
2023,sa3044931,Bruer Webster,UTAH,,,,,False
2024,sa3026168,Bryan Arendt,UNCW,,,,,False
2025,sa3026168,Bryan Arendt,UNCW,,,,,False
2023,sa3026931,Bryan Belo,GW,,,,,False
2022,sa3022814,Bryan Broecker,MSU,,,,,False
2023,sa3022814,Bryan Broecker,MSU,13.0,393.0,Tampa Bay Rays,michigan state university,True
2022,sa3032643,Bryan Green,UCD,,,,,False
2023,sa3032643,Bryan Green,UCD,,,,,False
2024,sa3032643,Bryan Green,UCD,,,,,False
2025,sa3032643,Bryan Green,UCD,,,,,False
2025,sa3036572,Bryan Loriga,UNO,,,,,False
2022,sa3039334,Bryan Padilla,CONN,,,,,False
2023,sa3039334,Bryan Padilla,CONN,,,,,False
2024,sa3039334,Bryan Padilla,CONN,,,,,False
2025,sa3039334,Bryan Padilla,CONN,,,,,False
2021,sa3041143,Bryan Rosario,UIC,,,,,False
2022,sa3041143,Bryan Rosario,UIC,,,,,False
2022,sa3043282,Bryan Sturges,RGV,,,,,False
2022,sa3045171,Bryan Widdowson,UMES,,,,,False
2025,sa3036602,Bryant Loving,UNA,,,,,False
2021,sa3042126,Bryant Shellenbarger,AKR,,,,,False
2022,sa3042126,Bryant Shellenbarger,AKR,,,,,False
2021,sa3042197,Bryant Shives,MSM,,,,,False
2022,sa3042197,Bryant Shives,MSM,,,,,False
2021,sa3042411,Bryant Skurbe,MRMK,,,,,False
2022,sa3033424,Bryar Hawkins,CLEM,,,,,False
2021,sa3026221,Bryce Arnold,CAM,,,,,False
2023,sa3026221,Bryce Arnold,CAM,,,,,False
2024,sa3027246,Bryce Blaser,ULM,,,,,False
2025,sa3027246,Bryce Blaser,ULM,,,,,False
2021,sa3027251,Bryce Blaum,TA&M,,,,,False
2024,sa3027265,Bryce Blevins,MRSH,,,,,False
2025,sa3027265,Bryce Blevins,MRSH,,,,,False
2024,sa3027315,Bryce Boettcher,ORE,13.0,403.0,Houston Astros,university of oregon,True
2025,sa3027799,Bryce Brownlee,ARMY,,,,,False
2024,sa3028288,Bryce Calloway,UNO,,,,,False
2025,sa3028288,Bryce Calloway,UNO,,,,,False
2025,sa3066700,Bryce Campbell,NMSU,,,,,False
2024,sa3028365,Bryce Cannon,SEMO,,,,,False
2025,sa3028365,Bryce Cannon,SEMO,,,,,False
2024,sa3028700,Bryce Cermenelli,CARK,,,,,False
2025,sa3028700,Bryce Cermenelli,CARK,,,,,False
2024,sa3028732,Bryce Chance,MSST,,,,,False
2025,sa3028732,Bryce Chance,MSST,,,,,False
2024,sa3029687,Bryce Cunningham,VAN,2.0,53.0,New York Yankees,vanderbilt university,True
2022,sa3029818,Bryce Daniel,DART,,,,,False
2022,sa3030762,Bryce Eblin,ALA,,,,,False
2024,sa3030762,Bryce Eblin,ALA,,,,,False
2024,sa3031373,Bryce Fisher,UNF,,,,,False
2025,sa3031593,Bryce Fowler,ALA,,,,,False
2023,sa3031669,Bryce Frederick,TOW,,,,,False
2024,sa3031669,Bryce Frederick,TOW,,,,,False
2022,sa3032641,Bryce Greenly,DEL,,,,,False
2023,sa3032641,Bryce Greenly,DEL,,,,,False
2024,sa3032641,Bryce Greenly,DEL,,,,,False
2025,sa3032748,Bryce Grizzaffi,LAM,,,,,False
2022,sa3032748,Bryce Grizzaffi,SELA,,,,,False
2021,sa3032767,Bryce Grossius,SEMO,,,,,False
2022,sa3033514,Bryce Hediger,SBU,,,,,False
2021,sa3033647,Bryce Hensor,MORE,,,,,False
2021,sa3033895,Bryce Hodge,ETSU,,,,,False
2022,sa3033895,Bryce Hodge,ETSU,,,,,False
2021,sa3020323,Bryce Hubbart,FSU,,,,,False
2022,sa3020323,Bryce Hubbart,FSU,3.0,94.0,Cincinnati Reds,florida state university,True
2025,sa3034258,Bryce Hughes,TXSO,,,,,False
2021,sa3034280,Bryce Hulett,PITT,,,,,False
2022,sa3034280,Bryce Hulett,PITT,,,,,False
2021,sa3035177,Bryce Kelley,MSU,,,,,False
2021,sa3035628,Bryce Konitzer,OAK,,,,,False
2024,sa3035628,Bryce Konitzer,VAL,,,,,False
2025,sa3065354,Bryce Loeger,DART,,,,,False
2023,sa3025156,Bryce Madron,OU,,,,,False
2024,sa3025156,Bryce Madron,OU,10.0,291.0,St. Louis Cardinals,university of oklahoma,True
2023,sa3037136,Bryce Martin-Grudzielanek,USC,,,,,False
2025,sa3037136,Bryce Martin-Grudzielanek,USC,20.0,614.0,New York Yankees,university of southern california,True
2024,sa3037321,Bryce Matthews,NEV,,,,,False
2022,sa3037321,Bryce Matthews,WSU,,,,,False
2024,sa3025558,Bryce Mayer,MIZ,16.0,493.0,Houston Astros,university of missouri,True
2021,sa3017786,Bryce McGowan,CLT,18.0,530.0,Colorado Rockies,university of north carolina at charlotte,True
2021,29837,Bryce Miller,TA&M,4.0,113.0,Seattle Mariners,texas aandm university,True
2024,sa3038219,Bryce Molinaro,PSU,,,,,False
2025,sa3038219,Bryce Molinaro,PSU,,,,,False
2021,sa3020800,Bryce Osmond,OKST,,,,,False
2022,sa3020800,Bryce Osmond,OKST,15.0,448.0,Los Angeles Angels,oklahoma state university,True
2025,sa3039853,Bryce Phelps,WAG,,,,,False
2024,sa3040751,Bryce Riggs,EIU,,,,,False
2025,sa3040751,Bryce Riggs,EIU,,,,,False
2021,sa3040927,Bryce Robison,BYU,,,,,False
2022,sa3040927,Bryce Robison,BYU,,,,,False
2023,sa3040927,Bryce Robison,BYU,,,,,False
2024,sa3040927,Bryce Robison,BYU,,,,,False
2025,sa3041116,Bryce Ronken,SDST,,,,,False
2025,sa3060444,Bryce Rudisill,MSM,,,,,False
2023,sa3042043,Bryce Shaffer,CCU,,,,,False
2024,sa3042043,Bryce Shaffer,CCU,,,,,False
2024,sa3042500,Bryce Smith,OHIO,,,,,False
2021,sa3043628,Bryce Teodosio,CLEM,,,,,False
2025,sa3043742,Bryce Thompson,COPP,,,,,False
2023,sa3044299,Bryce Valero,MUR,,,,,False
2023,sa3023364,Bryce Warrecker,CP,,,,,False
2021,sa3020352,Bryce Willits,UCSB,,,,,False
2022,sa3020352,Bryce Willits,UCSB,18.0,551.0,Chicago White Sox,"university of california, santa barbara",True
2023,sa3028729,Brycen Champey,DAV,,,,,False
2024,sa3028729,Brycen Champey,DAV,,,,,False
2024,sa3033098,Brycen Hammonds,AAMU,,,,,False
2022,sa3020710,Brycen Mautz,USD,2.0,59.0,St. Louis Cardinals,university of san diego,True
2024,sa3039497,Brycen Parrish,UNA,,,,,False
2025,sa3039497,Brycen Parrish,UNA,,,,,False
2025,sa3034343,Bryker Hurdsman,BYU,,,,,False
2024,sa3045027,Brylan West,FIU,,,,,False
2025,sa3045027,Brylan West,FIU,,,,,False
2021,sa3027275,Bryson Bloomer,MUR,,,,,False
2022,sa3027275,Bryson Bloomer,MUR,,,,,False
2021,sa3028236,Bryson Cafaro,FAIR,,,,,False
2022,sa3028236,Bryson Cafaro,FAIR,,,,,False
2025,sa3059090,Bryson Dudley,TXST,7.0,218.0,Kansas City Royals,texas state university,True
2022,sa3033807,Bryson Hill,ACU,,,,,False
2022,sa3036509,Bryson Lonsbury,NKU,,,,,False
2022,sa3039475,Bryson Parks,WCU,,,,,False
2025,sa3060559,Bryson Shea,AMCC,,,,,False
2025,sa3060786,Bryson Treichel,UNF,,,,,False
2023,sa3044360,Bryson Van Sickle,UTAH,,,,,False
2024,sa3044360,Bryson Van Sickle,UTAH,,,,,False
2021,sa3022597,Bryson Ware,AUB,,,,,False
2023,sa3022597,Bryson Ware,AUB,8.0,253.0,Philadelphia Phillies,auburn university,True
2024,sa3044907,Bryson Webb,CMU,,,,,False
2021,sa3045586,Bryson Worrell,ECU,,,,,False
2022,sa3045586,Bryson Worrell,ECU,,,,,False
2021,sa3040783,BT Riopelle,CCU,,,,,False
2022,sa3040783,BT Riopelle,FLA,,,,,False
2023,sa3040783,BT Riopelle,FLA,,,,,False
2025,sa3060731,Bub Terrell,AUB,,,,,False
2021,sa3019902,Bubba Alleyne,MD,,,,,False
2022,sa3019902,Bubba Alleyne,MD,,,,,False
2022,sa3033011,Bubba Hall,DBU,,,,,False
2025,sa3040933,Bubba Rocha,CBU,,,,,False
2024,sa3040933,Bubba Rocha,UCR,,,,,False
2021,sa3043743,Bubba Thompson,SOU,,,,,False
2021,sa3039936,Buddie Pindel,HAW,,,,,False
2022,sa3039936,Buddie Pindel,HAW,,,,,False
2021,sa3030235,Buddy Dewaine,CCSU,,,,,False
2022,sa3028342,Burke Camper,TOW,,,,,False
2023,sa3028342,Burke Camper,UVU,,,,,False
2024,sa3028342,Burke Camper,UVU,,,,,False
2023,sa3034854,Burrell Jones,MCN,,,,,False
2022,33704,C.J. Kayfus,MIA,,,,,False
2023,33704,C.J. Kayfus,MIA,3.0,93.0,Cleveland Guardians,university of miami,True
2021,sa3037382,C.J. Mayhue,ECU,,,,,False
2022,sa3037382,C.J. Mayhue,ECU,,,,,False
2021,sa3044404,C.J. Vazquez,FOR,,,,,False
2023,sa3045266,C.J. Williams,FAU,,,,,False
2024,sa3045266,C.J. Williams,FAU,,,,,False
2022,sa3023372,Cade Austin,SC,,,,,False
2021,sa3026932,Cade Beloso,LSU,,,,,False
2023,sa3026932,Cade Beloso,LSU,,,,,False
2025,sa3026936,Cade Belyeu,AUB,,,,,False
2021,sa3027137,Cade Biddle,LIU,,,,,False
2024,sa3028135,Cade Bush,UNF,,,,,False
2025,sa3028135,Cade Bush,UNF,,,,,False
2021,sa3028214,Cade Cabbiness,OKST,,,,,False
2025,sa3028321,Cade Campbell,CAL,,,,,False
2023,sa3028445,Cade Carlson,ETSU,,,,,False
2025,sa3028479,Cade Carr,SAM,,,,,False
2023,sa3028952,Cade Citelli,HOU,,,,,False
2025,sa3058885,Cade Climie,HOU,,,,,False
2024,sa3029288,Cade Conway,CHSO,,,,,False
2025,sa3058955,Cade Crossland,OU,4.0,120.0,St. Louis Cardinals,university of oklahoma,True
2023,sa3023047,Cade Denton,ORU,6.0,172.0,Colorado Rockies,oral roberts university,True
2025,sa3059062,Cade Dodson,UTA,,,,,False
2021,sa3020196,Cade Doughty,LSU,,,,,False
2022,sa3020196,Cade Doughty,LSU,2.0,78.0,Toronto Blue Jays,louisiana state university,True
2021,sa3030801,Cade Edwards,RICE,,,,,False
2021,sa3023228,Cade Feeney,NDSU,,,,,False
2022,sa3023228,Cade Feeney,NDSU,,,,,False
2023,sa3023228,Cade Feeney,NDSU,13.0,388.0,Boston Red Sox,north dakota state university,True
2023,sa3031242,Cade Fenton,CARK,,,,,False
2021,sa3019919,Cade Fergus,GW,,,,,False
2022,sa3019919,Cade Fergus,GW,13.0,392.0,Philadelphia Phillies,george washington university,True
2024,sa3031376,Cade Fisher,FLA,,,,,False
2022,sa3031412,Cade Fitzpatrick,PFW,,,,,False
2021,31815,Cade Gibson,LT,,,,,False
2022,31815,Cade Gibson,LT,10.0,292.0,Miami Marlins,louisiana tech university,True
2024,sa3032587,Cade Granzow,BEL,,,,,False
2021,sa3020328,Cade Halemanu,HAW,,,,,False
2022,sa3020328,Cade Halemanu,HAW,10.0,314.0,Tampa Bay Rays,university of hawaii at manoa,True
2023,sa3033625,Cade Henry,HOF,,,,,False
2024,sa3033653,Cade Hentz,JAX,,,,,False
2025,sa3033653,Cade Hentz,JAX,,,,,False
2022,sa3020199,Cade Hunter,VT,5.0,153.0,Cincinnati Reds,virginia tech,True
2021,sa3023306,Cade Kuehler,CAM,,,,,False
2022,sa3023306,Cade Kuehler,CAM,,,,,False
2023,sa3023306,Cade Kuehler,CAM,2.0,70.0,Atlanta Braves,campbell university,True
2023,sa3035794,Cade Kurland,FLA,,,,,False
2024,sa3035794,Cade Kurland,FLA,,,,,False
2024,sa3035838,Cade Ladehoff,NJIT,,,,,False
2021,sa3036478,Cade Lommel,CREI,,,,,False
2022,sa3036478,Cade Lommel,CREI,,,,,False
2023,sa3036988,Cade Manning,TXST,,,,,False
2025,sa3066329,Cade Martin,LR,,,,,False
2025,sa3037584,Cade McGarrh,ACU,,,,,False
2022,sa3025153,Cade McGee,GONZ,,,,,False
2024,sa3025153,Cade McGee,TTU,9.0,261.0,St. Louis Cardinals,texas tech,True
2025,sa3038254,Cade Montgomery,UTU,,,,,False
2023,sa3038465,Cade Moss,IOWA,,,,,False
2023,sa3038736,Cade Nelis,PFW,,,,,False
2024,sa3038991,Cade Obermueller,IOWA,19.0,585.0,Texas Rangers,university of iowa,True
2025,sa3038991,Cade Obermueller,IOWA,2.0,63.0,Philadelphia Phillies,university of iowa,True
2024,sa3039447,Cade Parker,GASO,,,,,False
2025,sa3039447,Cade Parker,GASO,,,,,False
2023,sa3039923,Cade Pilchard,SCU,,,,,False
2024,sa3039923,Cade Pilchard,SCU,,,,,False
2021,30055,Cade Povich,NEB,,,,,False
2023,sa3040569,Cade Reich,UNF,,,,,False
2023,sa3041462,Cade Sammons,MUR,,,,,False
2025,sa3041473,Cade Sanchez,AMCC,,,,,False
2022,sa3023371,Cade Smith,MSST,,,,,False
2023,sa3023371,Cade Smith,MSST,6.0,192.0,New York Yankees,mississippi state university,True
2023,sa3042954,Cade Stapleton,SFA,,,,,False
2023,sa3043271,Cade Stuff,SDST,,,,,False
2024,sa3043271,Cade Stuff,SDST,,,,,False
2022,sa3043305,Cade Sullivan,WMU,,,,,False
2023,sa3043305,Cade Sullivan,WMU,,,,,False
2024,sa3043305,Cade Sullivan,WMU,,,,,False
2023,sa3043324,Cade Sumbler,UTA,,,,,False
2024,sa3043405,Cade Swenson,NMSU,,,,,False
2022,sa3044452,Cade Verdusco,GCU,,,,,False
2023,sa3044452,Cade Verdusco,GCU,,,,,False
2024,sa3044452,Cade Verdusco,GCU,,,,,False
2023,sa3044462,Cade Vernon,MUR,,,,,False
2024,sa3044462,Cade Vernon,MUR,10.0,298.0,San Francisco Giants,murray state university,True
2022,sa3045043,Cade Westbrook,UNF,,,,,False
2024,sa3045260,Cade Williams,UMES,,,,,False
2022,sa3020805,Cade Winquest,UTA,8.0,247.0,St. Louis Cardinals,university of texas at arlington,True
2023,sa3026126,Caden Aoki,USC,,,,,False
2024,sa3026126,Caden Aoki,USC,,,,,False
2025,sa3026126,Caden Aoki,USC,,,,,False
2023,sa3027305,Caden Bodine,CCU,,,,,False
2024,sa3027305,Caden Bodine,CCU,,,,,False
2025,sa3027305,Caden Bodine,CCU,1.0,30.0,Baltimore Orioles,coastal carolina university,True
2024,sa3027320,Caden Bogenpohl,MOST,,,,,False
2025,sa3027320,Caden Bogenpohl,MOST,,,,,False
2021,sa3022755,Caden Connor,CSUF,,,,,False
2022,sa3022755,Caden Connor,CSUF,,,,,False
2023,sa3022755,Caden Connor,CSUF,19.0,569.0,Chicago White Sox,"california state university, fullerton",True
2025,sa3030642,Caden Dulin,PITT,,,,,False
2022,sa3025446,Caden Favors,WICH,,,,,False
2024,sa3025446,Caden Favors,WICH,6.0,175.0,Cleveland Guardians,wichita state university,True
2023,sa3032648,Caden Green,AUB,,,,,False
2021,sa3023166,Caden Grice,CLEM,,,,,False
2022,sa3023166,Caden Grice,CLEM,,,,,False
2023,sa3023166,Caden Grice,CLEM,2.0,64.0,Arizona Diamondbacks,clemson university,True
2025,sa3059447,Caden Headlee,MILW,,,,,False
2025,sa3059552,Caden Hunter,USC,6.0,184.0,Baltimore Orioles,university of southern california,True
2022,sa3035012,Caden Kaelber,WSU,,,,,False
2023,sa3035012,Caden Kaelber,WSU,,,,,False
2024,sa3035028,Caden Kaiser,MRSH,,,,,False
2022,sa3025262,Caden Kendle,UCI,,,,,False
2023,sa3025262,Caden Kendle,UCI,10.0,305.0,St. Louis Cardinals,"university of california, irvine",True
2024,sa3025262,Caden Kendle,UCI,,,,,False
2023,sa3035625,Caden Konczak,TOL,,,,,False
2024,sa3035625,Caden Konczak,TOL,,,,,False
2025,sa3035625,Caden Konczak,TOL,,,,,False
2023,sa3035689,Caden Kratz,WIU,,,,,False
2025,sa3037305,Caden Matlon,AKR,,,,,False
2021,sa3038037,Caden Miller,SDSU,,,,,False
2022,sa3038037,Caden Miller,SDSU,,,,,False
2023,sa3038037,Caden Miller,SDSU,,,,,False
2025,sa3060038,Caden Miller,UTSA,,,,,False
2023,sa3038893,Caden Noah,UTA,,,,,False
2024,sa3038893,Caden Noah,UTA,,,,,False
2025,sa3039450,Caden Parker,BGSU,,,,,False
2025,sa3040002,Caden Plummer,VMI,,,,,False
2024,sa3040899,Caden Robinson,MEM,,,,,False
2021,sa3023458,Caden Rose,ALA,,,,,False
2022,sa3023458,Caden Rose,ALA,,,,,False
2023,sa3023458,Caden Rose,ALA,7.0,208.0,Boston Red Sox,university of alabama,True
2023,sa3042062,Caden Shapiro,PRIN,,,,,False
2024,sa3042062,Caden Shapiro,PRIN,,,,,False
2025,sa3042062,Caden Shapiro,PRIN,,,,,False
2025,sa3060568,Caden Sheridan,MORE,,,,,False
2024,sa3042754,Caden Sorrell,TA&M,,,,,False
2023,sa3044619,Caden Wagner,UNCO,,,,,False
2024,sa3044619,Caden Wagner,UNCO,,,,,False
2024,sa3045202,Caden Wildman,COR,,,,,False
2025,sa3045202,Caden Wildman,COR,,,,,False
2022,sa3041827,Cadyn Schwabe,NDSU,,,,,False
2023,sa3041827,Cadyn Schwabe,NDSU,,,,,False
2024,sa3041827,Cadyn Schwabe,NDSU,,,,,False
2021,sa3019991,Caeden Trenkle,OKST,,,,,False
2022,sa3019991,Caeden Trenkle,OKST,9.0,274.0,Oakland Athletics,oklahoma state university,True
2025,sa3039449,Caedmon Parker,TCU,15.0,436.0,Chicago White Sox,texas christian university,True
2021,sa3026425,Cael Baker,MISS,,,,,False
2022,sa3026425,Cael Baker,OHIO,,,,,False
2023,sa3028787,Cael Chatham,HPU,,,,,False
2024,sa3028787,Cael Chatham,HPU,,,,,False
2024,sa3031742,Cael Frost,SDST,,,,,False
2023,sa3034717,Caileb Johnson,PFW,,,,,False
2021,sa3028551,Cal Carver,NWST,,,,,False
2022,sa3028551,Cal Carver,NWST,,,,,False
2023,sa3028551,Cal Carver,NWST,,,,,False
2022,sa3028882,Cal Christofori,SCU,,,,,False
2021,sa3017080,Cal Conley,TTU,4.0,126.0,Atlanta Braves,texas tech university,True
2025,sa3031377,Cal Fisher,FSU,,,,,False
2022,sa3033552,Cal Hejza,ILL,,,,,False
2023,sa3033552,Cal Hejza,ILL,,,,,False
2024,sa3033552,Cal Hejza,ILL,,,,,False
2023,sa3037140,Cal Martin,SFA,,,,,False
2024,sa3037140,Cal Martin,SFA,,,,,False
2022,sa3037420,Cal McAninch,TOL,,,,,False
2023,sa3037420,Cal McAninch,TOL,,,,,False
2023,sa3037596,Cal McGinnis,BRAD,,,,,False
2024,sa3037596,Cal McGinnis,EVAN,,,,,False
2025,sa3037596,Cal McGinnis,EVAN,,,,,False
2025,sa3060534,Cal Scolari,USD,,,,,False
2025,sa3041921,Cal Sefcik,CIN,,,,,False
2021,sa3044494,Cal Villareal,NMSU,,,,,False
2022,sa3044494,Cal Villareal,NMSU,,,,,False
2024,sa3044523,Cale Vinson,MTSU,,,,,False
2021,sa3026678,Caleb Bartolero,TROY,,,,,False
2022,sa3026678,Caleb Bartolero,TROY,,,,,False
2023,sa3026678,Caleb Bartolero,TROY,,,,,False
2025,sa3058633,Caleb Berry,MSU,,,,,False
2021,sa3027783,Caleb Broughton,BUCK,,,,,False
2024,sa3028008,Caleb Bunch,NWST,,,,,False
2023,sa3022651,Caleb Cali,ARK,16.0,487.0,Seattle Mariners,university of arkansas,True
2024,sa3029368,Caleb Corbin,SEMO,,,,,False
2024,sa3029456,Caleb Cotton,SHSU,,,,,False
2024,sa3029509,Caleb Cozart,UNCG,,,,,False
2022,sa3029595,Caleb Cross,APP,,,,,False
2023,sa3029595,Caleb Cross,APP,,,,,False
2025,sa3029595,Caleb Cross,APP,,,,,False
2025,sa3065022,Caleb Daniel,GT,,,,,False
2021,sa3030160,Caleb Denny,ORU,,,,,False
2022,sa3030160,Caleb Denny,ORU,,,,,False
2023,sa3030160,Caleb Denny,SC,,,,,False
2025,sa3065033,Caleb Duerr,SDST,,,,,False
2022,sa3031483,Caleb Floyd,UAB,,,,,False
2021,sa3020531,Caleb Franzen,PORT,,,,,False
2022,sa3020531,Caleb Franzen,PORT,12.0,356.0,Colorado Rockies,university of portland,True
2023,sa3032573,Caleb Granger,FAMU,,,,,False
2024,sa3032573,Caleb Granger,FAMU,,,,,False
2023,sa3033809,Caleb Hill,UTSA,,,,,False
2024,sa3033809,Caleb Hill,UTSA,,,,,False
2023,sa3022610,Caleb Hobson,UTM,13.0,382.0,Colorado Rockies,university of tennessee at martin,True
2023,sa3033891,Caleb Hobson,UTM,13.0,382.0,Colorado Rockies,university of tennessee at martin,True
2024,sa3034454,Caleb Isaacs,ORU,,,,,False
2023,sa3034718,Caleb Johnson,JVST,,,,,False
2024,sa3034718,Caleb Johnson,JVST,,,,,False
2025,sa3034718,Caleb Johnson,JVST,,,,,False
2024,sa3034857,Caleb Jones,WIN,,,,,False
2022,sa3022436,Caleb Ketchup,LIP,,,,,False
2023,sa3022436,Caleb Ketchup,LIP,15.0,444.0,Los Angeles Angels,lipscomb university,True
2025,sa3059684,Caleb King,DSU,,,,,False
2022,sa3036316,Caleb Leys,ME,,,,,False
2023,sa3036316,Caleb Leys,ME,,,,,False
2025,sa3036316,Caleb Leys,ME,4.0,129.0,Detroit Tigers,university of maine,True
2022,sa3025404,Caleb Lomavita,CAL,,,,,False
2023,sa3025404,Caleb Lomavita,CAL,,,,,False
2024,sa3025404,Caleb Lomavita,CAL,,,,,False
2023,sa3037729,Caleb McNeely,WVU,,,,,False
2023,sa3039671,Caleb Pendleton,FAU,,,,,False
2021,sa3040593,Caleb Reinhardt,EVAN,,,,,False
2022,sa3040593,Caleb Reinhardt,EVAN,,,,,False
2021,sa3019917,Caleb Ricketts,USD,,,,,False
2022,sa3019917,Caleb Ricketts,USD,7.0,212.0,Philadelphia Phillies,university of san diego,True
2022,sa3040737,Caleb Riedel,OMA,,,,,False
2024,sa3040737,Caleb Riedel,OMA,,,,,False
2021,sa3016959,Caleb Roberts,UNC,5.0,138.0,Arizona Diamondbacks,university of north carolina,True
2024,sa3042222,Caleb Shpur,CONN,,,,,False
2025,sa3042222,Caleb Shpur,CONN,,,,,False
2024,sa3043028,Caleb Stelly,UL,,,,,False
2025,sa3043028,Caleb Stelly,UL,,,,,False
2021,sa3044244,Caleb Upshaw,EKU,,,,,False
2022,sa3044244,Caleb Upshaw,KU,,,,,False
2025,sa3045105,Caleb White,GAST,,,,,False
2025,sa3060976,Caleb Wulf,IOWA,,,,,False
2021,sa3041826,Calen Schwabe,NDSU,,,,,False
2022,sa3041826,Calen Schwabe,NDSU,,,,,False
2024,sa3042505,Calin Smith,MRSH,,,,,False
2023,sa3031142,Callan Fang,HARV,,,,,False
2024,sa3031142,Callan Fang,HARV,,,,,False
2025,sa3031142,Callan Fang,HARV,13.0,389.0,Minnesota Twins,harvard university,True
2021,sa3038965,Callen Nuccio,VMI,,,,,False
2025,sa3040155,Callen Powers,MASS,,,,,False
2024,sa3027133,Calvin Bickerstaff,KENT,,,,,False
2021,sa3031041,Calvin Estrada,LBSU,,,,,False
2023,sa3022496,Calvin Harris,MISS,4.0,116.0,Chicago White Sox,university of mississippi,True
2022,sa3035438,Calvin Kirchoff,WASH,,,,,False
2024,sa3035438,Calvin Kirchoff,WASH,,,,,False
2022,sa3037439,Calvin McCall,URI,,,,,False
2022,sa3037475,Calvin McClendon,MVSU,,,,,False
2023,sa3037475,Calvin McClendon,MVSU,,,,,False
2025,sa3037475,Calvin McClendon,TXSO,,,,,False
2024,sa3037476,Calvin McClendon,UAPB,,,,,False
2025,sa3040243,Calvin Proskey,UCSB,,,,,False
2021,sa3041668,Calvin Schapira,PUR,,,,,False
2024,sa3041668,Calvin Schapira,USD,,,,,False
2023,sa3033061,Calyn Halvorson,UVU,,,,,False
2024,sa3033061,Calyn Halvorson,UVU,,,,,False
2025,sa3025908,Cam Allen,WRST,,,,,False
2025,sa3058532,Cam Bagwell,UNCW,,,,,False
2021,sa3026585,Cam Barlow,ULM,,,,,False
2022,sa3026585,Cam Barlow,ULM,,,,,False
2023,sa3026585,Cam Barlow,ULM,,,,,False
2024,sa3026585,Cam Barlow,ULM,,,,,False
2021,sa3026748,Cam Baumann,IOWA,,,,,False
2022,sa3023273,Cam Brown,TCU,,,,,False
2023,sa3023273,Cam Brown,TCU,10.0,313.0,Philadelphia Phillies,texas christian university,True
2025,sa3027922,Cam Bryant,OHIO,,,,,False
2025,sa3028032,Cam Burdick,CSUF,,,,,False
2023,sa3028260,Cam Caley,BAY,,,,,False
2024,sa3028260,Cam Caley,UIW,,,,,False
2023,sa3028360,Cam Cannarella,CLEM,,,,,False
2024,sa3028360,Cam Cannarella,CLEM,,,,,False
2025,sa3028360,Cam Cannarella,CLEM,1.0,43.0,Miami Marlins,clemson university,True
2024,sa3028400,Cam Caraher,BC,,,,,False
2022,sa3028704,Cam Cerruto,ARMY,,,,,False
2021,sa3028837,Cam Chick,NEB,,,,,False
2022,sa3028837,Cam Chick,NEB,,,,,False
2022,sa3025610,Cam Clayton,WASH,,,,,False
2023,sa3025610,Cam Clayton,WASH,,,,,False
2024,sa3025610,Cam Clayton,WASH,14.0,424.0,Miami Marlins,university of washington,True
2021,sa3029048,Cam Climo,UML,,,,,False
2021,sa3029201,Cam Colmore,ECU,,,,,False
2022,sa3029246,Cam Conley,PEPP,,,,,False
2021,sa3029529,Cam Cratic,MOST,,,,,False
2022,sa3029529,Cam Cratic,MOST,,,,,False
2023,sa3029529,Cam Cratic,MOST,,,,,False
2022,sa3029954,Cam Day,UTAH,,,,,False
2023,sa3029954,Cam Day,UTAH,,,,,False
2022,sa3029966,Cam Dean,COFC,,,,,False
2023,sa3029966,Cam Dean,COFC,,,,,False
2025,sa3059049,Cam Diaz,SHSU,,,,,False
2024,sa3030791,Cam Edmonson,INST,,,,,False
2022,sa3022687,Cam Fisher,CLT,,,,,False
2023,sa3022687,Cam Fisher,CLT,4.0,131.0,Houston Astros,university of north carolina at charlotte,True
2022,sa3031572,Cam Foster,LIB,,,,,False
2023,sa3031572,Cam Foster,LIB,,,,,False
2024,sa3031572,Cam Foster,LIB,,,,,False
2023,sa3031671,Cam Frederick,OMA,,,,,False
2025,sa3059297,Cam Gilkerson,WRST,,,,,False
2023,sa3032735,Cam Grimes,ODU,,,,,False
2024,sa3033337,Cam Harthan,MRSH,,,,,False
2025,sa3033337,Cam Harthan,MRSH,,,,,False
2024,sa3033810,Cam Hill,USA,,,,,False
2025,sa3033941,Cam Hoiland,CP,,,,,False
2025,sa3059719,Cam Kozeal,ARK,,,,,False
2023,sa3036203,Cam Leiter,UCF,,,,,False
2022,sa3036382,Cam Liss,WSU,,,,,False
2021,sa3036434,Cam Locklear,LIB,,,,,False
2023,sa3022503,Cam Magee,WSU,18.0,549.0,Atlanta Braves,washington state university,True
2023,sa3037102,Cam Marshalwitz,YSU,,,,,False
2025,sa3037144,Cam Martindale,SPU,,,,,False
2023,sa3037397,Cam Mazell,NORF,,,,,False
2024,sa3037397,Cam Mazell,NORF,,,,,False
2021,sa3037546,Cam McDonald,ILL,,,,,False
2022,sa3037546,Cam McDonald,ILL,,,,,False
2023,sa3037546,Cam McDonald,ILL,,,,,False
2022,sa3037937,Cam Meyer,GTWN,,,,,False
2021,sa3037937,Cam Meyer,HC,,,,,False
2022,sa3038923,Cam Norgren,ETSU,,,,,False
2021,sa3038923,Cam Norgren,NCCU,,,,,False
2021,sa3039598,Cam Pearcey,GWEB,,,,,False
2021,sa3040117,Cam Post,OAK,,,,,False
2022,sa3040117,Cam Post,OAK,,,,,False
2021,sa3040511,Cam Reckling,GMU,,,,,False
2021,sa3040518,Cam Redding,SLU,,,,,False
2022,sa3040518,Cam Redding,SLU,,,,,False
2023,sa3040518,Cam Redding,SLU,,,,,False
2021,sa3040734,Cam Ridley,EKU,,,,,False
2022,sa3040734,Cam Ridley,JAX,,,,,False
2021,32095,Cam Schlittler,NE,,,,,False
2022,32095,Cam Schlittler,NE,7.0,220.0,New York Yankees,northeastern university,True
2025,sa3041740,Cam Schneider,FRES,,,,,False
2021,sa3041928,Cam Seguin,UML,,,,,False
2021,sa3042247,Cam Sibley,NWST,,,,,False
2022,sa3042247,Cam Sibley,NWST,,,,,False
2023,35108,Cam Smith,FSU,,,,,False
2024,35108,Cam Smith,FSU,1.0,14.0,Chicago Cubs,florida state university,True
2025,sa3060699,Cam Suto,KENN,,,,,False
2022,sa3043745,Cam Thompson,PUR,,,,,False
2021,sa3043984,Cam Touchette,KENT,,,,,False
2023,sa3044767,Cam Walty,ARIZ,,,,,False
2024,sa3044767,Cam Walty,ARIZ,20.0,595.0,Cleveland Guardians,university of arizona,True
2021,sa3044767,Cam Walty,NEV,,,,,False
2022,sa3044767,Cam Walty,NEV,,,,,False
2021,sa3017107,Cam Williams,TEX,19.0,559.0,Kansas City Royals,university of texas at austin,True
2024,sa3032035,Camden Gasser,PUR,,,,,False
2025,sa3033468,Camden Hayslip,UAB,,,,,False
2022,sa3034482,Camden Jackson,NCAT,,,,,False
2023,sa3034482,Camden Jackson,NCAT,,,,,False
2023,sa3034572,Camden Janik,ILL,,,,,False
2024,sa3034572,Camden Janik,ILL,12.0,354.0,Pittsburgh Pirates,university of illinois,True
2024,sa3034721,Camden Johnson,WICH,,,,,False
2025,sa3034721,Camden Johnson,WICH,,,,,False
2024,sa3035079,Camden Karczewski,PFW,,,,,False
2025,sa3035079,Camden Karczewski,PFW,,,,,False
2024,sa3035667,Camden Kozeal,VAN,,,,,False
2024,sa3041168,Camden Ross,WKU,,,,,False
2025,sa3041168,Camden Ross,WKU,,,,,False
2024,sa3041312,Camden Rush,DART,,,,,False
2025,sa3041312,Camden Rush,DART,,,,,False
2022,sa3044007,Camden Traficante,STET,,,,,False
2023,sa3044088,Camden Troyer,LIB,,,,,False
2024,sa3044088,Camden Troyer,LIB,,,,,False
2025,sa3044088,Camden Troyer,LIB,12.0,374.0,New York Yankees,liberty university,True
2024,sa3045165,Camden Wicker,WOF,,,,,False
2021,sa3045258,Camden Williamson,NCAT,,,,,False
2021,sa3027597,Cameran Brantley,NCAT,,,,,False
2022,sa3027597,Cameran Brantley,NCAT,,,,,False
2022,sa3026987,Cameron Benson,AKR,,,,,False
2023,sa3026987,Cameron Benson,MEM,,,,,False
2022,sa3027216,Cameron Blake,RGV,,,,,False
2021,sa3027501,Cameron Boyd,PFW,,,,,False
2024,sa3027561,Cameron Brady,UTM,,,,,False
2022,sa3027609,Cameron Bratton,UMES,,,,,False
2021,sa3027800,Cameron Brown,CMU,,,,,False
2021,sa3027988,Cameron Bufford,GRAM,,,,,False
2022,sa3027988,Cameron Bufford,GRAM,,,,,False
2023,sa3027988,Cameron Bufford,GRAM,,,,,False
2024,sa3027988,Cameron Bufford,GRAM,,,,,False
2021,sa3028134,Cameron Bush,TXST,,,,,False
2024,sa3028134,Cameron Bush,TXST,,,,,False
2022,sa3028187,Cameron Bye,WICH,,,,,False
2025,sa3028808,Cameron Chee-Aloy,ILL,,,,,False
2021,sa3029532,Cameron Crawford,SFA,,,,,False
2022,sa3029532,Cameron Crawford,SFA,,,,,False
2022,sa3029577,Cameron Cromer,UNCO,,,,,False
2023,sa3029604,Cameron Crotte,UIW,,,,,False
2023,sa3029961,Cameron Dayton,SEA,,,,,False
2024,sa3029961,Cameron Dayton,SEA,,,,,False
2021,sa3030415,Cameron Doherty,EIU,,,,,False
2022,sa3030415,Cameron Doherty,EIU,,,,,False
2024,sa3031493,Cameron Flukey,CCU,,,,,False
2025,sa3031493,Cameron Flukey,CCU,,,,,False
2022,sa3020735,Cameron Foster,MCN,14.0,419.0,New York Mets,mcneese state university,True
2022,sa3032170,Cameron Gibbons,TXST,,,,,False
2023,sa3032222,Cameron Gill,WOF,,,,,False
2025,sa3062842,Cameron Greene,UTM,,,,,False
2023,sa3032862,Cameron Gurney,UTAH,,,,,False
2023,sa3033155,Cameron Hansen,CLT,,,,,False
2025,sa3033375,Cameron Hassert,LMU,,,,,False
2021,sa3033375,Cameron Hassert,VILL,,,,,False
2022,sa3033375,Cameron Hassert,VILL,,,,,False
2024,sa3033375,Cameron Hassert,VILL,,,,,False
2025,sa3059496,Cameron Hill,GRAM,,,,,False
2022,sa3033812,Cameron Hill,STET,,,,,False
2023,sa3033812,Cameron Hill,STET,,,,,False
2022,sa3034716,Cameron Johnson,UNCA,,,,,False
2023,sa3034716,Cameron Johnson,UNCA,,,,,False
2021,sa3034855,Cameron Jones,GAST,,,,,False
2022,sa3034855,Cameron Jones,GAST,,,,,False
2023,sa3034855,Cameron Jones,GAST,,,,,False
2024,sa3034855,Cameron Jones,GT,,,,,False
2025,sa3035309,Cameron Keshock,SAM,,,,,False
2024,sa3035568,Cameron Knox,FIU,,,,,False
2022,sa3035568,Cameron Knox,FOR,,,,,False
2021,sa3035752,Cameron Krzeminski,FGCU,,,,,False
2022,sa3025469,Cameron Leary,BC,,,,,False
2023,sa3025469,Cameron Leary,BC,,,,,False
2024,sa3025469,Cameron Leary,BC,10.0,286.0,Oakland Athletics,boston college,True
2024,sa3036208,Cameron Lejeune,MCN,,,,,False
2023,sa3036588,Cameron Love,RUTG,,,,,False
2024,sa3036588,Cameron Love,RUTG,,,,,False
2023,sa3036767,Cameron Mabee,ILST,,,,,False
2024,sa3036767,Cameron Mabee,ILST,,,,,False
2021,sa3036797,Cameron MacIntosh,UPST,,,,,False
2022,sa3036797,Cameron MacIntosh,UPST,,,,,False
2023,sa3036900,Cameron Maldonado,NE,,,,,False
2024,sa3036900,Cameron Maldonado,NE,,,,,False
2025,sa3036900,Cameron Maldonado,NE,7.0,206.0,San Francisco Giants,northeastern university,True
2021,sa3037266,Cameron Masterman,LOU,,,,,False
2022,sa3037266,Cameron Masterman,LOU,,,,,False
2025,sa3038853,Cameron Nickens,APSU,17.0,510.0,St. Louis Cardinals,austin peay state university,True
2022,sa3038853,Cameron Nickens,HOU,,,,,False
2023,sa3038853,Cameron Nickens,HOU,,,,,False
2021,sa3039859,Cameron Phelts,GRAM,,,,,False
2022,sa3039966,Cameron Pittman,RAD,,,,,False
2024,sa3039966,Cameron Pittman,RAD,,,,,False
2021,sa3040553,Cameron Reeves,CIT,,,,,False
2022,sa3040553,Cameron Reeves,CIT,,,,,False
2023,sa3040553,Cameron Reeves,CIT,,,,,False
2022,sa3040625,Cameron Repetti,CSUF,,,,,False
2024,sa3041546,Cameron Santerre,STBK,,,,,False
2024,sa3042023,Cameron Sewell,SAC,,,,,False
2025,sa3042023,Cameron Sewell,SAC,,,,,False
2023,sa3025564,Cameron Sisneros,ETSU,,,,,False
2024,sa3025564,Cameron Sisneros,ETSU,14.0,422.0,Chicago Cubs,east tennessee state university,True
2022,sa3043371,Cameron Swanger,SLU,,,,,False
2023,sa3043371,Cameron Swanger,SLU,,,,,False
2025,sa3060725,Cameron Teinert,OMA,,,,,False
2021,sa3043744,Cameron Thompson,KSU,,,,,False
2021,sa3043835,Cameron Tilly,AKR,,,,,False
2021,sa3043861,Cameron Tissue,USA,,,,,False
2022,sa3043861,Cameron Tissue,USA,,,,,False
2021,sa3019952,Cameron Wagoner,EMU,,,,,False
2021,sa3020528,Cameron Weston,MICH,,,,,False
2022,sa3020528,Cameron Weston,MICH,8.0,227.0,Baltimore Orioles,university of michigan,True
2022,sa3045074,Cameron Wheeler,UCI,,,,,False
2022,sa3030894,Campbell Ellis,VCU,,,,,False
2023,sa3030894,Campbell Ellis,VCU,,,,,False
2022,sa3043454,Camryn Szynski,TOL,,,,,False
2022,sa3042296,Canaan Silver,NCSU,,,,,False
2024,sa3029767,Candon Dahle,BYU,,,,,False
2023,sa3039628,Cannon Peebles,NCSU,,,,,False
2025,sa3039628,Cannon Peebles,TENN,17.0,522.0,Cleveland Guardians,university of tennessee,True
2025,sa3039633,Cannon Peery,GCU,,,,,False
2025,sa3040539,Canon Reeder,ORST,18.0,533.0,Pittsburgh Pirates,oregon state university,True
2022,sa3025630,Canyon Brown,NCAT,,,,,False
2023,sa3025630,Canyon Brown,NCAT,,,,,False
2024,sa3025630,Canyon Brown,NCAT,9.0,257.0,Kansas City Royals,north carolina aandt state university,True
2022,sa3037757,Canyon McWilliams,LR,,,,,False
2024,sa3030278,Cardel Dick,OMA,,,,,False
2025,sa3043664,Cardell Thibodeaux,SOU,16.0,490.0,San Diego Padres,southern university,True
2023,sa3043664,Cardell Thibodeaux,ULM,,,,,False
2023,sa3035768,Carl Kuentzel,IONA,,,,,False
2024,sa3035768,Carl Kuentzel,IONA,,,,,False
2025,sa3060513,Carl Schmidt,CAL,,,,,False
2022,sa3030277,Carlin Dick,CAN,,,,,False
2024,sa3030277,Carlin Dick,CAN,,,,,False
2022,sa3025701,Carlos Abello,PRIN,,,,,False
2022,sa3026139,Carlos Aranda,NIU,,,,,False
2023,sa3026139,Carlos Aranda,SEMO,,,,,False
2021,sa3026162,Carlos Arellano,CSUN,,,,,False
2023,sa3028615,Carlos Castillo,DAY,,,,,False
2022,sa3029284,Carlos Contreras,SHSU,,,,,False
2023,sa3029284,Carlos Contreras,SHSU,,,,,False
2025,sa3059579,Carlos Jacome,USF,,,,,False
2022,sa3036244,Carlos Lequerica,FIU,,,,,False
2021,sa3018108,Carlos Lomeli,SMC,17.0,493.0,Pittsburgh Pirates,saint mary's california,True
2024,sa3037141,Carlos Martinez,HOF,,,,,False
2024,sa3037142,Carlos Martinez,UML,,,,,False
2025,sa3037142,Carlos Martinez,UML,,,,,False
2025,sa3039685,Carlos Pena,INST,,,,,False
2023,sa3039705,Carlos Perez,MIA,,,,,False
2024,sa3040969,Carlos Rodriguez-Velez,UAPB,,,,,False
2025,sa3040969,Carlos Rodriguez-Velez,UAPB,,,,,False
2021,sa3017536,Carlos Tavera,UTA,5.0,137.0,Baltimore Orioles,university of texas - arlington,True
2025,sa3044386,Carlos Vasquez,WKU,,,,,False
2023,sa3033244,Carlton Harper,LIU,,,,,False
2024,sa3033244,Carlton Harper,LIU,,,,,False
2024,sa3038619,Carmelo Musacchia,NE,,,,,False
2025,sa3038619,Carmelo Musacchia,NE,,,,,False
2021,sa3019989,Carmine Lane,USF,,,,,False
2022,sa3019989,Carmine Lane,USF,19.0,562.0,Miami Marlins,university of south florida,True
2022,sa3039815,Carmine Petosa,BRY,,,,,False
2023,sa3039815,Carmine Petosa,BRY,,,,,False
2024,sa3039815,Carmine Petosa,BRY,,,,,False
2025,sa3060641,Carrson Sova,BGSU,,,,,False
2022,sa3040165,Carsen Pracht,GMU,,,,,False
2023,sa3040165,Carsen Pracht,GMU,,,,,False
2024,sa3040165,Carsen Pracht,GMU,,,,,False
2025,sa3026133,Carson Applegate,JOES,,,,,False
2025,sa3058534,Carson Bailey,BAY,,,,,False
2021,sa3026661,Carson Bartels,SJU,,,,,False
2024,sa3026771,Carson Bayne,CLT,,,,,False
2025,sa3026771,Carson Bayne,CLT,,,,,False
2021,sa3026897,Carson Bell,JMU,,,,,False
2022,sa3026897,Carson Bell,JMU,,,,,False
2024,sa3026897,Carson Bell,RAD,,,,,False
2023,sa3025452,Carson Benge,OKST,,,,,False
2024,sa3025452,Carson Benge,OKST,1.0,19.0,New York Mets,oklahoma state university,True
2024,sa3028190,Carson Byers,M-OH,,,,,False
2025,sa3028190,Carson Byers,M-OH,,,,,False
2024,sa3028970,Carson Clark,WRST,,,,,False
2023,sa3029533,Carson Crawford,CAL,,,,,False
2021,sa3029609,Carson Crowe,JVST,,,,,False
2022,sa3029609,Carson Crowe,JVST,,,,,False
2023,sa3029609,Carson Crowe,JVST,,,,,False
2022,sa3025198,Carson DeMartini,VT,,,,,False
2023,sa3025198,Carson DeMartini,VT,,,,,False
2024,sa3025198,Carson DeMartini,VT,4.0,130.0,Philadelphia Phillies,virginia tech,True
2024,sa3025643,Carson Dorsey,FSU,7.0,219.0,Baltimore Orioles,florida state university,True
2022,sa3030664,Carson Dunkel,ALB,,,,,False
2023,sa3030664,Carson Dunkel,ALB,,,,,False
2025,sa3031045,Carson Estridge,WVU,,,,,False
2023,sa3031494,Carson Fluno,UL,,,,,False
2024,sa3031494,Carson Fluno,UL,,,,,False
2023,sa3031982,Carson Garner,MUR,,,,,False
2024,sa3031982,Carson Garner,MUR,,,,,False
2025,sa3031982,Carson Garner,MUR,,,,,False
2023,sa3032768,Carson Gross,UNCO,,,,,False
2024,sa3032768,Carson Gross,UNCO,,,,,False
2024,sa3033156,Carson Hansen,MILW,,,,,False
2025,sa3034103,Carson Hornung,JVST,,,,,False
2022,sa3034355,Carson Husmann,BRAD,,,,,False
2023,sa3034355,Carson Husmann,BRAD,,,,,False
2024,sa3034355,Carson Husmann,VAL,,,,,False
2021,sa3034715,Carson Johnson,CLT,,,,,False
2022,sa3034856,Carson Jones,ULM,,,,,False
2023,sa3034856,Carson Jones,ULM,,,,,False
2023,sa3022652,Carson Jones,VT,15.0,457.0,Seattle Mariners,virginia tech,True
2024,sa3035206,Carson Kelly,FAMU,,,,,False
2025,sa3035206,Carson Kelly,FAMU,,,,,False
2024,sa3035297,Carson Kerce,GT,,,,,False
2025,sa3035297,Carson Kerce,GT,,,,,False
2022,sa3035876,Carson Lambert,USC,,,,,False
2025,sa3035914,Carson Lane,UNLV,,,,,False
2023,sa3036335,Carson Liggett,LOU,,,,,False
2025,sa3059849,Carson Lorch,TAR,,,,,False
2024,sa3036565,Carson Lore,SAM,,,,,False
2024,sa3036851,Carson Magill,QUC,,,,,False
2023,sa3037381,Carson Mayfield,COR,,,,,False
2024,sa3037381,Carson Mayfield,COR,,,,,False
2025,sa3037381,Carson Mayfield,COR,,,,,False
2021,sa3037528,Carson McCusker,OKST,,,,,False
2022,sa3023470,Carson Montgomery,FSU,,,,,False
2023,sa3023470,Carson Montgomery,FSU,11.0,341.0,San Diego Padres,florida state university,True
2024,sa3038635,Carson Myers,AUB,,,,,False
2025,sa3038635,Carson Myers,AUB,,,,,False
2023,sa3038635,Carson Myers,UAB,,,,,False
2024,sa3039080,Carson Ohland,WASH,,,,,False
2024,sa3039313,Carson Ozmer,PENN,,,,,False
2022,sa3039343,Carson Paetow,USM,,,,,False
2023,sa3039343,Carson Paetow,USM,,,,,False
2024,sa3039343,Carson Paetow,USM,,,,,False
2025,sa3039343,Carson Paetow,USM,,,,,False
2021,31612,Carson Palmquist,MIA,,,,,False
2022,31612,Carson Palmquist,MIA,3.0,88.0,Colorado Rockies,university of miami,True
2023,sa3040870,Carson Roberts,UIC,,,,,False
2021,sa3022825,Carson Roccaforte,UL,,,,,False
2022,sa3022825,Carson Roccaforte,UL,,,,,False
2023,sa3022825,Carson Roccaforte,UL,2.0,66.0,Kansas City Royals,university of louisiana at lafayette,True
2022,sa3041086,Carson Rollins,UIW,,,,,False
2025,sa3060521,Carson Schrack,SEMO,,,,,False
2021,30084,Carson Seymour,KSU,,,,,False
2021,sa3042035,Carson Shacklett,BEL,,,,,False
2022,sa3042035,Carson Shacklett,BEL,,,,,False
2022,sa3020451,Carson Skipper,AUB,11.0,326.0,Colorado Rockies,auburn university,True
2021,sa3043131,Carson Stinnett,MEM,,,,,False
2022,sa3043373,Carson Swank,YALE,,,,,False
2023,sa3043373,Carson Swank,YALE,,,,,False
2025,sa3043851,Carson Tinney,ND,,,,,False
2025,sa3060822,Carson Van Haaren,EKU,,,,,False
2023,sa3044986,Carson Wells,USC,,,,,False
2024,sa3044986,Carson Wells,USC,,,,,False
2021,31676,Carson Whisenhunt,ECU,,,,,False
2022,sa3045686,Carson Yates,UCLA,,,,,False
2023,sa3045686,Carson Yates,UCLA,,,,,False
2025,sa3033664,Carston Herman,UVU,,,,,False
2025,sa3058533,Carter Bailey,GAST,,,,,False
2025,sa3058591,Carter Beck,INST,,,,,False
2021,sa3026941,Carter Benbrook,UCSB,,,,,False
2025,sa3027033,Carter Bergman,MOST,,,,,False
2022,sa3027387,Carter Booth,UTAH,,,,,False
2021,sa3027416,Carter Bosch,GTWN,,,,,False
2022,sa3027416,Carter Bosch,GTWN,,,,,False
2024,sa3027562,Carter Brady,FAU,,,,,False
2023,sa3028319,Carter Campbell,OU,,,,,False
2025,sa3058831,Carter Casabella,TNTC,,,,,False
2025,sa3058939,Carter Cox,NIU,,,,,False
2023,sa3025170,Carter Cunningham,ECU,,,,,False
2024,sa3025170,Carter Cunningham,ECU,10.0,307.0,Toronto Blue Jays,east carolina university,True
2025,sa3030029,Carter DeGondea,GASO,,,,,False
2023,sa3030054,Carter Delaney,UCD,,,,,False
2025,sa3030474,Carter Doorn,PUR,,,,,False
2023,sa3030484,Carter Dorighi,BUT,,,,,False
2024,sa3030484,Carter Dorighi,BUT,,,,,False
2022,sa3030484,Carter Dorighi,LAF,,,,,False
2024,sa3031340,Carter Fink,ETSU,,,,,False
2025,sa3031340,Carter Fink,ETSU,,,,,False
2024,sa3031905,Carter Garate,ORE,,,,,False
2025,sa3031905,Carter Garate,ORE,,,,,False
2024,sa3032040,Carter Gaston,PORT,,,,,False
2025,sa3032040,Carter Gaston,PORT,,,,,False
2022,sa3022824,Carter Graham,STAN,,,,,False
2023,sa3022824,Carter Graham,STAN,8.0,228.0,Cincinnati Reds,stanford university,True
2024,sa3032754,Carter Groen,IONA,,,,,False
2024,sa3032976,Carter Hain,OAK,,,,,False
2025,sa3032976,Carter Hain,OAK,,,,,False
2023,sa3033176,Carter Hanson,MASS,,,,,False
2024,sa3033176,Carter Hanson,MASS,,,,,False
2025,sa3033176,Carter Hanson,MASS,,,,,False
2023,sa3033594,Carter Hendrickson,XAV,,,,,False
2024,sa3033594,Carter Hendrickson,XAV,,,,,False
2025,sa3033594,Carter Hendrickson,XAV,,,,,False
2021,sa3033624,Carter Henry,HOU,,,,,False
2021,sa3034021,Carter Holt,ARST,,,,,False
2022,sa3034021,Carter Holt,ARST,,,,,False
2022,sa3025599,Carter Holton,VAN,,,,,False
2023,sa3025599,Carter Holton,VAN,,,,,False
2024,sa3025599,Carter Holton,VAN,2.0,62.0,Atlanta Braves,vanderbilt university,True
2025,sa3059589,Carter Jenkins,NICH,,,,,False
2025,sa3059604,Carter Johnstone,CSUF,,,,,False
2022,sa3036586,Carter Lovasz,W&M,,,,,False
2023,sa3036586,Carter Lovasz,W&M,,,,,False
2025,sa3036586,Carter Lovasz,W&M,8.0,247.0,Atlanta Braves,william and mary,True
2021,sa3036795,Carter Macias,ARMY,,,,,False
2022,sa3036795,Carter Macias,ARMY,,,,,False
2022,sa3025196,Carter Mathison,IU,,,,,False
2023,sa3025196,Carter Mathison,IU,,,,,False
2024,sa3025196,Carter Mathison,IU,5.0,162.0,Philadelphia Phillies,university of indiana,True
2025,sa3038228,Carter Monda,UNCO,,,,,False
2024,sa3038234,Carter Monke,ILST,,,,,False
2025,sa3038234,Carter Monke,ILST,,,,,False
2025,sa3038807,Carter Newman,LONG,,,,,False
2021,sa3040305,Carter Putz,ND,,,,,False
2022,sa3040305,Carter Putz,ND,,,,,False
2023,sa3040305,Carter Putz,ND,,,,,False
2022,sa3040897,Carter Robinson,TULN,,,,,False
2021,sa3040897,Carter Robinson,UL,,,,,False
2022,sa3041350,Carter Rustad,MIZ,,,,,False
2024,sa3041350,Carter Rustad,MIZ,15.0,459.0,Baltimore Orioles,university of missouri,True
2021,sa3041350,Carter Rustad,USD,,,,,False
2024,sa3041395,Carter Sabol,PFW,,,,,False
2024,sa3041525,Carter Sanford,MER,,,,,False
2021,sa3042151,Carter Sheppard,HPU,,,,,False
2022,sa3042151,Carter Sheppard,HPU,,,,,False
2025,sa3042364,Carter Sintek,SDST,,,,,False
2021,sa3042502,Carter Smith,BYU,,,,,False
2021,sa3042501,Carter Smith,LIP,,,,,False
2022,sa3042854,Carter Spivey,ECU,,,,,False
2023,sa3042854,Carter Spivey,ECU,,,,,False
2025,sa3043356,Carter Sutton,LAM,,,,,False
2022,sa3043356,Carter Sutton,WIN,,,,,False
2021,sa3022661,Carter Trice,ODU,,,,,False
2022,sa3022661,Carter Trice,ODU,,,,,False
2025,sa3060849,Carter Vrabel,TNTC,,,,,False
2023,sa3045103,Carter White,CSUF,,,,,False
2025,sa3060910,Carter White,NWST,,,,,False
2025,sa3060909,Carter White,UNF,,,,,False
2021,sa3045729,Carter Young,GCU,,,,,False
2022,sa3045729,Carter Young,GCU,,,,,False
2024,sa3045729,Carter Young,GCU,,,,,False
2021,sa3020534,Carter Young,VAN,,,,,False
2022,sa3020534,Carter Young,VAN,17.0,497.0,Baltimore Orioles,vanderbilt university,True
2024,sa3026145,Cary Arbolida,HOU,,,,,False
2024,sa3041494,Case Sanderson,NEB,,,,,False
2025,sa3041494,Case Sanderson,NEB,,,,,False
2025,sa3060691,Case Sullivan,VAL,,,,,False
2025,sa3043467,Casen Taggart,WASH,,,,,False
2024,sa3043467,Casen Taggart,WSU,,,,,False
2023,sa3022742,Casey Anderson,UVU,11.0,325.0,Arizona Diamondbacks,utah valley university,True
2023,sa3027175,Casey Bishop,TOW,,,,,False
2025,sa3027175,Casey Bishop,TOW,,,,,False
2025,sa3027389,Casey Borba,TEX,,,,,False
2022,sa3028034,Casey Burfield,NEV,,,,,False
2024,sa3028034,Casey Burfield,NEV,,,,,False
2025,sa3028034,Casey Burfield,NEV,,,,,False
2023,sa3028081,Casey Burnham,NEB,,,,,False
2022,sa3028656,Casey Caufield,MONM,,,,,False
2023,sa3028656,Casey Caufield,MONM,,,,,False
2024,sa3028656,Casey Caufield,MONM,,,,,False
2025,sa3028656,Casey Caufield,MONM,,,,,False
2023,sa3025356,Casey Cook,UNC,,,,,False
2024,sa3025356,Casey Cook,UNC,3.0,103.0,Texas Rangers,university of north carolina,True
2022,sa3019896,Casey Dana,CONN,16.0,478.0,Los Angeles Angels,university of connecticut,True
2021,sa3019896,Casey Dana,HALL,,,,,False
2025,sa3032177,Casey Gibbs,LONG,,,,,False
2021,sa3033221,Casey Harford,UTM,,,,,False
2022,sa3033221,Casey Harford,UTM,,,,,False
2023,sa3033526,Casey Hegan,MRMK,,,,,False
2025,sa3033864,Casey Hintz,ARIZ,16.0,482.0,Seattle Mariners,university of arizona,True
2024,sa3035485,Casey Kleinman,VCU,,,,,False
2025,sa3035485,Casey Kleinman,VCU,,,,,False
2022,sa3037378,Casey Mayes,MSU,,,,,False
2023,sa3037378,Casey Mayes,MSU,,,,,False
2025,sa3038598,Casey Murray Jr.,CP,,,,,False
2021,sa3017509,Casey Opitz,ARK,8.0,244.0,Chicago Cubs,university of arkansas,True
2024,sa3039739,Casey Perrenoud,EIU,,,,,False
2021,sa3041198,Casey Rother,LEH,,,,,False
2022,sa3041198,Casey Rother,LEH,,,,,False
2023,sa3041198,Casey Rother,LEH,,,,,False
2022,sa3025382,Casey Saucke,UVA,,,,,False
2023,sa3025382,Casey Saucke,UVA,,,,,False
2024,sa3025382,Casey Saucke,UVA,4.0,107.0,Chicago White Sox,university of virginia,True
2024,sa3042190,Casey Shipley,CARK,,,,,False
2025,sa3042190,Casey Shipley,CARK,,,,,False
2025,sa3042506,Casey Smith,JMU,,,,,False
2025,sa3065136,Casey Smith,MERC,,,,,False
2025,sa3042750,Casey Sorg,BELL,,,,,False
2023,sa3041274,Cash Rugely,KSU,,,,,False
2022,sa3045731,Cash Young,KENN,,,,,False
2025,sa3030631,Cashel Duggar,UCLA,,,,,False
2024,sa3028320,Cason Campbell,ARST,,,,,False
2025,sa3028320,Cason Campbell,ARST,,,,,False
2022,sa3032685,Cason Gregory,UTA,,,,,False
2024,sa3043898,Cason Tollett,ARST,,,,,False
2025,sa3043898,Cason Tollett,ARST,,,,,False
2024,sa3027560,Cavan Brady,MRMK,,,,,False
2025,sa3027560,Cavan Brady,MRMK,,,,,False
2022,sa3044136,Cavan Tully,BING,,,,,False
2023,sa3044136,Cavan Tully,BING,,,,,False
2025,sa3027898,Cayden Brumbaugh,NEB,,,,,False
2025,sa3060110,Cayden Munster,FRES,,,,,False
2025,sa3060142,Cayden Nicoletto,MIZ,,,,,False
2025,sa3062902,Cayden Smith,CMU,,,,,False
2021,sa3019996,Cayden Wallace,ARK,,,,,False
2022,sa3019996,Cayden Wallace,ARK,2.0,49.0,Kansas City Royals,university of arkansas,True
2021,sa3045863,Cayden Zimmerman,AFA,,,,,False
2024,sa3030720,Caylon Dygert,UTA,,,,,False
2025,sa3030720,Caylon Dygert,UTA,,,,,False
2025,sa3059835,Cecil Lofton,SIU,,,,,False
2022,sa3032229,Cedric Gillette,MRMK,,,,,False
2023,sa3032229,Cedric Gillette,MRMK,,,,,False
2021,sa3041148,Cedric Rose,UML,,,,,False
2022,sa3041148,Cedric Rose,UML,,,,,False
2025,sa3058658,Cermodrick Bland,SFA,,,,,False
2024,sa3031622,Cesar Franco,WIU,,,,,False
2022,sa3044300,Cesar Valero,SAC,,,,,False
2023,sa3044300,Cesar Valero,SAC,,,,,False
2024,sa3044300,Cesar Valero,SAC,,,,,False
2024,sa3028748,Chace Chaplin,YALE,,,,,False
2021,sa3033261,Chace Harris,OHIO,,,,,False
2023,sa3027406,Chad Born,CCU,,,,,False
2022,sa3029158,Chad Coles,YSU,,,,,False
2021,sa3018180,Chad Dallas,TENN,4.0,121.0,Toronto Blue Jays,university of tennessee,True
2022,sa3032009,Chad Gartland,GMU,,,,,False
2023,sa3032009,Chad Gartland,GMU,,,,,False
2024,sa3032009,Chad Gartland,GMU,,,,,False
2021,sa3033536,Chad Heiner,MRSH,,,,,False
2022,sa3033536,Chad Heiner,MRSH,,,,,False
2024,sa3033536,Chad Heiner,MRSH,,,,,False
2022,sa3035541,Chad Knight,DUKE,,,,,False
2021,29614,Chad Stevens,PORT,11.0,328.0,Houston Astros,university of portland,True
2023,sa3026246,Champ Artigues,SELA,,,,,False
2023,sa3029839,Chance Daquila,CAM,,,,,False
2021,sa3034200,Chance Hroch,NEB,,,,,False
2022,sa3020317,Chance Huff,GT,8.0,231.0,Washington Nationals,georgia institute of technology,True
2025,sa3059672,Chance Key,GCU,,,,,False
2025,sa3038284,Chance Moore,SBU,,,,,False
2023,sa3040598,Chance Reisdorph,AMCC,,,,,False
2024,sa3040598,Chance Reisdorph,AMCC,,,,,False
2023,sa3040628,Chance Resetich,SEMO,,,,,False
2022,sa3043166,Chance Stone,MCN,,,,,False
2024,sa3025863,Chandler Alderman,MTSU,,,,,False
2025,sa3025863,Chandler Alderman,MTSU,,,,,False
2022,sa3020446,Chandler Arnold,DBU,13.0,397.0,St. Louis Cardinals,dallas baptist university,True
2025,sa3026989,Chandler Benson,ACU,,,,,False
2022,sa3028628,Chandler Castleberry,TOW,,,,,False
2021,sa3018138,Chandler Champlain,USC,9.0,273.0,New York Yankees,university of southern california,True
2023,sa3029863,Chandler David,SHSU,,,,,False
2024,sa3029863,Chandler David,SHSU,,,,,False
2022,sa3029863,Chandler David,UIW,,,,,False
2021,sa3030329,Chandler Dillard,JKST,,,,,False
2021,sa3031500,Chandler Fochs,WIU,,,,,False
2022,sa3031500,Chandler Fochs,WIU,,,,,False
2024,sa3032216,Chandler Giles,LIP,,,,,False
2021,sa3017307,Chandler Jozwiak,TA&M,13.0,389.0,Miami Marlins,texas aandm university,True
2021,sa3023123,Chandler Murphy,ARIZ,,,,,False
2023,sa3023123,Chandler Murphy,MIZ,12.0,363.0,Tampa Bay Rays,university of missouri,True
2023,sa3040761,Chandler Riley,CAM,,,,,False
2024,sa3040761,Chandler Riley,CAM,,,,,False
2025,sa3040761,Chandler Riley,CLT,,,,,False
2022,31912,Chandler Simpson,GT,2.0,70.0,Tampa Bay Rays,georgia institute of technology,True
2021,31912,Chandler Simpson,UAB,,,,,False
2022,sa3043144,Chandler Stocking,AAMU,,,,,False
2023,sa3043144,Chandler Stocking,AAMU,,,,,False
2024,sa3044190,Chandler Tuupo,CHSO,,,,,False
2025,sa3044190,Chandler Tuupo,CHSO,,,,,False
2022,sa3025667,Chandler Welch,TULN,,,,,False
2023,sa3025667,Chandler Welch,TULN,,,,,False
2024,sa3025667,Chandler Welch,TULN,6.0,185.0,Milwaukee Brewers,tulane university,True
2021,sa3030408,Chaney Dodge,SFA,,,,,False
2021,sa3041040,Chaney Rogers,UGA,,,,,False
2022,sa3041040,Chaney Rogers,UGA,,,,,False
2021,sa3016952,Channy Ortiz,GCU,14.0,408.0,Arizona Diamondbacks,grand canyon university,True
2025,sa3059074,Chanz Doughty,STBK,,,,,False
2022,sa3029534,Charles Crawford,BRWN,,,,,False
2024,sa3029534,Charles Crawford,BRWN,,,,,False
2025,sa3029860,Charles Davalan,ARK,1.0,41.0,Los Angeles Dodgers,university of arkansas,True
2024,sa3029860,Charles Davalan,FGCU,,,,,False
2021,sa3035391,Charles King,TCU,,,,,False
2022,sa3037247,Charles Masino,PEPP,,,,,False
2023,sa3037247,Charles Masino,PEPP,,,,,False
2024,sa3037247,Charles Masino,PEPP,,,,,False
2022,sa3022823,Charles McAdoo,SJSU,,,,,False
2023,sa3022823,Charles McAdoo,SJSU,13.0,377.0,Pittsburgh Pirates,san jose state university,True
2021,sa3037984,Charles Middleton Jr.,PAC,,,,,False
2022,sa3037984,Charles Middleton Jr.,USA,,,,,False
2025,sa3060092,Charles Morris,AAMU,,,,,False
2025,sa3045028,Charles West,CONN,,,,,False
2021,sa3033731,Charley Hesse,NDSU,,,,,False
2022,sa3033731,Charley Hesse,NDSU,,,,,False
2025,sa3065085,Charley Magoulick,RID,,,,,False
2023,sa3025590,Charlie Beilenson,DUKE,,,,,False
2024,sa3025590,Charlie Beilenson,DUKE,5.0,154.0,Seattle Mariners,duke university,True
2022,sa3026898,Charlie Bell,OMA,,,,,False
2023,sa3026898,Charlie Bell,OMA,,,,,False
2024,sa3026898,Charlie Bell,OMA,,,,,False
2024,sa3028883,Charlie Christenson,CARK,,,,,False
2025,sa3028883,Charlie Christenson,CARK,,,,,False
2023,sa3025257,Charlie Condon,UGA,,,,,False
2024,sa3025257,Charlie Condon,UGA,1.0,3.0,Colorado Rockies,university of georgia,True
2021,sa3029261,Charlie Connolly,NAVY,20.0,612.0,Los Angeles Dodgers,united states naval academy,True
2023,sa3029435,Charlie Costello,SHU,,,,,False
2025,sa3058998,Charlie Davis,BEL,,,,,False
2024,sa3031065,Charlie Evans,WIN,,,,,False
2023,sa3031367,Charlie Fischer,NEB,,,,,False
2021,sa3031367,Charlie Fischer,USM,,,,,False
2023,sa3032363,Charlie Goldstein,UGA,,,,,False
2022,sa3032569,Charlie Granatell,ELON,,,,,False
2023,sa3032569,Charlie Granatell,ELON,,,,,False
2024,sa3032569,Charlie Granatell,ELON,,,,,False
2025,sa3032569,Charlie Granatell,ELON,,,,,False
2023,sa3034345,Charlie Hurley,TEX,,,,,False
2022,sa3034345,Charlie Hurley,USC,,,,,False
2025,sa3034444,Charlie Iriotakis,W&M,,,,,False
2024,sa3034861,Charlie Jones,AFA,,,,,False
2022,sa3035508,Charlie Klingler,HPU,,,,,False
2024,sa3035508,Charlie Klingler,HPU,,,,,False
2025,sa3035700,Charlie Krebs,MRSH,,,,,False
2024,sa3036092,Charlie Lazo,AAMU,,,,,False
2025,sa3059840,Charlie Longmeier,EVAN,,,,,False
2021,sa3036659,Charlie Ludwick,EKU,,,,,False
2022,sa3036659,Charlie Ludwick,EKU,,,,,False
2023,sa3036659,Charlie Ludwick,EKU,,,,,False
2025,sa3059914,Charlie Marion,MILW,,,,,False
2021,sa3037533,Charlie McDaniel,PRES,,,,,False
2022,sa3037533,Charlie McDaniel,PRES,,,,,False
2023,sa3037533,Charlie McDaniel,PRES,,,,,False
2024,sa3037533,Charlie McDaniel,PRES,,,,,False
2024,sa3037795,Charlie Meglio,CAM,,,,,False
2025,sa3037795,Charlie Meglio,CAM,,,,,False
2025,sa3060143,Charlie Niehaus,CIN,,,,,False
2021,sa3022487,Charlie Pagliarini,FAIR,,,,,False
2022,sa3022487,Charlie Pagliarini,FAIR,,,,,False
2023,sa3022487,Charlie Pagliarini,FAIR,19.0,577.0,Seattle Mariners,fairfield university,True
2024,sa3039422,Charlie Parcell,NIU,,,,,False
2025,sa3039422,Charlie Parcell,NIU,,,,,False
2025,sa3041034,Charlie Rogan,GW,,,,,False
2025,sa3060495,Charlie Saul,BRY,,,,,False
2025,sa3041598,Charlie Saum,STAN,,,,,False
2024,sa3041680,Charlie Schebler,AKR,,,,,False
2025,sa3041680,Charlie Schebler,AKR,,,,,False
2025,sa3041760,Charlie Scholvin,TOL,,,,,False
2025,sa3065851,Charlie Smith,MEM,,,,,False
2025,sa3043344,Charlie Sutherland,MINN,,,,,False
2023,sa3022689,Charlie Szykowny,UIC,9.0,270.0,San Francisco Giants,university of illinois at chicago,True
2025,sa3044661,Charlie Walker,NE,,,,,False
2025,sa3060861,Charlie Walsh,GW,,,,,False
2024,sa3044920,Charlie Weber,SLU,,,,,False
2025,sa3044920,Charlie Weber,SLU,,,,,False
2023,sa3044920,Charlie Weber,WOF,,,,,False
2022,sa3025781,Chase Adkison,OKST,,,,,False
2023,sa3025781,Chase Adkison,OKST,,,,,False
2022,sa3025909,Chase Allen,MICH,,,,,False
2023,sa3025909,Chase Allen,MICH,,,,,False
2024,sa3025909,Chase Allen,MICH,,,,,False
2023,sa3025950,Chase Allsup,AUB,,,,,False
2024,sa3025950,Chase Allsup,AUB,4.0,127.0,Baltimore Orioles,auburn university,True
2022,sa3026035,Chase Anderson,UTAH,,,,,False
2023,sa3027276,Chase Bloomer,SIUE,,,,,False
2024,sa3027276,Chase Bloomer,SIUE,,,,,False
2025,sa3027276,Chase Bloomer,SIUE,,,,,False
2024,sa3027910,Chase Brunson,TCU,,,,,False
2025,sa3027910,Chase Brunson,TCU,,,,,False
2022,35333,Chase Burns,TENN,,,,,False
2023,35333,Chase Burns,TENN,,,,,False
2024,35333,Chase Burns,WAKE,1.0,2.0,Cincinnati Reds,wake forest university,True
2023,sa3028273,Chase Call,UCI,,,,,False
2024,sa3028273,Chase Call,UCI,,,,,False
2025,sa3028273,Chase Call,UCI,16.0,486.0,Houston Astros,"university of california, irvine",True
2025,sa3028512,Chase Carson,CLT,,,,,False
2025,sa3028552,Chase Carver,BELL,,,,,False
2022,sa3025431,Chase Centala,UCF,,,,,False
2023,sa3029578,Chase Cromer,TXSO,,,,,False
2022,sa3022426,Chase Davis,ARIZ,,,,,False
2023,sa3022426,Chase Davis,ARIZ,1.0,21.0,St. Louis Cardinals,university of arizona,True
2021,sa3021053,Chase DeLauter,JMU,,,,,False
2024,sa3030374,Chase Ditmar,UNLV,,,,,False
2021,33482,Chase Dollander,GASO,,,,,False
2022,33482,Chase Dollander,TENN,,,,,False
2023,33482,Chase Dollander,TENN,1.0,9.0,Colorado Rockies,university of tennessee,True
2021,sa3030938,Chase Engelhard,TULN,,,,,False
2022,sa3030938,Chase Engelhard,TULN,,,,,False
2021,sa3020120,Chase Estep,UK,,,,,False
2022,sa3020120,Chase Estep,UK,9.0,269.0,New York Mets,university of kentucky,True
2021,sa3031267,Chase Fernlund,UTAH,,,,,False
2025,sa3059222,Chase Fralick,AUB,,,,,False
2025,sa3031860,Chase Gallegos,UNLV,,,,,False
2021,sa3032077,Chase Gearing,NICH,,,,,False
2022,sa3032077,Chase Gearing,NICH,,,,,False
2023,sa3032077,Chase Gearing,NICH,,,,,False
2023,sa3032595,Chase Graves,PAC,,,,,False
2024,sa3032595,Chase Graves,PAC,,,,,False
2022,sa3020682,Chase Hampton,TTU,6.0,190.0,New York Yankees,texas tech university,True
2023,sa3034071,Chase Hopewell,CIN,,,,,False
2023,sa3034105,Chase Horst,CIN,,,,,False
2022,sa3034252,Chase Hug,EVAN,,,,,False
2023,sa3034252,Chase Hug,EVAN,,,,,False
2024,sa3034304,Chase Hungate,UVA,,,,,False
2022,sa3034304,Chase Hungate,VCU,,,,,False
2025,sa3034429,Chase Ingram,UAB,,,,,False
2023,sa3034580,Chase Jans,KU,,,,,False
2025,sa3034580,Chase Jans,NICH,,,,,False
2023,sa3034680,Chase Jeter,BRY,,,,,False
2021,sa3034680,Chase Jeter,SHU,,,,,False
2022,sa3034680,Chase Jeter,SHU,,,,,False
2024,sa3035159,Chase Keeton,MCN,,,,,False
2021,sa3035239,Chase Kemp,LAM,,,,,False
2022,sa3035239,Chase Kemp,LAM,,,,,False
2022,sa3035256,Chase Keng,UTSA,,,,,False
2025,sa3035717,Chase Krewson,UCF,,,,,False
2024,sa3035720,Chase Kriebel,FGCU,,,,,False
2021,sa3019864,Chase Luttrell,LBSU,,,,,False
2022,sa3019864,Chase Luttrell,LBSU,,,,,False
2022,sa3036922,Chase Malloy,JAX,,,,,False
2023,sa3036922,Chase Malloy,JAX,,,,,False
2023,sa3037285,Chase Matheny,UPST,,,,,False
2022,31580,Chase Meidroth,USD,4.0,129.0,Boston Red Sox,university of san diego,True
2025,sa3037938,Chase Meyer,WVU,,,,,False
2023,sa3038326,Chase Mora,TXST,,,,,False
2024,sa3038326,Chase Mora,TXST,,,,,False
2025,sa3038326,Chase Mora,TXST,,,,,False
2024,sa3038361,Chase Morgan,UL,,,,,False
2025,sa3038361,Chase Morgan,UL,,,,,False
2025,sa3038890,Chase Nixon,MEM,,,,,False
2023,sa3040189,Chase Prestwich,NWST,,,,,False
2024,sa3040189,Chase Prestwich,NWST,,,,,False
2025,sa3040719,Chase Richter,ARST,,,,,False
2021,sa3041087,Chase Rollin,CMU,,,,,False
2021,sa3041903,Chase Sebby,BALL,,,,,False
2025,sa3042212,Chase Shores,LSU,2.0,47.0,Los Angeles Angels,louisiana state university,True
2021,30074,Chase Silseth,ARIZ,11.0,321.0,Los Angeles Angels,university of arizona,True
2023,sa3042825,Chase Spencer,AFA,,,,,False
2024,sa3042825,Chase Spencer,AFA,,,,,False
2025,sa3042825,Chase Spencer,AFA,,,,,False
2021,sa3042935,Chase Stanke,MINN,,,,,False
2022,sa3042935,Chase Stanke,MINN,,,,,False
2024,sa3043367,Chase Swain,MAN,,,,,False
2025,sa3043367,Chase Swain,WVU,,,,,False
2021,sa3043481,Chase Talbot,HCU,,,,,False
2022,sa3044524,Chase Vinson,MORE,,,,,False
2023,sa3044524,Chase Vinson,MORE,,,,,False
2021,sa3044946,Chase Wehsener,BAY,,,,,False
2022,sa3044946,Chase Wehsener,BAY,,,,,False
2022,sa3044965,Chase Weissenborn,UNM,,,,,False
2023,sa3044965,Chase Weissenborn,UNM,,,,,False
2021,29866,Chayce McDermott,BALL,4.0,132.0,Houston Astros,ball state university,True
2024,sa3035692,Chayton Krauss,DBU,,,,,False
2025,sa3035692,Chayton Krauss,DBU,,,,,False
2021,sa3027078,Chaz Bertolani,LIP,,,,,False
2022,sa3027078,Chaz Bertolani,LIP,,,,,False
2021,sa3030103,Chaz DeLuca,NIA,,,,,False
2022,sa3038636,Chaz Myers,PAC,,,,,False
2023,sa3038636,Chaz Myers,PAC,,,,,False
2022,sa3020468,Chazz Martinez,OU,17.0,505.0,Kansas City Royals,university of oklahoma,True
2025,sa3027806,Chenar Brown,GRAM,,,,,False
2021,sa3027806,Chenar Brown,JKST,,,,,False
2023,sa3038836,Cherokee Nichols,UNF,,,,,False
2024,sa3038836,Cherokee Nichols,UNF,,,,,False
2024,sa3036082,Chet Lax,WRST,,,,,False
2024,sa3042279,Chet Sikes,NCAT,,,,,False
2021,sa3042279,Chet Sikes,NCCU,,,,,False
2023,sa3030489,Chevalier Dorris,AAMU,,,,,False
2024,sa3030489,Chevalier Dorris,AAMU,,,,,False
2022,sa3030024,Chic DeGaetano,VILL,,,,,False
2023,sa3030024,Chic DeGaetano,VILL,,,,,False
2023,sa3037840,Chipper Menard,ULM,,,,,False
2024,sa3037840,Chipper Menard,ULM,,,,,False
2024,sa3030311,Choyce Diffey,UTM,,,,,False
2023,sa3026012,Chris Amparo,DSU,,,,,False
2024,sa3026012,Chris Amparo,DSU,,,,,False
2022,sa3026080,Chris Andrews,MONM,,,,,False
2025,sa3026080,Chris Andrews,MONM,,,,,False
2025,sa3026239,Chris Arroyo,UVA,5.0,139.0,Miami Marlins,university of virginia,True
2024,sa3026413,Chris Baillargeon,HC,,,,,False
2025,sa3026413,Chris Baillargeon,HC,,,,,False
2024,sa3026619,Chris Barr,ARMY,,,,,False
2025,sa3026619,Chris Barr,ARMY,,,,,False
2021,sa3026688,Chris Bashlor,LIP,,,,,False
2025,sa3058588,Chris Bear,ME,,,,,False
2021,sa3027707,Chris Brito,RUTG,,,,,False
2022,sa3027707,Chris Brito,RUTG,,,,,False
2023,sa3027707,Chris Brito,RUTG,,,,,False
2025,sa3027807,Chris Brown,CCSU,,,,,False
2021,sa3027807,Chris Brown,CONN,,,,,False
2021,sa3028221,Chris Cabrera,DAY,,,,,False
2022,sa3020396,Chris Campos,SMC,,,,,False
2023,sa3028348,Chris Canada,SDSU,,,,,False
2021,sa3028363,Chris Cannizzaro,BUCK,,,,,False
2022,sa3028363,Chris Cannizzaro,BUCK,,,,,False
2023,sa3028363,Chris Cannizzaro,VT,,,,,False
2024,sa3028363,Chris Cannizzaro,VT,,,,,False
2021,sa3028682,Chris Ceballos,KSU,,,,,False
2022,sa3022874,Chris Clark,HARV,,,,,False
2023,sa3022874,Chris Clark,HARV,5.0,147.0,Los Angeles Angels,harvard university,True
2025,sa3029130,Chris Cole,KENN,,,,,False
2022,sa3029256,Chris Conniff,SJU,,,,,False
2023,sa3029257,Chris Conniff,WAG,,,,,False
2024,sa3029257,Chris Conniff,WAG,,,,,False
2024,sa3029417,Chris Cortez,TA&M,2.0,45.0,Los Angeles Angels,texas aandm university,True
2021,sa3029512,Chris Crabtree,DUKE,,,,,False
2023,sa3030140,Chris Dengler,ODU,,,,,False
2025,sa3030255,Chris Diaz,FGCU,,,,,False
2025,sa3059050,Chris Diaz,MRST,,,,,False
2021,sa3030312,Chris DiFiore,BUCK,,,,,False
2023,sa3030312,Chris DiFiore,BUCK,,,,,False
2025,sa3030537,Chris Downs,CP,,,,,False
2021,sa3030692,Chris Durham,MEM,,,,,False
2024,sa3030852,Chris Einemann,BRY,,,,,False
2022,sa3030895,Chris Ellison,COR,,,,,False
2022,sa3031027,Chris Esposito,CREI,,,,,False
2021,sa3031027,Chris Esposito,OMA,,,,,False
2023,sa3031378,Chris Fisher,ALB,,,,,False
2023,sa3031497,Chris Flynn,BC,,,,,False
2024,sa3032109,Chris Genaro,FOR,,,,,False
2021,sa3017507,Chris Gerard,VT,,,,,False
2021,sa3032405,Chris Gonzalez,STET,,,,,False
2022,sa3032405,Chris Gonzalez,STET,,,,,False
2025,sa3032453,Chris Goode,MRMK,,,,,False
2021,sa3033074,Chris Hamilton,STBK,,,,,False
2024,sa3033528,Chris Hege,WIU,,,,,False
2025,sa3033888,Chris Hoalcraft,SBU,,,,,False
2021,sa3034617,Chris Jefferson,NMSU,,,,,False
2025,sa3065064,Chris Juchno,MERC,,,,,False
2022,sa3035966,Chris Lanzilli,ARK,,,,,False
2021,sa3035966,Chris Lanzilli,WAKE,,,,,False
2021,sa3036292,Chris Lewis,ALST,,,,,False
2022,sa3036292,Chris Lewis,ALST,,,,,False
2021,sa3036656,Chris Ludman,DEL,,,,,False
2022,sa3036656,Chris Ludman,DEL,,,,,False
2023,sa3036901,Chris Maldonado,VAN,,,,,False
2025,sa3037021,Chris Marcellus,GRAM,,,,,False
2021,sa3037083,Chris Marquart,SPU,,,,,False
2022,sa3037083,Chris Marquart,SPU,,,,,False
2024,sa3037124,Chris Marte,COPP,,,,,False
2022,sa3020806,Chris McElvain,VAN,8.0,243.0,Cincinnati Reds,vanderbilt university,True
2025,sa3037627,Chris McHugh,NCSU,,,,,False
2024,sa3037627,Chris McHugh,VCU,,,,,False
2021,sa3016956,Chris Meyers,TOL,13.0,375.0,Detroit Tigers,university of toledo,True
2025,sa3038039,Chris Miller,DART,,,,,False
2025,sa3038268,Chris Montone,RID,,,,,False
2025,sa3038329,Chris Morabito,BUCK,,,,,False
2021,sa3019971,Chris Newell,UVA,,,,,False
2022,sa3019971,Chris Newell,UVA,13.0,405.0,Los Angeles Dodgers,university of virginia,True
2025,sa3039115,Chris Olivier,LAM,,,,,False
2022,sa3039540,Chris Patterson,BCU,,,,,False
2021,sa3039605,Chris Pearsons,MASS,,,,,False
2024,sa3039636,Chris Peguero,DAY,,,,,False
2025,sa3039636,Chris Peguero,DAY,,,,,False
2022,sa3040140,Chris Pouliot,CAN,,,,,False
2025,sa3060331,Chris Ramirez,CBU,,,,,False
2025,sa3060352,Chris Rembert,AUB,,,,,False
2021,sa3040773,Chris Rinaldi,RICH,,,,,False
2023,sa3040871,Chris Roberti,STO,,,,,False
2021,sa3019861,Chris Rotondo,VILL,,,,,False
2022,sa3019861,Chris Rotondo,VILL,19.0,577.0,St. Louis Cardinals,villanova university,True
2022,sa3020338,Chris Santiago,SMC,,,,,False
2025,sa3041795,Chris Schuchart,DAV,,,,,False
2022,sa3042679,Chris Snopek,HARV,,,,,False
2024,sa3042679,Chris Snopek,HARV,,,,,False
2022,sa3042710,Chris Soeder,MVSU,,,,,False
2023,sa3042930,Chris Stanfield,AUB,,,,,False
2024,sa3042930,Chris Stanfield,AUB,,,,,False
2025,sa3042930,Chris Stanfield,LSU,,,,,False
2022,sa3043369,Chris Swanberg,MEM,,,,,False
2021,sa3043957,Chris Torres,UIC,,,,,False
2025,sa3060772,Chris Torres,UPST,,,,,False
2021,sa3044078,Chris Troost,UNCA,,,,,False
2021,sa3044180,Chris Turpin,UNO,,,,,False
2021,sa3023559,Chris Villaman,NCSU,,,,,False
2022,sa3023559,Chris Villaman,NCSU,9.0,284.0,Tampa Bay Rays,north carolina state university,True
2025,sa3044725,Chris Walsh,MONM,,,,,False
2021,sa3044919,Chris Weber,TA&M,,,,,False
2021,sa3045449,Chris Winkel,CONN,,,,,False
2022,sa3045581,Chris Worcester,EIU,,,,,False
2025,sa3045581,Chris Worcester,EIU,,,,,False
2024,sa3025750,Christian Adams,FAU,,,,,False
2024,sa3025816,Christian Aiello,RID,,,,,False
2023,sa3025952,Christian Almanza,SMC,,,,,False
2024,sa3025952,Christian Almanza,SMC,,,,,False
2021,sa3026321,Christian Avant,GASO,,,,,False
2022,sa3026321,Christian Avant,GASO,,,,,False
2021,sa3026743,Christian Bault,EMU,,,,,False
2024,sa3026749,Christian Bauman,CHSO,,,,,False
2022,sa3026779,Christian Beal,RICH,,,,,False
2023,sa3026779,Christian Beal,RICH,,,,,False
2023,sa3025606,Christian Becerra,CAL,,,,,False
2024,sa3025606,Christian Becerra,CAL,,,,,False
2023,sa3027052,Christian Bernabe,LR,,,,,False
2025,sa3065011,Christian Butera,BRWN,,,,,False
2025,sa3028426,Christian Carew,EIU,,,,,False
2025,sa3058856,Christian Chatterton,AUB,,,,,False
2021,sa3029118,Christian Coipel,JAX,,,,,False
2022,sa3029118,Christian Coipel,JAX,,,,,False
2023,sa3029324,Christian Coombes,SPU,,,,,False
2023,sa3029330,Christian Cooney,PORT,,,,,False
2024,sa3029330,Christian Cooney,PORT,,,,,False
2023,sa3029363,Christian Coppola,RUTG,,,,,False
2024,sa3029363,Christian Coppola,RUTG,,,,,False
2021,sa3030068,Christian Del Castillo,MIA,,,,,False
2024,sa3030294,Christian Dicochea,LMU,,,,,False
2021,sa3030741,Christian Easley,UMBC,,,,,False
2022,sa3030741,Christian Easley,UMBC,,,,,False
2023,sa3030741,Christian Easley,UMBC,,,,,False
2021,sa3017691,Christian Edwards,JVST,11.0,335.0,Chicago White Sox,jacksonville state university,True
2021,30011,Christian Encarnacion-Strand,OKST,4.0,128.0,Minnesota Twins,oklahoma state university,True
2021,sa3031210,Christian Fedko,CONN,,,,,False
2021,sa3031297,Christian Ficca,GTWN,,,,,False
2022,sa3031297,Christian Ficca,GTWN,,,,,False
2023,sa3031297,Christian Ficca,GTWN,,,,,False
2024,sa3031297,Christian Ficca,GTWN,,,,,False
2021,sa3017510,Christian Franklin,ARK,4.0,123.0,Chicago Cubs,university of arkansas,True
2021,sa3031882,Christian Gambale,AFA,,,,,False
2021,sa3031921,Christian Garcia,SELA,,,,,False
2022,sa3031921,Christian Garcia,SELA,,,,,False
2023,sa3032107,Christian Gemelli,MRMK,,,,,False
2024,sa3032107,Christian Gemelli,MRMK,,,,,False
2024,sa3032479,Christian Gordon,VCU,,,,,False
2022,sa3032562,Christian Graham,JAX,,,,,False
2022,sa3033013,Christian Hall,UAB,,,,,False
2023,sa3033013,Christian Hall,UAB,,,,,False
2021,sa3033013,Christian Hall,UTM,,,,,False
2023,sa3033658,Christian Herberholz,AUB,,,,,False
2024,sa3033658,Christian Herberholz,AUB,,,,,False
2021,sa3034858,Christian Jones,WASH,,,,,False
2024,sa3035146,Christian Keel,BRWN,,,,,False
2025,sa3035146,Christian Keel,BRWN,,,,,False
2021,sa3035458,Christian Kirtley,UCSB,,,,,False
2022,sa3035458,Christian Kirtley,UCSB,,,,,False
2023,sa3035458,Christian Kirtley,UCSB,,,,,False
2021,sa3023425,Christian Knapczyk,LOU,,,,,False
2022,sa3023425,Christian Knapczyk,LOU,,,,,False
2023,sa3023425,Christian Knapczyk,LOU,5.0,161.0,Cleveland Guardians,university of louisville,True
2024,sa3036340,Christian Lim,STAN,,,,,False
2022,sa3036647,Christian Lucio,MRSH,,,,,False
2021,sa3018005,Christian MacLeod,MSST,5.0,159.0,Minnesota Twins,mississippi state university,True
2023,sa3036848,Christian Maggio,QUC,,,,,False
2023,sa3025155,Christian Martin,VT,,,,,False
2024,sa3025155,Christian Martin,VT,18.0,531.0,St. Louis Cardinals,virginia tech,True
2024,sa3038164,Christian Mitchelle,CIN,,,,,False
2025,sa3038164,Christian Mitchelle,CIN,,,,,False
2023,sa3038164,Christian Mitchelle,CMU,,,,,False
2021,sa3038218,Christian Molfetta,MICH,,,,,False
2023,34979,Christian Moore,TENN,,,,,False
2024,34979,Christian Moore,TENN,1.0,8.0,Los Angeles Angels,university of tennessee,True
2021,sa3039656,Christian Pena,EIU,,,,,False
2023,sa3039707,Christian Perez,NMSU,,,,,False
2021,sa3039770,Christian Peters,PORT,,,,,False
2021,sa3040034,Christian Policelli,NAVY,,,,,False
2022,sa3040034,Christian Policelli,NAVY,,,,,False
2021,sa3022807,Christian Pregent,STET,,,,,False
2022,sa3022807,Christian Pregent,STET,,,,,False
2023,sa3022807,Christian Pregent,STET,10.0,306.0,New York Mets,stetson university,True
2021,sa3017074,Christian Robinson,STAN,15.0,457.0,Atlanta Braves,stanford university,True
2024,sa3040970,Christian Rodriguez,CSUF,,,,,False
2025,sa3041313,Christian Rush,W&M,,,,,False
2024,sa3041637,Christian Scanlon,MRMK,,,,,False
2025,sa3041637,Christian Scanlon,MRMK,,,,,False
2021,30107,Christian Scott,FLA,5.0,142.0,New York Mets,university of florida,True
2023,sa3041853,Christian Scott,TENN,,,,,False
2021,sa3041996,Christian Sepulveda,RGV,,,,,False
2025,sa3042511,Christian Smith,HPU,,,,,False
2024,sa3042513,Christian Smith,QUIN,,,,,False
2025,sa3042513,Christian Smith,QUIN,,,,,False
2023,sa3042512,Christian Smith-Johnson,AMCC,,,,,False
2024,sa3042512,Christian Smith-Johnson,AMCC,,,,,False
2023,sa3042955,Christian Stapleton,SF,,,,,False
2023,sa3043444,Christian Szablewski,SBU,,,,,False
2025,sa3043552,Christian Taylor,AFA,,,,,False
2021,sa3043956,Christian Torres,UMBC,,,,,False
2021,sa3044414,Christian Vega,MCN,,,,,False
2023,sa3044414,Christian Vega,MCN,,,,,False
2024,sa3045262,Christian Williams,MSU,,,,,False
2023,sa3045526,Christian Womble,JKST,,,,,False
2024,sa3045526,Christian Womble,JKST,,,,,False
2025,sa3028513,Christopher Carson,STBK,,,,,False
2024,sa3032936,Christopher Hacopian,MD,,,,,False
2025,sa3032936,Christopher Hacopian,MD,,,,,False
2023,sa3034302,Christopher Hund,LIU,,,,,False
2023,sa3035016,Christopher Kahler,GW,,,,,False
2024,sa3037338,Christopher Mattioli,FDU,,,,,False
2021,sa3041215,Christopher Rowan Jr.,UTAH,,,,,False
2021,sa3041570,Christopher Sargent,USM,,,,,False
2022,sa3041570,Christopher Sargent,USM,,,,,False
2023,sa3041570,Christopher Sargent,USM,,,,,False
2021,sa3044834,Christopher Wasson,LIU,,,,,False
2022,sa3044834,Christopher Wasson,LIU,,,,,False
2024,sa3045264,Christopher Willis,QUIN,,,,,False
2024,sa3034428,Chuck Ingram,KSU,,,,,False
2022,sa3034428,Chuck Ingram,WICH,,,,,False
2023,sa3034428,Chuck Ingram,WICH,,,,,False
2022,sa3041415,Cian Sahler,FOR,,,,,False
2023,sa3041415,Cian Sahler,FOR,,,,,False
2024,sa3041415,Cian Sahler,FOR,,,,,False
2025,sa3041415,Cian Sahler,FOR,,,,,False
2024,sa3028372,Cider Canon,DAV,,,,,False
2025,sa3028372,Cider Canon,DAV,,,,,False
2022,sa3026364,CJ Backer,PUR,,,,,False
2023,sa3027504,CJ Boyd,APP,,,,,False
2024,sa3027504,CJ Boyd,APP,,,,,False
2022,sa3028616,CJ Castillo,TXSO,,,,,False
2023,sa3028616,CJ Castillo,TXSO,,,,,False
2024,sa3028616,CJ Castillo,TXSO,,,,,False
2025,sa3028695,CJ Cepicky,NIU,,,,,False
2022,sa3029265,CJ Conrad,WIN,,,,,False
2024,sa3029759,CJ Czerwinski,GWEB,,,,,False
2025,sa3030839,CJ Egrie,HC,,,,,False
2022,sa3031781,CJ Funk,PITT,,,,,False
2023,sa3031781,CJ Funk,PITT,,,,,False
2024,sa3031781,CJ Funk,PITT,,,,,False
2023,sa3037914,CJ Mervilus,AAMU,,,,,False
2025,sa3060083,CJ Moran,SDSU,,,,,False
2021,sa3038818,CJ Newsome,JKST,,,,,False
2024,sa3040717,CJ Richmond,WMU,,,,,False
2021,sa3017283,CJ Rodriguez,VAN,5.0,158.0,Oakland Athletics,vanderbilt university,True
2022,sa3044282,CJ Valdez,PUR,,,,,False
2023,sa3044282,CJ Valdez,PUR,,,,,False
2024,sa3044282,CJ Valdez,RGV,,,,,False
2025,sa3060925,CJ Willis,QUIN,,,,,False
2021,sa3045265,CJ Willis,UL,,,,,False
2024,sa3028358,Clark Candiotti,ARIZ,4.0,135.0,San Diego Padres,university of arizona,True
2023,sa3028358,Clark Candiotti,WICH,,,,,False
2021,sa3019972,Clark Elliott,MICH,,,,,False
2022,sa3019972,Clark Elliott,MICH,2.0,69.0,Oakland Athletics,university of michigan,True
2023,sa3032259,Clark Gilmore,DART,,,,,False
2025,sa3026383,Clay Badylak,MTSU,,,,,False
2023,sa3027718,Clay Brock,NKU,,,,,False
2024,sa3027718,Clay Brock,NKU,,,,,False
2025,sa3058770,Clay Burdette,XAV,,,,,False
2023,sa3030792,Clay Edmondson,UNCA,,,,,False
2025,sa3030792,Clay Edmondson,UNCA,,,,,False
2023,sa3032554,Clay Grady,VT,,,,,False
2024,sa3032554,Clay Grady,VT,,,,,False
2025,sa3032554,Clay Grady,VT,,,,,False
2025,sa3059467,Clay Hendry,UNF,,,,,False
2025,sa3034530,Clay Jacobs,BALL,,,,,False
2024,sa3034991,Clay Jung,NWST,,,,,False
2025,sa3034991,Clay Jung,NWST,,,,,False
2021,sa3039302,Clay Owens,USC,,,,,False
2025,sa3065602,Clay Robbins,BRY,,,,,False
2021,sa3042991,Clay Stearns,TROY,,,,,False
2022,sa3042991,Clay Stearns,TROY,,,,,False
2023,sa3027408,Clayton Boroski,UNF,,,,,False
2025,sa3058775,Clayton Burke,M-OH,,,,,False
2022,sa3028714,Clayton Chadwick,SHSU,,,,,False
2023,sa3028714,Clayton Chadwick,SHSU,,,,,False
2024,sa3028714,Clayton Chadwick,UGA,,,,,False
2023,sa3032608,Clayton Gray,APSU,,,,,False
2024,sa3032608,Clayton Gray,APSU,,,,,False
2024,sa3033899,Clayton Hodges,JAX,,,,,False
2022,sa3036561,Clayton Loranger,SFA,,,,,False
2023,sa3036561,Clayton Loranger,SFA,,,,,False
2024,sa3040036,Clayton Poliey,RID,,,,,False
2025,sa3040036,Clayton Poliey,RID,,,,,False
2021,sa3040466,Clayton Rasbeary,MCN,,,,,False
2023,sa3042336,Cleary Simpson,NKU,,,,,False
2024,sa3042336,Cleary Simpson,NKU,,,,,False
2024,sa3033358,Clete Hartzog,TROY,,,,,False
2025,sa3060063,Clint Moak,MRSH,,,,,False
2024,sa3030037,Coby DeJesus,HOU,,,,,False
2022,sa3038200,Coby Moe,NU,,,,,False
2022,sa3022829,Coby Morales,WASH,,,,,False
2023,sa3022829,Coby Morales,WASH,18.0,552.0,New York Yankees,university of washington,True
2021,sa3040136,Coby Potvin,CARK,,,,,False
2023,sa3023175,Cody Adcock,ARK,13.0,378.0,Cincinnati Reds,university of arkansas,True
2023,sa3027112,Cody Bey,WAG,,,,,False
2024,sa3027486,Cody Bowker,GTWN,,,,,False
2025,sa3027486,Cody Bowker,VAN,3.0,100.0,Philadelphia Phillies,vanderbilt university,True
2021,sa3028447,Cody Carlson,SDST,,,,,False
2022,sa3028447,Cody Carlson,SDST,,,,,False
2022,sa3029038,Cody Cleveland,SIU,,,,,False
2023,sa3030108,Cody Delvecchio,UCLA,,,,,False
2021,sa3032650,Cody Greenhill,AUB,,,,,False
2025,sa3059376,Cody Gunderson,CLT,,,,,False
2024,sa3033595,Cody Hendriks,CSUB,,,,,False
2025,sa3033595,Cody Hendriks,CSUB,,,,,False
2023,sa3034618,Cody Jefferis,MICH,,,,,False
2021,sa3034618,Cody Jefferis,USD,,,,,False
2022,sa3034618,Cody Jefferis,USD,,,,,False
2025,sa3035098,Cody Kashimoto,SMC,,,,,False
2023,sa3035209,Cody Kelly,MOST,,,,,False
2024,sa3035209,Cody Kelly,MOST,,,,,False
2021,sa3036394,Cody Littlejohn,TNTC,,,,,False
2023,sa3038041,Cody Miller,ETSU,,,,,False
2024,sa3038041,Cody Miller,ETSU,,,,,False
2025,sa3038041,Cody Miller,ETSU,3.0,96.0,Atlanta Braves,east tennessee state university,True
2021,sa3017158,Cody Morissette,BC,2.0,52.0,Miami Marlins,boston college,True
2025,sa3038802,Cody New,CBU,,,,,False
2025,sa3060146,Cody Nitowitz,PORT,,,,,False
2022,sa3041782,Cody Schrier,UCLA,,,,,False
2023,sa3041782,Cody Schrier,UCLA,,,,,False
2024,sa3041782,Cody Schrier,UCLA,,,,,False
2025,sa3060728,Cody Templeton,SFA,,,,,False
2021,sa3044117,Cody Tucker,CSUB,,,,,False
2021,sa3044806,Cody Warner,VMI,,,,,False
2024,sa3045270,Cody Williams,FAMU,,,,,False
2025,sa3045270,Cody Williams,FAMU,,,,,False
2023,sa3037878,Cohl Mercado,BC,,,,,False
2025,sa3037878,Cohl Mercado,PSU,,,,,False
2024,sa3025911,Colby Allen,USM,,,,,False
2025,sa3025911,Colby Allen,USM,,,,,False
2022,sa3028350,Colby Canales,PAC,,,,,False
2022,sa3029982,Colby Deaville,ULM,,,,,False
2022,sa3032886,Colby Guy,JKST,,,,,False
2023,sa3032886,Colby Guy,JKST,,,,,False
2024,sa3032886,Colby Guy,UNCA,,,,,False
2021,sa3022531,Colby Halter,FLA,,,,,False
2022,sa3022531,Colby Halter,FLA,,,,,False
2023,sa3022531,Colby Halter,FLA,17.0,496.0,Oakland Athletics,university of florida,True
2024,sa3036702,Colby Lunsford,ULM,,,,,False
2024,sa3039276,Colby Ott,EKU,,,,,False
2025,sa3039276,Colby Ott,EKU,,,,,False
2022,sa3023374,Colby Shade,ORE,,,,,False
2023,sa3023374,Colby Shade,ORE,9.0,263.0,Miami Marlins,university of oregon,True
2023,sa3042129,Colby Shelton,ALA,,,,,False
2024,sa3042129,Colby Shelton,FLA,20.0,590.0,Washington Nationals,university of florida,True
2025,sa3042129,Colby Shelton,FLA,6.0,166.0,Chicago White Sox,university of florida,True
2021,sa3043257,Colby Stuart,ETSU,,,,,False
2022,sa3043257,Colby Stuart,ETSU,,,,,False
2023,sa3043257,Colby Stuart,ETSU,,,,,False
2025,sa3060751,Colby Thorndyke,CCU,,,,,False
2025,sa3044160,Colby Turner,MICH,,,,,False
2024,sa3044698,Colby Wallace,CSUF,,,,,False
2025,sa3044699,Colby Wallace,ECU,,,,,False
2023,sa3045215,Colby Wilkerson,UNC,,,,,False
2024,sa3045215,Colby Wilkerson,UNC,,,,,False
2021,sa3045643,Colby Wyatt,RICH,,,,,False
2021,sa3026081,Cole Andrews,M-OH,,,,,False
2022,sa3026081,Cole Andrews,M-OH,,,,,False
2023,sa3026081,Cole Andrews,OSU,,,,,False
2021,sa3016860,Cole Barr,IU,15.0,444.0,Seattle Mariners,indiana university bloomington,True
2021,sa3026662,Cole Bartels,PSU,,,,,False
2022,sa3026662,Cole Bartels,PSU,,,,,False
2021,sa3026708,Cole Bates,DSU,,,,,False
2021,sa3026841,Cole Becker,MORE,,,,,False
2021,sa3027248,Cole Blatchford,AFA,,,,,False
2021,sa3028222,Cole Cabrera,CP,,,,,False
2022,sa3028222,Cole Cabrera,HAW,,,,,False
2025,sa3028238,Cole Cahill,TOL,,,,,False
2024,sa3028323,Cole Campbell,NJIT,,,,,False
2025,sa3028323,Cole Campbell,NJIT,,,,,False
2025,sa3028440,Cole Carlon,ASU,,,,,False
2021,sa3022596,Cole Carrigg,SDSU,,,,,False
2022,sa3022596,Cole Carrigg,SDSU,,,,,False
2023,sa3022596,Cole Carrigg,SDSU,2.0,65.0,Colorado Rockies,san diego state university,True
2024,sa3028544,Cole Caruso,MICH,,,,,False
2025,sa3028544,Cole Caruso,MICH,,,,,False
2023,sa3028544,Cole Caruso,UPST,,,,,False
2025,sa3028805,Cole Cheatham,UAB,,,,,False
2023,sa3028884,Cole Christman,SIU,,,,,False
2024,sa3028884,Cole Christman,SIU,,,,,False
2025,sa3058883,Cole Cleveland,FIU,,,,,False
2021,sa3029098,Cole Coffey,TXST,,,,,False
2021,sa3029251,Cole Conn,UIC,,,,,False
2022,sa3029251,Cole Conn,UIC,,,,,False
2023,sa3029251,Cole Conn,UIC,12.0,346.0,Oakland Athletics,university of illinois at chicago,True
2025,sa3029522,Cole Cramer,TCU,,,,,False
2024,sa3029522,Cole Cramer,WSU,,,,,False
2022,sa3029555,Cole Cressend,ULM,,,,,False
2021,sa3029676,Cole Cummings,UCSB,,,,,False
2022,sa3030694,Cole Durkan,STBK,,,,,False
2021,sa3030919,Cole Elvis,CAL,,,,,False
2022,sa3030919,Cole Elvis,CAL,,,,,False
2023,sa3030919,Cole Elvis,KU,,,,,False
2021,sa3031005,Cole Escher,MTSU,,,,,False
2023,sa3031068,Cole Evans,NEB,,,,,False
2024,sa3031068,Cole Evans,NEB,,,,,False
2024,sa3031229,Cole Fellows,COLU,,,,,False
2025,sa3031229,Cole Fellows,COLU,,,,,False
2023,sa3031442,Cole Fleming,NJIT,,,,,False
2023,sa3022429,Cole Fontenelle,TCU,7.0,204.0,Los Angeles Angels,texas christian university,True
2022,sa3022673,Cole Foster,AUB,,,,,False
2023,sa3022673,Cole Foster,AUB,3.0,85.0,San Francisco Giants,auburn university,True
2021,sa3031672,Cole Frederick,JVST,,,,,False
2022,sa3031672,Cole Frederick,JVST,,,,,False
2023,sa3031805,Cole Gabrielson,USC,,,,,False
2021,sa3031884,Cole Gambill,BYU,,,,,False
2023,sa3031884,Cole Gambill,BYU,,,,,False
2021,sa3031972,Cole Garey,DSU,,,,,False
2021,sa3031995,Cole Garrett,VMI,,,,,False
2022,sa3031995,Cole Garrett,VMI,,,,,False
2023,sa3031995,Cole Garrett,VMI,,,,,False
2025,sa3032230,Cole Gilley,IU,10.0,311.0,Philadelphia Phillies,university of indiana,True
2021,sa3032281,Cole Girouard,LAM,,,,,False
2023,sa3032328,Cole Gober,EIU,,,,,False
2024,sa3032328,Cole Gober,EIU,,,,,False
2024,sa3032596,Cole Graverson,BUT,,,,,False
2022,sa3032952,Cole Hage,COLU,,,,,False
2023,sa3032952,Cole Hage,COLU,,,,,False
2024,sa3032952,Cole Hage,COLU,,,,,False
2025,sa3032952,Cole Hage,UK,,,,,False
2023,sa3033158,Cole Hansen,HALL,,,,,False
2024,sa3033158,Cole Hansen,HALL,,,,,False
2025,sa3033158,Cole Hansen,HALL,,,,,False
2021,sa3033339,Cole Harting,CIN,,,,,False
2022,sa3033339,Cole Harting,CIN,,,,,False
2023,sa3033339,Cole Harting,CIN,,,,,False
2022,sa3033497,Cole Hebble,MASS,,,,,False
2024,sa3025638,Cole Hertzler,LIB,5.0,163.0,Houston Astros,liberty university,True
2023,sa3033814,Cole Hill,SFA,,,,,False
2024,sa3033814,Cole Hill,SFA,,,,,False
2023,sa3034632,Cole Jenkins,VMI,,,,,False
2024,sa3034632,Cole Jenkins,VMI,,,,,False
2025,sa3059606,Cole Johnson,APSU,,,,,False
2022,sa3034724,Cole Johnson,KSU,,,,,False
2023,sa3034724,Cole Johnson,KSU,,,,,False
2023,sa3034863,Cole Jones,WCU,,,,,False
2025,sa3034863,Cole Jones,WCU,,,,,False
2022,sa3034927,Cole Jordan,UVU,,,,,False
2023,sa3034927,Cole Jordan,UVU,,,,,False
2024,sa3034927,Cole Jordan,UVU,,,,,False
2025,sa3059649,Cole Katayama-Stall,PORT,,,,,False
2021,sa3020258,Cole Kirschsieper,ILL,,,,,False
2022,sa3020258,Cole Kirschsieper,ILL,12.0,352.0,Miami Marlins,university of illinois at urbana-champaign,True
2021,sa3035470,Cole Kitchen,SCU,,,,,False
2022,sa3035470,Cole Kitchen,SCU,,,,,False
2023,sa3035470,Cole Kitchen,SCU,,,,,False
2024,sa3035470,Cole Kitchen,SCU,,,,,False
2023,sa3035479,Cole Kleckner,SEA,,,,,False
2024,sa3035479,Cole Kleckner,SEA,,,,,False
2024,sa3035626,Cole Koniarsky,UCR,,,,,False
2025,sa3035626,Cole Koniarsky,UNLV,,,,,False
2025,sa3059716,Cole Kosciusko,UCSB,,,,,False
2021,sa3035991,Cole Larsen,KU,,,,,False
2022,sa3035991,Cole Larsen,KU,,,,,False
2024,sa3036112,Cole Leaman,LEH,,,,,False
2024,sa3036649,Cole Luckey,BRAD,,,,,False
2023,sa3037300,Cole Mathis,COFC,,,,,False
2024,sa3037300,Cole Mathis,COFC,2.0,54.0,Chicago Cubs,charleston,True
2021,sa3037490,Cole McConnell,LT,,,,,False
2022,sa3037490,Cole McConnell,LT,,,,,False
2024,sa3037490,Cole McConnell,LT,10.0,289.0,Chicago White Sox,louisiana tech university,True
2022,sa3037711,Cole McMillan,WSU,,,,,False
2023,sa3025359,Cole Messina,SC,,,,,False
2024,sa3025359,Cole Messina,SC,3.0,77.0,Colorado Rockies,university of south carolina,True
2024,sa3038197,Cole Modgling,AMCC,,,,,False
2021,sa3038286,Cole Moore,DBU,,,,,False
2022,sa3038286,Cole Moore,DBU,,,,,False
2025,sa3060168,Cole OBrien,LIP,,,,,False
2021,sa3039022,Cole OConnor,NIA,,,,,False
2022,sa3039022,Cole OConnor,NIA,,,,,False
2023,sa3039022,Cole OConnor,NIA,,,,,False
2022,sa3039363,Cole Palis,PENN,,,,,False
2023,sa3039363,Cole Palis,PENN,,,,,False
2021,sa3039478,Cole Parks,NCAT,,,,,False
2022,sa3020623,Cole Patten,VILL,17.0,507.0,Detroit Tigers,villanova university,True
2024,sa3039760,Cole Peschl,CAM,15.0,458.0,Minnesota Twins,campbell university,True
2021,sa3040015,Cole Pofek,UCR,,,,,False
2023,sa3040112,Cole Posey,BAY,,,,,False
2025,sa3040251,Cole Prout,CMU,,,,,False
2022,sa3040391,Cole Ragone,W&M,,,,,False
2023,sa3040391,Cole Ragone,W&M,,,,,False
2025,sa3040395,Cole Raile,VMI,,,,,False
2024,sa3040652,Cole Reynolds,CLT,,,,,False
2021,sa3040652,Cole Reynolds,ELON,,,,,False
2022,sa3040652,Cole Reynolds,ELON,,,,,False
2023,sa3040652,Cole Reynolds,ELON,,,,,False
2025,sa3040874,Cole Roberts,GAST,,,,,False
2022,sa3040873,Cole Roberts,LMU,,,,,False
2023,sa3040873,Cole Roberts,LMU,,,,,False
2024,sa3041536,Cole Santander,LBSU,,,,,False
2024,sa3041704,Cole Schiff,UNCA,,,,,False
2025,sa3041975,Cole Selvig,MINN,,,,,False
2021,sa3042337,Cole Simpson,CIT,,,,,False
2022,sa3042337,Cole Simpson,CIT,,,,,False
2024,sa3042357,Cole Singsank,COFC,,,,,False
2021,sa3042357,Cole Singsank,HPU,,,,,False
2022,sa3042357,Cole Singsank,HPU,,,,,False
2023,sa3042357,Cole Singsank,HPU,,,,,False
2025,sa3060603,Cole Smith,BRAD,,,,,False
2021,sa3042518,Cole Smith,SLU,,,,,False
2022,sa3042518,Cole Smith,SLU,,,,,False
2023,sa3042518,Cole Smith,SLU,,,,,False
2024,sa3042518,Cole Smith,SLU,,,,,False
2024,sa3042519,Cole Smith,UTM,,,,,False
2025,sa3042519,Cole Smith,YSU,,,,,False
2022,sa3042910,Cole Stallings,STET,,,,,False
2024,sa3043008,Cole Stefano,TOW,,,,,False
2021,sa3043127,Cole Stilwell,TTU,,,,,False
2022,sa3043127,Cole Stilwell,TTU,,,,,False
2021,sa3021467,Cole Stupp,UK,,,,,False
2021,sa3043520,Cole Tate,UGA,,,,,False
2022,sa3043520,Cole Tate,UGA,,,,,False
2025,sa3044033,Cole Tremain,CAL,,,,,False
2024,sa3044099,Cole Tryba,UCSB,,,,,False
2021,sa3044118,Cole Tucker,NIA,,,,,False
2022,sa3044118,Cole Tucker,NIA,,,,,False
2023,sa3044118,Cole Tucker,NIA,,,,,False
2021,sa3023270,Cole Urman,CSUF,,,,,False
2022,sa3023270,Cole Urman,CSUF,,,,,False
2023,sa3023270,Cole Urman,CSUF,16.0,481.0,Baltimore Orioles,"california state university, fullerton",True
2025,sa3044316,Cole Van Assen,PUR,,,,,False
2025,sa3044620,Cole Wagner,PSU,,,,,False
2023,sa3044620,Cole Wagner,UGA,,,,,False
2025,sa3044798,Cole Warehime,SEMO,,,,,False
2021,sa3044966,Cole Weiss,UNCW,,,,,False
2022,sa3045269,Cole Williams,MRSH,,,,,False
2023,sa3045269,Cole Williams,OHIO,,,,,False
2022,sa3045782,Cole Zaffiro,PENN,,,,,False
2023,sa3045782,Cole Zaffiro,PENN,,,,,False
2024,sa3045782,Cole Zaffiro,PENN,,,,,False
2021,sa3027694,Coleman Brigman,SCU,,,,,False
2022,sa3027694,Coleman Brigman,SCU,,,,,False
2023,sa3027694,Coleman Brigman,SCU,,,,,False
2024,sa3027694,Coleman Brigman,SCU,,,,,False
2024,sa3028249,Coleman Calabrese,JMU,,,,,False
2025,sa3028249,Coleman Calabrese,JMU,,,,,False
2021,sa3032789,Coleman Grubbs,RGV,,,,,False
2024,sa3036822,Coleman MacRae,CARK,,,,,False
2025,sa3038188,Coleman Mizell,ALA,,,,,False
2023,sa3023202,Coleman Picard,BRY,6.0,169.0,Kansas City Royals,bryant university,True
2023,sa3041721,Coleman Schmidt,SMC,,,,,False
2024,sa3041721,Coleman Schmidt,SMC,,,,,False
2024,sa3043865,Coleson Titus,ARMY,,,,,False
2025,sa3043865,Coleson Titus,ARMY,,,,,False
2023,sa3035365,Coley Kilpatrick,NCAT,,,,,False
2024,sa3035365,Coley Kilpatrick,NCAT,,,,,False
2021,sa3025753,Colin Adams,LIU,,,,,False
2022,sa3025753,Colin Adams,LIU,,,,,False
2025,sa3026545,Colin Barczi,VAN,,,,,False
2024,sa3027809,Colin Brown,HC,,,,,False
2024,sa3027893,Colin Brueggemann,OKST,,,,,False
2025,sa3027893,Colin Brueggemann,OKST,,,,,False
2021,sa3028042,Colin Burgess,SC,,,,,False
2022,sa3028042,Colin Burgess,SC,,,,,False
2021,sa3028570,Colin Casey,JVST,,,,,False
2021,sa3028973,Colin Clark,YSU,,,,,False
2025,sa3058956,Colin Crowley,WIN,,,,,False
2024,sa3029823,Colin Daniel,UAB,,,,,False
2025,sa3029823,Colin Daniel,UAB,11.0,337.0,Atlanta Braves,university of alabama at birmingham,True
2021,sa3016806,Colin Davis,WOF,7.0,204.0,Seattle Mariners,wofford college,True
2021,sa3030460,Colin Donnelly,QUIN,,,,,False
2021,sa3031302,Colin Fields,VAL,,,,,False
2022,sa3031302,Colin Fields,VAL,,,,,False
2023,sa3031401,Colin Fitzgerald,ME,,,,,False
2025,sa3031401,Colin Fitzgerald,ME,,,,,False
2022,sa3033015,Colin Hall,GT,,,,,False
2021,sa3033336,Colin Hartey,LAF,,,,,False
2022,sa3034322,Colin Hunter,SAC,,,,,False
2025,sa3059556,Colin Husko,UIC,,,,,False
2025,sa3034393,Colin Hynek,GAST,,,,,False
2022,sa3034862,Colin Jones,NAVY,,,,,False
2022,sa3035100,Colin Kasperbauer,OHIO,,,,,False
2023,sa3035100,Colin Kasperbauer,OHIO,,,,,False
2022,sa3035207,Colin Kelly,FAIR,,,,,False
2023,sa3036814,Colin Mackle,MRST,,,,,False
2024,sa3036814,Colin Mackle,MRST,,,,,False
2022,sa3037517,Colin McCreary,MONM,,,,,False
2022,sa3037755,Colin McVeigh,FAIR,,,,,False
2023,sa3037755,Colin McVeigh,FAIR,,,,,False
2024,sa3037755,Colin McVeigh,FAIR,,,,,False
2023,sa3039980,Colin Plante,ME,,,,,False
2024,sa3039980,Colin Plante,ME,,,,,False
2023,sa3040290,Colin Purcell,AMCC,,,,,False
2024,sa3040290,Colin Purcell,OSU,,,,,False
2024,sa3040400,Colin Rains,NWST,,,,,False
2024,sa3040667,Colin Rhein,STBK,,,,,False
2021,sa3041638,Colin Scanlon,LAS,,,,,False
2021,sa3042517,Colin Smith,NAVY,,,,,False
2022,sa3042517,Colin Smith,NAVY,,,,,False
2023,sa3042517,Colin Smith,NAVY,,,,,False
2023,sa3043326,Colin Summerhill,NIU,,,,,False
2024,sa3043326,Colin Summerhill,NIU,,,,,False
2025,sa3060790,Colin Trizuto,WAG,,,,,False
2024,sa3025406,Colin Tuft,TULN,8.0,249.0,Baltimore Orioles,tulane university,True
2023,sa3045060,Colin Wetterau,JAX,,,,,False
2022,sa3045650,Colin Wyman,ILST,,,,,False
2025,sa3060984,Colin Yeaman,UCI,4.0,124.0,Baltimore Orioles,"university of california, irvine",True
2023,sa3029525,Collier Cranford,KU,,,,,False
2024,sa3029525,Collier Cranford,KU,,,,,False
2023,sa3026754,Collin Baumgartner,KU,,,,,False
2022,sa3026754,Collin Baumgartner,SIUE,,,,,False
2021,sa3017176,Collin Burns,TULN,6.0,167.0,Baltimore Orioles,tulane university,True
2025,sa3028976,Collin Clarke,ORE,,,,,False
2021,sa3030621,Collin Duffley,UML,,,,,False
2021,sa3031484,Collin Floyd,YSU,,,,,False
2023,sa3031983,Collin Garner,GTWN,,,,,False
2021,sa3034073,Collin Hopkins,IU,,,,,False
2022,sa3034110,Collin Horton,UNO,,,,,False
2025,sa3059557,Collin Husser,UNO,,,,,False
2025,sa3034651,Collin Jennings,ILL,,,,,False
2022,sa3034657,Collin Jensen,SPU,,,,,False
2022,sa3035679,Collin Kramer,CLT,,,,,False
2023,sa3035679,Collin Kramer,CLT,,,,,False
2024,sa3036582,Collin Loupe,UNO,,,,,False
2025,sa3036582,Collin Loupe,UNO,,,,,False
2022,sa3036607,Collin Lowe,BRY,,,,,False
2021,sa3037286,Collin Mathews,KENT,,,,,False
2022,sa3037286,Collin Mathews,KENT,,,,,False
2023,sa3037286,Collin Mathews,KENT,,,,,False
2025,sa3037674,Collin McKinney,ARIZ,,,,,False
2024,sa3037674,Collin McKinney,BAY,,,,,False
2021,sa3038243,Collin Montez,WSU,,,,,False
2022,sa3038243,Collin Montez,WSU,,,,,False
2025,sa3040211,Collin Priest,CLEM,,,,,False
2024,sa3040211,Collin Priest,MICH,,,,,False
2022,sa3040635,Collin Reuter,BYU,,,,,False
2024,sa3040635,Collin Reuter,BYU,,,,,False
2021,sa3041102,Collin Romel,KENT,,,,,False
2022,sa3041102,Collin Romel,KENT,,,,,False
2025,sa3041199,Collin Rothermel,JAX,16.0,483.0,Arizona Diamondbacks,jacksonville university,True
2021,sa3042063,Collin Shapiro,MASS,,,,,False
2022,sa3042063,Collin Shapiro,MASS,,,,,False
2022,sa3042113,Collin Sheehan,HALL,,,,,False
2021,sa3043306,Collin Sullivan,USF,,,,,False
2022,sa3044506,Collin Villegas,CP,,,,,False
2023,sa3044506,Collin Villegas,CP,,,,,False
2024,sa3045375,Collin Wilma,SEMO,,,,,False
2021,sa3045508,Collin Wolf,CAM,,,,,False
2023,sa3023210,Colson Lawrence,USA,13.0,383.0,Miami Marlins,university of south alabama,True
2024,sa3026842,Colten Becker,NDSU,,,,,False
2025,sa3026842,Colten Becker,NDSU,,,,,False
2021,sa3029896,Colten Davis,RGV,,,,,False
2022,sa3029896,Colten Davis,RGV,,,,,False
2023,sa3029896,Colten Davis,RGV,,,,,False
2021,sa3040615,Colten Rendon,WIN,,,,,False
2021,sa3041707,Colten Schild,SLU,,,,,False
2024,sa3037419,Colter McAnelly,UTAH,,,,,False
2025,sa3037419,Colter McAnelly,UTAH,,,,,False
2021,sa3026284,Coltin Atkinson,SHSU,,,,,False
2022,sa3026284,Coltin Atkinson,SHSU,,,,,False
2023,sa3026284,Coltin Atkinson,SHSU,,,,,False
2024,sa3026284,Coltin Atkinson,SHSU,,,,,False
2024,sa3040312,Coltin Quagliano,ILL,,,,,False
2025,sa3040312,Coltin Quagliano,ILL,,,,,False
2021,sa3026732,Colton Bauer,OSU,,,,,False
2022,sa3026732,Colton Bauer,OSU,,,,,False
2022,sa3026843,Colton Becker,MORE,,,,,False
2023,sa3026843,Colton Becker,MORE,,,,,False
2024,sa3026843,Colton Becker,MORE,,,,,False
2021,sa3016828,Colton Bender,QUIN,10.0,310.0,San Diego Padres,quinnipiac university,True
2025,sa3027377,Colton Book,JOES,9.0,271.0,Chicago Cubs,saint joseph's university,True
2022,sa3027377,Colton Book,STBK,,,,,False
2025,sa3027475,Colton Bower,WASH,,,,,False
2025,sa3029070,Colton Coates,LT,,,,,False
2024,sa3029080,Colton Coca,EIU,,,,,False
2024,sa3029429,Colton Cosper,MER,,,,,False
2025,sa3029429,Colton Cosper,MER,,,,,False
2021,29591,Colton Cowser,SHSU,1.0,5.0,Baltimore Orioles,sam houston state university,True
2021,sa3030729,Colton Eager,ACU,,,,,False
2022,sa3030729,Colton Eager,ACU,,,,,False
2021,sa3031066,Colton Evans,UCD,,,,,False
2021,31312,Colton Gordon,UCF,8.0,238.0,Houston Astros,university of central florida,True
2024,sa3032714,Colton Griffin,SFA,,,,,False
2025,sa3033530,Colton Hegwood,JVST,,,,,False
2021,sa3017750,Colton Johnson,ILST,16.0,488.0,Oakland Athletics,illinois state university,True
2025,sa3035262,Colton Kennedy,UVU,,,,,False
2023,sa3035760,Colton Kucera,NKU,,,,,False
2023,sa3022897,Colton Ledbetter,MSST,2.0,55.0,Tampa Bay Rays,mississippi state university,True
2022,sa3022897,Colton Ledbetter,SAM,,,,,False
2025,sa3036469,Colton Lomanto,UCSD,,,,,False
2024,sa3037882,Colton Mercer,UNO,,,,,False
2022,sa3039093,Colton Olasin,BCU,,,,,False
2023,sa3039093,Colton Olasin,BCU,,,,,False
2024,sa3039093,Colton Olasin,BCU,,,,,False
2021,sa3041804,Colton Schultz,UAB,,,,,False
2022,sa3042084,Colton Shaw,YALE,,,,,False
2023,sa3042084,Colton Shaw,YALE,,,,,False
2024,sa3042084,Colton Shaw,YALE,,,,,False
2025,sa3042084,Colton Shaw,YALE,7.0,212.0,Seattle Mariners,yale university,True
2022,sa3044514,Colton Vincent,FSU,,,,,False
2023,sa3044514,Colton Vincent,FSU,,,,,False
2021,sa3035313,Coltyn Kessler,UK,,,,,False
2023,sa3044691,Conlan Wall,JOES,,,,,False
2024,sa3044691,Conlan Wall,JOES,,,,,False
2025,sa3044663,Conlon Walker,GW,,,,,False
2022,sa3023308,Connelly Early,ARMY,,,,,False
2023,sa3023308,Connelly Early,UVA,5.0,151.0,Boston Red Sox,university of virginia,True
2024,sa3028157,Conner Butler,RAD,,,,,False
2023,sa3029677,Conner Cummiskey,CIT,,,,,False
2025,sa3058963,Conner Cunningham,MUR,,,,,False
2022,sa3029897,Conner Davis,EKU,,,,,False
2024,sa3029897,Conner Davis,EKU,,,,,False
2022,sa3036364,Conner Linn,CIN,,,,,False
2025,sa3036364,Conner Linn,NKU,,,,,False
2021,sa3040019,Conner Pohl,OSU,,,,,False
2022,sa3040872,Conner Roberts,SMC,,,,,False
2021,sa3043811,Conner Thurman,USD,,,,,False
2024,sa3043878,Conner Todaro,MER,,,,,False
2022,sa3043911,Conner Tomasic,MSU,,,,,False
2025,sa3044450,Conner Vercollone,SBU,,,,,False
2021,sa3044662,Conner Walker,COPP,,,,,False
2024,sa3045047,Conner Westenburg,MCN,,,,,False
2025,sa3045047,Conner Westenburg,MCN,,,,,False
2023,sa3045152,Conner Whittaker,FSU,,,,,False
2024,sa3045152,Conner Whittaker,FSU,15.0,445.0,Cleveland Guardians,florida state university,True
2021,sa3045268,Conner Williams,CARK,,,,,False
2023,sa3045559,Conner Woods,SFA,,,,,False
2023,sa3039774,Connery Peters,UTA,,,,,False
2022,sa3025752,Connor Adams,TNTC,,,,,False
2021,sa3025867,Connor Aldrich,CHSO,,,,,False
2022,sa3026127,Connor Aoki,BING,,,,,False
2021,sa3026293,Connor Aube,UTA,,,,,False
2021,sa3026396,Connor Bagnieski,RAD,,,,,False
2021,sa3026691,Connor Basler,SEMO,,,,,False
2022,sa3026884,Connor Beichler,ORU,,,,,False
2022,sa3027084,Connor Bertsch,DART,,,,,False
2023,sa3027084,Connor Bertsch,DART,,,,,False
2023,sa3027281,Connor Blough,LMU,,,,,False
2021,sa3027465,Connor Bovair,SIE,,,,,False
2022,sa3027465,Connor Bovair,UNC,,,,,False
2023,sa3027465,Connor Bovair,UNC,,,,,False
2021,sa3027555,Connor Bradshaw,PEPP,,,,,False
2022,sa3027555,Connor Bradshaw,PEPP,,,,,False
2023,sa3027555,Connor Bradshaw,PEPP,,,,,False
2024,sa3027555,Connor Bradshaw,PEPP,,,,,False
2022,sa3020481,Connor Brandon,TOL,17.0,509.0,New York Mets,university of toledo,True
2023,sa3022599,Connor Burns,LBSU,5.0,141.0,Cincinnati Reds,long beach state university,True
2021,sa3028322,Connor Campbell,COFC,,,,,False
2022,sa3028322,Connor Campbell,COFC,,,,,False
2023,sa3028322,Connor Campbell,COFC,,,,,False
2024,sa3028322,Connor Campbell,COFC,,,,,False
2025,sa3028382,Connor Capece,CREI,,,,,False
2022,sa3028525,Connor Carter,CHSO,,,,,False
2023,sa3025240,Connor Caskenette,PUR,,,,,False
2024,sa3025240,Connor Caskenette,PUR,12.0,364.0,Miami Marlins,purdue university,True
2021,sa3028775,Connor Charping,WMU,,,,,False
2022,sa3028775,Connor Charping,WMU,,,,,False
2024,sa3028776,Connor Charpiot,LBSU,,,,,False
2025,sa3028776,Connor Charpiot,LBSU,,,,,False
2024,sa3028798,Connor Chavez,PENN,,,,,False
2025,sa3028798,Connor Chavez,PENN,,,,,False
2021,sa3029052,Connor Cline,INST,,,,,False
2022,sa3029072,Connor Coballes,GONZ,,,,,False
2023,sa3029072,Connor Coballes,GONZ,,,,,False
2021,sa3017822,Connor Cooke,UL,10.0,302.0,Toronto Blue Jays,university of louisiana at lafayette,True
2022,sa3029321,Connor Coolahan,ELON,,,,,False
2023,sa3029321,Connor Coolahan,ELON,,,,,False
2021,sa3029321,Connor Coolahan,LAS,,,,,False
2022,sa3029331,Connor Cooney,HC,,,,,False
2023,sa3029331,Connor Cooney,HC,,,,,False
2024,sa3029331,Connor Cooney,HC,,,,,False
2021,sa3030155,Connor Denning,CAM,,,,,False
2022,sa3030155,Connor Denning,CAM,,,,,False
2022,sa3030722,Connor Dykstra,GMU,,,,,False
2023,sa3030722,Connor Dykstra,GMU,,,,,False
2024,sa3030722,Connor Dykstra,GMU,,,,,False
2021,sa3030855,Connor Eisenmann,ALB,,,,,False
2022,sa3030855,Connor Eisenmann,ALB,,,,,False
2024,sa3030855,Connor Eisenmann,ALB,,,,,False
2021,sa3030931,Connor Emmet,CARK,,,,,False
2022,sa3030931,Connor Emmet,CARK,,,,,False
2022,sa3031238,Connor Fenlong,INST,,,,,False
2023,sa3031238,Connor Fenlong,INST,,,,,False
2024,sa3031240,Connor Fennell,DAY,,,,,False
2025,sa3031240,Connor Fennell,VAN,,,,,False
2024,sa3031511,Connor Foley,IU,5.0,164.0,Arizona Diamondbacks,indiana university,True
2024,sa3032288,Connor Giusti,VAL,,,,,False
2025,sa3032288,Connor Giusti,VAL,,,,,False
2021,sa3032459,Connor Goodman,ME,,,,,False
2022,sa3032459,Connor Goodman,ME,,,,,False
2023,sa3032459,Connor Goodman,ME,,,,,False
2024,sa3032459,Connor Goodman,ME,,,,,False
2022,sa3032995,Connor Hale,VILL,,,,,False
2025,sa3032995,Connor Hale,VILL,,,,,False
2021,sa3033263,Connor Harris,GW,,,,,False
2022,sa3033263,Connor Harris,GW,,,,,False
2025,sa3033263,Connor Harris,WIN,,,,,False
2023,sa3033262,Connor Harrison,HAW,,,,,False
2024,sa3033266,Connor Harrison,SMC,,,,,False
2023,sa3033445,Connor Hayden,WAG,,,,,False
2024,sa3033445,Connor Hayden,WAG,,,,,False
2024,sa3033850,Connor Hincks,ND,,,,,False
2025,sa3033850,Connor Hincks,ND,,,,,False
2024,sa3025393,Connor Hujsak,MSST,13.0,396.0,Tampa Bay Rays,mississippi state university,True
2021,sa3025393,Connor Hujsak,VCU,,,,,False
2022,sa3025393,Connor Hujsak,VCU,,,,,False
2021,sa3035351,Connor Kiffer,SIUE,,,,,False
2022,sa3035351,Connor Kiffer,SIUE,,,,,False
2021,sa3035383,Connor Kimple,UL,,,,,False
2022,sa3035383,Connor Kimple,UL,,,,,False
2021,sa3017735,Connor Kokx,LBSU,,,,,False
2021,sa3035945,Connor Langreder,NIU,,,,,False
2024,sa3035998,Connor Larson,RICH,,,,,False
2025,sa3035998,Connor Larson,RICH,,,,,False
2023,sa3036345,Connor Linchey,SMC,,,,,False
2024,sa3036345,Connor Linchey,SMC,,,,,False
2022,sa3036437,Connor Lockwood,VAL,,,,,False
2024,sa3036437,Connor Lockwood,VAL,,,,,False
2025,sa3036437,Connor Lockwood,VAL,,,,,False
2022,sa3036849,Connor Maggi,GWEB,,,,,False
2024,sa3036849,Connor Maggi,GWEB,,,,,False
2023,sa3036995,Connor Manola,SELA,,,,,False
2022,sa3037001,Connor Manthey,BRAD,,,,,False
2024,sa3037057,Connor Markl,ASU,,,,,False
2022,sa3037057,Connor Markl,GCU,,,,,False
2023,sa3037057,Connor Markl,GCU,,,,,False
2025,sa3037106,Connor Marshburn,UNCW,,,,,False
2025,sa3059940,Connor Maryniak,CLT,,,,,False
2024,sa3037339,Connor Mattison,GCU,,,,,False
2021,sa3037521,Connor McCullough,KSU,,,,,False
2022,sa3037521,Connor McCullough,KSU,,,,,False
2023,sa3037618,Connor McGuire,CBU,,,,,False
2024,sa3037618,Connor McGuire,CBU,,,,,False
2021,sa3037618,Connor McGuire,UCI,,,,,False
2024,sa3038152,Connor Misch,XAV,,,,,False
2025,sa3038152,Connor Misch,XAV,,,,,False
2025,sa3038288,Connor Moore,UNF,,,,,False
2022,sa3020834,Connor Noland,ARK,9.0,263.0,Chicago Cubs,university of arkansas,True
2021,29592,Connor Norby,ECU,2.0,41.0,Baltimore Orioles,east carolina university,True
2022,sa3023219,Connor O'Halloran,MICH,,,,,False
2023,sa3023219,Connor O'Halloran,MICH,5.0,157.0,Toronto Blue Jays,university of michigan,True
2021,sa3039001,Connor OBrien,BRAD,,,,,False
2022,sa3039001,Connor OBrien,BRAD,,,,,False
2023,sa3039001,Connor OBrien,BRAD,,,,,False
2021,sa3039002,Connor OBrien,SEA,,,,,False
2024,sa3039058,Connor Offshack,ELON,,,,,False
2023,sa3039069,Connor OHara,FGCU,,,,,False
2025,sa3039069,Connor OHara,GMU,,,,,False
2023,sa3023200,Connor Oliver,M-OH,17.0,499.0,Kansas City Royals,miami university,True
2022,sa3039131,Connor Olson,ILST,,,,,False
2025,sa3039155,Connor ONeal,SELA,,,,,False
2023,sa3039162,Connor ONeill,MAN,,,,,False
2024,sa3039162,Connor ONeill,MAN,,,,,False
2025,sa3039257,Connor Ostrander,WMU,,,,,False
2021,sa3017156,Connor Pavolony,TENN,7.0,197.0,Baltimore Orioles,university of tennessee,True
2025,sa3040196,Connor Price,GTWN,,,,,False
2023,sa3040196,Connor Price,LIU,,,,,False
2024,sa3040471,Connor Rasmussen,TULN,,,,,False
2025,sa3040471,Connor Rasmussen,TULN,15.0,458.0,Kansas City Royals,tulane university,True
2021,sa3040562,Connor Regan,AKR,,,,,False
2025,sa3040937,Connor Roche,WAG,,,,,False
2022,sa3041262,Connor Rudy,GRAM,,,,,False
2023,sa3041262,Connor Rudy,GRAM,,,,,False
2021,sa3041805,Connor Schultz,BUT,,,,,False
2023,sa3043307,Connor Sullivan,CAL,,,,,False
2021,sa3043519,Connor Tate,UGA,,,,,False
2022,sa3043519,Connor Tate,UGA,,,,,False
2023,sa3043519,Connor Tate,UGA,,,,,False
2024,sa3044726,Connor Walsh,PEPP,,,,,False
2023,sa3044726,Connor Walsh,RICE,,,,,False
2023,sa3025401,Connor Wietgrefe,MINN,,,,,False
2024,sa3025401,Connor Wietgrefe,MINN,7.0,204.0,Pittsburgh Pirates,university of minnesota,True
2023,sa3045208,Connor Wilford,WSU,,,,,False
2024,sa3045208,Connor Wilford,WSU,,,,,False
2025,sa3045649,Connor Wylde,NMSU,,,,,False
2022,sa3029894,Conor Davis,ASU,,,,,False
2021,sa3017534,Conor Grady,FSU,18.0,527.0,Baltimore Orioles,florida state university,True
2021,sa3033338,Conor Hartigan,JMU,,,,,False
2022,sa3033338,Conor Hartigan,VT,,,,,False
2024,sa3033795,Conor Higgs,UL,,,,,False
2025,sa3033795,Conor Higgs,UL,,,,,False
2024,sa3035210,Conor Kelly,UML,,,,,False
2025,sa3035210,Conor Kelly,UML,,,,,False
2023,sa3035347,Conor Kiely,STO,,,,,False
2024,sa3035347,Conor Kiely,STO,,,,,False
2021,sa3018092,Conor Larkin,PSU,,,,,False
2021,sa3037660,Conor McKenna,OU,,,,,False
2025,sa3038651,Conor Myles,UTSA,,,,,False
2022,sa3041349,Coop Rust,UVU,,,,,False
2022,sa3025754,Cooper Adams,MSM,,,,,False
2023,sa3025754,Cooper Adams,MSM,,,,,False
2022,sa3027004,Cooper Benzin,VCU,,,,,False
2023,sa3027004,Cooper Benzin,VCU,,,,,False
2024,sa3027004,Cooper Benzin,VCU,,,,,False
2025,sa3027252,Cooper Blauser,JVST,,,,,False
2021,sa3016966,Cooper Bowman,LOU,4.0,122.0,New York Yankees,university of louisville,True
2024,sa3028665,Cooper Cavanaugh,DAV,,,,,False
2022,sa3028734,Cooper Chandler,RICE,,,,,False
2025,sa3058854,Cooper Chaplain,LR,,,,,False
2024,sa3028975,Cooper Clark,CAM,,,,,False
2025,sa3029113,Cooper Cohn,NIU,,,,,False
2025,sa3029219,Cooper Combs,ORU,,,,,False
2025,sa3030879,Cooper Ellingworth,UPST,,,,,False
2025,sa3059312,Cooper Golden,MCN,,,,,False
2023,sa3033750,Cooper Hext,MCN,,,,,False
2024,sa3033750,Cooper Hext,MCN,,,,,False
2021,sa3020736,Cooper Hjerpe,ORST,,,,,False
2022,sa3020736,Cooper Hjerpe,ORST,1.0,22.0,St. Louis Cardinals,oregon state university,True
2022,sa3023069,Cooper Ingle,CLEM,,,,,False
2023,sa3023069,Cooper Ingle,CLEM,4.0,125.0,Cleveland Guardians,clemson university,True
2025,sa3035112,Cooper Katskee,M-OH,,,,,False
2024,sa3036615,Cooper Loyal,ALB,,,,,False
2025,sa3036615,Cooper Loyal,ALB,,,,,False
2025,sa3059899,Cooper Malamazian,IU,,,,,False
2023,sa3037717,Cooper McMurray,AUB,,,,,False
2024,sa3037717,Cooper McMurray,AUB,,,,,False
2025,sa3037717,Cooper McMurray,AUB,,,,,False
2025,sa3060069,Cooper Montelbano,FDU,,,,,False
2025,sa3038290,Cooper Moore,KU,,,,,False
2021,sa3038401,Cooper Morrison,UCD,,,,,False
2021,sa3038507,Cooper Mrowka,GMU,,,,,False
2024,sa3039153,Cooper Omans,ILL,,,,,False
2023,sa3040482,Cooper Rawls,UL,,,,,False
2023,sa3041120,Cooper Rons,SAC,,,,,False
2021,sa3041348,Cooper Rust,UNCO,,,,,False
2025,sa3062896,Cooper Schneider,SFA,,,,,False
2025,sa3060560,Cooper Sheff,UNLV,,,,,False
2021,sa3043135,Cooper Stinson,DUKE,,,,,False
2022,sa3043135,Cooper Stinson,DUKE,,,,,False
2025,sa3043650,Cooper Thacker,UCSD,,,,,False
2025,sa3043958,Cooper Torres,ETSU,,,,,False
2022,sa3044034,Cooper Tremmel,ARST,,,,,False
2024,sa3044321,Cooper Vance,EMU,,,,,False
2025,sa3044321,Cooper Vance,EMU,,,,,False
2023,sa3044469,Cooper Vest,BYU,,,,,False
2024,sa3044469,Cooper Vest,BYU,,,,,False
2025,sa3044469,Cooper Vest,BYU,,,,,False
2025,sa3060860,Cooper Walls,HAW,,,,,False
2024,sa3044967,Cooper Weiss,AUB,,,,,False
2021,sa3044967,Cooper Weiss,CCU,,,,,False
2023,sa3044967,Cooper Weiss,M-OH,,,,,False
2024,sa3045153,Cooper Whitton,WASH,,,,,False
2025,sa3045274,Cooper Williams,KENN,,,,,False
2023,sa3026570,Corbin Barker,UCR,,,,,False
2024,sa3032578,Corbin Grantham,RAD,,,,,False
2025,sa3059688,Corbin Kirk,UVU,,,,,False
2023,sa3035956,Corbin Lanowitz,UNCA,,,,,False
2025,sa3035956,Corbin Lanowitz,UNCA,,,,,False
2022,sa3034485,Core Jackson,NEB,,,,,False
2024,sa3034485,Core Jackson,UTAH,,,,,False
2025,sa3034485,Core Jackson,UTAH,5.0,164.0,New York Yankees,university of utah,True
2023,sa3025755,Corey Adams,W&M,,,,,False
2025,sa3027612,Corey Braun,USF,8.0,230.0,Sacramento Athletics,university of south florida,True
2021,sa3025450,Corey Collins,UGA,,,,,False
2022,sa3025450,Corey Collins,UGA,,,,,False
2024,sa3025450,Corey Collins,UGA,6.0,173.0,New York Mets,university of georgia,True
2022,sa3030346,Corey DiLoreto,NE,,,,,False
2022,sa3035394,Corey King,ALST,,,,,False
2023,sa3035394,Corey King,ALST,,,,,False
2022,sa3038019,Corey Miley,COPP,,,,,False
2023,sa3038969,Corey Nunez,UCSB,,,,,False
2025,sa3038969,Corey Nunez,UCSB,,,,,False
2021,sa3016961,Corey Rosier,UNCG,12.0,354.0,Seattle Mariners,university of north carolina at greensboro,True
2021,sa3041474,Corey Sanchez,SJSU,,,,,False
2021,sa3026671,Corrigan Bartlett,WICH,,,,,False
2024,sa3036781,Cort MacDonald,STAN,,,,,False
2022,sa3037385,Cort Maynard,NCAT,,,,,False
2023,sa3037385,Cort Maynard,NCAT,,,,,False
2021,sa3037385,Cort Maynard,NCCU,,,,,False
2024,sa3030156,Cortez Dennis,UNO,,,,,False
2024,sa3028629,Cortlan Castle,BAY,,,,,False
2022,sa3020202,Cortland Lawson,TENN,14.0,411.0,Washington Nationals,university of tennessee,True
2022,sa3019887,Cory Acton,UGA,9.0,275.0,Atlanta Braves,university of georgia,True
2022,sa3027418,Cory Bosecker,BUT,,,,,False
2023,sa3027418,Cory Bosecker,BUT,,,,,False
2021,sa3027750,Cory Brooks,PUR,,,,,False
2021,sa3029289,Cory Conway,MORE,,,,,False
2021,sa3033522,Cory Heffron,JAX,,,,,False
2021,sa3020702,Cory Lewis,UCSB,,,,,False
2022,sa3020702,Cory Lewis,UCSB,9.0,264.0,Minnesota Twins,"university of california, santa barbara",True
2021,sa3038285,Cory Moore,UIC,,,,,False
2023,sa3043556,Cory Taylor,EMU,,,,,False
2024,sa3043556,Cory Taylor,EMU,,,,,False
2023,sa3022944,Cory Wall,W&M,8.0,249.0,Atlanta Braves,william and mary,True
2022,sa3027941,Coulson Buchanan,WOF,,,,,False
2023,sa3027941,Coulson Buchanan,WOF,,,,,False
2023,sa3029393,Couper Cornblum,PUR,,,,,False
2024,sa3029393,Couper Cornblum,PUR,,,,,False
2021,sa3029393,Couper Cornblum,WICH,,,,,False
2022,sa3035281,Craig Kenny,UNCO,,,,,False
2023,sa3035281,Craig Kenny,UNCO,,,,,False
2025,sa3035281,Craig Kenny,UNCO,,,,,False
2021,sa3035322,Craig Keuchel,CLT,,,,,False
2021,sa3035992,Craig Larsen,PENN,,,,,False
2022,sa3035992,Craig Larsen,PENN,,,,,False
2023,sa3035992,Craig Larsen,VILL,,,,,False
2025,sa3060597,Cranz Smelcer,AFA,,,,,False
2025,sa3044604,Crawford Wade,NU,,,,,False
2025,sa3040875,Creek Robertson,MEM,,,,,False
2021,sa3041694,Cregg Scherrer,ALB,,,,,False
2022,sa3041694,Cregg Scherrer,ALB,,,,,False
2023,sa3041694,Cregg Scherrer,ALB,,,,,False
2025,sa3037467,Crew McChesney,BYU,,,,,False
2023,sa3039451,Crew Parke,ACU,,,,,False
2024,sa3039451,Crew Parke,WSU,,,,,False
2024,sa3040903,Crew Robinson,BYU,,,,,False
2022,sa3036527,Cristian Lopez,ALST,,,,,False
2023,sa3036527,Cristian Lopez,ALST,,,,,False
2024,sa3036527,Cristian Lopez,ALST,,,,,False
2022,sa3036528,Cristian Lopez,UIC,,,,,False
2025,sa3044129,Cristino Tufano,GW,,,,,False
2021,sa3030032,Cristopher DeGuzman,ALST,,,,,False
2022,sa3030032,Cristopher DeGuzman,ALST,,,,,False
2021,sa3034864,Crosby Jones,CIT,,,,,False
2023,sa3034864,Crosby Jones,CIT,,,,,False
2023,sa3034988,Cross Jumper,ARST,,,,,False
2025,sa3034988,Cross Jumper,ARST,,,,,False
2023,sa3026645,Cruz Barrios,UCR,,,,,False
2021,sa3044615,Cullan Wadsworth,LONG,,,,,False
2021,sa3017818,Cullen Kafka,ORE,9.0,260.0,Colorado Rockies,university of oregon,True
2021,sa3042525,Cullen Smith,ARK,,,,,False
2025,sa3043345,Curry Sutherland,MOST,,,,,False
2025,sa3033501,Curtis Hebert,PORT,20.0,606.0,Houston Astros,university of portland,True
2025,sa3059986,Curtis McKay,NIA,,,,,False
2022,sa3040928,Curtis Robison,GWEB,,,,,False
2023,sa3040928,Curtis Robison,GWEB,,,,,False
2021,sa3040928,Curtis Robison,PSU,,,,,False
2022,sa3019803,Curtis Washington Jr.,PUR,19.0,576.0,Seattle Mariners,purdue university,True
2022,sa3039851,Cyle Phelan,UNCW,,,,,False
2022,sa3020536,D'Andre Smith,USC,5.0,149.0,New York Mets,university of southern california,True
2022,sa3039324,D.J. Pacheco,RICH,,,,,False
2024,sa3039324,D.J. Pacheco,RICH,,,,,False
2025,sa3039324,D.J. Pacheco,RICH,,,,,False
2024,sa3025774,Daalen Adderley,LMU,,,,,False
2023,sa3025774,Daalen Adderley,TXSO,,,,,False
2021,sa3026150,Dac Archer,RAD,,,,,False
2022,sa3028240,Daedrick Cail,ARST,,,,,False
2023,sa3028240,Daedrick Cail,ARST,,,,,False
2024,sa3028240,Daedrick Cail,ARST,,,,,False
2025,sa3028240,Daedrick Cail,ARST,,,,,False
2022,sa3027564,Daegan Brady,GWEB,,,,,False
2023,sa3028405,Daelan Caraway,JKST,,,,,False
2025,sa3045029,Dakoda West,UTU,,,,,False
2023,sa3030615,Dakota Duffalo,UTAH,,,,,False
2023,sa3022431,Dakota Harris,OU,11.0,335.0,St. Louis Cardinals,university of oklahoma,True
2021,sa3033429,Dakota Hawkins,WSU,,,,,False
2023,sa3033429,Dakota Hawkins,WSU,,,,,False
2023,sa3025601,Dakota Jordan,MSST,,,,,False
2024,sa3025601,Dakota Jordan,MSST,4.0,116.0,San Francisco Giants,mississippi state university,True
2021,sa3034985,Dakota Julylia,JAX,,,,,False
2021,sa3035655,Dakota Kotowski,MOST,,,,,False
2022,sa3035655,Dakota Kotowski,MOST,,,,,False
2024,sa3036152,Dakota Lee,SELA,,,,,False
2024,sa3038043,Dakota Miller,CHSO,,,,,False
2025,sa3031624,Dale Francis Jr.,GWEB,,,,,False
2021,sa3043685,Dale Thomas,CCU,,,,,False
2022,sa3043685,Dale Thomas,CCU,,,,,False
2024,sa3043685,Dale Thomas,FLA,,,,,False
2024,sa3043751,Dalen Thompson,CAM,,,,,False
2025,sa3043751,Dalen Thompson,CAM,,,,,False
2022,sa3028278,Dallas Callahan,UNCG,,,,,False
2023,sa3028278,Dallas Callahan,UNCG,,,,,False
2022,sa3030587,Dallas Duarte,HAW,,,,,False
2023,sa3030587,Dallas Duarte,HAW,,,,,False
2024,sa3030587,Dallas Duarte,HAW,,,,,False
2024,sa3036796,Dallas Macias,ORST,,,,,False
2023,sa3043597,Dallas Tease,FAMU,,,,,False
2022,sa3036100,Dallen Leach,UNF,,,,,False
2023,sa3036100,Dallen Leach,UNF,,,,,False
2024,sa3025892,Dalton Alford,TXSO,,,,,False
2021,sa3026361,Dalton Back,M-OH,,,,,False
2021,sa3026432,Dalton Baker,NAVY,,,,,False
2023,sa3026558,Dalton Bargo,MIZ,,,,,False
2025,sa3026558,Dalton Bargo,TENN,,,,,False
2022,sa3026561,Dalton Barham,NORF,,,,,False
2023,sa3026561,Dalton Barham,NORF,,,,,False
2024,sa3026561,Dalton Barham,NORF,,,,,False
2024,sa3026832,Dalton Beck,UIW,,,,,False
2025,sa3027413,Dalton Boruff,EIU,,,,,False
2022,sa3027489,Dalton Bowling,SJSU,,,,,False
2023,sa3027489,Dalton Bowling,SJSU,,,,,False
2024,sa3027489,Dalton Bowling,SJSU,,,,,False
2023,sa3029900,Dalton Davis,LT,,,,,False
2024,sa3029900,Dalton Davis,LT,,,,,False
2021,sa3030539,Dalton Doyle,EIU,,,,,False
2022,sa3030539,Dalton Doyle,EIU,,,,,False
2022,sa3023125,Dalton Fowler,MEM,,,,,False
2023,sa3023125,Dalton Fowler,MEM,9.0,273.0,Tampa Bay Rays,university of memphis,True
2022,sa3023129,Dalton Kendrick,MEM,,,,,False
2023,sa3037245,Dalton Mashore,SMC,,,,,False
2024,sa3037245,Dalton Mashore,SMC,,,,,False
2024,sa3037634,Dalton McIntyre,USM,19.0,581.0,Atlanta Braves,southern mississippi university,True
2025,sa3060103,Dalton Mullins,SFA,,,,,False
2025,sa3039542,Dalton Patten,ORU,,,,,False
2024,sa3039606,Dalton Pearson,CIN,,,,,False
2021,sa3039606,Dalton Pearson,GAST,,,,,False
2022,sa3039606,Dalton Pearson,GAST,,,,,False
2023,sa3039606,Dalton Pearson,GAST,,,,,False
2023,sa3039663,Dalton Pence,UNC,,,,,False
2024,sa3039663,Dalton Pence,UNC,11.0,345.0,Texas Rangers,university of north carolina,True
2022,sa3040555,Dalton Reeves,PRES,,,,,False
2023,sa3040555,Dalton Reeves,PRES,,,,,False
2022,sa3040621,Dalton Renne,HAW,,,,,False
2021,sa3040663,Dalton Rhadans,WOF,,,,,False
2022,sa3040663,Dalton Rhadans,WOF,,,,,False
2022,31382,Dalton Rushing,LOU,2.0,40.0,Los Angeles Dodgers,university of louisville,True
2021,sa3020270,Dalton Shuffield,TXST,,,,,False
2022,sa3020270,Dalton Shuffield,TXST,10.0,294.0,Minnesota Twins,texas state university,True
2021,sa3042363,Dalton Sinquefield,TROY,,,,,False
2025,sa3060904,Dalton Wentz,WAKE,,,,,False
2021,sa3040973,Damaurys Rodriguez,BRY,,,,,False
2024,sa3027616,Damian Bravo,TTU,,,,,False
2025,sa3027616,Damian Bravo,TTU,15.0,446.0,San Francisco Giants,texas tech university,True
2025,sa3060401,Damian Rodriguez,IONA,,,,,False
2023,sa3041281,Damian Ruiz,HCU,,,,,False
2025,sa3041281,Damian Ruiz,LAM,,,,,False
2023,sa3043167,Damian Stone,UCD,,,,,False
2024,sa3043167,Damian Stone,UCD,,,,,False
2025,sa3059270,Damien Garcia,TXSO,,,,,False
2025,sa3059663,Damion Kenealy,LIP,,,,,False
2021,sa3030610,Damon Dues,WRST,,,,,False
2022,sa3030861,Damon Elarton,UAPB,,,,,False
2024,sa3031830,Damon Gaither,COPP,,,,,False
2023,sa3036721,Damon Lux,DUKE,,,,,False
2023,sa3032996,Damone Hale,NMSU,,,,,False
2024,sa3032996,Damone Hale,NMSU,,,,,False
2021,sa3027351,Dan Bolt,BRAD,,,,,False
2022,sa3028079,Dan Burnett,HART,,,,,False
2021,sa3029479,Dan Covino,CCSU,,,,,False
2022,sa3029479,Dan Covino,CCSU,,,,,False
2023,sa3029479,Dan Covino,DEL,,,,,False
2021,sa3033363,Dan Harwood,BUT,,,,,False
2023,sa3034358,Dan Hussey,CCSU,,,,,False
2021,sa3035499,Dan Klepchick,MONM,,,,,False
2022,sa3035499,Dan Klepchick,MONM,,,,,False
2021,sa3036133,Dan Leckie,RICH,,,,,False
2021,sa3041368,Dan Ryan,FAIR,,,,,False
2023,sa3043530,Dan Tauken,ALB,,,,,False
2024,sa3043530,Dan Tauken,MUR,,,,,False
2025,sa3043530,Dan Tauken,MUR,,,,,False
2022,sa3026190,Dane Armbrustmacher,WMU,,,,,False
2023,sa3026190,Dane Armbrustmacher,WMU,,,,,False
2021,sa3042321,Dane Simon,NICH,,,,,False
2022,sa3042321,Dane Simon,NICH,,,,,False
2025,sa3060594,Dane Small,UAPB,,,,,False
2021,sa3043938,Dane Toppel,EIU,,,,,False
2025,sa3044876,Dane Watts,SELA,,,,,False
2024,sa3025967,Daniel Altman,BAY,,,,,False
2025,sa3058510,Daniel Arambula,SDSU,,,,,False
2022,sa3026327,Daniel Avitia,GCU,,,,,False
2023,sa3026327,Daniel Avitia,GCU,,,,,False
2023,sa3026398,Daniel Bagwell,QUC,,,,,False
2023,sa3026525,Daniel Bannon,JKST,,,,,False
2021,sa3027211,Daniel Blair,WIN,,,,,False
2025,sa3027752,Daniel Brooks,COFC,,,,,False
2021,sa3027751,Daniel Brooks,GMU,,,,,False
2023,sa3027937,Daniel Bucciero,FOR,,,,,False
2024,sa3027937,Daniel Bucciero,FOR,,,,,False
2025,sa3027937,Daniel Bucciero,FOR,9.0,260.0,Sacramento Athletics,fordham university,True
2024,sa3028108,Daniel Burroway,NWST,,,,,False
2024,sa3028250,Daniel Calabrese,UIW,,,,,False
2025,sa3028250,Daniel Calabrese,UIW,,,,,False
2024,sa3028376,Daniel Cantu,FSU,,,,,False
2021,sa3028376,Daniel Cantu,USF,,,,,False
2022,sa3028376,Daniel Cantu,USF,,,,,False
2023,sa3028376,Daniel Cantu,USF,,,,,False
2022,sa3028435,Daniel Carinci,MRSH,,,,,False
2023,sa3028435,Daniel Carinci,MRSH,,,,,False
2022,sa3028526,Daniel Carter,NCAT,,,,,False
2023,sa3028697,Daniel Cerda,UNCG,,,,,False
2023,sa3029106,Daniel Cohen,YALE,,,,,False
2024,sa3029106,Daniel Cohen,YALE,,,,,False
2025,sa3029106,Daniel Cohen,YALE,,,,,False
2025,sa3029285,Daniel Contreras,ILST,,,,,False
2024,sa3029748,Daniel Cuvet,MIA,,,,,False
2025,sa3029748,Daniel Cuvet,MIA,,,,,False
2025,sa3030286,Daniel Dickinson,LSU,6.0,185.0,Milwaukee Brewers,louisiana state university,True
2023,sa3030286,Daniel Dickinson,UVU,,,,,False
2024,sa3030286,Daniel Dickinson,UVU,,,,,False
2022,sa3030728,Daniel Eagen,PRES,,,,,False
2024,sa3030728,Daniel Eagen,PRES,3.0,102.0,Arizona Diamondbacks,presbyterian college,True
2021,sa3031208,Daniel Federman,MIA,,,,,False
2024,sa3031313,Daniel Figueroa,BCU,,,,,False
2021,sa3031623,Daniel Franchi,BING,,,,,False
2023,sa3031739,Daniel Frontera,HALL,,,,,False
2023,sa3032020,Daniel Garza,UTSA,,,,,False
2024,sa3032020,Daniel Garza,UTSA,,,,,False
2023,sa3032065,Daniel Gaviria,BCU,,,,,False
2024,sa3032065,Daniel Gaviria,BCU,,,,,False
2023,sa3032148,Daniel Gernon,UPST,,,,,False
2024,sa3032148,Daniel Gernon,UPST,,,,,False
2024,sa3032197,Daniel Gierer,SIUE,,,,,False
2025,sa3032197,Daniel Gierer,SIUE,,,,,False
2025,sa3032408,Daniel Gonzalez,ULM,,,,,False
2025,sa3032908,Daniel Haab,GASO,,,,,False
2021,sa3033267,Daniel Harris IV,EKU,,,,,False
2022,sa3033267,Daniel Harris IV,UK,,,,,False
2022,sa3033527,Daniel Hegarty,KU,,,,,False
2024,sa3034488,Daniel Jackson,WOF,,,,,False
2022,sa3037899,Daniel Merkel,WAG,,,,,False
2024,sa3038292,Daniel Moore,COPP,,,,,False
2025,sa3038292,Daniel Moore,COPP,,,,,False
2023,sa3039320,Daniel Pacella,ILST,,,,,False
2024,sa3039320,Daniel Pacella,ILST,,,,,False
2025,sa3039320,Daniel Pacella,ILST,,,,,False
2021,sa3039342,Daniel Padysak,CHSO,,,,,False
2023,sa3039342,Daniel Padysak,CHSO,,,,,False
2024,sa3039427,Daniel Paret,STET,,,,,False
2023,sa3039709,Daniel Perez,MAN,,,,,False
2024,sa3039709,Daniel Perez,MAN,,,,,False
2025,sa3039709,Daniel Perez,MEM,,,,,False
2025,sa3040147,Daniel Powell,KENN,,,,,False
2025,sa3060413,Daniel Rogers,IOWA,,,,,False
2021,sa3019997,Daniel Susac,ARIZ,,,,,False
2022,sa3019997,Daniel Susac,ARIZ,1.0,19.0,Oakland Athletics,university of arizona,True
2025,sa3065148,Daniel Thomas,MERC,,,,,False
2021,sa3044727,Daniel Walsh,WCU,,,,,False
2022,sa3044803,Daniel Warkentin,EMU,,,,,False
2024,sa3040817,Danniel Rivera,KSU,,,,,False
2025,sa3026536,Danny Barbero,BUT,,,,,False
2023,sa3026536,Danny Barbero,SIE,,,,,False
2024,sa3026536,Danny Barbero,SIE,,,,,False
2023,sa3026780,Danny Beal,ECU,,,,,False
2024,sa3026780,Danny Beal,ECU,,,,,False
2021,sa3026824,Danny Becerra,TOW,,,,,False
2022,sa3026824,Danny Becerra,TOW,,,,,False
2021,sa3027402,Danny Borgstrom,EVAN,,,,,False
2022,sa3027402,Danny Borgstrom,EVAN,,,,,False
2023,sa3027402,Danny Borgstrom,EVAN,,,,,False
2025,sa3058920,Danny Cook,PEPP,,,,,False
2024,sa3029398,Danny Corona,MIZ,,,,,False
2022,sa3029398,Danny Corona,WAKE,,,,,False
2021,sa3029596,Danny Crossen,NE,,,,,False
2023,sa3029596,Danny Crossen,NE,,,,,False
2021,sa3030314,Danny DiGeorgio,RUTG,,,,,False
2022,sa3030314,Danny DiGeorgio,RUTG,,,,,False
2022,sa3030425,Danny Doligale,ILL,,,,,False
2023,sa3030425,Danny Doligale,ILL,,,,,False
2021,sa3031923,Danny Garcia,STET,,,,,False
2022,sa3031923,Danny Garcia,STET,,,,,False
2021,sa3032305,Danny Glendon,SHU,,,,,False
2021,sa3033554,Danny Helfgott,NJIT,,,,,False
2022,sa3034130,Danny Hosley,GMU,,,,,False
2021,sa3034130,Danny Hosley,NORF,,,,,False
2022,sa3035461,Danny Kirwin,RID,,,,,False
2023,sa3035461,Danny Kirwin,RID,,,,,False
2021,sa3036738,Danny Lynch,USM,,,,,False
2022,sa3036738,Danny Lynch,USM,,,,,False
2023,sa3036738,Danny Lynch,USM,,,,,False
2023,sa3036776,Danny Macchiarola,HC,,,,,False
2024,sa3036776,Danny Macchiarola,HC,,,,,False
2025,sa3036776,Danny Macchiarola,HC,8.0,242.0,Seattle Mariners,the holy cross,True
2021,sa3036824,Danny Madden,TOW,,,,,False
2022,sa3036975,Danny Manion,SBU,,,,,False
2024,sa3037825,Danny Melnick,HALL,,,,,False
2022,sa3037825,Danny Melnick,QUIN,,,,,False
2024,sa3038458,Danny Moshier,MRST,,,,,False
2023,sa3038771,Danny Neri,ND,,,,,False
2024,sa3038771,Danny Neri,UCF,,,,,False
2025,sa3065105,Danny Orr,UMBC,,,,,False
2021,sa3019967,Danny Serretti,UNC,,,,,False
2022,sa3019967,Danny Serretti,UNC,6.0,177.0,Detroit Tigers,university of north carolina,True
2023,sa3042840,Danny Sperling,SEMO,,,,,False
2025,sa3043750,Danny Thompson Jr.,UNCG,,,,,False
2021,sa3017952,Danny Watson,VCU,,,,,False
2022,sa3045223,Danny Wilkinson,VILL,,,,,False
2021,sa3045607,Danny Wright,SEMO,,,,,False
2022,sa3045635,Danny Wuestenfeld,CMU,,,,,False
2023,sa3045635,Danny Wuestenfeld,CMU,,,,,False
2024,sa3045635,Danny Wuestenfeld,CMU,,,,,False
2024,sa3045644,Danny Wyatt,UMBC,,,,,False
2025,sa3045644,Danny Wyatt,UMBC,,,,,False
2021,sa3026463,Dante Baldelli,BC,,,,,False
2023,sa3028853,Dante Chirico,APP,,,,,False
2024,sa3028853,Dante Chirico,APP,,,,,False
2023,sa3028922,Dante Ciaramella,MONM,,,,,False
2022,sa3029807,Dante Damore,SHU,,,,,False
2023,sa3029807,Dante Damore,SHU,,,,,False
2024,sa3029807,Dante Damore,SHU,,,,,False
2025,sa3029807,Dante Damore,SHU,,,,,False
2024,sa3030022,Dante DeFranco,CLT,,,,,False
2022,sa3031124,Dante Faicchio,WAG,,,,,False
2023,sa3031124,Dante Faicchio,WAG,,,,,False
2021,sa3032278,Dante Girardi,FIU,,,,,False
2022,sa3032278,Dante Girardi,FIU,,,,,False
2023,sa3032278,Dante Girardi,FIU,,,,,False
2021,sa3036101,Dante Leach,UAPB,,,,,False
2022,sa3036101,Dante Leach,UAPB,,,,,False
2025,sa3060606,Dante Smith,NDSU,,,,,False
2025,sa3060809,Dante Vachini,CP,,,,,False
2024,sa3044530,Dante Visconti,WCU,,,,,False
2025,sa3060187,Dariel Osoria,KU,,,,,False
2022,sa3042531,Darien Smith,FGCU,,,,,False
2023,sa3034091,Darin Horn,CCU,,,,,False
2025,sa3035798,Darin Kuskie,UPST,,,,,False
2021,sa3032385,Dario Gomez,NEV,,,,,False
2022,sa3032385,Dario Gomez,NEV,,,,,False
2021,sa3031574,Darius Foster,SF,,,,,False
2023,sa3022668,Darius Perry,UCLA,,,,,False
2025,sa3039666,Dariyan Pendergrass,COFC,,,,,False
2025,sa3039453,Darnell Parker Jr.,CAM,,,,,False
2021,29912,Darren Baker,CAL,10.0,293.0,Washington Nationals,"university of california, berkeley",True
2021,sa3032949,Darren Hagan,COPP,,,,,False
2022,sa3034584,Darren Jansen,SJSU,,,,,False
2021,sa3045275,Darren Williams,EKU,,,,,False
2023,sa3045275,Darren Williams,UK,,,,,False
2021,sa3045276,Darren Willis,UNO,,,,,False
2022,sa3027991,Darryl Buggs,UAB,,,,,False
2024,sa3027991,Darryl Buggs,UAB,,,,,False
2025,sa3059776,Darryl Lee,BCU,,,,,False
2022,sa3029899,Darryn Davis,TOL,,,,,False
2023,sa3029996,Daunte DeCello,TOL,,,,,False
2024,sa3043258,Daunte Stuart,MEM,,,,,False
2021,sa3043258,Daunte Stuart,NWST,,,,,False
2022,sa3043258,Daunte Stuart,NWST,,,,,False
2023,sa3043258,Daunte Stuart,NWST,,,,,False
2024,sa3034729,Dave Johnson,UIW,,,,,False
2021,sa3037324,Dave Matthews,CCSU,,,,,False
2024,sa3031927,Davian Garcia,FGCU,6.0,170.0,Washington Nationals,florida gulf coast university,True
2022,sa3026298,David Aufiero,SHU,,,,,False
2025,sa3026336,David Ayers,BUT,,,,,False
2021,sa3026784,David Beam,ETSU,,,,,False
2022,sa3026784,David Beam,ETSU,,,,,False
2022,sa3027049,David Bermudez,MAN,,,,,False
2021,sa3027049,David Bermudez,RID,,,,,False
2023,sa3027049,David Bermudez,STET,,,,,False
2024,sa3027176,David Bishop,KSU,,,,,False
2022,sa3027176,David Bishop,TCU,,,,,False
2021,sa3027923,David Bryant,RAD,,,,,False
2022,sa3027923,David Bryant,RAD,,,,,False
2023,sa3027923,David Bryant,VT,,,,,False
2025,sa3028566,David Case,MEM,,,,,False
2023,sa3028887,David Christie,UL,,,,,False
2024,sa3028887,David Christie,UL,,,,,False
2023,sa3029360,David Coppedge,LIP,,,,,False
2024,sa3029360,David Coppedge,LIP,,,,,False
2025,sa3029360,David Coppedge,LIP,,,,,False
2025,sa3059012,David Dean,AMCC,,,,,False
2021,sa3030671,David Dunn,NU,,,,,False
2021,sa3030981,David Erickson,LIB,,,,,False
2021,30056,David Festa,HALL,13.0,399.0,Minnesota Twins,seton hall university,True
2024,sa3032293,David Glancy,ND,,,,,False
2022,sa3032293,David Glancy,SJU,,,,,False
2023,sa3032293,David Glancy,SJU,,,,,False
2024,sa3033705,David Herring,ORU,,,,,False
2023,sa3033705,David Herring,WICH,,,,,False
2021,sa3033934,David Hogarth,W&M,,,,,False
2022,sa3033934,David Hogarth,W&M,,,,,False
2021,sa3034357,David Hussey,UTM,,,,,False
2025,sa3034549,David James,SBU,,,,,False
2025,sa3035859,David Lally Jr.,MICH,,,,,False
2021,sa3035862,David LaManna,ND,,,,,False
2022,sa3035862,David LaManna,ND,,,,,False
2022,sa3036386,David Litchfield,UCF,,,,,False
2024,sa3036530,David Lopez,UNM,,,,,False
2022,sa3037018,David Marcano,NJIT,,,,,False
2024,sa3037108,David Marshall,SBU,,,,,False
2025,sa3037108,David Marshall,SBU,,,,,False
2022,sa3019964,David McCabe,CLT,4.0,125.0,Atlanta Braves,university of north carolina at charlotte,True
2024,sa3037443,David McCann,VT,,,,,False
2025,sa3037443,David McCann,VT,,,,,False
2021,sa3037820,David Melfi,WAG,,,,,False
2023,sa3037820,David Melfi,WAG,,,,,False
2024,sa3037820,David Melfi,WAG,,,,,False
2024,sa3037846,David Mendez,DAY,,,,,False
2022,sa3037855,David Mendham,OKST,,,,,False
2023,sa3037855,David Mendham,OKST,,,,,False
2021,sa3037855,David Mendham,SC,,,,,False
2024,sa3025335,David Mershon,MSST,18.0,532.0,Los Angeles Angels,mississippi state university,True
2021,sa3038207,David Moffat,UTA,,,,,False
2022,sa3038207,David Moffat,UTA,,,,,False
2023,sa3038942,David Novak,M-OH,,,,,False
2024,sa3038942,David Novak,M-OH,,,,,False
2025,sa3038942,David Novak,M-OH,,,,,False
2024,sa3039624,David Pedanou,DAY,,,,,False
2025,sa3039624,David Pedanou,PITT,,,,,False
2023,sa3039697,David Pereira,UPST,,,,,False
2024,sa3039697,David Pereira,UPST,,,,,False
2025,sa3060402,David Rodriguez,SJU,,,,,False
2025,sa3041190,David Rossow,CAM,,,,,False
2022,sa3020606,David Sandlin,OU,11.0,325.0,Kansas City Royals,university of oklahoma,True
2025,sa3042085,David Shaw,CAL,,,,,False
2022,sa3022925,David Smith,CONN,,,,,False
2023,sa3022925,David Smith,CONN,14.0,410.0,Detroit Tigers,university of connecticut,True
2023,sa3043139,David Stirpe,MSM,,,,,False
2024,sa3043139,David Stirpe,MSM,,,,,False
2025,sa3043688,David Thomas,SJSU,,,,,False
2021,sa3044493,David Vilches,CREI,,,,,False
2023,sa3044538,David Vizcaino,UCI,,,,,False
2023,sa3044810,David Warren,MEM,,,,,False
2024,sa3044810,David Warren,MEM,,,,,False
2021,sa3044856,David Watson,UTAH,,,,,False
2021,sa3044914,David Webel,CREI,,,,,False
2025,sa3045154,David Whittle,UCR,,,,,False
2023,sa3045203,David Wiley,WOF,,,,,False
2024,sa3045203,David Wiley,WOF,,,,,False
2025,sa3045203,David Wiley,WOF,,,,,False
2021,sa3045678,David Yanni,PITT,,,,,False
2021,sa3030531,Davion Downey,BAY,,,,,False
2024,sa3033771,Davion Hickson,RICE,,,,,False
2025,sa3033771,Davion Hickson,RICE,5.0,165.0,Los Angeles Dodgers,rice university,True
2023,sa3034283,Davione Hull,MVSU,,,,,False
2023,sa3026433,Davis Baker,PENN,,,,,False
2024,sa3026433,Davis Baker,PENN,,,,,False
2025,sa3026433,Davis Baker,PENN,,,,,False
2024,sa3029350,Davis Cop,IOWA,,,,,False
2022,sa3029350,Davis Cop,UTAH,,,,,False
2023,sa3029350,Davis Cop,UTAH,,,,,False
2022,sa3025494,Davis Diaz,VAN,,,,,False
2023,sa3025494,Davis Diaz,VAN,,,,,False
2024,sa3025494,Davis Diaz,VAN,8.0,226.0,Oakland Athletics,vanderbilt university,True
2021,sa3031223,Davis Feldman,EMU,,,,,False
2025,sa3032145,Davis Germann,MORE,,,,,False
2024,sa3032231,Davis Gillespie,USM,,,,,False
2025,sa3032231,Davis Gillespie,USM,,,,,False
2023,sa3033076,Davis Hamilton,NDSU,,,,,False
2024,sa3033076,Davis Hamilton,NDSU,,,,,False
2025,sa3033076,Davis Hamilton,NDSU,,,,,False
2023,sa3033178,Davis Hanson,YALE,,,,,False
2024,sa3033178,Davis Hanson,YALE,,,,,False
2025,sa3034732,Davis Johnson,ND,,,,,False
2025,sa3037771,Davis Meche,MCN,,,,,False
2023,sa3040146,Davis Powell,TXST,,,,,False
2024,sa3040146,Davis Powell,TXST,,,,,False
2025,sa3060973,Davis Wright,WCU,,,,,False
2022,sa3020480,Davison Palermo,UNC,8.0,236.0,Colorado Rockies,university of north carolina at chapel hill,True
2022,sa3038118,Davon Mims,MVSU,,,,,False
2023,sa3038118,Davon Mims,MVSU,,,,,False
2024,sa3038118,Davon Mims,MVSU,,,,,False
2021,sa3025756,Davyn Adamscheck,LIU,,,,,False
2021,sa3026359,Dawsen Bacho,SAC,,,,,False
2022,sa3026359,Dawsen Bacho,SAC,,,,,False
2021,sa3026403,Dawson Bailey,NIA,,,,,False
2022,sa3026403,Dawson Bailey,NIA,,,,,False
2023,sa3026532,Dawson Baracani,UMBC,,,,,False
2024,sa3026532,Dawson Baracani,UMBC,,,,,False
2021,sa3027695,Dawson Brigman,SCU,,,,,False
2022,sa3027695,Dawson Brigman,SCU,,,,,False
2023,sa3027695,Dawson Brigman,SCU,,,,,False
2025,sa3027932,Dawson Bryce,CLT,,,,,False
2024,sa3027932,Dawson Bryce,MRMK,,,,,False
2024,sa3031477,Dawson Flowers,NWST,,,,,False
2023,sa3033020,Dawson Hall,WKU,,,,,False
2021,sa3037445,Dawson McCarville,GCU,,,,,False
2022,sa3037445,Dawson McCarville,NEB,,,,,False
2025,sa3060209,Dawson Park,TXST,,,,,False
2022,sa3039503,Dawson Parry,SDST,,,,,False
2023,sa3039503,Dawson Parry,SDST,,,,,False
2024,sa3039503,Dawson Parry,SDST,,,,,False
2021,sa3039974,Dawson Place,HPU,,,,,False
2024,sa3043988,Dawson Tourney,AKR,,,,,False
2025,sa3060928,Dawson Willis,OU,,,,,False
2021,sa3041131,Dax Roper,CREI,,,,,False
2025,sa3060915,Dax Whitney,ORST,,,,,False
2025,sa3040296,Daxton Purser,UNM,,,,,False
2021,sa3043849,Daxton Tinker,HCU,,,,,False
2021,sa3038670,Daylan Nanny,WCU,,,,,False
2022,sa3039657,Daylan Pena,TXST,,,,,False
2023,sa3039657,Daylan Pena,TXST,,,,,False
2024,sa3039657,Daylan Pena,TXST,,,,,False
2022,sa3040643,Daylen Reyes,UCLA,,,,,False
2023,sa3040643,Daylen Reyes,UCLA,,,,,False
2022,sa3036227,Dayne Leonard,WVU,,,,,False
2023,sa3036227,Dayne Leonard,WVU,,,,,False
2024,sa3039673,Dayne Pengelly,UNM,,,,,False
2025,sa3060761,Dayton Tockey,OU,,,,,False
2024,sa3034730,Dayvin Johnson,WICH,,,,,False
2023,sa3041169,Deamez Ross,FSU,,,,,False
2025,sa3041169,Deamez Ross,UCF,,,,,False
2024,sa3028467,Dean Carpentier,USC,,,,,False
2024,sa3029706,Dean Curley,TENN,,,,,False
2025,sa3029706,Dean Curley,TENN,2.0,64.0,Cleveland Guardians,university of tennessee,True
2024,sa3031269,Dean Ferrara,FAIR,,,,,False
2025,sa3031269,Dean Ferrara,FAIR,,,,,False
2021,sa3037446,Dean McCarthy,CIN,,,,,False
2024,sa3037997,Dean Mihos,CCU,,,,,False
2025,sa3037997,Dean Mihos,CCU,,,,,False
2024,sa3039164,Dean ONeill,ME,,,,,False
2025,sa3039164,Dean ONeill,ME,,,,,False
2025,sa3060763,Dean Toigo,UNLV,,,,,False
2025,sa3045030,Dean West,UCLA,,,,,False
2022,sa3025697,DeAngelo Abboud,GAST,,,,,False
2023,sa3041681,Decker Scheffler,BALL,,,,,False
2024,sa3041681,Decker Scheffler,BALL,,,,,False
2025,sa3036052,Declan Lavelle,ELON,,,,,False
2023,sa3036052,Declan Lavelle,FOR,,,,,False
2024,sa3036052,Declan Lavelle,FOR,,,,,False
2021,sa3034449,DeClaudio Irvin,UAPB,,,,,False
2025,sa3035263,Dee Kennedy,KSU,,,,,False
2024,sa3035263,Dee Kennedy,TEX,,,,,False
2025,sa3042463,Demarckus Smiley,ALST,,,,,False
2021,sa3042532,Demarie Smith,PV,,,,,False
2022,sa3042532,Demarie Smith,PV,,,,,False
2021,29858,Denzel Clarke,CSUN,,,,,False
2023,sa3025312,Derek Bender,CCU,,,,,False
2024,sa3025312,Derek Bender,CCU,6.0,188.0,Minnesota Twins,coastal carolina university,True
2022,sa3025263,Derek Berg,ARMY,,,,,False
2023,sa3025263,Derek Berg,ARMY,,,,,False
2024,sa3025263,Derek Berg,ARMY,,,,,False
2021,sa3027432,Derek Botaletto,WIU,,,,,False
2022,sa3027432,Derek Botaletto,WIU,,,,,False
2023,sa3027432,Derek Botaletto,WIU,,,,,False
2021,sa3028518,Derek Cartaya,FIU,,,,,False
2025,sa3066029,Derek Cerda,KU,17.0,496.0,Chicago White Sox,university of kansas,True
2024,sa3025183,Derek Clark,WVU,9.0,262.0,Los Angeles Angels,west virginia university,True
2025,sa3058966,Derek Curiel,LSU,,,,,False
2021,sa3020470,Derek Diamond,MISS,,,,,False
2022,sa3020470,Derek Diamond,MISS,6.0,170.0,Pittsburgh Pirates,university of mississippi,True
2022,sa3032104,Derek Gellos,SEA,,,,,False
2024,sa3032104,Derek Gellos,SEA,,,,,False
2021,sa3032933,Derek Hackman,SDST,,,,,False
2022,sa3032933,Derek Hackman,SDST,,,,,False
2025,sa3034007,Derek Holmes,W&M,,,,,False
2023,sa3034243,Derek Huff,MSM,,,,,False
2021,sa3037150,Derek Martinez,NCAT,,,,,False
2022,sa3039194,Derek Orndorff,LIB,,,,,False
2024,sa3039433,Derek Paris,UMBC,,,,,False
2025,sa3039433,Derek Paris,UMBC,,,,,False
2021,sa3040790,Derek Ripp,GW,,,,,False
2022,sa3040790,Derek Ripp,GW,,,,,False
2022,sa3041428,Derek Salata,ILST,,,,,False
2023,sa3041428,Derek Salata,ILST,19.0,556.0,Oakland Athletics,illinois state university,True
2021,sa3042533,Derek Smith,BRY,,,,,False
2022,sa3042533,Derek Smith,BRY,,,,,False
2023,sa3042533,Derek Smith,BRY,,,,,False
2025,sa3042535,Derek Smith,UTAH,,,,,False
2021,sa3043626,Derek Tenney,HART,,,,,False
2022,sa3043626,Derek Tenney,HART,,,,,False
2024,sa3043626,Derek Tenney,NEV,,,,,False
2025,sa3060848,Derek Volz,HC,,,,,False
2021,sa3044638,Derek Wakeley,DEL,,,,,False
2024,sa3045281,Derek Williams,WICH,,,,,False
2023,sa3045533,Derek Wood,GMU,,,,,False
2024,sa3045533,Derek Wood,GMU,,,,,False
2022,sa3045670,Derek Yalon,STBK,,,,,False
2023,sa3045670,Derek Yalon,STBK,,,,,False
2024,sa3045717,Derek Yoo,COLU,,,,,False
2022,sa3038391,Derian Morphew,BRWN,,,,,False
2023,sa3038391,Derian Morphew,BRWN,,,,,False
2024,sa3031107,Deric Fabian,AUB,,,,,False
2025,sa3031107,Deric Fabian,AUB,,,,,False
2024,sa3030732,Derik Eaquinto,SMC,,,,,False
2023,sa3028821,Derrick Cherry,MCN,,,,,False
2023,sa3034489,Derrick Jackson Jr.,JVST,,,,,False
2024,sa3034489,Derrick Jackson Jr.,JVST,,,,,False
2023,sa3037379,Derrick Mayes II,UMES,,,,,False
2024,sa3037379,Derrick Mayes II,UMES,,,,,False
2022,sa3040361,Derrick Rabb Jr.,UMES,,,,,False
2022,sa3026375,Devan Bade,BING,,,,,False
2023,sa3026375,Devan Bade,BING,,,,,False
2024,sa3026375,Devan Bade,BING,,,,,False
2025,sa3026375,Devan Bade,BING,,,,,False
2023,sa3035749,Devan Kruzinski,ALB,,,,,False
2021,sa3035749,Devan Kruzinski,SIE,,,,,False
2022,sa3035749,Devan Kruzinski,SIE,,,,,False
2022,sa3039195,Devan Ornelas,LMU,,,,,False
2023,sa3039195,Devan Ornelas,LMU,,,,,False
2024,sa3039195,Devan Ornelas,LMU,,,,,False
2025,sa3039195,Devan Ornelas,LMU,,,,,False
2025,sa3045873,Devan Zirwas,EMU,,,,,False
2024,sa3042119,Deven Sheerin,MSM,,,,,False
2021,sa3026854,Devin Beckley,CIT,,,,,False
2022,sa3026854,Devin Beckley,CIT,,,,,False
2021,sa3027966,Devin Buckner,UPST,,,,,False
2022,sa3027966,Devin Buckner,UPST,,,,,False
2023,sa3028059,Devin Burkes,UK,,,,,False
2024,sa3028059,Devin Burkes,UK,,,,,False
2025,sa3028059,Devin Burkes,UK,,,,,False
2021,sa3030188,Devin Desandro,NICH,,,,,False
2022,sa3030188,Devin Desandro,NICH,,,,,False
2023,sa3030188,Devin Desandro,NICH,,,,,False
2024,sa3030188,Devin Desandro,NICH,,,,,False
2022,sa3031801,Devin Futrell,VAN,,,,,False
2023,sa3031801,Devin Futrell,VAN,,,,,False
2021,sa3032925,Devin Hack,HALL,,,,,False
2022,sa3032925,Devin Hack,HALL,,,,,False
2023,sa3032925,Devin Hack,HALL,,,,,False
2022,sa3034341,Devin Hurdle,OMA,,,,,False
2023,sa3034341,Devin Hurdle,OMA,,,,,False
2023,sa3035196,Devin Kellogg,HART,,,,,False
2023,sa3035433,Devin Kirby,CONN,,,,,False
2024,sa3038988,Devin Obee,DUKE,,,,,False
2025,sa3038988,Devin Obee,UGA,,,,,False
2021,sa3039219,Devin Ortiz,UVA,,,,,False
2022,sa3039219,Devin Ortiz,UVA,,,,,False
2021,sa3040819,Devin Rivera,VILL,,,,,False
2023,sa3040819,Devin Rivera,VILL,,,,,False
2024,sa3040819,Devin Rivera,VILL,,,,,False
2024,sa3041328,Devin Russell,MD,,,,,False
2022,sa3042534,Devin Smith,UVU,,,,,False
2023,sa3043560,Devin Taylor,IU,,,,,False
2024,sa3043560,Devin Taylor,IU,,,,,False
2025,sa3043560,Devin Taylor,IU,2.0,48.0,Sacramento Athletics,university of indiana,True
2023,sa3030385,Devon Dixon,UNM,,,,,False
2024,sa3030385,Devon Dixon,UNM,,,,,False
2024,sa3040975,Devon Rodriguez,NCAT,,,,,False
2022,sa3040670,Devontae Rhodes,JKST,,,,,False
2021,sa3027814,Devonte Brown,NCSU,,,,,False
2022,sa3027814,Devonte Brown,NCSU,,,,,False
2021,sa3043632,Devyn Terbrak,WKU,,,,,False
2022,sa3043632,Devyn Terbrak,WKU,,,,,False
2023,sa3043632,Devyn Terbrak,WKU,,,,,False
2021,sa3039913,Deylan Pigford,CSUF,,,,,False
2023,sa3039914,Deylan Pigford,UNM,,,,,False
2025,sa3058470,Diego Alana,EKU,,,,,False
2021,sa3025833,Diego Alarcon,UNLV,,,,,False
2022,sa3025833,Diego Alarcon,UNLV,,,,,False
2025,sa3058507,Diego Aponte,UMES,,,,,False
2021,sa3026530,Diego Baqueiro,LMU,,,,,False
2022,sa3026530,Diego Baqueiro,LMU,,,,,False
2023,sa3026530,Diego Baqueiro,LMU,,,,,False
2024,sa3026530,Diego Baqueiro,LMU,,,,,False
2021,sa3023203,Diego Barrera,LMU,,,,,False
2022,sa3023203,Diego Barrera,LMU,,,,,False
2023,sa3023203,Diego Barrera,LMU,20.0,586.0,Oakland Athletics,loyola marymount university,True
2024,sa3026630,Diego Barrett,NCAT,,,,,False
2025,sa3026630,Diego Barrett,NCAT,,,,,False
2025,sa3058811,Diego Cardenas,ACU,,,,,False
2025,sa3028606,Diego Castellanos,SMC,,,,,False
2022,sa3029872,Diego Davila,HCU,,,,,False
2025,sa3058999,Diego Davis,PAC,,,,,False
2022,sa3032266,Diego Gines,INST,,,,,False
2022,sa3032876,Diego Gutierrez,CSUN,,,,,False
2025,sa3032876,Diego Gutierrez,CSUN,,,,,False
2023,sa3034735,Diego Johnson,AMCC,,,,,False
2022,sa3036533,Diego Lopez-Molina,ALCN,,,,,False
2023,sa3036533,Diego Lopez-Molina,ALCN,,,,,False
2022,sa3040420,Diego Ramirez,RGV,,,,,False
2024,sa3043536,Diego Tavarez,WAG,,,,,False
2025,sa3043536,Diego Tavarez,WAG,,,,,False
2025,sa3060808,Diego Urreta,FDU,,,,,False
2024,sa3044508,Diego Villescas,UNO,,,,,False
2025,sa3044508,Diego Villescas,UNO,,,,,False
2022,sa3031023,Dilan Espinal,ALST,,,,,False
2021,sa3042223,Dillan Shrum,NEV,,,,,False
2023,sa3026434,Dillon Baker,M-OH,,,,,False
2024,sa3026434,Dillon Baker,M-OH,,,,,False
2025,sa3026434,Dillon Baker,M-OH,,,,,False
2021,sa3026918,Dillon Belle,NICH,,,,,False
2022,sa3028527,Dillon Carter,TTU,,,,,False
2022,sa3030749,Dillon Eatman,SFA,,,,,False
2025,sa3059187,Dillon Fischer,PFW,,,,,False
2022,sa3035080,Dillon Kark,MSU,,,,,False
2023,sa3035080,Dillon Kark,MSU,,,,,False
2024,sa3035080,Dillon Kark,MSU,,,,,False
2024,sa3025515,Dillon Lewis,QUC,,,,,False
2021,sa3036334,Dillon Lifrieri,UNCW,,,,,False
2022,sa3036334,Dillon Lifrieri,UNCW,,,,,False
2023,sa3036334,Dillon Lifrieri,UNCW,,,,,False
2024,sa3037269,Dillon Masters,OHIO,,,,,False
2025,sa3038325,Dillon Moquin,APP,,,,,False
2021,sa3038448,Dillon Morton,WIN,,,,,False
2022,sa3038448,Dillon Morton,WIN,,,,,False
2022,sa3039310,Dillon Oxyer,UMES,,,,,False
2023,sa3039310,Dillon Oxyer,UMES,,,,,False
2021,sa3041126,Dillon Roop,AAMU,,,,,False
2022,sa3041126,Dillon Roop,AAMU,,,,,False
2024,sa3041796,Dillon Schueler,UIC,,,,,False
2025,sa3041796,Dillon Schueler,UIC,,,,,False
2021,sa3041893,Dillon Sears,WIU,,,,,False
2022,sa3041893,Dillon Sears,WIU,,,,,False
2021,sa3017903,Dillon Tatum,UCI,20.0,609.0,Minnesota Twins,"university of california, irvine",True
2023,sa3028679,DiMaggio Cazares,WAG,,,,,False
2021,sa3031646,Dimitri Frank,SOU,,,,,False
2021,sa3027815,Dionte Brown,NORF,,,,,False
2022,sa3027815,Dionte Brown,NORF,,,,,False
2023,sa3027815,Dionte Brown,NORF,,,,,False
2021,sa3027194,Dixon Black,MONM,,,,,False
2022,sa3027194,Dixon Black,MONM,,,,,False
2023,sa3027194,Dixon Black,WOF,,,,,False
2024,sa3027194,Dixon Black,WOF,,,,,False
2024,sa3045282,Dixon Williams,ECU,,,,,False
2025,sa3045282,Dixon Williams,ECU,4.0,136.0,Atlanta Braves,east carolina university,True
2023,sa3030334,DJ Dillehay,BRWN,,,,,False
2024,sa3030334,DJ Dillehay,BRWN,,,,,False
2025,sa3030334,DJ Dillehay,BRWN,,,,,False
2025,sa3059291,DJ Ghiorso,LMU,,,,,False
2025,sa3059944,DJ Massey,UVU,,,,,False
2024,sa3038808,DJ Newman,BGSU,,,,,False
2024,sa3039744,DJ Perron,URI,,,,,False
2025,sa3039744,DJ Perron,URI,,,,,False
2025,sa3060535,DJ Scott,PAC,,,,,False
2023,sa3043308,DJ Sullivan,EKU,,,,,False
2024,sa3043308,DJ Sullivan,EKU,,,,,False
2024,sa3043753,DJ Thompson,WMU,,,,,False
2024,sa3044317,DJ Van Atten,ACU,,,,,False
2022,sa3045224,DJ Wilkinson,FAMU,,,,,False
2023,sa3045609,DJ Wright,MTSU,,,,,False
2025,sa3034619,DM Jefferson,ND,,,,,False
2021,sa3039013,Dolan Ocasal,ALB,,,,,False
2022,sa3039013,Dolan Ocasal,MAN,,,,,False
2021,sa3017949,Dom Hamel,DBU,,,,,False
2022,sa3020537,Dom Johnson,KSU,,,,,False
2024,sa3035338,Dom Kibler,KENT,,,,,False
2025,sa3035744,Dom Krupinski,M-OH,,,,,False
2025,sa3036385,Dom Listi,CLEM,,,,,False
2024,sa3036385,Dom Listi,INST,,,,,False
2025,sa3059841,Dom Longo,UVU,,,,,False
2022,sa3037030,Dom Marcoccio,WOF,,,,,False
2025,sa3039536,Dom Patrizi,LEH,,,,,False
2021,sa3039737,Dom Peroni,GWEB,,,,,False
2024,sa3040078,Dom Popa,PITT,,,,,False
2023,sa3042785,Dom Souto,CAL,,,,,False
2022,sa3042900,Dom Stagliano,STET,,,,,False
2023,sa3042900,Dom Stagliano,UCF,,,,,False
2024,sa3042900,Dom Stagliano,UCF,,,,,False
2025,sa3042900,Dom Stagliano,UCF,,,,,False
2021,sa3044426,Dom Velazquez,DEL,,,,,False
2022,sa3044426,Dom Velazquez,DEL,,,,,False
2025,sa3044426,Dom Velazquez,DEL,,,,,False
2021,sa3027419,Domenic Boselli,GW,,,,,False
2023,sa3037152,Domenic Martinez,TXSO,,,,,False
2024,sa3037152,Domenic Martinez,TXSO,,,,,False
2023,sa3039895,Domenic Picone,JOES,,,,,False
2024,sa3039895,Domenic Picone,JOES,,,,,False
2022,sa3039895,Domenic Picone,URI,,,,,False
2023,sa3026535,Dominic Baratta,BEL,,,,,False
2024,sa3026535,Dominic Baratta,BEL,,,,,False
2022,sa3028353,Dominic Cancellieri,CREI,,,,,False
2023,sa3028353,Dominic Cancellieri,CREI,,,,,False
2025,sa3028353,Dominic Cancellieri,CREI,,,,,False
2024,sa3028607,Dominic Castellano,UCF,,,,,False
2025,sa3028607,Dominic Castellano,UCF,,,,,False
2025,sa3059020,Dominic Decker,MUR,,,,,False
2023,sa3031680,Dominic Freeberger,CONN,,,,,False
2021,sa3031680,Dominic Freeberger,UNCA,,,,,False
2022,sa3031680,Dominic Freeberger,UNCA,,,,,False
2023,sa3031734,Dominic Fritton,NCSU,,,,,False
2024,sa3031734,Dominic Fritton,NCSU,,,,,False
2025,sa3031734,Dominic Fritton,NCSU,4.0,117.0,Tampa Bay Rays,north carolina state university,True
2023,sa3033139,Dominic Hann,NIU,,,,,False
2025,sa3033562,Dominic Hellman,ORE,,,,,False
2021,sa3020194,Dominic Keegan,VAN,19.0,573.0,New York Yankees,vanderbilt university,True
2022,sa3020194,Dominic Keegan,VAN,4.0,134.0,Tampa Bay Rays,vanderbilt university,True
2023,sa3037151,Dominic Martinez,UCR,,,,,False
2024,sa3037151,Dominic Martinez,UCR,,,,,False
2022,sa3038884,Dominic Niman,CCSU,,,,,False
2023,sa3038884,Dominic Niman,CCSU,,,,,False
2024,sa3038884,Dominic Niman,UK,18.0,546.0,Tampa Bay Rays,university of kentucky,True
2023,sa3039912,Dominic Pieto,LIU,,,,,False
2024,sa3039912,Dominic Pieto,LIU,,,,,False
2022,sa3039928,Dominic Pilolli,NCSU,,,,,False
2021,sa3022809,Dominic Pitelli,MIA,,,,,False
2022,sa3022809,Dominic Pitelli,MIA,,,,,False
2023,sa3022809,Dominic Pitelli,MIA,7.0,198.0,Cincinnati Reds,university of miami,True
2021,sa3040906,Dominic Robinson,SHSU,,,,,False
2025,sa3042445,Dominic Smaldino,CAL,,,,,False
2022,sa3043494,Dominic Tamez,ALA,,,,,False
2023,sa3043494,Dominic Tamez,ALA,,,,,False
2021,sa3043980,Dominic Toso,RICH,,,,,False
2022,sa3043980,Dominic Toso,RICH,,,,,False
2024,sa3044541,Dominic Voegele,KU,,,,,False
2025,sa3044541,Dominic Voegele,KU,,,,,False
2021,sa3027971,Dominick Bucko,YSU,,,,,False
2022,sa3027971,Dominick Bucko,YSU,,,,,False
2021,sa3030176,Dominick DErcole,LONG,,,,,False
2024,sa3030176,Dominick DErcole,LONG,,,,,False
2023,sa3036838,Dominick Madonna,UNF,,,,,False
2024,sa3036838,Dominick Madonna,USF,,,,,False
2023,sa3037635,Dominick McIntyre,UNA,,,,,False
2024,sa3037635,Dominick McIntyre,UNA,,,,,False
2024,sa3040232,Dominick Proctor,QUIN,,,,,False
2025,sa3040572,Dominick Reid,ACU,3.0,90.0,Chicago Cubs,abilene christian university,True
2021,sa3017464,Donovan Benoit,TULN,10.0,300.0,Cincinnati Reds,tulane university,True
2021,sa3028061,Donovan Burke,JMU,,,,,False
2024,sa3028061,Donovan Burke,JMU,,,,,False
2022,sa3028579,Donovan Cash,KENN,,,,,False
2023,sa3028579,Donovan Cash,KENN,,,,,False
2024,sa3028579,Donovan Cash,KENN,,,,,False
2025,sa3028579,Donovan Cash,KENN,,,,,False
2025,sa3028888,Donovan Chriss,SMC,,,,,False
2025,sa3059206,Donovan Ford,CIN,,,,,False
2021,sa3038208,Donovan Moffat,SBU,,,,,False
2021,sa3038255,Donovan Montgomery,SIE,,,,,False
2023,sa3038255,Donovan Montgomery,SIE,,,,,False
2024,sa3038896,Donovan Noble,UAPB,,,,,False
2021,sa3039082,Donovan Ohnoutka,NWST,,,,,False
2024,sa3040472,Donovan Ratfield,GONZ,,,,,False
2023,sa3041806,Donovan Schultz,EVAN,,,,,False
2024,sa3041806,Donovan Schultz,EVAN,,,,,False
2022,sa3045088,Donovan Whibbs,TROY,,,,,False
2023,sa3045088,Donovan Whibbs,TROY,,,,,False
2025,sa3059576,Donovann Jackson,UCSB,,,,,False
2021,sa3017152,Donta' Williams,ARIZ,4.0,106.0,Baltimore Orioles,university of arizona,True
2022,sa3032409,Dorian Gonzalez Jr.,MIA,,,,,False
2024,sa3032409,Dorian Gonzalez Jr.,MIA,,,,,False
2025,sa3032409,Dorian Gonzalez Jr.,MIA,,,,,False
2023,sa3034832,Dosi Jonas,UNCG,,,,,False
2024,sa3037078,Doug Marose,DEL,,,,,False
2021,30142,Doug Nikhazy,MISS,,,,,False
2021,sa3020614,Douglas Hodo III,TEX,,,,,False
2022,sa3020614,Douglas Hodo III,TEX,6.0,167.0,Baltimore Orioles,university of texas at austin,True
2022,sa3032091,Doyle Gehring,AFA,,,,,False
2023,sa3032091,Doyle Gehring,AFA,,,,,False
2024,sa3032091,Doyle Gehring,AFA,,,,,False
2024,sa3026039,Drake Anderson,NICH,,,,,False
2021,31539,Drake Baldwin,MOST,,,,,False
2022,31539,Drake Baldwin,MOST,3.0,96.0,Atlanta Braves,missouri state university,True
2025,sa3027136,Drake Bicknell,PAC,,,,,False
2024,sa3030320,Drake Digiorno,UTAH,,,,,False
2024,sa3035300,Drake Kerr,AMCC,,,,,False
2021,sa3017077,Drake Osborn,UL,19.0,562.0,New York Mets,university of louisiana at lafayette,True
2022,sa3039910,Drake Pierson,CAM,,,,,False
2023,sa3039910,Drake Pierson,CAM,,,,,False
2023,sa3040342,Drake Quinn,MRST,,,,,False
2024,sa3044378,Drake Varnado,LAM,,,,,False
2023,sa3045046,Drake Westcott,ILL,,,,,False
2024,sa3045046,Drake Westcott,ILL,,,,,False
2025,sa3045046,Drake Westcott,ILL,,,,,False
2022,sa3027817,Drayton Brown,NWST,,,,,False
2023,sa3027817,Drayton Brown,NWST,,,,,False
2024,sa3027817,Drayton Brown,TXST,,,,,False
2024,sa3025988,Dre Amaral,AAMU,,,,,False
2025,sa3025988,Dre Amaral,AAMU,,,,,False
2021,sa3026268,Drew Ashley,IU,,,,,False
2024,sa3026435,Drew Baker,WRST,,,,,False
2022,sa3026785,Drew Beam,TENN,,,,,False
2023,sa3026785,Drew Beam,TENN,,,,,False
2024,sa3026785,Drew Beam,TENN,3.0,76.0,Kansas City Royals,university of tennessee,True
2021,sa3026819,Drew Beazley,SDST,,,,,False
2022,sa3026819,Drew Beazley,SDST,,,,,False
2023,sa3026819,Drew Beazley,SDST,,,,,False
2024,sa3026857,Drew Beckner,EMU,,,,,False
2025,sa3026857,Drew Beckner,EMU,,,,,False
2025,sa3027046,Drew Berkland,MINN,,,,,False
2023,sa3027122,Drew Bianco,HOU,,,,,False
2021,sa3027220,Drew Blakely,RICH,,,,,False
2025,sa3058682,Drew Borner,OMA,,,,,False
2021,sa3022594,Drew Bowser,STAN,,,,,False
2022,sa3022594,Drew Bowser,STAN,,,,,False
2023,sa3022594,Drew Bowser,STAN,20.0,596.0,Chicago Cubs,stanford university,True
2021,sa3027506,Drew Boyd,USM,,,,,False
2022,sa3027916,Drew Brutcher,USF,,,,,False
2023,sa3027916,Drew Brutcher,USF,,,,,False
2024,sa3027916,Drew Brutcher,USF,,,,,False
2024,sa3027994,Drew Buhr,IU,,,,,False
2024,sa3028100,Drew Burress,GT,,,,,False
2025,sa3028100,Drew Burress,GT,,,,,False
2023,sa3028307,Drew Camp,LONG,,,,,False
2024,sa3028307,Drew Camp,LONG,,,,,False
2023,sa3028649,Drew Cates,UAPB,,,,,False
2024,sa3028889,Drew Christo,NEB,,,,,False
2025,sa3028889,Drew Christo,NEB,,,,,False
2024,sa3029179,Drew Collins,JVST,,,,,False
2025,sa3029179,Drew Collins,JVST,,,,,False
2023,sa3029179,Drew Collins,OAK,,,,,False
2021,sa3022495,Drew Compton,GT,,,,,False
2022,sa3022495,Drew Compton,GT,,,,,False
2023,sa3022495,Drew Compton,GT,,,,,False
2023,sa3023279,Drew Conover,RUTG,,,,,False
2022,sa3029488,Drew Cowley,ORE,,,,,False
2023,sa3029488,Drew Cowley,ORE,,,,,False
2024,sa3029657,Drew Culbertson,MIZ,,,,,False
2021,sa3030112,Drew DeMartino,HART,,,,,False
2022,sa3030112,Drew DeMartino,MASS,,,,,False
2021,sa3030227,Drew Devine,WMU,,,,,False
2022,sa3023509,Drew Dowd,STAN,,,,,False
2023,sa3023509,Drew Dowd,STAN,8.0,243.0,Tampa Bay Rays,stanford university,True
2024,sa3031193,Drew Faurot,FSU,,,,,False
2025,sa3031193,Drew Faurot,FSU,4.0,108.0,Miami Marlins,florida state university,True
2023,sa3031193,Drew Faurot,UCF,,,,,False
2021,sa3031673,Drew Frederic,TROY,,,,,False
2025,sa3032168,Drew Giannini,SJSU,,,,,False
2021,31545,Drew Gilbert,TENN,,,,,False
2022,31545,Drew Gilbert,TENN,1.0,28.0,Houston Astros,university of tennessee,True
2023,sa3033231,Drew Harlow,MRSH,,,,,False
2024,sa3033231,Drew Harlow,MRSH,,,,,False
2021,sa3033572,Drew Helmstetter,IONA,,,,,False
2022,sa3033572,Drew Helmstetter,IONA,,,,,False
2023,sa3033572,Drew Helmstetter,MONM,,,,,False
2024,sa3033572,Drew Helmstetter,MONM,,,,,False
2024,sa3033958,Drew Holderbach,APP,,,,,False
2023,sa3033958,Drew Holderbach,RICE,,,,,False
2025,sa3059521,Drew Horn,MTSU,,,,,False
2025,sa3034162,Drew Howard,EVAN,,,,,False
2023,sa3034229,Drew Hudson,UNA,,,,,False
2021,sa3019642,Drew Irvine,IOWA,19.0,553.0,Pittsburgh Pirates,university of iowa,True
2025,sa3059608,Drew Johnson,MER,,,,,False
2025,sa3035844,Drew Lafferty,PITT,,,,,False
2024,sa3036023,Drew Lasseigne,SOU,,,,,False
2024,sa3036131,Drew Lechnir,OMA,,,,,False
2024,sa3036196,Drew Leinenbach,UNF,,,,,False
2025,sa3036196,Drew Leinenbach,UNF,,,,,False
2025,sa3037058,Drew Markle,UL,,,,,False
2025,sa3065564,Drew McConnell,EVAN,,,,,False
2021,sa3037535,Drew McDaniel,MISS,,,,,False
2021,sa3037630,Drew McIllwain,APSU,,,,,False
2022,sa3037630,Drew McIllwain,APSU,,,,,False
2023,sa3038185,Drew Mize,SIUE,,,,,False
2024,sa3038185,Drew Mize,SIUE,,,,,False
2024,sa3038551,Drew Munn,CCSU,,,,,False
2025,sa3038551,Drew Munn,CCSU,,,,,False
2024,sa3038717,Drew Needham,WCU,,,,,False
2025,sa3060284,Drew Politte,BRAD,,,,,False
2023,sa3040509,Drew Reckart,WKU,,,,,False
2025,sa3040655,Drew Reynolds,ME,,,,,False
2021,sa3040877,Drew Roberts,UMBC,,,,,False
2022,sa3040877,Drew Roberts,UMBC,,,,,False
2024,sa3042539,Drew Smith,ORE,,,,,False
2022,sa3042902,Drew Stahl,MINN,,,,,False
2023,sa3042902,Drew Stahl,ORU,,,,,False
2024,sa3042902,Drew Stahl,ORU,,,,,False
2025,sa3042941,Drew Stanley,RAD,,,,,False
2021,sa3043284,Drew Sturgeon,CARK,,,,,False
2022,sa3043284,Drew Sturgeon,CARK,,,,,False
2023,sa3043284,Drew Sturgeon,CARK,,,,,False
2024,sa3043284,Drew Sturgeon,CARK,,,,,False
2021,sa3017281,Drew Swift,ASU,8.0,248.0,Oakland Athletics,arizona state university,True
2021,31967,Drew Thorpe,CP,,,,,False
2022,31967,Drew Thorpe,CP,2.0,61.0,New York Yankees,california polytechnic state university,True
2021,sa3043856,Drew Tipton,ARST,,,,,False
2025,sa3043863,Drew Titsworth,CLEM,,,,,False
2022,sa3025369,Drew Vogel,MUR,,,,,False
2023,sa3025369,Drew Vogel,MUR,,,,,False
2024,sa3025369,Drew Vogel,MUR,15.0,463.0,Houston Astros,murray state university,True
2025,sa3045068,Drew Whalen,WKU,,,,,False
2021,sa3045283,Drew Williamson,ALA,,,,,False
2022,sa3045283,Drew Williamson,ALA,,,,,False
2023,sa3045283,Drew Williamson,ALA,,,,,False
2024,sa3045463,Drew Winters,SLU,,,,,False
2024,sa3045554,Drew Woodcox,TTU,,,,,False
2025,sa3045647,Drew Wyers,BRY,,,,,False
2024,sa3045647,Drew Wyers,MAN,,,,,False
2025,sa3058559,Drey Barrett,USM,,,,,False
2022,sa3034008,Dreylin Holmes,MVSU,,,,,False
2023,sa3034008,Dreylin Holmes,MVSU,,,,,False
2024,sa3034008,Dreylin Holmes,MVSU,,,,,False
2021,sa3017331,Dru Baker,TTU,4.0,130.0,Tampa Bay Rays,texas tech university,True
2022,sa3023304,Drue Hackenberg,VT,,,,,False
2023,sa3023304,Drue Hackenberg,VT,2.0,59.0,Atlanta Braves,virginia tech,True
2022,sa3041399,Druw Sackett,NDSU,,,,,False
2023,sa3041399,Druw Sackett,NDSU,,,,,False
2022,sa3032302,Dub Gleed,UCI,,,,,False
2023,sa3032302,Dub Gleed,UCI,,,,,False
2024,sa3032302,Dub Gleed,UCI,,,,,False
2022,sa3025248,Duce Gourson,UCLA,,,,,False
2023,sa3025248,Duce Gourson,UCLA,,,,,False
2024,sa3025248,Duce Gourson,UCLA,,,,,False
2023,sa3026954,Duke Benge,AFA,,,,,False
2024,sa3027782,Duke Brotherton,WSU,,,,,False
2021,sa3020394,Duncan Davitt,IOWA,,,,,False
2021,sa3034163,Duncan Howard,PRES,,,,,False
2022,sa3034163,Duncan Howard,PRES,,,,,False
2023,sa3034163,Duncan Howard,PRES,,,,,False
2021,sa3034323,Duncan Hunter,JAX,,,,,False
2024,sa3037288,Duncan Mathews,USA,,,,,False
2025,sa3037288,Duncan Mathews,USA,,,,,False
2024,sa3039519,Duncan Pastore,UL,,,,,False
2022,sa3025915,Dustin Allen,USD,,,,,False
2023,sa3025915,Dustin Allen,USD,,,,,False
2024,sa3025915,Dustin Allen,USD,,,,,False
2021,sa3026351,Dustin Baber,NCAT,,,,,False
2024,sa3029550,Dustin Crenshaw,GCU,,,,,False
2021,sa3030127,Dustin Demeter,HAW,,,,,False
2021,sa3022828,Dustin Dickerson,USM,,,,,False
2022,sa3022828,Dustin Dickerson,USM,,,,,False
2023,sa3022828,Dustin Dickerson,USM,8.0,229.0,Kansas City Royals,university of southern mississippi,True
2023,sa3031929,Dustin Garcia,CBU,,,,,False
2023,sa3037883,Dustin Mercer,MUR,,,,,False
2024,sa3037883,Dustin Mercer,MUR,,,,,False
2025,sa3037883,Dustin Mercer,MUR,,,,,False
2021,sa3017610,Dustin Saenz,TA&M,4.0,112.0,Washington Nationals,texas aandm university,True
2024,sa3040639,Dusty Revis,WCU,,,,,False
2025,sa3040639,Dusty Revis,WCU,11.0,332.0,Seattle Mariners,western carolina university,True
2025,sa3059039,Dutch DeProspero,TOW,,,,,False
2022,sa3026371,Dylan Bacot,UNCA,,,,,False
2023,sa3026371,Dylan Bacot,UNCA,,,,,False
2023,sa3026523,Dylan Banner,ALB,,,,,False
2024,sa3026523,Dylan Banner,ALB,,,,,False
2025,sa3026523,Dylan Banner,ALB,,,,,False
2021,sa3019983,Dylan Beavers,CAL,,,,,False
2022,sa3019983,Dylan Beavers,CAL,1.0,33.0,Baltimore Orioles,"university of california, berkeley",True
2021,sa3027143,Dylan Bierman,LIP,,,,,False
2021,sa3027476,Dylan Bowers,UNCO,,,,,False
2021,sa3027661,Dylan Brewer,CLEM,,,,,False
2022,sa3027661,Dylan Brewer,CLEM,,,,,False
2023,sa3027661,Dylan Brewer,SC,,,,,False
2025,sa3027818,Dylan Brown,ODU,8.0,238.0,Boston Red Sox,old dominion university,True
2021,sa3028087,Dylan Burns,USF,,,,,False
2022,sa3022751,Dylan Campbell,TEX,,,,,False
2023,sa3022751,Dylan Campbell,TEX,4.0,136.0,Los Angeles Dodgers,university of texas,True
2023,sa3028427,Dylan Carey,NEB,,,,,False
2024,sa3028427,Dylan Carey,NEB,,,,,False
2025,sa3028427,Dylan Carey,NEB,,,,,False
2022,sa3023412,Dylan Carmouche,TULN,,,,,False
2023,sa3023412,Dylan Carmouche,TULN,15.0,450.0,San Francisco Giants,tulane university,True
2022,sa3029432,Dylan Costa,CIT,,,,,False
2021,33541,Dylan Crews,LSU,,,,,False
2022,33541,Dylan Crews,LSU,,,,,False
2023,33541,Dylan Crews,LSU,1.0,2.0,Washington Nationals,louisiana state university,True
2021,sa3029678,Dylan Cumming,LIB,,,,,False
2022,sa3029678,Dylan Cumming,LIB,,,,,False
2022,sa3029956,Dylan Day,UNCO,,,,,False
2022,sa3024964,Dylan DeLucia,MISS,6.0,181.0,Cleveland Guardians,university of mississippi,True
2024,sa3030109,Dylan Delvecchio,SMC,,,,,False
2025,sa3030109,Dylan Delvecchio,SMC,,,,,False
2021,sa3030157,Dylan Dennis,LMU,,,,,False
2022,sa3030157,Dylan Dennis,LMU,,,,,False
2023,sa3030157,Dylan Dennis,LMU,,,,,False
2024,sa3030157,Dylan Dennis,VILL,,,,,False
2021,sa3030378,Dylan Ditzenberger,KU,,,,,False
2022,sa3030378,Dylan Ditzenberger,KU,,,,,False
2023,sa3030378,Dylan Ditzenberger,UNM,,,,,False
2021,29928,Dylan Dodd,SEMO,3.0,96.0,Atlanta Braves,southeast missouri state university,True
2021,sa3030414,Dylan Dohanos,BGSU,,,,,False
2024,sa3025251,Dylan Dreiling,TENN,2.0,65.0,Texas Rangers,university of tennessee,True
2024,sa3030568,Dylan Driessen,SDST,,,,,False
2024,sa3030584,Dylan Drumke,EIU,,,,,False
2024,sa3031012,Dylan Eskew,SC,,,,,False
2025,sa3059286,Dylan Gazaway,UTAH,,,,,False
2022,sa3032364,Dylan Goldstein,FAU,,,,,False
2023,sa3032364,Dylan Goldstein,FAU,,,,,False
2024,sa3032364,Dylan Goldstein,UGA,,,,,False
2024,sa3032686,Dylan Grego,BALL,,,,,False
2025,sa3032686,Dylan Grego,BALL,13.0,400.0,San Diego Padres,ball state university,True
2021,sa3033022,Dylan Hall,AAMU,,,,,False
2021,sa3033391,Dylan Hathcock,JVST,,,,,False
2022,sa3033391,Dylan Hathcock,JVST,,,,,False
2024,sa3033537,Dylan Heine,ARST,,,,,False
2023,sa3033537,Dylan Heine,RID,,,,,False
2023,sa3034164,Dylan Howard,RAD,,,,,False
2024,sa3034164,Dylan Howard,RAD,8.0,253.0,Houston Astros,radford university,True
2024,sa3034193,Dylan Hoy,LOU,,,,,False
2021,sa3034193,Dylan Hoy,MRST,,,,,False
2022,sa3034193,Dylan Hoy,MRST,,,,,False
2023,sa3034193,Dylan Hoy,MRST,,,,,False
2024,sa3034531,Dylan Jacobs,STET,,,,,False
2024,sa3034741,Dylan Johnson,COFC,,,,,False
2025,sa3034741,Dylan Johnson,COFC,,,,,False
2022,sa3034740,Dylan Johnson,SJU,,,,,False
2024,sa3034962,Dylan Joyce,SCU,,,,,False
2025,sa3034962,Dylan Joyce,SCU,,,,,False
2021,sa3034974,Dylan Judd,MASS,,,,,False
2022,sa3034974,Dylan Judd,MASS,,,,,False
2025,sa3035396,Dylan King,UCF,17.0,504.0,Cincinnati Reds,university of central florida,True
2024,sa3035635,Dylan Koontz,CAM,,,,,False
2024,sa3035642,Dylan Kordic,CP,,,,,False
2025,sa3035642,Dylan Kordic,CP,,,,,False
2025,sa3059759,Dylan Larkins,GTWN,,,,,False
2023,sa3036008,Dylan LaRue,HCU,,,,,False
2024,sa3036008,Dylan LaRue,HCU,,,,,False
2024,sa3036103,Dylan Leach,MOST,,,,,False
2021,sa3036510,Dylan Lonteen,NIU,,,,,False
2021,sa3036717,Dylan Lutz,QUIN,,,,,False
2025,sa3037053,Dylan Marionneaux,NWST,,,,,False
2025,sa3037301,Dylan Mathiesen,LIB,13.0,383.0,Pittsburgh Pirates,liberty university,True
2024,sa3037375,Dylan Mayer,MAN,,,,,False
2025,sa3037375,Dylan Mayer,MAN,,,,,False
2021,sa3038126,Dylan Minghini,LAF,,,,,False
2022,sa3038126,Dylan Minghini,LAF,,,,,False
2025,sa3060093,Dylan Morrill,UNA,,,,,False
2025,sa3038525,Dylan Mulcahy,SFA,,,,,False
2021,sa3020326,Dylan Nedved,IOWA,,,,,False
2022,sa3020326,Dylan Nedved,IOWA,9.0,270.0,San Diego Padres,university of iowa,True
2022,sa3038793,Dylan Nevar,WMU,,,,,False
2023,sa3038793,Dylan Nevar,WMU,,,,,False
2024,sa3038793,Dylan Nevar,WMU,,,,,False
2025,sa3038793,Dylan Nevar,WMU,,,,,False
2024,sa3039024,Dylan O'Connell,WKU,,,,,False
2021,sa3039186,Dylan Orick,UCR,,,,,False
2022,sa3039186,Dylan Orick,UCR,,,,,False
2023,sa3039377,Dylan Palmer,HOF,,,,,False
2024,sa3039377,Dylan Palmer,HOF,,,,,False
2025,sa3039377,Dylan Palmer,HOF,11.0,323.0,Pittsburgh Pirates,hofstra university,True
2021,sa3039554,Dylan Paul,UTA,,,,,False
2025,sa3060257,Dylan Petrey,SIU,,,,,False
2021,sa3019862,Dylan Phillips,KSU,,,,,False
2022,sa3019862,Dylan Phillips,KSU,,,,,False
2023,sa3040573,Dylan Reid,BRWN,,,,,False
2023,sa3040878,Dylan Robertson,MOST,,,,,False
2022,sa3020085,Dylan Rock,TA&M,8.0,248.0,Toronto Blue Jays,texas aandm university,True
2021,sa3020085,Dylan Rock,UTSA,,,,,False
2022,sa3041047,Dylan Rogers,AFA,,,,,False
2023,sa3041047,Dylan Rogers,AFA,,,,,False
2024,sa3041047,Dylan Rogers,AFA,,,,,False
2025,sa3041047,Dylan Rogers,AFA,,,,,False
2022,sa3041046,Dylan Rogers,APP,,,,,False
2023,sa3041046,Dylan Rogers,APP,,,,,False
2021,sa3041384,Dylan Saale,LONG,,,,,False
2021,sa3041392,Dylan Sabia,CCSU,,,,,False
2021,30145,Dylan Smith,ALA,3.0,74.0,Detroit Tigers,university of alabama,True
2023,sa3042540,Dylan Smith,UNCO,,,,,False
2024,sa3042540,Dylan Smith,UNCO,,,,,False
2025,sa3042540,Dylan Smith,UNCO,,,,,False
2025,sa3043100,Dylan Stewart,PEPP,,,,,False
2025,sa3060678,Dylan Story,HPU,,,,,False
2023,sa3043226,Dylan Strickland,GAST,,,,,False
2022,sa3043380,Dylan Swarmer,YSU,,,,,False
2021,sa3020477,Dylan Tebrake,CREI,,,,,False
2022,sa3020477,Dylan Tebrake,CREI,8.0,239.0,New York Mets,creighton university,True
2024,sa3044492,Dylan Vigue,MICH,,,,,False
2025,sa3044492,Dylan Vigue,MICH,,,,,False
2022,sa3044515,Dylan Vincent,CAN,,,,,False
2023,sa3044515,Dylan Vincent,CAN,,,,,False
2025,sa3060847,Dylan Volantis,TEX,,,,,False
2022,sa3045225,Dylan Wilkinson,LONG,,,,,False
2023,sa3045225,Dylan Wilkinson,LONG,,,,,False
2025,sa3062930,Dylan Zentko,MUR,,,,,False
2025,sa3060969,Dyrenson Wouters,DAY,,,,,False
2023,sa3034738,Dyson Johnson,WIN,,,,,False
2021,sa3019900,E.J. Exposito,LIU,,,,,False
2022,sa3019900,E.J. Exposito,LIU,16.0,485.0,Atlanta Braves,long island university,True
2022,sa3035894,Eamonn Lance,SCU,,,,,False
2021,sa3027080,Easton Bertrand,MINN,,,,,False
2022,sa3027647,Easton Brenner,LAF,,,,,False
2023,sa3027647,Easton Brenner,LAF,,,,,False
2024,sa3027647,Easton Brenner,LAF,,,,,False
2025,sa3027647,Easton Brenner,LAF,,,,,False
2024,sa3027672,Easton Breyfogle,ARIZ,,,,,False
2025,sa3027672,Easton Breyfogle,ARIZ,,,,,False
2023,sa3028459,Easton Carmichael,OU,,,,,False
2024,sa3028459,Easton Carmichael,OU,,,,,False
2025,sa3028459,Easton Carmichael,OU,3.0,82.0,Pittsburgh Pirates,university of oklahoma,True
2023,sa3029663,Easton Cullison,UPST,,,,,False
2023,sa3030179,Easton Dermody,SIU,,,,,False
2024,sa3030179,Easton Dermody,SIU,,,,,False
2025,sa3030524,Easton Dowell,MCN,,,,,False
2024,sa3034867,Easton Jones,BYU,,,,,False
2025,sa3034867,Easton Jones,BYU,,,,,False
2022,sa3035442,Easton Kirk,TROY,,,,,False
2022,sa3036616,Easton Loyd,SHSU,,,,,False
2023,sa3036616,Easton Loyd,SHSU,,,,,False
2024,sa3036616,Easton Loyd,SHSU,,,,,False
2025,sa3037064,Easton Marks,FIU,19.0,557.0,Colorado Rockies,florida international university,True
2024,sa3037064,Easton Marks,NEV,,,,,False
2025,sa3038274,Easton Moomau,RGV,,,,,False
2021,sa3038615,Easton Murrell,TTU,,,,,False
2022,sa3038615,Easton Murrell,TTU,,,,,False
2021,sa3040671,Easton Rhodehouse,VAL,,,,,False
2025,sa3040720,Easton Richter,MINN,,,,,False
2024,sa3040720,Easton Richter,SLU,,,,,False
2021,sa3020250,Easton Sikorski,WMU,,,,,False
2025,sa3043492,Easton Talt,ORST,,,,,False
2025,sa3060723,Easton Teel,ORU,,,,,False
2021,sa3044664,Easton Walker,BYU,,,,,False
2024,sa3045444,Easton Winfield,ULM,,,,,False
2023,sa3034742,Ed Johnson,ALA,,,,,False
2021,sa3034742,Ed Johnson,TNTC,,,,,False
2022,sa3034742,Ed Johnson,TNTC,,,,,False
2021,sa3045284,Edarian Williams,UNLV,,,,,False
2022,sa3045284,Edarian Williams,UNLV,,,,,False
2023,sa3045284,Edarian Williams,UNLV,,,,,False
2025,sa3025843,Eddie Albert,DART,,,,,False
2025,sa3030106,Eddie Del Valle,DSU,,,,,False
2023,sa3030859,Eddie Eisert,VT,,,,,False
2023,sa3032021,Eddie Garza,TNTC,,,,,False
2024,sa3032021,Eddie Garza,TNTC,,,,,False
2025,sa3032021,Eddie Garza,TNTC,,,,,False
2023,sa3032937,Eddie Hacopian,MD,,,,,False
2024,sa3032937,Eddie Hacopian,MD,,,,,False
2025,sa3032937,Eddie Hacopian,MD,,,,,False
2023,sa3035421,Eddie King Jr.,LOU,,,,,False
2024,sa3035421,Eddie King Jr.,LOU,,,,,False
2025,sa3035421,Eddie King Jr.,LOU,16.0,473.0,Pittsburgh Pirates,university of louisville,True
2025,sa3036219,Eddie Leon,MRSH,,,,,False
2025,sa3036840,Eddie Madrigal,SMC,,,,,False
2021,sa3037434,Eddie McCabe,GTWN,,,,,False
2021,sa3025311,Eddie Micheletti Jr.,GW,,,,,False
2023,sa3025311,Eddie Micheletti Jr.,GW,,,,,False
2024,sa3025311,Eddie Micheletti Jr.,VT,8.0,247.0,Toronto Blue Jays,virginia tech,True
2022,sa3022502,Eddie Park,STAN,,,,,False
2023,sa3022502,Eddie Park,STAN,8.0,239.0,Chicago White Sox,stanford university,True
2021,sa3040297,Eddie Pursinger,DAY,,,,,False
2024,sa3041436,Eddie Saldivar,FRES,,,,,False
2025,sa3041436,Eddie Saldivar,FRES,,,,,False
2022,sa3041436,Eddie Saldivar,LBSU,,,,,False
2023,sa3041436,Eddie Saldivar,LBSU,,,,,False
2023,sa3041571,Eddie Sargent,UMBC,,,,,False
2024,sa3041571,Eddie Sargent,UMBC,,,,,False
2025,sa3041571,Eddie Sargent,UMBC,,,,,False
2022,sa3041592,Eddie Satisky,OMA,,,,,False
2023,sa3041592,Eddie Satisky,OMA,,,,,False
2023,sa3042467,Eddie Smink,STBK,,,,,False
2024,sa3042467,Eddie Smink,STBK,,,,,False
2025,sa3042467,Eddie Smink,STBK,,,,,False
2024,sa3045673,Eddie Yamin,DAY,,,,,False
2025,sa3059143,Eddison Esquivel,SF,,,,,False
2021,sa3033324,Eddy Hart,MASS,,,,,False
2024,sa3039643,Eddy Pelc,GCU,,,,,False
2025,sa3039643,Eddy Pelc,GCU,,,,,False
2022,sa3025269,Edgar Alvarez,NICH,,,,,False
2023,sa3025269,Edgar Alvarez,NICH,,,,,False
2024,sa3025269,Edgar Alvarez,NICH,8.0,242.0,Chicago Cubs,nicholls state university,True
2022,sa3044509,Edgardo Villegas,MIA,,,,,False
2023,sa3044509,Edgardo Villegas,MIA,,,,,False
2024,sa3044509,Edgardo Villegas,MIA,,,,,False
2025,sa3059139,Edian Espinal,UCF,10.0,309.0,Detroit Tigers,university of central florida,True
2023,sa3022754,Edrick Felix,FGCU,14.0,419.0,Chicago White Sox,florida gulf coast university,True
2021,sa3030260,Eduardo Diaz,NAVY,,,,,False
2022,sa3030260,Eduardo Diaz,NAVY,,,,,False
2023,sa3030260,Eduardo Diaz,NAVY,,,,,False
2024,sa3030260,Eduardo Diaz,NAVY,,,,,False
2021,sa3036914,Eduardo Malinowski,PENN,,,,,False
2022,sa3036914,Eduardo Malinowski,VT,,,,,False
2022,sa3041144,Eduardo Rosario,OMA,,,,,False
2023,sa3041144,Eduardo Rosario,OMA,,,,,False
2021,sa3034609,Edward Javier Jr.,COPP,,,,,False
2021,sa3035801,Edward Kutt IV,OHIO,,,,,False
2022,sa3035801,Edward Kutt IV,OHIO,,,,,False
2022,sa3025953,Edwin Almanzar Jr.,HART,,,,,False
2023,sa3025953,Edwin Almanzar Jr.,HART,,,,,False
2023,sa3030044,Edwin DeLaCruz,UAPB,,,,,False
2024,sa3030044,Edwin DeLaCruz,UAPB,,,,,False
2022,sa3037154,Edwin Martinez-Pagani,NMSU,,,,,False
2025,sa3060470,Edwin Sanchez,BCU,,,,,False
2023,sa3029407,Efrain Correa Jr.,MSM,,,,,False
2023,sa3037008,Efrain Manzo,SCU,,,,,False
2024,sa3037008,Efrain Manzo,SCU,,,,,False
2025,sa3060081,Efrain Morales,ODU,,,,,False
2021,sa3017157,EJ Andrews Jr.,FRES,,,,,False
2025,sa3031930,EJ Garcia,UIW,,,,,False
2021,sa3031314,Eldrige Figueroa,LR,,,,,False
2022,sa3031314,Eldrige Figueroa,LR,,,,,False
2023,sa3026279,Eli Atiya,DEL,,,,,False
2024,sa3026279,Eli Atiya,DEL,,,,,False
2025,sa3027009,Eli Berch,LT,,,,,False
2024,sa3027821,Eli Brown,YSU,,,,,False
2025,sa3027821,Eli Brown,YSU,,,,,False
2021,sa3029904,Eli Davis,KU,,,,,False
2025,sa3059042,Eli DeRossi,MSM,,,,,False
2021,sa3030880,Eli Ellington,APP,,,,,False
2025,sa3059305,Eli Gipson,INST,,,,,False
2021,sa3032473,Eli Gora,EMU,,,,,False
2025,sa3059356,Eli Gries-Smith,UAPB,,,,,False
2025,sa3059541,Eli Hudgins,RAD,,,,,False
2021,sa3034743,Eli Johnson,SELA,,,,,False
2023,sa3034868,Eli Jones,SC,,,,,False
2024,sa3034868,Eli Jones,SC,7.0,218.0,Minnesota Twins,university of south carolina,True
2024,sa3036090,Eli Lazio,PRES,,,,,False
2025,sa3059787,Eli Lehrman,BRAD,,,,,False
2024,sa3036535,Eli Lopez,CSUF,,,,,False
2025,sa3036535,Eli Lopez,CSUF,,,,,False
2023,sa3036885,Eli Majick,DAY,,,,,False
2024,sa3036885,Eli Majick,DAY,,,,,False
2022,sa3038440,Eli Morse,PORT,,,,,False
2024,sa3038887,Eli Nissen,CREI,,,,,False
2024,sa3039533,Eli Paton,GCU,,,,,False
2025,sa3039533,Eli Paton,GCU,,,,,False
2024,sa3040299,Eli Putnam,DAV,,,,,False
2025,sa3040299,Eli Putnam,DAV,,,,,False
2021,sa3040481,Eli Rawlinson,BRAD,,,,,False
2021,sa3020471,Eli Saul,SAC,,,,,False
2022,sa3020471,Eli Saul,SAC,13.0,378.0,Arizona Diamondbacks,"california state university, sacramento",True
2023,sa3025407,Eli Serrano III,NCSU,,,,,False
2024,sa3025407,Eli Serrano III,NCSU,4.0,111.0,New York Mets,north carolina state university,True
2025,sa3044857,Eli Watson,BELL,,,,,False
2024,sa3044964,Eli Weisner,VCU,,,,,False
2023,sa3045856,Eli Zielinski,JVST,,,,,False
2024,sa3026497,Elian Balmaceda,SFA,,,,,False
2021,sa3037895,Elian Merejo,GAST,,,,,False
2023,sa3031479,Elias Flowers,JAX,,,,,False
2021,sa3026389,Elijah Baez,SBU,,,,,False
2022,sa3020377,Elijah Birdsong,PAC,18.0,530.0,Pittsburgh Pirates,university of the pacific,True
2024,sa3027635,Elijah Breeden,PV,,,,,False
2021,sa3027819,Elijah Brown,SHU,,,,,False
2021,sa3028051,Elijah Buries,GCU,,,,,False
2022,sa3028051,Elijah Buries,GCU,,,,,False
2023,sa3028051,Elijah Buries,GCU,,,,,False
2024,sa3028051,Elijah Buries,GCU,,,,,False
2021,sa3017323,Elijah Cabell,FSU,17.0,511.0,St. Louis Cardinals,florida state university,True
2023,sa3023501,Elijah Dale,ILST,13.0,397.0,Seattle Mariners,illinois state university,True
2021,sa3030279,Elijah Dickerson,LAS,,,,,False
2022,sa3030279,Elijah Dickerson,TOW,,,,,False
2023,sa3030279,Elijah Dickerson,TOW,,,,,False
2024,sa3030279,Elijah Dickerson,TOW,,,,,False
2024,sa3031575,Elijah Foster,SHU,,,,,False
2025,sa3031575,Elijah Foster,SHU,,,,,False
2024,sa3025157,Elijah Hainline,ORST,7.0,220.0,Los Angeles Dodgers,oregon state university,True
2022,sa3025157,Elijah Hainline,WSU,,,,,False
2023,sa3025157,Elijah Hainline,WSU,,,,,False
2025,sa3059492,Elijah Higginbottom,GCU,,,,,False
2024,sa3034405,Elijah Ickes,HAW,,,,,False
2023,sa3035883,Elijah Lambros,MD,,,,,False
2024,sa3035883,Elijah Lambros,MD,,,,,False
2025,sa3035883,Elijah Lambros,MD,,,,,False
2021,sa3022674,Elijah Nunez,TCU,,,,,False
2022,sa3022674,Elijah Nunez,TCU,,,,,False
2023,sa3022674,Elijah Nunez,TCU,14.0,405.0,Washington Nationals,texas christian university,True
2024,sa3039642,Elijah Pelayo,CSUB,,,,,False
2025,sa3039642,Elijah Pelayo,CSUB,,,,,False
2024,sa3040976,Elijah Rodriguez,ORU,,,,,False
2025,sa3060404,Elijah Rodriguez,TXSO,,,,,False
2025,sa3040976,Elijah Rodriguez,UNLV,,,,,False
2025,sa3042543,Elijah Smith,WCU,,,,,False
2024,sa3044545,Elijah Vogelsong,MRSH,,,,,False
2025,sa3044545,Elijah Vogelsong,MRSH,,,,,False
2025,sa3033096,Elijha Hammill,NIA,,,,,False
2021,sa3030383,Eliot Dix,LONG,,,,,False
2022,sa3030383,Eliot Dix,LONG,,,,,False
2023,sa3030383,Eliot Dix,LONG,,,,,False
2021,sa3028463,Elliot Carney,WOF,,,,,False
2022,sa3032449,Elliot Good,CCSU,,,,,False
2023,sa3032449,Elliot Good,CCSU,,,,,False
2024,sa3032449,Elliot Good,CCSU,,,,,False
2024,sa3033502,Elliot Hebert,MCN,,,,,False
2023,sa3035718,Elliot Krewson,DART,,,,,False
2024,sa3035718,Elliot Krewson,DART,,,,,False
2025,sa3035718,Elliot Krewson,DART,,,,,False
2023,sa3031931,Ellis Garcia,WVU,,,,,False
2024,sa3041831,Ellis Schwartz,GW,,,,,False
2025,sa3041831,Ellis Schwartz,GW,,,,,False
2022,sa3040762,ElRico Riley,JKST,,,,,False
2025,sa3027822,Ely Brown,MER,,,,,False
2024,sa3043260,Ely Stuart,CMU,,,,,False
2021,sa3043260,Ely Stuart,UCR,,,,,False
2025,sa3032410,Emiliano Gonzalez,UCSD,,,,,False
2024,sa3026631,Emilio Barreras,GCU,,,,,False
2025,sa3026631,Emilio Barreras,GCU,8.0,228.0,Miami Marlins,grand canyon university,True
2023,sa3029399,Emilio Corona,ARIZ,,,,,False
2024,sa3029399,Emilio Corona,ARIZ,,,,,False
2024,sa3032411,Emilio Gonzalez,FAU,,,,,False
2021,29839,Emmet Sheehan,BC,6.0,192.0,Los Angeles Dodgers,boston college,True
2023,sa3032240,Emmett Gillies,AKR,,,,,False
2022,sa3023223,Emmett Olson,NEB,,,,,False
2023,sa3023223,Emmett Olson,NEB,,,,,False
2021,sa3022917,Enrique Bradfield Jr.,VAN,,,,,False
2022,sa3022917,Enrique Bradfield Jr.,VAN,,,,,False
2023,sa3022917,Enrique Bradfield Jr.,VAN,1.0,17.0,Baltimore Orioles,vanderbilt university,True
2024,sa3045534,Enrique Wood,NCAT,,,,,False
2025,sa3045534,Enrique Wood,NCAT,,,,,False
2024,sa3026129,Enzo Apodaca,BAY,,,,,False
2025,sa3026129,Enzo Apodaca,BAY,,,,,False
2022,sa3026129,Enzo Apodaca,GONZ,,,,,False
2023,sa3026129,Enzo Apodaca,GONZ,,,,,False
2022,sa3043009,Enzo Stefanoni,CONN,,,,,False
2021,sa3042544,Equon Smith,JKST,,,,,False
2025,sa3026844,Eric Becker,UVA,,,,,False
2021,sa3027145,Eric Bigani,UNLV,,,,,False
2022,sa3027145,Eric Bigani,UNLV,,,,,False
2021,sa3019923,Eric Brown Jr.,CCU,,,,,False
2022,sa3019923,Eric Brown Jr.,CCU,1.0,27.0,Milwaukee Brewers,coastal carolina university,True
2022,sa3028720,Eric Chalus,KENT,,,,,False
2023,sa3028720,Eric Chalus,KENT,,,,,False
2024,sa3028720,Eric Chalus,KENT,,,,,False
2025,sa3028720,Eric Chalus,KENT,,,,,False
2021,sa3028764,Eric Charles,CSUB,,,,,False
2025,sa3028871,Eric Chorba,MERC,,,,,False
2021,sa3028927,Eric Cichocki,LEH,,,,,False
2022,sa3029606,Eric Crouse,WAG,,,,,False
2025,sa3030886,Eric Elliott,JKST,,,,,False
2022,sa3030968,Eric Erato,NIU,,,,,False
2023,sa3030968,Eric Erato,NIU,,,,,False
2024,sa3030968,Eric Erato,NIU,,,,,False
2021,sa3031506,Eric Foggo,STET,,,,,False
2022,sa3032114,Eric Genther,URI,,,,,False
2023,sa3032114,Eric Genther,URI,,,,,False
2024,sa3032114,Eric Genther,URI,,,,,False
2025,sa3032114,Eric Genther,URI,,,,,False
2025,sa3032164,Eric Gialloreto,IONA,,,,,False
2024,sa3032744,Eric Grintz,HPU,,,,,False
2023,sa3033100,Eric Hammond,USC,,,,,False
2024,sa3034666,Eric Jeon,COLU,,,,,False
2021,sa3034869,Eric Jones,GWEB,,,,,False
2021,sa3035265,Eric Kennedy,TEX,,,,,False
2022,sa3035265,Eric Kennedy,TEX,,,,,False
2023,sa3035265,Eric Kennedy,TEX,,,,,False
2024,sa3036657,Eric Ludman,DEL,,,,,False
2022,sa3037015,Eric Marasheski,PRIN,,,,,False
2023,sa3037015,Eric Marasheski,PRIN,,,,,False
2021,sa3037097,Eric Marrujo,UCR,,,,,False
2022,sa3037097,Eric Marrujo,UCR,,,,,False
2023,sa3037097,Eric Marrujo,UCR,,,,,False
2021,sa3038014,Eric Miles,PRES,,,,,False
2024,sa3025336,Eric Rataczak,NIA,16.0,484.0,Miami Marlins,niagara university,True
2022,sa3040879,Eric Roberts,EVAN,,,,,False
2023,sa3040879,Eric Roberts,EVAN,,,,,False
2023,sa3041387,Eric Sabato,MONM,,,,,False
2024,sa3041387,Eric Sabato,MONM,,,,,False
2021,sa3041549,Eric Santiago,CIN,,,,,False
2023,sa3041786,Eric Schroeder,BC,,,,,False
2024,sa3041930,Eric Segura,ORST,,,,,False
2025,sa3041930,Eric Segura,ORST,,,,,False
2025,sa3042680,Eric Snow,AUB,6.0,172.0,Toronto Blue Jays,auburn university,True
2023,sa3042680,Eric Snow,USF,,,,,False
2024,sa3042680,Eric Snow,USF,,,,,False
2021,sa3043005,Eric Steensma,UTM,,,,,False
2023,sa3043005,Eric Steensma,UTM,,,,,False
2024,sa3043005,Eric Steensma,UTM,,,,,False
2021,sa3043982,Eric Toth,PRES,,,,,False
2022,sa3043982,Eric Toth,PRES,,,,,False
2025,sa3044937,Eric Weeks,CAN,,,,,False
2025,sa3062923,Eric Williams,MVSU,,,,,False
2022,sa3022858,Eric Yost,NE,,,,,False
2023,sa3022858,Eric Yost,NE,17.0,521.0,San Diego Padres,northeastern university,True
2024,sa3033350,Erich Hartmann,RID,,,,,False
2025,sa3033350,Erich Hartmann,RID,,,,,False
2022,sa3032412,Erick Gonzales,JKST,,,,,False
2023,sa3032412,Erick Gonzales,JKST,,,,,False
2024,sa3032412,Erick Gonzales,JKST,,,,,False
2025,sa3032412,Erick Gonzales,JKST,,,,,False
2022,sa3039176,Erick Orbeta,USA,,,,,False
2023,sa3039176,Erick Orbeta,USA,,,,,False
2025,sa3033917,Erik Hoffberg,GONZ,,,,,False
2022,sa3035755,Erik Kubiatowicz,ILST,,,,,False
2022,sa3037678,Erik McKnight,LR,,,,,False
2024,sa3039565,Erik Paulsen,STBK,,,,,False
2025,sa3039565,Erik Paulsen,STBK,,,,,False
2021,sa3043145,Erik Stock,CONN,,,,,False
2022,sa3043145,Erik Stock,CONN,,,,,False
2021,sa3038837,Erikson Nichols,DUKE,,,,,False
2022,sa3023514,Eriq Swan,MTSU,,,,,False
2023,sa3023514,Eriq Swan,MTSU,4.0,137.0,Los Angeles Dodgers,middle tennessee state university,True
2023,sa3036670,Ernie Lugo,UTAH,,,,,False
2021,sa3017902,Ernie Yake,GONZ,10.0,309.0,Minnesota Twins,gonzaga university,True
2021,sa3028354,Erubiel Candelario,MRST,,,,,False
2022,sa3028354,Erubiel Candelario,MRST,,,,,False
2025,sa3060233,Esaid Pena,ALST,,,,,False
2021,sa3028422,Esteban Cardoza-Oquendo,BAY,,,,,False
2022,sa3028422,Esteban Cardoza-Oquendo,BAY,,,,,False
2023,sa3040978,Esteban Rodriguez,RICH,,,,,False
2024,sa3040978,Esteban Rodriguez,RICH,,,,,False
2025,sa3040978,Esteban Rodriguez,RICH,,,,,False
2023,sa3038350,Estevan Moreno,ND,,,,,False
2024,sa3038350,Estevan Moreno,ND,,,,,False
2025,sa3038350,Estevan Moreno,ND,20.0,602.0,Seattle Mariners,university of notre dame,True
2023,sa3042675,Eston Snider,MTSU,,,,,False
2024,sa3042675,Eston Snider,MTSU,,,,,False
2025,sa3042675,Eston Snider,MTSU,,,,,False
2022,sa3025410,Ethan Anderson,UVA,,,,,False
2023,sa3025410,Ethan Anderson,UVA,,,,,False
2024,sa3025410,Ethan Anderson,UVA,2.0,61.0,Baltimore Orioles,university of virginia,True
2023,sa3026711,Ethan Bates,GRAM,,,,,False
2025,sa3026711,Ethan Bates,GRAM,,,,,False
2023,sa3026710,Ethan Bates,LT,,,,,False
2024,sa3026710,Ethan Bates,LT,,,,,False
2022,sa3026730,Ethan Baucom,UNCW,,,,,False
2024,sa3027222,Ethan Blakeney,NORF,,,,,False
2025,sa3027222,Ethan Blakeney,NORF,,,,,False
2021,sa3023163,Ethan Bosacker,XAV,,,,,False
2023,sa3023163,Ethan Bosacker,XAV,13.0,379.0,Kansas City Royals,xavier university,True
2023,sa3027755,Ethan Brooks,VCU,,,,,False
2024,sa3027825,Ethan Brown,DART,,,,,False
2025,sa3027825,Ethan Brown,DART,,,,,False
2022,sa3027823,Ethan Brown,USF,,,,,False
2023,sa3027823,Ethan Brown,USF,,,,,False
2021,sa3028235,Ethan Cady,ETSU,,,,,False
2024,sa3028255,Ethan Calder,BAY,,,,,False
2025,sa3028255,Ethan Calder,BAY,,,,,False
2021,sa3028765,Ethan Charles,MVSU,,,,,False
2023,sa3023445,Ethan Chenault,UNCW,18.0,553.0,Philadelphia Phillies,university of north carolina at wilmington,True
2023,sa3029266,Ethan Conrad,MRST,,,,,False
2024,sa3029266,Ethan Conrad,MRST,,,,,False
2023,sa3029845,Ethan Darden,CLEM,,,,,False
2024,sa3029845,Ethan Darden,CLEM,,,,,False
2025,sa3059000,Ethan Davis,EMU,,,,,False
2025,sa3065918,Ethan Eberle,LOU,,,,,False
2022,sa3030780,Ethan Edelson,DSU,,,,,False
2023,sa3030896,Ethan Ellis,ARMY,,,,,False
2025,sa3059172,Ethan Fender,ORU,,,,,False
2024,sa3031363,Ethan Firoved,PITT,,,,,False
2025,sa3031363,Ethan Firoved,PITT,,,,,False
2022,sa3031428,Ethan Flanagan,UCLA,,,,,False
2025,sa3059203,Ethan Foley,CAL,,,,,False
2023,sa3031601,Ethan Fowlks,UVU,,,,,False
2024,sa3031601,Ethan Fowlks,UVU,,,,,False
2025,sa3031717,Ethan Frey,LSU,3.0,95.0,Houston Astros,louisiana state university,True
2023,sa3032757,Ethan Groff,MISS,,,,,False
2024,sa3032757,Ethan Groff,MISS,,,,,False
2021,sa3032757,Ethan Groff,TULN,,,,,False
2022,sa3032757,Ethan Groff,TULN,,,,,False
2021,sa3032984,Ethan Hajdukovic,WMU,,,,,False
2023,sa3033080,Ethan Hamill,COR,,,,,False
2024,sa3033080,Ethan Hamill,COR,,,,,False
2023,sa3033199,Ethan Harden,BEL,,,,,False
2023,sa3033512,Ethan Hedges,USC,,,,,False
2024,sa3033512,Ethan Hedges,USC,,,,,False
2025,sa3033512,Ethan Hedges,USC,3.0,77.0,Colorado Rockies,university of southern california,True
2024,sa3033757,Ethan Hibbard,FAIR,,,,,False
2024,sa3034136,Ethan Hott,STAN,,,,,False
2024,sa3034399,Ethan Iannuzzi,VCU,,,,,False
2022,sa3034634,Ethan Jenkins,FAMU,,,,,False
2023,sa3035125,Ethan Kavanagh,TROY,,,,,False
2024,sa3035125,Ethan Kavanagh,TROY,,,,,False
2025,sa3059697,Ethan Kleinschmit,ORST,,,,,False
2024,sa3035726,Ethan Krizen,MUR,,,,,False
2025,sa3059771,Ethan Lay,SAC,,,,,False
2023,sa3025470,Ethan Lege,MISS,,,,,False
2024,sa3025470,Ethan Lege,MISS,,,,,False
2024,sa3036417,Ethan Lizama,WKU,,,,,False
2025,sa3036417,Ethan Lizama,WKU,,,,,False
2021,sa3022961,Ethan Long,ASU,,,,,False
2022,sa3022961,Ethan Long,ASU,20.0,616.0,San Francisco Giants,arizona state university,True
2024,sa3036731,Ethan Lyke,MUR,,,,,False
2023,sa3036984,Ethan Mann,DBU,,,,,False
2024,sa3036984,Ethan Mann,DBU,,,,,False
2021,sa3036984,Ethan Mann,NMSU,,,,,False
2025,sa3037072,Ethan Marmie,CP,,,,,False
2024,sa3037829,Ethan Melton,USA,,,,,False
2024,sa3037860,Ethan Mendoza,ASU,,,,,False
2025,sa3037860,Ethan Mendoza,TEX,,,,,False
2025,sa3038569,Ethan Murdoch,MRSH,,,,,False
2021,sa3017051,Ethan Murray,DUKE,5.0,147.0,Milwaukee Brewers,duke university,True
2024,sa3038921,Ethan Norby,ECU,,,,,False
2025,sa3038921,Ethan Norby,ECU,,,,,False
2021,sa3022616,Ethan O'Donnell,NU,,,,,False
2022,sa3022616,Ethan O'Donnell,NU,,,,,False
2023,sa3022616,Ethan O'Donnell,UVA,6.0,168.0,Cincinnati Reds,university of virginia,True
2025,sa3039277,Ethan Ott,UNM,,,,,False
2023,sa3039828,Ethan Petry,SC,,,,,False
2024,sa3039828,Ethan Petry,SC,,,,,False
2025,sa3039828,Ethan Petry,SC,2.0,49.0,Washington Nationals,university of south carolina,True
2025,sa3040007,Ethan Plyler,COFC,,,,,False
2022,sa3041170,Ethan Ross,SJSU,,,,,False
2024,sa3041170,Ethan Ross,SJSU,,,,,False
2025,sa3060431,Ethan Rossi,EIU,,,,,False
2025,sa3041228,Ethan Royal,UTU,,,,,False
2022,sa3041283,Ethan Ruiz,LAM,,,,,False
2023,sa3041283,Ethan Ruiz,LAM,,,,,False
2024,sa3041283,Ethan Ruiz,LAM,,,,,False
2024,sa3042078,Ethan Shaub,DEL,,,,,False
2024,sa3042081,Ethan Shaver,PAC,,,,,False
2025,sa3042081,Ethan Shaver,PAC,,,,,False
2023,sa3042379,Ethan Sitzman,SLU,,,,,False
2024,sa3042379,Ethan Sitzman,SLU,,,,,False
2025,sa3042379,Ethan Sitzman,SLU,,,,,False
2021,sa3042409,Ethan Skuija,CSUB,,,,,False
2022,sa3042923,Ethan Stamps,LIP,,,,,False
2022,sa3043064,Ethan Stern,GTWN,,,,,False
2021,sa3043064,Ethan Stern,LAF,,,,,False
2024,sa3043411,Ethan Swidler,LAF,,,,,False
2025,sa3043411,Ethan Swidler,LAF,,,,,False
2021,sa3044283,Ethan Valdez,WAG,,,,,False
2024,sa3044666,Ethan Walker,LONG,,,,,False
2025,sa3044666,Ethan Walker,UK,12.0,358.0,Boston Red Sox,university of kentucky,True
2023,sa3044667,Ethan Walker,UNA,,,,,False
2021,sa3045143,Ethan Whitley,UTM,,,,,False
2022,sa3045143,Ethan Whitley,UTM,,,,,False
2024,sa3045371,Ethan Willoughby,SIUE,,,,,False
2025,sa3045371,Ethan Willoughby,SIUE,,,,,False
2021,sa3017329,Ethan Wilson,USA,2.0,49.0,Philadelphia Phillies,university of south alabama,True
2025,sa3060939,Ethan Wilson,WIN,,,,,False
2025,sa3060988,Ethan Young,ECU,5.0,150.0,St. Louis Cardinals,east carolina university,True
2021,sa3025849,Evan Albrecht,PUR,,,,,False
2022,sa3025849,Evan Albrecht,PUR,,,,,False
2023,sa3025849,Evan Albrecht,PUR,,,,,False
2023,sa3026132,Evan Appelwick,M-OH,,,,,False
2024,sa3026132,Evan Appelwick,M-OH,,,,,False
2025,sa3026132,Evan Appelwick,M-OH,,,,,False
2023,sa3026253,Evan Aschenbeck,TA&M,,,,,False
2024,sa3026253,Evan Aschenbeck,TA&M,13.0,392.0,Chicago Cubs,texas aandm university,True
2021,sa3027044,Evan Berkey,CSUB,,,,,False
2022,sa3027044,Evan Berkey,EVAN,,,,,False
2022,sa3027077,Evan Berta,FAIR,,,,,False
2024,sa3027230,Evan Blanco,UVA,,,,,False
2021,sa3027286,Evan Blum,HC,,,,,False
2024,sa3027438,Evan Bottone,AKR,,,,,False
2025,sa3027438,Evan Bottone,AKR,,,,,False
2025,sa3027448,Evan Bouldin,DEL,,,,,False
2023,sa3027448,Evan Bouldin,DSU,,,,,False
2024,sa3027448,Evan Bouldin,DSU,,,,,False
2025,sa3027826,Evan Brown,NAVY,,,,,False
2024,sa3028717,Evan Chaffee,SJU,,,,,False
2025,sa3028717,Evan Chaffee,SJU,,,,,False
2023,sa3028874,Evan Chrest,JAX,,,,,False
2024,sa3028874,Evan Chrest,JAX,,,,,False
2025,sa3029063,Evan Cloyd,CSUB,,,,,False
2023,sa3029551,Evan Crenshaw,AAMU,,,,,False
2024,sa3030134,Evan Dempsey,FGCU,,,,,False
2025,sa3030134,Evan Dempsey,FGCU,,,,,False
2022,sa3030138,Evan Demurias,NCAT,,,,,False
2021,sa3031604,Evan Fox,STBK,,,,,False
2022,sa3031604,Evan Fox,STBK,,,,,False
2023,sa3031604,Evan Fox,STBK,,,,,False
2024,sa3031604,Evan Fox,STBK,,,,,False
2021,sa3032044,Evan Gates,NCAT,,,,,False
2023,sa3032171,Evan Gibbons,SAC,,,,,False
2024,sa3032171,Evan Gibbons,SAC,,,,,False
2025,sa3032171,Evan Gibbons,SAC,,,,,False
2021,sa3032273,Evan Giordano,STBK,,,,,False
2022,sa3032273,Evan Giordano,STBK,,,,,False
2023,sa3032273,Evan Giordano,STBK,,,,,False
2023,sa3032944,Evan Hafley,CARK,,,,,False
2022,sa3033273,Evan Harris,DSU,,,,,False
2024,sa3034001,Evan Holman,ODU,,,,,False
2024,sa3034344,Evan Hurlburt,AAMU,,,,,False
2025,sa3059633,Evan Joubert,TXSO,,,,,False
2021,30008,Evan Justice,NCSU,5.0,140.0,Colorado Rockies,north carolina state university,True
2021,sa3035182,Evan Keller,SELA,,,,,False
2022,sa3035182,Evan Keller,SELA,,,,,False
2021,sa3035663,Evan Kowalski,ORU,,,,,False
2022,sa3035663,Evan Kowalski,ORU,,,,,False
2024,sa3036932,Evan Maloney,URI,,,,,False
2021,sa3037158,Evan Martin,SIU,,,,,False
2025,sa3037800,Evan Meier,MSM,,,,,False
2025,sa3066798,Evan Menzel,ME,,,,,False
2021,sa3038120,Evan Minarovic,NU,,,,,False
2022,sa3038832,Evan Nibblett,UMES,,,,,False
2023,sa3038832,Evan Nibblett,UMES,,,,,False
2021,sa3041329,Evan Russell,TENN,,,,,False
2022,sa3041329,Evan Russell,TENN,,,,,False
2021,sa3041528,Evan Sankey,NDSU,,,,,False
2022,sa3041528,Evan Sankey,NDSU,,,,,False
2023,sa3041648,Evan Scavotto,PORT,,,,,False
2024,sa3041648,Evan Scavotto,PORT,,,,,False
2021,sa3017780,Evan Shawver,CIN,7.0,200.0,Colorado Rockies,university of cincinnati,True
2025,sa3042246,Evan Siary,MSST,8.0,235.0,Texas Rangers,mississippi state university,True
2024,sa3042428,Evan Sleight,ALA,,,,,False
2021,sa3042428,Evan Sleight,RUTG,,,,,False
2022,sa3042428,Evan Sleight,RUTG,,,,,False
2023,sa3042428,Evan Sleight,RUTG,,,,,False
2024,sa3042548,Evan Smith,MSM,,,,,False
2021,sa3042989,Evan St Claire,SIE,,,,,False
2025,sa3042994,Evan Steckmesser,SAM,,,,,False
2022,sa3025236,Evan Truitt,CHSO,,,,,False
2023,sa3025236,Evan Truitt,CHSO,,,,,False
2024,sa3025236,Evan Truitt,CHSO,12.0,363.0,Seattle Mariners,charleston southern university,True
2021,sa3044594,Evan Vulgamore,QUIN,,,,,False
2023,sa3044617,Evan Waggoner,EVAN,,,,,False
2024,sa3044933,Evan Webster,LOU,,,,,False
2022,sa3045196,Evan Wilde,NIA,,,,,False
2022,sa3025545,Evan Yates,CSUF,,,,,False
2023,sa3025545,Evan Yates,CSUF,,,,,False
2024,sa3028650,Everett Catlett,GTWN,12.0,348.0,Colorado Rockies,georgetown university,True
2022,sa3044395,Everett Vaughan,HPU,,,,,False
2021,sa3033473,Everhett Hazelwood,KU,,,,,False
2022,sa3043309,Evin Sullivan,BING,,,,,False
2024,sa3043309,Evin Sullivan,BING,,,,,False
2025,sa3043309,Evin Sullivan,BING,,,,,False
2023,sa3041464,Ezra Samperi,GONZ,,,,,False
2025,sa3060236,Fabio Peralta,MIA,,,,,False
2021,sa3036536,Fausto Lopez,MTSU,,,,,False
2022,sa3036536,Fausto Lopez,MTSU,,,,,False
2024,sa3038377,Felix Morin,CAN,,,,,False
2025,sa3038377,Felix Morin,CAN,,,,,False
2023,sa3030317,Fenix DiGiacomo,PRES,,,,,False
2024,sa3030317,Fenix DiGiacomo,PRES,,,,,False
2022,sa3025202,Fenwick Trimble,JMU,,,,,False
2023,sa3025202,Fenwick Trimble,JMU,,,,,False
2024,sa3025202,Fenwick Trimble,JMU,4.0,122.0,Miami Marlins,james madison university,True
2023,sa3032413,Fernando Gonzalez,UGA,,,,,False
2024,sa3032413,Fernando Gonzalez,UGA,20.0,598.0,San Francisco Giants,university of georgia,True
2025,sa3039003,Finbar OBrien,GONZ,,,,,False
2024,sa3026712,Finley Bates,SDSU,,,,,False
2025,sa3026712,Finley Bates,SDSU,,,,,False
2025,sa3060674,Finnegan Stewart,UTU,,,,,False
2025,sa3034423,Fisher Ingersoll,NICH,,,,,False
2024,sa3034551,Fisher Jameson,FLA,10.0,288.0,Colorado Rockies,university of florida,True
2022,sa3039566,Fisher Paulsen,CIT,,,,,False
2024,sa3040308,Fisher Pyatt,AKR,,,,,False
2022,sa3026596,Forrest Barnes,MOST,,,,,False
2023,sa3026596,Forrest Barnes,MOST,,,,,False
2021,sa3026110,Foster Anshutz,EIU,,,,,False
2025,sa3064989,Foster Apple,STET,,,,,False
2022,sa3036266,Fox Leum,MIZ,,,,,False
2021,sa3041981,Fox Semones,JMU,,,,,False
2024,sa3033675,Francisco Hernandez,RGV,,,,,False
2021,sa3018178,Franco Aleman,FLA,10.0,306.0,Cleveland Indians,university of florida,True
2025,sa3028924,Frank Ciccone,JOES,,,,,False
2021,sa3030412,Frank Doelling,RID,,,,,False
2022,sa3030412,Frank Doelling,RID,,,,,False
2023,sa3030412,Frank Doelling,RID,,,,,False
2021,sa3025634,Frank Elissalt,LAS,,,,,False
2022,sa3031204,Franki Febles,BCU,,,,,False
2025,sa3028464,Frankie Carney,UCI,,,,,False
2023,sa3031274,Frankie Ferrentino,MRMK,,,,,False
2024,sa3031274,Frankie Ferrentino,MRMK,,,,,False
2025,sa3031274,Frankie Ferrentino,MRMK,,,,,False
2022,sa3037045,Frankie Marinelli,MAN,,,,,False
2023,sa3037045,Frankie Marinelli,MAN,,,,,False
2024,sa3037045,Frankie Marinelli,MAN,,,,,False
2021,sa3038873,Frankie Niemann,TULN,,,,,False
2022,sa3045611,Frankie Wright,WAG,,,,,False
2023,sa3045611,Frankie Wright,WAG,,,,,False
2024,sa3045611,Frankie Wright,WAG,,,,,False
2025,sa3032387,Franklin Gomez Jr.,FDU,,,,,False
2021,sa3030986,Freddie Erlandson,SCU,,,,,False
2021,sa3037307,Freddie Matos,BUT,,,,,False
2025,sa3059208,Freddy Forgione,BING,,,,,False
2025,sa3040979,Freddy Rodriguez,HAW,20.0,601.0,Chicago Cubs,university of hawaii,True
2021,sa3041073,Freddy Rojas Jr.,RGV,,,,,False
2022,sa3041073,Freddy Rojas Jr.,RGV,,,,,False
2021,sa3041393,Freddy Sabido,WAG,,,,,False
2025,sa3066340,Frederick Romano,WIU,,,,,False
2022,sa3032115,Fritz Genther,UML,,,,,False
2023,sa3032115,Fritz Genther,UML,,,,,False
2024,sa3032115,Fritz Genther,UML,,,,,False
2022,sa3028828,Fynn Chester,CSUF,,,,,False
2023,sa3028828,Fynn Chester,CSUF,,,,,False
2021,sa3016939,Gabe Bierman,IU,7.0,209.0,Miami Marlins,indiana university bloomington,True
2024,sa3027712,Gabe Broadus,USM,,,,,False
2024,sa3028295,Gabe Camacho,PAC,,,,,False
2025,sa3028295,Gabe Camacho,UCSD,,,,,False
2022,sa3029123,Gabe Colaianni,NWST,,,,,False
2023,sa3029123,Gabe Colaianni,NWST,,,,,False
2021,sa3030167,Gabe Denton,EMU,,,,,False
2022,sa3030167,Gabe Denton,EMU,,,,,False
2022,sa3030571,Gabe Driscoll,BING,,,,,False
2023,sa3030571,Gabe Driscoll,BING,,,,,False
2024,sa3030571,Gabe Driscoll,BING,,,,,False
2025,sa3031812,Gabe Gaeckle,ARK,,,,,False
2022,sa3032275,Gabe Giosso,SF,,,,,False
2022,sa3032414,Gabe Gonzalez,CSUN,,,,,False
2023,sa3034652,Gabe Jennings,MTSU,,,,,False
2024,sa3034652,Gabe Jennings,MTSU,,,,,False
2021,sa3035092,Gabe Karslo,FOR,,,,,False
2022,sa3035092,Gabe Karslo,FOR,,,,,False
2023,sa3035092,Gabe Karslo,FOR,,,,,False
2022,sa3035833,Gabe Lacy,TNTC,,,,,False
2022,sa3036722,Gabe Lux,OAK,,,,,False
2023,sa3036722,Gabe Lux,OAK,,,,,False
2021,sa3037326,Gabe Matthews,ORE,,,,,False
2025,sa3038146,Gabe Miranda,NKU,,,,,False
2021,sa3038244,Gabe Montenegro,USM,,,,,False
2022,sa3038244,Gabe Montenegro,USM,,,,,False
2025,sa3060123,Gabe Natividad,WIN,,,,,False
2025,sa3060258,Gabe Petrucelli,SIU,,,,,False
2021,sa3040462,Gabe Rappa,LAS,,,,,False
2024,sa3041028,Gabe Roessler,MILW,,,,,False
2025,sa3041028,Gabe Roessler,MILW,,,,,False
2023,sa3042779,Gabe Sotres,MICH,,,,,False
2023,sa3042963,Gabe Starks,UTA,,,,,False
2023,sa3043376,Gabe Swansen,NEB,,,,,False
2025,sa3043376,Gabe Swansen,NEB,,,,,False
2023,sa3044227,Gabe Ulloa,CSUB,,,,,False
2024,sa3044348,Gabe Van Emon,CONN,,,,,False
2023,sa3044878,Gabe Watts,SBU,,,,,False
2024,sa3045612,Gabe Wright,QUIN,,,,,False
2025,sa3045612,Gabe Wright,QUIN,,,,,False
2024,sa3045737,Gabe Young,JVST,,,,,False
2024,sa3038166,Gable Mitchell,IOWA,,,,,False
2025,sa3038166,Gable Mitchell,IOWA,,,,,False
2024,sa3026633,Gabriel Barrett,SF,,,,,False
2025,sa3026633,Gabriel Barrett,SF,,,,,False
2023,sa3031034,Gabriel Esquivel,UNF,,,,,False
2021,sa3031932,Gabriel Garcia,AFA,,,,,False
2022,sa3031932,Gabriel Garcia,AFA,,,,,False
2021,sa3020661,Gabriel Hughes,GONZ,,,,,False
2022,sa3020661,Gabriel Hughes,GONZ,1.0,10.0,Colorado Rockies,gonzaga,True
2021,sa3036286,Gabriel Levy,DAV,,,,,False
2025,sa3038678,Gabriel Nard,DUKE,,,,,False
2022,sa3020758,Gabriel Rincones Jr.,FAU,3.0,93.0,Philadelphia Phillies,florida atlantic university,True
2022,sa3041093,Gabriel Romano,QUIN,,,,,False
2022,sa3044387,Gabriel Vasquez,TXSO,,,,,False
2023,sa3044387,Gabriel Vasquez,TXSO,,,,,False
2021,sa3029637,Gaby Cruz,SELA,,,,,False
2024,sa3027311,Gage Boehm,TEX,,,,,False
2025,sa3058771,Gage Burdick,AMCC,,,,,False
2024,sa3031626,Gage Franck,SIUE,,,,,False
2021,sa3032241,Gage Gillian,UNC,,,,,False
2022,sa3032241,Gage Gillian,UNC,,,,,False
2025,sa3065925,Gage Griggs,UPST,,,,,False
2025,sa3033254,Gage Harrelson,FSU,16.0,469.0,Los Angeles Angels,florida state university,True
2023,sa3033254,Gage Harrelson,TTU,,,,,False
2024,sa3034986,Gage Jump,LSU,2.0,73.0,Oakland Athletics,louisiana state university,True
2024,sa3025205,Gage Miller,ALA,3.0,92.0,Miami Marlins,university of alabama,True
2021,sa3041689,Gage Schenk,BGSU,,,,,False
2022,sa3041689,Gage Schenk,BGSU,,,,,False
2023,sa3041689,Gage Schenk,BGSU,,,,,False
2023,sa3045855,Gage Ziehl,MIA,,,,,False
2024,sa3045855,Gage Ziehl,MIA,4.0,119.0,New York Yankees,university of miami,True
2021,sa3034166,Gaige Howard,UNO,,,,,False
2023,sa3042970,Gant Starling,CIT,,,,,False
2025,sa3062653,Gardner Meeks,GMU,,,,,False
2022,sa3028659,Garen Caulfield,ARIZ,,,,,False
2023,sa3028659,Garen Caulfield,ARIZ,,,,,False
2024,sa3028659,Garen Caulfield,ARIZ,,,,,False
2025,sa3028659,Garen Caulfield,ARIZ,,,,,False
2021,sa3035856,Garett Lake,PFW,,,,,False
2022,sa3035856,Garett Lake,PFW,,,,,False
2023,sa3044700,Garett Wallace,ETSU,,,,,False
2025,sa3026040,Garner Anderson,UTM,,,,,False
2021,sa3022822,Garret Forrester,ORST,,,,,False
2022,sa3022822,Garret Forrester,ORST,,,,,False
2023,sa3022822,Garret Forrester,ORST,3.0,73.0,Pittsburgh Pirates,oregon state university,True
2023,sa3032610,Garret Gray,BUT,,,,,False
2023,sa3022677,Garret Guillemette,TEX,15.0,464.0,Houston Astros,university of texas at austin,True
2021,sa3022677,Garret Guillemette,USC,,,,,False
2022,sa3022677,Garret Guillemette,USC,,,,,False
2024,sa3033818,Garret Hill,NDSU,,,,,False
2021,sa3035291,Garret Keough,HC,,,,,False
2023,sa3039258,Garret Ostrander,CBU,,,,,False
2024,sa3039258,Garret Ostrander,CBU,,,,,False
2025,sa3039918,Garret Pike,LOU,,,,,False
2022,sa3039918,Garret Pike,TOL,,,,,False
2023,sa3039918,Garret Pike,TOL,,,,,False
2024,sa3039918,Garret Pike,TOL,,,,,False
2021,sa3042338,Garret Simpson,EKU,,,,,False
2024,sa3042338,Garret Simpson,WRST,,,,,False
2025,sa3025811,Garrett Ahern,GCU,,,,,False
2022,sa3026102,Garrett Anglim,NEB,,,,,False
2025,sa3058519,Garrett Arnold,BALL,,,,,False
2021,sa3027253,Garrett Blaylock,UGA,,,,,False
2022,sa3027343,Garrett Boldt,SBU,,,,,False
2021,sa3027787,Garrett Broussard,UVU,,,,,False
2023,sa3027787,Garrett Broussard,UVU,,,,,False
2024,sa3027787,Garrett Broussard,UVU,,,,,False
2021,sa3018173,Garrett Burhenn,OSU,9.0,255.0,Detroit Tigers,ohio state university,True
2023,sa3028912,Garrett Chun,BCU,,,,,False
2024,sa3028912,Garrett Chun,BCU,,,,,False
2023,sa3029095,Garrett Coe,CONN,,,,,False
2024,sa3029095,Garrett Coe,CONN,,,,,False
2021,sa3029614,Garrett Crowley,FOR,,,,,False
2025,sa3062828,Garrett Crum,UNCA,,,,,False
2025,sa3029746,Garrett Cutting,YSU,,,,,False
2025,sa3030327,Garrett Dill,CIT,,,,,False
2022,sa3031226,Garrett Felix,NICH,,,,,False
2023,sa3031226,Garrett Felix,NICH,,,,,False
2024,sa3031226,Garrett Felix,NICH,,,,,False
2024,sa3031380,Garrett Fisher,UNCO,,,,,False
2023,sa3025668,Garrett Gainey,LIB,,,,,False
2024,sa3025668,Garrett Gainey,SC,9.0,276.0,Tampa Bay Rays,university of south carolina,True
2022,sa3025668,Garrett Gainey,WIN,,,,,False
2021,sa3031828,Garrett Gainous,TROY,,,,,False
2022,sa3031828,Garrett Gainous,TROY,,,,,False
2024,sa3031828,Garrett Gainous,TROY,,,,,False
2025,sa3031828,Garrett Gainous,TROY,,,,,False
2025,sa3032493,Garrett Gores,GONZ,,,,,False
2024,sa3032632,Garrett Greco,SPU,,,,,False
2025,sa3032632,Garrett Greco,SPU,,,,,False
2024,sa3032795,Garrett Gruell,AMCC,,,,,False
2022,sa3033224,Garrett Harker,CIN,,,,,False
2023,sa3033224,Garrett Harker,CIN,,,,,False
2024,sa3033574,Garrett Helsel,SIUE,,,,,False
2021,sa3033901,Garrett Hodges,KENN,,,,,False
2022,sa3034093,Garrett Horn,LIB,,,,,False
2023,sa3034093,Garrett Horn,LIB,,,,,False
2022,sa3025441,Garrett Howe,SAM,,,,,False
2023,sa3025441,Garrett Howe,SAM,,,,,False
2024,sa3025441,Garrett Howe,SAM,,,,,False
2021,sa3034450,Garrett Irvin,ARIZ,,,,,False
2022,sa3034450,Garrett Irvin,ARIZ,,,,,False
2021,sa3035581,Garrett Kocis,WICH,,,,,False
2025,sa3035946,Garrett Langrell,CREI,16.0,476.0,San Francisco Giants,creighton university,True
2024,sa3035994,Garrett Larsen,YALE,,,,,False
2025,sa3035994,Garrett Larsen,YALE,,,,,False
2025,sa3059882,Garrett Macias,GWEB,,,,,False
2023,sa3037159,Garrett Martin,APSU,,,,,False
2021,sa3037289,Garrett Matheny,RAD,,,,,False
2022,sa3023006,Garrett McMillan,ALA,19.0,564.0,Minnesota Twins,university of alabama,True
2023,sa3037976,Garrett Michel,VT,,,,,False
2021,sa3038698,Garrett Navarra,CMU,,,,,False
2022,sa3038698,Garrett Navarra,CMU,,,,,False
2023,sa3038698,Garrett Navarra,CMU,,,,,False
2022,sa3039365,Garrett Palladino,ALCN,,,,,False
2023,sa3039365,Garrett Palladino,ALCN,,,,,False
2024,sa3039365,Garrett Palladino,ALCN,,,,,False
2023,sa3039399,Garrett Pancione,RAD,,,,,False
2024,sa3039677,Garrett Pennington,NCSU,,,,,False
2023,sa3039677,Garrett Pennington,WICH,,,,,False
2025,sa3039775,Garrett Peters,WRST,,,,,False
2022,sa3040120,Garrett Poston,UTSA,,,,,False
2023,sa3040120,Garrett Poston,UTSA,,,,,False
2022,sa3040622,Garrett Rennie,USD,,,,,False
2023,sa3040622,Garrett Rennie,USD,,,,,False
2021,sa3041293,Garrett Rukes,FIU,,,,,False
2022,sa3041629,Garrett Saylor,ECU,,,,,False
2023,sa3041629,Garrett Saylor,ECU,,,,,False
2024,sa3041647,Garrett Scavelli,SJU,,,,,False
2021,sa3041751,Garrett Schoenle,CIN,,,,,False
2021,sa3041807,Garrett Schultz,XAV,,,,,False
2022,sa3041807,Garrett Schultz,XAV,,,,,False
2023,sa3041807,Garrett Schultz,XAV,,,,,False
2024,sa3042104,Garrett Shearer,NU,,,,,False
2021,sa3017174,Garrett Spain,APSU,15.0,452.0,Toronto Blue Jays,austin peay state university,True
2022,sa3042982,Garrett Staton,SAM,,,,,False
2023,sa3042982,Garrett Staton,SAM,,,,,False
2024,sa3042982,Garrett Staton,SAM,,,,,False
2021,sa3043171,Garrett Stonehouse,ELON,,,,,False
2024,sa3044334,Garrett VanDeventer,JKST,,,,,False
2023,sa3045287,Garrett Williams,ACU,,,,,False
2024,sa3045287,Garrett Williams,ACU,,,,,False
2025,sa3062927,Garrett Workman,FAMU,,,,,False
2024,sa3045613,Garrett Wright,BGSU,,,,,False
2025,sa3045613,Garrett Wright,BGSU,,,,,False
2023,sa3045691,Garrett Yawn,LIU,,,,,False
2024,sa3045691,Garrett Yawn,LIU,,,,,False
2025,sa3045691,Garrett Yawn,LIU,,,,,False
2025,sa3027047,Garrison Berkley,LT,,,,,False
2023,sa3027047,Garrison Berkley,UTA,,,,,False
2024,sa3027047,Garrison Berkley,UTA,,,,,False
2025,sa3043328,Garrison Sumner,BYU,20.0,598.0,Boston Red Sox,brigham young university,True
2023,sa3044968,Garrison Weiss,PV,,,,,False
2024,sa3044968,Garrison Weiss,PV,,,,,False
2025,sa3041296,Garvey Rumary,SDSU,,,,,False
2024,sa3032766,Gary Grosjean,CSUB,,,,,False
2024,sa3033050,Gary Hallmen Jr.,UMES,,,,,False
2025,sa3060479,Gatlin Sanders,MSST,,,,,False
2023,sa3029128,Gavi Coldiron,SHSU,,,,,False
2024,sa3029128,Gavi Coldiron,SHSU,,,,,False
2025,sa3026471,Gavin Baldwin,NIU,,,,,False
2025,sa3058544,Gavin Balius,BALL,,,,,False
2025,sa3027613,Gavin Braunecker,APSU,,,,,False
2023,sa3027900,Gavin Bruni,OSU,,,,,False
2024,sa3027900,Gavin Bruni,OSU,17.0,500.0,Washington Nationals,ohio state university,True
2023,sa3027935,Gavin Brzozowski,BAY,,,,,False
2023,sa3028563,Gavin Casas,SC,,,,,False
2024,sa3028563,Gavin Casas,SC,,,,,False
2024,sa3029181,Gavin Collins,PENN,,,,,False
2025,sa3029181,Gavin Collins,PENN,,,,,False
2021,sa3019985,Gavin Cross,VT,,,,,False
2022,sa3019985,Gavin Cross,VT,1.0,9.0,Kansas City Royals,virginia tech,True
2024,sa3030233,Gavin DeVooght,OSU,,,,,False
2024,sa3030468,Gavin Donohue,SHU,,,,,False
2025,sa3030468,Gavin Donohue,SHU,,,,,False
2022,sa3030540,Gavin Doyle,WMU,,,,,False
2023,sa3030540,Gavin Doyle,WMU,,,,,False
2021,sa3022667,Gavin Dugas,LSU,,,,,False
2023,sa3022667,Gavin Dugas,LSU,6.0,165.0,Washington Nationals,louisiana state university,True
2025,sa3059112,Gavin Eddy,CAL,,,,,False
2024,sa3031849,Gavin Gallaher,UNC,,,,,False
2025,sa3031849,Gavin Gallaher,UNC,,,,,False
2025,sa3031880,Gavin Galy,ARST,,,,,False
2025,sa3031902,Gavin Ganun,BGSU,,,,,False
2024,sa3032567,Gavin Grahovac,TA&M,,,,,False
2021,sa3032579,Gavin Grant,ORE,,,,,False
2022,sa3032579,Gavin Grant,ORE,,,,,False
2023,sa3032579,Gavin Grant,ORE,,,,,False
2024,sa3032681,Gavin Greger,BRY,,,,,False
2025,sa3032681,Gavin Greger,BRY,,,,,False
2025,sa3059372,Gavin Grutzmacher,COPP,,,,,False
2021,sa3034047,Gavin Homer,PSU,,,,,False
2021,sa3034748,Gavin Johns,TNTC,,,,,False
2021,sa3034749,Gavin Johnson,SHSU,,,,,False
2025,sa3034872,Gavin Jones,KENT,,,,,False
2025,sa3035097,Gavin Kash,TA&M,,,,,False
2023,sa3035097,Gavin Kash,TTU,,,,,False
2024,sa3035097,Gavin Kash,TTU,,,,,False
2025,sa3059657,Gavin Kelly,WVU,,,,,False
2023,sa3035353,Gavin Kilen,LOU,,,,,False
2024,sa3035353,Gavin Kilen,LOU,,,,,False
2025,sa3035353,Gavin Kilen,TENN,1.0,13.0,San Francisco Giants,university of tennessee,True
2025,sa3059736,Gavin Kuzniewski,OSU,,,,,False
2023,sa3036298,Gavin Lewis Jr.,UAB,,,,,False
2024,sa3036298,Gavin Lewis Jr.,UAB,,,,,False
2025,sa3036298,Gavin Lewis Jr.,UAB,,,,,False
2021,sa3036418,Gavin Lizik,CSUN,,,,,False
2022,sa3020191,Gavin Logan,ORST,9.0,258.0,Arizona Diamondbacks,oregon state university,True
2025,sa3038402,Gavin Morris,INST,,,,,False
2022,sa3038445,Gavin Mortenson,WCU,,,,,False
2023,sa3038445,Gavin Mortenson,WCU,,,,,False
2024,sa3038445,Gavin Mortenson,WCU,,,,,False
2022,sa3038672,Gavin Napier,SMC,,,,,False
2023,sa3038672,Gavin Napier,SMC,,,,,False
2024,sa3038672,Gavin Napier,SMC,,,,,False
2023,sa3038924,Gavin Noriega,BRY,,,,,False
2024,sa3038924,Gavin Noriega,BRY,,,,,False
2025,sa3038924,Gavin Noriega,BRY,,,,,False
2022,sa3038924,Gavin Noriega,MRST,,,,,False
2021,sa3041135,Gavin Rork,SEA,,,,,False
2022,sa3041135,Gavin Rork,SEA,,,,,False
2025,sa3060440,Gavin Roy,WSU,,,,,False
2024,sa3041773,Gavin Schrader,NIA,,,,,False
2023,sa3041808,Gavin Schulz,TULN,,,,,False
2024,sa3041808,Gavin Schulz,TULN,,,,,False
2025,sa3041808,Gavin Schulz,TULN,,,,,False
2025,sa3041913,Gavin Seebold,IU,,,,,False
2025,sa3060544,Gavin Sentell,NCAT,,,,,False
2024,sa3043640,Gavin Terry,UAPB,,,,,False
2025,sa3043640,Gavin Terry,UAPB,,,,,False
2025,sa3043658,Gavin Theis,MILW,,,,,False
2025,sa3060742,Gavin Thompson,BRAD,,,,,False
2024,sa3043795,Gavin Thorburn,SIE,,,,,False
2025,sa3043795,Gavin Thorburn,SIE,,,,,False
2023,sa3044148,Gavin Turley,ORST,,,,,False
2024,sa3044148,Gavin Turley,ORST,,,,,False
2025,sa3044148,Gavin Turley,ORST,4.0,110.0,Sacramento Athletics,oregon state university,True
2021,30122,Gavin Williams,ECU,1.0,23.0,Cleveland Indians,east carolina university,True
2023,sa3045597,Gavon Wray,GASO,,,,,False
2023,sa3034588,GC Jarman,UNCG,,,,,False
2024,sa3034588,GC Jarman,UNCG,,,,,False
2022,sa3026103,Gehrig Anglin,WRST,,,,,False
2023,sa3026103,Gehrig Anglin,WRST,,,,,False
2024,sa3030756,Gehrig Ebel,VT,,,,,False
2025,sa3031698,Gehrig Frei,MSST,,,,,False
2023,sa3031698,Gehrig Frei,UNA,,,,,False
2024,sa3031698,Gehrig Frei,UNA,,,,,False
2022,sa3038674,Gene Napolitano,MRST,,,,,False
2021,sa3045537,Gene Wood,TCU,,,,,False
2021,sa3028707,Genner Cervantes,ACU,,,,,False
2022,sa3028707,Genner Cervantes,ACU,,,,,False
2021,sa3020807,Geoffrey Gilbert,CLEM,,,,,False
2021,sa3027243,Geordon Blanton,MRSH,,,,,False
2022,sa3027243,Geordon Blanton,MRSH,,,,,False
2021,sa3028286,George Callil,SC,,,,,False
2022,sa3029336,George Cooper,HARV,,,,,False
2023,sa3029336,George Cooper,HARV,,,,,False
2024,sa3029336,George Cooper,HARV,,,,,False
2025,sa3029336,George Cooper,HARV,,,,,False
2024,sa3031487,George Derrick Floyd,CIT,,,,,False
2025,sa3031487,George Derrick Floyd,CIT,,,,,False
2023,sa3023440,George Klassen,MINN,6.0,193.0,Philadelphia Phillies,university of minnesota,True
2021,sa3039234,George Osborne III,ALCN,,,,,False
2022,sa3041139,George Rosales,FDU,,,,,False
2023,sa3041139,George Rosales,FDU,,,,,False
2022,sa3042814,George Specht,DBU,,,,,False
2023,sa3042814,George Specht,DBU,,,,,False
2022,sa3043346,George Sutherland,SHU,,,,,False
2021,sa3039659,Gephry Pena,UCF,,,,,False
2022,sa3039659,Gephry Pena,UCF,,,,,False
2021,sa3039947,Gerald Pintarich,PFW,,,,,False
2021,sa3043392,Gerard Sweeney,LEH,,,,,False
2022,sa3043392,Gerard Sweeney,LEH,,,,,False
2023,sa3043392,Gerard Sweeney,LEH,,,,,False
2023,sa3044498,Gerardo Villarreal,NICH,,,,,False
2024,sa3044498,Gerardo Villarreal,NICH,,,,,False
2021,sa3032825,Geremy Guerrero,INST,,,,,False
2023,sa3031131,German Fajardo,KSU,,,,,False
2022,sa3042369,Gerry Siracusa,UML,,,,,False
2023,sa3042369,Gerry Siracusa,UML,,,,,False
2023,sa3031893,Gianni Gambradella,ME,,,,,False
2024,sa3031893,Gianni Gambradella,ME,,,,,False
2025,sa3031893,Gianni Gambradella,ME,,,,,False
2024,sa3041230,Gianni Royer,HC,,,,,False
2025,sa3041230,Gianni Royer,HC,,,,,False
2024,sa3037901,Gianno Merlonghi,CCSU,,,,,False
2025,sa3037901,Gianno Merlonghi,CCSU,,,,,False
2024,sa3045885,Giano Zuccaro,EMU,,,,,False
2025,sa3045885,Giano Zuccaro,EMU,,,,,False
2024,sa3026117,Gideon Antle,OHIO,,,,,False
2021,sa3026328,Gino Avros,APSU,,,,,False
2022,sa3026328,Gino Avros,APSU,,,,,False
2024,sa3029785,Gino DAlessio,ACU,,,,,False
2023,sa3029126,Gio Colasante,HARV,,,,,False
2025,sa3029126,Gio Colasante,HARV,,,,,False
2024,sa3029653,Gio Cueto,STET,,,,,False
2023,sa3031270,Gio Ferraro,MRSH,,,,,False
2024,sa3031270,Gio Ferraro,MRSH,,,,,False
2021,sa3028919,Giovanni Ciaccio,LIU,,,,,False
2022,sa3028919,Giovanni Ciaccio,LIU,,,,,False
2023,sa3030318,Giovanni DiGiacomo,DUKE,,,,,False
2025,sa3059813,Giovanni Licciardi,SELA,,,,,False
2023,sa3038052,Glenn Miller,EMU,,,,,False
2024,sa3038052,Glenn Miller,EMU,,,,,False
2023,sa3032232,Golston Gillespie,APP,,,,,False
2021,sa3032232,Golston Gillespie,TNTC,,,,,False
2022,sa3032232,Golston Gillespie,TNTC,,,,,False
2021,29519,Gordon Graceffo,VILL,5.0,151.0,St. Louis Cardinals,villanova university,True
2022,sa3034422,Gordon Ingebritson,UCI,,,,,False
2024,sa3037784,Grady Mee,WMU,,,,,False
2025,sa3037784,Grady Mee,WMU,,,,,False
2023,sa3038362,Grady Morgan,FRES,,,,,False
2024,sa3038362,Grady Morgan,FRES,,,,,False
2024,sa3028506,Graeme Carroll,BUCK,,,,,False
2022,sa3027828,Graham Brown,CCU,,,,,False
2023,sa3027828,Graham Brown,CCU,,,,,False
2024,sa3027828,Graham Brown,CCU,,,,,False
2022,sa3020557,Graham Firoved,VT,16.0,467.0,Baltimore Orioles,virginia tech,True
2024,sa3034626,Graham Jeffries,GW,,,,,False
2025,sa3037272,Graham Mastros,ILST,,,,,False
2024,sa3037272,Graham Mastros,SLU,,,,,False
2023,sa3023063,Graham Osman,LBSU,,,,,False
2022,31363,Graham Pauley,DUKE,13.0,390.0,San Diego Padres,duke university,True
2024,sa3045710,Graham Yntema,MER,,,,,False
2023,sa3025783,Grant Adler,WICH,,,,,False
2025,sa3025783,Grant Adler,WICH,,,,,False
2023,sa3027090,Grant Besser,RUTG,,,,,False
2024,sa3029223,Grant Comeaux,LT,,,,,False
2022,sa3029234,Grant Comstock,NU,,,,,False
2023,sa3029691,Grant Cunningham,WASH,,,,,False
2024,sa3029691,Grant Cunningham,WASH,,,,,False
2024,sa3030809,Grant Edwards,UNO,,,,,False
2025,sa3030809,Grant Edwards,UNO,,,,,False
2025,sa3059259,Grant Gallagher,ETSU,,,,,False
2025,sa3059279,Grant Garman,OAK,,,,,False
2025,sa3059333,Grant Govel,USC,,,,,False
2022,sa3032753,Grant Grodi,UNF,,,,,False
2021,sa3033357,Grant Hartwig,M-OH,,,,,False
2022,sa3033548,Grant Heiser,SEA,,,,,False
2024,sa3033548,Grant Heiser,SEA,,,,,False
2023,sa3033717,Grant Herron,MORE,,,,,False
2021,30002,Grant Holman,CAL,6.0,188.0,Oakland Athletics,"university of california, berkeley",True
2024,sa3034215,Grant Hubka,LT,,,,,False
2022,sa3034359,Grant Hussey,WVU,,,,,False
2023,sa3034359,Grant Hussey,WVU,,,,,False
2024,sa3034359,Grant Hussey,WVU,,,,,False
2025,sa3034359,Grant Hussey,WVU,,,,,False
2023,sa3034473,Grant Jablonski,VAL,,,,,False
2024,sa3034473,Grant Jablonski,VAL,,,,,False
2023,sa3034611,Grant Jay,DBU,,,,,False
2024,sa3034611,Grant Jay,DBU,,,,,False
2025,sa3034611,Grant Jay,DBU,12.0,362.0,Seattle Mariners,dallas baptist university,True
2022,sa3035430,Grant Kipp,YALE,,,,,False
2023,sa3035555,Grant Knipp,CAM,,,,,False
2023,sa3036017,Grant Lashure,EIU,,,,,False
2024,sa3036017,Grant Lashure,EIU,,,,,False
2025,sa3059880,Grant MacArthur,CONN,,,,,False
2022,sa3036852,Grant Magill,INST,,,,,False
2023,sa3036852,Grant Magill,INST,,,,,False
2024,sa3036852,Grant Magill,INST,,,,,False
2024,sa3036966,Grant Mangrum,MCN,,,,,False
2025,sa3036989,Grant Manning,VT,,,,,False
2021,sa3038714,Grant Nechak,SF,,,,,False
2023,sa3038931,Grant Norris,PSU,,,,,False
2024,sa3038931,Grant Norris,PSU,,,,,False
2025,sa3060156,Grant Nottleman,SHSU,,,,,False
2023,sa3040443,Grant Randall,UIW,,,,,False
2024,sa3040443,Grant Randall,UIW,,,,,False
2024,sa3040703,Grant Richardson,GCU,,,,,False
2021,sa3016964,Grant Richardson,IU,17.0,513.0,New York Yankees,indiana university bloomington,True
2022,sa3023522,Grant Rogers,MCN,,,,,False
2023,sa3023522,Grant Rogers,MCN,11.0,334.0,Toronto Blue Jays,mcneese state university,True
2021,sa3041222,Grant Rowell,FAMU,,,,,False
2022,sa3041222,Grant Rowell,FAMU,,,,,False
2023,sa3041752,Grant Schoen,PEPP,,,,,False
2021,sa3041809,Grant Schulz,ULM,,,,,False
2022,sa3041809,Grant Schulz,ULM,,,,,False
2023,sa3042165,Grant Sherrod,UPST,,,,,False
2024,sa3042165,Grant Sherrod,UPST,,,,,False
2022,sa3042258,Grant Siegel,TULN,,,,,False
2025,sa3042258,Grant Siegel,UCF,,,,,False
2021,sa3042559,Grant Smith,UIW,,,,,False
2022,sa3042559,Grant Smith,UIW,,,,,False
2023,sa3042559,Grant Smith,UK,,,,,False
2024,sa3042559,Grant Smith,UK,,,,,False
2023,sa3043048,Grant Stephenson,XAV,,,,,False
2024,sa3043071,Grant Stevens,OU,,,,,False
2021,sa3043071,Grant Stevens,PAC,,,,,False
2023,sa3043071,Grant Stevens,PAC,,,,,False
2022,sa3043565,Grant Taylor,WSU,,,,,False
2023,sa3043565,Grant Taylor,WSU,,,,,False
2024,sa3043565,Grant Taylor,WSU,,,,,False
2023,sa3043803,Grant Thoroman,PFW,,,,,False
2024,sa3043803,Grant Thoroman,PFW,,,,,False
2024,sa3044233,Grant Umberger,TOL,,,,,False
2022,sa3044587,Grant Voytovich,BUCK,,,,,False
2023,sa3044587,Grant Voytovich,BUCK,,,,,False
2024,sa3044587,Grant Voytovich,BUCK,,,,,False
2021,sa3044595,Grant Vurpillat,NJIT,,,,,False
2022,sa3044595,Grant Vurpillat,NJIT,,,,,False
2023,sa3044595,Grant Vurpillat,NJIT,,,,,False
2025,sa3060879,Grant Watkins,ACU,,,,,False
2022,sa3044969,Grant Weiss,LMU,,,,,False
2025,sa3065163,Grant Werdesheim,PRIN,,,,,False
2021,sa3045538,Grant Wood,MOST,,,,,False
2022,sa3045538,Grant Wood,MOST,,,,,False
2021,sa3027103,Gray Betts,LIB,,,,,False
2022,sa3027103,Gray Betts,LIB,,,,,False
2023,sa3027103,Gray Betts,LIB,,,,,False
2021,sa3040953,Gray Rodgers,TCU,,,,,False
2022,sa3040953,Gray Rodgers,TCU,,,,,False
2022,sa3041224,Gray Rowlett,NWST,,,,,False
2023,sa3041224,Gray Rowlett,NWST,,,,,False
2025,sa3059418,Grayden Harris,USM,,,,,False
2023,sa3022443,Graysen Tarlow,CSUN,19.0,575.0,St. Louis Cardinals,"california state university, northridge",True
2025,sa3058524,Grayson Ashe,JVST,,,,,False
2023,sa3031417,Grayson Fitzwater,VMI,,,,,False
2024,sa3031417,Grayson Fitzwater,VMI,,,,,False
2025,sa3031417,Grayson Fitzwater,VMI,,,,,False
2024,sa3032742,Grayson Grinsell,ORE,,,,,False
2025,sa3032742,Grayson Grinsell,ORE,6.0,189.0,Detroit Tigers,university of oregon,True
2022,sa3025020,Grayson Hitt,ALA,,,,,False
2021,sa3040185,Grayson Preslar,UNCA,,,,,False
2023,sa3041606,Grayson Saunier,MISS,,,,,False
2025,sa3060644,Grayson Sparr,STO,,,,,False
2021,sa3043062,Grayson Sterling,GONZ,,,,,False
2022,sa3043062,Grayson Sterling,GONZ,,,,,False
2023,sa3043104,Grayson Stewart,TROY,,,,,False
2024,sa3043104,Grayson Stewart,TROY,,,,,False
2025,sa3043104,Grayson Stewart,TROY,,,,,False
2021,sa3043527,Grayson Tatrow,ACU,,,,,False
2022,sa3043527,Grayson Tatrow,ACU,,,,,False
2023,sa3043527,Grayson Tatrow,ACU,,,,,False
2022,sa3043564,Grayson Taylor,BEL,,,,,False
2021,sa3026041,Greg Anderberg,NICH,,,,,False
2023,sa3027974,Greg Budig,WMU,,,,,False
2024,sa3027974,Greg Budig,WMU,,,,,False
2021,sa3030652,Greg Duncan,RAD,,,,,False
2024,sa3031164,Greg Farone,ALA,7.0,208.0,San Francisco Giants,university of alabama,True
2023,sa3031164,Greg Farone,LOU,,,,,False
2021,sa3033203,Greg Hardison,UNCG,,,,,False
2022,sa3033203,Greg Hardison,UNCG,,,,,False
2022,sa3037160,Greg Martinez,LT,,,,,False
2022,sa3037799,Greg Mehlhaff,PEPP,,,,,False
2022,sa3038839,Greg Nichols,ILST,,,,,False
2023,sa3038839,Greg Nichols,ILST,,,,,False
2024,sa3038839,Greg Nichols,ILST,,,,,False
2025,sa3042087,Greg Shaw,CONN,,,,,False
2024,sa3042087,Greg Shaw,MAN,,,,,False
2023,sa3045854,Greg Ziegler,MSU,,,,,False
2023,sa3027535,Gregory Bozzo,NE,,,,,False
2024,sa3027535,Gregory Bozzo,NE,,,,,False
2025,sa3027535,Gregory Bozzo,NE,,,,,False
2022,sa3041369,Gregory Ryan,LONG,,,,,False
2023,sa3041369,Gregory Ryan,LONG,,,,,False
2022,sa3030966,Grey Epps,SIU,,,,,False
2023,sa3036021,Grey LaSpaluto,APP,,,,,False
2021,sa3036763,Grey Lyttle,HPU,,,,,False
2022,sa3025409,Griff O'Ferrall,UVA,,,,,False
2023,sa3025409,Griff O'Ferrall,UVA,,,,,False
2024,sa3025409,Griff O'Ferrall,UVA,1.0,32.0,Baltimore Orioles,university of virginia,True
2025,sa3042778,Griffen Sotomayor,FRES,,,,,False
2023,sa3026231,Griffin Arnone,NU,,,,,False
2024,sa3026231,Griffin Arnone,NU,,,,,False
2021,sa3020142,Griffin Cheney,GAST,,,,,False
2022,sa3020142,Griffin Cheney,GAST,9.0,259.0,Texas Rangers,georgia state university,True
2021,sa3020003,Griffin Doersching,NKU,,,,,False
2022,sa3020003,Griffin Doersching,OKST,8.0,240.0,San Diego Padres,oklahoma state university,True
2021,sa3031090,Griffin Everitt,NEB,,,,,False
2022,sa3031090,Griffin Everitt,NEB,,,,,False
2022,sa3032657,Griffin Green,VT,,,,,False
2022,sa3033373,Griffin Hassall,KSU,,,,,False
2025,sa3034275,Griffin Hugus,MIA,3.0,91.0,Seattle Mariners,university of miami,True
2025,sa3059692,Griffin Kirn,WVU,14.0,410.0,Sacramento Athletics,university of west virginia,True
2021,sa3037399,Griffin Mazur,MICH,,,,,False
2022,sa3037482,Griffin McCluskey,VAL,,,,,False
2023,sa3037482,Griffin McCluskey,VAL,,,,,False
2021,sa3037906,Griffin Merritt,CIN,,,,,False
2022,sa3037906,Griffin Merritt,CIN,,,,,False
2023,sa3037906,Griffin Merritt,TENN,,,,,False
2025,sa3038057,Griffin Miller,MRSH,,,,,False
2024,sa3038661,Griffin Naess,CP,,,,,False
2025,sa3038661,Griffin Naess,CP,,,,,False
2025,sa3060178,Griffin Olson,MORE,,,,,False
2023,sa3039360,Griffin Palfrey,COLU,,,,,False
2024,sa3039360,Griffin Palfrey,COLU,,,,,False
2025,sa3039360,Griffin Palfrey,COLU,,,,,False
2021,sa3039574,Griffin Paxton,UTSA,,,,,False
2021,sa3041742,Griffin Schneider,WAG,,,,,False
2022,sa3041952,Griffin Selby,WAG,,,,,False
2023,sa3041952,Griffin Selby,WAG,,,,,False
2025,sa3060612,Griffin Smith,WSU,,,,,False
2024,sa3043121,Griffin Stieg,VT,,,,,False
2022,sa3044858,Griffin Watson,FAIR,,,,,False
2023,sa3044858,Griffin Watson,FAIR,,,,,False
2023,sa3045739,Griffin Young,NE,,,,,False
2025,sa3031933,Guillermo Garcia Jr.,LONG,,,,,False
2021,sa3032755,Gunnar Groen,PEPP,,,,,False
2021,31318,Gunnar Hoglund,MISS,1.0,19.0,Toronto Blue Jays,university of mississippi,True
2025,sa3026115,Gunner Antillon,BGSU,,,,,False
2022,sa3026115,Gunner Antillon,NMSU,,,,,False
2022,sa3027394,Gunner Boree,BRWN,,,,,False
2024,sa3027394,Gunner Boree,BRWN,,,,,False
2025,sa3027394,Gunner Boree,BRWN,,,,,False
2024,sa3032524,Gunner Gouldsmith,SAC,19.0,556.0,Oakland Athletics,"california state university, sacramento",True
2025,sa3065345,Gunner Lakins,MVSU,,,,,False
2025,sa3060464,Guriyandel Salva,MAN,,,,,False
2021,sa3028530,Gus Carter,FGCU,,,,,False
2024,sa3031685,Gus Freeman,APSU,,,,,False
2025,sa3031685,Gus Freeman,APSU,,,,,False
2025,sa3059267,Gus Gandy,SAM,,,,,False
2025,sa3032688,Gus Gregory,WRST,,,,,False
2023,sa3034262,Gus Hughes,HPU,,,,,False
2024,sa3034262,Gus Hughes,HPU,18.0,541.0,New York Yankees,high point university,True
2025,sa3062648,Gus McKay,UIW,,,,,False
2023,sa3038704,Gustavo Nava Sanchez,SOU,,,,,False
2021,sa3038403,Guthrie Morrison,GONZ,,,,,False
2022,sa3020764,Guy Lipscomb,BEL,5.0,151.0,Cleveland Guardians,belmont university,True
2021,sa3025758,Haddon Adams,LIP,,,,,False
2023,sa3030516,Haden Dow,SEMO,,,,,False
2024,sa3030516,Haden Dow,SEMO,,,,,False
2025,sa3030516,Haden Dow,SEMO,,,,,False
2021,sa3030970,Haden Erbe,UNO,,,,,False
2022,sa3025544,Hagen Smith,ARK,,,,,False
2023,sa3025544,Hagen Smith,ARK,,,,,False
2024,sa3025544,Hagen Smith,ARK,1.0,5.0,Chicago White Sox,university of arkansas,True
2023,sa3034313,Haiden Hunt,OMA,,,,,False
2021,sa3034263,Hal Hughes,RICE,,,,,False
2022,sa3042562,Hance Smith,CAL,,,,,False
2025,sa3059320,Hank Gomric,SLU,,,,,False
2025,sa3059725,Hank Krift,ELON,,,,,False
2024,sa3044811,Hank Warren,RGV,,,,,False
2025,sa3044811,Hank Warren,RGV,,,,,False
2023,sa3045833,Hank Zeisler,MIZ,,,,,False
2022,sa3045833,Hank Zeisler,UNLV,,,,,False
2021,sa3032372,Harley Gollert,APSU,,,,,False
2022,sa3032372,Harley Gollert,APSU,,,,,False
2023,sa3032372,Harley Gollert,ORU,,,,,False
2024,sa3029164,Harold Coll,HOU,,,,,False
2024,sa3045291,Harris Williams III,ASU,,,,,False
2021,sa3045291,Harris Williams III,SF,,,,,False
2022,sa3045291,Harris Williams III,SF,,,,,False
2023,sa3045291,Harris Williams III,SF,,,,,False
2023,sa3027303,Harrison Bodendorf,HAW,,,,,False
2024,sa3027303,Harrison Bodendorf,HAW,,,,,False
2025,sa3027303,Harrison Bodendorf,OKST,10.0,312.0,Cleveland Guardians,oklahoma state university,True
2022,sa3027830,Harrison Brown,APSU,,,,,False
2024,sa3027830,Harrison Brown,APSU,,,,,False
2022,sa3028261,Harrison Caley,BAY,,,,,False
2021,sa3029107,Harrison Cohen,GW,,,,,False
2022,sa3029107,Harrison Cohen,GW,,,,,False
2022,sa3029301,Harrison Cook,MSU,,,,,False
2023,sa3029301,Harrison Cook,MSU,,,,,False
2021,sa3030147,Harrison Denk,OMA,,,,,False
2022,sa3030147,Harrison Denk,OMA,,,,,False
2023,sa3030296,Harrison Didawick,UVA,,,,,False
2024,sa3030296,Harrison Didawick,UVA,,,,,False
2025,sa3030296,Harrison Didawick,UVA,,,,,False
2023,sa3030952,Harrison Engstrom,HART,,,,,False
2023,sa3031217,Harrison Feinberg,NE,,,,,False
2025,sa3031217,Harrison Feinberg,NE,,,,,False
2021,sa3033430,Harrison Hawkins,COFC,,,,,False
2025,sa3035121,Harrison Kaufman,SBU,,,,,False
2023,sa3035703,Harrison Kreiling,OMA,,,,,False
2024,sa3035703,Harrison Kreiling,OMA,17.0,513.0,Seattle Mariners,university of nebraska at omaha,True
2022,sa3040143,Harrison Povey,FGCU,,,,,False
2023,sa3040143,Harrison Povey,FGCU,,,,,False
2024,sa3040143,Harrison Povey,FGCU,,,,,False
2025,sa3040143,Harrison Povey,FGCU,,,,,False
2024,sa3043529,Harrison Taubert,EVAN,,,,,False
2025,sa3043529,Harrison Taubert,EVAN,,,,,False
2025,sa3060732,Harrison Thayer,RGV,,,,,False
2025,sa3060785,Harrison Travis,EMU,,,,,False
2022,sa3044027,Harrison Treble,MAN,,,,,False
2024,sa3045399,Harrison Wilson,WIN,,,,,False
2025,sa3045399,Harrison Wilson,WIN,,,,,False
2025,sa3028246,Harry Cain,KENN,,,,,False
2025,sa3058818,Harry Carr,BUT,,,,,False
2025,sa3059030,Harry Deliyannis,VAL,,,,,False
2021,sa3031767,Harry Fullerton,UNM,,,,,False
2023,sa3023229,Harry Gustin,HAW,18.0,551.0,San Diego Padres,university of hawaii at manoa,True
2021,sa3039331,Harry Padden,MONM,,,,,False
2023,sa3039331,Harry Padden,MONM,,,,,False
2024,sa3039331,Harry Padden,MONM,,,,,False
2025,sa3039331,Harry Padden,MONM,,,,,False
2021,sa3041357,Harry Rutkowski,RUTG,,,,,False
2021,sa3045494,Harry Witwer-Dukes,OHIO,,,,,False
2024,sa3034756,Hasani Johnson,ULM,,,,,False
2025,sa3060796,Hassan Turner,DSU,,,,,False
2021,sa3026224,Hayden Arnold,LR,,,,,False
2022,sa3026224,Hayden Arnold,LR,,,,,False
2025,sa3062808,Hayden Bailey,CMU,,,,,False
2022,sa3027016,Hayden Berg,WMU,,,,,False
2023,sa3027016,Hayden Berg,WMU,,,,,False
2022,31635,Hayden Birdsong,EIU,6.0,196.0,San Francisco Giants,eastern illinois university,True
2024,sa3028892,Hayden Christiansen,XAV,,,,,False
2024,sa3029337,Hayden Cooper,WVU,,,,,False
2022,sa3029597,Hayden Cross,APP,,,,,False
2023,sa3029597,Hayden Cross,APP,,,,,False
2021,sa3019889,Hayden Dunhurst,MISS,,,,,False
2022,sa3019889,Hayden Dunhurst,MISS,6.0,175.0,Kansas City Royals,university of mississippi,True
2025,sa3059168,Hayden Federico,MISS,,,,,False
2024,sa3031732,Hayden Friese,WCU,,,,,False
2025,sa3031732,Hayden Friese,WCU,20.0,607.0,Atlanta Braves,western carolina university,True
2022,sa3032242,Hayden Gilliland,TNTC,,,,,False
2023,sa3032242,Hayden Gilliland,TNTC,,,,,False
2024,sa3032242,Hayden Gilliland,TNTC,,,,,False
2022,sa3033280,Hayden Harris,CHSO,,,,,False
2021,sa3033281,Hayden Harris,LONG,,,,,False
2022,sa3033281,Hayden Harris,LONG,,,,,False
2023,sa3033281,Hayden Harris,LONG,,,,,False
2024,sa3033281,Hayden Harris,LONG,,,,,False
2022,sa3033545,Hayden Heinze,UNCO,,,,,False
2023,sa3033545,Hayden Heinze,UNCO,,,,,False
2025,sa3059585,Hayden Jatczak,KENT,,,,,False
2021,sa3035320,Hayden Kettler,BAY,,,,,False
2021,sa3036116,Hayden Leatherwood,MISS,,,,,False
2021,sa3023155,Hayden Minton,MOST,,,,,False
2023,sa3023155,Hayden Minton,MOST,9.0,260.0,Detroit Tigers,missouri state university,True
2023,sa3038296,Hayden Moore,SLU,,,,,False
2024,sa3038296,Hayden Moore,SLU,,,,,False
2025,sa3038296,Hayden Moore,SLU,,,,,False
2021,sa3038875,Hayden Nierman,OAK,,,,,False
2021,sa3039599,Hayden Pearce,PAC,,,,,False
2022,sa3040857,Hayden Robb,SELA,,,,,False
2024,sa3040860,Hayden Robbins,MORE,,,,,False
2022,sa3041766,Hayden Schott,COLU,,,,,False
2023,sa3041766,Hayden Schott,COLU,,,,,False
2024,sa3041766,Hayden Schott,TA&M,,,,,False
2025,sa3041766,Hayden Schott,TA&M,,,,,False
2025,sa3042701,Hayden Sobecki,YALE,,,,,False
2025,sa3043516,Hayden Tarsia,BING,,,,,False
2021,sa3043692,Hayden Thomas,AMCC,,,,,False
2022,sa3043692,Hayden Thomas,AMCC,,,,,False
2023,sa3043692,Hayden Thomas,AMCC,,,,,False
2025,sa3043694,Hayden Thomas,COFC,,,,,False
2024,sa3044022,Hayden Travinski,LSU,,,,,False
2024,sa3044668,Hayden Walker,NMSU,,,,,False
2022,sa3045652,Hayden Wynja,MUR,,,,,False
2025,sa3045723,Hayden Yost,FLA,,,,,False
2021,sa3017716,Haylen Green,TCU,20.0,605.0,Chicago White Sox,texas christian university,True
2025,sa3026082,Heath Andrews,NCSU,,,,,False
2022,sa3034055,Heath Hood,UL,,,,,False
2023,sa3034055,Heath Hood,UL,,,,,False
2022,sa3044405,Hector Vazquez,BCU,,,,,False
2025,sa3043959,Hederick Torres,JKST,,,,,False
2025,sa3059442,Heitaro Hayashi,WAG,,,,,False
2025,sa3038351,Heladio Moreno,LAM,,,,,False
2021,sa3040589,Henrik Reinertsen,PAC,,,,,False
2024,sa3029316,Henry Cooke,VT,,,,,False
2025,sa3029316,Henry Cooke,VT,,,,,False
2021,29617,Henry Davis,LOU,1.0,1.0,Pittsburgh Pirates,university of louisville,True
2024,sa3031540,Henry Ford,UVA,,,,,False
2025,sa3031540,Henry Ford,UVA,,,,,False
2025,sa3059271,Henry Garcia,ULM,,,,,False
2022,sa3032122,Henry George,SDST,,,,,False
2023,sa3032331,Henry Godbout,UVA,,,,,False
2024,sa3032331,Henry Godbout,UVA,,,,,False
2025,sa3032331,Henry Godbout,UVA,2.0,75.0,Boston Red Sox,university of virginia,True
2022,sa3034324,Henry Hunter,UAB,,,,,False
2023,sa3034324,Henry Hunter,UAB,,,,,False
2025,sa3034324,Henry Hunter,UGA,,,,,False
2024,sa3034492,Henry Jackson,W&M,,,,,False
2023,sa3035010,Henry Kaczmar,OSU,,,,,False
2024,sa3035010,Henry Kaczmar,OSU,,,,,False
2025,sa3035010,Henry Kaczmar,SC,,,,,False
2021,sa3035586,Henry Koehler,DAV,,,,,False
2022,sa3035586,Henry Koehler,DAV,,,,,False
2023,sa3035586,Henry Koehler,DAV,,,,,False
2022,sa3036111,Henry Leake,BC,,,,,False
2023,sa3036111,Henry Leake,BC,,,,,False
2023,sa3036387,Henry Litman,SLU,,,,,False
2025,sa3038167,Henry Mitchell,NAVY,,,,,False
2021,sa3038949,Henry Novicki,BUCK,,,,,False
2023,sa3040238,Henry Proger,UPST,,,,,False
2024,sa3040238,Henry Proger,UPST,,,,,False
2022,sa3043232,Henry Strmecki,DAY,,,,,False
2023,sa3043232,Henry Strmecki,NEV,,,,,False
2023,sa3044705,Henry Wallen,FIU,,,,,False
2024,sa3045063,Henry Weycker,CCU,,,,,False
2022,sa3045063,Henry Weycker,VT,,,,,False
2025,sa3061006,Henry Zatkowski,DUKE,,,,,False
2025,sa3061010,Henry Zenor,UPST,,,,,False
2024,sa3045872,Henry Zipay,OMA,,,,,False
2025,sa3045872,Henry Zipay,OMA,,,,,False
2024,sa3025588,Herick Hernandez,MIA,4.0,129.0,Atlanta Braves,university of miami,True
2022,sa3045675,Hernan Yanez,UIW,,,,,False
2023,sa3045675,Hernan Yanez,UIW,,,,,False
2021,sa3041568,Hernen Sardinas,STET,,,,,False
2024,sa3032612,Hesston Gray,SIU,,,,,False
2025,sa3058664,Hiram Bocachica Jr.,RICE,,,,,False
2021,sa3027833,Hogan Brown,VCU,,,,,False
2025,sa3059037,Hogan Denny,IU,,,,,False
2023,sa3033560,Hogan Helligso,CREI,,,,,False
2024,sa3033560,Hogan Helligso,CREI,,,,,False
2022,sa3037637,Hogan McIntosh,CHSO,,,,,False
2023,sa3037637,Hogan McIntosh,JAX,,,,,False
2021,sa3019805,Hogan Windish,UNCG,,,,,False
2022,sa3019805,Hogan Windish,UNCG,7.0,216.0,Seattle Mariners,university of north carolina greensboro,True
2022,sa3027639,Holden Breeze,ORU,,,,,False
2023,sa3027639,Holden Breeze,ORU,,,,,False
2024,sa3027639,Holden Breeze,ORU,,,,,False
2024,sa3030040,Holden deJong,NJIT,,,,,False
2025,sa3039854,Holden Phelps,SIE,,,,,False
2025,sa3060290,Hollis Porter,MD,,,,,False
2022,sa3022480,Homer Bush Jr.,GCU,,,,,False
2023,sa3022480,Homer Bush Jr.,GCU,4.0,128.0,San Diego Padres,grand canyon university,True
2022,sa3027663,Hoss Brewer,LR,,,,,False
2023,sa3027663,Hoss Brewer,LR,,,,,False
2024,sa3027663,Hoss Brewer,LR,,,,,False
2021,sa3033204,Houston Harding,MSST,,,,,False
2025,sa3059917,Houston Markham,TROY,,,,,False
2021,sa3039455,Houston Parker,CHSO,,,,,False
2025,sa3040039,Howell Polk,HPU,,,,,False
2024,sa3043266,Howie Stuckey,CAN,,,,,False
2023,sa3026634,Hudson Barrett,UCSB,,,,,False
2022,sa3027360,Hudson Boncal,OHIO,,,,,False
2025,sa3027360,Hudson Boncal,OHIO,,,,,False
2025,sa3058727,Hudson Brignac,NWST,,,,,False
2021,sa3028196,Hudson Byorick,WVU,,,,,False
2022,sa3038115,Hudson Mimbs,KENN,,,,,False
2023,sa3038115,Hudson Mimbs,KENN,,,,,False
2024,sa3042241,Hudson Shupe,GONZ,,,,,False
2025,sa3042241,Hudson Shupe,GONZ,,,,,False
2023,sa3042241,Hudson Shupe,SEA,,,,,False
2024,sa3025357,Hudson White,ARK,9.0,267.0,Boston Red Sox,university of arkansas,True
2022,sa3025357,Hudson White,TTU,,,,,False
2023,sa3025357,Hudson White,TTU,,,,,False
2023,sa3039942,Hugh Pinkney,RUTG,,,,,False
2025,sa3039942,Hugh Pinkney,TULN,,,,,False
2021,sa3036903,Humberto Maldonado,UAPB,,,,,False
2023,sa3043960,Humberto Torres,GWEB,,,,,False
2024,sa3043960,Humberto Torres,GWEB,,,,,False
2024,sa3025880,Hunter Alexander,CARK,,,,,False
2025,sa3025880,Hunter Alexander,CARK,,,,,False
2025,sa3058485,Hunter Allen,UMES,,,,,False
2024,sa3026116,Hunter Antillon,UTAH,,,,,False
2024,sa3026319,Hunter Autrey,SHSU,,,,,False
2025,sa3026319,Hunter Autrey,SHSU,,,,,False
2022,sa3026472,Hunter Baldwin,HARV,,,,,False
2023,sa3026472,Hunter Baldwin,HARV,,,,,False
2021,sa3022409,Hunter Barco,FLA,,,,,False
2025,sa3058605,Hunter Bell,STO,,,,,False
2023,sa3028582,Hunter Cashero,KU,,,,,False
2021,sa3029323,Hunter Cooley,FAU,,,,,False
2022,sa3029323,Hunter Cooley,FAU,,,,,False
2023,sa3029323,Hunter Cooley,FAU,,,,,False
2021,sa3029801,Hunter DAmato,FDU,,,,,False
2022,sa3029801,Hunter DAmato,FDU,,,,,False
2023,sa3029801,Hunter DAmato,FDU,,,,,False
2024,sa3029801,Hunter DAmato,FDU,,,,,False
2023,sa3030396,Hunter Dobbins,BALL,,,,,False
2024,sa3030396,Hunter Dobbins,BALL,,,,,False
2022,sa3030487,Hunter Dorraugh,SJSU,,,,,False
2023,sa3030487,Hunter Dorraugh,SJSU,,,,,False
2024,sa3030487,Hunter Dorraugh,SJSU,,,,,False
2023,sa3030557,Hunter Draper,ARST,,,,,False
2022,sa3030887,Hunter Elliott,MISS,,,,,False
2025,sa3030887,Hunter Elliott,MISS,,,,,False
2023,sa3030959,Hunter Ensley,TENN,,,,,False
2024,sa3030959,Hunter Ensley,TENN,,,,,False
2025,sa3030959,Hunter Ensley,TENN,,,,,False
2023,sa3031402,Hunter Fitz-Gerald,ODU,,,,,False
2021,sa3032185,Hunter Gibson,WICH,,,,,False
2021,sa3032198,Hunter Gieser,ACU,,,,,False
2022,sa3032198,Hunter Gieser,ACU,,,,,False
2021,sa3032243,Hunter Gilliam,LONG,,,,,False
2022,sa3032243,Hunter Gilliam,LONG,,,,,False
2023,sa3032243,Hunter Gilliam,UK,,,,,False
2021,29715,Hunter Goodman,MEM,4.0,109.0,Colorado Rockies,university of memphis,True
2021,sa3017754,Hunter Gregory,ODU,8.0,242.0,Toronto Blue Jays,old dominion university,True
2021,sa3022918,Hunter Haas,ASU,,,,,False
2023,sa3022918,Hunter Haas,TA&M,4.0,120.0,Tampa Bay Rays,texas aandm university,True
2022,sa3020450,Hunter Hayes,PAC,16.0,487.0,St. Louis Cardinals,pacific university,True
2023,sa3033732,Hunter Hesseltine,LAM,,,,,False
2024,sa3033732,Hunter Hesseltine,LAM,,,,,False
2022,sa3033774,Hunter Hicks,CARK,,,,,False
2022,sa3033858,Hunter Hines,MSST,,,,,False
2023,sa3033858,Hunter Hines,MSST,,,,,False
2024,sa3033858,Hunter Hines,MSST,,,,,False
2025,sa3033858,Hunter Hines,MSST,10.0,291.0,Washington Nationals,mississippi state university,True
2023,sa3025045,Hunter Hollan,ARK,3.0,74.0,Cincinnati Reds,university of arkansas,True
2024,sa3034675,Hunter Jessee,CIN,,,,,False
2022,sa3034675,Hunter Jessee,IU,,,,,False
2023,sa3034675,Hunter Jessee,IU,,,,,False
2021,sa3034987,Hunter Jump,ASU,,,,,False
2022,sa3034987,Hunter Jump,UK,,,,,False
2025,sa3035111,Hunter Katschke,UTU,,,,,False
2024,sa3035150,Hunter Keen,RAD,,,,,False
2025,sa3035150,Hunter Keen,RAD,,,,,False
2025,sa3035516,Hunter Klotz,KENT,,,,,False
2023,sa3036617,Hunter Loyd,CAM,,,,,False
2021,sa3036617,Hunter Loyd,ETSU,,,,,False
2022,sa3036617,Hunter Loyd,ETSU,,,,,False
2023,sa3023231,Hunter Mann,TNTC,,,,,False
2021,sa3037252,Hunter Mason,UTSA,,,,,False
2021,sa3037367,Hunter May,ALST,,,,,False
2022,sa3037367,Hunter May,ALST,,,,,False
2023,sa3037691,Hunter McLean,UTM,,,,,False
2024,sa3037691,Hunter McLean,UTM,,,,,False
2022,sa3037766,Hunter Meade,ARMY,,,,,False
2023,sa3038130,Hunter Mink,USF,,,,,False
2024,sa3038130,Hunter Mink,USF,,,,,False
2021,sa3038256,Hunter Montgomery,PORT,,,,,False
2022,sa3039272,Hunter OToole,SELA,,,,,False
2023,sa3023474,Hunter Owen,VAN,4.0,106.0,Kansas City Royals,vanderbilt university,True
2021,sa3039516,Hunter Pasqualini,CCSU,,,,,False
2022,sa3039516,Hunter Pasqualini,CCSU,,,,,False
2023,sa3039516,Hunter Pasqualini,CCSU,,,,,False
2024,sa3039516,Hunter Pasqualini,CCSU,,,,,False
2021,sa3020954,Hunter Patteson,UCF,,,,,False
2023,sa3039897,Hunter Pidek,OAK,,,,,False
2024,sa3039897,Hunter Pidek,OAK,,,,,False
2025,sa3039897,Hunter Pidek,OAK,,,,,False
2025,sa3040094,Hunter Porter,MORE,,,,,False
2022,sa3040749,Hunter Riggins,USM,,,,,False
2025,sa3042088,Hunter Shaw,OSU,,,,,False
2024,sa3042227,Hunter Shuey,UNCG,,,,,False
2023,sa3042310,Hunter Simmons,BAY,,,,,False
2025,sa3042310,Hunter Simmons,BAY,,,,,False
2025,sa3042690,Hunter Snyder,COLU,,,,,False
2021,sa3042911,Hunter Stallings,MVSU,,,,,False
2022,sa3042911,Hunter Stallings,MVSU,,,,,False
2023,sa3042911,Hunter Stallings,MVSU,,,,,False
2021,sa3018148,Hunter Stanley,USM,11.0,336.0,Cleveland Indians,university of southern mississippi,True
2022,sa3043158,Hunter Stokely,UNC,,,,,False
2023,sa3043158,Hunter Stokely,UNC,,,,,False
2025,sa3043158,Hunter Stokely,UNC,,,,,False
2021,sa3043157,Hunter Stokes,USA,,,,,False
2022,sa3043157,Hunter Stokes,USA,,,,,False
2025,sa3060697,Hunter Sute,MAN,,,,,False
2023,sa3043457,Hunter Tabb,SOU,,,,,False
2023,sa3043629,Hunter Teplanszky,BAY,,,,,False
2024,sa3043629,Hunter Teplanszky,BAY,,,,,False
2025,sa3043696,Hunter Thomas,MORE,,,,,False
2021,sa3044403,Hunter Vay,VCU,,,,,False
2022,sa3044490,Hunter Viets,FAMU,,,,,False
2023,sa3044490,Hunter Viets,FAMU,,,,,False
2022,sa3044645,Hunter Waldis,HALL,,,,,False
2025,sa3060873,Hunter Warren,WRST,,,,,False
2025,sa3044847,Hunter Watkins,OKST,,,,,False
2021,sa3044989,Hunter Wells,LT,,,,,False
2024,sa3045198,Hunter Wilder,APP,,,,,False
2021,sa3045400,Hunter Wilson,ALCN,,,,,False
2021,sa3045516,Hunter Wolfe,DAY,,,,,False
2021,sa3045515,Hunter Wolfe,TCU,,,,,False
2023,33527,Hurston Waldrep,FLA,1.0,24.0,Atlanta Braves,university of florida,True
2022,33527,Hurston Waldrep,USM,,,,,False
2024,sa3033952,Huxley Holcombe,COR,,,,,False
2025,sa3033952,Huxley Holcombe,COR,,,,,False
2023,sa3033026,Hylan Hall,BCU,,,,,False
2024,sa3028311,Iain Campa,ACU,,,,,False
2022,sa3034456,Iain Isdale,UNCO,,,,,False
2025,sa3058514,Ian Armstrong,SMC,,,,,False
2022,sa3026407,Ian Bailey,UTSA,,,,,False
2021,sa3027131,Ian Bibiloni,MEM,,,,,False
2022,sa3027131,Ian Bibiloni,MEM,,,,,False
2025,sa3027257,Ian Blazier,SLU,,,,,False
2022,sa3020234,Ian Churchill,USD,10.0,308.0,Toronto Blue Jays,university of san diego,True
2023,sa3029015,Ian Cleary,OAK,,,,,False
2024,sa3029015,Ian Cleary,OAK,,,,,False
2021,sa3029237,Ian Concevitch,SPU,,,,,False
2022,sa3029317,Ian Cooke,CONN,,,,,False
2023,sa3029317,Ian Cooke,CONN,,,,,False
2024,sa3029317,Ian Cooke,CONN,,,,,False
2025,sa3029317,Ian Cooke,CONN,,,,,False
2024,sa3029855,Ian Daugherty,OKST,,,,,False
2025,sa3029855,Ian Daugherty,OKST,,,,,False
2021,sa3030262,Ian Diaz,UMBC,,,,,False
2022,sa3030262,Ian Diaz,UMBC,,,,,False
2023,sa3030262,Ian Diaz,UMBC,,,,,False
2021,sa3031126,Ian Fair,NE,,,,,False
2021,sa3031177,Ian Farrow,FGCU,,,,,False
2022,sa3031177,Ian Farrow,FGCU,,,,,False
2024,sa3031177,Ian Farrow,FGCU,14.0,414.0,Pittsburgh Pirates,florida gulf coast university,True
2025,sa3031627,Ian Francis,KU,,,,,False
2023,sa3031627,Ian Francis,YSU,,,,,False
2024,sa3031627,Ian Francis,YSU,,,,,False
2025,sa3059715,Ian Koosman,CREI,,,,,False
2022,sa3037308,Ian Matos,ALST,,,,,False
2023,sa3037308,Ian Matos,ALST,,,,,False
2022,sa3037368,Ian May,CAL,,,,,False
2025,sa3037368,Ian May,UCLA,,,,,False
2021,sa3037484,Ian McCole,JOES,,,,,False
2022,sa3037484,Ian McCole,JOES,,,,,False
2021,sa3037712,Ian McMillan,HOU,,,,,False
2022,sa3037712,Ian McMillan,HOU,,,,,False
2023,sa3037712,Ian McMillan,HOU,,,,,False
2022,sa3019911,Ian Mejia,NMSU,11.0,335.0,Atlanta Braves,new mexico state university,True
2021,sa3038579,Ian Murphy,SJU,,,,,False
2021,sa3039249,Ian Ostberg,QUIN,,,,,False
2022,sa3039249,Ian Ostberg,QUIN,,,,,False
2022,sa3039678,Ian Pennington,AKR,,,,,False
2023,sa3039678,Ian Pennington,AKR,,,,,False
2025,sa3039678,Ian Pennington,AKR,,,,,False
2024,sa3025159,Ian Petrutz,ALA,12.0,351.0,St. Louis Cardinals,university of alabama,True
2023,sa3025159,Ian Petrutz,MD,,,,,False
2022,sa3043950,Ian Torpey,UNCO,,,,,False
2025,sa3044234,Ian Umlandt,ORE,,,,,False
2021,sa3044748,Ian Walters,SIU,,,,,False
2021,sa3020180,Ike Buxton,LIP,,,,,False
2022,sa3020180,Ike Buxton,LIP,15.0,442.0,Miami Marlins,lipscomb university,True
2023,sa3032123,Ike George,CHSO,,,,,False
2023,sa3034445,Ike Irish,AUB,,,,,False
2024,sa3034445,Ike Irish,AUB,,,,,False
2025,sa3034445,Ike Irish,AUB,1.0,19.0,Baltimore Orioles,auburn university,True
2023,sa3037960,Ike Mezzenga,MINN,,,,,False
2024,sa3037960,Ike Mezzenga,MINN,,,,,False
2025,sa3042194,Ike Shirey,TAR,,,,,False
2022,sa3045199,Immanuel Wilder,WCU,,,,,False
2025,sa3058494,Indy Anderson,COPP,,,,,False
2022,sa3031008,Irvin Escobar,BCU,,,,,False
2025,sa3031008,Irvin Escobar,BCU,,,,,False
2022,sa3044940,Irvin Weems,SDSU,,,,,False
2023,sa3044940,Irvin Weems,SDSU,,,,,False
2024,sa3044940,Irvin Weems,SDSU,,,,,False
2021,sa3025881,Isaac Alexander,JVST,,,,,False
2022,sa3025881,Isaac Alexander,JVST,,,,,False
2022,sa3026340,Isaac Ayon,ORE,,,,,False
2024,sa3027463,Isaac Bouton,KENN,,,,,False
2025,sa3028231,Isaac Cadena,TCU,,,,,False
2021,sa3028326,Isaac Campbell,GWEB,,,,,False
2025,sa3058840,Isaac Castro,AAMU,,,,,False
2021,sa3020222,Isaac Coffey,ORU,,,,,False
2022,sa3020222,Isaac Coffey,ORU,10.0,309.0,Boston Red Sox,oral roberts university,True
2024,sa3029874,Isaac Davila,PV,,,,,False
2021,sa3031031,Isaac Esqueda,USC,,,,,False
2024,sa3031418,Isaac Fix,DAV,,,,,False
2025,sa3031418,Isaac Fix,DAV,,,,,False
2023,sa3023183,Isaac Gallegos,UNM,16.0,489.0,Atlanta Braves,university of new mexico,True
2022,sa3034296,Isaac Humphrey,LOU,,,,,False
2023,sa3034296,Isaac Humphrey,LOU,,,,,False
2024,sa3034296,Isaac Humphrey,LOU,,,,,False
2025,sa3034296,Isaac Humphrey,MISS,,,,,False
2023,sa3036537,Isaac Lopez,RGV,,,,,False
2024,sa3036537,Isaac Lopez,RGV,,,,,False
2025,sa3036537,Isaac Lopez,RGV,,,,,False
2024,sa3036603,Isaac Lovings,UVU,,,,,False
2024,sa3036750,Isaac Lyon,GCU,,,,,False
2025,sa3036750,Isaac Lyon,GCU,10.0,302.0,Seattle Mariners,grand canyon university,True
2022,sa3038008,Isaac Milburn,EKU,,,,,False
2023,sa3038008,Isaac Milburn,EKU,,,,,False
2024,sa3038008,Isaac Milburn,EKU,,,,,False
2025,sa3042289,Isaac Silva,MUR,,,,,False
2024,sa3042705,Isaac Sobieszczyk,BRAD,,,,,False
2023,sa3023422,Isaac Stebens,OKST,16.0,478.0,Boston Red Sox,oklahoma state university,True
2025,sa3044598,Isaac Wachsmann,XAV,,,,,False
2024,sa3044909,Isaac Webb,AMCC,,,,,False
2025,sa3044909,Isaac Webb,AMCC,,,,,False
2025,sa3045695,Isaac Yeager,WASH,,,,,False
2021,sa3025759,Isaiah Adams,SOU,,,,,False
2024,sa3026572,Isaiah Barkett,STET,,,,,False
2025,sa3026572,Isaiah Barkett,STET,10.0,296.0,San Francisco Giants,stetson university,True
2021,sa3028185,Isaiah Byars,UNF,,,,,False
2022,sa3028185,Isaiah Byars,UNF,,,,,False
2023,sa3029108,Isaiah Cohens,UAPB,,,,,False
2022,sa3023156,Isaiah Coupet,OSU,,,,,False
2023,sa3023156,Isaiah Coupet,OSU,4.0,109.0,Colorado Rockies,ohio state university,True
2021,sa3031935,Isaiah Garcia,CSUF,,,,,False
2022,sa3033330,Isaiah Hart,PFW,,,,,False
2023,sa3034493,Isaiah Jackson,ASU,,,,,False
2024,sa3034493,Isaiah Jackson,ASU,,,,,False
2025,sa3034493,Isaiah Jackson,ASU,8.0,229.0,Los Angeles Angels,arizona state university,True
2024,sa3035908,Isaiah Landry,ALST,,,,,False
2025,sa3035908,Isaiah Landry,ALST,,,,,False
2025,sa3035915,Isaiah Lane,USD,,,,,False
2025,sa3036845,Isaiah Magdaleno,HAW,,,,,False
2021,sa3036864,Isaiah Magwood,JVST,,,,,False
2022,sa3036864,Isaiah Magwood,JVST,,,,,False
2021,sa3039777,Isaiah Peterson,OHIO,,,,,False
2022,sa3039777,Isaiah Peterson,OHIO,,,,,False
2021,sa3043697,Isaiah Thomas,VAN,,,,,False
2021,sa3044295,Isaiah Valenzuela,MVSU,,,,,False
2022,sa3044295,Isaiah Valenzuela,MVSU,,,,,False
2025,sa3044669,Isaiah Walker,ULM,,,,,False
2024,sa3045294,Isaiah Williams,JKST,,,,,False
2021,sa3045816,Isaiah Zavala,UIW,,,,,False
2022,sa3045816,Isaiah Zavala,UIW,,,,,False
2023,sa3045816,Isaiah Zavala,UIW,,,,,False
2024,sa3045816,Isaiah Zavala,UIW,,,,,False
2023,sa3032897,Isaias Guzman,MORE,,,,,False
2024,sa3032897,Isaias Guzman,MORE,,,,,False
2021,sa3029853,Isiah Daubon,SHU,,,,,False
2022,sa3045293,Issac Williams,UNO,,,,,False
2023,sa3045293,Issac Williams,UNO,,,,,False
2024,sa3045293,Issac Williams,UNO,,,,,False
2021,sa3028124,Itchy Burts,AMCC,,,,,False
2025,sa3043475,Itsuki Takemoto,HAW,19.0,560.0,Sacramento Athletics,university of hawaii,True
2024,sa3026183,Ivan Arias,DAY,,,,,False
2023,sa3025415,Ivan Brethowr,UCSB,,,,,False
2024,sa3025415,Ivan Brethowr,UCSB,,,,,False
2022,sa3036692,Ivan Luna,FRES,,,,,False
2021,sa3019859,Ivan Melendez,TEX,16.0,479.0,Miami Marlins,university of texas at austin,True
2022,sa3019859,Ivan Melendez,TEX,2.0,43.0,Arizona Diamondbacks,university of texas at austin,True
2021,sa3041105,Ivran Romero,USD,,,,,False
2022,sa3041105,Ivran Romero,USD,,,,,False
2023,sa3041105,Ivran Romero,USD,,,,,False
2024,sa3041105,Ivran Romero,USD,,,,,False
2022,sa3022953,Ixan Henderson,FRES,,,,,False
2023,sa3022953,Ixan Henderson,FRES,,,,,False
2021,sa3031762,Izaya Fullard,IOWA,,,,,False
2022,sa3031762,Izaya Fullard,IOWA,,,,,False
2025,sa3058486,J.C. Allen,UCSD,,,,,False
2021,sa3026189,J.C. Ariza,RGV,,,,,False
2023,sa3037512,J.D. McCracken,RICE,,,,,False
2024,sa3037512,J.D. McCracken,RICE,,,,,False
2025,sa3037512,J.D. McCracken,RICE,,,,,False
2022,sa3037982,J.D. Mico,UCD,,,,,False
2024,sa3043764,J.D. Thompson,VAN,,,,,False
2025,sa3043764,J.D. Thompson,VAN,2.0,59.0,Milwaukee Brewers,vanderbilt university,True
2025,sa3045669,J.D. Yakubinis,ETSU,,,,,False
2025,sa3032052,J.J. Gatti,DAY,,,,,False
2022,sa3020803,J.P. Massey,MINN,7.0,200.0,Pittsburgh Pirates,university of minnesota,True
2023,sa3025310,J.R. Freethy,NEV,,,,,False
2024,sa3025310,J.R. Freethy,NEV,,,,,False
2023,sa3033495,J.R. Heavilin,WIU,,,,,False
2024,sa3033495,J.R. Heavilin,WIU,,,,,False
2021,sa3034596,J.T. Jarrett,NCSU,,,,,False
2022,sa3034596,J.T. Jarrett,NCSU,,,,,False
2025,sa3060746,J.T. Thompson,RUTG,,,,,False
2021,sa3044924,J.T. Weber,SIU,,,,,False
2022,sa3044924,J.T. Weber,SIU,,,,,False
2024,sa3026714,Jabin Bates,UNF,,,,,False
2025,sa3058768,Jabril Bullock,DSU,,,,,False
2021,sa3045299,Jabronski Williams,ALST,,,,,False
2022,sa3045299,Jabronski Williams,ALST,,,,,False
2023,35041,Jac Caglianone,FLA,,,,,False
2024,35041,Jac Caglianone,FLA,1.0,6.0,Kansas City Royals,university of florida,True
2021,sa3029585,Jac Croom,UNCW,,,,,False
2022,sa3029585,Jac Croom,UNCW,,,,,False
2023,sa3029585,Jac Croom,UNCW,,,,,False
2024,sa3029585,Jac Croom,UNCW,,,,,False
2023,sa3022653,Jace Bohrofen,ARK,6.0,184.0,Toronto Blue Jays,university of arkansas,True
2021,sa3022505,Jace Grady,DBU,,,,,False
2022,sa3022505,Jace Grady,DBU,,,,,False
2023,sa3022505,Jace Grady,DBU,11.0,339.0,Atlanta Braves,dallas baptist university,True
2024,sa3034383,Jace Hyde,ETSU,,,,,False
2025,sa3034383,Jace Hyde,ETSU,,,,,False
2023,sa3034667,Jace Jeremiah,SJU,,,,,False
2025,sa3062858,Jace Jones,MVSU,,,,,False
2021,31437,Jace Jung,TTU,,,,,False
2022,31437,Jace Jung,TTU,1.0,12.0,Detroit Tigers,texas tech,True
2023,sa3023222,Jace Kaminska,NEB,10.0,292.0,Colorado Rockies,university of nebraska-lincoln,True
2021,sa3023222,Jace Kaminska,WICH,,,,,False
2022,sa3023222,Jace Kaminska,WICH,,,,,False
2023,sa3036058,Jace LaViolette,TA&M,,,,,False
2024,sa3036058,Jace LaViolette,TA&M,,,,,False
2025,sa3036058,Jace LaViolette,TA&M,1.0,27.0,Cleveland Guardians,texas aandm university,True
2024,sa3037174,Jace Martinez,SHSU,,,,,False
2025,sa3037174,Jace Martinez,SHSU,,,,,False
2021,sa3037884,Jace Mercer,CIN,,,,,False
2023,sa3038125,Jace Miner,WICH,,,,,False
2025,sa3060302,Jace Presley,GWEB,,,,,False
2024,sa3040778,Jace Rinehart,UPST,,,,,False
2025,sa3040778,Jace Rinehart,WVU,,,,,False
2023,sa3043152,Jace Stoffal,ORE,8.0,237.0,Minnesota Twins,university of oregon,True
2021,sa3044804,Jace Warkentien,WIU,,,,,False
2022,sa3044804,Jace Warkentien,WIU,,,,,False
2021,sa3016963,Jacen Roberson,CSUB,16.0,468.0,Arizona Diamondbacks,"california state university, bakersfield",True
2021,sa3017145,Jack Aldrich,TULN,20.0,589.0,Kansas City Royals,tulane university,True
2021,sa3025882,Jack Alexander,APSU,,,,,False
2022,sa3025882,Jack Alexander,APSU,,,,,False
2022,sa3026049,Jack Anderson,PITT,,,,,False
2023,sa3026049,Jack Anderson,PITT,,,,,False
2024,sa3026107,Jack Anker,FRES,,,,,False
2025,sa3026107,Jack Anker,FRES,,,,,False
2024,sa3026146,Jack Arcamone,RICH,,,,,False
2025,sa3026146,Jack Arcamone,RICH,,,,,False
2023,sa3026693,Jack Basseer,PEPP,,,,,False
2025,sa3026693,Jack Basseer,USC,,,,,False
2025,sa3026907,Jack Bell,TCU,,,,,False
2022,sa3026906,Jack Bell,WIU,,,,,False
2023,sa3026906,Jack Bell,WIU,,,,,False
2025,sa3026925,Jack Bello,BUT,,,,,False
2024,sa3026976,Jack Bennett,WKU,,,,,False
2025,sa3026976,Jack Bennett,WKU,,,,,False
2024,sa3027108,Jack Beverly,MASS,,,,,False
2025,sa3027108,Jack Beverly,MASS,,,,,False
2022,sa3027479,Jack Bowery,MRST,,,,,False
2023,sa3027479,Jack Bowery,MRST,,,,,False
2024,sa3027479,Jack Bowery,NE,,,,,False
2025,sa3027479,Jack Bowery,NE,,,,,False
2024,sa3027571,Jack Brafa,TNTC,,,,,False
2025,sa3027571,Jack Brafa,TNTC,,,,,False
2021,sa3019922,Jack Brannigan,ND,,,,,False
2022,sa3019922,Jack Brannigan,ND,3.0,83.0,Pittsburgh Pirates,university of notre dame,True
2021,sa3027996,Jack Bulger,VAN,,,,,False
2022,sa3027996,Jack Bulger,VAN,,,,,False
2023,sa3027996,Jack Bulger,VAN,,,,,False
2021,sa3028162,Jack Butler,ILST,,,,,False
2025,sa3028364,Jack Cannizzaro,JMU,,,,,False
2021,sa3028390,Jack Capobianco,BEL,,,,,False
2022,sa3028390,Jack Capobianco,BEL,,,,,False
2022,sa3028410,Jack Carberry,WIU,,,,,False
2021,sa3017887,Jack Carey,DUKE,11.0,313.0,Pittsburgh Pirates,duke university,True
2021,sa3028666,Jack Cavanaugh,MILW,,,,,False
2025,sa3028683,Jack Cebert,TTU,15.0,464.0,New York Yankees,texas tech university,True
2023,sa3028683,Jack Cebert,USF,,,,,False
2024,sa3028683,Jack Cebert,USF,,,,,False
2024,sa3029054,Jack Cline,LR,,,,,False
2025,sa3029054,Jack Cline,LR,,,,,False
2021,sa3029159,Jack Colette,SJSU,,,,,False
2022,sa3029159,Jack Colette,SJSU,,,,,False
2023,sa3029159,Jack Colette,SJSU,,,,,False
2021,sa3029185,Jack Collins,BING,,,,,False
2022,sa3029185,Jack Collins,BING,,,,,False
2025,sa3029187,Jack Collins,CP,,,,,False
2023,sa3029239,Jack Cone,JMU,,,,,False
2021,sa3029239,Jack Cone,W&M,,,,,False
2022,sa3029239,Jack Cone,W&M,,,,,False
2024,sa3029338,Jack Cooper,COLU,,,,,False
2021,sa3025242,Jack Costello,USD,,,,,False
2022,sa3025242,Jack Costello,USD,,,,,False
2024,sa3025242,Jack Costello,USD,10.0,300.0,San Diego Padres,university of san diego,True
2023,sa3029448,Jack Cotrone,DAV,,,,,False
2025,sa3029448,Jack Cotrone,DAV,,,,,False
2023,sa3029607,Jack Crowder,ILL,,,,,False
2024,sa3029607,Jack Crowder,ILL,9.0,279.0,Baltimore Orioles,university of illinois,True
2021,sa3029648,Jack Cucinotta,LAS,,,,,False
2022,sa3029648,Jack Cucinotta,URI,,,,,False
2022,sa3029669,Jack Culumovic,UTM,,,,,False
2023,sa3029669,Jack Culumovic,UTM,,,,,False
2021,sa3029692,Jack Cunningham,BC,,,,,False
2025,sa3065024,Jack Dauer,YALE,,,,,False
2021,sa3030010,Jack DeCooman,LR,,,,,False
2021,sa3030322,Jack DiLauro,HC,,,,,False
2022,sa3030322,Jack DiLauro,HC,,,,,False
2023,sa3030507,Jack Dougherty,MISS,9.0,267.0,Minnesota Twins,university of mississippi,True
2024,sa3030542,Jack Doyle,NE,,,,,False
2025,sa3030542,Jack Doyle,NE,,,,,False
2021,sa3030552,Jack Dragum,CLT,,,,,False
2022,sa3030552,Jack Dragum,CLT,,,,,False
2023,sa3030552,Jack Dragum,CLT,,,,,False
2021,sa3030624,Jack Duffy,MOST,,,,,False
2024,sa3030721,Jack Dyke,NU,,,,,False
2024,sa3030737,Jack Early,MVSU,,,,,False
2022,sa3030846,Jack Eichler,SPU,,,,,False
2023,sa3030846,Jack Eichler,SPU,,,,,False
2022,sa3031334,Jack Findlay,ND,,,,,False
2023,sa3031361,Jack Firestone,AKR,,,,,False
2022,sa3031648,Jack Frank,MSU,,,,,False
2023,sa3031648,Jack Frank,MSU,,,,,False
2024,sa3031648,Jack Frank,MSU,,,,,False
2025,sa3059229,Jack Frankel,LIB,,,,,False
2023,sa3031851,Jack Gallagher,UCD,,,,,False
2021,sa3031850,Jack Gallagher,UPST,,,,,False
2022,sa3031900,Jack Gannon,SPU,,,,,False
2023,sa3031900,Jack Gannon,SPU,,,,,False
2021,sa3031964,Jack Gardner,MORE,,,,,False
2021,sa3032326,Jack Goan,DEL,,,,,False
2024,sa3032460,Jack Goodman,NE,,,,,False
2025,sa3032460,Jack Goodman,NE,13.0,399.0,Detroit Tigers,northeastern university,True
2022,sa3032500,Jack Gorman,PRES,,,,,False
2023,sa3032500,Jack Gorman,PRES,,,,,False
2024,sa3032500,Jack Gorman,PRES,,,,,False
2022,sa3032544,Jack Grace,CREI,,,,,False
2023,sa3032544,Jack Grace,CREI,,,,,False
2025,sa3066061,Jack Grunkemeyer,NU,,,,,False
2023,sa3032859,Jack Gurevitch,USD,,,,,False
2024,sa3032859,Jack Gurevitch,USD,,,,,False
2025,sa3032859,Jack Gurevitch,USD,3.0,89.0,St. Louis Cardinals,university of san diego,True
2022,sa3033001,Jack Haley,CSUF,,,,,False
2023,sa3033001,Jack Haley,CSUF,,,,,False
2022,sa3033103,Jack Hammond,KU,,,,,False
2023,sa3033103,Jack Hammond,LBSU,,,,,False
2024,sa3033103,Jack Hammond,LBSU,,,,,False
2021,sa3033240,Jack Harnisch,FOR,,,,,False
2022,sa3033240,Jack Harnisch,FOR,,,,,False
2023,sa3033443,Jack Hay,ALST,,,,,False
2024,sa3033443,Jack Hay,ALST,,,,,False
2021,sa3033611,Jack Hennessy,UPST,,,,,False
2022,sa3033611,Jack Hennessy,UPST,,,,,False
2025,sa3059488,Jack Hibbard,ARST,,,,,False
2024,sa3033822,Jack Hill,AMCC,,,,,False
2023,sa3034002,Jack Holman,UCLA,,,,,False
2025,sa3034002,Jack Holman,UCSB,,,,,False
2024,sa3034078,Jack Hopko,URI,,,,,False
2025,sa3034078,Jack Hopko,URI,,,,,False
2021,sa3034147,Jack Housinger,XAV,,,,,False
2022,sa3034147,Jack Housinger,XAV,,,,,False
2023,sa3034147,Jack Housinger,XAV,,,,,False
2021,sa3022564,Jack Hurley,VT,,,,,False
2022,sa3022564,Jack Hurley,VT,,,,,False
2023,sa3022564,Jack Hurley,VT,3.0,80.0,Arizona Diamondbacks,virginia tech,True
2021,sa3020738,Jack Jasiak,USF,,,,,False
2021,sa3034681,Jack Jett,HOF,,,,,False
2023,sa3035024,Jack Kail,COLU,,,,,False
2025,sa3035024,Jack Kail,COLU,,,,,False
2025,sa3035096,Jack Kartsonas,WVU,,,,,False
2021,sa3035153,Jack Keenan,MRST,,,,,False
2023,sa3035153,Jack Keenan,MRST,,,,,False
2024,sa3035184,Jack Kelley,AKR,,,,,False
2025,sa3035184,Jack Kelley,AKR,,,,,False
2022,sa3035216,Jack Kelly,MINN,,,,,False
2023,sa3035680,Jack Kramer,SHU,,,,,False
2021,sa3035694,Jack Kraus,MILW,,,,,False
2021,sa3035695,Jack Krause,BGSU,,,,,False
2022,sa3035695,Jack Krause,BGSU,,,,,False
2024,sa3035695,Jack Krause,BGSU,,,,,False
2021,sa3035929,Jack Lang,PFW,,,,,False
2022,sa3035929,Jack Lang,PFW,,,,,False
2025,sa3059764,Jack Lausch,NU,,,,,False
2025,sa3059773,Jack Leary,CSUB,,,,,False
2021,sa3018169,Jack Leftwich,FLA,7.0,216.0,Cleveland Indians,university of florida,True
2021,30146,Jack Leiter,VAN,1.0,2.0,Texas Rangers,vanderbilt university,True
2021,sa3036333,Jack Liffrig,MINN,,,,,False
2025,sa3036398,Jack Little,BAY,,,,,False
2023,sa3036398,Jack Little,WICH,,,,,False
2022,sa3036473,Jack Lombardi,OMA,,,,,False
2022,sa3036739,Jack Lynch,MAN,,,,,False
2021,sa3036794,Jack Machtolf,GONZ,,,,,False
2022,sa3036794,Jack Machtolf,GONZ,,,,,False
2021,sa3036875,Jack Mahoney,MAN,,,,,False
2021,sa3036874,Jack Mahoney,MILW,,,,,False
2023,sa3023157,Jack Mahoney,SC,3.0,77.0,Colorado Rockies,university of south carolina,True
2023,sa3037112,Jack Marshall,STO,,,,,False
2024,sa3037112,Jack Marshall,STO,,,,,False
2025,sa3037172,Jack Martinez,ASU,8.0,243.0,Arizona Diamondbacks,arizona state university,True
2022,sa3037250,Jack Masloff,VCU,,,,,False
2022,sa3037685,Jack McLaughlin,TOW,,,,,False
2023,sa3037921,Jack Messmore,DSU,,,,,False
2024,sa3037921,Jack Messmore,DSU,,,,,False
2023,sa3037925,Jack Metcho,PAC,,,,,False
2024,sa3037925,Jack Metcho,PAC,,,,,False
2022,sa3037933,Jack Metzger,DART,,,,,False
2023,sa3037933,Jack Metzger,DART,,,,,False
2024,sa3037933,Jack Metzger,DART,,,,,False
2025,sa3060054,Jack Mislan,LAF,,,,,False
2024,sa3038388,Jack Moroknek,BUT,,,,,False
2025,sa3038388,Jack Moroknek,BUT,11.0,321.0,Washington Nationals,butler university,True
2021,sa3022598,Jack Moss,ASU,,,,,False
2022,sa3022598,Jack Moss,TA&M,,,,,False
2023,sa3022598,Jack Moss,TA&M,11.0,318.0,Cincinnati Reds,texas aandm university,True
2021,sa3038639,Jack Myers,BUT,,,,,False
2022,sa3038639,Jack Myers,KENN,,,,,False
2025,sa3060122,Jack Natili,CIN,,,,,False
2025,sa3060125,Jack Nedrow,USF,,,,,False
2021,30106,Jack Neely,OSU,11.0,333.0,New York Yankees,ohio state university,True
2025,sa3038751,Jack Nelson,ARST,,,,,False
2021,sa3038897,Jack Noble,LBSU,,,,,False
2022,sa3038897,Jack Noble,LBSU,,,,,False
2023,sa3039026,Jack O'Connor,UVA,,,,,False
2023,sa3039054,Jack ODowd,TEX,,,,,False
2025,sa3065376,Jack Ohman,YALE,,,,,False
2021,sa3039183,Jack OReilly,VILL,,,,,False
2022,sa3039183,Jack OReilly,VILL,,,,,False
2023,sa3039183,Jack OReilly,VILL,,,,,False
2024,sa3039183,Jack OReilly,VILL,,,,,False
2021,sa3039297,Jack Owen,AUB,,,,,False
2022,sa3039434,Jack Parisi,INST,,,,,False
2022,sa3022675,Jack Payton,LOU,,,,,False
2023,sa3022675,Jack Payton,LOU,11.0,330.0,San Francisco Giants,university of louisville,True
2023,sa3025481,Jack Penney,ND,,,,,False
2024,sa3025481,Jack Penney,ND,5.0,147.0,Detroit Tigers,university of notre dame,True
2022,31468,Jack Perkins,IU,5.0,154.0,Oakland Athletics,indiana university,True
2021,sa3020762,Jack Pineda,BAY,,,,,False
2022,sa3020762,Jack Pineda,BAY,12.0,355.0,Kansas City Royals,baylor university,True
2023,sa3040026,Jack Poist,AKR,,,,,False
2024,sa3040026,Jack Poist,AKR,,,,,False
2025,sa3040026,Jack Poist,AKR,,,,,False
2025,sa3060292,Jack Porter,PSU,,,,,False
2023,sa3040156,Jack Power,LIU,,,,,False
2024,sa3040156,Jack Power,LIU,,,,,False
2025,sa3040156,Jack Power,LIU,,,,,False
2023,sa3040303,Jack Putney,SBU,,,,,False
2024,sa3040303,Jack Putney,SBU,,,,,False
2025,sa3040339,Jack Quinlan,ARMY,,,,,False
2024,sa3040377,Jack Radel,ND,,,,,False
2025,sa3040377,Jack Radel,ND,,,,,False
2021,sa3040450,Jack Rando,BEL,,,,,False
2023,sa3040450,Jack Rando,BEL,,,,,False
2024,sa3040450,Jack Rando,BEL,,,,,False
2024,sa3040612,Jack Renaud,QUC,,,,,False
2021,sa3040623,Jack Renwick,WOF,,,,,False
2022,sa3040623,Jack Renwick,WOF,,,,,False
2023,sa3040623,Jack Renwick,WOF,,,,,False
2024,sa3040623,Jack Renwick,WOF,,,,,False
2025,sa3040726,Jack Rickheim,HARV,,,,,False
2022,sa3040738,Jack Riedel,RICE,,,,,False
2023,sa3040738,Jack Riedel,RICE,,,,,False
2024,sa3040738,Jack Riedel,RICE,,,,,False
2021,sa3017017,Jack Rogers,SHSU,9.0,270.0,Cincinnati Reds,sam houston state university,True
2023,sa3041243,Jack Rubenstein,GT,,,,,False
2024,sa3041639,Jack Scanlon,MIA,,,,,False
2021,sa3041639,Jack Scanlon,ORE,,,,,False
2025,sa3060505,Jack Schark,ORU,,,,,False
2024,sa3041687,Jack Schell,LAM,,,,,False
2021,sa3041744,Jack Schnell,LONG,,,,,False
2022,sa3041744,Jack Schnell,LONG,,,,,False
2021,sa3041787,Jack Schroeder,VCU,,,,,False
2023,sa3041994,Jack Seppings,BRWN,,,,,False
2024,sa3041994,Jack Seppings,BRWN,,,,,False
2022,sa3042269,Jack Sievers,WIU,,,,,False
2021,sa3042278,Jack Sigrist,WICH,,,,,False
2021,sa3042322,Jack Simonsen,NDSU,,,,,False
2022,sa3042322,Jack Simonsen,NDSU,,,,,False
2021,sa3017596,Jack Sinclair,UCF,16.0,473.0,Washington Nationals,university of central florida,True
2021,sa3042567,Jack Smith,WSU,,,,,False
2022,sa3042567,Jack Smith,WSU,,,,,False
2021,sa3042692,Jack Snyder,WCU,,,,,False
2023,sa3042712,Jack Sokol,PITT,,,,,False
2024,sa3042712,Jack Sokol,PITT,,,,,False
2023,sa3042887,Jack Spyke,WCU,,,,,False
2024,sa3042887,Jack Spyke,WCU,,,,,False
2025,sa3042887,Jack Spyke,WCU,,,,,False
2022,sa3042887,Jack Spyke,WIN,,,,,False
2025,sa3042990,Jack Stead,NJIT,,,,,False
2021,sa3043001,Jack Steele,MASS,,,,,False
2022,sa3043001,Jack Steele,MASS,,,,,False
2023,sa3043016,Jack Steil,NDSU,,,,,False
2024,sa3043016,Jack Steil,NDSU,,,,,False
2024,sa3043031,Jack Stellano,BRAD,,,,,False
2025,sa3043031,Jack Stellano,BRAD,,,,,False
2021,sa3043065,Jack Sterner,BYU,,,,,False
2022,sa3043065,Jack Sterner,BYU,,,,,False
2023,sa3043250,Jack Stroud,TXST,,,,,False
2022,sa3043659,Jack Thelen,MILW,,,,,False
2023,sa3043659,Jack Thelen,MILW,,,,,False
2024,sa3043761,Jack Thompson,VMI,,,,,False
2024,sa3043792,Jack Thomson,PORT,,,,,False
2024,sa3043796,Jack Thorbahn,STO,,,,,False
2025,sa3043796,Jack Thorbahn,STO,,,,,False
2025,sa3043932,Jack Toomey,BC,,,,,False
2023,sa3043932,Jack Toomey,HC,,,,,False
2024,sa3043932,Jack Toomey,HC,,,,,False
2025,sa3060798,Jack Turner,NMSU,,,,,False
2023,sa3044359,Jack Van Remortel,MICH,,,,,False
2023,sa3044672,Jack Walker,TOL,,,,,False
2021,sa3044833,Jack Wassel,MINN,,,,,False
2023,sa3044923,Jack Weber,SLU,,,,,False
2025,sa3044923,Jack Weber,SLU,,,,,False
2023,sa3023282,Jack Wenninger,ILL,6.0,186.0,New York Mets,university of illinois,True
2021,sa3023282,Jack Wenninger,MUR,,,,,False
2023,sa3045116,Jack White,SJSU,,,,,False
2021,29830,Jack Winkler,SF,10.0,308.0,Oakland Athletics,university of san francisco,True
2024,sa3045455,Jack Winnay,WAKE,,,,,False
2025,sa3045455,Jack Winnay,WAKE,13.0,388.0,Boston Red Sox,wake forest university,True
2022,sa3045457,Jack Winsett,RID,,,,,False
2023,sa3045457,Jack Winsett,RID,,,,,False
2024,sa3045457,Jack Winsett,RID,,,,,False
2024,sa3045598,Jack Wren,MRST,,,,,False
2022,sa3045788,Jack Zalasky,SAC,,,,,False
2025,sa3061009,Jack Zebig,ILL,,,,,False
2022,sa3045897,Jack Zyska,ND,,,,,False
2024,sa3045897,Jack Zyska,UCF,,,,,False
2021,sa3017402,Jack-Thomas Wold,UNLV,12.0,352.0,New York Mets,"university of nevada, las vegas",True
2025,sa3058481,Jackson Alford,ELON,,,,,False
2022,sa3025367,Jackson Appel,PENN,,,,,False
2023,sa3025367,Jackson Appel,PENN,,,,,False
2024,sa3025367,Jackson Appel,TA&M,6.0,169.0,Chicago White Sox,texas aandm,True
2024,sa3026503,Jackson Balzan,HALL,,,,,False
2025,sa3058580,Jackson Bauer,HOF,,,,,False
2023,sa3023471,Jackson Baumeister,FSU,2.0,63.0,Baltimore Orioles,florida state university,True
2024,sa3027039,Jackson Bergman,TOL,,,,,False
2025,sa3027039,Jackson Bergman,TOL,,,,,False
2021,sa3027070,Jackson Berry,TNTC,,,,,False
2024,sa3027091,Jackson Bessette,UIC,,,,,False
2025,sa3027091,Jackson Bessette,UIC,,,,,False
2022,sa3027507,Jackson Boyd,USA,,,,,False
2025,sa3027720,Jackson Brockett,NEB,,,,,False
2022,sa3028327,Jackson Campbell,BEL,,,,,False
2025,sa3028663,Jackson Cauthron,OHIO,,,,,False
2021,sa3028792,Jackson Chatterton,BRAD,,,,,False
2022,sa3028792,Jackson Chatterton,BRAD,,,,,False
2023,sa3028792,Jackson Chatterton,BRAD,,,,,False
2024,sa3028792,Jackson Chatterton,BRAD,,,,,False
2024,sa3028823,Jackson Cherry,MER,,,,,False
2023,sa3028850,Jackson Chirello,KENN,,,,,False
2024,sa3028850,Jackson Chirello,KENN,,,,,False
2025,sa3028850,Jackson Chirello,KENN,,,,,False
2023,sa3028926,Jackson Ciccone,HART,,,,,False
2021,sa3030039,Jackson DeJohn,SBU,,,,,False
2022,sa3030039,Jackson DeJohn,SBU,,,,,False
2023,sa3030039,Jackson DeJohn,SBU,,,,,False
2024,sa3030039,Jackson DeJohn,SBU,,,,,False
2023,sa3030159,Jackson Dennies,ND,,,,,False
2025,sa3030159,Jackson Dennies,ND,,,,,False
2025,sa3030874,Jackson Elizondo,UIW,,,,,False
2022,sa3030934,Jackson Emus,PRIN,,,,,False
2023,sa3030934,Jackson Emus,PRIN,,,,,False
2021,sa3022568,Jackson Feltner,MORE,,,,,False
2022,sa3022568,Jackson Feltner,MORE,,,,,False
2023,sa3022568,Jackson Feltner,MORE,8.0,235.0,Arizona Diamondbacks,morehead state university,True
2023,sa3031281,Jackson Ferrigno,UNA,,,,,False
2024,sa3031281,Jackson Ferrigno,UNA,,,,,False
2023,sa3023406,Jackson Finley,GT,8.0,226.0,Oakland Athletics,georgia institute of technology,True
2024,sa3031459,Jackson Flora,UCSB,,,,,False
2025,sa3031459,Jackson Flora,UCSB,,,,,False
2024,sa3031536,Jackson Forbes,SJSU,,,,,False
2024,sa3031687,Jackson Freeman,NU,,,,,False
2025,sa3031687,Jackson Freeman,NU,,,,,False
2022,sa3031868,Jackson Galloway,MTSU,,,,,False
2023,sa3031868,Jackson Galloway,MTSU,,,,,False
2024,sa3031868,Jackson Galloway,MTSU,,,,,False
2021,sa3017478,Jackson Glenn,DBU,5.0,133.0,Pittsburgh Pirates,dallas baptist university,True
2021,sa3032542,Jackson Grabsky,JAX,,,,,False
2022,sa3032542,Jackson Grabsky,JAX,,,,,False
2023,sa3032615,Jackson Gray,UK,,,,,False
2021,sa3032615,Jackson Gray,WKU,,,,,False
2022,sa3032615,Jackson Gray,WKU,,,,,False
2025,sa3032662,Jackson Green,TNTC,,,,,False
2021,sa3032658,Jackson Greene,FSU,,,,,False
2025,sa3066062,Jackson Haker,CCSU,,,,,False
2025,sa3033059,Jackson Halter,MRSH,,,,,False
2025,sa3033286,Jackson Harris,SAM,,,,,False
2025,sa3059435,Jackson Hauge,KU,,,,,False
2022,sa3033867,Jackson Hipp,BRWN,,,,,False
2025,sa3034010,Jackson Holmes,MOST,,,,,False
2023,sa3034010,Jackson Holmes,SLU,,,,,False
2024,sa3034010,Jackson Holmes,SLU,,,,,False
2025,sa3059529,Jackson Hotchkiss,WASH,,,,,False
2023,sa3034190,Jackson Hower,DART,,,,,False
2024,sa3034190,Jackson Hower,DART,,,,,False
2025,sa3034190,Jackson Hower,DART,,,,,False
2024,sa3034276,Jackson Hugus,PRES,,,,,False
2022,sa3034281,Jackson Hulett,SMC,,,,,False
2024,sa3035282,Jackson Kent,ARIZ,4.0,108.0,Washington Nationals,university of arizona,True
2023,sa3035471,Jackson Kitchen,WMU,,,,,False
2024,sa3035471,Jackson Kitchen,WMU,,,,,False
2023,sa3036348,Jackson Lind,SEA,,,,,False
2022,sa3036365,Jackson Linn,TULN,,,,,False
2024,sa3036365,Jackson Linn,TULN,,,,,False
2022,sa3019931,Jackson Loftin,ORU,13.0,403.0,Houston Astros,oral roberts university,True
2025,sa3036455,Jackson Logar,JMU,,,,,False
2024,sa3036600,Jackson Lovich,MIZ,,,,,False
2025,sa3036600,Jackson Lovich,MIZ,16.0,494.0,New York Yankees,university of missouri,True
2022,sa3036751,Jackson Lyon,CSUF,,,,,False
2022,sa3037391,Jackson Mayo,USF,,,,,False
2024,sa3037391,Jackson Mayo,USF,,,,,False
2025,sa3037391,Jackson Mayo,USF,,,,,False
2022,sa3037831,Jackson Melton,HPU,,,,,False
2025,sa3037831,Jackson Melton,HPU,,,,,False
2025,sa3037978,Jackson Micheels,PFW,,,,,False
2024,sa3038687,Jackson Natali,RUTG,,,,,False
2023,sa3023411,Jackson Nezuh,UL,14.0,434.0,Houston Astros,university of louisiana at lafayette,True
2022,sa3038855,Jackson Nicklaus,OU,,,,,False
2023,sa3038855,Jackson Nicklaus,OU,,,,,False
2024,sa3038855,Jackson Nicklaus,OU,17.0,520.0,Los Angeles Dodgers,university of oklahoma,True
2025,sa3039584,Jackson Payne,SIU,,,,,False
2023,sa3039878,Jackson Phinney,BRY,,,,,False
2024,sa3039878,Jackson Phinney,BRY,,,,,False
2025,sa3039879,Jackson Phipps,JVST,16.0,470.0,Sacramento Athletics,jacksonville state university,True
2021,sa3040461,Jackson Raper,ILL,,,,,False
2024,sa3040531,Jackson Reed,SEA,,,,,False
2022,sa3040656,Jackson Reynolds,UAB,,,,,False
2024,sa3040884,Jackson Roberts,CAM,,,,,False
2024,sa3040982,Jackson Rodriguez,SELA,,,,,False
2023,sa3041106,Jackson Romero,UNCO,,,,,False
2024,sa3041106,Jackson Romero,UNCO,,,,,False
2022,sa3041172,Jackson Ross,FAU,,,,,False
2023,sa3041172,Jackson Ross,FAU,,,,,False
2024,sa3041172,Jackson Ross,MISS,9.0,260.0,Washington Nationals,university of mississippi,True
2024,sa3042426,Jackson Sleeper,JVST,,,,,False
2022,sa3023810,Jackson Smeltz,PUR,10.0,300.0,San Diego Padres,purdue university,True
2025,sa3060614,Jackson Smith,AMCC,,,,,False
2025,sa3060615,Jackson Smith,BRAD,,,,,False
2024,sa3043006,Jackson Steensma,APP,,,,,False
2023,sa3025551,Jackson Strong,CAN,,,,,False
2024,sa3025551,Jackson Strong,CAN,,,,,False
2021,sa3043363,Jackson Svete,LIU,,,,,False
2025,sa3043567,Jackson Taylor,INST,,,,,False
2025,sa3043698,Jackson Thomas,WASH,,,,,False
2025,sa3043763,Jackson Thompson,CAM,,,,,False
2025,sa3044083,Jackson Trout,OMA,,,,,False
2022,sa3044120,Jackson Tucker,SJU,,,,,False
2023,sa3044120,Jackson Tucker,SJU,,,,,False
2024,sa3044120,Jackson Tucker,SJU,,,,,False
2025,sa3044120,Jackson Tucker,SJU,,,,,False
2025,sa3044197,Jackson Tyer,DEL,,,,,False
2023,sa3044336,Jackson Van De Brake,UNC,,,,,False
2025,sa3044336,Jackson Van De Brake,UNC,,,,,False
2025,sa3060855,Jackson Walker,HCU,,,,,False
2024,sa3044706,Jackson Waller,NEV,,,,,False
2025,sa3044706,Jackson Waller,NEV,,,,,False
2023,sa3044991,Jackson Wells,LR,,,,,False
2024,sa3044991,Jackson Wells,LR,,,,,False
2025,sa3044991,Jackson Wells,LR,,,,,False
2021,sa3045001,Jackson Wenstrom,FAU,,,,,False
2024,sa3045002,Jackson Wentworth,KSU,,,,,False
2021,29832,Jackson Wolf,WVU,4.0,129.0,San Diego Padres,west virginia university,True
2024,sa3045680,Jackson Yarberry,SLU,,,,,False
2021,sa3025694,Jacob Abbott,EKU,,,,,False
2022,sa3026374,Jacob Badawi,UCR,,,,,False
2023,sa3026374,Jacob Badawi,UCR,,,,,False
2025,sa3064995,Jacob Bazala,MERC,,,,,False
2025,sa3026794,Jacob Bean,KENT,,,,,False
2021,sa3019825,Jacob Berry,ARIZ,,,,,False
2022,sa3019825,Jacob Berry,LSU,1.0,6.0,Miami Marlins,louisiana state university,True
2024,sa3025547,Jacob Bimbi,WKU,11.0,324.0,Pittsburgh Pirates,western kentucky university,True
2021,sa3027244,Jacob Blas,ARIZ,,,,,False
2023,sa3027556,Jacob Bradshaw,UNA,,,,,False
2024,sa3027556,Jacob Bradshaw,UNA,,,,,False
2025,sa3058733,Jacob Brooks,NIA,,,,,False
2021,sa3027901,Jacob Bruning,NIA,,,,,False
2022,sa3027901,Jacob Bruning,NIA,,,,,False
2025,sa3027977,Jacob Budzik,UNCG,,,,,False
2022,sa3019934,Jacob Burke,MIA,11.0,341.0,Chicago White Sox,university of miami,True
2021,sa3019934,Jacob Burke,SELA,,,,,False
2022,sa3028073,Jacob Burley,BRWN,,,,,False
2023,sa3028073,Jacob Burley,BRWN,,,,,False
2022,sa3028328,Jacob Campbell,ILL,,,,,False
2021,sa3028636,Jacob Castro,UCI,,,,,False
2021,sa3029071,Jacob Coats,HCU,,,,,False
2022,sa3029232,Jacob Compton,MEM,,,,,False
2024,sa3029232,Jacob Compton,MEM,,,,,False
2021,sa3029413,Jacob Corson,BUCK,,,,,False
2022,sa3029413,Jacob Corson,BUCK,,,,,False
2023,sa3029413,Jacob Corson,BUCK,,,,,False
2024,sa3029413,Jacob Corson,BUCK,,,,,False
2021,sa3029465,Jacob Council,NORF,,,,,False
2022,sa3029465,Jacob Council,NORF,,,,,False
2023,sa3029465,Jacob Council,NORF,,,,,False
2022,sa3025434,Jacob Cozart,NCSU,,,,,False
2023,sa3025434,Jacob Cozart,NCSU,,,,,False
2024,sa3025434,Jacob Cozart,NCSU,2.0,48.0,Cleveland Guardians,north carolina state university,True
2022,sa3023423,Jacob Cravey,SAM,,,,,False
2023,sa3023423,Jacob Cravey,SAM,,,,,False
2021,sa3029620,Jacob Cruce,SDSU,,,,,False
2021,sa3029718,Jacob Curry,UNCG,,,,,False
2022,sa3029718,Jacob Curry,UPST,,,,,False
2021,sa3030150,Jacob Denner,MICH,,,,,False
2022,sa3030150,Jacob Denner,MICH,,,,,False
2023,sa3030150,Jacob Denner,MICH,,,,,False
2024,sa3030150,Jacob Denner,MICH,,,,,False
2024,sa3030220,Jacob Devenny,RICE,,,,,False
2025,sa3030335,Jacob Dilley,UNCG,,,,,False
2023,sa3030440,Jacob Donahue,CMU,,,,,False
2024,sa3030440,Jacob Donahue,CMU,,,,,False
2025,sa3030543,Jacob Doyle,NEV,,,,,False
2021,sa3030812,Jacob Edwards,UNCA,,,,,False
2022,sa3030812,Jacob Edwards,UNCA,,,,,False
2024,sa3030840,Jacob Ehling,UAPB,,,,,False
2023,sa3030898,Jacob Ellis,LAM,,,,,False
2024,sa3030898,Jacob Ellis,LAM,,,,,False
2023,sa3031171,Jacob Farrell,NWST,,,,,False
2023,sa3031188,Jacob Faulkner,PRIN,,,,,False
2024,sa3031188,Jacob Faulkner,PRIN,,,,,False
2025,sa3031188,Jacob Faulkner,PRIN,,,,,False
2024,sa3031245,Jacob Ference,UVA,,,,,False
2025,sa3031245,Jacob Ference,UVA,,,,,False
2021,sa3031287,Jacob Ferry,MORE,,,,,False
2022,sa3031463,Jacob Flores,SDSU,,,,,False
2025,sa3059238,Jacob French,CAL,,,,,False
2023,sa3031730,Jacob Friend,DAV,,,,,False
2024,sa3031730,Jacob Friend,DAV,6.0,179.0,Cincinnati Reds,davidson college,True
2025,sa3031744,Jacob Frost,KSU,,,,,False
2024,sa3031869,Jacob Galloway,USC,,,,,False
2024,sa3032093,Jacob Gehring,YSU,,,,,False
2025,sa3032093,Jacob Gehring,YSU,,,,,False
2023,sa3032333,Jacob Godman,ORU,,,,,False
2022,sa3032388,Jacob Gomez,ODU,,,,,False
2023,sa3032388,Jacob Gomez,ODU,,,,,False
2024,sa3032388,Jacob Gomez,ODU,,,,,False
2021,sa3022498,Jacob Gonzalez,MISS,,,,,False
2022,sa3022498,Jacob Gonzalez,MISS,,,,,False
2023,sa3022498,Jacob Gonzalez,MISS,1.0,15.0,Chicago White Sox,university of mississippi,True
2024,sa3032574,Jacob Granger,FAMU,,,,,False
2024,sa3032879,Jacob Gutierrez,CSUB,,,,,False
2025,sa3032879,Jacob Gutierrez,CSUB,,,,,False
2025,sa3033008,Jacob Halford,NCAT,,,,,False
2025,sa3033345,Jacob Hartlaub,BALL,14.0,417.0,Tampa Bay Rays,ball state university,True
2021,sa3033360,Jacob Harvey,CSUF,,,,,False
2023,sa3033360,Jacob Harvey,WSU,,,,,False
2025,sa3059471,Jacob Heppner,UVU,,,,,False
2024,sa3033851,Jacob Hinderleider,CLEM,,,,,False
2021,sa3033851,Jacob Hinderleider,DAV,,,,,False
2022,sa3033851,Jacob Hinderleider,DAV,,,,,False
2023,sa3033851,Jacob Hinderleider,DAV,,,,,False
2022,sa3034297,Jacob Humphrey,UML,,,,,False
2023,sa3034297,Jacob Humphrey,UML,,,,,False
2025,sa3034297,Jacob Humphrey,VAN,,,,,False
2022,sa3034409,Jacob Igawa,HAW,,,,,False
2023,sa3034409,Jacob Igawa,HAW,,,,,False
2023,sa3034552,Jacob James,UNA,,,,,False
2024,sa3034552,Jacob James,UNA,,,,,False
2025,sa3034595,Jacob Jarrell,CLEM,,,,,False
2022,sa3025201,Jacob Jenkins-Cowart,ECU,,,,,False
2023,sa3025201,Jacob Jenkins-Cowart,ECU,,,,,False
2024,sa3025201,Jacob Jenkins-Cowart,ECU,8.0,244.0,Miami Marlins,east carolina university,True
2022,sa3034950,Jacob Josey,FAU,,,,,False
2023,sa3034950,Jacob Josey,FAU,,,,,False
2021,sa3035326,Jacob Key,UIC,,,,,False
2022,sa3035468,Jacob Kisting,BRAD,,,,,False
2023,sa3035468,Jacob Kisting,BRAD,,,,,False
2022,sa3035522,Jacob Kmatz,ORST,,,,,False
2023,sa3035522,Jacob Kmatz,ORST,,,,,False
2024,sa3035522,Jacob Kmatz,ORST,5.0,157.0,Tampa Bay Rays,oregon state university,True
2024,sa3035721,Jacob Krieg,ORST,,,,,False
2025,sa3035721,Jacob Krieg,ORST,,,,,False
2023,sa3035796,Jacob Kush,APSU,,,,,False
2021,sa3035978,Jacob LaPrairie,TULN,,,,,False
2023,sa3035978,Jacob LaPrairie,TULN,,,,,False
2025,sa3059778,Jacob Lee,VCU,,,,,False
2023,sa3036467,Jacob Lojewski,FGCU,,,,,False
2024,sa3036467,Jacob Lojewski,FGCU,,,,,False
2022,sa3037031,Jacob Marcos,GWEB,,,,,False
2023,sa3037031,Jacob Marcos,GWEB,,,,,False
2021,sa3037033,Jacob Marcus,RICH,,,,,False
2023,sa3037069,Jacob Marlowe,UCF,,,,,False
2021,sa3037306,Jacob Maton,CCU,,,,,False
2023,sa3037376,Jacob Mayers,NICH,,,,,False
2024,sa3037376,Jacob Mayers,NICH,,,,,False
2023,sa3037463,Jacob McCaskey,GWEB,,,,,False
2025,sa3037488,Jacob McCombs,UCI,7.0,209.0,Minnesota Twins,"university of california, irvine",True
2021,sa3037669,Jacob McKeon,WSU,,,,,False
2022,sa3037669,Jacob McKeon,WSU,,,,,False
2023,sa3037669,Jacob McKeon,WSU,,,,,False
2022,sa3023512,Jacob McNairy,ALA,16.0,486.0,Seattle Mariners,university of alabama,True
2023,sa3023512,Jacob McNairy,ALA,,,,,False
2022,sa3020385,Jacob Meador,DBU,12.0,375.0,Los Angeles Dodgers,dallas baptist university,True
2022,31661,Jacob Melton,ORST,2.0,64.0,Houston Astros,oregon state university,True
2021,sa3037847,Jacob Menders,VMI,,,,,False
2023,sa3038378,Jacob Morin,TNTC,,,,,False
2023,sa3038406,Jacob Morrison,CCU,,,,,False
2025,sa3038406,Jacob Morrison,CCU,3.0,94.0,Milwaukee Brewers,coastal carolina university,True
2021,sa3038555,Jacob Munoz,SF,,,,,False
2021,sa3038630,Jacob Myer,PFW,,,,,False
2022,sa3038630,Jacob Myer,PFW,,,,,False
2023,sa3038630,Jacob Myer,PFW,,,,,False
2023,sa3038932,Jacob Norris,BRAD,,,,,False
2024,sa3039202,Jacob Orr,MD,,,,,False
2025,sa3039202,Jacob Orr,MD,,,,,False
2022,sa3039364,Jacob Palisch,TA&M,,,,,False
2025,sa3060228,Jacob Pedersen,STBK,,,,,False
2021,sa3039679,Jacob Pennington,MUR,,,,,False
2022,sa3039679,Jacob Pennington,MUR,,,,,False
2023,sa3039679,Jacob Pennington,MUR,,,,,False
2024,sa3039679,Jacob Pennington,MUR,,,,,False
2025,sa3039868,Jacob Phillips,GASO,,,,,False
2025,sa3039952,Jacob Pipercic,LIU,,,,,False
2022,sa3039982,Jacob Plastiak,UK,,,,,False
2021,sa3040367,Jacob Raby,NCCU,,,,,False
2023,sa3040387,Jacob Radziewicz,MAN,,,,,False
2024,sa3040784,Jacob Riordan,SDSU,,,,,False
2023,sa3040784,Jacob Riordan,UAPB,,,,,False
2023,sa3041356,Jacob Rutherford,GONZ,,,,,False
2022,sa3041481,Jacob Sanchez,RGV,,,,,False
2025,sa3041481,Jacob Sanchez,RGV,,,,,False
2023,sa3041788,Jacob Schroeder,ILL,,,,,False
2024,sa3041788,Jacob Schroeder,ILL,,,,,False
2025,sa3041788,Jacob Schroeder,ILL,,,,,False
2022,sa3041810,Jacob Schultz,UL,,,,,False
2023,sa3025390,Jacob Shafer,UNCW,,,,,False
2024,sa3025390,Jacob Shafer,UNCW,,,,,False
2021,sa3042058,Jacob Shanks,UCR,,,,,False
2023,sa3042058,Jacob Shanks,UCR,,,,,False
2023,sa3022489,Jacob Sharp,UNLV,17.0,517.0,Seattle Mariners,"university of nevada, las vegas",True
2025,sa3062900,Jacob Sitton,UTM,,,,,False
2021,sa3042691,Jacob Snyder,SOU,,,,,False
2022,sa3042971,Jacob Starling,ECU,,,,,False
2023,sa3042971,Jacob Starling,ECU,,,,,False
2024,sa3042971,Jacob Starling,ECU,,,,,False
2021,sa3043136,Jacob Stinson,NEV,,,,,False
2022,sa3043136,Jacob Stinson,NEV,,,,,False
2021,sa3043141,Jacob Stobart,SFA,,,,,False
2025,sa3043459,Jacob Tabor,TOL,,,,,False
2021,sa3043477,Jacob Talamante,SMC,,,,,False
2023,sa3043522,Jacob Tate,OHIO,,,,,False
2022,sa3043870,Jacob Tobias,ASU,,,,,False
2023,sa3043870,Jacob Tobias,ASU,,,,,False
2024,sa3043870,Jacob Tobias,ASU,,,,,False
2025,sa3043870,Jacob Tobias,ASU,,,,,False
2025,sa3043871,Jacob Tobias,LIP,,,,,False
2025,sa3044163,Jacob Turner,BGSU,,,,,False
2021,sa3044477,Jacob Victor,CAN,,,,,False
2023,sa3044673,Jacob Walker,PFW,,,,,False
2024,sa3044673,Jacob Walker,PFW,,,,,False
2022,sa3044728,Jacob Walsh,ORE,,,,,False
2023,sa3044728,Jacob Walsh,ORE,,,,,False
2024,sa3044728,Jacob Walsh,ORE,,,,,False
2025,sa3044728,Jacob Walsh,ORE,15.0,441.0,Washington Nationals,university of oregon,True
2022,sa3020628,Jacob Watters,WVU,4.0,124.0,Oakland Athletics,west virginia university,True
2022,sa3044890,Jacob Weatherley,LR,,,,,False
2023,sa3044890,Jacob Weatherley,LR,,,,,False
2024,sa3044890,Jacob Weatherley,LR,,,,,False
2022,sa3044895,Jacob Weaver,APSU,,,,,False
2023,sa3044895,Jacob Weaver,APSU,,,,,False
2024,sa3044895,Jacob Weaver,APSU,,,,,False
2025,sa3044895,Jacob Weaver,APSU,,,,,False
2023,sa3044970,Jacob Weiss,PAC,,,,,False
2023,sa3045214,Jacob Wilk,BYU,,,,,False
2023,sa3045404,Jacob Wilson,CBU,,,,,False
2021,33266,Jacob Wilson,GCU,,,,,False
2022,33266,Jacob Wilson,GCU,,,,,False
2023,33266,Jacob Wilson,GCU,1.0,6.0,Oakland Athletics,grand canyon university,True
2022,sa3045593,Jacob Wosinski,OAK,,,,,False
2021,29931,Jacob Young,FLA,7.0,203.0,Washington Nationals,university of florida,True
2024,sa3025402,Jacoby Long,MIA,17.0,503.0,New York Mets,university of miami,True
2025,sa3040373,Jacoby Radcliffe,SOU,,,,,False
2022,sa3027444,Jacorey Boudreaux,GRAM,,,,,False
2022,sa3025796,Jaden Agassi,USC,,,,,False
2025,sa3026698,Jaden Bastian,JAX,,,,,False
2023,sa3027837,Jaden Brown,APSU,,,,,False
2024,sa3027837,Jaden Brown,APSU,,,,,False
2025,sa3058787,Jaden Caballero,NJIT,,,,,False
2022,sa3029198,Jaden Collura,NICH,,,,,False
2025,sa3029198,Jaden Collura,NICH,,,,,False
2021,sa3017557,Jaden Fein,SDSU,15.0,443.0,Washington Nationals,san diego state university,True
2025,sa3059198,Jaden Flores,TXSO,,,,,False
2024,sa3032869,Jaden Gustafson,WICH,,,,,False
2025,sa3032869,Jaden Gustafson,WICH,,,,,False
2022,sa3023134,Jaden Hamm,MTSU,,,,,False
2023,sa3023134,Jaden Hamm,MTSU,5.0,143.0,Detroit Tigers,middle tennessee state university,True
2025,sa3033285,Jaden Harris,BYU,,,,,False
2022,sa3033285,Jaden Harris,UTAH,,,,,False
2023,sa3033285,Jaden Harris,UTAH,,,,,False
2022,sa3033607,Jaden Henline,PSU,,,,,False
2023,sa3033607,Jaden Henline,PSU,,,,,False
2024,sa3033607,Jaden Henline,PSU,,,,,False
2024,sa3034878,Jaden Jones,TXSO,,,,,False
2025,sa3034878,Jaden Jones,TXSO,,,,,False
2021,sa3041081,Jaden Rolffs,MOST,,,,,False
2025,sa3042122,Jaden Sheffield,GTWN,,,,,False
2021,sa3023064,Jaden Woods,UGA,,,,,False
2022,sa3023064,Jaden Woods,UGA,,,,,False
2023,sa3023064,Jaden Woods,UGA,7.0,197.0,Pittsburgh Pirates,university of georgia,True
2024,sa3045658,Jaden Wywoda,HC,,,,,False
2025,sa3045658,Jaden Wywoda,HC,,,,,False
2023,sa3034496,Jadyn Jackson,GT,,,,,False
2025,sa3045310,Jae Williams,GAST,,,,,False
2025,sa3058829,Jaedan Carter,LONG,,,,,False
2024,sa3045308,Jaedon Willis,UAPB,,,,,False
2022,sa3045306,Jaelen Williams,JKST,,,,,False
2024,sa3037173,Jafet Martinez,ALST,,,,,False
2025,sa3037173,Jafet Martinez,ALST,,,,,False
2025,sa3030813,Jagger Edwards,COLU,,,,,False
2024,sa3034621,Jagger Jefferis,UPST,,,,,False
2021,sa3037506,Jagger McCoy,JAX,,,,,False
2025,sa3041674,Jagger Schattle,CARK,,,,,False
2022,sa3027838,Jaheim Brown,NCAT,,,,,False
2023,sa3027838,Jaheim Brown,NCAT,,,,,False
2023,sa3033598,Jahli Hendricks,SOU,,,,,False
2021,sa3039693,Jahmoi Percival,GRAM,,,,,False
2025,sa3060312,Jaiden Proper,AAMU,,,,,False
2022,sa3025246,Jaime Ferrer,FSU,,,,,False
2023,sa3025246,Jaime Ferrer,FSU,,,,,False
2024,sa3025246,Jaime Ferrer,FSU,4.0,126.0,Minnesota Twins,florida state university,True
2025,sa3039714,Jaime Perez,TAR,,,,,False
2021,sa3040423,Jaime Ramirez Jr.,AMCC,,,,,False
2022,sa3040423,Jaime Ramirez Jr.,AMCC,,,,,False
2024,sa3025938,Jake Allgeyer,SIU,,,,,False
2023,sa3025938,Jake Allgeyer,WIU,,,,,False
2025,sa3025968,Jake Altman,NKU,,,,,False
2024,sa3026197,Jake Armsey,UPST,,,,,False
2025,sa3026197,Jake Armsey,UPST,,,,,False
2023,sa3026205,Jake Armstrong,WIU,,,,,False
2022,sa3026248,Jake Artz,JOES,,,,,False
2021,sa3026354,Jake Babuschak,SHU,,,,,False
2022,sa3026354,Jake Babuschak,SHU,,,,,False
2023,sa3026354,Jake Babuschak,SHU,,,,,False
2024,sa3026354,Jake Babuschak,SHU,,,,,False
2022,sa3026540,Jake Barbiere,RID,,,,,False
2024,sa3026543,Jake Barbour,QUC,,,,,False
2025,sa3026543,Jake Barbour,QUC,,,,,False
2021,sa3020737,Jake Bennett,OU,,,,,False
2022,sa3020737,Jake Bennett,OU,2.0,45.0,Washington Nationals,university of oklahoma,True
2022,sa3027018,Jake Berg,JAX,,,,,False
2023,sa3027018,Jake Berg,LIP,,,,,False
2025,sa3027018,Jake Berg,LIP,,,,,False
2025,sa3027024,Jake Berger,DUKE,,,,,False
2022,sa3027024,Jake Berger,HARV,,,,,False
2023,sa3027024,Jake Berger,HARV,,,,,False
2024,sa3027024,Jake Berger,HARV,,,,,False
2022,sa3027071,Jake Berry,UVA,,,,,False
2025,sa3058650,Jake Blackwell,MCN,,,,,False
2023,33168,Jake Bloss,GTWN,3.0,99.0,Houston Astros,georgetown university,True
2021,33168,Jake Bloss,LAF,,,,,False
2022,33168,Jake Bloss,LAF,,,,,False
2022,sa3027299,Jake Bockenstedt,SIUE,,,,,False
2023,sa3027299,Jake Bockenstedt,SIUE,,,,,False
2023,sa3027342,Jake Bold,PRIN,,,,,False
2024,sa3027342,Jake Bold,PRIN,,,,,False
2025,sa3027342,Jake Bold,PRIN,,,,,False
2024,sa3027383,Jake Books,CCU,,,,,False
2021,sa3027583,Jake Brandel,UCD,,,,,False
2024,sa3027698,Jake Brink,COFC,,,,,False
2025,sa3027698,Jake Brink,COFC,11.0,324.0,Cincinnati Reds,charleston,True
2022,sa3023205,Jake Brooks,UCLA,,,,,False
2023,sa3023205,Jake Brooks,UCLA,,,,,False
2025,sa3027839,Jake Brown,CBU,,,,,False
2025,sa3027844,Jake Brown,LSU,,,,,False
2022,sa3027997,Jake Bullard,STET,,,,,False
2025,sa3027997,Jake Bullard,UNCO,,,,,False
2025,sa3028021,Jake Burcham,TAR,,,,,False
2021,sa3028074,Jake Burlingame,CAN,,,,,False
2025,sa3028165,Jake Butler,GMU,,,,,False
2023,sa3028574,Jake Casey,KENT,,,,,False
2025,sa3028574,Jake Casey,KENT,15.0,442.0,Toronto Blue Jays,kent state university,True
2021,sa3028645,Jake Catalano,MONM,,,,,False
2022,sa3028645,Jake Catalano,MONM,,,,,False
2025,sa3029027,Jake Clemente,FLA,7.0,198.0,Miami Marlins,university of florida,True
2023,sa3029220,Jake Combs,SIU,,,,,False
2025,sa3029303,Jake Cook,USM,3.0,81.0,Toronto Blue Jays,the university of southern mississippi,True
2021,sa3029397,Jake Coro,KENN,,,,,False
2024,sa3029647,Jake Cubbler,UPST,,,,,False
2025,sa3058959,Jake Cullen,URI,,,,,False
2022,sa3023269,Jake Cunningham,CLT,,,,,False
2023,sa3023269,Jake Cunningham,CLT,5.0,154.0,Baltimore Orioles,university of north carolina-charlotte,True
2023,sa3029725,Jake Curtis,MEM,,,,,False
2024,sa3029725,Jake Curtis,MEM,,,,,False
2023,sa3030023,Jake DeFries,BUT,,,,,False
2021,sa3022427,Jake DeLeo,GT,,,,,False
2023,sa3022427,Jake DeLeo,GT,6.0,173.0,Miami Marlins,georgia institute of technology,True
2023,sa3030092,Jake Delisi,NCAT,,,,,False
2021,sa3030280,Jake Dickerson,MCN,,,,,False
2021,sa3030386,Jake Dixon,FRES,,,,,False
2022,sa3030386,Jake Dixon,FRES,,,,,False
2024,sa3030386,Jake Dixon,FRES,,,,,False
2024,sa3030482,Jake Dorety,RID,,,,,False
2025,sa3030609,Jake Duer,FAU,,,,,False
2021,sa3030633,Jake Dukart,ORST,,,,,False
2021,sa3030660,Jake Dunham,NIU,,,,,False
2022,sa3030663,Jake Dunion,DEL,,,,,False
2023,sa3030663,Jake Dunion,DEL,,,,,False
2023,sa3023409,Jake Eddington,MOST,7.0,223.0,Philadelphia Phillies,missouri state university,True
2022,sa3030862,Jake Elbeery,RICH,,,,,False
2023,sa3030862,Jake Elbeery,RICH,,,,,False
2023,sa3030947,Jake English,KU,,,,,False
2024,sa3030947,Jake English,KU,,,,,False
2021,sa3031073,Jake Evans,BING,,,,,False
2022,sa3031073,Jake Evans,BING,,,,,False
2025,sa3059175,Jake Ferguson,EIU,,,,,False
2021,sa3031303,Jake Field,IONA,,,,,False
2022,sa3031303,Jake Field,IONA,,,,,False
2023,sa3031303,Jake Field,IONA,,,,,False
2024,sa3031628,Jake Francis,VILL,,,,,False
2025,sa3031628,Jake Francis,VILL,,,,,False
2021,sa3031970,Jake Garella,SLU,,,,,False
2021,sa3020077,Jake Garland,MIA,,,,,False
2022,sa3020077,Jake Garland,MIA,17.0,514.0,Oakland Athletics,university of miami,True
2023,sa3032079,Jake Gebb,UCR,,,,,False
2022,sa3032092,Jake Gehri,YALE,,,,,False
2022,sa3022600,Jake Gelof,UVA,,,,,False
2023,sa3022600,Jake Gelof,UVA,2.0,60.0,Los Angeles Dodgers,university of virginia,True
2023,sa3032203,Jake Gigliotti,NE,,,,,False
2024,sa3032203,Jake Gigliotti,NE,,,,,False
2023,sa3032330,Jake Goble,SDST,,,,,False
2024,sa3032330,Jake Goble,SDST,,,,,False
2025,sa3032330,Jake Goble,SDST,,,,,False
2022,sa3032699,Jake Greiving,AFA,,,,,False
2023,sa3032699,Jake Greiving,AFA,,,,,False
2024,sa3032699,Jake Greiving,AFA,,,,,False
2021,sa3032821,Jake Guercio,FOR,,,,,False
2021,sa3032871,Jake Gustin,BRY,,,,,False
2023,sa3032871,Jake Gustin,BRY,,,,,False
2023,sa3032962,Jake Haggard,ULM,,,,,False
2024,sa3032962,Jake Haggard,ULM,,,,,False
2025,sa3032962,Jake Haggard,ULM,,,,,False
2025,sa3059407,Jake Hanley,IU,,,,,False
2024,sa3033361,Jake Harvey,NEV,,,,,False
2025,sa3033361,Jake Harvey,NEV,,,,,False
2021,sa3033471,Jake Haze,NWST,,,,,False
2022,sa3033471,Jake Haze,NWST,,,,,False
2023,sa3033471,Jake Haze,NWST,,,,,False
2024,sa3033471,Jake Haze,SELA,,,,,False
2025,sa3059462,Jake Hembree,GAST,,,,,False
2025,sa3045311,Jake Henry Williams,ARST,,,,,False
2021,sa3033956,Jake Holcroft,PORT,,,,,False
2022,sa3033956,Jake Holcroft,PORT,,,,,False
2023,sa3033956,Jake Holcroft,PORT,,,,,False
2024,sa3033956,Jake Holcroft,PORT,,,,,False
2023,sa3033975,Jake Holland,UNM,,,,,False
2024,sa3033975,Jake Holland,UNM,,,,,False
2025,sa3034326,Jake Hunter,ECU,,,,,False
2025,sa3034382,Jake Hyde,DUKE,,,,,False
2022,sa3034382,Jake Hyde,GTWN,,,,,False
2023,sa3034382,Jake Hyde,GTWN,,,,,False
2024,sa3034382,Jake Hyde,GTWN,,,,,False
2022,sa3034494,Jake Jackson,BAY,,,,,False
2021,sa3034494,Jake Jackson,NEV,,,,,False
2024,sa3034498,Jake Jackson,SDSU,,,,,False
2025,sa3034498,Jake Jackson,SDSU,,,,,False
2023,sa3034598,Jake Jarvis,PUR,,,,,False
2021,sa3034876,Jake Jones,MUR,,,,,False
2021,sa3035110,Jake Kates,WKU,,,,,False
2022,sa3035110,Jake Kates,WKU,,,,,False
2024,sa3035251,Jake Kendro,PITT,,,,,False
2024,sa3035299,Jake Kernodle,PRIN,,,,,False
2025,sa3035299,Jake Kernodle,PRIN,,,,,False
2023,sa3035363,Jake Killingsworth,SELA,,,,,False
2022,sa3035403,Jake King,UNCO,,,,,False
2023,sa3035403,Jake King,UNCO,,,,,False
2024,sa3035403,Jake King,UNCO,,,,,False
2025,sa3035403,Jake King,UNCO,,,,,False
2023,sa3035531,Jake Knapp,UNC,,,,,False
2025,sa3035531,Jake Knapp,UNC,8.0,241.0,Chicago Cubs,university of north carolina,True
2021,sa3035558,Jake Knop,MAN,,,,,False
2024,sa3035634,Jake Koonin,PRIN,,,,,False
2025,sa3035634,Jake Koonin,PRIN,,,,,False
2021,sa3035762,Jake Kuchmaner,ECU,,,,,False
2025,sa3035873,Jake Lambdin,XAV,,,,,False
2023,sa3036095,Jake Lazzaro,LIB,,,,,False
2021,sa3036095,Jake Lazzaro,SJU,,,,,False
2021,sa3036301,Jake Lewis,EKU,,,,,False
2022,sa3036322,Jake Liberatore,HOF,,,,,False
2023,sa3036322,Jake Liberatore,HOF,,,,,False
2021,sa3036322,Jake Liberatore,IONA,,,,,False
2025,sa3059837,Jake Long,UTAH,,,,,False
2021,sa3036732,Jake Lyle,ETSU,,,,,False
2025,sa3036740,Jake Lynch,LIP,,,,,False
2021,sa3036821,Jake MacNichols,SCU,,,,,False
2025,sa3066325,Jake Maddox,BEL,,,,,False
2021,sa3036910,Jake Malec,NDSU,,,,,False
2025,sa3059912,Jake Marciano,VT,,,,,False
2021,sa3037085,Jake Marquez,ME,,,,,False
2022,sa3037085,Jake Marquez,ME,,,,,False
2024,sa3037085,Jake Marquez,ME,,,,,False
2023,sa3037111,Jake Marshall,RUTG,,,,,False
2024,sa3037111,Jake Marshall,RUTG,,,,,False
2025,sa3059930,Jake Martinez,UTA,,,,,False
2023,sa3037271,Jake Mastillo,LIU,,,,,False
2024,sa3037271,Jake Mastillo,LIU,,,,,False
2021,sa3037465,Jake McCaw,ILST,,,,,False
2022,sa3037465,Jake McCaw,ILST,,,,,False
2025,sa3037509,Jake McCoy,SC,,,,,False
2025,sa3062870,Jake McCoy,SJSU,,,,,False
2025,sa3037531,Jake McCutcheon,MOST,10.0,288.0,Miami Marlins,missouri state university,True
2022,sa3037561,Jake McDowell,SHU,,,,,False
2022,sa3037567,Jake McElroy,HC,,,,,False
2023,sa3037567,Jake McElroy,HC,,,,,False
2025,sa3037651,Jake McKee,FGCU,,,,,False
2021,sa3037702,Jake McMahill,EVAN,,,,,False
2021,sa3037718,Jake McMurray,ORU,,,,,False
2022,sa3037718,Jake McMurray,ORU,,,,,False
2023,sa3037718,Jake McMurray,ORU,,,,,False
2021,sa3037941,Jake Meyer,WSU,,,,,False
2022,sa3037941,Jake Meyer,WSU,,,,,False
2025,sa3037968,Jake Michalak,OSU,,,,,False
2025,sa3038025,Jake Millan,FAU,,,,,False
2021,sa3038062,Jake Miller,HCU,,,,,False
2022,sa3038062,Jake Miller,HCU,,,,,False
2021,sa3018171,Jake Miller,USD,20.0,606.0,Cleveland Indians,university of san diego,True
2022,sa3020408,Jake Miller,VAL,8.0,237.0,Detroit Tigers,valparaiso university,True
2025,sa3060050,Jake Minarik,UNCA,,,,,False
2023,sa3038544,Jake Mummau,FGCU,,,,,False
2025,sa3060109,Jake Munroe,LOU,4.0,109.0,Los Angeles Angels,university of louisville,True
2025,sa3038604,Jake Murray,CAM,,,,,False
2024,sa3038748,Jake Nelson,NIU,,,,,False
2023,sa3038790,Jake Neuman,CCSU,,,,,False
2024,sa3038790,Jake Neuman,CCSU,,,,,False
2021,sa3038950,Jake Noviello,FAIR,,,,,False
2022,sa3038950,Jake Noviello,FAIR,,,,,False
2023,sa3038950,Jake Noviello,FAIR,,,,,False
2025,sa3039060,Jake Ogden,MIA,,,,,False
2024,sa3039060,Jake Ogden,UNCG,,,,,False
2021,sa3039104,Jake Oliger,IONA,,,,,False
2022,sa3039380,Jake Palmer,UCLA,,,,,False
2023,sa3039494,Jake Parr,PUR,,,,,False
2024,sa3039560,Jake Paulick,NKU,,,,,False
2025,sa3039560,Jake Paulick,NKU,,,,,False
2022,sa3023008,Jake Peppers,JVST,,,,,False
2023,sa3023008,Jake Peppers,JVST,9.0,269.0,Chicago White Sox,jacksonville state university,True
2025,sa3060238,Jake Pererira,UNCA,,,,,False
2023,sa3039750,Jake Perry,MINN,,,,,False
2024,sa3039750,Jake Perry,MINN,,,,,False
2025,sa3039750,Jake Perry,MINN,,,,,False
2021,sa3020380,Jake Pfennigs,ORST,,,,,False
2021,sa3039920,Jake Pilarski,CIT,,,,,False
2024,sa3040022,Jake Poindexter,LIP,,,,,False
2023,sa3040398,Jake Rainess,ME,,,,,False
2025,sa3040451,Jake Randolph,PRES,,,,,False
2021,sa3040463,Jake Rappaport,NJIT,,,,,False
2022,sa3040463,Jake Rappaport,NJIT,,,,,False
2022,sa3040595,Jake Reinisch,WAKE,,,,,False
2024,sa3040595,Jake Reinisch,WAKE,,,,,False
2021,sa3017593,Jake Rice,KENN,9.0,258.0,Arizona Diamondbacks,kennesaw state university,True
2022,sa3040731,Jake Ridgway,INST,,,,,False
2024,sa3040732,Jake Riding,FRES,,,,,False
2021,sa3017757,Jake Rucker,TENN,7.0,219.0,Minnesota Twins,university of tennessee,True
2023,sa3041531,Jake Sansing,AFA,,,,,False
2024,sa3041661,Jake Schaffner,NDSU,,,,,False
2025,sa3041661,Jake Schaffner,NDSU,,,,,False
2021,sa3016938,Jake Schrand,WRST,9.0,269.0,Miami Marlins,wright state university,True
2024,sa3041812,Jake Schultz,BUCK,,,,,False
2022,sa3042195,Jake Shirk,WRST,,,,,False
2023,sa3042195,Jake Shirk,WRST,,,,,False
2024,sa3042195,Jake Shirk,WRST,18.0,534.0,Pittsburgh Pirates,wright state university,True
2023,sa3042403,Jake Skipworth,CBU,,,,,False
2023,sa3042407,Jake Skrine,VAL,,,,,False
2021,sa3042443,Jake Slunder,MUR,,,,,False
2022,sa3042443,Jake Slunder,MUR,,,,,False
2024,sa3042451,Jake Smallwood,UAB,,,,,False
2021,sa3017258,Jake Smith,MIA,6.0,171.0,Los Angeles Angels,university of miami,True
2025,sa3060639,Jake Souders,SAM,,,,,False
2025,sa3042799,Jake Sparks,SIE,,,,,False
2021,sa3042845,Jake Spillane,UCD,,,,,False
2024,sa3042893,Jake Stadler,IU,,,,,False
2023,sa3025538,Jake Steels,CP,,,,,False
2024,sa3025538,Jake Steels,CP,,,,,False
2023,sa3043188,Jake Story,UNCO,,,,,False
2024,sa3043188,Jake Story,UNCO,,,,,False
2025,sa3043188,Jake Story,UNCO,,,,,False
2023,sa3043267,Jake Studley,CONN,,,,,False
2024,sa3043267,Jake Studley,CONN,,,,,False
2021,sa3043313,Jake Sullivan,USF,,,,,False
2024,sa3043499,Jake Tandy,PAC,,,,,False
2025,sa3043499,Jake Tandy,PAC,,,,,False
2024,sa3043526,Jake Tatom,SHSU,,,,,False
2023,sa3043673,Jake Thilges,VCU,,,,,False
2021,sa3043759,Jake Thompson,OKST,,,,,False
2022,sa3043759,Jake Thompson,OKST,,,,,False
2023,sa3043818,Jake Ticer,ODU,,,,,False
2024,sa3043818,Jake Ticer,ODU,,,,,False
2025,sa3043839,Jake Timbes,BEL,,,,,False
2024,sa3043935,Jake Topolski,RICH,,,,,False
2025,sa3043937,Jake Toporek,WAG,,,,,False
2024,sa3043961,Jake Torres,CP,,,,,False
2025,sa3043961,Jake Torres,CP,,,,,False
2024,sa3044106,Jake Tsukada,HAW,,,,,False
2021,sa3044106,Jake Tsukada,PORT,,,,,False
2022,sa3044106,Jake Tsukada,PORT,,,,,False
2023,sa3044106,Jake Tsukada,PORT,,,,,False
2025,sa3044632,Jake Wagoner,SEA,,,,,False
2022,sa3045145,Jake Whitlinger,LEH,,,,,False
2023,sa3045145,Jake Whitlinger,LEH,,,,,False
2024,sa3045145,Jake Whitlinger,LEH,,,,,False
2025,sa3045145,Jake Whitlinger,LEH,,,,,False
2022,sa3045213,Jake Wilhoit,DAV,,,,,False
2023,sa3045213,Jake Wilhoit,DAV,,,,,False
2024,sa3045213,Jake Wilhoit,DAV,,,,,False
2023,sa3045307,Jake Williams,YALE,,,,,False
2024,sa3045307,Jake Williams,YALE,,,,,False
2025,sa3045307,Jake Williams,YALE,,,,,False
2021,sa3045401,Jake Wilson,LIB,,,,,False
2023,sa3045510,Jake Wolf,UNCG,,,,,False
2022,sa3045616,Jake Wright,LR,,,,,False
2023,sa3045616,Jake Wright,LR,,,,,False
2024,sa3045616,Jake Wright,LR,,,,,False
2021,sa3045642,Jake Wyandt,PRES,,,,,False
2022,sa3045811,Jake Zarrello,SFA,,,,,False
2024,sa3025603,Jakob Christian,USD,5.0,149.0,San Francisco Giants,university of san diego,True
2024,sa3032808,Jakob Guardado,PAC,,,,,False
2025,sa3032808,Jakob Guardado,PAC,,,,,False
2023,sa3033030,Jakob Hall,ORU,,,,,False
2024,sa3033030,Jakob Hall,ORU,8.0,248.0,Minnesota Twins,oral roberts university,True
2021,31370,Jakob Marsee,CMU,,,,,False
2022,31370,Jakob Marsee,CMU,6.0,180.0,San Diego Padres,central michigan university,True
2025,sa3060296,Jakob Poturnak,SAC,,,,,False
2023,sa3041307,Jakob Runnels,UNF,,,,,False
2024,sa3041307,Jakob Runnels,UNF,,,,,False
2024,sa3041671,Jakob Schardt,CSUF,,,,,False
2023,sa3042323,Jakob Simons,CSUN,,,,,False
2024,sa3042323,Jakob Simons,CSUN,,,,,False
2024,sa3045618,Jakob Wright,CP,,,,,False
2023,sa3029912,Jakobi Davis,COR,,,,,False
2024,sa3029912,Jakobi Davis,COR,,,,,False
2025,sa3029912,Jakobi Davis,COR,,,,,False
2024,sa3034883,Jalan Jones,NORF,,,,,False
2025,sa3034883,Jalan Jones,NORF,,,,,False
2021,sa3020205,Jalen Battles,ARK,,,,,False
2022,sa3020205,Jalen Battles,ARK,5.0,164.0,Tampa Bay Rays,university of arkansas,True
2022,sa3027391,Jalen Borders,BEL,,,,,False
2021,sa3028148,Jalen Buster,RAD,,,,,False
2022,sa3029986,Jalen DeBose,FAU,,,,,False
2023,sa3029986,Jalen DeBose,FAU,,,,,False
2024,sa3029986,Jalen DeBose,FAU,,,,,False
2024,sa3031393,Jalen Fithian,UTM,,,,,False
2025,sa3031393,Jalen Fithian,UTM,,,,,False
2021,sa3031542,Jalen Ford,AAMU,,,,,False
2021,sa3034635,Jalen Jenkins,MONM,,,,,False
2022,sa3034877,Jalen Jones,EKU,,,,,False
2023,sa3034877,Jalen Jones,EKU,,,,,False
2022,sa3038881,Jalen Niles,FAMU,,,,,False
2023,sa3038881,Jalen Niles,FAMU,,,,,False
2024,sa3038881,Jalen Niles,FAMU,,,,,False
2025,sa3038881,Jalen Niles,FAMU,,,,,False
2023,sa3039460,Jalen Parker,AAMU,,,,,False
2021,sa3042568,Jalen Smith,UCD,,,,,False
2022,sa3044606,Jalen Wade,LIU,,,,,False
2024,sa3031465,Jalin Flores,TEX,,,,,False
2025,sa3031465,Jalin Flores,TEX,11.0,330.0,St. Louis Cardinals,university of texas,True
2022,sa3036488,Jalon Long,SAM,,,,,False
2023,sa3036488,Jalon Long,SOU,,,,,False
2024,sa3036804,Jalon Mack,SOU,,,,,False
2025,sa3036804,Jalon Mack,SOU,,,,,False
2024,sa3045305,Jalyn Williams,UAPB,,,,,False
2022,sa3032659,Jamaal Green,ALCN,,,,,False
2023,sa3032124,Jamal George,ALST,,,,,False
2024,sa3032124,Jamal George,ALST,,,,,False
2021,sa3039063,Jamal OGuinn,USC,,,,,False
2024,sa3040805,Jamal Ritter,NORF,,,,,False
2025,sa3040805,Jamal Ritter,NORF,,,,,False
2021,sa3026137,James Arakawa,PAC,,,,,False
2022,sa3026137,James Arakawa,PAC,,,,,False
2023,sa3026137,James Arakawa,USD,,,,,False
2022,sa3026905,James Bell,CSUB,,,,,False
2023,sa3026905,James Bell,CSUB,,,,,False
2023,sa3027410,James Borsari,MRMK,,,,,False
2023,sa3027728,James Broderick,ELON,,,,,False
2024,sa3027728,James Broderick,ELON,,,,,False
2025,sa3028064,James Burke,CREI,,,,,False
2025,sa3028600,James Castagnola,UCI,,,,,False
2021,sa3028932,James Ciliento,BRY,,,,,False
2021,sa3029425,James Cosentino,KU,,,,,False
2021,sa3030096,James Deloatch,NORF,,,,,False
2022,sa3030096,James Deloatch,NORF,,,,,False
2021,sa3030456,James Donlon,FDU,,,,,False
2023,sa3030667,James Dunlap,NDSU,,,,,False
2024,sa3030667,James Dunlap,NDSU,,,,,False
2025,sa3030911,James Ellwanger,DBU,3.0,88.0,Minnesota Twins,dallas baptist university,True
2021,sa3031888,James Gamble,UNLV,,,,,False
2021,sa3031973,James Gargano,BUT,,,,,False
2022,sa3031973,James Gargano,BUT,,,,,False
2023,sa3032292,James Gladden,VCU,,,,,False
2025,sa3032890,James Guyette,KSU,,,,,False
2021,sa3033239,James Harmstead,MONM,,,,,False
2022,sa3033239,James Harmstead,MONM,,,,,False
2023,sa3033239,James Harmstead,MONM,,,,,False
2024,sa3033239,James Harmstead,MONM,,,,,False
2024,sa3033284,James Harris,UIC,,,,,False
2025,sa3033284,James Harris,UIC,,,,,False
2025,sa3033463,James Hays,STET,,,,,False
2023,sa3023161,James Hicks,SC,13.0,404.0,Houston Astros,university of south carolina,True
2023,sa3033863,James Hinson,WCU,,,,,False
2024,sa3033863,James Hinson,WCU,,,,,False
2023,sa3034144,James House,DART,,,,,False
2022,sa3035241,James Kemp,IONA,,,,,False
2023,sa3035241,James Kemp,IONA,,,,,False
2024,sa3035241,James Kemp,IONA,,,,,False
2025,sa3035241,James Kemp,IONA,,,,,False
2025,sa3036085,James Layman,WOF,,,,,False
2025,sa3059825,James Litman,FAU,,,,,False
2021,sa3037477,James McClenaghan,PAC,,,,,False
2022,sa3037477,James McClenaghan,PAC,,,,,False
2024,sa3037507,James McCoy,UK,,,,,False
2022,sa3038456,James Moses,TOW,,,,,False
2023,sa3038456,James Moses,TOW,,,,,False
2025,sa3060112,James Murphy,HPU,,,,,False
2025,sa3038750,James Nelson,LONG,,,,,False
2025,sa3060140,James Nichols,MRMK,,,,,False
2025,sa3060162,James Nunnallee,UVA,,,,,False
2021,sa3016859,James Parker,CLEM,8.0,234.0,Seattle Mariners,clemson university,True
2024,sa3040344,James Quinn-Irons,GMU,,,,,False
2025,sa3040344,James Quinn-Irons,GMU,5.0,147.0,Tampa Bay Rays,george mason university,True
2023,sa3041584,James Sashin,USD,,,,,False
2022,sa3041971,James Sells,MTSU,,,,,False
2023,sa3041971,James Sells,MTSU,,,,,False
2024,sa3041971,James Sells,MTSU,,,,,False
2022,sa3042182,James Shimashita,SJSU,,,,,False
2023,sa3042677,James Snipes,MVSU,,,,,False
2024,sa3042677,James Snipes,MVSU,,,,,False
2025,sa3042677,James Snipes,MVSU,,,,,False
2024,sa3043534,James Taussig,UTSA,,,,,False
2025,sa3043534,James Taussig,UTSA,,,,,False
2022,sa3025333,James Tibbs III,FSU,,,,,False
2023,sa3025333,James Tibbs III,FSU,,,,,False
2024,sa3025333,James Tibbs III,FSU,1.0,13.0,San Francisco Giants,florida state university,True
2025,sa3060871,James Ward,RAD,,,,,False
2022,sa3045301,James Williams,UCD,,,,,False
2023,sa3045301,James Williams,UCD,,,,,False
2025,sa3059932,Jameson Martin,MINN,,,,,False
2023,sa3026225,Jamie Arnold,FSU,,,,,False
2024,sa3026225,Jamie Arnold,FSU,,,,,False
2025,sa3026225,Jamie Arnold,FSU,1.0,11.0,Sacramento Athletics,florida state university,True
2025,sa3058978,Jamie Daly,DAV,,,,,False
2023,sa3033882,Jamie Hitt,OU,,,,,False
2025,sa3059761,Jamie Laskofski,W&M,,,,,False
2024,sa3039381,Jamie Palmese,ETSU,,,,,False
2025,sa3039381,Jamie Palmese,ETSU,,,,,False
2022,sa3027098,Jamil Betancourt,ALCN,,,,,False
2021,sa3033820,Jamison Hill,FRES,,,,,False
2022,sa3043894,Jan Tolentino,MVSU,,,,,False
2023,sa3029210,Jancarlos Colon,DSU,,,,,False
2024,sa3029210,Jancarlos Colon,DSU,,,,,False
2021,sa3026697,Janmikell Bastardo,AAMU,,,,,False
2023,sa3026697,Janmikell Bastardo,FAMU,,,,,False
2024,sa3026697,Janmikell Bastardo,FAMU,,,,,False
2023,sa3040540,Janson Reeder,KU,,,,,False
2022,sa3035165,Janzen Keisel,BYU,,,,,False
2025,sa3058596,Jared Beebe,SJU,,,,,False
2021,sa3028019,Jared Burch,HCU,,,,,False
2022,sa3028019,Jared Burch,HCU,,,,,False
2022,sa3029735,Jared Cushing,XAV,,,,,False
2023,sa3029735,Jared Cushing,XAV,,,,,False
2024,sa3029735,Jared Cushing,XAV,,,,,False
2025,sa3059003,Jared Davis,VT,17.0,500.0,Sacramento Athletics,virginia tech,True
2023,sa3022688,Jared Dickey,TENN,11.0,319.0,Kansas City Royals,university of tennessee,True
2022,sa3030462,Jared Donnelly,NJIT,,,,,False
2023,sa3030462,Jared Donnelly,NJIT,,,,,False
2021,sa3017288,Jared Dupere,NE,13.0,386.0,San Francisco Giants,northeastern university,True
2022,sa3030950,Jared Engman,WASH,,,,,False
2023,sa3030950,Jared Engman,WASH,,,,,False
2024,sa3030950,Jared Engman,WASH,,,,,False
2022,sa3031215,Jared Feikes,SCU,,,,,False
2023,sa3031215,Jared Feikes,SCU,,,,,False
2022,sa3031809,Jared Gadd,XAV,,,,,False
2021,sa3032233,Jared Gillen,WAG,,,,,False
2021,sa3032308,Jared Glenn,ASU,,,,,False
2025,sa3033181,Jared Hanson,CMU,,,,,False
2022,sa3033332,Jared Hart,ILST,,,,,False
2021,sa3033331,Jared Hart,TULN,,,,,False
2022,sa3033331,Jared Hart,TULN,,,,,False
2024,sa3034266,Jared Hughes,LIU,,,,,False
2023,sa3034763,Jared Johnson,BRWN,,,,,False
2023,sa3034881,Jared Jones,LSU,,,,,False
2024,sa3034881,Jared Jones,LSU,,,,,False
2025,sa3034881,Jared Jones,LSU,9.0,263.0,Pittsburgh Pirates,louisiana state university,True
2021,sa3035009,Jared Kacso,NJIT,,,,,False
2021,sa3035460,Jared Kirven,COFC,,,,,False
2022,sa3035618,Jared Kollar,RUTG,,,,,False
2021,sa3020483,Jared Lyons,GMU,,,,,False
2022,sa3020483,Jared Lyons,GMU,14.0,423.0,Cincinnati Reds,george mason university,True
2022,sa3037291,Jared Mathewson,UNCG,,,,,False
2021,sa3020273,Jared McKenzie,BAY,,,,,False
2022,sa3020273,Jared McKenzie,BAY,5.0,141.0,Washington Nationals,baylor university,True
2023,sa3037927,Jared Mettam,SMC,,,,,False
2024,sa3037927,Jared Mettam,SMC,,,,,False
2025,sa3037927,Jared Mettam,SMC,,,,,False
2021,sa3038010,Jared Milch,STBK,,,,,False
2021,sa3038061,Jared Miller,ND,,,,,False
2022,sa3038061,Jared Miller,ND,,,,,False
2021,sa3038064,Jared Miller,OAK,,,,,False
2022,sa3038064,Jared Miller,OAK,,,,,False
2023,sa3038064,Jared Miller,OAK,,,,,False
2022,sa3020252,Jared Poland,LOU,6.0,172.0,Miami Marlins,university of louisville,True
2023,sa3040314,Jared Quandt,HAW,,,,,False
2025,sa3040314,Jared Quandt,HAW,,,,,False
2021,sa3040776,Jared Rine,KENN,,,,,False
2024,sa3041657,Jared Schaeffer,AKR,,,,,False
2025,sa3041657,Jared Schaeffer,AKR,,,,,False
2024,sa3042828,Jared Spencer,INST,14.0,432.0,Philadelphia Phillies,indiana state university,True
2025,sa3042828,Jared Spencer,TEX,11.0,322.0,Toronto Blue Jays,university of texas,True
2024,sa3042867,Jared Sprague-Lott,ARK,9.0,256.0,Oakland Athletics,university of arkansas,True
2021,sa3042867,Jared Sprague-Lott,RICH,,,,,False
2022,sa3042867,Jared Sprague-Lott,RICH,,,,,False
2023,sa3042867,Jared Sprague-Lott,RICH,,,,,False
2025,sa3060671,Jared Stevenson,SEA,,,,,False
2023,sa3022442,Jared Sundstrom,UCSB,10.0,307.0,Seattle Mariners,"university of california, santa barbara",True
2022,sa3022589,Jared Thomas,LMU,,,,,False
2023,sa3022589,Jared Thomas,LMU,15.0,463.0,Philadelphia Phillies,loyola marymount university,True
2023,sa3025252,Jared Thomas,TEX,,,,,False
2024,sa3025252,Jared Thomas,TEX,2.0,42.0,Colorado Rockies,university of texas,True
2024,sa3043877,Jared Toby,ALB,,,,,False
2025,sa3043877,Jared Toby,ALB,,,,,False
2021,sa3043895,Jared Toler,ARST,,,,,False
2022,sa3043895,Jared Toler,ARST,,,,,False
2022,sa3044052,Jared Tribett,AAMU,,,,,False
2023,sa3044052,Jared Tribett,AAMU,,,,,False
2024,sa3044052,Jared Tribett,AAMU,,,,,False
2021,sa3044488,Jared Viertel,MOST,,,,,False
2021,sa3044922,Jared Weber,FAMU,,,,,False
2023,sa3044922,Jared Weber,FAMU,,,,,False
2023,sa3022695,Jared Wegner,ARK,9.0,282.0,New York Yankees,university of arkansas,True
2022,sa3022695,Jared Wegner,CREI,,,,,False
2025,sa3045860,Jared Zimbardo,ND,,,,,False
2022,sa3045860,Jared Zimbardo,QUIN,,,,,False
2023,sa3045860,Jared Zimbardo,QUIN,,,,,False
2024,sa3045860,Jared Zimbardo,QUIN,,,,,False
2024,sa3045566,Jarek Woodward,SEA,,,,,False
2022,sa3034325,Jaren Hunter,ORST,,,,,False
2023,sa3034497,Jaren Jackson,UNM,,,,,False
2024,sa3034497,Jaren Jackson,UNM,,,,,False
2022,sa3045871,Jaren Zinn,HARV,,,,,False
2021,sa3030811,Jaret Edwards,GW,,,,,False
2022,sa3039459,Jarficur Parker,GRAM,,,,,False
2023,sa3044607,Jarod Wade,LIU,,,,,False
2025,sa3044607,Jarod Wade,LIU,,,,,False
2024,sa3029984,Jaron DeBerry,DBU,3.0,93.0,Milwaukee Brewers,dallas baptist university,True
2024,sa3025789,Jarren Advincula,CAL,,,,,False
2025,sa3025789,Jarren Advincula,CAL,,,,,False
2024,sa3040292,Jarren Purify,CLEM,,,,,False
2025,sa3040292,Jarren Purify,CLEM,,,,,False
2024,sa3041498,Jarren Sanderson,CSUN,,,,,False
2021,sa3045160,Jarret Whorff,LT,,,,,False
2022,sa3045160,Jarret Whorff,LT,,,,,False
2022,sa3027134,Jarrett Bickel,PFW,,,,,False
2023,sa3027134,Jarrett Bickel,PFW,,,,,False
2023,sa3027291,Jarrett Blunt,EVAN,,,,,False
2021,sa3027836,Jarrett Brown,GASO,,,,,False
2022,sa3027836,Jarrett Brown,GASO,,,,,False
2023,sa3027836,Jarrett Brown,GASO,,,,,False
2024,sa3027836,Jarrett Brown,GASO,,,,,False
2022,sa3038065,Jarrett Miller,MORE,,,,,False
2021,sa3039891,Jarrett Pico,ELON,,,,,False
2023,sa3040028,Jarrett Pokrovsky,PENN,,,,,False
2024,sa3040028,Jarrett Pokrovsky,PENN,,,,,False
2025,sa3040028,Jarrett Pokrovsky,PENN,,,,,False
2022,sa3026890,Jarrod Belbin,CAM,,,,,False
2023,sa3026890,Jarrod Belbin,CAM,,,,,False
2023,sa3033893,Jarrod Hocking,UCLA,,,,,False
2022,sa3042290,Jarron Silva,PAC,,,,,False
2025,sa3031074,Jarvis Evans,SC,,,,,False
2024,sa3041465,Jaryn Sample,DSU,,,,,False
2025,sa3041465,Jaryn Sample,DSU,,,,,False
2023,sa3031227,Jase Felker,UK,,,,,False
2024,sa3039111,Jasen Oliver,IU,,,,,False
2021,sa3038405,Jashia Morrissey,CSUB,,,,,False
2022,sa3038405,Jashia Morrissey,CSUB,,,,,False
2021,sa3025975,Jason Alvarez,GRAM,,,,,False
2022,sa3026131,Jason Apostle,COR,,,,,False
2024,sa3027274,Jason Blood,CSUF,,,,,False
2025,sa3027274,Jason Blood,CSUF,,,,,False
2021,sa3027436,Jason Bottari,ALB,,,,,False
2022,sa3027436,Jason Bottari,ALB,,,,,False
2023,sa3027436,Jason Bottari,ALB,,,,,False
2022,sa3027582,Jason Brandow,CSUF,,,,,False
2024,sa3027840,Jason Brown,UMES,,,,,False
2025,sa3027840,Jason Brown,UMES,,,,,False
2024,sa3027993,Jason Buhl,WIU,,,,,False
2025,sa3027993,Jason Buhl,WIU,,,,,False
2025,sa3028345,Jason Campo,NCAT,,,,,False
2025,sa3058871,Jason Claiborn,MRST,,,,,False
2021,sa3029463,Jason Coules,FOR,,,,,False
2024,sa3029991,Jason DeCaro,UNC,,,,,False
2025,sa3029991,Jason DeCaro,UNC,,,,,False
2021,sa3030295,Jason Dicochea,SCU,,,,,False
2023,sa3030419,Jason Doktorczyk,NEV,,,,,False
2024,sa3030419,Jason Doktorczyk,NEV,,,,,False
2022,sa3019912,Jason Franks,CP,,,,,False
2021,sa3032337,Jason Goe,MORE,,,,,False
2022,sa3032419,Jason Gonzalez,UNF,,,,,False
2025,sa3032664,Jason Green,NIA,,,,,False
2021,sa3033343,Jason Hartline,ODU,,,,,False
2021,sa3033848,Jason Hinchman,TNTC,,,,,False
2022,sa3033848,Jason Hinchman,TNTC,,,,,False
2025,sa3059587,Jason Jelic,XAV,,,,,False
2024,sa3035702,Jason Kreiger,ME,,,,,False
2024,sa3036093,Jason Lazo,TXSO,,,,,False
2022,sa3037076,Jason Marono,AAMU,,,,,False
2023,sa3037076,Jason Marono,AAMU,,,,,False
2021,sa3037327,Jason Matthews,UPST,,,,,False
2022,sa3038726,Jason Neff,RICH,,,,,False
2023,sa3038726,Jason Neff,RICH,,,,,False
2024,sa3038726,Jason Neff,VILL,,,,,False
2025,sa3038726,Jason Neff,VILL,,,,,False
2022,sa3040370,Jason Rackers,SEMO,,,,,False
2025,sa3040605,Jason Reitz,ORE,4.0,119.0,Minnesota Twins,university of oregon,True
2024,sa3040605,Jason Reitz,SMC,,,,,False
2021,sa3017193,Jason Ruffcorn,OU,8.0,235.0,Philadelphia Phillies,university of oklahoma,True
2021,sa3022856,Jason Savacool,MD,,,,,False
2022,sa3022856,Jason Savacool,MD,,,,,False
2023,sa3022856,Jason Savacool,MD,6.0,185.0,St. Louis Cardinals,university of maryland,True
2024,sa3041652,Jason Schaaf,MOST,,,,,False
2025,sa3041652,Jason Schaaf,MOST,,,,,False
2023,sa3025370,Jason Schiavone,JMU,,,,,False
2024,sa3025370,Jason Schiavone,JMU,11.0,343.0,Houston Astros,james madison university,True
2021,sa3042229,Jason Shuger,AFA,,,,,False
2021,sa3043368,Jason Swan,GASO,,,,,False
2022,sa3043368,Jason Swan,GASO,,,,,False
2025,sa3043962,Jason Torres,ALA,,,,,False
2024,sa3043962,Jason Torres,MIA,,,,,False
2025,sa3060850,Jason Wachs,TULN,,,,,False
2025,sa3044651,Jason Walk,OU,,,,,False
2021,sa3045372,Jason Willow,UCSB,,,,,False
2022,sa3045372,Jason Willow,UCSB,,,,,False
2022,sa3025012,Jason Woodward,FGCU,,,,,False
2021,sa3037830,Jatavis Melton,JKST,,,,,False
2022,sa3037830,Jatavis Melton,JKST,,,,,False
2023,sa3037830,Jatavis Melton,JKST,,,,,False
2025,sa3045312,Javar Williams,WAKE,,,,,False
2021,sa3018184,Javi Rivera,FAU,20.0,600.0,Cincinnati Reds,florida atlantic university,True
2025,sa3029553,Javier Crespo,FIU,,,,,False
2024,sa3032506,Javier Gorostola,FGCU,,,,,False
2022,sa3019906,Javier Vaz,VAN,15.0,445.0,Kansas City Royals,vanderbilt university,True
2021,sa3030554,Javin Drake,INST,,,,,False
2022,sa3031304,Javon Fields,HPU,,,,,False
2023,sa3031304,Javon Fields,HPU,,,,,False
2021,sa3031304,Javon Fields,TOW,,,,,False
2023,sa3033678,Javon Hernandez,JVST,,,,,False
2021,sa3033051,Jaxon Hallmark,NEB,,,,,False
2025,sa3033961,Jaxon Holder,SIU,,,,,False
2025,sa3036423,Jaxon Lloyd,VMI,,,,,False
2025,sa3042186,Jaxon Shineflew,USA,,,,,False
2025,sa3060636,Jaxon Sorenson,LIB,,,,,False
2022,sa3023635,Jaxon Wiggins,ARK,,,,,False
2021,sa3045298,Jaxon Williams,TXST,,,,,False
2024,sa3045313,Jaxon Willits,OU,,,,,False
2025,sa3045313,Jaxon Willits,OU,,,,,False
2024,sa3039616,Jaxson Pease,TNTC,,,,,False
2025,sa3039616,Jaxson Pease,TNTC,,,,,False
2024,sa3045032,Jaxson West,FSU,,,,,False
2025,sa3045032,Jaxson West,FSU,16.0,472.0,Toronto Blue Jays,florida state university,True
2025,sa3026526,Jay Bant,MONM,,,,,False
2023,sa3022485,Jay Beshears,DUKE,6.0,191.0,San Diego Padres,duke university,True
2022,sa3022485,Jay Beshears,NU,,,,,False
2025,sa3062824,Jay Campbell,FAMU,,,,,False
2021,sa3029723,Jay Curtis,DAY,,,,,False
2022,sa3029723,Jay Curtis,DAY,,,,,False
2021,sa3030230,Jay Devito,CCSU,,,,,False
2022,sa3030230,Jay Devito,CCSU,,,,,False
2025,sa3030328,Jay Dill,TROY,18.0,530.0,Sacramento Athletics,troy university,True
2023,sa3023044,Jay Driver,HARV,9.0,278.0,Cleveland Guardians,harvard university,True
2021,sa3022607,Jay Harry,PSU,,,,,False
2022,sa3022607,Jay Harry,PSU,,,,,False
2023,sa3022607,Jay Harry,PSU,,,,,False
2022,sa3036675,Jay Luikart,WRST,,,,,False
2023,sa3036675,Jay Luikart,WRST,,,,,False
2024,sa3036675,Jay Luikart,WRST,,,,,False
2023,sa3038066,Jay Miller,UNCG,,,,,False
2025,sa3038066,Jay Miller,UNCG,,,,,False
2022,sa3025265,Jay Thomason,AFA,,,,,False
2023,sa3025265,Jay Thomason,AFA,,,,,False
2024,sa3025265,Jay Thomason,AFA,17.0,518.0,Minnesota Twins,air force academy,True
2022,sa3043760,Jay Thompson,GASO,,,,,False
2022,sa3045059,Jay Wetherington,PRES,,,,,False
2023,sa3045059,Jay Wetherington,PRES,,,,,False
2024,sa3045059,Jay Wetherington,PRES,,,,,False
2024,sa3045574,Jay Woolfolk,UVA,,,,,False
2025,sa3045574,Jay Woolfolk,UVA,12.0,367.0,Atlanta Braves,university of virginia,True
2025,sa3059058,Jayce Dobie,NEV,,,,,False
2025,sa3043652,Jayce Tharnish,SBU,,,,,False
2021,sa3020376,Jaycob Deese,HOU,,,,,False
2022,sa3020376,Jaycob Deese,HOU,17.0,500.0,Pittsburgh Pirates,university of houston,True
2025,sa3026255,Jayden Asencio,COPP,,,,,False
2023,sa3029911,Jayden Davis,SAM,,,,,False
2024,sa3029911,Jayden Davis,VAN,,,,,False
2024,sa3030166,Jayden Dentler,WMU,,,,,False
2025,sa3059400,Jayden Hamilton,MRMK,,,,,False
2023,sa3034390,Jayden Hylton,STET,,,,,False
2022,sa3035129,Jayden Kay,NICH,,,,,False
2021,sa3035348,Jayden Kiernan,UTAH,,,,,False
2022,sa3035348,Jayden Kiernan,UTAH,,,,,False
2023,sa3035348,Jayden Kiernan,UTAH,,,,,False
2025,sa3036429,Jayden Lobliner,USD,,,,,False
2023,sa3036539,Jayden Lopez,UCR,,,,,False
2024,sa3036539,Jayden Lopez,UCR,,,,,False
2025,sa3036539,Jayden Lopez,UCR,,,,,False
2022,sa3037817,Jayden Melendez,FIU,,,,,False
2024,sa3037817,Jayden Melendez,PITT,,,,,False
2025,sa3037817,Jayden Melendez,PITT,,,,,False
2022,sa3042168,Jayden Shertel,UMBC,,,,,False
2023,sa3042168,Jayden Shertel,UMBC,,,,,False
2024,sa3042168,Jayden Shertel,UMBC,,,,,False
2023,sa3042439,Jayden Sloan,ALST,,,,,False
2024,sa3042571,Jayden Smith,UVU,,,,,False
2025,sa3042571,Jayden Smith,UVU,,,,,False
2021,sa3044637,Jayden Wakeham,NKU,,,,,False
2023,sa3044637,Jayden Wakeham,NKU,,,,,False
2025,sa3065162,Jayden Walker,MERC,,,,,False
2025,sa3045304,Jayden Williams,PV,,,,,False
2025,sa3040394,Jayder Raifstanger,SJU,,,,,False
2022,sa3025733,Jaykob Acosta,CSUB,,,,,False
2022,sa3026206,Jaylen Armstrong,SOU,,,,,False
2023,sa3026206,Jaylen Armstrong,SOU,,,,,False
2021,sa3032887,Jaylen Guy,LIB,,,,,False
2023,sa3032887,Jaylen Guy,LIB,,,,,False
2024,sa3033679,Jaylen Hernandez,WIN,,,,,False
2025,sa3033679,Jaylen Hernandez,WIN,,,,,False
2022,sa3039332,Jaylen Paden,GASO,,,,,False
2023,sa3040388,Jaylin Rae,CHSO,,,,,False
2021,sa3030195,Jaylon Deshazier,ARST,,,,,False
2022,sa3030195,Jaylon Deshazier,ARST,,,,,False
2023,sa3036652,Jaylon Lucky,ALCN,,,,,False
2025,sa3036652,Jaylon Lucky,SOU,,,,,False
2021,sa3037684,Jaylon McLaughlin,UTAH,,,,,False
2024,sa3038694,Jaylon Nauden,UAPB,,,,,False
2021,sa3045297,Jaylyn Williams,JVST,,,,,False
2024,sa3032420,Jayson Gonzalez,IONA,,,,,False
2025,sa3032420,Jayson Gonzalez,IONA,,,,,False
2021,sa3017425,Jayson Gonzalez,VAN,17.0,515.0,Chicago White Sox,vanderbilt university,True
2023,sa3033758,Jayson Hibbard,ILST,,,,,False
2025,sa3034880,Jayson Jones,OKST,,,,,False
2023,sa3035681,Jayson Kramer,MSM,,,,,False
2024,sa3035681,Jayson Kramer,MSM,,,,,False
2021,sa3038809,Jayson Newman,CSUN,,,,,False
2025,sa3037985,JB Middleton,USM,2.0,45.0,Colorado Rockies,the university of southern mississippi,True
2025,sa3031720,Jc Frias,IONA,,,,,False
2023,sa3038699,JC Navarro,LIU,,,,,False
2024,sa3038699,JC Navarro,LIU,,,,,False
2024,sa3042851,JC Spinosa,CAN,,,,,False
2025,sa3042851,JC Spinosa,CAN,,,,,False
2021,sa3028280,JD Callahan,UCSB,,,,,False
2023,sa3029152,JD Coleman,QUC,,,,,False
2022,sa3029975,JD Deany,PFW,,,,,False
2023,sa3029975,JD Deany,PFW,,,,,False
2024,sa3032692,JD Gregson,UIW,,,,,False
2024,sa3035031,JD Kaiser,GASO,,,,,False
2024,sa3038353,JD Moreno,UTA,,,,,False
2022,sa3039061,JD Ogden,COLU,,,,,False
2024,sa3026673,Jeb Bartle,UTM,,,,,False
2025,sa3034765,Jeb Johnson,MER,,,,,False
2021,sa3038452,Jed Moscot,BRAD,,,,,False
2023,sa3033680,Jedier Hernandez,HALL,,,,,False
2024,sa3033680,Jedier Hernandez,MIZ,,,,,False
2023,sa3028985,Jeff Clarke,BEL,,,,,False
2021,sa3029437,Jeff Costello,NE,,,,,False
2022,sa3029437,Jeff Costello,NE,,,,,False
2024,sa3036381,Jeff Liquori,FIU,,,,,False
2022,sa3037263,Jeff Massicotte,SPU,,,,,False
2023,sa3037263,Jeff Massicotte,SPU,,,,,False
2021,sa3037805,Jeff Mejia,ME,,,,,False
2022,sa3037805,Jeff Mejia,ME,,,,,False
2023,sa3038859,Jeff Nicol,CCSU,,,,,False
2024,sa3038859,Jeff Nicol,CCSU,,,,,False
2023,sa3039899,Jeff Pierantoni,YALE,,,,,False
2024,sa3039899,Jeff Pierantoni,YALE,,,,,False
2025,sa3039899,Jeff Pierantoni,YALE,,,,,False
2022,sa3045407,Jeff Wilson,UL,,,,,False
2023,sa3045779,Jeff Zack,UIC,,,,,False
2021,sa3027846,Jeffery Brown,CIT,,,,,False
2024,sa3033488,Jeffery Heard,ORE,,,,,False
2022,sa3033488,Jeffery Heard,SAC,,,,,False
2023,sa3033488,Jeffery Heard,SAC,,,,,False
2023,sa3036879,Jeffery Maidhof,QUC,,,,,False
2024,sa3029865,Jeffrey David,SHSU,,,,,False
2022,sa3029865,Jeffrey David,UNM,,,,,False
2023,sa3029865,Jeffrey David,UNM,,,,,False
2021,sa3030876,Jeffrey Elkins,NWST,,,,,False
2022,sa3030876,Jeffrey Elkins,NWST,,,,,False
2023,sa3030876,Jeffrey Elkins,NWST,,,,,False
2025,sa3034419,Jeffrey Ince,SAM,,,,,False
2022,sa3040294,Jeffrey Purnell,MRSH,,,,,False
2022,sa3044944,Jeffrey Wehler,PITT,,,,,False
2021,sa3044944,Jeffrey Wehler,YSU,,,,,False
2022,sa3040984,Jefrey Rodriguez,JKST,,,,,False
2022,sa3030045,Jeissy De la Cruz,UNO,,,,,False
2024,sa3044338,Jelle Van Der Lelie,ARST,,,,,False
2021,sa3025762,Jeremiah Adams,ARMY,,,,,False
2025,sa3026218,Jeremiah Arnett,WICH,,,,,False
2023,sa3027509,Jeremiah Boyd,MTSU,,,,,False
2022,sa3027509,Jeremiah Boyd,PRES,,,,,False
2022,sa3025550,Jeremiah Jenkins,ME,,,,,False
2023,sa3025550,Jeremiah Jenkins,ME,,,,,False
2024,sa3025550,Jeremiah Jenkins,ME,14.0,418.0,San Francisco Giants,university of maine,True
2022,sa3040208,Jeremiah Priddy,UCR,,,,,False
2021,sa3025951,Jeremy Almaguer,GRAM,,,,,False
2022,sa3025951,Jeremy Almaguer,TXSO,,,,,False
2024,sa3028816,Jeremy Cheeseman,FDU,,,,,False
2025,sa3028816,Jeremy Cheeseman,FDU,,,,,False
2022,sa3031825,Jeremy Gaines,TXSO,,,,,False
2022,sa3031939,Jeremy Garcia,BCU,,,,,False
2023,sa3031939,Jeremy Garcia,BCU,,,,,False
2021,sa3033376,Jeremy Hassel,CSUN,,,,,False
2021,sa3036098,Jeremy Lea,PAC,,,,,False
2022,sa3036098,Jeremy Lea,PAC,,,,,False
2023,sa3036098,Jeremy Lea,PAC,,,,,False
2021,sa3023227,Jeremy Lee,USA,,,,,False
2023,sa3023227,Jeremy Lee,USA,13.0,387.0,Minnesota Twins,university of south alabama,True
2025,sa3059933,Jeremy Martinez,INST,,,,,False
2021,sa3038727,Jeremy Neff,RICH,,,,,False
2022,sa3038727,Jeremy Neff,RICH,,,,,False
2023,sa3038727,Jeremy Neff,RICH,,,,,False
2025,sa3040379,Jeremy Rader,HCU,,,,,False
2025,sa3060485,Jeremy Sangalang,SIE,,,,,False
2025,sa3060561,Jeremy Sheffield,GTWN,,,,,False
2025,sa3062685,Jeremy Sosa,MAN,,,,,False
2022,sa3042842,Jeremy Spezia,BGSU,,,,,False
2024,sa3044257,Jeremy Urena,URI,,,,,False
2025,sa3044257,Jeremy Urena,URI,,,,,False
2025,sa3060841,Jeremy Vest,DSU,,,,,False
2023,sa3044624,Jeremy Wagner,TOW,,,,,False
2024,sa3044624,Jeremy Wagner,TOW,,,,,False
2024,sa3045511,Jeremy Wolf,UNCG,,,,,False
2025,sa3045511,Jeremy Wolf,UNCG,,,,,False
2025,sa3036304,Jeriah Lewis,SJSU,,,,,False
2022,sa3031543,Jermel Ford,ALCN,,,,,False
2023,sa3031543,Jermel Ford,ALCN,,,,,False
2025,sa3031543,Jermel Ford,ALCN,,,,,False
2021,sa3027329,Jerome Bohannon II,SOU,,,,,False
2022,sa3022566,Jeron Williams,TOL,,,,,False
2023,sa3022566,Jeron Williams,TOL,9.0,284.0,Houston Astros,university of toledo,True
2024,sa3034637,Jerrod Jenkins,DBU,,,,,False
2025,sa3034637,Jerrod Jenkins,DBU,,,,,False
2022,sa3029460,Jerry Couch,CHSO,,,,,False
2021,sa3034335,Jerry Huntzinger,HALL,,,,,False
2022,sa3034335,Jerry Huntzinger,XAV,,,,,False
2021,sa3040594,Jerry Reinhart,AKR,,,,,False
2022,sa3040594,Jerry Reinhart,AKR,,,,,False
2025,sa3028468,Jesiah carpenter,UMBC,,,,,False
2024,sa3025727,Jess Ackerman,MER,,,,,False
2025,sa3025727,Jess Ackerman,MER,,,,,False
2021,sa3026926,Jess Bellows,SDST,,,,,False
2023,sa3026926,Jess Bellows,SDST,,,,,False
2024,sa3026926,Jess Bellows,SDST,,,,,False
2025,sa3026926,Jess Bellows,SDST,,,,,False
2021,sa3029914,Jess Davis,UAB,,,,,False
2024,sa3027847,Jessada Brown,UCSB,,,,,False
2022,sa3026573,Jesse Barker,CARK,,,,,False
2023,sa3026573,Jesse Barker,CARK,,,,,False
2024,sa3026573,Jesse Barker,CARK,,,,,False
2021,sa3026649,Jesse Barron,SF,,,,,False
2022,sa3026649,Jesse Barron,SF,,,,,False
2023,sa3026649,Jesse Barron,SF,,,,,False
2021,sa3017133,Jesse Bergin,UCLA,,,,,False
2023,sa3028670,Jesse Caver,JKST,,,,,False
2024,sa3030469,Jesse Donohoe,GAST,,,,,False
2025,sa3030469,Jesse Donohoe,GAST,,,,,False
2024,sa3032881,Jesse Gutierrez,SJSU,,,,,False
2021,sa3033031,Jesse Hall,TROY,,,,,False
2022,sa3033031,Jesse Hall,TROY,,,,,False
2025,sa3034538,Jesse Jaconski,PSU,,,,,False
2021,sa3037497,Jesse McCord,SAM,,,,,False
2023,sa3039902,Jesse Pierce,NEV,,,,,False
2024,sa3039902,Jesse Pierce,NEV,,,,,False
2021,sa3041724,Jesse Schmit,UVU,,,,,False
2022,sa3042166,Jesse Sherrill,GASO,,,,,False
2023,sa3042166,Jesse Sherrill,GASO,,,,,False
2021,sa3042166,Jesse Sherrill,KENN,,,,,False
2022,sa3025860,Jesus Aldaz,RGV,,,,,False
2023,sa3025860,Jesus Aldaz,RGV,,,,,False
2025,sa3028313,Jesus Campa,FAMU,,,,,False
2024,sa3028313,Jesus Campa,MVSU,,,,,False
2021,sa3039326,Jesus Pacheco,JAX,,,,,False
2022,sa3039326,Jesus Pacheco,JAX,,,,,False
2025,sa3060367,Jesus Riera,UAPB,,,,,False
2024,sa3040828,Jesus Rivera,AAMU,,,,,False
2025,sa3062692,Jesus Tovar,TXST,,,,,False
2025,sa3060821,Jesus Vanegas,BCU,,,,,False
2025,sa3060287,Jeter Polledo,BCU,,,,,False
2025,sa3045694,Jeter Ybarra,MICH,,,,,False
2023,sa3045694,Jeter Ybarra,WASH,,,,,False
2024,sa3045694,Jeter Ybarra,WASH,,,,,False
2021,sa3037253,Jevon Mason,SEMO,,,,,False
2022,sa3037253,Jevon Mason,SEMO,,,,,False
2023,sa3037253,Jevon Mason,SEMO,,,,,False
2023,sa3026908,JG Bell,USA,,,,,False
2024,sa3026908,JG Bell,USA,,,,,False
2025,sa3039715,Jhonkeanu Perez,RAD,,,,,False
2021,sa3022891,Jim Jarvis,ALA,,,,,False
2022,sa3022891,Jim Jarvis,ALA,,,,,False
2023,sa3022891,Jim Jarvis,ALA,11.0,320.0,Detroit Tigers,university of alabama,True
2023,sa3039517,Jim Pasquale,IONA,,,,,False
2024,sa3039517,Jim Pasquale,IONA,,,,,False
2021,sa3025917,Jimmy Allen,WMU,,,,,False
2022,sa3025917,Jimmy Allen,WMU,,,,,False
2023,sa3025917,Jimmy Allen,WMU,,,,,False
2025,sa3058724,Jimmy Brennan,HALL,,,,,False
2022,sa3028786,Jimmy Chatfield,YALE,,,,,False
2023,sa3028786,Jimmy Chatfield,YALE,,,,,False
2021,sa3019841,Jimmy Crooks,OU,,,,,False
2022,sa3019841,Jimmy Crooks,OU,4.0,127.0,St. Louis Cardinals,university of oklahoma,True
2025,sa3059015,Jimmy De Anda,UVU,,,,,False
2022,sa3029963,Jimmy De Leon,UIW,,,,,False
2023,sa3029963,Jimmy De Leon,UIW,,,,,False
2021,sa3031843,Jimmy Galicia,LMU,,,,,False
2022,sa3031843,Jimmy Galicia,LMU,,,,,False
2025,sa3032234,Jimmy Gilleran,STO,,,,,False
2025,sa3059581,Jimmy Janicki,TROY,,,,,False
2021,sa3016914,Jimmy Joyce,HOF,16.0,474.0,Seattle Mariners,hofstra university,True
2024,sa3035154,Jimmy Keenan,SJU,,,,,False
2024,sa3035404,Jimmy King,HC,,,,,False
2025,sa3035404,Jimmy King,HC,,,,,False
2021,sa3016838,Jimmy Kingsbury,VILL,17.0,504.0,Seattle Mariners,villanova university,True
2021,sa3020838,Jimmy Loper,DUKE,,,,,False
2022,sa3020838,Jimmy Loper,DUKE,16.0,479.0,New York Mets,duke university,True
2025,sa3037004,Jimmy Mantuano,FDU,,,,,False
2024,sa3038690,Jimmy Nati,STAN,,,,,False
2025,sa3038690,Jimmy Nati,STAN,,,,,False
2024,sa3038992,Jimmy Obertop,CLEM,,,,,False
2021,sa3038992,Jimmy Obertop,MICH,,,,,False
2022,sa3038992,Jimmy Obertop,MICH,,,,,False
2023,sa3043316,Jimmy Sullivan,CCSU,,,,,False
2021,sa3043317,Jimmy Sullivan,UML,,,,,False
2021,sa3045462,Jimmy Winston,BAY,,,,,False
2025,sa3059102,JJ Dutton,MORE,,,,,False
2022,sa3031689,JJ Freeman,DEL,,,,,False
2023,sa3031689,JJ Freeman,DEL,,,,,False
2022,sa3041090,JJ Rollon,SOU,,,,,False
2023,sa3041101,JJ Romatzick,HART,,,,,False
2023,sa3042781,JJ Sousa,QUC,,,,,False
2025,sa3044201,JJ Tylicki,YSU,,,,,False
2022,sa3025154,JJ Wetherholt,WVU,,,,,False
2023,sa3025154,JJ Wetherholt,WVU,,,,,False
2024,sa3025154,JJ Wetherholt,WVU,1.0,7.0,St. Louis Cardinals,university of west virginia,True
2022,sa3045577,JJ Woolwine,M-OH,,,,,False
2023,sa3039311,Jo Oyama,UCI,,,,,False
2024,sa3039311,Jo Oyama,UCI,,,,,False
2023,sa3043073,Jo Stevens,PUR,,,,,False
2024,sa3043073,Jo Stevens,PUR,,,,,False
2022,sa3032425,Joan Gonzalez,BCU,,,,,False
2022,sa3042763,Joan Sosa,FDU,,,,,False
2023,sa3042763,Joan Sosa,FDU,,,,,False
2024,sa3042763,Joan Sosa,FDU,,,,,False
2024,sa3038235,Joaquin Monque,USF,,,,,False
2024,sa3039056,Jodany Ofarril-Ortiz,MVSU,,,,,False
2021,sa3025728,Joe Acker,NEB,,,,,False
2022,sa3022323,Joe Adametz,LIB,14.0,417.0,Detroit Tigers,liberty university,True
2021,sa3026538,Joe Barberio,CAN,,,,,False
2021,sa3027574,Joe Bramanti,ME,,,,,False
2022,sa3027574,Joe Bramanti,ME,,,,,False
2021,sa3028381,Joe Caparis,PEPP,,,,,False
2025,sa3058812,Joe Cardinale,PEPP,,,,,False
2021,sa3028575,Joe Casey,ORST,,,,,False
2021,sa3028938,Joe Cinnella,HALL,,,,,False
2024,sa3028963,Joe Clancy,EKU,,,,,False
2025,sa3030090,Joe DElia,SIE,,,,,False
2022,sa3025184,Joe Delossantos,W&M,,,,,False
2023,sa3025184,Joe Delossantos,W&M,,,,,False
2024,sa3025184,Joe Delossantos,W&M,10.0,301.0,New York Yankees,william and mary,True
2023,sa3030471,Joe Dooley,HART,,,,,False
2025,sa3059099,Joe Durso,LIU,,,,,False
2021,sa3030927,Joe Emerson,SHU,,,,,False
2022,sa3030927,Joe Emerson,SHU,,,,,False
2021,sa3031411,Joe Fitzhugh,PAC,,,,,False
2021,sa3031563,Joe Fortin,URI,,,,,False
2022,sa3031563,Joe Fortin,URI,,,,,False
2023,sa3032125,Joe Georgini,NJIT,,,,,False
2024,sa3032125,Joe Georgini,NJIT,,,,,False
2023,sa3032295,Joe Glassey,ILL,,,,,False
2021,sa3032497,Joe Gorla,LEH,,,,,False
2023,sa3032497,Joe Gorla,LEH,,,,,False
2022,sa3033981,Joe Hollerbach,COR,,,,,False
2023,sa3033981,Joe Hollerbach,COR,,,,,False
2024,sa3033981,Joe Hollerbach,GTWN,,,,,False
2024,sa3034353,Joe Husak,ILST,,,,,False
2024,sa3034539,Joe Jaconski,PSU,,,,,False
2025,sa3034539,Joe Jaconski,PSU,,,,,False
2022,sa3040985,Joe Joe Rodriguez,SJU,,,,,False
2021,sa3034768,Joe Johnson,HPU,,,,,False
2024,sa3035220,Joe Kelly,UMES,,,,,False
2021,sa3035426,Joe Kinker,FGCU,,,,,False
2022,sa3035426,Joe Kinker,FGCU,,,,,False
2023,sa3035426,Joe Kinker,FGCU,,,,,False
2024,sa3035842,Joe Lafave,NORF,,,,,False
2021,sa3020642,Joe Lampe,ASU,,,,,False
2022,sa3020642,Joe Lampe,ASU,3.0,92.0,Cleveland Guardians,arizona state university,True
2023,sa3037238,Joe Mascio,SJU,,,,,False
2021,sa3037724,Joe McNamara,WIN,,,,,False
2021,sa3020393,Joe Miller,PENN,,,,,False
2022,sa3020393,Joe Miller,PENN,11.0,327.0,Detroit Tigers,university of pennsylvania,True
2021,sa3039413,Joe Papeo,RID,,,,,False
2022,sa3039413,Joe Papeo,RID,,,,,False
2022,sa3040150,Joe Powell,CIN,,,,,False
2022,sa3040265,Joe Pucek,UMBC,,,,,False
2023,sa3040265,Joe Pucek,UMBC,,,,,False
2023,sa3022439,Joe Redfield,SHSU,4.0,111.0,Los Angeles Angels,sam houston state university,True
2022,sa3040721,Joe Richter,SFA,,,,,False
2023,sa3040721,Joe Richter,SFA,,,,,False
2023,sa3040786,Joe Rios,CCSU,,,,,False
2024,sa3040786,Joe Rios,CCSU,,,,,False
2021,30016,Joe Rock,OHIO,2.0,68.0,Colorado Rockies,university of ohio,True
2023,sa3041196,Joe Roth,AKR,,,,,False
2023,sa3041202,Joe Rotkis,MORE,,,,,False
2024,sa3041202,Joe Rotkis,MORE,,,,,False
2023,sa3041362,Joe Ruzicka,BEL,,,,,False
2024,sa3041362,Joe Ruzicka,BEL,,,,,False
2025,sa3041362,Joe Ruzicka,BEL,16.0,489.0,Detroit Tigers,belmont university,True
2021,sa3041619,Joe Savino,ELON,,,,,False
2022,sa3041619,Joe Savino,ELON,,,,,False
2023,sa3041619,Joe Savino,ELON,,,,,False
2022,sa3042065,Joe Shapiro,WMU,,,,,False
2022,sa3042120,Joe Sheets,COLU,,,,,False
2023,sa3042120,Joe Sheets,COLU,,,,,False
2024,sa3042120,Joe Sheets,COLU,,,,,False
2025,sa3042120,Joe Sheets,COLU,,,,,False
2021,sa3042156,Joe Sheridan,ND,,,,,False
2025,sa3060576,Joe Siervo,WKU,,,,,False
2022,sa3042304,Joe Simeone,GWEB,,,,,False
2021,sa3042326,Joe Simone,GWEB,,,,,False
2021,sa3042333,Joe Simourian,NAVY,,,,,False
2025,sa3042340,Joe Simpson,CAM,,,,,False
2025,sa3042386,Joe Skapinetz,LAF,,,,,False
2024,sa3042703,Joe Soberon,SF,,,,,False
2025,sa3042703,Joe Soberon,SF,,,,,False
2025,sa3060648,Joe Sperry,MINN,,,,,False
2025,sa3042998,Joe Steeber,UTA,,,,,False
2022,sa3019852,Joe Stewart,MICH,9.0,268.0,Los Angeles Angels,university of michigan,True
2021,sa3019852,Joe Stewart,MSU,,,,,False
2024,sa3043858,Joe Tiroly,RID,,,,,False
2025,sa3043858,Joe Tiroly,RID,,,,,False
2021,sa3043880,Joe Todd,SFA,,,,,False
2022,sa3043880,Joe Todd,SFA,,,,,False
2025,sa3065152,Joe Trivisonno,MERC,,,,,False
2022,sa3022501,Joe Vetrano,BC,,,,,False
2023,sa3022501,Joe Vetrano,BC,5.0,163.0,Philadelphia Phillies,boston college,True
2024,sa3044544,Joe Vogatsky,JMU,19.0,564.0,Pittsburgh Pirates,james madison university,True
2021,sa3044962,Joe Weisenseel,OHIO,,,,,False
2023,sa3023131,Joe Whitman,KENT,2.0,69.0,San Francisco Giants,kent state university,True
2021,sa3045720,Joe Yorke,CP,,,,,False
2022,sa3045720,Joe Yorke,CP,,,,,False
2023,sa3045720,Joe Yorke,CP,,,,,False
2024,sa3045720,Joe Yorke,CP,,,,,False
2021,sa3026574,Joel Barker,UAPB,,,,,False
2024,sa3029383,Joel Core,BCU,,,,,False
2025,sa3029383,Joel Core,BCU,,,,,False
2023,sa3025437,Joel Dragoo,PRES,,,,,False
2024,sa3025437,Joel Dragoo,PRES,7.0,222.0,Philadelphia Phillies,presbyterian college,True
2024,sa3039940,Joel Pinerio,FIU,,,,,False
2023,sa3025735,Joey Acosta,UNLV,,,,,False
2024,sa3026533,Joey Baran,WKU,,,,,False
2021,sa3026920,Joey Bellini,CIN,,,,,False
2023,sa3027043,Joey Berini,ECU,,,,,False
2024,sa3027043,Joey Berini,ECU,,,,,False
2024,sa3027645,Joey Brenczewski,IU,,,,,False
2021,sa3028608,Joey Castellanos,UML,,,,,False
2022,sa3028608,Joey Castellanos,VILL,,,,,False
2025,sa3028945,Joey Cirelli,ULM,,,,,False
2025,sa3029517,Joey Craig,NMSU,,,,,False
2024,sa3029711,Joey Current,DSU,,,,,False
2024,sa3030359,Joey DiMotta,FDU,,,,,False
2022,sa3023267,Joey Dixon,STAN,,,,,False
2023,sa3023267,Joey Dixon,STAN,7.0,224.0,Houston Astros,stanford university,True
2025,sa3031841,Joey Gale,JOES,,,,,False
2023,sa3032013,Joey Gartrell,PORT,,,,,False
2022,sa3035102,Joey Kasper,IONA,,,,,False
2021,sa3035651,Joey Kosowsky,FDU,,,,,False
2022,sa3035651,Joey Kosowsky,FDU,,,,,False
2024,sa3035651,Joey Kosowsky,FDU,,,,,False
2022,sa3035682,Joey Kramer,CSUN,,,,,False
2024,sa3035682,Joey Kramer,WSU,,,,,False
2021,29630,Joey Loperfido,DUKE,7.0,208.0,Houston Astros,duke university,True
2021,sa3036620,Joey Loynd,DEL,,,,,False
2022,sa3036620,Joey Loynd,DEL,,,,,False
2023,sa3036620,Joey Loynd,DEL,,,,,False
2024,sa3036620,Joey Loynd,DEL,,,,,False
2021,sa3036792,Joey Machado,OMA,,,,,False
2022,sa3036792,Joey Machado,OMA,,,,,False
2022,sa3020858,Joey Mancini,BC,15.0,463.0,Houston Astros,boston college,True
2024,sa3037704,Joey McMannis,MD,,,,,False
2025,sa3038113,Joey Milto,BELL,,,,,False
2025,sa3060096,Joey Morton,CAM,,,,,False
2022,sa3038521,Joey Mugavero,FGCU,,,,,False
2025,sa3038770,Joey Nerat,DBU,,,,,False
2021,sa3038861,Joey Nicolai,UCR,,,,,False
2022,sa3038861,Joey Nicolai,UCR,,,,,False
2025,sa3060195,Joey Pagano,JOES,,,,,False
2021,sa3040089,Joey Porricelli,MRMK,,,,,False
2022,sa3042280,Joey Silan,DEL,,,,,False
2023,sa3042280,Joey Silan,DEL,,,,,False
2023,sa3042387,Joey Skarad,SHU,,,,,False
2021,sa3043630,Joey Tepper,WIN,,,,,False
2022,sa3043630,Joey Tepper,WIN,,,,,False
2023,sa3044427,Joey Velazquez,MICH,,,,,False
2022,sa3044440,Joey Ventresca,MONM,,,,,False
2023,sa3044534,Joey Vitiello,SPU,,,,,False
2025,sa3044554,Joey Volchko,STAN,,,,,False
2025,sa3044555,Joey Volini,FSU,6.0,168.0,Miami Marlins,florida state university,True
2022,sa3044714,Joey Walls,UNLV,,,,,False
2021,sa3044729,Joey Walsh,BC,,,,,False
2025,sa3060952,Joey Wizceb,WMU,,,,,False
2023,sa3045621,Joey Wright,UCD,,,,,False
2023,sa3026055,John Anderson,SAM,,,,,False
2024,sa3026055,John Anderson,SAM,,,,,False
2021,sa3026440,John Baker,BALL,,,,,False
2021,sa3026458,John Bakke,MORE,,,,,False
2022,sa3026458,John Bakke,MORE,,,,,False
2023,sa3026458,John Bakke,MORE,,,,,False
2024,sa3026767,John Bay,APSU,,,,,False
2025,sa3026767,John Bay,APSU,,,,,False
2021,sa3026883,John Behrends,BEL,,,,,False
2022,sa3026883,John Behrends,BEL,,,,,False
2022,sa3027115,John Bezdicek,KENN,,,,,False
2021,sa3027354,John Bolton,APSU,,,,,False
2022,sa3027354,John Bolton,APSU,,,,,False
2023,sa3027354,John Bolton,ARK,,,,,False
2021,sa3028205,John Byrnes,AFA,,,,,False
2023,sa3028685,John Ceccoli,BAY,,,,,False
2021,sa3029799,John Daly,ALB,,,,,False
2022,sa3029799,John Daly,ALB,,,,,False
2025,sa3029808,John Damozonio,SMC,,,,,False
2021,sa3030135,John Dempsey,WOF,,,,,False
2022,sa3030135,John Dempsey,WOF,,,,,False
2025,sa3030533,John Downing,HALL,,,,,False
2022,sa3030719,John Dyer,TNTC,,,,,False
2023,sa3030719,John Dyer,TNTC,,,,,False
2022,sa3031151,John Farley,MAN,,,,,False
2025,sa3059235,John Freitag,VILL,,,,,False
2021,sa3031810,John Gaddis,AMCC,,,,,False
2022,sa3020419,John Garcia,GRAM,19.0,583.0,Houston Astros,grambling state university,True
2023,sa3032199,John Giesler,GT,,,,,False
2024,sa3032199,John Giesler,GT,,,,,False
2022,sa3032264,John Gilreath,SC,,,,,False
2021,sa3032841,John Guienze,SOU,,,,,False
2023,sa3032930,John Hacker,MRST,,,,,False
2025,sa3059390,John Hale,EMU,,,,,False
2022,sa3033137,John Hanley,SCU,,,,,False
2024,sa3034016,John Holobetz,ODU,5.0,156.0,Milwaukee Brewers,old dominion university,True
2022,sa3034016,John Holobetz,RAD,,,,,False
2024,sa3034112,John Horton,NORF,,,,,False
2023,sa3034131,John Hosmer,BRY,,,,,False
2021,sa3034131,John Hosmer,DAV,,,,,False
2022,sa3034131,John Hosmer,DAV,,,,,False
2025,sa3035846,John LaFleur,HC,,,,,False
2021,sa3035849,John Lagattuta,CAL,,,,,False
2022,sa3035849,John Lagattuta,CP,,,,,False
2021,sa3035975,John LaPointe,WAG,,,,,False
2021,sa3035985,John LaRocca,STBK,,,,,False
2024,sa3036042,John Lauinger,OAK,,,,,False
2025,sa3036042,John Lauinger,OAK,,,,,False
2022,sa3036686,John Lumpinski,BING,,,,,False
2022,sa3020809,John Lynch,XAV,18.0,547.0,St. Louis Cardinals,xavier university,True
2021,sa3036773,John MacCauley,BUT,,,,,False
2021,sa3038540,John Marc Mullins,UAB,,,,,False
2022,sa3038540,John Marc Mullins,UAB,,,,,False
2023,sa3038540,John Marc Mullins,UAB,,,,,False
2025,sa3059934,John Martinez,FAU,,,,,False
2021,sa3037550,John McDonald,APSU,,,,,False
2022,sa3037550,John McDonald,APSU,,,,,False
2022,sa3037773,John Medich,GT,,,,,False
2021,sa3020082,John Michael Bertrand,ND,,,,,False
2022,sa3020082,John Michael Bertrand,ND,10.0,316.0,San Francisco Giants,university of notre dame,True
2021,sa3041322,John Michael Russ,LR,,,,,False
2023,sa3037999,John Mikolaicyk,HOF,,,,,False
2021,sa3038199,John Modugno,IU,,,,,False
2021,sa3038246,John Montes,UCF,,,,,False
2023,sa3038246,John Montes,USF,,,,,False
2024,sa3038246,John Montes,USF,,,,,False
2024,sa3038782,John Nett,KU,,,,,False
2024,sa3038813,John Newman Jr.,LBSU,,,,,False
2023,sa3038829,John Newton,UNCW,,,,,False
2024,sa3038829,John Newton,UNCW,,,,,False
2021,sa3039045,John Odom,NKU,,,,,False
2023,sa3039045,John Odom,NKU,,,,,False
2024,sa3039045,John Odom,NKU,,,,,False
2021,sa3022896,John Peck,PEPP,,,,,False
2022,sa3022896,John Peck,PEPP,,,,,False
2023,sa3022896,John Peck,PEPP,7.0,200.0,Detroit Tigers,pepperdine university,True
2025,sa3060260,John Pfeffer,GWEB,,,,,False
2023,sa3040340,John Quinlan,COR,,,,,False
2024,sa3040340,John Quinlan,COR,,,,,False
2025,sa3040340,John Quinlan,COR,,,,,False
2021,sa3017162,John Rhodes,UK,3.0,76.0,Baltimore Orioles,university of kentucky,True
2023,sa3040000,John Rhys Plumlee,UCF,,,,,False
2025,sa3060385,John Rizzo,STBK,,,,,False
2021,sa3041423,John Sakowski,CREI,,,,,False
2023,sa3041789,John Schroeder,FAU,,,,,False
2024,sa3041789,John Schroeder,FAU,,,,,False
2025,sa3041789,John Schroeder,FAU,,,,,False
2021,sa3042012,John Servello,TOL,,,,,False
2022,sa3042012,John Servello,TOL,,,,,False
2022,sa3042176,John Shields,LIP,,,,,False
2021,sa3042277,John Signore,FAIR,,,,,False
2025,sa3060617,John Smith,USA,,,,,False
2023,sa3025197,John Spikerman,OU,,,,,False
2024,sa3025197,John Spikerman,OU,3.0,100.0,Philadelphia Phillies,university of oklahoma,True
2024,sa3042912,John Stallcup,SIUE,,,,,False
2025,sa3042912,John Stallcup,SIUE,,,,,False
2023,sa3043570,John Taylor,UL,,,,,False
2024,sa3043570,John Taylor,UL,,,,,False
2021,sa3043699,John Thomas,USC,,,,,False
2021,sa3043806,John Thrasher,HART,,,,,False
2022,sa3043806,John Thrasher,UK,,,,,False
2022,sa3044110,John Tuccillo,BRY,,,,,False
2021,sa3044110,John Tuccillo,STBK,,,,,False
2024,sa3044535,John Vitucci,ALB,,,,,False
2022,sa3044560,John Volpe,RID,,,,,False
2023,sa3044560,John Volpe,RID,,,,,False
2024,sa3044560,John Volpe,RUTG,,,,,False
2022,sa3044942,John Weglarz,DEL,,,,,False
2021,sa3044942,John Weglarz,DSU,,,,,False
2023,sa3045033,John West,BC,,,,,False
2024,sa3045033,John West,BC,12.0,374.0,Arizona Diamondbacks,boston college,True
2022,sa3045158,John Whooley,VILL,,,,,False
2023,sa3045158,John Whooley,VILL,,,,,False
2022,sa3045641,John Wuthrich,TXST,,,,,False
2023,sa3026879,Johnathan Behm,SPU,,,,,False
2021,sa3020452,Johnathan Harmon,NWST,,,,,False
2022,sa3020452,Johnathan Harmon,NWST,13.0,393.0,Cincinnati Reds,northwestern state university of louisiana,True
2021,sa3017993,Johnathan Lavallee,LBSU,,,,,False
2022,sa3020349,Johnathon Thomas,TXSO,,,,,False
2022,sa3028602,Johnny Castagnozzi,UNC,,,,,False
2024,sa3030004,Johnny Decker,MRST,,,,,False
2022,sa3033871,Johnny Hipsman,RICH,,,,,False
2023,sa3033871,Johnny Hipsman,RICH,,,,,False
2025,sa3059708,Johnny Knox,QUIN,,,,,False
2025,sa3059794,Johnny Lemm,SIU,,,,,False
2021,sa3036491,Johnny Long III,FGCU,,,,,False
2025,sa3036666,Johnny Luetzow,SCU,,,,,False
2021,sa3037176,Johnny Marti,ALB,,,,,False
2022,sa3037176,Johnny Marti,ALB,,,,,False
2021,sa3039112,Johnny Oliveira,CHSO,,,,,False
2022,sa3022494,Johnny Olmstead,USC,,,,,False
2023,sa3022494,Johnny Olmstead,USC,19.0,563.0,Miami Marlins,university of southern california,True
2021,sa3039882,Johnny Piacentino,PSU,,,,,False
2022,sa3039882,Johnny Piacentino,PSU,,,,,False
2023,sa3039882,Johnny Piacentino,PSU,,,,,False
2024,sa3039927,Johnny Pilla,STBK,,,,,False
2025,sa3039927,Johnny Pilla,STBK,,,,,False
2025,sa3043394,Johnny Sweeney,UPST,,,,,False
2022,sa3023072,Johnny Tincher,WASH,,,,,False
2023,sa3023072,Johnny Tincher,WASH,11.0,338.0,Cleveland Guardians,university of washington,True
2021,sa3045826,Johnny Zega,MONM,,,,,False
2021,sa3027380,JoJo Booker,USA,,,,,False
2022,sa3027380,JoJo Booker,USA,,,,,False
2023,sa3025267,JoJo Jackson,GAST,,,,,False
2024,sa3025267,JoJo Jackson,GAST,17.0,511.0,New York Yankees,georgia state university,True
2025,sa3060071,JoJo Montgomery,VILL,,,,,False
2025,sa3059130,Jon Embury,FGCU,,,,,False
2023,sa3025160,Jon Jon Gazdar,APSU,,,,,False
2024,sa3025160,Jon Jon Gazdar,APSU,11.0,321.0,St. Louis Cardinals,austin peay state university,True
2025,sa3059786,Jon Legrande,SJU,,,,,False
2023,sa3038191,Jon Mocherman,CSUN,,,,,False
2021,sa3042697,Jon Snyder,YSU,,,,,False
2022,sa3042697,Jon Snyder,YSU,,,,,False
2021,sa3043821,Jon Tieman,VAL,,,,,False
2023,sa3023056,Jonah Advincula,WSU,8.0,248.0,Cleveland Guardians,washington state university,True
2023,sa3022541,Jonah Cox,ORU,6.0,166.0,Oakland Athletics,oral roberts university,True
2022,sa3030265,Jonah Diaz,JAX,,,,,False
2023,sa3032181,Jonah Giblin,ASU,,,,,False
2022,sa3033620,Jonah Henrickson,UCD,,,,,False
2023,sa3034638,Jonah Jenkins,OSU,,,,,False
2022,sa3034638,Jonah Jenkins,SF,,,,,False
2025,sa3062859,Jonah Katsaboulas,UTM,,,,,False
2025,sa3039252,Jonah Oster,CAM,,,,,False
2024,sa3041907,Jonah Sebring,UCSB,,,,,False
2025,sa3042177,Jonah Shields,JAX,,,,,False
2021,sa3042576,Jonah Smith,CREI,,,,,False
2025,sa3043359,Jonah Sutton,MEM,,,,,False
2024,sa3041447,Jonas Salk,PORT,,,,,False
2025,sa3041447,Jonas Salk,PORT,,,,,False
2024,sa3025776,Jonathan Adelmann,BUCK,,,,,False
2022,sa3027114,Jonathan Beymer,CAM,,,,,False
2023,sa3027196,Jonathan Blackwell,PUR,,,,,False
2021,sa3020567,Jonathan Brand,M-OH,,,,,False
2022,sa3020567,Jonathan Brand,M-OH,8.0,249.0,Boston Red Sox,miami university,True
2021,31730,Jonathan Cannon,UGA,,,,,False
2022,31730,Jonathan Cannon,UGA,3.0,101.0,Chicago White Sox,university of georgia,True
2021,sa3028840,Jonathan Childress,TA&M,,,,,False
2021,sa3028986,Jonathan Clark,SJSU,,,,,False
2022,sa3028986,Jonathan Clark,SJSU,,,,,False
2023,sa3028986,Jonathan Clark,SJSU,,,,,False
2021,sa3030899,Jonathan Ellison,MCN,,,,,False
2021,sa3031332,Jonathan Fincher,LT,,,,,False
2022,sa3031332,Jonathan Fincher,LT,,,,,False
2023,sa3031332,Jonathan Fincher,LT,,,,,False
2022,sa3031708,Jonathan French,CLEM,,,,,False
2024,sa3031708,Jonathan French,HOU,,,,,False
2025,sa3059318,Jonathan Gomez,FDU,,,,,False
2022,sa3032427,Jonathan Gonzalez,STET,,,,,False
2023,sa3032427,Jonathan Gonzalez,STET,,,,,False
2025,sa3032427,Jonathan Gonzalez,STET,14.0,431.0,Philadelphia Phillies,stetson university,True
2025,sa3059324,Jonathan Gonzalez Perez,UMES,,,,,False
2024,sa3033935,Jonathan Hogart,MUR,,,,,False
2025,sa3033935,Jonathan Hogart,MUR,,,,,False
2023,sa3035218,Jonathan Kelly,XAV,,,,,False
2024,sa3035218,Jonathan Kelly,XAV,,,,,False
2023,sa3035373,Jonathan Kim,MICH,,,,,False
2023,sa3035916,Jonathan Lane,UNA,,,,,False
2024,sa3035916,Jonathan Lane,UNA,,,,,False
2025,sa3035916,Jonathan Lane,UNA,,,,,False
2022,sa3036655,Jonathan Luders,HALL,,,,,False
2023,sa3036655,Jonathan Luders,HALL,,,,,False
2024,sa3036655,Jonathan Luders,HALL,,,,,False
2024,sa3037848,Jonathan Mendez,UCSB,,,,,False
2025,sa3037848,Jonathan Mendez,UCSB,,,,,False
2024,sa3041559,Jonathan Santucci,DUKE,2.0,46.0,New York Mets,duke university,True
2025,sa3060616,Jonathan Smith,SDSU,,,,,False
2021,sa3043214,Jonathan Strauss,WIN,,,,,False
2023,sa3043214,Jonathan Strauss,WIN,,,,,False
2021,sa3043501,Jonathan Tapia,UTSA,,,,,False
2022,sa3043501,Jonathan Tapia,UTSA,,,,,False
2025,sa3044030,Jonathan Trejo,TXSO,,,,,False
2023,sa3044390,Jonathan Vastine,VAN,,,,,False
2024,sa3044390,Jonathan Vastine,VAN,,,,,False
2025,sa3044390,Jonathan Vastine,VAN,19.0,580.0,San Diego Padres,vanderbilt university,True
2023,sa3033149,Jonathon Hanscom,EIU,,,,,False
2024,sa3033149,Jonathon Hanscom,EIU,,,,,False
2022,sa3022864,Jonathon Long,LBSU,,,,,False
2023,sa3022864,Jonathon Long,LBSU,,,,,False
2022,sa3027062,JonJon Berring,SCU,,,,,False
2023,sa3027062,JonJon Berring,SCU,,,,,False
2024,sa3027062,JonJon Berring,SCU,,,,,False
2023,sa3044399,JonJon Vaughns,UCLA,,,,,False
2021,sa3026550,Jonny Barditch,MAN,,,,,False
2021,sa3017292,Jonny Butler,NCSU,14.0,428.0,Oakland Athletics,north carolina state university,True
2024,sa3032247,Jonny Gilligan,SPU,,,,,False
2025,sa3060857,Jonny Wall,GMU,,,,,False
2022,sa3044896,Jonny Weaver,GCU,,,,,False
2021,sa3026054,Jordan Anderson,PITT,,,,,False
2023,sa3026207,Jordan Armstrong,UTM,,,,,False
2024,sa3026356,Jordan Bach,SIU,,,,,False
2025,sa3026356,Jordan Bach,SIU,,,,,False
2025,sa3058547,Jordan Ballin,UTSA,,,,,False
2021,31431,Jordan Beck,TENN,,,,,False
2022,31431,Jordan Beck,TENN,1.0,38.0,Colorado Rockies,university of tennessee,True
2023,sa3027268,Jordan Bloemer,SIU,,,,,False
2021,sa3028167,Jordan Butler,FLA,,,,,False
2021,sa3028484,Jordan Carr,COFC,,,,,False
2022,sa3028496,Jordan Carrion,FSU,,,,,False
2023,sa3028496,Jordan Carrion,FSU,,,,,False
2025,sa3028496,Jordan Carrion,SC,,,,,False
2021,sa3029510,Jordan Cozart,MUR,,,,,False
2022,sa3030441,Jordan Donahue,HAW,,,,,False
2023,sa3030441,Jordan Donahue,HAW,,,,,False
2024,sa3030441,Jordan Donahue,HAW,,,,,False
2025,sa3030441,Jordan Donahue,HAW,,,,,False
2022,sa3030971,Jordan Erbe,RID,,,,,False
2023,sa3030971,Jordan Erbe,RID,,,,,False
2021,sa3032081,Jordan Geber,MSM,,,,,False
2025,sa3059332,Jordan Gottesman,NE,6.0,176.0,San Francisco Giants,northeastern university,True
2021,sa3032525,Jordan Gould,ALST,,,,,False
2021,sa3032938,Jordan Haddaway,DSU,,,,,False
2022,sa3032938,Jordan Haddaway,DSU,,,,,False
2023,sa3032938,Jordan Haddaway,DSU,,,,,False
2022,sa3033068,Jordan Hamberg,COPP,,,,,False
2023,sa3033068,Jordan Hamberg,COPP,,,,,False
2024,sa3033068,Jordan Hamberg,GONZ,,,,,False
2022,sa3033999,Jordan Holly,MUR,,,,,False
2021,sa3034369,Jordan Hutchins,DEL,,,,,False
2022,sa3034369,Jordan Hutchins,DEL,,,,,False
2021,sa3018172,Jordan Jackson,GASO,10.0,294.0,Seattle Mariners,georgia southern university,True
2023,sa3034540,Jordan Jaffe,RICH,,,,,False
2024,sa3034540,Jordan Jaffe,RICH,,,,,False
2025,sa3034540,Jordan Jaffe,RICH,,,,,False
2024,sa3034885,Jordan Jones,UAPB,,,,,False
2025,sa3035060,Jordan Kang,HARV,,,,,False
2022,sa3035219,Jordan Kelly,PRIN,,,,,False
2024,sa3035219,Jordan Kelly,PRIN,,,,,False
2025,sa3035219,Jordan Kelly,PRIN,,,,,False
2022,sa3035405,Jordan King,DSU,,,,,False
2021,sa3035857,Jordan Lala,MIA,,,,,False
2021,sa3036001,Jordan Larson,NIU,,,,,False
2022,sa3036019,Jordan Laske,URI,,,,,False
2025,sa3059805,Jordan Lewis,SF,,,,,False
2021,sa3036323,Jordan Libman,ILST,,,,,False
2021,sa3036708,Jordan Lussier,ILST,,,,,False
2021,sa3018192,Jordan Marks,UPST,8.0,225.0,Detroit Tigers,university of south carolina upstate,True
2022,sa3037177,Jordan Martinez,TXSO,,,,,False
2024,sa3037469,Jordan McCladdie,JKST,,,,,False
2025,sa3037469,Jordan McCladdie,JKST,,,,,False
2021,sa3037580,Jordan McFarland,UIW,,,,,False
2021,sa3038332,Jordan Morales,LAS,,,,,False
2023,sa3038332,Jordan Morales,PSU,,,,,False
2024,sa3038332,Jordan Morales,PUR,,,,,False
2025,sa3039293,Jordan Overton,IONA,,,,,False
2021,sa3039549,Jordan Patty,CMU,,,,,False
2022,sa3039549,Jordan Patty,CMU,,,,,False
2022,sa3039844,Jordan Peyton,TOW,,,,,False
2023,sa3039844,Jordan Peyton,TOW,,,,,False
2024,sa3039844,Jordan Peyton,TOW,,,,,False
2025,sa3039844,Jordan Peyton,TOW,,,,,False
2021,sa3040157,Jordan Power,TOL,,,,,False
2022,sa3040157,Jordan Power,TOL,,,,,False
2021,sa3040474,Jordan Rathbone,UCF,,,,,False
2022,sa3041056,Jordan Rogers,WICH,,,,,False
2024,sa3041056,Jordan Rogers,WICH,,,,,False
2025,sa3041056,Jordan Rogers,WICH,,,,,False
2024,sa3041412,Jordan Sagedahl,SDST,,,,,False
2025,sa3060499,Jordan Savinon,FDU,,,,,False
2021,sa3041662,Jordan Schaffer,INST,,,,,False
2022,sa3041662,Jordan Schaffer,INST,,,,,False
2022,sa3041813,Jordan Schulefand,ME,,,,,False
2021,sa3041813,Jordan Schulefand,RICH,,,,,False
2023,sa3042581,Jordan Smith,GMU,,,,,False
2024,sa3042581,Jordan Smith,GMU,,,,,False
2021,sa3019925,Jordan Sprinkle,UCSB,,,,,False
2022,sa3019925,Jordan Sprinkle,UCSB,4.0,131.0,Chicago White Sox,"university of california, santa barbara",True
2023,sa3042964,Jordan Starkes,WCU,,,,,False
2021,sa3043393,Jordan Sweeney,RUTG,,,,,False
2022,sa3043393,Jordan Sweeney,RUTG,,,,,False
2023,sa3043393,Jordan Sweeney,RUTG,,,,,False
2025,sa3043572,Jordan Taylor,STET,,,,,False
2021,sa3022497,Jordan Thompson,LSU,,,,,False
2022,sa3022497,Jordan Thompson,LSU,,,,,False
2023,sa3022497,Jordan Thompson,LSU,15.0,460.0,Los Angeles Dodgers,louisiana state university,True
2023,sa3043765,Jordan Thompson,TA&M,,,,,False
2021,sa3044481,Jordan Vidato,TXSO,,,,,False
2021,sa3044593,Jordan Vujovich,SF,,,,,False
2022,sa3044593,Jordan Vujovich,SF,,,,,False
2022,sa3044797,Jordan Warecke,MAN,,,,,False
2021,sa3044797,Jordan Warecke,SPU,,,,,False
2021,30094,Jordan Wicks,KSU,,,,,False
2021,sa3045204,Jordan Wiley,ORU,,,,,False
2021,sa3045714,Jordan Yoder,LAF,,,,,False
2022,sa3045714,Jordan Yoder,LAF,,,,,False
2023,sa3045887,Jordan Zuger,BEL,,,,,False
2024,sa3045887,Jordan Zuger,BEL,,,,,False
2021,sa3034360,Jorden Hussein,LR,,,,,False
2022,sa3034360,Jorden Hussein,LR,,,,,False
2021,sa3027158,Jordon Billups,MRSH,,,,,False
2022,sa3027158,Jordon Billups,MRSH,,,,,False
2022,sa3025903,Jordy Allard,NE,,,,,False
2025,sa3060180,Jordy Oriach,UNM,,,,,False
2021,sa3042578,Jordyn Smith,GRAM,,,,,False
2022,sa3020090,Jorel Ortega,TENN,6.0,174.0,Minnesota Twins,university of tennessee,True
2021,sa3026166,Jorge Arenas,STET,,,,,False
2022,sa3027341,Jorge Bojorquez,SAC,,,,,False
2023,sa3027341,Jorge Bojorquez,SAC,,,,,False
2024,sa3027341,Jorge Bojorquez,SAC,,,,,False
2021,sa3029401,Jorge Corona,LT,,,,,False
2022,sa3029401,Jorge Corona,LT,,,,,False
2023,sa3029401,Jorge Corona,LT,,,,,False
2024,sa3029401,Jorge Corona,LT,,,,,False
2025,sa3029992,Jorge DeCardenas,USF,,,,,False
2024,sa3032431,Jorge Gonzalez Febo,BCU,,,,,False
2025,sa3040989,Jorge Rodriguez,BCU,,,,,False
2025,sa3060419,Jorge Romero,WIU,,,,,False
2023,sa3035818,Jorhan LaBoy,ALST,,,,,False
2024,sa3035818,Jorhan LaBoy,ALST,,,,,False
2025,sa3035818,Jorhan LaBoy,ALST,,,,,False
2025,sa3059598,Jorsixt Jimenez,TNTC,,,,,False
2024,sa3025954,Jose Almazan,ALST,,,,,False
2021,sa3031260,Jose Fernandez,ALCN,,,,,False
2021,sa3031317,Jose Figueroa,AAMU,,,,,False
2022,sa3031317,Jose Figueroa,AAMU,,,,,False
2024,sa3032430,Jose Gonzalez,BCU,,,,,False
2021,sa3032428,Jose Gonzalez,TXST,,,,,False
2022,sa3032428,Jose Gonzalez,TXST,,,,,False
2023,sa3032428,Jose Gonzalez,TXST,,,,,False
2022,sa3037179,Jose Martinez,DAY,,,,,False
2025,sa3060241,Jose Perez,UNCG,,,,,False
2021,sa3041286,Jose Ruiz,CSUN,,,,,False
2023,sa3041431,Jose Salazar-Ortega,MVSU,,,,,False
2021,sa3017396,Jose Torres,NCSU,3.0,89.0,Cincinnati Reds,north carolina state university,True
2024,sa3043965,Jose Torres,UL,,,,,False
2025,sa3043965,Jose Torres,UL,,,,,False
2023,sa3044371,Jose Vargas,GRAM,,,,,False
2024,sa3044371,Jose Vargas,GRAM,,,,,False
2021,sa3026721,Joseph Battaglia,SOU,,,,,False
2022,sa3026721,Joseph Battaglia,SOU,,,,,False
2023,sa3027585,Joseph Brandon,GAST,,,,,False
2021,sa3028469,Joseph Carpenter,DEL,,,,,False
2022,sa3028469,Joseph Carpenter,DEL,,,,,False
2025,sa3058857,Joseph Chavana,XAV,,,,,False
2025,sa3030619,Joseph Duffield,MAN,,,,,False
2023,sa3030726,Joseph Dzierwa,MSU,,,,,False
2024,sa3030726,Joseph Dzierwa,MSU,,,,,False
2025,sa3030726,Joseph Dzierwa,MSU,2.0,58.0,Baltimore Orioles,michigan state university,True
2024,sa3030845,Joseph Eichelberger,JKST,,,,,False
2025,sa3030845,Joseph Eichelberger,JKST,,,,,False
2021,sa3032426,Joseph Gonzalez,AUB,,,,,False
2022,sa3032426,Joseph Gonzalez,AUB,,,,,False
2021,sa3032852,Joseph Gunn,GRAM,,,,,False
2022,sa3020857,Joseph King,CAL,9.0,277.0,St. Louis Cardinals,"university of california, berkeley",True
2024,sa3036470,Joseph Lomangino,SPU,,,,,False
2022,sa3020443,Joseph Menefee,TA&M,20.0,603.0,Cincinnati Reds,texas aandm university,True
2025,sa3037871,Joseph Mennella,WAG,,,,,False
2021,sa3037910,Joseph Mershon,COFC,,,,,False
2022,sa3037910,Joseph Mershon,COFC,,,,,False
2023,sa3037910,Joseph Mershon,COFC,,,,,False
2024,sa3037910,Joseph Mershon,OSU,,,,,False
2022,sa3039907,Joseph Pierini,FAMU,,,,,False
2023,sa3039907,Joseph Pierini,FAMU,,,,,False
2024,sa3039907,Joseph Pierini,FAMU,,,,,False
2022,sa3040356,Joseph Quintal,FOR,,,,,False
2025,sa3041295,Joseph Ruller,QUC,,,,,False
2021,sa3042033,Joseph Sgambelluri,SFA,,,,,False
2023,sa3025413,Joseph Sullivan,USA,,,,,False
2024,sa3025413,Joseph Sullivan,USA,7.0,223.0,Houston Astros,university of south alabama,True
2022,sa3043453,Joseph Szvetitz,WIN,,,,,False
2023,sa3043453,Joseph Szvetitz,WIN,,,,,False
2025,sa3043573,Joseph Taylor,CLT,,,,,False
2024,sa3044075,Joseph Trombley,SHU,,,,,False
2025,sa3044075,Joseph Trombley,SHU,,,,,False
2023,sa3044249,Joseph Urban,BUT,,,,,False
2024,sa3044249,Joseph Urban,BUT,,,,,False
2025,sa3044249,Joseph Urban,USM,,,,,False
2025,sa3062921,Joseph Webb,LIB,,,,,False
2024,sa3045793,Joseph Zamora,APP,,,,,False
2025,sa3045793,Joseph Zamora,APP,,,,,False
2021,sa3025799,Josh Agnew,LMU,,,,,False
2025,sa3026608,Josh Barnhouse,UNM,,,,,False
2022,sa3027239,Josh Blankenship,LAM,,,,,False
2023,sa3027239,Josh Blankenship,LAM,,,,,False
2023,sa3027378,Josh Bookbinder,WIN,,,,,False
2021,sa3027729,Josh Brodeur,URI,,,,,False
2023,sa3027959,Josh Buckley,GCU,,,,,False
2023,sa3028302,Josh Cameron,SEMO,,,,,False
2024,sa3028302,Josh Cameron,SEMO,,,,,False
2021,sa3028406,Josh Caraway,AMCC,,,,,False
2022,sa3028406,Josh Caraway,AMCC,,,,,False
2023,sa3025435,Josh Caron,NEB,,,,,False
2024,sa3025435,Josh Caron,NEB,,,,,False
2023,sa3029458,Josh Cottrill,VAL,,,,,False
2021,sa3017370,Josh Crouch,UCF,11.0,315.0,Detroit Tigers,university of central florida,True
2025,sa3029694,Josh Cunningham,SLU,,,,,False
2021,sa3030601,Josh Dudden,OAK,,,,,False
2023,sa3023204,Josh Ekness,HOU,12.0,353.0,Miami Marlins,university of houston,True
2022,sa3030922,Josh Emanuels,WASH,,,,,False
2024,sa3031405,Josh Fitzgerald,MINN,,,,,False
2025,sa3031405,Josh Fitzgerald,MINN,,,,,False
2021,sa3032311,Josh Glenn,UNCO,,,,,False
2022,sa3032311,Josh Glenn,UNCO,,,,,False
2022,sa3023478,Josh Grosz,ECU,,,,,False
2023,sa3023478,Josh Grosz,ECU,11.0,342.0,New York Yankees,east carolina university,True
2021,sa3032861,Josh Gurnack,ALB,,,,,False
2025,sa3032991,Josh Halcisak,MSM,,,,,False
2021,sa3033121,Josh Hancock,FAMU,,,,,False
2022,sa3033134,Josh Hankins,COPP,,,,,False
2023,sa3033134,Josh Hankins,COPP,,,,,False
2024,sa3033134,Josh Hankins,GONZ,,,,,False
2025,sa3033134,Josh Hankins,GONZ,,,,,False
2022,sa3025623,Josh Hartle,WAKE,,,,,False
2023,sa3025623,Josh Hartle,WAKE,,,,,False
2024,sa3025623,Josh Hartle,WAKE,3.0,83.0,Pittsburgh Pirates,wake forest university,True
2022,sa3020115,Josh Hatcher,KENN,10.0,289.0,Texas Rangers,kennesaw state university,True
2023,sa3033529,Josh Hegemann,CIN,,,,,False
2024,sa3033529,Josh Hegemann,CIN,,,,,False
2025,sa3033938,Josh Hogue,NCSU,15.0,438.0,Miami Marlins,north carolina state university,True
2022,sa3020268,Josh Hood,NCSU,6.0,186.0,Seattle Mariners,north carolina state university,True
2022,sa3034402,Josh Ibarra,UNLV,,,,,False
2022,sa3034769,Josh Johnson,KENT,,,,,False
2023,sa3034769,Josh Johnson,KENT,,,,,False
2024,sa3034769,Josh Johnson,KENT,,,,,False
2021,sa3020203,Josh Kasevich,ORE,,,,,False
2022,sa3020203,Josh Kasevich,ORE,2.0,60.0,Toronto Blue Jays,university of oregon,True
2025,sa3035117,Josh Katz,PENN,,,,,False
2023,sa3035360,Josh Killeen,UTSA,,,,,False
2024,sa3025158,Josh Kross,CIN,6.0,171.0,St. Louis Cardinals,university of cincinnati,True
2023,sa3025158,Josh Kross,EMU,,,,,False
2022,sa3036038,Josh Lauck,FRES,,,,,False
2022,sa3036255,Josh Leslie,MCN,,,,,False
2023,sa3036255,Josh Leslie,MCN,,,,,False
2025,sa3036412,Josh Livingston,WICH,,,,,False
2022,sa3036447,Josh Loeffler,ALB,,,,,False
2022,sa3036837,Josh Madole,CLT,,,,,False
2021,sa3036837,Josh Madole,UNCG,,,,,False
2022,sa3037024,Josh Marchese,NIA,,,,,False
2023,sa3037024,Josh Marchese,NIA,,,,,False
2025,sa3037412,Josh McAlister,UNM,,,,,False
2021,sa3038129,Josh Minjarez,UTA,,,,,False
2021,sa3022666,Josh Mollerus,SF,,,,,False
2021,sa3038492,Josh Moylan,ECU,,,,,False
2022,sa3038492,Josh Moylan,ECU,,,,,False
2023,sa3038492,Josh Moylan,ECU,,,,,False
2022,sa3038860,Josh Nicoloff,KSU,,,,,False
2023,sa3038882,Josh Niles,CAN,,,,,False
2025,sa3038882,Josh Niles,CAN,,,,,False
2022,sa3039078,Josh Ohl,SIUE,,,,,False
2023,sa3039078,Josh Ohl,SIUE,,,,,False
2022,sa3039165,Josh ONeill,STBK,,,,,False
2023,sa3039165,Josh ONeill,STBK,,,,,False
2025,sa3065585,Josh Outlaw,ILST,,,,,False
2024,sa3039291,Josh Overbeek,NEB,,,,,False
2025,sa3039291,Josh Overbeek,NEB,,,,,False
2023,sa3039354,Josh Paino,CBU,,,,,False
2024,sa3039354,Josh Paino,CBU,,,,,False
2025,sa3039354,Josh Paino,CLEM,,,,,False
2022,sa3039608,Josh Pearson,LSU,,,,,False
2024,sa3039608,Josh Pearson,LSU,,,,,False
2022,sa3040311,Josh Pyne,IU,,,,,False
2023,sa3040311,Josh Pyne,IU,,,,,False
2024,sa3040311,Josh Pyne,IU,,,,,False
2024,sa3025585,Josh Randall,USD,3.0,85.0,Detroit Tigers,university of san diego,True
2023,sa3040705,Josh Richardson,YALE,,,,,False
2021,sa3022590,Josh Rivera,FLA,,,,,False
2022,sa3022590,Josh Rivera,FLA,,,,,False
2023,sa3022590,Josh Rivera,FLA,3.0,81.0,Chicago Cubs,university of florida,True
2021,sa3040987,Josh Rodriguez,RUTG,,,,,False
2023,sa3040987,Josh Rodriguez,SAM,,,,,False
2024,sa3040987,Josh Rodriguez,SAM,,,,,False
2024,sa3041088,Josh Rolling,GTWN,,,,,False
2022,sa3041088,Josh Rolling,SAC,,,,,False
2023,sa3041088,Josh Rolling,SAC,,,,,False
2024,sa3041442,Josh Salinas,UIW,,,,,False
2025,sa3041442,Josh Salinas,UIW,,,,,False
2022,sa3041894,Josh Sears,UAB,,,,,False
2021,sa3041947,Josh Seils,TOW,,,,,False
2024,sa3042070,Josh Sharman,NMSU,,,,,False
2021,sa3042070,Josh Sharman,UNLV,,,,,False
2022,sa3042070,Josh Sharman,UNLV,,,,,False
2023,sa3042070,Josh Sharman,UNLV,,,,,False
2025,sa3060590,Josh Skowronski,WIN,,,,,False
2021,sa3042580,Josh Smith,GAST,,,,,False
2022,sa3042580,Josh Smith,GAST,,,,,False
2022,sa3042729,Josh Solomon,COLU,,,,,False
2024,sa3042787,Josh Souza,PAC,,,,,False
2021,sa3042843,Josh Spiegel,PSU,,,,,False
2022,sa3042843,Josh Spiegel,PSU,,,,,False
2023,sa3042843,Josh Spiegel,PSU,,,,,False
2024,sa3043012,Josh Steidl,JAX,,,,,False
2025,sa3043012,Josh Steidl,JAX,,,,,False
2024,sa3043075,Josh Stevenson,OSU,,,,,False
2022,sa3043418,Josh Swinehart,WMU,,,,,False
2023,sa3043418,Josh Swinehart,WMU,,,,,False
2024,sa3043418,Josh Swinehart,WMU,,,,,False
2024,sa3043523,Josh Tate,GASO,,,,,False
2025,sa3043523,Josh Tate,GASO,8.0,233.0,Pittsburgh Pirates,georgia southern university,True
2021,sa3044261,Josh Urps,CSUF,,,,,False
2021,sa3044536,Josh Vitus,WOF,,,,,False
2025,sa3044557,Josh Volmerding,CP,,,,,False
2025,sa3065621,Josh Wakefield,GCU,14.0,426.0,Houston Astros,grand canyon university,True
2021,sa3019953,Josh White,CAL,,,,,False
2022,sa3019953,Josh White,CAL,5.0,142.0,Miami Marlins,"university of california, berkeley",True
2025,sa3045319,Josh Williams,NKU,,,,,False
2024,sa3045470,Josh Wintroub,KSU,,,,,False
2021,sa3026847,Joshua Becker,UML,,,,,False
2022,sa3026847,Joshua Becker,UML,,,,,False
2023,sa3026847,Joshua Becker,UML,,,,,False
2024,sa3027282,Joshua Blount,AMCC,,,,,False
2025,sa3028404,Joshua Caravalho,HCU,,,,,False
2021,sa3029486,Joshua Cowden,BYU,,,,,False
2021,sa3029497,Joshua Cox,ORU,,,,,False
2022,sa3029497,Joshua Cox,ORU,,,,,False
2021,sa3020091,Joshua Day,MIZ,,,,,False
2022,sa3020091,Joshua Day,MIZ,15.0,438.0,Arizona Diamondbacks,university of missouri,True
2021,sa3031316,Joshua Figueroa,UIC,,,,,False
2022,sa3031316,Joshua Figueroa,UIC,,,,,False
2025,sa3062852,Joshua Ibe,SFA,,,,,False
2022,sa3025386,Joshua Kuroda-Grauer,RUTG,,,,,False
2023,sa3025386,Joshua Kuroda-Grauer,RUTG,,,,,False
2024,sa3025386,Joshua Kuroda-Grauer,RUTG,3.0,75.0,Oakland Athletics,rutgers university,True
2021,sa3035870,Joshua Lamb,UTSA,,,,,False
2022,sa3036012,Joshua Larzabal,PV,,,,,False
2021,sa3020837,Joshua Loeschorn,LIU,,,,,False
2022,sa3020837,Joshua Loeschorn,LIU,20.0,590.0,Pittsburgh Pirates,long island university,True
2025,sa3037183,Joshua Martinez,UCR,,,,,False
2021,sa3037416,Joshua McAllister,UGA,,,,,False
2022,sa3037416,Joshua McAllister,UGA,,,,,False
2021,sa3042784,Joshua South,BEL,,,,,False
2022,sa3042784,Joshua South,BEL,,,,,False
2021,sa3045792,Joshua Zamora,NEV,,,,,False
2022,sa3045792,Joshua Zamora,NEV,,,,,False
2024,sa3028637,Josiah Castro,TXSO,,,,,False
2025,sa3040392,Josiah Ragsdale,BC,7.0,215.0,Milwaukee Brewers,boston college,True
2023,sa3040392,Josiah Ragsdale,IONA,,,,,False
2024,sa3040392,Josiah Ragsdale,IONA,,,,,False
2021,sa3021047,Josiah Sightler,SC,,,,,False
2022,sa3021047,Josiah Sightler,SC,15.0,440.0,Pittsburgh Pirates,university of south carolina,True
2025,sa3031318,Josue Figueroa,FAMU,,,,,False
2021,sa3043964,Josue Torres,AAMU,,,,,False
2022,sa3043964,Josue Torres,AAMU,,,,,False
2021,sa3044254,Josue Urdaneta,INST,,,,,False
2022,sa3044254,Josue Urdaneta,INST,,,,,False
2023,sa3044254,Josue Urdaneta,INST,,,,,False
2024,sa3044254,Josue Urdaneta,INST,,,,,False
2021,sa3032223,Jovan Gill,STET,,,,,False
2022,sa3030490,Jovante Dorris,SOU,,,,,False
2025,sa3032063,JP Gauthier,NIU,,,,,False
2024,sa3033523,JP Hefft,UNLV,,,,,False
2025,sa3033523,JP Hefft,UNLV,,,,,False
2025,sa3033703,JP Herrholz,GASO,,,,,False
2025,sa3035764,JP Kuczik,FAIR,,,,,False
2025,sa3039650,JP Peltier,WRST,,,,,False
2025,sa3060283,JP Podgorski,VILL,,,,,False
2023,sa3042582,JP Smith II,SAC,,,,,False
2024,sa3042582,JP Smith II,SAC,,,,,False
2025,sa3042582,JP Smith II,SAC,17.0,509.0,Minnesota Twins,"california state university, sacramento",True
2022,sa3042863,JP Sponseller,CIN,,,,,False
2023,sa3043828,JP Tighe,GASO,,,,,False
2024,sa3044625,JP Wagner,TOL,,,,,False
2024,sa3038753,JR Nelson,OHIO,,,,,False
2025,sa3043899,JR Tollett,UL,,,,,False
2021,sa3031976,Jr. Guy Garibay,RICE,,,,,False
2022,sa3031976,Jr. Guy Garibay,RICE,,,,,False
2023,sa3031976,Jr. Guy Garibay,RICE,,,,,False
2023,sa3026990,JT Benson,LOU,,,,,False
2024,sa3026990,JT Benson,LOU,,,,,False
2023,sa3030693,JT Durham,MEM,,,,,False
2024,sa3035910,JT Landwehr,MSM,,,,,False
2021,sa3036769,JT Mabry,MTSU,,,,,False
2022,sa3036769,JT Mabry,MTSU,,,,,False
2023,sa3036769,JT Mabry,MTSU,,,,,False
2022,sa3037089,JT Marr,COFC,,,,,False
2023,sa3037089,JT Marr,COFC,,,,,False
2024,sa3037089,JT Marr,PSU,,,,,False
2024,sa3038203,JT Moeller,MCN,,,,,False
2025,sa3062888,JT Popick,UTM,,,,,False
2023,sa3040345,JT Quinn,MISS,,,,,False
2025,sa3040359,JT Raab,GTWN,,,,,False
2024,sa3040359,JT Raab,STBK,,,,,False
2021,sa3017371,JT Schwartz,UCLA,,,,,False
2024,sa3042713,JT Sokolove,ILST,,,,,False
2025,sa3042713,JT Sokolove,MSU,,,,,False
2025,sa3043574,JT Taylor,NCAT,,,,,False
2025,sa3044646,JT Waldon,PAC,,,,,False
2021,sa3029127,Juan Colato,GCU,,,,,False
2022,sa3029127,Juan Colato,GCU,,,,,False
2025,sa3029409,Juan Correa,APP,,,,,False
2024,sa3029409,Juan Correa,CLT,,,,,False
2024,sa3029641,Juan Cruz,ALST,,,,,False
2025,sa3029641,Juan Cruz,ALST,20.0,591.0,Washington Nationals,alabama state university,True
2025,sa3030047,Juan De la Cruz,STET,,,,,False
2022,sa3037229,Juan Marulanda,JKST,,,,,False
2025,sa3060845,Juan Villarreal,FIU,,,,,False
2022,sa3023352,Juaron Watts-Brown,LBSU,,,,,False
2023,sa3023352,Juaron Watts-Brown,OKST,3.0,89.0,Toronto Blue Jays,oklahoma state university,True
2021,sa3019942,Jud Fabian,FLA,2.0,40.0,Boston Red Sox,university of florida,True
2022,sa3019942,Jud Fabian,FLA,2.0,67.0,Baltimore Orioles,university of florida,True
2024,sa3038410,Judah Morris,ILST,,,,,False
2025,sa3038410,Judah Morris,ILST,,,,,False
2021,sa3045189,Judah Wilbur,SOU,,,,,False
2025,sa3044269,Judd Utermark,MISS,,,,,False
2021,sa3044782,Judd Ward,AUB,,,,,False
2025,sa3033033,Jude Hall,SELA,,,,,False
2025,sa3025976,Julian Alvarez,CBU,,,,,False
2021,sa3020734,Julian Bosnic,SC,16.0,476.0,San Francisco Giants,university of south carolina,True
2022,sa3023424,Julian Brock,UL,,,,,False
2023,sa3023424,Julian Brock,UL,8.0,231.0,Texas Rangers,university of louisiana,True
2021,sa3028126,Julian Bury,LMU,,,,,False
2021,sa3032432,Julian Gonzales,MCN,,,,,False
2022,sa3032432,Julian Gonzales,MCN,,,,,False
2022,sa3032666,Julian Greenwell,WRST,,,,,False
2023,sa3032666,Julian Greenwell,WRST,,,,,False
2024,sa3032666,Julian Greenwell,WRST,,,,,False
2025,sa3059599,Julian Jimenez,UMES,,,,,False
2021,sa3035584,Julian Kodama,SEA,,,,,False
2022,sa3035584,Julian Kodama,SEA,,,,,False
2022,sa3038585,Julian Murphy,GRAM,,,,,False
2024,sa3038585,Julian Murphy,GRAM,,,,,False
2024,sa3038970,Julian Nunez,PEPP,,,,,False
2025,sa3038970,Julian Nunez,PEPP,,,,,False
2021,sa3040788,Julian Rip,UPST,,,,,False
2022,sa3041075,Julian Rojas,RAD,,,,,False
2023,sa3041075,Julian Rojas,RAD,,,,,False
2025,sa3060706,Julian Swift,SFA,,,,,False
2023,sa3039641,Julien Peissel,UNCG,,,,,False
2024,sa3039641,Julien Peissel,UNCG,,,,,False
2024,sa3030987,Julio Ermigiotti,LEH,,,,,False
2021,sa3037019,Julio Marcano,NJIT,,,,,False
2022,sa3037019,Julio Marcano,NJIT,,,,,False
2023,sa3041485,Julius Sanchez,ILL,,,,,False
2025,sa3041650,Julius Scearce,EKU,,,,,False
2025,sa3059738,Junhyuk Kwon,NEV,,,,,False
2023,sa3028930,Jurrangelo Cijntje,MSST,,,,,False
2024,sa3028930,Jurrangelo Cijntje,MSST,1.0,15.0,Seattle Mariners,mississippi state university,True
2025,sa3062827,Justen Crews,FAMU,,,,,False
2021,sa3016971,Justice Bigbie,WCU,19.0,555.0,Detroit Tigers,western carolina university,True
2021,sa3017395,Justice Thompson,UNC,6.0,180.0,Cincinnati Reds,university of north carolina at chapel hill,True
2024,sa3025722,Justin Acal,NEV,,,,,False
2023,sa3025722,Justin Acal,PITT,,,,,False
2021,sa3017548,Justin Armbruester,UNM,12.0,347.0,Baltimore Orioles,university of new mexico,True
2021,sa3026516,Justin Banks,SMC,,,,,False
2021,sa3026622,Justin Barr,AKR,,,,,False
2025,sa3058578,Justin Batts,DSU,,,,,False
2021,sa3020494,Justin Bench,MISS,,,,,False
2022,sa3020494,Justin Bench,MISS,17.0,526.0,San Francisco Giants,university of mississippi,True
2021,sa3027113,Justin Beyer,WAG,,,,,False
2023,sa3027289,Justin Blumenthal,MASS,,,,,False
2022,sa3027422,Justin Bosland,NE,,,,,False
2022,sa3020123,Justin Boyd,ORST,2.0,73.0,Cincinnati Reds,oregon state university,True
2023,sa3028155,Justin Butera,MRMK,,,,,False
2024,sa3028169,Justin Butler,LEH,,,,,False
2025,sa3028169,Justin Butler,LEH,,,,,False
2021,sa3028334,Justin Campbell,OKST,,,,,False
2022,sa3028334,Justin Campbell,OKST,1.0,37.0,Cleveland Guardians,oklahoma state university,True
2021,sa3028413,Justin Carboni,PENN,,,,,False
2024,sa3028436,Justin Carinci,EKU,,,,,False
2022,sa3028439,Justin Carlin,WKU,,,,,False
2021,sa3028593,Justin Cassella,ELON,,,,,False
2022,sa3028593,Justin Cassella,ELON,,,,,False
2023,sa3028593,Justin Cassella,ELON,,,,,False
2022,sa3029235,Justin Conant,BALL,,,,,False
2023,sa3029235,Justin Conant,BALL,,,,,False
2021,sa3029340,Justin Cooper,TXSO,,,,,False
2022,sa3029340,Justin Cooper,TXSO,,,,,False
2024,sa3029434,Justin Costanzo,RID,,,,,False
2025,sa3029995,Justin DeCastro,LIU,,,,,False
2025,sa3030012,Justin DeCriscio,NCSU,10.0,310.0,San Diego Padres,north carolina state university,True
2023,sa3030012,Justin DeCriscio,USD,,,,,False
2024,sa3030012,Justin DeCriscio,USD,,,,,False
2021,sa3030579,Justin Drpich,BING,,,,,False
2023,sa3030770,Justin Eckhardt,OSU,,,,,False
2021,sa3017540,Justin Fall,ASU,17.0,509.0,Miami Marlins,arizona state university,True
2021,sa3031158,Justin Farmer,FIU,,,,,False
2024,sa3031222,Justin Feld,GONZ,,,,,False
2025,sa3031222,Justin Feld,GONZ,,,,,False
2024,sa3031504,Justin Fogel,PITT,,,,,False
2021,sa3031520,Justin Folz,SJU,,,,,False
2021,sa3032627,Justin Grech,LAF,,,,,False
2022,sa3032627,Justin Grech,LAF,,,,,False
2023,sa3032627,Justin Grech,LAF,,,,,False
2024,sa3032627,Justin Grech,LAF,,,,,False
2021,sa3017082,Justin Guerrera,FAIR,20.0,592.0,New York Mets,fairfield university,True
2024,sa3032843,Justin Guiliano,CAN,,,,,False
2023,sa3033410,Justin Hausser,MILW,,,,,False
2024,sa3033410,Justin Hausser,MILW,,,,,False
2025,sa3033410,Justin Hausser,MILW,,,,,False
2023,sa3033637,Justin Henschel,FGCU,,,,,False
2024,sa3033637,Justin Henschel,FGCU,,,,,False
2021,sa3034051,Justin Honeycutt,UNCA,,,,,False
2022,sa3034051,Justin Honeycutt,UNCA,,,,,False
2023,sa3034051,Justin Honeycutt,UNCA,,,,,False
2025,sa3059542,Justin Hudson,QUC,,,,,False
2023,sa3034411,Justin Igoe,JOES,,,,,False
2021,sa3019903,Justin Janas,ILL,,,,,False
2022,sa3019903,Justin Janas,ILL,12.0,365.0,Atlanta Braves,university of illinois at urbana-champaign,True
2021,sa3022758,Justin Johnson,LAF,,,,,False
2023,sa3022758,Justin Johnson,WAKE,10.0,289.0,Kansas City Royals,wake forest university,True
2021,sa3034930,Justin Jordan,SHU,,,,,False
2022,sa3034930,Justin Jordan,SHU,,,,,False
2023,sa3034930,Justin Jordan,SHU,,,,,False
2023,sa3034956,Justin Journette,NORF,,,,,False
2024,sa3034956,Justin Journette,NORF,,,,,False
2025,sa3034956,Justin Journette,NORF,,,,,False
2024,sa3035074,Justin Kapuscinski,MRST,,,,,False
2021,sa3035221,Justin Kelly,UTAH,,,,,False
2023,sa3035374,Justin Kim,PRIN,,,,,False
2024,sa3035374,Justin Kim,PRIN,,,,,False
2025,sa3035374,Justin Kim,PRIN,,,,,False
2023,sa3035435,Justin Kirby,AUB,,,,,False
2021,sa3035435,Justin Kirby,KENT,,,,,False
2022,sa3035435,Justin Kirby,KENT,,,,,False
2023,sa3035488,Justin Kleinsorge,CREI,,,,,False
2023,sa3035887,Justin Lamkin,TA&M,,,,,False
2024,sa3035887,Justin Lamkin,TA&M,,,,,False
2025,sa3035887,Justin Lamkin,TA&M,2.0,71.0,Kansas City Royals,texas aandm university,True
2023,sa3023504,Justin Lawson,NCSU,15.0,456.0,New York Mets,north carolina state university,True
2024,sa3036129,Justin Lebron,ALA,,,,,False
2025,sa3036129,Justin Lebron,ALA,,,,,False
2024,sa3036186,Justin Lehman,ARMY,,,,,False
2025,sa3036186,Justin Lehman,ARMY,,,,,False
2023,sa3025306,Justin Loer,XAV,,,,,False
2022,sa3022871,Justin Long,RICE,,,,,False
2021,sa3036713,Justin Lutes,PEPP,,,,,False
2024,sa3037270,Justin Masteralexis,MASS,,,,,False
2025,sa3062645,Justin Mayes,TXSO,,,,,False
2021,sa3037408,Justin Mazzone,SEA,,,,,False
2022,sa3037491,Justin McConnell,WRST,,,,,False
2021,sa3037639,Justin McIntyre,WMU,,,,,False
2022,sa3037639,Justin McIntyre,WMU,,,,,False
2022,sa3037779,Justin Medlin,ARST,,,,,False
2021,sa3017207,Justin Meis,EMU,10.0,283.0,Pittsburgh Pirates,eastern michigan university,True
2021,sa3022884,Justin Miknis,KENT,,,,,False
2022,sa3022884,Justin Miknis,KENT,,,,,False
2023,sa3022884,Justin Miknis,KENT,16.0,467.0,Pittsburgh Pirates,kent state university,True
2021,sa3038071,Justin Miller,PFW,,,,,False
2022,sa3038071,Justin Miller,PFW,,,,,False
2022,sa3038170,Justin Mitchell,KSU,,,,,False
2023,sa3038180,Justin Mitrovich,ELON,,,,,False
2024,sa3038180,Justin Mitrovich,ELON,,,,,False
2025,sa3038180,Justin Mitrovich,ELON,9.0,269.0,Minnesota Twins,elon university,True
2022,sa3038605,Justin Murray,DART,,,,,False
2023,sa3038605,Justin Murray,HOU,,,,,False
2024,sa3038605,Justin Murray,HOU,,,,,False
2025,sa3038659,Justin Nadeau,FLA,,,,,False
2023,sa3038659,Justin Nadeau,JAX,,,,,False
2024,sa3039253,Justin Osterhouse,PFW,,,,,False
2025,sa3039253,Justin Osterhouse,PFW,,,,,False
2021,sa3039609,Justin Pearson,W&M,,,,,False
2023,sa3040346,Justin Quinn,ORU,,,,,False
2023,sa3040503,Justin Rebok,TOW,,,,,False
2022,sa3025086,Justin Riemer,WRST,,,,,False
2025,sa3040807,Justin Ritz,COPP,,,,,False
2021,sa3040991,Justin Rodriguez,NCAT,,,,,False
2024,sa3041246,Justin Rubin,PEPP,,,,,False
2025,sa3041246,Justin Rubin,PEPP,,,,,False
2025,sa3060551,Justin Shadek,RUTG,,,,,False
2021,sa3042221,Justin Showalter,JMU,,,,,False
2022,sa3042221,Justin Showalter,JMU,,,,,False
2021,sa3042265,Justin Sierra,FDU,,,,,False
2022,sa3042265,Justin Sierra,FDU,,,,,False
2023,sa3042265,Justin Sierra,FDU,,,,,False
2024,sa3042265,Justin Sierra,FDU,,,,,False
2021,sa3042341,Justin Simpson,CMU,,,,,False
2022,sa3042341,Justin Simpson,CMU,,,,,False
2023,sa3042341,Justin Simpson,CMU,,,,,False
2023,sa3025524,Justin Sinibaldi,RUTG,,,,,False
2024,sa3025524,Justin Sinibaldi,RUTG,14.0,409.0,Chicago White Sox,rutgers university,True
2021,sa3042720,Justin Solimine,MAN,,,,,False
2024,sa3042720,Justin Solimine,MAN,,,,,False
2022,sa3042736,Justin Solt,GW,,,,,False
2021,sa3042965,Justin Starke,VMI,,,,,False
2022,sa3042965,Justin Starke,VMI,,,,,False
2023,sa3042965,Justin Starke,VMI,,,,,False
2024,sa3042965,Justin Starke,VMI,,,,,False
2025,sa3043207,Justin Stransky,FRES,,,,,False
2022,sa3043575,Justin Taylor,AMCC,,,,,False
2022,sa3043576,Justin Taylor,UMBC,,,,,False
2023,sa3043576,Justin Taylor,UMBC,,,,,False
2024,sa3043576,Justin Taylor,UMBC,,,,,False
2025,sa3043700,Justin Thomas,ARK,11.0,336.0,Houston Astros,university of arkansas,True
2021,sa3043767,Justin Thompson,TXST,,,,,False
2022,sa3043767,Justin Thompson,TXST,,,,,False
2025,sa3043804,Justin Thorsteinson,MINN,,,,,False
2021,sa3043968,Justin Torres,UCI,,,,,False
2022,sa3043968,Justin Torres,UCI,,,,,False
2024,sa3044058,Justin Trimble,UCSB,,,,,False
2021,sa3044339,Justin Van De Brake,WSU,,,,,False
2022,sa3044339,Justin Van De Brake,WSU,,,,,False
2024,sa3044575,Justin Vose,CSUN,,,,,False
2021,sa3044760,Justin Walton,NORF,,,,,False
2022,sa3044760,Justin Walton,NORF,,,,,False
2023,sa3045192,Justin Wilcoxen,ECU,,,,,False
2024,sa3045192,Justin Wilcoxen,ECU,,,,,False
2021,sa3045322,Justin Williams,NCAT,,,,,False
2021,sa3017076,Justin Williams,PSU,,,,,False
2022,sa3022686,Justin Wishkoski,SHSU,,,,,False
2023,sa3022686,Justin Wishkoski,SHSU,16.0,480.0,San Francisco Giants,sam houston state university,True
2023,sa3025800,Justus Agosto,UNA,,,,,False
2021,29606,Justyn-Henry Malloy,GT,6.0,187.0,Atlanta Braves,georgia institute of technology,True
2021,sa3033785,Kacy Higgins,UAPB,,,,,False
2022,sa3033785,Kacy Higgins,UAPB,,,,,False
2025,sa3026056,Kade Anderson,LSU,1.0,3.0,Seattle Mariners,louisiana state university,True
2023,sa3030683,Kade Dupont,ULM,,,,,False
2025,sa3030683,Kade Dupont,ULM,,,,,False
2025,sa3032798,Kade Grundy,GASO,,,,,False
2023,sa3033786,Kade Higgins,UNLV,,,,,False
2024,sa3033786,Kade Higgins,UNLV,,,,,False
2022,sa3034328,Kade Hunter,MCN,,,,,False
2021,sa3022508,Kade Kern,OSU,,,,,False
2022,sa3022508,Kade Kern,OSU,,,,,False
2023,sa3022508,Kade Kern,OSU,17.0,519.0,Atlanta Braves,ohio state university,True
2023,sa3035711,Kade Kretzschmar,CAL,,,,,False
2022,sa3035711,Kade Kretzschmar,DART,,,,,False
2023,sa3035898,Kade Lancour,UIC,,,,,False
2024,sa3036307,Kade Lewis,BUT,,,,,False
2025,sa3036307,Kade Lewis,WAKE,,,,,False
2022,sa3038411,Kade Morris,MCN,,,,,False
2022,sa3023206,Kade Morris,NEV,,,,,False
2023,sa3023206,Kade Morris,NEV,,,,,False
2021,sa3040141,Kade Poulsen,UVU,,,,,False
2025,sa3040590,Kade Reinertson,VAL,,,,,False
2023,sa3041957,Kade Seldomridge,CARK,,,,,False
2024,sa3041957,Kade Seldomridge,CARK,,,,,False
2024,sa3042672,Kade Snell,ALA,,,,,False
2025,sa3042672,Kade Snell,ALA,5.0,151.0,Chicago Cubs,university of alabama,True
2024,sa3044678,Kade Walker,SBU,,,,,False
2025,sa3044678,Kade Walker,SBU,,,,,False
2025,sa3062926,Kade Wood,MVSU,,,,,False
2023,sa3045719,Kade York,RGV,,,,,False
2024,sa3045719,Kade York,RGV,,,,,False
2025,sa3026015,Kaden Amundson,ARST,,,,,False
2024,sa3028471,Kaden Carpenter,UTAH,,,,,False
2025,sa3028471,Kaden Carpenter,UTAH,,,,,False
2021,sa3030562,Kaden Dreier,SAM,,,,,False
2022,sa3030562,Kaden Dreier,SAM,,,,,False
2023,sa3030562,Kaden Dreier,SAM,,,,,False
2022,sa3030766,Kaden Echeman,NKU,,,,,False
2023,sa3030766,Kaden Echeman,NKU,,,,,False
2025,sa3030766,Kaden Echeman,NKU,12.0,360.0,St. Louis Cardinals,northern kentucky university,True
2022,sa3034082,Kaden Hopson,CLT,,,,,False
2023,sa3034082,Kaden Hopson,CLT,,,,,False
2024,sa3034082,Kaden Hopson,CLT,,,,,False
2025,sa3034532,Kaden Jacobi,MIZ,,,,,False
2024,sa3039631,Kaden Peer,MIZ,,,,,False
2025,sa3039631,Kaden Peer,MIZ,,,,,False
2024,sa3039782,Kaden Petersen,PAC,,,,,False
2021,sa3040679,Kaden Riccomini,UCD,,,,,False
2022,sa3040679,Kaden Riccomini,UCD,,,,,False
2025,sa3041925,Kaden Segel,PORT,,,,,False
2025,sa3060618,Kaden Smith,CHSO,,,,,False
2024,sa3043202,Kaden Straily,COPP,,,,,False
2025,sa3043202,Kaden Straily,COPP,,,,,False
2022,sa3041031,Kaeber Rog,SIU,,,,,False
2023,sa3041031,Kaeber Rog,SIU,,,,,False
2025,sa3035283,Kaeden Kent,TA&M,3.0,103.0,New York Yankees,texas aandm university,True
2022,sa3025360,Kaelen Culpepper,KSU,,,,,False
2023,sa3025360,Kaelen Culpepper,KSU,,,,,False
2024,sa3025360,Kaelen Culpepper,KSU,,,,,False
2024,sa3034000,Kai Holm,COPP,,,,,False
2025,sa3034000,Kai Holm,LIP,,,,,False
2021,sa3038273,Kai Moody,CSUN,,,,,False
2022,sa3038273,Kai Moody,CSUN,,,,,False
2021,sa3038586,Kai Murphy,ASU,,,,,False
2022,sa3038586,Kai Murphy,ASU,,,,,False
2021,sa3025255,Kai Roberts,UTAH,,,,,False
2022,sa3025255,Kai Roberts,UTAH,,,,,False
2023,sa3025255,Kai Roberts,UTAH,,,,,False
2024,sa3025255,Kai Roberts,UTAH,7.0,210.0,San Diego Padres,university of utah,True
2021,sa3041590,Kai Saterstrom,SJSU,,,,,False
2024,sa3044626,Kai Wagner,UNCO,,,,,False
2025,sa3044626,Kai Wagner,UNCO,,,,,False
2021,sa3035087,Kaid Karnes,SIUE,,,,,False
2022,sa3035087,Kaid Karnes,SIUE,,,,,False
2024,sa3030493,Kaiden Dossa,YALE,,,,,False
2025,sa3030493,Kaiden Dossa,YALE,,,,,False
2025,sa3033288,KaiKea Harrison,TULN,,,,,False
2025,sa3029190,Kain Collins,CHSO,,,,,False
2025,sa3059631,Kainen Jorge,ODU,,,,,False
2023,sa3033189,Kaito Hara,AKR,,,,,False
2023,sa3023054,Kalae Harrison,NCSU,18.0,527.0,Pittsburgh Pirates,north carolina state university,True
2021,sa3023054,Kalae Harrison,TA&M,,,,,False
2021,sa3029916,Kale Davis,OKST,,,,,False
2021,sa3030065,Kaleb DeLaTorre,USA,,,,,False
2025,sa3031690,Kaleb Freeman,GAST,16.0,466.0,Chicago White Sox,georgia state university,True
2025,sa3059392,Kaleb Hall,SIU,,,,,False
2021,sa3033142,Kaleb Hannahs,VAL,,,,,False
2022,sa3033142,Kaleb Hannahs,VAL,,,,,False
2023,sa3033142,Kaleb Hannahs,VAL,,,,,False
2024,sa3033142,Kaleb Hannahs,VAL,,,,,False
2025,sa3033659,Kaleb Herbert,TOL,,,,,False
2022,sa3033824,Kaleb Hill,CHSO,,,,,False
2023,sa3033824,Kaleb Hill,CHSO,,,,,False
2024,sa3043702,Kaleb Thomas,MOST,,,,,False
2023,sa3026517,Kalum Banks Jr.,ALCN,,,,,False
2024,sa3026517,Kalum Banks Jr.,ALCN,,,,,False
2025,sa3026517,Kalum Banks Jr.,ALCN,,,,,False
2024,sa3030695,Kam Durnin,WICH,,,,,False
2025,sa3030695,Kam Durnin,WICH,,,,,False
2021,sa3042584,Kam Smith,NIU,,,,,False
2025,sa3038665,Kamana Nahaku,HAW,,,,,False
2025,sa3062586,Kamar Dove,PV,,,,,False
2024,sa3038732,Kamau Neighbors,CSUN,,,,,False
2025,sa3059439,Kamden Hawks,MORE,,,,,False
2024,sa3028200,Kameron Byrd,SOU,,,,,False
2025,sa3028200,Kameron Byrd,SOU,,,,,False
2025,sa3030508,Kameron Douglas,ALST,20.0,609.0,Detroit Tigers,alabama state university,True
2023,sa3032840,Kameron Guidry,CIN,,,,,False
2025,sa3038072,Kameron Miller,APP,,,,,False
2024,sa3044953,Kameron Weil,TXST,,,,,False
2021,sa3020201,Kamren James,MSST,,,,,False
2022,sa3020201,Kamren James,MSST,16.0,494.0,Tampa Bay Rays,mississippi state university,True
2021,sa3017919,Kamron Fields,TXSO,,,,,False
2022,sa3042586,Kamron Smith,GMU,,,,,False
2021,sa3045368,Kamron Willman,KSU,,,,,False
2022,sa3045368,Kamron Willman,UNM,,,,,False
2025,sa3030914,Kane Elmy,MUR,,,,,False
2023,sa3035293,Kane Kepley,LIB,,,,,False
2024,sa3035293,Kane Kepley,LIB,,,,,False
2025,sa3035293,Kane Kepley,UNC,2.0,56.0,Chicago Cubs,university of north carolina,True
2023,sa3030409,Kanin Dodge,LAM,,,,,False
2024,sa3030409,Kanin Dodge,LAM,,,,,False
2025,sa3062830,Kanious Davis,ALCN,,,,,False
2025,sa3058819,Kannon Carr,KU,,,,,False
2025,sa3060814,Kareh Valentin,FIU,,,,,False
2025,sa3060875,Karsen Waslefsky,UNM,,,,,False
2024,sa3027304,Karson Bodily,UTAH,,,,,False
2025,sa3058672,Karson Bonaparte,JVST,,,,,False
2023,sa3027471,Karson Bowen,TCU,,,,,False
2024,sa3027471,Karson Bowen,TCU,,,,,False
2025,sa3027471,Karson Bowen,TCU,,,,,False
2025,sa3031078,Karson Evans,UNO,,,,,False
2025,sa3034451,Karson Irvin,NICH,,,,,False
2025,sa3035735,Karson Krowka,AMCC,,,,,False
2022,sa3036337,Karson Ligon,MIA,,,,,False
2023,sa3036337,Karson Ligon,MIA,,,,,False
2025,sa3036337,Karson Ligon,MSST,9.0,262.0,Toronto Blue Jays,mississippi state university,True
2021,sa3044388,Karsten Vasquez,UAPB,,,,,False
2022,sa3044388,Karsten Vasquez,UAPB,,,,,False
2021,sa3031545,Kasey Ford,KSU,,,,,False
2021,sa3034185,Kason Howell,AUB,,,,,False
2022,sa3034185,Kason Howell,AUB,,,,,False
2023,sa3034185,Kason Howell,AUB,,,,,False
2024,sa3031795,Kasten Furr,LT,,,,,False
2021,sa3031795,Kasten Furr,UNO,,,,,False
2022,sa3031795,Kasten Furr,UNO,,,,,False
2023,sa3031795,Kasten Furr,UNO,,,,,False
2025,sa3033048,Katcher Halligan,HCU,,,,,False
2024,sa3043596,Kavares Tears,TENN,4.0,134.0,San Diego Padres,university of tennessee,True
2024,sa3028609,Kavi Caster,GTWN,,,,,False
2025,sa3028609,Kavi Caster,GTWN,,,,,False
2021,sa3028598,Kayden Cassidy,UIW,,,,,False
2023,sa3028598,Kayden Cassidy,UIW,,,,,False
2024,sa3034932,Kazuya Jordan,VMI,,,,,False
2025,sa3034932,Kazuya Jordan,VMI,,,,,False
2022,sa3028258,Keagan Calero,DAY,,,,,False
2023,sa3028258,Keagan Calero,DAY,,,,,False
2024,sa3028258,Keagan Calero,DAY,,,,,False
2021,sa3028258,Keagan Calero,UML,,,,,False
2023,sa3034533,Keanu Jacobs-Guishard,GRAM,,,,,False
2025,sa3034533,Keanu Jacobs-Guishard,GRAM,,,,,False
2021,sa3036905,Keanu Maldonado,PV,,,,,False
2022,sa3026113,Keaton Anthony,IOWA,,,,,False
2023,sa3026113,Keaton Anthony,IOWA,,,,,False
2025,sa3058802,Keaton Campbell,ORU,,,,,False
2025,sa3032555,Keaton Grady,DBU,,,,,False
2025,sa3060339,Keaton Ray,MTSU,,,,,False
2021,sa3040687,Keaton Rice,BRAD,,,,,False
2022,sa3040687,Keaton Rice,BRAD,,,,,False
2023,sa3039689,Kebler Peralta,MRSH,,,,,False
2023,sa3026719,Keegan Batka,CMU,,,,,False
2024,sa3026719,Keegan Batka,CMU,,,,,False
2025,sa3031977,Keegan Garis,INST,,,,,False
2024,sa3034774,Keegan Johnson,BALL,,,,,False
2025,sa3034774,Keegan Johnson,BALL,,,,,False
2025,sa3065072,Keegan Knutson,MIZ,,,,,False
2021,sa3036175,Keegan Leffler,UMBC,,,,,False
2022,sa3036175,Keegan Leffler,UMBC,,,,,False
2025,sa3060174,Keegan O'Connor,KSU,,,,,False
2022,sa3039029,Keegan OConnor,QUIN,,,,,False
2023,sa3039029,Keegan OConnor,QUIN,,,,,False
2024,sa3039029,Keegan OConnor,QUIN,,,,,False
2023,sa3044860,Keegan Watson,INST,,,,,False
2024,sa3042834,Keenan Spence,PUR,,,,,False
2025,sa3042834,Keenan Spence,PUR,,,,,False
2023,sa3045671,Kei Yamagishi,QUC,,,,,False
2021,sa3039472,Keiji Parkhurst,GWEB,,,,,False
2021,sa3035743,Keil Krumwiede,OMA,,,,,False
2023,sa3025629,Keith Jones II,NMSU,,,,,False
2024,sa3025629,Keith Jones II,NMSU,9.0,285.0,Texas Rangers,new mexico state university,True
2021,sa3035302,Keith Kerrigan,EIU,,,,,False
2021,sa3043969,Keith Torres,SAC,,,,,False
2021,sa3045064,Kelby Weyler,LAM,,,,,False
2022,sa3045064,Kelby Weyler,LAM,,,,,False
2024,sa3038259,Kellan Montgomery,LBSU,,,,,False
2025,sa3038259,Kellan Montgomery,LBSU,,,,,False
2025,sa3039028,Kellen OConnor,CIN,,,,,False
2022,sa3039028,Kellen OConnor,CSUB,,,,,False
2024,sa3039028,Kellen OConnor,CSUB,,,,,False
2025,sa3040886,Kellen Roberts,EVAN,,,,,False
2021,sa3041582,Kellen Sarver,ILL,,,,,False
2022,sa3041582,Kellen Sarver,ILL,,,,,False
2022,sa3022749,Kellum Clark,MSST,,,,,False
2023,sa3022749,Kellum Clark,MSST,20.0,606.0,New York Mets,mississippi state university,True
2022,sa3026312,Kelly Austin,UCLA,,,,,False
2023,sa3026312,Kelly Austin,UCLA,,,,,False
2023,sa3029388,Kelly Corl,NIA,,,,,False
2024,sa3029388,Kelly Corl,NIA,,,,,False
2025,sa3060264,Kelton Phillips,TXSO,,,,,False
2025,sa3058465,Kelvin Agosto,ALST,,,,,False
2021,sa3031607,Kelyn Fox,FAMU,,,,,False
2022,sa3031607,Kelyn Fox,FAMU,,,,,False
2022,sa3022562,Kemp Alderman,MISS,,,,,False
2023,sa3022562,Kemp Alderman,MISS,2.0,47.0,Miami Marlins,university of mississippi,True
2023,sa3044164,Ken Turner,BRY,,,,,False
2021,sa3031096,Kendal Ewell,EKU,,,,,False
2022,sa3031096,Kendal Ewell,EKU,,,,,False
2025,sa3062816,Kendall Brookins,MVSU,,,,,False
2023,sa3030316,Kendall Diggs,ARK,,,,,False
2024,sa3030316,Kendall Diggs,ARK,,,,,False
2024,sa3031097,Kendall Ewell,UIC,,,,,False
2024,sa3036754,Kendall Lyons,UIC,,,,,False
2021,sa3037610,Kendall McGowan,APP,,,,,False
2022,sa3039835,Kendall Pettis,OU,,,,,False
2023,sa3039835,Kendall Pettis,OU,,,,,False
2024,sa3039835,Kendall Pettis,OU,,,,,False
2022,sa3039911,Kendall Pierson,BUCK,,,,,False
2022,sa3028268,Kendrick Calilao,FLA,,,,,False
2023,sa3039366,Kenji Pallares,CSUN,,,,,False
2025,sa3039366,Kenji Pallares,LMU,,,,,False
2024,sa3034887,Kennedy Jones,SC,,,,,False
2022,sa3034887,Kennedy Jones,UNCG,,,,,False
2023,sa3034887,Kennedy Jones,UNCG,,,,,False
2024,sa3034698,Kenneth Jimenez,HOU,,,,,False
2025,sa3034698,Kenneth Jimenez,HOU,,,,,False
2025,sa3060242,Kenneth Perez,WIU,,,,,False
2025,sa3059157,Kenney Fabian,UAPB,,,,,False
2025,sa3059019,Kenny Decelle,SF,,,,,False
2023,sa3030411,Kenny Dodson,CAN,,,,,False
2025,sa3030701,Kenny Dutka,HCU,,,,,False
2025,sa3059572,Kenny Ishikawa,SEA,,,,,False
2021,sa3036270,Kenny Levari,ODU,,,,,False
2022,sa3036270,Kenny Levari,ODU,,,,,False
2023,sa3036270,Kenny Levari,ODU,,,,,False
2024,sa3036270,Kenny Levari,ODU,,,,,False
2023,sa3036377,Kenny Lippman,MD,,,,,False
2024,sa3036377,Kenny Lippman,MD,,,,,False
2023,sa3036923,Kenny Mallory Jr.,ELON,,,,,False
2024,sa3036923,Kenny Mallory Jr.,ELON,,,,,False
2025,sa3036923,Kenny Mallory Jr.,ELON,,,,,False
2025,sa3037970,Kenny Michaels,WOF,,,,,False
2021,sa3039312,Kenny Oyama,LMU,,,,,False
2022,sa3039312,Kenny Oyama,UCLA,,,,,False
2021,sa3040992,Kenny Rodriguez,LR,,,,,False
2022,sa3042016,Kenny Serwa,DAY,,,,,False
2021,sa3042016,Kenny Serwa,UCF,,,,,False
2024,sa3041725,Kent Schmidt,GASO,,,,,False
2025,sa3041725,Kent Schmidt,GT,,,,,False
2023,sa3030833,Kenten Egbert,M-OH,,,,,False
2021,sa3029559,Kenton Crews,EVAN,,,,,False
2024,sa3030224,Kenton Deverman,EVAN,,,,,False
2025,sa3030224,Kenton Deverman,EVAN,,,,,False
2021,sa3045761,Kenyon Yovan,ORE,,,,,False
2025,sa3060097,Keon Moseni,CARK,,,,,False
2024,sa3042132,Keondre Shelton,LONG,,,,,False
2022,sa3029598,Kerrington Cross,CIN,,,,,False
2023,sa3029598,Kerrington Cross,CIN,,,,,False
2024,sa3029598,Kerrington Cross,CIN,,,,,False
2025,sa3029598,Kerrington Cross,CIN,7.0,220.0,San Diego Padres,university of cincinnati,True
2021,sa3027519,Kerry Boykins,GRAM,,,,,False
2023,sa3027519,Kerry Boykins,GRAM,,,,,False
2021,sa3019893,Keshawn Ogans,CAL,,,,,False
2022,sa3019893,Keshawn Ogans,CAL,20.0,605.0,Atlanta Braves,"university of california, berkeley",True
2021,sa3017879,Kevin Abel,ORST,7.0,210.0,Cincinnati Reds,oregon state university,True
2023,sa3025511,Kevin Bazzell,TTU,,,,,False
2024,sa3025511,Kevin Bazzell,TTU,3.0,79.0,Washington Nationals,texas tech,True
2022,sa3027050,Kevin Bermudez,LAM,,,,,False
2023,sa3027050,Kevin Bermudez,LAM,,,,,False
2025,sa3027284,Kevin Blowers,PRIN,,,,,False
2022,sa3027896,Kevin Bruggeman,HOF,,,,,False
2023,sa3027896,Kevin Bruggeman,HOF,,,,,False
2022,sa3029736,Kevin Cushing,COR,,,,,False
2025,sa3030169,Kevin Denty,VAL,,,,,False
2022,sa3030518,Kevin Dow,MASS,,,,,False
2021,sa3030593,Kevin Dubrule,ARMY,,,,,False
2022,sa3030593,Kevin Dubrule,ARMY,,,,,False
2023,sa3030593,Kevin Dubrule,ARMY,,,,,False
2025,sa3059098,Kevin Duran,SFA,,,,,False
2021,sa3030730,Kevin Eaise,PENN,,,,,False
2022,sa3030730,Kevin Eaise,PENN,,,,,False
2023,sa3030730,Kevin Eaise,UNC,,,,,False
2024,sa3031211,Kevin Fee,PFW,,,,,False
2023,sa3031275,Kevin Ferrer,NU,,,,,False
2023,sa3031395,Kevin Fitzer,CSUN,,,,,False
2024,sa3031395,Kevin Fitzer,CSUN,,,,,False
2021,sa3020087,Kevin Graham,MISS,,,,,False
2022,sa3020087,Kevin Graham,MISS,14.0,408.0,Arizona Diamondbacks,university of mississippi,True
2021,sa3032803,Kevin Gsell,BING,,,,,False
2023,sa3032803,Kevin Gsell,BING,,,,,False
2025,sa3032961,Kevin Hager,COR,,,,,False
2025,sa3033035,Kevin Hall,PFW,,,,,False
2022,sa3033460,Kevin Haynes,SAC,,,,,False
2024,sa3033460,Kevin Haynes,WSU,,,,,False
2021,sa3033787,Kevin Higgins,SBU,,,,,False
2021,sa3034697,Kevin Jimenez,NMSU,,,,,False
2022,sa3034697,Kevin Jimenez,NMSU,,,,,False
2023,sa3034697,Kevin Jimenez,NMSU,,,,,False
2024,sa3034888,Kevin Jones,UNCW,,,,,False
2025,sa3034888,Kevin Jones,UNCW,,,,,False
2022,sa3035166,Kevin Keister,MD,,,,,False
2023,sa3035166,Kevin Keister,MD,,,,,False
2024,sa3035166,Kevin Keister,MD,,,,,False
2021,sa3017212,Kevin Kendall,UCLA,,,,,False
2021,sa3017005,Kevin Kopps,ARK,3.0,99.0,San Diego Padres,university of arkansas,True
2022,sa3035669,Kevin Koziol,HART,,,,,False
2021,sa3035879,Kevin Lambert,WKU,,,,,False
2024,sa3036826,Kevin Madden,COFC,,,,,False
2022,sa3036826,Kevin Madden,SC,,,,,False
2021,sa3036826,Kevin Madden,VT,,,,,False
2022,sa3037969,Kevin Michaels,SJU,,,,,False
2023,sa3037969,Kevin Michaels,SJU,,,,,False
2025,sa3038018,Kevin Milewski,HALL,,,,,False
2024,sa3039172,Kevin Opanel,MONM,,,,,False
2025,sa3039172,Kevin Opanel,MONM,,,,,False
2021,sa3020575,Kevin Parada,GT,,,,,False
2022,sa3020575,Kevin Parada,GT,,,,,False
2023,sa3040304,Kevin Putsky,NJIT,,,,,False
2024,sa3040304,Kevin Putsky,NJIT,,,,,False
2021,sa3040402,Kevin Raisbeck,WIU,,,,,False
2024,sa3040532,Kevin Reed,EVAN,,,,,False
2025,sa3040532,Kevin Reed,EVAN,,,,,False
2023,sa3040584,Kevin Reilly,BING,,,,,False
2025,sa3040911,Kevin Robinson,NWST,,,,,False
2024,sa3041948,Kevin Seitter,ORE,,,,,False
2022,sa3041948,Kevin Seitter,QUIN,,,,,False
2023,sa3041948,Kevin Seitter,QUIN,,,,,False
2022,sa3022560,Kevin Sim,USD,,,,,False
2023,sa3022560,Kevin Sim,USD,5.0,148.0,Arizona Diamondbacks,university of san diego,True
2021,sa3042383,Kevin Skagerlind,MASS,,,,,False
2022,sa3042383,Kevin Skagerlind,MASS,,,,,False
2023,sa3042383,Kevin Skagerlind,MASS,,,,,False
2024,sa3042383,Kevin Skagerlind,MASS,,,,,False
2021,sa3043077,Kevin Stevens,RGV,,,,,False
2022,sa3043077,Kevin Stevens,RGV,,,,,False
2024,sa3043476,Kevin Takeuchi,USC,,,,,False
2022,sa3044815,Kevin Warunek,LONG,,,,,False
2025,sa3045810,Kevin Zarnoch Jr.,UML,,,,,False
2023,sa3027628,Kewan Braziel,ALCN,,,,,False
2024,sa3027628,Kewan Braziel,ALCN,,,,,False
2025,sa3027628,Kewan Braziel,TXSO,,,,,False
2022,sa3036805,Keylon Mack,GRAM,,,,,False
2023,sa3036805,Keylon Mack,GRAM,,,,,False
2021,sa3017916,Keyshawn Askew,CLEM,10.0,292.0,New York Mets,clemson university,True
2023,sa3025259,Khadim Diaw,LMU,,,,,False
2024,sa3043049,Khal Stephen,MSST,2.0,59.0,Toronto Blue Jays,mississippi state university,True
2023,sa3043049,Khal Stephen,PUR,,,,,False
2021,sa3042588,Khalil Smith,ALCN,,,,,False
2022,sa3042588,Khalil Smith,ALCN,,,,,False
2023,sa3042588,Khalil Smith,ALCN,,,,,False
2024,sa3044680,Khalil Walker,UNM,,,,,False
2025,sa3044680,Khalil Walker,UNM,,,,,False
2023,sa3023473,Khristian Curtis,ASU,12.0,347.0,Pittsburgh Pirates,arizona state university,True
2022,sa3039555,Khristian Paul,SOU,,,,,False
2023,sa3040374,Khyle Radcliffe,SOU,,,,,False
2024,sa3040374,Khyle Radcliffe,SOU,,,,,False
2022,sa3038073,Khyree Miller,WIN,,,,,False
2023,sa3033929,Kian Hogan,SEA,,,,,False
2023,sa3023135,Kiefer Lord,WASH,3.0,86.0,Baltimore Orioles,university of washington,True
2024,sa3044590,Kien Vu,ASU,,,,,False
2025,sa3044590,Kien Vu,ASU,9.0,264.0,Cincinnati Reds,arizona state university,True
2021,sa3037893,Kier Meredith,CLEM,,,,,False
2024,sa3031050,Kieran Etwaru,DSU,,,,,False
2021,sa3042089,Kieran Shaw,USD,,,,,False
2021,sa3044465,Kieran Versaw-Barnes,GMU,,,,,False
2023,sa3022669,Kiko Romero,ARIZ,7.0,222.0,New York Yankees,university of arizona,True
2024,sa3041798,Kimble Schuessler,TEX,,,,,False
2025,sa3041798,Kimble Schuessler,TEX,,,,,False
2021,sa3027586,Kip Brandenburg,UNCW,,,,,False
2023,sa3031588,Kip Fougerousse,EVAN,,,,,False
2024,sa3031588,Kip Fougerousse,EVAN,,,,,False
2021,sa3031588,Kip Fougerousse,IU,,,,,False
2021,sa3037715,Kirby McMullen,FLA,,,,,False
2023,sa3036331,Kirk Liebert,WKU,,,,,False
2022,sa3026518,Kirkland Banks,LAM,,,,,False
2023,sa3026518,Kirkland Banks,LAM,,,,,False
2024,sa3031712,Kishon Frett,FIU,,,,,False
2025,sa3031712,Kishon Frett,FIU,,,,,False
2025,sa3060533,KJ Scobey,SC,,,,,False
2024,sa3045121,KJ White,SOU,,,,,False
2025,sa3045121,KJ White,SOU,,,,,False
2023,sa3040192,Knox Preston,SLU,,,,,False
2022,sa3026077,Kobe Andrade,BAY,,,,,False
2021,sa3026613,Kobe Barnum,LR,,,,,False
2021,sa3033479,Kobe Head,ALCN,,,,,False
2021,sa3017052,Kobe Kato,ARIZ,13.0,388.0,Houston Astros,university of arizona,True
2024,sa3043039,Kobe Stenson,SIE,,,,,False
2024,sa3035732,Koby Kropf,UPST,,,,,False
2025,sa3035732,Koby Kropf,WIN,,,,,False
2024,sa3045679,Kodai Yaoita,DSU,,,,,False
2023,sa3025412,Kodey Shojinaga,KU,,,,,False
2024,sa3025412,Kodey Shojinaga,KU,6.0,192.0,Philadelphia Phillies,university of kansas,True
2023,sa3035614,Kodie Kolden,DBU,,,,,False
2021,sa3035614,Kodie Kolden,WSU,,,,,False
2022,sa3035614,Kodie Kolden,WSU,,,,,False
2021,sa3027999,Kody Bullard,UTA,,,,,False
2023,sa3029842,Kody Darcy,ARST,,,,,False
2021,sa3019982,Kody Huff,STAN,,,,,False
2022,sa3019982,Kody Huff,STAN,7.0,206.0,Colorado Rockies,stanford university,True
2021,sa3040547,Kody Reeser,TOW,,,,,False
2024,sa3044837,Kody Watanabe,SF,,,,,False
2025,sa3044837,Kody Watanabe,SF,,,,,False
2023,sa3025715,Kohl Abrams,UNCA,,,,,False
2021,sa3031319,Kokko Figueiredo,NCCU,,,,,False
2023,sa3027580,Kolby Branch,BAY,,,,,False
2024,sa3027580,Kolby Branch,UGA,,,,,False
2025,sa3027580,Kolby Branch,UGA,,,,,False
2021,sa3034776,Kolby Johnson,CARK,,,,,False
2022,sa3034776,Kolby Johnson,CARK,,,,,False
2023,sa3034776,Kolby Johnson,CARK,,,,,False
2021,sa3033289,Kole Harris,UNCA,,,,,False
2021,sa3035036,Kole Kaler,HAW,,,,,False
2022,sa3035036,Kole Kaler,TA&M,,,,,False
2023,sa3035480,Kole Klecker,TCU,,,,,False
2024,sa3035480,Kole Klecker,TCU,,,,,False
2023,sa3038641,Kole Myers,TROY,,,,,False
2024,sa3038641,Kole Myers,TROY,9.0,280.0,Los Angeles Dodgers,troy university,True
2024,sa3044165,Kole Turner,ARST,,,,,False
2025,sa3044165,Kole Turner,ARST,,,,,False
2024,sa3040802,Kollin Ritchie,OKST,,,,,False
2025,sa3040802,Kollin Ritchie,OKST,,,,,False
2022,sa3025900,Kollyn All,BUT,,,,,False
2023,sa3025900,Kollyn All,BUT,,,,,False
2023,sa3040076,Kolten Poorman,EIU,,,,,False
2024,sa3042589,Kolten Smith,UGA,,,,,False
2022,sa3031692,Kolton Freeman,DART,,,,,False
2023,sa3031692,Kolton Freeman,DART,,,,,False
2024,sa3031692,Kolton Freeman,DART,,,,,False
2025,sa3031692,Kolton Freeman,LMU,,,,,False
2024,sa3025350,Konner Eaton,GMU,6.0,168.0,Colorado Rockies,george mason university,True
2024,sa3035425,Konner Kinkade,UNM,,,,,False
2021,sa3039951,Konner Piotto,WRST,,,,,False
2024,sa3030698,Konni Durschlag,HPU,,,,,False
2025,sa3030698,Konni Durschlag,HPU,,,,,False
2025,sa3030281,Korbyn Dickerson,IU,5.0,152.0,Seattle Mariners,university of indiana,True
2025,sa3058749,Kordell Brown,PAC,,,,,False
2023,sa3038450,Korey Morton,CONN,,,,,False
2024,sa3038450,Korey Morton,CONN,,,,,False
2022,sa3039125,Kory Olsen,WIU,,,,,False
2023,sa3041593,Kota Sato,MTSU,,,,,False
2022,sa3031650,Koty Frank,NEB,,,,,False
2025,sa3038441,Krayton Morse,WIU,,,,,False
2021,sa3027449,Krew Bouldin,DSU,,,,,False
2022,sa3027449,Krew Bouldin,DSU,,,,,False
2023,sa3027449,Krew Bouldin,DSU,,,,,False
2024,sa3027449,Krew Bouldin,DSU,,,,,False
2021,sa3026209,Kris Armstrong,FLA,,,,,False
2023,sa3026209,Kris Armstrong,JAX,,,,,False
2023,sa3033944,Kris Hokenson,MINN,,,,,False
2024,sa3033944,Kris Hokenson,MINN,,,,,False
2021,sa3040403,Krishna Raj,CHSO,,,,,False
2025,sa3025990,Kristian Amaro,NCAT,,,,,False
2023,33644,Kristian Campbell,GT,4.0,132.0,Boston Red Sox,georgia institute of technology,True
2023,sa3042382,Kros Sivley,USM,,,,,False
2024,sa3042382,Kros Sivley,USM,,,,,False
2025,sa3042382,Kros Sivley,USM,,,,,False
2025,sa3025960,Kuhio Aloy,ARK,,,,,False
2024,sa3025960,Kuhio Aloy,BYU,,,,,False
2021,31843,Kumar Rocker,VAN,1.0,10.0,New York Mets,vanderbilt university,True
2024,sa3026623,Kurt Barr,MICH,,,,,False
2025,sa3026623,Kurt Barr,MICH,,,,,False
2024,sa3037227,Kurt Marton,UCR,,,,,False
2025,sa3037227,Kurt Marton,UCR,,,,,False
2022,sa3045412,Kurt Wilson,TTU,,,,,False
2022,sa3028206,Kurtis Byrne,TCU,,,,,False
2023,sa3028206,Kurtis Byrne,TCU,,,,,False
2024,sa3028206,Kurtis Byrne,TCU,,,,,False
2021,sa3042894,Kurtis Stadnicki,MRMK,,,,,False
2022,sa3042894,Kurtis Stadnicki,MRMK,,,,,False
2021,29823,Ky Bush,SMC,,,,,False
2021,sa3033112,Ky Hampton,EIU,,,,,False
2023,sa3037330,Ky Matthews-Hampton,EIU,,,,,False
2024,sa3040321,Kydese Queen,NORF,,,,,False
2025,sa3040321,Kydese Queen,NORF,,,,,False
2025,sa3060747,Kyeler Thompson,TTU,,,,,False
2025,sa3030654,Kylan Duncan,AAMU,,,,,False
2023,sa3026270,Kyle Ashworth,LBSU,,,,,False
2024,sa3026270,Kyle Ashworth,LBSU,,,,,False
2025,sa3026270,Kyle Ashworth,LBSU,,,,,False
2021,sa3026366,Kyle Backhus,SHSU,,,,,False
2021,sa3026443,Kyle Baker,DEL,,,,,False
2021,sa3026486,Kyle Ball,STET,,,,,False
2022,sa3026486,Kyle Ball,STET,,,,,False
2025,sa3065503,Kyle Batt,RID,,,,,False
2021,sa3026725,Kyle Battle,ODU,,,,,False
2021,sa3026991,Kyle Benson,PRES,,,,,False
2024,sa3027381,Kyle Booker,ORU,,,,,False
2025,sa3058713,Kyle Branch,OU,,,,,False
2021,sa3027649,Kyle Brennan,BEL,,,,,False
2024,sa3028227,Kyle Caccamise,SBU,,,,,False
2025,sa3062822,Kyle Calzadiaz,SJSU,,,,,False
2021,sa3028437,Kyle Caringi,SBU,,,,,False
2022,sa3028437,Kyle Caringi,SBU,,,,,False
2022,sa3028859,Kyle Chmielewski,LAF,,,,,False
2023,sa3028859,Kyle Chmielewski,LAF,,,,,False
2023,sa3028937,Kyle Cincinnati,UMES,,,,,False
2022,sa3029079,Kyle Coburn,UVU,,,,,False
2022,sa3019884,Kyle Crigger,LT,7.0,202.0,Miami Marlins,louisiana tech university,True
2021,sa3029650,Kyle Cuellar,UCLA,,,,,False
2021,sa3029659,Kyle Cullen,SFA,,,,,False
2022,sa3029659,Kyle Cullen,SFA,,,,,False
2022,sa3025260,Kyle DeBarge,UL,,,,,False
2023,sa3025260,Kyle DeBarge,UL,,,,,False
2024,sa3025260,Kyle DeBarge,UL,1.0,33.0,Minnesota Twins,university of louisiana,True
2021,sa3030005,Kyle Decker,PRES,,,,,False
2022,sa3030005,Kyle Decker,PRES,,,,,False
2023,sa3030005,Kyle Decker,PRES,,,,,False
2024,sa3030181,Kyle Dernedde,MICH,,,,,False
2022,sa3030181,Kyle Dernedde,ORST,,,,,False
2023,sa3030181,Kyle Dernedde,ORST,,,,,False
2025,sa3030775,Kyle Eddington,UMBC,,,,,False
2024,sa3030816,Kyle Edwards,ODU,,,,,False
2025,sa3030816,Kyle Edwards,ODU,,,,,False
2021,sa3031408,Kyle Fitzgerald,SLU,,,,,False
2022,sa3031408,Kyle Fitzgerald,SLU,,,,,False
2025,sa3031570,Kyle Fossum,YSU,,,,,False
2024,sa3031909,Kyle Garbowski,QUIN,,,,,False
2025,sa3031909,Kyle Garbowski,QUIN,,,,,False
2025,sa3059294,Kyle Gibson,ILST,,,,,False
2021,sa3032668,Kyle Greenler,ELON,,,,,False
2021,sa3032864,Kyle Gurney,BGSU,,,,,False
2022,sa3032864,Kyle Gurney,BGSU,,,,,False
2023,sa3032864,Kyle Gurney,BGSU,,,,,False
2023,sa3033146,Kyle Hannon,PSU,,,,,False
2024,sa3033146,Kyle Hannon,PSU,,,,,False
2021,sa3033451,Kyle Hayes,GMU,,,,,False
2025,sa3033452,Kyle Hayes,WKU,,,,,False
2023,sa3033604,Kyle Henington,UPST,,,,,False
2022,sa3033729,Kyle Hess,CREI,,,,,False
2025,sa3033729,Kyle Hess,CREI,,,,,False
2021,sa3033728,Kyle Hess,PITT,,,,,False
2023,sa3033728,Kyle Hess,PITT,,,,,False
2022,sa3034216,Kyle Huckstorf,IOWA,,,,,False
2023,sa3034216,Kyle Huckstorf,IOWA,,,,,False
2024,sa3034216,Kyle Huckstorf,IOWA,,,,,False
2023,sa3034469,Kyle Iwinski,PUR,,,,,False
2023,sa3034505,Kyle Jackson,KENT,,,,,False
2024,sa3034505,Kyle Jackson,KENT,,,,,False
2021,sa3034639,Kyle Jenkins,ALCN,,,,,False
2024,sa3034780,Kyle Johnson,DUKE,,,,,False
2022,sa3034778,Kyle Johnson,UCSB,,,,,False
2024,sa3034889,Kyle Jones,STET,,,,,False
2021,sa3020556,Kyle Jones,TOL,,,,,False
2022,sa3020556,Kyle Jones,TOL,7.0,204.0,Minnesota Twins,university of toledo,True
2021,33252,Kyle Karros,UCLA,,,,,False
2022,33252,Kyle Karros,UCLA,,,,,False
2023,33252,Kyle Karros,UCLA,,,,,False
2022,sa3035331,Kyle Khachadourian,UNO,,,,,False
2021,sa3035511,Kyle Klingenbeck,NKU,,,,,False
2022,sa3035511,Kyle Klingenbeck,NKU,,,,,False
2022,sa3035797,Kyle Kush,CAN,,,,,False
2023,sa3035797,Kyle Kush,CAN,,,,,False
2022,sa3035824,Kyle LaCalameto,HOU,,,,,False
2021,sa3035901,Kyle Landers,UNM,,,,,False
2022,sa3035901,Kyle Landers,UNM,,,,,False
2025,sa3035939,Kyle Langley,JMU,,,,,False
2025,sa3036254,Kyle Lesler,FAIR,,,,,False
2022,sa3036254,Kyle Lesler,MAN,,,,,False
2025,sa3059833,Kyle Lodise,GT,,,,,False
2022,sa3020378,Kyle Luckham,ASU,15.0,441.0,Washington Nationals,arizona state university,True
2021,sa3020378,Kyle Luckham,CSUF,,,,,False
2022,sa3036755,Kyle Lyons,BUCK,,,,,False
2023,sa3036755,Kyle Lyons,BUCK,,,,,False
2023,sa3036793,Kyle Machado,UNA,,,,,False
2024,sa3036793,Kyle Machado,UNA,,,,,False
2022,sa3036865,Kyle Mahady,SPU,,,,,False
2023,sa3036865,Kyle Mahady,SPU,,,,,False
2021,29794,Kyle Manzardo,WSU,2.0,63.0,Tampa Bay Rays,washington state university,True
2022,sa3037356,Kyle Maves,QUIN,,,,,False
2023,sa3037356,Kyle Maves,QUIN,,,,,False
2025,sa3059960,Kyle McConachie,AKR,,,,,False
2023,sa3037510,Kyle McCoy,MD,,,,,False
2025,sa3037510,Kyle McCoy,MD,8.0,234.0,Cincinnati Reds,university of maryland,True
2025,sa3037536,Kyle McDaniel,UTU,,,,,False
2021,sa3037900,Kyle Merkle,PRES,,,,,False
2021,sa3038074,Kyle Miller,SEMO,,,,,False
2024,sa3038189,Kyle Moats,AFA,,,,,False
2022,sa3038193,Kyle Mock,TROY,,,,,False
2023,sa3038193,Kyle Mock,TROY,,,,,False
2024,sa3038193,Kyle Mock,TROY,,,,,False
2025,sa3060094,Kyle Morrison,USA,,,,,False
2023,sa3038461,Kyle Mosley,PITT,,,,,False
2021,sa3038587,Kyle Murphy,NE,,,,,False
2025,sa3038625,Kyle Musser,COR,,,,,False
2024,sa3038772,Kyle Neri,RID,,,,,False
2025,sa3038772,Kyle Neri,RID,,,,,False
2021,sa3019894,Kyle Nevin,BAY,,,,,False
2022,sa3019894,Kyle Nevin,BAY,11.0,345.0,Los Angeles Dodgers,baylor university,True
2021,sa3038944,Kyle Novak,JMU,,,,,False
2022,sa3038944,Kyle Novak,JMU,,,,,False
2023,sa3038944,Kyle Novak,JMU,,,,,False
2025,sa3060201,Kyle Panganiban,CSUN,,,,,False
2024,sa3040132,Kyle Potthoff,NU,,,,,False
2023,sa3040475,Kyle Ratliff,SIUE,,,,,False
2025,sa3040475,Kyle Ratliff,SIUE,,,,,False
2023,sa3040479,Kyle Rausch,NAVY,,,,,False
2024,sa3040609,Kyle Remington,MINN,,,,,False
2025,sa3040609,Kyle Remington,MINN,,,,,False
2021,sa3040698,Kyle Rich,DBU,,,,,False
2021,sa3040707,Kyle Richardson,ETSU,,,,,False
2021,sa3040744,Kyle Riesselmann,GAST,,,,,False
2023,sa3040744,Kyle Riesselmann,WCU,,,,,False
2024,sa3040744,Kyle Riesselmann,WCU,,,,,False
2021,sa3040864,Kyle Robeniol,UTAH,,,,,False
2024,sa3025537,Kyle Robinson,TTU,11.0,316.0,Oakland Athletics,texas tech,True
2024,sa3040938,Kyle Roche,RICH,,,,,False
2024,sa3041160,Kyle Rosenfeld,WIU,,,,,False
2021,sa3041265,Kyle Ruehlman,GWEB,,,,,False
2022,sa3041332,Kyle Russell,WSU,,,,,False
2023,sa3041332,Kyle Russell,WSU,,,,,False
2024,sa3041332,Kyle Russell,WSU,,,,,False
2021,sa3041518,Kyle Sandstrom,CHSO,,,,,False
2022,sa3041658,Kyle Schaefer,MRSH,,,,,False
2023,sa3041658,Kyle Schaefer,MRSH,,,,,False
2021,sa3041715,Kyle Schmack,VAL,,,,,False
2022,sa3041715,Kyle Schmack,VAL,,,,,False
2023,sa3041715,Kyle Schmack,VAL,,,,,False
2024,sa3041715,Kyle Schmack,VAL,,,,,False
2023,sa3041790,Kyle Schroedle,EMU,,,,,False
2024,sa3041790,Kyle Schroedle,EMU,,,,,False
2025,sa3041821,Kyle Schupmann,ILL,,,,,False
2021,sa3041857,Kyle Scott,CP,,,,,False
2021,sa3041912,Kyle Seebach,NIU,,,,,False
2022,sa3041912,Kyle Seebach,NIU,,,,,False
2021,sa3042157,Kyle Sherick,SEA,,,,,False
2022,sa3042157,Kyle Sherick,SEA,,,,,False
2021,sa3042591,Kyle Smith,PV,,,,,False
2022,sa3042592,Kyle Smith,RID,,,,,False
2022,sa3042704,Kyle Soberano,ILST,,,,,False
2024,sa3042812,Kyle Speas,MSM,,,,,False
2023,sa3042812,Kyle Speas,UMES,,,,,False
2021,sa3043295,Kyle Subers,LAF,,,,,False
2022,sa3043295,Kyle Subers,LAF,,,,,False
2023,sa3043295,Kyle Subers,RICH,,,,,False
2021,33549,Kyle Teel,UVA,,,,,False
2022,33549,Kyle Teel,UVA,,,,,False
2023,33549,Kyle Teel,UVA,1.0,14.0,Boston Red Sox,university of virginia,True
2021,sa3044430,Kyle Velazquez,SMC,,,,,False
2022,sa3044430,Kyle Velazquez,SMC,,,,,False
2023,sa3044518,Kyle Vinci,PRIN,,,,,False
2024,sa3044518,Kyle Vinci,PRIN,,,,,False
2021,sa3017491,Kyle Virbitsky,PSU,,,,,False
2025,sa3044681,Kyle Walker,ASU,8.0,246.0,Houston Astros,arizona state university,True
2023,sa3044681,Kyle Walker,GRAM,,,,,False
2024,sa3044681,Kyle Walker,GRAM,,,,,False
2021,sa3044808,Kyle Warner,CAN,,,,,False
2024,sa3045036,Kyle West,WVU,,,,,False
2025,sa3045036,Kyle West,WVU,13.0,404.0,New York Yankees,university of west virginia,True
2024,sa3045519,Kyle Wolff,BC,,,,,False
2025,sa3045519,Kyle Wolff,BC,,,,,False
2021,sa3026167,Kyler Arenado,UCD,,,,,False
2022,sa3026167,Kyler Arenado,UCD,,,,,False
2023,sa3025510,Kyler Carmack,ARST,,,,,False
2021,sa3028620,Kyler Castillo,UNM,,,,,False
2021,sa3017561,Kyler Fedko,CONN,12.0,369.0,Minnesota Twins,university of connecticut,True
2022,sa3037640,Kyler McIntosh,ALST,,,,,False
2023,sa3037640,Kyler McIntosh,ALST,,,,,False
2024,sa3037640,Kyler McIntosh,ALST,,,,,False
2025,sa3037640,Kyler McIntosh,ALST,,,,,False
2025,sa3040234,Kyler Proctor,APSU,,,,,False
2023,sa3042924,Kyler Stancato,CSUB,,,,,False
2024,sa3042924,Kyler Stancato,CSUB,,,,,False
2024,sa3025884,Kyree Alexander,WIU,,,,,False
2025,sa3025884,Kyree Alexander,WIU,,,,,False
2022,sa3030442,Kyson Donahue,HAW,,,,,False
2023,sa3030442,Kyson Donahue,HAW,,,,,False
2024,sa3030442,Kyson Donahue,HAW,,,,,False
2024,sa3045487,Kyson Witherspoon,OU,,,,,False
2025,sa3045487,Kyson Witherspoon,OU,1.0,15.0,Boston Red Sox,university of oklahoma,True
2024,sa3037551,Kyte McDonald,RICE,,,,,False
2023,sa3037551,Kyte McDonald,WICH,,,,,False
2024,sa3035936,L.P. Langevin,UL,4.0,105.0,Kansas City Royals,university of louisiana,True
2021,sa3017502,Lael Lockhart,ARK,9.0,282.0,Los Angeles Dodgers,university of arkansas,True
2025,sa3040041,Lakin Polk,SELA,,,,,False
2023,sa3027355,Lance Bolton,UNF,,,,,False
2024,sa3041547,Lance Santerre,SF,,,,,False
2025,sa3041547,Lance Santerre,SF,,,,,False
2025,sa3044067,Lance Trippel,USF,,,,,False
2021,sa3027456,Landen Bourassa,SF,,,,,False
2025,sa3059613,Landen Johnson,HPU,,,,,False
2021,30076,Landen Roupp,UNCW,12.0,356.0,San Francisco Giants,university of north carolina at wilmington,True
2025,sa3058469,Landon Akers,BELL,,,,,False
2021,sa3026380,Landon Badger,SDST,,,,,False
2025,sa3026885,Landon Beidelschies,ARK,6.0,187.0,Atlanta Braves,university of arkansas,True
2024,sa3026885,Landon Beidelschies,OSU,,,,,False
2025,sa3065030,Landon DiBeradin,MERC,,,,,False
2022,sa3031699,Landon Frei,UTAH,,,,,False
2023,sa3031699,Landon Frei,UTAH,,,,,False
2025,sa3031699,Landon Frei,UVU,,,,,False
2022,sa3032010,Landon Gartman,MEM,,,,,False
2023,sa3032010,Landon Gartman,MSST,,,,,False
2024,sa3032336,Landon Godsey,BEL,,,,,False
2025,sa3032336,Landon Godsey,BEL,,,,,False
2025,sa3059364,Landon Grigg,ULM,,,,,False
2025,sa3065050,Landon Hairston,ASU,,,,,False
2023,sa3033781,Landon Higgerson,RAD,,,,,False
2022,sa3034934,Landon Jordan,USA,,,,,False
2024,sa3035591,Landon Koenig,NDSU,,,,,False
2025,sa3035591,Landon Koenig,NDSU,,,,,False
2025,sa3059883,Landon Mack,RUTG,,,,,False
2021,sa3017913,Landon Marceaux,LSU,3.0,80.0,Los Angeles Angels,louisiana state university,True
2023,sa3038342,Landon Moran,STET,,,,,False
2024,sa3038342,Landon Moran,STET,,,,,False
2025,sa3038342,Landon Moran,STET,,,,,False
2025,sa3060160,Landon Nunes,UCR,,,,,False
2025,sa3060234,Landon Penfield,COFC,,,,,False
2025,sa3041335,Landon Russell,STET,,,,,False
2025,sa3060532,Landon Scilley,LIB,,,,,False
2021,sa3042090,Landon Shaw,PRES,,,,,False
2021,sa3021979,Landon Sims,MSST,,,,,False
2024,sa3042429,Landon Slemp,CIT,,,,,False
2025,sa3060598,Landon Smelser,TNTC,,,,,False
2022,sa3042461,Landon Smiddy,ETSU,,,,,False
2023,sa3042461,Landon Smiddy,ETSU,,,,,False
2024,sa3042461,Landon Smiddy,TNTC,,,,,False
2024,sa3043278,Landon Stump,UCLA,,,,,False
2025,sa3043278,Landon Stump,UCLA,,,,,False
2023,sa3022798,Landon Tomkins,LT,10.0,287.0,Pittsburgh Pirates,louisiana tech university,True
2022,sa3044701,Landon Wallace,NEV,,,,,False
2023,sa3044701,Landon Wallace,WVU,,,,,False
2022,sa3044958,Landon Weins,PUR,,,,,False
2025,sa3045037,Landon West,RICE,,,,,False
2024,sa3045241,Landon Willeman,BGSU,,,,,False
2025,sa3045241,Landon Willeman,BGSU,,,,,False
2025,sa3060931,Landon Williams,PV,,,,,False
2024,sa3035000,Landry Jurecka,QUC,,,,,False
2025,sa3035000,Landry Jurecka,QUC,,,,,False
2025,sa3059336,Landyn Grant,PV,,,,,False
2023,sa3044483,Landyn Vidourek,CIN,,,,,False
2024,sa3044483,Landyn Vidourek,CIN,,,,,False
2025,sa3044483,Landyn Vidourek,CIN,3.0,104.0,Los Angeles Dodgers,university of cincinnati,True
2021,sa3027434,Lane Botkin,HCU,,,,,False
2022,sa3027670,Lane Brewster,SHSU,,,,,False
2025,sa3027670,Lane Brewster,TAR,,,,,False
2025,sa3029608,Lane Crowden,SIUE,,,,,False
2023,sa3030379,Lane Diuguid,WKU,,,,,False
2021,sa3031427,Lane Flamm,XAV,,,,,False
2021,sa3031559,Lane Forsythe,MSST,,,,,False
2024,sa3031559,Lane Forsythe,OKST,,,,,False
2021,sa3032483,Lane Gordon,ALCN,,,,,False
2022,sa3034067,Lane Hoover,ECU,,,,,False
2023,sa3034067,Lane Hoover,ECU,,,,,False
2023,sa3038076,Lane Miller,INST,,,,,False
2025,sa3043874,Lane Tobin,CIT,,,,,False
2025,sa3059115,Larry Edwards,MCN,,,,,False
2021,sa3031530,Larson Fontenot,NWST,,,,,False
2022,sa3031530,Larson Fontenot,NWST,,,,,False
2021,sa3043881,Lathan Todd,CIT,,,,,False
2024,sa3027762,Lauden Brooks,CIN,,,,,False
2025,sa3027762,Lauden Brooks,CIN,,,,,False
2023,sa3038898,Lawrence Q Noble,UAPB,,,,,False
2023,sa3031822,Lawson Gailey,USF,,,,,False
2022,sa3033292,Lawson Harrill,CAM,,,,,False
2023,sa3033292,Lawson Harrill,CAM,,,,,False
2024,sa3033292,Lawson Harrill,CAM,,,,,False
2021,sa3033825,Lawson Hill,WOF,,,,,False
2022,sa3033825,Lawson Hill,WOF,,,,,False
2024,sa3035546,Lawson Knight,GWEB,,,,,False
2025,sa3035546,Lawson Knight,GWEB,,,,,False
2021,sa3041747,Layne Schnitz-Paxton,TOL,,,,,False
2023,sa3034782,Lebarron Johnson Jr.,TEX,,,,,False
2024,sa3034782,Lebarron Johnson Jr.,TEX,5.0,139.0,Colorado Rockies,university of texas,True
2022,sa3042595,Ledgend Smith,ORU,,,,,False
2025,sa3025977,Ledy Alvarez,JKST,,,,,False
2024,sa3025921,Lee Allen Jr.,PV,,,,,False
2024,sa3026000,Lee Amedee,UL,,,,,False
2025,sa3026000,Lee Amedee,UL,,,,,False
2025,sa3030900,Lee Ellis,OSU,,,,,False
2021,sa3043707,Lee Thomas,UIW,,,,,False
2025,sa3044046,Lee Trevino,FRES,,,,,False
2023,sa3038217,Leewood Molessa,UMBC,,,,,False
2025,sa3038217,Leewood Molessa,UMBC,,,,,False
2024,sa3027146,Leif Bigelow,MASS,,,,,False
2024,sa3026511,Leighton Banjoff,BGSU,,,,,False
2022,sa3026511,Leighton Banjoff,NEB,,,,,False
2024,sa3031345,Leighton Finley,UGA,,,,,False
2025,sa3031345,Leighton Finley,UGA,6.0,178.0,Boston Red Sox,university of georgia,True
2024,sa3034640,Leighton Jenkins,UNA,,,,,False
2025,sa3034640,Leighton Jenkins,UNA,,,,,False
2024,sa3045414,Leland Wilson,NDSU,,,,,False
2021,sa3035782,Lenni Kunert,NWST,,,,,False
2024,sa3026263,Lenny Ashby,KU,,,,,False
2022,sa3026262,Lenny Junior Ashby,UNM,,,,,False
2023,sa3026262,Lenny Junior Ashby,UNM,,,,,False
2024,sa3038247,Lenny Montesano,JKST,,,,,False
2025,sa3059829,Lenox Lively,QUC,,,,,False
2021,sa3035069,Leo Kaplan,NU,,,,,False
2021,sa3037062,Leo Markotic,AMCC,,,,,False
2022,sa3037062,Leo Markotic,AMCC,,,,,False
2023,sa3037062,Leo Markotic,AMCC,,,,,False
2022,sa3039717,Leo Perez,AMCC,,,,,False
2025,sa3027618,Leonardo Bravo,PV,,,,,False
2023,sa3037486,LeTrey McCollum,UCSB,,,,,False
2025,sa3037486,LeTrey McCollum,UCSB,,,,,False
2025,sa3025695,Levi Abbott,CAN,,,,,False
2021,sa3018119,Levi David,NWST,9.0,262.0,New York Mets,northwestern state university of louisiana,True
2022,sa3032075,Levi Gazarek,BGSU,,,,,False
2024,sa3034659,Levi Jensen,UNA,,,,,False
2024,sa3037417,Levi McAllister,ALB,,,,,False
2025,sa3037417,Levi McAllister,ALB,,,,,False
2025,sa3040444,Levi Randall,UTU,,,,,False
2021,sa3019886,Levi Usher,LOU,,,,,False
2022,sa3019886,Levi Usher,LOU,10.0,295.0,Kansas City Royals,university of louisville,True
2022,sa3023441,Levi Wells,TXST,,,,,False
2023,sa3023441,Levi Wells,TXST,4.0,118.0,Baltimore Orioles,texas state university,True
2025,sa3060358,Lew Rice,CHSO,,,,,False
2023,sa3026614,Lewis Barnum,BRY,,,,,False
2024,sa3040993,Lewis Rodriguez,MRST,,,,,False
2025,sa3040993,Lewis Rodriguez,MRST,,,,,False
2022,sa3027310,Lex Boedicker,UCF,,,,,False
2023,sa3027310,Lex Boedicker,UCF,,,,,False
2024,sa3027310,Lex Boedicker,UCF,,,,,False
2025,sa3027310,Lex Boedicker,UCF,,,,,False
2022,sa3026656,Leyton Barry,UTSA,,,,,False
2023,sa3026656,Leyton Barry,UTSA,,,,,False
2021,sa3026946,Liam Bendo,JOES,,,,,False
2022,sa3026946,Liam Bendo,JOES,,,,,False
2024,sa3028139,Liam Bushey,WIU,,,,,False
2025,sa3028139,Liam Bushey,WIU,,,,,False
2021,sa3030228,Liam Devine,SBU,,,,,False
2022,sa3030228,Liam Devine,SBU,,,,,False
2023,sa3030228,Liam Devine,SBU,,,,,False
2023,sa3030545,Liam Doyle,CCU,,,,,False
2024,sa3030545,Liam Doyle,MISS,,,,,False
2025,sa3030545,Liam Doyle,TENN,1.0,5.0,St. Louis Cardinals,university of tennessee,True
2021,sa3030778,Liam Eddy,WICH,,,,,False
2022,sa3032357,Liam Golden,NAVY,,,,,False
2023,sa3032357,Liam Golden,NAVY,,,,,False
2021,sa3033759,Liam Hibbits,VCU,,,,,False
2021,29844,Liam Hicks,ARST,9.0,254.0,Texas Rangers,arkansas state university,True
2025,sa3065551,Liam Kinneen,PRIN,,,,,False
2023,sa3037440,Liam McCallum,COPP,,,,,False
2021,sa3037552,Liam McDonnell,JMU,,,,,False
2022,sa3037552,Liam McDonnell,JMU,,,,,False
2022,sa3037576,Liam McFadden-Ackman,NKU,,,,,False
2023,sa3037576,Liam McFadden-Ackman,NKU,,,,,False
2024,sa3037576,Liam McFadden-Ackman,NKU,,,,,False
2021,sa3017625,Liam McGill,BRY,9.0,277.0,Atlanta Braves,bryant university,True
2025,sa3037672,Liam Mckillop,SIUE,,,,,False
2025,sa3039005,Liam OBrien,HAW,,,,,False
2025,sa3039076,Liam OHearen,LEH,,,,,False
2024,sa3039330,Liam Paddack,GONZ,18.0,529.0,Chicago White Sox,gonzaga university,True
2025,sa3039547,Liam Patton,VAL,,,,,False
2024,sa3039785,Liam Peterson,FLA,,,,,False
2025,sa3039785,Liam Peterson,FLA,,,,,False
2023,sa3040935,Liam Rocha,CBU,,,,,False
2024,sa3041234,Liam Royster,NORF,,,,,False
2021,sa3017289,Liam Spence,TENN,5.0,154.0,Chicago Cubs,university of tennessee,True
2025,sa3060686,Liam Stumpf,CMU,,,,,False
2022,sa3022952,Liam Sullivan,UGA,,,,,False
2023,sa3022952,Liam Sullivan,UGA,13.0,375.0,Washington Nationals,university of georgia,True
2021,sa3026085,Lincoln Andrews,SEMO,,,,,False
2022,sa3026085,Lincoln Andrews,SEMO,,,,,False
2023,sa3026085,Lincoln Andrews,SEMO,,,,,False
2023,sa3039185,Lincoln Orellana,PEPP,,,,,False
2022,sa3040766,Lincoln Riley,EIU,,,,,False
2023,sa3040766,Lincoln Riley,EIU,,,,,False
2025,sa3060562,Lincoln Sheffield,KSU,,,,,False
2021,sa3027927,LJ Bryant,FAMU,,,,,False
2022,sa3027927,LJ Bryant,FAMU,,,,,False
2022,sa3035160,LJ Keevan,UML,,,,,False
2025,sa3037892,LJ Mercurius,UNLV,,,,,False
2022,sa3025922,Logan Allen,BRY,,,,,False
2022,sa3026006,Logan Amiss,VCU,,,,,False
2023,sa3026006,Logan Amiss,VCU,,,,,False
2024,sa3026445,Logan Baker,SPU,,,,,False
2025,sa3026445,Logan Baker,SPU,,,,,False
2022,sa3026800,Logan Beard,LOU,,,,,False
2023,sa3026800,Logan Beard,LOU,,,,,False
2023,sa3027064,Logan Berrier,LONG,,,,,False
2023,sa3027234,Logan Bland,MUR,,,,,False
2021,sa3027472,Logan Bowen,BEL,,,,,False
2023,sa3027614,Logan Braunschweig,UAB,,,,,False
2024,sa3027614,Logan Braunschweig,UAB,,,,,False
2025,sa3027614,Logan Braunschweig,UAB,9.0,277.0,Atlanta Braves,university of alabama at birmingham,True
2024,sa3027619,Logan Bravo,DUKE,,,,,False
2022,sa3027619,Logan Bravo,HARV,,,,,False
2023,sa3027619,Logan Bravo,HARV,,,,,False
2023,sa3023170,Logan Britt,ACU,17.0,504.0,Los Angeles Angels,abilene christian university,True
2025,sa3028610,Logan Castellano,MRMK,,,,,False
2024,sa3028630,Logan Castleman,MORE,,,,,False
2021,sa3017661,Logan Cerny,TROY,10.0,295.0,Philadelphia Phillies,troy university,True
2024,sa3028724,Logan Chambers,MOST,,,,,False
2022,sa3020890,Logan Clayton,HOU,17.0,498.0,Arizona Diamondbacks,university of houston,True
2022,sa3029137,Logan Cole,HART,,,,,False
2025,sa3062829,Logan Darnell,MVSU,,,,,False
2023,sa3030086,Logan Delgado,BRAD,,,,,False
2024,sa3030086,Logan Delgado,BRAD,,,,,False
2022,sa3030847,Logan Eickhoff,EIU,,,,,False
2023,sa3030847,Logan Eickhoff,EIU,,,,,False
2022,33699,Logan Evans,PITT,,,,,False
2023,33699,Logan Evans,PITT,12.0,367.0,Seattle Mariners,university of pittsburgh,True
2025,sa3031560,Logan Forsythe,LT,13.0,397.0,Atlanta Braves,louisiana tech university,True
2022,sa3031662,Logan Frasier,BRY,,,,,False
2022,sa3031864,Logan Gallina,NMSU,,,,,False
2023,sa3032143,Logan Gerling,UVU,,,,,False
2021,sa3032143,Logan Gerling,WASH,,,,,False
2021,sa3032209,Logan Gilbertson,CARK,,,,,False
2025,sa3059355,Logan Gregorio,NIU,,,,,False
2022,sa3033368,Logan Haskell,BING,,,,,False
2024,sa3033368,Logan Haskell,BING,,,,,False
2025,sa3033368,Logan Haskell,BING,,,,,False
2025,sa3059433,Logan Hastings,MD,,,,,False
2023,sa3033746,Logan Hewitt,SHSU,,,,,False
2024,sa3033746,Logan Hewitt,SHSU,,,,,False
2021,sa3034230,Logan Hudson,WMU,,,,,False
2024,sa3034267,Logan Hughes,STET,,,,,False
2025,sa3034267,Logan Hughes,TTU,,,,,False
2023,sa3034274,Logan Hugo,EMU,,,,,False
2024,sa3034274,Logan Hugo,EMU,,,,,False
2025,sa3034274,Logan Hugo,EMU,,,,,False
2021,sa3034600,Logan Jarvis,BEL,,,,,False
2022,sa3034600,Logan Jarvis,BEL,,,,,False
2025,sa3034783,Logan Johnstone,WSU,,,,,False
2021,sa3034893,Logan Jones,OHIO,,,,,False
2025,sa3034892,Logan Jones,TOL,,,,,False
2022,sa3034935,Logan Jordan,CAM,,,,,False
2023,sa3034935,Logan Jordan,CAM,,,,,False
2021,sa3035188,Logan Keller,NAVY,,,,,False
2022,sa3035188,Logan Keller,NAVY,,,,,False
2023,sa3035188,Logan Keller,NAVY,,,,,False
2024,sa3035188,Logan Keller,NAVY,,,,,False
2022,sa3035187,Logan Kellerman,BUCK,,,,,False
2024,sa3035547,Logan Knight,NDSU,,,,,False
2025,sa3035547,Logan Knight,NDSU,,,,,False
2022,sa3035598,Logan Koester,GW,,,,,False
2023,sa3035598,Logan Koester,GW,,,,,False
2024,sa3035598,Logan Koester,MD,,,,,False
2022,sa3035604,Logan Kohler,MEM,,,,,False
2023,sa3035604,Logan Kohler,MEM,,,,,False
2024,sa3035604,Logan Kohler,MSST,,,,,False
2021,sa3035825,Logan Lacey,FSU,,,,,False
2022,sa3035825,Logan Lacey,FSU,,,,,False
2022,sa3036120,Logan Leax,GW,,,,,False
2024,sa3036120,Logan Leax,SF,,,,,False
2022,sa3036260,Logan Letney,HCU,,,,,False
2025,sa3059858,Logan Lowe,UNCA,,,,,False
2023,sa3036695,Logan Lunceford,MIZ,,,,,False
2024,sa3036695,Logan Lunceford,MIZ,,,,,False
2025,sa3036695,Logan Lunceford,WAKE,12.0,375.0,Los Angeles Dodgers,wake forest university,True
2021,sa3037302,Logan Mathieu,LIB,,,,,False
2022,sa3037302,Logan Mathieu,LIB,,,,,False
2025,sa3037364,Logan Maxwell,ARK,,,,,False
2024,sa3037364,Logan Maxwell,TCU,,,,,False
2022,sa3037696,Logan McLeod,LT,,,,,False
2023,sa3037696,Logan McLeod,LT,,,,,False
2023,sa3037880,Logan Mercado,ORE,,,,,False
2021,sa3037971,Logan Michaels,UVA,,,,,False
2025,sa3038194,Logan Mock,NICH,,,,,False
2021,sa3038566,Logan Muratalla,MAN,,,,,False
2022,sa3039278,Logan Ott,MD,,,,,False
2024,sa3039846,Logan Pfannenbecker,MAN,,,,,False
2025,sa3040124,Logan Poteet,CLT,,,,,False
2021,sa3040138,Logan Pouelsen,HAW,,,,,False
2024,sa3040515,Logan Reddemann,USD,,,,,False
2025,sa3040515,Logan Reddemann,USD,,,,,False
2023,sa3041176,Logan Ross,TROY,,,,,False
2024,sa3041176,Logan Ross,TROY,,,,,False
2025,sa3041304,Logan Runde,FIU,,,,,False
2022,sa3041579,Logan Sartori,FGCU,,,,,False
2023,sa3041610,Logan Sauve,WVU,,,,,False
2024,sa3041610,Logan Sauve,WVU,,,,,False
2025,sa3041610,Logan Sauve,WVU,7.0,200.0,Sacramento Athletics,west virginia university,True
2024,sa3041728,Logan Schmidt,XAV,,,,,False
2025,sa3041728,Logan Schmidt,XAV,,,,,False
2024,sa3041729,Logan Schmitt,QUC,,,,,False
2022,sa3041727,Logan Schmitt,SLU,,,,,False
2024,sa3042681,Logan Snow,MILW,,,,,False
2024,sa3043353,Logan Sutter,PUR,,,,,False
2025,sa3043353,Logan Sutter,PUR,,,,,False
2021,sa3020117,Logan Tanner,MSST,,,,,False
2022,sa3020117,Logan Tanner,MSST,2.0,55.0,Cincinnati Reds,mississippi state university,True
2021,sa3043708,Logan Thomason,EKU,,,,,False
2022,sa3043708,Logan Thomason,EKU,,,,,False
2023,sa3043708,Logan Thomason,EKU,,,,,False
2021,sa3044363,Logan Van Treeck,LIP,,,,,False
2023,sa3044363,Logan Van Treeck,LIP,9.0,258.0,Cincinnati Reds,lipscomb university,True
2024,sa3044400,Logan Vaughan,AMCC,,,,,False
2024,sa3044751,Logan Walters,JVST,,,,,False
2024,sa3045011,Logan Wenzel,SPU,,,,,False
2022,sa3025561,Logan Whitaker,NCSU,,,,,False
2023,sa3025561,Logan Whitaker,NCSU,,,,,False
2024,sa3025561,Logan Whitaker,NCSU,19.0,578.0,Minnesota Twins,north carolina state university,True
2021,sa3045206,Logan Wiley,MOST,,,,,False
2025,sa3045207,Logan Wiley,UMBC,,,,,False
2022,sa3045328,Logan Williams,NDSU,,,,,False
2024,sa3045709,Logan Ymker,RICH,,,,,False
2024,sa3030221,Logen Devenport,NKU,,,,,False
2025,sa3030221,Logen Devenport,NKU,,,,,False
2024,sa3028498,Lorenzo Carrier,MIA,,,,,False
2025,sa3028498,Lorenzo Carrier,PITT,,,,,False
2021,sa3030873,Lorenzo Elion,OAK,,,,,False
2023,sa3037876,Lorenzo Meola,STET,,,,,False
2024,sa3037876,Lorenzo Meola,STET,,,,,False
2025,sa3037876,Lorenzo Meola,STET,4.0,116.0,San Francisco Giants,stetson university,True
2023,sa3039786,Lorenzo Peterson,GRAM,,,,,False
2021,sa3040223,Lou Priolo,RID,,,,,False
2025,sa3058834,Louis Castano,HCU,,,,,False
2021,sa3029861,Louis Davenport,EKU,,,,,False
2022,sa3036380,Louis Lipthratt,BCU,,,,,False
2023,sa3036380,Louis Lipthratt,BCU,,,,,False
2024,sa3037048,Louis Marinaro,SJU,,,,,False
2024,sa3040994,Louis Rodriguez,TCU,,,,,False
2025,sa3040994,Louis Rodriguez,TCU,,,,,False
2025,sa3058893,LT Cockrill,DEL,,,,,False
2024,sa3031421,Luc Fladda,TULN,,,,,False
2025,sa3031421,Luc Fladda,TULN,,,,,False
2024,sa3036055,Luc Lavigueur,ME,,,,,False
2021,sa3036372,Luc Lipcius,TENN,,,,,False
2022,sa3036372,Luc Lipcius,TENN,,,,,False
2023,sa3029835,Luca Danos,W&M,,,,,False
2022,sa3036576,Luca Lotito,IONA,,,,,False
2023,sa3036576,Luca Lotito,IONA,,,,,False
2021,sa3017394,Luca Tresh,NCSU,17.0,499.0,Kansas City Royals,north carolina state university,True
2021,sa3044056,Luca Trigiani,JOES,,,,,False
2022,sa3044056,Luca Trigiani,JOES,,,,,False
2024,sa3044056,Luca Trigiani,W&M,,,,,False
2025,sa3058475,Lucas Alberti,GMU,,,,,False
2022,sa3022996,Lucas Braun,CSUN,,,,,False
2023,sa3022996,Lucas Braun,CSUN,6.0,189.0,Atlanta Braves,"california state university, northridge",True
2023,sa3028460,Lucas Carmichael,W&M,,,,,False
2024,sa3028460,Lucas Carmichael,W&M,,,,,False
2025,sa3028460,Lucas Carmichael,W&M,,,,,False
2024,sa3029438,Lucas Costello,MIA,,,,,False
2021,sa3029438,Lucas Costello,WAKE,,,,,False
2023,sa3029438,Lucas Costello,WAKE,,,,,False
2024,sa3029959,Lucas Day,OAK,,,,,False
2021,sa3030348,Lucas DiLuca,EIU,,,,,False
2022,sa3030348,Lucas DiLuca,EIU,,,,,False
2023,sa3030348,Lucas DiLuca,EIU,,,,,False
2021,sa3016820,Lucas Dunn,LOU,8.0,250.0,San Diego Padres,university of louisville,True
2022,sa3023036,Lucas Gordon,TEX,,,,,False
2023,sa3023036,Lucas Gordon,TEX,6.0,179.0,Chicago White Sox,university of texas at austin,True
2024,sa3033352,Lucas Hartman,FGCU,,,,,False
2025,sa3033352,Lucas Hartman,WKU,,,,,False
2024,sa3034458,Lucas Ismalli,USA,,,,,False
2025,sa3034458,Lucas Ismalli,USA,,,,,False
2024,sa3034785,Lucas Johnson,EMU,,,,,False
2024,sa3036514,Lucas Loos,EIU,,,,,False
2024,sa3036871,Lucas Mahlstedt,CLEM,,,,,False
2023,sa3036871,Lucas Mahlstedt,WOF,,,,,False
2025,sa3038303,Lucas Moore,LOU,,,,,False
2021,sa3038686,Lucas Nasonti,YSU,,,,,False
2022,sa3038686,Lucas Nasonti,YSU,,,,,False
2025,sa3040221,Lucas Pringle,CHSO,,,,,False
2025,sa3040723,Lucas Rick,WMU,,,,,False
2021,sa3041089,Lucas Rollins,JOES,,,,,False
2025,sa3060621,Lucas Smith,UIC,,,,,False
2024,sa3042835,Lucas Spence,SIUE,,,,,False
2025,sa3043002,Lucas Steele,AUB,,,,,False
2023,sa3043002,Lucas Steele,SAM,,,,,False
2024,sa3043002,Lucas Steele,SAM,,,,,False
2021,sa3026325,Luis Aviles,TULN,,,,,False
2022,sa3026325,Luis Aviles,TULN,,,,,False
2023,sa3030077,Luis DeLeon,LONG,,,,,False
2021,sa3030077,Luis DeLeon,NCCU,,,,,False
2023,sa3033683,Luis Hernandez,INST,,,,,False
2024,sa3033683,Luis Hernandez,INST,,,,,False
2025,sa3059479,Luis Hernandez,LSU,,,,,False
2025,sa3039932,Luis Pimentel-Guerrero,SAC,,,,,False
2021,sa3020831,Luis Ramirez,LBSU,,,,,False
2024,sa3040996,Luis Rodriguez,ALST,,,,,False
2022,sa3040995,Luis Rodriguez,FGCU,,,,,False
2023,sa3044128,Luis Tuero,BCU,,,,,False
2021,sa3022887,LuJames Groover,CLT,,,,,False
2022,sa3022887,LuJames Groover,NCSU,,,,,False
2023,sa3022887,LuJames Groover,NCSU,,,,,False
2025,sa3029305,Lukas Cook,PUR,,,,,False
2023,sa3031175,Lukas Farris,WKU,,,,,False
2024,sa3031840,Lukas Galdoni,M-OH,,,,,False
2021,sa3034545,Lukas Jaksich,BALL,,,,,False
2024,sa3039957,Lukas Pirko,CBU,,,,,False
2022,sa3043970,Lukas Torres,WAG,,,,,False
2024,sa3043970,Lukas Torres,WAG,,,,,False
2025,sa3043970,Lukas Torres,WAG,,,,,False
2021,sa3044419,Lukas Veinbergs,MIZ,,,,,False
2021,sa3017592,Luke Albright,KENT,6.0,168.0,Arizona Diamondbacks,kent state university,True
2024,sa3025987,Luke Alwood,SEA,,,,,False
2023,sa3026061,Luke Anderson,BYU,,,,,False
2024,sa3026061,Luke Anderson,BYU,,,,,False
2025,sa3026061,Luke Anderson,BYU,,,,,False
2023,sa3026227,Luke Arnold,WRST,,,,,False
2025,sa3026227,Luke Arnold,WRST,,,,,False
2024,sa3026547,Luke Bard,HCU,,,,,False
2025,sa3026547,Luke Bard,HCU,,,,,False
2022,sa3026858,Luke Beckstein,NE,,,,,False
2023,sa3026858,Luke Beckstein,NE,,,,,False
2024,sa3026858,Luke Beckstein,NE,,,,,False
2022,sa3026912,Luke Bell,XAV,,,,,False
2023,sa3026912,Luke Bell,XAV,,,,,False
2021,sa3026978,Luke Benneche,LAF,,,,,False
2022,sa3026978,Luke Benneche,LAF,,,,,False
2023,sa3026978,Luke Benneche,NU,,,,,False
2024,sa3026978,Luke Benneche,NU,,,,,False
2021,sa3027514,Luke Boyers,TCU,,,,,False
2022,sa3027514,Luke Boyers,TCU,,,,,False
2023,sa3027514,Luke Boyers,TCU,,,,,False
2024,sa3027514,Luke Boyers,TCU,,,,,False
2022,sa3027526,Luke Boynton,GAST,,,,,False
2023,sa3027526,Luke Boynton,GAST,,,,,False
2023,sa3027713,Luke Broadhurst,CONN,,,,,False
2024,sa3027713,Luke Broadhurst,CONN,,,,,False
2021,sa3027854,Luke Brown,APSU,,,,,False
2022,sa3027854,Luke Brown,APSU,,,,,False
2021,sa3017333,Luke Brown,LOU,9.0,253.0,Pittsburgh Pirates,university of louisville,True
2023,sa3028378,Luke Cantwell,FDU,,,,,False
2024,sa3028378,Luke Cantwell,PITT,,,,,False
2025,sa3028378,Luke Cantwell,PITT,20.0,610.0,San Diego Padres,university of pittsburgh,True
2022,sa3028818,Luke Cheng,ILST,,,,,False
2025,sa3058921,Luke Cooley,LT,,,,,False
2025,sa3058930,Luke Corcoran,COPP,,,,,False
2024,sa3025433,Luke Craig,UNCW,,,,,False
2023,sa3029541,Luke Craytor,LAF,,,,,False
2021,sa3029951,Luke Dawson,HC,,,,,False
2024,sa3030098,Luke Delongchamp,BRY,,,,,False
2025,sa3030098,Luke Delongchamp,BRY,,,,,False
2021,sa3030582,Luke Drumheller,APP,,,,,False
2022,sa3030582,Luke Drumheller,APP,,,,,False
2023,sa3030582,Luke Drumheller,APP,,,,,False
2021,sa3030817,Luke Edwards,MRSH,,,,,False
2022,sa3030817,Luke Edwards,MRSH,,,,,False
2023,sa3030817,Luke Edwards,MRSH,,,,,False
2022,sa3030867,Luke Eldred,DBU,,,,,False
2024,sa3030901,Luke Ellis,MEM,,,,,False
2025,sa3030912,Luke Elmore,AFA,,,,,False
2024,sa3031326,Luke Filippi,ALB,,,,,False
2025,sa3031326,Luke Filippi,ALB,,,,,False
2021,sa3023673,Luke Fox,DUKE,,,,,False
2022,sa3023673,Luke Fox,DUKE,,,,,False
2021,sa3019854,Luke Franzoni,XAV,,,,,False
2022,sa3019854,Luke Franzoni,XAV,19.0,568.0,Los Angeles Angels,xavier university,True
2025,sa3031815,Luke Gaffney,CLEM,,,,,False
2024,sa3031815,Luke Gaffney,PUR,,,,,False
2024,sa3031827,Luke Gainer,OMA,,,,,False
2022,sa3031988,Luke Garofalo,CCSU,,,,,False
2023,sa3031988,Luke Garofalo,CCSU,,,,,False
2021,sa3032157,Luke Gesell,UNCW,,,,,False
2021,sa3019986,Luke Gold,BC,,,,,False
2022,sa3019986,Luke Gold,BC,5.0,147.0,Detroit Tigers,boston college,True
2024,sa3033104,Luke Hammond,XAV,,,,,False
2021,sa3033122,Luke Hancock,MSST,,,,,False
2022,sa3033122,Luke Hancock,MSST,,,,,False
2023,sa3033122,Luke Hancock,MSST,,,,,False
2023,sa3033162,Luke Hansel,MILW,,,,,False
2024,sa3033162,Luke Hansel,MILW,,,,,False
2024,sa3033183,Luke Hanson,UVA,,,,,False
2025,sa3033183,Luke Hanson,UVA,15.0,445.0,Texas Rangers,university of virginia,True
2025,sa3033295,Luke Harrison,TEX,,,,,False
2024,sa3025504,Luke Hayden,INST,8.0,239.0,Cincinnati Reds,indiana state university,True
2022,sa3033516,Luke Heefner,DBU,,,,,False
2023,sa3033516,Luke Heefner,DBU,,,,,False
2024,sa3033516,Luke Heefner,DBU,,,,,False
2021,sa3033576,Luke Helton,MORE,,,,,False
2022,sa3033576,Luke Helton,MORE,,,,,False
2023,sa3033576,Luke Helton,MORE,,,,,False
2024,sa3033576,Luke Helton,MORE,,,,,False
2023,sa3033754,Luke Heyman,FLA,,,,,False
2024,sa3033754,Luke Heyman,FLA,,,,,False
2025,sa3033754,Luke Heyman,FLA,14.0,422.0,Seattle Mariners,university of florida,True
2023,sa3033826,Luke Hill,ASU,,,,,False
2024,sa3033826,Luke Hill,MISS,,,,,False
2025,sa3033826,Luke Hill,MISS,4.0,143.0,Cleveland Guardians,university of mississippi,True
2025,sa3033977,Luke Holland,UNCG,,,,,False
2023,sa3034003,Luke Holman,ALA,,,,,False
2024,sa3034003,Luke Holman,LSU,2.0,71.0,Cincinnati Reds,louisiana state university,True
2023,sa3034126,Luke Hoskins,XAV,,,,,False
2024,sa3034126,Luke Hoskins,XAV,,,,,False
2025,sa3034126,Luke Hoskins,XAV,,,,,False
2021,sa3034441,Luke Ira,SDST,,,,,False
2022,sa3034441,Luke Ira,SDST,,,,,False
2023,sa3034441,Luke Ira,SDST,,,,,False
2024,sa3034464,Luke Iverson,UVU,,,,,False
2025,sa3034464,Luke Iverson,UVU,,,,,False
2025,sa3034641,Luke Jenkins,UNCG,,,,,False
2024,sa3034688,Luke Jewett,UCLA,,,,,False
2021,sa3034784,Luke Johnson,UMBC,,,,,False
2022,sa3034784,Luke Johnson,UMBC,,,,,False
2023,sa3034784,Luke Johnson,UMBC,,,,,False
2024,sa3034784,Luke Johnson,UMBC,10.0,290.0,Washington Nationals,"university of maryland, baltimore",True
2023,33321,Luke Keaschall,ASU,2.0,49.0,Minnesota Twins,arizona state university,True
2021,33321,Luke Keaschall,SF,,,,,False
2022,33321,Luke Keaschall,SF,,,,,False
2024,sa3036069,Luke Lawrence,ILST,,,,,False
2025,sa3036069,Luke Lawrence,UK,,,,,False
2021,sa3036248,Luke Lesch,RID,,,,,False
2022,sa3036248,Luke Lesch,RID,,,,,False
2023,sa3036248,Luke Lesch,RID,,,,,False
2024,sa3036248,Luke Lesch,RID,,,,,False
2025,sa3036261,Luke Leto,TOL,,,,,False
2022,sa3036273,Luke Leverton,M-OH,,,,,False
2021,sa3036503,Luke Longo,NJIT,,,,,False
2022,sa3036503,Luke Longo,NJIT,,,,,False
2023,sa3036503,Luke Longo,NJIT,,,,,False
2024,sa3036503,Luke Longo,NJIT,,,,,False
2024,sa3036707,Luke Luskey,SDST,,,,,False
2025,sa3036707,Luke Luskey,SDST,,,,,False
2024,sa3036752,Luke Lyon,TROY,,,,,False
2021,sa3036937,Luke Malone,UTSA,,,,,False
2022,sa3036937,Luke Malone,UTSA,,,,,False
2023,sa3036937,Luke Malone,UTSA,,,,,False
2021,sa3022529,Luke Mann,MIZ,,,,,False
2022,sa3022529,Luke Mann,MIZ,,,,,False
2023,sa3022529,Luke Mann,MIZ,14.0,406.0,Oakland Athletics,university of missouri,True
2021,sa3037016,Luke Marbach,AMCC,,,,,False
2024,sa3037248,Luke Masiuk,HOF,,,,,False
2025,sa3037248,Luke Masiuk,HOF,,,,,False
2025,sa3059945,Luke Matthews,KENT,,,,,False
2022,sa3037332,Luke Matthews,PRES,,,,,False
2024,sa3037487,Luke McCollough,VILL,,,,,False
2025,sa3037487,Luke McCollough,VILL,,,,,False
2021,sa3037621,Luke McGuire,EMU,,,,,False
2025,sa3037734,Luke McNeillie,FLA,,,,,False
2025,sa3060025,Luke Meyers,WSU,,,,,False
2025,sa3038158,Luke Mistone,MUR,,,,,False
2024,sa3038642,Luke Myers,ALB,,,,,False
2025,sa3038642,Luke Myers,ALB,,,,,False
2023,sa3038642,Luke Myers,UMES,,,,,False
2025,sa3038683,Luke Nascimento,BUCK,,,,,False
2024,sa3038843,Luke Nichols,LT,,,,,False
2025,sa3038843,Luke Nichols,LT,,,,,False
2024,sa3038891,Luke Nixon,NCSU,,,,,False
2025,sa3038891,Luke Nixon,NCSU,,,,,False
2024,sa3038916,Luke Nomura,FAIR,,,,,False
2025,sa3038916,Luke Nomura,FAIR,,,,,False
2023,sa3038960,Luke Nowak,ECU,,,,,False
2025,sa3038960,Luke Nowak,UIC,17.0,518.0,Kansas City Royals,university of illinois chicago,True
2025,sa3039041,Luke Odden,GASO,,,,,False
2023,sa3039138,Luke Olson,OHIO,,,,,False
2023,sa3039177,Luke Orbon,SJU,,,,,False
2024,sa3039177,Luke Orbon,SJU,,,,,False
2025,sa3039177,Luke Orbon,SJU,,,,,False
2022,sa3039551,Luke Patzner,INST,,,,,False
2023,sa3039623,Luke Pectol,LR,,,,,False
2024,sa3039623,Luke Pectol,LR,,,,,False
2024,sa3039655,Luke Pemberton,PEPP,,,,,False
2022,sa3040260,Luke Pryor,MSM,,,,,False
2023,sa3040260,Luke Pryor,MSM,,,,,False
2021,sa3040632,Luke Rettig,LEH,,,,,False
2022,sa3040632,Luke Rettig,LEH,,,,,False
2023,sa3040632,Luke Rettig,LEH,,,,,False
2021,sa3040913,Luke Robinson,WCU,,,,,False
2024,sa3040998,Luke Rodriguez,UCLA,,,,,False
2022,sa3041064,Luke Roggenburk,SBU,,,,,False
2023,sa3041064,Luke Roggenburk,SBU,,,,,False
2024,sa3041064,Luke Roggenburk,SBU,,,,,False
2025,sa3041064,Luke Roggenburk,SBU,,,,,False
2021,sa3041164,Luke Roskam,NEB,,,,,False
2024,sa3041177,Luke Ross,M-OH,,,,,False
2023,sa3023502,Luke Russo,EMU,16.0,493.0,Philadelphia Phillies,eastern michigan university,True
2025,sa3062894,Luke Sanders,ALCN,,,,,False
2025,sa3041634,Luke Scales,BELL,,,,,False
2023,sa3041737,Luke Schmolke,GT,,,,,False
2021,sa3041834,Luke Schwartz,WIU,,,,,False
2021,sa3041914,Luke Seed,LOU,,,,,False
2023,sa3041922,Luke Sefcik,CMU,,,,,False
2021,sa3041938,Luke Seidel,MILW,,,,,False
2022,sa3041938,Luke Seidel,MILW,,,,,False
2023,sa3041938,Luke Seidel,MILW,,,,,False
2022,sa3022694,Luke Shliger,MD,,,,,False
2023,sa3022694,Luke Shliger,MD,6.0,180.0,San Francisco Giants,university of maryland,True
2024,sa3042216,Luke Short,CAL,,,,,False
2023,sa3042362,Luke Sinnard,IU,,,,,False
2022,sa3042599,Luke Smith,JOES,,,,,False
2021,sa3042598,Luke Smith,LOU,,,,,False
2021,sa3042847,Luke Spillane,UCI,,,,,False
2022,sa3042847,Luke Spillane,UCI,,,,,False
2023,sa3042847,Luke Spillane,UCI,,,,,False
2021,sa3042899,Luke Stageberg,COFC,,,,,False
2022,sa3043050,Luke Stephenson,ELON,,,,,False
2023,sa3043050,Luke Stephenson,ELON,,,,,False
2024,sa3043081,Luke Stevenson,UNC,,,,,False
2025,sa3043081,Luke Stevenson,UNC,1.0,35.0,Seattle Mariners,university of north carolina,True
2023,sa3043151,Luke Stofel,WRST,,,,,False
2022,sa3043186,Luke Storm,DUKE,,,,,False
2023,sa3043186,Luke Storm,DUKE,,,,,False
2025,sa3043274,Luke Stulga,ILST,,,,,False
2025,sa3043451,Luke Szepek,STBK,,,,,False
2025,sa3060734,Luke Thiele,WSU,,,,,False
2023,sa3043710,Luke Thomas,UNCG,,,,,False
2021,sa3043942,Luke Torbert,KENN,,,,,False
2022,sa3043942,Luke Torbert,KENN,,,,,False
2025,sa3065437,Luke Trout,BRWN,,,,,False
2022,sa3044101,Luke Trythall,UMBC,,,,,False
2023,sa3044101,Luke Trythall,UMBC,,,,,False
2024,sa3044101,Luke Trythall,UMBC,,,,,False
2023,sa3044525,Luke Vinson,MTSU,,,,,False
2024,sa3044525,Luke Vinson,MTSU,,,,,False
2021,sa3017075,Luke Waddell,GT,,,,,False
2024,sa3044627,Luke Wagner,PUR,,,,,False
2024,sa3044762,Luke Walton,TOL,,,,,False
2025,sa3044762,Luke Walton,TOL,,,,,False
2023,sa3044841,Luke Waters,ODU,,,,,False
2024,sa3044841,Luke Waters,ODU,,,,,False
2025,sa3044841,Luke Waters,ODU,,,,,False
2022,sa3045543,Luke Wood,COFC,,,,,False
2023,sa3045543,Luke Wood,COFC,,,,,False
2024,sa3045543,Luke Wood,COFC,,,,,False
2022,sa3045662,Luke Yacinich,COR,,,,,False
2021,sa3045867,Luke Zimmerman,JOES,,,,,False
2024,sa3045867,Luke Zimmerman,JOES,,,,,False
2021,sa3045595,Luther Woullard,UNO,,,,,False
2023,sa3025307,Lyle Miller-Green,APSU,,,,,False
2024,sa3025307,Lyle Miller-Green,APSU,17.0,499.0,Chicago White Sox,austin peay state university,True
2025,sa3059308,Lyndon Glidewell,APSU,,,,,False
2025,sa3038416,M.T. Morrissey,NJIT,,,,,False
2023,sa3026341,Mac Ayres,PFW,,,,,False
2024,sa3026341,Mac Ayres,PFW,,,,,False
2021,sa3027162,Mac Bingham,ARIZ,,,,,False
2022,sa3027162,Mac Bingham,ARIZ,,,,,False
2023,sa3027162,Mac Bingham,ARIZ,,,,,False
2024,sa3027162,Mac Bingham,LSU,,,,,False
2024,sa3028066,Mac Burke,DART,,,,,False
2023,sa3029815,Mac Danford,UTM,,,,,False
2024,sa3029815,Mac Danford,UTM,,,,,False
2025,sa3066616,Mac Floyd,MVSU,,,,,False
2025,sa3032235,Mac Gillespie,UNCW,,,,,False
2024,sa3032867,Mac Guscette,ALA,,,,,False
2025,sa3033740,Mac Heuer,TTU,8.0,254.0,New York Yankees,texas tech university,True
2022,sa3022885,Mac Horvath,UNC,,,,,False
2023,sa3022885,Mac Horvath,UNC,2.0,53.0,Baltimore Orioles,university of north carolina,True
2022,sa3022444,Mac McCroskey,ORU,,,,,False
2023,sa3022444,Mac McCroskey,ORU,20.0,594.0,Los Angeles Angels,oral roberts university,True
2024,sa3038216,Mac Moise,FGCU,,,,,False
2025,sa3038216,Mac Moise,FGCU,,,,,False
2025,sa3060423,Mac Rose,VAN,,,,,False
2025,sa3060792,Mac Tufts,LONG,,,,,False
2024,sa3045682,Mac Yarbrough,NORF,,,,,False
2024,sa3030717,Macaddin Dye,LIB,,,,,False
2021,sa3020620,Mack Anglin,CLEM,13.0,383.0,Washington Nationals,clemson university,True
2022,sa3020620,Mack Anglin,CLEM,7.0,205.0,Kansas City Royals,clemson university,True
2025,sa3058737,Mack Brousseau,MCN,,,,,False
2021,sa3016919,Mack Chambers,UNM,11.0,331.0,St. Louis Cardinals,university of new mexico,True
2025,sa3038171,Mack Mitchell,SIUE,,,,,False
2022,sa3043840,Mack Timbrook,KENT,,,,,False
2023,sa3043840,Mack Timbrook,KENT,,,,,False
2024,sa3043840,Mack Timbrook,MICH,,,,,False
2025,sa3045094,Mack Whitcomb,TNTC,,,,,False
2025,sa3045458,Macon Winslow,DUKE,,,,,False
2023,sa3035252,MaCrae Kendrick,NICH,,,,,False
2025,sa3039019,Madden Ocko,FOR,,,,,False
2024,sa3029783,Maddix Dalena,CONN,,,,,False
2025,sa3066094,Maddix Simpson,OSU,,,,,False
2023,sa3036032,Maddox Latta,CSUF,,,,,False
2024,sa3036032,Maddox Latta,CSUF,,,,,False
2025,sa3036032,Maddox Latta,CSUF,,,,,False
2024,sa3036940,Maddox Malony,ORE,,,,,False
2025,sa3036940,Maddox Malony,ORE,,,,,False
2023,sa3037989,Maddox Miesse,ACU,,,,,False
2024,sa3037989,Maddox Miesse,ACU,,,,,False
2025,sa3037989,Maddox Miesse,ACU,,,,,False
2024,sa3037994,Maddox Mihalakis,ARIZ,,,,,False
2025,sa3037994,Maddox Mihalakis,ARIZ,,,,,False
2024,sa3043800,Maddox Thornton,AMCC,,,,,False
2025,sa3044910,Maddox Webb,CIT,,,,,False
2025,sa3066054,Maddux Fleck,JMU,,,,,False
2021,sa3034140,Maddux Houghton,LIP,,,,,False
2022,sa3034140,Maddux Houghton,LIP,,,,,False
2025,sa3038888,Maika Niu,MRSH,,,,,False
2024,sa3038888,Maika Niu,UNO,,,,,False
2022,sa3035573,Maimu Kobayashi,WAG,,,,,False
2023,sa3035573,Maimu Kobayashi,WAG,,,,,False
2025,sa3060716,Makani Tanaka,ORU,,,,,False
2021,sa3033840,MaKhail Hilliard,LSU,,,,,False
2022,sa3033840,MaKhail Hilliard,LSU,,,,,False
2023,sa3036578,Malachi Lott,HOU,,,,,False
2024,sa3036578,Malachi Lott,SHSU,,,,,False
2025,sa3045488,Malachi Witherspoon,OU,2.0,62.0,Detroit Tigers,university of oklahoma,True
2024,sa3044471,Malakai Vetock,CREI,,,,,False
2023,sa3035548,Malakhi Knight,UCLA,,,,,False
2025,sa3035548,Malakhi Knight,WASH,,,,,False
2023,sa3025250,Malcolm Moore,STAN,,,,,False
2024,sa3025250,Malcolm Moore,STAN,1.0,30.0,Texas Rangers,stanford university,True
2021,sa3043853,Malcolm Tipler,APSU,,,,,False
2023,sa3045332,Malcolm Williams,SCU,,,,,False
2024,sa3045332,Malcolm Williams,SCU,,,,,False
2025,sa3045332,Malcolm Williams,SCU,,,,,False
2021,sa3031618,Malik Frails,AAMU,,,,,False
2022,sa3039787,Malik Peters,NIU,,,,,False
2023,sa3039787,Malik Peters,NIU,,,,,False
2022,sa3043052,Malik Stephens,BCU,,,,,False
2021,sa3045330,Malik Williams,LIP,,,,,False
2022,sa3045330,Malik Williams,LIP,,,,,False
2025,sa3060907,Manning West,KU,,,,,False
2021,sa3031943,Manny Garcia,LT,,,,,False
2023,sa3032023,Manny Garza,RICE,,,,,False
2024,sa3032023,Manny Garza,RICE,,,,,False
2024,sa3034509,Manny Jackson,NORF,,,,,False
2025,sa3059913,Manny Marin,TENN,,,,,False
2024,sa3042780,Manny Souffrain,BCU,,,,,False
2022,sa3044572,Manny Vorhees,NKU,,,,,False
2023,sa3044572,Manny Vorhees,NKU,,,,,False
2025,sa3028755,Manoah Chapman,UCR,,,,,False
2021,sa3029099,Marc Coffers,FGCU,,,,,False
2021,sa3036693,Marc Luna,GRAM,,,,,False
2021,sa3044772,Marc Wangenstein,ALB,,,,,False
2025,sa3045334,Marc Willi,MASS,,,,,False
2024,sa3037273,Marcello Mastroianni,GTWN,,,,,False
2022,sa3020889,Marcelo Perez,TCU,11.0,336.0,Seattle Mariners,texas christian university,True
2025,sa3025897,Marco Ali,HALL,,,,,False
2022,sa3025897,Marco Ali,MRST,,,,,False
2023,sa3025897,Marco Ali,MRST,,,,,False
2024,sa3028622,Marco Castillo,GTWN,,,,,False
2024,sa3025495,Marco Dinges,FSU,4.0,123.0,Milwaukee Brewers,florida state university,True
2024,sa3030647,Marco Dumsky,DART,,,,,False
2022,sa3028621,Marcos Castillo,COPP,,,,,False
2024,sa3031892,Marcos Gamboa,BCU,,,,,False
2022,sa3033698,Marcos Herrand,COPP,,,,,False
2023,sa3033698,Marcos Herrand,COPP,,,,,False
2021,sa3040280,Marcos Pujols,DAY,,,,,False
2022,sa3040280,Marcos Pujols,DAY,,,,,False
2023,sa3040280,Marcos Pujols,DAY,,,,,False
2025,sa3041142,Marcos Rosales,CSUF,,,,,False
2022,sa3026289,Marcus Atterberry,JKST,,,,,False
2023,sa3026289,Marcus Atterberry,JKST,,,,,False
2022,sa3027733,Marcus Brodil,USF,,,,,False
2024,sa3027733,Marcus Brodil,USF,,,,,False
2025,sa3027733,Marcus Brodil,USF,,,,,False
2022,sa3022676,Marcus Brown,OKST,,,,,False
2023,sa3022676,Marcus Brown,OKST,5.0,138.0,Washington Nationals,oklahoma state university,True
2022,sa3028584,Marcus Cashman,NIA,,,,,False
2023,sa3028584,Marcus Cashman,NIA,,,,,False
2023,sa3029055,Marcus Cline,MILW,,,,,False
2024,sa3029055,Marcus Cline,TULN,,,,,False
2024,sa3029811,Marcus Danchision,LEH,,,,,False
2025,sa3029811,Marcus Danchision,LEH,,,,,False
2022,sa3030990,Marcus Ernst,OSU,,,,,False
2023,sa3030990,Marcus Ernst,OSU,,,,,False
2025,sa3031875,Marcus Galvan,GCU,,,,,False
2025,sa3059327,Marcus Goodpaster,BUT,,,,,False
2025,sa3059420,Marcus Harrison,NKU,,,,,False
2025,sa3033741,Marcus Heusohn,MCN,,,,,False
2021,sa3020324,Marcus Johnson,DUKE,,,,,False
2022,sa3020324,Marcus Johnson,DUKE,4.0,112.0,Miami Marlins,duke university,True
2024,sa3038237,Marcus Monroe,SPU,,,,,False
2023,sa3038363,Marcus Morgan,IOWA,,,,,False
2024,sa3038363,Marcus Morgan,IOWA,9.0,282.0,Philadelphia Phillies,university of iowa,True
2022,sa3039150,Marcus OMalley,VCU,,,,,False
2025,sa3039870,Marcus Phillips,TENN,1.0,33.0,Boston Red Sox,university of tennessee,True
2021,sa3043248,Marcus Strother,TOL,,,,,False
2025,sa3044315,Marcus Van Alstine,VMI,,,,,False
2023,sa3034152,Marek Houston,WAKE,,,,,False
2024,sa3034152,Marek Houston,WAKE,,,,,False
2025,sa3034152,Marek Houston,WAKE,1.0,16.0,Minnesota Twins,wake forest university,True
2021,sa3017399,Mariano Ricciardi,DAY,18.0,548.0,Oakland Athletics,university of dayton,True
2021,sa3020192,Mario Camilletti,CMU,,,,,False
2022,sa3020192,Mario Camilletti,CMU,8.0,251.0,Chicago White Sox,central michigan university,True
2022,sa3030125,Mario DeMera,SF,,,,,False
2023,sa3030125,Mario DeMera,SF,,,,,False
2021,sa3036545,Mario Lopez,JKST,,,,,False
2025,sa3039759,Mario Pesca,OKST,,,,,False
2023,sa3039759,Mario Pesca,SJU,,,,,False
2024,sa3039759,Mario Pesca,SJU,,,,,False
2023,sa3027198,Mark Black,GWEB,,,,,False
2024,sa3027198,Mark Black,GWEB,,,,,False
2022,sa3029253,Mark Connelly,MILW,,,,,False
2023,sa3029253,Mark Connelly,MILW,,,,,False
2021,sa3031116,Mark Faello,HOF,,,,,False
2022,sa3031116,Mark Faello,HOF,,,,,False
2023,sa3031116,Mark Faello,HOF,,,,,False
2021,sa3031343,Mark Finkelnburg,SLU,,,,,False
2025,sa3033616,Mark Henning,SFA,,,,,False
2024,sa3033640,Mark Henshon,BRWN,,,,,False
2025,sa3033640,Mark Henshon,BRWN,,,,,False
2021,sa3033719,Mark Herron,DSU,,,,,False
2024,sa3033855,Mark Hindy,W&M,,,,,False
2022,sa3023516,Mark Manfredi,DAY,,,,,False
2023,sa3023516,Mark Manfredi,DAY,9.0,272.0,Milwaukee Brewers,university of dayton,True
2022,sa3037735,Mark McNelly,HALL,,,,,False
2021,sa3038490,Mark Moyer,CARK,,,,,False
2024,sa3040317,Mark Quatrani,COR,,,,,False
2025,sa3040317,Mark Quatrani,COR,,,,,False
2021,sa3042051,Mark Shallenberger,EVAN,,,,,False
2022,sa3042051,Mark Shallenberger,EVAN,,,,,False
2024,sa3042051,Mark Shallenberger,EVAN,,,,,False
2021,sa3043844,Mark Timmins,OMA,,,,,False
2022,sa3043844,Mark Timmins,OMA,,,,,False
2021,sa3044080,Mark Trotta,W&M,,,,,False
2022,sa3044080,Mark Trotta,W&M,,,,,False
2021,sa3044486,Mark Vierling,MIZ,,,,,False
2022,sa3044486,Mark Vierling,SLU,,,,,False
2022,sa3045506,Mark Wolbert,UCD,,,,,False
2023,sa3045506,Mark Wolbert,UCD,,,,,False
2024,sa3045506,Mark Wolbert,UCD,,,,,False
2025,sa3045506,Mark Wolbert,UCD,,,,,False
2025,sa3060586,Marko Sipila,SDSU,,,,,False
2022,sa3020312,Marquis Grissom Jr.,GT,13.0,381.0,Washington Nationals,georgia institute of technology,True
2023,sa3034510,Marquis Jackson,CMU,,,,,False
2024,sa3034833,Marshal Jonas,PV,,,,,False
2021,sa3036676,Marshal Luiz,JKST,,,,,False
2023,sa3036676,Marshal Luiz,JKST,,,,,False
2025,sa3059822,Marshall Lipsey,FAU,,,,,False
2021,sa3042399,Marshall Skinner,NWST,,,,,False
2023,sa3025270,Marshall Toole,WOF,,,,,False
2024,sa3025270,Marshall Toole,WOF,15.0,451.0,New York Yankees,wofford college,True
2023,sa3044649,Marshall Wales,SHSU,,,,,False
2025,sa3043716,Martavius Thomas,GRAM,,,,,False
2024,sa3029923,Martell Davis,ORU,,,,,False
2025,sa3029923,Martell Davis,ORU,,,,,False
2023,sa3028795,Martin Chavarria,HART,,,,,False
2024,sa3044406,Martin Vazquez,RGV,,,,,False
2023,sa3044516,Martin Vincelli-Simard,SAC,,,,,False
2025,sa3029505,Marty Coyne,PENN,,,,,False
2023,sa3033790,Marty Higgins,SJU,,,,,False
2023,sa3032813,Marvcus Guarin,PAC,,,,,False
2021,sa3040246,Masen Prososki,OMA,,,,,False
2021,sa3020388,Mason Adams,JAX,,,,,False
2022,sa3020388,Mason Adams,JAX,13.0,401.0,Chicago White Sox,jacksonville university,True
2022,sa3020622,Mason Barnett,AUB,3.0,87.0,Kansas City Royals,auburn university,True
2021,30171,Mason Black,LEH,3.0,85.0,San Francisco Giants,lehigh university,True
2025,sa3062560,Mason Blasche,SAM,,,,,False
2025,sa3058719,Mason Brassfield,TCU,,,,,False
2025,sa3027640,Mason Breidenbach,BRAD,,,,,False
2023,sa3028089,Mason Burns,WKU,,,,,False
2023,sa3028143,Mason Buss,KSU,,,,,False
2025,sa3028949,Mason Cisco,CAN,,,,,False
2021,sa3030058,Mason Delane,VCU,,,,,False
2023,sa3030398,Mason Dobie,DAY,,,,,False
2024,sa3030398,Mason Dobie,DAY,,,,,False
2025,sa3030398,Mason Dobie,DAY,,,,,False
2021,sa3030649,Mason Dunaway,JMU,,,,,False
2022,sa3030649,Mason Dunaway,JMU,,,,,False
2023,sa3030649,Mason Dunaway,JMU,,,,,False
2024,sa3030649,Mason Dunaway,JMU,,,,,False
2025,sa3030769,Mason Eckelman,OSU,,,,,False
2021,sa3017685,Mason Erla,MSU,17.0,501.0,Los Angeles Angels,michigan state university,True
2022,31553,Mason Fluharty,LIB,5.0,158.0,Toronto Blue Jays,liberty university,True
2025,sa3059256,Mason Gaines,OMA,,,,,False
2021,sa3032618,Mason Gray,UVU,,,,,False
2022,sa3032618,Mason Gray,UVU,,,,,False
2022,sa3032679,Mason Greer,MOST,,,,,False
2024,sa3032722,Mason Griffin,CARK,,,,,False
2023,sa3025222,Mason Guerra,ORST,,,,,False
2024,sa3025222,Mason Guerra,ORST,14.0,431.0,Atlanta Braves,oregon state university,True
2025,sa3033549,Mason Heiskell,PV,,,,,False
2023,sa3033874,Mason Hirata,NEV,,,,,False
2021,sa3034027,Mason Holt,ULM,,,,,False
2022,sa3034027,Mason Holt,ULM,,,,,False
2024,sa3034032,Mason Holton,WCU,,,,,False
2025,sa3034032,Mason Holton,WCU,,,,,False
2024,sa3034119,Mason Horwat,PSU,,,,,False
2025,sa3034119,Mason Horwat,PSU,,,,,False
2022,sa3034285,Mason Hull,MOST,,,,,False
2023,sa3034285,Mason Hull,MOST,,,,,False
2022,sa3035189,Mason Kelley,NIU,,,,,False
2024,sa3035189,Mason Kelley,NIU,,,,,False
2023,sa3035408,Mason King,CARK,,,,,False
2024,sa3035408,Mason King,CARK,,,,,False
2023,sa3035902,Mason Landers,BEL,,,,,False
2024,sa3035902,Mason Landers,BEL,,,,,False
2023,sa3035972,Mason LaPlante,UGA,,,,,False
2022,sa3035972,Mason LaPlante,YALE,,,,,False
2021,sa3036097,Mason Le,CSUN,,,,,False
2022,sa3036097,Mason Le,CSUN,,,,,False
2023,sa3036097,Mason Le,CSUN,,,,,False
2024,sa3036097,Mason Le,CSUN,,,,,False
2024,sa3036245,Mason Lerma,UCD,,,,,False
2022,sa3036699,Mason Lundgrin,LIP,,,,,False
2023,sa3036699,Mason Lundgrin,LIP,,,,,False
2024,sa3036699,Mason Lundgrin,LIP,,,,,False
2024,sa3036762,Mason Lytle,UTSA,,,,,False
2025,sa3036762,Mason Lytle,UTSA,,,,,False
2024,sa3036958,Mason Maners,AUB,,,,,False
2022,sa3036958,Mason Maners,JVST,,,,,False
2023,sa3036958,Mason Maners,JVST,,,,,False
2021,sa3037037,Mason Marenco,GONZ,,,,,False
2023,sa3025505,Mason Marriott,BAY,,,,,False
2024,sa3025505,Mason Marriott,BAY,6.0,194.0,Arizona Diamondbacks,baylor university,True
2024,sa3037188,Mason Martinez,GRAM,,,,,False
2025,sa3037188,Mason Martinez,GRAM,,,,,False
2024,sa3037493,Mason McConnaughey,NEB,,,,,False
2021,sa3037756,Mason McWhorter,GASO,,,,,False
2021,sa3037946,Mason Meyer,LIB,,,,,False
2021,31757,Mason Miller,GWEB,3.0,97.0,Oakland Athletics,gardner-webb university,True
2021,sa3038139,Mason Minzey,OHIO,,,,,False
2022,sa3038139,Mason Minzey,OHIO,,,,,False
2023,sa3038139,Mason Minzey,OHIO,,,,,False
2024,sa3025586,Mason Molina,ARK,7.0,215.0,Milwaukee Brewers,university of arkansas,True
2022,sa3025586,Mason Molina,TTU,,,,,False
2023,sa3025586,Mason Molina,TTU,,,,,False
2021,29770,Mason Montgomery,TTU,6.0,191.0,Tampa Bay Rays,texas tech university,True
2023,sa3025637,Mason Moore,UK,,,,,False
2024,sa3025637,Mason Moore,UK,15.0,439.0,Seattle Mariners,university of kentucky,True
2025,sa3038414,Mason Morris,MISS,3.0,83.0,Cincinnati Reds,university of mississippi,True
2024,sa3038799,Mason Neville,ORE,,,,,False
2025,sa3038799,Mason Neville,ORE,4.0,114.0,Cincinnati Reds,university of oregon,True
2025,sa3038845,Mason Nichols,MISS,9.0,267.0,Tampa Bay Rays,university of mississippi,True
2023,sa3039139,Mason Olson,BYU,,,,,False
2025,sa3039528,Mason Patel,GT,,,,,False
2021,sa3020381,Mason Pelio,BC,,,,,False
2024,sa3039758,Mason Persons,AMCC,,,,,False
2023,sa3041279,Mason Ruh,NIU,,,,,False
2025,sa3041836,Mason Schwalbach,SIU,,,,,False
2025,sa3062681,Mason Smith,CAM,,,,,False
2022,sa3042819,Mason Speirs,MTSU,,,,,False
2025,sa3043245,Mason Strong,UVU,,,,,False
2021,sa3043268,Mason Studstill,FGCU,,,,,False
2021,sa3043431,Mason Sykes,TOL,,,,,False
2022,sa3043431,Mason Sykes,TOL,,,,,False
2023,sa3043431,Mason Sykes,TOL,,,,,False
2024,sa3043615,Mason Telford,WIU,,,,,False
2023,sa3044232,Mason Ulsh,QUIN,,,,,False
2024,sa3044232,Mason Ulsh,QUIN,,,,,False
2021,sa3044423,Mason Velasquez,NORF,,,,,False
2023,sa3045125,Mason White,ARIZ,,,,,False
2024,sa3045125,Mason White,ARIZ,,,,,False
2025,sa3045125,Mason White,ARIZ,4.0,118.0,Boston Red Sox,university of arizona,True
2024,sa3045335,Mason Williams,SPU,,,,,False
2025,sa3045512,Mason Wolf,NJIT,,,,,False
2021,sa3017328,Mat Nelson,FSU,1.0,35.0,Cincinnati Reds,florida state university,True
2025,sa3059272,Mateo Garcia,SCU,,,,,False
2023,sa3037333,Mateo Matthews,WAG,,,,,False
2024,sa3037333,Mateo Matthews,WAG,,,,,False
2025,sa3037333,Mateo Matthews,WAG,,,,,False
2025,sa3042003,Mateo Serna,MIZ,,,,,False
2025,sa3045841,Mateo Zeppieri,MSM,,,,,False
2023,sa3029729,Mathieu Curtis,UPST,,,,,False
2024,sa3029729,Mathieu Curtis,UPST,,,,,False
2023,sa3044311,Mathieu Vallee,SIU,,,,,False
2024,sa3044311,Mathieu Vallee,SIU,,,,,False
2024,sa3025719,Matt Abshire,ULM,,,,,False
2023,sa3025798,Matt Ager,UCSB,,,,,False
2024,sa3025798,Matt Ager,UCSB,,,,,False
2025,sa3025869,Matt Alduino,QUIN,,,,,False
2025,sa3058511,Matt Archibald,NAVY,,,,,False
2021,sa3026601,Matt Barnes,NIU,,,,,False
2022,sa3026601,Matt Barnes,NIU,,,,,False
2022,sa3026609,Matt Barnhorst,COR,,,,,False
2023,sa3026609,Matt Barnhorst,COR,,,,,False
2024,sa3026609,Matt Barnhorst,COR,,,,,False
2024,sa3026863,Matt Bedford,ND,,,,,False
2022,sa3027026,Matt Bergevin,FAIR,,,,,False
2023,sa3027026,Matt Bergevin,FAIR,,,,,False
2024,sa3027026,Matt Bergevin,FAIR,,,,,False
2022,sa3027337,Matt Boissoneault,SEA,,,,,False
2023,sa3027337,Matt Boissoneault,SEA,,,,,False
2022,sa3027347,Matt Bollenbacher,ETSU,,,,,False
2025,sa3058671,Matt Bolton,BING,,,,,False
2021,sa3027431,Matt Boswell,USA,,,,,False
2022,sa3027431,Matt Boswell,USA,,,,,False
2021,sa3027437,Matt Bottcher,UIC,,,,,False
2024,sa3027515,Matt Boyer,PEPP,,,,,False
2025,sa3027515,Matt Boyer,PEPP,,,,,False
2021,sa3027763,Matt Brooks,CLT,,,,,False
2022,sa3027763,Matt Brooks,CLT,,,,,False
2022,sa3020706,Matt Brosky,YSU,8.0,229.0,Texas Rangers,youngstown state university,True
2022,sa3027858,Matt Brown-Eiring,STBK,,,,,False
2023,sa3027858,Matt Brown-Eiring,STBK,,,,,False
2024,sa3027858,Matt Brown-Eiring,STBK,,,,,False
2023,sa3027938,Matt Bucciero,FAIR,,,,,False
2024,sa3027938,Matt Bucciero,FAIR,,,,,False
2025,sa3027938,Matt Bucciero,FAIR,,,,,False
2021,sa3028056,Matt Burkart,UNCO,,,,,False
2021,sa3029011,Matt Clayton,NEV,,,,,False
2022,sa3029011,Matt Clayton,NEV,,,,,False
2023,sa3029011,Matt Clayton,NEV,,,,,False
2024,sa3029146,Matt Colella,LAF,,,,,False
2025,sa3029146,Matt Colella,LAF,,,,,False
2023,sa3029228,Matt Comnos,CSUB,,,,,False
2021,sa3020413,Matt Coutney,ODU,,,,,False
2022,sa3020413,Matt Coutney,ODU,10.0,298.0,Los Angeles Angels,old dominion university,True
2023,sa3029789,Matt Dallas,ORE,,,,,False
2025,sa3058980,Matt DAmato,BRY,,,,,False
2021,sa3029960,Matt Day,COPP,,,,,False
2024,sa3030183,Matt DeRosa,QUIN,,,,,False
2022,sa3030332,Matt Dillard,SHSU,,,,,False
2022,sa3030453,Matt Donlan,CONN,,,,,False
2021,sa3030558,Matt Draper,UML,,,,,False
2023,sa3030558,Matt Draper,UML,,,,,False
2022,sa3023272,Matt Duffy,CAN,,,,,False
2023,sa3023272,Matt Duffy,CAN,,,,,False
2025,sa3066052,Matt Falk,CCSU,,,,,False
2023,sa3031423,Matt Flaharty,UTAH,,,,,False
2025,sa3031423,Matt Flaharty,UTAH,,,,,False
2025,sa3031424,Matt Flaherty,EVAN,,,,,False
2022,sa3031718,Matt Frey,MICH,,,,,False
2023,sa3031910,Matt Garbowski,CONN,,,,,False
2024,sa3031910,Matt Garbowski,CONN,,,,,False
2022,sa3031944,Matt Garcia,BCU,,,,,False
2023,sa3031944,Matt Garcia,MIZ,,,,,False
2024,sa3031944,Matt Garcia,MIZ,,,,,False
2025,sa3032180,Matt Giberti,HARV,,,,,False
2021,sa3032210,Matt Gilbertson,PITT,,,,,False
2022,sa3032210,Matt Gilbertson,PITT,,,,,False
2023,sa3032341,Matt Goetzmann,OMA,,,,,False
2024,sa3032341,Matt Goetzmann,OMA,,,,,False
2025,sa3032435,Matt Gonzalez,UNO,,,,,False
2021,sa3032455,Matt Goodheart,ARK,,,,,False
2022,sa3033004,Matt Haley,UNM,,,,,False
2021,sa3033085,Matt Hamilton,BRAD,,,,,False
2022,sa3033085,Matt Hamilton,BRAD,,,,,False
2021,sa3033188,Matt Happ,SLU,,,,,False
2022,sa3033188,Matt Happ,SLU,,,,,False
2025,sa3033496,Matt Heavner,NCSU,,,,,False
2023,sa3033930,Matt Hogan,ORU,,,,,False
2025,sa3034412,Matt Ilgenfritz,GWEB,,,,,False
2025,sa3059564,Matt Ineich,OHIO,,,,,False
2022,sa3022906,Matt Jachec,INST,,,,,False
2023,sa3022906,Matt Jachec,INST,18.0,548.0,Cleveland Guardians,indiana state university,True
2021,sa3034684,Matt Jew,SCU,,,,,False
2022,sa3034684,Matt Jew,SCU,,,,,False
2025,sa3035409,Matt King,ASU,10.0,293.0,Pittsburgh Pirates,arizona state university,True
2022,sa3035409,Matt King,UTSA,,,,,False
2023,sa3035409,Matt King,UTSA,,,,,False
2024,sa3035409,Matt King,UTSA,,,,,False
2022,sa3035443,Matt Kirk,EMU,,,,,False
2023,sa3035443,Matt Kirk,EMU,,,,,False
2024,sa3036110,Matt Leahy,RID,,,,,False
2025,sa3036110,Matt Leahy,RID,,,,,False
2025,sa3059791,Matt Leiterman,HCU,,,,,False
2024,sa3036400,Matt Little,HPU,,,,,False
2022,sa3036414,Matt Livingston,SIE,,,,,False
2023,sa3036414,Matt Livingston,SIE,,,,,False
2021,sa3036546,Matt Lopez,CP,,,,,False
2022,sa3036546,Matt Lopez,CP,,,,,False
2024,sa3036741,Matt Lynch,TOW,,,,,False
2022,sa3036939,Matt Maloney,DAY,,,,,False
2023,sa3036939,Matt Maloney,DAY,,,,,False
2024,sa3036939,Matt Maloney,PSU,,,,,False
2024,sa3037239,Matt Masciangelo,SAC,,,,,False
2021,sa3037453,Matt McCarty,MILW,,,,,False
2021,sa3037483,Matt McClure,LMU,,,,,False
2022,sa3037483,Matt McClure,LMU,,,,,False
2023,sa3037483,Matt McClure,NU,,,,,False
2024,sa3037483,Matt McClure,NU,,,,,False
2021,sa3037501,Matt McCormick,WVU,,,,,False
2023,sa3037501,Matt McCormick,XAV,,,,,False
2024,sa3037501,Matt McCormick,XAV,,,,,False
2022,sa3037541,Matt McDermott,CCU,,,,,False
2021,sa3037541,Matt McDermott,W&M,,,,,False
2025,sa3059974,Matt McGann,OAK,,,,,False
2021,29695,Matt McLain,UCLA,,,,,False
2022,sa3037749,Matt McShane,JOES,,,,,False
2023,sa3037965,Matt Miceli,STBK,,,,,False
2024,sa3037965,Matt Miceli,STBK,,,,,False
2025,sa3037965,Matt Miceli,STBK,,,,,False
2021,sa3017874,Matt Mikulski,FOR,2.0,50.0,San Francisco Giants,fordham university,True
2025,sa3039114,Matt Olive,WIU,,,,,False
2021,sa3039340,Matt Padre,MAN,,,,,False
2022,sa3039340,Matt Padre,MAN,,,,,False
2024,sa3039644,Matt Pelcher,HOF,,,,,False
2024,sa3040193,Matt Prevesk,UCF,,,,,False
2022,sa3040610,Matt Remley,HC,,,,,False
2021,sa3040708,Matt Richardson,UTAH,,,,,False
2022,sa3040708,Matt Richardson,UTAH,,,,,False
2025,sa3041150,Matt Rose,USF,,,,,False
2021,sa3041242,Matt Rubayo,MRST,,,,,False
2021,sa3017334,Matt Rudick,SDSU,13.0,382.0,New York Mets,san diego state university,True
2023,sa3041290,Matt Ruiz,GAST,,,,,False
2024,sa3041290,Matt Ruiz,GAST,,,,,False
2021,sa3041290,Matt Ruiz,USF,,,,,False
2021,sa3041336,Matt Russell,MOST,,,,,False
2025,sa3041376,Matt Ryan,LAM,,,,,False
2023,sa3041376,Matt Ryan,UMBC,,,,,False
2024,sa3041376,Matt Ryan,UMBC,,,,,False
2022,sa3041643,Matt Scannell,PRIN,,,,,False
2023,sa3041643,Matt Scannell,PRIN,,,,,False
2024,sa3041643,Matt Scannell,PRIN,,,,,False
2025,sa3041643,Matt Scannell,WAKE,,,,,False
2023,sa3041672,Matt Schark,SIU,,,,,False
2025,sa3041672,Matt Schark,SIU,,,,,False
2024,sa3041698,Matt Scherrman,CREI,,,,,False
2025,sa3041698,Matt Scherrman,CREI,,,,,False
2023,sa3041858,Matt Scott,STAN,,,,,False
2024,sa3041858,Matt Scott,STAN,,,,,False
2025,sa3041858,Matt Scott,STAN,,,,,False
2021,33322,Matt Shaw,MD,,,,,False
2022,33322,Matt Shaw,MD,,,,,False
2023,33322,Matt Shaw,MD,1.0,13.0,Chicago Cubs,university of maryland,True
2024,sa3042147,Matt Shepherd,RID,,,,,False
2021,sa3042602,Matt Smith,SAC,,,,,False
2021,sa3042801,Matt Sparling,FAU,,,,,False
2023,sa3042809,Matt Spear,SJSU,,,,,False
2024,sa3042809,Matt Spear,SJSU,,,,,False
2021,sa3042920,Matt Stamford,LEH,,,,,False
2022,sa3042920,Matt Stamford,LEH,,,,,False
2025,sa3060654,Matt Stancliff,MCN,,,,,False
2021,sa3043300,Matt Suggs,UNCW,,,,,False
2022,sa3043300,Matt Suggs,UNCW,,,,,False
2021,29629,Matt Svanson,LEH,13.0,392.0,Toronto Blue Jays,lehigh university,True
2021,sa3043711,Matt Thomas,W&M,,,,,False
2022,sa3043711,Matt Thomas,W&M,,,,,False
2023,sa3043771,Matt Thompson,AFA,,,,,False
2023,sa3043772,Matt Thompson,YSU,,,,,False
2024,sa3043772,Matt Thompson,YSU,,,,,False
2021,sa3043889,Matt Toke,HALL,,,,,False
2025,sa3060769,Matt Toomey,LBSU,,,,,False
2024,sa3044023,Matt Travisano,MASS,,,,,False
2025,sa3044023,Matt Travisano,MASS,,,,,False
2021,sa3044144,Matt Turino,SLU,,,,,False
2022,sa3044144,Matt Turino,SLU,,,,,False
2023,sa3044202,Matt Tyman,STO,,,,,False
2022,sa3044442,Matt Venuto,FAIR,,,,,False
2022,sa3044542,Matt Voelker,BAY,,,,,False
2022,sa3044784,Matt Ward,NIA,,,,,False
2023,sa3044784,Matt Ward,NIA,,,,,False
2024,sa3044784,Matt Ward,NIA,,,,,False
2024,sa3044925,Matt Weber,DAV,,,,,False
2025,sa3044925,Matt Weber,DAV,,,,,False
2025,sa3045025,Matt Wessels,IONA,,,,,False
2021,sa3045235,Matt Willadsen,NCSU,,,,,False
2022,sa3045235,Matt Willadsen,NCSU,,,,,False
2023,sa3045235,Matt Willadsen,NCSU,,,,,False
2025,sa3060956,Matt Wolfe,MTSU,,,,,False
2022,sa3045528,Matt Wong,HAW,,,,,False
2023,sa3045528,Matt Wong,HAW,,,,,False
2021,sa3045562,Matt Woods,BRY,,,,,False
2022,sa3045562,Matt Woods,BRY,,,,,False
2023,sa3045562,Matt Woods,MD,,,,,False
2022,sa3045783,Matt Zaffino,FAIR,,,,,False
2023,sa3025764,Matthew Adams,USM,,,,,False
2025,sa3025764,Matthew Adams,USM,,,,,False
2025,sa3026551,Matthew Bardowell,CSUF,,,,,False
2022,sa3026849,Matthew Becker,SC,,,,,False
2023,sa3026849,Matthew Becker,SC,,,,,False
2025,sa3026849,Matthew Becker,SC,19.0,569.0,Minnesota Twins,university of south carolina,True
2024,sa3027095,Matthew Best,UMBC,,,,,False
2025,sa3058832,Matthew Cash,JVST,,,,,False
2022,sa3028667,Matthew Cavanagh,UTA,,,,,False
2024,sa3028785,Matthew Chatelle,MRMK,,,,,False
2021,sa3028895,Matthew Christian,CAM,,,,,False
2023,sa3029029,Matthew Clements,UNF,,,,,False
2024,sa3029390,Matthew Corlew,QUC,,,,,False
2025,sa3029790,Matthew Dallas,WAKE,,,,,False
2025,sa3029795,Matthew Dalquist,UCSD,18.0,539.0,Minnesota Twins,"university of california, san diego",True
2025,sa3059029,Matthew Delgado,UNA,,,,,False
2025,sa3059033,Matthew Delvecchio,NIA,,,,,False
2023,sa3030174,Matthew DePrey,XAV,,,,,False
2024,sa3030174,Matthew DePrey,XAV,,,,,False
2022,sa3030284,Matthew Dickey,UTM,,,,,False
2025,sa3030299,Matthew Dieguez,FOR,,,,,False
2021,sa3030591,Matthew Dubois,SPU,,,,,False
2022,sa3030591,Matthew Dubois,SPU,,,,,False
2024,sa3030902,Matthew Ellis,GT,,,,,False
2022,sa3030902,Matthew Ellis,IU,,,,,False
2023,sa3022815,Matthew Etzel,USM,10.0,301.0,Baltimore Orioles,university of southern mississippi,True
2023,sa3031264,Matthew Fernandez,PITT,,,,,False
2024,sa3031264,Matthew Fernandez,PITT,,,,,False
2024,sa3031467,Matthew Flores,UCR,,,,,False
2022,sa3032351,Matthew Golda,UAB,,,,,False
2025,sa3032540,Matthew Grabmann,FAIR,,,,,False
2023,sa3032600,Matthew Graveline,OSU,,,,,False
2024,sa3032600,Matthew Graveline,OSU,,,,,False
2025,sa3032600,Matthew Graveline,OSU,,,,,False
2025,sa3059718,Matthew Kouser,NU,,,,,False
2022,sa3035676,Matthew Krall,PV,,,,,False
2023,sa3035676,Matthew Krall,PV,,,,,False
2024,sa3035676,Matthew Krall,PV,,,,,False
2023,sa3035791,Matthew Kurata,CSUB,,,,,False
2024,sa3036406,Matthew Lively,CIT,,,,,False
2023,sa3036548,Matthew Lopez,NKU,,,,,False
2022,sa3037026,Matthew Marchal,WOF,,,,,False
2023,sa3037026,Matthew Marchal,WOF,,,,,False
2023,sa3037043,Matthew Mariano,ALB,,,,,False
2024,sa3037043,Matthew Mariano,ALB,,,,,False
2025,sa3037043,Matthew Mariano,ALB,,,,,False
2024,sa3037334,Matthew Matthijs,UNC,,,,,False
2022,sa3037554,Matthew McDonald,LAM,,,,,False
2021,sa3037947,Matthew Meyer,WKU,,,,,False
2022,sa3037947,Matthew Meyer,WKU,,,,,False
2024,sa3038183,Matthew Miura,HAW,,,,,False
2025,sa3038183,Matthew Miura,HAW,6.0,180.0,St. Louis Cardinals,university of hawaii,True
2023,sa3038514,Matthew Mueller,GONZ,,,,,False
2025,sa3060169,Matthew OBrien,UCR,,,,,False
2025,sa3039660,Matthew Pena,CSUN,,,,,False
2025,sa3062886,Matthew Perez,FAMU,,,,,False
2023,sa3040043,Matthew Polk,VAN,,,,,False
2024,sa3040043,Matthew Polk,VAN,,,,,False
2025,sa3060417,Matthew Rollison,PRES,,,,,False
2023,sa3041119,Matthew Ronnebaum,ARMY,,,,,False
2024,sa3041119,Matthew Ronnebaum,ARMY,,,,,False
2024,sa3041345,Matthew Russo,USM,,,,,False
2025,sa3041345,Matthew Russo,USM,,,,,False
2022,sa3041562,Matthew Sapienza,GTWN,,,,,False
2023,sa3041835,Matthew Schwarz,UVU,,,,,False
2024,sa3041835,Matthew Schwarz,UVU,,,,,False
2022,sa3042192,Matthew Shirah,NAVY,,,,,False
2023,sa3042192,Matthew Shirah,NAVY,,,,,False
2024,sa3042192,Matthew Shirah,NAVY,,,,,False
2021,sa3042764,Matthew Sosa,IOWA,,,,,False
2022,sa3042789,Matthew Sox,UTAH,,,,,False
2022,sa3043013,Matthew Steidl,SIU,,,,,False
2025,sa3060698,Matthew Sutera,WAG,,,,,False
2021,sa3044029,Matthew Trehub,W&M,,,,,False
2023,sa3044862,Matthew Watson,AMCC,,,,,False
2024,sa3044862,Matthew Watson,AMCC,13.0,390.0,San Diego Padres,texas aandm university,True
2021,sa3045329,Matthew Williams,SBU,,,,,False
2022,sa3045329,Matthew Williams,SBU,,,,,False
2021,sa3019924,Matthew Wood,PSU,,,,,False
2022,sa3019924,Matthew Wood,PSU,,,,,False
2025,sa3032912,Matthias Haas,TULN,,,,,False
2021,sa3027857,Matty Brown,WOF,,,,,False
2024,sa3031779,Matty Fung,SF,,,,,False
2021,sa3023373,Maui Ahuna,KU,,,,,False
2022,sa3023373,Maui Ahuna,KU,,,,,False
2023,sa3023373,Maui Ahuna,TENN,4.0,117.0,San Francisco Giants,university of tennessee,True
2025,sa3026888,Mauri Bejarano,EKU,,,,,False
2022,sa3033113,Maurice Hampton Jr.,SAM,,,,,False
2023,sa3038027,Mauricio Millan,WICH,,,,,False
2024,sa3038027,Mauricio Millan,WICH,,,,,False
2025,sa3038027,Mauricio Millan,WICH,,,,,False
2022,sa3044897,Maury Weaver,MVSU,,,,,False
2023,sa3044897,Maury Weaver,MVSU,,,,,False
2024,sa3044897,Maury Weaver,MVSU,,,,,False
2024,sa3042914,Maverick Stallings,ODU,,,,,False
2025,sa3042914,Maverick Stallings,ODU,,,,,False
2021,sa3022567,Max Anderson,NEB,,,,,False
2022,sa3022567,Max Anderson,NEB,,,,,False
2023,sa3022567,Max Anderson,NEB,,,,,False
2021,sa3026465,Max Balderrama Jr.,RGV,,,,,False
2025,sa3058549,Max Banks,WASH,14.0,406.0,Chicago White Sox,university of washington,True
2024,sa3026768,Max Bayles,SCU,,,,,False
2025,sa3026768,Max Bayles,SCU,,,,,False
2024,sa3026937,Max Belyeu,TEX,,,,,False
2022,sa3027040,Max Bergmann,CIN,,,,,False
2025,sa3027057,Max Bernal,PEPP,,,,,False
2025,sa3058637,Max Bianchini,UPST,,,,,False
2023,sa3027264,Max Blessinger,BEL,,,,,False
2024,sa3027264,Max Blessinger,BEL,,,,,False
2024,sa3027493,Max Bowman,AKR,,,,,False
2025,sa3027493,Max Bowman,AKR,,,,,False
2022,sa3023274,Max Carlson,UNC,,,,,False
2023,sa3023274,Max Carlson,UNC,12.0,358.0,Boston Red Sox,university of north carolina at chapel hill,True
2021,sa3029447,Max Cotier,UVA,,,,,False
2022,sa3029447,Max Cotier,UVA,,,,,False
2025,sa3029469,Max Coupe,GONZ,,,,,False
2025,sa3066182,Max DAlessandro,TOW,,,,,False
2021,sa3016819,Max Ferguson,TENN,5.0,160.0,San Diego Padres,university of tennessee,True
2025,sa3059262,Max Galvin,MIA,,,,,False
2021,sa3032274,Max Giordano,NIA,,,,,False
2022,sa3032274,Max Giordano,NIA,,,,,False
2023,sa3032274,Max Giordano,NIA,,,,,False
2021,sa3032583,Max Grant,CAN,,,,,False
2022,sa3032583,Max Grant,CAN,,,,,False
2023,sa3032583,Max Grant,CAN,,,,,False
2024,sa3032792,Max Grubbs,TEX,,,,,False
2025,sa3032792,Max Grubbs,TEX,,,,,False
2021,sa3032917,Max Habegger,LIP,,,,,False
2023,sa3033126,Max Handron,CAL,,,,,False
2024,sa3033126,Max Handron,CAL,,,,,False
2025,sa3033126,Max Handron,CAL,,,,,False
2025,sa3033175,Max Hansmann,EVAN,,,,,False
2024,sa3033353,Max Hartman,WSU,,,,,False
2025,sa3033353,Max Hartman,WSU,,,,,False
2025,sa3033398,Max Haug,GW,,,,,False
2021,sa3033747,Max Hewitt,OKST,,,,,False
2021,sa3034247,Max Huffling,ACU,,,,,False
2023,sa3034247,Max Huffling,ACU,,,,,False
2025,sa3034415,Max Imhoff,YALE,,,,,False
2022,sa3034660,Max Jensen,COR,,,,,False
2023,sa3034660,Max Jensen,COR,,,,,False
2024,sa3034660,Max Jensen,COR,,,,,False
2025,sa3035549,Max Knight,MOST,,,,,False
2024,sa3035770,Max Kuhle,JMU,,,,,False
2025,sa3035770,Max Kuhle,JMU,,,,,False
2021,sa3036596,Max Loven,NDSU,,,,,False
2022,sa3036596,Max Loven,NDSU,,,,,False
2022,sa3037230,Max Marusak,UL,,,,,False
2023,sa3037230,Max Marusak,UL,,,,,False
2023,sa3037513,Max McCrary,NORF,,,,,False
2025,sa3037575,Max McEwen,INST,,,,,False
2025,sa3059984,Max McGwire,SLU,,,,,False
2021,sa3037675,Max McKinley,UNF,,,,,False
2022,sa3037675,Max McKinley,UNF,,,,,False
2025,sa3060016,Max Mendes,CSUN,,,,,False
2025,sa3038305,Max Moore,VCU,,,,,False
2025,sa3039210,Max Ortega,CSUF,,,,,False
2021,sa3039948,Max Pinto,SAM,,,,,False
2022,sa3040284,Max Puls,AMCC,,,,,False
2023,sa3040284,Max Puls,AMCC,,,,,False
2022,sa3020746,Max Rajcic,UCLA,,,,,False
2021,sa3040791,Max Rippl,KENT,,,,,False
2025,sa3060429,Max Ross,SCU,,,,,False
2022,sa3041382,Max Ryerson,GAST,,,,,False
2023,sa3041382,Max Ryerson,GAST,,,,,False
2023,sa3041467,Max Samson,LIU,,,,,False
2023,sa3042342,Max Simpson,TOW,,,,,False
2024,sa3042342,Max Simpson,TOW,,,,,False
2025,sa3042342,Max Simpson,TOW,,,,,False
2023,sa3042423,Max Slavens,WIU,,,,,False
2025,sa3060789,Max Tripure,WIU,,,,,False
2025,sa3060810,Max Vaisvila,NIU,,,,,False
2023,sa3044485,Max Viera,HALL,,,,,False
2024,sa3044485,Max Viera,HALL,,,,,False
2021,sa3044485,Max Viera,NE,,,,,False
2022,sa3044485,Max Viera,NE,,,,,False
2022,sa3020415,Max Wagner,CLEM,2.0,42.0,Baltimore Orioles,clemson university,True
2021,sa3045331,Max Williams,EKU,,,,,False
2022,sa3045331,Max Williams,EKU,,,,,False
2024,sa3045331,Max Williams,EKU,,,,,False
2024,sa3045333,Max Williams,FSU,,,,,False
2025,sa3045333,Max Williams,FSU,3.0,78.0,Miami Marlins,florida state university,True
2023,sa3045467,Max Winters,W&M,,,,,False
2021,sa3045623,Max Wright,INST,,,,,False
2023,sa3045785,Max Zajec,DART,,,,,False
2024,sa3045785,Max Zajec,DART,,,,,False
2024,sa3040428,Maximilian Ramirez IV,NIA,,,,,False
2025,sa3040428,Maximilian Ramirez IV,NIA,,,,,False
2024,sa3037194,Maximus Martin,GAST,,,,,False
2025,sa3037194,Maximus Martin,KSU,,,,,False
2023,sa3026018,Maxwell Andeel,GCU,,,,,False
2021,sa3029439,Maxwell Costes,MD,,,,,False
2022,sa3029439,Maxwell Costes,MD,,,,,False
2025,sa3066193,Maxwell Gitlin,NE,,,,,False
2022,sa3020271,Maxwell Romero Jr.,MIA,9.0,261.0,Washington Nationals,university of miami,True
2021,sa3017812,McCade Brown,IU,3.0,79.0,Colorado Rockies,indiana university bloomington,True
2022,sa3033947,Mcgwire Holbrook,WVU,,,,,False
2024,sa3044130,McGwire Tuffy,GW,,,,,False
2022,sa3044130,McGwire Tuffy,QUIN,,,,,False
2023,sa3044130,McGwire Tuffy,QUIN,,,,,False
2022,sa3026602,McKay Barney,WASH,,,,,False
2023,sa3030996,McKinley Erves,WIN,,,,,False
2025,sa3034789,Meade Johnson,SIU,,,,,False
2023,sa3036424,Mekhi Lloyd,AAMU,,,,,False
2025,sa3062569,Merik Carter,GWEB,,,,,False
2023,sa3034898,Merit Jones,UTAH,,,,,False
2024,sa3034898,Merit Jones,UTAH,20.0,608.0,Minnesota Twins,university of utah,True
2025,sa3034898,Merit Jones,UTAH,14.0,419.0,Minnesota Twins,university of utah,True
2024,sa3025506,Merritt Beeker,BALL,11.0,320.0,Washington Nationals,ball state university,True
2023,sa3027012,Micah Berens,UIW,,,,,False
2025,sa3027969,Micah Bucknam,DBU,4.0,112.0,Toronto Blue Jays,dallas baptist university,True
2022,sa3020391,Micah Dallas,TA&M,8.0,244.0,Oakland Athletics,texas aandm university,True
2021,sa3020391,Micah Dallas,TTU,,,,,False
2025,sa3059387,Micah Hagler,SEA,,,,,False
2023,sa3025192,Micah McDowell,ORST,,,,,False
2024,sa3025192,Micah McDowell,ORST,17.0,514.0,Miami Marlins,oregon state university,True
2025,sa3060366,Micah Rienstra-Kiracofe,KENT,,,,,False
2023,sa3026065,Michael Anderson,URI,,,,,False
2024,sa3026065,Michael Anderson,URI,,,,,False
2024,sa3026487,Michael Ball,NEV,,,,,False
2025,sa3026487,Michael Ball,NEV,,,,,False
2024,sa3026492,Michael Ballard,LT,,,,,False
2025,sa3026492,Michael Ballard,LT,,,,,False
2023,sa3026603,Michael Barnett,UCLA,,,,,False
2024,sa3026603,Michael Barnett,UCLA,,,,,False
2025,sa3026603,Michael Barnett,UCLA,,,,,False
2025,sa3058602,Michael Belcher,BRY,,,,,False
2024,sa3027605,Michael Braswell,LSU,,,,,False
2025,sa3027605,Michael Braswell,LSU,,,,,False
2022,sa3027605,Michael Braswell,SC,,,,,False
2023,sa3027605,Michael Braswell,SC,,,,,False
2023,sa3027764,Michael Brooks,KU,,,,,False
2024,sa3027764,Michael Brooks,KU,,,,,False
2025,sa3027764,Michael Brooks,KU,,,,,False
2022,sa3027764,Michael Brooks,UCF,,,,,False
2025,sa3027864,Michael Brown,HOF,,,,,False
2023,sa3028111,Michael Burroughs,PV,,,,,False
2024,sa3028111,Michael Burroughs,PV,,,,,False
2025,sa3028111,Michael Burroughs,PV,,,,,False
2022,sa3028314,Michael Campagna,SF,,,,,False
2023,sa3028314,Michael Campagna,SF,,,,,False
2024,sa3028314,Michael Campagna,SF,,,,,False
2021,sa3028314,Michael Campagna,UCD,,,,,False
2022,sa3023216,Michael Carico,DAV,,,,,False
2023,sa3028474,Michael Carpentier,CBU,,,,,False
2024,sa3028474,Michael Carpentier,CBU,,,,,False
2025,sa3058946,Michael Craig,HOF,,,,,False
2025,sa3029601,Michael Crossland,UCSD,,,,,False
2024,sa3029685,Michael Cunneely,GONZ,,,,,False
2021,sa3019837,Michael Curialle,UCLA,,,,,False
2022,sa3019837,Michael Curialle,UCLA,,,,,False
2022,sa3029849,Michael Darrell-Hicks,JAX,,,,,False
2024,sa3029852,Michael Dattalo,DBU,,,,,False
2025,sa3029852,Michael Dattalo,DBU,9.0,270.0,St. Louis Cardinals,dallas baptist university,True
2023,sa3029852,Michael Dattalo,NWST,,,,,False
2023,sa3030240,Michael Dews,PV,,,,,False
2024,sa3030240,Michael Dews,PV,,,,,False
2025,sa3030269,Michael Diaz,GCU,,,,,False
2025,sa3030313,Michael Diforte,SPU,,,,,False
2025,sa3030355,Michael DiMartini,DAY,,,,,False
2024,sa3030354,Michael DiMartino,ALB,,,,,False
2022,sa3030423,Michael Dolberry,LONG,,,,,False
2025,sa3030546,Michael Doyle,NJIT,,,,,False
2022,sa3030665,Michael Dunkelberger,LIP,,,,,False
2023,sa3030665,Michael Dunkelberger,LIP,,,,,False
2024,sa3030665,Michael Dunkelberger,LIP,,,,,False
2022,sa3030779,Michael Edelman,LIU,,,,,False
2025,sa3030877,Michael Elko,RICH,,,,,False
2023,sa3031106,Michael Eze,GTWN,,,,,False
2024,sa3031106,Michael Eze,GTWN,,,,,False
2024,sa3031147,Michael Farinelli,BC,,,,,False
2022,sa3031147,Michael Farinelli,NU,,,,,False
2023,sa3031147,Michael Farinelli,NU,,,,,False
2022,sa3031472,Michael Florides,HOF,,,,,False
2023,sa3031472,Michael Florides,HOF,,,,,False
2024,sa3031472,Michael Florides,HOF,,,,,False
2024,sa3031519,Michael Foltz,GW,,,,,False
2025,sa3031519,Michael Foltz,GW,,,,,False
2021,sa3031721,Michael Frias,UCI,,,,,False
2022,sa3031721,Michael Frias,UCI,,,,,False
2021,sa3031807,Michael Gabriele,NIA,,,,,False
2021,sa3032024,Michael Garza,UIW,,,,,False
2022,sa3032024,Michael Garza,UIW,,,,,False
2021,sa3032347,Michael Golankiewicz,MRMK,,,,,False
2022,sa3032347,Michael Golankiewicz,MRMK,,,,,False
2023,sa3032347,Michael Golankiewicz,MRMK,,,,,False
2024,sa3032521,Michael Goudeau,TXSO,,,,,False
2022,sa3032787,Michael Groves,UNCA,,,,,False
2023,sa3032787,Michael Groves,UNCA,,,,,False
2025,sa3032858,Michael Gupton,SAM,,,,,False
2024,sa3033252,Michael Harpster,ETSU,,,,,False
2025,sa3033252,Michael Harpster,ETSU,,,,,False
2021,sa3033444,Michael Haydak,VCU,,,,,False
2021,sa3034154,Michael Hovermill,AAMU,,,,,False
2021,sa3034547,Michael Jamele,MRMK,,,,,False
2021,sa3034790,Michael Johnson,NCAT,,,,,False
2021,sa3017594,Michael Kirian,LOU,6.0,173.0,Washington Nationals,university of louisville,True
2022,sa3020872,Michael Knorr,CCU,3.0,103.0,Houston Astros,coastal carolina university,True
2021,sa3020872,Michael Knorr,CSUF,,,,,False
2023,sa3035606,Michael Kohn,GW,,,,,False
2022,sa3035606,Michael Kohn,QUIN,,,,,False
2025,sa3035918,Michael Lane,DSU,,,,,False
2025,sa3035980,Michael Lareau,BEL,,,,,False
2021,sa3036018,Michael Lasiewicz,NIU,,,,,False
2022,sa3036018,Michael Lasiewicz,NIU,,,,,False
2024,sa3036454,Michael Logan,NCAT,,,,,False
2024,sa3036476,Michael Lombardi,TULN,,,,,False
2025,sa3036476,Michael Lombardi,TULN,2.0,61.0,Kansas City Royals,tulane university,True
2024,sa3036568,Michael Lorenz,ALCN,,,,,False
2024,sa3036569,Michael Lorenzetti,IONA,,,,,False
2022,sa3036658,Michael Ludowig,GW,,,,,False
2021,sa3036658,Michael Ludowig,WAKE,,,,,False
2025,sa3036850,Michael Maggio,ALB,,,,,False
2024,sa3036853,Michael Maginnis,GAST,,,,,False
2025,sa3036853,Michael Maginnis,GAST,,,,,False
2022,sa3037259,Michael Massey,TULN,,,,,False
2021,29869,Michael McGreevy,UCSB,1.0,18.0,St. Louis Cardinals,"university of california, santa barbara",True
2024,sa3037670,Michael McKernan,FRES,,,,,False
2021,sa3037725,Michael McNamara,KENT,,,,,False
2022,sa3037725,Michael McNamara,KENT,,,,,False
2023,sa3037725,Michael McNamara,KENT,,,,,False
2024,sa3037725,Michael McNamara,KENT,,,,,False
2021,sa3038364,Michael Morgan,JMU,,,,,False
2024,sa3038520,Michael Mugan,SEMO,,,,,False
2025,sa3038520,Michael Mugan,SEMO,,,,,False
2025,sa3038653,Michael Mylott,SIU,,,,,False
2023,sa3039240,Michael O'Shaughnessy,DAV,,,,,False
2024,sa3039240,Michael O'Shaughnessy,DAV,,,,,False
2025,sa3039240,Michael O'Shaughnessy,DAV,,,,,False
2022,sa3039067,Michael OHanlon,HOF,,,,,False
2024,sa3039067,Michael OHanlon,HOF,,,,,False
2023,sa3039071,Michael OHara,SCU,,,,,False
2024,sa3039071,Michael OHara,SCU,,,,,False
2023,sa3039483,Michael Parks,EVAN,,,,,False
2025,sa3060237,Michael Perazzo,SAC,,,,,False
2022,sa3039788,Michael Peterson,LONG,,,,,False
2022,sa3040101,Michael Portella,GWEB,,,,,False
2025,sa3040323,Michael Quevedo,KSU,,,,,False
2024,sa3040323,Michael Quevedo,NICH,,,,,False
2021,sa3040709,Michael Richardson,OHIO,,,,,False
2022,sa3040709,Michael Richardson,OHIO,,,,,False
2023,sa3040888,Michael Robertson,FLA,,,,,False
2024,sa3040888,Michael Robertson,FLA,,,,,False
2025,sa3040888,Michael Robertson,LIB,,,,,False
2022,sa3040914,Michael Robinson,APSU,,,,,False
2022,sa3041178,Michael Ross,SAM,,,,,False
2024,sa3041178,Michael Ross,SAM,,,,,False
2021,sa3041208,Michael Rounds,MASS,,,,,False
2024,sa3041443,Michael Salina,SBU,,,,,False
2021,sa3017048,Michael Sandle,USA,10.0,298.0,Houston Astros,university of south alabama,True
2021,sa3041532,Michael Sansone,FAIR,,,,,False
2022,sa3041532,Michael Sansone,FAIR,,,,,False
2022,sa3041817,Michael Schuler,EKU,,,,,False
2023,sa3041817,Michael Schuler,EKU,,,,,False
2022,sa3041917,Michael Seegers,IOWA,,,,,False
2023,sa3041917,Michael Seegers,IOWA,,,,,False
2024,sa3041917,Michael Seegers,IOWA,,,,,False
2024,sa3042306,Michael Simes,UML,,,,,False
2024,sa3042329,Michael Simonelli,SHU,,,,,False
2024,sa3042607,Michael Smith,PV,,,,,False
2024,sa3025194,Michael Snyder,OU,10.0,304.0,Miami Marlins,university of oklahoma,True
2022,sa3025194,Michael Snyder,WASH,,,,,False
2023,sa3025194,Michael Snyder,WASH,,,,,False
2021,sa3042820,Michael Spellacy,GONZ,,,,,False
2022,sa3042878,Michael Sprockett,AKR,,,,,False
2024,sa3042878,Michael Sprockett,AKR,,,,,False
2025,sa3042878,Michael Sprockett,BEL,,,,,False
2024,sa3042905,Michael Staiano,MAN,,,,,False
2023,sa3042932,Michael Stanford,UCI,,,,,False
2021,sa3043287,Michael Stygles,OAK,,,,,False
2021,sa3043946,Michael Torniero,CCSU,,,,,False
2022,sa3043946,Michael Torniero,CCSU,,,,,False
2023,sa3043946,Michael Torniero,CCSU,,,,,False
2024,sa3043946,Michael Torniero,CCSU,,,,,False
2024,sa3043983,Michael Toth,MASS,,,,,False
2021,sa3017043,Michael Trautwein,NU,13.0,390.0,Cincinnati Reds,northwestern university,True
2024,sa3044076,Michael Trommer,BUCK,,,,,False
2025,sa3044076,Michael Trommer,BUCK,,,,,False
2021,sa3020195,Michael Turconi,WAKE,,,,,False
2022,sa3020195,Michael Turconi,WAKE,15.0,458.0,Toronto Blue Jays,wake forest university,True
2022,sa3020658,Michael Turner,ARK,9.0,281.0,Chicago White Sox,university of arkansas,True
2025,sa3060816,Michael Vallone,PUR,,,,,False
2025,sa3060496,Michael Vincent Saumell,UAPB,,,,,False
2022,sa3020337,Michael Walsh,YALE,,,,,False
2024,sa3044864,Michael Watson,SHSU,,,,,False
2022,sa3045069,Michael Whalen,ALB,,,,,False
2024,sa3045159,Michael Whooley,VILL,,,,,False
2025,sa3045159,Michael Whooley,VILL,,,,,False
2022,sa3045529,Michael Wong,UTA,,,,,False
2025,sa3060998,Michael Yusypchuk,MOST,,,,,False
2022,sa3045812,Michael Zarrillo,LAF,,,,,False
2023,sa3045812,Michael Zarrillo,LAF,,,,,False
2024,sa3045812,Michael Zarrillo,LAF,,,,,False
2025,sa3045812,Michael Zarrillo,LAF,,,,,False
2025,sa3061012,Michael Zito,RICE,,,,,False
2022,sa3026249,Michelle Artzberger,ULM,,,,,False
2024,sa3026249,Michelle Artzberger,ULM,,,,,False
2025,sa3026249,Michelle Artzberger,ULM,,,,,False
2021,sa3036842,Mick Madsen,UVU,,,,,False
2022,sa3036842,Mick Madsen,UVU,,,,,False
2022,sa3043773,Micky Thompson,SJSU,,,,,False
2023,sa3043773,Micky Thompson,SJSU,,,,,False
2024,sa3043773,Micky Thompson,SJSU,,,,,False
2025,sa3030765,Miggy Echazarreta,HPU,,,,,False
2023,sa3035989,Miguel Larreal,EKU,,,,,False
2024,sa3035989,Miguel Larreal,EKU,,,,,False
2021,sa3040837,Miguel Rivera,DSU,,,,,False
2022,sa3040837,Miguel Rivera,DSU,,,,,False
2021,sa3040836,Miguel Rivera,INST,,,,,False
2023,sa3040836,Miguel Rivera,INST,,,,,False
2022,sa3041555,Miguel Santos,DBU,,,,,False
2023,sa3041555,Miguel Santos,DBU,,,,,False
2024,sa3041555,Miguel Santos,DBU,,,,,False
2021,sa3042773,Miguel Soto,LR,,,,,False
2022,sa3042773,Miguel Soto,LR,,,,,False
2022,sa3044264,Miguel Useche,UNO,,,,,False
2023,sa3044264,Miguel Useche,UNO,,,,,False
2024,sa3044264,Miguel Useche,UNO,,,,,False
2023,sa3039789,Mika Petersen,BRWN,,,,,False
2024,sa3039789,Mika Petersen,BRWN,,,,,False
2025,sa3039789,Mika Petersen,BRWN,,,,,False
2021,sa3016922,Mike Antico,TEX,8.0,241.0,St. Louis Cardinals,university of texas at austin,True
2021,sa3026821,Mike Becchetti,FAIR,,,,,False
2022,sa3026821,Mike Becchetti,FAIR,,,,,False
2023,sa3026821,Mike Becchetti,FAIR,,,,,False
2024,sa3026821,Mike Becchetti,GT,,,,,False
2021,sa3027126,Mike Biasiello,DEL,,,,,False
2022,sa3027126,Mike Biasiello,DEL,,,,,False
2021,sa3022658,Mike Boeve,OMA,,,,,False
2022,sa3022658,Mike Boeve,OMA,,,,,False
2023,sa3022658,Mike Boeve,OMA,2.0,54.0,Milwaukee Brewers,university of nebraska at omaha,True
2022,sa3027356,Mike Bolton Jr.,PUR,,,,,False
2023,sa3027356,Mike Bolton Jr.,PUR,,,,,False
2024,sa3027356,Mike Bolton Jr.,PUR,,,,,False
2021,sa3027484,Mike Bowes,SCU,,,,,False
2021,sa3028546,Mike Caruso,FAIR,,,,,False
2022,sa3028546,Mike Caruso,FAIR,,,,,False
2021,sa3028592,Mike Cassala,JAX,,,,,False
2022,sa3030208,Mike DeStefano,CAN,,,,,False
2023,sa3030208,Mike DeStefano,CAN,,,,,False
2024,sa3030208,Mike DeStefano,CAN,,,,,False
2021,sa3030416,Mike Doherty,NU,,,,,False
2023,sa3030479,Mike Dorcean,COPP,,,,,False
2021,sa3030820,Mike Edwards,MILW,,,,,False
2024,sa3030835,Mike Eggert,WOF,,,,,False
2022,sa3031136,Mike Falco,JOES,,,,,False
2021,sa3031282,Mike Ferri,MILW,,,,,False
2021,sa3032154,Mike Gervasi,MASS,,,,,False
2022,sa3032154,Mike Gervasi,MASS,,,,,False
2024,sa3032154,Mike Gervasi,MASS,,,,,False
2023,sa3032855,Mike Gunning,BING,,,,,False
2024,sa3032855,Mike Gunning,BING,,,,,False
2022,sa3032883,Mike Gutierrez,UCSB,,,,,False
2023,sa3032883,Mike Gutierrez,UCSB,,,,,False
2024,sa3032883,Mike Gutierrez,UCSB,,,,,False
2024,sa3033054,Mike Hallquist,BALL,,,,,False
2021,sa3033125,Mike Handal,FAIR,,,,,False
2023,sa3033125,Mike Handal,FAIR,,,,,False
2021,sa3033163,Mike Hansell,SIU,,,,,False
2024,sa3033163,Mike Hansell,SIU,,,,,False
2021,sa3017401,Mike Jarvis,SDSU,6.0,163.0,Pittsburgh Pirates,san diego state university,True
2023,sa3035654,Mike Koszewski,KU,,,,,False
2021,sa3036094,Mike Lazos,LIU,,,,,False
2024,sa3036941,Mike Maloney,WMU,,,,,False
2025,sa3036941,Mike Maloney,WMU,,,,,False
2023,sa3036951,Mike Mancini,JMU,,,,,False
2024,sa3036951,Mike Mancini,JMU,,,,,False
2025,sa3036951,Mike Mancini,VAN,,,,,False
2021,sa3037523,Mike McCully,SIE,,,,,False
2022,sa3037523,Mike McCully,SIE,,,,,False
2021,sa3038977,Mike Nyisztor,RUTG,,,,,False
2022,sa3038977,Mike Nyisztor,RUTG,,,,,False
2024,sa3039039,Mike OConor,EIU,,,,,False
2025,sa3039039,Mike OConor,EIU,,,,,False
2021,sa3017968,Mike Paredes,SDSU,18.0,549.0,Minnesota Twins,san diego state university,True
2021,sa3039593,Mike Peabody,UCI,,,,,False
2025,sa3040064,Mike Poncini,QUIN,,,,,False
2025,sa3060326,Mike Rabayda,FOR,,,,,False
2023,sa3041145,Mike Rosario,FIU,,,,,False
2021,sa3016786,Mike Rothenberg,DUKE,12.0,345.0,Detroit Tigers,duke university,True
2023,sa3041278,Mike Ruggieri,ARMY,,,,,False
2024,sa3041278,Mike Ruggieri,ARMY,,,,,False
2021,sa3041277,Mike Ruggiero,WAG,,,,,False
2022,sa3041277,Mike Ruggiero,WAG,,,,,False
2023,sa3041897,Mike Sears,INST,,,,,False
2024,sa3041897,Mike Sears,INST,,,,,False
2023,sa3042374,Mike Sirota,NE,,,,,False
2024,sa3042374,Mike Sirota,NE,3.0,87.0,Cincinnati Reds,northeastern university,True
2025,sa3042714,Mike Sokol,BELL,,,,,False
2022,sa3043010,Mike Steffan,CAN,,,,,False
2024,sa3043034,Mike Stellrecht,BING,,,,,False
2025,sa3043034,Mike Stellrecht,BING,,,,,False
2023,sa3043372,Mike Swanholm,STO,,,,,False
2021,30105,Mike Vasil,UVA,8.0,232.0,New York Mets,university of virginia,True
2021,sa3044420,Mike Veit,FDU,,,,,False
2021,sa3044911,Mike Webb,URI,,,,,False
2021,sa3045336,Mike Williams,AMCC,,,,,False
2022,sa3045590,Mike Worthington,DSU,,,,,False
2025,sa3058608,Mikey Bell,GONZ,,,,,False
2021,sa3033912,Mikey Hoehner,TA&M,,,,,False
2023,sa3022930,Mikey Kane,ORST,17.0,509.0,Chicago White Sox,oregon state university,True
2023,sa3035518,Mikey Kluska,RICH,,,,,False
2024,sa3035518,Mikey Kluska,UCF,,,,,False
2021,sa3035518,Mikey Kluska,WVU,,,,,False
2022,sa3035518,Mikey Kluska,WVU,,,,,False
2022,sa3036832,Mikey Madej,UNC,,,,,False
2025,sa3038590,Mikey Murphy,CMU,,,,,False
2024,sa3038655,Mikey Myro,BUCK,,,,,False
2021,sa3017901,Mikey Perez,UCLA,,,,,False
2023,sa3023065,Mikey Tepper,LIB,15.0,435.0,Washington Nationals,liberty university,True
2025,sa3065439,Mikey Urbaniak,LONG,,,,,False
2024,sa3038730,Mikiah Negrete,CSUF,,,,,False
2025,sa3038730,Mikiah Negrete,CSUF,,,,,False
2024,sa3029443,Miles Cota,UML,,,,,False
2024,sa3032514,Miles Gosztola,GONZ,,,,,False
2025,sa3032514,Miles Gosztola,GONZ,,,,,False
2024,sa3033565,Miles Hellums,SHSU,,,,,False
2025,sa3034513,Miles Jackson,AAMU,,,,,False
2025,sa3060375,Miles Risley,IOWA,,,,,False
2021,sa3042307,Miles Simington,PUR,,,,,False
2022,sa3042307,Miles Simington,USA,,,,,False
2021,sa3042605,Miles Smith,USA,,,,,False
2022,sa3042605,Miles Smith,USA,,,,,False
2021,sa3035841,Miller Ladusau,ACU,,,,,False
2022,sa3035841,Miller Ladusau,ACU,,,,,False
2023,sa3035841,Miller Ladusau,ACU,,,,,False
2024,sa3035841,Miller Ladusau,ACU,,,,,False
2025,sa3040750,Miller Riggins,SAM,,,,,False
2025,sa3033432,Mitch Hawkins,SHU,,,,,False
2021,sa3022565,Mitch Jebb,MSU,,,,,False
2022,sa3022565,Mitch Jebb,MSU,,,,,False
2023,sa3022565,Mitch Jebb,MSU,2.0,42.0,Pittsburgh Pirates,michigan state university,True
2021,sa3037641,Mitch McIntyre,BYU,,,,,False
2022,sa3037641,Mitch McIntyre,BYU,,,,,False
2021,sa3037694,Mitch McLendon,GWEB,,,,,False
2021,sa3038333,Mitch Moralez,UVU,,,,,False
2022,sa3038333,Mitch Moralez,UVU,,,,,False
2024,sa3038515,Mitch Mueller,UVU,,,,,False
2021,sa3018179,Mitch Myers,PITT,12.0,368.0,Oakland Athletics,university of pittsburgh,True
2023,sa3038669,Mitch Namie,NMSU,,,,,False
2024,sa3038669,Mitch Namie,NMSU,,,,,False
2025,sa3038669,Mitch Namie,NMSU,,,,,False
2023,sa3044552,Mitch Voit,MICH,,,,,False
2024,sa3044552,Mitch Voit,MICH,,,,,False
2025,sa3044552,Mitch Voit,MICH,1.0,38.0,New York Mets,university of michigan,True
2024,sa3045544,Mitch Wood,NKU,,,,,False
2023,sa3042328,Mitchel Simon,CBU,,,,,False
2024,sa3042328,Mitchel Simon,CBU,,,,,False
2021,sa3027936,Mitchell Buban,MILW,,,,,False
2022,sa3027936,Mitchell Buban,MILW,,,,,False
2025,sa3058908,Mitchell Collins,UNF,,,,,False
2021,sa3029800,Mitchell Daly,TEX,,,,,False
2022,sa3029800,Mitchell Daly,TEX,,,,,False
2023,sa3029800,Mitchell Daly,TEX,,,,,False
2024,sa3029800,Mitchell Daly,UK,,,,,False
2021,sa3030292,Mitchell Dickson,ACU,,,,,False
2022,sa3030292,Mitchell Dickson,ACU,,,,,False
2021,sa3032001,Mitchell Garrity,DAY,,,,,False
2023,sa3032773,Mitchell Gross,GASO,,,,,False
2024,sa3032773,Mitchell Gross,GASO,,,,,False
2021,sa3033340,Mitchell Hartigan,FAU,,,,,False
2023,sa3033340,Mitchell Hartigan,FAU,,,,,False
2023,sa3033518,Mitchell Heer,USA,,,,,False
2025,sa3033518,Mitchell Heer,USA,,,,,False
2021,sa3033953,Mitchell Holcomb,RICE,,,,,False
2021,sa3039092,Mitchell Okuley,OSU,,,,,False
2022,sa3039092,Mitchell Okuley,OSU,,,,,False
2023,sa3039092,Mitchell Okuley,OSU,,,,,False
2024,sa3039092,Mitchell Okuley,OSU,,,,,False
2025,sa3041526,Mitchell Sanford,MISS,,,,,False
2023,sa3041526,Mitchell Sanford,UNO,,,,,False
2024,sa3041526,Mitchell Sanford,UNO,,,,,False
2022,sa3042606,Mitchell Smith,UNCG,,,,,False
2023,sa3042606,Mitchell Smith,UNCG,,,,,False
2024,sa3042606,Mitchell Smith,UNCG,,,,,False
2022,sa3042836,Mitchell Spencer,PFW,,,,,False
2023,sa3037930,MJ Metz,DUKE,,,,,False
2025,sa3059828,Mo Little,SELA,,,,,False
2023,sa3032902,Moises Guzman,CSUF,,,,,False
2024,sa3032902,Moises Guzman,CSUF,,,,,False
2023,sa3028247,Montclair Cain,RGV,,,,,False
2021,sa3029215,Morgan Colopy,IU,,,,,False
2024,sa3036401,Morgan Little,SBU,,,,,False
2025,sa3036401,Morgan Little,SBU,,,,,False
2021,sa3045127,Morgan White,SEA,,,,,False
2024,sa3036284,Mulivai Levu,UCLA,,,,,False
2025,sa3036284,Mulivai Levu,UCLA,,,,,False
2024,sa3032619,Murf Gray,FRES,,,,,False
2025,sa3032619,Murf Gray,FRES,,,,,False
2023,sa3032196,Murphy Gienger,UNCO,,,,,False
2024,sa3032196,Murphy Gienger,UNCO,,,,,False
2025,sa3032196,Murphy Gienger,UNCO,,,,,False
2022,sa3020276,Murphy Stehly,TEX,10.0,291.0,Washington Nationals,university of texas at austin,True
2025,sa3058535,Myles Bailey,FSU,,,,,False
2021,sa3030164,Myles Denson,UNLV,,,,,False
2021,sa3030930,Myles Emmerson,CP,,,,,False
2022,sa3034623,Myles Jefferson,SHSU,,,,,False
2023,sa3034623,Myles Jefferson,SHSU,,,,,False
2021,sa3038846,Myles Nicholson,MSM,,,,,False
2024,sa3039548,Myles Patton,LBSU,,,,,False
2025,sa3039548,Myles Patton,TA&M,7.0,208.0,Boston Red Sox,texas aandm university,True
2023,sa3041573,Myles Sargent,ME,,,,,False
2025,sa3041573,Myles Sargent,ME,,,,,False
2023,sa3042608,Myles Smith,UCI,,,,,False
2024,sa3042608,Myles Smith,UCI,7.0,209.0,Cincinnati Reds,"university of california, irvine",True
2025,sa3060889,Myles Webb,LONG,,,,,False
2023,sa3045128,Myles White,JKST,,,,,False
2024,sa3045128,Myles White,JKST,,,,,False
2022,sa3022690,Nadir Lewis,PRIN,,,,,False
2021,sa3030194,Nander De Sedas,FSU,,,,,False
2023,sa3030194,Nander De Sedas,FSU,,,,,False
2022,sa3030194,Nander De Sedas,MIZ,,,,,False
2022,sa3027382,Narvin Booker,MVSU,,,,,False
2023,sa3027382,Narvin Booker,MVSU,,,,,False
2024,sa3027382,Narvin Booker,NICH,,,,,False
2025,sa3027382,Narvin Booker,NICH,,,,,False
2021,sa3025765,Nash Adams,JVST,,,,,False
2023,sa3027928,Nash Bryan,PITT,,,,,False
2025,sa3060374,Nash Rippen,UNA,,,,,False
2021,sa3038227,Natale Monastra,XAV,,,,,False
2023,sa3026066,Nate Anderson,GWEB,,,,,False
2025,sa3026066,Nate Anderson,KENN,,,,,False
2024,sa3026357,Nate Bach,UVU,,,,,False
2025,sa3026357,Nate Bach,UVU,,,,,False
2022,sa3020272,Nate Baez,ASU,12.0,354.0,Minnesota Twins,arizona state university,True
2025,sa3058622,Nate Bennett,NIA,,,,,False
2024,sa3027208,Nate Blain,BALL,,,,,False
2025,sa3058837,Nate Castellon,CP,,,,,False
2023,sa3028905,Nate Chronis,WIN,,,,,False
2025,sa3028905,Nate Chronis,WIN,,,,,False
2022,sa3030244,Nate DeYoung,MILW,,,,,False
2023,sa3030244,Nate DeYoung,MILW,,,,,False
2021,sa3031364,Nate Fisbeck,MCN,,,,,False
2022,sa3031695,Nate Freeman,UCD,,,,,False
2023,sa3031695,Nate Freeman,UCD,,,,,False
2022,sa3020763,Nate Furman,CLT,4.0,121.0,Cleveland Guardians,university of north carolina at charlotte,True
2023,sa3032474,Nate Goranson,W&M,,,,,False
2024,sa3032474,Nate Goranson,W&M,,,,,False
2022,sa3032920,Nate Haberthier,OSU,,,,,False
2025,sa3065804,Nate Harris,UK,,,,,False
2025,sa3034457,Nate Isler,DART,,,,,False
2025,sa3059691,Nate Kirkpatrick,VCU,,,,,False
2023,sa3035566,Nate Knowles,W&M,,,,,False
2024,sa3035566,Nate Knowles,W&M,4.0,124.0,Tampa Bay Rays,william and mary,True
2025,sa3059723,Nate Kress,BGSU,,,,,False
2023,sa3036009,Nate LaRue,AUB,,,,,False
2021,sa3017917,Nate Lavender,ILL,,,,,False
2021,sa3036756,Nate Lyons,LR,,,,,False
2022,sa3036756,Nate Lyons,LR,,,,,False
2025,sa3038023,Nate Milk,NIA,,,,,False
2022,sa3038173,Nate Mitchell,NAVY,,,,,False
2023,sa3038173,Nate Mitchell,NAVY,,,,,False
2022,sa3038657,Nate Nabholz,TOW,,,,,False
2023,sa3038657,Nate Nabholz,TOW,,,,,False
2022,sa3022532,Nate Nankil,CSUF,,,,,False
2023,sa3022532,Nate Nankil,CSUF,7.0,196.0,Oakland Athletics,"california state university, fullerton",True
2022,sa3020804,Nate Peterson,UIC,8.0,252.0,Milwaukee Brewers,university of illinois chicago,True
2022,sa3023620,Nate Rombach,DBU,,,,,False
2023,sa3023620,Nate Rombach,DBU,18.0,525.0,Washington Nationals,dallas baptist university,True
2024,sa3041187,Nate Rosser,BUT,,,,,False
2021,sa3023565,Nate Savino,UVA,,,,,False
2022,sa3023565,Nate Savino,UVA,3.0,82.0,Arizona Diamondbacks,university of virginia,True
2025,sa3060500,Nate Savoie,LMU,,,,,False
2023,sa3041861,Nate Scott,FOR,,,,,False
2022,sa3041959,Nate Self,UTM,,,,,False
2024,sa3042343,Nate Simpson,PFW,,,,,False
2024,sa3042668,Nate Snead,TENN,,,,,False
2022,sa3043150,Nate Stocum,WCU,,,,,False
2023,sa3043150,Nate Stocum,WCU,,,,,False
2024,sa3043150,Nate Stocum,WCU,,,,,False
2021,sa3043176,Nate Stone,M-OH,,,,,False
2024,sa3043383,Nate Swarts,WSU,,,,,False
2021,sa3043674,Nate Thimjon,FRES,,,,,False
2021,sa3043719,Nate Thomas,JOES,,,,,False
2022,sa3043719,Nate Thomas,JOES,,,,,False
2023,sa3043719,Nate Thomas,JOES,,,,,False
2025,sa3060826,Nate Vargas,UCSB,,,,,False
2025,sa3044578,Nate Voss,PSU,,,,,False
2021,sa3045513,Nate Wolf,HC,,,,,False
2022,sa3045513,Nate Wolf,HC,,,,,False
2022,sa3025815,Nathan Aide,EIU,,,,,False
2022,sa3025314,Nathan Archer,BGSU,,,,,False
2023,sa3025314,Nathan Archer,BGSU,,,,,False
2024,sa3025314,Nathan Archer,BGSU,12.0,349.0,Chicago White Sox,bowling green university,True
2025,sa3026489,Nathan Ball,CMU,,,,,False
2022,sa3026508,Nathan Bandy,SIU,,,,,False
2023,sa3026508,Nathan Bandy,SIU,,,,,False
2024,sa3026508,Nathan Bandy,SIU,,,,,False
2022,sa3026850,Nathan Becker,RICE,,,,,False
2024,sa3026850,Nathan Becker,RICE,,,,,False
2025,sa3058595,Nathan Beckley,YSU,,,,,False
2022,sa3027601,Nathan Brasher,BRWN,,,,,False
2023,sa3027601,Nathan Brasher,BRWN,,,,,False
2024,sa3027601,Nathan Brasher,BRWN,,,,,False
2025,sa3027601,Nathan Brasher,BRWN,,,,,False
2025,sa3028232,Nathan Cadena,LBSU,,,,,False
2024,sa3028232,Nathan Cadena,SJSU,,,,,False
2023,sa3028781,Nathan Chasey,VAL,,,,,False
2022,sa3028868,Nathan Chong,SMC,,,,,False
2023,sa3028868,Nathan Chong,SMC,,,,,False
2024,sa3028868,Nathan Chong,SMC,,,,,False
2021,sa3019842,Nathan Church,UCI,,,,,False
2022,sa3019842,Nathan Church,UCI,11.0,337.0,St. Louis Cardinals,university of california irvine,True
2022,sa3029067,Nathan Cmeyla,DART,,,,,False
2024,sa3029067,Nathan Cmeyla,DART,,,,,False
2023,sa3030193,Nathan Deschryver,GONZ,,,,,False
2025,sa3030193,Nathan Deschryver,NJIT,,,,,False
2021,sa3023207,Nathan Dettmer,TA&M,,,,,False
2022,sa3023207,Nathan Dettmer,TA&M,,,,,False
2023,sa3023207,Nathan Dettmer,TA&M,5.0,139.0,Oakland Athletics,texas aandm university,True
2021,sa3030248,Nathan Diamond,PEPP,,,,,False
2021,sa3031469,Nathan Florence,HART,,,,,False
2022,sa3031469,Nathan Florence,RUTG,,,,,False
2024,sa3031896,Nathan Gamez,ALCN,,,,,False
2025,sa3031896,Nathan Gamez,ALCN,,,,,False
2025,sa3033038,Nathan Hall,SC,5.0,153.0,Arizona Diamondbacks,university of south carolina,True
2024,sa3033438,Nathan Hawley,VMI,,,,,False
2024,sa3033582,Nathan Hemmerling,CBU,,,,,False
2021,sa3017398,Nathan Hickey,FLA,5.0,136.0,Boston Red Sox,university of florida,True
2022,sa3034299,Nathan Humphreys,DBU,,,,,False
2023,sa3034299,Nathan Humphreys,DBU,,,,,False
2024,sa3034299,Nathan Humphreys,DBU,,,,,False
2025,sa3034299,Nathan Humphreys,DBU,,,,,False
2022,sa3035158,Nathan Keeter,LIB,,,,,False
2022,sa3020485,Nathan Landry,MIZ,15.0,459.0,Boston Red Sox,university of missouri,True
2024,sa3036078,Nathan Lawson,EKU,,,,,False
2025,sa3036078,Nathan Lawson,EKU,,,,,False
2021,sa3036336,Nathan Light,VMI,,,,,False
2022,sa3036336,Nathan Light,VMI,,,,,False
2023,sa3036336,Nathan Light,VMI,,,,,False
2025,sa3036347,Nathan Lincoln,MRST,,,,,False
2025,sa3059857,Nathan Love,ORU,,,,,False
2021,sa3036992,Nathan Manning,CAL,,,,,False
2025,sa3059935,Nathan Martinez,CHSO,,,,,False
2021,sa3019978,Nathan Martorella,CAL,,,,,False
2022,sa3019978,Nathan Martorella,CAL,5.0,150.0,San Diego Padres,"university of california, berkeley",True
2022,sa3037782,Nathan Medrano,HOU,,,,,False
2023,sa3037782,Nathan Medrano,TXST,,,,,False
2025,sa3060021,Nathan Mertens,SEMO,,,,,False
2025,sa3060127,Nathan Negre,CARK,,,,,False
2021,sa3041152,Nathan Rose,BGSU,,,,,False
2022,sa3041152,Nathan Rose,BGSU,,,,,False
2023,sa3041152,Nathan Rose,BGSU,,,,,False
2022,sa3042400,Nathan Skinner,DART,,,,,False
2021,sa3042751,Nathan Soriano,HCU,,,,,False
2025,sa3060663,Nathan Stein,JOES,,,,,False
2024,sa3043582,Nathan Taylor,CIN,,,,,False
2025,sa3043582,Nathan Taylor,CIN,,,,,False
2023,sa3044482,Nathan Vidmar,DSU,,,,,False
2025,sa3044482,Nathan Vidmar,DSU,,,,,False
2022,sa3044881,Nathan Waugh,COR,,,,,False
2023,sa3044881,Nathan Waugh,COR,,,,,False
2024,sa3044881,Nathan Waugh,COR,,,,,False
2021,sa3044912,Nathan Webb,UCR,,,,,False
2021,sa3043524,Nathanial Tate,ETSU,,,,,False
2023,sa3043524,Nathanial Tate,ETSU,,,,,False
2021,sa3031979,Nathaniel Garley,UNM,,,,,False
2025,sa3060827,Nathaniel Varnier,NORF,,,,,False
2025,sa3062601,Ned Frutchey,UCD,,,,,False
2024,sa3027048,Nelson Berkwich,BING,,,,,False
2025,sa3035174,Nelson Keljo,ORST,6.0,192.0,Cleveland Guardians,oregon state university,True
2022,sa3040838,Nelson Rivera,USF,,,,,False
2022,sa3045627,Nemo Wright,AAMU,,,,,False
2021,sa3023517,Nestor German,SEA,,,,,False
2022,sa3023517,Nestor German,SEA,,,,,False
2023,sa3023517,Nestor German,SEA,11.0,331.0,Baltimore Orioles,seattle university,True
2025,sa3060151,Nevan Noonan,SDSU,,,,,False
2023,sa3030983,Nic Ericsson,VCU,,,,,False
2024,sa3030983,Nic Ericsson,VCU,,,,,False
2021,sa3032025,Nic Garza,TXSO,,,,,False
2024,sa3032450,Nic Good,BGSU,,,,,False
2021,sa3017160,Nic Kent,UVA,11.0,320.0,Colorado Rockies,university of virginia,True
2022,sa3037466,Nic McCay,SDST,,,,,False
2024,sa3037466,Nic McCay,SDST,,,,,False
2025,sa3037466,Nic McCay,UK,,,,,False
2022,sa3038758,Nic Nelson,SDST,,,,,False
2023,sa3038758,Nic Nelson,SDST,,,,,False
2021,sa3038909,Nic Nolan,TROY,,,,,False
2025,sa3041823,Nic Schutte,MUR,,,,,False
2025,sa3059225,Nich Francuzenko,TOW,,,,,False
2023,sa3035498,Nich Klemp,PORT,,,,,False
2024,sa3034938,Nicho Jordan,TNTC,,,,,False
2025,sa3034938,Nicho Jordan,TNTC,,,,,False
2024,sa3026381,Nicholas Badillo,WIN,,,,,False
2021,sa3030429,Nicholas Dombkowski,HART,,,,,False
2023,sa3031246,Nicholas Feretic,FDU,,,,,False
2021,sa3033184,Nicholas Hanson,WAG,,,,,False
2023,sa3023672,Nicholas Judice,ULM,8.0,252.0,New York Yankees,university of louisiana at monroe,True
2025,sa3059950,Nicholas Mazzotta,WAG,,,,,False
2024,sa3040850,Nicholas Rizzo,STBK,,,,,False
2025,sa3040850,Nicholas Rizzo,STBK,,,,,False
2025,sa3040858,Nicholas Robb,UTA,,,,,False
2025,sa3041097,Nicholas Romano,FAU,,,,,False
2023,sa3041253,Nicholas Rucker,EIU,,,,,False
2025,sa3065164,Nicholas Werk,SDST,,,,,False
2023,sa3045416,Nicholas Wilson,SOU,,,,,False
2025,sa3025864,Nick Alderfer,QUC,,,,,False
2025,sa3026184,Nick Arias,ACU,,,,,False
2022,sa3026237,Nick Arrivo,AKR,,,,,False
2023,sa3026237,Nick Arrivo,AKR,,,,,False
2025,sa3058543,Nick Balcom,QUIN,,,,,False
2025,sa3026616,Nick Barone,LIB,,,,,False
2024,sa3027019,Nick Bergamotto,SIE,,,,,False
2025,sa3027019,Nick Bergamotto,SIE,,,,,False
2022,sa3019888,Nick Biddison,VT,4.0,135.0,Los Angeles Dodgers,virginia tech,True
2024,sa3027372,Nick Bonn,PEPP,,,,,False
2024,sa3027524,Nick Boyle,XAV,,,,,False
2023,sa3027604,Nick Brassington,QUC,,,,,False
2023,sa3025653,Nick Brink,PORT,,,,,False
2024,sa3025653,Nick Brink,PORT,7.0,214.0,Miami Marlins,university of portland,True
2021,sa3027895,Nick Brueser,STAN,,,,,False
2024,sa3027908,Nick Bruno,UNCA,,,,,False
2023,sa3028023,Nick Burch,NAVY,,,,,False
2023,sa3028259,Nick Calero,DAV,,,,,False
2024,sa3028259,Nick Calero,DAV,,,,,False
2022,sa3028374,Nick Cantone,MRST,,,,,False
2025,sa3028394,Nick Capozzi,GWEB,,,,,False
2021,sa3028465,Nick Carnevale,IONA,,,,,False
2022,sa3028465,Nick Carnevale,IONA,,,,,False
2021,sa3028548,Nick Caruso,YSU,,,,,False
2023,sa3028858,Nick Chittum,EMU,,,,,False
2024,sa3028858,Nick Chittum,EMU,,,,,False
2021,sa3020129,Nick Cimillo,MAN,,,,,False
2022,sa3020129,Nick Cimillo,RUTG,,,,,False
2022,sa3028946,Nick Cirelli,SJU,,,,,False
2023,sa3028946,Nick Cirelli,SJU,,,,,False
2022,sa3029163,Nick Colina,KENN,,,,,False
2023,sa3029163,Nick Colina,KENN,,,,,False
2024,sa3029426,Nick Cosentino,VCU,,,,,False
2022,sa3029523,Nick Crandell,WMU,,,,,False
2023,sa3029843,Nick Dardas,CMU,,,,,False
2024,sa3029843,Nick Dardas,CMU,,,,,False
2021,sa3023506,Nick Dean,MD,,,,,False
2022,sa3023506,Nick Dean,MD,,,,,False
2023,sa3023506,Nick Dean,MD,19.0,566.0,Chicago Cubs,university of maryland,True
2021,sa3030026,Nick DeGennaro,STBK,,,,,False
2025,sa3030113,Nick DeMarco,ND,,,,,False
2022,sa3030186,Nick DeSalvo,LIU,,,,,False
2021,sa3030380,Nick Di Vietro,LAS,,,,,False
2021,sa3030275,Nick DiCarlo,CP,,,,,False
2025,sa3059052,Nick Dicarlo,NCAT,,,,,False
2022,sa3030365,Nick DiPietrantonio,PRIN,,,,,False
2023,sa3030365,Nick DiPietrantonio,PRIN,,,,,False
2024,sa3030365,Nick DiPietrantonio,PRIN,,,,,False
2022,sa3030366,Nick DiPonzio,STET,,,,,False
2025,sa3030371,Nick DiRito,UML,,,,,False
2023,sa3030421,Nick Dolan,OHIO,,,,,False
2024,sa3030421,Nick Dolan,OHIO,,,,,False
2025,sa3030421,Nick Dolan,OHIO,,,,,False
2023,sa3030629,Nick Dugan,STAN,,,,,False
2024,sa3030629,Nick Dugan,STAN,,,,,False
2025,sa3030629,Nick Dugan,STAN,,,,,False
2024,sa3030644,Nick Dumesnil,CBU,,,,,False
2025,sa3030644,Nick Dumesnil,CBU,8.0,249.0,Detroit Tigers,california baptist university,True
2021,sa3030690,Nick Durgin,STET,,,,,False
2022,sa3030690,Nick Durgin,STET,,,,,False
2023,sa3030690,Nick Durgin,STET,,,,,False
2024,sa3030690,Nick Durgin,STET,,,,,False
2021,sa3030753,Nick Eaton,BUT,,,,,False
2024,sa3030949,Nick English,KSU,,,,,False
2021,sa3031000,Nick Erwin,OSU,,,,,False
2023,sa3031000,Nick Erwin,OSU,,,,,False
2025,sa3065529,Nick Espinola,AAMU,,,,,False
2022,sa3031056,Nick Evangelista,FDU,,,,,False
2021,sa3031132,Nick Fajardo,NCCU,,,,,False
2024,sa3031244,Nick Ferazzi,MSU,,,,,False
2022,sa3031296,Nick Ficarrotta,FLA,,,,,False
2025,sa3031330,Nick Finarelli,LIU,,,,,False
2025,sa3059200,Nick Flores,VCU,,,,,False
2022,sa3031554,Nick Forney,IONA,,,,,False
2023,sa3031554,Nick Forney,IONA,,,,,False
2023,sa3032053,Nick Gatton,UMES,,,,,False
2025,sa3032165,Nick Giamarusti,OSU,,,,,False
2021,sa3032215,Nick Gile,ILST,,,,,False
2022,sa3032215,Nick Gile,ILST,,,,,False
2023,sa3032220,Nick Gilhaus,MILW,,,,,False
2023,sa3032323,Nick Gnardellis,DSU,,,,,False
2021,sa3032436,Nick Gonzalez,USF,,,,,False
2022,sa3032436,Nick Gonzalez,USF,,,,,False
2022,sa3032454,Nick Gooden,MORE,,,,,False
2023,sa3032454,Nick Gooden,MORE,,,,,False
2024,sa3032454,Nick Gooden,MORE,,,,,False
2021,sa3022685,Nick Goodwin,KSU,,,,,False
2022,sa3022685,Nick Goodwin,KSU,,,,,False
2023,sa3022685,Nick Goodwin,KSU,,,,,False
2023,sa3032491,Nick Gore,NMSU,,,,,False
2024,sa3032491,Nick Gore,NMSU,,,,,False
2023,sa3032689,Nick Gregory,BALL,,,,,False
2024,sa3032689,Nick Gregory,BALL,,,,,False
2021,sa3032774,Nick Grossman,CSUB,,,,,False
2025,sa3032788,Nick Groves,ILL,,,,,False
2023,sa3032788,Nick Groves,NIA,,,,,False
2024,sa3032788,Nick Groves,NIA,,,,,False
2022,sa3032954,Nick Hagedorn,SIU,,,,,False
2021,sa3033374,Nick Hassan,KENN,,,,,False
2022,sa3033374,Nick Hassan,KENN,,,,,False
2023,sa3033374,Nick Hassan,KENN,,,,,False
2024,sa3033374,Nick Hassan,KENN,,,,,False
2021,sa3033510,Nick Heckman,NICH,,,,,False
2022,sa3033510,Nick Heckman,NICH,,,,,False
2021,sa3033920,Nick Hoffmann,CLEM,,,,,False
2022,sa3033920,Nick Hoffmann,CLEM,,,,,False
2024,sa3033990,NIck Hollifield,UAB,,,,,False
2025,sa3033990,NIck Hollifield,UAB,14.0,411.0,Washington Nationals,university of alabama at birmingham,True
2025,sa3034123,Nick Hosie,BRAD,,,,,False
2022,sa3020624,Nick Hull,GCU,7.0,203.0,Chicago Cubs,grand canyon university,True
2025,sa3034356,Nick Husovsky,BALL,,,,,False
2021,sa3034361,Nick Hussey,NJIT,,,,,False
2022,sa3034361,Nick Hussey,NJIT,,,,,False
2023,sa3034396,Nick Iannatone,ETSU,,,,,False
2024,sa3034396,Nick Iannatone,ETSU,,,,,False
2021,sa3034465,Nick Iverson,UCD,,,,,False
2023,sa3034465,Nick Iverson,UCD,,,,,False
2022,sa3034468,Nick Iwasa,SAC,,,,,False
2021,sa3034579,Nick Janowicz,TOW,,,,,False
2022,sa3034579,Nick Janowicz,TOW,,,,,False
2021,sa3034793,Nick Johnson,MVSU,,,,,False
2021,sa3034900,Nick Jones,EMU,,,,,False
2022,sa3035410,Nick King,BRAD,,,,,False
2021,sa3035713,Nick Kreutzer,UAPB,,,,,False
2022,35110,Nick Kurtz,WAKE,,,,,False
2023,35110,Nick Kurtz,WAKE,,,,,False
2024,35110,Nick Kurtz,WAKE,1.0,4.0,Oakland Athletics,wake forest university,True
2021,sa3035815,Nick Labella,FOR,,,,,False
2023,sa3036083,Nick Laxner,EIU,,,,,False
2022,sa3036171,Nick Leehey,UCD,,,,,False
2023,sa3036171,Nick Leehey,UCD,,,,,False
2024,sa3036171,Nick Leehey,UCD,,,,,False
2025,sa3036171,Nick Leehey,UCD,,,,,False
2025,sa3059808,Nick Lewis,WSU,,,,,False
2024,sa3036551,Nick Lopez,UK,,,,,False
2022,sa3036551,Nick Lopez,USC,,,,,False
2023,sa3036551,Nick Lopez,USC,,,,,False
2022,sa3022810,Nick Lorusso,MD,,,,,False
2023,sa3022810,Nick Lorusso,MD,9.0,276.0,New York Mets,university of maryland,True
2021,sa3022810,Nick Lorusso,VILL,,,,,False
2025,sa3036580,Nick Lottchea,W&M,,,,,False
2025,sa3062636,Nick Lovarco,MONM,,,,,False
2023,sa3036589,Nick Love,FGCU,,,,,False
2025,sa3036650,Nick Luckett,SOU,,,,,False
2021,sa3036653,Nick Lucky,CCU,,,,,False
2022,sa3036653,Nick Lucky,CCU,,,,,False
2023,sa3036653,Nick Lucky,CCU,,,,,False
2021,sa3036959,Nick Manesis,ARMY,,,,,False
2022,sa3036959,Nick Manesis,ARMY,,,,,False
2022,sa3037050,Nick Marinconz,CP,,,,,False
2023,sa3037050,Nick Marinconz,LBSU,,,,,False
2024,sa3037050,Nick Marinconz,LBSU,,,,,False
2023,sa3037054,Nick Markantonatos,SPU,,,,,False
2024,sa3037196,Nick Martins,GMU,,,,,False
2025,sa3059942,Nick Mascaro,CSUB,,,,,False
2024,sa3037470,Nick McClanahan,NKU,,,,,False
2024,sa3037680,Nick McLain,ASU,3.0,78.0,Chicago White Sox,arizona state university,True
2023,sa3037833,Nick Melton,QUC,,,,,False
2021,sa3038159,Nick Mistone,SMC,,,,,False
2022,sa3038159,Nick Mistone,SMC,,,,,False
2024,sa3025315,Nick Mitchell,IU,4.0,136.0,Toronto Blue Jays,indiana university,True
2022,sa3025315,Nick Mitchell,WIU,,,,,False
2023,sa3025315,Nick Mitchell,WIU,,,,,False
2021,sa3017274,Nick Mondak,SJU,18.0,531.0,Los Angeles Angels,st. john's university,True
2024,sa3038232,Nick Monile,NIA,,,,,False
2025,sa3038232,Nick Monile,UNF,,,,,False
2024,sa3038233,Nick Monistere,USM,,,,,False
2025,sa3038233,Nick Monistere,USM,4.0,126.0,Houston Astros,the university of southern mississippi,True
2024,sa3038343,Nick Moran,LIB,,,,,False
2024,sa3038538,Nick Mullen,GW,,,,,False
2022,sa3038731,Nick Neibauer,M-OH,,,,,False
2021,sa3038800,Nick Neville,SIU,,,,,False
2024,sa3038984,Nick Oakley,UCSB,,,,,False
2021,sa3039407,Nick Pantos,ODU,,,,,False
2022,sa3039407,Nick Pantos,ODU,,,,,False
2021,sa3039465,Nick Parker,CCU,,,,,False
2022,sa3039465,Nick Parker,CCU,,,,,False
2023,sa3039465,Nick Parker,UVA,,,,,False
2022,sa3039577,Nick Payero,HALL,,,,,False
2023,sa3039577,Nick Payero,HALL,,,,,False
2021,sa3039719,Nick Perez,YSU,,,,,False
2023,sa3039719,Nick Perez,YSU,,,,,False
2021,sa3025641,Nick Pinto,UCI,,,,,False
2022,sa3025641,Nick Pinto,UCI,,,,,False
2023,sa3025641,Nick Pinto,UCI,,,,,False
2024,sa3025641,Nick Pinto,UCI,19.0,559.0,Chicago White Sox,"university of california, irvine",True
2024,sa3040116,Nick Poss,UCR,,,,,False
2021,sa3040152,Nick Powell,BALL,,,,,False
2022,sa3040152,Nick Powell,BALL,,,,,False
2021,sa3040159,Nick Powers,MSU,,,,,False
2022,sa3040159,Nick Powers,MSU,,,,,False
2023,sa3040159,Nick Powers,MSU,,,,,False
2024,sa3040159,Nick Powers,MSU,,,,,False
2021,sa3040411,Nick Ramanjulu,TOW,,,,,False
2021,sa3040487,Nick Ray,SELA,,,,,False
2022,sa3040611,Nick Remy,UMBC,,,,,False
2023,sa3040611,Nick Remy,UMBC,,,,,False
2025,sa3040611,Nick Remy,UMBC,,,,,False
2023,sa3041005,Nick Rodriguez,MOST,,,,,False
2024,sa3041005,Nick Rodriguez,MOST,,,,,False
2025,sa3041005,Nick Rodriguez,MOST,10.0,289.0,Los Angeles Angels,missouri state university,True
2023,sa3041096,Nick Romano,UCF,,,,,False
2022,sa3025417,Nick Roselli,BING,,,,,False
2023,sa3025417,Nick Roselli,BING,,,,,False
2021,sa3041426,Nick Salas,CSUB,,,,,False
2022,sa3041426,Nick Salas,CSUB,,,,,False
2023,sa3041426,Nick Salas,CSUB,,,,,False
2024,sa3041426,Nick Salas,CSUB,,,,,False
2022,sa3041516,Nick Sando,SCU,,,,,False
2023,sa3041516,Nick Sando,SCU,,,,,False
2025,sa3065132,Nick Shenefelt,PRIN,,,,,False
2025,sa3042231,Nick Shuhet,RID,,,,,False
2021,sa3042238,Nick Shumski,MRMK,,,,,False
2021,sa3042349,Nick Sims,UVU,,,,,False
2021,sa3017862,Nick Sinacola,ME,7.0,206.0,San Francisco Giants,university of maine,True
2022,sa3042612,Nick Smith,EVAN,,,,,False
2023,sa3042612,Nick Smith,EVAN,,,,,False
2024,sa3042803,Nick Spaventa,PENN,,,,,False
2025,sa3042803,Nick Spaventa,PENN,,,,,False
2024,sa3043285,Nick Sturino,FAIR,,,,,False
2025,sa3043285,Nick Sturino,FAIR,,,,,False
2024,sa3043347,Nick Sutherlin,PFW,,,,,False
2021,sa3043801,Nick Thornquist,UTSA,,,,,False
2024,sa3043846,Nick Timpanelli,CHSO,,,,,False
2022,sa3043972,Nick Torres,LIU,,,,,False
2024,sa3044245,Nick Upstill,PEPP,,,,,False
2025,sa3044245,Nick Upstill,PEPP,,,,,False
2024,sa3044366,Nick Vardavas,M-OH,,,,,False
2022,sa3044446,Nick Vera,DEL,,,,,False
2022,sa3019984,Nick Vogt,UCSB,7.0,210.0,Pittsburgh Pirates,"university of california, santa barbara",True
2023,sa3044770,Nick Wang,BC,,,,,False
2024,sa3044770,Nick Wang,BC,,,,,False
2022,sa3044770,Nick Wang,HC,,,,,False
2024,sa3045065,Nick Weyrich,MRSH,,,,,False
2024,sa3045130,Nick White,ME,,,,,False
2024,sa3045340,Nick Williams,MSU,,,,,False
2025,sa3045340,Nick Williams,MSU,,,,,False
2024,sa3045483,Nick Wissman,DAY,8.0,240.0,San Diego Padres,university of dayton,True
2021,sa3045500,Nick Wohlbold,UTM,,,,,False
2021,sa3045762,Nick Yovetich,SF,,,,,False
2022,sa3045762,Nick Yovetich,SF,,,,,False
2023,sa3045828,Nick Zegna,KENN,,,,,False
2021,sa3020269,Nick Zona,JMU,,,,,False
2022,sa3020269,Nick Zona,JMU,20.0,606.0,Seattle Mariners,james madison university,True
2021,sa3045890,Nick Zuppe,WAG,,,,,False
2021,sa3017867,Nick Zwack,XAV,17.0,502.0,New York Mets,xavier university,True
2024,sa3038328,Nickolas Mora,IONA,,,,,False
2021,sa3045469,Nicky Winterstein,TOL,,,,,False
2025,sa3026346,Nico Azpilcueta,STBK,,,,,False
2023,sa3026751,Nico Baumbach,LR,,,,,False
2024,sa3026751,Nico Baumbach,LR,,,,,False
2023,sa3031221,Nico Felber,COPP,,,,,False
2024,sa3031221,Nico Felber,COPP,,,,,False
2025,sa3036320,Nico Libed,USD,,,,,False
2021,sa3040079,Nico Popa,PITT,,,,,False
2024,sa3040564,Nico Regino,CSUF,,,,,False
2022,sa3041451,Nico Saltaformaggio,NICH,,,,,False
2023,sa3041451,Nico Saltaformaggio,NICH,,,,,False
2024,sa3041451,Nico Saltaformaggio,NICH,,,,,False
2025,sa3041987,Nico Senese,GASO,,,,,False
2021,sa3044288,Nico Valdez,NAVY,,,,,False
2023,sa3045827,Nico Zeglin,LBSU,,,,,False
2021,sa3028420,Nik Cardinal,FRES,,,,,False
2021,sa3022484,Nik McClaughry,ARIZ,,,,,False
2022,sa3022484,Nik McClaughry,ARIZ,,,,,False
2023,sa3022484,Nik McClaughry,ARIZ,10.0,311.0,San Diego Padres,university of arizona,True
2021,sa3040259,Nik Pry,UNC,,,,,False
2021,sa3031838,Nikelle Galatas,JKST,,,,,False
2022,sa3031838,Nikelle Galatas,JKST,,,,,False
2021,sa3026010,Niko Amory,MRST,,,,,False
2023,sa3026010,Niko Amory,MRST,,,,,False
2025,sa3027697,Niko Brini,WOF,,,,,False
2021,29782,Niko Kavadas,ND,11.0,316.0,Boston Red Sox,university of notre dame,True
2022,sa3036238,Niko Leontarakis,EKU,,,,,False
2023,sa3037404,Niko Mazza,USM,,,,,False
2024,sa3037404,Niko Mazza,USM,8.0,238.0,San Francisco Giants,university of southern mississippi,True
2023,sa3038174,Nikoh Mitchell,FRES,,,,,False
2024,sa3028090,Nin Burns II,TXSO,,,,,False
2022,sa3027592,Nixon Brannan,UIW,,,,,False
2025,sa3059054,Nkosi Didder,JKST,,,,,False
2025,sa3025980,Noah Alvarez,CSUB,,,,,False
2024,sa3026094,Noah Andrunas,UCR,,,,,False
2022,sa3026176,Noah Argenta,CARK,,,,,False
2023,sa3026176,Noah Argenta,CARK,,,,,False
2024,sa3026782,Noah Beal,FRES,,,,,False
2021,sa3026782,Noah Beal,UNLV,,,,,False
2022,sa3026782,Noah Beal,UNLV,,,,,False
2023,sa3026782,Noah Beal,UNLV,,,,,False
2024,sa3027096,Noah Best,MER,,,,,False
2023,sa3027667,Noah Brewer,LR,,,,,False
2024,sa3027667,Noah Brewer,LR,,,,,False
2021,sa3027682,Noah Bridges,UNCW,,,,,False
2025,sa3027766,Noah Brooks,SIE,,,,,False
2023,sa3028067,Noah Burkey,LR,,,,,False
2021,sa3028226,Noah Cabrera,TOW,,,,,False
2024,sa3028316,Noah Campanelli,LONG,,,,,False
2023,sa3028399,Noah Carabajal,UNLV,,,,,False
2021,sa3017624,Noah Cardenas,UCLA,,,,,False
2024,sa3028756,Noah Chapman,UNCG,,,,,False
2025,sa3028756,Noah Chapman,UNCG,,,,,False
2022,sa3029481,Noah Covington,UMES,,,,,False
2023,sa3029481,Noah Covington,UMES,,,,,False
2024,sa3029755,Noah Czajkowski,SBU,,,,,False
2021,sa3030285,Noah Dickerson,LR,,,,,False
2022,sa3030285,Noah Dickerson,LR,,,,,False
2023,sa3030774,Noah Edders,BRAD,,,,,False
2024,sa3030774,Noah Edders,BRAD,,,,,False
2025,sa3030774,Noah Edders,TROY,15.0,451.0,Chicago Cubs,troy university,True
2023,sa3031044,Noah Estrella,NMSU,,,,,False
2021,sa3031159,Noah Farmer,SIU,,,,,False
2022,sa3031159,Noah Farmer,SIU,,,,,False
2022,sa3031386,Noah Fisher,NKU,,,,,False
2023,sa3031386,Noah Fisher,NKU,,,,,False
2025,sa3059226,Noah Franco,TCU,,,,,False
2024,sa3031785,Noah Furcht,CLT,,,,,False
2025,sa3031785,Noah Furcht,CLT,,,,,False
2023,sa3032113,Noah Gent,ETSU,,,,,False
2024,sa3032113,Noah Gent,ETSU,,,,,False
2025,sa3032484,Noah Gordon,NDSU,,,,,False
2022,sa3032572,Noah Granet,PRIN,,,,,False
2022,sa3032698,Noah Greise,OMA,,,,,False
2024,sa3032698,Noah Greise,OMA,,,,,False
2021,sa3023416,Noah Hall,APP,,,,,False
2022,sa3023416,Noah Hall,SC,20.0,612.0,Milwaukee Brewers,university of south carolina,True
2021,sa3034204,Noah Hsue,WASH,,,,,False
2023,sa3034794,Noah Johnson,TOL,,,,,False
2024,sa3034794,Noah Johnson,TOL,,,,,False
2024,sa3034955,Noah Jouras,DAV,,,,,False
2025,sa3034955,Noah Jouras,DAV,,,,,False
2023,sa3035193,Noah Keller,COR,,,,,False
2024,sa3035193,Noah Keller,COR,,,,,False
2025,sa3035254,Noah Kendrick,SHSU,,,,,False
2024,sa3036130,Noah Lebron,PRES,,,,,False
2021,sa3036142,Noah Ledford,GASO,,,,,False
2022,sa3036142,Noah Ledford,GASO,,,,,False
2023,sa3036142,Noah Ledford,GASO,,,,,False
2021,sa3036280,Noah Levin,GW,,,,,False
2022,sa3036280,Noah Levin,GW,,,,,False
2023,sa3036280,Noah Levin,GW,,,,,False
2021,sa3036308,Noah Lewis,ME,,,,,False
2022,sa3036308,Noah Lewis,ME,,,,,False
2023,sa3036308,Noah Lewis,ME,,,,,False
2024,sa3036308,Noah Lewis,ME,,,,,False
2023,sa3036639,Noah Lucchesi,SAC,,,,,False
2023,sa3036646,Noah Lucier,FAIR,,,,,False
2021,sa3037198,Noah Martinez,CCSU,,,,,False
2022,sa3037198,Noah Martinez,CCSU,,,,,False
2023,sa3037198,Noah Martinez,PITT,,,,,False
2021,sa3037295,Noah Matheny,SIUE,,,,,False
2024,sa3037319,Noah Mattera,MAN,,,,,False
2022,sa3037319,Noah Mattera,UNLV,,,,,False
2025,sa3038095,Noah Millikan,PENN,,,,,False
2021,sa3038175,Noah Mitchell,CIT,,,,,False
2022,sa3038175,Noah Mitchell,CIT,,,,,False
2023,sa3038175,Noah Mitchell,CIT,,,,,False
2022,sa3038643,Noah Myers,UPST,,,,,False
2021,sa3038702,Noah Navarro,BALL,,,,,False
2021,sa3038892,Noah Niznik,SEMO,,,,,False
2022,sa3038892,Noah Niznik,SEMO,,,,,False
2023,sa3038892,Noah Niznik,SEMO,,,,,False
2022,sa3039189,Noah Orlando,UCF,,,,,False
2023,sa3040363,Noah Rabin,ILST,,,,,False
2024,sa3040363,Noah Rabin,ILST,,,,,False
2024,sa3040365,Noah Rabon,LIB,,,,,False
2021,sa3040365,Noah Rabon,UPST,,,,,False
2022,sa3040365,Noah Rabon,UPST,,,,,False
2022,sa3040619,Noah Rennard,MICH,,,,,False
2023,sa3040619,Noah Rennard,MICH,,,,,False
2021,sa3040710,Noah Richardson,NKU,,,,,False
2023,sa3040839,Noah Rivera,HART,,,,,False
2024,sa3041008,Noah Rodriguez,SIE,,,,,False
2025,sa3041008,Noah Rodriguez,SIE,,,,,False
2025,sa3041125,Noah Rooney,MINN,,,,,False
2022,sa3042718,Noah Soles,NCSU,,,,,False
2024,sa3042718,Noah Soles,NCSU,,,,,False
2024,sa3042748,Noah Sorensen,LIU,,,,,False
2025,sa3042748,Noah Sorensen,LIU,,,,,False
2025,sa3043319,Noah Sullivan,MSST,,,,,False
2022,sa3043319,Noah Sullivan,UPST,,,,,False
2024,sa3043319,Noah Sullivan,UPST,,,,,False
2022,sa3043472,Noah Takacs,SAC,,,,,False
2023,sa3043774,Noah Thompson,LIP,,,,,False
2025,sa3060768,Noah Toole,RAD,,,,,False
2022,sa3044149,Noah Turley,ARIZ,,,,,False
2022,sa3044913,Noah Webb,ETSU,,,,,False
2023,sa3044913,Noah Webb,ETSU,,,,,False
2022,sa3045156,Noah Whitted,AAMU,,,,,False
2023,sa3045156,Noah Whitted,AAMU,,,,,False
2022,sa3039720,Noel Perez,FIU,,,,,False
2025,sa3060382,Noel Rivera,MRST,,,,,False
2024,sa3044289,Noel Valdez,UCD,,,,,False
2025,sa3044289,Noel Valdez,UCD,,,,,False
2023,sa3025729,Nolan Ackerman,SEMO,,,,,False
2025,sa3058677,Nolan Book,MSM,,,,,False
2023,sa3027868,Nolan Brown,SFA,,,,,False
2024,sa3027868,Nolan Brown,SFA,,,,,False
2021,sa3028770,Nolan Charlton,UMBC,,,,,False
2022,sa3025670,Nolan Clifford,CREI,,,,,False
2023,sa3025670,Nolan Clifford,CREI,,,,,False
2024,sa3025670,Nolan Clifford,CREI,17.0,498.0,Colorado Rockies,creighton university,True
2025,sa3058898,Nolan Colby,FAIR,,,,,False
2022,sa3020453,Nolan DeVos,DAV,5.0,163.0,Houston Astros,davidson college,True
2022,sa3031782,Nolan Funke,NMSU,,,,,False
2024,sa3032126,Nolan George,SJSU,,,,,False
2025,sa3032126,Nolan George,SJSU,,,,,False
2025,sa3065048,Nolan Grawe,SDST,,,,,False
2023,sa3033791,Nolan Higgins,MSU,,,,,False
2025,sa3033791,Nolan Higgins,MSU,,,,,False
2023,sa3034221,Nolan Hudi,USF,,,,,False
2023,sa3034269,Nolan Hughes,FOR,,,,,False
2025,sa3034795,Nolan Johnson,NDSU,,,,,False
2022,sa3034942,Nolan Jorgenson,NAVY,,,,,False
2024,sa3034942,Nolan Jorgenson,NAVY,,,,,False
2022,sa3037007,Nolan Manzer,NORF,,,,,False
2024,sa3037007,Nolan Manzer,NORF,,,,,False
2021,sa3037454,Nolan McCarthy,GTWN,,,,,False
2022,sa3037454,Nolan McCarthy,GTWN,,,,,False
2025,sa3037455,Nolan McCarthy,UGA,,,,,False
2024,sa3037455,Nolan McCarthy,UK,,,,,False
2021,sa3023053,Nolan McLean,OKST,,,,,False
2022,sa3023053,Nolan McLean,OKST,3.0,81.0,Baltimore Orioles,oklahoma state university,True
2022,sa3037894,Nolan Meredith,UCD,,,,,False
2022,sa3037924,Nolan Metcalf,KU,,,,,False
2021,sa3038392,Nolan Morr,LAF,,,,,False
2022,sa3038392,Nolan Morr,LAF,,,,,False
2024,sa3038392,Nolan Morr,NU,,,,,False
2022,sa3041417,Nolan Sailors,CREI,,,,,False
2023,sa3041417,Nolan Sailors,CREI,,,,,False
2024,sa3041417,Nolan Sailors,CREI,,,,,False
2025,sa3041417,Nolan Sailors,CREI,4.0,128.0,Kansas City Royals,creighton university,True
2022,sa3023104,Nolan Santos,BCU,,,,,False
2023,sa3023104,Nolan Santos,BCU,,,,,False
2021,33189,Nolan Schanuel,FAU,,,,,False
2022,33189,Nolan Schanuel,FAU,,,,,False
2023,33189,Nolan Schanuel,FAU,1.0,11.0,Los Angeles Angels,florida atlantic university,True
2023,sa3041794,Nolan Schubart,OKST,,,,,False
2024,sa3041794,Nolan Schubart,OKST,,,,,False
2025,sa3041794,Nolan Schubart,OKST,3.0,101.0,Cleveland Guardians,oklahoma state university,True
2024,sa3042433,Nolan Sliver,KENN,,,,,False
2025,sa3060643,Nolan Sparks,NKU,,,,,False
2024,sa3043209,Nolan Straniero,ELON,,,,,False
2025,sa3043209,Nolan Straniero,ELON,,,,,False
2022,sa3043819,Nolan Tichy,MASS,,,,,False
2023,sa3043819,Nolan Tichy,MASS,,,,,False
2025,sa3060781,Nolan Traeger,TCU,,,,,False
2022,sa3044122,Nolan Tucker,VAL,,,,,False
2023,sa3044122,Nolan Tucker,VAL,,,,,False
2025,sa3044122,Nolan Tucker,XAV,,,,,False
2024,sa3044539,Nolan Vlcek,WMU,,,,,False
2024,sa3044866,Nolan Watson,DAY,,,,,False
2025,sa3045418,Nolan Wilson,MRSH,,,,,False
2023,sa3045418,Nolan Wilson,NEV,,,,,False
2024,sa3045418,Nolan Wilson,NEV,,,,,False
2021,sa3045750,Nolan Young,TOW,,,,,False
2022,sa3045750,Nolan Young,TOW,,,,,False
2023,sa3033735,Nolen Hester,TTU,,,,,False
2021,sa3033735,Nolen Hester,WOF,,,,,False
2022,sa3033735,Nolen Hester,WOF,,,,,False
2025,sa3059959,Norris McClure,UTSA,,,,,False
2023,sa3029286,Nu'u Contrades,ASU,,,,,False
2025,sa3029287,Nu'u Contrades,ASU,,,,,False
2025,sa3039419,Nuno Parache,NICH,,,,,False
2025,sa3033453,Nyan Hayes,GRAM,,,,,False
2021,sa3038491,Octavien Moyer,FAMU,,,,,False
2021,sa3026232,Ole Arntson,SIUE,,,,,False
2023,sa3026232,Ole Arntson,SIUE,,,,,False
2025,sa3030066,Oliver De La Torre,CAL,,,,,False
2025,sa3040271,Oliver Pudvar,CONN,,,,,False
2025,sa3060165,Ollie Obenour,WSU,,,,,False
2022,sa3032389,Omar Gomez,JKST,,,,,False
2023,sa3037818,Omar Melendez,ALST,,,,,False
2024,sa3037818,Omar Melendez,MD,,,,,False
2023,sa3042010,Omar Serrano,SDSU,,,,,False
2024,sa3042010,Omar Serrano,SDSU,,,,,False
2025,sa3042010,Omar Serrano,SDSU,,,,,False
2021,sa3028048,ONeill Burgos,SOU,,,,,False
2022,sa3028048,ONeill Burgos,SOU,,,,,False
2023,sa3028048,ONeill Burgos,SOU,,,,,False
2021,sa3026123,Oraj Anu,UK,,,,,False
2021,31776,Orion Kerkering,USF,,,,,False
2022,31776,Orion Kerkering,USF,5.0,152.0,Philadelphia Phillies,university of south florida,True
2021,sa3039224,Orlando Ortiz,TROY,,,,,False
2023,sa3038609,Oscar Murray,HALL,,,,,False
2021,sa3040063,Oscar Ponce,TXSO,,,,,False
2022,sa3040063,Oscar Ponce,UTA,,,,,False
2021,sa3037852,Osvaldo Mendez,ALST,,,,,False
2022,sa3037852,Osvaldo Mendez,ALST,,,,,False
2023,sa3025449,Owen Ayers,MRSH,,,,,False
2024,sa3025449,Owen Ayers,MRSH,19.0,572.0,Chicago Cubs,marshall university,True
2023,sa3027169,Owen Birkman,ALB,,,,,False
2021,sa3027178,Owen Bishop,SDST,,,,,False
2022,sa3027178,Owen Bishop,SDST,,,,,False
2023,sa3027314,Owen Boerema,KSU,,,,,False
2024,sa3027314,Owen Boerema,KSU,,,,,False
2025,sa3058785,Owen Byberg,EVAN,,,,,False
2022,sa3028401,Owen Carapellotti,GTWN,,,,,False
2023,sa3028401,Owen Carapellotti,GTWN,,,,,False
2024,sa3028401,Owen Carapellotti,GTWN,,,,,False
2025,sa3028401,Owen Carapellotti,GTWN,,,,,False
2025,sa3028451,Owen Carlson,COR,,,,,False
2023,sa3028718,Owen Chaffin,SLU,,,,,False
2025,sa3058887,Owen Clyne,GMU,,,,,False
2021,sa3029068,Owen Coady,PENN,,,,,False
2022,sa3029068,Owen Coady,PENN,,,,,False
2023,sa3029068,Owen Coady,PENN,,,,,False
2023,sa3029076,Owen Cobb,STAN,,,,,False
2024,sa3029076,Owen Cobb,STAN,,,,,False
2021,sa3030361,Owen Diodati,ALA,,,,,False
2022,sa3030361,Owen Diodati,ALA,,,,,False
2025,sa3031035,Owen Estabrook,COLU,,,,,False
2025,sa3059261,Owen Galt,UL,,,,,False
2024,sa3032100,Owen Geiss,LBSU,,,,,False
2025,sa3032100,Owen Geiss,LBSU,,,,,False
2023,sa3025349,Owen Hackman,LMU,,,,,False
2024,sa3025349,Owen Hackman,LMU,9.0,281.0,Atlanta Braves,loyola marymount university,True
2021,sa3033086,Owen Hamilton,UMBC,,,,,False
2025,sa3034286,Owen Hull,GMU,,,,,False
2023,sa3034514,Owen Jackson,TOL,,,,,False
2024,sa3034514,Owen Jackson,TOL,,,,,False
2025,sa3035227,Owen Kelly,SLU,,,,,False
2025,sa3035687,Owen Kramkowski,ARIZ,,,,,False
2025,sa3059780,Owen Lee,TNTC,,,,,False
2024,sa3036785,Owen MacDonnell,SHU,,,,,False
2023,sa3037565,Owen McElfatrick,NU,,,,,False
2024,sa3037565,Owen McElfatrick,NU,,,,,False
2025,sa3037565,Owen McElfatrick,NU,,,,,False
2024,sa3039820,Owen Petrich,JOES,,,,,False
2025,sa3039820,Owen Petrich,JOES,,,,,False
2023,sa3039904,Owen Pierce,W&M,,,,,False
2025,sa3060271,Owen Pincince,SIE,,,,,False
2024,sa3040219,Owen Prince,VMI,,,,,False
2025,sa3040219,Owen Prince,VMI,,,,,False
2025,sa3040240,Owen Proksch,DUKE,9.0,265.0,Texas Rangers,duke university,True
2025,sa3040347,Owen Quinn,BALL,,,,,False
2024,sa3041575,Owen Sarna,WIN,,,,,False
2025,sa3041575,Owen Sarna,WIN,,,,,False
2025,sa3065411,Owen Siegert,SDST,,,,,False
2023,sa3042283,Owen Silliman,ALB,,,,,False
2025,sa3042283,Owen Silliman,CAN,,,,,False
2025,sa3065414,Owen Slater,MOST,,,,,False
2023,sa3023225,Owen Stevenson,ASU,19.0,573.0,Tampa Bay Rays,arizona state university,True
2022,sa3023225,Owen Stevenson,SF,,,,,False
2025,sa3043506,Owen Tappy,VCU,,,,,False
2025,sa3044650,Owen Walewander,LEH,,,,,False
2022,sa3044821,Owen Washburn,TTU,,,,,False
2022,sa3023278,Owen Wild,GONZ,,,,,False
2023,sa3023278,Owen Wild,GONZ,7.0,213.0,Tampa Bay Rays,gonzaga university,True
2025,sa3065448,Owen Wilson,W&M,,,,,False
2022,sa3040175,Ozzie Pratt,BYU,,,,,False
2023,sa3040175,Ozzie Pratt,BYU,,,,,False
2024,sa3040175,Ozzie Pratt,USM,,,,,False
2025,sa3040175,Ozzie Pratt,USM,,,,,False
2022,sa3029421,Pablo Cortes,NMSU,,,,,False
2021,sa3041291,Pablo Ruiz,UCF,,,,,False
2025,sa3041556,Pablo Santos,RUTG,,,,,False
2022,sa3039241,Padraig OShaughnessy,YSU,,,,,False
2023,sa3039241,Padraig OShaughnessy,YSU,,,,,False
2024,sa3025821,Parker Airhart,UTA,,,,,False
2025,sa3025821,Parker Airhart,UTA,,,,,False
2021,sa3017112,Parker Bates,LT,9.0,259.0,Kansas City Royals,louisiana tech university,True
2022,sa3027139,Parker Biederer,GASO,,,,,False
2025,sa3058653,Parker Blackman,SHSU,,,,,False
2025,sa3027776,Parker Brosius,GT,,,,,False
2025,sa3058761,Parker Brzustewicz,ND,,,,,False
2021,sa3017939,Parker Chavers,CCU,7.0,214.0,Chicago Cubs,coastal carolina university,True
2022,sa3029090,Parker Coddou,NICH,,,,,False
2023,sa3029090,Parker Coddou,NICH,,,,,False
2024,sa3029090,Parker Coddou,NICH,,,,,False
2024,sa3029161,Parker Coley,SELA,,,,,False
2025,sa3029161,Parker Coley,SELA,,,,,False
2024,sa3030822,Parker Edwards,HCU,,,,,False
2025,sa3030822,Parker Edwards,HCU,,,,,False
2025,sa3032344,Parker Goff,BYU,,,,,False
2021,sa3032620,Parker Gray,SPU,,,,,False
2025,sa3033114,Parker Hampton,NORF,,,,,False
2022,sa3033369,Parker Haskin,ELON,,,,,False
2021,sa3034797,Parker Johnson,VAL,,,,,False
2021,sa3035228,Parker Kelly,TTU,,,,,False
2022,sa3035228,Parker Kelly,TTU,,,,,False
2022,sa3035911,Parker Landwehr,BC,,,,,False
2024,sa3035911,Parker Landwehr,BC,,,,,False
2022,sa3036258,Parker Lester,M-OH,,,,,False
2024,sa3036258,Parker Lester,MER,,,,,False
2025,sa3036258,Parker Lester,MER,,,,,False
2025,sa3037556,Parker McDonald,SAM,,,,,False
2021,sa3020748,Parker Messick,FSU,,,,,False
2022,sa3020748,Parker Messick,FSU,2.0,54.0,Cleveland Guardians,florida state university,True
2021,sa3038910,Parker Nolan,DAV,,,,,False
2022,sa3038910,Parker Nolan,DAV,,,,,False
2023,sa3038910,Parker Nolan,NCSU,,,,,False
2024,sa3038911,Parker Noland,SC,,,,,False
2021,sa3038911,Parker Noland,VAN,,,,,False
2022,sa3038911,Parker Noland,VAN,,,,,False
2023,sa3038911,Parker Noland,VAN,,,,,False
2025,sa3039896,Parker Picot,MSU,,,,,False
2023,sa3040273,Parker Puetz,NDSU,,,,,False
2023,sa3041223,Parker Rowland,ARK,,,,,False
2024,sa3041732,Parker Schmidt,UNLV,,,,,False
2021,sa3041862,Parker Scott,OKST,,,,,False
2021,sa3042458,Parker Smejkal,OMA,,,,,False
2023,sa3042618,Parker Smith,RICE,,,,,False
2024,sa3042618,Parker Smith,RICE,4.0,131.0,Houston Astros,rice university,True
2024,sa3043138,Parker Stinson,INST,,,,,False
2021,sa3044247,Parker Upton,CREI,,,,,False
2022,sa3045157,Parker Whittle,WIN,,,,,False
2025,sa3060919,Parker Wight,UNCG,,,,,False
2023,sa3027443,Parks Bouck,LIP,,,,,False
2024,sa3027443,Parks Bouck,LIP,,,,,False
2025,sa3027443,Parks Bouck,LIP,,,,,False
2022,sa3033191,Parks Harber,UGA,,,,,False
2023,sa3033191,Parks Harber,UGA,,,,,False
2024,sa3036145,Parks Ledwell,CHSO,,,,,False
2021,sa3022702,Pascanel Ferreras,WCU,,,,,False
2022,sa3022702,Pascanel Ferreras,WCU,,,,,False
2023,sa3022702,Pascanel Ferreras,WCU,20.0,614.0,Houston Astros,western carolina university,True
2025,sa3029805,Pat DAmico,BRY,,,,,False
2022,sa3029805,Pat DAmico,HALL,,,,,False
2023,sa3029805,Pat DAmico,HALL,,,,,False
2021,sa3020938,Pat Gallagher,CONN,,,,,False
2022,sa3020938,Pat Gallagher,CONN,11.0,338.0,Toronto Blue Jays,university of connecticut,True
2021,sa3039074,Pat OHare,SIE,,,,,False
2022,sa3039166,Pat ONeill,VILL,,,,,False
2022,sa3028660,Patrick Caulfield,NEV,,,,,False
2023,sa3025223,Patrick Clohisy,SLU,,,,,False
2024,sa3025223,Patrick Clohisy,SLU,11.0,341.0,Arizona Diamondbacks,st. louis university,True
2022,sa3023283,Patrick Copen,MRSH,,,,,False
2023,sa3023283,Patrick Copen,MRSH,7.0,220.0,Los Angeles Dodgers,marshall university,True
2021,sa3030187,Patrick DeSalvo,GTWN,,,,,False
2025,sa3030951,Patrick Engskov,ARST,,,,,False
2021,sa3031252,Patrick Ferguson,GWEB,,,,,False
2025,sa3031537,Patrick Forbes,LOU,1.0,29.0,Arizona Diamondbacks,university of louisville,True
2023,sa3031775,Patrick Fultz,WRST,,,,,False
2024,sa3031775,Patrick Fultz,WRST,,,,,False
2025,sa3031775,Patrick Fultz,WRST,,,,,False
2024,sa3031967,Patrick Gardner,FDU,,,,,False
2025,sa3031967,Patrick Gardner,PITT,,,,,False
2025,sa3059298,Patrick Gillen,UNCA,,,,,False
2025,sa3032935,Patrick Hackworth,UCSD,,,,,False
2022,sa3033702,Patrick Herrera,NU,,,,,False
2025,sa3033702,Patrick Herrera,UK,,,,,False
2024,sa3034799,Patrick Johnson,MTSU,,,,,False
2023,sa3035164,Patrick Keighran,SF,,,,,False
2025,sa3035164,Patrick Keighran,SF,,,,,False
2024,sa3037274,Patrick Mastrian IV,M-OH,,,,,False
2023,sa3037336,Patrick Matthews,HPU,,,,,False
2023,sa3038105,Patrick Mills,UVU,,,,,False
2021,29564,Patrick Monteverde,TTU,,,,,False
2022,sa3020564,Patrick Pridgen,FIU,15.0,447.0,Detroit Tigers,florida international university,True
2022,sa3023038,Patrick Reilly,VAN,,,,,False
2023,sa3040939,Patrick Roche,BC,,,,,False
2025,sa3040939,Patrick Roche,BC,,,,,False
2021,sa3017304,Patrick Wicklander,ARK,8.0,251.0,Tampa Bay Rays,university of arkansas,True
2021,sa3017556,Patrick Winkel,CONN,,,,,False
2021,sa3027041,Paul Bergstrom,CREI,,,,,False
2022,sa3027041,Paul Bergstrom,CREI,,,,,False
2023,sa3022587,Paul Bonzagni,SIU,12.0,351.0,Texas Rangers,southern illinois university,True
2025,sa3066537,Paul Contreras,CSUF,,,,,False
2023,sa3029319,Paul Cooke,VILL,,,,,False
2021,sa3031658,Paul Franzoni,NJIT,,,,,False
2022,sa3031658,Paul Franzoni,NJIT,,,,,False
2021,sa3035623,Paul Komistek,CIN,,,,,False
2022,sa3035623,Paul Komistek,CIN,,,,,False
2021,sa3035784,Paul Kunst,USD,,,,,False
2021,sa3037642,Paul McIntosh,WVU,,,,,False
2022,sa3038309,Paul Moore,RAD,,,,,False
2023,sa3038309,Paul Moore,RAD,,,,,False
2023,sa3038656,Paul Myro IV,UNLV,,,,,False
2024,sa3038656,Paul Myro IV,UNLV,,,,,False
2025,sa3038656,Paul Myro IV,UNLV,,,,,False
2023,sa3039178,Paul Orbon,SJU,,,,,False
2025,sa3039255,Paul Osting,WIU,,,,,False
2025,sa3041733,Paul Schmitz,HOU,,,,,False
2021,33677,Paul Skenes,AFA,,,,,False
2022,33677,Paul Skenes,AFA,,,,,False
2023,33677,Paul Skenes,LSU,1.0,1.0,Pittsburgh Pirates,louisiana state university,True
2024,sa3043496,Paul Tammaro,CONN,,,,,False
2021,sa3043885,Paul Toetz,IU,,,,,False
2022,sa3043885,Paul Toetz,PUR,,,,,False
2023,sa3043885,Paul Toetz,PUR,,,,,False
2024,sa3043885,Paul Toetz,UGA,,,,,False
2022,sa3044580,Paul Vossen,UVU,,,,,False
2023,sa3023476,Paulshawn Pasqualotto,CAL,12.0,357.0,Minnesota Twins,"university of california, berkeley",True
2024,sa3036952,Pauly Mancino,OHIO,,,,,False
2025,sa3036952,Pauly Mancino,OHIO,,,,,False
2025,sa3035512,Paxton Kling,PSU,,,,,False
2022,sa3037951,Paxton Meyers,BRWN,,,,,False
2023,sa3037951,Paxton Meyers,BRWN,,,,,False
2024,sa3037951,Paxton Meyers,BRWN,,,,,False
2023,sa3043775,Paxton Thompson,CLT,,,,,False
2023,sa3043909,Paxton Tomaini,DAY,,,,,False
2024,sa3043909,Paxton Tomaini,DAY,,,,,False
2021,sa3044703,Paxton Wallace,WICH,,,,,False
2022,sa3025926,Payton Allen,FRES,,,,,False
2025,sa3025927,Payton Allen,GRAM,,,,,False
2022,sa3026770,Payton Baylis,ALCN,,,,,False
2025,sa3027650,Payton Brennan,UCLA,,,,,False
2023,sa3030825,Payton Eeles,CCU,,,,,False
2024,sa3025195,Payton Green,GT,,,,,False
2022,sa3025195,Payton Green,NCSU,,,,,False
2023,sa3025195,Payton Green,NCSU,,,,,False
2025,sa3032817,Payton Gubler,BYU,,,,,False
2021,sa3033201,Payton Harden,MCN,,,,,False
2022,sa3033201,Payton Harden,MCN,,,,,False
2023,sa3033201,Payton Harden,MCN,,,,,False
2021,sa3033297,Payton Harris,ALST,,,,,False
2022,sa3033297,Payton Harris,ALST,,,,,False
2024,sa3035567,Payton Knowles,GONZ,,,,,False
2023,sa3036070,Payton Lawrence,SEMO,,,,,False
2024,sa3043900,Payton Tolle,TCU,2.0,50.0,Boston Red Sox,texas christian university,True
2022,sa3043900,Payton Tolle,WICH,,,,,False
2023,sa3043900,Payton Tolle,WICH,,,,,False
2025,sa3060914,Payton Whitehead,ME,,,,,False
2021,sa3034170,Pearce Howard,UNO,,,,,False
2022,sa3034170,Pearce Howard,UNO,,,,,False
2025,sa3060365,Pearson Riebock,BAY,,,,,False
2025,sa3043862,Perry Titlow,CARK,,,,,False
2021,sa3028956,Pete Ciuffreda,LAF,,,,,False
2022,sa3028956,Pete Ciuffreda,LAF,,,,,False
2023,sa3028956,Pete Ciuffreda,LAF,,,,,False
2024,sa3029827,Pete Daniel,BEL,,,,,False
2025,sa3029827,Pete Daniel,BEL,,,,,False
2021,sa3030178,Pete Derkay,TENN,,,,,False
2022,sa3030696,Pete Durocher,MAN,,,,,False
2023,sa3030696,Pete Durocher,MAN,,,,,False
2024,sa3030696,Pete Durocher,RUTG,,,,,False
2021,sa3020798,Pete Hansen,TEX,,,,,False
2022,sa3020798,Pete Hansen,TEX,3.0,97.0,St. Louis Cardinals,university of texas,True
2021,sa3038871,Pete Nielsen,GMU,,,,,False
2021,sa3042745,Pete Soporowski,RID,,,,,False
2022,sa3025814,Peter Ahn,MSU,,,,,False
2021,sa3025905,Peter Allegro,PORT,,,,,False
2022,sa3025905,Peter Allegro,PORT,,,,,False
2023,sa3025905,Peter Allegro,PORT,,,,,False
2021,sa3026722,Peter Battaglia,NIA,,,,,False
2021,sa3027767,Peter Brookshaw,NDSU,,,,,False
2022,sa3027767,Peter Brookshaw,NDSU,,,,,False
2023,sa3027767,Peter Brookshaw,NDSU,,,,,False
2021,sa3028091,Peter Burns,BC,,,,,False
2023,sa3028091,Peter Burns,BC,,,,,False
2022,sa3028391,Peter Capobianco,GWEB,,,,,False
2023,sa3028391,Peter Capobianco,GWEB,,,,,False
2024,sa3028391,Peter Capobianco,GWEB,,,,,False
2022,sa3028492,Peter Carreca,DSU,,,,,False
2023,sa3028492,Peter Carreca,DSU,,,,,False
2021,sa3028906,Peter Chronowski,SEA,,,,,False
2022,sa3028906,Peter Chronowski,SEA,,,,,False
2023,sa3028906,Peter Chronowski,SEA,,,,,False
2024,sa3028906,Peter Chronowski,SEA,,,,,False
2025,sa3066047,Peter Crespo,RID,,,,,False
2023,sa3030115,Peter DeMaria,FOR,,,,,False
2025,sa3030589,Peter Dubie,BRWN,,,,,False
2021,sa3030605,Peter Dudunakis,HC,,,,,False
2024,sa3032913,Peter Haas,STO,,,,,False
2022,sa3033963,Peter Holden,UNF,,,,,False
2023,sa3033963,Peter Holden,UNF,,,,,False
2024,sa3033963,Peter Holden,UNF,,,,,False
2021,sa3034379,Peter Hutzal,MRSH,,,,,False
2025,sa3036360,Peter Link,SHU,,,,,False
2021,sa3037096,Peter Marren,BUCK,,,,,False
2021,sa3017291,Peter Matt,DUKE,10.0,304.0,Chicago Cubs,duke university,True
2022,sa3037918,Peter Messervy,HARV,,,,,False
2023,sa3037918,Peter Messervy,HARV,,,,,False
2024,sa3037918,Peter Messervy,HARV,,,,,False
2022,sa3039251,Peter Ostensen,FAIR,,,,,False
2023,sa3039251,Peter Ostensen,FAIR,,,,,False
2023,sa3039273,Peter OToole,DART,,,,,False
2023,sa3042011,Peter Serruto,IU,,,,,False
2021,sa3017543,Peter Van Loon,UCI,16.0,467.0,Baltimore Orioles,"university of california, irvine",True
2025,sa3058950,Petey Craska,UNA,,,,,False
2025,sa3042775,Petey Soto Jr.,UTU,,,,,False
2021,sa3025894,Peyton Alford,VT,,,,,False
2021,sa3026448,Peyton Baker,AAMU,,,,,False
2024,sa3027364,Peyton Bonds,CAM,,,,,False
2025,sa3027364,Peyton Bonds,RUTG,,,,,False
2025,sa3027871,Peyton Brown,CAM,,,,,False
2022,sa3028270,Peyton Calitri,TNTC,,,,,False
2023,sa3028270,Peyton Calitri,TNTC,,,,,False
2024,sa3028270,Peyton Calitri,TNTC,,,,,False
2021,sa3028487,Peyton Carr,HPU,,,,,False
2022,sa3028487,Peyton Carr,HPU,,,,,False
2021,sa3028784,Peyton Chatagnier,MISS,,,,,False
2022,sa3028784,Peyton Chatagnier,MISS,,,,,False
2023,sa3028784,Peyton Chatagnier,MISS,,,,,False
2024,sa3028784,Peyton Chatagnier,TCU,,,,,False
2024,sa3029270,Peyton Consigli,CAN,,,,,False
2025,sa3029270,Peyton Consigli,CAN,,,,,False
2024,sa3031567,Peyton Fosher,NEV,,,,,False
2025,sa3031567,Peyton Fosher,NEV,,,,,False
2021,sa3019990,Peyton Graham,OU,,,,,False
2022,sa3019990,Peyton Graham,OU,2.0,51.0,Detroit Tigers,university of oklahoma,True
2025,sa3033412,Peyton Havard,LAM,,,,,False
2024,sa3034028,Peyton Holt,ARK,,,,,False
2023,sa3034904,Peyton Jones,CSUF,,,,,False
2024,sa3034904,Peyton Jones,CSUF,,,,,False
2021,sa3034981,Peyton Jula,APSU,,,,,False
2023,sa3035919,Peyton Lane,NKU,,,,,False
2021,sa3036173,Peyton Leeper,SEMO,,,,,False
2022,sa3036173,Peyton Leeper,SEMO,,,,,False
2023,sa3036173,Peyton Leeper,SEMO,,,,,False
2024,sa3036210,Peyton LeJeune,MCN,,,,,False
2022,sa3036309,Peyton Lewis,TXST,,,,,False
2023,sa3036309,Peyton Lewis,TXST,,,,,False
2023,sa3038084,Peyton Miller,PAC,,,,,False
2023,sa3038106,Peyton Mills,TNTC,,,,,False
2024,sa3025492,Peyton Olejnik,M-OH,6.0,172.0,Los Angeles Angels,miami university,True
2021,sa3020742,Peyton Pallette,ARK,,,,,False
2023,sa3039466,Peyton Parker,SFA,,,,,False
2024,sa3039466,Peyton Parker,SFA,,,,,False
2023,sa3040153,Peyton Powell,TEX,,,,,False
2024,sa3040153,Peyton Powell,TEX,,,,,False
2024,sa3040183,Peyton Prescott,JAX,,,,,False
2022,sa3040549,Peyton Reesman,RAD,,,,,False
2025,sa3060397,Peyton Rodgers,SDSU,,,,,False
2023,sa3041818,Peyton Schulze,CAL,,,,,False
2024,sa3041818,Peyton Schulze,CAL,,,,,False
2022,sa3041818,Peyton Schulze,LBSU,,,,,False
2022,sa3025512,Peyton Stovall,ARK,,,,,False
2023,sa3025512,Peyton Stovall,ARK,,,,,False
2024,sa3025512,Peyton Stovall,ARK,4.0,117.0,Cincinnati Reds,university of arkansas,True
2022,sa3023009,Peyton Stumbo,NEV,,,,,False
2023,sa3023009,Peyton Stumbo,NEV,20.0,587.0,Pittsburgh Pirates,"university of nevada, reno",True
2024,sa3044880,Peyton Watts,TROY,,,,,False
2021,sa3045185,Peyton Wigginton,MTSU,,,,,False
2022,sa3045185,Peyton Wigginton,MTSU,,,,,False
2021,sa3020099,Peyton Williams,IOWA,,,,,False
2022,sa3020099,Peyton Williams,IOWA,7.0,218.0,Toronto Blue Jays,university of iowa,True
2021,sa3017110,Peyton Wilson,ALA,2.0,66.0,Kansas City Royals,university of alabama,True
2023,sa3045420,Peyton Wilson,BGSU,,,,,False
2022,sa3045443,Peyton Winebarger,NCAT,,,,,False
2023,sa3042904,Phil Stahl,MONM,,,,,False
2024,sa3042904,Phil Stahl,MONM,,,,,False
2021,sa3026154,Philip Archer,SIU,,,,,False
2024,sa3027075,Philip Berstein,RICH,,,,,False
2025,sa3027075,Philip Berstein,RICH,,,,,False
2021,sa3037346,Philip Matulia,LT,,,,,False
2022,sa3037346,Philip Matulia,LT,,,,,False
2023,sa3037346,Philip Matulia,LT,,,,,False
2024,sa3027929,Phillip Bryant,GRAM,,,,,False
2021,sa3028841,Phillip Childs,UTA,,,,,False
2021,sa3029140,Phillip Cole,APP,,,,,False
2022,sa3022680,Phillip Glasser,IU,,,,,False
2023,sa3022680,Phillip Glasser,IU,10.0,285.0,Washington Nationals,indiana university,True
2021,sa3022680,Phillip Glasser,YSU,,,,,False
2021,sa3017113,Phillip Sikes,TCU,18.0,526.0,Boston Red Sox,texas christian university,True
2025,sa3029828,Phillips Daniels,CIT,,,,,False
2022,sa3027494,Phoenix Bowman,IONA,,,,,False
2025,sa3028274,Phoenix Call,UCLA,,,,,False
2025,sa3035607,Pico Kohn,MSST,4.0,134.0,New York Yankees,mississippi state university,True
2022,sa3022761,Pier-Olivier Boucher,SIU,,,,,False
2023,sa3022761,Pier-Olivier Boucher,SIU,10.0,309.0,Atlanta Braves,southern illinois university carbondale,True
2021,sa3022816,Pierce Bennett,WAKE,,,,,False
2022,sa3022816,Pierce Bennett,WAKE,,,,,False
2023,sa3022816,Pierce Bennett,WAKE,20.0,613.0,Philadelphia Phillies,wake forest university,True
2023,sa3031726,Pierce Friedman,STO,,,,,False
2022,sa3031871,Pierce Gallo,RICE,,,,,False
2023,sa3031871,Pierce Gallo,RICE,,,,,False
2024,sa3031871,Pierce Gallo,RICE,,,,,False
2021,sa3033591,Pierce Hendershot,SBU,,,,,False
2021,sa3027671,Pierre Brewton,AAMU,,,,,False
2024,sa3041890,Pierre Seals,MEM,,,,,False
2025,sa3041890,Pierre Seals,MIZ,,,,,False
2021,30179,Pierson Ohl,GCU,14.0,429.0,Minnesota Twins,grand canyon university,True
2023,sa3029518,PJ Craig,RID,,,,,False
2024,sa3029518,PJ Craig,RID,,,,,False
2024,sa3038483,PJ Moutzouridis,CAL,,,,,False
2025,sa3038483,PJ Moutzouridis,CAL,,,,,False
2022,sa3041292,Poncho Ruiz,SDSU,,,,,False
2023,sa3041292,Poncho Ruiz,SDSU,,,,,False
2023,sa3027872,Porter Brown,TEX,,,,,False
2024,sa3027872,Porter Brown,TEX,,,,,False
2025,sa3060438,Porter Rovin,USD,,,,,False
2025,sa3060693,Pranav Sundar,COPP,,,,,False
2021,sa3020760,Pres Cavenaugh,UNCG,,,,,False
2022,sa3020760,Pres Cavenaugh,UNCG,14.0,421.0,Cleveland Guardians,university of north carolina at greensboro,True
2024,sa3025928,Preston Allen,PV,,,,,False
2025,sa3029730,Preston Curtis,CARK,,,,,False
2021,sa3031189,Preston Faulkner,SELA,,,,,False
2022,sa3031189,Preston Faulkner,SELA,,,,,False
2023,sa3031549,Preston Ford,TNTC,,,,,False
2024,sa3031549,Preston Ford,TNTC,,,,,False
2022,sa3032332,Preston Godfrey,NMSU,,,,,False
2022,sa3020565,Preston Johnson,MSST,7.0,197.0,Baltimore Orioles,mississippi state university,True
2024,sa3035561,Preston Knott,NU,,,,,False
2025,sa3035561,Preston Knott,NU,,,,,False
2025,sa3059863,Preston Lucas,UPST,,,,,False
2021,sa3042667,Preston Snavely,WICH,,,,,False
2025,sa3043003,Preston Steele,TNTC,,,,,False
2023,sa3043627,Preston Tenney,OMA,,,,,False
2021,sa3035411,Price King,UNCG,,,,,False
2023,sa3035411,Price King,UNCG,,,,,False
2024,sa3039874,Q Phillips,MILW,,,,,False
2025,sa3039874,Q Phillips,MILW,,,,,False
2024,sa3039791,Quade Peters,EIU,,,,,False
2024,sa3034644,Quentin Jenkins,ALST,,,,,False
2021,sa3041972,Quentin Selma,CAL,,,,,False
2024,sa3026979,Quin Bennett,MVSU,,,,,False
2021,sa3017215,Quincy Hamilton,WRST,5.0,148.0,Houston Astros,wright state university,True
2025,sa3058628,Quinn Berglin,RUTG,,,,,False
2022,sa3036053,Quinn Lavelle,LMU,,,,,False
2021,sa3036053,Quinn Lavelle,NU,,,,,False
2021,sa3023407,Quinn Mathews,STAN,,,,,False
2022,sa3023407,Quinn Mathews,STAN,19.0,584.0,Tampa Bay Rays,stanford university,True
2023,sa3023407,Quinn Mathews,STAN,4.0,122.0,St. Louis Cardinals,stanford university,True
2021,sa3022701,Quinn McDaniel,ME,,,,,False
2022,sa3022701,Quinn McDaniel,ME,,,,,False
2023,sa3022701,Quinn McDaniel,ME,5.0,153.0,San Francisco Giants,university of maine,True
2021,sa3037665,Quinn McKenna,LEH,,,,,False
2022,sa3038116,Quinn Mimnaugh,WAG,,,,,False
2022,sa3044842,Quinn Waterhouse,SIUE,,,,,False
2022,sa3035774,Quinton Kujawa,OAK,,,,,False
2021,sa3037200,Quinton Martinez,APP,,,,,False
2023,sa3035906,Quintt Landis,PEPP,,,,,False
2022,sa3032485,R.J. Gordon,ORE,,,,,False
2024,sa3032485,R.J. Gordon,ORE,13.0,383.0,New York Mets,university of oregon,True
2022,sa3041437,R.J. Sales,UNCW,,,,,False
2024,sa3041437,R.J. Sales,UNCW,,,,,False
2023,sa3027168,Radek Birkholz,ND,,,,,False
2023,sa3025737,Rafael Acosta,GAST,,,,,False
2023,sa3027099,Rafael Betancourt,USF,,,,,False
2024,sa3027099,Rafael Betancourt,USF,,,,,False
2025,sa3027099,Rafael Betancourt,USF,,,,,False
2025,sa3059140,Rafael Espinoza,SEA,,,,,False
2023,sa3025368,Rafe Perich,LEH,,,,,False
2024,sa3025368,Rafe Perich,LEH,7.0,225.0,Texas Rangers,lehigh university,True
2024,sa3025587,Rafe Schlesinger,MIA,4.0,113.0,Cleveland Guardians,university of miami,True
2025,sa3041059,Raffaele Rogers,LEH,,,,,False
2023,sa3043619,Raider Tello,IOWA,,,,,False
2024,sa3043619,Raider Tello,IOWA,,,,,False
2021,sa3027575,Ramon Bramasco,WASH,,,,,False
2023,sa3034699,Ramon Jimenez,CCSU,,,,,False
2024,sa3029381,Ramses Cordova,BCU,,,,,False
2023,sa3029381,Ramses Cordova,WIN,,,,,False
2024,sa3032547,Ranard Grace,SOU,,,,,False
2025,sa3032547,Ranard Grace,SOU,,,,,False
2025,sa3065156,Ranciel Ventura,MERC,,,,,False
2022,sa3030270,Randal Diaz,INST,,,,,False
2023,sa3030270,Randal Diaz,INST,,,,,False
2024,sa3030270,Randal Diaz,INST,5.0,141.0,Washington Nationals,indiana state university,True
2023,sa3033777,Randall Hien,SIE,,,,,False
2024,sa3033777,Randall Hien,SIE,,,,,False
2024,sa3034134,Randon Hostert,UTAH,,,,,False
2023,sa3025720,Randy Abshier,HAW,,,,,False
2024,sa3025720,Randy Abshier,HAW,,,,,False
2021,sa3026865,Randy Bednar,MD,,,,,False
2023,sa3025366,Randy Flores,ALST,,,,,False
2024,sa3025366,Randy Flores,ALST,8.0,232.0,Los Angeles Angels,alabama state university,True
2023,sa3032026,Randy Garza,RGV,,,,,False
2025,sa3040647,Randy Reyes,GRAM,,,,,False
2024,sa3042030,Randy Seymour,MSU,,,,,False
2025,sa3042030,Randy Seymour,MSU,,,,,False
2021,sa3045507,Rankin Woley,AUB,,,,,False
2023,sa3039648,Raphael Pelletier,KSU,,,,,False
2024,sa3039648,Raphael Pelletier,KSU,,,,,False
2024,sa3041011,Raphael Rodriguez,NORF,,,,,False
2022,sa3041010,Raphy Rodriguez,NORF,,,,,False
2023,sa3041010,Raphy Rodriguez,NORF,,,,,False
2022,sa3041269,Rashad Ruff,COPP,,,,,False
2024,sa3041269,Rashad Ruff,UCLA,,,,,False
2021,sa3030871,Raul Elguezabal,SIUE,,,,,False
2025,sa3031906,Raul Garayzar,ARIZ,18.0,543.0,Arizona Diamondbacks,university of arizona,True
2022,sa3041517,Raul Sandoval,UCD,,,,,False
2021,sa3025871,Ray Alejo,TA&M,,,,,False
2021,sa3026682,Ray Bartoli,ARMY,,,,,False
2021,sa3031832,Ray Gaither,DBU,,,,,False
2023,sa3039225,Ray Ortiz,NJIT,,,,,False
2024,sa3039225,Ray Ortiz,NJIT,,,,,False
2025,sa3039225,Ray Ortiz,NJIT,,,,,False
2022,sa3041585,Ray Sass,BRWN,,,,,False
2023,sa3041585,Ray Sass,BRWN,,,,,False
2021,sa3044928,Ray Weber,ALB,,,,,False
2022,sa3044928,Ray Weber,ALB,,,,,False
2021,sa3045883,Ray Zuberer III,WKU,,,,,False
2023,sa3044629,Raylan Wagner,FAMU,,,,,False
2025,sa3058879,Raymond Clark,AAMU,,,,,False
2021,sa3032204,Raymond Gil,MIA,,,,,False
2024,sa3035837,Raymond Ladd,RAD,,,,,False
2021,sa3039321,Raymond Pacella,MRSH,,,,,False
2023,sa3039321,Raymond Pacella,MRSH,,,,,False
2025,sa3044431,Raymond Velazquez,APSU,,,,,False
2025,sa3065322,Rayner Heinrich,TAR,,,,,False
2022,sa3039792,Rayth Petersen,UIC,,,,,False
2023,sa3039792,Rayth Petersen,UIC,,,,,False
2024,sa3039792,Rayth Petersen,UIC,,,,,False
2022,sa3030492,Reagan Doss,CP,,,,,False
2022,sa3035478,Reagan Klawiter,NIU,,,,,False
2025,sa3040840,Reagan Rivera,COPP,,,,,False
2023,sa3026068,Reece Anderson,SDST,,,,,False
2024,sa3026068,Reece Anderson,SDST,,,,,False
2023,sa3026144,Reece Arbogast,SDST,,,,,False
2022,sa3026195,Reece Armitage,MRST,,,,,False
2025,sa3027106,Reece Beuter,IOWA,,,,,False
2025,sa3058874,Reece Clapp,BRAD,,,,,False
2021,sa3030738,Reece Early,NAVY,,,,,False
2021,sa3031100,Reece Ewing,USM,,,,,False
2022,sa3031100,Reece Ewing,USM,,,,,False
2023,sa3031100,Reece Ewing,USM,,,,,False
2021,sa3033688,Reece Hernandez,SJSU,,,,,False
2025,sa3037562,Reece McDuffie,TNTC,,,,,False
2024,sa3038389,Reece Moroney,URI,,,,,False
2025,sa3038389,Reece Moroney,URI,,,,,False
2022,sa3040364,Reece Rabin,PRIN,,,,,False
2022,sa3040464,Reece Rappoli,BRWN,,,,,False
2023,sa3040464,Reece Rappoli,BRWN,,,,,False
2024,sa3040464,Reece Rappoli,BRWN,,,,,False
2023,sa3045571,Reece Woody,GMU,,,,,False
2024,sa3045571,Reece Woody,GMU,,,,,False
2022,sa3028911,Reed Chumley,HCU,,,,,False
2023,sa3028911,Reed Chumley,HCU,,,,,False
2024,sa3028911,Reed Chumley,WVU,,,,,False
2023,sa3034438,Reed Interdonato,MONM,,,,,False
2023,sa3038379,Reed Moring,UCSB,,,,,False
2022,sa3039502,Reed Parris,COFC,,,,,False
2023,sa3042627,Reed Smith,LT,,,,,False
2024,sa3042627,Reed Smith,LT,,,,,False
2023,sa3042838,Reed Spenrath,UNM,,,,,False
2024,sa3042838,Reed Spenrath,UNM,,,,,False
2024,sa3042915,Reed Stallman,CAM,,,,,False
2021,sa3017180,Reed Trimble,USM,,,,,False
2025,sa3045239,Reed Willbanks,LR,,,,,False
2024,sa3035666,Rees Kozar,NIA,,,,,False
2025,sa3035666,Rees Kozar,NIA,,,,,False
2022,sa3025848,Reese Albert,FSU,,,,,False
2021,sa3025889,Reese Alexiades,PEPP,,,,,False
2025,sa3026696,Reese Bassinger,WVU,,,,,False
2025,sa3026878,Reese Beheler,LAM,,,,,False
2025,sa3027403,Reese Borho,ACU,,,,,False
2025,sa3028757,Reese Chapman,TENN,,,,,False
2021,sa3030688,Reese Durand,LAM,,,,,False
2022,sa3030688,Reese Durand,LAM,,,,,False
2024,sa3030704,Reese Dutton,KU,,,,,False
2023,sa3030704,Reese Dutton,UPST,,,,,False
2025,sa3059253,Reese Gaber,WMU,,,,,False
2025,sa3059413,Reese Harmon,SEA,,,,,False
2024,sa3036373,Reese Lipoma,NWST,,,,,False
2025,sa3036373,Reese Lipoma,NWST,,,,,False
2025,sa3036663,Reese Lueck,UNLV,,,,,False
2025,sa3036687,Reese Lumpkin,MIA,,,,,False
2024,sa3036687,Reese Lumpkin,WIN,,,,,False
2025,sa3060072,Reese Moody,JMU,,,,,False
2024,sa3038310,Reese Moore,IOWA,,,,,False
2025,sa3038310,Reese Moore,IOWA,,,,,False
2022,sa3020561,Reese Sharp,IU,20.0,587.0,Baltimore Orioles,university of indiana,True
2025,sa3062928,Reese Young,UNA,,,,,False
2025,sa3028535,Regan Carter,PAC,,,,,False
2025,sa3033041,Regan Hall,ILL,,,,,False
2024,sa3028144,Reggie Bussey,OAK,,,,,False
2025,sa3028144,Reggie Bussey,OSU,,,,,False
2021,sa3020457,Reggie Crawford,CONN,,,,,False
2025,sa3027081,Reid Bertram,GWEB,,,,,False
2021,sa3027461,Reid Bourque,MCN,,,,,False
2022,sa3027461,Reid Bourque,MCN,,,,,False
2023,sa3027495,Reid Bowman,CARK,,,,,False
2024,sa3027517,Reid Boyett,SFA,,,,,False
2025,sa3027517,Reid Boyett,SFA,,,,,False
2021,sa3028690,Reid Celata,UMBC,,,,,False
2025,sa3030746,Reid Easterly,DUKE,,,,,False
2022,sa3030746,Reid Easterly,YALE,,,,,False
2023,sa3030746,Reid Easterly,YALE,,,,,False
2024,sa3030746,Reid Easterly,YALE,,,,,False
2022,sa3031121,Reid Fagerstrom,JVST,,,,,False
2021,sa3033213,Reid Hardwick,CHSO,,,,,False
2025,sa3065543,Reid Howard,WKU,,,,,False
2021,sa3018183,Reid Johnston,NCSU,19.0,576.0,Cleveland Indians,north carolina state university,True
2025,sa3059888,Reid Madariaga,SEA,,,,,False
2021,sa3040160,Reid Powers,USA,,,,,False
2022,sa3020839,Reid VanScoter,CCU,5.0,156.0,Seattle Mariners,coastal carolina university,True
2023,sa3037410,Reilly McAdams,WASH,,,,,False
2025,sa3066055,Rene Galvan,RGV,,,,,False
2024,sa3036370,Renn Lints,MASS,,,,,False
2022,sa3027874,Rese Brown,EKU,,,,,False
2023,sa3027874,Rese Brown,EKU,,,,,False
2025,sa3034802,Rett Johnson,USA,,,,,False
2025,sa3060881,Rex Watson,USD,,,,,False
2023,sa3037862,Rey Mendoza,UIW,,,,,False
2024,sa3037862,Rey Mendoza,UIW,,,,,False
2025,sa3037862,Rey Mendoza,UIW,,,,,False
2023,sa3029709,Reyce Curnane,TOW,,,,,False
2024,sa3025766,Reyfield Adams III,ALCN,,,,,False
2025,sa3025766,Reyfield Adams III,ALCN,,,,,False
2022,sa3031289,Rhett Fetner,UTM,,,,,False
2025,sa3033600,Rhett Hendricks,HCU,,,,,False
2021,sa3017544,Rhett Kouba,DBU,12.0,358.0,Houston Astros,dallas baptist university,True
2021,33876,Rhett Lowder,WAKE,,,,,False
2022,33876,Rhett Lowder,WAKE,,,,,False
2023,33876,Rhett Lowder,WAKE,1.0,7.0,Cincinnati Reds,wake forest university,True
2022,sa3041163,Rhett Rosevear,SELA,,,,,False
2023,sa3041163,Rhett Rosevear,SELA,,,,,False
2024,sa3043160,Rhett Stokes,NEB,,,,,False
2021,31793,Rhylan Thomas,USC,,,,,False
2022,31793,Rhylan Thomas,USC,11.0,329.0,New York Mets,university of southern california,True
2024,sa3041844,Rian Schwede,VILL,,,,,False
2022,sa3045688,Rian Yates,EKU,,,,,False
2024,sa3032439,Ricardo Gonzalez,DSU,,,,,False
2023,sa3040842,Ricardo Rivera,ALST,,,,,False
2025,sa3059842,Ricco Longo,WSU,,,,,False
2021,sa3028958,Rich Ciufo,RICH,,,,,False
2021,sa3039850,Rich Pfluger,GW,,,,,False
2022,sa3040372,Rich Racobaldo,FDU,,,,,False
2023,sa3040372,Rich Racobaldo,FDU,,,,,False
2023,sa3036493,Richard Long,JAX,,,,,False
2024,sa3036493,Richard Long,JAX,,,,,False
2025,sa3036493,Richard Long,JAX,,,,,False
2021,sa3026640,Richie Barrella,MAN,,,,,False
2025,sa3058676,Richie Bonomolo Jr.,ALA,7.0,224.0,New York Yankees,university of alabama,True
2021,sa3030094,Richie Dell,KENT,,,,,False
2022,sa3030094,Richie Dell,KENT,,,,,False
2021,sa3031947,Richie Garcia,FGCU,,,,,False
2023,sa3033968,Richie Holetz,MINN,,,,,False
2021,sa3033968,Richie Holetz,OMA,,,,,False
2024,sa3038336,Richie Morales,ARIZ,,,,,False
2021,sa3041701,Richie Schiekofer,RUTG,,,,,False
2022,sa3041701,Richie Schiekofer,RUTG,,,,,False
2021,sa3044983,Richie Well,SIUE,,,,,False
2022,sa3044983,Richie Well,SIUE,,,,,False
2023,sa3028640,Ricky Castro,TULN,,,,,False
2022,sa3032141,Ricky Gerik Jr.,RGV,,,,,False
2021,sa3034700,Ricky Jimenez,LONG,,,,,False
2024,sa3039084,Ricky Ojeda,UCI,,,,,False
2025,sa3039084,Ricky Ojeda,UCI,,,,,False
2023,sa3040115,Ricky Pospisil,WIU,,,,,False
2021,sa3040186,Ricky Presno,UNF,,,,,False
2024,sa3040550,Ricky Reeth,ND,,,,,False
2025,sa3040550,Ricky Reeth,ND,,,,,False
2023,sa3043602,Ricky Teel,WIN,,,,,False
2021,sa3043814,Ricky Tibbett,SDSU,,,,,False
2024,sa3043814,Ricky Tibbett,UCI,,,,,False
2021,sa3041060,Ridge Rogers,UIW,,,,,False
2022,sa3041060,Ridge Rogers,UIW,,,,,False
2025,sa3059549,Riely Hunsaker,LAM,16.0,481.0,Chicago Cubs,lamar university,True
2021,sa3040435,Rigo Ramos,BGSU,,,,,False
2023,sa3040435,Rigo Ramos,BGSU,,,,,False
2024,sa3040435,Rigo Ramos,BGSU,,,,,False
2025,sa3040435,Rigo Ramos,LIP,,,,,False
2021,sa3038462,Rigsby Mosley,TROY,,,,,False
2022,sa3038462,Rigsby Mosley,TROY,,,,,False
2023,sa3023234,Rikuu Nishida,ORE,11.0,329.0,Chicago White Sox,university of oregon,True
2024,sa3025738,Riley Acosta,UCD,,,,,False
2025,sa3025738,Riley Acosta,UCD,,,,,False
2023,sa3027082,Riley Bertram,CLEM,,,,,False
2021,sa3027082,Riley Bertram,MICH,,,,,False
2022,sa3027082,Riley Bertram,MICH,,,,,False
2023,sa3028811,Riley Cheek,QUC,,,,,False
2023,sa3023503,Riley Cooper,LSU,13.0,391.0,Baltimore Orioles,louisiana state university,True
2022,sa3020830,Riley Cornelio,TCU,7.0,201.0,Washington Nationals,texas christian university,True
2021,sa3029934,Riley Davis,LEH,,,,,False
2022,sa3029934,Riley Davis,LEH,,,,,False
2021,sa3018145,Riley Davis,UAB,18.0,534.0,Seattle Mariners,university of alabama at birmingham,True
2023,sa3029933,Riley Davis,ULM,,,,,False
2021,sa3030165,Riley Dent,VAL,,,,,False
2021,sa3030838,Riley Egloff,UNM,,,,,False
2022,sa3030838,Riley Egloff,UNM,,,,,False
2023,sa3030838,Riley Egloff,UNM,,,,,False
2024,sa3030851,Riley Eikhoff,CCU,,,,,False
2025,sa3030851,Riley Eikhoff,CCU,9.0,256.0,Chicago White Sox,coastal carolina university,True
2021,sa3022909,Riley Frey,MILW,,,,,False
2022,sa3022909,Riley Frey,MILW,,,,,False
2023,sa3022909,Riley Frey,MILW,19.0,579.0,Atlanta Braves,university of wisconsin-milwaukee,True
2021,sa3022948,Riley Gowens,ILL,,,,,False
2022,sa3022948,Riley Gowens,ILL,,,,,False
2023,sa3022948,Riley Gowens,ILL,9.0,279.0,Atlanta Braves,university of illinois,True
2023,sa3033442,Riley Hawthorne,MUR,,,,,False
2024,sa3033442,Riley Hawthorne,MUR,,,,,False
2021,sa3033931,Riley Hogan,USF,,,,,False
2024,sa3034253,Riley Huge,WIN,13.0,376.0,Oakland Athletics,winthrop university,True
2024,sa3034307,Riley Hunsaker,AMCC,,,,,False
2025,sa3034408,Riley Iffrig,SLU,,,,,False
2023,sa3035103,Riley Kasper,CSUB,,,,,False
2025,sa3035229,Riley Kelly,UCI,4.0,107.0,Colorado Rockies,"university of california, irvine",True
2021,sa3035412,Riley King,UGA,,,,,False
2025,sa3059867,Riley Luft,APP,,,,,False
2024,sa3036829,Riley Maddox,MISS,,,,,False
2025,sa3036829,Riley Maddox,MISS,8.0,231.0,Washington Nationals,university of mississippi,True
2025,sa3060133,Riley Nelson,VAN,5.0,162.0,Cleveland Guardians,vanderbilt university,True
2024,sa3039203,Riley Orr,MRST,,,,,False
2022,sa3039875,Riley Phillips,LOU,,,,,False
2025,sa3040326,Riley Quick,ALA,1.0,36.0,Minnesota Twins,university of alabama,True
2024,sa3042293,Riley Silva,NEB,,,,,False
2025,sa3042293,Riley Silva,NEB,,,,,False
2021,sa3042350,Riley Sinclair,SEA,,,,,False
2021,sa3042749,Riley Sorenson,MRMK,,,,,False
2023,sa3043408,Riley Swenson,MINN,,,,,False
2021,sa3017078,Riley Tirotta,DAY,12.0,362.0,Toronto Blue Jays,university of dayton,True
2025,sa3060492,Rintaro Sasaki,STAN,,,,,False
2024,sa3040548,Ripken Reese,KENT,,,,,False
2025,sa3033333,River Hart,UML,,,,,False
2024,sa3039207,River Orsak,LAM,,,,,False
2021,sa3017118,River Town,DBU,15.0,439.0,Kansas City Royals,dallas baptist university,True
2022,sa3041012,Riyan Rodriguez,MOST,,,,,False
2023,sa3026315,RJ Austin,VAN,,,,,False
2024,sa3026315,RJ Austin,VAN,,,,,False
2025,sa3026315,RJ Austin,VAN,3.0,93.0,Baltimore Orioles,vanderbilt university,True
2023,sa3034702,RJ Jimerson,MEM,,,,,False
2024,sa3034804,Rj Johnson,RUTG,,,,,False
2025,sa3034804,Rj Johnson,RUTG,,,,,False
2022,sa3039611,RJ Pearson,CARK,,,,,False
2021,sa3017848,RJ Petit,CHSO,14.0,405.0,Detroit Tigers,charleston southern university,True
2021,sa3022602,RJ Schreck,DUKE,,,,,False
2022,sa3022602,RJ Schreck,DUKE,,,,,False
2023,sa3022602,RJ Schreck,VAN,9.0,277.0,Seattle Mariners,vanderbilt university,True
2024,sa3042170,RJ Sherwood,YSU,,,,,False
2022,sa3045696,RJ Yeager,MSST,,,,,False
2023,sa3028173,Rob Butler,URI,,,,,False
2021,sa3032747,Rob Griswold,LIU,,,,,False
2021,sa3020332,Rob Hensey,MONM,,,,,False
2022,sa3020332,Rob Hensey,MONM,,,,,False
2022,sa3037202,Rob Martin,AFA,,,,,False
2024,sa3040497,Rob Ready,UNCG,,,,,False
2021,sa3044973,Rob Weissheier,HOF,,,,,False
2021,sa3026196,Robbie Armitage,MRST,,,,,False
2022,sa3026196,Robbie Armitage,MRST,,,,,False
2025,sa3026339,Robbie Ayers,LMU,,,,,False
2021,sa3027980,Robbie Buecker,ARMY,,,,,False
2022,sa3027980,Robbie Buecker,ARMY,,,,,False
2023,sa3027980,Robbie Buecker,ARMY,,,,,False
2025,sa3028080,Robbie Burnett,UGA,,,,,False
2022,sa3028080,Robbie Burnett,UNCA,,,,,False
2023,sa3028080,Robbie Burnett,UNCA,,,,,False
2024,sa3036054,Robbie Lavey,GW,,,,,False
2025,sa3036054,Robbie Lavey,GW,,,,,False
2025,sa3036327,Robbie Liddington,UIW,,,,,False
2022,sa3036908,Robbie Maldonado,PV,,,,,False
2021,sa3037889,Robbie Merced,LIP,,,,,False
2024,sa3039032,Robbie O'Connor,MASS,,,,,False
2025,sa3039032,Robbie O'Connor,MASS,,,,,False
2025,sa3039684,Robbie Penswick,ARMY,,,,,False
2022,sa3039816,Robbie Petracci,ODU,,,,,False
2021,sa3045754,Robbie Young,APP,,,,,False
2021,sa3018193,Robby Ahlstrom,ORE,7.0,213.0,New York Yankees,university of oregon,True
2021,sa3017155,Robby Martin Jr.,FSU,8.0,230.0,Colorado Rockies,florida state university,True
2022,sa3038367,Robby Morgan IV,CMU,,,,,False
2023,sa3038367,Robby Morgan IV,CMU,,,,,False
2022,sa3043531,Robby Taul,WIN,,,,,False
2023,sa3044601,Robby Wacker,GW,,,,,False
2024,sa3044601,Robby Wacker,GW,,,,,False
2025,sa3026810,Robert Beatty,NORF,,,,,False
2021,sa3028001,Robert Bullard,CSUN,,,,,False
2023,sa3028742,Robert Chaney,HART,,,,,False
2024,sa3025521,Robert Cranz,OKST,7.0,200.0,Washington Nationals,oklahoma state university,True
2024,sa3031080,Robert Evans,GAST,,,,,False
2021,sa3031178,Robert Farruggio,SHU,,,,,False
2022,sa3031178,Robert Farruggio,SHU,,,,,False
2023,sa3031178,Robert Farruggio,SHU,,,,,False
2021,sa3031856,Robert Gallagher,UML,,,,,False
2022,sa3031856,Robert Gallagher,UML,,,,,False
2023,sa3031856,Robert Gallagher,UML,,,,,False
2021,29812,Robert Gasser,HOU,2.0,71.0,San Diego Padres,university of houston,True
2022,sa3033070,Robert Hamchuk,SJSU,,,,,False
2023,sa3033070,Robert Hamchuk,SJSU,,,,,False
2024,sa3033070,Robert Hamchuk,SJSU,,,,,False
2023,sa3025186,Robert Hipwell,SCU,,,,,False
2021,sa3019928,Robert Moore,ARK,,,,,False
2022,sa3019928,Robert Moore,ARK,2.0,72.0,Milwaukee Brewers,university of arkansas,True
2023,sa3038488,Robert Moya,BCU,,,,,False
2024,sa3038488,Robert Moya,FGCU,,,,,False
2025,sa3038488,Robert Moya,FGCU,,,,,False
2024,sa3039191,Robert Orloski,UTSA,,,,,False
2025,sa3039191,Robert Orloski,UTSA,,,,,False
2025,sa3039970,Robert Pitts Jr.,UCR,,,,,False
2025,sa3060376,Robert Rispoli,CONN,,,,,False
2022,sa3042776,Robert Sotolongo,FIU,,,,,False
2024,sa3043525,Robert Tate Jr.,JKST,,,,,False
2025,sa3043525,Robert Tate Jr.,JKST,,,,,False
2025,sa3032441,Roberto Gonzalez,CSUN,,,,,False
2023,sa3032440,Roberto Gonzalez,RGV,,,,,False
2022,sa3032440,Roberto Gonzalez,UIW,,,,,False
2023,sa3039592,Roberto Pena,KSU,,,,,False
2021,sa3039592,Roberto Pena,USF,,,,,False
2025,sa3044511,Robin Villeneuve,TTU,,,,,False
2022,sa3022750,Roc Riggio,OKST,,,,,False
2023,sa3022750,Roc Riggio,OKST,4.0,129.0,New York Yankees,oklahoma state university,True
2025,sa3062821,Rocco Caballero,SJSU,,,,,False
2023,sa3032027,Rocco Garza-Gongora,OU,,,,,False
2024,sa3032848,Rocco Gump,NWST,,,,,False
2025,sa3032848,Rocco Gump,NWST,,,,,False
2024,sa3039688,Rocco Peppi,FRES,,,,,False
2022,sa3039688,Rocco Peppi,LBSU,,,,,False
2023,sa3039688,Rocco Peppi,LBSU,,,,,False
2024,sa3028866,Roch Cholowsky,UCLA,,,,,False
2025,sa3028866,Roch Cholowsky,UCLA,,,,,False
2022,sa3033691,Roddy Hernandez,UML,,,,,False
2024,sa3033691,Roddy Hernandez,UML,,,,,False
2023,sa3029100,Roderick Coffee,TXSO,,,,,False
2023,sa3029568,Roderick Criss II,EKU,,,,,False
2021,sa3018107,Rodney Boone,UCSB,8.0,246.0,Cleveland Indians,"university of california, santa barbara",True
2022,sa3025384,Rodney Green Jr.,CAL,,,,,False
2023,sa3025384,Rodney Green Jr.,CAL,,,,,False
2024,sa3025384,Rodney Green Jr.,CAL,,,,,False
2024,sa3033761,Rodney Hibler,JKST,,,,,False
2021,sa3020253,Roel Garcia III,RICE,,,,,False
2022,sa3020253,Roel Garcia III,RICE,14.0,434.0,Tampa Bay Rays,rice university,True
2021,sa3026098,Roman Angelo,CSUB,,,,,False
2022,sa3026098,Roman Angelo,FRES,,,,,False
2023,sa3026098,Roman Angelo,FRES,,,,,False
2022,sa3035786,Roman Kuntz,MORE,,,,,False
2023,sa3035786,Roman Kuntz,MORE,,,,,False
2024,sa3035786,Roman Kuntz,MORE,,,,,False
2025,sa3037203,Roman Martin,UCLA,,,,,False
2022,sa3019949,Roman Phansalkar,OKST,7.0,208.0,Los Angeles Angels,oklahoma state university,True
2023,sa3026494,Romeo Ballesteros,NMSU,,,,,False
2024,sa3026494,Romeo Ballesteros,NMSU,,,,,False
2022,sa3031079,Ron Evans,UNCW,,,,,False
2022,sa3031651,Ron Franklin Jr.,EKU,,,,,False
2024,sa3031651,Ron Franklin Jr.,EKU,,,,,False
2021,sa3044828,Ron Washington Jr.,PITT,,,,,False
2022,sa3044828,Ron Washington Jr.,PITT,,,,,False
2021,sa3043399,Ronald Sweeny,MINN,,,,,False
2022,sa3043399,Ronald Sweeny,MINN,,,,,False
2021,sa3031873,Ronaldo Gallo,FGCU,,,,,False
2024,sa3030470,Ronan Donohue,SHU,,,,,False
2025,sa3030470,Ronan Donohue,SHU,,,,,False
2025,sa3065044,Ronan Glassford,CAN,,,,,False
2023,sa3036946,Rorik Maltrud,MIZ,,,,,False
2021,sa3036946,Rorik Maltrud,NMSU,,,,,False
2025,sa3059185,Rory Finn,DEL,,,,,False
2024,sa3031610,Rory Fox,ND,,,,,False
2025,sa3031610,Rory Fox,ND,6.0,194.0,New York Yankees,university of notre dame,True
2021,sa3028233,Ross Cadena,WICH,,,,,False
2022,sa3028233,Ross Cadena,WICH,,,,,False
2023,sa3023414,Ross Dunn,ASU,10.0,297.0,Minnesota Twins,arizona state university,True
2022,sa3023414,Ross Dunn,FSU,,,,,False
2022,sa3031727,Ross Friedrick,ARMY,,,,,False
2023,sa3031727,Ross Friedrick,ARMY,,,,,False
2022,sa3036601,Ross Lovich,MIZ,,,,,False
2021,sa3037920,Ross Messina,BALL,,,,,False
2025,sa3038928,Ross Norman,GAST,,,,,False
2025,sa3062595,Rowan Felsch,UCI,,,,,False
2025,sa3037260,Rowan Masse,UML,,,,,False
2021,sa3017214,Rowdey Jordan,MSST,11.0,322.0,New York Mets,mississippi state university,True
2021,sa3031531,Ruben Fontes,DAV,,,,,False
2021,sa3017053,Ruben Ibarra,SJSU,4.0,119.0,Cincinnati Reds,san jose state university,True
2021,sa3037881,Ruben Mercado,SJSU,,,,,False
2021,sa3042738,Ruben Someillan,JAX,,,,,False
2023,sa3032390,Ruddy Gomez,UCF,,,,,False
2022,sa3037365,Rudy Maxwell,LIP,,,,,False
2025,sa3040781,Ruger Riojas,TEX,,,,,False
2023,sa3040781,Ruger Riojas,UTSA,,,,,False
2024,sa3040781,Ruger Riojas,UTSA,,,,,False
2021,sa3032585,Russell Grant II,SCU,,,,,False
2025,sa3060483,Russell Sandefer,UCF,,,,,False
2021,sa3018191,Russell Smith,TCU,2.0,51.0,Milwaukee Brewers,texas christian university,True
2025,sa3060369,Rustan Rigdon,VAN,,,,,False
2021,sa3026069,Ryan Anderson,NIU,,,,,False
2024,sa3026078,Ryan Andrade,PITT,7.0,216.0,Tampa Bay Rays,university of pittsburgh,True
2021,sa3026490,Ryan Ball,CSUN,,,,,False
2023,sa3026716,Ryan Bates,SIE,,,,,False
2023,sa3026745,Ryan Baum,CP,,,,,False
2024,sa3026745,Ryan Baum,CP,,,,,False
2025,sa3027152,Ryan Bilka,RICH,,,,,False
2024,sa3027152,Ryan Bilka,WAG,,,,,False
2023,sa3027205,Ryan Black,UTA,,,,,False
2024,sa3027205,Ryan Black,UTA,,,,,False
2021,29547,Ryan Bliss,AUB,2.0,42.0,Arizona Diamondbacks,auburn university,True
2025,sa3027390,Ryan Borberg,DBU,,,,,False
2021,sa3022947,Ryan Bourassa,SDST,,,,,False
2022,sa3022947,Ryan Bourassa,SDST,,,,,False
2021,sa3027516,Ryan Boyer,CAN,,,,,False
2022,sa3027567,Ryan Brady,BYU,,,,,False
2024,sa3027739,Ryan Brome,SELA,,,,,False
2025,sa3027739,Ryan Brome,SELA,,,,,False
2025,sa3058750,Ryan Brown,QUC,,,,,False
2021,sa3027933,Ryan Bryggman,BING,,,,,False
2022,sa3027933,Ryan Bryggman,BING,,,,,False
2023,sa3027933,Ryan Bryggman,BING,,,,,False
2021,sa3028209,Ryan Bywaters,RAD,,,,,False
2022,sa3028213,Ryan Cabarcas,FIU,,,,,False
2023,sa3028213,Ryan Cabarcas,FIU,,,,,False
2025,sa3028284,Ryan Callahan,WICH,,,,,False
2022,sa3025151,Ryan Campos,ASU,,,,,False
2023,sa3025151,Ryan Campos,ASU,,,,,False
2024,sa3025151,Ryan Campos,ASU,4.0,109.0,St. Louis Cardinals,arizona state university,True
2022,sa3028398,Ryan Capuano,MRSH,,,,,False
2021,sa3017470,Ryan Cardona,MRST,19.0,570.0,Cincinnati Reds,marist college,True
2021,sa3028580,Ryan Cash,ORU,,,,,False
2025,sa3028624,Ryan Castillo,UNM,,,,,False
2021,sa3020204,Ryan Cermak,ILST,,,,,False
2022,sa3020204,Ryan Cermak,ILST,2.0,71.0,Tampa Bay Rays,illinois state university,True
2023,sa3025440,Ryan Cesarini,JOES,,,,,False
2024,sa3025440,Ryan Cesarini,JOES,14.0,415.0,Cleveland Guardians,saint joseph's university,True
2021,sa3020266,Ryan Chasse,CAM,,,,,False
2025,sa3028898,Ryan Christiansen,SAC,,,,,False
2025,sa3062574,Ryan Cole,CHSO,,,,,False
2021,sa3029142,Ryan Cole,ND,,,,,False
2022,sa3029142,Ryan Cole,ND,,,,,False
2025,sa3029332,Ryan Cooney,ORE,,,,,False
2021,sa3029575,Ryan Crockett,SAM,,,,,False
2022,sa3029701,Ryan Cupit,ULM,,,,,False
2021,sa3017385,Ryan Cusick,WAKE,1.0,24.0,Atlanta Braves,wake forest university,True
2021,sa3029752,Ryan Cyr,KU,,,,,False
2025,sa3029829,Ryan Daniels,CONN,11.0,329.0,Minnesota Twins,university of connecticut,True
2025,sa3029936,Ryan Davis,UMES,,,,,False
2023,sa3030087,Ryan Delgado,CBU,,,,,False
2024,sa3030087,Ryan Delgado,CBU,,,,,False
2024,sa3030101,Ryan Delorbe,UNO,,,,,False
2023,sa3030191,Ryan DeSanto,JOES,,,,,False
2024,sa3030191,Ryan DeSanto,JOES,,,,,False
2025,sa3030191,Ryan DeSanto,PSU,,,,,False
2021,sa3030229,Ryan Devine,JOES,,,,,False
2022,sa3030464,Ryan Donnelly,SHU,,,,,False
2023,sa3030464,Ryan Donnelly,SHU,,,,,False
2024,sa3030472,Ryan Dooley,JMU,,,,,False
2025,sa3030472,Ryan Dooley,JMU,,,,,False
2023,sa3030511,Ryan Douglas,STO,,,,,False
2024,sa3030511,Ryan Douglas,STO,,,,,False
2022,sa3030510,Ryan Douglas,UNCA,,,,,False
2023,sa3030510,Ryan Douglas,UNCA,,,,,False
2023,sa3030576,Ryan Dromboski,PENN,,,,,False
2024,sa3030576,Ryan Dromboski,PENN,,,,,False
2025,sa3030585,Ryan Drumm,BUT,,,,,False
2024,sa3030714,Ryan Dyal,GAST,,,,,False
2024,sa3030905,Ryan Ellis,UTA,,,,,False
2025,sa3031112,Ryan Facinelli,BUCK,,,,,False
2022,sa3031207,Ryan Feczko,DAV,,,,,False
2023,sa3031207,Ryan Feczko,DAV,,,,,False
2023,sa3031239,Ryan Fenn,CP,,,,,False
2024,sa3031239,Ryan Fenn,CP,,,,,False
2025,sa3031239,Ryan Fenn,CP,,,,,False
2024,sa3031277,Ryan Ferremi,ALB,,,,,False
2025,sa3031277,Ryan Ferremi,ALB,,,,,False
2021,sa3031369,Ryan Fischer,NJIT,,,,,False
2022,sa3031369,Ryan Fischer,NJIT,,,,,False
2023,sa3031369,Ryan Fischer,NJIT,,,,,False
2021,sa3031387,Ryan Fisher,MSM,,,,,False
2022,sa3031387,Ryan Fisher,MSM,,,,,False
2021,sa3031470,Ryan Flores,UIW,,,,,False
2022,sa3031470,Ryan Flores,UTSA,,,,,False
2025,sa3031637,Ryan Franden,SHSU,,,,,False
2024,sa3031679,Ryan Free,TTU,,,,,False
2022,sa3022759,Ryan Galanie,WOF,,,,,False
2023,sa3022759,Ryan Galanie,WOF,13.0,389.0,Chicago White Sox,wofford college,True
2022,sa3031857,Ryan Gallagher,UCSB,,,,,False
2024,sa3031857,Ryan Gallagher,UCSB,,,,,False
2025,sa3059288,Ryan Geck,LR,,,,,False
2025,sa3032137,Ryan Gerety,NE,,,,,False
2022,sa3032263,Ryan Gilmore,RAD,,,,,False
2022,sa3032296,Ryan Glass,NKU,,,,,False
2025,sa3032349,Ryan Gold,KENN,,,,,False
2024,sa3032541,Ryan Grabosch,MORE,,,,,False
2022,sa3032541,Ryan Grabosch,NMSU,,,,,False
2022,sa3032811,Ryan Guardino,TNTC,,,,,False
2021,sa3032818,Ryan Guckin,LAS,,,,,False
2021,sa3032939,Ryan Haddaway,MSM,,,,,False
2024,sa3032988,Ryan Halamicek,CSUN,,,,,False
2025,sa3032988,Ryan Halamicek,CSUN,,,,,False
2021,sa3033107,Ryan Hampe,ILL,,,,,False
2021,sa3033219,Ryan Hare,CSUF,,,,,False
2023,sa3033227,Ryan Harland,LT,,,,,False
2023,sa3022999,Ryan Hawks,LOU,8.0,247.0,Seattle Mariners,university of louisville,True
2021,sa3033693,Ryan Hernandez,HOU,,,,,False
2022,sa3033693,Ryan Hernandez,HOU,,,,,False
2021,sa3033692,Ryan Hernandez,SLU,,,,,False
2024,sa3033792,Ryan Higgins,DUKE,,,,,False
2021,sa3017220,Ryan Higgins,FRES,,,,,False
2021,sa3033933,Ryan Hogan,SJU,,,,,False
2021,sa3016998,Ryan Holgate,ARIZ,2.0,70.0,St. Louis Cardinals,university of arizona,True
2021,sa3034176,Ryan Howe,PUR,,,,,False
2022,sa3034177,Ryan Howe,UMES,,,,,False
2025,sa3034177,Ryan Howe,UMES,,,,,False
2021,sa3034292,Ryan Humeniuk,ULM,,,,,False
2022,sa3022573,Ryan Ignoffo,EIU,,,,,False
2023,sa3022573,Ryan Ignoffo,EIU,20.0,593.0,Miami Marlins,eastern illinois university,True
2022,sa3025514,Ryan Jackson,NEV,,,,,False
2023,sa3025514,Ryan Jackson,USC,,,,,False
2024,sa3025514,Ryan Jackson,USC,,,,,False
2021,sa3020634,Ryan Jennings,LT,,,,,False
2022,sa3020634,Ryan Jennings,LT,4.0,128.0,Toronto Blue Jays,louisiana tech university,True
2022,35325,Ryan Johnson,DBU,,,,,False
2023,35325,Ryan Johnson,DBU,,,,,False
2024,35325,Ryan Johnson,DBU,2.0,74.0,Los Angeles Angels,dallas baptist university,True
2021,sa3022569,Ryan Johnson,PEPP,,,,,False
2022,sa3022569,Ryan Johnson,PEPP,,,,,False
2023,sa3022569,Ryan Johnson,PEPP,8.0,254.0,Houston Astros,pepperdine university,True
2021,sa3034806,Ryan Johnston,BGSU,,,,,False
2022,sa3034806,Ryan Johnston,BGSU,,,,,False
2024,sa3034908,Ryan Jones,AAMU,,,,,False
2021,sa3035275,Ryan Kennedy,KENN,,,,,False
2025,sa3059666,Ryan Kennedy,TOL,,,,,False
2024,sa3035276,Ryan Kennell,GWEB,,,,,False
2025,sa3035276,Ryan Kennell,GWEB,,,,,False
2025,sa3035375,Ryan Kim,CBU,,,,,False
2025,sa3059685,Ryan King,CSUB,,,,,False
2025,sa3035473,Ryan Kittredge,CBU,,,,,False
2021,sa3035535,Ryan Knernschield,EIU,,,,,False
2023,sa3035551,Ryan Knight,HART,,,,,False
2023,sa3035673,Ryan Kraft,IU,,,,,False
2025,sa3035673,Ryan Kraft,IU,,,,,False
2025,sa3035729,Ryan Kroepel,UTU,,,,,False
2025,sa3035761,Ryan Kucherak,NU,,,,,False
2022,sa3035811,Ryan Kysar,USD,,,,,False
2024,sa3035811,Ryan Kysar,USD,,,,,False
2021,sa3035866,Ryan LaMay,SHU,,,,,False
2022,sa3035866,Ryan LaMay,SHU,,,,,False
2021,sa3022539,Ryan Lasko,RUTG,,,,,False
2022,sa3022539,Ryan Lasko,RUTG,,,,,False
2023,sa3022539,Ryan Lasko,RUTG,2.0,41.0,Oakland Athletics,rutgers university,True
2021,sa3036043,Ryan Lauk,WAG,,,,,False
2021,sa3036087,Ryan Layne,MORE,,,,,False
2024,sa3036136,Ryan LeClair,STO,,,,,False
2025,sa3036136,Ryan LeClair,STO,,,,,False
2025,sa3036165,Ryan Lee,UCD,,,,,False
2021,sa3036202,Ryan Leitch,MRSH,,,,,False
2022,sa3036202,Ryan Leitch,MRSH,,,,,False
2022,sa3036368,Ryan Lin-Peistrup,UIC,,,,,False
2025,sa3059850,Ryan Lordier,MAN,,,,,False
2025,sa3059876,Ryan Lynch,UNC,,,,,False
2025,sa3036786,Ryan MacDougall,DAY,,,,,False
2023,sa3036891,Ryan Maka,VAL,,,,,False
2024,sa3036891,Ryan Maka,VAL,,,,,False
2021,sa3037002,Ryan Mantle,CREI,,,,,False
2024,sa3037074,Ryan Marohn,NCSU,,,,,False
2025,sa3037074,Ryan Marohn,NCSU,,,,,False
2022,sa3037093,Ryan Marra,BRWN,,,,,False
2023,sa3037093,Ryan Marra,BRWN,,,,,False
2023,sa3037205,Ryan Martinez,SF,,,,,False
2025,sa3037206,Ryan Martinez,UTU,,,,,False
2021,sa3037460,Ryan McCarthy,CIT,,,,,False
2022,sa3037460,Ryan McCarthy,CIT,,,,,False
2023,sa3037511,Ryan McCoy,LOU,,,,,False
2024,sa3037511,Ryan McCoy,LOU,,,,,False
2024,sa3025334,Ryan McCrystal,ECU,9.0,269.0,Cincinnati Reds,east carolina university,True
2021,sa3037557,Ryan McDonald,SDST,,,,,False
2022,sa3037557,Ryan McDonald,SDST,,,,,False
2023,sa3037557,Ryan McDonald,SDST,,,,,False
2022,sa3037590,Ryan McGee,SIE,,,,,False
2024,sa3037650,Ryan McKay,MSU,,,,,False
2025,sa3037650,Ryan McKay,MSU,,,,,False
2025,sa3059991,Ryan McLaughlin,DEL,,,,,False
2021,sa3037699,Ryan McLinskey,HALL,,,,,False
2025,sa3062651,Ryan Mealy,MONM,,,,,False
2023,sa3038086,Ryan Miller,LONG,,,,,False
2021,sa3038086,Ryan Miller,NCCU,,,,,False
2023,sa3038123,Ryan Minckler,NIA,,,,,False
2024,sa3038123,Ryan Minckler,NIA,19.0,560.0,Washington Nationals,niagara university,True
2021,sa3038138,Ryan Mintz,VAL,,,,,False
2021,sa3038181,Ryan Mitschele,WCU,,,,,False
2023,sa3038206,Ryan Moerman,ILL,,,,,False
2024,sa3038206,Ryan Moerman,ILL,,,,,False
2025,sa3038206,Ryan Moerman,MISS,,,,,False
2021,sa3038345,Ryan Morash,HOF,,,,,False
2022,sa3038345,Ryan Morash,HOF,,,,,False
2023,sa3038345,Ryan Morash,HOF,,,,,False
2024,sa3038535,Ryan Mullan,LMU,,,,,False
2022,sa3038593,Ryan Murphy,JMU,,,,,False
2023,sa3038593,Ryan Murphy,JMU,,,,,False
2021,sa3038663,Ryan Nagelbach,UIC,,,,,False
2022,sa3038663,Ryan Nagelbach,UIC,,,,,False
2023,sa3038663,Ryan Nagelbach,UIC,,,,,False
2024,sa3038663,Ryan Nagelbach,UIC,,,,,False
2022,sa3038792,Ryan Neuweiler,LIU,,,,,False
2021,sa3025167,Ryan Nicholson,CIN,,,,,False
2022,sa3025167,Ryan Nicholson,CIN,,,,,False
2023,sa3025167,Ryan Nicholson,CIN,,,,,False
2024,sa3025167,Ryan Nicholson,UK,10.0,292.0,Los Angeles Angels,university of kentucky,True
2024,sa3038865,Ryan Niedzwiedz,SIUE,,,,,False
2025,sa3038865,Ryan Niedzwiedz,SIUE,,,,,False
2024,sa3038945,Ryan Novak,M-OH,,,,,False
2025,sa3038945,Ryan Novak,M-OH,,,,,False
2021,sa3038989,Ryan Ober,ORST,,,,,False
2022,sa3039066,Ryan OHalloran,BUT,,,,,False
2024,sa3039119,Ryan Ollison,SOU,,,,,False
2021,sa3039184,Ryan OReilly,UIC,,,,,False
2023,sa3039287,Ryan Ouzts,PRES,,,,,False
2025,sa3039287,Ryan Ouzts,PRES,,,,,False
2025,sa3039328,Ryan Packard,BING,,,,,False
2023,sa3039371,Ryan Palmblad,CMU,,,,,False
2025,sa3060214,Ryan Parker,SHU,,,,,False
2021,sa3039651,Ryan Peltier,BALL,,,,,False
2022,sa3039651,Ryan Peltier,BALL,,,,,False
2023,sa3039651,Ryan Peltier,BALL,,,,,False
2021,sa3039731,Ryan Perkins,MUR,,,,,False
2022,sa3039796,Ryan Peterson,GMU,,,,,False
2024,sa3039796,Ryan Peterson,GMU,,,,,False
2025,sa3039799,Ryan Peterson,SHSU,,,,,False
2025,sa3039798,Ryan Peterson,VMI,,,,,False
2023,sa3039893,Ryan Picollo,JOES,,,,,False
2024,sa3039893,Ryan Picollo,JOES,20.0,603.0,Seattle Mariners,st. joseph's university,True
2025,sa3060268,Ryan Piech,XAV,,,,,False
2024,sa3039906,Ryan Pierce,SMC,,,,,False
2025,sa3039906,Ryan Pierce,SMC,,,,,False
2022,sa3040102,Ryan Porter,COR,,,,,False
2023,sa3040102,Ryan Porter,COR,,,,,False
2025,sa3040102,Ryan Porter,COR,,,,,False
2022,sa3040167,Ryan Prager,TA&M,,,,,False
2024,sa3040167,Ryan Prager,TA&M,3.0,81.0,Los Angeles Angels,texas aandm university,True
2025,sa3040167,Ryan Prager,TA&M,9.0,282.0,Cleveland Guardians,texas aandm university,True
2021,sa3040250,Ryan Proto,UML,,,,,False
2022,sa3040250,Ryan Proto,UML,,,,,False
2023,sa3040250,Ryan Proto,UML,,,,,False
2024,sa3040250,Ryan Proto,UML,,,,,False
2025,sa3060313,Ryan Pruitt,USF,,,,,False
2022,sa3020605,Ryan Ramsey,MD,13.0,385.0,Kansas City Royals,university of maryland,True
2024,sa3040535,Ryan Reed,PITT,,,,,False
2025,sa3040535,Ryan Reed,PITT,15.0,460.0,San Diego Padres,university of pittsburgh,True
2024,sa3040570,Ryan Reich,HALL,,,,,False
2025,sa3040570,Ryan Reich,HALL,,,,,False
2025,sa3040608,Ryan Rembisz,PORT,,,,,False
2021,31500,Ryan Ritter,UK,,,,,False
2022,31500,Ryan Ritter,UK,4.0,116.0,Colorado Rockies,university of kentucky,True
2025,sa3060383,Ryan Rivera,LIU,,,,,False
2023,sa3040919,Ryan Robinson,USD,,,,,False
2022,sa3041016,Ryan Rodriguez,SIU,,,,,False
2023,sa3041016,Ryan Rodriguez,SIU,,,,,False
2022,sa3041180,Ryan Ross,COR,,,,,False
2023,sa3041507,Ryan Sanders,SMC,,,,,False
2024,sa3041507,Ryan Sanders,SMC,,,,,False
2024,sa3041867,Ryan Scott,UIW,,,,,False
2022,sa3041993,Ryan Sepede,BYU,,,,,False
2023,sa3041993,Ryan Sepede,BYU,,,,,False
2025,sa3060589,Ryan Skjonsby,WSU,,,,,False
2022,sa3042417,Ryan Slater,FLA,,,,,False
2023,sa3042417,Ryan Slater,FLA,,,,,False
2022,sa3022696,Ryan Snell,LAM,,,,,False
2023,sa3022696,Ryan Snell,LAM,7.0,195.0,Washington Nationals,lamar university,True
2023,sa3042879,Ryan Sprock,ELON,,,,,False
2024,sa3042879,Ryan Sprock,ELON,,,,,False
2025,sa3042879,Ryan Sprock,ELON,8.0,239.0,Minnesota Twins,elon university,True
2022,sa3025405,Ryan Stafford,CP,,,,,False
2023,sa3025405,Ryan Stafford,CP,,,,,False
2024,sa3025405,Ryan Stafford,CP,,,,,False
2022,sa3043025,Ryan Steinhauer,DAY,,,,,False
2021,sa3043190,Ryan Stoudemire,GMU,,,,,False
2022,sa3043511,Ryan Targac,TA&M,,,,,False
2023,sa3043511,Ryan Targac,TA&M,,,,,False
2021,sa3043533,Ryan Taurek,SMC,,,,,False
2022,sa3043533,Ryan Taurek,SMC,,,,,False
2023,sa3043586,Ryan Taylor,PENN,,,,,False
2024,sa3043586,Ryan Taylor,PENN,,,,,False
2025,sa3043586,Ryan Taylor,PENN,,,,,False
2023,sa3043671,Ryan Thiesse,FOR,,,,,False
2024,sa3043671,Ryan Thiesse,FOR,,,,,False
2021,sa3043929,Ryan Toohers,VILL,,,,,False
2024,sa3043990,Ryan Towers,LMU,,,,,False
2022,sa3043991,Ryan Towle,UML,,,,,False
2021,sa3044143,Ryan Turenne,ME,,,,,False
2022,sa3044143,Ryan Turenne,ME,,,,,False
2021,sa3044196,Ryan Twitchell,URI,,,,,False
2022,sa3023671,Ryan Vanderhei,KU,,,,,False
2023,sa3044453,Ryan Verdugo,CSUB,,,,,False
2024,sa3044453,Ryan Verdugo,CSUB,,,,,False
2021,sa3044547,Ryan Vogel,BRAD,,,,,False
2022,sa3044547,Ryan Vogel,BRAD,,,,,False
2023,sa3044547,Ryan Vogel,BRAD,,,,,False
2024,sa3044547,Ryan Vogel,BRAD,,,,,False
2022,sa3025261,Ryan Waldschmidt,CHSO,,,,,False
2023,sa3025261,Ryan Waldschmidt,UK,,,,,False
2024,sa3025261,Ryan Waldschmidt,UK,1.0,31.0,Arizona Diamondbacks,university of kentucky,True
2021,sa3044738,Ryan Walstad,SAC,,,,,False
2021,sa3044868,Ryan Watson,GAST,,,,,False
2023,sa3044868,Ryan Watson,GAST,,,,,False
2021,sa3018280,Ryan Webb,UGA,4.0,125.0,Cleveland Indians,university of georgia,True
2023,sa3044957,Ryan Weingartner,JOES,,,,,False
2024,sa3044957,Ryan Weingartner,JOES,,,,,False
2025,sa3044957,Ryan Weingartner,PSU,,,,,False
2022,sa3045008,Ryan Wentz,CSUN,,,,,False
2023,sa3045008,Ryan Wentz,CSUN,,,,,False
2025,sa3060916,Ryan Wideman,WKU,3.0,99.0,San Diego Padres,western kentucky university,True
2021,sa3023141,Ryan Wilson,DAV,,,,,False
2022,sa3023141,Ryan Wilson,DAV,,,,,False
2023,sa3023141,Ryan Wilson,DAV,9.0,281.0,San Diego Padres,davidson college,True
2022,sa3045428,Ryan Wiltse,SMC,,,,,False
2023,sa3045428,Ryan Wiltse,SMC,,,,,False
2024,sa3045428,Ryan Wiltse,SMC,,,,,False
2023,sa3045440,Ryan Windham,CREI,,,,,False
2022,sa3020239,Ryan Wrobleski,DBU,20.0,613.0,Houston Astros,dallas baptist university,True
2025,sa3045655,Ryan Wynn,WOF,,,,,False
2023,sa3045704,Ryan Yerby,SF,,,,,False
2024,sa3045886,Ryan Zuckerman,PITT,,,,,False
2025,sa3045886,Ryan Zuckerman,PITT,,,,,False
2025,sa3027768,Ryder Brooks,UCI,,,,,False
2021,sa3032219,Ryder Giles,ECU,,,,,False
2025,sa3033556,Ryder Helfrick,ARK,,,,,False
2024,sa3033695,Ryder Hernandez,UIW,,,,,False
2025,sa3033695,Ryder Hernandez,UIW,,,,,False
2025,sa3040920,Ryder Robinson,BYU,,,,,False
2024,sa3040920,Ryder Robinson,TCU,,,,,False
2023,sa3032856,Rye Gunter,HCU,,,,,False
2024,sa3032856,Rye Gunter,HCU,,,,,False
2025,sa3027157,Ryker Billingsley,UNA,,,,,False
2024,sa3044764,Ryker Walton,EKU,,,,,False
2025,sa3044764,Ryker Walton,EKU,,,,,False
2022,sa3028771,Rylan Charles,UNLV,,,,,False
2023,sa3028771,Rylan Charles,UNLV,,,,,False
2024,sa3028771,Rylan Charles,UNLV,,,,,False
2023,sa3031081,Rylan Evans,PAC,,,,,False
2024,sa3031081,Rylan Evans,PAC,,,,,False
2024,sa3031877,Rylan Galvan,TEX,,,,,False
2025,sa3031877,Rylan Galvan,TEX,13.0,376.0,Chicago White Sox,university of texas,True
2025,sa3059868,Rylan Lujo,DAY,,,,,False
2025,sa3027532,Ryland Bozenhard,FGCU,,,,,False
2023,sa3045777,Ryland Zaborowski,M-OH,,,,,False
2024,sa3045777,Ryland Zaborowski,M-OH,,,,,False
2025,sa3045777,Ryland Zaborowski,UGA,,,,,False
2025,sa3060677,Rylen Stockton,UNCA,,,,,False
2024,sa3034808,Ryley Johnson,ECU,,,,,False
2021,sa3040179,Ryley Preece,MORE,,,,,False
2022,sa3040179,Ryley Preece,MORE,,,,,False
2023,sa3040179,Ryley Preece,MORE,,,,,False
2024,sa3040179,Ryley Preece,MORE,,,,,False
2024,sa3031144,Ryne Farber,TXST,,,,,False
2025,sa3031144,Ryne Farber,TXST,,,,,False
2023,sa3032837,Ryne Guida,FIU,,,,,False
2024,sa3032837,Ryne Guida,FIU,,,,,False
2023,sa3033465,Ryne Hays,SEA,,,,,False
2021,sa3017725,Ryne Moore,ODU,18.0,537.0,Milwaukee Brewers,old dominion university,True
2021,sa3042946,Ryne Stanley,NCAT,,,,,False
2022,sa3037369,Saajan May,COLU,,,,,False
2023,sa3022500,Sabin Ceballos,ORE,3.0,94.0,Atlanta Braves,university of oregon,True
2021,29622,Sal Frelick,BC,1.0,15.0,Milwaukee Brewers,boston college,True
2023,sa3031798,Sal Fusco,VILL,,,,,False
2021,sa3034470,Salo Iza,UNO,,,,,False
2024,sa3025363,Sam Antonacci,CCU,5.0,140.0,Chicago White Sox,coastal carolina university,True
2022,sa3023046,Sam Armstrong,ODU,,,,,False
2023,sa3023046,Sam Armstrong,ODU,13.0,386.0,Chicago Cubs,old dominion university,True
2021,29754,Sam Bachman,M-OH,1.0,9.0,Los Angeles Angels,miami university,True
2025,sa3026838,Sam Beck,OMA,,,,,False
2023,sa3026923,Sam Belliveau,MASS,,,,,False
2025,sa3026923,Sam Belliveau,MASS,,,,,False
2021,sa3026985,Sam Benschoter,MSU,,,,,False
2025,sa3027153,Sam Biller,CONN,,,,,False
2023,sa3027153,Sam Biller,LMU,,,,,False
2024,sa3027153,Sam Biller,LMU,,,,,False
2023,sa3027231,Sam Blancato,GASO,,,,,False
2024,sa3027231,Sam Blancato,GASO,,,,,False
2021,sa3027483,Sam Bower,SMC,,,,,False
2024,sa3027525,Sam Boyle,WASH,,,,,False
2024,sa3027731,Sam Brodersen,LT,15.0,441.0,St. Louis Cardinals,louisiana tech university,True
2021,sa3023367,Sam Brown,PORT,,,,,False
2022,sa3023367,Sam Brown,PORT,,,,,False
2023,sa3023367,Sam Brown,WSU,12.0,354.0,Los Angeles Angels,washington state university,True
2023,sa3028130,Sam Busch,MSU,,,,,False
2024,sa3028130,Sam Busch,MSU,,,,,False
2025,sa3028130,Sam Busch,MSU,,,,,False
2024,sa3028375,Sam Canton,NDSU,,,,,False
2025,sa3028375,Sam Canton,NDSU,,,,,False
2025,sa3065015,Sam Christiansen,OU,,,,,False
2022,sa3029085,Sam Cochrane,COFC,,,,,False
2021,sa3029538,Sam Crawford,GT,,,,,False
2023,sa3029994,Sam DeCarlo,WASH,,,,,False
2024,sa3029994,Sam DeCarlo,WASH,,,,,False
2025,sa3029994,Sam DeCarlo,WASH,,,,,False
2021,sa3030072,Sam Delcollo,SPU,,,,,False
2024,sa3030538,Sam Downs,UMBC,,,,,False
2024,sa3031195,Sam Favieri,QUIN,,,,,False
2021,sa3031514,Sam Folks,UTM,,,,,False
2021,sa3031635,Sam Franco,MAN,,,,,False
2022,sa3031950,Sam Garcia,HPU,,,,,False
2023,sa3031950,Sam Garcia,HPU,,,,,False
2024,sa3031950,Sam Garcia,OKST,8.0,245.0,Milwaukee Brewers,oklahoma state university,True
2021,sa3031968,Sam Gardner,MUR,,,,,False
2023,sa3031971,Sam Garewal,NU,,,,,False
2023,sa3032048,Sam Gates,GW,,,,,False
2024,sa3032048,Sam Gates,GW,,,,,False
2025,sa3032048,Sam Gates,GW,,,,,False
2024,sa3032725,Sam Griffith,OAK,,,,,False
2025,sa3032725,Sam Griffith,OAK,,,,,False
2025,sa3059369,Sam Grube,MSM,,,,,False
2024,sa3033043,Sam Hall,TXST,,,,,False
2022,sa3033132,Sam Haney,SPU,,,,,False
2023,sa3033132,Sam Haney,SPU,,,,,False
2025,sa3062610,Sam Hardcastle,ACU,,,,,False
2021,sa3033513,Sam Hedges,NKU,,,,,False
2024,sa3033755,Sam Heyman,SEMO,,,,,False
2025,sa3033755,Sam Heyman,SEMO,,,,,False
2021,sa3033799,Sam Highfill,NCSU,,,,,False
2023,sa3033799,Sam Highfill,NCSU,,,,,False
2024,sa3033799,Sam Highfill,NCSU,,,,,False
2023,sa3033831,Sam Hill,MASS,,,,,False
2025,sa3033884,Sam Hliboki,NU,,,,,False
2023,sa3033942,Sam Hojnar,IOWA,,,,,False
2024,sa3033942,Sam Hojnar,MD,,,,,False
2023,sa3034443,Sam Ireland,KU,,,,,False
2021,sa3034443,Sam Ireland,MINN,,,,,False
2022,sa3034443,Sam Ireland,MINN,,,,,False
2024,sa3035056,Sam Kane,SEA,,,,,False
2025,sa3035056,Sam Kane,SEA,,,,,False
2023,sa3035071,Sam Kaplan,COR,,,,,False
2023,sa3035454,Sam Kirkpatrick,BEL,,,,,False
2021,sa3035454,Sam Kirkpatrick,HC,,,,,False
2022,sa3035454,Sam Kirkpatrick,HC,,,,,False
2024,sa3035493,Sam Klein,BALL,,,,,False
2022,sa3025316,Sam Kulasingam,AFA,,,,,False
2023,sa3025316,Sam Kulasingam,AFA,17.0,514.0,Toronto Blue Jays,united states air force academy,True
2024,sa3025316,Sam Kulasingam,AFA,13.0,377.0,Kansas City Royals,air force academy,True
2025,sa3059765,Sam Lavin,GMU,,,,,False
2021,sa3036105,Sam Leach,UNCO,,,,,False
2021,sa3036440,Sam Loda,CCSU,,,,,False
2022,sa3036440,Sam Loda,CCSU,,,,,False
2024,sa3037261,Sam Massey,CHSO,,,,,False
2022,sa3037739,Sam McNulty,BC,,,,,False
2024,sa3037739,Sam McNulty,BC,,,,,False
2025,sa3037739,Sam McNulty,BC,,,,,False
2024,sa3038088,Sam Miller,COLU,,,,,False
2025,sa3038088,Sam Miller,COLU,,,,,False
2022,sa3022511,Sam Mongelli,SHU,,,,,False
2023,sa3022511,Sam Mongelli,SHU,10.0,310.0,Los Angeles Dodgers,sacred heart university,True
2025,sa3038567,Sam Murchison,UNCG,,,,,False
2024,sa3038646,Sam Myers,TCU,,,,,False
2024,sa3038876,Sam Nieves,COPP,,,,,False
2021,sa3038953,Sam Novitske,ORE,,,,,False
2023,sa3039485,Sam Parks,STO,,,,,False
2024,sa3039485,Sam Parks,STO,,,,,False
2025,sa3039485,Sam Parks,STO,,,,,False
2022,sa3025609,Sam Petersen,IOWA,,,,,False
2023,sa3025609,Sam Petersen,IOWA,,,,,False
2024,sa3025609,Sam Petersen,IOWA,8.0,230.0,Washington Nationals,university of iowa,True
2021,sa3017151,Sam Praytor,ALA,6.0,179.0,Miami Marlins,university of alabama,True
2021,sa3040286,Sam Punzi,IONA,,,,,False
2023,sa3040536,Sam Reed,EMU,,,,,False
2025,sa3060355,Sam Reynolds,CARK,,,,,False
2021,sa3041351,Sam Ruta,ARMY,,,,,False
2022,sa3041351,Sam Ruta,ARMY,,,,,False
2023,sa3041351,Sam Ruta,ARMY,,,,,False
2024,sa3041351,Sam Ruta,ARMY,,,,,False
2023,sa3041918,Sam Seeker,AKR,,,,,False
2024,sa3041918,Sam Seeker,AKR,,,,,False
2023,sa3041940,Sam Seidel,BGSU,,,,,False
2024,sa3041940,Sam Seidel,BGSU,,,,,False
2025,sa3041940,Sam Seidel,BGSU,,,,,False
2024,sa3042330,Sam Simon,UNLV,,,,,False
2025,sa3042330,Sam Simon,UNLV,,,,,False
2023,sa3042421,Sam Slaughter,BEL,,,,,False
2024,sa3042421,Sam Slaughter,BEL,,,,,False
2023,sa3043035,Sam Stem,GONZ,,,,,False
2025,sa3043035,Sam Stem,GONZ,,,,,False
2024,sa3043054,Sam Stephenson,NWST,,,,,False
2025,sa3043054,Sam Stephenson,NWST,,,,,False
2022,sa3043192,Sam Stoutenborough,CAL,,,,,False
2023,sa3043192,Sam Stoutenborough,TCU,,,,,False
2024,sa3043272,Sam Stuhr,PORT,5.0,137.0,Oakland Athletics,university of portland,True
2023,sa3043427,Sam Swygert,CIT,,,,,False
2024,sa3043427,Sam Swygert,CIT,,,,,False
2025,sa3043462,Sam Tackett,VT,,,,,False
2024,sa3043777,Sam Thompson,MSU,,,,,False
2024,sa3043778,Sam Thompson,ORU,,,,,False
2021,sa3044141,Sam Turcotte,STBK,,,,,False
2023,sa3045132,Sam White,WVU,,,,,False
2024,sa3045132,Sam White,WVU,,,,,False
2025,sa3045132,Sam White,WVU,,,,,False
2021,sa3045421,Sam Wilson,OSU,,,,,False
2025,sa3060975,Sam Wright,QUIN,,,,,False
2022,sa3030271,Sammy Diaz,UTSA,,,,,False
2023,sa3030271,Sammy Diaz,UTSA,,,,,False
2025,sa3059421,Sammy Harris,LR,,,,,False
2025,sa3060107,Sammy Mummau,JAX,,,,,False
2021,sa3041586,Sammy Sass,WRST,,,,,False
2022,sa3041586,Sammy Sass,WRST,,,,,False
2023,sa3041586,Sammy Sass,WRST,,,,,False
2024,sa3041586,Sammy Sass,WRST,,,,,False
2023,sa3043979,Sammy Tortorella,AKR,,,,,False
2025,sa3040274,Samson Pugh,TXST,,,,,False
2023,sa3026959,Samuel Benjamin,HCU,,,,,False
2024,sa3026959,Samuel Benjamin,HCU,,,,,False
2025,sa3030705,Samuel Dutton,AUB,10.0,290.0,Sacramento Athletics,auburn university,True
2025,sa3036232,Samuel Leonard,ALCN,,,,,False
2021,sa3017139,Samuel Strickland,SAM,,,,,False
2021,sa3020862,Samy Natera Jr.,NMSU,,,,,False
2022,sa3032518,Santhosh Gottam,BRWN,,,,,False
2023,sa3032518,Santhosh Gottam,BRWN,,,,,False
2024,sa3032518,Santhosh Gottam,BRWN,,,,,False
2025,sa3032518,Santhosh Gottam,BRWN,,,,,False
2021,sa3038266,Santi Montiel,USA,,,,,False
2022,sa3038266,Santi Montiel,USA,,,,,False
2021,sa3031949,Santiago Garcia,ALST,,,,,False
2025,sa3039179,Santiago Ordonez,UNF,,,,,False
2021,sa3039690,Santiago Peralta,EKU,,,,,False
2022,sa3039395,Santino Panaro,UNLV,,,,,False
2023,sa3039395,Santino Panaro,UNLV,,,,,False
2024,sa3039395,Santino Panaro,UNLV,,,,,False
2025,sa3039395,Santino Panaro,UTAH,,,,,False
2021,sa3041193,Santino Rosso,HOF,,,,,False
2022,sa3041193,Santino Rosso,HOF,,,,,False
2023,sa3041193,Santino Rosso,HOF,,,,,False
2024,sa3041193,Santino Rosso,HOF,,,,,False
2025,sa3042774,Saul Soto,NMSU,,,,,False
2022,sa3039934,Savier Pinales,GONZ,,,,,False
2023,sa3039934,Savier Pinales,GONZ,,,,,False
2025,sa3059116,Savoi Edwards,NCAT,,,,,False
2022,sa3031228,Sawyer Feller,HARV,,,,,False
2025,sa3031228,Sawyer Feller,HARV,,,,,False
2023,sa3033436,Sawyer Hawks,AFA,,,,,False
2022,sa3040558,Sawyer Reeves,CIT,,,,,False
2023,sa3040558,Sawyer Reeves,CIT,,,,,False
2024,sa3040558,Sawyer Reeves,CIT,,,,,False
2025,sa3040558,Sawyer Reeves,MSST,,,,,False
2022,sa3042453,Sawyer Smallwood,LR,,,,,False
2025,sa3060624,Sawyer Smith,KU,,,,,False
2025,sa3060635,Sawyer Solitaria,KENT,,,,,False
2025,sa3060685,Sawyer Strosnider,TCU,,,,,False
2022,sa3043802,Sawyre Thornhill,WICH,,,,,False
2023,sa3022699,Scott Bandura,PRIN,7.0,210.0,San Francisco Giants,princeton university,True
2025,sa3058803,Scott Campbell,UPST,,,,,False
2022,sa3029221,Scott Combs,NIU,,,,,False
2025,sa3030444,Scott Donahue,UML,,,,,False
2022,sa3030888,Scott Elliott,MRMK,,,,,False
2023,sa3030888,Scott Elliott,MRMK,,,,,False
2021,sa3032588,Scott Granzotto,EMU,,,,,False
2021,sa3034044,Scott Holzwasser,NE,,,,,False
2022,sa3034909,Scott Jones,BUT,,,,,False
2023,sa3034909,Scott Jones,BUT,,,,,False
2022,sa3036813,Scott Mackiewicz,TOL,,,,,False
2023,sa3036813,Scott Mackiewicz,TOL,,,,,False
2024,sa3036813,Scott Mackiewicz,TOL,,,,,False
2021,sa3038368,Scott Morgan,GMU,,,,,False
2024,sa3038512,Scott Mudler,OU,,,,,False
2025,sa3060136,Scott Newman,UPST,,,,,False
2025,sa3039676,Scott Penney,URI,,,,,False
2021,sa3017752,Scott Randall,SAC,7.0,198.0,Arizona Diamondbacks,"california state university, sacramento",True
2024,sa3041213,Scott Rouse,RAD,,,,,False
2023,sa3041919,Scott Seeker,MSM,,,,,False
2024,sa3041919,Scott Seeker,MSM,,,,,False
2021,sa3042092,Scott Shaw,RID,,,,,False
2023,sa3042092,Scott Shaw,RID,,,,,False
2024,sa3042092,Scott Shaw,VILL,,,,,False
2021,sa3045755,Scott Youngbrandt,SLU,,,,,False
2022,sa3045755,Scott Youngbrandt,SLU,,,,,False
2021,sa3030594,Scotty Dubrule,MSST,,,,,False
2021,sa3041868,Scotty Scott,HAW,,,,,False
2022,sa3041868,Scotty Scott,HAW,,,,,False
2021,sa3035562,Scout Knotts,ME,,,,,False
2022,sa3035562,Scout Knotts,ME,,,,,False
2021,sa3037578,Scout McFalls,WIN,,,,,False
2024,sa3025477,Seamus Barrett,LMU,10.0,310.0,Los Angeles Dodgers,loyola marymount university,True
2021,sa3027027,Sean Bergeron,WKU,,,,,False
2021,29878,Sean Burke,MD,3.0,94.0,Chicago White Sox,university of maryland,True
2021,sa3028813,Sean Cheely,RAD,,,,,False
2021,sa3029661,Sean Cullen,FAIR,,,,,False
2025,sa3058991,Sean Darnell,TROY,,,,,False
2022,sa3030628,Sean Duffy,HPU,,,,,False
2024,sa3030964,Sean Episcope,PRIN,,,,,False
2023,sa3031220,Sean Fekete,OAK,,,,,False
2024,sa3032173,Sean Gibbons,LONG,,,,,False
2021,sa3020472,Sean Harney,UK,,,,,False
2022,sa3020472,Sean Harney,UK,8.0,254.0,Tampa Bay Rays,university of kentucky,True
2022,sa3033793,Sean Higgins,COLU,,,,,False
2025,sa3033992,Sean Hollister,PRES,,,,,False
2021,sa3017316,Sean Hunley,TENN,19.0,581.0,Tampa Bay Rays,university of tennessee,True
2025,sa3059592,Sean Jenkins,ECU,,,,,False
2024,sa3035104,Sean Kasper,PFW,,,,,False
2023,sa3025317,Sean Keys,BUCK,,,,,False
2024,sa3025317,Sean Keys,BUCK,4.0,125.0,Toronto Blue Jays,bucknell university,True
2021,sa3035494,Sean Klein,PRES,,,,,False
2025,sa3035922,Sean Lane,HOF,,,,,False
2021,sa3036064,Sean Lawlor,ME,,,,,False
2022,sa3037314,Sean Matson,HARV,,,,,False
2023,sa3037314,Sean Matson,HARV,,,,,False
2024,sa3037314,Sean Matson,HARV,9.0,265.0,Cleveland Guardians,harvard university,True
2025,sa3059964,Sean McCulloch,QUIN,,,,,False
2025,sa3037592,Sean McGee,STO,,,,,False
2021,sa3037591,Sean McGeehan,RID,,,,,False
2021,sa3019890,Sean McLain,ASU,,,,,False
2022,sa3019890,Sean McLain,ASU,5.0,165.0,Los Angeles Dodgers,arizona state university,True
2025,sa3060022,Sean Meth,FAIR,,,,,False
2021,sa3038311,Sean Moore,SFA,,,,,False
2021,sa3017843,Sean Mullen,UCLA,,,,,False
2021,sa3039086,Sean OKeefe,WMU,,,,,False
2021,sa3041181,Sean Ross,INST,,,,,False
2022,sa3041181,Sean Ross,INST,,,,,False
2022,sa3041642,Sean Scanlon,HC,,,,,False
2023,sa3041642,Sean Scanlon,HC,,,,,False
2025,sa3041642,Sean Scanlon,HC,,,,,False
2021,sa3042361,Sean Sinisko,ILST,,,,,False
2022,sa3042361,Sean Sinisko,ILST,,,,,False
2025,sa3042634,Sean Smith,GASO,,,,,False
2022,sa3042866,Sean Sposato,URI,,,,,False
2023,sa3042866,Sean Sposato,URI,,,,,False
2024,sa3042866,Sean Sposato,URI,,,,,False
2025,sa3060667,Sean Stephenson,IONA,,,,,False
2021,sa3018185,Sean Sullivan,CAL,8.0,223.0,Pittsburgh Pirates,"university of california, berkeley",True
2022,sa3023162,Sean Sullivan,NU,,,,,False
2023,sa3023162,Sean Sullivan,WAKE,2.0,46.0,Colorado Rockies,wake forest university,True
2023,sa3043409,Sean Swenson,QUIN,,,,,False
2025,sa3043409,Sean Swenson,VCU,,,,,False
2024,sa3043833,Sean Tillmon,MILW,,,,,False
2024,sa3045133,Sean White,GASO,,,,,False
2025,sa3045133,Sean White,GASO,,,,,False
2025,sa3060981,Sean Yamaguchi,NEV,,,,,False
2025,sa3060992,Sean Youngerman,OKST,4.0,131.0,Philadelphia Phillies,oklahoma state university,True
2024,sa3025414,Seaver King,WAKE,1.0,10.0,Washington Nationals,wake forest university,True
2025,sa3025886,Sebastian Alexander,CCU,,,,,False
2024,sa3028215,Sebastian Cabeza,JKST,,,,,False
2023,sa3029212,Sebastian Colon,ALST,,,,,False
2021,sa3029385,Sebastian Coria,PV,,,,,False
2022,sa3029385,Sebastian Coria,PV,,,,,False
2023,sa3029385,Sebastian Coria,PV,,,,,False
2021,sa3030676,Sebastian Dunn,UNCA,,,,,False
2021,sa3031109,Sebastian Fabik,OHIO,,,,,False
2024,sa3025644,Sebastian Gongora,LOU,11.0,339.0,Baltimore Orioles,university of louisville,True
2022,sa3025644,Sebastian Gongora,WRST,,,,,False
2023,sa3025644,Sebastian Gongora,WRST,,,,,False
2025,sa3032444,Sebastian Gonzalez,HAW,,,,,False
2023,sa3032695,Sebastian Greico,FAMU,,,,,False
2024,sa3032695,Sebastian Greico,FAMU,,,,,False
2025,sa3032695,Sebastian Greico,USF,,,,,False
2021,sa3020953,Sebastian Keane,NE,,,,,False
2022,sa3020953,Sebastian Keane,NE,18.0,550.0,New York Yankees,northeastern university,True
2021,sa3037207,Sebastian Martinez,APSU,,,,,False
2022,sa3037936,Sebastian Mexico,FOR,,,,,False
2025,sa3037936,Sebastian Mexico,LT,,,,,False
2021,sa3038517,Sebastian Mueller,QUIN,,,,,False
2023,sa3038517,Sebastian Mueller,QUIN,,,,,False
2025,sa3038517,Sebastian Mueller,QUIN,,,,,False
2022,sa3038572,Sebastian Murillo,LBSU,,,,,False
2023,sa3038572,Sebastian Murillo,UGA,,,,,False
2024,sa3039181,Sebastian Orduno,SJSU,,,,,False
2025,sa3065590,Sebastian Paz,DSU,,,,,False
2025,sa3039961,Sebastian Pisacreta,PITT,,,,,False
2021,sa3040448,Sebastian Randle,ACU,,,,,False
2023,sa3044062,Sebastian Trinidad,AMCC,,,,,False
2024,sa3044062,Sebastian Trinidad,AMCC,,,,,False
2021,sa3044062,Sebastian Trinidad,HCU,,,,,False
2021,sa3041565,Sebastien Sarabia,COPP,,,,,False
2022,sa3041565,Sebastien Sarabia,COPP,,,,,False
2021,sa3034432,Seif Ingram,LAF,,,,,False
2022,sa3034432,Seif Ingram,LAF,,,,,False
2023,sa3034432,Seif Ingram,LAF,,,,,False
2025,sa3032831,Sergio Guerra,TAR,,,,,False
2025,sa3059847,Sergio Lopez,MCN,,,,,False
2024,sa3040844,Sergio Rivera,BCU,,,,,False
2025,sa3040844,Sergio Rivera,BCU,,,,,False
2025,sa3060491,Serigne Sarre,MSM,,,,,False
2025,sa3058482,Seth Alford,UNF,,,,,False
2021,sa3028230,Seth Caddell,ECU,,,,,False
2023,sa3029844,Seth Dardar,COLU,,,,,False
2025,sa3029844,Seth Dardar,KSU,,,,,False
2022,sa3031969,Seth Gardner,MUR,,,,,False
2023,sa3031969,Seth Gardner,MUR,,,,,False
2023,sa3031986,Seth Garner,MEM,,,,,False
2024,sa3031986,Seth Garner,MEM,,,,,False
2025,sa3031986,Seth Garner,MEM,,,,,False
2022,sa3032140,Seth Gergely,INST,,,,,False
2023,sa3032140,Seth Gergely,INST,,,,,False
2021,sa3032601,Seth Graves,WCU,,,,,False
2022,sa3032601,Seth Graves,WCU,,,,,False
2024,sa3032906,Seth Gwynn,CAL,,,,,False
2025,sa3032906,Seth Gwynn,CAL,,,,,False
2021,33294,Seth Halvorsen,MIZ,19.0,565.0,Philadelphia Phillies,university of missouri,True
2022,sa3022949,Seth Keener,WAKE,,,,,False
2023,sa3022949,Seth Keener,WAKE,3.0,84.0,Chicago White Sox,wake forest university,True
2024,sa3036458,Seth Logue,CIN,,,,,False
2021,sa3017857,Seth Lonsway,OSU,6.0,176.0,San Francisco Giants,ohio state university,True
2022,sa3036644,Seth Lucero,YSU,,,,,False
2022,sa3039829,Seth Petry,UTM,,,,,False
2023,sa3039829,Seth Petry,UTM,,,,,False
2022,sa3020495,Seth Stephenson,TENN,7.0,207.0,Detroit Tigers,university of tennessee,True
2021,sa3043239,Seth Stroh,WICH,,,,,False
2024,sa3043239,Seth Stroh,WICH,,,,,False
2022,sa3043340,Seth Surrett,LIU,,,,,False
2024,sa3043340,Seth Surrett,LIU,,,,,False
2025,sa3043400,Seth Sweet-Chick,BELL,,,,,False
2022,sa3044123,Seth Tucker,OAK,,,,,False
2021,sa3045014,Seth Werchan,PENN,,,,,False
2022,sa3045014,Seth Werchan,PENN,,,,,False
2023,sa3045014,Seth Werchan,PENN,,,,,False
2025,sa3045014,Seth Werchan,VCU,,,,,False
2024,sa3042181,Seungmin Shim,AFA,,,,,False
2021,sa3036072,Seyjuan Lawrence,FAMU,,,,,False
2023,sa3029213,Shadai Colon,ALST,,,,,False
2021,sa3039618,Shaddon Peavyhouse,CCU,,,,,False
2025,sa3040921,Shai Robinson,ILST,10.0,299.0,Minnesota Twins,illinois state university,True
2024,sa3037563,Shamaar McDuffie,KENN,,,,,False
2025,sa3037563,Shamaar McDuffie,KENN,,,,,False
2021,sa3028093,Shane Burns,MUR,,,,,False
2021,sa3017320,Shane Connolly,VT,,,,,False
2025,sa3029499,Shane Cox,MEM,,,,,False
2022,sa3030748,Shane Easter,EMU,,,,,False
2021,sa3020662,Shane Gray,EVAN,,,,,False
2022,sa3020662,Shane Gray,EVAN,16.0,490.0,New York Yankees,university of evansville,True
2021,sa3032870,Shane Gustafson,NEV,,,,,False
2022,sa3033303,Shane Harris,EVAN,,,,,False
2023,sa3033303,Shane Harris,EVAN,,,,,False
2024,sa3033303,Shane Harris,EVAN,,,,,False
2022,sa3034564,Shane Jamison,SEA,,,,,False
2023,sa3036310,Shane Lewis,TROY,,,,,False
2021,sa3037117,Shane Marshall,BING,,,,,False
2025,sa3037413,Shane McAlinden,CSUB,,,,,False
2024,sa3037413,Shane McAlinden,OAK,,,,,False
2021,sa3017284,Shane McGuire,USD,9.0,278.0,Oakland Athletics,university of san diego,True
2021,sa3016954,Shane Muntz,WAKE,15.0,438.0,Arizona Diamondbacks,wake forest university,True
2021,sa3039421,Shane Paradine,STBK,,,,,False
2022,sa3039421,Shane Paradine,STBK,,,,,False
2023,sa3039421,Shane Paradine,STBK,,,,,False
2022,sa3042371,Shane Sirdashney,UTSA,,,,,False
2023,sa3042371,Shane Sirdashney,UTSA,,,,,False
2024,sa3043587,Shane Taylor,CLT,,,,,False
2023,sa3043614,Shane Telfer,PEPP,,,,,False
2023,sa3045496,Shane Wockley,MSM,,,,,False
2024,sa3045496,Shane Wockley,MSM,,,,,False
2025,sa3037208,Shannon Martin,GRAM,,,,,False
2025,sa3059998,Shaun McMillan,SJU,,,,,False
2022,sa3038269,Shaun Montoya,SDSU,,,,,False
2023,sa3038269,Shaun Montoya,SDSU,,,,,False
2024,sa3038269,Shaun Montoya,SDSU,,,,,False
2025,sa3038269,Shaun Montoya,UK,,,,,False
2023,sa3044891,Shawn Dalton Weatherbee,ULM,,,,,False
2024,sa3044891,Shawn Dalton Weatherbee,ULM,,,,,False
2021,sa3017116,Shawn Goosenberg,NU,19.0,574.0,Chicago White Sox,northwestern university,True
2021,sa3020743,Shawn Rapp,UNC,,,,,False
2021,sa3041305,Shawn Runey,NCCU,,,,,False
2023,sa3035759,Shay Kubo,ILST,,,,,False
2021,sa3022933,Shay Schanaman,NEB,,,,,False
2022,sa3022933,Shay Schanaman,NEB,,,,,False
2023,sa3022933,Shay Schanaman,NEB,,,,,False
2021,sa3035758,Shaydon Kubo,UNCO,,,,,False
2022,sa3035758,Shaydon Kubo,UNCO,,,,,False
2024,sa3032556,Shea Grady,BRY,,,,,False
2022,sa3035686,Shea Kramer,GONZ,,,,,False
2021,sa3035686,Shea Kramer,UTAH,,,,,False
2025,sa3037583,Shea McGahan,SEMO,,,,,False
2022,sa3042868,Shea Sprague,ELON,,,,,False
2023,sa3042868,Shea Sprague,ELON,,,,,False
2024,sa3042868,Shea Sprague,UNC,13.0,387.0,Boston Red Sox,university of north carolina,True
2022,sa3043730,Shea Thomas,SELA,,,,,False
2023,sa3043730,Shea Thomas,SELA,,,,,False
2024,sa3043730,Shea Thomas,SELA,,,,,False
2025,sa3044684,Shea Walker,UNCA,,,,,False
2025,sa3062592,Sheldon Egger,WOF,,,,,False
2023,sa3029797,Shemar Dalton,NCAT,,,,,False
2024,sa3029797,Shemar Dalton,NCAT,,,,,False
2022,sa3039348,Shemar Page,GRAM,,,,,False
2025,sa3059568,Shintaro Inoue,KSU,,,,,False
2023,sa3041420,Shunsuke Sakaino,CSUN,,,,,False
2024,sa3041420,Shunsuke Sakaino,CSUN,,,,,False
2025,sa3041420,Shunsuke Sakaino,HAW,,,,,False
2021,sa3019976,Silas Ardoin,TEX,,,,,False
2022,sa3019976,Silas Ardoin,TEX,4.0,107.0,Baltimore Orioles,university of texas,True
2025,sa3042044,Silas Shaffer,EKU,,,,,False
2024,sa3026756,Simon Baumgardt,ND,,,,,False
2023,sa3026756,Simon Baumgardt,TULN,,,,,False
2024,sa3035988,Simon Larranaga,MCN,,,,,False
2025,sa3035988,Simon Larranaga,MCN,,,,,False
2023,sa3023311,Simon Miller,UTSA,12.0,348.0,Cincinnati Reds,university of texas at san antonio,True
2021,sa3041699,Simon Scherry,EVAN,,,,,False
2022,sa3041699,Simon Scherry,EVAN,,,,,False
2023,sa3041699,Simon Scherry,EVAN,,,,,False
2024,sa3041699,Simon Scherry,EVAN,,,,,False
2025,sa3029197,Sky Collins,FRES,,,,,False
2021,sa3030613,Sky Duff,PITT,,,,,False
2022,sa3030613,Sky Duff,PITT,,,,,False
2023,sa3030613,Sky Duff,PITT,,,,,False
2021,sa3029670,Sky-Lar Culver,ARST,,,,,False
2023,sa3041964,Skye Selinsky,COLU,,,,,False
2024,sa3041964,Skye Selinsky,COLU,,,,,False
2025,sa3041964,Skye Selinsky,COLU,,,,,False
2021,sa3027206,Skylar Black,SFA,,,,,False
2022,sa3022739,Skylar Hales,SCU,,,,,False
2023,sa3022739,Skylar Hales,SCU,4.0,108.0,Texas Rangers,santa clara university,True
2024,sa3035415,Skylar King,WVU,,,,,False
2025,sa3035415,Skylar King,WVU,15.0,448.0,Boston Red Sox,west virginia university,True
2021,sa3034332,Skyler Hunter,PUR,,,,,False
2023,sa3034525,Skyler Jaco,SFA,,,,,False
2021,sa3019963,Skyler Messinger,KU,,,,,False
2022,sa3019963,Skyler Messinger,TEX,19.0,566.0,Colorado Rockies,university of texas at austin,True
2021,sa3039888,Skyler Pichardo,MRST,,,,,False
2023,sa3044047,Skyler Trevino,LR,,,,,False
2024,sa3044047,Skyler Trevino,LR,,,,,False
2025,sa3037481,Slade McCloud,TAR,,,,,False
2022,sa3045231,Slade Wilks,USM,,,,,False
2023,sa3045231,Slade Wilks,USM,,,,,False
2024,sa3045231,Slade Wilks,USM,,,,,False
2023,sa3025895,Slate Alford,MSST,,,,,False
2024,sa3025895,Slate Alford,UGA,,,,,False
2025,sa3025895,Slate Alford,UGA,9.0,259.0,Los Angeles Angels,university of georgia,True
2024,sa3044229,Sloan Ulrich,YSU,,,,,False
2025,sa3058536,Smith Bailey,ARIZ,,,,,False
2022,sa3039946,Smith Pinson,KENN,,,,,False
2024,sa3039946,Smith Pinson,KENN,,,,,False
2025,sa3039946,Smith Pinson,KENN,,,,,False
2022,sa3026549,Socrates Bardatsos,RID,,,,,False
2023,sa3026549,Socrates Bardatsos,RID,,,,,False
2022,sa3019866,Sonny DiChiara,AUB,5.0,148.0,Los Angeles Angels,auburn university,True
2021,sa3019866,Sonny DiChiara,SAM,,,,,False
2023,sa3031183,Sonny Fauci,SJU,,,,,False
2021,sa3044225,Sonny Ulliana,URI,,,,,False
2021,sa3044059,South Trimble,GMU,,,,,False
2022,sa3044059,South Trimble,GMU,,,,,False
2023,sa3044059,South Trimble,GMU,,,,,False
2024,sa3044059,South Trimble,GMU,,,,,False
2021,29921,Spencer Arrighetti,UL,6.0,178.0,Houston Astros,university of louisiana at lafayette,True
2024,sa3026287,Spencer Atkins,AKR,,,,,False
2023,sa3023092,Spencer Bengard,CBU,15.0,447.0,Minnesota Twins,california baptist university,True
2025,sa3058705,Spencer Boynton,VAL,,,,,False
2021,sa3028854,Spencer Chirpich,ACU,,,,,False
2024,sa3030204,Spencer Dessart,WASH,,,,,False
2022,sa3030824,Spencer Edwards,COR,,,,,False
2023,sa3030824,Spencer Edwards,COR,,,,,False
2021,sa3032084,Spencer Gedestad,UCD,,,,,False
2021,sa3020402,Spencer Giesting,CLT,,,,,False
2022,sa3020402,Spencer Giesting,CLT,11.0,318.0,Arizona Diamondbacks,university of north carolina at charlotte,True
2022,sa3033186,Spencer Hanson,KENN,,,,,False
2023,sa3033186,Spencer Hanson,KENN,,,,,False
2021,sa3033192,Spencer Harbert,OHIO,,,,,False
2022,sa3033192,Spencer Harbert,OHIO,,,,,False
2021,sa3034394,Spencer Hynes,WICH,,,,,False
2022,sa3019969,Spencer Jones,VAN,1.0,25.0,New York Yankees,vanderbilt university,True
2024,sa3034911,Spencer Jones,WSU,,,,,False
2021,sa3035588,Spencer Koelewyn,OMA,,,,,False
2021,sa3020475,Spencer Miles,MIZ,,,,,False
2022,sa3020475,Spencer Miles,MIZ,4.0,136.0,San Francisco Giants,university of missouri,True
2021,sa3038647,Spencer Myers,ND,,,,,False
2022,sa3038647,Spencer Myers,ND,,,,,False
2022,sa3022697,Spencer Nivens,MOST,,,,,False
2023,sa3022697,Spencer Nivens,MOST,5.0,142.0,Kansas City Royals,missouri state university,True
2023,sa3038913,Spencer Nolan,CLT,,,,,False
2021,sa3016803,Spencer Packard,CAM,9.0,264.0,Seattle Mariners,campbell university,True
2024,sa3040700,Spencer Rich,FAU,,,,,False
2021,31846,Spencer Schwellenbach,NEB,,,,,False
2024,sa3041870,Spencer Scott,PORT,,,,,False
2025,sa3041936,Spencer Seid,UCSD,,,,,False
2025,sa3042992,Spencer Stearns,SIUE,,,,,False
2025,sa3044799,Spencer Warfield,VAL,,,,,False
2021,sa3045676,Spencer Yankle,WIN,,,,,False
2021,sa3042640,Spenser Smith,NE,,,,,False
2022,sa3042640,Spenser Smith,NE,,,,,False
2023,sa3042640,Spenser Smith,NE,,,,,False
2022,sa3036267,Stanton Leuthner,STBK,,,,,False
2023,sa3040029,Staus Pokrovsky,HALL,,,,,False
2024,sa3040029,Staus Pokrovsky,HALL,,,,,False
2025,sa3060111,Steele Murdock,UCSD,,,,,False
2021,sa3038784,Steele Netterville,LT,,,,,False
2022,sa3038784,Steele Netterville,LT,,,,,False
2022,sa3020487,Stefan Raeth,WASH,17.0,516.0,Seattle Mariners,university of washington,True
2021,sa3033168,Stephen Hansen,PITT,,,,,False
2022,sa3033833,Stephen Hill,LIB,,,,,False
2021,sa3033833,Stephen Hill,MORE,,,,,False
2024,sa3034201,Stephen Hrustich,MICH,,,,,False
2021,sa3034201,Stephen Hrustich,NU,,,,,False
2022,sa3034201,Stephen Hrustich,NU,,,,,False
2023,sa3034201,Stephen Hrustich,NU,,,,,False
2022,sa3035496,Stephen Klein,SAM,,,,,False
2023,sa3035496,Stephen Klein,SAM,,,,,False
2022,sa3035697,Stephen Krause,M-OH,,,,,False
2023,sa3036697,Stephen Lund,NDSU,,,,,False
2023,sa3040331,Stephen Quigley,CONN,,,,,False
2024,sa3040331,Stephen Quigley,CONN,,,,,False
2021,sa3040577,Stephen Reid,GT,,,,,False
2022,sa3040577,Stephen Reid,GT,,,,,False
2023,sa3040577,Stephen Reid,GT,,,,,False
2023,sa3044183,Stephen Turzai,VILL,,,,,False
2021,sa3045377,Stephen Wilmer,FGCU,,,,,False
2023,sa3045377,Stephen Wilmer,FGCU,,,,,False
2021,sa3019999,Sterlin Thompson,FLA,,,,,False
2022,sa3019999,Sterlin Thompson,FLA,1.0,31.0,Colorado Rockies,university of florida,True
2021,sa3033455,Sterling Hayes,CREI,,,,,False
2023,sa3033455,Sterling Hayes,CREI,,,,,False
2021,sa3031127,Stevan Fairburn Jr.,AFA,,,,,False
2021,sa3026586,Steve Barmakian,GW,,,,,False
2021,sa3030375,Steve DiTomaso,GW,,,,,False
2022,sa3030375,Steve DiTomaso,GW,,,,,False
2023,sa3030375,Steve DiTomaso,GW,,,,,False
2024,sa3030375,Steve DiTomaso,GW,,,,,False
2021,sa3032751,Steve Grober,HALL,,,,,False
2022,sa3032751,Steve Grober,HALL,,,,,False
2023,sa3032751,Steve Grober,VILL,,,,,False
2021,sa3018177,Steve Hajjar,MICH,2.0,61.0,Minnesota Twins,university of michigan,True
2022,sa3033305,Steve Harrington,HOF,,,,,False
2023,sa3033305,Steve Harrington,HOF,,,,,False
2024,sa3033305,Steve Harrington,HOF,,,,,False
2022,sa3033469,Steve Hayward,UIW,,,,,False
2023,sa3033469,Steve Hayward,UIW,,,,,False
2024,sa3036715,Steve Luttazi,FOR,,,,,False
2021,sa3036715,Steve Luttazi,MASS,,,,,False
2022,sa3036715,Steve Luttazi,MASS,,,,,False
2023,sa3036715,Steve Luttazi,MASS,,,,,False
2025,sa3042735,Steve Solorzano,NMSU,,,,,False
2022,sa3026801,Steven Beard,SHSU,,,,,False
2023,sa3026801,Steven Beard,SHSU,,,,,False
2023,sa3027770,Steven Brooks,CP,,,,,False
2024,sa3027770,Steven Brooks,CP,,,,,False
2021,sa3028475,Steven Carpenter,VCU,,,,,False
2025,sa3028581,Steven Cash,JVST,,,,,False
2021,sa3029720,Steven Curry,GASO,,,,,False
2021,sa3029875,Steven Davila,JKST,,,,,False
2021,sa3030214,Steven DEusanio,YSU,,,,,False
2022,sa3030214,Steven DEusanio,YSU,,,,,False
2023,sa3030214,Steven DEusanio,YSU,,,,,False
2021,sa3031416,Steven Fitzsimmons,VAL,,,,,False
2024,sa3032602,Steven Graver,ARMY,,,,,False
2023,sa3034132,Steven Hospital,NIA,,,,,False
2024,sa3035013,Steven Kaenzig,HOF,,,,,False
2023,sa3035897,Steven Lancia,RGV,,,,,False
2024,sa3035897,Steven Lancia,RGV,,,,,False
2025,sa3035897,Steven Lancia,RGV,,,,,False
2022,sa3036442,Steven Loden,FAU,,,,,False
2023,sa3036442,Steven Loden,SIU,,,,,False
2024,sa3036442,Steven Loden,SIU,,,,,False
2024,sa3037803,Steven Meier,ODU,,,,,False
2025,sa3037803,Steven Meier,TROY,,,,,False
2024,sa3038004,Steven Milam,LSU,,,,,False
2025,sa3038004,Steven Milam,LSU,,,,,False
2023,sa3038090,Steven Miller,PSU,,,,,False
2021,sa3038357,Steven Moretto,SAC,,,,,False
2022,sa3038357,Steven Moretto,SAC,,,,,False
2024,sa3039154,Steven Ondina,ASU,,,,,False
2021,sa3039154,Steven Ondina,FIU,,,,,False
2022,sa3039154,Steven Ondina,FIU,,,,,False
2022,sa3039538,Steven Pattan,SIUE,,,,,False
2021,sa3040811,Steven Rivas,HOU,,,,,False
2022,sa3040845,Steven Rivera-Chijin,AMCC,,,,,False
2022,sa3042045,Steven Shaffer,NORF,,,,,False
2023,sa3042045,Steven Shaffer,NORF,,,,,False
2025,sa3060700,Steven Svenson,HALL,,,,,False
2021,sa3017553,Steven Williams,AUB,18.0,523.0,Washington Nationals,auburn university,True
2021,sa3020875,Steven Zobac,CAL,,,,,False
2022,sa3020875,Steven Zobac,CAL,,,,,False
2022,sa3038184,Stone Miyao,HAW,,,,,False
2023,sa3038184,Stone Miyao,HAW,,,,,False
2021,sa3040009,Straton Podaras,RAD,,,,,False
2022,sa3023000,Stu Flesland III,WASH,,,,,False
2023,sa3023000,Stu Flesland III,WASH,11.0,322.0,Colorado Rockies,university of washington,True
2023,sa3043816,Sully Tibbs,RAD,,,,,False
2024,sa3040279,Swaroop Pujari,NORF,,,,,False
2022,sa3042314,T.C. Simmons,CONN,,,,,False
2021,sa3029171,T.J. Collett,UK,,,,,False
2022,sa3023271,T.J. Fondtain,SDSU,,,,,False
2023,sa3023271,T.J. Fondtain,SDSU,14.0,423.0,Tampa Bay Rays,san diego state university,True
2024,sa3025355,T.J. McCants,ALA,16.0,469.0,Chicago White Sox,university of alabama,True
2021,sa3025355,T.J. McCants,MISS,,,,,False
2022,sa3025355,T.J. McCants,MISS,,,,,False
2023,sa3025355,T.J. McCants,MISS,,,,,False
2021,sa3023039,T.J. Nichols,ARIZ,,,,,False
2022,sa3023039,T.J. Nichols,ARIZ,,,,,False
2023,sa3023039,T.J. Nichols,ARIZ,6.0,183.0,Tampa Bay Rays,university of arizona,True
2025,sa3039254,T.J. Oster,AFA,,,,,False
2022,sa3040559,T.J. Reeves,JVST,,,,,False
2023,sa3040559,T.J. Reeves,JVST,,,,,False
2021,sa3017330,T.J. Rumfield,VT,,,,,False
2025,sa3044005,Tab Tracy,LAM,,,,,False
2021,sa3038231,Taber Mongero,UNCW,,,,,False
2022,sa3038231,Taber Mongero,UNCW,,,,,False
2023,sa3038231,Taber Mongero,UNCW,,,,,False
2021,sa3033752,Taed Heydinger,AKR,,,,,False
2022,sa3033752,Taed Heydinger,AKR,,,,,False
2023,sa3032373,Taeg Gollert,MOST,,,,,False
2024,sa3032373,Taeg Gollert,MOST,,,,,False
2025,sa3032373,Taeg Gollert,MOST,,,,,False
2024,sa3041018,Taer Rodriguez,DART,,,,,False
2025,sa3041018,Taer Rodriguez,DART,,,,,False
2025,sa3059006,Tague Davis,LOU,,,,,False
2025,sa3059403,Tahraun Hammond,ODU,,,,,False
2021,sa3038667,Taishi Nakawake,UCI,,,,,False
2022,sa3038667,Taishi Nakawake,UCI,,,,,False
2021,sa3029386,Taison Corio,CP,,,,,False
2024,sa3038973,Tait Nunnally,EKU,,,,,False
2025,sa3038973,Tait Nunnally,EKU,,,,,False
2025,sa3062672,Tait Robertson,CHSO,,,,,False
2025,sa3058576,Taj Bates,SOU,,,,,False
2021,sa3040103,Taj Porter,SOU,,,,,False
2022,sa3040103,Taj Porter,SOU,,,,,False
2023,sa3045630,Tally Wright Jr.,CSUB,,,,,False
2023,sa3036138,Talmadge LeCroy,SC,,,,,False
2024,sa3036138,Talmadge LeCroy,SC,,,,,False
2025,sa3045667,Tank Yaghoubi,ELON,,,,,False
2023,sa3045667,Tank Yaghoubi,W&M,,,,,False
2021,sa3016854,Tanner Allen,MSST,4.0,118.0,Miami Marlins,mississippi state university,True
2025,sa3062807,Tanner Aoki,MVSU,,,,,False
2022,sa3026653,Tanner Barrs,RAD,,,,,False
2023,sa3026653,Tanner Barrs,RAD,,,,,False
2023,sa3026750,Tanner Bauman,AUB,,,,,False
2021,30134,Tanner Bibee,CSUF,,,,,False
2024,sa3027298,Tanner Boccabello,BCU,,,,,False
2025,sa3027298,Tanner Boccabello,BCU,,,,,False
2022,sa3027587,Tanner Brandon,NORF,,,,,False
2025,sa3058865,Tanner Chun,TULN,,,,,False
2021,sa3028997,Tanner Clark,UNF,,,,,False
2021,sa3029519,Tanner Craig,EVAN,,,,,False
2022,sa3029519,Tanner Craig,EVAN,,,,,False
2025,sa3062597,Tanner Foerstch,OMA,,,,,False
2024,sa3032249,Tanner Gillis,NKU,,,,,False
2023,sa3032704,Tanner Gresham,ARMY,,,,,False
2025,sa3032726,Tanner Griffith,SMC,,,,,False
2022,sa3023481,Tanner Hall,USM,,,,,False
2023,sa3023481,Tanner Hall,USM,4.0,114.0,Minnesota Twins,university of southern mississippi,True
2025,sa3059410,Tanner Hardin,WOF,,,,,False
2023,sa3033993,Tanner Holliman,ELON,,,,,False
2022,sa3034912,Tanner Jones,JVST,,,,,False
2023,sa3034912,Tanner Jones,JVST,,,,,False
2022,sa3035416,Tanner King,UTA,,,,,False
2023,sa3035532,Tanner Knapp,BALL,,,,,False
2021,sa3022238,Tanner Kohlhepp,ND,5.0,135.0,Detroit Tigers,university of notre dame,True
2023,sa3036233,Tanner Leonard,CARK,,,,,False
2024,sa3036233,Tanner Leonard,CARK,,,,,False
2025,sa3036233,Tanner Leonard,CARK,,,,,False
2021,sa3036311,Tanner Lewis,SIU,,,,,False
2023,sa3036311,Tanner Lewis,SIU,,,,,False
2025,sa3036924,Tanner Mally,WMU,,,,,False
2024,sa3037119,Tanner Marsh,LIB,,,,,False
2025,sa3037119,Tanner Marsh,LIB,,,,,False
2022,sa3020116,Tanner O'Tremba,ARIZ,15.0,466.0,San Francisco Giants,university of arizona,True
2024,sa3039755,Tanner Perry,ILST,,,,,False
2025,sa3039755,Tanner Perry,ILST,,,,,False
2021,sa3041036,Tanner Rogen,ORU,,,,,False
2024,sa3041414,Tanner Sagouspe,CP,,,,,False
2021,sa3020009,Tanner Schobel,VT,,,,,False
2022,sa3020009,Tanner Schobel,VT,2.0,68.0,Minnesota Twins,virginia tech,True
2021,sa3042106,Tanner Shears,UIC,,,,,False
2024,sa3042198,Tanner Shiver,TNTC,,,,,False
2022,sa3042645,Tanner Smith,HARV,,,,,False
2025,sa3042644,Tanner Smith,MIA,,,,,False
2021,sa3042642,Tanner Smith,ORE,,,,,False
2022,sa3042642,Tanner Smith,ORE,,,,,False
2023,sa3042642,Tanner Smith,ORE,,,,,False
2023,sa3042644,Tanner Smith,ORST,,,,,False
2021,sa3043011,Tanner Steffy,COFC,,,,,False
2023,sa3043649,Tanner Thach,UNCW,,,,,False
2024,sa3043649,Tanner Thach,UNCW,,,,,False
2025,sa3043649,Tanner Thach,UNCW,,,,,False
2025,sa3043733,Tanner Thomas,GWEB,,,,,False
2024,sa3043733,Tanner Thomas,LONG,,,,,False
2021,sa3043732,Tanner Thomas,VT,,,,,False
2021,sa3020197,Tanner Tredaway,OU,,,,,False
2022,sa3020197,Tanner Tredaway,OU,10.0,290.0,Pittsburgh Pirates,university of oklahoma,True
2022,sa3044193,Tanner Tweedt,ACU,,,,,False
2023,sa3044193,Tanner Tweedt,ACU,,,,,False
2024,sa3044795,Tanner Ware,OAK,,,,,False
2025,sa3044795,Tanner Ware,OAK,,,,,False
2023,sa3045423,Tanner Wilson,LAM,,,,,False
2024,sa3045423,Tanner Wilson,LAM,,,,,False
2021,sa3025651,Tanner Witt,TEX,,,,,False
2022,sa3026495,Tate Ballestero,SJU,,,,,False
2023,sa3026495,Tate Ballestero,SJU,,,,,False
2024,sa3027101,Tate Bethel,UTA,,,,,False
2025,sa3027101,Tate Bethel,UTA,,,,,False
2025,sa3058813,Tate Carey,MICH,,,,,False
2024,sa3031082,Tate Evans,YALE,,,,,False
2025,sa3031082,Tate Evans,YALE,,,,,False
2025,sa3059164,Tate Farquhar,MSU,,,,,False
2024,sa3032237,Tate Gillen,CREI,,,,,False
2025,sa3032237,Tate Gillen,CREI,,,,,False
2025,sa3033730,Tate Hess,UL,,,,,False
2022,sa3035620,Tate Kolwyck,VAN,,,,,False
2021,sa3023099,Tate Kuehner,LOU,,,,,False
2022,sa3023099,Tate Kuehner,LOU,,,,,False
2024,sa3037653,Tate McKee,GT,,,,,False
2025,sa3037653,Tate McKee,GT,,,,,False
2021,sa3041468,Tate Samuelson,CP,,,,,False
2022,sa3041468,Tate Samuelson,CP,,,,,False
2025,sa3060514,Tate Schmidt,MILW,,,,,False
2023,sa3042183,Tate Shimao,CP,,,,,False
2025,sa3065442,Tate Vogler,COLU,,,,,False
2022,sa3044801,Tate Wargo,AKR,,,,,False
2021,sa3020278,Tatem Levins,LAS,,,,,False
2022,sa3020278,Tatem Levins,PITT,8.0,246.0,Seattle Mariners,university of pittsburgh,True
2024,sa3038729,Tatsunori Negishi,NCAT,,,,,False
2025,sa3059925,Tatum Marsh,STAN,,,,,False
2023,sa3022808,Tavian Josenberger,ARK,3.0,100.0,Baltimore Orioles,university of arkansas,True
2021,sa3022808,Tavian Josenberger,KU,,,,,False
2022,sa3022808,Tavian Josenberger,KU,,,,,False
2024,sa3040922,Taye Robinson,TOW,,,,,False
2025,sa3040922,Taye Robinson,TOW,,,,,False
2021,sa3019977,Tayler Aguilar,GCU,,,,,False
2022,sa3019977,Tayler Aguilar,GCU,15.0,450.0,New York Yankees,grand canyon university,True
2021,sa3028653,Taylor Catton,BRAD,,,,,False
2022,sa3028653,Taylor Catton,BRAD,,,,,False
2023,sa3029846,Taylor Darden,MCN,,,,,False
2021,sa3032005,Taylor Garris,SAM,,,,,False
2023,sa3032033,Taylor Gaspar,STO,,,,,False
2024,sa3032033,Taylor Gaspar,STO,,,,,False
2025,sa3032033,Taylor Gaspar,STO,,,,,False
2024,sa3033964,Taylor Holder,NEV,,,,,False
2025,sa3033964,Taylor Holder,NEV,,,,,False
2021,sa3034077,Taylor Hopkins,EMU,,,,,False
2022,sa3034077,Taylor Hopkins,EMU,,,,,False
2023,sa3034077,Taylor Hopkins,EMU,,,,,False
2021,sa3034189,Taylor Howell,MEM,,,,,False
2023,sa3034189,Taylor Howell,MUR,,,,,False
2024,sa3034189,Taylor Howell,MUR,,,,,False
2021,sa3034517,Taylor Jackson,ILL,,,,,False
2022,sa3034517,Taylor Jackson,ILL,,,,,False
2025,sa3059690,Taylor Kirk,FOR,,,,,False
2023,sa3039740,Taylor Perrett,MASS,,,,,False
2023,sa3042641,Taylor Smith,UTSA,,,,,False
2025,sa3060765,Taylor Tomlin,OAK,,,,,False
2021,sa3019907,Taylor Young,LT,,,,,False
2022,sa3019907,Taylor Young,LT,8.0,255.0,Los Angeles Dodgers,louisiana tech university,True
2021,sa3035194,Tayven Kelley,PSU,,,,,False
2022,sa3035194,Tayven Kelley,PSU,,,,,False
2023,sa3035194,Tayven Kelley,PSU,,,,,False
2024,sa3035194,Tayven Kelley,PSU,,,,,False
2023,sa3029267,Teague Conrad,SIUE,,,,,False
2021,sa3028121,Ted Burton,MICH,,,,,False
2022,sa3028121,Ted Burton,MICH,,,,,False
2023,sa3028121,Ted Burton,MICH,,,,,False
2024,sa3028121,Ted Burton,TA&M,,,,,False
2023,sa3027652,Teddy Brennan,GW,,,,,False
2024,sa3027652,Teddy Brennan,GW,,,,,False
2021,sa3027684,Teddy Bridges,AAMU,,,,,False
2024,sa3030211,Teddy Deters,CREI,,,,,False
2025,sa3030211,Teddy Deters,CREI,,,,,False
2022,sa3025220,Teddy McGraw,WAKE,,,,,False
2022,sa3037908,Teddy Merritt,HPU,,,,,False
2024,sa3041272,Teddy Ruffner,YSU,,,,,False
2023,sa3043903,Teddy Tolliver,LEH,,,,,False
2024,sa3043903,Teddy Tolliver,LEH,,,,,False
2024,sa3036259,Teige Lethert,MILW,,,,,False
2024,sa3026826,Temo Becerra,STAN,,,,,False
2025,sa3026826,Temo Becerra,STAN,,,,,False
2023,sa3026520,Teo Banks,TULN,,,,,False
2024,sa3026520,Teo Banks,TULN,18.0,530.0,Washington Nationals,tulane university,True
2023,sa3043951,Teo Torrado,IONA,,,,,False
2021,sa3038929,Terence Norman,KENN,,,,,False
2023,sa3034256,Terrell Huggins,NDSU,,,,,False
2021,sa3017338,Terrell Tatum,NCSU,16.0,485.0,Chicago White Sox,north carolina state university,True
2025,sa3059676,Terrence Kiel II,TA&M,,,,,False
2025,sa3040675,Terrence Rhodes,NORF,,,,,False
2025,sa3043784,Terrick Thompson-Allen,UIC,,,,,False
2022,sa3028102,Terry Burrell III,GRAM,,,,,False
2023,sa3028102,Terry Burrell III,GRAM,,,,,False
2022,sa3044125,Tevin Tucker,WVU,,,,,False
2023,sa3044125,Tevin Tucker,WVU,,,,,False
2024,sa3030773,Thad Ector,CLT,,,,,False
2023,sa3044096,Thaniel Trumper,KU,,,,,False
2023,sa3034340,Thatcher Hurd,LSU,,,,,False
2023,sa3027930,Theo Bryant IV,TNTC,,,,,False
2024,sa3027930,Theo Bryant IV,TNTC,,,,,False
2023,sa3033215,Theo Hardy,SJSU,,,,,False
2024,sa3033215,Theo Hardy,SJSU,,,,,False
2021,sa3026348,Thomas Babalis,BING,,,,,False
2022,sa3026348,Thomas Babalis,BING,,,,,False
2023,sa3026348,Thomas Babalis,BING,,,,,False
2023,sa3026414,Thomas Bainton,CSUN,,,,,False
2024,sa3026414,Thomas Bainton,CSUN,,,,,False
2022,sa3027576,Thomas Bramley,MSM,,,,,False
2023,sa3027576,Thomas Bramley,PSU,,,,,False
2023,sa3030907,Thomas Ellisen,CONN,,,,,False
2025,sa3030907,Thomas Ellisen,CONN,,,,,False
2025,sa3030926,Thomas Emerich,INST,,,,,False
2021,sa3017720,Thomas Farr,SC,5.0,150.0,Cincinnati Reds,university of south carolina,True
2025,sa3031286,Thomas Ferroggiaro,SCU,,,,,False
2021,sa3016999,Thomas Francisco,ECU,19.0,571.0,St. Louis Cardinals,east carolina university,True
2021,sa3020122,Thomas Gavello,PAC,,,,,False
2022,sa3020122,Thomas Gavello,PAC,13.0,406.0,San Francisco Giants,pacific university,True
2022,sa3032673,Thomas Green,OAK,,,,,False
2023,sa3032673,Thomas Green,OAK,,,,,False
2022,sa3032733,Thomas Grilli,SBU,,,,,False
2023,sa3032733,Thomas Grilli,SBU,,,,,False
2025,sa3033250,Thomas Harper,ILST,,,,,False
2021,31989,Thomas Harrington,CAM,,,,,False
2022,31989,Thomas Harrington,CAM,1.0,36.0,Pittsburgh Pirates,campbell university,True
2024,sa3033794,Thomas Higgins Jr.,GASO,15.0,453.0,Seattle Mariners,georgia southern university,True
2022,sa3034145,Thomas House,EMU,,,,,False
2023,sa3034145,Thomas House,EMU,,,,,False
2021,sa3034964,Thomas Joyce,MRMK,,,,,False
2025,sa3059662,Thomas Kendrick,SPU,,,,,False
2021,sa3036028,Thomas Latham,HC,,,,,False
2021,sa3036667,Thomas Luevano,USD,,,,,False
2025,sa3036761,Thomas Lyssy,UIW,,,,,False
2022,sa3037438,Thomas McCaffrey,UCI,,,,,False
2023,sa3037438,Thomas McCaffrey,UCI,,,,,False
2024,sa3037438,Thomas McCaffrey,UCI,,,,,False
2021,sa3038939,Thomas Norton,UIC,,,,,False
2023,sa3041085,Thomas Rollauer,CIT,,,,,False
2024,sa3041085,Thomas Rollauer,CIT,,,,,False
2025,sa3041085,Thomas Rollauer,CIT,,,,,False
2023,sa3041339,Thomas Russell,NAVY,,,,,False
2024,sa3041542,Thomas Santana,COLU,,,,,False
2025,sa3041542,Thomas Santana,COLU,,,,,False
2021,sa3041615,Thomas Savastio,MSM,,,,,False
2024,sa3041779,Thomas Schreck,ARMY,,,,,False
2025,sa3041779,Thomas Schreck,ARMY,,,,,False
2021,sa3042456,Thomas Smart,UIC,,,,,False
2021,sa3045078,Thomas Wheeler,ODU,,,,,False
2022,sa3045078,Thomas Wheeler,ODU,,,,,False
2023,sa3045078,Thomas Wheeler,ODU,,,,,False
2025,sa3060933,Thomas Williams,RGV,,,,,False
2025,sa3045894,Thomas Zwirecki,CAN,,,,,False
2025,sa3033841,Three Hillier,HPU,,,,,False
2022,sa3033841,Three Hillier,LIB,,,,,False
2023,sa3033841,Three Hillier,LIB,,,,,False
2023,sa3027407,Tiger Borom,GRAM,,,,,False
2024,sa3027407,Tiger Borom,GRAM,,,,,False
2021,sa3027407,Tiger Borom,LIP,,,,,False
2021,sa3042404,Tilo Skole,CIT,,,,,False
2022,sa3042404,Tilo Skole,CIT,,,,,False
2021,sa3027213,Tim Blaisdell,HART,,,,,False
2022,sa3027213,Tim Blaisdell,HART,,,,,False
2023,sa3027213,Tim Blaisdell,QUIN,,,,,False
2022,sa3020193,Tim Borden II,GT,16.0,493.0,Houston Astros,georgia institute of technology,True
2022,sa3028668,Tim Cavanaugh,JOES,,,,,False
2024,sa3030288,Tim Dickinson,JOES,,,,,False
2025,sa3030288,Tim Dickinson,JOES,,,,,False
2022,sa3030390,Tim Dixon,AAMU,,,,,False
2021,31522,Tim Elko,MISS,,,,,False
2022,31522,Tim Elko,MISS,10.0,311.0,Chicago White Sox,university of mississippi,True
2024,sa3035533,Tim Knapschaefer,OHIO,,,,,False
2023,sa3037623,Tim McGuire,SHU,,,,,False
2024,sa3037623,Tim McGuire,SHU,,,,,False
2025,sa3037623,Tim McGuire,SHU,,,,,False
2022,sa3038848,Tim Nicholson,GW,,,,,False
2024,sa3039206,Tim Orr,KENT,,,,,False
2021,sa3041271,Tim Ruffino,COPP,,,,,False
2025,sa3042302,Tim Simay,SIU,,,,,False
2021,sa3042319,Tim Simoes,ARMY,,,,,False
2021,29571,Tim Tawa,STAN,11.0,318.0,Arizona Diamondbacks,stanford university,True
2025,sa3060726,Tim Teixeira,SIUE,,,,,False
2021,sa3045181,Tim Wieser,UCD,,,,,False
2022,sa3045354,Tim Williamson,HARV,,,,,False
2022,sa3035034,Timmy Kalantzakos,MRMK,,,,,False
2023,sa3023173,Timmy Manning,ASU,12.0,360.0,San Francisco Giants,arizona state university,True
2024,sa3039010,Timmy OBrien,BRAD,,,,,False
2025,sa3039010,Timmy OBrien,BRAD,,,,,False
2021,sa3037210,Timothy Martin,UAPB,,,,,False
2022,sa3027100,Tino Bethancourt,SDSU,,,,,False
2023,sa3027100,Tino Bethancourt,SDSU,,,,,False
2024,sa3027100,Tino Bethancourt,SDSU,,,,,False
2025,sa3035045,Titan Kamaka,MER,,,,,False
2021,sa3031471,Tito Flores,MICH,,,,,False
2022,sa3031471,Tito Flores,MICH,,,,,False
2023,sa3031471,Tito Flores,MICH,,,,,False
2024,sa3031471,Tito Flores,ND,,,,,False
2024,sa3025225,Titus Dumitru,NMSU,16.0,491.0,Atlanta Braves,new mexico state university,True
2025,sa3025818,TJ Aiken,ODU,,,,,False
2025,sa3058498,TJ Anderson,CIT,,,,,False
2022,sa3026260,TJ Ash,NCAT,,,,,False
2023,sa3026260,TJ Ash,NCAT,,,,,False
2024,sa3026260,TJ Ash,NCAT,,,,,False
2022,sa3028998,TJ Clarkson,UTAH,,,,,False
2023,sa3028998,TJ Clarkson,UTAH,,,,,False
2024,sa3028998,TJ Clarkson,UTAH,,,,,False
2021,sa3037000,TJ Manteufel,BRAD,,,,,False
2024,sa3040060,TJ Pompey,TTU,,,,,False
2025,sa3041061,TJ Rogers,SF,,,,,False
2023,sa3041455,TJ Salvaggio,SELA,,,,,False
2024,sa3041455,TJ Salvaggio,SELA,,,,,False
2025,sa3041455,TJ Salvaggio,SELA,,,,,False
2025,sa3041716,TJ Schmalzle,FAIR,,,,,False
2024,sa3043473,TJ Takats,BGSU,,,,,False
2025,sa3043473,TJ Takats,BGSU,,,,,False
2021,sa3045018,TJ Werner,FDU,,,,,False
2022,sa3045018,TJ Werner,FDU,,,,,False
2023,sa3045018,TJ Werner,FDU,,,,,False
2024,sa3045018,TJ Werner,FDU,,,,,False
2023,sa3045355,TJ Williams,ND,,,,,False
2024,sa3045355,TJ Williams,ND,,,,,False
2022,sa3037559,Tobey McDonough,BRWN,,,,,False
2024,sa3038474,Tobias Motley,RICE,,,,,False
2025,sa3034236,Toby Hueber,GMU,,,,,False
2025,sa3058881,Todd Clay,UAB,,,,,False
2024,sa3034232,Todd Hudson,LIB,,,,,False
2023,sa3038499,Todd Mozoki,JMU,,,,,False
2024,sa3038499,Todd Mozoki,JMU,,,,,False
2025,sa3038499,Todd Mozoki,JMU,,,,,False
2023,sa3027149,Tom Biggs,SFA,,,,,False
2024,sa3027149,Tom Biggs,SFA,,,,,False
2022,sa3027964,Tom Buckman,SPU,,,,,False
2022,sa3028860,Tom Chmielewski,PRIN,,,,,False
2023,sa3028860,Tom Chmielewski,PRIN,,,,,False
2021,sa3034954,Tom Josten,UCF,,,,,False
2022,sa3034954,Tom Josten,UCF,,,,,False
2023,sa3034954,Tom Josten,UCF,,,,,False
2022,sa3036324,Tom Lichty,KU,,,,,False
2023,sa3037377,Tom Mayer,W&M,,,,,False
2022,sa3039652,Tom Peltier,CAN,,,,,False
2023,sa3039652,Tom Peltier,CAN,,,,,False
2024,sa3039652,Tom Peltier,CAN,,,,,False
2023,sa3040075,Tom Poole,DBU,,,,,False
2024,sa3040075,Tom Poole,DBU,,,,,False
2025,sa3040075,Tom Poole,DBU,,,,,False
2021,sa3041311,Tom Ruscitti,FDU,,,,,False
2022,sa3041311,Tom Ruscitti,FDU,,,,,False
2023,sa3041311,Tom Ruscitti,FDU,,,,,False
2021,sa3042406,Tom Skoro,MINN,,,,,False
2021,sa3023485,Tomas Frick,UNC,,,,,False
2022,sa3023485,Tomas Frick,UNC,,,,,False
2023,sa3023485,Tomas Frick,UNC,15.0,462.0,New York Yankees,university of north carolina,True
2025,sa3060815,Tomas Valincius,UVA,,,,,False
2022,sa3026668,Tommy Barth,ETSU,,,,,False
2023,sa3026668,Tommy Barth,ETSU,,,,,False
2024,sa3026668,Tommy Barth,ETSU,,,,,False
2025,sa3026668,Tommy Barth,KU,,,,,False
2021,sa3026916,Tommy Bell,ODU,,,,,False
2022,sa3026916,Tommy Bell,ODU,,,,,False
2022,sa3026993,Tommy Benson,MILW,,,,,False
2023,sa3026993,Tommy Benson,MILW,,,,,False
2023,sa3027295,Tommy Boba,CIN,,,,,False
2024,sa3027295,Tommy Boba,CIN,,,,,False
2025,sa3027588,Tommy Brandenburg,WASH,,,,,False
2021,sa3029472,Tommy Courtney,PENN,,,,,False
2022,sa3029472,Tommy Courtney,PENN,,,,,False
2021,sa3029562,Tommy Crider,BEL,,,,,False
2022,sa3029562,Tommy Crider,BEL,,,,,False
2021,sa3029642,Tommy Cruz,ACU,,,,,False
2021,sa3030088,Tommy Delgado,LMU,,,,,False
2021,sa3030377,Tommy DiTullio,BRY,,,,,False
2022,sa3030377,Tommy DiTullio,BRY,,,,,False
2023,sa3030743,Tommy Easley,AAMU,,,,,False
2025,sa3030832,Tommy Egan,UIC,,,,,False
2023,sa3030857,Tommy Eisenstat,GONZ,,,,,False
2024,sa3030857,Tommy Eisenstat,GONZ,,,,,False
2025,sa3030857,Tommy Eisenstat,GONZ,,,,,False
2025,sa3031162,Tommy Farmer IV,TEX,,,,,False
2021,sa3031958,Tommy Gardiner,MD,,,,,False
2021,sa3032152,Tommy Gertner,ODU,,,,,False
2022,sa3032152,Tommy Gertner,ODU,,,,,False
2021,sa3032253,Tommy Gillman,AFA,,,,,False
2021,sa3032462,Tommy Goodridge,NAVY,,,,,False
2025,sa3032471,Tommy Googins,PRIN,,,,,False
2022,sa3023055,Tommy Hawke,WAKE,,,,,False
2023,sa3023055,Tommy Hawke,WAKE,6.0,188.0,Cleveland Guardians,wake forest university,True
2023,sa3025593,Tommy Hopfe,FRES,,,,,False
2024,sa3025593,Tommy Hopfe,FRES,,,,,False
2025,sa3035285,Tommy Kent,MONM,,,,,False
2025,sa3062864,Tommy Koch,UTM,,,,,False
2025,sa3035976,Tommy LaPour,TCU,,,,,False
2024,sa3035976,Tommy LaPour,WICH,,,,,False
2021,sa3018140,Tommy Mace,FLA,2.0,69.0,Cleveland Indians,university of florida,True
2025,sa3059916,Tommy Markey,FOR,,,,,False
2023,sa3037211,Tommy Martin,YALE,,,,,False
2025,sa3037211,Tommy Martin,YALE,,,,,False
2023,sa3037418,Tommy McAndrews,FOR,,,,,False
2024,sa3037418,Tommy McAndrews,FOR,,,,,False
2025,sa3037418,Tommy McAndrews,FOR,,,,,False
2022,sa3025642,Tommy Molsky,PSU,,,,,False
2023,sa3025642,Tommy Molsky,PSU,,,,,False
2024,sa3039038,Tommy OConnor,CIN,,,,,False
2025,sa3039038,Tommy OConnor,CIN,,,,,False
2021,sa3040580,Tommy Reifler,BING,,,,,False
2023,sa3040580,Tommy Reifler,BING,,,,,False
2024,sa3040580,Tommy Reifler,BING,,,,,False
2025,sa3060437,Tommy Rover,YSU,,,,,False
2021,sa3020125,Tommy Sacco Jr.,TCU,,,,,False
2022,sa3020125,Tommy Sacco Jr.,TCU,14.0,433.0,Houston Astros,texas christian university,True
2025,sa3041649,Tommy Scavone,PEPP,,,,,False
2022,sa3041941,Tommy Seidl,ALA,,,,,False
2023,sa3041941,Tommy Seidl,ALA,,,,,False
2023,sa3042699,Tommy Snyder,BING,,,,,False
2021,sa3016906,Tommy Sommer,IU,10.0,305.0,Chicago White Sox,indiana university bloomington,True
2022,sa3042859,Tommy Splaine,ARIZ,,,,,False
2024,sa3042859,Tommy Splaine,ARIZ,,,,,False
2025,sa3042859,Tommy Splaine,ARIZ,,,,,False
2022,sa3043014,Tommy Steier,CREI,,,,,False
2023,sa3043014,Tommy Steier,CREI,,,,,False
2021,sa3043456,Tommy Tabak,NMSU,,,,,False
2022,sa3043456,Tommy Tabak,NMSU,,,,,False
2024,sa3043538,Tommy Tavarez,GWEB,,,,,False
2025,sa3044002,Tommy Townsend,BUT,,,,,False
2021,sa3022561,Tommy Troy,STAN,,,,,False
2022,sa3022561,Tommy Troy,STAN,,,,,False
2023,sa3022561,Tommy Troy,STAN,1.0,12.0,Arizona Diamondbacks,stanford university,True
2023,sa3044273,Tommy Vail,AUB,,,,,False
2021,sa3044457,Tommy Verga,FDU,,,,,False
2022,sa3044457,Tommy Verga,FDU,,,,,False
2023,sa3025383,Tommy White,LSU,,,,,False
2024,sa3025383,Tommy White,LSU,2.0,40.0,Oakland Athletics,louisiana state university,True
2022,sa3025383,Tommy White,NCSU,,,,,False
2022,sa3045441,Tommy Windt,SEMO,,,,,False
2022,sa3045564,Tommy Woods,NORF,,,,,False
2021,sa3027316,Tony Boetto,SCU,,,,,False
2022,sa3028002,Tony Bullard,ARIZ,,,,,False
2023,sa3028002,Tony Bullard,ARIZ,,,,,False
2023,sa3028633,Tony Castonguay,UNCA,,,,,False
2025,sa3028633,Tony Castonguay,UNCO,,,,,False
2021,sa3034101,Tony Horn Jr.,UAPB,,,,,False
2022,sa3035737,Tony Krueger,UMBC,,,,,False
2023,sa3035737,Tony Krueger,UMBC,,,,,False
2022,sa3036408,Tony Livermore,NU,,,,,False
2023,sa3036408,Tony Livermore,NU,,,,,False
2024,sa3036408,Tony Livermore,NU,,,,,False
2021,sa3036806,Tony Mack,NCAT,,,,,False
2022,sa3038787,Tony Neubeck,MIZ,,,,,False
2023,sa3039270,Tony Otis,PAC,,,,,False
2024,sa3039270,Tony Otis,PAC,,,,,False
2022,sa3040895,Tony Robie,TXST,,,,,False
2023,sa3040895,Tony Robie,TXST,,,,,False
2024,sa3040895,Tony Robie,TXST,,,,,False
2021,sa3040931,Tony Roca,UNF,,,,,False
2022,sa3040931,Tony Roca,UNF,,,,,False
2023,sa3040931,Tony Roca,UNF,,,,,False
2024,sa3040931,Tony Roca,UNF,,,,,False
2021,sa3041543,Tony Santa Maria,IONA,,,,,False
2022,sa3041543,Tony Santa Maria,RUTG,,,,,False
2024,sa3041543,Tony Santa Maria,RUTG,19.0,576.0,Tampa Bay Rays,rutgers university,True
2021,sa3039274,Tora Otsuka,USD,,,,,False
2021,sa3019823,Torin Montgomery,MIZ,,,,,False
2022,sa3019823,Torin Montgomery,MIZ,14.0,412.0,Miami Marlins,university of missouri,True
2021,sa3035418,Towns King,SAM,,,,,False
2022,sa3035418,Towns King,SAM,,,,,False
2025,sa3026451,Trace Baker,UNCW,,,,,False
2021,sa3020558,Trace Bright,AUB,,,,,False
2022,sa3020558,Trace Bright,AUB,5.0,137.0,Baltimore Orioles,auburn university,True
2024,sa3031474,Trace Florio,LAF,,,,,False
2025,sa3031474,Trace Florio,LAF,,,,,False
2021,sa3033390,Trace Hatfield,TOL,,,,,False
2021,sa3033635,Trace Henry,ULM,,,,,False
2022,sa3033635,Trace Henry,ULM,,,,,False
2025,sa3038423,Trace Morrison,TAR,,,,,False
2024,sa3039876,Trace Phillips,MTSU,,,,,False
2022,sa3043497,Trace Tammaro,PORT,,,,,False
2022,sa3045242,Trace Willhoite,LIP,,,,,False
2023,sa3045242,Trace Willhoite,LIP,,,,,False
2024,sa3045242,Trace Willhoite,LIP,,,,,False
2023,sa3036555,Tracer Lopez,TTU,,,,,False
2024,sa3036555,Tracer Lopez,TTU,,,,,False
2025,sa3036555,Tracer Lopez,TTU,,,,,False
2025,sa3028599,Trae Cassidy,OHIO,,,,,False
2021,30180,Travis Adams,SAC,6.0,189.0,Minnesota Twins,"california state university, sacramento",True
2022,sa3025129,Travis Bazzana,ORST,,,,,False
2023,sa3025129,Travis Bazzana,ORST,,,,,False
2024,sa3025129,Travis Bazzana,ORST,1.0,1.0,Cleveland Guardians,oregon state university,True
2021,sa3027326,Travis Bohall,UCR,,,,,False
2021,sa3030163,Travis Densmore,OAK,,,,,False
2022,sa3030163,Travis Densmore,OAK,,,,,False
2023,sa3030163,Travis Densmore,OAK,,,,,False
2023,sa3030889,Travis Elliott,CIT,,,,,False
2024,sa3030889,Travis Elliott,CIT,,,,,False
2025,sa3030889,Travis Elliott,CIT,,,,,False
2022,sa3032329,Travis Gober,UNO,,,,,False
2022,sa3034030,Travis Holt,BUT,,,,,False
2021,sa3034030,Travis Holt,HPU,,,,,False
2022,sa3023679,Travis Honeyman,BC,,,,,False
2023,sa3023679,Travis Honeyman,BC,3.0,90.0,St. Louis Cardinals,boston college,True
2021,sa3036579,Travis Lott,CIT,,,,,False
2022,sa3036579,Travis Lott,CIT,,,,,False
2023,sa3036579,Travis Lott,CIT,,,,,False
2024,sa3036579,Travis Lott,CIT,,,,,False
2022,sa3036664,Travis Luensmann,PSU,,,,,False
2023,sa3036664,Travis Luensmann,PSU,,,,,False
2024,sa3036664,Travis Luensmann,PSU,,,,,False
2023,sa3036719,Travis Lutz,BRAD,,,,,False
2024,sa3036719,Travis Lutz,BRAD,,,,,False
2025,sa3036719,Travis Lutz,BRAD,,,,,False
2022,sa3039756,Travis Perry,YSU,,,,,False
2023,sa3039756,Travis Perry,YSU,,,,,False
2021,sa3040582,Travis Reifsnider,JMU,,,,,False
2022,sa3040582,Travis Reifsnider,JMU,,,,,False
2025,sa3041511,Travis Sanders,BAY,,,,,False
2021,sa3041529,Travis Sankovich,MRSH,,,,,False
2022,sa3041529,Travis Sankovich,MRSH,,,,,False
2023,sa3041529,Travis Sankovich,USF,,,,,False
2023,sa3022941,Travis Sthele,TEX,12.0,345.0,Washington Nationals,university of texas at austin,True
2025,sa3060684,Travis Stroh,FDU,,,,,False
2021,sa3044822,Travis Washburn,ULM,,,,,False
2022,sa3044982,Travis Welker,FRES,,,,,False
2023,sa3044982,Travis Welker,FRES,,,,,False
2021,sa3045054,Travis Weston,CP,,,,,False
2022,sa3045054,Travis Weston,CP,,,,,False
2022,sa3043495,Trayden Tamiya,AFA,,,,,False
2023,sa3043495,Trayden Tamiya,AFA,,,,,False
2025,sa3058738,Tre Broussard,HOU,,,,,False
2021,sa3027880,Tre Brown,SDSU,,,,,False
2024,sa3034049,Tre Hondras,MRSH,,,,,False
2022,sa3034914,Tre Jones,AMCC,,,,,False
2023,sa3034914,Tre Jones,AMCC,,,,,False
2024,sa3034914,Tre Jones,HOU,,,,,False
2025,sa3035148,Tre Keels,LONG,,,,,False
2021,sa3035448,Tre Kirklin,JVST,,,,,False
2025,sa3037044,Tre Mariano,TOL,,,,,False
2021,sa3038997,Tre Obregon,MCN,,,,,False
2023,sa3038996,Tre Obregon III,MCN,,,,,False
2025,sa3039858,Tre Phelps,UGA,,,,,False
2021,sa3022428,Tre Richardson,BAY,,,,,False
2022,sa3022428,Tre Richardson,BAY,,,,,False
2023,sa3022428,Tre Richardson,TCU,15.0,455.0,St. Louis Cardinals,texas christian university,True
2022,sa3044173,Tre Turner,PV,,,,,False
2023,sa3045358,Tre Williams,NCAT,,,,,False
2024,sa3045358,Tre Williams,NCAT,,,,,False
2021,sa3022919,Tre' Morgan,LSU,,,,,False
2022,sa3022919,Tre' Morgan,LSU,,,,,False
2023,sa3022919,Tre' Morgan,LSU,3.0,88.0,Tampa Bay Rays,louisiana state university,True
2021,sa3042810,Tremaine Spears,SOU,,,,,False
2022,sa3042810,Tremaine Spears,SOU,,,,,False
2021,sa3029077,Tremayne Cobb Jr,HART,,,,,False
2022,sa3029077,Tremayne Cobb Jr,HART,,,,,False
2023,sa3029077,Tremayne Cobb Jr,TROY,,,,,False
2024,sa3029077,Tremayne Cobb Jr,TROY,,,,,False
2023,sa3039436,Trendan Parish,TTU,,,,,False
2022,sa3023531,Trennor O'Donnell,BALL,,,,,False
2023,sa3023531,Trennor O'Donnell,BALL,8.0,238.0,Boston Red Sox,ball state university,True
2025,sa3025699,Trent Abel,CSUN,,,,,False
2025,sa3025777,Trent Adelman,VCU,,,,,False
2023,sa3026452,Trent Baker,HCU,,,,,False
2025,sa3028407,Trent Caraway,ORST,,,,,False
2021,sa3031166,Trent Farquhar,MSU,,,,,False
2022,sa3031166,Trent Farquhar,MSU,,,,,False
2023,sa3031166,Trent Farquhar,MSU,,,,,False
2022,sa3032694,Trent Gregson,CARK,,,,,False
2023,sa3032694,Trent Gregson,CARK,,,,,False
2025,sa3033838,Trent Hillen,NWST,,,,,False
2021,sa3034819,Trent Johnson,PUR,,,,,False
2021,sa3034817,Trent Johnson,TULN,,,,,False
2024,sa3036371,Trent Liolios,NU,,,,,False
2025,sa3036371,Trent Liolios,NU,,,,,False
2024,sa3040692,Trent Rice,OAK,,,,,False
2025,sa3040692,Trent Rice,OAK,,,,,False
2024,sa3041298,Trent Rumley,CAN,,,,,False
2025,sa3041298,Trent Rumley,CAN,,,,,False
2021,sa3041934,Trent Seibert,MTSU,,,,,False
2022,sa3041934,Trent Seibert,MTSU,,,,,False
2023,sa3041966,Trent Sellers,ORST,,,,,False
2024,sa3044175,Trent Turner,WCU,,,,,False
2025,sa3044175,Trent Turner,WCU,,,,,False
2021,sa3044184,Trent Turzenski,VAL,,,,,False
2021,sa3026737,Trenton Bauer,WIU,,,,,False
2024,sa3028071,Trenton Burkhalter,OMA,,,,,False
2021,sa3018139,Trenton Denholm,UCI,14.0,426.0,Cleveland Indians,"university of california, irvine",True
2022,sa3031254,Trenton Ferguson,UAPB,,,,,False
2021,sa3034566,Trenton Jamison,ALST,,,,,False
2022,sa3034566,Trenton Jamison,ALST,,,,,False
2023,sa3034566,Trenton Jamison,ALST,,,,,False
2025,sa3038788,Trenton Neuer,OHIO,,,,,False
2024,sa3039367,Trenton Pallas,EIU,,,,,False
2021,sa3040316,Trenton Quartermaine,BALL,,,,,False
2022,sa3040316,Trenton Quartermaine,BALL,,,,,False
2021,sa3043178,Trenton Stoner,PFW,,,,,False
2021,sa3017748,Trenton Wallace,IOWA,11.0,332.0,Toronto Blue Jays,university of iowa,True
2021,sa3020121,Tres Gonzalez,GT,,,,,False
2022,sa3020121,Tres Gonzalez,GT,5.0,140.0,Pittsburgh Pirates,georgia institute of technology,True
2021,sa3035352,Trever Kilcrease,NICH,,,,,False
2021,sa3020400,Trevin Michael,LAM,,,,,False
2022,sa3020400,Trevin Michael,OU,10.0,297.0,Detroit Tigers,university of oklahoma,True
2022,sa3029763,Trevon Dabney,JMU,,,,,False
2023,sa3029763,Trevon Dabney,JMU,,,,,False
2023,sa3026121,Trevor Antonson,SEA,,,,,False
2024,sa3026121,Trevor Antonson,SEA,,,,,False
2022,sa3026317,Trevor Austin,MIZ,,,,,False
2023,sa3026317,Trevor Austin,MIZ,,,,,False
2024,sa3026317,Trevor Austin,MIZ,,,,,False
2021,sa3027045,Trevor Berkemeyer,AAMU,,,,,False
2022,sa3027045,Trevor Berkemeyer,AAMU,,,,,False
2025,sa3028285,Trevor Callahan,MORE,,,,,False
2021,sa3028356,Trevor Candelaria,DAV,,,,,False
2022,sa3028356,Trevor Candelaria,DAV,,,,,False
2023,sa3028356,Trevor Candelaria,NCSU,,,,,False
2023,sa3029111,Trevor Cohen,RUTG,,,,,False
2024,sa3029111,Trevor Cohen,RUTG,,,,,False
2025,sa3029111,Trevor Cohen,RUTG,3.0,85.0,San Francisco Giants,rutgers university,True
2025,sa3029248,Trevor Conley,APSU,,,,,False
2021,sa3030051,Trevor Delaite,LIB,,,,,False
2021,sa3030547,Trevor Doyle,SAC,,,,,False
2022,sa3030547,Trevor Doyle,SAC,,,,,False
2021,sa3030991,Trevor Ernt,SJSU,,,,,False
2022,sa3031952,Trevor Garcia,FRES,,,,,False
2023,sa3031952,Trevor Garcia,FRES,,,,,False
2021,sa3032945,Trevor Hafner,OHIO,,,,,False
2022,sa3033056,Trevor Halsema,USC,,,,,False
2023,sa3033170,Trevor Hansen,MAN,,,,,False
2024,sa3033170,Trevor Hansen,MAN,,,,,False
2025,sa3033170,Trevor Hansen,MAN,,,,,False
2024,sa3033171,Trevor Hansen,UCI,,,,,False
2025,sa3033171,Trevor Hansen,UCI,,,,,False
2021,sa3033307,Trevor Harris,SLU,,,,,False
2022,sa3033307,Trevor Harris,SLU,,,,,False
2024,sa3033370,Trevor Haskins,STAN,,,,,False
2025,sa3033370,Trevor Haskins,STAN,15.0,450.0,St. Louis Cardinals,stanford university,True
2022,sa3033394,Trevor Hatton,GRAM,,,,,False
2023,sa3033394,Trevor Hatton,GRAM,,,,,False
2024,sa3033394,Trevor Hatton,GRAM,,,,,False
2023,sa3033861,Trevor Hinkel,CSUF,,,,,False
2021,sa3033861,Trevor Hinkel,PEPP,,,,,False
2022,sa3033861,Trevor Hinkel,PEPP,,,,,False
2021,sa3035444,Trevor Kirk,ELON,,,,,False
2024,sa3035615,Trevor Kole,FGCU,,,,,False
2025,sa3035615,Trevor Kole,WASH,,,,,False
2021,sa3035781,Trevor Kuncl,GW,,,,,False
2022,sa3035781,Trevor Kuncl,GW,,,,,False
2022,sa3035816,Trevor LaBonte,ME,,,,,False
2025,sa3035904,Trevor Landen,UNCO,,,,,False
2024,sa3036221,Trevor Leon,WIU,,,,,False
2025,sa3059864,Trevor Lucas,UNCW,,,,,False
2023,sa3037120,Trevor Marsh,UNCW,,,,,False
2024,sa3037120,Trevor Marsh,UNCW,,,,,False
2023,sa3037345,Trevor Mattson,GWEB,,,,,False
2021,sa3038124,Trevor Minder,TULN,,,,,False
2022,sa3038124,Trevor Minder,TULN,,,,,False
2024,sa3038314,Trevor Moore,STAN,,,,,False
2021,sa3038849,Trevor Nicholson,EIU,,,,,False
2022,sa3038849,Trevor Nicholson,EIU,,,,,False
2021,sa3039143,Trevor Olson,XAV,,,,,False
2022,sa3039143,Trevor Olson,XAV,,,,,False
2024,sa3041132,Trevor Roper,HCU,,,,,False
2025,sa3041132,Trevor Roper,HCU,,,,,False
2021,sa3041558,Trevor Santos,MAN,,,,,False
2022,sa3041558,Trevor Santos,MAN,,,,,False
2023,sa3041558,Trevor Santos,MAN,,,,,False
2023,sa3022592,Trevor Werner,TA&M,7.0,199.0,Kansas City Royals,texas aandm university,True
2024,sa3026802,Trey Beard,FAU,,,,,False
2025,sa3026802,Trey Beard,FAU,,,,,False
2025,sa3027685,Trey Bridges,GRAM,,,,,False
2023,sa3027882,Trey Brown,UML,,,,,False
2024,sa3027882,Trey Brown,UML,,,,,False
2023,sa3028538,Trey Carter,LIB,,,,,False
2025,sa3028689,Trey Cehajic,TULN,,,,,False
2024,sa3028899,Trey Christman,W&M,,,,,False
2023,sa3028960,Trey Ciulla-Hall,STO,,,,,False
2024,sa3028960,Trey Ciulla-Hall,STO,,,,,False
2025,sa3029644,Trey Cruz,AMCC,,,,,False
2023,sa3029643,Trey Cruz,UNCO,,,,,False
2024,sa3029741,Trey Cutchen,SIU,,,,,False
2022,sa3029741,Trey Cutchen,UVU,,,,,False
2023,sa3029741,Trey Cutchen,UVU,,,,,False
2021,sa3020833,Trey Dombroski,MONM,,,,,False
2022,sa3020833,Trey Dombroski,MONM,4.0,133.0,Houston Astros,monmouth university,True
2021,sa3020118,Trey Faltine,TEX,,,,,False
2022,sa3020118,Trey Faltine,TEX,7.0,213.0,Cincinnati Reds,university of texas at austin,True
2023,sa3031237,Trey Fenderson,PRES,,,,,False
2025,sa3031237,Trey Fenderson,PRES,,,,,False
2022,sa3031565,Trey Fortner,JVST,,,,,False
2023,sa3031565,Trey Fortner,JVST,,,,,False
2025,sa3059265,Trey Gambill,OU,,,,,False
2021,sa3032192,Trey Gibson,LIB,,,,,False
2022,sa3032192,Trey Gibson,LIB,,,,,False
2025,sa3059440,Trey Hawsey,LT,,,,,False
2025,sa3059493,Trey Higgins,SAM,,,,,False
2021,sa3034113,Trey Horton,GAST,,,,,False
2022,sa3034113,Trey Horton,GAST,,,,,False
2024,sa3035847,Trey LaFleur,UL,,,,,False
2023,sa3036062,Trey Law,YSU,,,,,False
2024,sa3036062,Trey Law,YSU,,,,,False
2021,sa3036234,Trey Leonard,LOU,,,,,False
2022,sa3036234,Trey Leonard,TROY,,,,,False
2021,sa3036356,Trey Lindsay,ULM,,,,,False
2022,31567,Trey Lipscomb,TENN,3.0,84.0,Washington Nationals,university of tennessee,True
2022,sa3036378,Trey Lipsey,OSU,,,,,False
2023,sa3036378,Trey Lipsey,OSU,,,,,False
2024,sa3036378,Trey Lipsey,OSU,,,,,False
2025,sa3036378,Trey Lipsey,OSU,,,,,False
2022,sa3037538,Trey McDaniel,SIU,,,,,False
2021,sa3037564,Trey McDyre,LIB,,,,,False
2022,sa3038092,Trey Miller,UPST,,,,,False
2021,sa3038370,Trey Morgan,VMI,,,,,False
2022,sa3038370,Trey Morgan,VMI,,,,,False
2023,sa3038370,Trey Morgan,VMI,,,,,False
2024,sa3038370,Trey Morgan,VMI,,,,,False
2024,sa3038817,Trey Newman,CAL,,,,,False
2021,sa3022440,Trey Paige,DSU,,,,,False
2022,sa3022440,Trey Paige,DSU,,,,,False
2023,sa3022440,Trey Paige,DSU,17.0,515.0,St. Louis Cardinals,delaware state university,True
2021,sa3040077,Trey Pooser,COFC,,,,,False
2022,sa3040077,Trey Pooser,COFC,,,,,False
2023,sa3040077,Trey Pooser,COFC,,,,,False
2024,sa3040077,Trey Pooser,UK,10.0,306.0,Tampa Bay Rays,university of kentucky,True
2025,sa3060298,Trey Power,ALST,,,,,False
2025,sa3060456,Trey Rutledge,AAMU,,,,,False
2025,sa3060646,Trey Spees,WCU,,,,,False
2022,sa3042871,Trey Spratling-Williams,UNF,,,,,False
2021,29575,Trey Sweeney,EIU,1.0,20.0,New York Yankees,eastern illinois university,True
2024,sa3044092,Trey Truitt,UNCG,,,,,False
2021,sa3044131,Trey Tujetsch,APP,,,,,False
2022,sa3044131,Trey Tujetsch,APP,,,,,False
2021,sa3045578,Trey Woosley,MUR,,,,,False
2022,sa3045631,Trey Wright,TOL,,,,,False
2024,sa3045631,Trey Wright,TOL,,,,,False
2023,sa3045705,Trey Yesavage,ECU,,,,,False
2024,sa3045705,Trey Yesavage,ECU,1.0,20.0,Toronto Blue Jays,east carolina university,True
2024,sa3045770,Trey Yunger,GT,,,,,False
2021,sa3045770,Trey Yunger,WOF,,,,,False
2022,sa3045770,Trey Yunger,WOF,,,,,False
2023,sa3045770,Trey Yunger,WOF,,,,,False
2021,sa3045853,Trey Ziegenbein,MOST,,,,,False
2022,sa3045853,Trey Ziegenbein,MOST,,,,,False
2023,sa3045853,Trey Ziegenbein,MOST,,,,,False
2023,sa3037959,Treyjen Meza,NMSU,,,,,False
2024,sa3037959,Treyjen Meza,NMSU,,,,,False
2024,sa3034273,Treyson Hughes,MISS,,,,,False
2023,sa3040454,Treyton Rank,FSU,,,,,False
2024,sa3040454,Treyton Rank,RICE,,,,,False
2025,sa3040454,Treyton Rank,RICE,,,,,False
2021,sa3038468,Treyvin Moss,NKU,,,,,False
2022,sa3038468,Treyvin Moss,NKU,,,,,False
2023,sa3038468,Treyvin Moss,NKU,,,,,False
2024,sa3038468,Treyvin Moss,NKU,,,,,False
2022,sa3027637,Tripp Breen,SBU,,,,,False
2023,sa3027637,Tripp Breen,SBU,,,,,False
2025,sa3032007,Tripp Garrish,AFA,,,,,False
2021,sa3035381,Tripp Kimmell,DSU,,,,,False
2024,sa3037676,Tripp McKinlay,UNF,,,,,False
2025,sa3060220,Tripp Patterson,UNA,,,,,False
2024,sa3027182,Tristan Bissetta,CLEM,,,,,False
2024,sa3028920,Tristan Ciampa,SBU,,,,,False
2024,sa3029708,Tristan Curless,AAMU,,,,,False
2025,sa3029708,Tristan Curless,ETSU,,,,,False
2023,sa3033402,Tristan Haught,WRST,,,,,False
2024,sa3033569,Tristan Helmick,LAF,,,,,False
2025,sa3033569,Tristan Helmick,LAF,,,,,False
2022,sa3037414,Tristan McAlister,MSM,,,,,False
2023,sa3037414,Tristan McAlister,MSM,,,,,False
2025,sa3037617,Tristan McGregor,PRES,,,,,False
2023,sa3038315,Tristan Moore,UNO,,,,,False
2025,sa3038315,Tristan Moore,UNO,,,,,False
2023,sa3038769,Tristan Nemjo,HOF,,,,,False
2025,sa3038769,Tristan Nemjo,HOF,,,,,False
2021,30063,Tristan Peters,SIU,7.0,207.0,Milwaukee Brewers,southern illinois university carbondale,True
2021,sa3039802,Tristan Peterson,WSU,,,,,False
2021,sa3042100,Tristan Shea,NCCU,,,,,False
2024,sa3042648,Tristan Smith,CLEM,5.0,150.0,Cleveland Guardians,clemson university,True
2021,sa3043086,Tristan Stevens,TEX,,,,,False
2022,sa3043086,Tristan Stevens,TEX,,,,,False
2022,sa3020325,Tristan Stivors,TXST,16.0,491.0,Chicago White Sox,texas state university,True
2023,sa3044766,Tristan Walton,UTM,,,,,False
2024,sa3044766,Tristan Walton,UTM,,,,,False
2022,sa3044899,Tristan Weaver,CIN,,,,,False
2021,sa3044899,Tristan Weaver,INST,,,,,False
2021,sa3044981,Tristan Welch,AMCC,,,,,False
2022,sa3044981,Tristan Welch,SELA,,,,,False
2021,sa3028339,Tristen Campbell,WCU,,,,,False
2021,sa3041023,Tristen Roehrich,NDSU,,,,,False
2022,sa3041023,Tristen Roehrich,NDSU,,,,,False
2023,sa3041023,Tristen Roehrich,NDSU,,,,,False
2021,sa3031953,Tristin Garcia,ALCN,,,,,False
2022,sa3031953,Tristin Garcia,WKU,,,,,False
2023,sa3031953,Tristin Garcia,WKU,,,,,False
2021,sa3036407,Tristin Lively,UNM,,,,,False
2023,sa3036407,Tristin Lively,UNM,,,,,False
2022,sa3030391,Triston Dixon,TXST,,,,,False
2023,sa3030391,Triston Dixon,TXST,,,,,False
2023,sa3032621,Triston Gray,FRES,,,,,False
2021,sa3033228,Trotter Harlan,COFC,,,,,False
2022,sa3033228,Trotter Harlan,COFC,,,,,False
2023,sa3033228,Trotter Harlan,COFC,,,,,False
2024,sa3033228,Trotter Harlan,COFC,,,,,False
2023,sa3026758,Troy Baunsgard,TNTC,,,,,False
2024,sa3026758,Troy Baunsgard,TNTC,,,,,False
2021,sa3026886,Troy Beilsmith,EVAN,,,,,False
2021,sa3029002,Troy Claunch,ORST,,,,,False
2022,sa3029002,Troy Claunch,TA&M,,,,,False
2022,sa3033089,Troy Hamilton,UPST,,,,,False
2023,sa3033089,Troy Hamilton,UPST,,,,,False
2024,sa3033089,Troy Hamilton,UPST,,,,,False
2024,sa3035926,Troy LaNeve,VAN,,,,,False
2021,31807,Troy Melton,SDSU,,,,,False
2022,31807,Troy Melton,SDSU,4.0,117.0,Detroit Tigers,san diego state university,True
2025,sa3041512,Troy Sanders,GCU,,,,,False
2022,sa3019921,Troy Schreffler Jr.,MD,15.0,452.0,Philadelphia Phillies,university of maryland,True
2023,sa3043296,Troy Sudbrook,TOL,,,,,False
2025,sa3043296,Troy Sudbrook,TOL,,,,,False
2022,sa3044527,Troy Viola,PUR,,,,,False
2022,sa3044773,Troy Wansing,PUR,,,,,False
2023,sa3044773,Troy Wansing,TA&M,,,,,False
2024,sa3031532,TRUE Fontenot,FAMU,,,,,False
2024,sa3039559,Truman Pauley,HARV,,,,,False
2025,sa3039559,Truman Pauley,HARV,12.0,373.0,New York Mets,harvard university,True
2021,sa3036275,Trystan Levesque,URI,,,,,False
2022,sa3036275,Trystan Levesque,URI,,,,,False
2023,sa3036275,Trystan Levesque,URI,,,,,False
2025,sa3036275,Trystan Levesque,URI,,,,,False
2022,sa3041566,Trystan Sarcone,DART,,,,,False
2023,sa3041566,Trystan Sarcone,DART,,,,,False
2021,sa3020681,Trystan Vrieling,GONZ,,,,,False
2022,sa3020681,Trystan Vrieling,GONZ,3.0,100.0,New York Yankees,gonzaga university,True
2025,sa3025856,Tucker Alch,RICE,,,,,False
2021,sa3034984,Tucker Juline,UCR,,,,,False
2022,sa3034984,Tucker Juline,UCR,,,,,False
2023,sa3034984,Tucker Juline,UCR,,,,,False
2025,sa3038316,Tucker Moore,LIB,,,,,False
2023,sa3038957,Tucker Novotny,MINN,,,,,False
2024,sa3038957,Tucker Novotny,MINN,18.0,526.0,Oakland Athletics,university of minnesota,True
2021,sa3040490,Tucker Rayburn,FAMU,,,,,False
2022,sa3040537,Tucker Reed,UTM,,,,,False
2024,sa3040537,Tucker Reed,UTM,,,,,False
2021,sa3041066,Tucker Rohde,NDSU,,,,,False
2025,sa3043148,Tucker Stockman,USM,,,,,False
2021,sa3032590,Turner Grau,YSU,,,,,False
2023,sa3032590,Turner Grau,YSU,,,,,False
2023,sa3042861,Turner Spoljaric,ORE,,,,,False
2024,sa3043422,Turner Swistak,LT,,,,,False
2021,sa3025711,Ty Abraham,MCN,,,,,False
2023,sa3025711,Ty Abraham,MCN,,,,,False
2024,sa3025711,Ty Abraham,MCN,,,,,False
2022,sa3025730,Ty Acker,GW,,,,,False
2025,sa3025730,Ty Acker,GW,,,,,False
2025,sa3025932,Ty Allen,BEL,,,,,False
2022,sa3026353,Ty Babin,CAM,,,,,False
2021,sa3026606,Ty Barnes,ULM,,,,,False
2024,sa3026728,Ty Batusich,M-OH,,,,,False
2025,sa3026728,Ty Batusich,M-OH,,,,,False
2022,sa3026728,Ty Batusich,WKU,,,,,False
2023,sa3026728,Ty Batusich,WKU,,,,,False
2024,sa3027401,Ty Borgogno,LBSU,,,,,False
2022,sa3027433,Ty Bothwell,IU,,,,,False
2024,sa3027433,Ty Bothwell,IU,,,,,False
2024,sa3027539,Ty Brachbill,NIU,,,,,False
2025,sa3027539,Ty Brachbill,NIU,,,,,False
2025,sa3058734,Ty Brooks,INST,,,,,False
2025,sa3027773,Ty Brooks,USA,,,,,False
2023,sa3028122,Ty Burton,RAD,,,,,False
2022,sa3029157,Ty Coleman,TTU,,,,,False
2025,sa3029483,Ty Cowan,UIW,,,,,False
2022,sa3029572,Ty Crittenberger,WKU,,,,,False
2023,sa3029572,Ty Crittenberger,WKU,,,,,False
2021,sa3023365,Ty Cummings,CAM,,,,,False
2022,sa3023365,Ty Cummings,CAM,,,,,False
2023,sa3023365,Ty Cummings,CAM,7.0,217.0,Seattle Mariners,campbell university,True
2024,sa3029792,Ty Dalley,MER,,,,,False
2025,sa3029792,Ty Dalley,MER,,,,,False
2025,sa3059007,Ty Davis,BALL,,,,,False
2022,sa3030062,Ty DeLancey,APSU,,,,,False
2025,sa3059038,Ty DePerno,NAVY,,,,,False
2023,sa3030473,Ty Dooley,CCU,,,,,False
2024,sa3030473,Ty Dooley,CCU,,,,,False
2025,sa3030473,Ty Dooley,CCU,,,,,False
2022,sa3030473,Ty Dooley,RAD,,,,,False
2024,sa3030503,Ty Doucette,RUTG,,,,,False
2025,sa3030503,Ty Doucette,RUTG,10.0,294.0,Cincinnati Reds,rutgers university,True
2024,sa3031083,Ty Evans,FLA,,,,,False
2022,sa3031391,Ty Fisher,GASO,,,,,False
2023,sa3031391,Ty Fisher,GASO,,,,,False
2024,sa3031391,Ty Fisher,GASO,,,,,False
2021,sa3031391,Ty Fisher,TNTC,,,,,False
2022,sa3031488,Ty Floyd,LSU,,,,,False
2023,sa3031488,Ty Floyd,LSU,1.0,38.0,Cincinnati Reds,louisiana state university,True
2025,sa3031677,Ty Fredo,MSM,,,,,False
2025,sa3032225,Ty Gill,PUR,,,,,False
2021,sa3032451,Ty Good,COFC,,,,,False
2022,sa3032451,Ty Good,COFC,,,,,False
2023,sa3032451,Ty Good,COFC,,,,,False
2024,sa3032451,Ty Good,SC,,,,,False
2022,sa3033119,Ty Hanchey,FAMU,,,,,False
2023,sa3033119,Ty Hanchey,FAMU,,,,,False
2021,sa3033119,Ty Hanchey,NORF,,,,,False
2025,sa3059446,Ty Head,NCSU,,,,,False
2021,sa3033836,Ty Hill,JKST,,,,,False
2022,sa3033836,Ty Hill,JKST,,,,,False
2023,sa3033836,Ty Hill,JKST,,,,,False
2024,sa3033906,Ty Hodge,HCU,,,,,False
2025,sa3033906,Ty Hodge,UTSA,,,,,False
2021,sa3034061,Ty Hooks,WIN,,,,,False
2022,sa3034061,Ty Hooks,WIN,,,,,False
2025,sa3034098,Ty Horn,NEB,,,,,False
2023,sa3034522,Ty Jackson,FAMU,,,,,False
2024,sa3034522,Ty Jackson,FAMU,,,,,False
2022,sa3023410,Ty Johnson,BALL,,,,,False
2023,sa3023410,Ty Johnson,BALL,15.0,446.0,Chicago Cubs,ball state university,True
2024,sa3034822,Ty Johnson,BAY,,,,,False
2025,sa3034822,Ty Johnson,BAY,,,,,False
2021,sa3035123,Ty Kaufman,UNCA,,,,,False
2022,sa3035123,Ty Kaufman,UNCA,,,,,False
2023,sa3035123,Ty Kaufman,UNCA,,,,,False
2022,sa3023101,Ty Langenberg,IOWA,,,,,False
2023,sa3023101,Ty Langenberg,IOWA,11.0,327.0,Minnesota Twins,university of iowa,True
2021,30140,Ty Madden,TEX,1.0,32.0,Detroit Tigers,university of texas at austin,True
2025,sa3059897,Ty Mainolfi,DAY,,,,,False
2025,sa3059927,Ty Marthilijohni,SHSU,,,,,False
2023,sa3039101,Ty Olejnik,MILW,,,,,False
2023,sa3040668,Ty Rhoades,LR,,,,,False
2024,sa3040668,Ty Rhoades,LR,,,,,False
2025,sa3040668,Ty Rhoades,LR,,,,,False
2023,sa3041280,Ty Ruhl,KSU,,,,,False
2023,sa3041301,Ty Rumsey,EVAN,,,,,False
2024,sa3041301,Ty Rumsey,EVAN,,,,,False
2025,sa3041301,Ty Rumsey,EVAN,,,,,False
2021,sa3041380,Ty Rybarczyk,ILL,,,,,False
2023,sa3041449,Ty Sallie,NJIT,,,,,False
2024,sa3041449,Ty Sallie,NJIT,,,,,False
2025,sa3041449,Ty Sallie,NJIT,,,,,False
2022,sa3041604,Ty Saunders,PORT,,,,,False
2024,sa3041604,Ty Saunders,STBK,,,,,False
2022,sa3042985,Ty Stauss,SEMO,,,,,False
2024,sa3042985,Ty Stauss,SEMO,,,,,False
2025,sa3042985,Ty Stauss,SEMO,,,,,False
2025,sa3042996,Ty Stecko,EMU,,,,,False
2021,sa3043366,Ty Swaim,VMI,,,,,False
2022,sa3043366,Ty Swaim,VMI,,,,,False
2023,sa3043366,Ty Swaim,VMI,,,,,False
2024,sa3043366,Ty Swaim,VMI,,,,,False
2024,sa3044831,Ty Washington,MVSU,,,,,False
2023,sa3044892,Ty Weatherly,BALL,,,,,False
2022,sa3045380,Ty Wilmsmeyer,MIZ,,,,,False
2023,sa3045380,Ty Wilmsmeyer,MIZ,,,,,False
2025,sa3060997,Ty Yukumoto,GONZ,,,,,False
2024,sa3026212,Tyce Armstrong,UTA,,,,,False
2025,sa3026212,Tyce Armstrong,UTA,,,,,False
2025,sa3039806,Tyce Peterson,ORST,,,,,False
2024,sa3045546,Tye Wood,UNM,,,,,False
2025,sa3045546,Tye Wood,UNM,,,,,False
2024,sa3033434,Tyeler Hawkins,SOU,,,,,False
2022,sa3033486,Tyghe Healy,MRMK,,,,,False
2023,sa3033486,Tyghe Healy,MRMK,,,,,False
2024,sa3033486,Tyghe Healy,MRMK,,,,,False
2022,sa3040525,Tylan Reece,UNCA,,,,,False
2023,sa3040525,Tylan Reece,UNCA,,,,,False
2023,sa3025853,Tyler Albright,DUKE,,,,,False
2025,sa3025853,Tyler Albright,DUKE,,,,,False
2021,sa3026165,Tyler Arella,VILL,,,,,False
2022,sa3026165,Tyler Arella,VILL,,,,,False
2024,sa3026303,Tyler August,DEL,,,,,False
2025,sa3026422,Tyler Bak,WOF,,,,,False
2021,sa3026453,Tyler Baker,WIN,,,,,False
2024,sa3026521,Tyler Banks,BUT,,,,,False
2025,sa3058585,Tyler Bayer,KENN,,,,,False
2025,sa3058609,Tyler Bell,UK,,,,,False
2024,sa3027135,Tyler Bickers,MILW,,,,,False
2025,sa3027135,Tyler Bickers,MILW,,,,,False
2021,sa3027142,Tyler Bielamowicz,HOU,,,,,False
2024,sa3027174,Tyler Bischke,PITT,,,,,False
2022,sa3027174,Tyler Bischke,UNO,,,,,False
2023,sa3027174,Tyler Bischke,UNO,,,,,False
2024,sa3027180,Tyler Bishop,OMA,,,,,False
2025,sa3027180,Tyler Bishop,OMA,,,,,False
2021,29949,Tyler Black,WRST,1.0,33.0,Milwaukee Brewers,wright state university,True
2024,sa3027398,Tyler Borges,USA,,,,,False
2021,sa3027421,Tyler Bosetti,NEV,,,,,False
2022,sa3027421,Tyler Bosetti,NEV,,,,,False
2021,sa3027424,Tyler Bosma,M-OH,,,,,False
2023,sa3027424,Tyler Bosma,UK,,,,,False
2025,sa3058688,Tyler Boudreau,TTU,,,,,False
2021,sa3022859,Tyler Bradt,VMI,,,,,False
2022,sa3022859,Tyler Bradt,VMI,,,,,False
2023,sa3027644,Tyler Bremner,UCSB,,,,,False
2024,sa3027644,Tyler Bremner,UCSB,,,,,False
2025,sa3027644,Tyler Bremner,UCSB,1.0,2.0,Los Angeles Angels,uc santa barbara,True
2025,sa3027931,Tyler Bryan,NWST,,,,,False
2022,sa3028082,Tyler Burnham,FAU,,,,,False
2021,sa3028082,Tyler Burnham,HALL,,,,,False
2022,sa3028340,Tyler Campbell,AAMU,,,,,False
2023,sa3028340,Tyler Campbell,AAMU,,,,,False
2021,sa3028367,Tyler Cannon,IONA,,,,,False
2023,sa3028559,Tyler Casagrande,ARIZ,,,,,False
2025,sa3058842,Tyler Castrataro,HOF,,,,,False
2024,sa3028641,Tyler Castro,EIU,,,,,False
2025,sa3028641,Tyler Castro,EIU,,,,,False
2023,sa3028701,Tyler Cerny,IU,,,,,False
2024,sa3028701,Tyler Cerny,IU,,,,,False
2025,sa3028701,Tyler Cerny,IU,,,,,False
2025,sa3028772,Tyler Charlton,MOST,,,,,False
2021,sa3020840,Tyler Cleveland,CARK,,,,,False
2022,sa3020840,Tyler Cleveland,CARK,,,,,False
2023,sa3029244,Tyler Conklin,EIU,,,,,False
2025,sa3029244,Tyler Conklin,EIU,,,,,False
2022,sa3029369,Tyler Corbitt,CLEM,,,,,False
2025,sa3029453,Tyler Cotten,SPU,,,,,False
2024,sa3029457,Tyler Cotto,QUC,,,,,False
2022,sa3029501,Tyler Cox,DART,,,,,False
2025,sa3029502,Tyler Cox,HOF,,,,,False
2025,sa3029501,Tyler Cox,HOU,,,,,False
2021,sa3029832,Tyler Daniels,ALCN,,,,,False
2022,sa3029832,Tyler Daniels,ALCN,,,,,False
2023,sa3029832,Tyler Daniels,ALCN,,,,,False
2023,sa3029943,Tyler Davis,FRES,,,,,False
2021,sa3029942,Tyler Davis,SHSU,,,,,False
2023,sa3029942,Tyler Davis,SHSU,,,,,False
2021,sa3029944,Tyler Davis,VCU,,,,,False
2022,sa3029944,Tyler Davis,VCU,,,,,False
2025,sa3030009,Tyler DeClusin,SPU,,,,,False
2022,sa3030099,Tyler DeLong,APSU,,,,,False
2023,sa3030099,Tyler DeLong,SIUE,,,,,False
2024,sa3030099,Tyler DeLong,SIUE,,,,,False
2022,sa3030117,Tyler DeMartino,XAV,,,,,False
2023,sa3030117,Tyler DeMartino,XAV,,,,,False
2023,sa3030170,Tyler Denu,EVAN,,,,,False
2022,sa3030394,Tyler Doanes,IU,,,,,False
2021,sa3030394,Tyler Doanes,WVU,,,,,False
2024,sa3030397,Tyler Dobbs,WICH,,,,,False
2023,sa3030513,Tyler Douglas,DAV,,,,,False
2024,sa3030513,Tyler Douglas,DAV,,,,,False
2021,sa3030656,Tyler Duncan,ARST,,,,,False
2022,sa3030678,Tyler Dunn,BUCK,,,,,False
2023,sa3030678,Tyler Dunn,BUCK,,,,,False
2024,sa3030678,Tyler Dunn,BUCK,,,,,False
2025,sa3030678,Tyler Dunn,BUCK,,,,,False
2024,sa3030967,Tyler Epstein,MOST,,,,,False
2025,sa3030967,Tyler Epstein,MOST,,,,,False
2023,sa3031122,Tyler Fagler,MAN,,,,,False
2025,sa3031198,Tyler Fay,ALA,,,,,False
2025,sa3031321,Tyler Figueroa,APP,,,,,False
2024,sa3031321,Tyler Figueroa,SIE,,,,,False
2021,sa3031344,Tyler Finke,SELA,,,,,False
2022,sa3031344,Tyler Finke,SELA,,,,,False
2023,sa3031344,Tyler Finke,SELA,,,,,False
2021,sa3031501,Tyler Fogarty,SLU,,,,,False
2022,sa3031501,Tyler Fogarty,SLU,,,,,False
2023,sa3031501,Tyler Fogarty,SLU,,,,,False
2024,sa3031501,Tyler Fogarty,SLU,,,,,False
2021,sa3031667,Tyler Frazier,UCR,,,,,False
2022,sa3031667,Tyler Frazier,UCR,,,,,False
2025,sa3031903,Tyler Ganus,NU,,,,,False
2024,sa3032080,Tyler Gebb,UCR,,,,,False
2022,sa3032321,Tyler Glowacki,SDSU,,,,,False
2024,sa3032488,Tyler Gordon,M-OH,,,,,False
2025,sa3032488,Tyler Gordon,UCR,,,,,False
2024,sa3032703,Tyler Grenn,NAVY,,,,,False
2025,sa3032703,Tyler Grenn,NAVY,,,,,False
2022,sa3032752,Tyler Grodell,MSM,,,,,False
2022,sa3020113,Tyler Guilfoil,UK,8.0,253.0,Houston Astros,university of kentucky,True
2022,sa3033058,Tyler Halstead,CAM,,,,,False
2023,sa3033058,Tyler Halstead,CAM,,,,,False
2021,sa3016955,Tyler Hardman,OU,5.0,153.0,New York Yankees,university of oklahoma,True
2024,sa3033220,Tyler Hare,WOF,,,,,False
2025,sa3033220,Tyler Hare,WOF,,,,,False
2024,sa3033313,Tyler Harrington,UAB,,,,,False
2024,sa3033346,Tyler Hartley,MRST,,,,,False
2025,sa3033346,Tyler Hartley,MRST,,,,,False
2025,sa3059472,Tyler Herb,FGCU,,,,,False
2024,sa3033862,Tyler Hinrikus,JAX,,,,,False
2021,sa3033883,Tyler Hix,GW,,,,,False
2021,sa3020449,Tyler Hoffman,TULN,,,,,False
2024,sa3034118,Tyler Horvat,BRY,,,,,False
2024,sa3034172,Tyler Howard,PORT,,,,,False
2025,sa3034172,Tyler Howard,PORT,11.0,342.0,Cleveland Guardians,university of portland,True
2024,sa3034173,Tyler Howard,UCD,,,,,False
2025,sa3034173,Tyler Howard,UCD,,,,,False
2022,sa3034433,Tyler Ingram,UIC,,,,,False
2022,sa3034616,Tyler Jeans,ARST,,,,,False
2023,sa3034616,Tyler Jeans,ARST,,,,,False
2022,sa3034820,Tyler Johnson,CCU,,,,,False
2021,sa3034921,Tyler Jones,WIN,,,,,False
2022,sa3034921,Tyler Jones,WIN,,,,,False
2021,sa3034943,Tyler Jorgensen,CSUB,,,,,False
2022,sa3035044,Tyler Kaltreider,VMI,,,,,False
2025,sa3059640,Tyler Kamerer,MRSH,,,,,False
2025,sa3059643,Tyler Kapa,EMU,,,,,False
2025,sa3035073,Tyler Kapraun,EIU,,,,,False
2023,sa3035073,Tyler Kapraun,WIU,,,,,False
2024,sa3035073,Tyler Kapraun,WIU,,,,,False
2021,sa3035075,Tyler Kapuscinski,MRST,,,,,False
2025,sa3035163,Tyler Kehoe,RAD,,,,,False
2021,sa3035172,Tyler Kelder,SBU,,,,,False
2025,sa3035432,Tyler Kipp,FAIR,,,,,False
2025,sa3059757,Tyler Large,WIU,,,,,False
2024,sa3036010,Tyler LaRue,HCU,,,,,False
2021,sa3036050,Tyler Laux,PV,,,,,False
2023,sa3036106,Tyler Leach,DEL,,,,,False
2024,sa3036106,Tyler Leach,DEL,,,,,False
2022,sa3036127,Tyler LeBlanc,UNO,,,,,False
2023,sa3036127,Tyler LeBlanc,UNO,,,,,False
2025,sa3036177,Tyler Legendre,TXSO,,,,,False
2021,sa3036190,Tyler Lehrmann,USA,,,,,False
2022,sa3036190,Tyler Lehrmann,USA,,,,,False
2025,sa3036247,Tyler Leroy,CSUB,,,,,False
2025,sa3059814,Tyler Lichtenberger,APP,,,,,False
2021,sa3036332,Tyler Lien,ULM,,,,,False
2022,sa3036367,Tyler Linneweber,AMCC,,,,,False
2021,31396,Tyler Locklear,VCU,,,,,False
2022,31396,Tyler Locklear,VCU,,,,,False
2022,sa3036496,Tyler Long,MSM,,,,,False
2023,sa3036496,Tyler Long,MSM,,,,,False
2024,sa3036496,Tyler Long,MSM,,,,,False
2023,sa3036624,Tyler Lozano,CREI,,,,,False
2022,sa3036624,Tyler Lozano,USC,,,,,False
2022,sa3036789,Tyler MacGregor,COLU,,,,,False
2023,sa3036789,Tyler MacGregor,NE,,,,,False
2024,sa3036789,Tyler MacGregor,NE,,,,,False
2021,sa3037217,Tyler Martin,FSU,,,,,False
2021,sa3018117,Tyler Mattison,BRY,4.0,104.0,Detroit Tigers,bryant university,True
2021,sa3016869,Tyler McDonough,NCSU,,,,,False
2025,sa3059990,Tyler McKinstry,WMU,,,,,False
2022,sa3037706,Tyler McManus,LSU,,,,,False
2021,sa3037706,Tyler McManus,SAM,,,,,False
2022,sa3037954,Tyler Meyer,ASU,,,,,False
2021,sa3017109,Tyler Miller,AUB,9.0,256.0,Boston Red Sox,auburn university,True
2025,sa3038127,Tyler Minick,CONN,,,,,False
2025,sa3038133,Tyler Minnick,MTSU,,,,,False
2021,sa3022862,Tyler Morgan,ACU,,,,,False
2022,sa3022862,Tyler Morgan,ACU,,,,,False
2023,sa3022862,Tyler Morgan,ACU,14.0,431.0,San Diego Padres,abilene christian university,True
2022,sa3038511,Tyler Mudd,HC,,,,,False
2024,sa3038596,Tyler Murphy,FAU,,,,,False
2025,sa3038596,Tyler Murphy,FAU,,,,,False
2021,sa3017541,Tyler Myrick,FIU,14.0,416.0,San Francisco Giants,florida international university,True
2021,sa3038696,Tyler Naumann,JAX,,,,,False
2022,sa3038696,Tyler Naumann,JAX,,,,,False
2023,sa3038763,Tyler Nelson,PFW,,,,,False
2021,sa3038850,Tyler Nichol,COPP,,,,,False
2022,sa3038850,Tyler Nichol,COPP,,,,,False
2022,sa3039169,Tyler O'Neill,BUCK,,,,,False
2023,sa3039169,Tyler O'Neill,BUCK,,,,,False
2024,sa3039169,Tyler O'Neill,BUCK,,,,,False
2025,sa3039169,Tyler O'Neill,BUCK,,,,,False
2021,sa3039020,Tyler OClair,UAB,,,,,False
2022,sa3039020,Tyler OClair,UAB,,,,,False
2021,sa3039305,Tyler Owens,GASO,,,,,False
2025,sa3039388,Tyler Palmer,OMA,,,,,False
2023,sa3039804,Tyler Peters,QUC,,,,,False
2024,sa3039804,Tyler Peters,QUC,,,,,False
2025,sa3039804,Tyler Peters,QUC,,,,,False
2025,sa3039805,Tyler Peterson,SEA,,,,,False
2023,sa3039837,Tyler Pettorini,OSU,,,,,False
2024,sa3039837,Tyler Pettorini,OSU,,,,,False
2025,sa3039837,Tyler Pettorini,OSU,,,,,False
2021,sa3040161,Tyler Powers,PUR,,,,,False
2021,sa3040226,Tyler Pritchard,USC,,,,,False
2024,sa3040349,Tyler Quinn,UTAH,,,,,False
2025,sa3040349,Tyler Quinn,UTAH,,,,,False
2021,sa3040452,Tyler Rando,GONZ,,,,,False
2022,sa3040452,Tyler Rando,GONZ,,,,,False
2021,sa3017718,Tyler Ras,ALA,14.0,410.0,Colorado Rockies,university of alabama,True
2025,sa3060340,Tyler Ray,UTU,,,,,False
2022,sa3040693,Tyler Rice,UTA,,,,,False
2023,sa3040693,Tyler Rice,UTA,,,,,False
2021,sa3020010,Tyler Robertson,UL,,,,,False
2022,sa3020010,Tyler Robertson,UL,14.0,420.0,San Diego Padres,university of louisiana at lafayette,True
2022,sa3040924,Tyler Robinson,DART,,,,,False
2023,sa3040924,Tyler Robinson,DART,,,,,False
2024,sa3040924,Tyler Robinson,DART,,,,,False
2021,sa3040940,Tyler Roche,SJU,,,,,False
2022,sa3041183,Tyler Ross,BGSU,,,,,False
2023,sa3041183,Tyler Ross,BGSU,,,,,False
2024,sa3041183,Tyler Ross,BGSU,,,,,False
2021,sa3041522,Tyler Sanfilippo,WAG,,,,,False
2021,sa3041544,Tyler Santana,JAX,,,,,False
2025,sa3041609,Tyler Sausville,SIE,,,,,False
2025,sa3060515,Tyler Schmitt,ILL,17.0,520.0,San Diego Padres,university of illinois,True
2021,sa3041759,Tyler Schoff,BRY,,,,,False
2022,sa3020712,Tyler Schweitzer,BALL,5.0,161.0,Chicago White Sox,ball state university,True
2024,sa3042057,Tyler Shaneyfelt,NKU,,,,,False
2025,sa3042057,Tyler Shaneyfelt,NKU,,,,,False
2025,sa3060558,Tyler Shaw,VILL,,,,,False
2021,sa3042110,Tyler Shedler-McAvoy,HALL,,,,,False
2023,sa3042127,Tyler Shelnut,FLA,,,,,False
2024,sa3042127,Tyler Shelnut,FLA,,,,,False
2022,sa3042187,Tyler Shingledecker,PSU,,,,,False
2021,sa3042226,Tyler Shuck,FGCU,,,,,False
2022,sa3042226,Tyler Shuck,FGCU,,,,,False
2025,sa3042236,Tyler Shulman,HARV,,,,,False
2021,sa3042331,Tyler Simon,KENN,,,,,False
2022,sa3042331,Tyler Simon,KENN,,,,,False
2021,sa3042649,Tyler Smith,ALCN,,,,,False
2021,sa3042650,Tyler Smith,ECU,,,,,False
2025,sa3060626,Tyler Smith,NCAT,,,,,False
2024,sa3042652,Tyler Smith,SPU,,,,,False
2025,sa3042652,Tyler Smith,SPU,,,,,False
2021,sa3042733,Tyler Solomon,W&M,,,,,False
2022,sa3042733,Tyler Solomon,W&M,,,,,False
2022,sa3042758,Tyler Sorrentino,COFC,,,,,False
2023,sa3042758,Tyler Sorrentino,COFC,,,,,False
2025,sa3060645,Tyler Sparrer,RAD,,,,,False
2021,sa3042898,Tyler Stafflinger,NJIT,,,,,False
2024,sa3043115,Tyler Stewart,SAC,,,,,False
2024,sa3043180,Tyler Stone,NEB,,,,,False
2025,sa3043180,Tyler Stone,NEB,,,,,False
2023,sa3043193,Tyler Stout,PAC,,,,,False
2023,sa3043216,Tyler Strechay,DEL,,,,,False
2024,sa3043216,Tyler Strechay,DEL,,,,,False
2022,sa3043244,Tyler Stromsborg,USC,,,,,False
2023,sa3043244,Tyler Stromsborg,USC,,,,,False
2024,sa3043244,Tyler Stromsborg,USC,,,,,False
2022,sa3043276,Tyler Stultz,CSUF,,,,,False
2023,sa3043276,Tyler Stultz,CSUF,,,,,False
2022,sa3043424,Tyler Switalski,GWEB,,,,,False
2023,sa3043424,Tyler Switalski,GWEB,,,,,False
2024,sa3043424,Tyler Switalski,WVU,16.0,478.0,San Francisco Giants,university of west virginia,True
2021,sa3043437,Tyler Sylvester,TNTC,,,,,False
2022,sa3043661,Tyler Theriot,NICH,,,,,False
2023,sa3043661,Tyler Theriot,NICH,,,,,False
2023,sa3043670,Tyler Thierry,NIU,,,,,False
2021,sa3043734,Tyler Thomas,BAY,,,,,False
2022,sa3043734,Tyler Thomas,BAY,,,,,False
2021,sa3018229,Tyler Thornton,ASU,17.0,516.0,Cleveland Indians,arizona state university,True
2025,sa3065853,Tyler Timmerman,SIU,,,,,False
2021,sa3043857,Tyler Tipton,FGCU,,,,,False
2021,sa3016960,Tyler Tolve,KENN,17.0,517.0,Atlanta Braves,kennesaw state university,True
2021,sa3044185,Tyler Tuthill,APP,,,,,False
2022,sa3044185,Tyler Tuthill,APP,,,,,False
2021,sa3017643,Tyler Uberstine,NU,19.0,556.0,Boston Red Sox,northwestern university,True
2024,sa3044290,Tyler Valdez,RGV,,,,,False
2025,sa3060846,Tyler ViVacqua,NIA,,,,,False
2023,sa3044882,Tyler Waugh,UAB,,,,,False
2024,sa3044882,Tyler Waugh,UAB,,,,,False
2025,sa3044882,Tyler Waugh,UAB,,,,,False
2023,sa3044901,Tyler Weaver,UCR,,,,,False
2024,sa3045136,Tyler White,SAC,,,,,False
2025,sa3045136,Tyler White,SAC,,,,,False
2021,sa3045187,Tyler Wilber,SEMO,,,,,False
2022,sa3045187,Tyler Wilber,SEMO,,,,,False
2021,sa3045360,Tyler Williams,LR,,,,,False
2022,sa3045360,Tyler Williams,LR,,,,,False
2023,sa3045360,Tyler Williams,LR,,,,,False
2024,sa3045360,Tyler Williams,LR,,,,,False
2022,sa3025244,Tyler Wilson,GCU,,,,,False
2023,sa3025244,Tyler Wilson,GCU,,,,,False
2024,sa3025244,Tyler Wilson,GCU,8.0,241.0,New York Yankees,grand canyon university,True
2024,sa3045547,Tyler Wood,UCD,,,,,False
2025,sa3045547,Tyler Wood,UCD,,,,,False
2023,sa3045636,Tyler Wulfert,OKST,,,,,False
2024,sa3045636,Tyler Wulfert,OKST,,,,,False
2021,sa3045757,Tyler Young,LEH,,,,,False
2022,sa3045757,Tyler Young,LEH,,,,,False
2023,sa3045757,Tyler Young,LEH,,,,,False
2024,sa3045757,Tyler Young,LEH,,,,,False
2021,sa3045807,Tyler Zarella,HCU,,,,,False
2023,sa3045807,Tyler Zarella,TNTC,,,,,False
2022,sa3034581,Tylor Jans,ULM,,,,,False
2024,sa3038933,Tyran Norris,PV,,,,,False
2021,sa3027668,Tyrell Brewer,CHSO,,,,,False
2022,sa3027668,Tyrell Brewer,CHSO,,,,,False
2024,sa3027668,Tyrell Brewer,JAX,,,,,False
2025,sa3060935,Tyrell Williams,PRES,,,,,False
2024,sa3028716,Tyrelle Chadwick,ILST,,,,,False
2025,sa3028716,Tyrelle Chadwick,ILST,18.0,527.0,Colorado Rockies,illinois state university,True
2021,sa3029009,Tyrese Clayborne,TXSO,,,,,False
2022,sa3029009,Tyrese Clayborne,TXSO,,,,,False
2024,sa3034821,Tyrese Johnson,BRAD,,,,,False
2021,sa3020759,Tyresse Turner,USC,,,,,False
2022,sa3020759,Tyresse Turner,USC,13.0,391.0,Cleveland Guardians,university of southern california,True
2024,sa3035244,Tyriq Kemp,BAY,,,,,False
2025,sa3035244,Tyriq Kemp,BAY,6.0,188.0,Kansas City Royals,baylor university,True
2025,sa3026952,Tysen Benford,GAST,,,,,False
2025,sa3039550,Tyshon Patty,JKST,,,,,False
2025,sa3058571,Tyson Bass,UNC,,,,,False
2024,sa3028455,Tyson Carlton,PV,,,,,False
2025,sa3030555,Tyson Drake,TAR,,,,,False
2021,sa3017140,Tyson Guerrero,WASH,12.0,349.0,Kansas City Royals,university of washington,True
2021,sa3033466,Tyson Hays,ILST,,,,,False
2023,sa3025569,Tyson Neighbors,KSU,,,,,False
2023,sa3040023,Tyson Pointer,UTA,,,,,False
2024,sa3040023,Tyson Pointer,UTA,,,,,False
2022,sa3036556,Ubaldo Lopez,GTWN,,,,,False
2023,sa3036556,Ubaldo Lopez,GTWN,,,,,False
2023,sa3040358,Ulises Quiroga,UTSA,,,,,False
2024,sa3040358,Ulises Quiroga,UTSA,,,,,False
2024,sa3036645,Ulysses Luciano,UMES,,,,,False
2025,sa3035829,Vahn Lackey,GT,,,,,False
2022,sa3025526,Vance Honeycutt,UNC,,,,,False
2023,sa3025526,Vance Honeycutt,UNC,,,,,False
2024,sa3025526,Vance Honeycutt,UNC,1.0,22.0,Baltimore Orioles,university of north carolina,True
2024,sa3042102,Vance Sheahan,UPST,,,,,False
2025,sa3042102,Vance Sheahan,UPST,,,,,False
2025,sa3059170,Vicente Feliciano,SEA,,,,,False
2024,sa3028626,Victor Castillo,UNO,,,,,False
2023,sa3031322,Victor Figueroa,MVSU,,,,,False
2025,sa3059232,Victor Frederick,SJU,,,,,False
2024,sa3034471,Victor Izquierdo,NAVY,,,,,False
2025,sa3034471,Victor Izquierdo,NAVY,,,,,False
2025,sa3036426,Victor Loa,RGV,,,,,False
2025,sa3037222,Victor Martinez,SCU,,,,,False
2025,sa3037406,Victor Mazzara,ALB,,,,,False
2021,31533,Victor Mederos,MIA,,,,,False
2022,31533,Victor Mederos,OKST,6.0,178.0,Los Angeles Angels,oklahoma state university,True
2021,sa3037864,Victor Mendoza,PV,,,,,False
2022,sa3037864,Victor Mendoza,PV,,,,,False
2023,sa3037864,Victor Mendoza,PV,,,,,False
2024,sa3037864,Victor Mendoza,PV,,,,,False
2021,31349,Victor Scott II,WVU,,,,,False
2022,31349,Victor Scott II,WVU,5.0,157.0,St. Louis Cardinals,west virginia university,True
2021,sa3045804,Vin Zappulla,MRMK,,,,,False
2022,sa3045804,Vin Zappulla,MRMK,,,,,False
2021,sa3028935,Vince Cimini,BC,,,,,False
2023,sa3028935,Vince Cimini,BC,,,,,False
2024,sa3028935,Vince Cimini,BC,,,,,False
2025,sa3028935,Vince Cimini,BC,,,,,False
2024,sa3020754,Vince Reilly,LMU,,,,,False
2021,sa3027125,Vincent Bianchina,NU,,,,,False
2022,sa3027125,Vincent Bianchina,NU,,,,,False
2024,sa3027125,Vincent Bianchina,NU,,,,,False
2025,sa3066170,Vincent Borghese,CCSU,,,,,False
2024,sa3029946,Vincent Davis,MAN,,,,,False
2022,sa3030360,Vincent DiNicola,SIE,,,,,False
2023,sa3030360,Vincent DiNicola,SIE,,,,,False
2025,sa3031182,Vincent Fattore,ELON,,,,,False
2023,sa3037354,Vincent Mauro,NIA,,,,,False
2024,sa3037354,Vincent Mauro,NIA,,,,,False
2025,sa3037354,Vincent Mauro,NIA,,,,,False
2022,sa3042857,Vincent Spizzoucco,CCSU,,,,,False
2024,sa3043620,Vincent Temesvary,GONZ,,,,,False
2022,sa3044531,Vincent Vitacco,RID,,,,,False
2022,sa3028642,Vincenzo Castronovo,SIE,,,,,False
2023,sa3028642,Vincenzo Castronovo,SIE,,,,,False
2021,sa3037257,Vinni Massaglia,SIU,,,,,False
2021,sa3037220,Vinnie Martin,UML,,,,,False
2021,sa3044441,Vinnie Venturi,RAD,,,,,False
2022,sa3027350,Vinny Bologna,FRES,,,,,False
2021,sa3028836,Vinny Chiarenza,CAN,,,,,False
2022,sa3028836,Vinny Chiarenza,CAN,,,,,False
2023,sa3037221,Vinny Martinez,ND,,,,,False
2021,sa3037221,Vinny Martinez,STAN,,,,,False
2021,sa3044271,Vinny Vaccone,DEL,,,,,False
2021,sa3038373,Vito Morgese,BRY,,,,,False
2021,sa3037872,Vojtech Mensik,NCSU,,,,,False
2023,sa3026454,Von Baker,COR,,,,,False
2024,sa3044304,Vytas Valincius,ILL,,,,,False
2025,sa3044304,Vytas Valincius,ILL,,,,,False
2022,sa3030891,Wade Elliott,LT,,,,,False
2021,31490,Wade Meckler,ORST,,,,,False
2022,31490,Wade Meckler,ORST,8.0,256.0,San Francisco Giants,oregon state university,True
2023,sa3040712,Wade Richardson,KENN,,,,,False
2021,sa3042986,Wade Stauss,SEMO,,,,,False
2021,sa3043203,Wade Strain,W&M,,,,,False
2025,sa3060867,Wade Walton,HPU,,,,,False
2025,sa3059641,Wailele Kane-Yates,ORU,,,,,False
2021,sa3026185,Waldy Arias,CAM,,,,,False
2022,sa3026185,Waldy Arias,CAM,,,,,False
2025,sa3026652,Walker Barron,ECU,,,,,False
2022,sa3025254,Walker Janek,SHSU,,,,,False
2023,sa3025254,Walker Janek,SHSU,,,,,False
2024,sa3025254,Walker Janek,SHSU,1.0,28.0,Houston Astros,sam houston state university,True
2021,sa3034646,Walker Jenkins,MOST,,,,,False
2025,sa3059972,Walker McDuffie,UNC,,,,,False
2025,sa3038178,Walker Mitchell,CCU,,,,,False
2021,sa3040154,Walker Powell,USM,,,,,False
2023,sa3045796,Walker Zander,HCU,,,,,False
2024,sa3045803,Walker Zapp,AFA,,,,,False
2025,sa3045803,Walker Zapp,AFA,,,,,False
2024,sa3028999,Wallace Clark,DUKE,,,,,False
2025,sa3028999,Wallace Clark,DUKE,9.0,273.0,Arizona Diamondbacks,duke university,True
2022,sa3028999,Wallace Clark,OU,,,,,False
2023,sa3028999,Wallace Clark,OU,,,,,False
2023,sa3036025,Warren Laster,UIW,,,,,False
2023,sa3038721,Weber Neels,MINN,,,,,False
2024,sa3038721,Weber Neels,MINN,,,,,False
2025,sa3038721,Weber Neels,MINN,,,,,False
2024,sa3025961,Wehiwa Aloy,ARK,,,,,False
2025,sa3025961,Wehiwa Aloy,ARK,1.0,31.0,Baltimore Orioles,university of arkansas,True
2023,sa3025961,Wehiwa Aloy,SAC,,,,,False
2022,sa3026499,Wellington Balsley,COPP,,,,,False
2025,sa3043432,Wells Sykes,CCU,,,,,False
2023,sa3043432,Wells Sykes,CIT,,,,,False
2024,sa3043432,Wells Sykes,CIT,,,,,False
2021,sa3017045,Wes Clarke,SC,10.0,297.0,Milwaukee Brewers,university of south carolina,True
2025,sa3037853,Wes Mendes,FSU,,,,,False
2021,sa3043987,Wes Toups,NICH,,,,,False
2023,sa3043987,Wes Toups,NICH,,,,,False
2025,sa3058484,Wesley Alig,KENN,,,,,False
2022,sa3031130,Wesley Faison,TXST,,,,,False
2025,sa3059458,Wesley Helms,UAB,,,,,False
2024,sa3034939,Wesley Jordan,BAY,,,,,False
2025,sa3034939,Wesley Jordan,BAY,,,,,False
2021,sa3040648,Wesley Reyes,JKST,,,,,False
2022,sa3022928,Weston Eberly,COLU,,,,,False
2023,sa3022928,Weston Eberly,COLU,16.0,479.0,Chicago White Sox,columbia university,True
2022,sa3036477,Weston Lombard,SF,,,,,False
2023,sa3036477,Weston Lombard,SF,,,,,False
2025,sa3038469,Weston Moss,TA&M,,,,,False
2024,sa3026524,Wil Bannister,UNM,,,,,False
2022,sa3031709,Wil French,ARST,,,,,False
2023,sa3031709,Wil French,ARST,,,,,False
2024,sa3031709,Wil French,ARST,,,,,False
2025,sa3031709,Wil French,ARST,,,,,False
2022,sa3034195,Wil Hoyle,DUKE,,,,,False
2021,sa3035848,Wil LaFollette,UTM,,,,,False
2022,sa3035848,Wil LaFollette,UTM,,,,,False
2025,sa3059810,Wil Libbert,MIZ,,,,,False
2025,sa3059141,Wilbert Espinal,ALST,,,,,False
2025,sa3060243,Wilbert Perez,JKST,,,,,False
2021,sa3029022,Wiley Cleland,ULM,,,,,False
2025,sa3033347,Wiley Hartley,UCF,,,,,False
2021,sa3025982,Wilfredo Alvarez,FAU,,,,,False
2023,sa3037854,Wilfredo Mendez,DSU,,,,,False
2024,sa3037854,Wilfredo Mendez,DSU,,,,,False
2021,sa3025933,Wilhelm Allen,SOU,,,,,False
2023,sa3026252,Will Asby,SF,,,,,False
2024,sa3026252,Will Asby,UNM,,,,,False
2025,sa3026252,Will Asby,UNM,,,,,False
2024,sa3026455,Will Baker,JVST,,,,,False
2025,sa3058564,Will Bartkoski,ALST,,,,,False
2023,sa3026757,Will Baumhofer,COFC,,,,,False
2024,sa3026757,Will Baumhofer,COFC,,,,,False
2025,sa3026757,Will Baumhofer,COFC,,,,,False
2021,sa3017844,Will Bednar,MSST,1.0,14.0,San Francisco Giants,mississippi state university,True
2023,sa3027051,Will Bermudez,UCI,,,,,False
2024,sa3027051,Will Bermudez,UCI,,,,,False
2025,sa3027051,Will Bermudez,UCI,,,,,False
2022,sa3027160,Will Binder,ALB,,,,,False
2023,sa3027160,Will Binder,ALB,,,,,False
2024,sa3027160,Will Binder,ALB,,,,,False
2021,sa3027160,Will Binder,LAS,,,,,False
2023,sa3027884,Will Brown,FAMU,,,,,False
2025,sa3027884,Will Brown,FAMU,,,,,False
2024,sa3027976,Will Budnick,QUC,,,,,False
2025,sa3027976,Will Budnick,QUC,,,,,False
2023,sa3028131,Will Busch,NDSU,,,,,False
2024,sa3028131,Will Busch,NDSU,,,,,False
2021,sa3028153,Will Butcher,CLT,,,,,False
2022,sa3028153,Will Butcher,CLT,,,,,False
2023,sa3028153,Will Butcher,CLT,,,,,False
2024,sa3028153,Will Butcher,TROY,,,,,False
2023,sa3028369,Will Cannon,AUB,,,,,False
2022,sa3028443,Will Carlone,VCU,,,,,False
2023,sa3028443,Will Carlone,VCU,,,,,False
2025,sa3029312,Will Cook,WRST,,,,,False
2025,sa3058936,Will Couchman,NIU,,,,,False
2025,sa3058938,Will Cowan,SJU,,,,,False
2025,sa3029556,Will Cresswell,WSU,18.0,532.0,Toronto Blue Jays,washington state university,True
2021,sa3029868,Will David,SAM,,,,,False
2022,sa3029868,Will David,SAM,,,,,False
2023,sa3029868,Will David,UGA,,,,,False
2021,sa3017850,Will Dion,MCN,9.0,276.0,Cleveland Indians,mcneese state university,True
2022,sa3030614,Will Duff,MOST,,,,,False
2025,sa3030796,Will Edmunson,ORU,,,,,False
2021,sa3031216,Will Feil,ALB,,,,,False
2022,sa3031216,Will Feil,ALB,,,,,False
2023,sa3031216,Will Feil,ALB,,,,,False
2024,sa3031333,Will Fincher,JVST,,,,,False
2022,sa3031335,Will Findlay,FOR,,,,,False
2023,sa3031335,Will Findlay,FOR,,,,,False
2021,sa3031656,Will Frank,CAN,,,,,False
2021,sa3024514,Will Frisch,ORST,,,,,False
2021,sa3017555,Will Frizzell,TA&M,8.0,233.0,Washington Nationals,texas aandm university,True
2023,sa3031794,Will Furniss,MISS,,,,,False
2024,sa3031794,Will Furniss,MISS,,,,,False
2025,sa3031794,Will Furniss,MISS,,,,,False
2021,sa3031842,Will Gale,HALL,,,,,False
2022,sa3031842,Will Gale,HALL,,,,,False
2023,sa3031842,Will Gale,HALL,,,,,False
2024,sa3031842,Will Gale,JAX,,,,,False
2025,sa3031859,Will Gallagher,RID,,,,,False
2024,sa3032034,Will Gasparino,TEX,,,,,False
2025,sa3032034,Will Gasparino,TEX,,,,,False
2021,sa3032680,Will Greer,BUCK,,,,,False
2022,sa3032680,Will Greer,BUCK,,,,,False
2023,sa3032680,Will Greer,BUCK,,,,,False
2025,sa3032741,Will Grimmett,MORE,,,,,False
2021,sa3033230,Will Harless,RAD,,,,,False
2021,sa3033525,Will Heflin,TENN,,,,,False
2025,sa3033650,Will Henson,VCU,,,,,False
2022,sa3033734,Will Hesslink,MAN,,,,,False
2023,sa3033734,Will Hesslink,MAN,,,,,False
2024,sa3033907,Will Hodo,ALA,,,,,False
2025,sa3033907,Will Hodo,ALA,,,,,False
2021,sa3033994,Will Hollis,TXST,,,,,False
2023,sa3034015,Will Holmes,CIT,,,,,False
2022,sa3034536,Will Jacobsen,HARV,,,,,False
2023,sa3034536,Will Jacobsen,HARV,,,,,False
2025,sa3034647,Will Jenkins,MTSU,,,,,False
2021,sa3034654,Will Jennings,IONA,,,,,False
2022,sa3034654,Will Jennings,IONA,,,,,False
2023,sa3034654,Will Jennings,IONA,,,,,False
2025,sa3034924,Will Jones,NE,,,,,False
2021,sa3035090,Will Karp,RICE,,,,,False
2021,sa3035280,Will Kennedy,HOF,,,,,False
2024,sa3035280,Will Kennedy,HOF,,,,,False
2021,sa3022510,Will King,EKU,,,,,False
2022,sa3022510,Will King,EKU,,,,,False
2023,sa3022510,Will King,EKU,20.0,609.0,Atlanta Braves,eastern kentucky university,True
2021,sa3035429,Will Kinzeler,SELA,,,,,False
2022,sa3035429,Will Kinzeler,SELA,,,,,False
2023,sa3035429,Will Kinzeler,SELA,,,,,False
2021,sa3035553,Will Knight,VMI,,,,,False
2022,sa3035553,Will Knight,VMI,,,,,False
2022,sa3035892,Will Lancaster,CLT,,,,,False
2023,sa3036168,Will Lee,LIP,,,,,False
2024,sa3036168,Will Lee,LIP,,,,,False
2022,sa3036282,Will Levine,ASU,,,,,False
2025,sa3036344,Will Linberg,CSUN,,,,,False
2022,sa3036498,Will Long,TNTC,,,,,False
2023,sa3036746,Will Lynch,SAM,,,,,False
2024,sa3036817,Will MacLean,CREI,,,,,False
2025,sa3036817,Will MacLean,CREI,,,,,False
2022,sa3036817,Will MacLean,MASS,,,,,False
2023,sa3036817,Will MacLean,MASS,,,,,False
2024,sa3037035,Will Marcy,MEM,,,,,False
2023,sa3037035,Will Marcy,NCSU,,,,,False
2023,sa3037223,Will Martin,WIN,,,,,False
2023,sa3037464,Will McCausland,JOES,,,,,False
2024,sa3037464,Will McCausland,JOES,,,,,False
2023,sa3037573,Will McEntire,ARK,,,,,False
2024,sa3037573,Will McEntire,ARK,,,,,False
2021,sa3037595,Will McGillis,USM,,,,,False
2022,sa3037595,Will McGillis,USM,,,,,False
2024,sa3037868,Will Menendez,MVSU,,,,,False
2021,sa3037890,Will Mercer,ND,,,,,False
2021,sa3038187,Will Mize,GAST,,,,,False
2023,sa3038187,Will Mize,GAST,,,,,False
2024,sa3038187,Will Mize,GAST,,,,,False
2025,sa3060079,Will Moore,IU,,,,,False
2021,sa3038427,Will Morrison,WMU,,,,,False
2022,sa3038427,Will Morrison,WMU,,,,,False
2023,sa3038427,Will Morrison,WMU,,,,,False
2021,sa3038539,Will Mullen,WMU,,,,,False
2021,sa3038685,Will Nash,ARST,,,,,False
2022,sa3038685,Will Nash,ARST,,,,,False
2021,sa3038990,Will Oberg,EMU,,,,,False
2023,sa3039474,Will Parkinson,COLU,,,,,False
2025,sa3060222,Will Paxton,SPU,,,,,False
2021,sa3039669,Will Pendergrass,HOU,,,,,False
2021,sa3040170,Will Prater,WCU,,,,,False
2022,sa3040170,Will Prater,WCU,,,,,False
2023,sa3040262,Will Pryor,BEL,,,,,False
2024,sa3040262,Will Pryor,BEL,,,,,False
2021,sa3040592,Will Reiner,VILL,,,,,False
2022,sa3040592,Will Reiner,VILL,,,,,False
2022,sa3025627,Will Riley,VMI,,,,,False
2023,sa3025627,Will Riley,VMI,,,,,False
2024,sa3025627,Will Riley,VMI,8.0,243.0,Seattle Mariners,virginia military institute,True
2022,sa3040789,Will Ripoll,HCU,,,,,False
2023,sa3040789,Will Ripoll,HCU,,,,,False
2022,sa3041063,Will Rogers,ASU,,,,,False
2024,sa3041063,Will Rogers,MICH,,,,,False
2025,sa3041063,Will Rogers,MICH,,,,,False
2025,sa3041184,Will Ross,UNF,,,,,False
2023,sa3041409,Will Safford,LT,,,,,False
2025,sa3041409,Will Safford,LT,,,,,False
2021,sa3023508,Will Sanders,SC,,,,,False
2022,sa3023508,Will Sanders,SC,,,,,False
2023,sa3023508,Will Sanders,SC,4.0,113.0,Chicago Cubs,university of south carolina,True
2022,sa3041762,Will Schomberg,DAV,,,,,False
2023,sa3041762,Will Schomberg,DAV,,,,,False
2024,sa3041976,Will Semb,MINN,,,,,False
2021,sa3022530,Will Simpson,WASH,,,,,False
2022,sa3022530,Will Simpson,WASH,,,,,False
2023,sa3022530,Will Simpson,WASH,15.0,436.0,Oakland Athletics,university of washington,True
2021,sa3042656,Will Smith,UTM,,,,,False
2022,sa3042656,Will Smith,UTM,,,,,False
2023,sa3042656,Will Smith,UTM,,,,,False
2024,sa3042656,Will Smith,UTM,,,,,False
2023,sa3043281,Will Sturek,OHIO,,,,,False
2024,sa3043426,Will Sword,PRIN,,,,,False
2023,sa3025403,Will Taylor,CLEM,,,,,False
2024,sa3043854,Will Tippett,SC,,,,,False
2025,sa3043876,Will Tobin,PENN,,,,,False
2021,sa3044071,Will Trochiano,MAN,,,,,False
2022,sa3025313,Will Turner,USA,,,,,False
2023,sa3025313,Will Turner,USA,,,,,False
2024,sa3025313,Will Turner,USA,7.0,207.0,Boston Red Sox,university of south alabama,True
2025,sa3060828,Will Vasseur,MEM,,,,,False
2023,sa3044418,Will Veillon,UL,,,,,False
2022,sa3044458,Will Vergantino,ELON,,,,,False
2024,sa3044458,Will Vergantino,ELON,,,,,False
2025,sa3044458,Will Vergantino,ELON,,,,,False
2025,sa3044487,Will Vierling,MUR,11.0,341.0,Philadelphia Phillies,murray state university,True
2021,sa3044548,Will Vogelgesang,M-OH,,,,,False
2021,29634,Will Wagner,LIB,18.0,538.0,Houston Astros,liberty university,True
2023,sa3044736,Will Walsh,NEB,,,,,False
2024,sa3044736,Will Walsh,NEB,,,,,False
2025,sa3044736,Will Walsh,NEB,,,,,False
2021,30182,Will Warren,SELA,8.0,243.0,New York Yankees,southeastern louisiana university,True
2024,sa3025592,Will Watson,USC,7.0,203.0,New York Mets,university of southern california,True
2024,sa3045591,Will Worthington,USD,,,,,False
2023,sa3026796,William Bean,VCU,,,,,False
2024,sa3026796,William Bean,VCU,,,,,False
2024,sa3028096,William Burns,HARV,,,,,False
2022,sa3031002,William Escala,M-OH,,,,,False
2021,sa3017314,William Fleming,WAKE,11.0,324.0,Seattle Mariners,wake forest university,True
2021,sa3031696,William Freeman,ALA,,,,,False
2021,sa3033091,William Hamiter,ALA,,,,,False
2021,sa3034523,William Jackson,COPP,,,,,False
2024,sa3034687,William Jewell,HCU,,,,,False
2024,sa3036729,William Lybrook,HARV,,,,,False
2025,sa3036729,William Lybrook,HARV,,,,,False
2025,sa3059894,William Maginnis,GAST,,,,,False
2024,sa3039471,William Parker,ARMY,,,,,False
2025,sa3039471,William Parker,ARMY,,,,,False
2021,sa3022738,William Privette,COFC,,,,,False
2022,sa3022738,William Privette,COFC,,,,,False
2022,sa3041628,William Saxton,UCF,,,,,False
2022,sa3022425,William Sullivan,TROY,,,,,False
2023,sa3022425,William Sullivan,TROY,13.0,395.0,St. Louis Cardinals,troy university,True
2024,sa3043590,William Taylor,MRST,,,,,False
2025,sa3043590,William Taylor,MRST,,,,,False
2021,sa3028371,Willie Cano,UNM,,,,,False
2022,sa3028371,Willie Cano,UNM,,,,,False
2024,sa3033415,Willie Havens,LONG,,,,,False
2021,sa3036688,Willie Lumpkin,WIN,,,,,False
2022,sa3032889,Wils Guy,COR,,,,,False
2023,sa3032889,Wils Guy,COR,,,,,False
2021,sa3030843,Wilson Ehrhardt,UIW,,,,,False
2022,sa3030843,Wilson Ehrhardt,UIW,,,,,False
2023,sa3030843,Wilson Ehrhardt,UIW,,,,,False
2022,sa3031878,Wilson Galvan,UTA,,,,,False
2023,sa3031878,Wilson Galvan,UTA,,,,,False
2025,sa3059893,Wilson Magers,CREI,,,,,False
2024,sa3039734,Wilson Perkins,DAV,,,,,False
2025,sa3039734,Wilson Perkins,DAV,,,,,False
2025,sa3044929,Wilson Weber,ORST,12.0,348.0,Miami Marlins,oregon state university,True
2025,sa3041872,Win Scott,SJSU,,,,,False
2021,sa3028368,Winston Cannon,UTM,,,,,False
2022,sa3025602,Woody Hadeen,UCI,,,,,False
2024,sa3025602,Woody Hadeen,UCI,,,,,False
2025,sa3028303,Wyatt Cameron,CCSU,,,,,False
2023,sa3022406,Wyatt Crenshaw,ASU,19.0,565.0,Arizona Diamondbacks,arizona state university,True
2022,sa3023662,Wyatt Crowell,FSU,,,,,False
2021,sa3017163,Wyatt Hendrie,SDSU,7.0,193.0,Pittsburgh Pirates,san diego state university,True
2021,sa3033639,Wyatt Henseler,PENN,,,,,False
2022,sa3033639,Wyatt Henseler,PENN,,,,,False
2023,sa3033639,Wyatt Henseler,PENN,,,,,False
2024,sa3033639,Wyatt Henseler,PENN,,,,,False
2025,sa3033639,Wyatt Henseler,TA&M,9.0,261.0,Washington Nationals,texas aandm university,True
2021,sa3033923,Wyatt Hoffman,PAC,,,,,False
2023,sa3023442,Wyatt Hudepohl,CLT,4.0,123.0,New York Mets,university of north carolina at charlotte,True
2025,sa3034320,Wyatt Hunt,MONM,,,,,False
2023,sa3035420,Wyatt King,CP,,,,,False
2022,33333,Wyatt Langford,FLA,,,,,False
2023,33333,Wyatt Langford,FLA,1.0,4.0,Texas Rangers,university of florida,True
2022,sa3036481,Wyatt Loncar,OSU,,,,,False
2022,sa3038371,Wyatt Morgan,MTSU,,,,,False
2021,sa3038766,Wyatt Nelson,DEL,,,,,False
2022,sa3038766,Wyatt Nelson,DEL,,,,,False
2021,sa3017539,Wyatt Olds,OU,7.0,196.0,Boston Red Sox,university of oklahoma,True
2024,sa3039489,Wyatt Parliament,VT,7.0,211.0,New York Yankees,virginia tech,True
2024,sa3039639,Wyatt Peifer,JMU,,,,,False
2025,sa3039639,Wyatt Peifer,JMU,,,,,False
2022,sa3041314,Wyatt Rush,MSU,,,,,False
2023,sa3041314,Wyatt Rush,MSU,,,,,False
2021,sa3041873,Wyatt Scotti,NE,,,,,False
2022,sa3041873,Wyatt Scotti,NE,,,,,False
2023,sa3041873,Wyatt Scotti,NE,,,,,False
2024,sa3041873,Wyatt Scotti,NE,,,,,False
2025,sa3060658,Wyatt Stanley,WCU,,,,,False
2021,sa3042959,Wyatt Stapp,CIN,,,,,False
2022,sa3042959,Wyatt Stapp,CIN,,,,,False
2021,sa3044230,Wyatt Ulrich,RICH,,,,,False
2021,sa3044512,Wyatt Villella,MRMK,,,,,False
2022,sa3044512,Wyatt Villella,MRMK,,,,,False
2022,sa3044998,Wyatt Wendell,PUR,,,,,False
2021,sa3017081,Wyatt Young,PEPP,15.0,442.0,New York Mets,pepperdine university,True
2025,sa3060878,Wylie Waters,UPST,,,,,False
2022,sa3023094,Xander Hamilton,APP,,,,,False
2023,sa3023094,Xander Hamilton,APP,14.0,417.0,Minnesota Twins,appalachian state university,True
2025,sa3059951,Xander McAfee,UTA,,,,,False
2021,sa3044832,Xane Washington,NICH,,,,,False
2022,sa3044832,Xane Washington,NICH,,,,,False
2023,sa3044832,Xane Washington,NICH,,,,,False
2024,sa3028415,Xavier Cardenas III,SDSU,,,,,False
2025,sa3028415,Xavier Cardenas III,SDSU,17.0,498.0,Miami Marlins,san diego state university,True
2023,sa3028540,Xavier Carter,BUT,,,,,False
2024,sa3028540,Xavier Carter,BUT,,,,,False
2022,sa3028596,Xavier Casserilla,WICH,,,,,False
2025,sa3031032,Xavier Esquer,UCSB,,,,,False
2023,sa3032446,Xavier Gonzalez,SDSU,,,,,False
2021,sa3034625,Xavier Jefferson,PV,,,,,False
2024,sa3035617,Xavier Kolhosser,SJU,13.0,398.0,Minnesota Twins,st. john's university,True
2025,sa3036599,Xavier Lovett,MIZ,,,,,False
2024,sa3037224,Xavier Martinez,USC,,,,,False
2023,sa3022410,Xavier Meachem,NCAT,10.0,293.0,Miami Marlins,north carolina aandt state university,True
2025,sa3060013,Xavier Melendez,UTA,,,,,False
2023,sa3038390,Xavier Moronta,APP,,,,,False
2024,sa3038390,Xavier Moronta,APP,,,,,False
2025,sa3060244,Xavier Perez,HOU,,,,,False
2023,sa3040812,Xavier Rivas,MISS,,,,,False
2025,sa3044231,Xavier Ulrich,WAG,,,,,False
2021,sa3044377,Xavier Vargas,URI,,,,,False
2024,sa3034544,Yash Jain,SPU,,,,,False
2025,sa3027236,Yates Bland,CIT,,,,,False
2021,sa3022672,Yohandy Morales,MIA,,,,,False
2022,sa3022672,Yohandy Morales,MIA,,,,,False
2023,sa3022672,Yohandy Morales,MIA,2.0,40.0,Washington Nationals,university of miami,True
2022,sa3030205,Yohann Dessureault,STET,,,,,False
2023,sa3030205,Yohann Dessureault,STET,,,,,False
2024,sa3030205,Yohann Dessureault,STET,,,,,False
2025,sa3058821,Yomar Carreras,RUTG,,,,,False
2022,sa3023284,Zac Addkison,MRSH,,,,,False
2023,sa3023284,Zac Addkison,MRSH,15.0,461.0,San Diego Padres,marshall university,True
2021,sa3026377,Zac Baden,PFW,,,,,False
2024,sa3028396,Zac Capps,FDU,,,,,False
2022,sa3028396,Zac Capps,NORF,,,,,False
2023,sa3028396,Zac Capps,NORF,,,,,False
2022,sa3029370,Zac Corbin,KENN,,,,,False
2023,sa3029370,Zac Corbin,KENN,,,,,False
2024,sa3029370,Zac Corbin,KENN,,,,,False
2024,sa3029484,Zac Cowan,WOF,,,,,False
2021,sa3031180,Zac Fascia,PUR,,,,,False
2021,sa3032575,Zac Granger,AKR,,,,,False
2024,sa3035890,Zac Lampton,FIU,,,,,False
2021,sa3017873,Zac Leigh,TXST,16.0,484.0,Chicago Cubs,texas state university,True
2024,sa3038429,Zac Morris,DUKE,,,,,False
2021,sa3038429,Zac Morris,VMI,,,,,False
2022,sa3038429,Zac Morris,VMI,,,,,False
2023,sa3038429,Zac Morris,VMI,,,,,False
2024,sa3040696,Zac Rice,AAMU,,,,,False
2023,sa3040695,Zac Rice,UTM,,,,,False
2024,sa3040695,Zac Rice,UTM,,,,,False
2023,sa3040925,Zac Robinson,CHSO,,,,,False
2023,sa3045896,Zac Zyons,BRY,,,,,False
2024,sa3045896,Zac Zyons,BRY,,,,,False
2025,sa3045896,Zac Zyons,BRY,,,,,False
2021,sa3040467,Zacchaeus Rasberry,PRES,,,,,False
2021,31552,Zach Agnos,ECU,,,,,False
2022,31552,Zach Agnos,ECU,10.0,296.0,Colorado Rockies,east carolina university,True
2022,sa3022593,Zach Arnold,HOU,,,,,False
2023,sa3022593,Zach Arnold,HOU,14.0,433.0,Philadelphia Phillies,university of houston,True
2021,sa3022593,Zach Arnold,LSU,,,,,False
2021,sa3026607,Zach Barnes,GCU,,,,,False
2025,sa3058703,Zach Boyd,W&M,,,,,False
2021,sa3027620,Zach Bravo,LAM,,,,,False
2022,sa3027885,Zach Brown,HARV,,,,,False
2021,sa3028141,Zach Bushling,CONN,,,,,False
2022,sa3028141,Zach Bushling,CONN,,,,,False
2021,sa3028304,Zach Cameron,NIA,,,,,False
2023,sa3028304,Zach Cameron,NIA,,,,,False
2024,sa3028304,Zach Cameron,NIA,,,,,False
2023,sa3028309,Zach Camp,VILL,,,,,False
2025,sa3028727,Zach Chamizo,SJSU,,,,,False
2024,sa3028727,Zach Chamizo,UCR,,,,,False
2022,sa3019937,Zach Cole,BALL,,,,,False
2025,sa3029854,Zach Daudet,CP,,,,,False
2024,sa3029869,Zach Davidson,INST,,,,,False
2022,sa3029869,Zach Davidson,RAD,,,,,False
2021,31562,Zach Dezenzo,OSU,,,,,False
2022,31562,Zach Dezenzo,OSU,12.0,373.0,Houston Astros,ohio state university,True
2025,sa3059070,Zach Donahue,MRST,,,,,False
2022,sa3025247,Zach Ehrhard,OKST,,,,,False
2023,sa3025247,Zach Ehrhard,OKST,,,,,False
2024,sa3025247,Zach Ehrhard,OKST,4.0,115.0,Boston Red Sox,oklahoma state university,True
2025,sa3031419,Zach Fjelstad,UCI,,,,,False
2022,sa3023280,Zach Fogell,BRWN,,,,,False
2021,sa3022735,Zach Franklin,WCU,,,,,False
2022,sa3022735,Zach Franklin,WCU,,,,,False
2023,sa3031661,Zach Frasher,SPU,,,,,False
2021,sa3031719,Zach Frey,INST,,,,,False
2022,sa3023507,Zach Fruit,EMU,,,,,False
2023,sa3023507,Zach Fruit,TROY,9.0,271.0,Baltimore Orioles,troy university,True
2022,sa3031955,Zach Garcia,AMCC,,,,,False
2023,sa3031955,Zach Garcia,AMCC,,,,,False
2024,sa3031955,Zach Garcia,AMCC,,,,,False
2025,sa3031955,Zach Garcia,AMCC,,,,,False
2021,sa3032238,Zach Gilles,CMU,,,,,False
2021,sa3032551,Zach Grace,IONA,,,,,False
2021,sa3032628,Zach Grech,STAN,,,,,False
2023,sa3033494,Zach Heaton,DBU,,,,,False
2021,sa3033517,Zach Heeke,CMU,,,,,False
2025,sa3033636,Zach Henry,LR,,,,,False
2022,sa3033636,Zach Henry,UTA,,,,,False
2021,sa3033737,Zach Hester,SAM,,,,,False
2021,sa3033879,Zach Hise,MIZ,,,,,False
2025,sa3059525,Zach Horwith,BELL,,,,,False
2021,sa3034300,Zach Humphreys,TCU,,,,,False
2021,sa3034437,Zach Inskeep,MRSH,,,,,False
2021,sa3020600,Zach Jacobs,UCR,,,,,False
2021,sa3035156,Zach Keenan,MTSU,,,,,False
2022,sa3035156,Zach Keenan,MTSU,,,,,False
2023,sa3035234,Zach Kelly,QUC,,,,,False
2021,sa3035319,Zach Ketterman,WCU,,,,,False
2022,sa3035319,Zach Ketterman,WCU,,,,,False
2023,sa3035319,Zach Ketterman,WCU,,,,,False
2024,sa3035319,Zach Ketterman,WCU,,,,,False
2025,sa3059677,Zach Kilby,FAU,,,,,False
2022,sa3035436,Zach Kirby,ETSU,,,,,False
2023,sa3035436,Zach Kirby,LMU,,,,,False
2022,sa3035477,Zach Klapak,DEL,,,,,False
2025,sa3059707,Zach Knowlton,CMU,,,,,False
2021,sa3017165,Zach Kokoska,KSU,,,,,False
2022,sa3035925,Zach Lane,BALL,,,,,False
2024,sa3035925,Zach Lane,MILW,,,,,False
2023,sa3036132,Zach Lechnir,OMA,,,,,False
2025,sa3059792,Zach Leite,ODU,,,,,False
2023,sa3022435,Zach Levenson,MIA,5.0,158.0,St. Louis Cardinals,university of miami,True
2021,sa3036287,Zach Lew,CSUF,,,,,False
2022,sa3036287,Zach Lew,CSUF,,,,,False
2023,sa3036287,Zach Lew,CSUF,,,,,False
2021,sa3036342,Zach Limas,UIW,,,,,False
2025,sa3036508,Zach Longshore,UNO,,,,,False
2022,sa3025604,Zach MacDonald,M-OH,,,,,False
2023,sa3025604,Zach MacDonald,M-OH,,,,,False
2024,sa3025604,Zach MacDonald,M-OH,15.0,446.0,Detroit Tigers,miami university,True
2024,sa3037226,Zach Martin,ME,,,,,False
2022,sa3037360,Zach Maxey,M-OH,,,,,False
2023,sa3037360,Zach Maxey,M-OH,,,,,False
2022,sa3020255,Zach Maxwell,GT,6.0,183.0,Cincinnati Reds,georgia institute of technology,True
2021,sa3018093,Zach Messinger,UVA,13.0,393.0,New York Yankees,university of virginia,True
2021,sa3038347,Zach Morea,FAMU,,,,,False
2022,sa3038347,Zach Morea,FAMU,,,,,False
2023,sa3038347,Zach Morea,FAMU,,,,,False
2021,sa3019968,Zach Morgan,FRES,,,,,False
2022,sa3019968,Zach Morgan,FRES,,,,,False
2021,31347,Zach Neto,CAM,,,,,False
2022,31347,Zach Neto,CAM,1.0,13.0,Los Angeles Angels,campbell university,True
2021,sa3038903,Zach Nogalski,MILW,,,,,False
2022,sa3038903,Zach Nogalski,MILW,,,,,False
2023,sa3038934,Zach Norris,UTA,,,,,False
2024,sa3038934,Zach Norris,UTA,,,,,False
2022,sa3039545,Zach Patterson,PAC,,,,,False
2025,sa3039809,Zach Peters,AFA,,,,,False
2021,sa3018109,Zach Pettway,UCLA,,,,,False
2021,sa3040187,Zach Presno,FRES,,,,,False
2021,sa3041019,Zach Rodriguez,UCSB,,,,,False
2025,sa3041032,Zach Rogacki,BING,,,,,False
2025,sa3041233,Zach Royse,UTSA,7.0,217.0,Atlanta Braves,university of texas at san antonio,True
2024,sa3041391,Zach Sabers,CAM,,,,,False
2021,sa3041613,Zach Savage,LAF,,,,,False
2021,sa3041924,Zach Segal,CIN,,,,,False
2022,sa3041924,Zach Segal,CIN,,,,,False
2024,sa3041965,Zach Selinger,FAIR,,,,,False
2021,sa3041965,Zach Selinger,FOR,,,,,False
2022,sa3041965,Zach Selinger,FOR,,,,,False
2023,sa3041965,Zach Selinger,FOR,,,,,False
2021,sa3042715,Zach Solano,NDSU,,,,,False
2021,sa3043087,Zach Stevens,NAVY,,,,,False
2022,sa3043087,Zach Stevens,NAVY,,,,,False
2023,sa3023505,Zach Thornton,GCU,5.0,159.0,New York Mets,grand canyon university,True
2024,sa3043867,Zach Tjelmeland,RGV,,,,,False
2023,sa3043888,Zach Toglia,PORT,,,,,False
2024,sa3043888,Zach Toglia,PORT,,,,,False
2025,sa3043888,Zach Toglia,PORT,,,,,False
2021,sa3044102,Zach Tsakounis,W&M,,,,,False
2022,sa3044102,Zach Tsakounis,W&M,,,,,False
2023,sa3044102,Zach Tsakounis,W&M,,,,,False
2024,sa3044579,Zach Voss,MCN,,,,,False
2025,sa3044616,Zach Wager,UTM,,,,,False
2023,sa3044930,Zach Weber,OHIO,,,,,False
2024,sa3045055,Zach Weston,QUC,,,,,False
2025,sa3045366,Zach Willingham,USA,,,,,False
2021,sa3045425,Zach Wilson,MEM,,,,,False
2022,sa3045425,Zach Wilson,MEM,,,,,False
2023,sa3045721,Zach Yorke,GCU,,,,,False
2024,sa3045721,Zach Yorke,GCU,,,,,False
2025,sa3045721,Zach Yorke,GCU,,,,,False
2021,sa3016861,Zach Zubia,TEX,20.0,599.0,Miami Marlins,university of texas at austin,True
2021,sa3026159,Zachary Ardito,HART,,,,,False
2023,sa3039810,Zachary Peters,VCU,,,,,False
2025,sa3041130,Zachary Root,ARK,1.0,40.0,Los Angeles Dodgers,university of arkansas,True
2023,sa3041130,Zachary Root,ECU,,,,,False
2024,sa3041130,Zachary Root,ECU,,,,,False
2022,sa3044048,Zachary Trevino,PV,,,,,False
2023,sa3044048,Zachary Trevino,PV,,,,,False
2024,sa3044737,Zachary Walsh,UNCG,,,,,False
2021,sa3028493,Zachery Carrell,UCD,,,,,False
2023,sa3042276,Zachery Sigmon,MVSU,,,,,False
2023,sa3026412,Zack Bailey,HOF,,,,,False
2023,sa3026775,Zack Beach,CCU,,,,,False
2024,sa3026775,Zack Beach,CCU,,,,,False
2021,sa3027978,Zack Budzik,UNCG,,,,,False
2022,sa3027978,Zack Budzik,UNCG,,,,,False
2023,sa3027978,Zack Budzik,UNCG,,,,,False
2021,sa3029947,Zack Davis,UAB,,,,,False
2024,sa3031489,Zack Floyd,SIUE,,,,,False
2023,sa3031489,Zack Floyd,ULM,,,,,False
2021,29766,Zack Gelof,UVA,2.0,60.0,Oakland Athletics,university of virginia,True
2022,sa3032691,Zack Gregory,ARK,,,,,False
2023,sa3032691,Zack Gregory,GCU,,,,,False
2025,sa3034088,Zack Horky,BGSU,,,,,False
2025,sa3035287,Zack Kent,BING,,,,,False
2023,sa3035660,Zack Kovalchik,SHU,,,,,False
2024,sa3035660,Zack Kovalchik,SHU,,,,,False
2025,sa3035660,Zack Kovalchik,SHU,,,,,False
2021,sa3036169,Zack Lee,UK,,,,,False
2023,sa3036169,Zack Lee,UK,,,,,False
2025,sa3059884,Zack Mack,LMU,16.0,493.0,New York Mets,loyola marymount university,True
2024,sa3040135,Zack Potts,W&M,,,,,False
2021,sa3040168,Zack Prajzner,ND,,,,,False
2022,sa3040168,Zack Prajzner,ND,,,,,False
2023,sa3040168,Zack Prajzner,ND,,,,,False
2021,sa3017046,Zack Raabe,MINN,8.0,237.0,Milwaukee Brewers,university of minnesota,True
2024,sa3040437,Zack Ramppen,SF,,,,,False
2023,sa3042332,Zack Simon,UNLV,,,,,False
2023,sa3043117,Zack Stewart,MOST,,,,,False
2024,sa3043117,Zack Stewart,MOST,,,,,False
2025,sa3043117,Zack Stewart,MOST,,,,,False
2023,sa3043438,Zack Sylvester,HALL,,,,,False
2024,sa3043438,Zack Sylvester,HALL,,,,,False
2025,sa3060750,Zack Thompson,MER,,,,,False
2023,sa3045093,Zack Whitacre,RAD,,,,,False
2024,sa3045093,Zack Whitacre,RAD,,,,,False
2025,sa3028568,Zackarie Casebonne,DART,,,,,False
2021,sa3044687,Zaid Walker,MSU,,,,,False
2022,sa3044687,Zaid Walker,MSU,,,,,False
2025,sa3059330,Zak Goodwin,EIU,,,,,False
2023,sa3032529,Zak Gould,UIC,,,,,False
2024,sa3042401,Zak Skinner,LAM,,,,,False
2025,sa3042401,Zak Skinner,LAM,,,,,False
2023,sa3025549,Zander Darby,UCSB,,,,,False
2024,sa3025549,Zander Darby,UCSB,,,,,False
2024,sa3041910,Zander Sechrist,TENN,,,,,False
2024,sa3039588,Zandt Payne,ACU,,,,,False
2025,sa3039588,Zandt Payne,ACU,,,,,False
2024,sa3025773,Zane Adams,ALA,,,,,False
2025,sa3025773,Zane Adams,ALA,,,,,False
2025,sa3058751,Zane Brown,BEL,,,,,False
2025,sa3058987,Zane Danielson,PFW,,,,,False
2021,sa3030168,Zane Denton,ALA,,,,,False
2022,sa3030168,Zane Denton,ALA,,,,,False
2023,sa3030168,Zane Denton,TENN,,,,,False
2021,sa3033316,Zane Harris,WRST,,,,,False
2022,sa3033316,Zane Harris,WRST,,,,,False
2025,sa3035236,Zane Kelly,SDSU,,,,,False
2021,sa3017535,Zane Mills,WSU,4.0,120.0,St. Louis Cardinals,washington state university,True
2023,sa3023062,Zane Morehouse,TEX,14.0,428.0,Cleveland Guardians,university of texas at austin,True
2025,sa3039843,Zane Petty,TTU,18.0,552.0,Cleveland Guardians,texas tech university,True
2021,sa3040360,Zane Raba,NAVY,,,,,False
2022,sa3040360,Zane Raba,NAVY,,,,,False
2024,sa3040360,Zane Raba,NAVY,,,,,False
2025,sa3042849,Zane Spinn,LAM,,,,,False
2022,sa3043592,Zane Taylor,UNCW,,,,,False
2023,sa3043592,Zane Taylor,UNCW,,,,,False
2024,sa3043592,Zane Taylor,UNCW,,,,,False
2025,sa3043592,Zane Taylor,UNCW,,,,,False
2023,sa3045857,Zane Zielinski,UIC,,,,,False
2024,sa3045857,Zane Zielinski,UIC,9.0,268.0,San Francisco Giants,university of illinois at chicago,True
2021,sa3038322,Zavier Moore,SOU,,,,,False
2024,sa3027594,Zayd Brannigan,WKU,,,,,False
2021,sa3025786,Zeb Adreon,IOWA,,,,,False
2024,sa3025935,Zeb Allen,CARK,,,,,False
2025,sa3025935,Zeb Allen,CARK,,,,,False
2021,sa3041127,Zeb Roos,WOF,,,,,False
2025,sa3041257,Zeb Ruddell,LT,,,,,False
2021,31827,Zebby Matthews,WCU,,,,,False
2022,31827,Zebby Matthews,WCU,8.0,234.0,Minnesota Twins,western carolina university,True
2022,sa3028083,Zeddric Burnham,FAMU,,,,,False
2021,sa3045548,Zeke Wood,TXST,,,,,False
2022,sa3045548,Zeke Wood,TXST,,,,,False
2023,sa3045548,Zeke Wood,TXST,,,,,False
2021,sa3041406,Zerek Saenz,NMSU,,,,,False
2023,sa3041406,Zerek Saenz,RGV,,,,,False
2024,sa3041154,Zion Rose,LOU,,,,,False
2025,sa3041154,Zion Rose,LOU,,,,,False
2025,sa3060936,Zion Williams,LMU,,,,,False
2023,sa3025391,Emilien Pitre,UK,,,,,False
2024,sa3025391,Emilien Pitre,UK,2.0,58.0,Tampa Bay Rays,university of kentucky,True
2026,sa3025699,Trent Abel,CSUN,,,,,False
2026,sa3025707,Andrew Abler,HARV,,,,,False
2026,sa3025727,Jess Ackerman,MER,,,,,False
2026,sa3025773,Zane Adams,ALA,,,,,False
2026,sa3025777,Trent Adelman,VCU,,,,,False
2026,sa3025789,Jarren Advincula,GT,,,,,False
2026,sa3025800,Justus Agosto,UNA,,,,,False
2026,sa3025801,Adam Agresti,SJU,,,,,False
2026,sa3025811,Garrett Ahern,GCU,,,,,False
2026,sa3025816,Christian Aiello,RID,,,,,False
2026,sa3025818,TJ Aiken,ODU,,,,,False
2026,sa3025819,Addison Ainsworth,ARMY,,,,,False
2026,sa3025821,Parker Airhart,MUR,,,,,False
2026,sa3025835,Jaden Alba,ASU,,,,,False
2026,sa3025853,Tyler Albright,DUKE,,,,,False
2026,sa3025863,Chandler Alderman,MTSU,,,,,False
2026,sa3025872,Ben Alekson,FAIR,,,,,False
2026,sa3025880,Hunter Alexander,CARK,,,,,False
2026,sa3025898,Alex Alicea,LOU,,,,,False
2026,sa3025908,Cam Allen,WRST,,,,,False
2026,sa3025911,Colby Allen,USM,,,,,False
2026,sa3025912,Cooper Allen,UNCW,,,,,False
2026,sa3025932,Ty Allen,MINN,,,,,False
2026,sa3025935,Zeb Allen,CARK,,,,,False
2026,sa3025960,Kuhio Aloy,ARK,,,,,False
2026,sa3025974,David Alvarez,EKU,,,,,False
2026,sa3025987,Luke Alwood,SEA,,,,,False
2026,sa3026000,Lee Amedee,UL,,,,,False
2026,sa3026014,Easton Amundson,AKR,,,,,False
2026,sa3026039,Drake Anderson,UIW,,,,,False
2026,sa3026040,Garner Anderson,UTM,,,,,False
2026,sa3026061,Luke Anderson,BYU,,,,,False
2026,sa3026065,Michael Anderson,PSU,,,,,False
2026,sa3026082,Heath Andrews,NCSU,,,,,False
2026,sa3026094,Noah Andrunas,SLU,,,,,False
2026,sa3026126,Caden Aoki,UGA,,,,,False
2026,sa3026132,Evan Appelwick,M-OH,,,,,False
2026,sa3026133,Carson Applegate,JOES,,,,,False
2026,sa3026140,Marcus Aranda,ULM,,,,,False
2026,sa3026161,Sam Ardoin,NWST,,,,,False
2026,sa3026184,Nick Arias,ACU,,,,,False
2026,sa3026197,Jake Armsey,UPST,,,,,False
2026,sa3026212,Tyce Armstrong,BAY,,,,,False
2026,sa3026245,Casey Artigues,NICH,,,,,False
2026,sa3026262,Lenny Junior Ashby,UNM,,,,,False
2026,sa3026276,Trey Ates,ARMY,,,,,False
2026,sa3026320,Anthony Avalos,HCU,,,,,False
2026,sa3026336,David Ayers,BUT,,,,,False
2026,sa3026356,Jordan Bach,KU,,,,,False
2026,sa3026383,Clay Badylak,MTSU,,,,,False
2026,sa3026391,Nico Baez,DART,,,,,False
2026,sa3026413,Chris Baillargeon,CREI,,,,,False
2026,sa3026420,Brandon Bak,UIC,,,,,False
2026,sa3026422,Tyler Bak,SC,,,,,False
2026,sa3026457,Ryan Bakes,ILST,,,,,False
2026,sa3026471,Gavin Baldwin,NIU,,,,,False
2026,sa3026484,Connor Ball,STET,,,,,False
2026,sa3026523,Dylan Banner,ALB,,,,,False
2026,sa3026533,Joey Baran,PITT,,,,,False
2026,sa3026536,Danny Barbero,MCN,,,,,False
2026,sa3026543,Jake Barbour,UNCG,,,,,False
2026,sa3026547,Luke Bard,HCU,,,,,False
2026,sa3026558,Dalton Bargo,NCSU,,,,,False
2026,sa3026562,Garrison Barile,CHSO,,,,,False
2026,sa3026571,Colby Barker,MRMK,,,,,False
2026,sa3026603,Michael Barnett,UCLA,,,,,False
2026,sa3026605,Spencer Barnett,PSU,,,,,False
2026,sa3026616,Nick Barone,LIB,,,,,False
2026,sa3026619,Chris Barr,ARMY,,,,,False
2026,sa3026623,Kurt Barr,MICH,,,,,False
2026,sa3026625,Ty Barrango,CCU,,,,,False
2026,sa3026630,Diego Barrett,NCAT,,,,,False
2026,sa3026633,Gabriel Barrett,SF,,,,,False
2026,sa3026652,Walker Barron,ECU,,,,,False
2026,sa3026664,Blake Barthol,CCU,,,,,False
2026,sa3026693,Jack Basseer,USC,,,,,False
2026,sa3026696,Reese Bassinger,WVU,,,,,False
2026,sa3026739,Brant Baughcum,MER,,,,,False
2026,sa3026749,Christian Bauman,MSM,,,,,False
2026,sa3026751,Nico Baumbach,LR,,,,,False
2026,sa3026768,Max Bayles,SCU,,,,,False
2026,sa3026793,Brady Bean,PORT,,,,,False
2026,sa3026802,Trey Beard,FSU,,,,,False
2026,sa3026808,Chase Beattie,SLU,,,,,False
2026,sa3026825,Luis Becerra,CBU,,,,,False
2026,sa3026826,Temo Becerra,TEX,,,,,False
2026,sa3026828,Jake Bechtel,UNCW,,,,,False
2026,sa3026831,Chipper Beck,UVU,,,,,False
2026,sa3026838,Sam Beck,OMA,,,,,False
2026,sa3026842,Colten Becker,NDSU,,,,,False
2026,sa3026844,Eric Becker,UVA,,,,,False
2026,sa3026881,Adam Behrens,LMU,,,,,False
2026,sa3026900,David Bell,WES,,,,,False
2026,sa3026907,Jack Bell,TCU,,,,,False
2026,sa3026915,Tadan Bell,ETSU,,,,,False
2026,sa3026925,Jack Bello,MINN,,,,,False
2026,sa3026945,Brady Bendik,NAVY,,,,,False
2026,sa3026951,Seth Benes,LIN,,,,,False
2026,sa3026955,Alan Benhardt,WIN,,,,,False
2026,sa3026970,Gavin Bennett,VAL,,,,,False
2026,sa3026975,Jaylyn Bennett,ALCN,,,,,False
2026,sa3026995,Braden Benton,LAM,,,,,False
2026,sa3027005,Derek Benzinger,HALL,,,,,False
2026,sa3027007,Bryant Beranek,MTSU,,,,,False
2026,sa3027009,Eli Berch,LT,,,,,False
2026,sa3027014,Andrew Berg,ARMY,,,,,False
2026,sa3027019,Nick Bergamotto,SIE,,,,,False
2026,sa3027029,Austin Berggren,M-OH,,,,,False
2026,sa3027033,Carter Bergman,MOST,,,,,False
2026,sa3027046,Drew Berkland,ND,,,,,False
2026,sa3027073,Noah Berry,SAM,,,,,False
2026,sa3027081,Reid Bertram,GWEB,,,,,False
2026,sa3027091,Jackson Bessette,PUR,,,,,False
2026,sa3027108,Jack Beverly,MASS,,,,,False
2026,sa3027180,Tyler Bishop,OMA,,,,,False
2026,sa3027182,Tristan Bissetta,MISS,,,,,False
2026,sa3027205,Ryan Black,UGA,,,,,False
2026,sa3027209,Ben Blair,LIB,,,,,False
2026,sa3027222,Ethan Blakeney,NORF,,,,,False
2026,sa3027230,Evan Blanco,TENN,,,,,False
2026,sa3027236,Yates Bland,UNLV,,,,,False
2026,sa3027246,Bryce Blaser,ULM,,,,,False
2026,sa3027252,Cooper Blauser,JVST,,,,,False
2026,sa3027265,Bryce Blevins,MRSH,,,,,False
2026,sa3027276,Chase Bloomer,SIUE,,,,,False
2026,sa3027294,Folger Boaz,UNC,,,,,False
2026,sa3027298,Tanner Boccabello,BCU,,,,,False
2026,sa3027312,Garet Boehm,RICE,,,,,False
2026,sa3027320,Caden Bogenpohl,MOST,,,,,False
2026,sa3027362,Owen Bond,STMN,,,,,False
2026,sa3027364,Peyton Bonds,RUTG,,,,,False
2026,sa3027389,Casey Borba,TEX,,,,,False
2026,sa3027390,Ryan Borberg,DBU,,,,,False
2026,sa3027410,James Borsari,MRMK,,,,,False
2026,sa3027438,Evan Bottone,MRSH,,,,,False
2026,sa3027441,Alec Bouchard,WOF,,,,,False
2026,sa3027448,Evan Bouldin,DEL,,,,,False
2026,sa3027471,Karson Bowen,FLA,,,,,False
2026,sa3027475,Colton Bower,WASH,,,,,False
2026,sa3027503,Cameron Boyd,OHIO,,,,,False
2026,sa3027510,Landon Boyd,AFA,,,,,False
2026,sa3027532,Ryland Bozenhard,USA,,,,,False
2026,sa3027539,Ty Brachbill,HPU,,,,,False
2026,sa3027580,Kolby Branch,UGA,,,,,False
2026,sa3027588,Tommy Brandenburg,WASH,,,,,False
2026,sa3027650,Payton Brennan,UCLA,,,,,False
2026,sa3027665,Nathan Brewer,MTSU,,,,,False
2026,sa3027685,Trey Bridges,GRAM,,,,,False
2026,sa3027693,Noah Bright,MSU,,,,,False
2026,sa3027697,Niko Brini,WOF,,,,,False
2026,sa3027700,Matt Brinker,NE,,,,,False
2026,sa3027742,Nic Bronzini,LR,,,,,False
2026,sa3027759,Jack Brooks,ORE,,,,,False
2026,sa3027766,Noah Brooks,SIE,,,,,False
2026,sa3027788,Adam Brouwer,CIN,,,,,False
2026,sa3027813,Darrius Brown,UMES,,,,,False
2026,sa3027829,Gunnar Brown,UTSA,,,,,False
2026,sa3027844,Jake Brown,LSU,,,,,False
2026,sa3027864,Michael Brown,HOF,,,,,False
2026,sa3027884,Will Brown,FAMU,,,,,False
2026,sa3027893,Colin Brueggemann,OKST,,,,,False
2026,sa3027910,Chase Brunson,TCU,,,,,False
2026,sa3027922,Cam Bryant,OHIO,,,,,False
2026,sa3027938,Matt Bucciero,FAIR,,,,,False
2026,sa3027943,Seth Buchanan,VMI,,,,,False
2026,sa3027977,Jacob Budzik,UNCG,,,,,False
2026,sa3027979,Brendan Buecker,MONM,,,,,False
2026,sa3027993,Jason Buhl,WIU,,,,,False
2026,sa3027997,Jake Bullard,UNCO,,,,,False
2026,sa3028057,Brendan Burke,NORF,,,,,False
2026,sa3028066,Mac Burke,DART,,,,,False
2026,sa3028090,Nin Burns II,UNLV,,,,,False
2026,sa3028100,Drew Burress,GT,,,,,False
2026,sa3028111,Michael Burroughs,PV,,,,,False
2026,sa3028139,Liam Bushey,WIU,,,,,False
2026,sa3028144,Reggie Bussey,UNLV,,,,,False
2026,sa3028165,Jake Butler,GMU,,,,,False
2026,sa3028190,Carson Byers,M-OH,,,,,False
2026,sa3028199,Jaxon Byrd,UCR,,,,,False
2026,sa3028200,Kameron Byrd,SOU,,,,,False
2026,sa3028231,Isaac Cadena,USC,,,,,False
2026,sa3028242,Andrew Cain,ARIZ,,,,,False
2026,sa3028246,Harry Cain,KENN,,,,,False
2026,sa3028251,Joey Calabretti,SBU,,,,,False
2026,sa3028255,Ethan Calder,BAY,,,,,False
2026,sa3028277,Brendan Callanan,IONA,,,,,False
2026,sa3028295,Gabe Camacho,UCSD,,,,,False
2026,sa3028301,Griffin Cameron,GCU,,,,,False
2026,sa3028313,Jesus Campa,FAMU,,,,,False
2026,sa3028320,Cason Campbell,ARST,,,,,False
2026,sa3028321,Cade Campbell,CAL,,,,,False
2026,sa3028323,Cole Campbell,NJIT,,,,,False
2026,sa3028347,Dillon Can,NJIT,,,,,False
2026,sa3028366,Jack Cannon,LEM,,,,,False
2026,sa3028373,Donavan Canterberry,XAV,,,,,False
2026,sa3028382,Connor Capece,CREI,,,,,False
2026,sa3028384,James Capellupo,SBU,,,,,False
2026,sa3028387,Rafael Capistran,GRAM,,,,,False
2026,sa3028404,Joshua Caravalho,HCU,,,,,False
2026,sa3028427,Dylan Carey,NEB,,,,,False
2026,sa3028440,Cole Carlon,ASU,,,,,False
2026,sa3028451,Owen Carlson,COR,,,,,False
2026,sa3028464,Frankie Carney,UCI,,,,,False
2026,sa3028468,Jesiah carpenter,UMBC,,,,,False
2026,sa3028471,Kaden Carpenter,UVU,,,,,False
2026,sa3028479,Cade Carr,SAM,,,,,False
2026,sa3028494,Akili Carris,UNM,,,,,False
2026,sa3028498,Lorenzo Carrier,PITT,,,,,False
2026,sa3028512,Chase Carson,CLT,,,,,False
2026,sa3028513,Christopher Carson,STBK,,,,,False
2026,sa3028520,Bristol Carter,AUB,,,,,False
2026,sa3028547,Michael Caruso,GAST,,,,,False
2026,sa3028552,Chase Carver,BELL,,,,,False
2026,sa3028555,Robbie Carvelli,LEH,,,,,False
2026,sa3028566,David Case,MEM,,,,,False
2026,sa3028581,Steven Cash,JVST,,,,,False
2026,sa3028599,Trae Cassidy,MEM,,,,,False
2026,sa3028606,Diego Castellanos,SMC,,,,,False
2026,sa3028624,Ryan Castillo,UNM,,,,,False
2026,sa3028641,Tyler Castro,EIU,,,,,False
2026,sa3028658,Ciaran Caughey,KENT,,,,,False
2026,sa3028663,Jackson Cauthron,EKU,,,,,False
2026,sa3028665,Cooper Cavanaugh,DAV,,,,,False
2026,sa3028669,Gabriel Cavazonni,HALL,,,,,False
2026,sa3028674,Blake Cavill,TROY,,,,,False
2026,sa3028689,Trey Cehajic,TULN,,,,,False
2026,sa3028700,Bryce Cermenelli,MOST,,,,,False
2026,sa3028717,Evan Chaffee,SJU,,,,,False
2026,sa3028732,Bryce Chance,MSST,,,,,False
2026,sa3028736,Devin Chandler,ALST,,,,,False
2026,sa3028738,Smith Chandler,LBSU,,,,,False
2026,sa3028755,Manoah Chapman,UCR,,,,,False
2026,sa3028756,Noah Chapman,UNCG,,,,,False
2026,sa3028757,Reese Chapman,TENN,,,,,False
2026,sa3028760,Christian Charalambous,PRES,,,,,False
2026,sa3028785,Matthew Chatelle,RUTG,,,,,False
2026,sa3028801,Matthew Chavez,CBU,,,,,False
2026,sa3028816,Jeremy Cheeseman,FDU,,,,,False
2026,sa3028820,Ben Cherico,SLU,,,,,False
2026,sa3028850,Jackson Chirello,KENN,,,,,False
2026,sa3028857,Connor Chisolm,MUR,,,,,False
2026,sa3028866,Roch Cholowsky,UCLA,,,,,False
2026,sa3028877,Adam Christopher,CSUN,,,,,False
2026,sa3028881,Brody Chrisman,AKR,,,,,False
2026,sa3028904,Ashton Chronister,XAV,,,,,False
2026,sa3028920,Tristan Ciampa,SBU,,,,,False
2026,sa3028945,Joey Cirelli,BRAD,,,,,False
2026,sa3028949,Mason Cisco,CAN,,,,,False
2026,sa3028967,Ben Clark,OAK,,,,,False
2026,sa3028970,Carson Clark,MSM,,,,,False
2026,sa3028976,Collin Clarke,ORE,,,,,False
2026,sa3029013,Ben Cleary,SCU,,,,,False
2026,sa3029018,Ben Cleaver,UK,,,,,False
2026,sa3029063,Evan Cloyd,CSUB,,,,,False
2026,sa3029070,Colton Coates,LT,,,,,False
2026,sa3029105,Aidan Cohall,FIU,,,,,False
2026,sa3029106,Daniel Cohen,YALE,,,,,False
2026,sa3029125,A.J. Colarusso,BC,,,,,False
2026,sa3029126,Gio Colasante,HARV,,,,,False
2026,sa3029130,Chris Cole,KENN,,,,,False
2026,sa3029146,Matt Colella,LAF,,,,,False
2026,sa3029147,Aidan Coleman,ACU,,,,,False
2026,sa3029161,Parker Coley,WKU,,,,,False
2026,sa3029181,Gavin Collins,PENN,,,,,False
2026,sa3029184,Ian Collier,FAU,,,,,False
2026,sa3029190,Kain Collins,CHSO,,,,,False
2026,sa3029197,Sky Collins,FRES,,,,,False
2026,sa3029214,Vidal Colon,UIC,,,,,False
2026,sa3029219,Cooper Combs,ORU,,,,,False
2026,sa3029244,Tyler Conklin,EIU,,,,,False
2026,sa3029248,Trevor Conley,APSU,,,,,False
2026,sa3029259,Braden Connors,HC,,,,,False
2026,sa3029269,Cooper Consiglio,NCSU,,,,,False
2026,sa3029285,Daniel Contreras,ILL,,,,,False
2026,sa3029287,Nu'u Contrades,ASU,,,,,False
2026,sa3029312,Will Cook,SHU,,,,,False
2026,sa3029316,Henry Cooke,VT,,,,,False
2026,sa3029332,Ryan Cooney,ORE,,,,,False
2026,sa3029345,Thomas Cooper,VAL,,,,,False
2026,sa3029361,Eddie Copper,CLT,,,,,False
2026,sa3029368,Caleb Corbin,NDSU,,,,,False
2026,sa3029376,Antonio Cordeiro,SBU,,,,,False
2026,sa3029383,Joel Core,STET,,,,,False
2026,sa3029389,Brandt Corley,ULM,,,,,False
2026,sa3029398,Danny Corona,HOF,,,,,False
2026,sa3029436,Corey Costello,RAD,,,,,False
2026,sa3029440,Nick Costello,UCSD,,,,,False
2026,sa3029456,Caleb Cotton,SHSU,,,,,False
2026,sa3029474,Alec Couture,MONM,,,,,False
2026,sa3029476,Abbrie Covarrubias,USC,,,,,False
2026,sa3029477,Alejandro Covas,KENT,,,,,False
2026,sa3029483,Ty Cowan,WASH,,,,,False
2026,sa3029499,Shane Cox,MEM,,,,,False
2026,sa3029501,Tyler Cox,HOU,,,,,False
2026,sa3029502,Tyler Cox,HOF,,,,,False
2026,sa3029505,Marty Coyne,PENN,,,,,False
2026,sa3029514,Brooks Craigue,MRMK,,,,,False
2026,sa3029518,PJ Craig,RID,,,,,False
2026,sa3029522,Cole Cramer,TCU,,,,,False
2026,sa3029539,Trystan Crawford,LEH,,,,,False
2026,sa3029553,Javier Crespo,UCF,,,,,False
2026,sa3029563,Jack Crighton,CLEM,,,,,False
2026,sa3029584,Brian Crooms,GAST,,,,,False
2026,sa3029593,Jordan Crosland,MD,,,,,False
2026,sa3029601,Michael Crossland,UCSD,,,,,False
2026,sa3029603,Zach Crotchfelt,TROY,,,,,False
2026,sa3029616,Preston Crowl,VT,,,,,False
2026,sa3029655,Connor Cuff,SELA,,,,,False
2026,sa3029657,Drew Culbertson,MICH,,,,,False
2026,sa3029679,Jake Cumming,COPP,,,,,False
2026,sa3029703,Dylan Cupp,DBU,,,,,False
2026,sa3029708,Tristan Curless,ETSU,,,,,False
2026,sa3029721,Thomas Curry,UIC,,,,,False
2026,sa3029727,Jeric Curtis,SHSU,,,,,False
2026,sa3029730,Preston Curtis,HCU,,,,,False
2026,sa3029743,Andrew Cutler,GW,,,,,False
2026,sa3029746,Garrett Cutting,YSU,,,,,False
2026,sa3029748,Daniel Cuvet,MIA,,,,,False
2026,sa3029750,Blake Cyr,FLA,,,,,False
2026,sa3029770,Jordan Dahlof,OAK,,,,,False
2026,sa3029783,Maddix Dalena,CONN,,,,,False
2026,sa3029808,John Damozonio,SMC,,,,,False
2026,sa3029827,Pete Daniel,VT,,,,,False
2026,sa3029828,Phillips Daniels,CIT,,,,,False
2026,sa3029833,Wyatt Danilowicz,LOU,,,,,False
2026,sa3029893,Champ Davis,WOF,,,,,False
2026,sa3029911,Jayden Davis,PSU,,,,,False
2026,sa3029923,Martell Davis,ORU,,,,,False
2026,sa3029939,Sean Davis,IONA,,,,,False
2026,sa3029959,Lucas Day,OAK,,,,,False
2026,sa3029989,Riley DeCandido,LIB,,,,,False
2026,sa3029991,Jason DeCaro,UNC,,,,,False
2026,sa3029994,Sam DeCarlo,WASH,,,,,False
2026,sa3029995,Justin DeCastro,LIU,,,,,False
2026,sa3030020,Nico Defazio,HCU,,,,,False
2026,sa3030022,Dante DeFranco,VCU,,,,,False
2026,sa3030029,Carter DeGondea,GASO,,,,,False
2026,sa3030038,Tony DeJesus,UIW,,,,,False
2026,sa3030047,Juan De la Cruz,STET,,,,,False
2026,sa3030057,Joseph Delanzo,UML,,,,,False
2026,sa3030066,Oliver De La Torre,CAL,,,,,False
2026,sa3030080,Abdriel Delgado,JAX,,,,,False
2026,sa3030106,Eddie Del Valle,DSU,,,,,False
2026,sa3030111,Alec DeMartino,CLT,,,,,False
2026,sa3030118,AJ DeMastrie,DART,,,,,False
2026,sa3030134,Evan Dempsey,FGCU,,,,,False
2026,sa3030177,Drew Deremer,MUR,,,,,False
2026,sa3030205,Yohann Dessureault,STET,,,,,False
2026,sa3030211,Teddy Deters,CREI,,,,,False
2026,sa3030224,Kenton Deverman,EVAN,,,,,False
2026,sa3030237,Amman Dewberry,PRES,,,,,False
2026,sa3030255,Chris Diaz,FGCU,,,,,False
2026,sa3030259,Diego Diaz,UTSA,,,,,False
2026,sa3030278,Cardel Dick,OMA,,,,,False
2026,sa3030288,Tim Dickinson,JOES,,,,,False
2026,sa3030296,Harrison Didawick,UVA,,,,,False
2026,sa3030300,Liam Diehl,TOW,,,,,False
2026,sa3030307,Hunter Dietz,ARK,,,,,False
2026,sa3030315,Chase Diggins,OMA,,,,,False
2026,sa3030334,DJ Dillehay,BRWN,,,,,False
2026,sa3030335,Jacob Dilley,UNCG,,,,,False
2026,sa3030336,Parker Dillhoff,UNLV,,,,,False
2026,sa3030355,Michael DiMartini,DUKE,,,,,False
2026,sa3030368,Chris DiPrima,YALE,,,,,False
2026,sa3030371,Nick DiRito,APP,,,,,False
2026,sa3030439,Chris Domke,OSU,,,,,False
2026,sa3030463,Joey Donnelly,FOR,,,,,False
2026,sa3030468,Gavin Donohue,SHU,,,,,False
2026,sa3030470,Ronan Donohue,SHU,,,,,False
2026,sa3030493,Kaiden Dossa,YALE,,,,,False
2026,sa3030501,Brandon Doubek,LAF,,,,,False
2026,sa3030511,Ryan Douglas,STO,,,,,False
2026,sa3030519,Aidan Dowd,FOR,,,,,False
2026,sa3030520,Brayden Dowd,FSU,,,,,False
2026,sa3030524,Easton Dowell,MCN,,,,,False
2026,sa3030537,Chris Downs,CP,,,,,False
2026,sa3030543,Jacob Doyle,NEV,,,,,False
2026,sa3030589,Peter Dubie,BRWN,,,,,False
2026,sa3030596,Antonio Ducatelli,CCSU,,,,,False
2026,sa3030600,Jacob Dudan,NCSU,,,,,False
2026,sa3030609,Jake Duer,TA&M,,,,,False
2026,sa3030619,Joseph Duffield,MAN,,,,,False
2026,sa3030629,Nick Dugan,STAN,,,,,False
2026,sa3030631,Cashel Duggar,UCLA,,,,,False
2026,sa3030642,Caden Dulin,PITT,,,,,False
2026,sa3030647,Marco Dumsky,DART,,,,,False
2026,sa3030651,Andrew Duncan,WRST,,,,,False
2026,sa3030683,Kade Dupont,ULM,,,,,False
2026,sa3030689,Beau Durbin,LAM,,,,,False
2026,sa3030695,Kam Durnin,MIZ,,,,,False
2026,sa3030697,Brian Duroff,ELON,,,,,False
2026,sa3030717,Macaddin Dye,ODU,,,,,False
2026,sa3030720,Caylon Dygert,UTA,,,,,False
2026,sa3030739,Luke Earnhardt,WIN,,,,,False
2026,sa3030751,Elliot Eaton,PRIN,,,,,False
2026,sa3030769,Mason Eckelman,OSU,,,,,False
2026,sa3030773,Thad Ector,GWEB,,,,,False
2026,sa3030775,Kyle Eddington,UMBC,,,,,False
2026,sa3030796,Will Edmunson,ORU,,,,,False
2026,sa3030815,Kameron Edwards,LIN,,,,,False
2026,sa3030819,Mason Edwards,USC,,,,,False
2026,sa3030832,Tommy Egan,TROY,,,,,False
2026,sa3030839,CJ Egrie,HC,,,,,False
2026,sa3030857,Tommy Eisenstat,GONZ,,,,,False
2026,sa3030877,Michael Elko,RICH,,,,,False
2026,sa3030887,Hunter Elliott,MISS,,,,,False
2026,sa3030900,Lee Ellis,OSU,,,,,False
2026,sa3030904,Oliver Ellison,GWEB,,,,,False
2026,sa3030905,Ryan Ellis,SAC,,,,,False
2026,sa3030912,Luke Elmore,AFA,,,,,False
2026,sa3030951,Patrick Engskov,ARST,,,,,False
2026,sa3030977,Zach Erdman,PUR,,,,,False
2026,sa3031032,Xavier Esquer,UCSB,,,,,False
2026,sa3031035,Owen Estabrook,COLU,,,,,False
2026,sa3031047,Gaines Estridge,AFA,,,,,False
2026,sa3031055,Jase Evangelista,UNLV,,,,,False
2026,sa3031058,Andrew Evans,SIU,,,,,False
2026,sa3031060,Brayden Evans,LAM,,,,,False
2026,sa3031065,Charlie Evans,APP,,,,,False
2026,sa3031074,Jarvis Evans,PUR,,,,,False
2026,sa3031080,Robert Evans,MIA,,,,,False
2026,sa3031081,Rylan Evans,PAC,,,,,False
2026,sa3031082,Tate Evans,YALE,,,,,False
2026,sa3031150,Dylan Farley,ARST,,,,,False
2026,sa3031162,Tommy Farmer IV,UCI,,,,,False
2026,sa3031173,Zac Farrell,ARMY,,,,,False
2026,sa3031182,Vincent Fattore,ELON,,,,,False
2026,sa3031196,Austin Fawley,MISS,,,,,False
2026,sa3031198,Tyler Fay,ALA,,,,,False
2026,sa3031214,Cole Fehrman,JOES,,,,,False
2026,sa3031217,Harrison Feinberg,NE,,,,,False
2026,sa3031222,Justin Feld,GONZ,,,,,False
2026,sa3031229,Cole Fellows,COLU,,,,,False
2026,sa3031237,Trey Fenderson,PITT,,,,,False
2026,sa3031240,Connor Fennell,VAN,,,,,False
2026,sa3031256,Alex Fernandes,SJSU,,,,,False
2026,sa3031274,Frankie Ferrentino,CCSU,,,,,False
2026,sa3031286,Thomas Ferroggiaro,SCU,,,,,False
2026,sa3031309,Andrew Fierro,MRST,,,,,False
2026,sa3031310,Abdriel Figueroa,USI,,,,,False
2026,sa3031318,Josue Figueroa,FAMU,,,,,False
2026,sa3031326,Luke Filippi,ALB,,,,,False
2026,sa3031330,Nick Finarelli,LIU,,,,,False
2026,sa3031341,Carter Fink,NIA,,,,,False
2026,sa3031370,Samuel Fischer,FIU,,,,,False
2026,sa3031377,Cal Fisher,FSU,,,,,False
2026,sa3031379,Colin Fisher,ARK,,,,,False
2026,sa3031394,Jonathan Fitz,XAV,,,,,False
2026,sa3031401,Colin Fitzgerald,PSU,,,,,False
2026,sa3031406,JW Fitzgerald,SHU,,,,,False
2026,sa3031417,Grayson Fitzwater,VMI,,,,,False
2026,sa3031419,Zach Fjelstad,UCI,,,,,False
2026,sa3031421,Luc Fladda,ARIZ,,,,,False
2026,sa3031423,Matt Flaharty,UTAH,,,,,False
2026,sa3031459,Jackson Flora,UCSB,,,,,False
2026,sa3031491,Billy Fluharty,BUCK,,,,,False
2026,sa3031510,Brian Foley,UML,,,,,False
2026,sa3031540,Henry Ford,TENN,,,,,False
2026,sa3031593,Bryce Fowler,ALA,,,,,False
2026,sa3031621,Austin Francis,NJIT,,,,,False
2026,sa3031628,Jake Francis,VILL,,,,,False
2026,sa3031637,Ryan Franden,SHSU,,,,,False
2026,sa3031677,Ty Fredo,MSM,,,,,False
2026,sa3031687,Jackson Freeman,NU,,,,,False
2026,sa3031698,Gehrig Frei,MSST,,,,,False
2026,sa3031716,Ayden Frey,SJU,,,,,False
2026,sa3031726,Pierce Friedman,ME,,,,,False
2026,sa3031733,Easton Fritcher,STMN,,,,,False
2026,sa3031735,Drake Frize,USD,,,,,False
2026,sa3031736,Kyle Froehlich,TXST,,,,,False
2026,sa3031740,Ryan Frontera,HALL,,,,,False
2026,sa3031775,Patrick Fultz,WRST,,,,,False
2026,sa3031785,Noah Furcht,OSU,,,,,False
2026,sa3031794,Will Furniss,MISS,,,,,False
2026,sa3031812,Gabe Gaeckle,ARK,,,,,False
2026,sa3031815,Luke Gaffney,CLEM,,,,,False
2026,sa3031841,Joey Gale,JOES,,,,,False
2026,sa3031849,Gavin Gallaher,UNC,,,,,False
2026,sa3031852,Matt Gallant,CHSO,,,,,False
2026,sa3031859,Will Gallagher,RID,,,,,False
2026,sa3031869,Jacob Galloway,ORST,,,,,False
2026,sa3031872,Rashawn Galloway,TXST,,,,,False
2026,sa3031893,Gianni Gambradella,ME,,,,,False
2026,sa3031904,Nick Garagozzo,GAST,,,,,False
2026,sa3031909,Kyle Garbowski,QUIN,,,,,False
2026,sa3031915,AJ Garcia,BRAD,,,,,False
2026,sa3031931,Ellis Garcia,BRY,,,,,False
2026,sa3031981,Bradley Garner,VMI,,,,,False
2026,sa3031986,Seth Garner,MEM,,,,,False
2026,sa3032007,Tripp Garrish,AFA,,,,,False
2026,sa3032018,Alejandro Garza,CP,,,,,False
2026,sa3032021,Eddie Garza,TNTC,,,,,False
2026,sa3032023,Manny Garza,TNTC,,,,,False
2026,sa3032028,Blake Gaskey,NIU,,,,,False
2026,sa3032034,Will Gasparino,UCLA,,,,,False
2026,sa3032048,Sam Gates,VT,,,,,False
2026,sa3032052,J.J. Gatti,ODU,,,,,False
2026,sa3032060,Andrew Gauna,USD,,,,,False
2026,sa3032082,Braden Gebhardt,YSU,,,,,False
2026,sa3032096,Jake Geis,LMU,,,,,False
2026,sa3032103,Scott Gell,STBK,,,,,False
2026,sa3032137,Ryan Gerety,NE,,,,,False
2026,sa3032145,Davis Germann,MORE,,,,,False
2026,sa3032158,James Geshel,EIU,,,,,False
2026,sa3032183,Ethan Gibson,VT,,,,,False
2026,sa3032191,Michael Gibson,CIT,,,,,False
2026,sa3032197,Daniel Gierer,SIUE,,,,,False
2026,sa3032221,Ashtin Gilio,GTWN,,,,,False
2026,sa3032228,Brayden Gilley,WIN,,,,,False
2026,sa3032231,Davis Gillespie,USM,,,,,False
2026,sa3032234,Jimmy Gilleran,STO,,,,,False
2026,sa3032252,Jace Gillmore,SCU,,,,,False
2026,sa3032336,Landon Godsey,BEL,,,,,False
2026,sa3032373,Taeg Gollert,MOST,,,,,False
2026,sa3032408,Daniel Gonzalez,USA,,,,,False
2026,sa3032438,Renzo Gonzalez,STET,,,,,False
2026,sa3032453,Chris Goode,MRMK,,,,,False
2026,sa3032471,Tommy Googins,PRIN,,,,,False
2026,sa3032506,Javier Gorostola,FGCU,,,,,False
2026,sa3032511,Keevyn Goss,GRAM,,,,,False
2026,sa3032514,Miles Gosztola,ORE,,,,,False
2026,sa3032552,AJ Gracia,UVA,,,,,False
2026,sa3032556,Shea Grady,HALL,,,,,False
2026,sa3032567,Gavin Grahovac,TA&M,,,,,False
2026,sa3032573,Caleb Granger,FAMU,,,,,False
2026,sa3032600,Matthew Graveline,WVU,,,,,False
2026,sa3032623,Michael Graziano,MER,,,,,False
2026,sa3032653,Elijah Green,NKU,,,,,False
2026,sa3032664,Jason Green,NIA,,,,,False
2026,sa3032681,Gavin Greger,BRY,,,,,False
2026,sa3032688,Gus Gregory,WRST,,,,,False
2026,sa3032693,Nic Gregson,UCSD,,,,,False
2026,sa3032703,Tyler Grenn,NAVY,,,,,False
2026,sa3032713,Conner Griffin,BING,,,,,False
2026,sa3032714,Colton Griffin,TCU,,,,,False
2026,sa3032715,Elijah Griffith,AKR,,,,,False
2026,sa3032716,Evan Griffis,ARST,,,,,False
2026,sa3032724,Ryan Griffin,NE,,,,,False
2026,sa3032725,Sam Griffith,OAK,,,,,False
2026,sa3032726,Tanner Griffith,SMC,,,,,False
2026,sa3032754,Carter Groen,LAS,,,,,False
2026,sa3032769,Chazz Grossington,WIN,,,,,False
2026,sa3032788,Nick Groves,ILL,,,,,False
2026,sa3032800,Ryan Grundy,HC,,,,,False
2026,sa3032815,Adam Guazzo,VAL,,,,,False
2026,sa3032822,Blake Guerin,USA,,,,,False
2026,sa3032827,Jack Guerrero,JMU,,,,,False
2026,sa3032828,JT Guerrero,GCU,,,,,False
2026,sa3032831,Sergio Guerra,TAR,,,,,False
2026,sa3032834,Eric Guevara,AUB,,,,,False
2026,sa3032848,Rocco Gump,CREI,,,,,False
2026,sa3032858,Michael Gupton,MEM,,,,,False
2026,sa3032862,Cameron Gurney,UTAH,,,,,False
2026,sa3032869,Jaden Gustafson,WICH,,,,,False
2026,sa3032875,Auggie Gutierrez,UCI,,,,,False
2026,sa3032876,Diego Gutierrez,USD,,,,,False
2026,sa3032879,Jacob Gutierrez,CSUB,,,,,False
2026,sa3032881,Jesse Gutierrez,SJSU,,,,,False
2026,sa3032890,James Guyette,KSU,,,,,False
2026,sa3032893,Armani Guzman,WVU,,,,,False
2026,sa3032903,Randy Guzman,WIN,,,,,False
2026,sa3032912,Matthias Haas,TULN,,,,,False
2026,sa3032918,Adam Haber,GAST,,,,,False
2026,sa3032932,Justin Hackett,BRY,,,,,False
2026,sa3032936,Christopher Hacopian,TA&M,,,,,False
2026,sa3032961,Kevin Hager,COR,,,,,False
2026,sa3032962,Jake Haggard,ULM,,,,,False
2026,sa3032976,Carter Hain,OAK,,,,,False
2026,sa3032981,Reid Haire,EVAN,,,,,False
2026,sa3032991,Josh Halcisak,MSM,,,,,False
2026,sa3032998,Royce Hale,SEA,,,,,False
2026,sa3032999,Gage Haley,LR,,,,,False
2026,sa3033006,Maddox Haley,GONZ,,,,,False
2026,sa3033035,Kevin Hall,UAB,,,,,False
2026,sa3033041,Regan Hall,ILL,,,,,False
2026,sa3033047,Austin Haller,WKU,,,,,False
2026,sa3033048,Katcher Halligan,HCU,,,,,False
2026,sa3033059,Jackson Halter,MRSH,,,,,False
2026,sa3033073,Brady Hamilton,WICH,,,,,False
2026,sa3033076,Davis Hamilton,MINN,,,,,False
2026,sa3033080,Ethan Hamill,COR,,,,,False
2026,sa3033088,Sean Hamilton,HOF,,,,,False
2026,sa3033096,Elijha Hammill,NIA,,,,,False
2026,sa3033098,Brycen Hammonds,AAMU,,,,,False
2026,sa3033104,Luke Hammond,XAV,,,,,False
2026,sa3033114,Parker Hampton,NORF,,,,,False
2026,sa3033158,Cole Hansen,ELON,,,,,False
2026,sa3033170,Trevor Hansen,MAN,,,,,False
2026,sa3033171,Trevor Hansen,UCI,,,,,False
2026,sa3033175,Max Hansmann,EVAN,,,,,False
2026,sa3033178,Davis Hanson,YALE,,,,,False
2026,sa3033231,Drew Harlow,MRSH,,,,,False
2026,sa3033233,Dawson Harman,SC,,,,,False
2026,sa3033238,Trevor Harmon,SF,,,,,False
2026,sa3033250,Thomas Harper,ILST,,,,,False
2026,sa3033252,Michael Harpster,ETSU,,,,,False
2026,sa3033286,Jackson Harris,SAM,,,,,False
2026,sa3033287,Josiah Harrison,NORF,,,,,False
2026,sa3033288,KaiKea Harrison,TULN,,,,,False
2026,sa3033295,Luke Harrison,TEX,,,,,False
2026,sa3033301,Sam Harris,UVA,,,,,False
2026,sa3033306,Tommy Harrison,M-OH,,,,,False
2026,sa3033313,Tyler Harrington,MEM,,,,,False
2026,sa3033346,Tyler Hartley,MRST,,,,,False
2026,sa3033349,Colton Hartman,LOU,,,,,False
2026,sa3033350,Erich Hartmann,RID,,,,,False
2026,sa3033352,Lucas Hartman,UVA,,,,,False
2026,sa3033353,Max Hartman,WSU,,,,,False
2026,sa3033361,Jake Harvey,NEV,,,,,False
2026,sa3033398,Max Haug,GW,,,,,False
2026,sa3033418,AJ Havrilla,MRSH,,,,,False
2026,sa3033439,Lane Haworth,UTSA,,,,,False
2026,sa3033452,Kyle Hayes,WKU,,,,,False
2026,sa3033458,Henry Hayman,AKR,,,,,False
2026,sa3033463,James Hays,STET,,,,,False
2026,sa3033507,Brian Heckelman,TOW,,,,,False
2026,sa3033518,Mitchell Heer,USA,,,,,False
2026,sa3033519,Andrew Heffernan,BGSU,,,,,False
2026,sa3033556,Ryder Helfrick,ARK,,,,,False
2026,sa3033569,Tristan Helmick,LAF,,,,,False
2026,sa3033600,Rhett Hendricks,HCU,,,,,False
2026,sa3033616,Mark Henning,SFA,,,,,False
2026,sa3033617,Tim Hennig,BING,,,,,False
2026,sa3033638,Ryan Henschel,URI,,,,,False
2026,sa3033640,Mark Henshon,BRWN,,,,,False
2026,sa3033650,Will Henson,OHIO,,,,,False
2026,sa3033676,Gabriel Hernandez,CSUN,,,,,False
2026,sa3033678,Javon Hernandez,MEM,,,,,False
2026,sa3033679,Jaylen Hernandez,WIN,,,,,False
2026,sa3033700,Chase Herrell,USC,,,,,False
2026,sa3033711,Andrew Herrmann,UL,,,,,False
2026,sa3033741,Marcus Heusohn,MCN,,,,,False
2026,sa3033743,Carter Hewitt,ARMY,,,,,False
2026,sa3033751,Josh Heyder,SIUE,,,,,False
2026,sa3033755,Sam Heyman,BEL,,,,,False
2026,sa3033779,Ben Higdon,USM,,,,,False
2026,sa3033791,Nolan Higgins,MSU,,,,,False
2026,sa3033801,Kaden Hilburger,BRY,,,,,False
2026,sa3033822,Jack Hill,ORU,,,,,False
2026,sa3033838,Trent Hillen,NWST,,,,,False
2026,sa3033849,Jackson Hinchliffe,RICH,,,,,False
2026,sa3033852,Ethan Hindle,UK,,,,,False
2026,sa3033884,Sam Hliboki,NU,,,,,False
2026,sa3033888,Chris Hoalcraft,SBU,,,,,False
2026,sa3033917,Erik Hoffberg,GONZ,,,,,False
2026,sa3033941,Cam Hoiland,CP,,,,,False
2026,sa3033946,Elias Holbert,VCU,,,,,False
2026,sa3033949,Reece Holbrook,COFC,,,,,False
2026,sa3033951,Braden Holcomb,VAN,,,,,False
2026,sa3033952,Huxley Holcombe,COR,,,,,False
2026,sa3033973,Brendan Holland,JAX,,,,,False
2026,sa3034000,Kai Holm,LIP,,,,,False
2026,sa3034015,Will Holmes,CIT,,,,,False
2026,sa3034020,Brennan Holt,ALA,,,,,False
2026,sa3034032,Mason Holton,WCU,,,,,False
2026,sa3034078,Jack Hopko,URI,,,,,False
2026,sa3034088,Zack Horky,BGSU,,,,,False
2026,sa3034091,Darin Horn,CCU,,,,,False
2026,sa3034092,David Horn,MTSU,,,,,False
2026,sa3034098,Ty Horn,NEB,,,,,False
2026,sa3034112,John Horton,UNCG,,,,,False
2026,sa3034119,Mason Horwat,PSU,,,,,False
2026,sa3034135,Bayram Hot,LOU,,,,,False
2026,sa3034159,Cole Howarth,CBU,,,,,False
2026,sa3034162,Drew Howard,WMU,,,,,False
2026,sa3034173,Tyler Howard,UCD,,,,,False
2026,sa3034205,Bryce Hubbard,ORST,,,,,False
2026,sa3034227,Brennan Hudson,UGA,,,,,False
2026,sa3034232,Todd Hudson,CLT,,,,,False
2026,sa3034267,Logan Hughes,TTU,,,,,False
2026,sa3034286,Owen Hull,UNC,,,,,False
2026,sa3034308,Riley Hunsaker,CBU,,,,,False
2026,sa3034320,Wyatt Hunt,MONM,,,,,False
2026,sa3034330,Ryan Hunter,SOU,,,,,False
2026,sa3034343,Bryker Hurdsman,BYU,,,,,False
2026,sa3034356,Nick Husovsky,UCSB,,,,,False
2026,sa3034364,Jacob Hustedde,MUR,,,,,False
2026,sa3034390,Jayden Hylton,STET,,,,,False
2026,sa3034393,Colin Hynek,UNC,,,,,False
2026,sa3034408,Riley Iffrig,SLU,,,,,False
2026,sa3034412,Matt Ilgenfritz,GWEB,,,,,False
2026,sa3034414,Travis Ilitch,GTWN,,,,,False
2026,sa3034419,Jeffrey Ince,SAM,,,,,False
2026,sa3034429,Chase Ingram,UAB,,,,,False
2026,sa3034444,Charlie Iriotakis,W&M,,,,,False
2026,sa3034446,Alex Irizarry,QUIN,,,,,False
2026,sa3034457,Nate Isler,DART,,,,,False
2026,sa3034471,Victor Izquierdo,NAVY,,,,,False
2026,sa3034498,Jake Jackson,SDSU,,,,,False
2026,sa3034511,Matthew Jackson,STBK,,,,,False
2026,sa3034513,Miles Jackson,AAMU,,,,,False
2026,sa3034515,Riley Jackson,HOU,,,,,False
2026,sa3034540,Jordan Jaffe,LIB,,,,,False
2026,sa3034549,David James,SBU,,,,,False
2026,sa3034569,Jason Janesko,JOES,,,,,False
2026,sa3034577,Josh Janove,TOW,,,,,False
2026,sa3034592,Ryan Jaros,RUTG,,,,,False
2026,sa3034595,Jacob Jarrell,CLEM,,,,,False
2026,sa3034629,Jaxon Jelkin,UK,,,,,False
2026,sa3034641,Luke Jenkins,UNCG,,,,,False
2026,sa3034643,Niguel Jenkins,ALST,,,,,False
2026,sa3034651,Collin Jennings,ILL,,,,,False
2026,sa3034666,Eric Jeon,STAN,,,,,False
2026,sa3034667,Jace Jeremiah,SAC,,,,,False
2026,sa3034674,Ryder Jeske,TOW,,,,,False
2026,sa3034683,Jacob Jette,UML,,,,,False
2026,sa3034718,Caleb Johnson,JVST,,,,,False
2026,sa3034720,Cameron Johnson,OU,,,,,False
2026,sa3034721,Camden Johnson,OU,,,,,False
2026,sa3034727,Connor Johnston,URI,,,,,False
2026,sa3034741,Dylan Johnson,COFC,,,,,False
2026,sa3034753,Gunnar Johnson,BC,,,,,False
2026,sa3034756,Hasani Johnson,GRAM,,,,,False
2026,sa3034765,Jeb Johnson,MER,,,,,False
2026,sa3034783,Logan Johnstone,VAN,,,,,False
2026,sa3034785,Lucas Johnson,LONG,,,,,False
2026,sa3034786,Luke Johnson,COR,,,,,False
2026,sa3034789,Meade Johnson,SIU,,,,,False
2026,sa3034801,Peter Johnson,XAV,,,,,False
2026,sa3034802,Rett Johnson,USA,,,,,False
2026,sa3034804,Rj Johnson,RICH,,,,,False
2026,sa3034813,Tervell Johnson,AAMU,,,,,False
2026,sa3034822,Ty Johnson,BAY,,,,,False
2026,sa3034823,Ty Johnsen,UTU,,,,,False
2026,sa3034839,Andrew Jones,VMI,,,,,False
2026,sa3034853,Brogan Jones,LONG,,,,,False
2026,sa3034861,Charlie Jones,KENN,,,,,False
2026,sa3034863,Cole Jones,WCU,,,,,False
2026,sa3034867,Easton Jones,BYU,,,,,False
2026,sa3034871,Evan Jones,UCF,,,,,False
2026,sa3034880,Jayson Jones,WICH,,,,,False
2026,sa3034882,Jake Jones,CARK,,,,,False
2026,sa3034888,Kevin Jones,UNCW,,,,,False
2026,sa3034889,Kyle Jones,FLA,,,,,False
2026,sa3034936,Louis Jordan,CCSU,,,,,False
2026,sa3034956,Justin Journette,NORF,,,,,False
2026,sa3034993,Aaron Jungers,LIN,,,,,False
2026,sa3035010,Henry Kaczmar,OSU,,,,,False
2026,sa3035024,Jack Kail,COLU,,,,,False
2026,sa3035045,Titan Kamaka,MER,,,,,False
2026,sa3035060,Jordan Kang,HARV,,,,,False
2026,sa3035061,Sean Kang,SIUE,,,,,False
2026,sa3035079,Camden Karczewski,ILST,,,,,False
2026,sa3035081,Cadyn Karl,KSU,,,,,False
2026,sa3035083,Noah Karliner,UCSB,,,,,False
2026,sa3035095,Ryan Karst,INST,,,,,False
2026,sa3035098,Cody Kashimoto,SMC,,,,,False
2026,sa3035106,Torin Kassebaum,LIU,,,,,False
2026,sa3035111,Hunter Katschke,UVU,,,,,False
2026,sa3035112,Cooper Katskee,NEB,,,,,False
2026,sa3035116,Chris Katz,MER,,,,,False
2026,sa3035124,Tyson Kaufman,CAN,,,,,False
2026,sa3035131,Alex Kean,MORE,,,,,False
2026,sa3035146,Christian Keel,BRWN,,,,,False
2026,sa3035148,Tre Keels,LONG,,,,,False
2026,sa3035150,Hunter Keen,RAD,,,,,False
2026,sa3035184,Jack Kelley,VILL,,,,,False
2026,sa3035211,Cooper Kelly,ORU,,,,,False
2026,sa3035212,Frank Kelly,HPU,,,,,False
2026,sa3035236,Zane Kelly,SDSU,,,,,False
2026,sa3035253,Micah Kendrick,KSU,,,,,False
2026,sa3035262,Colton Kennedy,UVU,,,,,False
2026,sa3035263,Dee Kennedy,KSU,,,,,False
2026,sa3035276,Ryan Kennell,GWEB,,,,,False
2026,sa3035287,Zack Kent,BING,,,,,False
2026,sa3035297,Carson Kerce,GT,,,,,False
2026,sa3035299,Jake Kernodle,PRIN,,,,,False
2026,sa3035307,Richie Kerstetter,CCSU,,,,,False
2026,sa3035318,Brooks Kettering,SEMO,,,,,False
2026,sa3035338,Dom Kibler,MILW,,,,,False
2026,sa3035341,Ricky Kidd,WMU,,,,,False
2026,sa3035371,Cameron Kim,CSUF,,,,,False
2026,sa3035374,Justin Kim,PRIN,,,,,False
2026,sa3035414,Ryan King,URI,,,,,False
2026,sa3035419,Trey King,JVST,,,,,False
2026,sa3035428,Jaden Kinsler,JMU,,,,,False
2026,sa3035437,Andrew Kirchner,CSUF,,,,,False
2026,sa3035480,Kole Klecker,ASU,,,,,False
2026,sa3035487,Evan Kleinhans,COLU,,,,,False
2026,sa3035516,Hunter Klotz,KENT,,,,,False
2026,sa3035526,Aidan Knaak,CLEM,,,,,False
2026,sa3035547,Logan Knight,CIN,,,,,False
2026,sa3035549,Max Knight,MOST,,,,,False
2026,sa3035561,Preston Knott,UTA,,,,,False
2026,sa3035567,Payton Knowles,SEA,,,,,False
2026,sa3035613,Ryan Kolben,MASS,,,,,False
2026,sa3035630,Zack Konstantinovsky,RUTG,,,,,False
2026,sa3035634,Jake Koonin,PRIN,,,,,False
2026,sa3035635,Dylan Koontz,CLT,,,,,False
2026,sa3035642,Dylan Kordic,CP,,,,,False
2026,sa3035666,Rees Kozar,NIA,,,,,False
2026,sa3035687,Owen Kramkowski,ARIZ,,,,,False
2026,sa3035692,Chayton Krauss,DBU,,,,,False
2026,sa3035702,Jason Kreiger,ME,,,,,False
2026,sa3035708,Brodie Kresser,WVU,,,,,False
2026,sa3035717,Chase Krewson,RUTG,,,,,False
2026,sa3035729,Ryan Kroepel,UTU,,,,,False
2026,sa3035735,Karson Krowka,AMCC,,,,,False
2026,sa3035744,Dom Krupinski,M-OH,,,,,False
2026,sa3035748,Marcus Kruzan,MINN,,,,,False
2026,sa3035761,Ryan Kucherak,NU,,,,,False
2026,sa3035764,JP Kuczik,FAIR,,,,,False
2026,sa3035778,Jake Kulikowski,USF,,,,,False
2026,sa3035794,Cade Kurland,FLA,,,,,False
2026,sa3035798,Darin Kuskie,ODU,,,,,False
2026,sa3035818,Jorhan LaBoy,ALST,,,,,False
2026,sa3035829,Vahn Lackey,GT,,,,,False
2026,sa3035837,Raymond Ladd,RAD,,,,,False
2026,sa3035838,Cade Ladehoff,MICH,,,,,False
2026,sa3035844,Drew Lafferty,PITT,,,,,False
2026,sa3035846,John LaFleur,HC,,,,,False
2026,sa3035859,David Lally Jr.,MICH,,,,,False
2026,sa3035867,Andrew Lamb,USC,,,,,False
2026,sa3035873,Jake Lambdin,DUKE,,,,,False
2026,sa3035878,Garrett Lambert,MER,,,,,False
2026,sa3035904,Trevor Landen,UNCO,,,,,False
2026,sa3035908,Isaiah Landry,SF,,,,,False
2026,sa3035914,Carson Lane,UNLV,,,,,False
2026,sa3035917,Max Lane,HARV,,,,,False
2026,sa3035918,Michael Lane,DSU,,,,,False
2026,sa3035932,Tyler Lang,UPST,,,,,False
2026,sa3035939,Kyle Langley,JMU,,,,,False
2026,sa3035953,Brett Lanman,ACU,,,,,False
2026,sa3035957,Drew Lanphere,NCSU,,,,,False
2026,sa3035973,Dylan LaPointe,MER,,,,,False
2026,sa3035994,Garrett Larsen,YALE,,,,,False
2026,sa3035995,Ashton Larson,TEX,,,,,False
2026,sa3036014,Donovan LaSalle,UL,,,,,False
2026,sa3036054,Robbie Lavey,GW,,,,,False
2026,sa3036056,Luke Lavin,STAN,,,,,False
2026,sa3036069,Luke Lawrence,UK,,,,,False
2026,sa3036077,John Lawson,PV,,,,,False
2026,sa3036082,Chet Lax,WRST,,,,,False
2026,sa3036110,Matt Leahy,RID,,,,,False
2026,sa3036112,Cole Leaman,LEH,,,,,False
2026,sa3036129,Justin Lebron,ALA,,,,,False
2026,sa3036135,Kai Leckszas,GTWN,,,,,False
2026,sa3036136,Ryan LeClair,STO,,,,,False
2026,sa3036138,Talmadge LeCroy,SC,,,,,False
2026,sa3036165,Ryan Lee,UCD,,,,,False
2026,sa3036199,Nathan Leininger,TOL,,,,,False
2026,sa3036207,Brady LeJeune-DeAcutis,UMBC,,,,,False
2026,sa3036217,Andy Leon,DUKE,,,,,False
2026,sa3036223,Brooks Leonard,NWST,,,,,False
2026,sa3036245,Mason Lerma,UCD,,,,,False
2026,sa3036246,Brando Leroux,FAU,,,,,False
2026,sa3036259,Teige Lethert,VCU,,,,,False
2026,sa3036265,Rohan Lettow,SDSU,,,,,False
2026,sa3036284,Mulivai Levu,UCLA,,,,,False
2026,sa3036289,Andreaus Lewis II,MAN,,,,,False
2026,sa3036299,Hayden Lewis,WASH,,,,,False
2026,sa3036300,Hayden Lewis,OMA,,,,,False
2026,sa3036303,Jared Lewis,SF,,,,,False
2026,sa3036307,Kade Lewis,WAKE,,,,,False
2026,sa3036327,Robbie Liddington,TCU,,,,,False
2026,sa3036344,Will Linberg,CSUN,,,,,False
2026,sa3036347,Nathan Lincoln,MRST,,,,,False
2026,sa3036360,Peter Link,SHU,,,,,False
2026,sa3036371,Trent Liolios,TULN,,,,,False
2026,sa3036391,Branton Little,WOF,,,,,False
2026,sa3036417,Ethan Lizama,SC,,,,,False
2026,sa3036421,Alexander Llinas,LIP,,,,,False
2026,sa3036423,Jaxon Lloyd,LONG,,,,,False
2026,sa3036428,Nick LoBello,TOW,,,,,False
2026,sa3036429,Jayden Lobliner,USD,,,,,False
2026,sa3036433,Gauge Lockhart,SF,,,,,False
2026,sa3036437,Connor Lockwood,VAL,,,,,False
2026,sa3036439,Nick Locurto,VT,,,,,False
2026,sa3036464,Bradke Lohry,USF,,,,,False
2026,sa3036466,Drew Loikits,CMU,,,,,False
2026,sa3036523,Adrian Lopez,USC,,,,,False
2026,sa3036530,David Lopez,HCU,,,,,False
2026,sa3036555,Tracer Lopez,TTU,,,,,False
2026,sa3036559,Joseph LoPinto,CAN,,,,,False
2026,sa3036615,Cooper Loyal,ALB,,,,,False
2026,sa3036630,Brock Lucas,MOST,,,,,False
2026,sa3036633,Jaxon Lucas,LIB,,,,,False
2026,sa3036652,Jaylon Lucky,SOU,,,,,False
2026,sa3036662,Trey Ludy,RAD,,,,,False
2026,sa3036663,Reese Lueck,UNLV,,,,,False
2026,sa3036666,Johnny Luetzow,SCU,,,,,False
2026,sa3036679,Haden Luke,NICH,,,,,False
2026,sa3036702,Colby Lunsford,LT,,,,,False
2026,sa3036707,Luke Luskey,SDST,,,,,False
2026,sa3036719,Travis Lutz,LAM,,,,,False
2026,sa3036749,Alex Lyon,COFC,,,,,False
2026,sa3036754,Kendall Lyons,UIC,,,,,False
2026,sa3036758,Trenton Lyons,KENN,,,,,False
2026,sa3036781,Cort MacDonald,STAN,,,,,False
2026,sa3036785,Owen MacDonnell,LAS,,,,,False
2026,sa3036786,Ryan MacDougall,DAY,,,,,False
2026,sa3036835,Bear Madliak,KSU,,,,,False
2026,sa3036845,Isaiah Magdaleno,HAW,,,,,False
2026,sa3036850,Michael Maggio,ALB,,,,,False
2026,sa3036857,Adam Magpoc,SDSU,,,,,False
2026,sa3036909,Andrew Malec,MERC,,,,,False
2026,sa3036924,Tanner Mally,WMU,,,,,False
2026,sa3036932,Evan Maloney,URI,,,,,False
2026,sa3036940,Maddox Molony,ORE,,,,,False
2026,sa3036941,Mike Maloney,WMU,,,,,False
2026,sa3036948,JB Manarchuck,MSM,,,,,False
2026,sa3036951,Mike Mancini,VAN,,,,,False
2026,sa3036987,Andrew Manning,NAVY,,,,,False
2026,sa3036990,Lucas Manning,WOF,,,,,False
2026,sa3036999,Luke Mansy,UNM,,,,,False
2026,sa3037004,Jimmy Mantuano,FDU,,,,,False
2026,sa3037020,Andrew Marcello,CAN,,,,,False
2026,sa3037021,Chris Marcellus,GRAM,,,,,False
2026,sa3037032,Riley Marcotte,UNO,,,,,False
2026,sa3037043,Matthew Mariano,ALB,,,,,False
2026,sa3037044,Tre Mariano,ALB,,,,,False
2026,sa3037046,James Marino,QUIN,,,,,False
2026,sa3037053,Dylan Marionneaux,NWST,,,,,False
2026,sa3037058,Drew Markle,UL,,,,,False
2026,sa3037063,Brayden Marks,NDSU,,,,,False
2026,sa3037074,Ryan Marohn,NCSU,,,,,False
2026,sa3037078,Doug Marose,DEL,,,,,False
2026,sa3037106,Connor Marshburn,UNCW,,,,,False
2026,sa3037119,Tanner Marsh,LIB,,,,,False
2026,sa3037139,Brayden Martin,MD,,,,,False
2026,sa3037141,Carlos Martinez,HOF,,,,,False
2026,sa3037142,Carlos Martinez,UML,,,,,False
2026,sa3037143,Cade Martinez,USD,,,,,False
2026,sa3037174,Jace Martinez,SHSU,,,,,False
2026,sa3037203,Roman Martin,UCLA,,,,,False
2026,sa3037208,Shannon Martin,GRAM,,,,,False
2026,sa3037227,Kurt Marton,SAC,,,,,False
2026,sa3037260,Rowan Masse,UML,,,,,False
2026,sa3037269,Dillon Masters,OHIO,,,,,False
2026,sa3037272,Graham Mastros,ILST,,,,,False
2026,sa3037281,Anthony Mateo,AAMU,,,,,False
2026,sa3037288,Duncan Mathews,USA,,,,,False
2026,sa3037304,Andres Matias,APSU,,,,,False
2026,sa3037351,Matthew Maulik,STMN,,,,,False
2026,sa3037397,Cam Mazell,NORF,,,,,False
2026,sa3037398,Zach Mazoch,UTA,,,,,False
2026,sa3037405,Steven Mazza,MRST,,,,,False
2026,sa3037413,Shane McAlinden,CSUB,,,,,False
2026,sa3037417,Levi McAllister,ALB,,,,,False
2026,sa3037418,Tommy McAndrews,FOR,,,,,False
2026,sa3037419,Colter McAnelly,UTAH,,,,,False
2026,sa3037448,Duke McCarron,JOES,,,,,False
2026,sa3037467,Crew McChesney,BYU,,,,,False
2026,sa3037471,Tryston McCladdie,CLEM,,,,,False
2026,sa3037481,Slade McCloud,TAR,,,,,False
2026,sa3037507,James McCoy,GASO,,,,,False
2026,sa3037514,Maximus McCrary,MSM,,,,,False
2026,sa3037536,Kyle McDaniel,UTU,,,,,False
2026,sa3037542,Josh McDevitt,MIZ,,,,,False
2026,sa3037556,Parker McDonald,SAM,,,,,False
2026,sa3037563,Shamaar McDuffie,KENN,,,,,False
2026,sa3037565,Owen McElfatrick,NU,,,,,False
2026,sa3037584,Cade McGarrh,ACU,,,,,False
2026,sa3037617,Tristan McGregor,PRES,,,,,False
2026,sa3037624,Matthew McGurk,LIU,,,,,False
2026,sa3037627,Chris McHugh,NCSU,,,,,False
2026,sa3037628,Nate McHugh,CREI,,,,,False
2026,sa3037650,Ryan McKay,MSU,,,,,False
2026,sa3037653,Tate McKee,GT,,,,,False
2026,sa3037662,Jackson McKenzie,FAMU,,,,,False
2026,sa3037677,Bryce McKnight,SDSU,,,,,False
2026,sa3037707,Cavan McMeans,BEL,,,,,False
2026,sa3037795,Charlie Meglio,RUTG,,,,,False
2026,sa3037800,Evan Meier,MSM,,,,,False
2026,sa3037803,Steven Meier,TROY,,,,,False
2026,sa3037829,Ethan Melton,USA,,,,,False
2026,sa3037846,David Mendez,MD,,,,,False
2026,sa3037848,Jonathan Mendez,UCSB,,,,,False
2026,sa3037853,Wes Mendes,FSU,,,,,False
2026,sa3037860,Ethan Mendoza,TEX,,,,,False
2026,sa3037871,Joseph Mennella,WAG,,,,,False
2026,sa3037875,Aidan Meola,OKST,,,,,False
2026,sa3037892,LJ Mercurius,OU,,,,,False
2026,sa3037901,Gianno Merlonghi,CCSU,,,,,False
2026,sa3037905,DJ Merriweather,APSU,,,,,False
2026,sa3037921,Jack Messmore,YSU,,,,,False
2026,sa3037922,Gage Mestas,USD,,,,,False
2026,sa3037925,Jack Metcho,NEV,,,,,False
2026,sa3037927,Jared Mettam,SMC,,,,,False
2026,sa3037935,Logan Meusy,BRWN,,,,,False
2026,sa3037936,Sebastian Mexico,LT,,,,,False
2026,sa3037968,Jake Michalak,OSU,,,,,False
2026,sa3037994,Maddox Mihalakis,ARIZ,,,,,False
2026,sa3037997,Dean Mihos,CCU,,,,,False
2026,sa3038000,Brandon Mikos,YSU,,,,,False
2026,sa3038003,Jaxon Milam,NICH,,,,,False
2026,sa3038004,Steven Milam,LSU,,,,,False
2026,sa3038039,Chris Miller,DART,,,,,False
2026,sa3038058,Hayden Miller,BRAD,,,,,False
2026,sa3038072,Kameron Miller,APP,,,,,False
2026,sa3038113,Joey Milto,CMU,,,,,False
2026,sa3038133,Tyler Minnick,MTSU,,,,,False
2026,sa3038141,EJ Miramontes,NKU,,,,,False
2026,sa3038158,Luke Mistone,MUR,,,,,False
2026,sa3038164,Christian Mitchelle,CIN,,,,,False
2026,sa3038166,Gable Mitchell,IOWA,,,,,False
2026,sa3038168,Jackson Mitchell,BING,,,,,False
2026,sa3038171,Mack Mitchell,SIUE,,,,,False
2026,sa3038178,Walker Mitchell,CCU,,,,,False
2026,sa3038182,Anthony Mitta,BGSU,,,,,False
2026,sa3038196,Gavin Moczydlowsky,CMU,,,,,False
2026,sa3038214,Cristian Mogen,UNM,,,,,False
2026,sa3038219,Bryce Molinaro,PSU,,,,,False
2026,sa3038230,Isaiah Monge,WIU,,,,,False
2026,sa3038234,Carter Monke,MSU,,,,,False
2026,sa3038237,Marcus Monroe,SPU,,,,,False
2026,sa3038254,Cade Montgomery,MICH,,,,,False
2026,sa3038259,Kellan Montgomery,UCSB,,,,,False
2026,sa3038274,Easton Moomau,RGV,,,,,False
2026,sa3038282,Bryson Moore,FSU,,,,,False
2026,sa3038303,Lucas Moore,LOU,,,,,False
2026,sa3038314,Trevor Moore,STAN,,,,,False
2026,sa3038317,Tyvon Moore,PV,,,,,False
2026,sa3038324,Ethan Mooser,UNCO,,,,,False
2026,sa3038326,Chase Mora,TXST,,,,,False
2026,sa3038328,Nickolas Mora,IONA,,,,,False
2026,sa3038342,Landon Moran,UCF,,,,,False
2026,sa3038360,Brennan Morgan,AKR,,,,,False
2026,sa3038377,Felix Morin,CAN,,,,,False
2026,sa3038380,Kanoa Morisaki,CSUB,,,,,False
2026,sa3038389,Reece Moroney,URI,,,,,False
2026,sa3038400,Cam Morrison,STO,,,,,False
2026,sa3038441,Krayton Morse,WIU,,,,,False
2026,sa3038449,Isaac Morton,MINN,,,,,False
2026,sa3038467,Jake Moss,PENN,,,,,False
2026,sa3038469,Weston Moss,TA&M,,,,,False
2026,sa3038483,PJ Moutzouridis,ASU,,,,,False
2026,sa3038509,Alfred Mucciarone,UML,,,,,False
2026,sa3038511,Tyler Mudd,BC,,,,,False
2026,sa3038525,Dylan Mulcahy,SFA,,,,,False
2026,sa3038538,Nick Mullen,GW,,,,,False
2026,sa3038551,Drew Munn,CLT,,,,,False
2026,sa3038590,Mikey Murphy,CAM,,,,,False
2026,sa3038596,Tyler Murphy,FAU,,,,,False
2026,sa3038598,Casey Murray Jr.,CP,,,,,False
2026,sa3038608,Noah Murray,UVA,,,,,False
2026,sa3038619,Carmelo Musacchia,NE,,,,,False
2026,sa3038651,Conor Myles,UTSA,,,,,False
2026,sa3038654,Gunnar Myro,UNLV,,,,,False
2026,sa3038655,Mikey Myro,BUCK,,,,,False
2026,sa3038658,Breckin Nace,RAD,,,,,False
2026,sa3038661,Griffin Naess,CP,,,,,False
2026,sa3038665,Kamana Nahaku,HAW,,,,,False
2026,sa3038689,Brady Nathison,TOW,,,,,False
2026,sa3038690,Jimmy Nati,STAN,,,,,False
2026,sa3038709,Brady Neal,ALA,,,,,False
2026,sa3038721,Weber Neels,MINN,,,,,False
2026,sa3038730,Mikiah Negrete,CSUF,,,,,False
2026,sa3038746,Drew Nelson,TROY,,,,,False
2026,sa3038751,Jack Nelson,ARST,,,,,False
2026,sa3038753,JR Nelson,ILL,,,,,False
2026,sa3038770,Joey Nerat,IOWA,,,,,False
2026,sa3038772,Kyle Neri,RID,,,,,False
2026,sa3038777,AJ Nessler,PITT,,,,,False
2026,sa3038787,Tony Neubeck,IU,,,,,False
2026,sa3038791,Austin Neuweg,SLU,,,,,False
2026,sa3038797,Cooper Neville,DBU,,,,,False
2026,sa3038805,Josh Newell,LIN,,,,,False
2026,sa3038841,Gunnar Nichols,WASH,,,,,False
2026,sa3038843,Luke Nichols,LT,,,,,False
2026,sa3038863,Ben Niednagel,AFA,,,,,False
2026,sa3038865,Ryan Niedzwiedz,SIUE,,,,,False
2026,sa3038866,Caleb Niehaus,INST,,,,,False
2026,sa3038887,Eli Nissen,CREI,,,,,False
2026,sa3038888,Maika Niu,ARK,,,,,False
2026,sa3038891,Luke Nixon,NCSU,,,,,False
2026,sa3038913,Spencer Nolan,CLT,,,,,False
2026,sa3038916,Luke Nomura,FAIR,,,,,False
2026,sa3038921,Ethan Norby,ECU,,,,,False
2026,sa3038928,Ross Norman,CCU,,,,,False
2026,sa3038935,Ben North,CREI,,,,,False
2026,sa3038945,Ryan Novak,M-OH,,,,,False
2026,sa3038956,Sam Novotny,SDST,,,,,False
2026,sa3038969,Corey Nunez,UCSB,,,,,False
2026,sa3038970,Julian Nunez,PEPP,,,,,False
2026,sa3038974,Draven Nushida,HAW,,,,,False
2026,sa3038981,Deaton Oak,BELL,,,,,False
2026,sa3039003,Finbar OBrien,GONZ,,,,,False
2026,sa3039019,Madden Ocko,FOR,,,,,False
2026,sa3039024,Dylan O'Connell,MILW,,,,,False
2026,sa3039032,Robbie O'Connor,NE,,,,,False
2026,sa3039036,Sheehan OConnor,NJIT,,,,,False
2026,sa3039039,Mike OConor,EIU,,,,,False
2026,sa3039060,Jake Ogden,MIA,,,,,False
2026,sa3039084,Ricky Ojeda,UCI,,,,,False
2026,sa3039085,Aidan OKeefe,RICH,,,,,False
2026,sa3039099,Sean OLeary,UML,,,,,False
2026,sa3039115,Chris Olivier,LAM,,,,,False
2026,sa3039130,Brayden Olson,STMN,,,,,False
2026,sa3039164,Dean ONeill,MTSU,,,,,False
2026,sa3039172,Kevin Opanel,MONM,,,,,False
2026,sa3039179,Santiago Ordonez,UNF,,,,,False
2026,sa3039210,Max Ortega,CSUF,,,,,False
2026,sa3039216,Angel Ortiz,NCAT,,,,,False
2026,sa3039240,Michael O'Shaughnessy,UGA,,,,,False
2026,sa3039252,Jonah Oster,CAM,,,,,False
2026,sa3039257,Connor Ostrander,WMU,,,,,False
2026,sa3039260,Brenden OSullivan,PAC,,,,,False
2026,sa3039266,Gavin Oswald,UNA,,,,,False
2026,sa3039275,Brett Ott,SAC,,,,,False
2026,sa3039276,Colby Ott,MUR,,,,,False
2026,sa3039291,Josh Overbeek,NEB,,,,,False
2026,sa3039293,Jordan Overton,IONA,,,,,False
2026,sa3039319,Greg Pace Jr,MICH,,,,,False
2026,sa3039338,Blagen Pado,CCU,,,,,False
2026,sa3039352,Griffen Paige,WRST,,,,,False
2026,sa3039381,Jamie Palmese,ETSU,,,,,False
2026,sa3039387,Ryne Palmer,CBU,,,,,False
2026,sa3039419,Nuno Parache,NICH,,,,,False
2026,sa3039422,Charlie Parcell,NIU,,,,,False
2026,sa3039433,Derek Paris,UMBC,,,,,False
2026,sa3039435,Luke Parise,JOES,,,,,False
2026,sa3039471,William Parker,ARMY,,,,,False
2026,sa3039479,Devin Parks,RAD,,,,,False
2026,sa3039485,Sam Parks,STO,,,,,False
2026,sa3039514,Anthony Paskell,RID,,,,,False
2026,sa3039525,Aryan Patel,CIT,,,,,False
2026,sa3039536,Dom Patrizi,LEH,,,,,False
2026,sa3039550,Tyshon Patty,JKST,,,,,False
2026,sa3039557,Mic Paul,WASH,,,,,False
2026,sa3039560,Jake Paulick,NKU,,,,,False
2026,sa3039565,Erik Paulsen,UNC,,,,,False
2026,sa3039575,Andrelys Payamps,IONA,,,,,False
2026,sa3039588,Zandt Payne,ACU,,,,,False
2026,sa3039616,Jaxson Pease,TNTC,,,,,False
2026,sa3039630,Connor Peek,GTWN,,,,,False
2026,sa3039631,Kaden Peer,MIZ,,,,,False
2026,sa3039633,Cannon Peery,GCU,,,,,False
2026,sa3039642,Elijah Pelayo,CSUB,,,,,False
2026,sa3039650,JP Peltier,WRST,,,,,False
2026,sa3039657,Daylan Pena,MUR,,,,,False
2026,sa3039660,Matthew Pena,CSUN,,,,,False
2026,sa3039670,Brady Pendley,GASO,,,,,False
2026,sa3039676,Scott Penney,URI,,,,,False
2026,sa3039692,Michael Perazza,FAU,,,,,False
2026,sa3039700,Adan Perez,PAC,,,,,False
2026,sa3039709,Daniel Perez,LAS,,,,,False
2026,sa3039714,Jaime Perez,GCU,,,,,False
2026,sa3039721,Ryan Perez,LAS,,,,,False
2026,sa3039734,Wilson Perkins,DAV,,,,,False
2026,sa3039745,Alex Perry,SELA,,,,,False
2026,sa3039759,Mario Pesca,OKST,,,,,False
2026,sa3039767,Brandon Peterson,NJIT,,,,,False
2026,sa3039785,Liam Peterson,FLA,,,,,False
2026,sa3039789,Mika Petersen,BRWN,,,,,False
2026,sa3039791,Quade Peters,EIU,,,,,False
2026,sa3039793,Riley Peterson,MILW,,,,,False
2026,sa3039799,Ryan Peterson,SHSU,,,,,False
2026,sa3039806,Tyce Peterson,SDSU,,,,,False
2026,sa3039810,Zachary Peters,VCU,,,,,False
2026,sa3039820,Owen Petrich,VT,,,,,False
2026,sa3039821,Alex Petrovic,AUB,,,,,False
2026,sa3039836,Luke Pettitte,DBU,,,,,False
2026,sa3039858,Tre Phelps,UGA,,,,,False
2026,sa3039896,Parker Picot,MSU,,,,,False
2026,sa3039919,Logan Pikur,MSU,,,,,False
2026,sa3039927,Johnny Pilla,STBK,,,,,False
2026,sa3039932,Luis Pimentel-Guerrero,SAC,,,,,False
2026,sa3039937,Jack Pineau,CREI,,,,,False
2026,sa3039961,Sebastian Pisacreta,PITT,,,,,False
2026,sa3039970,Robert Pitts Jr.,UCR,,,,,False
2026,sa3039983,Garret Plata,PAC,,,,,False
2026,sa3040007,Ethan Plyler,COFC,,,,,False
2026,sa3040021,Quentin Pohorski,SF,,,,,False
2026,sa3040028,Jarrett Pokrovsky,PENN,,,,,False
2026,sa3040033,Chris Polemeni,CONN,,,,,False
2026,sa3040036,Clayton Poliey,RID,,,,,False
2026,sa3040041,Lakin Polk,SELA,,,,,False
2026,sa3040049,Kyle Pollack,MRST,,,,,False
2026,sa3040060,TJ Pompey,ARK,,,,,False
2026,sa3040125,Anthony Potestio,UCSD,,,,,False
2026,sa3040145,Brady Powell,RAD,,,,,False
2026,sa3040147,Daniel Powell,KENN,,,,,False
2026,sa3040155,Callen Powers,MASS,,,,,False
2026,sa3040196,Connor Price,GTWN,,,,,False
2026,sa3040209,Paris Pridgen,APSU,,,,,False
2026,sa3040219,Owen Prince,VMI,,,,,False
2026,sa3040220,Preston Prince,FIU,,,,,False
2026,sa3040221,Lucas Pringle,CHSO,,,,,False
2026,sa3040234,Kyler Proctor,APSU,,,,,False
2026,sa3040247,Genesis Prosper,SOU,,,,,False
2026,sa3040251,Cole Prout,CMU,,,,,False
2026,sa3040270,Stewart Puckett,USA,,,,,False
2026,sa3040271,Oliver Pudvar,CONN,,,,,False
2026,sa3040273,Parker Puetz,NDSU,,,,,False
2026,sa3040292,Jarren Purify,CLEM,,,,,False
2026,sa3040299,Eli Putnam,FSU,,,,,False
2026,sa3040311,Josh Pyne,TROY,,,,,False
2026,sa3040312,Coltin Quagliano,DUKE,,,,,False
2026,sa3040313,Nick Quagliato,FDU,,,,,False
2026,sa3040317,Mark Quatrani,ND,,,,,False
2026,sa3040321,Kydese Queen,NORF,,,,,False
2026,sa3040339,Jack Quinlan,ARMY,,,,,False
2026,sa3040341,Aidan Quinn,LEH,,,,,False
2026,sa3040347,Owen Quinn,BALL,,,,,False
2026,sa3040355,Collin Quintano,VILL,,,,,False
2026,sa3040359,JT Raab,GTWN,,,,,False
2026,sa3040373,Jacoby Radcliffe,SOU,,,,,False
2026,sa3040377,Jack Radel,ND,,,,,False
2026,sa3040379,Jeremy Rader,HCU,,,,,False
2026,sa3040394,Jayder Raifstanger,SJU,,,,,False
2026,sa3040395,Cole Raile,VMI,,,,,False
2026,sa3040427,Julius Ramirez,RGV,,,,,False
2026,sa3040437,Zack Ramppen,SF,,,,,False
2026,sa3040447,Brayden Randle,MISS,,,,,False
2026,sa3040491,Armani Raygoza,RGV,,,,,False
2026,sa3040506,Tanner Recchio,STMN,,,,,False
2026,sa3040508,Ryan Recio,RICH,,,,,False
2026,sa3040515,Logan Reddemann,UCLA,,,,,False
2026,sa3040532,Kevin Reed,EVAN,,,,,False
2026,sa3040541,Reagan Reeder,EVAN,,,,,False
2026,sa3040543,Ace Reese,MSST,,,,,False
2026,sa3040548,Ripken Reese,KENT,,,,,False
2026,sa3040573,Dylan Reid,BRWN,,,,,False
2026,sa3040617,Brett Renfrow,VT,,,,,False
2026,sa3040635,Collin Reuter,MISS,,,,,False
2026,sa3040668,Ty Rhoades,LR,,,,,False
2026,sa3040681,Aidan Rice,DAV,,,,,False
2026,sa3040696,Zac Rice,AAMU,,,,,False
2026,sa3040714,Carter Richey,VILL,,,,,False
2026,sa3040717,CJ Richmond,PUR,,,,,False
2026,sa3040719,Chase Richter,ARST,,,,,False
2026,sa3040720,Easton Richter,MINN,,,,,False
2026,sa3040726,Jack Rickheim,HARV,,,,,False
2026,sa3040751,Bryce Riggs,EIU,,,,,False
2026,sa3040781,Ruger Riojas,TEX,,,,,False
2026,sa3040785,Tade Riordan,NJIT,,,,,False
2026,sa3040793,Payton Riske,UTAH,,,,,False
2026,sa3040802,Kollin Ritchie,OKST,,,,,False
2026,sa3040807,Justin Ritz,COPP,,,,,False
2026,sa3040840,Reagan Rivera,IU,,,,,False
2026,sa3040844,Sergio Rivera,BCU,,,,,False
2026,sa3040858,Nicholas Robb,GCU,,,,,False
2026,sa3040859,Aiden Robbins,TEX,,,,,False
2026,sa3040874,Cole Roberts,GAST,,,,,False
2026,sa3040894,Ben Robichaux,SELA,,,,,False
2026,sa3040911,Kevin Robinson,NWST,,,,,False
2026,sa3040917,Reese Robinett,ARK,,,,,False
2026,sa3040920,Ryder Robinson,BYU,,,,,False
2026,sa3040949,Joe Roder,STMN,,,,,False
2026,sa3040962,Alec Rodriguez,DSU,,,,,False
2026,sa3040980,Hector Rodriguez,LAM,,,,,False
2026,sa3040989,Jorge Rodriguez,BCU,,,,,False
2026,sa3040990,Jonny Rodriguez,UNLV,,,,,False
2026,sa3040993,Lewis Rodriguez,SJU,,,,,False
2026,sa3041003,Michael Rodriguez,BCU,,,,,False
2026,sa3041017,Ryne Rodriguez,HOU,,,,,False
2026,sa3041018,Taer Rodriguez,DART,,,,,False
2026,sa3041028,Gabe Roessler,MOST,,,,,False
2026,sa3041034,Charlie Rogan,GW,,,,,False
2026,sa3041061,TJ Rogers,SF,,,,,False
2026,sa3041097,Nicholas Romano,FAU,,,,,False
2026,sa3041111,Cooper Romich,LEM,,,,,False
2026,sa3041125,Noah Rooney,ND,,,,,False
2026,sa3041142,Marcos Rosales,UNLV,,,,,False
2026,sa3041154,Zion Rose,LOU,,,,,False
2026,sa3041168,Camden Ross,WKU,,,,,False
2026,sa3041169,Deamez Ross,UCF,,,,,False
2026,sa3041190,David Rossow,CAM,,,,,False
2026,sa3041216,Hudson Rowan,LT,,,,,False
2026,sa3041230,Gianni Royer,HC,,,,,False
2026,sa3041241,Andrew Rubayo,QUIN,,,,,False
2026,sa3041249,Jett Ruby,FRES,,,,,False
2026,sa3041272,Teddy Ruffner,YSU,,,,,False
2026,sa3041281,Damian Ruiz,ARK,,,,,False
2026,sa3041295,Joseph Ruller,QUC,,,,,False
2026,sa3041297,Logan Rumberg,GMU,,,,,False
2026,sa3041298,Trent Rumley,CAM,,,,,False
2026,sa3041304,Logan Runde,IOWA,,,,,False
2026,sa3041323,Aidan Russell,SDSU,,,,,False
2026,sa3041335,Landon Russell,STET,,,,,False
2026,sa3041345,Matthew Russo,USM,,,,,False
2026,sa3041367,Brayden Ryan,MD,,,,,False
2026,sa3041389,Joseph Sabbath,URI,,,,,False
2026,sa3041391,Zach Sabers,CAM,,,,,False
2026,sa3041447,Jonas Salk,PORT,,,,,False
2026,sa3041449,Ty Sallie,NJIT,,,,,False
2026,sa3041457,Vinny Salvione,BGSU,,,,,False
2026,sa3041460,Yasseel Samboy,NORF,,,,,False
2026,sa3041465,Jaryn Sample,DSU,,,,,False
2026,sa3041472,Brandon Sanchez,UNCO,,,,,False
2026,sa3041473,Cade Sanchez,AMCC,,,,,False
2026,sa3041490,Alex Sandell,HC,,,,,False
2026,sa3041494,Case Sanderson,NEB,,,,,False
2026,sa3041498,Jarren Sanderson,UCR,,,,,False
2026,sa3041501,Marcus Sanders,COPP,,,,,False
2026,sa3041511,Travis Sanders,BAY,,,,,False
2026,sa3041538,Dawson Santana,SDSU,,,,,False
2026,sa3041542,Thomas Santana,COLU,,,,,False
2026,sa3041571,Eddie Sargent,UMBC,,,,,False
2026,sa3041576,Filip Sarota,LIN,,,,,False
2026,sa3041609,Tyler Sausville,SIE,,,,,False
2026,sa3041633,Witt Scafidi,W&M,,,,,False
2026,sa3041634,Luke Scales,BELL,,,,,False
2026,sa3041636,Mark Scamardella,NJIT,,,,,False
2026,sa3041637,Christian Scanlon,MRMK,,,,,False
2026,sa3041642,Sean Scanlon,RICH,,,,,False
2026,sa3041649,Tommy Scavone,PEPP,,,,,False
2026,sa3041651,Blake Schaaf,WAKE,,,,,False
2026,sa3041652,Jason Schaaf,MOST,,,,,False
2026,sa3041656,Dylan Schaefer,QUC,,,,,False
2026,sa3041657,Jared Schaeffer,DBU,,,,,False
2026,sa3041661,Jake Schaffner,UNC,,,,,False
2026,sa3041674,Jagger Schattle,CARK,,,,,False
2026,sa3041680,Charlie Schebler,BUT,,,,,False
2026,sa3041713,Sam Schlecht,SDST,,,,,False
2026,sa3041716,TJ Schmalzle,FAIR,,,,,False
2026,sa3041723,Ike Schmidly,JMU,,,,,False
2026,sa3041725,Kent Schmidt,GT,,,,,False
2026,sa3041733,Paul Schmitz,HOU,,,,,False
2026,sa3041760,Charlie Scholvin,TOL,,,,,False
2026,sa3041779,Thomas Schreck,ARMY,,,,,False
2026,sa3041800,Andrew Schuldt,CAM,,,,,False
2026,sa3041812,Jake Schultz,BUCK,,,,,False
2026,sa3041821,Kyle Schupmann,ILL,,,,,False
2026,sa3041823,Nic Schutte,MUR,,,,,False
2026,sa3041858,Matt Scott,UGA,,,,,False
2026,sa3041874,Zachary Scott,UML,,,,,False
2026,sa3041878,Frankie Scrivanic,HALL,,,,,False
2026,sa3041884,Shane Sdao,TA&M,,,,,False
2026,sa3041890,Pierre Seals,MIZ,,,,,False
2026,sa3041896,Merek Sears,UTA,,,,,False
2026,sa3041913,Gavin Seebold,IU,,,,,False
2026,sa3041925,Kaden Segel,PORT,,,,,False
2026,sa3041930,Eric Segura,ORST,,,,,False
2026,sa3041936,Spencer Seid,GTWN,,,,,False
2026,sa3041940,Sam Seidel,BGSU,,,,,False
2026,sa3041961,Zach Selfon,BUCK,,,,,False
2026,sa3041975,Cole Selvig,MINN,,,,,False
2026,sa3041987,Nico Senese,GASO,,,,,False
2026,sa3042003,Mateo Serna,MIZ,,,,,False
2026,sa3042023,Cameron Sewell,SAC,,,,,False
2026,sa3042030,Randy Seymour,MSU,,,,,False
2026,sa3042059,JT Shank,PAC,,,,,False
2026,sa3042061,Brady Shannon,YSU,,,,,False
2026,sa3042102,Vance Sheahan,MIA,,,,,False
2026,sa3042104,Garrett Shearer,NU,,,,,False
2026,sa3042183,Tate Shimao,HAW,,,,,False
2026,sa3042186,Jaxon Shineflew,USA,,,,,False
2026,sa3042188,Bo Shinkle,GONZ,,,,,False
2026,sa3042194,Ike Shirey,TAR,,,,,False
2026,sa3042231,Nick Shuhet,RID,,,,,False
2026,sa3042236,Tyler Shulman,HARV,,,,,False
2026,sa3042241,Hudson Shupe,GONZ,,,,,False
2026,sa3042244,Thomas Shurtleff,PENN,,,,,False
2026,sa3042283,Owen Silliman,CAN,,,,,False
2026,sa3042302,Tim Simay,SIU,,,,,False
2026,sa3042336,Cleary Simpson,MRSH,,,,,False
2026,sa3042366,Hunter Sipe,VMI,,,,,False
2026,sa3042382,Kros Sivley,USM,,,,,False
2026,sa3042401,Zak Skinner,UCF,,,,,False
2026,sa3042415,Ben Slanker,LOU,,,,,False
2026,sa3042433,Nolan Sliver,KENN,,,,,False
2026,sa3042437,Colin Sloan,YALE,,,,,False
2026,sa3042445,Dominic Smaldino,ASU,,,,,False
2026,sa3042489,Blake Smith,SEA,,,,,False
2026,sa3042507,Campbell Smithwick,OKST,,,,,False
2026,sa3042512,Christian Smith-Johnson,AMCC,,,,,False
2026,sa3042513,Christian Smith,QUIN,,,,,False
2026,sa3042539,Drew Smith,ORE,,,,,False
2026,sa3042540,Dylan Smith,SJSU,,,,,False
2026,sa3042575,Jack Smith,MRSH,,,,,False
2026,sa3042607,Michael Smith,DAY,,,,,False
2026,sa3042619,Paul Smith,RICE,,,,,False
2026,sa3042634,Sean Smith,WVU,,,,,False
2026,sa3042636,Seth Smith,USM,,,,,False
2026,sa3042690,Hunter Snyder,COLU,,,,,False
2026,sa3042710,Chris Soeder,MVSU,,,,,False
2026,sa3042722,Anthony Solis,EIU,,,,,False
2026,sa3042726,AJ Solomon,GTWN,,,,,False
2026,sa3042734,Nick Solorzano,UML,,,,,False
2026,sa3042735,Steve Solorzano,NMSU,,,,,False
2026,sa3042748,Noah Sorensen,LIU,,,,,False
2026,sa3042754,Caden Sorrell,TA&M,,,,,False
2026,sa3042760,Alex Sosa,MIA,,,,,False
2026,sa3042775,Petey Soto Jr.,UTU,,,,,False
2026,sa3042778,Griffen Sotomayor,FRES,,,,,False
2026,sa3042788,Nolan Souza,ARK,,,,,False
2026,sa3042793,Steven Spalitta,UL,,,,,False
2026,sa3042795,Jack Spanier,MINN,,,,,False
2026,sa3042799,Jake Sparks,SIE,,,,,False
2026,sa3042803,Nick Spaventa,PENN,,,,,False
2026,sa3042823,Bobby Spencer,SOU,,,,,False
2026,sa3042831,Joey Spence,MILW,,,,,False
2026,sa3042851,JC Spinosa,CAN,,,,,False
2026,sa3042857,Vincent Spizzoucco,PITT,,,,,False
2026,sa3042873,Gabe Springer,USD,,,,,False
2026,sa3042878,Michael Sprockett,BEL,,,,,False
2026,sa3042891,Tyler Stack,OHIO,,,,,False
2026,sa3042896,Sam Staerker,CAN,,,,,False
2026,sa3042914,Maverick Stallings,ODU,,,,,False
2026,sa3042915,Reed Stallman,MSST,,,,,False
2026,sa3042940,Brett Stanley,EIU,,,,,False
2026,sa3042949,Adam Stanton,CLT,,,,,False
2026,sa3042990,Jack Stead,NJIT,,,,,False
2026,sa3042992,Spencer Stearns,SIUE,,,,,False
2026,sa3042996,Ty Stecko,EMU,,,,,False
2026,sa3043019,Andrew Steinhaus,RAD,,,,,False
2026,sa3043026,Patrick Steitz,VCU,,,,,False
2026,sa3043034,Mike Stellrecht,BING,,,,,False
2026,sa3043058,Zach Stephenson,FAIR,,,,,False
2026,sa3043076,Juju Stevens,ME,,,,,False
2026,sa3043112,Owen Stewart,GMU,,,,,False
2026,sa3043113,Robbie Stewart,FOR,,,,,False
2026,sa3043117,Zack Stewart,ARK,,,,,False
2026,sa3043121,Griffin Stieg,VT,,,,,False
2026,sa3043130,Brandon Stinnett,SEA,,,,,False
2026,sa3043148,Tucker Stockman,USM,,,,,False
2026,sa3043156,David Stokely,MSM,,,,,False
2026,sa3043160,Rhett Stokes,NEB,,,,,False
2026,sa3043168,Dakota Stone,UNF,,,,,False
2026,sa3043188,Jake Story,UNCO,,,,,False
2026,sa3043205,Brian Strange,ELON,,,,,False
2026,sa3043208,Matthew Strand,DUKE,,,,,False
2026,sa3043223,Cale Stricklin,CLT,,,,,False
2026,sa3043237,Kellen Strohmeyer,IOWA,,,,,False
2026,sa3043245,Mason Strong,UVU,,,,,False
2026,sa3043263,Andrew Stucky,UTSA,,,,,False
2026,sa3043274,Luke Stulga,ILST,,,,,False
2026,sa3043278,Landon Stump,UCLA,,,,,False
2026,sa3043293,Milo Suarez,DART,,,,,False
2026,sa3043296,Troy Sudbrook,TOL,,,,,False
2026,sa3043303,Adam Sullivan,LEM,,,,,False
2026,sa3043304,Braden Sullivan,MASS,,,,,False
2026,sa3043319,Noah Sullivan,MSST,,,,,False
2026,sa3043328,Garrison Sumner,BYU,,,,,False
2026,sa3043344,Charlie Sutherland,MINN,,,,,False
2026,sa3043345,Curry Sutherland,MOST,,,,,False
2026,sa3043347,Nick Sutherlin,INST,,,,,False
2026,sa3043357,Ethan Sutton,USF,,,,,False
2026,sa3043367,Chase Swain,LAS,,,,,False
2026,sa3043394,Johnny Sweeney,UPST,,,,,False
2026,sa3043403,Andrew Swenson,BUCK,,,,,False
2026,sa3043411,Ethan Swidler,WASH,,,,,False
2026,sa3043412,TJ Swidorski,COR,,,,,False
2026,sa3043419,Josh Swink,LIB,,,,,False
2026,sa3043434,Beau Sylvester,ARIZ,,,,,False
2026,sa3043452,Justin Szestowicki,LAS,,,,,False
2026,sa3043467,Casen Taggart,WASH,,,,,False
2026,sa3043473,TJ Takats,BGSU,,,,,False
2026,sa3043476,Kevin Takeuchi,USC,,,,,False
2026,sa3043478,Drew Talavs,SDSU,,,,,False
2026,sa3043492,Easton Talt,ORST,,,,,False
2026,sa3043499,Jake Tandy,PAC,,,,,False
2026,sa3043516,Hayden Tarsia,BING,,,,,False
2026,sa3043525,Robert Tate Jr.,JKST,,,,,False
2026,sa3043526,Jake Tatom,TAR,,,,,False
2026,sa3043529,Harrison Taubert,EVAN,,,,,False
2026,sa3043536,Diego Tavarez,WAG,,,,,False
2026,sa3043544,A.J. Taylor,LAM,,,,,False
2026,sa3043573,Joseph Taylor,CLT,,,,,False
2026,sa3043574,JT Taylor,NCAT,,,,,False
2026,sa3043582,Nathan Taylor,CIN,,,,,False
2026,sa3043586,Ryan Taylor,PENN,,,,,False
2026,sa3043594,Ryan Tayman,CP,,,,,False
2026,sa3043601,Aidan Teel,MSST,,,,,False
2026,sa3043639,Braeden Terry,WASH,,,,,False
2026,sa3043652,Jayce Tharnish,UK,,,,,False
2026,sa3043658,Gavin Theis,MILW,,,,,False
2026,sa3043667,Avery Thielman,WMU,,,,,False
2026,sa3043688,David Thomas,SJSU,,,,,False
2026,sa3043689,Ethan Thomas,NKU,,,,,False
2026,sa3043698,Jackson Thomas,WASH,,,,,False
2026,sa3043704,Kensky Thomas,BALL,,,,,False
2026,sa3043705,Kurt Thomas,SPU,,,,,False
2026,sa3043716,Martavius Thomas,GRAM,,,,,False
2026,sa3043795,Gavin Thorburn,SIE,,,,,False
2026,sa3043798,Bromley Thornton,UNCW,,,,,False
2026,sa3043800,Maddox Thornton,ORU,,,,,False
2026,sa3043807,Connor Throneberry,MAN,,,,,False
2026,sa3043851,Carson Tinney,TEX,,,,,False
2026,sa3043854,Will Tippett,COFC,,,,,False
2026,sa3043858,Joe Tiroly,UVA,,,,,False
2026,sa3043874,Lane Tobin,CIT,,,,,False
2026,sa3043883,Zach Todd,PAC,,,,,False
2026,sa3043899,JR Tollett,UL,,,,,False
2026,sa3043932,Jack Toomey,BC,,,,,False
2026,sa3043934,Chase Topolski,RICH,,,,,False
2026,sa3043955,Anthony Torreso,DAV,,,,,False
2026,sa3043959,Hederick Torres,JKST,,,,,False
2026,sa3043962,Jason Torres,ALA,,,,,False
2026,sa3043967,Joshua Torres,UCR,,,,,False
2026,sa3043970,Lukas Torres,WAG,,,,,False
2026,sa3043990,Ryan Towers,ECU,,,,,False
2026,sa3044005,Tab Tracy,LAM,,,,,False
2026,sa3044030,Jonathan Trejo,TXSO,,,,,False
2026,sa3044050,Logan Tribble,WOF,,,,,False
2026,sa3044067,Lance Trippel,USF,,,,,False
2026,sa3044076,Michael Trommer,BUCK,,,,,False
2026,sa3044079,Jabin Trosky,SDSU,,,,,False
2026,sa3044083,Jackson Trout,OMA,,,,,False
2026,sa3044091,Brantley Truitt,UNCG,,,,,False
2026,sa3044093,Gene Trujillo,UNM,,,,,False
2026,sa3044100,Ben Tryon,DBU,,,,,False
2026,sa3044129,Cristino Tufano,GW,,,,,False
2026,sa3044137,Easton Tumis,KENT,,,,,False
2026,sa3044160,Colby Turner,MICH,,,,,False
2026,sa3044175,Trent Turner,WCU,,,,,False
2026,sa3044178,Carson Turnquist,CP,,,,,False
2026,sa3044190,Chandler Tuupo,CHSO,,,,,False
2026,sa3044207,William Tyrrell,UNCW,,,,,False
2026,sa3044209,Ty Uber,ND,,,,,False
2026,sa3044226,Alex Ulloa,WICH,,,,,False
2026,sa3044249,Joseph Urban,USM,,,,,False
2026,sa3044251,Ryland Urbanczyk,RICE,,,,,False
2026,sa3044269,Judd Utermark,MISS,,,,,False
2026,sa3044289,Noel Valdez,UCD,,,,,False
2026,sa3044292,Balin Valentine,LAM,,,,,False
2026,sa3044294,Collin Valentine,PEPP,,,,,False
2026,sa3044316,Cole Van Assen,PUR,,,,,False
2026,sa3044383,Evan Vasiliou,XAV,,,,,False
2026,sa3044386,Carlos Vasquez,KSU,,,,,False
2026,sa3044401,Luke Vaughn,ALA,,,,,False
2026,sa3044431,Raymond Velazquez,APSU,,,,,False
2026,sa3044450,Conner Vercollone,SBU,,,,,False
2026,sa3044492,Dylan Vigue,UGA,,,,,False
2026,sa3044508,Diego Villescas,RGV,,,,,False
2026,sa3044511,Robin Villeneuve,TTU,,,,,False
2026,sa3044535,John Vitucci,ALB,,,,,False
2026,sa3044541,Dominic Voegele,KU,,,,,False
2026,sa3044554,Joey Volchko,UGA,,,,,False
2026,sa3044563,Brett Vondohlen,MTSU,,,,,False
2026,sa3044566,Zan Von Schlegell,STMN,,,,,False
2026,sa3044588,Zach Vriesenga,WMU,,,,,False
2026,sa3044598,Isaac Wachsmann,CREI,,,,,False
2026,sa3044602,Zach Wadas,LMU,,,,,False
2026,sa3044626,Kai Wagner,PITT,,,,,False
2026,sa3044630,Reece Wagner,UNCO,,,,,False
2026,sa3044650,Owen Walewander,LEH,,,,,False
2026,sa3044651,Jason Walk,OU,,,,,False
2026,sa3044663,Conlon Walker,GW,,,,,False
2026,sa3044667,Ethan Walker,PV,,,,,False
2026,sa3044678,Kade Walker,JKST,,,,,False
2026,sa3044680,Khalil Walker,UNM,,,,,False
2026,sa3044685,Tanner Walker,FAMU,,,,,False
2026,sa3044692,Finnegan Wall,UCI,,,,,False
2026,sa3044693,Jaxson Wall,LMU,,,,,False
2026,sa3044699,Colby Wallace,ECU,,,,,False
2026,sa3044706,Jackson Waller,NEV,,,,,False
2026,sa3044720,Alex Walsh,JAX,,,,,False
2026,sa3044725,Chris Walsh,MONM,,,,,False
2026,sa3044770,Nick Wang,BC,,,,,False
2026,sa3044787,Patrick Ward,FAU,,,,,False
2026,sa3044811,Hank Warren,RGV,,,,,False
2026,sa3044821,Owen Washburn,WICH,,,,,False
2026,sa3044857,Eli Watson,BELL,,,,,False
2026,sa3044876,Dane Watts,SELA,,,,,False
2026,sa3044893,Aidan Weaver,DUKE,,,,,False
2026,sa3044898,Ryan Weaver,NU,,,,,False
2026,sa3044907,Bryson Webb,CMU,,,,,False
2026,sa3044937,Eric Weeks,CAN,,,,,False
2026,sa3044988,DeVante Wells,AAMU,,,,,False
2026,sa3044999,Shea Wendt,CREI,,,,,False
2026,sa3045027,Brylan West,MIA,,,,,False
2026,sa3045028,Charles West,CONN,,,,,False
2026,sa3045029,Dakoda West,UTU,,,,,False
2026,sa3045030,Dean West,UCLA,,,,,False
2026,sa3045052,Matt Westley,GMU,,,,,False
2026,sa3045053,Jackson Westmoreland,UNA,,,,,False
2026,sa3045072,Gage Wheaton,NIA,,,,,False
2026,sa3045085,Mike Whelehan,LEM,,,,,False
2026,sa3045112,Evan Whiteaker,ACU,,,,,False
2026,sa3045121,KJ White,SOU,,,,,False
2026,sa3045133,Sean White,GASO,,,,,False
2026,sa3045134,Simmi Whitehill,MONM,,,,,False
2026,sa3045159,Michael Whooley,VILL,,,,,False
2026,sa3045165,Camden Wicker,UCF,,,,,False
2026,sa3045174,Zach Wieder,UAPB,,,,,False
2026,sa3045202,Caden Wildman,COR,,,,,False
2026,sa3045245,Andrew Williamson,UCF,,,,,False
2026,sa3045256,Brody Williams,KENT,,,,,False
2026,sa3045260,Cade Williams,UMES,,,,,False
2026,sa3045274,Cooper Williams,KENN,,,,,False
2026,sa3045281,Derek Williams,MIA,,,,,False
2026,sa3045312,Javar Williams,WAKE,,,,,False
2026,sa3045313,Jaxon Willits,OU,,,,,False
2026,sa3045318,Josh Willitts,NJIT,,,,,False
2026,sa3045319,Josh Williams,NKU,,,,,False
2026,sa3045324,Justin Williams,SELA,,,,,False
2026,sa3045340,Nick Williams,MSU,,,,,False
2026,sa3045371,Ethan Willoughby,SIUE,,,,,False
2026,sa3045373,Brock Wills,WVU,,,,,False
2026,sa3045386,Blake Wilson,WASH,,,,,False
2026,sa3045399,Harrison Wilson,WIN,,,,,False
2026,sa3045432,Camden Wimbish,CAM,,,,,False
2026,sa3045442,Dylan Winebrenner,RICH,,,,,False
2026,sa3045458,Macon Winslow,UNC,,,,,False
2026,sa3045477,Ty Wisdom,APSU,,,,,False
2026,sa3045511,Jeremy Wolf,DEL,,,,,False
2026,sa3045546,Tye Wood,TULN,,,,,False
2026,sa3045563,Peyton Woods,SELA,,,,,False
2026,sa3045573,Braydon Wooldridge,UCD,,,,,False
2026,sa3045581,Chris Worcester,EIU,,,,,False
2026,sa3045613,Garrett Wright,TENN,,,,,False
2026,sa3045621,Joey Wright,UCD,,,,,False
2026,sa3045644,Danny Wyatt,UMBC,,,,,False
2026,sa3045649,Connor Wylde,NMSU,,,,,False
2026,sa3045658,Jaden Wywoda,HC,,,,,False
2026,sa3045667,Tank Yaghoubi,APP,,,,,False
2026,sa3045700,Maxx Yehl,WVU,,,,,False
2026,sa3045721,Zach Yorke,LSU,,,,,False
2026,sa3045756,Scotty Young,ODU,,,,,False
2026,sa3045769,Luke Yuhasz,SC,,,,,False
2026,sa3045793,Joseph Zamora,APP,,,,,False
2026,sa3045803,Walker Zapp,AFA,,,,,False
2026,sa3045806,William Zareh,LIN,,,,,False
2026,sa3045824,Tyler Zedalis,ODU,,,,,False
2026,sa3045831,Ben Zeigler-Namoa,HAW,,,,,False
2026,sa3045872,Henry Zipay,OMA,,,,,False
2026,sa3045873,Devan Zirwas,EMU,,,,,False
2026,sa3045881,Anthony Zollo,IONA,,,,,False
2026,sa3045886,Ryan Zuckerman,GT,,,,,False
2026,sa3045894,Thomas Zwirecki,CAN,,,,,False
2026,sa3058457,Jay Abernathy,TENN,,,,,False
2026,sa3058460,George Adams,FIU,,,,,False
2026,sa3058462,Michael Addari,ILST,,,,,False
2026,sa3058463,Kide Adetuyi,FAU,,,,,False
2026,sa3058465,Kelvin Agosto,GWEB,,,,,False
2026,sa3058468,Cody Airington,APSU,,,,,False
2026,sa3058469,Landon Akers,BELL,,,,,False
2026,sa3058475,Lucas Alberti,GMU,,,,,False
2026,sa3058481,Jackson Alford,ELON,,,,,False
2026,sa3058484,Wesley Alig,KENN,,,,,False
2026,sa3058486,J.C. Allen,UCSD,,,,,False
2026,sa3058498,TJ Anderson,CIT,,,,,False
2026,sa3058499,Jack Andrews,MRMK,,,,,False
2026,sa3058506,Keenan Anzai,UCD,,,,,False
2026,sa3058507,Diego Aponte,UMES,,,,,False
2026,sa3058510,Daniel Arambula,UTAH,,,,,False
2026,sa3058511,Matt Archibald,NAVY,,,,,False
2026,sa3058514,Ian Armstrong,SMC,,,,,False
2026,sa3058520,Cade Arrambide,LSU,,,,,False
2026,sa3058524,Grayson Ashe,JVST,,,,,False
2026,sa3058532,Cam Bagwell,WAKE,,,,,False
2026,sa3058536,Smith Bailey,ARIZ,,,,,False
2026,sa3058540,Will Baker,GT,,,,,False
2026,sa3058541,Brayden Bakes,ILST,,,,,False
2026,sa3058543,Nick Balcom,QUIN,,,,,False
2026,sa3058544,Gavin Balius,BALL,,,,,False
2026,sa3058546,Brady Ballinger,KU,,,,,False
2026,sa3058547,Jordan Ballin,UTSA,,,,,False
2026,sa3058550,Brett Barber,UNCO,,,,,False
2026,sa3058557,Drew Barragan,UNLV,,,,,False
2026,sa3058559,Drey Barrett,USM,,,,,False
2026,sa3058561,Alex Barrist,LAF,,,,,False
2026,sa3058564,Will Bartkoski,GAST,,,,,False
2026,sa3058570,Colin Basehore,MAN,,,,,False
2026,sa3058575,Charlie Bates,STAN,,,,,False
2026,sa3058578,Justin Batts,DSU,,,,,False
2026,sa3058581,Pierce Bauerle,NKU,,,,,False
2026,sa3058583,Trever Baumler,TCU,,,,,False
2026,sa3058585,Tyler Bayer,KENN,,,,,False
2026,sa3058589,Beau Beaty,PV,,,,,False
2026,sa3058590,Landon Beaver,UAB,,,,,False
2026,sa3058591,Carter Beck,INST,,,,,False
2026,sa3058592,Andrew Becker,CSUN,,,,,False
2026,sa3058595,Nathan Beckley,YSU,,,,,False
2026,sa3058601,Alec Belardes,SDSU,,,,,False
2026,sa3058608,Mikey Bell,GONZ,,,,,False
2026,sa3058609,Tyler Bell,UK,,,,,False
2026,sa3058618,Troy Benko,M-OH,,,,,False
2026,sa3058620,Elgin Bennett,CSUB,,,,,False
2026,sa3058621,Jake Bennett,DBU,,,,,False
2026,sa3058622,Nate Bennett,NIA,,,,,False
2026,sa3058623,Kobe Benson,EKU,,,,,False
2026,sa3058630,Derek Bermudez,JAX,,,,,False
2026,sa3058635,Justin Best,MAN,,,,,False
2026,sa3058639,Beny Bikar,SOU,,,,,False
2026,sa3058658,Cermodrick Bland,SFA,,,,,False
2026,sa3058659,Brody Block,UVU,,,,,False
2026,sa3058662,Colton Boardman,CSUN,,,,,False
2026,sa3058664,Hiram Bocachica Jr.,RICE,,,,,False
2026,sa3058665,Lucas Boesen,UNCA,,,,,False
2026,sa3058671,Matt Bolton,BING,,,,,False
2026,sa3058691,Tom Bourque,W&M,,,,,False
2026,sa3058693,Blake Bowen,AKR,,,,,False
2026,sa3058698,Harrison Bowman,CMU,,,,,False
2026,sa3058702,Carter Boyd,DSU,,,,,False
2026,sa3058703,Zach Boyd,W&M,,,,,False
2026,sa3058704,Kyle Boylston,FAU,,,,,False
2026,sa3058708,Kayden Bradshaw,AFA,,,,,False
2026,sa3058713,Kyle Branch,OU,,,,,False
2026,sa3058719,Mason Brassfield,TCU,,,,,False
2026,sa3058720,Alex Brazer,NKU,,,,,False
2026,sa3058726,Brody Briggs,ASU,,,,,False
2026,sa3058733,Jacob Brooks,NIA,,,,,False
2026,sa3058734,Ty Brooks,INST,,,,,False
2026,sa3058736,Anthony Brotz,MRST,,,,,False
2026,sa3058738,Tre Broussard,HOU,,,,,False
2026,sa3058741,Blaine Brown,TENN,,,,,False
2026,sa3058751,Zane Brown,BEL,,,,,False
2026,sa3058754,Beau Bryans,JVST,,,,,False
2026,sa3058755,Carson Bryant,COFC,,,,,False
2026,sa3058761,Parker Brzustewicz,ND,,,,,False
2026,sa3058768,Jabril Bullock,DSU,,,,,False
2026,sa3058770,Clay Burdette,XAV,,,,,False
2026,sa3058775,Clayton Burke,M-OH,,,,,False
2026,sa3058776,Carter Burnette,WCU,,,,,False
2026,sa3058778,Braden Burress,ECU,,,,,False
2026,sa3058782,Tazwell Butler,KSU,,,,,False
2026,sa3058783,Zac Butler,WRST,,,,,False
2026,sa3058785,Owen Byberg,EVAN,,,,,False
2026,sa3058788,Pierre Cabral,JKST,,,,,False
2026,sa3058795,Joshua Caldwell,UMES,,,,,False
2026,sa3058798,Shawn Cameron,NIA,,,,,False
2026,sa3058801,Cooper Campbell,VCU,,,,,False
2026,sa3058803,Scott Campbell,UK,,,,,False
2026,sa3058806,Drew Canody,GMU,,,,,False
2026,sa3058811,Diego Cardenas,ACU,,,,,False
2026,sa3058815,Hunter Carlson,GAST,,,,,False
2026,sa3058817,Hunter Carns,FSU,,,,,False
2026,sa3058818,Harry Carr,DEL,,,,,False
2026,sa3058821,Yomar Carreras,RUTG,,,,,False
2026,sa3058823,Ansel Carson,UMES,,,,,False
2026,sa3058829,Jaedan Carter,LONG,,,,,False
2026,sa3058831,Carter Casabella,TNTC,,,,,False
2026,sa3058832,Matthew Cash,JVST,,,,,False
2026,sa3058834,Louis Castano,HCU,,,,,False
2026,sa3058835,Ben Castelli,CBU,,,,,False
2026,sa3058837,Nate Castellon,CP,,,,,False
2026,sa3058839,Alessandro Castro,NEV,,,,,False
2026,sa3058842,Tyler Castrataro,HOF,,,,,False
2026,sa3058850,John Chambers,BALL,,,,,False
2026,sa3058854,Cooper Chaplain,LR,,,,,False
2026,sa3058865,Tanner Chun,TULN,,,,,False
2026,sa3058866,Kike Cienfuegos,RGV,,,,,False
2026,sa3058867,Danny Cihocki,NIU,,,,,False
2026,sa3058868,AJ Ciscar,MIA,,,,,False
2026,sa3058873,Cooper Clapp,MTSU,,,,,False
2026,sa3058878,Levi Clark,TENN,,,,,False
2026,sa3058883,Cole Cleveland,FIU,,,,,False
2026,sa3058885,Cade Climie,HOU,,,,,False
2026,sa3058886,Jonathan Clough,NMSU,,,,,False
2026,sa3058887,Owen Clyne,GMU,,,,,False
2026,sa3058891,Quinton Coats,CIN,,,,,False
2026,sa3058892,Cordell Coburn,WIU,,,,,False
2026,sa3058893,LT Cockrill,DEL,,,,,False
2026,sa3058897,Hunter Colagrande,STBK,,,,,False
2026,sa3058898,Nolan Colby,FAIR,,,,,False
2026,sa3058902,Blake Coleman,UAPB,,,,,False
2026,sa3058903,Lazaro Collera,MIA,,,,,False
2026,sa3058904,Hayden Collins,EKU,,,,,False
2026,sa3058906,Kenyon Collins,MRSH,,,,,False
2026,sa3058908,Mitchell Collins,UNF,,,,,False
2026,sa3058914,Cullen Condon,WOF,,,,,False
2026,sa3058916,Brendan Conner,UAB,,,,,False
2026,sa3058917,Lucas Connors,LEM,,,,,False
2026,sa3058918,Cole Constable,QUIN,,,,,False
2026,sa3058919,Matt Conte,WAKE,,,,,False
2026,sa3058930,Luke Corcoran,COPP,,,,,False
2026,sa3058933,Ryan Costello,MD,,,,,False
2026,sa3058939,Carter Cox,NIU,,,,,False
2026,sa3058941,Noah Coy,ND,,,,,False
2026,sa3058949,Wayland Crane,BYU,,,,,False
2026,sa3058950,Petey Craska,UNA,,,,,False
2026,sa3058953,Logan Crock,BUT,,,,,False
2026,sa3058956,Colin Crowley,WIN,,,,,False
2026,sa3058959,Jake Cullen,URI,,,,,False
2026,sa3058963,Conner Cunningham,MUR,,,,,False
2026,sa3058966,Derek Curiel,LSU,,,,,False
2026,sa3058978,Jamie Daly,DAV,,,,,False
2026,sa3058982,Andrew Damiani,NIA,,,,,False
2026,sa3058984,Chris Daniels,NMSU,,,,,False
2026,sa3058985,Conlan Daniel,CIN,,,,,False
2026,sa3058991,Sean Darnell,TROY,,,,,False
2026,sa3058992,Lucas Davenport,BAY,,,,,False
2026,sa3058998,Charlie Davis,BEL,,,,,False
2026,sa3058999,Diego Davis,PAC,,,,,False
2026,sa3059006,Tague Davis,LOU,,,,,False
2026,sa3059008,Vincent Davis,DEL,,,,,False
2026,sa3059013,Micah Dean,ULM,,,,,False
2026,sa3059020,Dominic Decker,MISS,,,,,False
2026,sa3059028,Jeremy Delamota,FDU,,,,,False
2026,sa3059037,Hogan Denny,IU,,,,,False
2026,sa3059039,Dutch DeProspero,TOW,,,,,False
2026,sa3059041,JC Dermody,ULM,,,,,False
2026,sa3059042,Eli DeRossi,MSM,,,,,False
2026,sa3059044,Matt DeShiro,MRMK,,,,,False
2026,sa3059047,Andrew Detlefsen,UTSA,,,,,False
2026,sa3059048,Luke Devine,SCU,,,,,False
2026,sa3059052,Nick Dicarlo,NCAT,,,,,False
2026,sa3059055,Carter Dierdorf,PITT,,,,,False
2026,sa3059056,Aiden Dill,HALL,,,,,False
2026,sa3059058,Jayce Dobie,NEV,,,,,False
2026,sa3059059,Cord Dobrinski,LIU,,,,,False
2026,sa3059071,Aidan Donovan,MSU,,,,,False
2026,sa3059074,Chanz Doughty,STBK,,,,,False
2026,sa3059077,Jake Downing,CP,,,,,False
2026,sa3059081,Troy Dressler,WAKE,,,,,False
2026,sa3059085,Jake Drumm,GMU,,,,,False
2026,sa3059088,Harrison Dubois,WIU,,,,,False
2026,sa3059096,Kaleb Duncan,WICH,,,,,False
2026,sa3059098,Kevin Duran,LAM,,,,,False
2026,sa3059099,Joe Durso,LIU,,,,,False
2026,sa3059104,Mitch Dye,ILL,,,,,False
2026,sa3059105,Matthew Eagen,QUC,,,,,False
2026,sa3059106,Nathan Earley,USF,,,,,False
2026,sa3059110,Liam Ebbs,LAF,,,,,False
2026,sa3059112,Gavin Eddy,CAL,,,,,False
2026,sa3059113,Blake Edgmon,CHSO,,,,,False
2026,sa3059117,Scott Edwards,DAV,,,,,False
2026,sa3059121,Aric Ehmke,MILW,,,,,False
2026,sa3059122,Logan Eisenreich,VT,,,,,False
2026,sa3059128,Tyler Ellis,LIN,,,,,False
2026,sa3059129,Beau Elson,FOR,,,,,False
2026,sa3059130,Jon Embury,FGCU,,,,,False
2026,sa3059133,Trotter Enright,LBSU,,,,,False
2026,sa3059138,Trevor Esparza,GRAM,,,,,False
2026,sa3059143,Eddison Esquivel,SF,,,,,False
2026,sa3059147,Emil Estrella,INST,,,,,False
2026,sa3059150,Casan Evans,LSU,,,,,False
2026,sa3059152,Jake Evans,LBSU,,,,,False
2026,sa3059154,A.J. Evasco,KSU,,,,,False
2026,sa3059157,Kenney Fabian,UAPB,,,,,False
2026,sa3059159,Elijah Fairchild,LIU,,,,,False
2026,sa3059166,Owen Faust,FRES,,,,,False
2026,sa3059168,Hayden Federico,MISS,,,,,False
2026,sa3059174,Henry Ferguson,ETSU,,,,,False
2026,sa3059176,Jose Fernandez,BCU,,,,,False
2026,sa3059193,Jarrett Flaggert,AMCC,,,,,False
2026,sa3059194,Will Flanigan,UIC,,,,,False
2026,sa3059198,Jaden Flores,SIU,,,,,False
2026,sa3059200,Nick Flores,VCU,,,,,False
2026,sa3059201,Sam Flores,PUR,,,,,False
2026,sa3059203,Ethan Foley,CAL,,,,,False
2026,sa3059220,Brayden Fraasman,NCSU,,,,,False
2026,sa3059222,Chase Fralick,AUB,,,,,False
2026,sa3059225,Nich Francuzenko,TOW,,,,,False
2026,sa3059235,John Freitag,VILL,,,,,False
2026,sa3059237,Blaine French,PAC,,,,,False
2026,sa3059238,Jacob French,CAL,,,,,False
2026,sa3059239,Clayton Freshcorn,TA&M,,,,,False
2026,sa3059244,Brenden Fry,SIUE,,,,,False
2026,sa3059250,Walker Fuller,NORF,,,,,False
2026,sa3059251,Ryan Furey,UNF,,,,,False
2026,sa3059252,Logan Fyffe,MOST,,,,,False
2026,sa3059259,Grant Gallagher,KSU,,,,,False
2026,sa3059260,Nick Gallello,HOF,,,,,False
2026,sa3059265,Trey Gambill,OU,,,,,False
2026,sa3059267,Gus Gandy,SAM,,,,,False
2026,sa3059269,Ayden Garcia,UNLV,,,,,False
2026,sa3059272,Mateo Garcia,SCU,,,,,False
2026,sa3059283,Brendan Garza,BALL,,,,,False
2026,sa3059289,Nolan Geisler,UML,,,,,False
2026,sa3059291,DJ Ghiorso,LMU,,,,,False
2026,sa3059293,Cole Gibler,ARK,,,,,False
2026,sa3059296,Bradley Gilbert,UVU,,,,,False
2026,sa3059298,Patrick Gillen,UNCA,,,,,False
2026,sa3059299,Jet Gilliam,UTAH,,,,,False
2026,sa3059301,Jax Gimenez,ORE,,,,,False
2026,sa3059312,Cooper Golden,MCN,,,,,False
2026,sa3059313,Jackson Golden,MRSH,,,,,False
2026,sa3059318,Jonathan Gomez,FDU,,,,,False
2026,sa3059320,Hank Gomric,SLU,,,,,False
2026,sa3059322,Andres Gonzalez,USI,,,,,False
2026,sa3059323,Ignacio Gonzalez,M-OH,,,,,False
2026,sa3059324,Jonathan Gonzalez Perez,UMES,,,,,False
2026,sa3059326,Paulie Goodness,LEM,,,,,False
2026,sa3059333,Grant Govel,USC,,,,,False
2026,sa3059334,Anthony Grabau,FOR,,,,,False
2026,sa3059342,Mateo Gray,UCF,,,,,False
2026,sa3059345,Cole Green,RICE,,,,,False
2026,sa3059346,Jacob Green,USF,,,,,False
2026,sa3059360,Brett Griffiths,BALL,,,,,False
2026,sa3059363,CJ Griggs,HOF,,,,,False
2026,sa3059368,Chayse Gruber,RICH,,,,,False
2026,sa3059369,Sam Grube,VT,,,,,False
2026,sa3059371,Sam Grunberg,JAX,,,,,False
2026,sa3059376,Cody Gunderson,CLT,,,,,False
2026,sa3059384,John Hadley,MILW,,,,,False
2026,sa3059385,Evan Haeger,MICH,,,,,False
2026,sa3059387,Micah Hagler,SEA,,,,,False
2026,sa3059388,Adam Haight,ORST,,,,,False
2026,sa3059389,Jake Hajdu,ELON,,,,,False
2026,sa3059390,John Hale,EMU,,,,,False
2026,sa3059400,Jayden Hamilton,MRMK,,,,,False
2026,sa3059402,Mason Hamlin,UVU,,,,,False
2026,sa3059404,Chase Hanawalt,FOR,,,,,False
2026,sa3059407,Jake Hanley,IU,,,,,False
2026,sa3059408,Matt Hansen,BYU,,,,,False
2026,sa3059410,Tanner Hardin,WOF,,,,,False
2026,sa3059413,Reese Harmon,OHIO,,,,,False
2026,sa3059415,Jayden Harper,CSUF,,,,,False
2026,sa3059417,Bear Harrison,TA&M,,,,,False
2026,sa3059418,Grayden Harris,USM,,,,,False
2026,sa3059420,Marcus Harrison,NKU,,,,,False
2026,sa3059422,Tyler Harries,SF,,,,,False
2026,sa3059429,Santino Harwood,DSU,,,,,False
2026,sa3059433,Logan Hastings,MD,,,,,False
2026,sa3059440,Trey Hawsey,LT,,,,,False
2026,sa3059445,John Paul Head,UAB,,,,,False
2026,sa3059446,Ty Head,NCSU,,,,,False
2026,sa3059449,Alex Hebenstreit,SBU,,,,,False
2026,sa3059458,Wesley Helms,UAB,,,,,False
2026,sa3059471,Jacob Heppner,UVU,,,,,False
2026,sa3059474,Alex Hernandez,GT,,,,,False
2026,sa3059482,Hunter Herndon,WOF,,,,,False
2026,sa3059483,Jack Herring,ECU,,,,,False
2026,sa3059489,Tate Hickman,SHSU,,,,,False
2026,sa3059493,Trey Higgins,SAM,,,,,False
2026,sa3059496,Cameron Hill,GRAM,,,,,False
2026,sa3059500,Cooper Hinson,MRSH,,,,,False
2026,sa3059507,Kendall Hoffman,HOU,,,,,False
2026,sa3059508,Noah Hogan,COPP,,,,,False
2026,sa3059509,Evan Holewinski,KENT,,,,,False
2026,sa3059510,Khi Holiday,USI,,,,,False
2026,sa3059514,Christian Holmes,MILW,,,,,False
2026,sa3059515,Garrett Holpuch,TNTC,,,,,False
2026,sa3059517,Walker Hooks,MISS,,,,,False
2026,sa3059520,Bradyn Horn,MILW,,,,,False
2026,sa3059529,Jackson Hotchkiss,WASH,,,,,False
2026,sa3059538,Will Howell,MEM,,,,,False
2026,sa3059541,Eli Hudgins,RAD,,,,,False
2026,sa3059548,Nick Hunkele,MRMK,,,,,False
2026,sa3059550,Andrew Hunt,UAB,,,,,False
2026,sa3059556,Colin Husko,UIC,,,,,False
2026,sa3059559,Kyle Hvidsten,LIB,,,,,False
2026,sa3059562,Andrew Ildefonso,FIU,,,,,False
2026,sa3059564,Matt Ineich,WVU,,,,,False
2026,sa3059566,Tyler Inge,ORST,,,,,False
2026,sa3059568,Shintaro Inoue,KSU,,,,,False
2026,sa3059569,Austin Irby,ECU,,,,,False
2026,sa3059573,Charlie Isom-McCall,LIN,,,,,False
2026,sa3059574,Jayden Israel,NORF,,,,,False
2026,sa3059580,Zack James,TCU,,,,,False
2026,sa3059581,Jimmy Janicki,TROY,,,,,False
2026,sa3059584,Carson Jasa,NEB,,,,,False
2026,sa3059586,Brayden Jefferis,MICH,,,,,False
2026,sa3059588,Bruce Jellison,EMU,,,,,False
2026,sa3059589,Carter Jenkins,NICH,,,,,False
2026,sa3059597,Adrian Jimenez,CLT,,,,,False
2026,sa3059598,Jorsixt Jimenez,TNTC,,,,,False
2026,sa3059599,Julian Jimenez,UMES,,,,,False
2026,sa3059600,Will Johannes,ILL,,,,,False
2026,sa3059601,Andrew Johnson,USC,,,,,False
2026,sa3059606,Cole Johnson,APSU,,,,,False
2026,sa3059607,Conner Johnson,ORU,,,,,False
2026,sa3059612,Jonah Johnson,LMU,,,,,False
2026,sa3059613,Landen Johnson,HPU,,,,,False
2026,sa3059614,Nate Johnson,TULN,,,,,False
2026,sa3059622,Jaylen Jones,WCU,,,,,False
2026,sa3059625,Luke Jones,CCU,,,,,False
2026,sa3059626,Paul Jones II,MD,,,,,False
2026,sa3059627,Tate Jones,NJIT,,,,,False
2026,sa3059631,Kainen Jorge,MUR,,,,,False
2026,sa3059633,Evan Joubert,TXSO,,,,,False
2026,sa3059640,Tyler Kamerer,MRSH,,,,,False
2026,sa3059641,Wailele Kane-Yates,ORU,,,,,False
2026,sa3059644,Max Kaplan,UPST,,,,,False
2026,sa3059649,Cole Katayama-Stall,PORT,,,,,False
2026,sa3059650,Camden Kaufman,NMSU,,,,,False
2026,sa3059652,Aubrey Kearns,MORE,,,,,False
2026,sa3059653,Nate Kearney,STO,,,,,False
2026,sa3059654,Brady Kehlenbrink,MIZ,,,,,False
2026,sa3059657,Gavin Kelly,WVU,,,,,False
2026,sa3059661,Alex Kelsey,JOES,,,,,False
2026,sa3059663,Damion Kenealy,LIP,,,,,False
2026,sa3059671,Braydon Kersey,MER,,,,,False
2026,sa3059676,Terrence Kiel II,TA&M,,,,,False
2026,sa3059677,Zach Kilby,FAU,,,,,False
2026,sa3059682,Aidan King,FLA,,,,,False
2026,sa3059684,Caleb King,DSU,,,,,False
2026,sa3059685,Ryan King,CSUB,,,,,False
2026,sa3059690,Taylor Kirk,FOR,,,,,False
2026,sa3059691,Nate Kirkpatrick,VCU,,,,,False
2026,sa3059697,Ethan Kleinschmit,ORST,,,,,False
2026,sa3059700,Addison Klepsch,UCSD,,,,,False
2026,sa3059707,Zach Knowlton,CMU,,,,,False
2026,sa3059711,Ethan Kodama,CAL,,,,,False
2026,sa3059713,Jace Kohler,HPU,,,,,False
2026,sa3059717,Mathew Kosuda,W&M,,,,,False
2026,sa3059718,Matthew Kouser,NU,,,,,False
2026,sa3059722,Steven Kraus,BING,,,,,False
2026,sa3059724,Sam Kretsch,SMC,,,,,False
2026,sa3059728,Brady Krzciok,CMU,,,,,False
2026,sa3059736,Gavin Kuzniewski,OSU,,,,,False
2026,sa3059738,Junhyuk Kwon,NEV,,,,,False
2026,sa3059744,Jackson LaLima,HOU,,,,,False
2026,sa3059758,Vaun Larisa,ME,,,,,False
2026,sa3059759,Dylan Larkins,GTWN,,,,,False
2026,sa3059761,Jamie Laskofski,W&M,,,,,False
2026,sa3059764,Jack Lausch,NU,,,,,False
2026,sa3059769,Brendan Lawson,FLA,,,,,False
2026,sa3059771,Ethan Lay,SAC,,,,,False
2026,sa3059776,Darryl Lee,BCU,,,,,False
2026,sa3059777,Jayce Lee,ND,,,,,False
2026,sa3059778,Jacob Lee,VCU,,,,,False
2026,sa3059779,Joseph Lee,SAM,,,,,False
2026,sa3059780,Owen Lee,TNTC,,,,,False
2026,sa3059784,Matthew Lefevers,RAD,,,,,False
2026,sa3059786,Jon Legrande,SJU,,,,,False
2026,sa3059792,Zach Leite,ODU,,,,,False
2026,sa3059794,Johnny Lemm,ALA,,,,,False
2026,sa3059795,Austin Lemon,VILL,,,,,False
2026,sa3059797,Brayden Leonard,VILL,,,,,False
2026,sa3059798,Alex Leopard,UCSD,,,,,False
2026,sa3059801,Andon Lewis,WES,,,,,False
2026,sa3059808,Nick Lewis,WSU,,,,,False
2026,sa3059814,Tyler Lichtenberger,CLEM,,,,,False
2026,sa3059816,Forrest Lietz,DAV,,,,,False
2026,sa3059818,Dylan Lina,LBSU,,,,,False
2026,sa3059822,Marshall Lipsey,FAU,,,,,False
2026,sa3059825,James Litman,FAU,,,,,False
2026,sa3059832,Corie Lockette,PV,,,,,False
2026,sa3059835,Cecil Lofton,SIU,,,,,False
2026,sa3059837,Jake Long,UTAH,,,,,False
2026,sa3059840,Charlie Longmeier,EVAN,,,,,False
2026,sa3059842,Ricco Longo,EKU,,,,,False
2026,sa3059845,Augie Lopez,USC,,,,,False
2026,sa3059847,Sergio Lopez,RGV,,,,,False
2026,sa3059849,Carson Lorch,TAR,,,,,False
2026,sa3059850,Ryan Lordier,MAN,,,,,False
2026,sa3059856,James Love,EIU,,,,,False
2026,sa3059857,Nathan Love,ORU,,,,,False
2026,sa3059858,Logan Lowe,UNCA,,,,,False
2026,sa3059859,Cort Lowry,TAR,,,,,False
2026,sa3059863,Preston Lucas,UPST,,,,,False
2026,sa3059864,Trevor Lucas,UNCW,,,,,False
2026,sa3059867,Riley Luft,APP,,,,,False
2026,sa3059868,Rylan Lujo,UGA,,,,,False
2026,sa3059870,Ethan Lund,OKST,,,,,False
2026,sa3059873,Hudson Lutterman,VT,,,,,False
2026,sa3059874,Jackson Lyda,WCU,,,,,False
2026,sa3059876,Ryan Lynch,UNC,,,,,False
2026,sa3059879,Burke-Lee Mabeus,ORE,,,,,False
2026,sa3059880,Grant MacArthur,PAC,,,,,False
2026,sa3059881,Eric Machej,ILST,,,,,False
2026,sa3059883,Landon Mack,TENN,,,,,False
2026,sa3059895,Keaton Mahan,LIP,,,,,False
2026,sa3059897,Ty Mainolfi,BC,,,,,False
2026,sa3059899,Cooper Malamazian,IU,,,,,False
2026,sa3059901,Michael Malki,CBU,,,,,False
2026,sa3059906,Alexander Manent,SPU,,,,,False
2026,sa3059907,Aaron Manias,PUR,,,,,False
2026,sa3059912,Jake Marciano,AUB,,,,,False
2026,sa3059913,Manny Marin,TENN,,,,,False
2026,sa3059914,Charlie Marion,MILW,,,,,False
2026,sa3059916,Tommy Markey,FOR,,,,,False
2026,sa3059920,Alex Marot,CHSO,,,,,False
2026,sa3059923,Thomas Marsala,NWST,,,,,False
2026,sa3059929,Andrey Martinez,BCU,,,,,False
2026,sa3059933,Jeremy Martinez,INST,,,,,False
2026,sa3059934,John Martinez,FAU,,,,,False
2026,sa3059935,Nathan Martinez,CHSO,,,,,False
2026,sa3059936,Parker Martin,USI,,,,,False
2026,sa3059942,Nick Mascaro,CSUB,,,,,False
2026,sa3059944,DJ Massey,UVU,,,,,False
2026,sa3059945,Luke Matthews,KENT,,,,,False
2026,sa3059948,Davis Mauzy,ULM,,,,,False
2026,sa3059950,Nicholas Mazzotta,WAG,,,,,False
2026,sa3059951,Xander McAfee,UTA,,,,,False
2026,sa3059955,Jake McCarter,HPU,,,,,False
2026,sa3059963,Patrick McCullough,WES,,,,,False
2026,sa3059972,Walker McDuffie,UNC,,,,,False
2026,sa3059973,Carson McEntire,ARIZ,,,,,False
2026,sa3059976,James McGee,KENN,,,,,False
2026,sa3059980,Coleman McGinnis,UNCA,,,,,False
2026,sa3059986,Curtis McKay,NIA,,,,,False
2026,sa3059988,Holden McKinney,JMU,,,,,False
2026,sa3059991,Ryan McLaughlin,DEL,,,,,False
2026,sa3059993,Patrick McLellan,USI,,,,,False
2026,sa3059998,Shaun McMillan,SJU,,,,,False
2026,sa3059999,Cooper McMullen,KENN,,,,,False
2026,sa3060000,Ezra McNaughton,BYU,,,,,False
2026,sa3060007,Connor Meidroth,USD,,,,,False
2026,sa3060012,Axel Melendez,ETSU,,,,,False
2026,sa3060013,Xavier Melendez,UTA,,,,,False
2026,sa3060014,Tommy Meluskey,NMSU,,,,,False
2026,sa3060015,Alex Mendes,MSM,,,,,False
2026,sa3060018,Landon Mensik,XAV,,,,,False
2026,sa3060021,Nathan Mertens,SEMO,,,,,False
2026,sa3060025,Luke Meyers,WSU,,,,,False
2026,sa3060026,Maddox Meyer,OMA,,,,,False
2026,sa3060028,RJ Meyn,SCU,,,,,False
2026,sa3060030,Owen Michelson,UNCA,,,,,False
2026,sa3060036,Brendon Miller,FAIR,,,,,False
2026,sa3060037,Brady Miller,LIP,,,,,False
2026,sa3060038,Caden Miller,UTSA,,,,,False
2026,sa3060044,Nick Miller,CSUF,,,,,False
2026,sa3060045,Noah Miller,MICH,,,,,False
2026,sa3060046,Nolan Miller,PORT,,,,,False
2026,sa3060050,Jake Minarik,UNCA,,,,,False
2026,sa3060051,Matt Minckler,DEL,,,,,False
2026,sa3060054,Jack Mislan,LAF,,,,,False
2026,sa3060059,Tommy Mitchell,ELON,,,,,False
2026,sa3060062,Julian Mlodzinski,FIU,,,,,False
2026,sa3060071,JoJo Montgomery,VILL,,,,,False
2026,sa3060072,Reese Moody,JMU,,,,,False
2026,sa3060073,Avery Moore,PUR,,,,,False
2026,sa3060079,Will Moore,IU,,,,,False
2026,sa3060081,Efrain Morales,ODU,,,,,False
2026,sa3060082,Miguel Morales,TXSO,,,,,False
2026,sa3060083,CJ Moran,USD,,,,,False
2026,sa3060094,Kyle Morrison,USM,,,,,False
2026,sa3060096,Joey Morton,CAM,,,,,False
2026,sa3060100,Wylan Moss,UCLA,,,,,False
2026,sa3060106,Jake Mulvehill,LEH,,,,,False
2026,sa3060107,Sammy Mummau,JAX,,,,,False
2026,sa3060111,Steele Murdock,UCSD,,,,,False
2026,sa3060113,Quinn Murphy,ME,,,,,False
2026,sa3060117,Jett Music,CAM,,,,,False
2026,sa3060119,Eric Nachtsheim,MCN,,,,,False
2026,sa3060122,Jack Natili,CIN,,,,,False
2026,sa3060123,Gabe Natividad,WIN,,,,,False
2026,sa3060127,Nathan Negre,CARK,,,,,False
2026,sa3060132,Jaret Nelson,FGCU,,,,,False
2026,sa3060143,Charlie Niehaus,CIN,,,,,False
2026,sa3060146,Cody Nitowitz,PORT,,,,,False
2026,sa3060148,Nick Noble,FDU,,,,,False
2026,sa3060152,Kyler Northrop,WSU,,,,,False
2026,sa3060159,Mark Nowak,NKU,,,,,False
2026,sa3060164,Ryan Oakes,NEV,,,,,False
2026,sa3060165,Ollie Obenour,WSU,,,,,False
2026,sa3060169,Matthew OBrien,UCR,,,,,False
2026,sa3060178,Griffin Olson,MORE,,,,,False
2026,sa3060183,Robert Orr,PAC,,,,,False
2026,sa3060187,Dariel Osoria,KU,,,,,False
2026,sa3060195,Joey Pagano,JOES,,,,,False
2026,sa3060198,Fernando Palencia,USD,,,,,False
2026,sa3060201,Kyle Panganiban,CSUN,,,,,False
2026,sa3060208,Aidan Paradine,SIE,,,,,False
2026,sa3060209,Dawson Park,TXST,,,,,False
2026,sa3060211,Brigden Parker,LR,,,,,False
2026,sa3060214,Ryan Parker,SHU,,,,,False
2026,sa3060219,Cade Patterson,LT,,,,,False
2026,sa3060220,Tripp Patterson,UNA,,,,,False
2026,sa3060234,Landon Penfield,COFC,,,,,False
2026,sa3060236,Fabio Peralta,MIA,,,,,False
2026,sa3060244,Xavier Perez,HOU,,,,,False
2026,sa3060246,Anthony Perritano,MUR,,,,,False
2026,sa3060255,Brady Petit,SMC,,,,,False
2026,sa3060256,AJ Petraitis,LEM,,,,,False
2026,sa3060258,Gabe Petrucelli,SIU,,,,,False
2026,sa3060262,Amp Phillips,SC,,,,,False
2026,sa3060263,Austin Phillips,UTA,,,,,False
2026,sa3060264,Kelton Phillips,AKR,,,,,False
2026,sa3060267,Aaron Piasecki,TROY,,,,,False
2026,sa3060268,Ryan Piech,XAV,,,,,False
2026,sa3060275,Luka Pintar,SJSU,,,,,False
2026,sa3060277,Derrick Pitts,CIN,,,,,False
2026,sa3060283,JP Podgorski,VILL,,,,,False
2026,sa3060287,Jeter Polledo,BCU,,,,,False
2026,sa3060288,Tommy Popoff,BING,,,,,False
2026,sa3060292,Jack Porter,PSU,,,,,False
2026,sa3060293,Hunter Possehl,FGCU,,,,,False
2026,sa3060296,Jakob Poturnak,SAC,,,,,False
2026,sa3060298,Trey Power,ALST,,,,,False
2026,sa3060305,Blaise Priester,SELA,,,,,False
2026,sa3060306,Josh Prieto,TXSO,,,,,False
2026,sa3060307,Blake Primrose,JOES,,,,,False
2026,sa3060313,Ryan Pruitt,USF,,,,,False
2026,sa3060316,Adam Puder,STMN,,,,,False
2026,sa3060318,Ethan Puig,APP,,,,,False
2026,sa3060320,Noah Quarless,WCU,,,,,False
2026,sa3060324,Michael Quick,BRAD,,,,,False
2026,sa3060325,Ashton Quiller,ARST,,,,,False
2026,sa3060328,Jake Radosevich,LIN,,,,,False
2026,sa3060330,Andrew Ramirez,SEMO,,,,,False
2026,sa3060331,Chris Ramirez,CBU,,,,,False
2026,sa3060334,Brody Rasmussen,ME,,,,,False
2026,sa3060336,Eric Rawlings,WIU,,,,,False
2026,sa3060337,Hunter Ray,FDU,,,,,False
2026,sa3060340,Tyler Ray,UTU,,,,,False
2026,sa3060341,Andrew Rayment,SCU,,,,,False
2026,sa3060352,Chris Rembert,AUB,,,,,False
2026,sa3060354,Alonso Reyes,UCI,,,,,False
2026,sa3060356,Stormy Rhodes,OKST,,,,,False
2026,sa3060358,Lew Rice,CREI,,,,,False
2026,sa3060364,Michael Rickert,STO,,,,,False
2026,sa3060365,Pearson Riebock,BAY,,,,,False
2026,sa3060366,Micah Rienstra-Kiracofe,KENT,,,,,False
2026,sa3060368,Nathan Ries,UCSD,,,,,False
2026,sa3060369,Rustan Rigdon,VAN,,,,,False
2026,sa3060374,Nash Rippen,UNA,,,,,False
2026,sa3060375,Miles Risley,IOWA,,,,,False
2026,sa3060376,Robert Rispoli,CONN,,,,,False
2026,sa3060378,Riane Ritter,KU,,,,,False
2026,sa3060380,Anibal Rivera,QUC,,,,,False
2026,sa3060382,Noel Rivera,MRST,,,,,False
2026,sa3060383,Ryan Rivera,LIU,,,,,False
2026,sa3060385,John Rizzo,STBK,,,,,False
2026,sa3060393,Colin Robson,RICE,,,,,False
2026,sa3060398,Adrian Rodriguez,TEX,,,,,False
2026,sa3060401,Damian Rodriguez,IONA,,,,,False
2026,sa3060405,Freddy Rodriguez,MEM,,,,,False
2026,sa3060407,JD Rodriguez,TULN,,,,,False
2026,sa3060410,Austen Roellig,ASU,,,,,False
2026,sa3060412,Brett Rogers,MTSU,,,,,False
2026,sa3060416,Justin Roitman,WAG,,,,,False
2026,sa3060417,Matthew Rollison,PRES,,,,,False
2026,sa3060422,Jackson Rooker,TNTC,,,,,False
2026,sa3060425,Conner Ross,CBU,,,,,False
2026,sa3060426,Grant Ross,MILW,,,,,False
2026,sa3060429,Max Ross,SCU,,,,,False
2026,sa3060431,Ethan Rossi,EIU,,,,,False
2026,sa3060440,Gavin Roy,WSU,,,,,False
2026,sa3060444,Bryce Rudisill,MSM,,,,,False
2026,sa3060454,Cal Rutherford,EMU,,,,,False
2026,sa3060461,Jack Salmon,UNLV,,,,,False
2026,sa3060464,Guriyandel Salva,MAN,,,,,False
2026,sa3060469,Vincent Samuel,MAN,,,,,False
2026,sa3060470,Edwin Sanchez,BCU,,,,,False
2026,sa3060480,Jackson Sanders,AUB,,,,,False
2026,sa3060482,Nolan Sandee,NIU,,,,,False
2026,sa3060483,Russell Sandefer,FLA,,,,,False
2026,sa3060484,Will Sanford,ORE,,,,,False
2026,sa3060487,Fabian Santana,ALST,,,,,False
2026,sa3060491,Serigne Sarre,MSM,,,,,False
2026,sa3060492,Rintaro Sasaki,STAN,,,,,False
2026,sa3060495,Charlie Saul,BRY,,,,,False
2026,sa3060498,Antonelli Savattere,HOU,,,,,False
2026,sa3060500,Nate Savoie,CLEM,,,,,False
2026,sa3060501,Billy Scaldeferri,GCU,,,,,False
2026,sa3060511,Dylan Schlaegel,DBU,,,,,False
2026,sa3060513,Carl Schmidt,CAL,,,,,False
2026,sa3060514,Tate Schmidt,MILW,,,,,False
2026,sa3060516,William Schmidt,LSU,,,,,False
2026,sa3060517,Ayden Schnarrs,VMI,,,,,False
2026,sa3060518,Braeden Schnabel,PAC,,,,,False
2026,sa3060524,Aidan Schuck,OAK,,,,,False
2026,sa3060527,Kooper Schulte,IOWA,,,,,False
2026,sa3060533,KJ Scobey,SC,,,,,False
2026,sa3060534,Cal Scolari,ORE,,,,,False
2026,sa3060537,Luke Scwartz,SPU,,,,,False
2026,sa3060544,Gavin Sentell,NCAT,,,,,False
2026,sa3060555,Michael Sharman,CLEM,,,,,False
2026,sa3060560,Cooper Sheff,UNLV,,,,,False
2026,sa3060561,Jeremy Sheffield,GTWN,,,,,False
2026,sa3060562,Lincoln Sheffield,KSU,,,,,False
2026,sa3060564,Jack Sheldon,FAIR,,,,,False
2026,sa3060566,Troy Shepard,SIU,,,,,False
2026,sa3060567,Dylan Shepherd,OHIO,,,,,False
2026,sa3060568,Caden Sheridan,MORE,,,,,False
2026,sa3060571,Garrett Shull,OKST,,,,,False
2026,sa3060576,Joe Siervo,NWST,,,,,False
2026,sa3060578,Sam Simmons,UTSA,,,,,False
2026,sa3060584,AJ Singer,ORST,,,,,False
2026,sa3060589,Ryan Skjonsby,WSU,,,,,False
2026,sa3060590,Josh Skowronski,WIN,,,,,False
2026,sa3060591,Clayton Slack,USI,,,,,False
2026,sa3060598,Landon Smelser,TNTC,,,,,False
2026,sa3060600,Ben Smith,HCU,,,,,False
2026,sa3060603,Cole Smith,NIU,,,,,False
2026,sa3060606,Dante Smith,NDSU,,,,,False
2026,sa3060607,Dylan Smith,CSUF,,,,,False
2026,sa3060608,Easten Smith,AMCC,,,,,False
2026,sa3060609,Ethan Smith,LIN,,,,,False
2026,sa3060612,Griffin Smith,WSU,,,,,False
2026,sa3060613,James Smith IV,MEM,,,,,False
2026,sa3060614,Jackson Smith,AMCC,,,,,False
2026,sa3060615,Jackson Smith,CIN,,,,,False
2026,sa3060617,John Smith,UCF,,,,,False
2026,sa3060618,Kaden Smith,DUKE,,,,,False
2026,sa3060619,Kaden Smith,USF,,,,,False
2026,sa3060621,Lucas Smith,UIC,,,,,False
2026,sa3060627,Ty Smolinski,KSU,,,,,False
2026,sa3060630,Chase Snavely,DSU,,,,,False
2026,sa3060635,Sawyer Solitaria,KENT,,,,,False
2026,sa3060636,Jaxon Sorenson,LIB,,,,,False
2026,sa3060639,Jake Souders,SAM,,,,,False
2026,sa3060648,Joe Sperry,MINN,,,,,False
2026,sa3060652,Max Stammel,UVA,,,,,False
2026,sa3060654,Matt Stancliff,MCN,,,,,False
2026,sa3060656,Bobby Stang,DAY,,,,,False
2026,sa3060658,Wyatt Stanley,WCU,,,,,False
2026,sa3060661,Peyton Steele,ALA,,,,,False
2026,sa3060664,Aaron Stelogeannis,LIP,,,,,False
2026,sa3060666,Marc Stephens,USA,,,,,False
2026,sa3060667,Sean Stephenson,IONA,,,,,False
2026,sa3060671,Jared Stevenson,SEA,,,,,False
2026,sa3060674,Finnegan Stewart,UTU,,,,,False
2026,sa3060677,Rylen Stockton,MD,,,,,False
2026,sa3060684,Travis Stroh,FDU,,,,,False
2026,sa3060685,Sawyer Strosnider,TCU,,,,,False
2026,sa3060687,Isaac Sturgess,MSU,,,,,False
2026,sa3060688,Cayden Suchy,CONN,,,,,False
2026,sa3060691,Case Sullivan,VAL,,,,,False
2026,sa3060694,Camden Sunstrom,USM,,,,,False
2026,sa3060697,Hunter Sute,MAN,,,,,False
2026,sa3060698,Matthew Sutera,WAG,,,,,False
2026,sa3060700,Steven Svenson,HALL,,,,,False
2026,sa3060704,Sean Sweeney,BING,,,,,False
2026,sa3060706,Julian Swift,SFA,,,,,False
2026,sa3060708,Easton Swofford,LIB,,,,,False
2026,sa3060709,Trey Swygart,PORT,,,,,False
2026,sa3060713,Cole Tabor,UIW,,,,,False
2026,sa3060714,Aidan Taclas,NMSU,,,,,False
2026,sa3060716,Makani Tanaka,ORU,,,,,False
2026,sa3060723,Easton Teel,ORU,,,,,False
2026,sa3060726,Tim Teixeira,SIUE,,,,,False
2026,sa3060728,Cody Templeton,SFA,,,,,False
2026,sa3060731,Bub Terrell,AUB,,,,,False
2026,sa3060732,Harrison Thayer,RGV,,,,,False
2026,sa3060735,Noah Thigpen,TROY,,,,,False
2026,sa3060736,Brady Thomas,JVST,,,,,False
2026,sa3060739,Matthew Thomas,CSUN,,,,,False
2026,sa3060741,Brock Thompson,OKST,,,,,False
2026,sa3060746,J.T. Thompson,ACU,,,,,False
2026,sa3060747,Kyeler Thompson,TTU,,,,,False
2026,sa3060750,Zack Thompson,GWEB,,,,,False
2026,sa3060751,Colby Thorndyke,CCU,,,,,False
2026,sa3060756,Ben Timblin,WOF,,,,,False
2026,sa3060760,Andrew Tinsley,NCAT,,,,,False
2026,sa3060763,Dean Toigo,ASU,,,,,False
2026,sa3060764,Nick Tomasetto,HALL,,,,,False
2026,sa3060768,Noah Toole,RAD,,,,,False
2026,sa3060769,Matt Toomey,LBSU,,,,,False
2026,sa3060772,Chris Torres,UPST,,,,,False
2026,sa3060776,Nik Toups,SELA,,,,,False
2026,sa3060778,Andrew Townson,FRES,,,,,False
2026,sa3060781,Nolan Traeger,TCU,,,,,False
2026,sa3060784,Jace Trautner,LIP,,,,,False
2026,sa3060787,Justin Trinidad,IONA,,,,,False
2026,sa3060789,Max Tripure,WIU,,,,,False
2026,sa3060790,Colin Trizuto,WAG,,,,,False
2026,sa3060795,Cy Turner,WRST,,,,,False
2026,sa3060798,Jack Turner,NMSU,,,,,False
2026,sa3060808,Diego Urreta,FDU,,,,,False
2026,sa3060809,Dante Vachini,CP,,,,,False
2026,sa3060810,Max Vaisvila,NIU,,,,,False
2026,sa3060812,Jorge Valdes,XAV,,,,,False
2026,sa3060813,Alex Valentin,SC,,,,,False
2026,sa3060814,Kareh Valentin,UNO,,,,,False
2026,sa3060815,Tomas Valincius,MSST,,,,,False
2026,sa3060826,Nate Vargas,UCSB,,,,,False
2026,sa3060828,Will Vasseur,UCSB,,,,,False
2026,sa3060831,Paul Vazquez,ORST,,,,,False
2026,sa3060838,Vince Venditti,SIE,,,,,False
2026,sa3060839,Nick Venteicher,CREI,,,,,False
2026,sa3060840,Boston Vest,NMSU,,,,,False
2026,sa3060841,Jeremy Vest,DSU,,,,,False
2026,sa3060846,Tyler ViVacqua,NIA,,,,,False
2026,sa3060847,Dylan Volantis,TEX,,,,,False
2026,sa3060850,Jason Wachs,TULN,,,,,False
2026,sa3060855,Jackson Walker,HCU,,,,,False
2026,sa3060856,Wes Walker,UNA,,,,,False
2026,sa3060858,Micajah Wall,USI,,,,,False
2026,sa3060861,Charlie Walsh,GW,,,,,False
2026,sa3060867,Wade Walton,HPU,,,,,False
2026,sa3060873,Hunter Warren,WRST,,,,,False
2026,sa3060875,Karsen Waslefsky,UNM,,,,,False
2026,sa3060876,Ben Waterman,LAF,,,,,False
2026,sa3060878,Wylie Waters,UPST,,,,,False
2026,sa3060879,Grant Watkins,ACU,,,,,False
2026,sa3060881,Rex Watson,CCU,,,,,False
2026,sa3060882,Bino Watters,ND,,,,,False
2026,sa3060885,Landon Waugh,MORE,,,,,False
2026,sa3060888,Jake Weaver,UIW,,,,,False
2026,sa3060890,Truitt Webb,SELA,,,,,False
2026,sa3060896,Robert Wegrzyn,LEM,,,,,False
2026,sa3060899,Tyler Weimer,ARST,,,,,False
2026,sa3060902,Alec Welshans,LAS,,,,,False
2026,sa3060904,Dalton Wentz,WAKE,,,,,False
2026,sa3060909,Carter White,UNF,,,,,False
2026,sa3060915,Dax Whitney,ORST,,,,,False
2026,sa3060923,Brodey Williams,UNM,,,,,False
2026,sa3060932,Lance Williams,MD,,,,,False
2026,sa3060933,Thomas Williams,RGV,,,,,False
2026,sa3060934,TJ Williams,EMU,,,,,False
2026,sa3060935,Tyrell Williams,PRES,,,,,False
2026,sa3060936,Zion Williams,LMU,,,,,False
2026,sa3060941,Logan Wilson,NKU,,,,,False
2026,sa3060942,Peyton Wilson,EIU,,,,,False
2026,sa3060944,Kyle Winkler,UTA,,,,,False
2026,sa3060949,Ian Wirtz,LEH,,,,,False
2026,sa3060953,Jase Woita,MIZ,,,,,False
2026,sa3060964,Ryder Woodson,MSST,,,,,False
2026,sa3060966,Micah Worley,STBK,,,,,False
2026,sa3060969,Dyrenson Wouters,DAY,,,,,False
2026,sa3060973,Davis Wright,WCU,,,,,False
2026,sa3060976,Caleb Wulf,IOWA,,,,,False
2026,sa3060977,Bruce Wyche,NCAT,,,,,False
2026,sa3060979,Declan Wywoda,GW,,,,,False
2026,sa3060981,Sean Yamaguchi,NEV,,,,,False
2026,sa3060990,Michael Young,USA,,,,,False
2026,sa3061003,Nolan Zajac,WMU,,,,,False
2026,sa3061006,Henry Zatkowski,UVA,,,,,False
2026,sa3061008,Bradley Zayac,LIB,,,,,False
2026,sa3061009,Jack Zebig,ILL,,,,,False
2026,sa3061010,Henry Zenor,UPST,,,,,False
2026,sa3062551,Nathan Aceves,UCSB,,,,,False
2026,sa3062553,Andrew Allen,ARST,,,,,False
2026,sa3062554,Diego Alvarez,UNM,,,,,False
2026,sa3062558,Austin Beard,MONM,,,,,False
2026,sa3062560,Mason Blasche,SAM,,,,,False
2026,sa3062564,Justin Byrd,UGA,,,,,False
2026,sa3062569,Merik Carter,GWEB,,,,,False
2026,sa3062575,Cade Collins,WOF,,,,,False
2026,sa3062597,Tanner Foerstch,OMA,,,,,False
2026,sa3062605,Blake Grimmer,TENN,,,,,False
2026,sa3062621,Ashton Johnson,BYU,,,,,False
2026,sa3062624,Ka'imi Kahalekai,LBSU,,,,,False
2026,sa3062625,Connor Kelley,UTSA,,,,,False
2026,sa3062631,Avery Laine,LMU,,,,,False
2026,sa3062636,Nick Lovarco,MONM,,,,,False
2026,sa3062640,Cam Mallo,PRES,,,,,False
2026,sa3062643,Trevian Martinez,UCSD,,,,,False
2026,sa3062645,Justin Mayes,TXSO,,,,,False
2026,sa3062648,Gus McKay,UIW,,,,,False
2026,sa3062651,Ryan Mealy,MONM,,,,,False
2026,sa3062660,Dawson Newman,VCU,,,,,False
2026,sa3062665,Hampton Phillips,GRAM,,,,,False
2026,sa3062680,Luke Skinner,BRAD,,,,,False
2026,sa3062681,Mason Smith,CAM,,,,,False
2026,sa3062686,Brandon Stone,SC,,,,,False
2026,sa3062688,Zach Story,UCD,,,,,False
2026,sa3062692,Jesus Tovar,TXST,,,,,False
2026,sa3062697,Zach White,ULM,,,,,False
2026,sa3062698,Tanner Wiggins,RICE,,,,,False
2026,sa3062699,Owen Winebarger,ELON,,,,,False
2026,sa3062701,Tualau Wolfgramm,BYU,,,,,False
2026,sa3062805,Andreas Alvarez,AUB,,,,,False
2026,sa3062806,Eli Anderson,PUR,,,,,False
2026,sa3062807,Tanner Aoki,MVSU,,,,,False
2026,sa3062808,Hayden Bailey,CMU,,,,,False
2026,sa3062816,Kendall Brookins,MVSU,,,,,False
2026,sa3062819,Jackson Burns,TTU,,,,,False
2026,sa3062821,Rocco Caballero,SJSU,,,,,False
2026,sa3062822,Kyle Calzadiaz,SJSU,,,,,False
2026,sa3062824,Jay Campbell,FAMU,,,,,False
2026,sa3062825,Brody Capps,SELA,,,,,False
2026,sa3062828,Garrett Crum,UNCA,,,,,False
2026,sa3062829,Logan Darnell,MVSU,,,,,False
2026,sa3062842,Cameron Greene,UTM,,,,,False
2026,sa3062843,TJ Grines,UTM,,,,,False
2026,sa3062847,Cooper Harrington,LIB,,,,,False
2026,sa3062852,Joshua Ibe,SFA,,,,,False
2026,sa3062856,Kendyl Johnson,TAR,,,,,False
2026,sa3062870,Jake McCoy,SJSU,,,,,False
2026,sa3062875,Ethan Miller,FAMU,,,,,False
2026,sa3062879,Anderson Nance,NCSU,,,,,False
2026,sa3062883,JC Osorio-Agard,SJSU,,,,,False
2026,sa3062886,Matthew Perez,FAMU,,,,,False
2026,sa3062888,JT Popick,UTM,,,,,False
2026,sa3062889,Kevin Reavey,ARMY,,,,,False
2026,sa3062896,Cooper Schneider,SFA,,,,,False
2026,sa3062900,Jacob Sitton,UTM,,,,,False
2026,sa3062921,Joseph Webb,ECU,,,,,False
2026,sa3062923,Eric Williams,MVSU,,,,,False
2026,sa3062927,Garrett Workman,FAMU,,,,,False
2026,sa3064986,AJ Anderson,AAMU,,,,,False
2026,sa3064989,Foster Apple,STET,,,,,False
2026,sa3064996,Alex Benevento,BRWN,,,,,False
2026,sa3065003,Jacob Bowman,WES,,,,,False
2026,sa3065005,Jackson Brewer,COLU,,,,,False
2026,sa3065011,Christian Butera,BRWN,,,,,False
2026,sa3065012,Wandel Campana,WIU,,,,,False
2026,sa3065017,Cole Cook,VMI,,,,,False
2026,sa3065020,Bennett Cox,CAN,,,,,False
2026,sa3065024,Jack Dauer,YALE,,,,,False
2026,sa3065026,Gavin Degnan,PENN,,,,,False
2026,sa3065027,Matthew Delvaux,MERC,,,,,False
2026,sa3065031,Stefan Di Corrado,DART,,,,,False
2026,sa3065034,Ernie Echevarria,PENN,,,,,False
2026,sa3065035,Jack Edmunds,BRWN,,,,,False
2026,sa3065041,David Gibbs,UCR,,,,,False
2026,sa3065048,Nolan Grawe,SDST,,,,,False
2026,sa3065050,Landon Hairston,ASU,,,,,False
2026,sa3065061,Keagen Jirschele,SDST,,,,,False
2026,sa3065062,Blaize Johnson,UNCA,,,,,False
2026,sa3065063,Brodie Johnston,VAN,,,,,False
2026,sa3065068,Nolan Kirsch,MERC,,,,,False
2026,sa3065069,Jackson Klein,MAN,,,,,False
2026,sa3065081,Nathaniel Lopez,TXSO,,,,,False
2026,sa3065083,Jose Luccioni,TXSO,,,,,False
2026,sa3065084,Ty Madison,SDST,,,,,False
2026,sa3065085,Charley Magoulick,RID,,,,,False
2026,sa3065096,Eliot Medlock,RID,,,,,False
2026,sa3065099,Dayton Murphy,MSU,,,,,False
2026,sa3065100,Jack Myers,GASO,,,,,False
2026,sa3065101,Ethan Nardacci,ALB,,,,,False
2026,sa3065105,Danny Orr,UMBC,,,,,False
2026,sa3065110,Mason Pennington,SEMO,,,,,False
2026,sa3065114,Alejandro Puig,DART,,,,,False
2026,sa3065115,Ben Rabatin,KENT,,,,,False
2026,sa3065119,Zachary Robinson,UMBC,,,,,False
2026,sa3065125,Lukas Sarantos,SMC,,,,,False
2026,sa3065137,Gavin Smith,HARV,,,,,False
2026,sa3065139,Makoa Sniffen,SMC,,,,,False
2026,sa3065140,Alex Sotiropoulos,COLU,,,,,False
2026,sa3065146,Ethan Surowiec,FLA,,,,,False
2026,sa3065149,Quincy Thornton,SOU,,,,,False
2026,sa3065150,Anthony Tirado,MASS,,,,,False
2026,sa3065151,Bryson Trammell,GASO,,,,,False
2026,sa3065156,Ranciel Ventura,MERC,,,,,False
2026,sa3065162,Jayden Walker,MERC,,,,,False
2026,sa3065163,Grant Werdesheim,PRIN,,,,,False
2026,sa3065164,Nicholas Werk,SDST,,,,,False
2026,sa3065165,Liam Wilson,HARV,,,,,False
2026,sa3065243,Luca Alagheband,HARV,,,,,False
2026,sa3065249,Nick Baffa,VAL,,,,,False
2026,sa3065253,Mason Barela,COR,,,,,False
2026,sa3065255,James Beasley,PRIN,,,,,False
2026,sa3065260,Gavin Blachowicz,NEB,,,,,False
2026,sa3065261,Braylen Blomquist,WRST,,,,,False
2026,sa3065262,Payton Boines,JKST,,,,,False
2026,sa3065268,Cristofer Cespedes,MD,,,,,False
2026,sa3065273,Mason Christopher,HALL,,,,,False
2026,sa3065278,Joe Connolly,WIU,,,,,False
2026,sa3065282,Colin Cymbalista,UIW,,,,,False
2026,sa3065284,Cole Decker,IU,,,,,False
2026,sa3065296,Ben Fishel,COLU,,,,,False
2026,sa3065298,Chase Fogg,SPU,,,,,False
2026,sa3065300,Brady Fox,UMBC,,,,,False
2026,sa3065301,Dayton Franke,SDST,,,,,False
2026,sa3065320,John Hegarty,COR,,,,,False
2026,sa3065322,Rayner Heinrich,TAR,,,,,False
2026,sa3065331,Zach Jackson,UVA,,,,,False
2026,sa3065335,Rowan Kelly,UCSB,,,,,False
2026,sa3065341,Caleb Koskie,IU,,,,,False
2026,sa3065344,Michael Kuska,VAL,,,,,False
2026,sa3065346,Isaac Lamson,PRIN,,,,,False
2026,sa3065350,Jake Lenahan,HC,,,,,False
2026,sa3065353,Blake Lobell,SELA,,,,,False
2026,sa3065358,Jayden Lopez,JKST,,,,,False
2026,sa3065375,Gavin O'Brien,MASS,,,,,False
2026,sa3065376,Jack Ohman,YALE,,,,,False
2026,sa3065378,Efren Ortega,UCI,,,,,False
2026,sa3065381,Tyler Patrick,FRES,,,,,False
2026,sa3065396,Drew Ripepi,GWEB,,,,,False
2026,sa3065401,Trent Rucker,UIW,,,,,False
2026,sa3065402,Anthony Ruiz,TXSO,,,,,False
2026,sa3065403,Mikey Ryan,NCSU,,,,,False
2026,sa3065404,Jake Sanko,GCU,,,,,False
2026,sa3065406,James Schaffer,STBK,,,,,False
2026,sa3065411,Owen Siegert,SDST,,,,,False
2026,sa3065414,Owen Slater,MOST,,,,,False
2026,sa3065421,Kristian Sprawling,SIU,,,,,False
2026,sa3065428,Anthony Temesvary,COLU,,,,,False
2026,sa3065431,Brayton Thomas,IU,,,,,False
2026,sa3065432,Ryan Thompson,URI,,,,,False
2026,sa3065435,Cade Townsend,MISS,,,,,False
2026,sa3065441,Mike Villani,STBK,,,,,False
2026,sa3065442,Tate Vogler,COLU,,,,,False
2026,sa3065444,Mateo Wells,HPU,,,,,False
2026,sa3065445,Trey Wells,RUTG,,,,,False
2026,sa3065447,Davin Whitaker,ECU,,,,,False
2026,sa3065450,Tyler Wright,CHSO,,,,,False
2026,sa3065503,Kyle Batt,RID,,,,,False
2026,sa3065505,Nick Biddle,HOF,,,,,False
2026,sa3065506,Hudson Brown,UK,,,,,False
2026,sa3065509,Trey Callaway,ALST,,,,,False
2026,sa3065515,Alex Conover,OKST,,,,,False
2026,sa3065516,Carson Cormier,ILST,,,,,False
2026,sa3065531,Boden Fernsler,LAF,,,,,False
2026,sa3065543,Reid Howard,WKU,,,,,False
2026,sa3065545,Alex Hwang,YALE,,,,,False
2026,sa3065551,Liam Kinneen,PRIN,,,,,False
2026,sa3065564,Drew McConnell,EVAN,,,,,False
2026,sa3065572,Christian Mello,ALB,,,,,False
2026,sa3065574,Adam Merritt,MASS,,,,,False
2026,sa3065578,JJ Moran,STAN,,,,,False
2026,sa3065581,Trey Newmann,PORT,,,,,False
2026,sa3065585,Josh Outlaw,ILST,,,,,False
2026,sa3065599,Carson Raether,M-OH,,,,,False
2026,sa3065600,Luke Ridley,WES,,,,,False
2026,sa3065609,Jay Slater,NU,,,,,False
2026,sa3065622,Liam Watt,DBU,,,,,False
2026,sa3065625,Ben Winslow,YALE,,,,,False
2026,sa3065764,Roger Vergara,JAX,,,,,False
2026,sa3065777,John Beverley,GAST,,,,,False
2026,sa3065778,Xavier Bradley,SOU,,,,,False
2026,sa3065783,Bryce Clavon,CLEM,,,,,False
2026,sa3065788,Antonio Doganiero,PITT,,,,,False
2026,sa3065794,Everett Garber,BUCK,,,,,False
2026,sa3065801,RJ Hamilton,DUKE,,,,,False
2026,sa3065804,Nate Harris,UK,,,,,False
2026,sa3065812,Daniel Jackson,UGA,,,,,False
2026,sa3065818,Tegan Kuhns,TENN,,,,,False
2026,sa3065831,Hayden ODell,USA,,,,,False
2026,sa3065835,Jacob Pannell,CARK,,,,,False
2026,sa3065839,Gavin Perry,WKU,,,,,False
2026,sa3065849,Aiden Sims,TA&M,,,,,False
2026,sa3065852,Eli Stephens,MER,,,,,False
2026,sa3065858,Max Winders,BUT,,,,,False
2026,sa3065897,Lucas Alaniz,CSUN,,,,,False
2026,sa3065906,Jordan Bright,NCAT,,,,,False
2026,sa3065913,Ty Davis,BRY,,,,,False
2026,sa3065918,Ethan Eberle,LOU,,,,,False
2026,sa3065932,Benjamin Hudson,PSU,,,,,False
2026,sa3065937,Magnus Krieger,HALL,,,,,False
2026,sa3065947,Cade Norton,WIN,,,,,False
2026,sa3065950,Jonathan Rodriguez,UMES,,,,,False
2026,sa3065954,Connor Shouse,TTU,,,,,False
2026,sa3065960,Maverick Torres,WES,,,,,False
2026,sa3065963,Simon Yochum,DAV,,,,,False
2026,sa3066027,Jaron Bleeker,IOWA,,,,,False
2026,sa3066030,Tyler Guerin,IOWA,,,,,False
2026,sa3066031,Karsten Sweum,GONZ,,,,,False
2026,sa3066043,Angel Cano,LR,,,,,False
2026,sa3066047,Peter Crespo,RID,,,,,False
2026,sa3066056,Javin Gauthier,VAL,,,,,False
2026,sa3066063,Kale Hammer,SEA,,,,,False
2026,sa3066079,Sal Mineo,DEL,,,,,False
2026,sa3066088,James Peterson,ALST,,,,,False
2026,sa3066089,Gabe Pitts,CCSU,,,,,False
2026,sa3066090,Will Robbins,PRIN,,,,,False
2026,sa3066091,Connor Scanlan,FAIR,,,,,False
2026,sa3066093,Trey Sejnoha,DART,,,,,False
2026,sa3066094,Maddix Simpson,OSU,,,,,False
2026,sa3066099,Khamaree Thomas,MSU,,,,,False
2026,sa3066104,Nick Zampieron,STBK,,,,,False
2026,sa3066170,Vincent Borghese,RUTG,,,,,False
2026,sa3066172,Tanner Bradley,ORE,,,,,False
2026,sa3066178,Jimmy Chadwell,COLU,,,,,False
2026,sa3066180,Zac Colletti,UIW,,,,,False
2026,sa3066182,Max DAlessandro,TOW,,,,,False
2026,sa3066205,Zach Justice,SDSU,,,,,False
2026,sa3066210,Colin Larson,BC,,,,,False
2026,sa3066215,Alex Mason,GASO,,,,,False
2026,sa3066217,Reece McCarthy,MASS,,,,,False
2026,sa3066223,Ehi Okojie,UMBC,,,,,False
2026,sa3066227,Colin Richter,MONM,,,,,False
2026,sa3066236,Jacob Silva,UTSA,,,,,False
2026,sa3066241,Jaquae Stewart,TXST,,,,,False
2026,sa3066242,Sam Stockman,STMN,,,,,False
2026,sa3066244,Max Treonze,LEH,,,,,False
2026,sa3066246,Owen Turner,YALE,,,,,False
2026,sa3066294,Vance Bonior,MASS,,,,,False
2026,sa3066311,Alex Espaillat,ALST,,,,,False
2026,sa3066318,Braylen Gonzalez,BING,,,,,False
2026,sa3066324,Austin Klug,PUR,,,,,False
2026,sa3066325,Jake Maddox,BEL,,,,,False
2026,sa3066333,Brandon ONeill,CCSU,,,,,False
2026,sa3066354,AJ Kolb,TOW,,,,,False
2026,sa3066386,Chris Levonas,WAKE,,,,,False
2026,sa3066387,Maximo Martinez,USC,,,,,False
2026,sa3066388,Anthony Mascuilli,UMBC,,,,,False
2026,sa3066389,Brady Miller,BC,,,,,False
2026,sa3066431,Landon Fontenot,LT,,,,,False
2026,sa3066438,Nate Langbehn,TOL,,,,,False
2026,sa3066440,Gavin Lyons,TA&M,,,,,False
2026,sa3066445,Hideki Prather,CAL,,,,,False
2026,sa3066446,Taylor Rabe,MISS,,,,,False
2026,sa3066449,Ryker Waite,VAN,,,,,False
2026,sa3066464,Erick Almonte,BCU,,,,,False
2026,sa3066465,Liam Barrett,UCSB,,,,,False
2026,sa3066471,Luke Costello,WAKE,,,,,False
2026,sa3066489,Mason Roell,INST,,,,,False
2026,sa3066537,Paul Contreras,CSUF,,,,,False
2026,sa3066548,Chris Klug,NAVY,,,,,False
2026,sa3066555,Duke Stone,MSST,,,,,False
2026,sa3066599,Jayden Barroqueiro,HALL,,,,,False
2026,sa3066603,John Calabrese,BUCK,,,,,False
2026,sa3066629,Brady Marshall,KENT,,,,,False
2026,sa3066636,Trevor Nikolis,UNF,,,,,False
2026,sa3066649,Deron Swanson,TOL,,,,,False
2026,sa3066673,Fredy Diaz,DAV,,,,,False
2026,sa3066705,Matthew Graziose,CCSU,,,,,False
2026,sa3066745,Carson Timothy,SAC,,,,,False
2026,sa3066768,Jack McMullan,LONG,,,,,False
2026,sa3066788,Nomar Garcia,INST,,,,,False
2026,sa3066796,Bryan Matuschat,SHU,,,,,False
2026,sa3066798,Evan Menzel,CONN,,,,,False
2026,sa3066830,Mason Hughes,UNCW,,,,,False
2026,sa3066844,Isaac Herrera,PV,,,,,False
2026,sa3066870,Jake Wrubleski,GONZ,,,,,False
2026,sa3066938,Alex LaCoste,COFC,,,,,False
2026,sa3066939,Julio Solier,BC,,,,,False
2026,sa3066966,Jayden Shin,COR,,,,,False
2026,sa3066978,Cayden Hessemyer,FGCU,,,,,False
2026,sa3066980,Brayden Huebner,BALL,,,,,False
2026,sa3066984,Simon Landry,HC,,,,,False
2026,sa3067108,JJ DeVito,HOF,,,,,False
2026,sa3067109,Mark Gialluisi,VILL,,,,,False
2026,sa3067140,Carter Mottice,BGSU,,,,,False
2026,sa3067164,Joey Giordano,RICH,,,,,False
2026,sa3067179,James Ellis,SPU,,,,,False
2026,sa3067182,Jacob Hines,CCSU,,,,,False
2026,sa3067219,Jackson Blakely,GT,,,,,False
2026,sa3067236,Duncan Marsten,WAKE,,,,,False
2026,sa3067271,Casey Euper,PEPP,,,,,False
2026,sa3067498,Jayden Alvarez,WAG,,,,,False
2026,sa3069447,Harbersting Abreu,BCU,,,,,False
2026,sa3069453,JP Acosta,WKU,,,,,False
2026,sa3069457,Frank Adamski,TOW,,,,,False
2026,sa3069460,Rayfield (Trey) Adams III,ALCN,,,,,False
2026,sa3069466,Layne Akers,MTSU,,,,,False
2026,sa3069474,Edwin Alicea,USF,,,,,False
2026,sa3069476,Kyle Alivo,IOWA,,,,,False
2026,sa3069477,Henry Allen,UGA,,,,,False
2026,sa3069478,Lane Allen,HPU,,,,,False
2026,sa3069480,Thomas Allen,LT,,,,,False
2026,sa3069486,Alonzo Alvarez,MIA,,,,,False
2026,sa3069487,Lazaro Alvarado,UAPB,,,,,False
2026,sa3069488,Hunter Alvord,SHSU,,,,,False
2026,sa3069489,Riley Ames,MERC,,,,,False
2026,sa3069491,Jake Amman,COFC,,,,,False
2026,sa3069492,Caleb Anderson,LBSU,,,,,False
2026,sa3069497,Will Anderson,SCU,,,,,False
2026,sa3069498,William Andrade,UNO,,,,,False
2026,sa3069507,Cam Appenzeller,TENN,,,,,False
2026,sa3069512,Derek Arrocha,JKST,,,,,False
2026,sa3069514,Lane Arroyos,WKU,,,,,False
2026,sa3069515,Liam Arsich,TOL,,,,,False
2026,sa3069516,AJ Aschettino,NE,,,,,False
2026,sa3069521,Mason Ault,ETSU,,,,,False
2026,sa3069525,Hunter Azemar,AMCC,,,,,False
2026,sa3069526,Luke Babcock,MERC,,,,,False
2026,sa3069532,TJ Baer,MRST,,,,,False
2026,sa3069533,Ximi Baftiri,EVAN,,,,,False
2026,sa3069535,Julius Bagnerise,GMU,,,,,False
2026,sa3069540,Cade Baker,TOL,,,,,False
2026,sa3069543,Wes Baker,SHSU,,,,,False
2026,sa3069545,Jack Balcer,QUIN,,,,,False
2026,sa3069546,Cade Baldridge,KU,,,,,False
2026,sa3069547,Ethan Ball,VT,,,,,False
2026,sa3069553,Logan Baratta,JAX,,,,,False
2026,sa3069565,Nick Barron,NU,,,,,False
2026,sa3069567,Mason Barth,ND,,,,,False
2026,sa3069568,Louie Bartletti,W&M,,,,,False
2026,sa3069581,Jacob Beauchaine,SEA,,,,,False
2026,sa3069585,Richard Beggy,JOES,,,,,False
2026,sa3069587,Nolan Belcher,KENT,,,,,False
2026,sa3069591,Jake Bell,BELL,,,,,False
2026,sa3069592,Jason Bello,DAY,,,,,False
2026,sa3069595,Alex Bemis,OSU,,,,,False
2026,sa3069597,Sean Benjamin,UNF,,,,,False
2026,sa3069599,Trey Bentley,UPST,,,,,False
2026,sa3069610,Dylan Biddick,UNO,,,,,False
2026,sa3069615,Ethin Bingaman,AUB,,,,,False
2026,sa3069625,Connor Blue,CIN,,,,,False
2026,sa3069628,Brady Boles,TXST,,,,,False
2026,sa3069631,Krew Bond,SLU,,,,,False
2026,sa3069633,Lucas Bonham,UCR,,,,,False
2026,sa3069636,Nathan Borchardt,EMU,,,,,False
2026,sa3069641,Aidan Botti,URI,,,,,False
2026,sa3069643,Brady Bowen,AKR,,,,,False
2026,sa3069646,Austin Bowker,UCSD,,,,,False
2026,sa3069649,Mikey Boyd,FRES,,,,,False
2026,sa3069651,Luke Boykin,SAM,,,,,False
2026,sa3069653,Westin Boyle,PUR,,,,,False
2026,sa3069655,Grayson Bradberry,BUT,,,,,False
2026,sa3069657,Marcus Bradshaw,NCAT,,,,,False
2026,sa3069658,Aidan Brainard,NEV,,,,,False
2026,sa3069662,Cody Brasch,UL,,,,,False
2026,sa3069663,Mason Braun,LSU,,,,,False
2026,sa3069670,Shane Brinham,MICH,,,,,False
2026,sa3069671,Ethan Brittain,UNCG,,,,,False
2026,sa3069672,Brendan Brock,OU,,,,,False
2026,sa3069675,Adam Brodnax,ULM,,,,,False
2026,sa3069677,Bradley Brown,QUC,,,,,False
2026,sa3069681,Colt Brown,UL,,,,,False
2026,sa3069686,Isaac Brozon,LEM,,,,,False
2026,sa3069689,Joey Bruno,SBU,,,,,False
2026,sa3069694,Jett Buck,NEB,,,,,False
2026,sa3069695,Brock Buckley,BUT,,,,,False
2026,sa3069699,Andrew Buffkin,CIT,,,,,False
2026,sa3069712,Noah Burroughs,DEL,,,,,False
2026,sa3069715,Jake Busson,UIC,,,,,False
2026,sa3069724,Chase Camac,QUIN,,,,,False
2026,sa3069728,Lorenzo Camilleri,NJIT,,,,,False
2026,sa3069731,Wyatt Campbell,JMU,,,,,False
2026,sa3069734,Josh Campos,LIB,,,,,False
2026,sa3069740,Juan Cantua-Linnear,SFA,,,,,False
2026,sa3069741,Joey Canzoni,SLU,,,,,False
2026,sa3069742,Hayden Capers,UIW,,,,,False
2026,sa3069743,Diego Cardenas,GMU,,,,,False
2026,sa3069745,Sam Carlisle,WMU,,,,,False
2026,sa3069747,John Carmichael,EMU,,,,,False
2026,sa3069749,Troy Carpenter,ME,,,,,False
2026,sa3069753,Andrew Carroll,SEMO,,,,,False
2026,sa3069765,Levi Castilleja,HCU,,,,,False
2026,sa3069770,Maniel Castro,SBU,,,,,False
2026,sa3069775,Declan Cawley,FOR,,,,,False
2026,sa3069778,Angel Cervantes,UCLA,,,,,False
2026,sa3069783,Cal Chance,UML,,,,,False
2026,sa3069785,Logan Chapman,CAM,,,,,False
2026,sa3069788,Chris Chavez,TXSO,,,,,False
2026,sa3069791,Jose Cherena,ALCN,,,,,False
2026,sa3069794,Grayson Childers,QUC,,,,,False
2026,sa3069795,Brady Christman,GASO,,,,,False
2026,sa3069798,Dakota Chun,PORT,,,,,False
2026,sa3069801,Aiden Ciprian,IONA,,,,,False
2026,sa3069803,Camden Clark,USM,,,,,False
2026,sa3069804,Cale Clark,ALST,,,,,False
2026,sa3069809,Brytton Clements,BAY,,,,,False
2026,sa3069813,Sean Cody,UIC,,,,,False
2026,sa3069816,Anthony Cole,WES,,,,,False
2026,sa3069817,Chansen Cole,WVU,,,,,False
2026,sa3069819,Dylan Coleman,UNA,,,,,False
2026,sa3069822,Vaughn Coleman,CSUN,,,,,False
2026,sa3069826,Jeremy Comer,FGCU,,,,,False
2026,sa3069831,Nate Conner,ETSU,,,,,False
2026,sa3069832,Brian Connolly,URI,,,,,False
2026,sa3069840,Mason Cook,KU,,,,,False
2026,sa3069846,Wade Cooper,TXST,,,,,False
2026,sa3069849,Cade Corcoran,SHSU,,,,,False
2026,sa3069851,Cooper Corkrean,UNM,,,,,False
2026,sa3069853,Edoardo Cornelli,OMA,,,,,False
2026,sa3069855,Jaden Correa,MORE,,,,,False
2026,sa3069856,Miguel Correa Jr.,CMU,,,,,False
2026,sa3069857,Devin Costa,MORE,,,,,False
2026,sa3069860,Malachi Costello,IONA,,,,,False
2026,sa3069862,Brent Cota,SJSU,,,,,False
2026,sa3069864,Nick Cote,NIA,,,,,False
2026,sa3069865,Jackson Cotton,TXST,,,,,False
2026,sa3069872,Griffin Crain,LOU,,,,,False
2026,sa3069874,Jhett Creel,SFA,,,,,False
2026,sa3069875,Tyler Cripe,NAVY,,,,,False
2026,sa3069876,Charlie Criscola,NE,,,,,False
2026,sa3069881,Caden Crowell,ND,,,,,False
2026,sa3069882,Nash Crowell,TNTC,,,,,False
2026,sa3069885,Connor Crowson,TNTC,,,,,False
2026,sa3069886,Fano Cruz,WES,,,,,False
2026,sa3069887,Mikey Cruz Jr,NEV,,,,,False
2026,sa3069888,Matt Cuccias,WICH,,,,,False
2026,sa3069891,Miles Curley,UNO,,,,,False
2026,sa3069897,Declan Dahl,LT,,,,,False
2026,sa3069898,Ivan Dahlberg,NIU,,,,,False
2026,sa3069904,Caleb Danzeisen,ARIZ,,,,,False
2026,sa3069906,Andrew Davis,UTM,,,,,False
2026,sa3069910,Connor Davis,MORE,,,,,False
2026,sa3069911,JC Davis,RICE,,,,,False
2026,sa3069913,Kanious (Spanky) Davis,ALCN,,,,,False
2026,sa3069914,Lance Davis,TCU,,,,,False
2026,sa3069915,Talmadge Davis,JKST,,,,,False
2026,sa3069920,Mason Dean,FOR,,,,,False
2026,sa3069923,Anthony DeCesare,DEL,,,,,False
2026,sa3069924,CJ Deckinga,MSU,,,,,False
2026,sa3069927,Logan De Groot,NU,,,,,False
2026,sa3069928,Chase Deibler,DEL,,,,,False
2026,sa3069929,Richard De Jesus,UMES,,,,,False
2026,sa3069931,Albert De La Rosa,ME,,,,,False
2026,sa3069933,John Delgado,DAY,,,,,False
2026,sa3069934,James DellAmico,PEPP,,,,,False
2026,sa3069939,Zane Denton,CARK,,,,,False
2026,sa3069940,Erick Dessens,SAC,,,,,False
2026,sa3069946,Anthony Diaz,UNM,,,,,False
2026,sa3069950,Nick Diaz,COFC,,,,,False
2026,sa3069953,Marcus Dierks,M-OH,,,,,False
2026,sa3069957,Andrew DiLodovico,BGSU,,,,,False
2026,sa3069959,Ean DiPasquale,USI,,,,,False
2026,sa3069960,Myles Dismute,SOU,,,,,False
2026,sa3069961,Breydon Divine,ALST,,,,,False
2026,sa3069975,Dylan Drake,PUR,,,,,False
2026,sa3069978,Sam Driscoll,LIN,,,,,False
2026,sa3069979,Nicholas Dromboski,STBK,,,,,False
2026,sa3069981,David Dubrule,ARMY,,,,,False
2026,sa3069988,Trey Dunn,PEPP,,,,,False
2026,sa3069989,T.J. Dunsford,UTM,,,,,False
2026,sa3069991,Alex Dupuy,UAB,,,,,False
2026,sa3069992,Miller Durham,UTU,,,,,False
2026,sa3069996,Ryland Duson,PV,,,,,False
2026,sa3070000,Josh Dykhoff,KU,,,,,False
2026,sa3070003,Thomas Ealey,NORF,,,,,False
2026,sa3070006,Chase Ecker,W&M,,,,,False
2026,sa3070011,Bennett Edwards,GASO,,,,,False
2026,sa3070020,Kade Elam,LOU,,,,,False
2026,sa3070022,Hudson Ellis,ORU,,,,,False
2026,sa3070028,Brady Englett,TAR,,,,,False
2026,sa3070029,Harrison Engle,FAIR,,,,,False
2026,sa3070031,Cristian Enriquez,UIW,,,,,False
2026,sa3070037,Aidan Eshelman,UTSA,,,,,False
2026,sa3070038,Otto Espinoza,CAL,,,,,False
2026,sa3070045,Patrick Evans,SC,,,,,False
2026,sa3070055,Sam Fairhurst,LEH,,,,,False
2026,sa3070059,Michael Farina,ILL,,,,,False
2026,sa3070061,Mathew Farner,UNF,,,,,False
2026,sa3070062,Max Farrell,SDSU,,,,,False
2026,sa3070063,Travis Farrell,SEA,,,,,False
2026,sa3070065,Nolan Feidt,SBU,,,,,False
2026,sa3070066,Ross Felder,MOST,,,,,False
2026,sa3070071,Anthony Fernandez,SBU,,,,,False
2026,sa3070074,Samuel Fernandez,STET,,,,,False
2026,sa3070075,Caden Ferraro,TTU,,,,,False
2026,sa3070078,Blake Fields,HOU,,,,,False
2026,sa3070079,Noah Fields,UTA,,,,,False
2026,sa3070090,Dylan Fitzsimmons,SJU,,,,,False
2026,sa3070095,Aidan Flinn,ILL,,,,,False
2026,sa3070096,Michael Fliss,TOL,,,,,False
2026,sa3070100,James Fordham,WCU,,,,,False
2026,sa3070102,Noah Foster,USI,,,,,False
2026,sa3070106,Walker Fox,WCU,,,,,False
2026,sa3070110,Lucas Franco,TCU,,,,,False
2026,sa3070120,Maddux Frese,IOWA,,,,,False
2026,sa3070121,Nolan Freund,LR,,,,,False
2026,sa3070122,Chase Frey,GCU,,,,,False
2026,sa3070123,Travis Friend,LMU,,,,,False
2026,sa3070141,Linkin Garcia,TTU,,,,,False
2026,sa3070146,Jackson Garland,LONG,,,,,False
2026,sa3070148,Jayden Garrison,SF,,,,,False
2026,sa3070150,Rocco Garza Gongora,RGV,,,,,False
2026,sa3070151,Mason Gass,OHIO,,,,,False
2026,sa3070153,Danny Gavin,BUT,,,,,False
2026,sa3070155,Will Geary,LIN,,,,,False
2026,sa3070156,Loren Georger,SLU,,,,,False
2026,sa3070157,Jason Gerfers,LBSU,,,,,False
2026,sa3070161,Silvio Giardina,LEH,,,,,False
2026,sa3070163,Konner Gidley,UAPB,,,,,False
2026,sa3070164,Keegan Giger,NICH,,,,,False
2026,sa3070169,Jacob Gillis,BALL,,,,,False
2026,sa3070170,Gavin Gilmore,BUT,,,,,False
2026,sa3070172,Caden Glauber,UNC,,,,,False
2026,sa3070178,Bryson Goff,UNO,,,,,False
2026,sa3070179,Brady Gold,WOF,,,,,False
2026,sa3070180,Trevor Goldenetz,LBSU,,,,,False
2026,sa3070184,Gialdri Gomez,UNF,,,,,False
2026,sa3070187,Diego Gonzalez,USD,,,,,False
2026,sa3070188,Ethan Gonzalez,WICH,,,,,False
2026,sa3070191,Wilfred Gonzalez,FGCU,,,,,False
2026,sa3070192,Tommy Goodin,VAN,,,,,False
2026,sa3070198,Jackson Gowan,QUC,,,,,False
2026,sa3070204,Tanner Graham,EVAN,,,,,False
2026,sa3070206,Aaron Grant,UAPB,,,,,False
2026,sa3070208,Garrett Grant,FAU,,,,,False
2026,sa3070211,Nate Gray,BYU,,,,,False
2026,sa3070212,Ben Green,UNCA,,,,,False
2026,sa3070213,Ben Green,OAK,,,,,False
2026,sa3070214,James Green,PRES,,,,,False
2026,sa3070223,Mason Griffin,UNCO,,,,,False
2026,sa3070224,Nick Griffith,MORE,,,,,False
2026,sa3070225,Ethan Grim,VT,,,,,False
2026,sa3070226,Trent Grindlinger,TENN,,,,,False
2026,sa3070231,Ian Guanzon,ETSU,,,,,False
2026,sa3070233,Julio Guerrero,SIU,,,,,False
2026,sa3070235,Emory Guilford,PRES,,,,,False
2026,sa3070236,Keyon Guillory,GRAM,,,,,False
2026,sa3070243,Parker Gwyn,CARK,,,,,False
2026,sa3070244,Jake Haarde,FAIR,,,,,False
2026,sa3070252,Charlie Hale,CONN,,,,,False
2026,sa3070254,Jared Hall,ELON,,,,,False
2026,sa3070255,Joe Hall,SEMO,,,,,False
2026,sa3070256,Tyrus Hall,WVU,,,,,False
2026,sa3070257,Christian Hallmark,UTSA,,,,,False
2026,sa3070266,Wyatt Hanoian,AFA,,,,,False
2026,sa3070268,Cole Hansen,CBU,,,,,False
2026,sa3070276,Jack Harley,STET,,,,,False
2026,sa3070286,Taylor Harris,OHIO,,,,,False
2026,sa3070287,Sam Harry,SAC,,,,,False
2026,sa3070290,Trace Hartman,STET,,,,,False
2026,sa3070293,Dane Harvey,OSU,,,,,False
2026,sa3070295,Ridge Harvey,BEL,,,,,False
2026,sa3070298,Noah Haught,RICH,,,,,False
2026,sa3070300,Keaton Hawk,ALCN,,,,,False
2026,sa3070303,Kenneth Haynes,PV,,,,,False
2026,sa3070309,Maloy Heaghney,UPST,,,,,False
2026,sa3070317,Conor Hensley,CAM,,,,,False
2026,sa3070321,Blake Herman,CAN,,,,,False
2026,sa3070323,Rigoberto Hernandez,UL,,,,,False
2026,sa3070324,Pierce Herrenbruck,OSU,,,,,False
2026,sa3070326,Brady Hewitt,FRES,,,,,False
2026,sa3070334,Jake Hilton,SMC,,,,,False
2026,sa3070338,Brady Hoar,BUCK,,,,,False
2026,sa3070344,Kristofer Hokenson,MUR,,,,,False
2026,sa3070345,Will Holder,GASO,,,,,False
2026,sa3070354,Keegan Holmstrom,WRST,,,,,False
2026,sa3070358,Landon Hood,GONZ,,,,,False
2026,sa3070360,Brady Hoover,LONG,,,,,False
2026,sa3070362,Gage Hoover,WIU,,,,,False
2026,sa3070366,Tyler Horner,SEA,,,,,False
2026,sa3070368,Boone Hosey,UNF,,,,,False
2026,sa3070370,Larry Hotaling,VILL,,,,,False
2026,sa3070371,Sam Houchens,URI,,,,,False
2026,sa3070374,Jon Howard,LONG,,,,,False
2026,sa3070375,Thomas Howard,PUR,,,,,False
2026,sa3070376,Will Howard,NAVY,,,,,False
2026,sa3070378,Tyler Howe,UNC,,,,,False
2026,sa3070379,Jamison Howland,STO,,,,,False
2026,sa3070382,Edwin Lemus Hudson Jr.,JKST,,,,,False
2026,sa3070384,Gabe Huelsing,MVSU,,,,,False
2026,sa3070385,Cole Huett,BELL,,,,,False
2026,sa3070386,Miguel Hugas,MER,,,,,False
2026,sa3070389,Kenyon Hughes,SOU,,,,,False
2026,sa3070393,Hunter Huneycutt,QUC,,,,,False
2026,sa3070394,Zack Hunt,CIT,,,,,False
2026,sa3070406,Dylan Immel,WAG,,,,,False
2026,sa3070407,Enzo Infelise,CIN,,,,,False
2026,sa3070409,Carlos Irizarry,BRY,,,,,False
2026,sa3070417,Austin Jacobs,UCF,,,,,False
2026,sa3070418,Luke Jacobs,UTAH,,,,,False
2026,sa3070423,Brayden Jaksa,ORE,,,,,False
2026,sa3070425,Reagan James,UAPB,,,,,False
2026,sa3070426,Adam Jamison,LIP,,,,,False
2026,sa3070427,Alex Jang,YSU,,,,,False
2026,sa3070429,Brady Janusek,BAY,,,,,False
2026,sa3070436,Owen Jenkins,UK,,,,,False
2026,sa3070440,Sawyer Jensen,DAY,,,,,False
2026,sa3070444,Dakota Joggerst,SEMO,,,,,False
2026,sa3070446,Jacob Johnson,SMC,,,,,False
2026,sa3070454,Spencer Johnsen,INST,,,,,False
2026,sa3070456,William Johnson,ODU,,,,,False
2026,sa3070457,Connor Jones,GW,,,,,False
2026,sa3070463,Ryan Jones,ACU,,,,,False
2026,sa3070475,Matthew Kahn,VILL,,,,,False
2026,sa3070478,Ashton Kampa,UIC,,,,,False
2026,sa3070483,Ty Kaunas,MD,,,,,False
2026,sa3070486,Logan Keilen,CMU,,,,,False
2026,sa3070491,Jake Kelleher,LIU,,,,,False
2026,sa3070492,Boston Kellner,TA&M,,,,,False
2026,sa3070495,Jett Kenady,CAL,,,,,False
2026,sa3070498,Noah Kenney,WASH,,,,,False
2026,sa3070500,Lex Kenny,WES,,,,,False
2026,sa3070501,Jack Kent,GW,,,,,False
2026,sa3070511,Hunter Kingsbury,BRY,,,,,False
2026,sa3070516,Caleb Klein,SEMO,,,,,False
2026,sa3070517,Drew Kleinheider,SLU,,,,,False
2026,sa3070521,Aden Knowles,TOW,,,,,False
2026,sa3070528,Noah Konings,NIA,,,,,False
2026,sa3070529,Tony Konopiots,OAK,,,,,False
2026,sa3070530,Ian Korn,WVU,,,,,False
2026,sa3070532,Brandon Kosel,UTU,,,,,False
2026,sa3070533,Logan Koslin,MERC,,,,,False
2026,sa3070534,Camden Kozeal,ARK,,,,,False
2026,sa3070537,Devin Kriley,ALCN,,,,,False
2026,sa3070539,Kyle Krupp,MORE,,,,,False
2026,sa3070545,Will Labonte,PORT,,,,,False
2026,sa3070546,Deiten Lachance,OU,,,,,False
2026,sa3070547,Brady Ladusau,ACU,,,,,False
2026,sa3070551,Ty Lagoni,BUCK,,,,,False
2026,sa3070554,Christian LaMothe,SBU,,,,,False
2026,sa3070558,Daniel Lang,STO,,,,,False
2026,sa3070559,Luke Lang,IONA,,,,,False
2026,sa3070563,Harold Laracuente,UTA,,,,,False
2026,sa3070569,Connor Lawrence,MRST,,,,,False
2026,sa3070571,Kai Laxa,PEPP,,,,,False
2026,sa3070572,Angel Laya,ORE,,,,,False
2026,sa3070575,Gabe LeBlanc,SFA,,,,,False
2026,sa3070576,Tyson LeBlanc,KU,,,,,False
2026,sa3070578,Jackson Lee,LIP,,,,,False
2026,sa3070580,Trajan Lee,GTWN,,,,,False
2026,sa3070582,Mason Lei,UIC,,,,,False
2026,sa3070584,Cody Leming,MVSU,,,,,False
2026,sa3070585,Peter Lemke,DUKE,,,,,False
2026,sa3070588,Grady Lenahan,ECU,,,,,False
2026,sa3070592,David Leslie,PITT,,,,,False
2026,sa3070596,Noah Lewis,UL,,,,,False
2026,sa3070597,Rosnell Lewis,DSU,,,,,False
2026,sa3070602,Evan Lichtenauer,OHIO,,,,,False
2026,sa3070604,Colin Linder,ASU,,,,,False
2026,sa3070609,Tony Lira,ARIZ,,,,,False
2026,sa3070610,Dylan Littlefield,EKU,,,,,False
2026,sa3070613,Rueben Livingston,LAS,,,,,False
2026,sa3070615,Jordan Lodise,UCF,,,,,False
2026,sa3070617,Ryan Lopetegui,SEMO,,,,,False
2026,sa3070618,Aidan Lopez,GRAM,,,,,False
2026,sa3070622,Jerdy Lopez,LR,,,,,False
2026,sa3070630,Theo Loughlin,DAV,,,,,False
2026,sa3070632,Landon Lowe,BRAD,,,,,False
2026,sa3070634,Maikol Lucena,BCU,,,,,False
2026,sa3070636,Carlos Lugo,CAM,,,,,False
2026,sa3070639,Jack Lutz,USF,,,,,False
2026,sa3070640,Tyler Lutz,JMU,,,,,False
2026,sa3070641,Luke Lycette,UNO,,,,,False
2026,sa3070642,Colin Lynch,DAY,,,,,False
2026,sa3070647,Danny MacDougall,DAY,,,,,False
2026,sa3070651,Spike Magill,EVAN,,,,,False
2026,sa3070652,Wills Maginnis,GAST,,,,,False
2026,sa3070655,Quinn Maher,VCU,,,,,False
2026,sa3070656,Bobby Mahoney,CSUF,,,,,False
2026,sa3070662,Ryder Manale,SEA,,,,,False
2026,sa3070663,Matthew Manjooran,DAV,,,,,False
2026,sa3070669,Robert Mansour,SJU,,,,,False
2026,sa3070672,Hudson Manwaring,UTU,,,,,False
2026,sa3070681,Tate Marland,BEL,,,,,False
2026,sa3070683,Anthony Marnell IV,SDSU,,,,,False
2026,sa3070685,Jackson Marshall,CONN,,,,,False
2026,sa3070688,Brody Martin-Grudzielanek,HAW,,,,,False
2026,sa3070691,Derek Martinez,ARST,,,,,False
2026,sa3070694,Ryan Martin,DBU,,,,,False
2026,sa3070699,Tommy Mathay,QUC,,,,,False
2026,sa3070701,Garrett Mathias,BUCK,,,,,False
2026,sa3070703,Nick Matson,LIU,,,,,False
2026,sa3070705,Camden Matthews,ALST,,,,,False
2026,sa3070710,Kai Mault,UCD,,,,,False
2026,sa3070714,Jacob May,CSUB,,,,,False
2026,sa3070726,Isaac McClenty,JKST,,,,,False
2026,sa3070727,Josh McClintock,WIU,,,,,False
2026,sa3070728,Cage McCloud,TAR,,,,,False
2026,sa3070731,Chris McCormack,EVAN,,,,,False
2026,sa3070734,Casey McCoy,LT,,,,,False
2026,sa3070735,Alex McCranie,TOL,,,,,False
2026,sa3070736,Mason McCraine,AUB,,,,,False
2026,sa3070737,Ian McCubbin,MORE,,,,,False
2026,sa3070742,Bryce McFeely,CBU,,,,,False
2026,sa3070746,Grant McGuire,WIN,,,,,False
2026,sa3070758,Brendan McLoughlin,WAG,,,,,False
2026,sa3070759,Austin McNabb,DAY,,,,,False
2026,sa3070760,Elijah McNeal,UCD,,,,,False
2026,sa3070765,Noah Meffert,GONZ,,,,,False
2026,sa3070766,Gabriel Melara,HOF,,,,,False
2026,sa3070768,Diego Melendez,JKST,,,,,False
2026,sa3070772,Mark Mennecke,WMU,,,,,False
2026,sa3070773,Xander Mercurius,OU,,,,,False
2026,sa3070775,Hunter Meyer,CSUF,,,,,False
2026,sa3070777,Andrew Mhoon,LMU,,,,,False
2026,sa3070781,Hutson Miles,LIP,,,,,False
2026,sa3070783,Will Millard,UNA,,,,,False
2026,sa3070784,Alex Miller,MORE,,,,,False
2026,sa3070785,Caden Miller,INST,,,,,False
2026,sa3070786,Cal Miller,UTAH,,,,,False
2026,sa3070788,Jackson Miller,BGSU,,,,,False
2026,sa3070799,Jack Molini,LEM,,,,,False
2026,sa3070804,Dawson Montesa,WVU,,,,,False
2026,sa3070805,Bo Moody,PRES,,,,,False
2026,sa3070813,Pedro Moreno,EKU,,,,,False
2026,sa3070818,Rylan Morin,UAPB,,,,,False
2026,sa3070823,Jackson Morse,GMU,,,,,False
2026,sa3070827,Ian Mowad,SJU,,,,,False
2026,sa3070829,Mac Moyer,NEB,,,,,False
2026,sa3070830,Jake Mueller,UNCG,,,,,False
2026,sa3070833,Ryan Muizelaar,BALL,,,,,False
2026,sa3070835,Augusto Mungarrieta,KU,,,,,False
2026,sa3070836,Daniel Murillo,CAL,,,,,False
2026,sa3070840,Michael Murphy,XAV,,,,,False
2026,sa3070845,Tarris Murray,AAMU,,,,,False
2026,sa3070848,RJ Mustaro,MONM,,,,,False
2026,sa3070852,Evan Myers,WCU,,,,,False
2026,sa3070853,Kaden Myers,COFC,,,,,False
2026,sa3070855,Wyatt Nadeau,VAN,,,,,False
2026,sa3070859,Clayton Namken,TXST,,,,,False
2026,sa3070861,Mathis Nayral,KU,,,,,False
2026,sa3070863,Robert Nedry,CLT,,,,,False
2026,sa3070875,Preston Newberry,UIW,,,,,False
2026,sa3070877,Kruise Newman,UNO,,,,,False
2026,sa3070879,Cooper Nicholson,UNC,,,,,False
2026,sa3070883,Lucas Niemeyer,LIN,,,,,False
2026,sa3070887,Tanner Nolan,APP,,,,,False
2026,sa3070888,Marcus Nolen,FRES,,,,,False
2026,sa3070891,Jayden Novak,LAS,,,,,False
2026,sa3070892,Nate Novitske,ARIZ,,,,,False
2026,sa3070893,Owen Nowak,MTSU,,,,,False
2026,sa3070894,Johnny Nuanez,WICH,,,,,False
2026,sa3070895,Jimmy Nugent,LOU,,,,,False
2026,sa3070900,Rowin OConnor,NJIT,,,,,False
2026,sa3070903,AJ Oden,IONA,,,,,False
2026,sa3070908,Seojun Oh,HPU,,,,,False
2026,sa3070914,Liam OLeary,SJU,,,,,False
2026,sa3070922,Miguel Oropeza,ALST,,,,,False
2026,sa3070930,Traig Oughton,CSUN,,,,,False
2026,sa3070932,Josiah Overbeek,ARMY,,,,,False
2026,sa3070934,Tyson Owens,KU,,,,,False
2026,sa3070936,Sawyer Pace,BELL,,,,,False
2026,sa3070937,Zachari Pace,TXSO,,,,,False
2026,sa3070939,Anthony Pack Jr.,TEX,,,,,False
2026,sa3070955,Nico Partida,TA&M,,,,,False
2026,sa3070957,Dylan Passo,ND,,,,,False
2026,sa3070958,Jaxon Pate,JVST,,,,,False
2026,sa3070960,Brett Patten,FAU,,,,,False
2026,sa3070961,Daniel Patterson,PEPP,,,,,False
2026,sa3070964,Aidan Paul,HPU,,,,,False
2026,sa3070965,Enger Paulino,SBU,,,,,False
2026,sa3070970,Jacob Payne,TOL,,,,,False
2026,sa3070971,Colton Payton,UTM,,,,,False
2026,sa3070973,James Pazdera,QUIN,,,,,False
2026,sa3070977,Bryan Peck,CBU,,,,,False
2026,sa3070982,Ethan Pena,SFA,,,,,False
2026,sa3070983,Joshua Pena,TXSO,,,,,False
2026,sa3070984,JP Pennella,UNCW,,,,,False
2026,sa3070986,Nic Pepe,ME,,,,,False
2026,sa3070990,Hudson Pergamit,MAN,,,,,False
2026,sa3070998,Gage Peterson,APP,,,,,False
2026,sa3071000,Michael Petite,VCU,,,,,False
2026,sa3071001,Corden Pettey,CP,,,,,False
2026,sa3071007,Jase Phillips,SIUE,,,,,False
2026,sa3071009,Owen Phypers,NAVY,,,,,False
2026,sa3071012,Mason Pilarski,WMU,,,,,False
2026,sa3071013,Eli Pillsbury,JVST,,,,,False
2026,sa3071015,Daniel Pinkerton,MCN,,,,,False
2026,sa3071021,Brayden Pleau,VAL,,,,,False
2026,sa3071031,Willie Ponce,HPU,,,,,False
2026,sa3071033,Dominic Pontbriant,USF,,,,,False
2026,sa3071036,Tyson Potts,CMU,,,,,False
2026,sa3071038,Khaleel Pratt,EKU,,,,,False
2026,sa3071039,Jacob Price,EKU,,,,,False
2026,sa3071042,Matthew Priest,WSU,,,,,False
2026,sa3071045,Joshua Proctor,ORST,,,,,False
2026,sa3071047,Cam Pruitt,LIP,,,,,False
2026,sa3071048,Sawyer Pruitt,UL,,,,,False
2026,sa3071049,Logan Pruski,UNCO,,,,,False
2026,sa3071052,Ben Pulliam,LONG,,,,,False
2026,sa3071055,Colby Putnam,GWEB,,,,,False
2026,sa3071056,AJ Putty,ILL,,,,,False
2026,sa3071057,Jack Pye,W&M,,,,,False
2026,sa3071061,Rominic Quiban,NEV,,,,,False
2026,sa3071064,Daniel Quintana,RAD,,,,,False
2026,sa3071065,Matt Quintanar,TTU,,,,,False
2026,sa3071068,Cord Rager,OU,,,,,False
2026,sa3071069,Boede Rahe,KU,,,,,False
2026,sa3071077,Cooper Rasmussen,FIU,,,,,False
2026,sa3071083,Jake Redding,HAW,,,,,False
2026,sa3071085,Caleb Reed,WICH,,,,,False
2026,sa3071087,Tyree Reed,JKST,,,,,False
2026,sa3071088,Nick Reese,HOF,,,,,False
2026,sa3071094,Jevin Relaford,USF,,,,,False
2026,sa3071095,Kyle Revere,OAK,,,,,False
2026,sa3071097,Luca Reyes,FIU,,,,,False
2026,sa3071098,Jayden Reynolds,AMCC,,,,,False
2026,sa3071099,Kenneth Rhein,SEA,,,,,False
2026,sa3071100,Matthew Rhoades,BUT,,,,,False
2026,sa3071104,Dawson Richard,NICH,,,,,False
2026,sa3071108,Luke Richard,MVSU,,,,,False
2026,sa3071113,Brayden Ricketts,IU,,,,,False
2026,sa3071115,Mateo Rickman,CSUN,,,,,False
2026,sa3071120,Jake Rifenburg,NU,,,,,False
2026,sa3071122,Nico Rijo-Berger,NICH,,,,,False
2026,sa3071123,Eli Riley,VAL,,,,,False
2026,sa3071127,Luc Rising,NE,,,,,False
2026,sa3071131,Hekili Robello,HAW,,,,,False
2026,sa3071134,Baylor Roberts,UAB,,,,,False
2026,sa3071135,Caden Robertson,NIU,,,,,False
2026,sa3071139,Byron Robinson,TXSO,,,,,False
2026,sa3071140,Dustin Robinson,WSU,,,,,False
2026,sa3071141,Kacin Robinson,STO,,,,,False
2026,sa3071142,Blaze Rodriguez,UL,,,,,False
2026,sa3071144,Keldrin Rodriguez,TOW,,,,,False
2026,sa3071152,Evan Rogers,UNO,,,,,False
2026,sa3071154,Mark Rogers,CAN,,,,,False
2026,sa3071158,Ty Roman,UL,,,,,False
2026,sa3071162,Marcus Romero,NIU,,,,,False
2026,sa3071173,Mark Ross II,CARK,,,,,False
2026,sa3071175,Jack Roventini,VILL,,,,,False
2026,sa3071178,Peyton Rowles,SJSU,,,,,False
2026,sa3071182,Will Rudolph,SHU,,,,,False
2026,sa3071185,Noah Ruiz,NU,,,,,False
2026,sa3071186,Easton Rulli,NMSU,,,,,False
2026,sa3071187,Jack Runsick,CARK,,,,,False
2026,sa3071195,Carter Rutenbar,ARK,,,,,False
2026,sa3071196,Sheamus Ryan,NDSU,,,,,False
2026,sa3071198,Tyler Ryden,SHSU,,,,,False
2026,sa3071200,Drue Saenz,USI,,,,,False
2026,sa3071203,Manny Salas,TXST,,,,,False
2026,sa3071206,Mike Samarin,MERC,,,,,False
2026,sa3071208,Carter Samuelson,UAB,,,,,False
2026,sa3071211,Rickey Sanchez,GONZ,,,,,False
2026,sa3071213,Ethan Sanders,RICE,,,,,False
2026,sa3071215,Robert Sanford,BRAD,,,,,False
2026,sa3071216,Justin Santoyo,UNA,,,,,False
2026,sa3071225,Calen Scheider,BRAD,,,,,False
2026,sa3071226,Griffin Scheiderer,BGSU,,,,,False
2026,sa3071228,Cal Schembra,VAL,,,,,False
2026,sa3071232,Dylan Schlotterback,KU,,,,,False
2026,sa3071236,Paul Schoenfeld,WVU,,,,,False
2026,sa3071240,Jaxon Schumacher,BRAD,,,,,False
2026,sa3071241,Max Schumacher,UTM,,,,,False
2026,sa3071242,Ryan Schummer,YSU,,,,,False
2026,sa3071251,Wesley Scott,LT,,,,,False
2026,sa3071259,Michael Senay,USF,,,,,False
2026,sa3071263,Omar Serna Jr.,LSU,,,,,False
2026,sa3071266,Jalen Seward,APP,,,,,False
2026,sa3071267,Greyson Shafer,NICH,,,,,False
2026,sa3071271,Cason Sharp,UTM,,,,,False
2026,sa3071274,Isaiah Shayter,PSU,,,,,False
2026,sa3071280,Logan Shepherd,MER,,,,,False
2026,sa3071291,J.T. Simonelli,NWST,,,,,False
2026,sa3071293,Tank Sims,SEMO,,,,,False
2026,sa3071309,Braeden Smith,COFC,,,,,False
2026,sa3071314,Cade Smith,TXST,,,,,False
2026,sa3071315,Cooper Smith,UNCA,,,,,False
2026,sa3071316,Kade Smith,LR,,,,,False
2026,sa3071319,Liam Smith,PAC,,,,,False
2026,sa3071322,Owen Smith,UNO,,,,,False
2026,sa3071324,Russ Smith,DBU,,,,,False
2026,sa3071325,Steven Smith,APP,,,,,False
2026,sa3071326,Trevor Smith,WSU,,,,,False
2026,sa3071331,Mason Snyder,WCU,,,,,False
2026,sa3071349,Luke Spencer,FAIR,,,,,False
2026,sa3071350,Gavin Spiridonoff,CP,,,,,False
2026,sa3071351,Vinny Spotofora,NIU,,,,,False
2026,sa3071353,Landon Springmeyer,NKU,,,,,False
2026,sa3071355,Ethan Stade,BGSU,,,,,False
2026,sa3071358,Jace Stancil,COFC,,,,,False
2026,sa3071362,Cam Staton,SMC,,,,,False
2026,sa3071364,Hunter St. Denis,ME,,,,,False
2026,sa3071365,Mason Steele,UAB,,,,,False
2026,sa3071366,JD Stein,WAKE,,,,,False
2026,sa3071368,Owen Stelzer,HC,,,,,False
2026,sa3071371,Joseph Steventon,WAG,,,,,False
2026,sa3071375,Dan Stewart,WKU,,,,,False
2026,sa3071381,Jaden Stone,UNCO,,,,,False
2026,sa3071382,Josh Stonehouse,XAV,,,,,False
2026,sa3071386,Christian Stratis,CIT,,,,,False
2026,sa3071391,Hayden Stringfellow,MCN,,,,,False
2026,sa3071395,Matt Stuart,GWEB,,,,,False
2026,sa3071396,Benjamin Stubbs,TROY,,,,,False
2026,sa3071397,John Stuetzer,FSU,,,,,False
2026,sa3071398,Brent Stukes,UPST,,,,,False
2026,sa3071401,Cal Sullivan,SEMO,,,,,False
2026,sa3071406,Kayden Sutton,ALCN,,,,,False
2026,sa3071407,Kosei Suzuki,LAS,,,,,False
2026,sa3071409,AJ Swader,BELL,,,,,False
2026,sa3071424,William Tarpley,AAMU,,,,,False
2026,sa3071428,Carter Taylor,SDST,,,,,False
2026,sa3071433,Luciano Terilli,GMU,,,,,False
2026,sa3071437,Luke Teschke,ILST,,,,,False
2026,sa3071439,Ty Thames,RICE,,,,,False
2026,sa3071444,Jordan Thomas,LIP,,,,,False
2026,sa3071445,Ty Thomas,CSUF,,,,,False
2026,sa3071447,Caston Thompson,NICH,,,,,False
2026,sa3071448,Clay Thompson,JMU,,,,,False
2026,sa3071454,Matt Thorsen,SIE,,,,,False
2026,sa3071457,Eli Tidwell,UNO,,,,,False
2026,sa3071459,Jackson Toberman,UNF,,,,,False
2026,sa3071470,Esteban Torres,UMES,,,,,False
2026,sa3071471,Diesel Toth,CBU,,,,,False
2026,sa3071478,Mario Trivella,FIU,,,,,False
2026,sa3071480,Diego Trujillo,NDSU,,,,,False
2026,sa3071484,Drew Turner,UNCA,,,,,False
2026,sa3071487,Will Turner,UTM,,,,,False
2026,sa3071489,Eli Tyndall,VMI,,,,,False
2026,sa3071490,Ryan Tyranski,CIN,,,,,False
2026,sa3071495,Myles Upchurch,ALA,,,,,False
2026,sa3071496,Misael Uriepero,YSU,,,,,False
2026,sa3071499,Adrian Valdez,SF,,,,,False
2026,sa3071502,Lucas Valencia,MVSU,,,,,False
2026,sa3071504,Peyton Vancas,QUIN,,,,,False
2026,sa3071512,Miles Vandenheuvel,OSU,,,,,False
2026,sa3071516,Luke VanMarter,LEM,,,,,False
2026,sa3071519,Matt Vannoy,DAV,,,,,False
2026,sa3071522,Nate Vargo,MERC,,,,,False
2026,sa3071524,Jose Vasquez,UAPB,,,,,False
2026,sa3071528,Alex Venezia,JOES,,,,,False
2026,sa3071531,Lance Vickers,BGSU,,,,,False
2026,sa3071535,Aidan Vining,BRY,,,,,False
2026,sa3071539,Titus Von Kapff,CHSO,,,,,False
2026,sa3071540,James Voorhies,CSUN,,,,,False
2026,sa3071541,Fawster Voytko,UIW,,,,,False
2026,sa3071542,Nater Wachter,CONN,,,,,False
2026,sa3071543,Nate Wachter,SDST,,,,,False
2026,sa3071549,Jonah Walker,NDSU,,,,,False
2026,sa3071552,Zachary Wallace,BAY,,,,,False
2026,sa3071554,Patrick Walsh,NAVY,,,,,False
2026,sa3071555,Cade Walter,JAX,,,,,False
2026,sa3071556,Lane Walton,ARST,,,,,False
2026,sa3071558,Blaize Ward,MIZ,,,,,False
2026,sa3071559,Alec Warden,VCU,,,,,False
2026,sa3071563,Kye Watson,SIU,,,,,False
2026,sa3071566,Brady Waugh,UAB,,,,,False
2026,sa3071567,Wyatt Wawro,NIU,,,,,False
2026,sa3071570,Nick Weaver,EMU,,,,,False
2026,sa3071571,Davis Webb,BRAD,,,,,False
2026,sa3071572,Kutter-Gage Webb,RICE,,,,,False
2026,sa3071578,Ryan Weller,USI,,,,,False
2026,sa3071582,Ethan Wendel,TAR,,,,,False
2026,sa3071584,Casey Wensley,BRY,,,,,False
2026,sa3071588,Brannon Westmoreland,LR,,,,,False
2026,sa3071594,Jon Whiteside,DAY,,,,,False
2026,sa3071604,Garrett Wiethorn,ULM,,,,,False
2026,sa3071606,Devon Wilkes,CSUB,,,,,False
2026,sa3071610,Basilio Williams,PV,,,,,False
2026,sa3071612,Caden Williamson,QUIN,,,,,False
2026,sa3071613,Dana Williams,MERC,,,,,False
2026,sa3071616,Jackson Williams,ALST,,,,,False
2026,sa3071617,Jarret Williams,LAM,,,,,False
2026,sa3071618,Jayden Williams,CIT,,,,,False
2026,sa3071622,Luke Williams,JVST,,,,,False
2026,sa3071627,Trey Williford,UNCW,,,,,False
2026,sa3071633,Evan Wilson,RICH,,,,,False
2026,sa3071635,Jorian Wilson,TA&M,,,,,False
2026,sa3071648,Caden Wolfley,CHSO,,,,,False
2026,sa3071650,Joshua Woodworth,PEPP,,,,,False
2026,sa3071653,Jeter Worthley,NEB,,,,,False
2026,sa3071654,Cory Wouters,WIN,,,,,False
2026,sa3071655,Dayne Wray,ULM,,,,,False
2026,sa3071657,Brennon Wright,USA,,,,,False
2026,sa3071664,Luke Wroblewski,SDST,,,,,False
2026,sa3071665,Gabriel Wuerth,WES,,,,,False
2026,sa3071671,Preston Yaucher,PSU,,,,,False
2026,sa3071678,Ryder Young,GONZ,,,,,False
2026,sa3071681,Jamie Zee,ND,,,,,False
2026,sa3073547,Caden Cooper,HOU,,,,,False
2026,sa3073548,Diego Cruz,M-OH,,,,,False
2026,sa3073555,Hayden Frey,TOL,,,,,False
2026,sa3073559,Drew Grego,NEB,,,,,False
2026,sa3073563,Luke Howe,LBSU,,,,,False
2026,sa3073566,Sherman Johnson,NCSU,,,,,False
2026,sa3073570,Caden Kresak,FAMU,,,,,False
2026,sa3073576,Clark Lincoln,FAMU,,,,,False
2026,sa3073580,Alex Monile,FAMU,,,,,False
2026,sa3073581,Trey Morris,ORST,,,,,False
2026,sa3073591,Kaiden Smaka,LBSU,,,,,False
2026,sa3073592,Zach Sohosky,M-OH,,,,,False
2026,sa3073597,Anthony Treto,TAR,,,,,False
2026,sa3073676,Charles Ashe III,GRAM,,,,,False
2026,sa3073698,Sam Cozart,TEX,,,,,False
2026,sa3073714,Keondre Fields,AAMU,,,,,False
2026,sa3073717,Landen Fry,IU,,,,,False
2026,sa3073724,Carter Harrington,COFC,,,,,False
2026,sa3073735,Cooper Jones,ETSU,,,,,False
2026,sa3073740,Keegan Knupp,EMU,,,,,False
2026,sa3073756,Michael McAloose,NWST,,,,,False
2026,sa3073757,Brandon McCraine,AUB,,,,,False
2026,sa3073763,Sam Mommer,ILL,,,,,False
2026,sa3073773,John Paone,UVA,,,,,False
2026,sa3073776,Jacob Parker,MSST,,,,,False
2026,sa3073786,Korbin Reynolds,VAN,,,,,False
2026,sa3073787,Sohrab Rezaei,BRAD,,,,,False
2026,sa3073789,Camden Righi,CONN,,,,,False
2026,sa3073799,Chris Schaller,RICH,,,,,False
2026,sa3073818,Jace Terry,LAS,,,,,False
2026,sa3073837,Zach White,NWST,,,,,False
2026,sa3073926,Patrick Bauer,JMU,,,,,False
2026,sa3073939,Will Craddock,SC,,,,,False
2026,sa3073960,Luke Hemric,NCSU,,,,,False
2026,sa3073965,Alec Johnson,LMU,,,,,False
2026,sa3073966,Rett Johnson,NCSU,,,,,False
2026,sa3073976,Ethan Minaker,CSUB,,,,,False
2026,sa3074066,Zach Anderson,BING,,,,,False
2026,sa3074069,Tucker Biehl,AKR,,,,,False
2026,sa3074077,Grayson Carpenter,DAY,,,,,False
2026,sa3074103,Gar Hindle,ELON,,,,,False
2026,sa3074105,Mason Holloway,BING,,,,,False
2026,sa3074132,Mike Polubinski,LIU,,,,,False
2026,sa3074151,Zion Taylor,APSU,,,,,False
2026,sa3074195,Pedro Agosto,COPP,,,,,False
2026,sa3074196,Shane Andrus,ME,,,,,False
2026,sa3074199,RJ Azarieh,SPU,,,,,False
2026,sa3074209,Max Berrisford,STMN,,,,,False
2026,sa3074223,Shaun Callahan,UNH,,,,,False
2026,sa3074229,Tomas Cernius,PRIN,,,,,False
2026,sa3074230,Casey Cerruto,UNH,,,,,False
2026,sa3074241,Bennett Crerar,PRIN,,,,,False
2026,sa3074242,Greg Cristino,MRMK,,,,,False
2026,sa3074251,Patrick DeSarno,ALB,,,,,False
2026,sa3074265,Emilio Feliciano,COPP,,,,,False
2026,sa3074271,Aedan Forde,UNH,,,,,False
2026,sa3074273,Ty Fox,MASS,,,,,False
2026,sa3074274,Joey Frammartino,MRMK,,,,,False
2026,sa3074275,Joseph Frazzetta,UNH,,,,,False
2026,sa3074277,Vincent Fusco,UNH,,,,,False
2026,sa3074279,Luke Gallo,BC,,,,,False
2026,sa3074280,Angel Garcia,COPP,,,,,False
2026,sa3074286,Mason Glickman,UNH,,,,,False
2026,sa3074289,Nelson Grajales,COPP,,,,,False
2026,sa3074296,Denver Hamilton,CARK,,,,,False
2026,sa3074303,Jackson Hays,YALE,,,,,False
2026,sa3074304,Brooks Henderson IV,UMBC,,,,,False
2026,sa3074308,Nick Hockemeyer,UAPB,,,,,False
2026,sa3074310,Nicco Holland,COPP,,,,,False
2026,sa3074312,Jake Hooten,NAVY,,,,,False
2026,sa3074313,Jake Hower,COR,,,,,False
2026,sa3074316,AJ Hurtado,COPP,,,,,False
2026,sa3074321,Davis Kahn,HARV,,,,,False
2026,sa3074324,Brady Kaufman,PRIN,,,,,False
2026,sa3074328,Dillon Kirksey,COPP,,,,,False
2026,sa3074336,Bobby Lavely,SPU,,,,,False
2026,sa3074346,Matt Luigs,BRWN,,,,,False
2026,sa3074354,Owen Marsolek,STMN,,,,,False
2026,sa3074359,Myles McDermott,UNH,,,,,False
2026,sa3074361,Garrett McGovern,MRMK,,,,,False
2026,sa3074362,Cam McGugan,UNH,,,,,False
2026,sa3074363,Matt McIntire,UNH,,,,,False
2026,sa3074367,Dylan Melton,UMBC,,,,,False
2026,sa3074368,Chris Messina,FDU,,,,,False
2026,sa3074370,Bryce Miller,YALE,,,,,False
2026,sa3074371,Terrell Milliner,COPP,,,,,False
2026,sa3074379,Ben Moulin,PENN,,,,,False
2026,sa3074381,Jaxon Mueller,ALB,,,,,False
2026,sa3074384,Drew Nelson,BRWN,,,,,False
2026,sa3074391,Tyler Parks,UNCA,,,,,False
2026,sa3074392,Ryan Penney,PRIN,,,,,False
2026,sa3074395,Camren Piwnicki,BRWN,,,,,False
2026,sa3074396,Garryn Plummer,FDU,,,,,False
2026,sa3074398,Steve Polizzi,SPU,,,,,False
2026,sa3074407,James Reilly,UNH,,,,,False
2026,sa3074414,Jake Russo,UNH,,,,,False
2026,sa3074421,Jay Secretarski,PENN,,,,,False
2026,sa3074430,Ian Smith,UAPB,,,,,False
2026,sa3074431,Jun Ho Son,RAD,,,,,False
2026,sa3074436,Zeb Swangim,UNCA,,,,,False
2026,sa3074438,Teddy Tokheim,STAN,,,,,False
2026,sa3074440,Jordan Treadwell,COPP,,,,,False
2026,sa3074443,Nick Ungania,UNH,,,,,False
2026,sa3074460,Matthew Witkow,HARV,,,,,False
2026,sa3074463,Ross Yoshida,COR,,,,,False
2026,sa3074705,Collin Anderson,DUKE,,,,,False
2026,sa3074706,Sam Andersen,DART,,,,,False
2026,sa3074759,Maxwell Hilsenroth,UNH,,,,,False
2026,sa3074767,Nate Kugler,DART,,,,,False
2026,sa3074809,Gregory Quintana,LAF,,,,,False
2026,sa3074831,Michael Tight,COR,,,,,False
2026,sa3074961,Zach DenDekker,LMU,,,,,False
2026,sa3074990,Joe Dolinshek,ALST,,,,,False
2026,sa3074996,Brady Holbrook,BEL,,,,,False
2026,sa3075005,Chase Mayer,AMCC,,,,,False
2026,sa3075127,Jordan Haver,FRES,,,,,False
2026,sa3075201,Tanner Berry,UNCG,,,,,False
2026,sa3075216,Joe Dwyer,SPU,,,,,False
2026,sa3075262,Kyle Salvati,CCSU,,,,,False
2026,sa3075277,Zach Worzel,CCSU,,,,,False
2026,sa3075352,Sam Kaczmarek,W&M,,,,,False
2026,sa3075424,Sam Dansky,CIT,,,,,False
2026,sa3075439,Lawson Olmstead,CAL,,,,,False
2026,sa3075463,Will Dobil,LAF,,,,,False
2026,sa3075471,Zachary Kourous,MERC,,,,,False
2026,sa3075495,Tyler Beaulieu,COR,,,,,False
2026,sa3075558,Sam Perry,MASS,,,,,False
2026,sa3075590,Colin Sander,INST,,,,,False
2026,sa3075639,Nick Fox,CCSU,,,,,False
2026,sa3075667,Ethan Menard,NWST,,,,,False
2026,sa3075691,Jacob Weatherspoon,UVA,,,,,False
2026,sa3075768,Andrew Lawrence,UTM,,,,,False
