Name,Team,Age,W,L,ERA,G,GS,CG,ShO,SV,IP,TBF,H,R,ER,HR,BB,HBP,WP,BK,SO,NameASCII,PlayerId,MLBAMID
"Mason Edwards","USC",20,8,0,2.0696864661688315,17,17,0,0,0,95.2,396,54,26,22,3,47,5,9,1,169,"Mason Edwards","sa3030819",821973
"Ethan Lund","OKST",20,5,3,5.335968218536732,17,16,1,0,0,84.1,370,66,52,50,11,53,2,11,0,137,"Ethan Lund","sa3059870",
"Dylan Volantis","TEX",20,10,2,2.0842105263157893,17,16,0,0,0,95,395,67,28,22,3,28,11,13,0,135,"Dylan Volantis","sa3060847",
"Tomas Valincius","MSST",20,11,2,3.5017065758221877,17,17,0,0,0,97.2,400,85,46,38,15,20,6,3,0,134,"Tomas Valincius","sa3060815",
"Cole Carlon","ASU",21,5,2,3.872510077868156,16,16,0,0,0,83.2,350,69,37,36,14,31,4,3,1,133,"Cole Carlon","sa3028440",814817
"Jackson Flora","UCSB",21,12,0,1.0588235294117647,16,16,2,2,0,102,399,55,14,12,3,32,8,5,0,133,"Jackson Flora","sa3031459",814176
"Hunter Dietz","ARK",21,7,4,3.5719845418368847,16,16,1,0,0,85.2,362,71,40,34,10,31,7,9,0,131,"Hunter Dietz","sa3030307",806059
"Ethan Norby","ECU",21,7,3,4.084870733708153,18,14,0,0,1,90.1,412,91,48,41,10,28,21,3,2,131,"Ethan Norby","sa3038921",825275
"Tyler Fay","ALA",22,11,5,4.541284403669724,18,18,1,1,0,109,447,91,56,55,21,26,16,0,1,127,"Tyler Fay","sa3031198",823789
"Evan Dempsey","FGCU",20,7,2,3.146616631604435,15,15,2,2,0,88.2,369,68,32,31,4,26,11,3,0,126,"Evan Dempsey","sa3030134",805632
"Will Sanford","ORE",20,9,2,3.7351777529757126,17,17,0,0,0,84.1,368,57,38,35,10,46,13,13,1,126,"Will Sanford","sa3060484",
"Wes Mendes","FSU",21,9,3,2.806451612903226,16,16,2,1,0,93,383,70,35,29,6,25,9,5,1,125,"Wes Mendes","sa3037853",803544
"Eric Nachtsheim","MCN",22,8,3,3.6,19,8,1,0,3,85,387,72,37,34,13,21,5,2,0,125,"Eric Nachtsheim","sa3060119",840033
"Will Holmes","CIT",,7,4,4.370503717065817,17,17,0,0,0,92.2,395,64,50,45,7,53,12,10,0,120,"Will Holmes","sa3034015",
"Ruger Riojas","TEX",22,6,2,3.9673470623202287,17,17,1,1,0,81.2,338,73,36,36,7,21,4,2,0,120,"Ruger Riojas","sa3040781",823162
"Dominic Voegele","KU",21,6,4,5.845360824742268,17,17,1,0,0,97,432,101,68,63,16,35,6,5,0,120,"Dominic Voegele","sa3044541",814113
"Joey Volchko","UGA",21,11,2,3.6818180836012493,18,18,1,0,0,95.1,410,82,46,39,8,46,9,8,1,119,"Joey Volchko","sa3044554",811285
"Carson Jasa","NEB",21,10,2,3.59315599777036,16,16,2,0,0,87.2,383,66,39,35,4,47,13,9,0,117,"Carson Jasa","sa3059584",814215
"Andrew Herrmann","UL",24,7,5,4.69207306159245,20,18,4,1,0,109.1,466,92,63,57,21,36,20,7,2,116,"Andrew Herrmann","sa3033711",
"Isaiah Magdaleno","HAW",21,7,5,2.3601397971802878,15,15,2,2,0,95.1,382,57,28,25,3,31,11,2,0,116,"Isaiah Magdaleno","sa3036845",
"Jack Radel","ND",21,8,3,3.285171197961472,15,15,2,1,0,87.2,357,68,36,32,8,22,2,3,0,116,"Jack Radel","sa3040377",806481
"Chris Levonas","WAKE",20,10,3,2.8227271748377305,15,15,0,1,0,73.1,298,44,25,23,7,33,7,4,0,116,"Chris Levonas","sa3066386",
"Nathan Taylor","CIN",21,7,3,3.6,16,16,0,0,0,90,385,80,47,36,10,27,6,5,0,115,"Nathan Taylor","sa3043582",824720
"Caden Glauber","UNC",18,12,0,2.0543478260869565,30,3,0,0,5,92,374,60,24,21,8,42,5,3,2,114,"Caden Glauber","sa3070172",
"Ben Blair","LIB",21,7,5,3.5300352405228566,16,16,0,0,0,94.1,391,80,41,37,8,17,11,5,0,113,"Ben Blair","sa3027209",835278
"Andreas Alvarez","AUB",20,10,4,3.8117647058823527,16,16,1,0,0,85,363,78,46,36,11,31,6,9,1,113,"Andreas Alvarez","sa3062805",
"Maxx Yehl","WVU",22,9,3,2.134020618556701,18,18,1,0,0,97,402,78,33,23,7,26,19,5,0,112,"Maxx Yehl","sa3045700",805258
"Hunter Elliott","MISS",23,5,3,5.4,17,17,0,0,0,85,391,86,54,51,15,46,16,5,1,111,"Hunter Elliott","sa3030887",695545
"Liam Peterson","FLA",21,3,6,4.58893266794159,16,16,1,0,0,84.1,368,84,47,43,11,36,1,4,0,111,"Liam Peterson","sa3039785",805794
"Charlie West","CONN",20,6,6,4.225190716657836,15,15,0,0,0,87.1,390,87,48,41,9,37,11,11,1,111,"Charlie West","sa3045028",837547
"Michael Malki","CBU",20,11,0,3.12,18,15,1,0,0,75,329,66,29,26,6,37,6,12,1,111,"Michael Malki","sa3059901",
"Caden Aoki","UGA",23,9,2,4.0813953488372094,20,9,1,0,3,86,371,86,41,39,14,27,4,7,0,110,"Caden Aoki","sa3026126",802610
"Karsten Sweum","GONZ",20,8,2,4.690678117741669,15,15,1,1,0,78.2,347,69,45,41,8,36,7,7,0,110,"Karsten Sweum","sa3066031",
"Chansen Cole","WVU",20,10,2,3.431438214648147,21,19,1,0,0,99.2,420,86,42,38,11,32,10,6,0,109,"Chansen Cole","sa3069817",
"Chris Olivier","LAM",,7,4,2.776595744680851,16,16,1,1,0,94,386,61,32,29,9,38,8,2,0,108,"Chris Olivier","sa3039115",
"Jake Marciano","AUB",20,5,6,3.323077020588714,17,17,0,0,0,86.2,359,76,37,32,15,17,10,2,0,108,"Jake Marciano","sa3059912",
"Grayden Harris","USM",19,8,1,4.019083852430625,17,17,0,0,0,87.1,373,92,44,39,5,19,10,3,1,107,"Grayden Harris","sa3059418",
"Duke Stone","MSST",20,7,3,5.309623600456959,18,15,0,0,0,79.2,360,88,50,47,14,29,9,6,0,107,"Duke Stone","sa3066555",
"Gage Peterson","APP",21,8,1,3.2823529411764705,15,15,0,0,0,85,364,60,40,31,4,39,11,12,0,107,"Gage Peterson","sa3070998",814119
"Jaxon Jelkin","UK",23,8,3,4.082474226804123,17,15,2,0,1,97,403,90,53,44,15,21,8,5,0,106,"Jaxon Jelkin","sa3034629",801210
"Tegan Kuhns","TENN",21,5,5,3.5555555555555554,15,14,1,1,0,81,342,80,35,32,12,16,6,2,2,106,"Tegan Kuhns","sa3065818",815158
"Kurt Barr","MICH",22,5,6,4.518828596133583,16,15,1,0,0,79.2,353,68,41,40,10,45,6,8,0,105,"Kurt Barr","sa3026623",
"James Guyette","KSU",21,6,4,5.558823351216569,16,15,1,0,0,79.1,377,90,62,49,8,35,19,9,1,105,"James Guyette","sa3032890",821962
"Ryan Peterson","SHSU",22,6,5,3.375,15,15,1,1,0,88,368,77,38,33,14,23,13,2,1,105,"Ryan Peterson","sa3039799",831713
"Cayden Suchy","CONN",20,5,3,2.8208954420831183,15,15,1,0,0,89.1,366,77,33,28,5,23,4,7,0,105,"Cayden Suchy","sa3060688",
"Taylor Rabe","MISS",21,5,3,3.5526315789473686,17,11,0,0,2,76,307,63,30,30,12,15,6,2,1,105,"Taylor Rabe","sa3066446",815040
"Max Bayles","SCU",21,5,4,2.535211267605634,15,15,0,0,0,71,304,48,22,20,5,44,1,10,0,104,"Max Bayles","sa3026768",814742
"Alec Bouchard","WOF",21,9,3,2.8255813953488373,15,15,1,0,0,86,360,72,31,27,8,27,4,6,0,104,"Alec Bouchard","sa3027441",843900
"Braden Gebhardt","YSU",22,5,4,3.1946563955217786,15,15,0,0,0,87.1,377,77,42,31,7,29,8,4,0,104,"Braden Gebhardt","sa3032082",
"David Rossow","CAM",23,10,2,2.5346939564823683,16,13,1,0,0,81.2,343,63,31,23,5,22,10,9,0,104,"David Rossow","sa3041190",701455
"Steele Murdock","UCSD",21,4,3,5.22972972972973,15,15,1,0,0,74,356,70,53,43,7,46,13,10,0,104,"Steele Murdock","sa3060111",835217
"Dax Whitney","ORST",20,6,1,2,11,11,0,0,0,63,249,42,16,14,6,18,2,8,0,104,"Dax Whitney","sa3060915",
"Steven Cash","JVST",,9,2,3.0111525017593697,17,17,1,1,0,89.2,370,64,32,30,9,32,11,3,0,103,"Steven Cash","sa3028581",
"LJ Mercurius","OU",21,7,7,4.427999864868168,22,12,1,0,4,83.1,359,75,46,41,14,27,10,3,1,103,"LJ Mercurius","sa3037892",702969
"Ethan Stade","BGSU",23,3,4,4.359375,14,10,0,0,1,64,282,53,39,31,5,20,14,4,0,103,"Ethan Stade","sa3071355",840059
"Connor Fennell","VAN",21,4,2,4.957031102268961,15,15,0,0,0,85.1,358,84,49,47,17,20,8,2,2,102,"Connor Fennell","sa3031240",830729
"Josh McDevitt","MIZ",22,3,5,4.42436960607033,15,15,0,0,0,79.1,345,61,46,39,11,39,10,7,0,102,"Josh McDevitt","sa3037542",814834
"Declan Dahl","LT",21,7,4,3.5409834958378683,15,15,0,0,0,81.1,342,73,37,32,10,23,5,3,0,102,"Declan Dahl","sa3069897",842340
"Evan Blanco","TENN",22,7,4,4.651685393258427,16,16,0,0,0,89,379,80,50,46,17,29,7,0,2,101,"Evan Blanco","sa3027230",702711
"Tommy Egan","TROY",23,6,5,5.46067415730337,20,18,1,0,1,89,403,95,64,54,9,34,16,11,1,101,"Tommy Egan","sa3030832",
"Zane Adams","ALA",22,8,5,4.583025701233538,17,17,0,0,0,90.1,397,97,51,46,9,30,4,5,0,100,"Zane Adams","sa3025773",806019
"Luke Harrison","TEX",23,6,4,4.103999874755863,19,16,0,0,1,83.1,363,70,45,38,7,35,12,4,1,100,"Luke Harrison","sa3033295",801393
"Brady Kehlenbrink","MIZ",,3,10,6.417040139201206,15,15,0,0,0,74.1,325,77,59,53,13,24,4,2,2,100,"Brady Kehlenbrink","sa3059654",
"Jason DeCaro","UNC",20,11,3,2.866438281269902,19,19,2,2,0,97.1,413,85,37,31,9,42,8,8,1,99,"Jason DeCaro","sa3029991",811311
"Andrew Evans","SIU",22,7,2,2.5092937514661413,16,16,1,1,0,89.2,371,75,30,25,6,29,4,3,0,99,"Andrew Evans","sa3031058",813491
"Cole Fehrman","JOES",22,5,3,4.558441558441558,15,15,1,0,0,77,343,71,44,39,5,30,17,3,0,99,"Cole Fehrman","sa3031214",
"Tate McKee","GT",21,9,2,4.153846153846154,17,16,0,0,0,78,340,70,41,36,19,39,5,6,0,99,"Tate McKee","sa3037653",806156
"Grant Govel","USC",21,10,3,2.8741934776504645,19,18,1,0,0,103.1,405,77,35,33,14,16,5,5,0,99,"Grant Govel","sa3059333",840218
"Rob Evans","MIA",22,10,3,3.285171197961472,16,15,0,0,0,87.2,360,67,39,32,11,31,6,3,1,98,"Rob Evans","sa3031080",702658
"Matt Archibald","NAVY",,7,3,2.353846153846154,11,11,1,0,0,65,272,39,22,17,4,32,8,13,0,98,"Matt Archibald","sa3058511",
"Ryan Piech","XAV",20,8,3,3.183406007478339,14,14,0,0,0,76.1,318,56,28,27,6,31,5,2,1,98,"Ryan Piech","sa3060268",830130
"Trey Beard","FSU",21,6,1,4.5,14,12,0,0,1,68,294,61,41,34,11,24,8,8,0,97,"Trey Beard","sa3026802",804295
"Griffin Naess","CP",21,8,5,4.631386732355195,17,17,0,0,0,91.1,403,88,50,47,10,35,8,8,0,97,"Griffin Naess","sa3038661",839126
"Logan Rumberg","GMU",22,7,3,3.7058823529411766,17,15,0,0,1,85,365,67,45,35,10,39,10,8,0,97,"Logan Rumberg","sa3041297",
"Ethan Kleinschmit","ORST",21,9,2,3.74025974025974,15,15,0,0,0,77,327,63,37,32,11,27,12,5,0,97,"Ethan Kleinschmit","sa3059697",826543
"Cooper Allen","UNCW",21,8,4,2.793103448275862,15,15,2,1,0,87,343,65,30,27,6,23,8,8,0,96,"Cooper Allen","sa3025912",823983
"Trevor Hansen","UCI",21,7,4,4.940425371521471,14,14,0,0,0,78.1,349,76,53,43,3,28,9,9,0,96,"Trevor Hansen","sa3033171",814145
"Carlos Martinez","HOF",21,6,3,3.3013099336812406,13,13,1,0,0,76.1,309,63,31,28,5,27,5,11,0,96,"Carlos Martinez","sa3037141",834976
"Jackson Sanders","AUB",20,5,2,2.9431278556669027,17,7,0,0,4,70.1,291,54,27,23,8,25,8,4,0,96,"Jackson Sanders","sa3060480",
"Henry Zatkowski","UVA",19,8,2,4.570866279027332,18,12,0,0,0,84.2,362,75,52,43,9,25,10,1,0,96,"Henry Zatkowski","sa3061006",
"Dakota Stone","UNF",22,7,2,2.421524580830644,14,11,0,0,0,74.1,342,52,25,20,3,36,9,5,0,95,"Dakota Stone","sa3043168",702496
"Parker Dillhoff","UNLV",22,4,5,7.528845877689733,15,15,1,0,0,69.1,334,80,66,58,8,43,7,15,0,94,"Parker Dillhoff","sa3030336",804877
"Mikiah Negrete","CSUF",22,9,4,2.7,15,15,3,1,0,100,402,83,33,30,9,17,10,3,0,94,"Mikiah Negrete","sa3038730",800626
"Gavin Eddy","CAL",21,6,3,2.8700788263659986,14,14,0,0,0,84.2,350,72,33,27,7,21,7,4,0,94,"Gavin Eddy","sa3059112",806066
"Cord Rager","OU",19,7,3,4.7368421052631575,16,16,0,0,0,76,309,58,40,40,16,21,11,3,0,94,"Cord Rager","sa3071068",
"Darin Horn","CCU",23,8,2,3.2079206709183543,31,0,0,0,7,67.1,292,61,34,24,4,24,8,7,0,93,"Darin Horn","sa3034091",820839
"Ethan Lay","SAC",22,5,3,3.784090909090909,16,16,1,1,0,88,376,93,48,37,10,16,4,4,0,93,"Ethan Lay","sa3059771",808428
"Micah Worley","STBK",22,6,5,3.115384501112993,14,14,0,0,0,69.1,298,56,35,24,5,31,6,9,0,93,"Micah Worley","sa3060966",834412
"Jayden Lopez","JKST",22,6,4,5.97628440476114,16,14,1,0,0,84.1,381,73,61,56,12,53,10,9,0,93,"Jayden Lopez","sa3065358",
"Nick Finarelli","LIU",,9,3,5.6417908841662365,15,15,1,0,0,89.1,407,92,58,56,9,41,14,8,0,92,"Nick Finarelli","sa3031330",
"Rohan Lettow","SDSU",20,6,1,3.791489238609501,16,15,0,0,0,78.1,335,74,40,33,8,27,6,3,0,92,"Rohan Lettow","sa3036265",823007
"Alex Petrovic","AUB",22,10,2,3.2050360591815994,17,17,1,1,0,92.2,372,70,35,33,9,24,7,2,0,92,"Alex Petrovic","sa3039821",830186
"Carson Turnquist","CP",22,9,3,4.008733490898649,16,14,0,0,0,76.1,342,57,36,34,7,40,17,6,0,92,"Carson Turnquist","sa3044178",702493
"Aidan King","FLA",20,8,2,3.206896551724138,16,16,0,0,0,87,355,71,39,31,4,19,7,5,0,92,"Aidan King","sa3059682",
"Justin Mayes","TXSO",,5,4,4.209677419354839,11,11,1,0,0,62,281,63,33,29,7,26,11,6,0,92,"Justin Mayes","sa3062645",
"Dawson Montesa","WVU",20,6,5,5.376623376623376,19,15,0,0,1,77,344,66,49,46,13,44,9,6,0,92,"Dawson Montesa","sa3070804",840223
"Brady Bendik","NAVY",22,6,4,2.4244898714179173,13,13,2,1,0,81.2,354,74,31,22,2,27,8,6,0,91,"Brady Bendik","sa3026945",
"Nick DiRito","APP",23,5,2,4.628571572706933,16,12,1,0,2,81.2,358,86,43,42,7,27,9,2,0,91,"Nick DiRito","sa3030371",
"Colby Allen","USM",23,7,2,3.0542987479748875,24,5,0,0,2,73.2,312,75,30,25,6,18,2,7,1,90,"Colby Allen","sa3025911",
"PJ Craig","RID",22,9,3,3.506493593352023,16,15,2,0,0,102.2,433,90,44,40,12,42,8,7,0,90,"PJ Craig","sa3029518",
"Garrett Lambert","MER",21,5,1,4.309859154929577,15,15,0,0,0,71,313,58,39,34,6,29,14,6,4,90,"Garrett Lambert","sa3035878",812487
"Nathan Leininger","TOL",22,9,1,2.8125,15,15,1,0,0,96,401,74,33,30,6,37,10,11,1,90,"Nathan Leininger","sa3036199",
"Serigne Sarre","MSM",,4,4,4.114285714285714,14,13,0,0,0,70,318,68,37,32,5,33,8,3,0,90,"Serigne Sarre","sa3060491",
"Jack Ohman","YALE",20,5,3,5.535000211143502,13,11,0,0,1,66.2,304,67,43,41,5,30,8,8,0,90,"Jack Ohman","sa3065376",
"Noah Kenney","WASH",,4,7,4.738775657771384,15,14,0,0,0,81.2,362,74,48,43,11,37,8,4,0,90,"Noah Kenney","sa3070498",
"Carter Cox","NIU",20,6,5,5.443548554560402,18,16,0,0,1,82.2,383,92,57,50,8,31,18,4,0,89,"Carter Cox","sa3058939",
"Casan Evans","LSU",20,2,4,5.934065809688656,13,12,0,0,0,60.2,273,54,43,40,7,31,6,9,0,89,"Casan Evans","sa3059150",
"Ryan Lynch","UNC",21,5,4,4.210169382640531,19,18,1,0,0,98.1,439,102,50,46,9,36,18,9,0,89,"Ryan Lynch","sa3059876",827359
"Walker McDuffie","UNC",20,9,3,3.625,39,0,0,0,6,72,315,56,29,29,3,43,9,6,1,89,"Walker McDuffie","sa3059972",
"Eli Pillsbury","JVST",22,6,3,4.073275728117984,16,16,0,0,0,77.1,330,68,42,35,6,29,9,7,0,89,"Eli Pillsbury","sa3071013",
"Ty Roman","UL",22,4,4,4.83268496836755,22,17,0,0,1,85.2,385,82,48,46,12,37,17,3,0,89,"Ty Roman","sa3071158",
"Trey Williford","UNCW",19,7,2,3.3415840322066193,17,8,1,0,1,67.1,280,52,29,25,5,28,5,6,0,89,"Trey Williford","sa3071627",
"Aidan Knaak","CLEM",21,2,6,5.808139663699387,13,13,0,0,0,57.1,276,71,46,37,11,23,10,5,0,88,"Aidan Knaak","sa3035526",806328
"Michael Lane","DSU",21,4,9,7.118181571329929,14,14,1,0,0,73.1,349,92,71,58,8,31,7,9,0,88,"Michael Lane","sa3035918",842183
"Zach Peters","VCU",23,8,1,1.6770185938054767,25,0,0,0,7,53.2,221,31,13,10,2,26,2,6,0,88,"Zach Peters","sa3039810",811698
"Brett Renfrow","VT",21,5,4,4.642534096921829,15,15,0,0,0,73.2,318,72,39,38,11,25,6,2,2,88,"Brett Renfrow","sa3040617",814530
"Cade Townsend","MISS",21,5,3,3.9375,14,14,0,0,0,64,276,55,33,28,10,22,4,5,0,88,"Cade Townsend","sa3065435",807254
"Evan Chaffee","SJU",,7,5,4.825095197005912,17,17,0,0,0,87.2,394,94,52,47,6,32,11,4,0,87,"Evan Chaffee","sa3028717",
"John Damozonio","SMC",22,7,2,2.59199992089844,14,14,0,0,0,83.1,357,72,31,24,6,21,15,5,0,87,"John Damozonio","sa3029808",813801
"Gabe Gaeckle","ARK",21,6,3,4.144186193570379,20,12,0,0,0,71.2,333,80,39,33,13,35,4,5,0,87,"Gabe Gaeckle","sa3031812",806076
"Tyner Horn","NEB",21,3,3,4.028225930374697,22,12,0,0,1,82.2,351,76,39,37,11,26,7,6,2,87,"Tyner Horn","sa3034098",806474
"Aidan Weaver","DUKE",22,4,9,6.369230769230769,14,14,0,0,0,65,300,66,47,46,8,36,8,7,0,87,"Aidan Weaver","sa3044893",702528
"Max Vaisvila","NIU",22,8,0,3.0466926974491075,16,15,3,2,0,85.2,350,70,33,29,5,21,9,2,0,87,"Max Vaisvila","sa3060810",
"Benjamin Stubbs","TROY",22,6,3,5.11578947368421,19,18,0,0,0,95,429,101,59,54,9,39,5,13,0,87,"Benjamin Stubbs","sa3071396",807876
"Bryce Blevins","MRSH",23,8,5,4.9714285714285715,15,15,2,0,0,105,458,121,62,58,13,19,6,2,0,86,"Bryce Blevins","sa3027265",
"Patrick Steitz","VCU",,7,4,3.2586207753838052,17,16,0,0,0,96.2,395,83,37,35,10,26,5,5,0,86,"Patrick Steitz","sa3043026",
"Joseph Webb","ECU",22,6,5,3.838235294117647,31,4,0,0,2,68,291,47,37,29,3,33,10,11,0,86,"Joseph Webb","sa3062921",
"Mason Lei","UIC",21,8,5,4.562069085537328,16,16,2,0,0,96.2,415,107,57,49,18,19,8,2,0,86,"Mason Lei","sa3070582",844041
"Garrison Sumner","BYU",22,4,3,6.783919337903532,15,10,0,0,0,66.1,303,74,51,50,9,28,7,8,0,85,"Garrison Sumner","sa3043328",809828
"Zach Todd","PAC",22,5,2,3.526530722062425,15,14,0,0,0,81.2,351,62,33,32,7,42,12,3,0,85,"Zach Todd","sa3043883",
"Kide Adetuyi","FAU",20,2,3,4.191780821917808,17,13,0,0,0,73,309,61,38,34,7,32,2,6,1,85,"Kide Adetuyi","sa3058463",824786
"Andrew Johnson","USC",,8,2,3.2282608695652173,23,12,0,0,1,92,391,83,38,33,14,29,5,2,0,85,"Andrew Johnson","sa3059601",
"William Schmidt","LSU",20,5,4,4.21875,13,13,0,0,0,64,282,54,34,30,10,31,7,11,0,85,"William Schmidt","sa3060516",
"Cal Scolari","ORE",22,5,1,3.3157894736842106,14,12,0,0,0,57,245,44,22,21,6,35,7,5,0,85,"Cal Scolari","sa3060534",822302
"Wyatt Danilowicz","LOU",22,4,3,6,14,14,0,0,0,69,313,72,50,46,9,32,9,4,0,84,"Wyatt Danilowicz","sa3029833",804863
"Caleb Granger","FAMU",23,7,4,4.625874002473364,16,16,0,0,0,95.1,424,113,56,49,6,26,6,2,0,84,"Caleb Granger","sa3032573",
"Diego Gutierrez","USD",23,5,4,6.6150002523422335,14,14,0,0,0,66.2,299,71,50,49,10,32,4,4,0,84,"Diego Gutierrez","sa3032876",822622
"Logan Reddemann","UCLA",21,8,0,2.865921726633387,10,10,0,0,0,59.2,235,47,19,19,5,11,2,0,1,84,"Logan Reddemann","sa3040515",822298
"Tanner Bradley","ORE",19,5,1,1.6564417565572014,31,0,0,0,1,54.1,216,25,12,10,4,19,12,2,0,84,"Tanner Bradley","sa3066172",
"Luc Rising","NE",22,5,5,3.5409834958378683,16,13,0,0,0,81.1,345,65,38,32,7,24,12,5,0,84,"Luc Rising","sa3071127",837590
"Jess Ackerman","MER",,3,2,3.543750084489586,24,3,0,0,2,53.1,232,40,23,21,4,31,6,2,0,83,"Jess Ackerman","sa3025727",
"Ryan Castillo","UNM",21,8,3,4.204917901307469,14,14,1,0,0,81.1,343,78,40,38,2,30,5,1,0,83,"Ryan Castillo","sa3028624",
"Max Hansmann","EVAN",22,4,3,3.9922180173471062,15,15,0,0,0,85.2,379,87,47,38,9,31,10,1,0,83,"Max Hansmann","sa3033175",828674
"Zack Konstantinovsky","RUTG",21,4,5,5.476415291423268,15,15,0,0,0,70.2,306,80,46,43,10,22,4,0,1,83,"Zack Konstantinovsky","sa3035630",814149
"Jack Pineau","CREI",21,7,3,4.211999871459965,16,16,0,0,0,83.1,368,73,42,39,8,26,19,3,0,83,"Jack Pineau","sa3039937",
"Shane Sdao","TA&M",22,4,4,7.032558389089128,17,13,0,0,0,71.2,339,98,59,56,16,20,7,3,1,83,"Shane Sdao","sa3041884",805658
"Gavin Perry","WKU",23,8,2,3.887159648469551,15,15,1,1,0,85.2,356,87,39,37,4,19,2,7,0,83,"Gavin Perry","sa3065839",815132
"Derek Arrocha","JKST",22,7,6,5.939999818725592,19,11,1,0,1,83.1,393,102,63,55,5,36,9,6,0,83,"Derek Arrocha","sa3069512",
"Michael Fliss","TOL",20,5,1,4.592783685774014,19,10,0,0,2,64.2,296,64,38,33,3,33,12,10,1,83,"Michael Fliss","sa3070096",
"Sawyer Pruitt","UL",19,7,5,5.206277848785884,25,10,0,0,1,74.1,333,76,45,43,10,33,7,5,0,83,"Sawyer Pruitt","sa3071048",
"Drew Turner","UNCA",20,4,8,6.151898734177215,16,11,1,0,2,79,362,85,64,54,7,38,10,4,0,83,"Drew Turner","sa3071484",
"Brannon Westmoreland","LR",21,6,3,3.4638157025433665,18,17,1,1,0,101.1,427,103,42,39,8,23,1,3,1,83,"Brannon Westmoreland","sa3071588",842512
"Noah Chapman","UNCG",,4,6,6.4710745841751285,15,15,1,0,0,80.2,375,92,61,58,13,34,14,5,0,82,"Noah Chapman","sa3028756",
"David Horn Jr.","MTSU",22,4,6,5.25,15,14,0,0,0,72,339,80,52,42,7,38,11,3,0,82,"David Horn Jr.","sa3034092",702615
"Eric Segura","ORST",21,6,2,2.219178082191781,15,15,0,0,0,73,300,56,23,18,2,27,12,6,0,82,"Eric Segura","sa3041930",814488
"Cody Brasch","UL",22,6,3,2.772321522996137,22,8,0,0,6,74.2,297,53,24,23,9,21,6,6,0,82,"Cody Brasch","sa3069662",841159
"Owen Marsolek","STMN",19,6,3,4.834060974318959,13,13,1,0,0,76.1,343,74,43,41,12,30,12,1,0,82,"Owen Marsolek","sa3074354",
"Ty Brachbill","HPU",21,11,2,3.5867157661827687,15,15,3,1,0,90.1,377,84,42,36,8,24,4,2,0,81,"Ty Brachbill","sa3027539",844046
"Zach Crotchfelt","TROY",22,7,3,3.4925373134328357,29,1,0,0,0,67,286,66,29,26,6,23,3,3,0,81,"Zach Crotchfelt","sa3029603",702678
"Dylan Marionneaux","NWST",20,4,2,3.5078741211139985,14,14,2,0,0,84.2,347,74,37,33,6,18,5,6,0,81,"Dylan Marionneaux","sa3037053",842524
"Connor Marshburn","UNCW",21,4,6,4.574380309503108,15,15,0,0,0,80.2,361,80,49,41,2,28,15,3,0,81,"Connor Marshburn","sa3037106",823987
"Nic Schutte","MUR",22,8,6,4.251968631653331,15,15,2,0,0,84.2,385,79,45,40,5,38,21,5,1,81,"Nic Schutte","sa3041823",
"Jaden Wywoda","HC",22,6,5,4.316326530612245,16,15,5,2,1,98,416,85,50,47,8,26,13,2,0,81,"Jaden Wywoda","sa3045658",
"Chase Hanawalt","FOR",19,3,6,5.377593190756099,14,14,1,0,0,80.1,341,75,50,48,10,23,5,3,0,81,"Chase Hanawalt","sa3059404",
"Gavin Blachowicz","NEB",20,4,4,3.894230626391241,16,15,1,0,0,69.1,299,65,39,30,14,27,9,15,1,81,"Gavin Blachowicz","sa3065260",
"Camden Clark","USM",20,8,0,2.9277109106525954,23,7,0,0,5,55.1,227,45,20,18,4,12,7,2,0,81,"Camden Clark","sa3069803",
"Hunter Alexander","CARK",,7,2,2.4923076923076923,28,0,0,0,12,65,270,48,22,18,4,31,2,10,0,80,"Hunter Alexander","sa3025880",
"Tate Evans","YALE",22,7,2,2.8700788263659986,22,8,0,0,2,84.2,357,77,30,27,4,15,13,9,0,80,"Tate Evans","sa3031082",
"Nate Isler","DART",21,1,6,4.984615384615385,11,11,0,0,0,65,291,68,39,36,1,25,5,4,0,80,"Nate Isler","sa3034457",842097
"Mario Pesca","OKST",22,7,5,5.858490776871403,19,10,1,0,2,70.2,325,78,47,46,10,31,13,8,1,80,"Mario Pesca","sa3039759",829678
"Danny Cihocki","NIU",,7,3,5.341726765302665,17,15,0,0,0,92.2,399,90,55,55,13,33,7,6,0,80,"Danny Cihocki","sa3058867",
"James Litman","FAU",19,7,3,3.5639998912353548,15,15,1,0,0,83.1,371,83,34,33,9,38,4,1,1,80,"James Litman","sa3059825",
"Camden Sunstrom","USM",20,6,4,3.102127558862319,20,10,0,0,1,78.1,325,76,33,27,8,16,6,1,0,80,"Camden Sunstrom","sa3060694",
"Boede Rahe","KU",22,6,1,4.271186440677966,31,2,0,0,11,59,244,49,29,28,10,21,0,6,0,80,"Boede Rahe","sa3071069",
"Luke Earnhardt","WIN",,5,3,4.725000180244453,14,14,0,0,0,66.2,299,59,42,35,3,37,9,7,0,79,"Luke Earnhardt","sa3030739",
"Brendan Holland","JAX",23,4,5,3.804545322607376,15,15,0,0,0,73.1,312,69,33,31,8,27,4,6,0,79,"Brendan Holland","sa3033973",
"Jaxon Lloyd","LONG",23,6,3,3.7951807228915664,15,13,0,0,0,83,360,80,39,35,6,30,8,2,0,79,"Jaxon Lloyd","sa3036423",
"Joseph Ruller","QUC",,5,8,4.466911889999387,14,14,1,0,0,90.2,382,89,50,45,9,25,9,2,0,79,"Joseph Ruller","sa3041295",
"Spencer Seid","GTWN",23,6,6,3.9873417721518987,14,13,0,0,0,79,333,66,44,35,5,28,8,5,0,79,"Spencer Seid","sa3041936",
"Troy Dressler","WAKE",20,8,2,5.091428682412909,20,8,0,0,0,58.1,261,60,36,33,7,28,1,12,0,79,"Troy Dressler","sa3059081",
"Lincoln Sheffield","KSU",22,8,4,4.872180590871383,16,15,2,0,0,88.2,387,101,56,48,13,20,7,4,0,79,"Lincoln Sheffield","sa3060562",
"Seth Benes","LIN",21,4,5,2.339350116072834,15,15,1,0,0,92.1,374,68,29,24,7,30,5,2,0,78,"Seth Benes","sa3026951",
"Michael Harpster","ETSU",21,6,2,4,14,14,0,0,0,72,319,67,37,32,4,36,11,3,0,78,"Michael Harpster","sa3033252",842296
"Kole Klecker","ASU",21,7,2,4.565217391304348,14,13,0,0,0,69,294,66,38,35,12,24,3,5,0,78,"Kole Klecker","sa3035480",804679
"Bobby Spencer","SOU",25,8,3,5.672268725731193,15,14,0,0,0,79.1,362,87,51,50,7,36,6,9,0,78,"Bobby Spencer","sa3042823",
"Beau Bryans","JVST",22,7,1,3.663316442467907,15,15,0,0,0,66.1,299,54,32,27,4,43,14,12,0,78,"Beau Bryans","sa3058754",827515
"Wyatt Queen","ORST",21,1,2,2.4893617021276597,21,1,0,0,2,47,194,35,16,13,3,18,3,3,0,78,"Wyatt Queen","sa3060322",829591
"Troy Shepard","SIU",,4,4,4.228915662650603,15,14,0,0,0,83,360,64,43,39,7,37,18,4,0,78,"Troy Shepard","sa3060566",
"Wade Walton","HPU",20,5,3,4.207792207792208,15,15,0,0,0,77,346,74,50,36,3,40,5,5,0,78,"Wade Walton","sa3060867",
"Landon Hood","GONZ",19,3,1,2.4846626348358023,16,4,0,0,5,54.1,225,32,16,15,3,21,6,8,0,78,"Landon Hood","sa3070358",
"Liam OLeary","SJU",21,8,5,3.6441718644258434,17,17,3,1,0,108.2,460,102,47,44,7,32,10,0,2,78,"Liam OLeary","sa3070914",
"Myles Upchurch","ALA",,8,3,3.75,16,15,0,0,0,72,319,52,32,30,6,41,11,8,0,78,"Myles Upchurch","sa3071495",
"Ciaran Caughey","KENT",22,8,2,3.3896103896103895,15,15,0,0,0,77,324,60,35,29,8,23,15,5,2,77,"Ciaran Caughey","sa3028658",
"Collin Clarke","ORE",21,6,3,4.919491684460775,18,13,1,0,0,78.2,347,76,48,43,13,20,15,5,0,77,"Collin Clarke","sa3028976",
"A.J. Colarusso","BC",22,5,4,4.445783132530121,16,16,1,0,0,83,367,92,52,41,12,24,7,3,3,77,"A.J. Colarusso","sa3029125",
"James Hays","STET",22,3,5,4.72811043284507,15,13,0,0,0,72.1,323,78,43,38,9,23,8,3,0,77,"James Hays","sa3033463",
"Griffen Paige","WRST",21,3,7,4.144736842105263,14,14,0,0,0,76,319,53,39,35,12,35,8,1,0,77,"Griffen Paige","sa3039352",
"Andrew Rubayo","QUIN",23,5,2,4.33928586208091,13,13,0,0,0,74.2,324,82,42,36,4,16,6,8,0,77,"Andrew Rubayo","sa3041241",
"Dylan Vigue","UGA",22,4,1,4.428571428571429,18,16,1,1,0,63,280,50,32,31,5,36,11,3,0,77,"Dylan Vigue","sa3044492",815068
"Landon Mack","TENN",20,4,4,4.670270173969368,12,12,0,0,0,61.2,275,67,34,32,11,25,7,2,2,77,"Landon Mack","sa3059883",
"Michael Sharman","CLEM",24,6,2,3.3896103896103895,15,15,1,0,0,77,316,73,34,29,8,11,4,3,1,77,"Michael Sharman","sa3060555",
"Justin Byrd","UGA",22,6,2,3.7340424774242464,27,1,0,0,8,62.2,249,45,26,26,13,14,3,2,0,77,"Justin Byrd","sa3062564",830986
"Hekili Robello","HAW",,9,4,3.070588235294118,15,14,0,0,0,85,349,75,36,29,5,19,9,1,0,77,"Hekili Robello","sa3071131",
"Sam Cozart","TEX",19,6,0,1.7197452647153348,23,3,0,0,9,52.1,198,25,11,10,3,13,5,2,1,77,"Sam Cozart","sa3073698",
"Ben Cherico","SLU",,4,7,3.2142857142857144,14,14,2,2,0,84,359,66,45,30,9,31,13,0,0,76,"Ben Cherico","sa3028820",
"Brett Lanman","ACU",21,1,6,5.3490567962738895,15,15,0,0,0,70.2,316,68,45,42,10,31,5,5,0,76,"Brett Lanman","sa3035953",822843
"Bryce Riggs","EIU",,8,2,3.182142770436348,16,15,2,1,1,93.1,379,63,37,33,10,39,4,2,0,76,"Bryce Riggs","sa3040751",
"Matt Scott","UGA",22,7,0,4.2234635971439385,20,3,0,0,5,59.2,261,49,28,28,13,30,2,2,0,76,"Matt Scott","sa3041858",702523
"Clayton Burke","M-OH",23,9,2,4.071428571428571,15,14,2,0,0,84,366,78,46,38,12,20,16,3,3,76,"Clayton Burke","sa3058775",
"Carter Burnette","WCU",,2,9,6.444444444444445,15,15,2,1,0,81,355,85,63,58,18,30,11,1,0,76,"Carter Burnette","sa3058776",
"AJ Ciscar","MIA",20,5,4,4.8489797428358345,16,15,0,0,0,81.2,371,98,58,44,14,12,15,1,1,76,"AJ Ciscar","sa3058868",
"Wylan Moss","UCLA",20,5,1,2.4923076923076923,17,6,1,0,1,65,266,44,21,18,5,24,7,3,0,76,"Wylan Moss","sa3060100",
"Matt Cuccias","WICH",21,4,3,3.527027027027027,16,15,0,1,1,74,326,56,40,29,5,33,9,2,0,76,"Matt Cuccias","sa3069888",
"Luis Becerra","CBU",22,3,1,3.267516002959136,24,3,0,0,0,52.1,215,40,20,19,3,17,7,1,0,75,"Luis Becerra","sa3026825",
"Regan Hall","ILL",21,7,6,6.025751270269673,15,15,0,0,0,77.2,358,101,59,52,6,19,8,4,0,75,"Regan Hall","sa3033041",
"Elias Holbert","VCU",23,4,1,2.8636363636363638,18,9,0,0,0,66,294,51,26,21,4,37,13,6,0,75,"Elias Holbert","sa3033946",
"Owen Kramkowski","ARIZ",20,1,8,6.125,14,14,0,0,0,72,337,98,59,49,10,15,5,2,0,75,"Owen Kramkowski","sa3035687",822648
"Tony Neubeck","IU",23,7,4,3.948113349630728,14,14,0,0,0,70.2,306,68,32,31,7,27,6,1,1,75,"Tony Neubeck","sa3038787",
"Riley Peterson","MILW",21,6,4,7.032558389089128,17,15,0,0,0,71.2,330,77,60,56,4,27,18,2,0,75,"Riley Peterson","sa3039793",
"Callen Powers","MASS",20,4,5,3.9642857142857144,13,13,0,0,0,84,365,76,39,37,7,32,8,4,0,75,"Callen Powers","sa3040155",
"Brock Buckley","BUT",,3,9,4.6317993110369216,17,13,1,0,2,79.2,355,92,48,41,2,21,11,6,0,75,"Brock Buckley","sa3069695",
"David Leslie","PITT",23,4,5,6.369230769230769,18,10,0,0,1,65,307,77,54,46,9,29,8,6,0,75,"David Leslie","sa3070592",833409
"Chris Diaz","FGCU",21,5,2,3.981566680290585,15,15,1,1,0,72.1,299,57,36,32,5,26,7,2,0,74,"Chris Diaz","sa3030255",804164
"Mitchell Heer","USA",23,5,3,4.463709814739529,15,15,0,0,0,82.2,369,86,46,41,8,29,13,2,0,74,"Mitchell Heer","sa3033518",
"Brian Strange","ELON",23,3,3,5.37610601320162,14,14,0,0,0,75.1,340,79,59,45,9,31,7,18,0,74,"Brian Strange","sa3043205",
"Alex Walsh","JAX",22,8,3,3.909502397407856,15,15,0,0,0,73.2,333,71,34,32,5,33,9,6,0,74,"Alex Walsh","sa3044720",
"Brendan Garza","BALL",20,4,6,5.357142857142857,15,15,2,2,0,84,384,96,57,50,10,32,10,8,0,74,"Brendan Garza","sa3059283",
"Riane Ritter","KU",20,8,2,5.576087072125457,38,0,0,0,2,61.1,273,59,41,38,7,24,11,2,0,74,"Riane Ritter","sa3060378",
"Carson Cormier","ILST",22,4,2,4.173913043478261,16,10,0,0,0,69,295,83,34,32,3,12,5,2,0,74,"Carson Cormier","sa3065516",822395
"Trey Newmann","PORT",20,2,6,5.212871090242325,17,12,0,0,2,67.1,308,80,46,39,6,18,6,8,0,74,"Trey Newmann","sa3065581",
"Talmadge Davis","JKST",20,2,2,4.638036918360164,22,10,2,0,0,54.1,255,36,39,28,3,31,24,7,0,74,"Talmadge Davis","sa3069915",
"Jason Gerfers","LBSU",,3,8,5.752174103850459,15,14,2,0,0,76.2,359,74,58,49,7,42,19,7,0,74,"Jason Gerfers","sa3070157",
"Michael Gibson","CIT",21,5,2,5.264150943396227,21,4,0,0,10,53,244,54,32,31,10,21,9,3,0,73,"Michael Gibson","sa3032191",842569
"Sam Schlecht","SDST",23,4,4,5.88,15,15,0,0,0,75,342,89,56,49,13,22,9,4,2,73,"Sam Schlecht","sa3041713",
"Michael Addari","ILST",22,4,4,2.272277141900501,14,11,0,0,0,67.1,281,58,31,17,3,22,11,3,0,73,"Michael Addari","sa3058462",809085
"Connor Kelley","UTSA",22,5,2,2.984924508677554,20,5,0,0,2,66.1,273,53,26,22,6,22,8,6,0,73,"Connor Kelley","sa3062625",823181
"Aiden Sims","TA&M",20,8,1,3.838235294117647,13,13,1,1,0,68,282,54,33,29,13,19,8,1,0,73,"Aiden Sims","sa3065849",
"Duncan Marsten","WAKE",21,4,3,4.7368421052631575,14,11,0,0,0,57,247,43,31,30,7,27,10,6,0,73,"Duncan Marsten","sa3067236",824024
"Wade Cooper","TXST",19,7,3,4.725000180244453,23,6,1,0,5,66.2,294,65,44,35,9,25,7,11,0,73,"Wade Cooper","sa3069846",
"Zach Sohosky","M-OH",22,7,1,5.170212598103865,16,15,0,0,0,78.1,360,89,60,45,9,30,4,2,0,73,"Zach Sohosky","sa3073592",
"Cooper Cavanaugh","DAV",,4,3,4.728813559322034,13,13,0,0,0,59,260,42,32,31,8,40,8,6,2,72,"Cooper Cavanaugh","sa3028665",
"Oliver de la Torre","CAL",21,5,5,3.7622949643277352,14,14,1,0,0,81.1,340,70,43,34,11,23,6,2,0,72,"Oliver de la Torre","sa3030066",822021
"Drew Harlow","MRSH",24,4,5,5.265559999282014,14,14,0,0,0,80.1,371,88,55,47,10,33,10,13,1,72,"Drew Harlow","sa3033231",
"David James","SBU",22,2,7,4.300884810561296,14,14,2,1,0,75.1,334,75,51,36,10,32,7,3,0,72,"David James","sa3034549",
"Cameron Johnson","OU",21,6,1,4.36024834389424,15,15,0,0,0,53.2,250,40,32,26,4,43,10,4,0,72,"Cameron Johnson","sa3034720",702987
"Garret Plata","PAC",23,4,2,2.723684210526316,14,14,0,0,0,76,331,60,24,23,4,44,7,8,0,72,"Garret Plata","sa3039983",
"Kenyon Collins","MRSH",20,2,6,5.125,15,14,0,0,0,72,334,74,51,41,7,30,13,9,1,72,"Kenyon Collins","sa3058906",
"Joseph Lee","SAM",,4,2,4.772093192596194,16,15,1,1,0,71.2,306,60,42,38,10,27,9,10,0,72,"Joseph Lee","sa3059779",
"Edwin Sanchez","BCU",22,11,2,3.169565322529845,15,15,0,0,0,76.2,320,61,30,27,3,33,6,4,0,72,"Edwin Sanchez","sa3060470",
"Tim Teixeira","SIUE",,7,5,4.225190716657836,15,15,1,0,0,87.1,370,75,47,41,10,29,8,1,0,72,"Tim Teixeira","sa3060726",
"Cody Templeton","SFA",22,6,1,4.600896703578224,14,14,0,0,0,74.1,335,84,41,38,4,30,7,3,0,72,"Cody Templeton","sa3060728",
"Ethan Eberle","LOU",20,3,4,5.785714060502576,15,13,0,0,0,65.1,323,87,48,42,10,30,12,4,0,72,"Ethan Eberle","sa3065918",
"John Delgado","DAY",,2,5,5.785714164446439,16,12,1,1,1,60.2,275,56,44,39,9,34,6,7,0,72,"John Delgado","sa3069933",
"Kyle Salvati","CCSU",22,2,2,4.3301888350788635,12,12,2,0,0,70.2,307,61,37,34,7,33,7,4,0,72,"Kyle Salvati","sa3075262",
"Christian Aiello","RID",23,8,3,3.6441718644258434,21,3,0,0,1,54.1,236,45,23,22,7,22,6,1,0,71,"Christian Aiello","sa3025816",
"Brandon Bak","UIC",,5,4,5.379699402420486,16,16,1,1,0,88.2,392,104,57,53,12,27,3,9,0,71,"Brandon Bak","sa3026420",
"Gabriel Barrett","SF",23,4,5,4.269230769230769,17,14,0,0,1,78,349,94,43,37,3,18,9,2,1,71,"Gabriel Barrett","sa3026633",
"Cooper Consiglio","NCSU",20,3,5,6.9,16,11,0,0,3,60,276,64,56,46,12,29,7,10,0,71,"Cooper Consiglio","sa3029269",807307
"Felix Morin","CAN",22,5,5,2.771863198279992,16,15,0,0,1,87.2,377,80,50,27,6,30,5,3,0,71,"Felix Morin","sa3038377",
"Dakoda West","UTU",22,6,4,4.857740740843601,15,15,0,0,0,79.2,367,97,48,43,7,28,9,8,0,71,"Dakoda West","sa3045029",
"Logan Hastings","MD",20,5,4,5.516129032258065,17,6,1,0,3,62,279,56,45,38,6,30,11,1,1,71,"Logan Hastings","sa3059433",
"Sam Kretsch","SMC",19,5,2,6.824175681141955,22,7,0,0,3,60.2,281,69,46,46,6,23,9,1,3,71,"Sam Kretsch","sa3059724",
"Sergio Lopez","RGV",,2,4,5.934065809688656,14,12,0,0,0,60.2,274,74,45,40,7,19,3,4,0,71,"Sergio Lopez","sa3059847",
"Amp Phillips","SC",21,3,8,4.3891627265352415,14,14,0,0,0,67.2,298,60,39,33,8,36,2,7,0,71,"Amp Phillips","sa3060262",834616
"Chris Torres","UPST",21,5,4,5.282608870883075,18,16,0,0,0,76.2,350,86,60,45,21,32,7,2,0,71,"Chris Torres","sa3060772",844083
"Mason Pennington","SEMO",23,7,3,3.607758502047358,16,15,0,0,1,77.1,332,71,37,31,6,21,11,8,0,71,"Mason Pennington","sa3065110",
"Mathis Nayral","KU",22,4,3,4.956521739130435,18,17,0,0,0,69,312,71,45,38,11,28,6,6,0,71,"Mathis Nayral","sa3070861",834694
"Ethan Blakeney","NORF",21,5,5,4.826086956521739,15,10,0,0,0,69,306,65,44,37,8,35,10,7,0,70,"Ethan Blakeney","sa3027222",
"Lucas Hartman","UVA",23,10,2,3.7772019232240224,37,0,0,0,1,64.1,279,60,36,27,8,25,5,6,1,70,"Lucas Hartman","sa3033352",
"Carson Lane","UNLV",21,3,4,8.229946691950563,14,13,0,0,0,62.1,310,86,62,57,9,38,6,11,0,70,"Carson Lane","sa3035914",831024
"Colter McAnelly","UTAH",21,3,7,6.816831425701503,13,13,0,0,0,67.1,308,71,55,51,10,31,3,4,0,70,"Colter McAnelly","sa3037419",814778
"Lazaro Collera","MIA",20,4,3,4.990521146565618,21,13,0,0,0,70.1,312,66,43,39,8,31,9,3,0,70,"Lazaro Collera","sa3058903",
"Cristofer Cespedes","MD",20,4,2,4.180645058400676,21,3,0,0,2,51.2,234,47,30,24,7,24,8,8,1,70,"Cristofer Cespedes","sa3065268",
"Ian Korn","WVU",23,6,1,3.389121447100187,24,3,0,0,2,79.2,321,73,33,30,7,13,5,2,0,70,"Ian Korn","sa3070530",835611
"Dylan Banner","ALB",,2,6,4.83268496836755,14,14,3,0,0,85.2,400,100,59,46,4,21,8,4,0,69,"Dylan Banner","sa3026523",
"Christian Coppola","JOES",22,1,1,1.6875000574759094,13,1,0,0,0,37.1,154,21,12,7,2,12,8,5,0,69,"Christian Coppola","sa3029363",805563
"Miles Gosztola","ORE",20,3,3,3.60962574208358,17,10,0,0,0,62.1,263,52,25,25,7,25,7,2,1,69,"Miles Gosztola","sa3032514",815109
"Chet Lax","WRST",21,9,1,4.233050984303458,17,13,0,0,0,78.2,341,86,40,37,11,20,4,2,0,69,"Chet Lax","sa3036082",
"David Lopez","HCU",,4,3,3.980769230769231,14,13,0,0,0,52,238,43,26,23,3,33,5,12,0,69,"David Lopez","sa3036530",
"Haden Luke","NICH",24,6,3,5.810126442000801,12,12,0,0,0,52.2,241,53,36,34,8,32,5,8,0,69,"Haden Luke","sa3036679",
"Kellan Montgomery","UCSB",22,8,4,4,16,16,0,0,0,81,340,73,42,36,12,25,9,4,0,69,"Kellan Montgomery","sa3038259",
"Weston Moss","TA&M",22,5,2,5.45595833354581,15,14,0,0,0,64.1,278,65,41,39,17,21,5,3,0,69,"Weston Moss","sa3038469",814320
"Andrelys Payamps","IONA",24,2,5,4,10,10,0,0,0,54,245,53,35,24,5,27,6,6,0,69,"Andrelys Payamps","sa3039575",
"Reece Wagner","UNCO",,4,3,5.605932384618093,16,15,0,0,0,78.2,376,72,53,49,8,58,18,7,2,69,"Reece Wagner","sa3044630",
"Lucas Boesen","UNCA",22,3,3,6.338028169014085,16,13,1,0,0,71,346,76,56,50,6,57,7,12,0,69,"Lucas Boesen","sa3058665",
"Rhys Bowie","WAKE",20,1,3,5.218487227672698,23,2,0,1,2,39.2,180,33,25,23,4,32,4,10,1,69,"Rhys Bowie","sa3058696",
"Mason Brassfield","TCU",20,4,3,6.244897959183674,16,8,0,0,0,49,240,59,39,34,6,28,6,4,0,69,"Mason Brassfield","sa3058719",
"John Chambers","BALL",22,6,5,5.8037381108457575,16,7,0,0,0,71.1,318,76,52,46,8,29,7,6,1,69,"John Chambers","sa3058850",
"Lucas Davenport","BAY",22,5,4,6.252631704483669,13,13,1,0,0,63.1,281,75,45,44,9,16,7,3,0,69,"Lucas Davenport","sa3058992",702672
"Gavin Kuzniewski","OSU",20,6,3,4.662650602409639,15,15,1,1,0,83,369,70,50,43,11,40,15,8,0,69,"Gavin Kuzniewski","sa3059736",
"Lance Williams","MD",21,2,4,6.157894736842105,16,8,0,0,3,57,264,57,44,39,12,29,12,6,0,69,"Lance Williams","sa3060932",703536
"Bradley Zayac","LIB",,9,1,3.642857142857143,16,15,0,0,0,84,350,81,38,34,11,21,7,1,2,69,"Bradley Zayac","sa3061008",
"Nathan Aceves","UCSB",20,4,3,4.175257896158195,15,13,0,0,0,64.2,281,54,34,30,3,27,11,1,0,69,"Nathan Aceves","sa3062551",815339
"Jesus Tovar","TXST",23,9,4,5.425233451442773,18,13,0,0,1,71.1,316,66,46,43,4,35,17,7,0,69,"Jesus Tovar","sa3062692",
"Nate Langbehn","TOL",20,2,4,5.04,24,1,0,0,4,50,219,44,30,28,4,19,6,4,1,69,"Nate Langbehn","sa3066438",
"Jackson Blakely","GT",20,8,1,3.3575128206435756,15,13,0,0,0,64.1,285,61,27,24,8,20,12,4,0,69,"Jackson Blakely","sa3067219",
"Chase Frey","GCU",21,2,7,4.788177519856627,13,12,1,1,0,67.2,295,60,40,36,7,17,12,2,1,69,"Chase Frey","sa3070122",833384
"John Paone","UVA",20,1,4,5.85,16,15,0,0,0,60,277,61,46,39,7,23,13,4,0,69,"John Paone","sa3073773",
"David Case","MEM",23,6,8,5.116935641286777,15,15,0,0,0,82.2,372,85,60,47,11,36,5,8,3,68,"David Case","sa3028566",
"Travis Lutz","LAM",22,4,3,3.263736195328761,16,9,0,0,2,60.2,250,50,24,22,6,17,1,6,0,68,"Travis Lutz","sa3036719",844086
"Owen Stewart","GMU",,5,4,4.655172413793103,23,4,0,0,5,58,267,55,31,30,10,32,10,4,0,68,"Owen Stewart","sa3043112",
"Jake Drumm","GMU",20,4,3,4.712264320526998,17,11,0,0,1,70.2,305,81,40,37,11,15,4,2,0,68,"Jake Drumm","sa3059085",
"Easton Teel","ORU",20,4,3,3.258620582494388,14,14,0,0,0,77.1,333,72,30,28,9,23,9,1,0,68,"Easton Teel","sa3060723",
"Jacob Sitton","UTM",,5,6,5.400000168158089,15,14,2,0,0,81.2,377,84,57,49,18,44,6,5,0,68,"Jacob Sitton","sa3062900",
"Aidan Brainard","NEV",22,5,4,6.532258064516129,15,10,0,0,1,62,308,81,50,45,11,39,10,2,0,68,"Aidan Brainard","sa3069658",840400
"Mason Steele","UAB",21,6,3,4.659291878108071,14,14,1,0,0,75.1,311,61,45,39,11,26,4,9,0,68,"Mason Steele","sa3071365",840233
"Anthony Treto","TAR",20,3,0,3.0955414764876026,26,0,0,0,8,52.1,219,42,19,18,5,17,2,4,0,68,"Anthony Treto","sa3073597",838387
"Hudson Calhoun","MISS",21,5,4,4.04999988964626,22,2,0,0,3,46.2,204,37,24,21,8,26,4,3,0,67,"Hudson Calhoun","sa3028264",824614
"Michael Caruso","GAST",22,7,6,5.014285714285714,21,7,0,0,1,70,304,59,42,39,5,30,7,9,0,67,"Michael Caruso","sa3028547",
"Colin Fitzgerald","PSU",23,2,6,6.511764559762291,13,13,0,0,0,56.2,285,79,54,41,9,31,5,13,0,67,"Colin Fitzgerald","sa3031401",
"Daniel Gonzalez","USA",21,4,4,4.392344657947035,15,15,1,0,0,69.2,315,66,38,34,9,39,8,6,0,67,"Daniel Gonzalez","sa3032408",
"Brady Hamilton","WICH",20,4,8,5.716216216216216,18,11,0,0,0,74,347,97,56,47,5,27,7,3,0,67,"Brady Hamilton","sa3033073",825131
"Jorhan LaBoy","ALST",23,9,6,4.835820757856775,18,17,0,0,0,89.1,401,106,59,48,11,25,12,2,0,67,"Jorhan LaBoy","sa3035818",
"Duke McCarron","JOES",21,4,3,5.271428571428571,15,15,0,0,0,70,322,67,48,41,11,38,17,4,0,67,"Duke McCarron","sa3037448",805562
"DJ Merriweather","APSU",21,4,2,5.25,14,8,0,0,0,60,273,56,39,35,7,38,5,5,0,67,"DJ Merriweather","sa3037905",
"Jason Schaaf","MOST",22,4,3,5.841345939586862,19,14,1,1,0,69.1,331,99,55,45,11,21,3,6,0,67,"Jason Schaaf","sa3041652",
"Luke Jones","CCU",20,4,2,4.443037974683544,16,15,0,0,0,79,347,73,40,39,6,28,16,4,0,67,"Luke Jones","sa3059625",
"Jake Lenahan","HC",,3,7,4.683673287073513,19,5,0,0,2,65.1,290,62,44,34,5,25,5,6,0,67,"Jake Lenahan","sa3065350",
"Casey Euper","PEPP",20,5,4,3.1061945854053805,15,12,0,0,0,75.1,330,67,32,26,2,29,10,3,0,67,"Casey Euper","sa3067271",
"Kyle Alivo","IOWA",20,3,3,3.483870882000563,17,2,0,0,4,51.2,234,47,23,20,3,24,13,9,0,67,"Kyle Alivo","sa3069476",
"Sam Carlisle","WMU",22,4,5,4.95,15,14,0,0,0,60,278,61,34,33,3,32,6,7,0,67,"Sam Carlisle","sa3069745",
"Jacob Price","EKU",,6,3,4.83268496836755,15,14,0,0,0,85.2,372,88,53,46,13,23,6,2,0,67,"Jacob Price","sa3071039",
"Davis Webb","BRAD",21,4,3,6.664556801118565,16,4,0,0,0,52.2,261,51,49,39,3,44,9,19,0,67,"Davis Webb","sa3071571",
"Luke Howe","LBSU",,5,4,5.042801706122661,14,14,0,0,0,85.2,381,99,51,48,3,21,8,4,0,67,"Luke Howe","sa3073563",
"Trey Morris","ORST",19,7,0,1.9830508474576272,16,8,0,0,0,59,230,34,18,13,5,15,7,0,2,67,"Trey Morris","sa3073581",
"Marty Coyne","PENN",21,5,5,4.58490582537762,12,6,0,0,0,70.2,297,65,38,36,7,15,15,2,0,66,"Marty Coyne","sa3029505",
"Brayden Olson","STMN",22,1,7,5.914285714285715,14,13,0,0,0,70,341,79,58,46,8,38,13,4,2,66,"Brayden Olson","sa3039130",
"JT Raab","GTWN",22,3,5,6.897810026911992,11,11,0,0,0,45.2,210,60,39,35,12,14,1,4,0,66,"JT Raab","sa3040359",822793
"Chase Topolski","RICH",22,4,3,3.510000133895879,15,10,0,0,2,66.2,290,51,28,26,5,32,11,5,0,66,"Chase Topolski","sa3043934",
"Alec Belardes","SDSU",21,3,3,6.549504703124973,15,13,0,0,0,67.1,315,76,49,49,8,35,12,11,2,66,"Alec Belardes","sa3058601",
"Nick Lewis","WSU",21,10,2,2.97,16,15,2,0,0,100,417,92,41,33,7,27,5,2,0,66,"Nick Lewis","sa3059808",
"Brendon Miller","FAIR",,4,1,4.320000094168529,19,9,0,0,0,58.1,282,57,36,28,1,36,13,5,0,66,"Brendon Miller","sa3060036",
"JR Fordham","LONG",22,3,2,2.2330827708160506,31,0,0,0,9,44.1,192,29,17,11,2,21,9,5,0,66,"JR Fordham","sa3062598",
"Mason Cook","KU",20,5,2,4.811881006377532,18,13,0,0,0,67.1,299,61,41,36,9,27,13,3,1,66,"Mason Cook","sa3069840",
"Myles Dismute","SOU",21,7,3,5.531707111202069,18,8,0,0,2,68.1,328,87,52,42,6,33,4,16,0,66,"Myles Dismute","sa3069960",
"Bryan Peck","CBU",23,7,2,3.5590907856649645,16,15,0,0,1,73.1,308,67,32,29,11,21,5,3,0,66,"Bryan Peck","sa3070977",
"Corden Pettey","CP",,4,2,4.989130538217514,16,10,0,0,1,61.1,276,67,38,34,7,25,4,5,0,66,"Corden Pettey","sa3071001",
"Cam Staton","SMC",20,4,3,3.780000144195562,20,7,0,0,3,66.2,304,63,37,28,8,33,5,3,0,66,"Cam Staton","sa3071362",
"Peter Dubie","BRWN",22,3,4,4.545918190394881,12,12,0,0,0,65.1,294,59,38,33,5,34,9,3,0,65,"Peter Dubie","sa3030589",
"Kyle Froehlich","TXST",24,4,2,4.675977553980789,22,9,0,0,2,59.2,268,72,45,31,8,6,8,2,0,65,"Kyle Froehlich","sa3031736",
"Conner Griffin","BING",21,3,4,5.220994585174109,15,15,0,0,0,60.1,272,46,37,35,6,44,10,8,0,65,"Conner Griffin","sa3032713",842175
"Max Haug","GW",22,2,6,5.986425546030779,14,14,0,0,0,73.2,352,87,56,49,9,36,17,10,0,65,"Max Haug","sa3033398",
"Cooper Katskee","NEB",22,6,2,5.714285714285714,18,10,0,0,2,63,275,58,47,40,16,24,5,2,0,65,"Cooper Katskee","sa3035112",
"Darin Kuskie","ODU",21,4,8,7.8,15,14,0,0,0,60,288,82,55,52,7,25,3,15,0,65,"Darin Kuskie","sa3035798",
"David Lally Jr.","MICH",22,2,4,4.15384600148399,16,9,1,0,1,69.1,305,60,37,32,10,30,12,3,1,65,"David Lally Jr.","sa3035859",
"Cristian Mogen","UNM",,1,2,6.6150002523422335,14,14,0,0,0,66.2,320,87,56,49,12,30,6,5,0,65,"Cristian Mogen","sa3038214",
"Bryson Moore","FSU",21,6,2,3.857143002106728,14,14,0,0,0,67.2,284,58,32,29,7,25,5,3,0,65,"Bryson Moore","sa3038282",806168
"Conor Myles","UTSA",25,10,1,3.2837837837837838,15,13,0,0,0,74,316,68,31,27,8,23,5,6,0,65,"Conor Myles","sa3038651",
"Ross Norman","CCU",21,6,7,6.461538461538462,16,16,1,1,0,78,354,96,58,56,8,19,11,5,0,65,"Ross Norman","sa3038928",812727
"Hudson Rowan","LT",21,6,4,4.013513513513513,17,15,0,0,0,74,320,53,40,33,6,43,11,6,0,65,"Hudson Rowan","sa3041216",
"Mark Scamardella","NJIT",,3,3,4,13,10,0,0,0,63,280,61,33,28,5,24,10,2,0,65,"Mark Scamardella","sa3041636",
"Cole Van Assen","PUR",21,6,5,5.9625,15,15,0,0,0,80,369,104,62,53,12,17,9,4,0,65,"Cole Van Assen","sa3044316",
"Smith Bailey","ARIZ",20,3,4,4.670270173969368,12,12,0,0,0,61.2,271,62,35,32,6,23,4,9,0,65,"Smith Bailey","sa3058536",
"Luke Meyers","WSU",22,4,5,4.628571572706933,18,14,0,0,0,81.2,360,94,53,42,9,22,8,4,0,65,"Luke Meyers","sa3060025",
"Hunter Possehl","FGCU",21,4,1,3.2079206709183543,15,14,0,0,0,67.1,295,62,33,24,5,26,10,4,0,65,"Hunter Possehl","sa3060293",811011
"Harbersting Abreu","BCU",21,6,4,4.018604793765216,15,15,0,0,0,71.2,322,86,41,32,10,26,5,7,0,65,"Harbersting Abreu","sa3069447",
"John Carmichael","EMU",,3,6,5.5,15,14,0,0,1,72,326,88,51,44,9,19,11,10,0,65,"John Carmichael","sa3069747",
"Travis Farrell","SEA",23,2,8,5.424657534246576,13,12,1,0,0,73,328,93,49,44,9,20,5,8,1,65,"Travis Farrell","sa3070063",
"Conor Hensley","CAM",23,4,2,4.5562501086294676,15,9,0,0,1,53.1,239,56,36,27,6,24,5,8,0,65,"Conor Hensley","sa3070317",
"Hayden Frey","TOL",,6,4,3.791489238609501,15,11,1,0,1,78.1,330,67,33,33,6,27,13,3,1,65,"Hayden Frey","sa3073555",
"Hudson Barrett","OKST",22,6,1,2.580882425332979,13,9,0,0,0,45.1,193,33,21,13,5,15,5,0,0,64,"Hudson Barrett","sa3026634",805201
"Reese Bassinger","WVU",23,4,3,3.3,31,0,0,0,2,60,251,51,27,22,3,20,8,3,0,64,"Reese Bassinger","sa3026696",
"Sean Carey","SAC",21,3,2,4.572580785830738,25,0,0,0,2,41.1,182,28,21,21,2,20,7,1,0,64,"Sean Carey","sa3028430",
"Jase Evangelista","UNLV",21,4,1,6.171428403270492,19,0,0,0,4,46.2,210,51,34,32,9,18,5,2,0,64,"Jase Evangelista","sa3031055",822533
"Brayden Gilley","WIN",21,7,6,5.265559999282014,15,15,0,0,0,80.1,359,92,52,47,14,25,11,9,0,64,"Brayden Gilley","sa3032228",
"Max Knight","MOST",21,6,3,4.466165541632101,24,5,0,0,4,44.1,211,48,28,22,3,35,6,3,0,64,"Max Knight","sa3035549",
"Alexander Llinas","LIP",22,6,5,5.666666666666667,16,16,0,0,0,81,363,81,53,51,9,34,12,11,0,64,"Alexander Llinas","sa3036421",
"Daniel Powell","KENN",21,6,3,3.272727272727273,26,0,0,0,7,55,227,42,22,20,5,24,4,5,0,64,"Daniel Powell","sa3040147",
"Hunter Sipe","VMI",,5,4,3.759493670886076,29,1,0,0,2,79,336,73,46,33,11,18,8,1,0,64,"Hunter Sipe","sa3042366",
"Max Kaplan","UPST",20,5,5,5.776744391037498,20,12,1,0,2,71.2,314,77,50,46,8,20,14,2,0,64,"Max Kaplan","sa3059644",
"Cam Appenzeller","TENN",19,6,1,4.764705775435823,20,2,0,0,1,56.2,228,50,30,30,5,15,1,4,2,64,"Cam Appenzeller","sa3069507",
"Xander Mercurius","OU",19,1,3,5.762194987920552,20,5,0,0,1,54.2,243,53,37,35,13,25,7,1,1,64,"Xander Mercurius","sa3070773",
"Ethan Sanders","RICE",19,5,6,4.120481927710843,16,14,0,0,1,83,357,91,42,38,14,23,2,4,0,64,"Ethan Sanders","sa3071213",
"Ben Alekson","FAIR",21,7,4,2.473282370726538,15,15,1,0,0,87.1,370,76,30,24,8,29,7,1,0,63,"Ben Alekson","sa3025872",
"Ethan Calder","BAY",22,5,5,5.305676679130565,15,14,0,0,0,76.1,336,93,53,45,8,18,5,5,0,63,"Ethan Calder","sa3028255",
"Alec Couture","MONM",23,6,3,4.6125,15,14,1,0,0,80,356,96,55,41,4,21,5,5,0,63,"Alec Couture","sa3029474",
"Oliver Ellison","GWEB",,5,7,5.309623600456959,13,13,2,1,0,79.2,370,109,55,47,10,27,7,2,0,63,"Oliver Ellison","sa3030904",
"Luc Fladda","ARIZ",23,3,2,5.28,15,13,0,0,0,75,316,85,45,44,10,8,2,1,0,63,"Luc Fladda","sa3031421",
"Logan Knight","CIN",22,4,4,4.849514742712919,16,14,0,0,0,68.2,302,70,41,37,13,19,2,1,1,63,"Logan Knight","sa3035547",
"Owen MacDonnell","LAS",,3,5,5.34375,14,9,0,0,0,64,300,65,50,38,6,38,18,9,0,63,"Owen MacDonnell","sa3036785",
"Isaac Morton","MINN",21,4,2,3.263736195328761,13,13,0,1,0,60.2,261,46,28,22,6,25,12,5,1,63,"Isaac Morton","sa3038449",814819
"Dylan Mulcahy","SFA",22,3,6,5.225806323000844,13,11,0,1,0,51.2,228,52,33,30,5,23,2,2,3,63,"Dylan Mulcahy","sa3038525",
"Jack Nelson","ARST",23,2,2,4.5,15,11,0,0,0,56,241,43,31,28,12,25,7,1,0,63,"Jack Nelson","sa3038751",
"Josh Newell","LIN",,6,5,2.6470588235294117,15,15,2,0,0,102,420,104,41,30,6,13,2,4,0,63,"Josh Newell","sa3038805",
"Jaxon Shineflew","USA",21,5,2,4.254545454545455,18,1,0,0,4,55,224,47,28,26,8,15,2,3,0,63,"Jaxon Shineflew","sa3042186",
"Adam Buczkowski","CIN",20,4,2,4.354838843648321,28,0,0,0,6,41.1,184,27,22,20,4,26,10,2,1,63,"Adam Buczkowski","sa3058765",
"Walker Hooks","MISS",20,3,1,3.2400000706263965,28,0,0,0,9,58.1,231,42,25,21,8,12,5,2,0,63,"Walker Hooks","sa3059517",
"Justin Roitman","WAG",22,7,1,5.764045067348803,15,12,0,0,0,59.1,300,66,50,38,5,53,6,5,0,63,"Justin Roitman","sa3060416",
"Liam Watt","DBU",22,8,2,3.902343633701097,22,10,1,0,1,85.1,346,78,37,37,6,15,5,0,1,63,"Liam Watt","sa3065622",
"Joey Giordano","RICH",,11,0,3.345132630436564,13,13,0,0,0,75.1,322,64,34,28,11,26,7,5,0,63,"Joey Giordano","sa3067164",
"Caleb Anderson","LBSU",,3,5,6.283018867924528,21,5,0,0,0,53,243,55,39,37,2,19,10,4,0,63,"Caleb Anderson","sa3069492",
"LJ Cormier","AUB",19,2,0,2.5033113215190386,21,0,0,0,2,50.1,206,36,16,14,3,12,7,6,0,63,"LJ Cormier","sa3069852",
"Carson Byers","M-OH",22,7,1,6.578680457824105,23,3,0,0,2,65.2,304,78,54,48,10,19,12,6,0,62,"Carson Byers","sa3028190",
"Liam Diehl","TOW",,1,7,7.156626670484122,13,13,0,0,0,55.1,276,65,55,44,7,30,22,5,0,62,"Liam Diehl","sa3030300",
"Jacob Dudan","NCSU",21,4,1,3.6,8,8,0,0,0,50,204,43,20,20,3,12,3,1,0,62,"Jacob Dudan","sa3030600",822705
"Caylon Dygert","UTA",21,5,6,3.7351777529757126,14,14,0,0,0,84.1,374,84,41,35,1,32,3,3,0,62,"Caylon Dygert","sa3030720",
"Justin Feld","GONZ",22,8,2,4.7727272727272725,16,11,0,0,1,66,295,62,37,35,9,31,10,3,0,62,"Justin Feld","sa3031222",
"Tristan Helmick","LAF",21,3,6,5.775401187333728,11,11,0,0,0,62.1,287,73,45,40,2,19,15,6,0,62,"Tristan Helmick","sa3033569",844099
"Nolan Higgins","MSU",21,3,4,5.2,27,0,0,0,4,45,206,54,34,26,6,13,5,4,0,62,"Nolan Higgins","sa3033791",804082
"Ryan Marohn","NCSU",21,6,1,3.176470677332897,8,8,0,0,0,45.1,185,32,20,16,5,22,5,3,2,62,"Ryan Marohn","sa3037074",811317
"Ricky Ojeda","UCI",20,3,3,3.774193548387097,18,7,0,0,3,62,262,50,30,26,2,20,12,2,1,62,"Ricky Ojeda","sa3039084",
"Brady Pendley","GASO",22,6,5,5.691891774525168,20,1,0,0,1,61.2,292,79,44,39,5,24,7,6,0,62,"Brady Pendley","sa3039670",
"Drew Talavs","SDSU",21,4,4,6.567567432144425,15,14,0,0,0,61.2,282,65,50,45,12,30,7,6,1,62,"Drew Talavs","sa3043478",
"Bromley Thornton","UNCW",21,3,3,4.655172413793103,16,11,2,1,0,58,264,50,32,30,5,29,16,3,0,62,"Bromley Thornton","sa3043798",
"Camden Wicker","UCF",21,5,3,4.162995734630559,16,16,1,2,0,75.2,322,59,37,35,8,32,8,4,3,62,"Camden Wicker","sa3045165",
"Hunter Colagrande","STBK",,1,4,7.137931034482759,14,14,0,0,0,58,278,78,52,46,13,21,11,10,0,62,"Hunter Colagrande","sa3058897",
"Aidan Donovan","MSU",20,6,3,3.7099235560898074,15,15,0,0,0,87.1,368,86,40,36,7,21,4,4,1,62,"Aidan Donovan","sa3059071",
"Stormy Rhodes","OKST",21,4,2,4.036082632952922,21,5,0,0,2,64.2,283,67,37,29,5,20,8,6,0,62,"Stormy Rhodes","sa3060356",
"Max Stammel","UVA",20,4,6,7.553571428571429,19,13,0,0,0,56,269,65,56,47,8,28,5,3,1,62,"Max Stammel","sa3060652",
"Mason Blasche","SAM",,3,7,5.472972972972973,15,15,0,0,0,74,332,89,53,45,14,20,6,4,0,62,"Mason Blasche","sa3062560",
"Ben Rabatin","KENT",21,8,3,4.116591787412095,15,15,0,0,0,74.1,325,65,38,34,15,34,10,6,0,62,"Ben Rabatin","sa3065115",
"Vincent Borghese","RUTG",21,4,5,4.209677419354839,15,10,0,0,1,62,282,65,32,29,8,27,3,5,2,62,"Vincent Borghese","sa3066170",
"Brady Miller","BC",21,2,4,6.071006054195563,14,13,0,0,0,56.1,254,61,44,38,7,23,6,1,0,62,"Brady Miller","sa3066389",
"Colin Linder","ASU",22,4,2,5.4,20,7,0,0,0,50,231,43,33,30,7,36,6,4,0,62,"Colin Linder","sa3070604",702589
"Wyatt Nadeau","VAN",19,2,3,5.847133900032138,15,9,0,0,1,52.1,234,39,35,34,5,39,8,6,0,62,"Wyatt Nadeau","sa3070855",
"Austin Berggren","M-OH",22,3,4,3.6541354431535376,25,0,0,0,7,44.1,190,42,20,18,3,13,3,2,0,61,"Austin Berggren","sa3027029",842599
"Nic Bronzini","LR",,2,3,4.863353922035882,17,14,0,0,0,53.2,247,55,31,29,6,25,10,5,1,61,"Nic Bronzini","sa3027742",
"Brandt Corley","ULM",,2,3,7.823863466785963,14,14,0,0,0,58.2,293,79,56,51,6,31,14,9,0,61,"Brandt Corley","sa3029389",
"Zach Erdman","PUR",22,4,1,4.603686474085989,15,15,0,0,0,72.1,328,95,46,37,9,16,4,3,0,61,"Zach Erdman","sa3030977",
"Brian Foley","UML",22,2,3,7.159090909090909,17,8,0,0,0,44,234,59,36,35,1,33,12,6,0,61,"Brian Foley","sa3031510",
"Colton Kennedy","UVU",22,1,5,8.196428571428571,14,10,0,0,0,56,281,67,66,51,8,37,7,11,0,61,"Colton Kennedy","sa3035262",
"Zach Vriesenga","WMU",,2,6,6.75,17,12,0,0,0,68,339,80,63,51,12,45,10,5,0,61,"Zach Vriesenga","sa3044588",
"Jake Cullen","URI",20,3,5,6.75,19,11,0,0,1,60,292,54,52,45,7,41,15,7,0,61,"Jake Cullen","sa3058959",
"Cooper Golden","MCN",,2,5,5.625,15,15,0,0,0,72,329,85,47,45,11,30,14,2,0,61,"Cooper Golden","sa3059312",
"Jack Turner","NMSU",22,4,7,6.480000141252793,14,7,0,0,1,58.1,281,70,49,42,3,33,8,3,0,61,"Jack Turner","sa3060798",834695
"Mason Smith","CAM",,2,1,6.403846153846154,20,7,0,0,2,52,231,50,40,37,11,19,7,6,0,61,"Mason Smith","sa3062681",
"Anderson Nance","NCSU",20,4,3,4.695652062655335,20,2,0,0,3,53.2,240,57,29,28,8,25,2,3,0,61,"Anderson Nance","sa3062879",
"Max Winders","BUT",20,4,4,4.478672823840939,15,10,1,0,1,70.1,292,71,39,35,6,12,3,3,0,61,"Max Winders","sa3065858",
"Kale Hammer","SEA",21,2,4,5.785714285714286,13,13,0,0,0,70,309,78,50,45,10,20,4,4,0,61,"Kale Hammer","sa3066063",
"Shane Brinham","MICH",18,6,4,3.876923076923077,18,10,2,2,1,65,289,60,30,28,3,35,4,4,0,61,"Shane Brinham","sa3069670",
"Sawyer Jensen","DAY",,8,2,5.327354077827417,14,14,1,0,0,74.1,331,75,50,44,11,23,17,4,0,61,"Sawyer Jensen","sa3070440",
"Russ Smith","DBU",,5,4,5.775401187333728,20,7,0,0,2,62.1,286,61,42,40,10,35,10,3,1,61,"Russ Smith","sa3071324",
"Cam Allen","WRST",,5,3,6.376884177629321,15,15,0,0,0,66.1,300,68,49,47,8,30,9,2,1,60,"Cam Allen","sa3025908",
"Dylan Alonso","TROY",22,4,3,5.1081082397695035,28,4,0,0,7,49.1,216,36,34,28,7,32,3,10,0,60,"Dylan Alonso","sa3025958",834697
"Tyler August","LIB",21,7,0,3.471428476839652,28,0,0,0,1,46.2,199,34,18,18,4,26,6,2,0,60,"Tyler August","sa3026303",814094
"Cooper Ellingworth","TROY",21,2,5,6.143712434512556,30,3,0,0,4,55.2,255,66,40,38,10,20,7,5,0,60,"Cooper Ellingworth","sa3030879",
"Nic Gregson","UCSD",,1,7,6.125,15,14,0,0,0,72,336,101,57,49,10,16,8,7,0,60,"Nic Gregson","sa3032693",
"Trent Hillen","NWST",,2,3,6.406779661016949,11,11,0,0,0,59,258,65,43,42,3,16,7,4,0,60,"Trent Hillen","sa3033838",
"Tommy Scavone","PEPP",25,5,3,4.163551253432827,14,13,0,0,0,71.1,298,63,34,33,6,19,13,5,0,60,"Tommy Scavone","sa3041649",
"Josh Swink","LIB",21,3,3,4.153846247607491,21,5,0,0,3,56.1,251,54,33,26,8,24,6,3,0,60,"Josh Swink","sa3043419",835061
"Noel Valdez","UCD",,1,5,4.58490582537762,14,14,0,0,0,70.2,317,96,40,36,6,25,1,4,0,60,"Noel Valdez","sa3044289",
"Ben Dean","DUKE",20,7,1,4.41346137657674,18,3,0,1,1,34.2,162,28,22,17,7,24,5,6,0,60,"Ben Dean","sa3059011",
"Beau Elson","FOR",20,6,4,5.39999979903059,13,13,0,0,0,68.1,307,80,49,41,12,19,5,2,0,60,"Beau Elson","sa3059129",
"Lyndon Glidewell","MIA",,4,0,4.189655034635641,30,1,0,0,5,38.2,163,27,18,18,7,14,5,0,0,60,"Lyndon Glidewell","sa3059308",
"Brigden Parker","LR",23,3,3,5.0318180073194325,16,16,0,0,0,73.1,318,71,44,41,9,35,6,4,1,60,"Brigden Parker","sa3060211",
"Russell Sandefer","FLA",21,3,2,4.421052631578948,19,12,0,0,0,57,246,52,31,28,4,22,1,3,0,60,"Russell Sandefer","sa3060483",824531
"Nik Toups","SELA",,5,2,4.733766351025231,15,10,0,0,0,51.1,246,48,40,27,5,33,7,8,0,60,"Nik Toups","sa3060776",
"Max Tripure","WIU",,4,6,6,14,14,0,0,0,75,339,82,53,50,6,32,6,3,0,60,"Max Tripure","sa3060789",
"Cooper Harrington","LIB",20,2,2,3.6114650559022032,26,3,0,0,14,52.1,218,42,21,21,4,13,8,2,0,60,"Cooper Harrington","sa3062847",
"Andrew Rogovic","NE",20,4,2,4.310924231555707,23,2,0,0,3,39.2,172,23,20,19,4,27,3,14,0,60,"Andrew Rogovic","sa3066339",
"Edwin Alicea","USF",21,6,5,5.225806267881393,19,10,0,0,1,72.1,330,71,50,42,7,28,16,6,0,60,"Edwin Alicea","sa3069474",836036
"Adam Brodnax","ULM",,2,3,5.089005133963278,13,11,0,0,0,63.2,296,76,42,36,9,19,12,3,0,60,"Adam Brodnax","sa3069675",
"Caden Crowell","ND",20,5,2,7.546583672124646,19,9,0,0,0,53.2,254,70,45,45,10,26,8,5,1,60,"Caden Crowell","sa3069881",
"Charlie Hale","CONN",21,7,0,2.7433155639835207,19,7,0,0,2,62.1,266,56,22,19,6,19,9,1,0,60,"Charlie Hale","sa3070252",
"Jaden Alba","ASU",20,3,3,6.523489765871553,17,4,0,0,2,49.2,236,57,39,36,8,25,5,6,0,59,"Jaden Alba","sa3025835",814835
"Harry Cain","KENN",,3,3,4.3699421001733745,20,6,0,0,4,57.2,240,48,31,28,11,15,4,3,0,59,"Harry Cain","sa3028246",
"Chris Domke","OSU",22,6,6,5.5479452054794525,14,13,2,0,0,73,318,76,49,45,15,21,7,2,0,59,"Chris Domke","sa3030439",
"Jace Gillmore","SCU",20,4,4,3.8375636003973947,14,14,0,0,0,65.2,278,55,33,28,11,22,4,2,0,59,"Jace Gillmore","sa3032252",
"Gavin Guidry","LSU",22,5,3,6.389312791043557,20,3,0,0,1,43.2,195,38,33,31,10,20,3,10,0,59,"Gavin Guidry","sa3032839",702633
"Hayden Lewis","WASH",22,6,5,5.942583948987165,16,12,0,0,0,69.2,311,75,51,46,6,26,6,5,1,59,"Hayden Lewis","sa3036299",
"Branton Little","WOF",22,3,3,4.189655172413793,22,2,0,0,2,58,259,70,38,27,5,10,4,3,0,59,"Branton Little","sa3036391",
"Connor Lockwood","VAL",,4,8,3.8571427520440578,14,14,4,1,0,93.1,407,115,56,40,7,9,5,0,0,59,"Connor Lockwood","sa3036437",
"Robbie O'Connor","NE",22,10,2,4.0553358460879165,16,16,1,1,0,84.1,364,68,41,38,4,21,28,4,0,59,"Robbie O'Connor","sa3039032",
"Cole Roberts","GAST",22,2,3,5.373786606789991,14,14,1,0,0,68.2,295,62,44,41,15,23,10,5,0,59,"Cole Roberts","sa3040874",
"David Thomas","SJSU",23,5,5,7.819004794815712,14,14,3,1,0,73.2,340,102,68,64,9,21,3,4,0,59,"David Thomas","sa3043688",
"Camden Wimbish","CAM",21,2,2,5.610389749363237,16,7,0,0,0,51.1,232,51,37,32,7,17,8,10,0,59,"Camden Wimbish","sa3045432",822526
"Nate Bennett","NIA",21,4,1,4.9411764705882355,12,8,0,0,2,51,227,55,33,28,3,19,4,4,0,59,"Nate Bennett","sa3058622",
"Cole Gibler","ARK",20,5,3,5.4606742743304455,19,5,0,0,1,59.1,260,56,39,36,12,25,4,6,0,59,"Cole Gibler","sa3059293",
"Nick Hunkele","MRMK",21,2,5,4.545918190394881,15,11,0,0,1,65.1,285,59,34,33,4,23,11,5,0,59,"Nick Hunkele","sa3059548",
"Tyler Ray","UTU",22,5,6,4.843049161661288,17,13,0,0,0,74.1,319,70,49,40,13,27,1,6,0,59,"Tyler Ray","sa3060340",
"Alex Valentin","SC",20,1,5,5.1923076923076925,21,8,0,0,4,52,242,53,36,30,6,23,7,3,0,59,"Alex Valentin","sa3060813",
"Ryan Mealy","MONM",,5,5,5.565789473684211,14,14,0,0,0,76,344,99,54,47,13,24,3,4,0,59,"Ryan Mealy","sa3062651",
"Brandon Stone","SC",21,5,5,5.111650674751455,17,10,0,0,0,68.2,316,86,45,39,11,19,7,1,1,59,"Brandon Stone","sa3062686",
"Luke Davenport","UNA",,2,4,6.4,19,7,0,0,3,45,229,42,37,32,4,39,14,5,0,59,"Luke Davenport","sa3065283",
"Andrew Buffkin","CIT",,6,3,3.225663607920972,22,8,1,1,1,75.1,319,78,31,27,5,28,8,4,0,59,"Andrew Buffkin","sa3069699",
"Cooper Corkrean","UNM",21,6,2,5.491525423728813,21,2,0,0,4,59,262,61,40,36,7,24,6,7,0,59,"Cooper Corkrean","sa3069851",840678
"Harrison Engle","FAIR",,7,2,3.7142857142857144,19,10,0,0,1,63,282,48,31,26,9,43,3,4,0,59,"Harrison Engle","sa3070029",
"Lex Kenny","WES",22,4,6,5.120689486776895,15,11,0,0,0,77.1,343,85,49,44,4,24,7,6,0,59,"Lex Kenny","sa3070500",
"Gavin King","MTSU",20,3,2,6,19,3,0,0,5,42,198,40,33,28,10,31,1,8,0,59,"Gavin King","sa3070509",
"Jackson Nash","LONG",20,4,2,4.2631580170124606,19,2,0,0,1,44.1,213,53,31,21,4,18,8,5,0,59,"Jackson Nash","sa3070860",842187
"Mick Uebelhor","WKU",21,3,2,3.4253730368152153,18,1,0,0,4,44.2,177,32,18,17,2,12,4,2,0,59,"Mick Uebelhor","sa3071491",839286
"Zach Yates","CBU",22,1,2,2.3142856512264345,23,0,0,0,7,46.2,184,34,13,12,1,12,4,2,0,59,"Zach Yates","sa3071670",
"John Abraham","FSU",21,1,3,1.9148936170212767,19,1,0,0,6,47,197,32,12,10,2,24,2,9,1,58,"John Abraham","sa3025709",
"Heath Andrews","NCSU",22,3,4,7.554403846448045,15,13,0,0,0,64.1,311,79,58,54,14,36,7,2,0,58,"Heath Andrews","sa3026082",
"Michael Barnett","UCLA",22,6,0,4.183098591549296,16,16,0,0,0,71,301,64,36,33,11,29,8,6,0,58,"Michael Barnett","sa3026603",805254
"Andrew Berg","ARMY",22,6,3,4.028225930374697,13,13,2,0,0,82.2,365,84,49,37,6,28,6,5,0,58,"Andrew Berg","sa3027014",
"Parker Coil","ARK",22,3,0,3.9929578537459536,27,1,0,0,2,47.1,210,48,29,21,9,10,4,0,1,58,"Parker Coil","sa3029116",702689
"Eddie Copper","CLT",21,4,5,5.625,16,15,0,0,0,56,259,51,36,35,2,37,10,5,0,58,"Eddie Copper","sa3029361",
"Eddie Del Valle","DSU",,0,9,11.911765039998365,15,11,0,0,0,45.1,258,72,74,60,8,41,8,14,0,58,"Eddie Del Valle","sa3030106",
"Colin Fisher","ARK",21,4,7,5.591716102548546,18,10,1,1,0,56.1,249,58,41,35,8,17,9,5,0,58,"Colin Fisher","sa3031379",811356
"Jacob Hustedde","MUR",,2,4,4.984615384615385,15,15,0,0,0,65,283,59,39,36,10,26,9,8,2,58,"Jacob Hustedde","sa3034364",
"Luke Parise","JOES",20,6,2,5.427835265005653,15,14,0,0,1,64.2,302,72,43,39,6,21,15,6,0,58,"Luke Parise","sa3039435",
"Brodie Purcell","FSU",21,5,2,4.7368421052631575,23,0,0,0,3,38,166,29,21,20,7,21,3,3,0,58,"Brodie Purcell","sa3040289",821977
"Joseph Sabbath","URI",21,4,5,5.930635707378151,16,9,0,0,3,57.2,275,60,47,38,9,26,14,10,0,58,"Joseph Sabbath","sa3041389",
"Cole Selvig","MINN",21,5,4,5.212871090242325,14,14,0,0,0,67.1,292,70,42,39,9,23,6,8,2,58,"Cole Selvig","sa3041975",806217
"Deven Sheerin","LSU",20,3,2,4.778760900623663,20,0,0,0,5,37.2,172,30,26,20,6,18,8,8,0,58,"Deven Sheerin","sa3042119",828822
"Jackson Sleeper","JVST",22,4,2,3.7384616481623034,27,0,0,0,4,43.1,181,30,18,18,5,20,5,0,0,58,"Jackson Sleeper","sa3042426",
"Jake Story","UNCO",22,2,7,6.118226830927913,16,14,0,0,1,67.2,320,81,56,46,8,30,7,4,0,58,"Jake Story","sa3043188",
"Joseph Taylor","CLT",21,7,4,6,25,1,0,0,3,54,255,59,38,36,2,32,3,6,0,58,"Joseph Taylor","sa3043573",
"Gavin Theis","MILW",,2,3,5.009049946678815,14,14,0,0,0,73.2,341,77,50,41,6,31,11,12,0,58,"Gavin Theis","sa3043658",
"Tazwell Butler","KSU",23,0,4,5.236363636363636,21,4,0,0,3,55,241,50,36,32,8,22,3,8,0,58,"Tazwell Butler","sa3058782",830361
"Louis Castano","HCU",23,4,3,3.881250092536213,18,1,0,0,1,53.1,216,45,26,23,9,17,3,1,0,58,"Louis Castano","sa3058834",
"Cullen Condon","WOF",,7,2,2.922680527310736,13,13,0,0,0,64.2,275,50,31,21,5,26,10,1,0,58,"Cullen Condon","sa3058914",
"Logan Eisenreich","VT",20,2,3,6.065217391304348,19,5,0,0,0,46,221,56,32,31,6,26,5,3,0,58,"Logan Eisenreich","sa3059122",
"Maddox Meyer","OMA",20,5,5,4.980582708732187,14,13,0,0,0,68.2,306,88,48,38,9,9,2,0,0,58,"Maddox Meyer","sa3060026",
"JD Rodriguez","TULN",22,5,3,6.051724137931035,19,12,0,0,0,58,276,72,44,39,9,28,8,4,0,58,"JD Rodriguez","sa3060407",
"Mateo Wells","HPU",20,2,2,4.32,18,3,0,0,1,50,211,46,27,24,8,17,3,3,0,58,"Mateo Wells","sa3065444",
"Deron Swanson","TOL",23,3,4,5.591716102548546,18,7,0,0,3,56.1,259,63,42,35,5,23,6,7,0,58,"Deron Swanson","sa3066649",
"Grayson Bradberry","BUT",19,5,4,6.398843789539584,15,11,0,0,0,57.2,274,60,46,41,4,28,14,9,0,58,"Grayson Bradberry","sa3069655",
"Aidan Flinn","ILL",,1,3,2.7880435360627285,15,13,0,0,0,61.1,246,38,21,19,3,13,14,2,0,58,"Aidan Flinn","sa3070095",
"Pierce Herrenbruck","OSU",21,7,3,3.7165990754842078,15,15,1,0,0,82.1,368,82,44,34,8,24,15,5,0,58,"Pierce Herrenbruck","sa3070324",
"Will Labonte","PORT",19,3,2,2.8227271748377305,14,13,0,0,0,73.1,306,64,24,23,4,28,4,5,0,58,"Will Labonte","sa3070545",
"Johnny Nuanez","WICH",21,6,2,2.5562130754507635,13,12,0,0,0,56.1,236,43,20,16,3,20,8,5,0,58,"Johnny Nuanez","sa3070894",
"Dillon Kirksey","COPP",21,3,6,6.6880736285594145,15,14,0,0,0,72.2,358,94,84,54,10,32,12,7,0,58,"Dillon Kirksey","sa3074328",
"Carter DeGondea","GASO",22,1,5,8.689655172413794,16,14,0,0,0,58,289,83,59,56,10,30,7,3,1,57,"Carter DeGondea","sa3030029",
"Ray Ladd","RAD",21,3,1,4.675977553980789,15,15,0,0,0,59.2,272,62,41,31,5,20,8,4,0,57,"Ray Ladd","sa3035837",811685
"Kurt Marton","SAC",21,3,5,6.311688468033641,19,11,0,0,1,51.1,243,56,37,36,10,23,11,6,0,57,"Kurt Marton","sa3037227",
"Ryne Palmer","CBU",21,5,3,4.649006739963929,17,12,0,0,0,50.1,224,41,31,26,5,26,5,5,0,57,"Ryne Palmer","sa3039387",
"Cal Randall","UCLA",21,3,0,3.193548387096774,34,0,0,0,1,31,129,15,11,11,3,19,3,4,1,57,"Cal Randall","sa3040442",806201
"Ryne Rodriguez","HOU",22,2,2,4.391566365978893,21,0,0,0,4,55.1,240,51,31,27,4,19,9,2,0,57,"Ryne Rodriguez","sa3041017",824609
"Kros Sivley","USM",22,4,2,4.11864406779661,27,2,0,0,3,59,241,48,27,27,4,11,7,0,0,57,"Kros Sivley","sa3042382",
"Sam Staerker","CAN",,2,2,3.8283580999699462,16,1,0,0,4,44.2,188,34,22,19,3,22,0,3,0,57,"Sam Staerker","sa3042896",
"Cole Tryba","UCSB",21,5,4,3.5038166918625957,16,1,0,0,4,43.2,188,34,22,17,5,14,10,3,0,57,"Cole Tryba","sa3044099",835221
"Ben Davis","MSST",21,0,2,3.6382978723404253,26,0,0,0,5,47,205,42,21,19,3,14,10,4,0,57,"Ben Davis","sa3058996",831540
"Kenney Fabian","UAPB",22,5,6,4.788679107416143,17,15,2,0,0,88.1,395,85,62,47,11,29,19,4,0,57,"Kenney Fabian","sa3059157",
"AJ Petraitis","LEM",22,5,6,7.902439024390244,15,15,0,0,0,82,393,97,78,72,16,44,7,10,0,57,"AJ Petraitis","sa3060256",
"Blake Lobell","SELA",22,4,2,4.843049161661288,14,14,3,1,0,74.1,327,79,45,40,7,25,6,5,0,57,"Blake Lobell","sa3065353",
"Reese Kortum","WICH",21,3,2,5.651162790697675,19,6,0,1,0,43,209,57,32,27,6,22,6,2,0,57,"Reese Kortum","sa3070531",
"Folger Boaz","UNC",22,3,3,6.825842842913056,18,15,0,0,0,59.1,294,86,48,45,9,25,7,7,0,56,"Folger Boaz","sa3027294",
"Chris Downs","CP",20,3,1,5.708571553008413,27,0,0,0,2,58.1,277,71,46,37,7,22,8,14,1,56,"Chris Downs","sa3030537",835223
"Colton Hartman","LOU",21,4,2,5.912408594495994,14,11,0,0,1,45.2,229,58,35,30,8,33,4,2,0,56,"Colton Hartman","sa3033349",
"Jack Kelley","VILL",22,2,7,6.046875,14,14,0,0,0,64,287,60,48,43,10,31,5,6,0,56,"Jack Kelley","sa3035184",
"Brock Lucas","MOST",,6,6,5.984536317826746,19,9,0,0,2,64.2,298,68,49,43,6,37,4,6,0,56,"Brock Lucas","sa3036630",
"Trey Ludy","RAD",21,3,2,3.7302630642774717,27,0,0,0,6,50.2,207,47,26,21,5,8,1,3,0,56,"Trey Ludy","sa3036662",
"Carson Revay","PAC",22,3,3,4.007812380557883,22,0,0,0,9,42.2,189,41,22,19,1,16,7,6,0,56,"Carson Revay","sa3040636",
"Gavin Seebold","IU",24,2,4,4.6691730662517426,17,0,0,0,2,44.1,201,40,26,23,7,26,6,1,0,56,"Gavin Seebold","sa3041913",
"Ethan Sutton","USF",21,3,3,4.3125,20,3,0,0,9,48,206,39,25,23,6,23,2,2,0,56,"Ethan Sutton","sa3043357",703661
"Clayton Freshcorn","TA&M",21,4,3,2.8159509861472425,27,1,0,0,12,54.1,223,51,18,17,6,6,5,1,0,56,"Clayton Freshcorn","sa3059239",827621
"Ryan King","CSUB",21,4,6,4.947643880242076,13,13,0,0,0,63.2,294,68,42,35,5,36,8,0,0,56,"Ryan King","sa3059685",
"Noah Thigpen","TROY",20,1,5,6.067415860367161,24,5,0,0,3,59.1,261,64,44,40,12,22,4,1,1,56,"Noah Thigpen","sa3060735",
"Kyle Calzadiaz","SJSU",22,1,5,6.154411937332489,17,4,0,1,2,45.1,214,39,32,31,2,36,8,4,0,56,"Kyle Calzadiaz","sa3062822",
"Garrett Workman","FAMU",20,6,4,5.677569891044763,15,15,0,0,0,71.1,327,82,59,45,7,25,12,4,1,56,"Garrett Workman","sa3062927",
"Colton Vercoe","RGV",23,4,5,5.441860465116279,16,2,0,0,0,43,188,44,30,26,5,11,5,1,0,56,"Colton Vercoe","sa3065618",
"Jaron Bleeker","IOWA",20,7,5,4.896372863438548,18,5,0,0,0,64.1,288,75,40,35,6,17,10,5,3,56,"Jaron Bleeker","sa3066027",
"Gavin Lyons","TA&M",20,9,0,5.062499814308613,29,3,0,0,0,69.1,311,77,42,39,15,19,8,0,0,56,"Gavin Lyons","sa3066440",
"Nate Gray","BYU",20,7,7,6.480000141252793,16,5,0,0,0,58.1,285,65,44,42,9,40,8,15,0,56,"Nate Gray","sa3070211",
"Keyon Guillory","GRAM",22,3,5,6.879807439957859,16,16,1,0,0,69.1,337,83,63,53,3,46,7,13,0,56,"Keyon Guillory","sa3070236",
"Brent Stukes","UPST",20,8,3,5.653846153846154,16,16,0,0,0,78,361,87,52,49,15,39,12,5,1,56,"Brent Stukes","sa3071398",
"Titus Von Kapff","CHSO",,7,4,5.55241952565161,14,14,2,1,0,82.2,380,89,55,51,13,40,12,6,0,56,"Titus Von Kapff","sa3071539",
"Tadan Bell","ETSU",,5,2,4.2,12,12,0,0,0,60,268,68,31,28,9,21,4,4,0,55,"Tadan Bell","sa3026915",
"J.J. Gatti","ODU",22,1,5,4.3699421001733745,15,13,0,0,0,57.2,257,47,33,28,3,28,10,6,0,55,"J.J. Gatti","sa3032052",
"Jacob Gutierrez","CSUB",,5,3,4.95,21,0,0,0,4,60,270,66,38,33,4,19,9,5,0,55,"Jacob Gutierrez","sa3032879",
"Gage Haley","LR",,5,5,4.688622647391162,28,2,0,0,5,55.2,235,46,31,29,8,25,3,2,0,55,"Gage Haley","sa3032999",
"Chase Hoover","UCSB",22,1,1,3.3750000946662033,24,0,0,0,4,45.1,200,41,22,17,3,21,2,4,0,55,"Chase Hoover","sa3034066",
"Justin Kim","PRIN",,4,5,4.65,13,11,1,1,0,60,273,59,34,31,8,26,5,4,1,55,"Justin Kim","sa3035374",
"Jason Kreiger","ME",21,4,6,4.567669303941922,15,15,1,0,0,88.2,395,97,49,45,6,34,12,11,0,55,"Jason Kreiger","sa3035702",
"Joseph LoPinto","CAN",21,4,7,7.125,16,15,0,0,0,72,349,85,63,57,7,37,11,8,0,55,"Joseph LoPinto","sa3036559",
"Ethan McElvain","ARK",21,6,0,1.8782609318695378,20,1,0,0,6,38.1,160,26,8,8,2,13,3,1,0,55,"Ethan McElvain","sa3037568",806155
"Paul Schmitz","HOU",22,2,6,6.456521872987372,14,14,0,0,0,61.1,279,67,47,44,7,30,6,3,0,55,"Paul Schmitz","sa3041733",
"Tommy Szczepanski","MSU",22,0,3,5.766990504847795,23,0,0,0,2,34.1,166,30,23,22,3,27,10,8,1,55,"Tommy Szczepanski","sa3043450",
"JR Tollett","UL",21,4,4,8.142857142857142,19,8,0,0,1,63,292,79,61,57,16,19,16,2,0,55,"JR Tollett","sa3043899",
"Josh Willitts","NJIT",24,1,8,5.608695652173913,14,13,0,0,0,69,320,80,50,43,6,34,8,4,0,55,"Josh Willitts","sa3045318",
"Cam Bagwell","WAKE",20,3,1,4.636363636363637,16,14,1,2,0,66,294,71,42,34,16,22,8,0,0,55,"Cam Bagwell","sa3058532",
"Jackson Barberi","FLA",19,5,2,3.133928678169546,19,0,0,0,2,37.1,155,21,16,13,3,17,2,4,0,55,"Jackson Barberi","sa3058551",
"Ty Brooks","INST",20,5,4,4.598253121913157,16,16,0,0,0,76.1,330,68,42,39,5,34,7,7,0,55,"Ty Brooks","sa3058734",
"Ryder Garino","NCSU",20,3,5,6.6923076923076925,19,1,0,0,0,39,166,34,29,29,6,17,0,4,1,55,"Ryder Garino","sa3059278",
"Kendall Hoffman","HOU",,3,6,4.556962025316456,15,14,0,0,0,79,351,85,52,40,11,19,12,6,0,55,"Kendall Hoffman","sa3059507",
"Chris Knier","FSU",22,4,0,2.8208954420831183,25,0,0,0,4,44.2,185,34,17,14,5,18,1,3,0,55,"Chris Knier","sa3059703",
"Nathan Mertens","SEMO",,7,2,4.402174004309571,17,5,1,0,3,61.1,252,63,32,30,8,3,5,1,0,55,"Nathan Mertens","sa3060021",
"Tanner Foerstch","OMA",20,3,5,5.2886600018003795,14,13,0,0,0,64.2,296,78,42,38,7,24,4,3,0,55,"Tanner Foerstch","sa3062597",
"Hayden Bailey","CMU",23,3,4,4.418181664963404,16,15,1,1,0,73.1,329,62,41,36,8,37,15,9,0,55,"Hayden Bailey","sa3062808",
"Brayton Thomas","IU",20,1,5,5.4,14,14,0,0,0,55,265,46,33,33,6,36,21,6,2,55,"Brayton Thomas","sa3065431",
"Simon Yochum","DAV",,7,1,6.1448277478666045,19,0,0,0,0,48.1,234,66,41,33,3,12,9,5,0,55,"Simon Yochum","sa3065963",
"James Peterson","ALST",20,7,1,3.5172413793103448,30,6,0,0,4,87,403,99,51,34,4,30,11,3,0,55,"James Peterson","sa3066088",
"Declan Cawley","FOR",,2,5,4.909091030692832,21,1,0,0,5,51.1,222,48,29,28,8,25,1,3,0,55,"Declan Cawley","sa3069775",
"James Pazdera","QUIN",22,1,4,6.699248312448152,14,6,0,0,0,44.1,224,47,40,33,4,28,13,6,0,55,"James Pazdera","sa3070973",
"Caleb Reed","WICH",22,6,1,4.649006739963929,21,3,0,0,0,50.1,213,43,28,26,6,21,4,2,0,55,"Caleb Reed","sa3071085",
"Michael Senay","USF",,6,3,3.7777777777777777,14,13,0,0,0,81,329,70,39,34,7,17,6,0,0,55,"Michael Senay","sa3071259",
"Joseph Steventon","WAG",21,5,5,4.961538461538462,15,12,1,0,0,78,353,76,49,43,4,28,18,6,0,55,"Joseph Steventon","sa3071371",
"Brody Trosclair","NWST",,5,1,1.894736842105263,10,4,0,0,1,38,164,32,13,8,3,11,8,4,0,55,"Brody Trosclair","sa3071479",
"Ryan Weller","USI",21,4,5,5.323943661971831,15,15,0,0,0,71,335,73,51,42,1,40,13,6,0,55,"Ryan Weller","sa3071578",
"Zac Cowan","LSU",22,3,3,5.318181818181818,17,5,0,0,1,44,194,49,30,26,11,12,2,3,0,54,"Zac Cowan","sa3029484",828823
"Andrew Cutler","GW",21,5,1,4.675977553980789,11,11,0,0,0,59.2,257,58,33,31,8,17,8,7,0,54,"Andrew Cutler","sa3029743",
"Alex Kranzler","VAN",21,3,3,6.1832059268163455,19,4,0,0,1,43.2,194,38,34,30,5,17,8,3,0,54,"Alex Kranzler","sa3035688",702962
"Marcus Kruzan","MINN",21,3,5,4.101265723765271,14,12,0,0,0,52.2,220,41,28,24,4,16,4,3,2,54,"Marcus Kruzan","sa3035748",837903
"Cole Leaman","LEH",22,1,6,4.212765957446808,12,12,0,0,0,47,223,41,33,22,1,34,7,5,0,54,"Cole Leaman","sa3036112",
"Sax Matson","USC",21,2,2,4.186046511627907,37,0,0,0,1,43,189,32,22,20,2,22,9,4,0,54,"Sax Matson","sa3037313",
"Maximus McCrary","MSM",22,5,3,4.784810011059483,27,0,0,0,1,52.2,221,42,28,28,6,19,8,1,0,54,"Maximus McCrary","sa3037514",
"Finbar OBrien","GONZ",21,3,2,7.276595744680851,14,8,0,0,0,47,224,52,44,38,5,32,6,11,0,54,"Finbar OBrien","sa3039003",
"Gavin Oswald","UNA",,8,3,3.961956603878614,23,0,0,0,1,61.1,261,56,27,27,5,25,5,2,0,54,"Gavin Oswald","sa3039266",
"Preston Prince","FIU",22,0,4,6.127659574468085,11,11,0,0,0,47,228,46,35,32,4,42,0,6,0,54,"Preston Prince","sa3040220",
"Easton Tumis","KENT",22,6,3,5.327354077827417,15,15,0,0,0,74.1,336,77,49,44,9,19,21,5,0,54,"Easton Tumis","sa3044137",
"Ryan Weaver","NU",23,1,7,7.386792718663943,15,13,0,0,0,70.2,328,87,61,58,9,26,11,11,0,54,"Ryan Weaver","sa3044898",
"Trevor Esparza","GRAM",21,4,3,7.275448935606975,18,8,0,0,0,55.2,281,77,54,45,8,29,9,13,0,54,"Trevor Esparza","sa3059138",
"Sean Jenkins","ECU",19,2,1,2.6129033061889926,18,0,0,0,6,41.1,172,35,14,12,2,12,2,2,1,54,"Sean Jenkins","sa3059592",
"Maddox McDougall","JVST",20,5,0,2.7551020408163267,23,1,0,0,2,49,206,43,15,15,2,18,2,4,0,54,"Maddox McDougall","sa3059971",
"Eric Rawlings","WIU",21,2,4,6.707006532389806,28,0,0,0,3,52.1,255,65,41,39,5,29,9,6,0,54,"Eric Rawlings","sa3060336",
"Ben Smith","HCU",22,4,4,6.603261006464357,13,9,1,0,0,61.1,279,75,50,45,9,23,3,4,0,54,"Ben Smith","sa3060600",
"Tanner Wiggins","RICE",21,4,2,4.103999874755863,17,11,1,1,2,83.1,370,101,41,38,9,16,9,4,0,54,"Tanner Wiggins","sa3062698",
"Luke Ridley","WES",23,3,2,6.634285858901669,12,12,0,0,0,58.1,293,68,46,43,7,45,7,4,0,54,"Luke Ridley","sa3065600",
"Sam Fairhurst","LEH",,3,5,4.5,12,8,1,0,0,56,252,55,32,28,8,27,9,3,3,54,"Sam Fairhurst","sa3070055",
"Ross Felder","MOST",,3,2,4.982142857142857,22,5,0,0,0,56,249,72,36,31,3,8,3,6,0,54,"Ross Felder","sa3070066",
"Jackson Garland","LONG",,5,3,5.3289472346821025,19,3,0,0,0,50.2,223,45,33,30,2,25,4,4,0,54,"Jackson Garland","sa3070146",
"Aden Knowles","TOW",20,2,4,7.967213114754099,17,9,0,0,0,61,287,76,57,54,11,29,7,3,0,54,"Aden Knowles","sa3070521",
"Luke Lang","IONA",,5,3,3.6114650559022032,12,8,0,0,0,52.1,232,51,22,21,3,25,4,1,0,54,"Luke Lang","sa3070559",
"Sam Larson","TULN",21,2,3,3.951219512195122,28,3,0,0,4,41,174,30,21,18,2,23,5,8,0,54,"Sam Larson","sa3070566",840437
"Chris McCormack","EVAN",,3,2,3.331168913684422,18,2,1,0,3,51.1,228,51,24,19,1,16,6,5,0,54,"Chris McCormack","sa3070731",
"Denver Hamilton","CARK",,9,0,3,14,13,1,0,0,78,334,86,27,26,4,16,8,2,0,54,"Denver Hamilton","sa3074296",
"Tanner Boccabello","BCU",23,6,0,5.88118789668365,15,15,0,0,0,67.1,315,88,53,44,4,23,9,5,0,53,"Tanner Boccabello","sa3027298",
"JT Guerrero","GCU",21,3,5,6.549504703124973,13,12,0,1,0,67.1,318,86,52,49,14,26,12,6,1,53,"JT Guerrero","sa3032828",
"Meade Johnson","SIU",23,1,2,5.8125,17,9,0,0,5,48,221,43,32,31,4,33,7,10,1,53,"Meade Johnson","sa3034789",
"Ryan Karst","INST",22,3,1,3.046153846153846,16,10,0,0,0,65,275,47,27,22,4,23,16,1,0,53,"Ryan Karst","sa3035095",
"Mason Lerma","UCD",21,4,2,2.9634145652162838,26,0,0,0,0,54.2,241,54,25,18,4,23,2,4,0,53,"Mason Lerma","sa3036245",
"Bryce McKnight","SDSU",21,5,2,4.853932688293729,19,5,0,0,2,59.1,272,69,44,32,10,18,11,4,2,53,"Bryce McKnight","sa3037677",
"Albert Roblez","ORST",22,2,1,1.5,24,0,0,0,14,30,121,18,5,5,1,13,1,1,0,53,"Albert Roblez","sa3040930",837597
"Shea Wendt","CREI",21,2,1,3.9303796519417182,22,7,0,0,2,52.2,239,36,24,23,1,42,10,7,0,53,"Shea Wendt","sa3044999",
"Keenan Anzai","UCD",,4,2,4.115853562800394,12,9,1,1,0,54.2,235,56,31,25,2,19,5,1,0,53,"Keenan Anzai","sa3058506",
"Will Bartkoski","GAST",24,5,2,3.921787625919371,23,4,1,0,4,59.2,270,38,26,26,3,35,24,3,0,53,"Will Bartkoski","sa3058564",
"Andrew Speranza","MRST",,2,3,5.487804878048781,20,1,0,0,1,41,199,45,29,25,2,25,7,4,0,53,"Andrew Speranza","sa3060647",
"Tyler Weimer","ARST",20,5,2,3.0355030270977816,20,3,0,0,2,56.1,227,46,21,19,5,13,1,2,0,53,"Tyler Weimer","sa3060899",
"Jackson Burns","TTU",20,2,3,6.75,12,11,0,0,0,52,239,60,41,39,9,24,6,1,0,53,"Jackson Burns","sa3062819",
"Ty Madison","SDST",,4,5,4.668224132636805,22,6,0,0,3,71.1,298,73,38,37,9,11,5,6,0,53,"Ty Madison","sa3065084",
"Brady Fox","UMBC",20,3,4,4.604651162790698,20,1,0,0,5,43,198,35,23,22,5,25,12,2,0,53,"Brady Fox","sa3065300",
"Adam Merritt","MASS",,3,3,4.994219543055285,13,9,0,0,0,57.2,252,45,36,32,3,30,8,6,1,53,"Adam Merritt","sa3065574",
"Antonio Doganiero","PITT",20,6,5,4.628571529466281,15,13,0,0,0,58.1,262,63,43,30,11,21,2,5,0,53,"Antonio Doganiero","sa3065788",
"Everett Garber","BUCK",20,4,3,4.673076923076923,12,9,1,0,0,52,237,50,33,27,5,29,9,5,1,53,"Everett Garber","sa3065794",
"Sam Falace","SIE",,2,4,6.808695878027074,14,8,0,0,0,38.1,196,29,33,29,5,46,6,9,0,53,"Sam Falace","sa3067233",
"Cooper Carlgren","LAM",23,2,1,4.438356048417913,19,4,0,0,0,48.2,220,42,29,24,5,25,8,5,0,53,"Cooper Carlgren","sa3069744",
"Trajan Lee","GTWN",,3,3,7.425000177025799,16,10,0,0,0,53.1,259,54,53,44,5,30,19,6,0,53,"Trajan Lee","sa3070580",
"Tyler Roark","ULM",,3,3,5.770992198361922,20,0,0,0,3,43.2,203,44,31,28,9,26,1,3,0,53,"Tyler Roark","sa3071129",
"Chase Mayer","AMCC",,3,2,3.573529511999509,14,5,0,0,3,45.1,188,35,20,18,5,16,2,2,0,53,"Chase Mayer","sa3075005",
"Justus Agosto","UNA",23,2,4,5.785714285714286,21,8,0,0,1,56,253,51,36,36,3,34,8,4,0,52,"Justus Agosto","sa3025800",
"Colby Barker","MRMK",,9,3,3.96682450111626,14,8,0,0,0,70.1,303,60,34,31,11,35,6,3,0,52,"Colby Barker","sa3026571",
"Rafael Capistran","GRAM",23,2,3,6.352941354665794,25,0,0,0,3,45.1,221,42,44,32,4,36,6,5,0,52,"Rafael Capistran","sa3028387",
"Joshua Caravalho","HCU",,3,5,7.179190593141973,15,8,0,0,0,57.2,271,65,52,46,12,28,5,5,0,52,"Joshua Caravalho","sa3028404",
"Jimmy Gilleran","STO",22,4,0,4.5,13,13,0,0,0,62,277,57,42,31,3,32,5,0,0,52,"Jimmy Gilleran","sa3032234",
"Evan Jones","UCF",22,1,3,4.108695652173913,25,0,0,1,4,46,193,36,26,21,10,16,4,5,1,52,"Evan Jones","sa3034871",
"Reagan Rivera","IU",23,0,5,9.346154120405759,19,8,0,0,3,43.1,219,54,52,45,8,25,8,4,2,52,"Reagan Rivera","sa3040840",
"Thomas Shurtleff","PENN",21,6,2,2.9508196721311477,11,4,0,0,0,61,253,56,23,20,4,15,7,4,0,52,"Thomas Shurtleff","sa3042244",
"Spencer Stearns","SIUE",,8,3,3.7351777529757126,15,15,0,0,0,84.1,355,80,40,35,8,21,13,2,0,52,"Spencer Stearns","sa3042992",
"Griffin Stieg","VT",22,2,5,7.462311271693886,16,15,0,0,0,66.1,317,86,56,55,10,33,9,2,2,52,"Griffin Stieg","sa3043121",703495
"Will Howell","MEM",21,6,6,6.588516986920553,15,15,0,0,0,69.2,327,77,53,51,8,37,10,5,0,52,"Will Howell","sa3059538",
"Jonah Johnson","LMU",22,2,7,9,15,14,0,0,0,66,323,98,73,66,11,32,11,3,0,52,"Jonah Johnson","sa3059612",
"Ryan Parker","SHU",25,4,4,5.6016595737042705,14,13,1,0,0,80.1,379,94,62,50,8,38,10,8,0,52,"Ryan Parker","sa3060214",
"Sam Simmons","UTSA",22,8,4,2.430000092697147,27,0,0,0,5,66.2,285,59,24,18,2,20,4,1,0,52,"Sam Simmons","sa3060578",
"Kaden Smith","USF",20,4,3,4.242857027248464,16,8,0,0,0,46.2,220,41,28,22,8,25,17,2,0,52,"Kaden Smith","sa3060619",
"Noah Wech","OKST",20,2,4,4.856115241184241,25,1,0,0,6,46.1,206,48,27,25,6,21,5,4,1,52,"Noah Wech","sa3060893",
"Ben Winslow","YALE",21,1,3,3.6141733369053317,15,0,0,0,2,42.1,172,32,19,17,8,9,4,3,0,52,"Ben Winslow","sa3065625",
"Easton Hawk","UCLA",20,7,4,1.9285714285714286,34,0,0,0,14,42,178,29,14,9,4,19,2,3,0,52,"Easton Hawk","sa3066894",
"Miguel Hugas","MER",21,9,2,6.168103245435805,16,15,0,0,0,77.1,351,86,58,53,9,24,21,8,4,52,"Miguel Hugas","sa3070386",806125
"Evan Jones","WAKE",19,2,1,4.22608709670646,22,1,0,1,3,38.1,174,26,21,18,2,30,5,6,2,52,"Evan Jones","sa3070458",
"Aidan Paul","HPU",,5,3,4.875,15,15,1,0,0,72,319,71,46,39,15,30,6,4,0,52,"Aidan Paul","sa3070964",
"Owen Phypers","NAVY",,5,4,6,11,10,0,0,0,54,239,59,38,36,8,18,6,6,0,52,"Owen Phypers","sa3071009",
"Connor Raridan","PAC",19,2,1,6.690265260873128,26,0,0,0,2,37.2,193,41,30,28,4,31,8,6,0,52,"Connor Raridan","sa3071076",
"Jarret Williams","LAM",,2,3,3.8343196131761452,16,12,0,0,0,56.1,253,48,27,24,4,22,12,3,0,52,"Jarret Williams","sa3071617",
"Zach Strickland","UCLA",20,6,1,2.8173913978043066,27,0,0,0,1,38.1,151,27,15,12,5,6,4,2,0,52,"Zach Strickland","sa3073811",
"Alec Johnson","LMU",,1,8,7.8607593038834365,21,6,0,0,0,52.2,261,76,55,46,4,18,6,7,0,52,"Alec Johnson","sa3073965",
"Brady Estes","CP",,4,1,3.612676153389196,27,1,0,0,2,47.1,214,36,19,19,3,32,6,6,0,52,"Brady Estes","sa3074092",
"Brandon Adams","UNF",,5,1,3.085714285714286,21,0,0,0,4,35,142,23,13,12,4,14,2,4,0,51,"Brandon Adams","sa3025748",
"Chase Carson","CLT",23,2,4,5.901639344262295,28,1,0,0,1,61,290,76,47,40,6,23,5,6,2,51,"Chase Carson","sa3028512",
"James Geshel","EIU",23,4,3,4.411764705882353,22,1,0,0,9,51,235,48,27,25,7,25,8,2,0,51,"James Geshel","sa3032158",
"Thomas Harper","ILST",22,4,5,6.101694915254237,19,10,0,0,0,59,279,64,43,40,9,27,17,4,0,51,"Thomas Harper","sa3033250",
"Gauge Lockhart","SF",24,4,3,4.990521146565618,16,15,0,0,0,70.1,307,58,42,39,5,37,12,2,1,51,"Gauge Lockhart","sa3036433",
"Jackson Mitchell","BING",21,3,1,4.224489795918367,16,6,0,0,4,49,197,37,25,23,10,15,2,3,0,51,"Jackson Mitchell","sa3038168",828482
"Carter Monke","MSU",23,4,5,4.886877996759821,15,15,0,0,0,73.2,324,88,44,40,9,15,8,2,1,51,"Carter Monke","sa3038234",
"Josh Och","USM",21,6,2,4.33928586208091,27,0,0,0,3,37.1,162,29,18,18,5,17,7,2,0,51,"Josh Och","sa3039015",
"Quentin Pohorski","SF",23,1,1,3.4225353032108172,16,2,0,0,8,47.1,197,30,19,18,4,24,3,2,0,51,"Quentin Pohorski","sa3040021",
"Thomas Santana","COLU",22,5,5,5.279329496429923,12,12,0,0,0,59.2,281,62,41,35,8,29,16,2,3,51,"Thomas Santana","sa3041542",
"Brayden Sharp","RICE",21,4,2,4.1538462757358925,19,4,0,0,1,43.1,196,34,24,20,7,30,5,5,1,51,"Brayden Sharp","sa3042071",
"Robbie Stewart","FOR",,5,5,5.837837988308004,24,4,0,0,0,49.1,232,45,36,32,6,27,14,5,0,51,"Robbie Stewart","sa3043113",
"Jackson Thomas","WASH",23,3,4,4.755681715105193,14,11,0,0,0,58.2,267,64,37,31,7,18,8,3,0,51,"Jackson Thomas","sa3043698",
"Kade Walker","JKST",23,5,4,6.171428403270492,21,7,0,0,2,46.2,222,55,39,32,4,25,6,5,0,51,"Kade Walker","sa3044678",
"Kike Cienfuegos","RGV",,7,3,4.841379437713082,14,4,0,0,2,48.1,217,56,29,26,5,11,5,7,0,51,"Kike Cienfuegos","sa3058866",
"Braden Curry","TOL",21,0,4,8.287128399872415,18,0,0,0,0,33.2,168,28,31,31,5,43,5,14,0,51,"Braden Curry","sa3058972",
"Andrew Damiani","NIA",22,5,5,2.5540541198847517,28,0,0,0,12,49.1,201,29,16,14,3,18,5,3,0,51,"Andrew Damiani","sa3058982",
"JC Dermody","ULM",22,5,6,6.480000141252793,13,13,2,0,0,58.1,287,74,45,42,7,27,11,6,0,51,"JC Dermody","sa3059041",
"Evan Holewinski","KENT",21,4,0,2.048275915955535,16,0,0,0,5,48.1,193,35,16,11,1,9,4,4,0,51,"Evan Holewinski","sa3059509",
"Wil Libbert","MISS",21,2,2,6.1875,17,8,0,0,0,48,220,56,37,33,10,23,3,1,1,51,"Wil Libbert","sa3059810",806143
"Griffin Smith","WSU",22,5,5,6.379746835443038,17,16,0,0,0,79,346,89,61,56,14,22,6,2,0,51,"Griffin Smith","sa3060612",
"Joe Sperry","MINN",22,4,3,2.872340425531915,24,0,0,0,1,47,196,41,16,15,5,13,4,4,0,51,"Joe Sperry","sa3060648",
"Cameron Teper","CBU",21,7,2,4.856115241184241,32,2,0,0,1,46.1,207,47,30,25,7,18,5,6,0,51,"Cameron Teper","sa3060730",
"Colin Trizuto","WAG",22,6,3,4.567669303941922,15,15,3,0,0,88.2,386,98,56,45,3,28,13,2,0,51,"Colin Trizuto","sa3060790",
"Tyrell Williams","PRES",,2,3,4.862559065884447,17,12,0,0,0,70.1,319,74,48,38,9,30,6,3,0,51,"Tyrell Williams","sa3060935",
"Andrew Allen","ARST",,1,6,5.8,15,7,0,0,1,45,195,47,29,29,7,18,4,0,0,51,"Andrew Allen","sa3062553",
"Ashton Johnson","BYU",22,1,5,4.228915759831526,23,0,0,0,5,55.1,245,59,32,26,4,21,0,0,0,51,"Ashton Johnson","sa3062621",
"Ryan McPherson","MSST",20,4,1,3.558139534883721,10,10,0,0,0,43,179,37,20,17,4,13,2,2,0,51,"Ryan McPherson","sa3062873",
"Alex Sotiropoulos","COLU",20,2,4,6.567567432144425,12,11,0,0,0,61.2,288,62,50,45,5,39,8,10,1,51,"Alex Sotiropoulos","sa3065140",
"Cohen Gomez","STAN",20,4,2,5.818965325882835,27,1,0,0,1,38.2,176,41,27,25,4,19,0,5,1,51,"Cohen Gomez","sa3066317",
"Tyler Baird","VAN",19,0,5,5.2,23,5,0,0,5,45,201,42,27,26,5,24,5,3,0,51,"Tyler Baird","sa3069537",
"Lance Davis","TCU",21,5,3,3.7125,14,14,2,1,0,80,329,70,36,33,7,17,10,1,1,51,"Lance Davis","sa3069914",
"Tanner Graham","EVAN",,2,6,4.689473778362752,16,10,0,0,3,63.1,300,69,36,33,7,25,14,3,0,51,"Tanner Graham","sa3070204",
"Brandon Kosel","UTU",21,3,4,5.466257796638764,16,13,0,0,0,54.1,245,57,37,33,9,25,5,3,0,51,"Brandon Kosel","sa3070532",
"Austin McNabb","DAY",,5,3,5.25,24,1,0,0,3,48,228,56,30,28,7,22,7,2,0,51,"Austin McNabb","sa3070759",
"Mason Snyder","WCU",22,7,2,2.4827586206896552,23,0,0,0,2,58,234,40,24,16,6,21,2,3,0,51,"Mason Snyder","sa3071331",
"Jackson Rose","UNC",19,5,1,2.547169811320755,23,7,0,0,1,53,216,35,15,15,2,24,4,2,0,51,"Jackson Rose","sa3073795",
"Mason Holloway","BING",19,3,4,5.503184847089071,17,10,0,0,0,52.1,246,64,37,32,8,16,5,4,0,51,"Mason Holloway","sa3074105",
"Nicco Holland","COPP",,4,5,6.903408941281731,14,10,0,0,0,58.2,289,66,57,45,10,35,10,5,0,51,"Nicco Holland","sa3074310",
"Nick Bonn","CP",21,1,4,3.4429529319877643,28,0,0,0,17,49.2,215,42,19,19,1,21,8,3,0,50,"Nick Bonn","sa3027372",824678
"Christian Charalambous","PRES",21,2,6,7.171875,14,14,1,1,0,64,297,80,54,51,8,24,9,3,0,50,"Christian Charalambous","sa3028760",
"Aidan Coleman","ACU",21,7,3,5.8441558441558445,15,15,0,0,0,77,339,88,59,50,19,18,7,8,0,50,"Aidan Coleman","sa3029147",
"Andrew Fierro","MRST",20,3,4,6.375,17,4,0,0,2,48,237,68,40,34,6,22,6,3,0,50,"Andrew Fierro","sa3031309",
"Elijah Griffith","AKR",,3,4,5.424107327601138,14,14,0,0,0,74.2,331,77,56,45,11,24,13,2,1,50,"Elijah Griffith","sa3032715",
"Chase Ingram","UAB",22,2,5,6.367924757468916,24,9,0,0,3,70.2,323,91,55,50,17,16,3,2,0,50,"Chase Ingram","sa3034429",
"Justin LeGuernic","CLEM",20,4,2,4.685950560954403,19,0,0,0,3,40.1,183,38,27,21,5,21,4,4,0,50,"Justin LeGuernic","sa3036183",806141
"Alex Overbay","ASU",21,1,3,5.785714285714286,20,4,0,0,1,42,210,56,31,27,4,27,6,3,0,50,"Alex Overbay","sa3039290",814099
"Wilson Perkins","DAV",,1,4,7.341013566785766,15,15,0,0,0,72.1,346,110,62,59,8,22,6,2,0,50,"Wilson Perkins","sa3039734",
"Oliver Pudvar","CONN",22,7,4,4.381578947368421,16,14,2,2,0,76,335,87,42,37,10,23,6,1,0,50,"Oliver Pudvar","sa3040271",
"Nolan Sliver","KENN",22,0,2,5.225806451612903,16,13,0,0,0,62,288,77,37,36,7,26,8,4,0,50,"Nolan Sliver","sa3042433",
"Blake Smith","SEA",22,3,0,4.429687367985029,23,0,0,0,3,42.2,194,47,26,21,2,13,9,5,2,50,"Blake Smith","sa3042489",
"Dylan Smith","SJSU",,3,4,4.082926677315812,12,12,1,0,0,68.1,298,71,31,31,7,18,11,5,0,50,"Dylan Smith","sa3042540",
"Anthony Solis","EIU",,4,4,8.347826086956522,20,8,0,0,2,69,330,93,67,64,16,30,4,9,0,50,"Anthony Solis","sa3042722",
"Dylan Stewart","PEPP",22,1,3,6.428571428571429,17,3,0,0,1,42,191,44,30,30,3,20,6,2,0,50,"Dylan Stewart","sa3043100",
"Toby Twist","ORE",21,4,0,3.9836064328176017,20,3,0,0,0,40.2,174,30,23,18,6,17,7,4,1,50,"Toby Twist","sa3044195",
"Ty Uber","ND",23,4,3,6.420731557968615,16,13,0,0,0,54.2,250,59,45,39,8,24,5,6,1,50,"Ty Uber","sa3044209",
"Andrew Wright","CSUF",21,3,6,3.82075485448135,24,0,0,0,5,35.1,173,41,18,15,1,15,4,0,0,50,"Andrew Wright","sa3045602",
"Eli DeRossi","MSM",21,2,4,6.113207547169812,12,12,0,0,0,53,258,59,44,36,12,30,7,0,0,50,"Eli DeRossi","sa3059042",
"Paul Farley","UGA",21,8,2,4.9787234042553195,22,4,0,0,1,47,213,55,29,26,7,21,4,2,1,50,"Paul Farley","sa3059163",
"Andres Gonzalez","USI",,2,1,4.040816326530612,34,3,0,0,4,49,226,50,24,22,5,26,8,5,0,50,"Andres Gonzalez","sa3059322",
"Jake Hembree","GAST",21,2,1,3.323077020588714,9,9,0,0,0,43.1,186,21,18,16,2,36,4,5,0,50,"Jake Hembree","sa3059462",
"Ashton Pocol","FGCU",22,3,4,3.240000123596196,21,0,0,0,6,33.1,136,24,12,12,1,10,3,5,0,50,"Ashton Pocol","sa3060282",821580
"Dawson Newman","VCU",20,5,1,3.6346153846153846,25,4,0,0,2,52,240,44,33,21,3,29,8,2,0,50,"Dawson Newman","sa3062660",
"Matthew Delvaux","MERC",,5,5,5.985849272020782,13,13,2,1,0,70.2,326,73,49,47,10,31,11,3,0,50,"Matthew Delvaux","sa3065027",
"Nile Adcock","UK",22,5,1,4.75,24,0,0,0,2,36,165,34,20,19,3,19,4,11,0,50,"Nile Adcock","sa3065497",827616
"Taylor Penn","ASU",20,6,0,3.4468085106382977,22,4,0,0,0,47,193,42,18,18,7,18,4,2,0,50,"Taylor Penn","sa3065838",
"Ridge Harvey","BEL",19,1,2,4.242857027248464,14,8,0,0,3,46.2,205,46,28,22,2,15,7,3,0,50,"Ridge Harvey","sa3070295",
"Devin Kriley","ALCN",,0,9,9.12676080856218,15,13,0,0,0,47.1,267,69,65,48,3,45,12,1,0,50,"Devin Kriley","sa3070537",
"Jackson Lee","LIP",,4,3,6.230769371411236,17,3,0,0,3,56.1,278,67,41,39,6,35,6,2,0,50,"Jackson Lee","sa3070578",
"Peter Lemke","DUKE",21,2,6,5.855421821305191,18,8,0,0,0,55.1,262,54,45,36,9,35,11,3,1,50,"Peter Lemke","sa3070585",
"Sebastian Lippman","FGCU",20,1,3,3.375,21,3,0,0,2,40,180,32,18,15,5,28,4,10,0,50,"Sebastian Lippman","sa3070608",
"Rylan Morin","UAPB",,5,4,5.531707111202069,17,16,1,1,0,68.1,309,69,49,42,3,23,22,5,0,50,"Rylan Morin","sa3070818",
"Luke Teschke","ILST",,4,3,4.962162059842454,16,14,0,0,0,61.2,274,47,39,34,4,40,4,11,0,50,"Luke Teschke","sa3071437",
"Trey Cehajic","TULN",24,3,5,8.245508793687906,16,11,0,0,1,55.2,282,75,52,51,8,31,12,2,0,49,"Trey Cehajic","sa3028689",
"Corey Costello","RAD",21,3,3,6.942856953679304,20,7,0,0,0,46.2,229,49,41,36,5,32,12,5,0,49,"Corey Costello","sa3029436",
"Elijah Green","NKU",,1,3,7.113772292593486,17,9,0,0,1,55.2,265,60,44,44,5,33,7,9,0,49,"Elijah Green","sa3032653",
"Kai Leckszas","GTWN",22,5,3,4.070351602742119,14,12,0,0,0,66.1,289,62,33,30,7,26,12,5,0,49,"Kai Leckszas","sa3036135",
"Dylan Loy","GT",21,3,1,4.2,20,5,0,0,1,45,195,41,26,21,11,16,5,1,0,49,"Dylan Loy","sa3036613",
"Cade McGarrh","ACU",23,3,5,7.4423076923076925,15,9,0,0,0,52,259,54,44,43,10,31,16,13,0,49,"Cade McGarrh","sa3037584",
"Collin McKinney","ARIZ",22,3,7,6.267857356339092,17,6,0,0,1,37.1,188,51,31,26,5,18,5,4,0,49,"Collin McKinney","sa3037674",803289
"EJ Miramontes","NKU",23,4,5,5.785714164446439,14,14,1,0,0,60.2,269,58,46,39,7,25,5,3,0,49,"EJ Miramontes","sa3038141",
"Gunnar Nichols","WASH",,3,3,5.592856990463884,19,5,0,0,1,46.2,204,38,29,29,4,23,8,5,1,49,"Gunnar Nichols","sa3038841",
"Sam Novotny","SDST",22,3,7,7.9897956073606995,15,14,0,0,0,65.1,312,83,65,58,9,27,5,4,0,49,"Sam Novotny","sa3038956",
"Jaxson Pease","TNTC",22,5,7,5.599078144158635,16,10,0,0,1,72.1,328,101,49,45,7,17,2,6,0,49,"Jaxson Pease","sa3039616",
"Aidan Russell","SDSU",22,6,2,2.526315789473684,21,0,0,0,6,57,219,29,21,16,6,15,5,1,0,49,"Aidan Russell","sa3041323",
"Isaac Yeager","ORST",22,6,2,2.0420167412632297,25,0,0,0,0,39.2,156,25,9,9,1,11,7,1,0,49,"Isaac Yeager","sa3045695",822702
"Ryan Combs","CLT",22,3,3,5.0901637752669355,21,6,1,1,0,40.2,191,42,24,23,6,17,11,1,3,49,"Ryan Combs","sa3058912",
"Wayland Crane","BYU",,2,4,6.362068965517241,15,15,0,0,0,58,280,72,53,41,12,35,8,9,1,49,"Wayland Crane","sa3058949",
"Aric Ehmke","MILW",22,6,6,4.876652146281512,15,14,0,0,0,75.2,338,82,53,41,7,23,14,5,0,49,"Aric Ehmke","sa3059121",
"Jayden Harper","CSUF",22,0,2,6.700729740428793,13,8,0,0,0,45.2,217,57,35,34,6,24,3,5,0,49,"Jayden Harper","sa3059415",
"Zach Kilby","FAU",22,2,2,4.342657226811729,21,0,0,0,2,47.2,202,52,27,23,3,6,5,1,0,49,"Zach Kilby","sa3059677",
"Tripp Patterson","UNA",,7,4,6.096774381107649,15,15,0,0,0,82.2,373,103,63,56,13,25,7,1,0,49,"Tripp Patterson","sa3060220",
"Lukas Sarantos","SMC",20,4,3,7.363636546039248,22,7,0,0,2,51.1,252,74,45,42,11,20,9,9,1,49,"Lukas Sarantos","sa3065125",
"Quincy Thornton","SOU",23,0,4,11.430656616025587,15,12,0,0,0,45.2,262,64,63,58,4,44,24,13,0,49,"Quincy Thornton","sa3065149",
"Benjamin Hudson","PSU",20,2,10,7.834196581501676,14,14,0,0,0,64.1,300,76,59,56,8,22,13,5,0,49,"Benjamin Hudson","sa3065932",
"Thomas Allen","LT",,5,3,3.53793112755956,19,1,0,0,5,48.1,190,34,21,19,6,15,1,3,0,49,"Thomas Allen","sa3069480",
"Otto Espinoza","CAL",19,2,3,3.690647583300023,15,6,0,0,2,46.1,202,35,27,19,4,27,7,5,0,49,"Otto Espinoza","sa3070038",
"Ethan Grim","VT",19,4,5,7.147059023999018,19,7,0,0,0,45.1,221,59,42,36,5,25,4,1,1,49,"Ethan Grim","sa3070225",
"Jake Hilton","SMC",22,4,4,5.342246098283698,17,12,0,0,1,62.1,278,61,37,37,6,28,7,4,1,49,"Jake Hilton","sa3070334",
"Brady Hoar","BUCK",,7,3,4.808219178082192,14,14,0,0,0,73,312,65,44,39,5,26,8,4,0,49,"Brady Hoar","sa3070338",
"Adam Jamison","LIP",,4,0,2.7341771491768476,20,1,0,0,3,52.2,234,54,25,16,5,24,2,9,0,49,"Adam Jamison","sa3070426",
"Tate Marland","BEL",21,4,5,8.03164537570699,17,10,0,0,0,52.2,258,68,49,47,16,26,11,0,0,49,"Tate Marland","sa3070681",
"Joshua Whritenour","FLA",20,4,4,5.39999981273305,25,0,0,0,7,36.2,163,31,27,22,8,14,7,5,0,49,"Joshua Whritenour","sa3071600",
"Carter Harrington","COFC",,3,5,5.371727641405682,15,14,0,0,0,63.2,302,78,53,38,7,27,11,5,2,49,"Carter Harrington","sa3073724",
"JP Robertson","MISS",22,5,2,4.33928586208091,22,1,0,0,1,37.1,168,35,20,18,4,21,2,1,0,49,"JP Robertson","sa3073790",830163
"Marcelo Harsch","WAKE",19,3,2,4.371428571428571,19,0,0,0,1,35,159,34,21,17,5,18,2,6,0,49,"Marcelo Harsch","sa3075223",
"Luke Alwood","SEA",22,2,4,5.564885334134711,19,2,0,0,2,43.2,197,48,34,27,5,19,6,5,0,48,"Luke Alwood","sa3025987",834947
"Preston Crowl","VT",21,2,2,7.60563400713515,24,0,0,0,5,47.1,216,51,40,40,11,26,2,5,1,48,"Preston Crowl","sa3029616",
"Ryder Jeske","TOW",22,2,3,5.8,16,1,0,0,0,45,212,50,30,29,3,24,6,6,0,48,"Ryder Jeske","sa3034674",
"Jaxon Lucas","LIB",21,3,2,5.2388059701492535,20,15,0,0,0,67,297,72,40,39,6,27,4,3,1,48,"Jaxon Lucas","sa3036633",
"Ernesto Lugo-Canchola","FLA",23,1,0,5.766990504847795,30,0,0,0,1,34.1,150,32,23,22,7,12,2,6,0,48,"Ernesto Lugo-Canchola","sa3036671",
"John Malone","SAM",21,2,1,4.429687367985029,22,0,0,0,0,42.2,192,46,23,21,6,20,6,7,0,48,"John Malone","sa3036935",
"Joe Mazza","RUTG",23,3,3,3.098360558858135,14,1,0,0,4,40.2,184,47,16,14,0,13,1,3,0,48,"Joe Mazza","sa3037402",
"Luke McNeillie","FLA",21,3,0,3.9705882352941178,18,3,0,0,1,34,162,40,17,15,3,17,3,4,0,48,"Luke McNeillie","sa3037734",703667
"Trevor Moore","STAN",22,7,2,3.9160304203170186,26,0,0,0,5,43.2,184,39,19,19,2,23,1,7,0,48,"Trevor Moore","sa3038314",
"Chase Richter","ARST",24,2,4,4.9787234042553195,14,8,0,0,0,47,202,46,28,26,6,14,5,2,0,48,"Chase Richter","sa3040719",
"Kevin Robinson","NWST",,0,4,3.9017340180119415,17,8,0,0,0,57.2,260,73,36,25,7,3,7,0,0,48,"Kevin Robinson","sa3040911",
"Mason Ruh","UNCW",22,5,1,4.328244148771442,21,2,1,1,1,43.2,171,32,21,21,9,7,1,2,0,48,"Mason Ruh","sa3041279",
"Dutch DeProspero","TOW",22,3,8,7.432584428949773,15,14,0,0,0,59.1,302,92,59,49,12,24,10,5,0,48,"Dutch DeProspero","sa3059039",
"Mateo Gray","UCF",20,5,2,5.215908977857309,17,9,0,0,1,58.2,268,69,38,34,7,17,12,3,0,48,"Mateo Gray","sa3059342",
"Zack James","TCU",20,6,0,3.6404495162202966,15,8,0,0,0,59.1,254,60,24,24,6,19,6,0,0,48,"Zack James","sa3059580",
"Caden McDonald","FLA",21,5,1,3.4225353032108172,20,0,0,0,1,47.1,183,37,18,18,1,8,3,4,0,48,"Caden McDonald","sa3059967",
"Steven Svenson","HALL",,3,6,4.430769230769231,13,13,0,0,0,65,285,66,45,32,5,18,12,1,0,48,"Steven Svenson","sa3060700",
"Carson Johnson","SDSU",21,4,3,6.364285540872696,16,7,0,0,1,46.2,219,55,37,33,1,18,6,7,0,48,"Carson Johnson","sa3062622",
"Drew McDowell","SDST",,3,3,4.2,13,6,0,0,0,45,184,21,23,21,6,25,6,5,0,48,"Drew McDowell","sa3065091",
"Zachary Robinson","UMBC",20,7,3,3.840517115082671,14,14,2,2,0,77.1,346,88,42,33,1,21,10,3,0,48,"Zachary Robinson","sa3065119",
"Nick Baffa","VAL",,3,5,5.951612903225806,15,14,0,0,0,62,293,83,55,41,15,28,3,1,0,48,"Nick Baffa","sa3065249",
"James Fordham","WCU",,5,4,5.428571428571429,18,10,0,0,0,63,274,62,41,38,8,34,6,3,0,48,"James Fordham","sa3070100",
"Bryson Goff","UNO",,6,3,7.981132075471698,13,12,0,0,0,53,258,72,52,47,9,29,4,4,0,48,"Bryson Goff","sa3070178",
"Josh Jannicelli","UCSB",19,2,1,4.15384600148399,17,5,0,0,3,34.2,149,23,18,16,4,22,4,4,0,48,"Josh Jannicelli","sa3070428",
"Camden Matthews","ALST",23,3,0,4.081395439356326,23,3,0,0,6,57.1,261,55,29,26,3,26,8,6,0,48,"Camden Matthews","sa3070705",
"Jackson Miller","BGSU",19,1,2,5.843283415743603,14,10,0,0,0,44.2,202,48,32,29,7,23,5,4,1,48,"Jackson Miller","sa3070788",
"Evan Myers","WCU",,6,1,4.11864406779661,16,14,0,0,0,59,277,66,30,27,8,32,12,8,0,48,"Evan Myers","sa3070852",
"Luke Richard","MVSU",,2,7,6.879807439957859,16,10,0,0,0,69.1,351,109,71,53,10,31,6,2,0,48,"Luke Richard","sa3071108",
"Max Schumacher","UTM",25,3,4,6.270141953377314,14,14,0,0,0,70.1,341,101,66,49,13,21,10,3,1,48,"Max Schumacher","sa3071241",
"Cooper Smith","UNCA",,4,3,6.367924757468916,15,13,3,1,1,70.2,315,80,57,50,5,18,6,3,2,48,"Cooper Smith","sa3071315",
"Luke Hemric","NCSU",19,2,1,5.894366355529741,18,11,0,0,0,47.1,207,36,33,31,8,29,7,2,0,48,"Luke Hemric","sa3073960",
"Chris Messina","FDU",,6,0,4.588235294117647,15,0,0,0,1,51,215,49,33,26,5,13,8,0,0,48,"Chris Messina","sa3074368",
"Garrett Ahern","GCU",21,2,3,5.050359850831611,11,10,0,1,0,46.1,222,53,34,26,2,20,9,1,0,47,"Garrett Ahern","sa3025811",821903
"Carson Ballard","GT",22,6,0,3.6642856144418547,18,8,0,0,0,46.2,207,48,23,19,7,16,5,1,0,47,"Carson Ballard","sa3026491",
"Collin Bosley-Smith","LIP",24,4,2,5.314960789566665,18,6,0,0,0,42.1,192,39,31,25,7,26,2,2,0,47,"Collin Bosley-Smith","sa3027423",
"Caleb Bunch","BAY",23,5,3,3.4838710749186568,23,0,0,0,7,41.1,177,34,16,16,5,18,3,5,0,47,"Caleb Bunch","sa3028008",
"Andrew Gaines","JOES",22,3,3,4.1086957373556,24,0,0,0,10,30.2,138,25,15,14,2,15,6,4,0,47,"Andrew Gaines","sa3031823",811669
"Tyler Grenn","NAVY",22,3,4,2.7771429176797686,18,7,0,0,2,58.1,252,55,29,18,1,16,4,4,0,47,"Tyler Grenn","sa3032703",
"Chase Herrell","USC",,6,5,5.06249989027327,25,8,0,0,0,58.2,272,63,37,33,7,27,5,4,2,47,"Chase Herrell","sa3033700",
"Andrew Malec","MERC",22,3,1,4.288235197892241,12,11,0,0,0,56.2,265,47,32,27,5,44,4,4,0,47,"Andrew Malec","sa3036909",
"Anthony Mateo","AAMU",22,4,6,6.517241164988776,13,13,1,0,0,77.1,362,96,60,56,7,26,11,6,0,47,"Anthony Mateo","sa3037281",
"Ian May","UCLA",23,2,0,2.076923076923077,26,0,0,0,0,39,160,27,13,9,4,10,4,0,1,47,"Ian May","sa3037368",
"Alfred Mucciarone","UML",21,3,5,4.460869713190152,14,14,2,1,0,76.2,340,89,47,38,7,19,9,6,0,47,"Alfred Mucciarone","sa3038509",
"Tyler Mudd","BC",24,5,4,4.725000180244453,17,14,0,1,1,66.2,301,75,38,35,13,21,6,0,1,47,"Tyler Mudd","sa3038511",
"Luke Nichols","LT",23,3,2,4.342657226811729,27,0,0,0,2,47.2,212,48,32,23,3,15,9,2,0,47,"Luke Nichols","sa3038843",
"Brennan Phillips","OKST",23,3,3,8.19310366382214,19,7,0,0,0,48.1,233,59,46,44,12,24,9,5,1,47,"Brennan Phillips","sa3039862",
"Dylan Reid","BRWN",,4,4,3.7709496403070877,12,10,0,0,1,59.2,249,49,28,25,4,28,2,3,0,47,"Dylan Reid","sa3040573",
"Adam Stanton","CLT",23,4,1,4.3783782880962825,23,0,0,0,2,61.2,276,65,33,30,3,20,8,0,3,47,"Adam Stanton","sa3042949",
"Zach Stevens","USA",21,7,1,2.5312499245628737,19,1,0,0,2,42.2,189,36,16,12,1,21,3,3,0,47,"Zach Stevens","sa3043088",
"Finnegan Wall","UCI",23,3,5,4.0344827586206895,14,12,0,0,0,58,255,67,31,26,5,19,6,5,1,47,"Finnegan Wall","sa3044692",
"Gage Wheaton","NIA",,2,5,5.371727641405682,15,15,0,0,0,63.2,307,67,44,38,4,48,5,8,0,47,"Gage Wheaton","sa3045072",
"Jackson Yarberry","IU",21,0,5,7.586777098688081,19,1,0,0,2,40.1,196,50,37,34,6,21,3,4,0,47,"Jackson Yarberry","sa3045680",
"Cody Airington","APSU",21,4,3,5.115789576395729,14,14,0,0,0,63.1,278,62,38,36,11,23,11,5,0,47,"Cody Airington","sa3058468",830380
"Nick Balcom","QUIN",22,3,7,7.883211459327991,16,10,0,0,0,45.2,227,63,42,40,5,20,9,5,0,47,"Nick Balcom","sa3058543",
"Cooper Campbell","VCU",20,4,2,3.75,24,1,0,0,3,60,266,55,27,25,5,26,12,3,0,47,"Cooper Campbell","sa3058801",
"Ryan Oakes","NEV",23,2,0,4.12213728454423,15,3,0,0,0,43.2,198,44,20,20,4,22,5,2,0,47,"Ryan Oakes","sa3060164",
"Harrison Thayer","RGV",20,6,4,5.163934426229508,15,8,0,0,0,61,264,57,36,35,4,25,3,1,0,47,"Harrison Thayer","sa3060732",
"Andrew Townson","FRES",23,1,8,9.631578947368421,17,10,0,0,0,57,299,88,71,61,15,30,7,8,1,47,"Andrew Townson","sa3060778",
"Landon Waugh","MORE",19,3,5,7.319277276631488,15,10,1,0,0,55.1,263,62,56,45,10,26,12,6,0,47,"Landon Waugh","sa3060885",
"Maverick Torres","WES",,2,5,7.448275862068965,17,11,0,0,0,58,279,73,50,48,14,28,6,4,0,47,"Maverick Torres","sa3065960",
"Trey Sejnoha","DART",22,4,2,4.33928586208091,16,0,0,0,1,37.1,169,30,21,18,0,21,5,6,0,47,"Trey Sejnoha","sa3066093",
"Landon Fontenot","LT",,0,3,4.808219052452739,19,10,0,0,0,48.2,214,40,27,26,5,26,7,2,0,47,"Landon Fontenot","sa3066431",
"Jaden Bahl","MCN",,2,1,2.495798239321725,24,0,0,0,1,39.2,179,28,13,11,3,27,7,3,0,47,"Jaden Bahl","sa3069536",
"Sam Houchens","URI",,2,4,5.558823404675127,17,7,0,0,2,56.2,259,55,48,35,11,23,6,2,0,47,"Sam Houchens","sa3070371",
"Baron Mannis","ACU",19,0,1,4.851562355412175,21,2,0,0,3,42.2,196,31,25,23,3,35,6,0,2,47,"Baron Mannis","sa3070664",
"Michael Murphy","XAV",21,3,2,5.0421687905683585,21,2,0,0,1,55.1,245,60,33,31,9,18,11,2,2,47,"Michael Murphy","sa3070840",
"Luke Neiswonger","CMU",,2,1,5.34375,6,6,0,0,0,32,144,34,19,19,5,10,8,5,1,47,"Luke Neiswonger","sa3070866",
"Clark Lincoln","FAMU",20,2,1,4.2631580170124606,25,0,0,0,0,44.1,204,40,28,21,4,26,7,5,1,47,"Clark Lincoln","sa3073576",
"Cooper Jones","ETSU",19,4,3,4.466165541632101,15,10,0,0,0,44.1,201,47,26,22,5,16,7,4,0,47,"Cooper Jones","sa3073735",
"Ryan Markwardt","TXST",24,2,2,3.340206316926556,12,7,0,0,0,32.1,148,28,17,12,5,18,6,4,0,47,"Ryan Markwardt","sa3073753",
"Kailen Hackmann","UMBC",,7,0,3.073170731707317,20,0,0,0,1,41,186,36,23,14,2,23,4,3,0,47,"Kailen Hackmann","sa3074295",
"Jeremy Cheeseman","FDU",21,4,4,7.014705882352941,14,14,0,0,0,68,324,92,58,53,7,30,9,5,0,46,"Jeremy Cheeseman","sa3028816",
"Tyler Conklin","EIU",23,9,3,5.241758241758242,16,15,1,0,0,91,408,90,61,53,10,47,3,7,0,46,"Tyler Conklin","sa3029244",
"Kenton Deverman","EVAN",21,2,4,5.931818181818182,12,11,0,0,0,44,205,61,33,29,10,8,3,2,0,46,"Kenton Deverman","sa3030224",
"Nick Dugan","STAN",22,1,3,6.833333333333333,16,12,0,0,0,54,263,70,47,41,6,26,5,4,0,46,"Nick Dugan","sa3030629",
"Carter Fink","NIA",,2,4,7.76047886464744,15,11,0,0,0,55.2,279,84,56,48,8,25,9,3,0,46,"Carter Fink","sa3031341",
"Blake Gaskey","NIU",,7,2,4.990521146565618,28,2,0,0,3,70.1,308,79,42,39,5,21,10,2,0,46,"Blake Gaskey","sa3032028",
"Parker Hampton","NORF",,4,2,5.4,14,13,1,1,0,70,319,87,47,42,4,26,2,2,0,46,"Parker Hampton","sa3033114",
"Gabriel Hernandez","CSUN",,4,4,5.253393846516807,15,14,0,0,0,73.2,323,89,48,43,11,15,7,5,1,46,"Gabriel Hernandez","sa3033676",
"Jack Messmore","YSU",22,2,6,5.847926061676796,14,14,0,0,0,72.1,328,81,50,47,10,30,4,4,0,46,"Jack Messmore","sa3037921",
"Jake Michalak","OSU",21,5,2,4.5,20,0,0,0,1,44,207,37,28,22,3,26,11,2,0,46,"Jake Michalak","sa3037968",
"Blake Morningstar","WAKE",21,2,4,8.612068682306596,12,7,0,0,1,38.2,188,46,42,37,13,17,7,3,0,46,"Blake Morningstar","sa3038387",
"Jake Moss","PENN",21,4,2,6.084507205708119,11,7,0,0,0,47.1,233,59,41,32,2,25,2,4,0,46,"Jake Moss","sa3038467",
"Nuno Parache","NICH",23,1,5,4.529032146600732,11,11,0,0,0,51.2,247,52,35,26,8,18,5,1,0,46,"Nuno Parache","sa3039419",
"Logan Runde","IOWA",23,2,4,6.176470588235294,16,13,0,0,0,51,239,60,38,35,12,18,10,5,1,46,"Logan Runde","sa3041304",
"Zach Sabers","CAM",,5,2,3.4662163055578774,15,7,0,0,0,49.1,232,44,29,19,5,25,15,2,0,46,"Zach Sabers","sa3041391",
"Tyler Sausville","SIE",,1,4,7.961538461538462,13,10,0,0,0,52,267,72,57,46,5,31,3,4,0,46,"Tyler Sausville","sa3041609",
"Merek Sears","UTA",24,2,3,3.552631489788068,25,1,0,0,2,50.2,227,55,22,20,5,19,4,1,1,46,"Merek Sears","sa3041896",
"Kaden Segel","PORT",23,5,2,3.9375,19,4,0,0,3,64,275,72,30,28,6,12,3,3,0,46,"Kaden Segel","sa3041925",
"Joey Tuttoilmondo","TOW",22,2,2,7.403226034202146,18,2,0,0,1,41.1,204,48,37,34,6,23,8,6,0,46,"Joey Tuttoilmondo","sa3044189",
"Evan Whiteaker","ACU",22,4,3,7.156626670484122,18,6,0,0,1,55.1,268,69,52,44,9,27,6,4,1,46,"Evan Whiteaker","sa3045112",
"Carter Casabella","TNTC",,2,6,6.220588235294118,16,9,1,0,0,68,317,85,62,47,5,23,8,5,0,46,"Carter Casabella","sa3058831",
"Thomas Crabtree","USM",21,2,3,6.75,18,7,0,0,0,32,148,39,24,24,5,15,4,1,0,46,"Thomas Crabtree","sa3058943",
"Harrison Dubois","WIU",24,2,3,4.581818181818182,26,2,0,0,0,55,247,63,36,28,7,20,8,4,0,46,"Harrison Dubois","sa3059088",
"Mitch Dye","ILL",22,1,2,6.572368256107926,15,8,0,0,0,50.2,235,52,42,37,9,25,6,5,0,46,"Mitch Dye","sa3059104",
"Samuel Franco","MRMK",,2,2,9.362903513843891,17,6,0,0,0,41.1,210,56,48,43,6,29,4,9,0,46,"Samuel Franco","sa3059227",
"Jake Mulvehill","LEH",,5,2,5.161764850665958,13,8,1,0,0,45.1,197,54,27,26,3,12,8,1,1,46,"Jake Mulvehill","sa3060106",
"Parker Sweeney","COFC",19,4,2,4.172727128020993,20,0,0,0,0,36.2,159,32,19,17,2,16,4,4,0,46,"Parker Sweeney","sa3060703",
"Niko Urquidi","CBU",21,2,2,4.212765957446808,26,4,0,0,3,47,199,47,27,22,9,14,4,2,3,46,"Niko Urquidi","sa3060807",
"Truitt Webb","SELA",20,6,2,3.547445156697596,15,7,0,0,1,45.2,213,48,23,18,5,23,8,4,0,46,"Truitt Webb","sa3060890",
"Davis Wright","WCU",,4,1,7.714285714285714,15,10,0,0,0,49,228,64,43,42,11,11,8,1,0,46,"Davis Wright","sa3060973",
"Brennen Grams","SIUE",20,3,1,4.354838709677419,21,0,0,0,2,31,130,26,15,15,3,13,6,5,0,46,"Brennen Grams","sa3065798",
"Ty Davis","BRY",,5,2,5.22,14,11,0,0,0,50,230,44,30,29,6,28,12,6,0,46,"Ty Davis","sa3065913",
"Adam Urban","MINN",20,2,1,5.115789576395729,21,1,0,0,1,31.2,149,33,20,18,4,18,5,2,0,46,"Adam Urban","sa3066408",
"William Andrade","UNO",,2,3,6.8936170212765955,14,9,0,0,0,47,228,48,42,36,6,35,13,8,0,46,"William Andrade","sa3069498",
"Landen Doll","MRSH",19,2,4,7.681034230165342,19,3,0,0,0,38.2,178,39,37,33,6,18,7,1,0,46,"Landen Doll","sa3069967",
"Garrett Grant","FAU",19,2,4,5.810126442000801,17,11,0,0,2,52.2,251,70,34,34,9,20,7,2,0,46,"Garrett Grant","sa3070208",
"Brody Martin-Grudzielanek","HAW",19,0,5,4.0212765957446805,16,9,0,0,2,47,206,44,23,21,3,18,6,6,0,46,"Brody Martin-Grudzielanek","sa3070688",
"Enger Paulino","SBU",21,2,5,6.270967587601014,12,12,0,0,0,51.2,256,54,42,36,3,44,8,2,0,46,"Enger Paulino","sa3070965",
"Hayden Simmerson","CLEM",21,1,2,3.618556843337102,19,0,0,0,4,32.1,131,18,15,13,3,11,3,5,1,46,"Hayden Simmerson","sa3071289",
"Nate Vargo","MERC",21,3,2,5.111650674751455,15,10,2,1,0,68.2,315,77,44,39,4,24,5,3,0,46,"Nate Vargo","sa3071522",
"James Voorhies","CSUN",,4,3,3.164062405703592,17,2,0,0,5,42.2,169,27,16,15,4,14,3,4,0,46,"James Voorhies","sa3071540",
"Tag Andrews","LR",20,5,2,3.130434782608696,24,0,0,0,7,46,195,34,24,16,3,21,3,5,0,46,"Tag Andrews","sa3074707",
"Adam Behrens","LMU",,2,7,7.676470588235294,15,12,1,0,1,68,318,92,62,58,13,15,9,3,0,45,"Adam Behrens","sa3026881",
"Ryan Borberg","DBU",22,1,1,7.169491525423729,15,15,0,0,0,59,280,72,52,47,13,23,11,2,0,45,"Ryan Borberg","sa3027390",
"Jason Buhl","WIU",23,3,7,7.389473832571609,20,14,0,0,0,63.1,299,86,56,52,9,23,4,3,0,45,"Jason Buhl","sa3027993",
"Adam Christopher","CSUN",24,4,3,5.0844157103604335,15,4,1,0,0,51.1,230,56,32,29,4,11,11,3,0,45,"Adam Christopher","sa3028877",
"Sean Fitzpatrick","ASU",23,4,1,3.1153846153846154,31,0,0,0,0,26,114,17,11,9,2,13,8,2,1,45,"Sean Fitzpatrick","sa3031414",805028
"Ryan Geraghty","JVST",21,2,2,5.443548554560402,19,4,0,0,0,41.1,194,38,28,25,3,26,7,7,0,45,"Ryan Geraghty","sa3032128",
"Huxley Holcombe","COR",22,1,7,5.4,11,11,0,0,0,50,229,46,35,30,4,26,10,4,0,45,"Huxley Holcombe","sa3033952",
"Kyle Johnson","UVA",21,1,3,6.868421052631579,11,10,0,0,0,38,169,32,30,29,8,23,3,2,1,45,"Kyle Johnson","sa3034780",702973
"Jake Jones","CARK",,4,5,5.5636363636363635,19,7,0,0,1,55,251,58,38,34,6,26,9,5,0,45,"Jake Jones","sa3034882",
"Aaron Jungers","LIN",22,7,1,3.06,22,0,0,0,2,50,207,44,22,17,2,12,4,2,0,45,"Aaron Jungers","sa3034993",
"Joseph Martin","SIUE",21,4,1,4.6475408382872025,24,0,0,0,0,40.2,172,31,21,21,8,19,4,0,0,45,"Joseph Martin","sa3037184",
"Gavin Moczydlowsky","CMU",21,2,4,8.516778305443417,18,7,0,0,0,49.2,251,73,57,47,10,26,3,3,0,45,"Gavin Moczydlowsky","sa3038196",
"Cade Montgomery","MICH",23,4,1,4.613923939235931,16,7,1,1,6,52.2,222,46,28,27,4,18,5,2,1,45,"Cade Montgomery","sa3038254",
"Parker Puetz","NDSU",,1,4,5.931818181818182,10,10,0,0,0,44,206,47,34,29,6,23,6,3,0,45,"Parker Puetz","sa3040273",
"Nicholas Robb","GCU",21,6,2,5.503184847089071,16,3,0,0,1,52.1,229,56,32,32,4,17,3,3,0,45,"Nicholas Robb","sa3040858",
"Ryan Towers","ECU",23,7,4,3.3942857882752726,17,15,0,0,0,58.1,257,50,32,22,7,24,10,6,0,45,"Ryan Towers","sa3043990",
"Gavin Van Kempen","ECU",21,1,1,1.8409090510084618,6,6,0,0,0,29.1,117,16,8,6,2,9,3,3,0,45,"Gavin Van Kempen","sa3044353",804989
"George Adams","FIU",20,1,0,6.306569167462393,16,6,0,0,0,45.2,215,54,32,32,7,23,4,5,0,45,"George Adams","sa3058460",
"Carson Bryant","COFC",22,3,3,3.3962264150943398,15,14,0,0,0,53,227,56,26,20,4,17,5,1,0,45,"Carson Bryant","sa3058755",
"Nathan Ries","UCSD",,3,3,4.810344827586207,18,6,1,1,0,58,252,62,33,31,9,20,3,2,0,45,"Nathan Ries","sa3060368",
"Ben Rosin","MUR",23,4,1,3.4838710749186568,23,0,0,0,5,41.1,181,41,19,16,3,11,7,2,0,45,"Ben Rosin","sa3060424",
"Dylan Smith","CSUF",,4,7,4.537814980584955,15,14,0,0,0,79.1,347,89,46,40,8,15,12,2,0,45,"Dylan Smith","sa3060607",
"Evan Hoeckele","SJU",,4,0,3.098360558858135,20,2,0,0,7,40.2,168,33,14,14,1,12,6,3,0,45,"Evan Hoeckele","sa3065056",
"Connor Blue","CIN",19,4,2,5.2540539457155395,17,11,0,0,0,61.2,269,63,42,36,8,23,8,4,0,45,"Connor Blue","sa3069625",
"Andrew Carroll","SEMO",,7,4,4.659291878108071,16,14,3,1,0,75.1,322,90,44,39,11,16,6,9,0,45,"Andrew Carroll","sa3069753",
"Richard De Jesus","UMES",,1,7,6.464788732394366,16,16,0,0,0,71,347,80,59,51,6,36,17,3,0,45,"Richard De Jesus","sa3069929",
"Ben Green","OAK",19,2,6,5.142857142857143,13,11,0,0,0,56,255,63,41,32,7,24,14,3,0,45,"Ben Green","sa3070213",
"Tyler Lutz","JMU",20,4,5,4.934010343368079,16,11,0,0,0,65.2,288,77,40,36,7,14,6,4,0,45,"Tyler Lutz","sa3070640",
"Jack Pezzolo","UCD",19,2,2,3.3488372093023258,13,11,0,0,0,43,194,34,17,16,1,37,2,3,0,45,"Jack Pezzolo","sa3071003",
"Jase Phillips","SIUE",21,3,4,7.560000164794926,14,13,0,0,0,58.1,277,62,52,49,14,35,7,7,0,45,"Jase Phillips","sa3071007",
"Robert Sanford","BRAD",,1,7,7.38,17,10,0,0,1,50,250,60,46,41,6,33,9,11,0,45,"Robert Sanford","sa3071215",
"Zachary Wallace","BAY",20,5,5,5.735751068599441,17,12,0,0,0,64.1,284,78,43,41,12,15,5,1,0,45,"Zachary Wallace","sa3071552",
"Ethan Wendel","TAR",21,6,4,6.240566262319538,16,14,0,0,0,70.2,330,78,53,49,12,30,12,2,0,45,"Ethan Wendel","sa3071582",
"Patrick Bauer","JMU",23,1,4,5.833333333333333,18,10,0,0,0,54,246,62,36,35,4,24,5,3,0,45,"Patrick Bauer","sa3073926",
"Maxwell Hilsenroth","UNH",20,1,5,5.25,13,10,1,0,0,60,284,71,44,35,3,26,11,4,0,45,"Maxwell Hilsenroth","sa3074759",
"Tommy Brandenburg","WASH",23,3,2,4.09655183191107,25,2,0,0,5,48.1,196,40,22,22,7,20,0,3,0,44,"Tommy Brandenburg","sa3027588",
"Gunnar Brown","UTSA",23,2,0,5.963190323605925,19,10,0,0,1,54.1,265,70,45,36,5,26,5,6,0,44,"Gunnar Brown","sa3027829",
"Joe Castrichini","LONG",24,2,2,7.228346673810663,15,10,0,0,0,42.1,210,53,36,34,7,17,10,1,0,44,"Joe Castrichini","sa3028638",
"Cole Clark","CAL",22,4,3,3.82075485448135,27,0,0,0,4,35.1,148,30,17,15,3,12,2,3,0,44,"Cole Clark","sa3028974",
"Ben Cleaver","UK",,2,3,4.4,14,14,0,0,0,45,219,43,28,22,5,28,11,1,0,44,"Ben Cleaver","sa3029018",
"Jake Cumming","COPP",,1,8,10.173913043478262,17,8,0,0,0,46,271,57,72,52,3,67,10,9,0,44,"Jake Cumming","sa3029679",
"Jake Dally","BING",21,0,1,4.576271334382117,21,0,0,0,1,39.1,180,37,26,20,2,21,9,9,0,44,"Jake Dally","sa3029794",
"Gavin Faulkner","EKU",22,2,4,7.020000267791758,26,0,0,0,2,33.1,161,29,38,26,4,20,5,6,0,44,"Gavin Faulkner","sa3031187",
"Jake Geis","LMU",23,0,7,7.7142855040881155,23,3,0,0,1,46.2,240,60,50,40,8,20,11,2,0,44,"Jake Geis","sa3032096",
"Josh Gunther","SC",21,2,4,7.407079395966677,13,7,0,0,0,37.2,178,37,33,31,9,25,3,5,0,44,"Josh Gunther","sa3032857",
"John Horton","UNCG",,4,2,5.4,23,3,0,0,6,45,201,54,30,27,7,12,4,5,0,44,"John Horton","sa3034112",
"Drew Lafferty","PITT",22,5,4,5.6571428571428575,16,15,0,0,0,70,327,91,49,44,7,23,14,7,1,44,"Drew Lafferty","sa3035844",
"Colby Morse","INST",,4,3,4.231343163124678,27,0,0,0,3,44.2,202,44,28,21,2,25,3,5,0,44,"Colby Morse","sa3038438",
"Eddie Sargent","UMBC",,5,3,4.625,14,14,1,1,0,72,328,78,40,37,7,37,6,2,0,44,"Eddie Sargent","sa3041571",
"Toby Scheidt","KU",22,5,1,5.634782795608613,32,0,0,0,0,38.1,181,41,25,24,3,16,10,2,0,44,"Toby Scheidt","sa3041684",
"Tanner Walker","FAMU",23,4,2,4.32,25,1,0,0,3,50,233,47,30,24,3,30,9,2,0,44,"Tanner Walker","sa3044685",
"Harrison Wilson","WIN",22,4,2,4.224489795918367,24,0,0,0,6,49,211,54,33,23,4,11,1,4,0,44,"Harrison Wilson","sa3045399",
"Brandon Arvidson","TENN",22,1,0,4.33928586208091,16,1,0,0,3,37.1,158,37,18,18,6,14,3,3,0,44,"Brandon Arvidson","sa3058521",805312
"Spencer Boynton","VAL",23,0,8,9.39130465934769,19,3,0,0,0,38.1,208,55,47,40,6,24,12,10,0,44,"Spencer Boynton","sa3058705",
"Ethan Foley","CAL",23,4,3,5.530120609010457,18,10,0,0,4,55.1,255,72,40,34,8,18,6,3,0,44,"Ethan Foley","sa3059203",
"Matthew Kouser","NU",20,2,5,5.020100310048614,15,12,0,0,0,66.1,304,69,48,37,10,38,7,2,0,44,"Matthew Kouser","sa3059718",
"Pedro Leon","HC",20,0,6,9.318583756216142,16,9,0,0,0,37.2,192,51,43,39,6,24,9,6,0,44,"Pedro Leon","sa3059796",
"Nathan Love","ORU",,4,2,4.341708376258261,14,14,0,0,0,66.1,284,67,34,32,9,21,4,3,0,44,"Nathan Love","sa3059857",
"Cort Lowry","TAR",20,2,3,3.3333333333333335,14,13,0,0,0,54,227,31,23,20,3,25,17,6,0,44,"Cort Lowry","sa3059859",
"Preston Rogers","FGCU",,6,3,3.919354959283489,21,7,0,0,1,41.1,189,53,23,18,4,12,4,4,0,44,"Preston Rogers","sa3060415",
"Justin Shadek","GT",21,1,0,5.399999878827266,19,2,0,0,0,28.1,133,27,22,17,3,16,4,2,0,44,"Justin Shadek","sa3060551",
"J.J. Thompson","WRST",,3,4,7.487394717965175,18,4,0,0,0,39.2,197,41,38,33,7,38,8,6,1,44,"J.J. Thompson","sa3060744",
"Jack Weight","W&M",,4,3,3.5217392472553835,17,0,0,0,1,38.1,168,33,20,15,2,19,4,5,0,44,"Jack Weight","sa3060898",
"Andrew Garnett","MER",,4,0,4.885714285714286,26,0,0,0,1,35,155,29,21,19,1,14,9,3,0,44,"Andrew Garnett","sa3065795",
"Hayden ODell","USA",22,3,2,4.467626021889502,12,10,0,0,0,46.1,207,48,23,23,2,20,4,1,0,44,"Hayden ODell","sa3065831",
"Chad Brown","CIN",19,5,0,3.7241378085650143,20,1,0,0,3,38.2,171,38,18,16,6,22,1,9,0,44,"Chad Brown","sa3069680",
"Trip Brown","CIT",22,3,3,3.085714201635246,20,6,0,0,1,46.2,200,36,17,16,4,19,3,4,0,44,"Trip Brown","sa3069685",
"Clay Masonis","UNCW",20,0,4,5.39999981273305,21,0,0,0,5,36.2,162,31,23,22,3,23,3,5,0,44,"Clay Masonis","sa3070697",
"Jake Morell","SEA",22,0,2,6.1630436060333995,21,1,0,0,0,30.2,153,32,24,21,4,22,10,6,0,44,"Jake Morell","sa3070810",
"Tyson Potts","CMU",22,2,5,6.517241379310345,15,12,0,0,0,58,282,76,47,42,4,24,12,6,0,44,"Tyson Potts","sa3071036",
"Tyrus Riley","FIU",23,3,3,5.443548554560402,21,0,0,0,2,41.1,193,32,27,25,2,31,5,5,0,44,"Tyrus Riley","sa3071124",
"Connor Udland","HOU",,3,3,5.869565412092306,15,7,0,0,0,38.1,173,35,27,25,7,22,1,3,0,44,"Connor Udland","sa3073599",
"Chandler Alderman","MTSU",21,2,5,6.030457086338763,15,15,0,0,0,65.2,302,80,57,44,14,24,10,6,3,43,"Chandler Alderman","sa3025863",
"Yates Bland","UNLV",22,5,0,5.4375,16,5,0,0,1,48,226,62,30,29,1,16,8,5,0,43,"Yates Bland","sa3027236",
"Thomas Burns","TEX",21,2,0,5.6417908841662365,23,0,0,0,4,22.1,102,15,15,14,3,16,3,3,0,43,"Thomas Burns","sa3028094",814706
"Tyler Charlton","MOST",,2,2,5,24,1,0,0,5,36,157,36,22,20,7,14,0,1,0,43,"Tyler Charlton","sa3028772",
"Ryan Douglas","STO",,5,4,4.862559065884447,13,13,1,0,0,70.1,306,84,47,38,6,17,1,7,0,43,"Ryan Douglas","sa3030511",
"Adam Guazzo","VAL",,2,7,5.0718233113119915,20,15,0,0,0,60.1,264,63,36,34,9,20,9,2,0,43,"Adam Guazzo","sa3032815",
"Randy Guzman","WIN",,1,4,7.248321962079504,17,13,0,0,0,49.2,245,57,45,40,7,33,5,5,0,43,"Randy Guzman","sa3032903",
"Garrett Helsel","XAV",21,4,2,4.7404578772258645,24,1,0,0,6,43.2,196,47,23,23,8,17,5,2,0,43,"Garrett Helsel","sa3033574",
"Jerek Hobb","GWEB",21,2,0,8.912621689310228,18,0,0,0,0,34.1,180,42,37,34,3,23,8,2,0,43,"Jerek Hobb","sa3033889",
"Erik Hoffberg","GONZ",21,2,3,5.607692472243455,13,6,0,0,2,43.1,200,46,30,27,7,22,8,3,0,43,"Erik Hoffberg","sa3033917",
"Andrew Jones","VMI",21,1,3,8.608695652173912,17,6,0,0,0,46,225,56,47,44,12,28,5,8,0,43,"Andrew Jones","sa3034839",
"Ricky Kidd","WMU",22,8,1,4.319999868164066,15,15,0,0,0,83.1,357,80,43,40,5,30,10,4,0,43,"Ricky Kidd","sa3035341",
"Corey Kling","ARIZ",21,2,1,4.275,20,0,0,0,0,40,171,43,20,19,1,9,1,1,0,43,"Corey Kling","sa3035509",
"Dallis Moran","STET",21,2,2,5.464285714285714,20,1,0,0,3,28,133,30,22,17,6,18,2,4,0,43,"Dallis Moran","sa3038338",839419
"Walter Quinn","TCU",23,3,2,5.142857142857143,28,0,0,0,2,35,158,34,20,20,5,15,5,2,0,43,"Walter Quinn","sa3040352",
"Tanner Sagouspe","TCU",23,2,3,2.430000092697147,20,0,0,0,5,33.1,133,22,10,9,2,14,2,9,0,43,"Tanner Sagouspe","sa3041414",701693
"Landon Stump","UCLA",21,2,1,4.115853562800394,18,13,0,0,0,54.2,229,48,30,25,6,22,4,2,0,43,"Landon Stump","sa3043278",
"Drew Titsworth","CLEM",21,4,3,5.0943398059751335,15,5,0,0,0,35.1,168,35,22,20,6,13,13,1,0,43,"Drew Titsworth","sa3043863",815037
"Andrew Wertz","NE",23,2,2,3.4559998945312533,22,4,0,0,6,41.2,172,35,18,16,4,13,3,2,0,43,"Andrew Wertz","sa3045022",836318
"Kannon Carr","KU",22,3,2,4.6,23,5,0,0,1,45,202,44,26,23,5,21,9,4,0,43,"Kannon Carr","sa3058819",
"Kai Etwaru","UNF",,1,2,3.6160715517340916,16,2,0,0,0,37.1,160,31,21,15,6,14,4,3,0,43,"Kai Etwaru","sa3059148",
"Bradley Gilbert","UVU",,1,6,3.9160304203170186,14,1,0,0,1,43.2,188,31,29,19,6,17,5,4,0,43,"Bradley Gilbert","sa3059296",
"RJ Meyn","SCU",20,3,3,4.361538589522687,21,0,0,0,4,43.1,185,43,22,21,3,20,1,0,0,43,"RJ Meyn","sa3060028",
"Ka'imi Kahalekai","LBSU",,0,5,6.857142857142857,20,5,0,0,2,42,215,47,34,32,6,29,11,10,2,43,"Ka'imi Kahalekai","sa3062624",
"Kevin Reavey","ARMY",,3,6,4.3783782880962825,12,11,1,0,1,61.2,276,51,33,30,3,45,8,1,0,43,"Kevin Reavey","sa3062889",
"Luca Alagheband","HARV",20,1,4,5.7153283080127935,12,10,0,0,1,45.2,211,39,35,29,4,19,16,4,0,43,"Luca Alagheband","sa3065243",
"Mason Christopher","HALL",,4,6,6.65753407262687,12,11,0,0,0,48.2,226,57,37,36,11,20,3,1,0,43,"Mason Christopher","sa3065273",
"Nate Harris","UK",,4,2,6.065217391304348,12,12,0,0,0,46,207,42,32,31,4,24,7,4,1,43,"Nate Harris","sa3065804",
"Tristan Augedahl","SDST",,2,2,7.5,21,0,0,0,4,36,183,42,33,30,2,25,6,2,1,43,"Tristan Augedahl","sa3066563",
"Isaac Herrera","PV",23,3,1,3.7185627893102318,16,4,1,0,1,55.2,253,62,32,23,0,23,2,4,0,43,"Isaac Herrera","sa3066844",
"Diego Cardenas","GMU",23,5,5,5.7272727272727275,17,10,0,0,3,66,296,67,48,42,9,26,7,3,0,43,"Diego Cardenas","sa3069743",
"Maddux Frese","IOWA",21,4,2,4.06310694659731,15,9,0,0,1,68.2,293,68,36,31,12,23,2,6,1,43,"Maddux Frese","sa3070120",
"Trace Hartman","STET",21,3,5,4.815286741202938,14,10,0,0,0,52.1,235,56,32,28,2,21,1,0,0,43,"Trace Hartman","sa3070290",
"Jackson Hulcher","DEL",21,1,3,8.027027027027026,17,2,0,0,1,37,179,36,34,33,5,31,5,8,2,43,"Jackson Hulcher","sa3070390",
"Gavin Marley","ECU",23,1,0,2.877049090368268,26,0,0,0,1,40.2,176,30,17,13,2,19,9,4,0,43,"Gavin Marley","sa3070682",
"Dominic Mauro","CIN",21,2,3,5.2682926829268295,21,0,0,0,5,41,187,52,32,24,4,11,3,1,0,43,"Dominic Mauro","sa3070711",835951
"Jace Stancil","COFC",,1,6,5.24460446047898,11,11,0,0,0,46.1,212,55,31,27,3,16,6,3,0,43,"Jace Stancil","sa3071358",
"Luke VanMarter","LEM",,4,6,8.739884200346749,15,11,0,0,0,57.2,303,73,66,56,12,52,5,4,0,43,"Luke VanMarter","sa3071516",
"Trey Ates","ARMY",,5,1,5.0718233113119915,13,11,1,0,0,60.1,275,42,39,34,2,36,18,5,0,42,"Trey Ates","sa3026276",
"Jackson Cleveland","OU",23,3,2,5.311475243756803,26,0,0,0,9,40.2,185,42,28,24,3,16,7,4,0,42,"Jackson Cleveland","sa3029040",
"Joel Core","STET",21,2,2,4.2631580170124606,19,5,0,0,1,44.1,196,40,22,21,1,24,3,6,0,42,"Joel Core","sa3029383",
"Grant Fontenot","LSU",23,0,2,4.175257896158195,21,4,0,0,3,32.1,148,35,21,15,4,16,3,2,0,42,"Grant Fontenot","sa3031528",701584
"Drake Frize","USD",24,3,5,5.9810125138243535,17,7,0,0,1,52.2,235,50,35,35,8,22,12,1,0,42,"Drake Frize","sa3031735",813667
"Seth Garner","MEM",22,1,6,7.129213635931414,15,12,0,0,0,59.1,284,77,54,47,11,21,6,6,1,42,"Seth Garner","sa3031986",
"Andrew Heffernan","BGSU",21,3,7,5.966850954484697,15,10,0,0,0,60.1,273,76,45,40,8,12,8,3,0,42,"Andrew Heffernan","sa3033519",
"Connor Johnston","URI",22,2,5,9.45985375119359,21,6,0,0,0,45.2,232,66,51,48,5,19,10,6,0,42,"Connor Johnston","sa3034727",
"Jeb Johnson","MER",,3,4,6.13636378836604,18,10,0,0,0,51.1,240,63,42,35,3,24,4,2,1,42,"Jeb Johnson","sa3034765",
"Andrew Koshy","MD",21,2,1,5.843283415743603,25,0,0,0,0,44.2,215,41,34,29,6,30,16,5,2,42,"Andrew Koshy","sa3035648",
"AJ Krodel","UCSB",21,3,2,5.6571428571428575,25,0,0,0,4,35,162,42,25,22,7,17,1,2,0,42,"AJ Krodel","sa3035728",842360
"Zach Kwasny","BALL",21,2,1,5.926829268292683,18,4,0,0,0,41,190,53,29,27,7,13,6,7,0,42,"Zach Kwasny","sa3035806",
"Andy Leon","DUKE",23,2,4,6.7046978149235406,12,12,0,0,0,49.2,224,45,38,37,6,23,10,0,0,42,"Andy Leon","sa3036217",
"Reese Lueck","UNLV",21,4,1,8.042553191489361,15,5,0,0,0,47,240,71,49,42,5,25,3,6,0,42,"Reese Lueck","sa3036663",
"Riley Marcotte","UNO",,2,6,4.935483870967742,14,9,0,0,0,62,285,69,42,34,9,31,7,4,0,42,"Riley Marcotte","sa3037032",
"Steven Mazza","MRST",21,2,5,6.6257670262288055,14,12,0,0,0,54.1,275,76,51,40,5,32,7,6,0,42,"Steven Mazza","sa3037405",
"Payton Riske","UTAH",22,4,4,6.15,14,14,0,0,0,60,275,72,42,41,7,19,6,2,0,42,"Payton Riske","sa3040793",
"Brayden Ryan","MD",,4,2,8.496503269849036,21,5,0,0,0,47.2,234,69,51,45,9,15,7,4,0,42,"Brayden Ryan","sa3041367",
"Yasseel Samboy","NORF",,5,1,4.53599986157227,20,0,0,0,5,41.2,190,45,28,21,6,15,7,3,0,42,"Yasseel Samboy","sa3041460",
"Tanner Sanderoff","HOF",21,3,5,4.550561895275371,19,1,0,0,2,29.2,135,25,18,15,3,22,2,4,0,42,"Tanner Sanderoff","sa3041509",
"Derek Schaefer","ASU",20,1,3,5.88118789668365,31,0,0,0,9,33.2,149,34,23,22,3,14,4,8,0,42,"Derek Schaefer","sa3041655",806213
"Jared Schaeffer","DBU",,4,1,6.705882352941177,13,12,0,0,0,51,242,65,42,38,8,16,12,4,0,42,"Jared Schaeffer","sa3041657",
"Max Bianchini","UPST",,4,3,6.1832059268163455,19,6,0,0,0,43.2,198,51,32,30,7,18,5,0,0,42,"Max Bianchini","sa3058637",
"Alessandro Castro","NEV",22,3,4,8.082802744162073,12,12,0,0,0,52.1,250,73,52,47,9,22,4,3,0,42,"Alessandro Castro","sa3058839",
"Ryan McLaughlin","DEL",,2,5,5.58100546765449,17,8,0,0,2,59.2,279,71,46,37,3,22,13,4,0,42,"Ryan McLaughlin","sa3059991",
"Trenton Shaw","GRAM",22,0,3,11.195121690817073,18,5,0,0,1,27.1,166,24,39,34,2,54,6,12,0,42,"Trenton Shaw","sa3060557",
"Eric Valdez","NEV",22,1,2,5.142857142857143,18,0,0,0,2,35,165,26,21,20,4,31,9,8,0,42,"Eric Valdez","sa3060811",
"Liam Kinneen","PRIN",21,2,4,5.982954415777501,11,11,0,0,0,58.2,272,56,45,39,3,32,17,6,0,42,"Liam Kinneen","sa3065551",
"Jordan Bright","NCAT",19,1,7,9.492187217110777,15,10,0,0,0,42.2,222,63,51,45,6,30,6,3,0,42,"Jordan Bright","sa3065906",
"Ty Holman","SLU",,2,2,3.5409834958378683,9,9,0,0,0,40.2,184,32,16,16,3,24,8,2,0,42,"Ty Holman","sa3065930",
"Tyler Guerin","IOWA",20,2,3,7.49032239630121,18,8,0,0,1,51.2,258,59,43,43,2,35,19,3,0,42,"Tyler Guerin","sa3066030",
"AJ Dallmayer","OHIO",,1,7,10.903845753895475,19,8,0,0,0,34.2,198,51,53,42,4,29,10,6,0,42,"AJ Dallmayer","sa3069901",
"Riley Fisher","LT",23,3,2,4.418181664963404,24,0,0,0,6,36.2,172,42,19,18,0,17,7,6,0,42,"Riley Fisher","sa3070089",
"Jack Gleason","MSST",20,4,1,5.126582154706589,23,0,0,0,0,26.1,115,20,15,15,2,12,5,1,1,42,"Jack Gleason","sa3070173",
"Brady Hoover","LONG",,5,5,5.845361054621472,17,11,0,0,1,64.2,294,78,49,42,3,14,10,6,0,42,"Brady Hoover","sa3070360",
"Andrew Marble","SAM",,2,2,7.118181571329929,16,6,0,0,0,36.2,165,44,30,29,7,10,2,3,0,42,"Andrew Marble","sa3070673",
"Brady Pacha","WICH",24,3,2,3.2142857142857144,28,1,0,0,6,42,176,38,21,15,5,10,0,1,0,42,"Brady Pacha","sa3070938",
"Liam Smith","PAC",20,2,7,8.080291745811191,18,7,0,0,0,45.2,234,60,50,41,9,32,11,10,0,42,"Liam Smith","sa3071319",
"Trevor Wilson","SAC",18,4,5,4.335766302630395,25,1,0,0,6,45.2,208,46,23,22,2,19,8,1,0,42,"Trevor Wilson","sa3071638",
"Gabe Winans","SHSU",,2,0,7.020000267791758,20,4,0,0,1,33.1,154,31,27,26,13,23,4,4,0,42,"Gabe Winans","sa3073839",
"Ross Yoshida","COR",,3,1,2.885496099180961,16,0,0,0,1,43.2,178,31,16,14,4,13,5,3,0,42,"Ross Yoshida","sa3074463",
"Sam Beck","OMA",24,2,1,4.319999868164066,9,9,0,0,0,41.2,182,41,21,20,6,14,4,2,0,41,"Sam Beck","sa3026838",
"Jason Bodin","OU",21,5,1,5.25,26,0,0,0,0,36,168,26,25,21,4,26,10,5,1,41,"Jason Bodin","sa3027307",
"Robert Bonilla","RGV",,1,3,7.601942029117549,15,5,0,0,0,34.1,166,35,35,29,3,23,11,10,0,41,"Robert Bonilla","sa3027368",
"Ryder Brooks","UCI",22,2,3,4.860000185394294,18,1,0,0,2,33.1,147,32,21,18,1,11,7,5,1,41,"Ryder Brooks","sa3027768",811651
"Ashton Chronister","XAV",21,3,3,4.788177519856627,17,13,0,0,0,67.2,289,75,38,36,8,18,4,3,0,41,"Ashton Chronister","sa3028904",
"Tristan Ciampa","SBU",24,3,2,4.609756097560975,11,4,0,0,1,41,189,47,24,21,1,20,5,3,0,41,"Tristan Ciampa","sa3028920",
"Gaines Estridge","AFA",21,3,5,7.793814739495296,16,11,0,0,1,64.2,305,93,66,56,9,16,0,9,2,41,"Gaines Estridge","sa3031047",
"Hunter Gotschall","VCU",21,3,2,5.400000142064592,19,10,0,0,0,48.1,212,45,34,29,8,19,9,4,0,41,"Hunter Gotschall","sa3032517",
"Josh Halcisak","MSM",21,1,3,5.926829268292683,19,2,0,0,0,41,201,52,32,27,4,25,4,4,0,41,"Josh Halcisak","sa3032991",
"Jaden Kinsler","JMU",22,4,2,5.8872182139695886,19,1,0,0,3,44.1,191,42,30,29,8,17,4,7,0,41,"Jaden Kinsler","sa3035428",
"Matthew Mariano","ALB",23,5,2,3.2893402289120526,15,0,0,0,1,65.2,279,56,30,24,3,23,7,2,0,41,"Matthew Mariano","sa3037043",
"Tate McGuire","ARK",21,1,1,4.775510204081633,21,8,0,0,0,49,206,50,28,26,10,14,1,1,0,41,"Tate McGuire","sa3037622",806479
"Josh Morano","CP",,3,1,5.351351351351352,22,0,0,0,0,37,172,39,26,22,3,17,7,3,0,41,"Josh Morano","sa3038341",
"Bo Rhudy","TENN",21,1,1,3.375,23,0,0,0,3,32,126,22,12,12,7,6,2,0,0,41,"Bo Rhudy","sa3040676",806205
"Hayden Tarsia","BING",21,2,2,10.44525518360959,19,7,0,0,4,45.2,224,64,57,53,11,19,4,5,0,41,"Hayden Tarsia","sa3043516",
"Ryland Urbanczyk","RICE",22,4,4,2.8350001081466716,15,15,0,0,0,66.2,286,50,24,21,6,36,10,3,0,41,"Ryland Urbanczyk","sa3044251",
"Tom Bourque","W&M",21,5,4,5.906249823980039,19,4,0,0,1,42.2,198,32,32,28,4,28,8,5,0,41,"Tom Bourque","sa3058691",
"Victor Frederick","SJU",,2,2,6.532258265472482,23,3,0,0,6,41.1,197,52,30,30,2,14,15,7,0,41,"Victor Frederick","sa3059232",
"Drew Horn","MTSU",22,2,2,7.317756748457695,10,8,0,0,0,35.2,167,43,31,29,11,14,8,3,0,41,"Drew Horn","sa3059521",834721
"Vaun Larisa","ME",,4,4,4.884421923290543,14,12,0,0,0,66.1,301,69,42,36,5,30,3,2,0,41,"Vaun Larisa","sa3059758",
"Trey Power","ALST",20,7,3,6.129729603334796,22,9,0,0,4,61.2,283,65,45,42,3,30,10,1,0,41,"Trey Power","sa3060298",
"Josh Prieto","TXSO",22,1,3,4.846153846153846,16,2,0,0,1,52,224,54,31,28,5,26,5,6,0,41,"Josh Prieto","sa3060306",
"Brock Roundy","UTU",22,3,3,7.116279069767442,26,2,0,0,1,43,209,60,41,34,7,17,7,3,0,41,"Brock Roundy","sa3060433",
"Manny Santos","URI",,2,2,5.268292560384505,21,0,0,0,4,27.1,137,20,17,16,0,24,14,4,0,41,"Manny Santos","sa3060490",
"Luke Singleton","AMCC",22,2,4,3.825,18,2,0,0,2,40,174,31,20,17,3,22,5,5,0,41,"Luke Singleton","sa3060585",
"Carrson Sova","BGSU",20,1,3,7.681034230165342,14,6,0,0,0,38.2,195,50,35,33,4,25,10,5,0,41,"Carrson Sova","sa3060641",
"Trey Swygart","PORT",20,5,2,3.857142857142857,13,4,0,0,1,49,221,53,28,21,5,12,8,1,0,41,"Trey Swygart","sa3060709",
"Peyton Dhein","VMI",20,3,3,7.382812279975048,15,11,0,0,0,42.2,214,55,41,35,8,23,10,3,0,41,"Peyton Dhein","sa3065029",
"Trevor Nikolis","UNF",20,4,3,3.355029661529127,16,11,1,0,0,56.1,233,38,23,21,5,27,5,3,0,41,"Trevor Nikolis","sa3066636",
"Bryan Matuschat","SHU",20,5,7,6.609958296971039,13,13,0,0,0,80.1,378,114,67,59,16,20,2,5,4,41,"Bryan Matuschat","sa3066796",
"Trent Ash","MOST",21,2,0,8.13253030736832,20,2,0,0,0,27.2,135,21,27,25,3,24,8,7,0,41,"Trent Ash","sa3069517",
"Devin Bell","ORE",22,2,7,3.8571429885163644,28,0,0,0,12,37.1,157,32,16,16,1,10,7,3,0,41,"Devin Bell","sa3069589",838647
"Brady Bowen","AKR",,2,3,4.725000112652781,16,4,1,0,0,53.1,234,53,33,28,5,20,8,0,0,41,"Brady Bowen","sa3069643",
"Trae Burton","JKST",19,2,3,8.929134126471997,22,4,0,0,1,42.1,219,44,48,42,5,42,8,2,0,41,"Trae Burton","sa3069713",
"Levin East","USI",,5,5,4.813953488372093,22,2,0,0,1,43,185,46,26,23,4,15,4,2,0,41,"Levin East","sa3070005",
"Nolan Feidt","SBU",,2,8,6.311688468033641,15,12,0,0,0,51.1,277,68,67,36,3,35,11,10,0,41,"Nolan Feidt","sa3070065",
"Kenneth Haynes","PV",21,2,3,6.352941033914431,12,12,0,0,0,56.2,278,69,48,40,7,39,6,4,0,41,"Kenneth Haynes","sa3070303",
"Skyler Hutto","JVST",,6,3,2.1951219512195124,29,0,0,0,12,41,163,23,12,10,4,19,2,3,0,41,"Skyler Hutto","sa3070398",
"Spencer Johnsen","INST",,1,0,5.510204081632653,20,10,0,0,1,49,228,60,33,30,10,18,5,7,0,41,"Spencer Johnsen","sa3070454",
"Alex Miller","MORE",22,1,3,8.590909090909092,18,2,0,0,2,44,215,61,44,42,10,31,4,7,0,41,"Alex Miller","sa3070784",
"Danny Nelson","CLEM",19,2,3,3.9,18,1,0,0,2,30,132,26,16,13,4,10,4,0,0,41,"Danny Nelson","sa3070869",
"Tanner Nolan","APP",21,4,1,7.027397076661696,13,13,0,0,0,48.2,232,53,41,38,9,24,14,0,0,41,"Tanner Nolan","sa3070887",
"Daniel Quintana","RAD",23,4,3,4.877419234800788,15,4,0,0,0,51.2,231,50,30,28,4,22,9,5,0,41,"Daniel Quintana","sa3071064",
"Dawson Richard","NICH",,3,2,4.875,13,9,0,0,0,48,222,45,34,26,4,29,7,6,0,41,"Dawson Richard","sa3071104",
"Dylan Singleton","ND",20,0,2,5.49152560125854,19,3,0,0,0,39.1,167,39,25,24,8,10,3,2,1,41,"Dylan Singleton","sa3071295",
"Cade Smith","TXST",21,4,3,4.428571428571429,25,6,0,0,0,63,284,82,38,31,9,8,12,1,0,41,"Cade Smith","sa3071314",
"Ben Tanton","ODU",18,7,0,2.189189189189189,17,1,0,0,1,37,152,21,9,9,1,13,6,0,1,41,"Ben Tanton","sa3071422",
"Caden Cooper","HOU",,2,3,4.6,22,9,0,0,0,45,210,49,27,23,3,23,5,7,0,41,"Caden Cooper","sa3073547",
"Jaxon Baker","LBSU",,0,1,6.319148807948725,17,4,0,0,0,31.1,155,35,25,22,3,22,8,2,0,41,"Jaxon Baker","sa3073679",
"Zach DenDekker","LMU",,1,2,4.6,16,3,0,0,0,45,203,37,25,23,5,23,10,6,0,41,"Zach DenDekker","sa3074961",
"Reid Bertram","GWEB",23,3,4,7.151351203890595,13,13,1,0,0,61.2,283,78,52,49,10,20,12,1,0,40,"Reid Bertram","sa3027081",
"Matt Gallant","CHSO",,6,0,5.618496985937196,13,13,0,0,0,57.2,261,75,42,36,11,14,4,4,0,40,"Matt Gallant","sa3031852",
"Luke Guth","VAN",22,2,1,5.181818181818182,23,0,0,0,0,33,157,36,23,19,5,20,2,4,0,40,"Luke Guth","sa3032873",823224
"Cole Hansen","ELON",23,4,3,7.826086956521739,14,6,0,0,0,46,210,55,41,40,6,16,4,3,0,40,"Cole Hansen","sa3033158",
"Alex Jankowski","LIU",23,4,1,2.755101933572655,22,0,0,0,7,32.2,149,24,11,10,1,23,8,3,0,40,"Alex Jankowski","sa3034573",
"Evan Kleinhans","COLU",22,3,2,4.438356048417913,23,3,0,0,2,48.2,217,55,26,24,2,13,10,6,1,40,"Evan Kleinhans","sa3035487",
"Kendall Lyons","UIC",22,3,1,5.400000117710661,18,12,0,0,0,58.1,272,65,42,35,7,32,12,5,0,40,"Kendall Lyons","sa3036754",
"Tyler Murphy","FAU",22,1,6,6.75000017398113,23,4,0,0,1,49.1,245,50,45,37,2,33,15,1,3,40,"Tyler Murphy","sa3038596",
"Ethan Phillips","STET",22,2,5,7.043478494510767,17,6,0,0,1,38.1,187,37,35,30,4,32,6,4,0,40,"Ethan Phillips","sa3039865",
"Kevin Reed","EVAN",,6,6,6.265193502208931,15,7,0,0,1,60.1,283,71,45,42,9,29,8,2,0,40,"Kevin Reed","sa3040532",
"Justin Ritz","COPP",22,1,4,7.2972974853850054,26,2,1,0,5,49.1,245,60,46,40,3,17,16,0,0,40,"Justin Ritz","sa3040807",
"Noah Rooney","ND",23,2,3,5.124087448563194,24,0,0,0,6,45.2,207,56,30,26,5,14,2,4,1,40,"Noah Rooney","sa3041125",
"Carson Seeman","INST",23,7,0,5.921052631578948,22,0,0,0,0,38,172,43,27,25,8,17,3,2,0,40,"Carson Seeman","sa3041920",
"Greg Shaw","CONN",22,4,1,3.374999899417165,21,0,0,0,4,42.2,196,49,22,16,1,18,5,1,0,40,"Greg Shaw","sa3042087",
"Hunter Shuey","UNCG",23,2,7,6.86065552318587,11,10,0,0,0,40.2,224,44,33,31,4,19,10,3,0,40,"Hunter Shuey","sa3042227",
"Jake Toporek","TULN",23,1,5,6.6976744186046515,20,7,0,0,0,43,203,55,36,32,7,14,5,1,0,40,"Jake Toporek","sa3043937",
"Logan Wenzel","SPU",23,1,1,7.1404960928829,21,2,0,0,0,40.1,210,40,49,32,4,40,7,6,0,40,"Logan Wenzel","sa3045011",
"Chayse Gruber","RICH",,4,1,4.3548386025007035,18,1,0,0,3,51.2,230,55,25,25,9,16,12,4,0,40,"Chayse Gruber","sa3059368",
"Nathan Helman","KENN",22,3,1,5.806451612903226,17,2,0,0,0,31,141,33,21,20,6,15,3,1,0,40,"Nathan Helman","sa3059457",842371
"Jacob Heppner","UVU",,2,4,4.977653525205356,12,12,0,0,0,59.2,268,67,40,33,3,29,1,5,0,40,"Jacob Heppner","sa3059471",
"Matthew OBrien","UCR",21,3,7,4.751073116943396,14,14,1,0,0,77.2,359,86,51,41,10,32,8,4,1,40,"Matthew OBrien","sa3060169",
"Zaine Toneske","SPU",20,0,2,5.934065809688656,17,2,0,0,0,30.1,153,29,30,20,3,23,10,3,0,40,"Zaine Toneske","sa3060767",
"Carson Van Haaren","EKU",,1,4,9.529411459228404,16,7,0,0,0,39.2,205,54,43,42,9,21,12,0,0,40,"Carson Van Haaren","sa3060822",
"Owen Winebarger","ELON",21,4,4,5.641791044776119,14,11,0,0,0,67,289,76,47,42,10,17,3,1,0,40,"Owen Winebarger","sa3062699",
"Cesar Gonzalez","BC",20,3,1,3.2201835989360146,14,0,0,0,3,36.1,155,33,13,13,3,15,2,2,0,40,"Cesar Gonzalez","sa3062839",
"Ethan Nardacci","ALB",,1,8,7.035211456600013,16,8,0,0,0,47.1,229,59,47,37,6,25,3,2,3,40,"Ethan Nardacci","sa3065101",
"Owen Slater","MOST",20,4,3,6.788571576550545,16,12,0,0,0,58.1,287,72,48,44,7,34,16,7,0,40,"Owen Slater","sa3065414",
"Antonio Torres","AAMU",22,0,5,8.538461538461538,24,3,0,0,1,39,200,40,43,37,4,38,5,11,0,40,"Antonio Torres","sa3065434",
"Christian Mello","ALB",,1,5,8.321917590783587,15,10,0,0,0,48.2,249,53,47,45,8,50,5,7,1,40,"Christian Mello","sa3065572",
"Hazen Wright","NMSU",20,2,1,6.670588085610152,18,0,0,0,0,28.1,139,24,23,21,3,27,4,4,0,40,"Hazen Wright","sa3065627",
"Jacob Pannell","CARK",,0,4,8.082802744162073,15,11,0,0,0,52.1,256,64,49,47,11,28,10,3,0,40,"Jacob Pannell","sa3065835",
"Lucas Alaniz","CSUN",,1,4,7.159090909090909,14,2,0,0,1,44,207,53,39,35,4,15,10,2,1,40,"Lucas Alaniz","sa3065897",
"Isaac Evaniew","LR",,5,1,2.5312499245628737,25,0,0,1,2,42.2,184,28,13,12,3,34,1,6,0,40,"Isaac Evaniew","sa3066188",
"Austin Klug","PUR",23,6,3,5.120689655172414,19,13,0,0,0,58,265,61,39,33,6,27,5,3,0,40,"Austin Klug","sa3066324",
"Jaedeyn Edwards","JKST",23,1,1,4.685950560954403,23,0,0,0,5,40.1,189,27,21,21,4,35,10,5,0,40,"Jaedeyn Edwards","sa3070013",
"Jackson Gowan","QUC",,1,7,6.105527404113179,15,12,0,0,0,66.1,304,74,48,45,11,32,10,4,0,40,"Jackson Gowan","sa3070198",
"Connor Hamilton","VAN",20,2,1,4.954128613747715,14,9,1,0,0,36.1,163,38,22,20,3,13,5,4,0,40,"Connor Hamilton","sa3070260",
"Joe King","UAPB",22,0,4,11.04545430605077,15,6,0,0,0,29.1,167,37,43,36,2,39,5,15,0,40,"Joe King","sa3070510",
"Gavin Lauridsen","USC",,3,1,4.729926875596795,26,2,0,0,3,45.2,199,41,25,24,5,27,5,4,2,40,"Gavin Lauridsen","sa3070568",
"Bobby Mahoney","CSUF",,2,3,4.278688524590164,15,10,0,0,0,61,271,50,34,29,4,29,17,1,0,40,"Bobby Mahoney","sa3070656",
"Marcos Paz","LSU",19,1,4,9.204545255042309,17,6,0,0,0,29.1,145,25,32,30,5,27,4,5,0,40,"Marcos Paz","sa3070972",
"JT Price","NMSU",19,3,4,8.341463414634147,20,12,0,0,0,41,208,56,48,38,7,21,9,4,0,40,"JT Price","sa3071040",
"Colby Putnam","GWEB",19,5,2,4.937142964764033,17,1,0,0,1,58.1,257,58,38,32,7,24,9,1,0,40,"Colby Putnam","sa3071055",
"Will Turner","UTM",,3,1,7.262069156569623,23,3,0,0,1,48.1,218,54,41,39,8,19,7,1,0,40,"Will Turner","sa3071487",
"Jonah Walker","NDSU",22,3,5,5.468354298353695,12,12,0,0,0,52.2,248,55,36,32,4,30,6,6,0,40,"Jonah Walker","sa3071549",
"Cooper Whited","FSU",21,3,2,3.491379195529701,13,10,0,0,0,38.2,170,34,19,15,6,8,6,5,0,40,"Cooper Whited","sa3071593",
"Joe Thornton","GONZ",21,1,0,4.1086957373556,13,0,0,0,1,30.2,136,33,17,14,0,9,9,4,0,40,"Joe Thornton","sa3073596",
"Noah Zimmerman","HPU",,2,1,5.5588235294117645,12,2,0,0,2,34,156,27,24,21,2,19,9,4,0,40,"Noah Zimmerman","sa3073843",
"Maddox Miller","MSST",19,4,2,2.454545515346416,20,1,0,0,0,25.2,116,24,7,7,3,12,5,8,0,40,"Maddox Miller","sa3073975",
"Drew Nelson","BRWN",,6,3,3.9295774647887325,12,12,0,0,0,71,309,75,37,31,4,25,6,8,1,40,"Drew Nelson","sa3074384",
"Jordan Haver","FRES",19,3,3,6.5390623051207575,21,8,0,0,0,42.2,206,43,33,31,4,25,9,4,0,40,"Jordan Haver","sa3075127",
"Jackson Farrell","ORU",,4,1,3.3196720273480014,12,8,0,0,0,40.2,174,33,17,15,2,14,5,1,0,40,"Jackson Farrell","sa3075397",
"Adam Brouwer","CIN",23,2,3,5.574193411200901,19,8,0,0,1,51.2,224,56,33,32,13,16,3,2,0,39,"Adam Brouwer","sa3027788",
"James Capellupo","SBU",,1,4,4.984615530883071,18,2,0,0,0,43.1,199,40,29,24,4,24,6,4,0,39,"James Capellupo","sa3028384",
"Champ Davis","WOF",,3,1,4.169117763999427,23,1,0,0,5,45.1,214,55,26,21,3,21,6,1,0,39,"Champ Davis","sa3029893",
"Tanner Duke","KSU",22,3,2,7.339806097079012,8,8,1,0,0,34.1,163,46,34,28,8,9,7,4,0,39,"Tanner Duke","sa3030638",
"Ed Hall","DAV",22,1,4,11.63793065176567,14,11,0,0,1,38.2,202,41,51,50,9,33,16,4,0,39,"Ed Hall","sa3033023",
"Sam Hall","TXST",22,1,1,8.71875,17,8,0,0,1,32,160,44,32,31,9,20,4,6,0,39,"Sam Hall","sa3033043",
"Sam Hliboki","NU",24,4,5,8.415584624044856,17,8,0,0,0,51.1,244,69,51,48,14,15,9,1,0,39,"Sam Hliboki","sa3033884",
"Matthew Matthijs","UNC",22,3,0,6.387096774193548,27,0,0,0,2,31,141,33,22,22,5,13,1,8,0,39,"Matthew Matthijs","sa3037334",703467
"Cooper Moore","LSU",22,3,3,3.375,6,6,0,0,0,32,134,30,13,12,3,7,3,4,0,39,"Cooper Moore","sa3038290",
"Clayton Poliey","RID",22,3,2,6.033519424491341,17,14,1,0,0,59.2,270,66,46,40,9,31,4,3,0,39,"Clayton Poliey","sa3040036",
"Genesis Prosper","SOU",22,3,1,6.942856953679304,20,1,0,0,2,46.2,231,51,38,36,5,40,5,6,0,39,"Genesis Prosper","sa3040247",
"Vincent Spizzoucco","PITT",23,2,3,7.6875,16,10,0,0,0,48,215,53,46,41,9,20,3,0,0,39,"Vincent Spizzoucco","sa3042857",
"Adam Troy","USC",22,1,4,4.277227561224472,31,0,0,0,12,33.2,152,28,19,16,5,19,1,11,0,39,"Adam Troy","sa3044087",824687
"Ryker Walton","APSU",23,2,4,5.3587784699075,13,9,0,0,0,43.2,211,52,36,26,7,23,6,3,0,39,"Ryker Walton","sa3044764",
"Jake Young","QUC",,2,3,6.440367197872029,18,2,0,0,4,36.1,166,32,26,26,5,19,10,1,0,39,"Jake Young","sa3045745",
"Zane Brown","BEL",21,4,3,5.431952785332872,19,5,0,0,2,56.1,241,52,35,34,9,16,6,0,0,39,"Zane Brown","sa3058751",
"Brendan Conner","UAB",20,4,3,4.35,24,3,0,0,1,60,271,58,33,29,5,29,2,1,0,39,"Brendan Conner","sa3058916",
"Tyler Kapa","UVA",22,2,2,2.7,25,0,0,0,11,30,126,20,9,9,3,14,1,2,0,39,"Tyler Kapa","sa3059643",802671
"Jace Trautner","LIP",,1,4,7.269230769230769,18,7,0,0,0,52,247,74,47,42,9,19,5,2,0,39,"Jace Trautner","sa3060784",
"Scott Doran","CCU",21,4,2,4.764705775435823,12,2,0,0,2,28.1,121,20,15,15,3,12,3,1,0,39,"Scott Doran","sa3062585",
"Parker Smith","UL",20,4,3,3.1655173246585537,28,1,0,0,0,48.1,198,30,20,17,8,17,10,6,0,39,"Parker Smith","sa3062682",
"Steele Eaves","ARK",20,7,1,3.9160304203170186,28,1,0,0,1,43.2,189,42,22,19,8,10,6,1,2,39,"Steele Eaves","sa3065790",
"Caden Kickhaefer","SEMO",,3,1,4.989130538217514,20,2,0,0,0,30.2,141,33,19,17,2,13,6,2,0,39,"Caden Kickhaefer","sa3066070",
"Bryce Johnson","WASH",,0,4,5.801653075467357,20,2,0,0,3,40.1,187,45,32,26,7,16,4,1,0,39,"Bryce Johnson","sa3066896",
"JShawn Unger","NEB",20,6,1,4.05,25,0,0,0,13,40,163,29,18,18,5,18,2,4,0,39,"JShawn Unger","sa3067011",
"Jaxon Appelman","CCU",20,0,3,6.394736842105263,17,4,0,0,0,38,178,30,30,27,4,26,12,5,0,39,"Jaxon Appelman","sa3067173",
"Gio Conte","SIE",,6,3,4.384615384615385,15,6,0,0,0,39,169,25,22,19,4,15,12,8,0,39,"Gio Conte","sa3067176",
"John Costa","UNF",23,1,3,4.251968631653331,26,0,0,0,2,42.1,179,34,21,20,4,14,5,3,0,39,"John Costa","sa3067177",
"Mickey McClaskey","GONZ",20,4,0,4.673076751669489,14,0,0,0,0,34.2,143,26,20,18,3,13,4,5,0,39,"Mickey McClaskey","sa3067221",
"Jordan Giacomini","NEV",21,3,4,10.754237635797974,15,7,0,0,0,39.1,211,55,50,47,3,27,13,4,0,39,"Jordan Giacomini","sa3070159",
"Will Holder","GASO",19,2,6,7.113772292593486,16,14,0,0,0,55.2,257,62,45,44,8,21,12,4,0,39,"Will Holder","sa3070345",
"Reagan James","UAPB",,3,4,7.993420852023154,18,3,0,0,1,50.2,259,70,56,45,5,25,10,10,0,39,"Reagan James","sa3070425",
"Matthew Kahn","VILL",,3,2,6.126050223789688,22,1,0,0,1,39.2,185,45,28,27,4,21,4,3,0,39,"Matthew Kahn","sa3070475",
"Traig Oughton","CSUN",,4,2,6.3947366816185225,14,9,0,0,0,50.2,244,61,43,36,11,20,17,5,2,39,"Traig Oughton","sa3070930",
"Jalen Porter","UAPB",,2,3,4.7903227280131535,11,7,0,0,1,41.1,189,41,30,22,6,23,4,6,0,39,"Jalen Porter","sa3071035",
"Jake Rifenburg","NU",19,2,7,6.4870131477012425,17,4,0,0,2,51.1,247,66,40,37,5,20,11,2,1,39,"Jake Rifenburg","sa3071120",
"Tyler Ryden","SHSU",,2,4,5.922580499400957,13,10,0,0,0,51.2,248,58,39,34,6,29,10,6,0,39,"Tyler Ryden","sa3071198",
"Ty Thames","RICE",20,3,4,4.56338040428109,20,0,0,0,6,47.1,207,38,32,24,7,26,5,10,0,39,"Ty Thames","sa3071439",
"Ike Young","ILL",18,1,3,10.384615166955149,17,5,0,0,0,30.1,152,37,37,35,10,22,5,2,0,39,"Ike Young","sa3071676",
"Austin Park","BYU",19,2,0,5.829545328193462,18,3,0,0,0,29.1,143,28,19,19,5,20,13,4,0,39,"Austin Park","sa3073774",
"Braxton Shaffer","CAM",21,2,0,3.4177214364710595,20,0,0,0,3,26.1,116,14,13,10,1,17,7,5,0,39,"Braxton Shaffer","sa3073801",
"Mason Glickman","UNH",,1,5,9.251748004946728,15,5,0,0,1,47.2,252,77,60,49,4,25,15,4,0,39,"Mason Glickman","sa3074286",
"Jakob Ruhl","CREI",20,3,1,5.0751881154910246,22,5,0,0,0,44.1,201,50,30,25,6,17,4,3,0,39,"Jakob Ruhl","sa3074814",
"Ryan Zamora","OSU",22,2,0,3.785046594029842,21,0,0,0,3,35.2,162,27,18,15,1,24,6,6,0,39,"Ryan Zamora","sa3074847",
"Connor Ball","STET",23,3,2,4.3548386025007035,17,6,0,0,0,51.2,232,60,30,25,6,11,1,1,0,38,"Connor Ball","sa3026484",
"Jack Bennett","UK",21,2,4,5.869565412092306,20,1,0,0,7,38.1,178,40,26,25,7,17,7,0,0,38,"Jack Bennett","sa3026976",
"Zach Brown","UGA",21,2,0,4,20,5,0,0,2,36,147,32,17,16,8,9,0,2,0,38,"Zach Brown","sa3027886",
"Cooper Clark","CAM",,2,3,5.048780487804878,13,6,0,0,0,41,179,40,26,23,1,10,7,6,0,38,"Cooper Clark","sa3028975",
"Gio Colasante","HARV",22,3,5,4.472392742704444,11,11,0,0,0,54.1,260,46,41,27,4,24,17,1,0,38,"Gio Colasante","sa3029126",
"Nate Crider","LT",23,1,0,5.238805821011506,29,0,0,0,1,22.1,111,23,15,13,2,20,2,8,0,38,"Nate Crider","sa3029561",
"Ethan Dillinger","AFA",21,2,2,7.534883720930233,17,8,1,0,0,43,207,55,36,36,7,20,5,1,0,38,"Ethan Dillinger","sa3030338",
"Marco Dumsky","DART",,2,4,5.801653075467357,10,8,0,0,0,40.1,199,49,37,26,4,23,6,6,0,38,"Marco Dumsky","sa3030647",
"Ryan Griffin","NE",22,7,2,3.903614547536794,14,10,0,0,1,55.1,243,45,33,24,3,27,8,6,0,38,"Ryan Griffin","sa3032724",
"Tyler Hartley","MRST",21,5,4,7.322033898305085,14,14,0,0,0,59,290,78,51,48,1,31,10,5,0,38,"Tyler Hartley","sa3033346",
"Ryan Hetzler","AUB",21,4,2,2.4324324324324325,20,1,0,0,3,37,144,32,12,10,5,5,1,0,0,38,"Ryan Hetzler","sa3033739",830184
"Sam Heyman","BEL",23,0,6,5.6,18,5,0,0,0,45,211,48,37,28,2,19,11,1,0,38,"Sam Heyman","sa3033755",
"Kaden Hilburger","BRY",22,3,2,4.247191102257013,12,12,1,0,0,59.1,247,54,31,28,8,15,3,4,0,38,"Kaden Hilburger","sa3033801",
"Jacob Jette","UML",22,2,7,7.189349274705273,14,12,0,0,0,56.1,266,66,55,45,11,29,5,6,0,38,"Jacob Jette","sa3034683",
"Charlie Krebs","MRSH",21,2,3,6.075,24,0,0,0,3,40,186,45,28,27,10,23,2,4,0,38,"Charlie Krebs","sa3035700",
"Hank Lippman","W&M",,1,2,9,16,0,0,0,0,29,146,33,33,29,7,19,5,7,0,38,"Hank Lippman","sa3036376",
"Tristan McGregor","PRES",21,1,6,7.163265306122449,17,12,1,0,0,49,242,69,46,39,8,16,12,2,0,38,"Tristan McGregor","sa3037617",
"Tyler Pitzer","MSST",21,2,3,3.9,22,2,0,0,1,30,126,21,15,13,1,16,0,1,0,38,"Tyler Pitzer","sa3039972",
"Ty Roder","BGSU",23,3,3,4.460869713190152,22,0,0,0,2,38.1,181,46,23,19,5,14,8,3,0,38,"Ty Roder","sa3040950",
"Dillon Schueler","CIN",22,0,2,4.731958948979287,19,7,0,0,0,32.1,152,36,18,17,4,18,4,6,0,38,"Dillon Schueler","sa3041796",
"Jake Schultz","BUCK",,3,1,3.7968748868443107,11,9,0,0,1,42.2,188,38,19,18,5,18,7,1,0,38,"Jake Schultz","sa3041812",
"Garrett Shearer","NU",21,1,2,7.1279997824707095,16,7,0,0,1,41.2,194,37,35,33,6,27,9,6,0,38,"Garrett Shearer","sa3042104",
"Kurt Thomas","SPU",23,1,11,11.005435010773928,14,13,0,0,0,61.1,344,104,89,75,5,49,13,8,0,38,"Kurt Thomas","sa3043705",
"Chase Chamberlain","BELL",20,3,1,5.926829268292683,15,4,0,0,0,41,181,38,27,27,9,18,2,3,0,38,"Chase Chamberlain","sa3058849",
"Micah Hagler","SEA",21,3,6,6.210000236892709,13,13,0,0,0,66.2,311,82,57,46,9,28,5,9,0,38,"Micah Hagler","sa3059387",
"Athan Kroll","DBU",,0,4,7.217821509566297,26,1,0,0,9,33.2,165,33,30,27,5,22,10,4,0,38,"Athan Kroll","sa3059726",
"Titus Lotz","BGSU",22,1,4,8.462686326249356,18,0,0,0,2,22.1,128,29,28,21,1,17,11,1,0,38,"Titus Lotz","sa3059853",
"Nick Noble","FDU",,6,1,3.489795918367347,21,0,0,0,8,49,210,36,21,19,6,26,8,3,0,38,"Nick Noble","sa3060148",
"John Rizzo","STBK",22,2,3,5.484374836552893,18,2,0,0,5,42.2,188,44,28,26,5,19,6,4,0,38,"John Rizzo","sa3060385",
"Easten Smith","AMCC",,5,3,5.4,16,6,0,0,2,50,218,45,31,30,7,21,3,3,0,38,"Easten Smith","sa3060608",
"Nate Stern","TCU",20,3,2,3.263736195328761,20,0,0,0,1,30.1,134,27,11,11,4,21,1,4,0,38,"Nate Stern","sa3060670",
"Chase Swift","VT",20,1,1,3.626865568392581,15,1,0,0,2,22.1,89,13,9,9,4,8,1,1,1,38,"Chase Swift","sa3060705",
"Parker Warner","STAN",20,1,2,6.461538461538462,15,5,0,0,0,39,199,55,35,28,2,23,6,6,4,38,"Parker Warner","sa3060872",
"Declan Wywoda","GW",20,2,4,5.641791044776119,15,14,0,0,0,67,296,77,46,42,8,20,6,7,0,38,"Declan Wywoda","sa3060979",
"Garrett Crum","UNCA",,0,7,8.012903028601295,18,6,0,0,1,51.2,258,64,52,46,8,34,7,2,1,38,"Garrett Crum","sa3062828",
"Jonny Lowe","TTU",22,4,1,4.663636201905816,24,3,0,0,0,36.2,160,39,19,19,6,10,5,0,1,38,"Jonny Lowe","sa3065558",
"Alex Mason","GASO",21,3,5,8.598726323576674,20,9,0,0,0,52.1,254,62,56,50,13,27,6,2,2,38,"Alex Mason","sa3066215",
"Jayden Barroqueiro","HALL",22,0,7,6.942856953679304,19,6,0,0,0,46.2,218,57,48,36,4,17,3,7,0,38,"Jayden Barroqueiro","sa3066599",
"Carson Timothy","SAC",21,5,4,4.550561895275371,16,15,0,0,0,59.1,265,57,45,30,8,24,5,2,0,38,"Carson Timothy","sa3066745",
"Luke Alexander","JMU",19,3,4,7.105263157894737,14,8,0,0,0,38,178,43,30,30,4,21,8,2,0,38,"Luke Alexander","sa3069472",
"Nick Bilotto","DEL",,2,2,5.914285714285715,16,1,0,0,0,35,172,37,28,23,7,21,7,3,0,38,"Nick Bilotto","sa3069614",
"Julius Carpio","LAM",,3,3,4.5,22,4,0,0,5,44,190,44,23,22,1,10,10,3,0,38,"Julius Carpio","sa3069750",
"Jack Durso","MIA",19,0,2,5.4000001287460355,24,0,0,0,0,26.2,121,24,17,16,2,17,4,1,0,38,"Jack Durso","sa3069994",
"Max Eichenberger","UPST",,1,3,9.78750023335219,16,4,0,0,0,26.2,139,39,31,29,6,19,2,6,0,38,"Max Eichenberger","sa3070019",
"Michael Erspamer","STAN",19,1,2,6.136363503361539,27,0,0,0,1,29.1,140,26,22,20,3,23,5,2,0,38,"Michael Erspamer","sa3070035",
"Alizaeh Gutierrez","TXST",25,2,1,5.303571609210001,21,2,0,0,0,37.1,168,23,24,22,4,31,4,7,0,38,"Alizaeh Gutierrez","sa3070240",
"Jack Macintosh","SIU",,6,6,6.336734447217107,26,1,0,0,4,32.2,161,33,28,23,1,20,12,7,0,38,"Jack Macintosh","sa3070648",
"Cade Rusch","BELL",22,3,2,2.160000082397464,21,0,0,0,3,33.1,155,33,18,8,3,15,5,11,0,38,"Cade Rusch","sa3071190",838597
"Isaiah Shayter","PSU",20,2,7,9.431506602888065,14,14,0,0,0,48.2,250,74,53,51,9,30,7,5,0,38,"Isaiah Shayter","sa3071274",
"Enrique Sierra","FIU",,2,6,8.560975609756097,19,4,0,0,0,41,205,49,40,39,5,31,4,5,0,38,"Enrique Sierra","sa3071287",
"William Tarpley","AAMU",23,0,6,10.353383755601689,22,6,0,0,2,44.1,253,84,60,51,5,28,7,8,0,38,"William Tarpley","sa3071424",
"Aidan Vining","BRY",,4,2,2.0769231378679462,15,0,0,0,2,43.1,173,33,15,10,3,11,1,1,0,38,"Aidan Vining","sa3071535",
"Jack Bauer","MSST",19,4,0,7.087500168979172,16,0,0,0,0,26.2,127,30,21,21,6,13,3,6,0,38,"Jack Bauer","sa3073681",
"Sam Mommer","ILL",19,4,2,3.4253730368152153,18,4,0,0,1,44.2,184,31,21,17,6,19,3,2,0,38,"Sam Mommer","sa3073763",
"Gage Olsen","WKU",20,0,1,8.284090729538079,15,5,0,0,0,29.1,142,41,31,27,4,12,4,5,1,38,"Gage Olsen","sa3073771",
"Ethan Minaker","CSUB",22,1,4,4.313609564823164,16,8,0,0,0,56.1,252,48,43,27,5,24,13,7,0,38,"Ethan Minaker","sa3073976",
"Brody Walls","TEX",19,2,0,5.400000108417714,19,0,0,0,0,31.2,137,24,20,19,6,10,8,2,0,38,"Brody Walls","sa3074454",
"Gregory Quintana","LAF",,1,4,5.8872182139695886,11,9,0,0,0,44.1,205,55,32,29,6,17,4,5,0,38,"Gregory Quintana","sa3074809",
"Max Murray","UCF",19,5,2,3.9320389805780422,23,0,0,0,0,34.1,155,31,18,15,1,19,5,2,0,38,"Max Murray","sa3075246",
"Andrew Abler","HARV",20,2,5,5.399999878827266,11,10,0,0,0,56.2,257,65,39,34,5,17,6,4,0,37,"Andrew Abler","sa3025707",
"Anthony Anzaldi","NJIT",21,1,3,5.046728792039789,19,2,0,0,2,35.2,159,35,22,20,0,18,4,0,0,37,"Anthony Anzaldi","sa3026124",
"Diego Barrett","NCAT",,3,2,6.260869565217392,23,3,0,0,0,46,208,42,36,32,6,24,9,4,0,37,"Diego Barrett","sa3026630",
"Noah Berry","SAM",,5,3,3.2884615384615383,18,13,0,0,0,52,240,48,22,19,3,36,6,8,0,37,"Noah Berry","sa3027073",
"Walker Brodt","WIN",,2,1,3.477272727272727,26,1,0,0,1,44,199,48,20,17,3,14,8,5,0,37,"Walker Brodt","sa3027735",
"Zack Busick","LR",,3,3,6.87735873806643,12,11,0,1,0,35.1,175,30,28,27,2,31,11,3,0,37,"Zack Busick","sa3028142",
"Francesco Capocci","UNCW",22,1,3,7.156626670484122,20,1,0,0,0,27.2,134,29,24,22,1,20,5,7,0,37,"Francesco Capocci","sa3028392",
"Justin DeCastro","LIU",,7,5,6.558704250854484,15,15,4,1,0,82.1,406,112,64,60,11,29,17,2,0,37,"Justin DeCastro","sa3029995",
"Elliot Eaton","PRIN",21,2,6,7.5,14,6,0,0,1,48,232,52,43,40,5,23,17,8,0,37,"Elliot Eaton","sa3030751",
"Jarvis Evans","PUR",23,4,3,6.109488880979193,15,8,0,0,0,45.2,211,48,35,31,6,20,6,5,0,37,"Jarvis Evans","sa3031074",
"Pierce Friedman","ME",22,4,1,3.6486487426925027,20,0,0,0,1,49.1,217,38,22,20,3,30,5,4,0,37,"Pierce Friedman","sa3031726",
"Sam Garewal","STAN",22,1,3,8.904255138473204,19,4,0,0,0,31.1,150,39,31,31,5,15,2,5,0,37,"Sam Garewal","sa3031971",
"Holden Hess","ULM",,2,6,5.83199982202149,19,3,0,0,5,41.2,198,51,28,27,2,19,5,7,0,37,"Holden Hess","sa3033727",
"Jackson Hinchliffe","RICH",,4,6,4.075471844780107,16,16,0,0,0,70.2,311,67,41,32,7,12,16,0,0,37,"Jackson Hinchliffe","sa3033849",
"Jerrod Jenkins","DBU",22,2,3,7.419847112179615,20,6,0,0,1,43.2,217,51,41,36,6,34,7,9,0,37,"Jerrod Jenkins","sa3034637",
"Christian Keel","BRWN",22,2,3,3.8571427334972115,21,0,0,0,6,39.2,181,29,22,17,1,27,7,6,0,37,"Christian Keel","sa3035146",
"Colin Kerrigan","MTSU",,3,2,6.46875,24,0,0,0,2,32,148,35,27,23,4,21,1,7,0,37,"Colin Kerrigan","sa3035301",
"Devon King","UCSD",,3,0,3.4752473934948838,22,0,0,0,3,33.2,141,24,17,13,2,11,6,1,0,37,"Devon King","sa3035395",
"Trevor Landen","UNCO",21,0,7,7.464705714849456,17,7,0,0,0,56.2,272,66,49,47,8,36,6,3,0,37,"Trevor Landen","sa3035904",
"JB Manarchuck","MSM",22,3,3,2.830645248371409,21,0,0,0,7,41.1,182,36,15,13,2,20,3,3,0,37,"JB Manarchuck","sa3036948",
"Matthew Martinez","ARIZ",23,1,1,7.767123084731348,20,0,0,0,0,24.1,117,20,21,21,3,22,4,3,0,37,"Matthew Martinez","sa3037189",
"Connor Mattison","UK",21,2,2,8.099999719099575,14,6,0,0,0,36.2,172,43,33,33,8,13,10,4,0,37,"Connor Mattison","sa3037339",814195
"Brandon Mikos","YSU",23,1,9,8.457831519663053,14,10,0,0,0,55.1,276,81,55,52,12,26,4,9,0,37,"Brandon Mikos","sa3038000",
"Will Parkinson","VILL",,2,5,7.215517004094716,19,5,0,0,0,38.2,188,49,38,31,5,20,8,1,0,37,"Will Parkinson","sa3039474",
"Brandon Peterson","NJIT",22,2,3,3.9160304203170186,11,8,0,0,0,43.2,199,44,23,19,2,26,1,1,0,37,"Brandon Peterson","sa3039767",
"Agyei Quinichett","NCAT",23,1,5,9.972972972972974,18,5,0,0,2,37,189,43,44,41,4,31,3,8,0,37,"Agyei Quinichett","sa3040337",
"Owen Quinn","BALL",22,5,0,4.9787234042553195,19,0,0,0,0,47,213,52,28,26,6,23,5,5,1,37,"Owen Quinn","sa3040347",
"Alex Solis","HOU",21,3,2,5.495575035717212,23,1,0,0,0,37.2,166,41,24,23,2,11,5,3,1,37,"Alex Solis","sa3042721",806456
"Andrew Steinhaus","RAD",21,2,4,7.135714091281507,17,6,0,0,1,46.2,224,55,42,37,4,28,4,6,0,37,"Andrew Steinhaus","sa3043019",
"Nick Sulpizio","ODU",22,2,1,5.890908886617873,18,6,0,0,1,36.2,163,42,29,24,3,13,6,2,0,37,"Nick Sulpizio","sa3043323",
"Ariston Veasey","CLEM",20,0,0,3.2926828502403156,20,0,0,0,0,27.1,115,13,11,10,2,18,3,1,0,37,"Ariston Veasey","sa3044410",807252
"Roberto Velasquez","VMI",23,2,3,8.03816770486125,16,8,0,0,0,43.2,214,59,42,39,11,23,10,6,0,37,"Roberto Velasquez","sa3044424",
"Michael Catalano","OU",21,3,4,7.020000267791758,11,8,0,0,0,33.1,145,33,26,26,10,15,2,0,0,37,"Michael Catalano","sa3058843",
"Reece Clapp","ILST",23,4,3,3.6818181020169236,19,0,0,0,9,29.1,123,20,12,12,2,16,0,1,0,37,"Reece Clapp","sa3058874",
"Zach Edwards","ORST",21,2,0,5.610389749363237,18,0,0,0,2,25.2,112,22,17,16,2,11,2,3,0,37,"Zach Edwards","sa3059118",
"Charlie Foster","MSST",20,0,3,6.6880736285594145,15,9,0,0,0,36.1,172,38,31,27,4,22,5,0,0,37,"Charlie Foster","sa3059217",
"Anthony Garcia","RGV",,2,1,6.336734447217107,15,0,0,0,1,32.2,160,52,24,23,2,13,3,8,0,37,"Anthony Garcia","sa3059268",
"Brendan Hamlin","UAPB",,5,3,3.6,21,0,0,0,1,40,180,34,24,16,1,15,10,2,0,37,"Brendan Hamlin","sa3059401",
"Jackson Kranawetter","SEMO",,1,2,6.180723033599923,18,1,0,0,10,27.2,131,39,19,19,6,7,4,2,0,37,"Jackson Kranawetter","sa3059721",
"Landon Mueller","EMU",,2,4,7.411764705882353,20,3,0,0,1,34,169,45,32,28,6,25,3,5,0,37,"Landon Mueller","sa3060102",
"Griffin OConnor","GTWN",24,1,1,4.831579044373744,25,0,0,0,3,31.2,140,36,19,17,3,11,1,1,0,37,"Griffin OConnor","sa3060171",
"Fernando Palencia","USD",21,2,4,7.5937497736886215,15,7,0,0,0,42.2,214,60,42,36,9,18,10,1,0,37,"Fernando Palencia","sa3060198",
"Cal Rutherford","EMU",20,2,3,6.7985613376579375,13,10,0,0,0,46.1,207,41,37,35,9,26,8,1,1,37,"Cal Rutherford","sa3060454",
"Cole Simoneaux","NICH",,2,1,5.478260869565218,18,0,0,0,0,23,111,21,14,14,2,17,1,2,0,37,"Cole Simoneaux","sa3060579",
"Ethan Smith","LIN",22,3,2,6.2027028625772545,18,6,0,0,1,49.1,219,55,37,34,4,18,7,1,0,37,"Ethan Smith","sa3060609",
"Jeremy Vest","DSU",,2,4,8.159340488321902,14,11,0,0,0,60.2,320,83,70,55,3,39,13,3,1,37,"Jeremy Vest","sa3060841",
"Cooper Walls","FLA",20,3,3,7.168141350935493,17,10,0,0,1,37.2,182,53,34,30,3,12,6,5,0,37,"Cooper Walls","sa3060860",
"Logan Wilson","NKU",,2,4,9,15,11,0,0,0,48,255,75,55,48,8,30,7,9,0,37,"Logan Wilson","sa3060941",
"Nolan Kirsch","MERC",,2,7,7.6875,17,3,0,0,1,48,230,49,44,41,4,36,6,8,0,37,"Nolan Kirsch","sa3065068",
"Jose Luccioni","TXSO",19,3,0,5.943396226415095,15,11,0,0,1,53,258,68,39,35,5,31,11,5,0,37,"Jose Luccioni","sa3065083",
"Jaden Davis","NMSU",20,0,2,8.485714285714286,19,2,0,0,0,35,177,39,39,33,4,24,8,5,0,37,"Jaden Davis","sa3065523",
"Zak Spurrier","SAM",,4,3,3.3749998762057425,23,0,0,0,6,34.2,148,28,14,13,4,13,2,3,0,37,"Zak Spurrier","sa3065956",
"Logan Borboa","UNCO",21,1,3,5.823529411764706,20,0,0,0,3,34,157,32,25,22,2,21,5,3,0,37,"Logan Borboa","sa3066669",
"Jacob Hines","CCSU",19,2,7,7.269230769230769,12,12,1,0,0,52,266,57,50,42,4,39,12,4,0,37,"Jacob Hines","sa3067182",
"Angel Cervantes","UCLA",18,4,1,4.167785128195715,19,15,0,0,0,49.2,220,57,25,23,5,15,5,4,0,37,"Angel Cervantes","sa3069778",
"Ean DiPasquale","USI",21,4,3,3.877659495786718,17,13,1,1,1,62.2,278,51,34,27,4,27,11,6,0,37,"Ean DiPasquale","sa3069959",
"Mark Eddie","UIC",23,3,2,2.9531249119900194,27,0,0,0,2,42.2,172,29,15,14,5,14,6,3,0,37,"Mark Eddie","sa3070008",
"Andrew Kapica","FOR",,2,3,5.3076923076923075,22,0,0,0,1,39,182,44,27,23,3,20,7,4,0,37,"Andrew Kapica","sa3070479",
"Luke Lycette","UNO",,5,0,4.1538462757358925,20,1,1,0,3,43.1,187,37,22,20,2,21,5,3,0,37,"Luke Lycette","sa3070641",
"Carter Samuelson","UAB",19,5,3,7.05,20,11,0,0,0,60,299,74,55,47,8,39,10,1,0,37,"Carter Samuelson","sa3071208",
"Cason Sharp","UTM",,4,5,5.020100310048614,15,10,2,0,0,66.1,317,87,48,37,10,22,9,4,1,37,"Cason Sharp","sa3071271",
"Brandon Thomas","FRES",20,1,1,3.432203500786587,17,2,0,0,0,39.1,161,40,15,15,5,4,5,1,0,37,"Brandon Thomas","sa3071441",
"Liam Lierman","WASH",,3,2,5.2018350444351,16,3,0,0,0,36.1,163,42,27,21,4,15,0,0,1,37,"Liam Lierman","sa3073575",
"Jacob Kirby","UPST",21,5,1,3.8053690300917395,24,0,0,0,3,49.2,223,43,21,21,4,20,14,3,0,37,"Jacob Kirby","sa3073738",
"Vincent Fusco","UNH",,2,3,8.694915535326022,16,5,0,0,2,39.1,209,50,44,38,4,33,9,7,0,37,"Vincent Fusco","sa3074277",
"Jake Nobles","SMC",19,1,1,5.711538252040487,18,4,0,0,0,34.2,153,36,22,22,5,11,5,4,0,37,"Jake Nobles","sa3075146",
"Sam Perry","MASS",,2,0,3.3196720273480014,10,6,0,0,0,40.2,177,32,18,15,4,17,13,2,0,37,"Sam Perry","sa3075558",
"Johnny Alkire","HAW",22,2,2,4.132652900358982,19,1,0,0,4,32.2,139,29,16,15,1,10,3,6,0,36,"Johnny Alkire","sa3025899",
"Ryan Bilka","MIA",22,2,1,5.1,25,0,0,0,4,30,140,27,20,17,4,24,1,4,1,36,"Ryan Bilka","sa3027152",833416
"Brendan Callanan","IONA",20,2,4,4.896372863438548,14,14,0,0,0,64.1,301,73,42,35,4,34,6,1,0,36,"Brendan Callanan","sa3028277",
"Regan Carter","PAC",21,3,3,7.9714285714285715,16,5,0,0,2,35,172,43,32,31,3,21,6,11,0,36,"Regan Carter","sa3028535",
"Sean Davis","IONA",23,4,3,3.673469387755102,17,0,0,0,3,49,215,46,22,20,1,17,5,1,0,36,"Sean Davis","sa3029939",
"Gavin DeVooght","MICH",21,2,3,4.95,25,0,0,0,9,40,191,40,23,22,3,23,10,3,0,36,"Gavin DeVooght","sa3030233",
"Abdriel Figueroa","USI",,3,4,7.331126013020042,19,9,0,0,0,50.1,256,58,49,41,2,28,18,9,0,36,"Abdriel Figueroa","sa3031310",
"Keevyn Goss","GRAM",21,1,5,10.227272727272727,14,11,0,0,0,44,243,57,55,50,7,44,16,7,0,36,"Keevyn Goss","sa3032511",
"Ethan Hamill","COR",22,1,4,6.5625,12,11,0,0,1,48,216,45,36,35,7,25,12,2,0,36,"Ethan Hamill","sa3033080",
"Hayden Henry","CHSO",,2,4,5.586206896551724,20,0,0,0,4,29,139,33,22,18,6,16,3,4,0,36,"Hayden Henry","sa3033628",
"Josh Johnson","SCU",24,2,1,3.4534884486861217,20,0,0,0,1,28.2,122,28,12,11,4,11,1,3,0,36,"Josh Johnson","sa3034770",
"Roman Kimball","UCF",22,1,2,5.88118789668365,15,6,0,0,0,33.2,150,33,23,22,9,18,3,1,0,36,"Roman Kimball","sa3035376",
"Daniel McAuliff","PITT",24,3,1,5.451922876947737,19,0,0,0,0,34.2,151,33,23,21,5,13,4,7,0,36,"Daniel McAuliff","sa3037424",
"Paxton Meyers","CONN",24,1,4,4.354838843648321,23,0,0,0,6,41.1,187,45,22,20,4,11,6,3,0,36,"Paxton Meyers","sa3037951",
"Aaron Morris","UTU",21,2,0,9.191489175198146,20,2,0,0,0,31.1,153,43,33,32,7,16,3,5,0,36,"Aaron Morris","sa3038396",
"Logan Pikur","MSU",21,1,3,6.48,23,4,0,0,0,50,236,66,39,36,5,14,9,5,0,36,"Logan Pikur","sa3039919",
"Owen Poole","XAV",21,1,5,6.451327215841944,24,3,0,0,4,37.2,182,42,31,27,3,21,10,4,0,36,"Owen Poole","sa3040074",
"Ryan Reich","HALL",22,1,2,4.731958948979287,21,1,0,0,2,32.1,154,35,18,17,1,26,0,4,1,36,"Ryan Reich","sa3040570",
"Andrew Rudd","CBU",21,1,2,5.516129032258065,24,0,0,0,3,31,138,38,22,19,6,6,1,1,0,36,"Andrew Rudd","sa3041255",
"Hunter Small","INST",,1,2,9.931034482758621,26,1,0,0,1,29,163,38,35,32,7,29,8,2,0,36,"Hunter Small","sa3042449",
"William Taylor","MRST",22,2,4,6.4799998022461,10,9,0,0,0,41.2,195,40,31,30,4,28,6,2,0,36,"William Taylor","sa3043590",
"Connor Throneberry","MAN",23,2,4,8.142857142857142,9,9,0,0,0,42,205,47,41,38,5,32,5,5,0,36,"Connor Throneberry","sa3043807",
"Nolan Bernard","USF",19,3,2,5.9400002265930265,17,1,0,0,0,33.1,150,31,23,22,3,15,6,9,0,36,"Nolan Bernard","sa3058631",
"Lucas Connors","LEM",21,4,2,6.065217391304348,20,1,0,0,5,46,199,44,32,31,8,14,6,0,0,36,"Lucas Connors","sa3058917",
"Michael Debattista","UTSA",22,3,4,6.247934081272538,22,0,0,0,1,40.1,193,47,35,28,6,26,2,1,0,36,"Michael Debattista","sa3059018",
"Matt Fitzgibbon","JOES",20,1,1,4.5,13,0,0,0,0,26,120,23,19,13,0,13,7,6,0,36,"Matt Fitzgibbon","sa3059190",
"Kamden Hawks","MORE",20,2,5,11.541984396723844,15,10,0,0,0,43.2,223,48,60,56,11,36,10,3,0,36,"Kamden Hawks","sa3059439",
"Garrett Holpuch","TNTC",,2,4,6.992805947305308,17,11,0,0,0,46.1,232,68,41,36,8,24,1,5,0,36,"Garrett Holpuch","sa3059515",
"Tannis Lange","NKU",20,2,2,7.926605781996344,24,2,0,0,0,36.1,175,36,37,32,3,26,6,9,0,36,"Tannis Lange","sa3059753",
"Tommy Mitchell","ELON",21,1,6,3.9929578537459536,15,7,0,0,0,47.1,220,59,38,21,4,22,4,0,0,36,"Tommy Mitchell","sa3060059",
"Carson Samuels","DAY",,2,0,6.642857142857143,22,4,0,0,3,42,210,61,40,31,3,23,6,3,0,36,"Carson Samuels","sa3060468",
"Jake Villar","UCSD",,1,4,7.071428571428571,24,1,0,0,0,42,198,58,35,33,8,17,3,3,0,36,"Jake Villar","sa3060844",
"Manning West","KU",22,4,0,3.894230626391241,26,0,0,0,1,34.2,158,29,17,15,2,23,5,4,0,36,"Manning West","sa3060907",
"AJ Camp","CLT",21,1,1,4.5,20,0,0,0,0,28,127,26,17,14,4,16,4,3,0,36,"AJ Camp","sa3062566",
"Brendan Yagesh","VT",22,2,3,7.407079395966677,21,3,0,0,1,37.2,184,45,34,31,7,22,7,1,0,36,"Brendan Yagesh","sa3065451",
"Ryan Bailey","MD",20,2,2,6.81553423300194,24,0,0,0,1,34.1,166,43,31,26,7,16,4,8,0,36,"Ryan Bailey","sa3065499",
"Alex Hwang","YALE",20,2,1,6.4710745841751285,18,6,0,0,1,40.1,188,38,31,29,1,25,10,5,0,36,"Alex Hwang","sa3065545",
"Brendan Asher","ORU",,3,4,4.615384615384615,10,10,0,0,0,39,168,41,20,20,5,17,4,3,0,36,"Brendan Asher","sa3065771",
"Owen Birchard","BRY",19,1,3,8.052631578947368,14,1,0,0,1,19,95,23,17,17,0,16,1,3,0,36,"Owen Birchard","sa3066039",
"Brett Buchanan","WIU",23,2,2,6.3,16,9,0,0,0,40,188,42,31,28,3,26,5,5,0,36,"Brett Buchanan","sa3069692",
"Henry Clausell","UMES",,1,3,9.660550796808042,14,2,0,0,2,36.1,193,51,50,39,6,28,4,5,0,36,"Henry Clausell","sa3069808",
"Kanious (Spanky) Davis","ALCN",,3,5,7.957894896615579,12,8,0,0,0,31.2,186,38,44,28,0,45,3,7,0,36,"Kanious (Spanky) Davis","sa3069913",
"Kai Fyke","OKST",21,2,0,7.09322056829228,22,2,0,0,1,39.1,199,53,36,31,6,27,4,8,0,36,"Kai Fyke","sa3070135",
"Loren Georger","SLU",,1,2,4.909090909090909,16,4,0,0,4,44,198,46,26,24,2,17,5,3,0,36,"Loren Georger","sa3070156",
"Pierre-Luc Jacques","AMCC",,2,3,5.355372069662175,18,5,0,0,0,40.1,185,45,26,24,5,20,5,2,0,36,"Pierre-Luc Jacques","sa3070420",
"Brock Lambert","HCU",23,2,0,5.268292560384505,17,1,0,0,0,27.1,121,27,17,16,3,12,2,5,0,36,"Brock Lambert","sa3070553",
"LJ Manning","UNLV",21,1,1,10.384615689339732,18,1,0,0,0,21.2,111,25,26,25,2,12,13,5,0,36,"LJ Manning","sa3070667",
"Trieg Matthews","AKR",,3,1,6.069767441860465,19,2,0,0,0,43,210,35,37,29,5,41,6,4,0,36,"Trieg Matthews","sa3070707",
"Colby Richardson","CCU",19,4,1,5.102362357983998,27,0,0,0,0,42.1,188,41,28,24,7,21,6,1,0,36,"Colby Richardson","sa3071103",
"Brandon Shannon","LOU",19,2,3,6.893616881398609,20,1,0,0,0,31.1,158,31,26,24,6,31,6,7,0,36,"Brandon Shannon","sa3071270",
"Kody Smathers","CBU",19,1,0,7.60563400713515,17,3,0,0,0,23.2,120,35,24,20,8,15,2,6,0,36,"Kody Smathers","sa3071306",
"Esteban Torres","UMES",,3,7,7.782352766545178,14,9,0,0,0,56.2,280,58,55,49,3,47,9,4,0,36,"Esteban Torres","sa3071470",
"Carson Wallace","ACU",19,2,1,7.020000267791758,21,3,0,0,1,33.1,172,32,30,26,6,33,8,5,1,36,"Carson Wallace","sa3071550",
"Jon Whiteside","DAY",20,1,5,6.750000189332407,11,9,0,0,1,45.1,217,56,41,34,6,21,12,7,0,36,"Jon Whiteside","sa3071594",
"Matt Wnukowski","SEMO",,2,1,6,17,1,0,0,0,27,130,33,20,18,1,13,5,4,0,36,"Matt Wnukowski","sa3071646",
"Zane Wright","WES",,0,7,9.156522042863996,24,2,0,0,4,38.1,191,58,39,39,8,20,3,2,0,36,"Zane Wright","sa3071663",
"Kaysen Raineri","TTU",19,4,2,8.67857172416182,13,6,0,0,0,37.1,187,57,38,36,11,18,4,3,0,36,"Kaysen Raineri","sa3073783",
"Nick Wesloski","OU",19,2,1,3.6486486486486487,15,3,0,0,0,37,153,29,21,15,6,14,2,0,0,36,"Nick Wesloski","sa3073834",
"Luis Pablo Navarro","TULN",20,2,2,4.3301888350788635,19,6,0,0,1,35.1,156,23,18,17,5,24,2,2,0,36,"Luis Pablo Navarro","sa3075144",
"Keyler Gonzalez","MIZ",,3,1,5.023255925361632,11,3,0,0,0,28.2,134,30,16,16,4,13,6,6,1,36,"Keyler Gonzalez","sa3075503",
"Ben Brash","CIT",,3,1,6.367924757468916,30,1,0,0,0,35.1,165,35,27,25,7,17,6,0,0,35,"Ben Brash","sa3027598",
"Brady Frederick","TENN",21,4,1,4.547368512351759,27,0,0,0,0,31.2,139,29,18,16,4,12,7,2,0,35,"Brady Frederick","sa3031670",
"Justin Gay","RICH",23,0,4,3.9705882352941178,21,0,0,0,7,34,137,27,15,15,3,7,3,1,0,35,"Justin Gay","sa3032070",
"Dallin Harrison","RUTG",21,2,4,10.264463133519168,16,11,0,0,0,40.1,216,68,53,46,7,19,9,3,1,35,"Dallin Harrison","sa3033271",
"Kevin Jaxel","UVA",21,4,1,6.352940972818937,27,0,0,0,0,39.2,194,53,32,28,4,12,5,1,1,35,"Kevin Jaxel","sa3034610",
"Kenny Michaels","WOF",,5,0,3.5357142857142856,5,5,0,0,0,28,111,24,12,11,4,5,0,1,0,35,"Kenny Michaels","sa3037970",
"Mikey Myro","BUCK",,1,4,7.953488372093023,18,3,0,0,0,43,223,54,47,38,8,35,8,10,0,35,"Mikey Myro","sa3038655",
"Dominic Pieto","JAX",,3,0,4.050000154495245,23,1,0,0,7,33.1,147,26,15,15,4,21,4,3,0,35,"Dominic Pieto","sa3039912",
"Tade Riordan","NJIT",,3,6,5.311475243756803,18,1,0,0,0,40.2,191,49,30,24,5,18,5,3,0,35,"Tade Riordan","sa3040785",
"Nicholas Rizzo","STBK",,1,4,9.07562996116991,15,7,0,0,0,39.2,207,56,45,40,3,28,7,6,0,35,"Nicholas Rizzo","sa3040850",
"Michael Staiano","ELON",,1,2,3.780000144195562,22,1,0,0,6,33.1,153,38,14,14,1,14,3,4,0,35,"Michael Staiano","sa3042905",
"Joshua Torres","UCR",21,1,5,5.661290322580645,14,9,1,0,0,62,301,74,48,39,5,34,11,5,0,35,"Joshua Torres","sa3043967",
"Mason Ulsh","QUIN",24,1,2,6.827586206896552,18,1,0,0,0,29,147,36,28,22,5,16,6,6,0,35,"Mason Ulsh","sa3044232",
"Parker Aikens","URI",20,2,1,6.319148807948725,31,0,0,0,0,31.1,154,38,22,22,2,17,9,4,0,35,"Parker Aikens","sa3058467",
"Jack Armstrong","INST",,2,2,5.232558139534884,22,4,0,0,3,43,199,39,33,25,6,26,4,3,0,35,"Jack Armstrong","sa3058515",
"Beau Beaty","PV",22,3,10,8.375,14,13,1,1,0,72,341,89,69,67,5,29,17,6,0,35,"Beau Beaty","sa3058589",
"Hayden Collins","EKU",,1,4,5.748386955300929,20,5,0,0,0,51.2,234,64,39,33,14,17,3,3,0,35,"Hayden Collins","sa3058904",
"Santiago Garcia","LSU",21,1,1,5.955882519999182,21,0,0,0,2,22.2,107,19,17,15,2,17,4,8,0,35,"Santiago Garcia","sa3059273",828321
"Nolan Geisler","UML",,4,2,6.283018867924528,21,4,0,0,1,53,241,71,40,37,5,14,5,4,0,35,"Nolan Geisler","sa3059289",
"Tate Hickman","SHSU",,2,4,5.922580499400957,15,12,0,0,0,51.2,244,63,36,34,5,26,6,10,1,35,"Tate Hickman","sa3059489",
"Ian Koosman","CREI",22,0,4,7.297297297297297,19,7,0,0,1,37,184,45,36,30,10,19,11,4,1,35,"Ian Koosman","sa3059715",
"Dylan Petrey","SIU",23,3,3,5.234693673788044,23,0,0,0,1,32.2,150,35,21,19,3,19,2,2,0,35,"Dylan Petrey","sa3060257",
"Gavin Sentell","NCAT",23,1,8,9.476821431464932,13,13,0,0,0,50.1,264,77,68,53,11,22,10,7,0,35,"Gavin Sentell","sa3060544",
"Mason Weckler","MILW",22,0,7,8.27419380293181,20,1,0,0,1,41.1,215,61,48,38,5,17,10,11,0,35,"Mason Weckler","sa3060894",
"Carter White","NWST",,1,5,6.804878048780488,16,7,0,0,1,41,206,56,40,31,5,24,5,1,0,35,"Carter White","sa3060910",
"Nate Taylor","VAN",20,1,4,8.890243695648852,13,5,0,0,0,27.1,135,31,29,27,7,20,5,2,2,35,"Nate Taylor","sa3065147",
"Gavin Soares","BC",20,1,3,2.9634145652162838,15,0,0,0,5,27.1,114,25,9,9,1,9,2,2,0,35,"Gavin Soares","sa3065419",
"Kyle Batt","RID",19,4,5,4.621621621621622,16,15,0,0,0,74,345,85,47,38,4,37,15,1,0,35,"Kyle Batt","sa3065503",
"Zac Colletti","UIW",23,3,3,5.625,13,13,0,0,0,48,219,54,31,30,3,23,4,9,0,35,"Zac Colletti","sa3066180",
"Xavier Hirsch","ND",22,3,4,6.694215087077719,15,3,0,0,0,40.1,190,54,34,30,2,9,5,2,0,35,"Xavier Hirsch","sa3066682",
"Felix Ong","UNLV",20,1,3,9.796459846278507,14,8,0,0,0,37.2,188,43,42,41,1,38,5,3,0,35,"Felix Ong","sa3066847",
"Buddy Baker","VMI",19,5,2,4.778760900623663,22,4,0,0,2,37.2,171,38,23,20,7,15,6,4,0,35,"Buddy Baker","sa3069539",
"Case Bosch","CCU",19,3,0,3.891891891891892,20,4,0,0,1,37,178,48,23,16,2,15,9,1,0,35,"Case Bosch","sa3069639",
"Cooper Casteel","TNTC",22,3,3,8.855999729736336,16,6,0,0,1,41.2,213,59,43,41,10,29,6,4,0,35,"Cooper Casteel","sa3069762",
"Jackson Clark","NAVY",19,4,0,2.8723403672494205,20,0,0,0,3,31.1,134,20,10,10,1,26,0,1,0,35,"Jackson Clark","sa3069806",
"Kobie Cushing","NCAT",23,1,3,6.314516323290066,22,0,0,0,3,41.1,213,48,35,29,3,31,5,6,0,35,"Kobie Cushing","sa3069894",
"Dale Fry","LIU",22,3,1,7.363636595785491,13,6,0,0,0,40.1,200,53,37,33,3,15,14,3,0,35,"Dale Fry","sa3070126",
"Seth Graham-Pippin","UTAH",21,0,3,7.745901397145337,18,6,0,0,1,40.2,200,59,41,35,9,19,6,0,0,35,"Seth Graham-Pippin","sa3070202",
"Ben Gregory","MINN",21,0,1,4.7368421052631575,16,4,0,1,2,38,167,42,21,20,3,12,8,3,0,35,"Ben Gregory","sa3070220",
"John Higgins","HALL",,0,1,3.1263158522418344,21,0,0,0,9,31.2,124,22,11,11,0,12,2,3,0,35,"John Higgins","sa3070329",
"Josh Holst","AFA",19,1,5,7.902439024390244,13,9,0,0,0,41,213,62,45,36,12,20,9,3,1,35,"Josh Holst","sa3070355",
"Jake Kramer","PUR",22,4,4,4.285714285714286,29,0,0,0,10,42,183,35,22,20,2,17,2,5,0,35,"Jake Kramer","sa3070535",
"Cannon Lee","UNCG",20,2,1,5.400000179124921,15,4,0,0,0,38.1,174,48,25,23,3,19,1,1,0,35,"Cannon Lee","sa3070577",
"Cooper Maher","NE",19,6,1,3.5307693343755084,14,2,0,0,2,43.1,194,34,24,17,2,20,7,3,0,35,"Cooper Maher","sa3070654",
"Sean McGrath","CP",18,3,4,7.269230502596984,16,6,0,0,1,34.2,168,53,31,28,4,9,3,0,0,35,"Sean McGrath","sa3070744",
"Ethan Myers","CSUB",,3,3,8.437499748542912,20,5,0,0,0,42.2,213,61,49,40,3,18,11,4,0,35,"Ethan Myers","sa3070851",
"Jack Nestler","SJU",,2,0,3.9650348592628837,20,0,0,0,2,47.2,208,43,25,21,4,22,3,6,0,35,"Jack Nestler","sa3070873",
"Hudson Pergamit","MAN",,4,3,8.27419380293181,12,4,0,0,0,41.1,204,47,40,38,2,21,14,1,0,35,"Hudson Pergamit","sa3070990",
"Michael Sall","OMA",,0,1,9.378947556725503,17,7,0,0,0,31.2,173,48,37,33,5,18,10,1,0,35,"Michael Sall","sa3071205",
"Tyler Seidman","BUCK",,2,1,6.367924757468916,15,5,0,0,0,35.1,173,30,32,25,3,29,6,9,1,35,"Tyler Seidman","sa3071256",
"Titus Shay","LAS",,2,3,5.242718640770723,17,3,0,0,4,34.1,138,24,21,20,5,12,3,2,0,35,"Titus Shay","sa3071273",
"Aidan Terronez","UIC",,1,1,6.171428403270492,23,1,0,0,0,23.1,118,22,18,16,5,14,7,1,0,35,"Aidan Terronez","sa3071435",
"Lucas Valencia","MVSU",19,2,5,10.436974455345396,15,6,0,0,0,39.2,214,67,48,46,4,29,1,3,0,35,"Lucas Valencia","sa3071502",
"Aiden VanDeHatert","DBU",21,2,3,6.096774193548387,17,4,0,0,1,31,148,39,23,21,4,12,9,5,0,35,"Aiden VanDeHatert","sa3071507",812076
"Eli Waters","NICH",,1,2,5.318181818181818,18,0,0,0,0,22,93,22,13,13,4,4,5,1,0,35,"Eli Waters","sa3071561",
"Peyton Williams","KENT",19,2,0,2.25,20,0,0,0,6,20,88,13,6,5,0,13,4,4,0,35,"Peyton Williams","sa3071623",
"Mohamed Harati","GRAM",25,1,4,12.690000484085102,18,3,0,0,0,33.1,189,50,47,47,9,26,14,6,0,35,"Mohamed Harati","sa3073723",
"Jace Terry","LAS",,2,4,8.58278167377956,14,10,0,0,1,50.1,244,61,51,48,6,32,11,2,0,35,"Jace Terry","sa3073818",
"Sebastian Santos-Olson","MIA",20,0,1,4.194174912616578,16,5,0,0,0,34.1,165,42,22,16,6,18,3,1,1,35,"Sebastian Santos-Olson","sa3073987",
"Gavin Alveti","APSU",,1,2,3.164062405703592,21,0,0,0,6,42.2,182,45,22,15,2,9,8,1,0,34,"Gavin Alveti","sa3025983",
"Issac Araiza","SDSU",22,3,0,2.454545515346416,22,0,0,0,3,25.2,108,18,8,7,1,10,2,7,0,34,"Issac Araiza","sa3026136",
"Landen Burch","MTSU",21,4,4,5.449541475122486,22,0,0,0,2,36.1,165,37,24,22,4,17,5,2,0,34,"Landen Burch","sa3028022",
"Mac Burke","DART",,4,3,2.189189189189189,20,0,0,0,4,37,152,25,13,9,1,10,7,5,1,34,"Mac Burke","sa3028066",
"Alfredo Capacete","CBU",21,2,0,4,13,1,0,0,3,27,113,23,13,12,2,8,3,1,0,34,"Alfredo Capacete","sa3028380",840966
"Hayden Cody","USD",24,1,2,5.625,20,0,0,0,1,32,156,37,20,20,5,21,7,2,0,34,"Hayden Cody","sa3029092",
"Keith Davis","WAG",20,3,1,4.78125,17,0,0,0,4,32,162,31,19,17,1,31,7,10,0,34,"Keith Davis","sa3029920",
"Drew Deremer","MUR",21,2,2,7.189349274705273,16,12,0,0,0,56.1,270,68,48,45,7,28,13,1,1,34,"Drew Deremer","sa3030177",
"Turner Doran","WMU",,2,2,3.0618557905160095,23,0,0,0,10,32.1,132,19,16,11,5,14,2,1,0,34,"Turner Doran","sa3030478",
"Carson Estridge","WVU",22,4,0,3.085714285714286,22,0,0,0,2,35,155,32,15,12,2,13,8,2,0,34,"Carson Estridge","sa3031045",
"Jake Francis","VILL",,1,5,7.21117995336355,21,11,0,0,1,53.2,260,76,48,43,7,13,14,5,0,34,"Jake Francis","sa3031628",
"Garrett Gores","GONZ",23,2,2,4.371428571428571,15,2,0,0,2,35,153,30,17,17,5,22,2,1,0,34,"Garrett Gores","sa3032493",
"Colby Guy","ASU",23,2,0,4.9655172413793105,15,2,0,0,0,29,124,23,16,16,3,15,3,3,0,34,"Colby Guy","sa3032886",
"Matthew Heiberger","ALA",21,3,2,3.2,26,0,0,0,5,45,198,39,25,16,6,22,9,1,0,34,"Matthew Heiberger","sa3033531",
"Richie Kerstetter","CCSU",,2,3,6.461538461538462,16,1,0,0,1,39,199,49,33,28,6,29,4,4,4,34,"Richie Kerstetter","sa3035307",
"Cooper Lanz","SCU",22,2,4,4.009900838647943,17,1,0,0,3,33.2,153,37,16,15,3,17,3,2,0,34,"Cooper Lanz","sa3035963",
"Brady LeJeune-DeAcutis","UMBC",25,1,4,4.189655172413793,17,9,0,0,0,58,268,63,38,27,6,28,10,3,0,34,"Brady LeJeune-DeAcutis","sa3036207",
"Evan Maloney","URI",,2,0,5.133802954816226,13,13,0,0,0,47.1,210,44,28,27,4,19,5,4,0,34,"Evan Maloney","sa3036932",
"Bailey Matela","ODU",22,2,1,6.031914771223783,21,2,0,0,2,31.1,151,25,25,21,0,21,9,1,0,34,"Bailey Matela","sa3037279",
"Ben Moyzan","DEL",,3,1,5.451922876947737,16,1,0,0,0,34.2,159,32,22,21,3,26,3,4,0,34,"Ben Moyzan","sa3038495",
"Toran OHarran","STAN",22,2,1,4.05,22,7,0,0,1,40,184,39,27,18,3,20,3,1,0,34,"Toran OHarran","sa3039075",
"Angel Ortiz","NCAT",,1,4,5.843283415743603,12,12,0,0,0,44.2,225,61,38,29,4,19,6,0,0,34,"Angel Ortiz","sa3039216",
"Mason Patel","GT",24,4,0,2.907692393015125,15,2,0,0,7,43.1,182,43,15,14,0,14,1,1,1,34,"Mason Patel","sa3039528",
"Adan Perez","PAC",24,0,3,8.120300984785638,11,10,0,0,0,44.1,211,55,40,40,0,21,7,4,0,34,"Adan Perez","sa3039700",
"Lukas Pirko","TTU",21,3,3,6.165354515897331,9,9,1,0,0,42.1,202,56,44,29,10,18,1,1,0,34,"Lukas Pirko","sa3039957",
"RJ Ruais","BAY",21,2,1,3.578313335242061,28,0,0,0,0,27.2,120,24,13,11,2,13,2,1,0,34,"RJ Ruais","sa3041238",
"Maddox Thornton","ORU",24,1,2,4.711409275351677,28,0,0,0,6,49.2,223,57,29,26,6,11,7,2,0,34,"Maddox Thornton","sa3043800",
"Max Tramontana","APP",22,2,2,2.6052631578947367,24,0,0,0,1,38,157,25,15,11,1,13,8,4,0,34,"Max Tramontana","sa3044013",
"Brady Corcoran","MCN",,1,2,6.1875,21,3,0,0,2,32,148,35,23,22,6,15,2,5,0,34,"Brady Corcoran","sa3058929",
"Ryan Furey","UNF",,3,2,4.254545454545455,16,7,0,0,0,55,248,70,31,26,2,14,4,0,0,34,"Ryan Furey","sa3059251",
"Grant Garman","HAW",20,1,1,4.68,20,1,0,0,0,25,119,25,14,13,3,14,6,1,0,34,"Grant Garman","sa3059279",
"Cooper Garrison","ARST",,2,2,3.857142857142857,27,0,0,0,8,42,180,48,21,18,5,7,7,1,0,34,"Cooper Garrison","sa3059282",
"Dylan Gazaway","UTAH",22,4,2,7.054054054054054,20,1,0,0,2,37,176,40,32,29,11,21,7,1,0,34,"Dylan Gazaway","sa3059286",
"Sam Greer","JOES",20,3,3,4.7368421052631575,16,0,0,0,2,38,174,39,25,20,5,15,4,3,0,34,"Sam Greer","sa3059350",
"Jack Hedrick","DUKE",20,2,0,6.803149810645331,16,3,0,0,1,42.1,204,52,37,32,5,19,4,4,1,34,"Jack Hedrick","sa3059451",
"Jett Music","CAM",,3,1,5.1081082397695035,17,0,0,0,4,24.2,116,21,16,14,4,17,3,2,0,34,"Jett Music","sa3060117",
"Luka Pintar","SJSU",,2,2,5.823529411764706,13,6,0,0,2,51,227,57,34,33,4,18,6,4,0,34,"Luka Pintar","sa3060275",
"Kai Yovanovich","SF",23,4,1,3.306122320287186,20,0,0,0,1,32.2,130,18,12,12,3,17,2,1,0,34,"Kai Yovanovich","sa3060995",
"Austin Beard","MONM",,3,3,5.361702127659575,17,2,0,0,2,47,212,44,29,28,3,25,11,5,0,34,"Austin Beard","sa3062558",
"Connor Chicoli","SC",20,2,3,3.2033899340674816,17,6,0,0,0,39.1,169,41,15,14,4,12,4,3,0,34,"Connor Chicoli","sa3062570",
"Matthew Tarr","NIU",,2,1,6.311688468033641,24,0,0,0,4,25.2,133,28,20,18,3,18,9,8,0,34,"Matthew Tarr","sa3062910",
"Justin Spiegel","VMI",,1,6,9.623762012755064,10,9,0,0,0,33.2,172,44,40,36,10,16,7,7,0,34,"Justin Spiegel","sa3065141",
"TJ Coats","MIA",21,6,2,4.422413647670955,16,4,0,0,0,38.2,174,41,22,19,8,14,5,2,0,34,"TJ Coats","sa3065275",
"Jacob Burnham","BC",20,2,2,5.017698945654845,14,6,0,0,0,37.2,182,43,26,21,4,19,5,2,0,34,"Jacob Burnham","sa3066175",
"Sam Stockman","STMN",21,2,5,5.711538461538462,17,4,0,0,1,52,247,53,40,33,4,30,10,2,2,34,"Sam Stockman","sa3066242",
"Patrick Fernandez","CARK",22,1,4,6.935780059246801,9,8,0,0,0,36.1,170,39,29,28,6,23,7,3,0,34,"Patrick Fernandez","sa3070073",
"Ethan Garrett","GASO",19,0,8,10.285714285714286,17,7,0,0,0,35,176,36,44,40,7,30,10,3,0,34,"Ethan Garrett","sa3070147",
"Jack Garvey","UNO",22,1,3,6.291262368924867,16,4,0,0,0,34.1,164,40,27,24,3,20,6,3,0,34,"Jack Garvey","sa3070149",
"Sam Harris","NCSU",19,2,1,4.846153846153846,24,0,0,0,1,39,167,28,22,21,6,17,7,0,0,34,"Sam Harris","sa3070285",
"Ian Mowad","SJU",,2,5,5.58,15,11,0,0,0,50,230,56,33,31,5,21,5,3,1,34,"Ian Mowad","sa3070827",
"Logan Prisco","SC",20,1,0,3.4534884486861217,20,2,0,0,0,28.2,130,27,13,11,2,17,1,1,0,34,"Logan Prisco","sa3071044",
"Jack Pye","W&M",,0,2,9.627906976744185,18,6,0,0,0,43,223,59,55,46,8,31,8,3,0,34,"Jack Pye","sa3071057",
"Hyatt Richardson","FGCU",,4,2,3.085714285714286,19,0,0,0,1,35,158,37,17,12,1,13,3,2,0,34,"Hyatt Richardson","sa3071106",
"Aaron Robertson","WKU",24,1,3,5.8604651162790695,13,11,0,0,0,43,194,53,29,28,3,10,11,4,0,34,"Aaron Robertson","sa3071132",
"McKale Stevenson","BEL",19,4,3,2.430000092697147,11,3,1,0,1,33.1,143,28,13,9,2,11,7,3,0,34,"McKale Stevenson","sa3071372",
"TJ Ziermann","UNCW",19,0,0,6.914633985504662,17,0,0,0,1,27.1,128,21,23,21,4,26,3,12,0,34,"TJ Ziermann","sa3071686",
"Douglas Crystal","FRES",20,1,3,7.6415097089627,26,0,0,0,3,35.1,176,41,32,30,8,24,7,7,0,34,"Douglas Crystal","sa3073549",
"John Hojnowski","TOL",20,2,2,6.517241379310345,13,4,0,0,0,29,133,30,23,21,4,13,7,3,0,34,"John Hojnowski","sa3073562",
"Brett Crossland","TEX",19,1,2,3.471428476839652,25,0,0,0,0,23.1,109,20,10,9,2,12,7,2,0,34,"Brett Crossland","sa3074243",
"Jake Frohn","SDSU",20,2,3,4.153846153846154,15,3,0,0,1,39,166,34,21,18,1,15,5,3,0,34,"Jake Frohn","sa3074748",
"Diego Velazquez","USC",,5,1,4.263157980329774,15,5,0,0,0,31.2,128,24,15,15,6,9,2,1,0,34,"Diego Velazquez","sa3074966",
"Derek Bartek","FDU",,1,1,6.25,14,0,0,0,3,36,183,37,29,25,5,27,11,7,0,34,"Derek Bartek","sa3075327",
"Cal Travers","LONG",19,1,2,4.725000112652781,16,4,0,0,0,26.2,125,23,17,14,1,20,9,0,0,34,"Cal Travers","sa3075419",
"Matt Alduino","QUIN",,4,1,3.4105263842638194,22,0,0,0,5,31.2,129,24,13,12,2,10,2,0,0,33,"Matt Alduino","sa3025869",
"Payton Allen","GRAM",23,3,1,8.27419380293181,19,2,0,0,2,41.1,203,50,42,38,5,23,9,3,0,33,"Payton Allen","sa3025927",
"Kyle Bade","USD",21,1,3,9.972972972972974,18,7,0,0,0,37,194,53,47,41,5,20,13,1,0,33,"Kyle Bade","sa3026376",
"Elian Balmaceda","SFA",,3,1,4.731958948979287,18,3,0,0,1,32.1,156,43,23,17,6,14,1,1,0,33,"Elian Balmaceda","sa3026497",
"Ryland Bozenhard","USA",21,2,3,6.51063829787234,12,10,0,0,0,47,237,67,36,34,7,25,8,2,0,33,"Ryland Bozenhard","sa3027532",
"Jack Brafa","TULN",21,3,0,5.108108108108108,23,5,0,0,1,37,166,42,25,21,4,12,4,0,1,33,"Jack Brafa","sa3027571",
"Jesus Campa","FAMU",24,3,2,5.982035791499069,14,13,0,0,0,55.2,268,60,45,37,6,29,8,5,1,33,"Jesus Campa","sa3028313",
"MJ Castaneda","NKU",,2,1,9.620689655172415,21,2,0,0,0,29,144,40,36,31,11,15,5,2,0,33,"MJ Castaneda","sa3028603",
"Aidan Dowd","FOR",,3,4,6.285714285714286,17,13,0,0,0,63,294,72,48,44,9,25,16,2,0,33,"Aidan Dowd","sa3030519",
"Clark Driscoll","VMI",22,3,3,4.78125,13,8,0,0,0,32,160,41,23,17,2,18,5,5,0,33,"Clark Driscoll","sa3030570",
"Ranard Grace","SEMO",,2,0,5.115789576395729,19,1,0,0,0,31.2,142,33,20,18,5,13,5,4,0,33,"Ranard Grace","sa3032547",
"John Gray","WOF",22,1,3,8.357142857142858,14,5,0,0,1,28,141,36,27,26,1,12,11,3,0,33,"John Gray","sa3032617",
"Mason Horwat","PSU",21,1,0,5.487804878048781,25,3,0,0,1,41,194,38,30,25,1,21,9,2,0,33,"Mason Horwat","sa3034119",
"Gavin Jones","KENT",22,1,3,7.884955486029043,18,7,0,0,1,37.2,179,42,34,33,6,22,5,4,3,33,"Gavin Jones","sa3034872",
"Torin Kassebaum","LIU",,3,3,5.877551020408164,20,1,0,0,1,49,234,52,34,32,5,17,15,2,0,33,"Torin Kassebaum","sa3035106",
"Landon Koenig","MISS",21,3,1,6.352941354665794,17,0,0,0,2,22.2,111,35,20,16,4,7,1,4,0,33,"Landon Koenig","sa3035591",838731
"Brody Krzysiak","KENT",21,1,2,5.90625,22,1,0,0,4,32,142,31,22,21,1,14,4,4,0,33,"Brody Krzysiak","sa3035754",
"Camden Kuhnke","MILW",21,4,2,4.544554283801002,25,1,0,0,6,33.2,155,29,20,17,1,19,7,8,0,33,"Camden Kuhnke","sa3035771",
"Adam Lehmann","WMU",,2,1,5.766990504847795,22,0,0,0,2,34.1,162,36,30,22,3,20,3,6,0,33,"Adam Lehmann","sa3036184",
"Shane McAlinden","CSUB",,3,6,7.508875909136618,14,13,0,0,0,56.1,284,77,57,47,3,37,7,6,0,33,"Shane McAlinden","sa3037413",
"Peter Michael","LOU",22,0,3,13.49999959766866,18,2,0,0,1,21.1,116,37,33,32,5,14,1,5,0,33,"Peter Michael","sa3037973",
"Gavin Miller","GW",20,3,2,4.239669555149222,19,1,0,0,1,40.1,181,29,20,19,5,29,9,1,0,33,"Gavin Miller","sa3038051",
"Luke Payne","ECU",22,3,1,5.40000020599366,16,8,0,0,0,33.1,161,30,24,20,7,24,11,7,0,33,"Luke Payne","sa3039586",
"Tyler Wood","UCD",22,2,3,5.684210526315789,27,0,0,0,0,38,173,41,27,24,3,23,1,3,0,33,"Tyler Wood","sa3045547",
"Luke Zmolik","YSU",24,1,4,5.8037381108457575,17,1,0,0,0,35.2,165,33,24,23,2,22,3,7,0,33,"Luke Zmolik","sa3045877",
"Trever Baumler","TCU",20,2,3,6.456521739130435,16,7,0,0,0,46,214,57,34,33,5,17,8,5,1,33,"Trever Baumler","sa3058583",
"Tyler Bayer","KENN",20,6,6,7.262069156569623,20,4,0,0,0,48.1,232,66,43,39,11,23,10,7,0,33,"Tyler Bayer","sa3058585",
"Brady Bouchard","BING",20,2,3,7.071428571428571,16,7,0,0,0,42,203,54,36,33,6,17,9,1,0,33,"Brady Bouchard","sa3058686",
"Andrew Callaway","DEL",21,1,2,4.422413647670955,17,3,0,0,2,38.2,179,48,31,19,7,15,4,4,1,33,"Andrew Callaway","sa3058796",
"Derek Duval","SBU",22,2,1,6.324324324324325,16,3,0,0,0,37,172,36,29,26,5,20,8,0,0,33,"Derek Duval","sa3059103",
"Clay Hendry","UNF",22,1,4,7.51546421308475,18,5,0,0,0,32.1,166,39,28,27,1,12,12,1,1,33,"Clay Hendry","sa3059467",
"Tate Jones","NJIT",20,3,2,5.861841958150313,16,8,0,0,1,50.2,237,67,42,33,1,11,9,2,0,33,"Tate Jones","sa3059627",
"Jacob LeBlanc","NWST",,4,2,3.09375,17,3,0,0,1,32,139,29,11,11,3,14,6,5,0,33,"Jacob LeBlanc","sa3059774",
"Julian Mlodzinski","FIU",22,3,8,6.362068965517241,16,13,0,0,0,58,282,76,49,41,6,27,4,1,0,33,"Julian Mlodzinski","sa3060062",
"Kevin Schoneboom","UCF",22,3,2,4.5398228555924796,31,0,0,0,1,37.2,180,38,24,19,2,22,10,1,0,33,"Kevin Schoneboom","sa3060520",
"Brady St. Pierre","SELA",20,2,2,5.837837988308004,6,6,0,0,0,24.2,108,24,19,16,6,12,0,5,0,33,"Brady St. Pierre","sa3060682",
"Ben Waterman","LAF",21,3,2,7.382812279975048,14,5,0,0,0,42.2,205,38,40,35,6,27,11,2,0,33,"Ben Waterman","sa3060876",
"Will Marenghi","DAV",20,4,2,5.008064670195569,17,0,0,0,1,41.1,190,41,29,23,7,20,9,7,2,33,"Will Marenghi","sa3062869",
"Wesley Marien","NWST",20,2,2,4.821428735645456,17,1,0,0,3,37.1,162,37,20,20,3,13,4,6,0,33,"Wesley Marien","sa3065088",
"Jake Dorn","MIA",23,5,2,5.4606742743304455,29,1,0,0,0,29.2,134,27,20,18,4,18,5,2,0,33,"Jake Dorn","sa3065289",
"Ethan Glassman","OAK",,0,5,10.702702702702704,12,5,0,0,1,37,209,54,49,44,6,33,11,4,0,33,"Ethan Glassman","sa3065311",
"Jackson Kossow","IONA",23,1,2,6.48,13,1,0,0,0,25,125,36,20,18,5,13,3,5,0,33,"Jackson Kossow","sa3065936",
"Reece Hemmerling","UPST",23,1,3,4.973684210526316,17,4,0,0,1,38,173,37,27,21,4,17,11,0,0,33,"Reece Hemmerling","sa3066197",
"Max Treonze","LEH",,1,3,5.720339167977645,15,1,1,0,0,39.1,182,45,29,25,0,18,5,4,0,33,"Max Treonze","sa3066244",
"Tommy Martin","ME",20,1,2,6.428571428571429,18,1,0,0,1,35,178,40,29,25,4,27,8,3,0,33,"Tommy Martin","sa3066575",
"Preston Watkins","AMCC",,1,3,3.9705882352941178,9,7,0,0,1,34,152,30,18,15,5,6,1,4,0,33,"Preston Watkins","sa3066820",
"James Ellis","SPU",23,0,10,7.2402233093896085,13,13,0,0,0,59.2,316,78,63,48,12,43,14,4,0,33,"James Ellis","sa3067179",
"Caden Brown","SOU",19,3,0,5.495575035717212,17,3,0,0,0,37.2,178,38,27,23,2,26,4,4,0,33,"Caden Brown","sa3069678",
"Drew Dawson","CHSO",,1,1,5.6511629160318355,22,0,0,0,3,28.2,138,36,20,18,2,12,6,4,0,33,"Drew Dawson","sa3069918",
"Gavin Dicks","JAX",,1,2,8.10000030899049,12,7,0,0,0,33.1,168,39,34,30,5,23,9,2,0,33,"Gavin Dicks","sa3069952",
"Jack Fowler","PEPP",19,2,6,5.921052631578948,20,4,0,0,1,38,185,46,36,25,3,21,4,6,0,33,"Jack Fowler","sa3070104",
"Floyd Mckenna","AKR",,1,2,3.780000144195562,22,0,0,0,7,33.1,154,32,22,14,2,13,5,2,0,33,"Floyd Mckenna","sa3070751",
"Niklas Pavia","DAY",21,2,0,12.686747279494579,14,7,0,0,0,27.2,153,39,41,39,5,27,4,3,0,33,"Niklas Pavia","sa3070967",
"Tai Phetluangsy","TAR",23,2,1,3.115384501112993,26,0,0,0,8,34.2,151,31,19,12,4,15,0,1,0,33,"Tai Phetluangsy","sa3071005",
"Mark Rogers","CAN",,3,3,8.1,15,6,0,0,0,40,198,59,39,36,7,19,4,7,0,33,"Mark Rogers","sa3071154",
"Eli Skidmore","MIZ",,3,0,4.387500104606154,20,0,0,0,1,26.2,128,26,14,13,3,20,6,4,0,33,"Eli Skidmore","sa3071300",
"Jacob Wingard","ALCN",,0,6,9.918366960861558,13,6,0,0,1,32.2,179,42,46,36,0,37,8,6,0,33,"Jacob Wingard","sa3071643",
"Noah Yoder","UVA",19,2,0,2.304877995168221,21,0,0,0,0,27.1,133,21,8,7,1,22,6,10,0,33,"Noah Yoder","sa3071674",
"Caleb Ellis","SOU",22,2,3,6.210000236892709,23,0,0,0,7,33.1,166,31,23,23,4,30,6,4,0,33,"Caleb Ellis","sa3073553",
"Jack Wade","WASH",,1,2,6,17,1,0,0,0,21,110,11,15,14,2,28,6,0,0,33,"Jack Wade","sa3073602",
"Anthony Lariz","UCF",20,4,0,4.550561895275371,25,0,0,0,0,29.2,128,20,15,15,2,14,8,0,0,33,"Anthony Lariz","sa3073743",
"Ivan Mastalski","IU",19,1,0,3.894230626391241,19,4,0,0,0,34.2,162,35,19,15,6,14,8,0,0,33,"Ivan Mastalski","sa3073755",
"Noah Andrunas","SLU",,4,4,4.640625,13,13,0,0,0,64,278,70,40,33,6,11,5,2,0,32,"Noah Andrunas","sa3026094",
"Brett Barfield","GT",22,2,0,4.695652173913044,23,0,0,0,1,23,100,21,12,12,4,9,1,2,0,32,"Brett Barfield","sa3026554",
"Robbie Boykin","PRES",23,3,2,6.749999778024089,23,0,0,0,1,38.2,182,44,32,29,8,17,5,7,0,32,"Robbie Boykin","sa3027521",
"James Burke","CREI",23,1,2,5.400000179124921,26,0,0,0,2,38.1,174,41,24,23,5,17,6,2,0,32,"James Burke","sa3028064",
"Brycen Champey","DAV",22,1,2,6.461538461538462,16,1,0,0,1,39,192,40,35,28,4,29,8,7,1,32,"Brycen Champey","sa3028729",
"Brian Crooms","GAST",24,3,6,7.88198739088574,20,8,0,0,2,53.2,268,65,51,47,5,30,19,7,0,32,"Brian Crooms","sa3029584",
"Brayden Curtis","OMA",23,3,3,8.2173914747112,24,0,0,0,0,30.2,148,37,29,28,4,18,3,5,0,32,"Brayden Curtis","sa3029722",
"Bobby Finn","VILL",21,1,2,9.197802005017417,17,4,0,0,0,30.1,163,33,36,31,4,26,11,5,0,32,"Bobby Finn","sa3031346",
"Michael Fortes","DAY",,2,0,3.103448275862069,16,0,0,0,2,29,128,24,13,10,6,11,5,6,0,32,"Michael Fortes","sa3031562",
"Gianni Gambradella","ME",22,5,4,6.17910447761194,14,13,0,0,0,67,312,75,52,46,10,32,2,3,0,32,"Gianni Gambradella","sa3031893",
"Sean Hamilton","HOF",22,0,4,8.015624761115767,14,10,0,0,0,42.2,218,60,41,38,2,26,16,1,0,32,"Sean Hamilton","sa3033088",
"Sean Hard","BC",23,3,1,4.666666666666667,16,2,0,0,1,27,128,24,14,14,2,22,3,7,0,32,"Sean Hard","sa3033196",
"Keegan Johnson","BALL",21,0,2,7.25,10,9,0,0,0,36,169,36,32,29,6,24,6,1,0,32,"Keegan Johnson","sa3034774",
"Zach Johnston","WAKE",22,1,0,2.769230769230769,20,0,0,1,1,26,102,17,8,8,4,8,4,2,0,32,"Zach Johnston","sa3034830",
"Kyle Kipp","BC",21,2,3,5.076923076923077,19,0,0,0,5,39,170,35,22,22,5,16,5,3,0,32,"Kyle Kipp","sa3035431",
"Conner Linn","IU",24,4,1,7.822429627661673,18,9,0,0,0,35.2,179,51,32,31,6,18,5,3,0,32,"Conner Linn","sa3036364",
"Ethan Lyke","MUR",,0,1,8.666666666666666,16,6,0,0,0,27,145,44,29,26,2,18,6,3,0,32,"Ethan Lyke","sa3036731",
"Zach Lyles","WKU",22,2,3,4.114285714285714,23,2,0,0,4,35,155,33,18,16,3,16,4,4,0,32,"Zach Lyles","sa3036735",
"Hadley Maxwell","BUCK",,1,0,2.755101933572655,22,0,0,0,11,32.2,144,29,11,10,0,18,3,1,2,32,"Hadley Maxwell","sa3037363",
"Patrick Morris","ARIZ",23,2,2,6.096774381107649,25,1,0,0,0,41.1,189,50,31,28,6,18,2,3,0,32,"Patrick Morris","sa3038418",
"Carson Olsen","CBU",23,2,1,7.232143103468183,19,0,0,0,0,18.2,100,20,22,15,2,20,2,1,1,32,"Carson Olsen","sa3039123",
"Will Robbins","GASO",23,1,3,5.88118789668365,23,4,0,0,0,33.2,166,46,31,22,5,13,5,0,0,32,"Will Robbins","sa3040862",
"Evan Shapiro","WMU",21,0,1,6.750000160932545,22,0,0,0,0,26.2,136,26,20,20,3,23,9,3,0,32,"Evan Shapiro","sa3042064",
"Seaver Sheets","ULM",23,3,2,5.1,14,8,0,0,0,30,139,34,17,17,1,12,5,1,0,32,"Seaver Sheets","sa3042121",
"Hayden Smith","TROY",22,4,0,3.483870882000563,20,7,0,0,0,51.2,225,44,22,20,3,23,9,3,0,32,"Hayden Smith","sa3042565",
"Zak Szabo","NDSU",21,3,3,6.096774193548387,14,1,0,0,1,31,143,36,22,21,3,16,6,2,2,32,"Zak Szabo","sa3043445",
"Ryan Taffe","SIE",22,2,1,3.82300872049893,14,5,0,0,0,37.2,167,20,22,16,2,25,6,2,0,32,"Ryan Taffe","sa3043466",
"Connor Wylde","NMSU",23,4,2,6.372670656460811,16,8,0,0,1,53.2,264,60,43,38,10,35,16,3,0,32,"Connor Wylde","sa3045649",
"Owen Basso","LAF",21,1,3,4.811881006377532,17,0,0,0,2,33.2,154,31,20,18,2,16,9,6,0,32,"Owen Basso","sa3058574",
"Zach Boyd","W&M",,1,2,6.090225738589229,15,12,0,0,0,44.1,209,53,33,30,5,21,6,3,0,32,"Zach Boyd","sa3058703",
"Owen Byberg","EVAN",23,2,3,6.853846354964222,19,1,0,0,2,43.1,216,55,44,33,7,18,10,1,0,32,"Owen Byberg","sa3058785",
"Matthew Eagen","QUC",23,3,4,5.185430594575152,10,10,0,0,0,50.1,226,56,32,29,9,18,4,5,0,32,"Matthew Eagen","sa3059105",
"Walker Fuller","NORF",22,0,7,9,14,13,0,0,0,51,259,75,66,51,7,27,5,7,0,32,"Walker Fuller","sa3059250",
"Bradley Gagen","EKU",22,1,3,7.875,13,9,0,0,0,32,172,43,35,28,8,22,14,7,0,32,"Bradley Gagen","sa3059254",
"Talin Gardini","SMC",20,1,4,5.303571609210001,17,5,0,0,2,37.1,172,36,23,22,5,24,5,8,0,32,"Talin Gardini","sa3059274",
"Cooper McMullen","KENN",21,2,4,6.051724137931035,16,13,0,0,0,58,273,73,43,39,7,31,3,6,0,32,"Cooper McMullen","sa3059999",
"Parker Morgan","MCN",,1,1,4.263157980329774,25,1,0,0,1,31.2,145,37,18,15,3,14,2,3,0,32,"Parker Morgan","sa3060090",
"Alex Ramos","LBSU",22,0,2,6.352941354665794,20,0,0,0,2,22.2,104,21,16,16,2,16,2,3,3,32,"Alex Ramos","sa3060333",
"Weston Rouse","ORU",22,2,0,1.8493150201741304,9,0,0,0,1,24.1,93,16,5,5,3,9,1,1,0,32,"Weston Rouse","sa3060434",
"Jordan Savinon","RUTG",21,1,3,3.65625,20,1,0,0,1,32,148,31,16,13,5,21,1,3,1,32,"Jordan Savinon","sa3060499",
"Gavin Thompson","BRAD",,0,5,9.566929421219996,18,8,0,0,0,42.1,231,73,63,45,8,27,6,4,0,32,"Gavin Thompson","sa3060742",
"Dane Burns","MSST",21,2,1,3.5217391304347827,28,0,0,0,1,23,111,22,9,9,2,13,4,4,0,32,"Dane Burns","sa3062818",826045
"Jackson Klein","MAN",,4,3,5.086956521739131,14,4,0,0,0,46,222,68,34,26,5,17,7,8,0,32,"Jackson Klein","sa3065069",
"Sergio Droz","UMBC",,1,4,6.622641747767673,16,5,0,0,3,35.1,172,36,32,26,3,25,3,7,0,32,"Sergio Droz","sa3065526",
"Reese Oakley","MUR",,3,3,8.810526492681534,17,1,0,0,0,31.2,166,31,33,31,3,30,10,7,1,32,"Reese Oakley","sa3065830",
"Alec Beversdorf","TXST",21,0,1,5.282608805171486,18,0,0,0,0,30.2,141,35,18,18,3,11,4,6,0,32,"Alec Beversdorf","sa3069608",
"Elliot Burrows","MCN",20,0,1,3.6666666666666665,21,0,0,0,0,27,128,30,14,11,3,19,3,2,0,32,"Elliot Burrows","sa3069711",
"Mason Gass","OHIO",,3,4,8.78155372329096,19,7,0,0,0,68.2,321,100,69,67,8,18,8,1,2,32,"Mason Gass","sa3070151",
"Brock Ketelsen","STAN",18,3,2,7.389473832571609,16,6,0,0,0,31.2,162,39,29,26,4,26,4,6,0,32,"Brock Ketelsen","sa3070507",
"Ryan Lundari","SIE",,1,1,8.074766067263663,16,2,0,0,3,35.2,176,49,35,32,4,20,7,0,0,32,"Ryan Lundari","sa3070638",
"Jack Molini","LEM",19,5,0,7.826086956521739,14,8,0,0,0,46,237,65,48,40,8,31,5,8,0,32,"Jack Molini","sa3070799",
"Nick Reese","HOF",,4,2,5.318181818181818,14,10,2,1,0,44,204,41,35,26,4,28,8,6,0,32,"Nick Reese","sa3071088",
"Scott Rienguette","WSU",22,3,2,5.869565339079428,20,0,0,0,4,30.2,142,39,22,20,7,12,3,5,1,32,"Scott Rienguette","sa3071118",
"Zack Serup","WKU",21,1,4,6.3947366816185225,15,5,0,0,0,25.1,112,29,19,18,6,8,1,2,0,32,"Zack Serup","sa3071265",
"Tyler Shafer","HPU",21,1,1,3.857142857142857,21,0,0,0,4,35,156,32,20,15,2,11,6,2,0,32,"Tyler Shafer","sa3071268",
"Mahiro Tomita","NEV",22,1,2,8.84482729534191,12,6,0,0,1,38.2,195,60,44,38,5,17,10,2,0,32,"Mahiro Tomita","sa3071463",
"Adrian Valdez","SF",21,4,7,6.017142988306166,16,16,0,0,0,58.1,268,78,49,39,3,17,9,2,0,32,"Adrian Valdez","sa3071499",
"Devin Diggs","UNF",,2,1,4.295454452353077,16,1,0,0,3,29.1,130,23,18,14,2,10,7,3,0,32,"Devin Diggs","sa3073704",
"Daniel Parker","CCU",19,3,0,4.764705882352941,19,2,0,0,0,34,151,29,20,18,3,21,5,6,0,32,"Daniel Parker","sa3073775",
"Lincoln McVicker","OSU",20,0,1,3.9512194202883784,21,1,0,0,0,27.1,122,23,12,12,4,11,4,3,1,32,"Lincoln McVicker","sa3074120",
"Maclain Roberts","ARIZ",22,1,1,4.602272627521154,20,0,0,0,0,29.1,132,29,15,15,3,14,6,2,0,32,"Maclain Roberts","sa3074137",
"Hagan Banks","ALA",,2,0,3.085714201635246,18,0,0,0,6,23.1,105,24,11,8,2,8,1,1,1,31,"Hagan Banks","sa3026515",
"Rowen Barnes","UCD",23,2,0,0.8019801677295886,27,0,0,0,12,33.2,131,21,4,3,1,11,3,2,0,31,"Rowen Barnes","sa3026604",
"Jake Bean","LOU",21,2,3,10.285714285714286,14,8,0,0,1,35,184,53,41,40,6,16,10,6,0,31,"Jake Bean","sa3026794",814820
"Derek Benzinger","HALL",23,1,2,6.695999795654303,23,2,0,0,0,41.2,207,50,38,31,3,32,4,7,1,31,"Derek Benzinger","sa3027005",
"Zander Bretza","BALL",22,1,3,6.576923076923077,18,1,0,0,3,26,135,32,21,19,4,24,3,5,0,31,"Zander Bretza","sa3027656",
"Alex Burden","BALL",23,2,5,10.020618950779667,16,7,0,0,0,32.1,172,49,44,36,8,22,3,4,0,31,"Alex Burden","sa3028029",
"Daniel Cohen","YALE",22,5,3,5.338983050847458,14,12,2,1,0,59,265,66,42,35,6,22,2,5,0,31,"Daniel Cohen","sa3029106",
"Aidan Colagrande","STBK",,4,1,3.306122320287186,22,0,0,0,2,32.2,146,33,14,12,3,17,4,3,0,31,"Aidan Colagrande","sa3029122",
"Nathan Deschryver","USD",23,3,3,6.157894736842105,23,7,0,0,0,38,173,30,30,26,7,26,4,2,0,31,"Nathan Deschryver","sa3030193",
"Reid Fagerstrom","MER",,5,1,5.126582154706589,27,2,0,0,1,26.1,128,28,22,15,3,18,0,3,0,31,"Reid Fagerstrom","sa3031121",
"Cameron Flukey","CCU",21,0,2,4.125,7,7,0,0,0,24,101,22,14,11,3,9,2,0,0,31,"Cameron Flukey","sa3031493",805619
"Nick Frers","VCU",,1,3,6.2727272727272725,16,5,0,0,0,33,150,31,25,23,2,20,8,2,0,31,"Nick Frers","sa3031711",
"Connor Grotyohann","URI",23,2,1,5.086956521739131,22,1,0,0,0,23,105,15,17,13,3,21,3,4,0,31,"Connor Grotyohann","sa3032782",
"Gannon Grundman","MSU",21,2,3,5.447368421052632,26,0,0,0,0,38,181,46,26,23,5,15,9,0,0,31,"Gannon Grundman","sa3032797",
"Jesse Gutierrez","SJSU",21,1,4,6.5514707719991,14,10,0,0,0,45.1,216,55,35,33,2,24,7,5,0,31,"Jesse Gutierrez","sa3032881",
"Will Harrigan","COLU",21,1,1,9,15,5,0,0,2,33,177,46,37,33,3,29,7,2,1,31,"Will Harrigan","sa3033315",
"Matt Hoover","WMU",22,1,3,8.907216845137482,24,1,0,0,0,32.1,180,44,41,32,5,30,9,8,0,31,"Matt Hoover","sa3034069",
"Jett Johnston","AUB",21,0,1,5.25,15,0,0,0,0,24,108,26,15,14,2,6,1,3,0,31,"Jett Johnston","sa3034766",814347
"Owen Kelly","MISS",21,3,2,4.247191102257013,16,6,0,0,0,29.2,137,32,20,14,2,10,8,0,0,31,"Owen Kelly","sa3035227",
"Ryan Kroepel","UTU",21,1,2,3.82075485448135,19,0,0,0,10,35.1,148,32,15,15,3,11,0,0,0,31,"Ryan Kroepel","sa3035729",
"Jake Lanzer","STO",22,1,0,3.510000133895879,20,0,0,0,0,33.1,154,35,20,13,3,22,1,2,0,31,"Jake Lanzer","sa3035965",
"Haiden Leffew","TEX",21,4,1,4.05,17,0,0,0,0,20,86,12,10,9,1,15,2,3,0,31,"Haiden Leffew","sa3036174",
"Charlie Miller","SIU",21,1,2,3.894230626391241,16,3,0,0,1,34.2,159,36,19,15,3,16,9,3,0,31,"Charlie Miller","sa3038038",
"Andrew Monson","SAC",,3,2,6.256097415456599,24,0,0,0,1,27.1,132,37,20,19,5,8,4,3,0,31,"Andrew Monson","sa3038239",
"Eli Nissen","CREI",21,1,3,4.695652173913044,23,7,0,0,2,46,194,40,25,24,4,17,3,1,0,31,"Eli Nissen","sa3038887",
"Jack Potteiger","CMU",22,2,0,10.799999757654533,20,0,0,0,2,28.1,148,43,36,34,6,20,6,3,0,31,"Jack Potteiger","sa3040129",
"Richie Roman","HOU",20,2,1,3.8571427762976263,13,4,0,0,0,30.1,141,27,15,13,3,13,8,0,0,31,"Richie Roman","sa3041098",822866
"Brandon Stephens","COPP",21,0,1,14.625,12,0,0,0,0,16,112,14,31,26,2,41,6,7,0,31,"Brandon Stephens","sa3043045",
"Peter Storjohann","UCD",22,4,1,2.755101933572655,23,0,0,0,0,32.2,137,28,18,10,3,11,5,2,0,31,"Peter Storjohann","sa3043185",
"DJ Thompson","WMU",22,3,1,3.6947369162858044,27,0,0,0,0,31.2,151,31,15,13,2,16,13,3,0,31,"DJ Thompson","sa3043753",
"Tucker Timmerman","NEB",21,3,1,4.429687367985029,25,2,0,0,1,42.2,181,42,24,21,4,9,6,2,0,31,"Tucker Timmerman","sa3043843",
"Josh Volmerding","CP",21,1,1,6.506024245894656,10,8,0,0,0,27.2,128,33,23,20,1,10,5,2,0,31,"Josh Volmerding","sa3044557",835281
"Gannon Wentz","NKU",22,1,2,8.019801677295886,26,0,0,0,0,33.2,167,35,39,30,4,25,8,8,0,31,"Gannon Wentz","sa3045007",
"Jacob Whiteman","TOW",21,3,2,4.009900838647943,18,0,0,0,5,33.2,136,22,16,15,6,16,4,5,0,31,"Jacob Whiteman","sa3045117",
"Donovan Whitfield","NORF",22,1,3,6.67741935483871,11,2,0,0,0,31,143,35,25,23,2,13,4,7,0,31,"Donovan Whitfield","sa3045139",
"John Whitney","SAM",23,3,0,4.378378491231003,12,0,0,0,1,24.2,116,24,14,12,1,15,2,0,0,31,"John Whitney","sa3045150",
"Sean Zaslaw","BRY",21,3,2,2.972477168248629,15,2,0,0,2,36.1,164,37,19,12,2,12,6,2,0,31,"Sean Zaslaw","sa3045814",
"Harrison Boushele","HOU",24,2,1,5.337209420696734,17,0,0,0,0,28.2,132,30,20,17,2,12,4,2,0,31,"Harrison Boushele","sa3058692",
"Nathan Darden","LAM",22,0,0,4.55844167135763,25,0,0,0,3,25.2,111,18,14,13,2,17,2,4,0,31,"Nathan Darden","sa3058989",
"Jake Fields","LBSU",,1,4,7.280899032440593,11,7,0,0,0,29.2,147,22,25,24,1,34,8,7,0,31,"Jake Fields","sa3059181",
"J.C. Franconere","QUIN",20,1,1,7.180850918123551,23,0,0,0,1,31.1,152,34,26,25,3,18,3,1,2,31,"J.C. Franconere","sa3059224",
"Conner Johnson","ORU",,2,2,6.979591836734694,16,9,0,0,0,49,233,59,40,38,14,27,6,1,0,31,"Conner Johnson","sa3059607",
"Eli Lehrman","BRAD",22,2,0,8.052631578947368,17,2,0,0,0,38,186,53,34,34,8,21,4,1,0,31,"Eli Lehrman","sa3059787",
"Holden McKinney","JMU",,2,4,5.321167735046394,21,4,0,0,1,45.2,210,52,36,27,3,12,9,3,0,31,"Holden McKinney","sa3059988",
"Parker Munday","AKR",23,1,0,3.085714201635246,17,0,0,0,0,23.1,115,20,11,8,1,18,10,6,0,31,"Parker Munday","sa3060108",
"Jake Porter","USI",,3,2,8.1,23,9,0,0,0,40,196,50,40,36,2,20,13,10,0,31,"Jake Porter","sa3060291",
"Jack Sheldon","FAIR",,3,3,5.006622643038077,20,6,0,0,0,50.1,229,58,30,28,6,18,9,5,0,31,"Jack Sheldon","sa3060564",
"Miles Smith","KSU",23,2,5,7.009615127504234,20,0,0,0,0,34.2,151,33,28,27,6,14,7,2,0,31,"Miles Smith","sa3060622",
"Chase Snavely","DSU",,1,3,10.799999705723362,19,4,0,0,0,46.2,248,68,60,56,5,40,17,9,0,31,"Chase Snavely","sa3060630",
"Justin Trinidad","IONA",,2,3,4.390243902439025,16,5,0,0,1,41,197,49,35,20,4,19,5,1,0,31,"Justin Trinidad","sa3060787",
"Derek Volz","HC",,1,2,8.10000030899049,13,10,0,0,0,33.1,167,29,35,30,6,31,6,2,0,31,"Derek Volz","sa3060848",
"Hunter Winston","OHIO",,1,6,7.463414634146342,13,10,0,0,0,41,209,48,43,34,2,34,5,4,0,31,"Hunter Winston","sa3060945",
"Sam Wright","QUIN",,2,2,6.508928793121365,8,8,0,0,0,37.1,170,42,27,27,3,17,6,4,0,31,"Sam Wright","sa3060975",
"Gus McKay","UIW",,2,2,6.385135299711879,16,5,0,0,0,49.1,229,64,38,35,6,19,7,3,0,31,"Gus McKay","sa3062648",
"Matthew Hall","UNCA",,4,2,7.830000298690807,15,0,0,0,0,33.1,161,31,29,29,2,23,12,3,0,31,"Matthew Hall","sa3062845",
"Connor Mohan","TTU",20,1,3,10.93965481265973,15,10,0,0,0,38.2,207,63,53,47,16,26,3,5,0,31,"Connor Mohan","sa3065576",
"Beau Sampson","TULN",22,0,2,8.23728840188781,15,4,0,0,1,19.2,95,22,18,18,5,13,2,1,0,31,"Beau Sampson","sa3065953",
"Connor Achee","MCN",,3,4,5.634782795608613,18,4,0,0,0,38.1,174,37,27,24,5,21,4,6,0,31,"Connor Achee","sa3069451",
"Jose Cherena","ALCN",,1,5,10.302631320385398,21,3,0,0,0,50.2,286,79,74,58,7,47,12,7,0,31,"Jose Cherena","sa3069791",
"Cooper Foster","FIU",20,1,0,7.902438840576757,20,0,0,0,0,27.1,138,25,26,24,1,30,4,6,0,31,"Cooper Foster","sa3070101",
"Cooper Lewis","GAST",19,1,2,11.5,15,2,0,0,1,18,109,21,24,23,1,29,7,2,0,31,"Cooper Lewis","sa3070594",
"Tommy McGuire","GCU",21,0,2,8.202531447530543,14,0,0,0,0,26.1,127,36,29,24,3,8,6,2,0,31,"Tommy McGuire","sa3070747",
"Chayse Oxborrow","CLT",21,1,1,5.76,12,7,0,0,0,25,111,28,16,16,2,11,2,0,0,31,"Chayse Oxborrow","sa3070935",
"Bryce Suiter","TTU",20,1,1,7.012987186704046,18,0,0,0,0,25.2,129,27,24,20,8,20,8,1,0,31,"Bryce Suiter","sa3071400",
"Kayden Sutton","ALCN",,1,7,10.897590611873548,14,10,0,0,0,55.1,314,82,89,67,4,45,18,7,0,31,"Kayden Sutton","sa3071406",
"J.T. Weaver","UNCG",22,0,4,9.72972972972973,14,8,0,0,1,37,202,50,48,40,6,27,13,3,0,31,"J.T. Weaver","sa3071569",
"Kaden Rylance","SDST",,4,3,7.308270886307075,14,10,0,0,0,44.1,212,38,39,36,2,33,9,1,0,31,"Kaden Rylance","sa3073797",
"Aydan Smith","CHSO",,2,3,6.694215087077719,16,5,0,0,1,40.1,184,51,37,30,12,10,2,3,0,31,"Aydan Smith","sa3073806",
"Brett Faccio","YALE",19,1,0,7.977272554370001,17,3,0,0,0,29.1,153,35,30,26,4,27,2,6,0,31,"Brett Faccio","sa3074262",
"Matthew McCullough","TAR",19,5,2,4.714285714285714,15,8,0,0,0,42,193,42,24,22,3,25,5,5,0,31,"Matthew McCullough","sa3074358",
"Erik Puodziunas","MICH",19,2,0,5.586206896551724,14,5,0,0,0,29,129,31,18,18,5,10,3,3,0,31,"Erik Puodziunas","sa3074400",
"Luke Schat","NEV",,2,2,4.984615530883071,14,1,0,0,0,21.2,102,24,14,12,1,11,3,0,0,31,"Luke Schat","sa3075727",
"Brett Antolick","ECU",21,3,2,7.913792843200656,12,5,0,0,0,19.1,96,25,20,17,4,8,6,5,0,30,"Brett Antolick","sa3026118",
"Bradyn Barnes","NMSU",21,0,4,10.2,14,6,0,0,0,30,155,39,37,34,5,25,4,7,0,30,"Bradyn Barnes","sa3026591",
"Bryant Beranek","MTSU",,1,3,4.2733814122421325,21,4,0,0,0,46.1,193,49,22,22,5,9,8,2,0,30,"Bryant Beranek","sa3027007",
"Bowen Brantingham","AFA",21,0,3,7.481927882778854,9,6,0,0,0,27.2,122,26,25,23,3,12,5,3,0,30,"Bowen Brantingham","sa3027596",
"Joey Cirelli","BRAD",,1,6,10.285714285714286,21,5,0,0,2,49,259,84,66,56,14,26,9,9,0,30,"Joey Cirelli","sa3028945",
"Luke Craytor","VT",22,4,0,3.1558442340168207,21,0,0,0,2,25.2,112,22,10,9,3,13,1,3,0,30,"Luke Craytor","sa3029541",832377
"Tanner Douglas","ORST",21,0,0,1.620000061798098,16,0,0,0,0,16.2,70,10,5,3,0,7,3,2,0,30,"Tanner Douglas","sa3030512",
"Drew Druckenmiller","SAM",,1,1,11.290908699350922,15,0,0,0,0,18.1,90,19,23,23,4,13,3,4,0,30,"Drew Druckenmiller","sa3030580",
"Dylan Farley","ARST",,7,3,3.7636363636363637,14,14,0,0,0,55,250,46,26,23,4,28,14,2,0,30,"Dylan Farley","sa3031150",
"Cohen Feser","KSU",23,2,2,4.673076751669489,16,3,0,0,4,34.2,163,43,19,18,7,11,2,1,0,30,"Cohen Feser","sa3031288",
"Caden Gaudette","GT",23,6,2,4.831579044373744,26,0,0,0,1,31.2,132,25,18,17,6,9,3,2,0,30,"Caden Gaudette","sa3032054",
"Tyler Gebb","LBSU",21,3,0,3.4411764705882355,26,0,0,0,2,34,138,22,15,13,2,14,4,4,1,30,"Tyler Gebb","sa3032080",
"Ryan Gold","KENN",21,0,2,4.655172413793103,16,1,0,0,0,29,139,35,19,15,3,11,7,5,0,30,"Ryan Gold","sa3032349",
"JC Gutierrez","RGV",22,1,1,5.737500136792663,13,2,0,0,0,26.2,117,29,20,17,2,6,3,1,0,30,"JC Gutierrez","sa3032880",
"Dawson Hall","WKU",22,2,2,4.602272627521154,17,3,0,0,0,29.1,140,26,19,15,3,22,4,5,0,30,"Dawson Hall","sa3033020",
"Sam Hentges","AFA",21,2,1,6.65753407262687,19,0,0,0,2,24.1,112,17,19,18,0,16,7,5,0,30,"Sam Hentges","sa3033651",
"Noah Hertzler","W&M",21,1,1,5.785714285714286,16,0,0,0,0,28,135,27,19,18,2,17,9,10,0,30,"Noah Hertzler","sa3033724",
"Brandon Hsu","GMU",22,1,1,8.042553028298377,20,1,0,0,1,31.1,160,47,32,28,5,11,7,4,0,30,"Brandon Hsu","sa3034202",
"William Humphrey","WIU",23,3,5,11.172413793103448,17,6,0,0,0,29,165,52,37,36,6,24,5,6,0,30,"William Humphrey","sa3034295",
"Kaleb Kantola","LIP",25,1,0,1.951807273768397,17,0,0,0,9,27.2,116,18,7,6,1,12,5,5,0,30,"Kaleb Kantola","sa3035063",
"Carter Kelsey","GMU",23,2,2,8.890243695648852,19,0,0,0,3,27.1,144,38,29,27,2,17,7,4,0,30,"Carter Kelsey","sa3035237",
"Alex Lyon","COFC",22,3,1,4.015384615384615,23,0,0,0,2,65,276,64,32,29,8,12,9,2,1,30,"Alex Lyon","sa3036749",
"Colby McNeely","WIN",,5,0,5.6972479058098715,20,0,0,0,2,36.1,169,38,25,23,2,15,13,3,0,30,"Colby McNeely","sa3037730",
"Graham Moore","VILL",,5,0,3.521739203447657,21,0,0,0,2,30.2,134,24,14,12,2,10,5,3,0,30,"Graham Moore","sa3038295",
"Drew Munn","CLT",22,3,2,7.2,18,9,0,0,1,45,202,51,39,36,7,21,4,1,0,30,"Drew Munn","sa3038551",
"Liam OBrien","HAW",23,1,4,4.547368512351759,10,7,0,0,0,31.2,140,18,20,16,1,23,4,2,0,30,"Liam OBrien","sa3039005",
"Easton Rakers","LIN",,3,4,5.594594594594595,22,0,0,0,5,37,173,48,25,23,4,9,6,4,0,30,"Easton Rakers","sa3040405",
"Karl Ralamb","BELL",22,3,6,11.4,19,8,0,0,0,30,160,41,42,38,6,22,10,8,0,30,"Karl Ralamb","sa3040406",
"Matt Sauser","UCF",21,2,3,3.2201835989360146,9,8,0,0,0,36.1,147,27,14,13,4,11,4,2,0,30,"Matt Sauser","sa3041608",
"Ethan Shaver","PAC",24,3,1,10.063636014638865,26,0,0,0,1,36.2,201,59,46,41,3,21,11,10,0,30,"Ethan Shaver","sa3042081",
"Owen Simmons","CAM",21,4,2,5.914285714285715,21,0,0,0,1,35,164,35,25,23,2,17,10,2,0,30,"Owen Simmons","sa3042312",
"Danny Suarez","UCI",22,3,3,3.258620582494388,16,0,0,0,2,38.2,149,25,16,14,4,4,3,1,0,30,"Danny Suarez","sa3043288",
"Jeremy Urena","FIU",22,0,3,9.378947556725503,14,5,0,0,1,31.2,166,57,38,33,4,11,5,1,0,30,"Jeremy Urena","sa3044257",
"Collin Valentine","PEPP",22,3,6,3.857143002106728,15,14,0,0,0,67.2,298,76,35,29,3,25,8,1,2,30,"Collin Valentine","sa3044294",
"Jordan Vargas","FIU",,2,0,5.299065231641779,21,4,0,0,1,35.2,166,43,26,21,3,9,8,2,0,30,"Jordan Vargas","sa3044372",
"Jacob Vogel","IU",22,1,1,4.8396228156763765,22,0,0,0,0,35.1,155,31,20,19,5,13,6,1,0,30,"Jacob Vogel","sa3044546",
"Maddox Webb","MSST",21,1,1,3.907894638766875,27,0,0,0,3,25.1,121,23,11,11,2,19,3,2,1,30,"Maddox Webb","sa3044910",
"Cade Williams","UMES",,2,6,9.54,14,10,0,0,0,50,261,72,61,53,8,37,7,3,0,30,"Cade Williams","sa3045260",
"Troy Benko","M-OH",22,2,1,6.749999830597329,16,7,0,0,0,50.2,233,67,41,38,7,12,6,2,0,30,"Troy Benko","sa3058618",
"Jake Blackwell","MCN",,6,0,3.1595744039743625,24,0,0,0,2,31.1,136,29,12,11,4,14,2,2,0,30,"Jake Blackwell","sa3058650",
"Josh Gregoire","SC",22,0,0,4.304347826086956,19,0,0,0,0,23,99,19,11,11,4,11,1,1,1,30,"Josh Gregoire","sa3059354",
"Fischer Hendershot","EMU",20,1,1,6.831325458189389,15,0,0,0,4,27.2,120,27,21,21,5,8,4,3,0,30,"Fischer Hendershot","sa3059464",
"Zak Johnson","SHSU",,2,3,4.695652271263543,27,0,0,0,5,30.2,145,36,21,16,5,14,3,5,0,30,"Zak Johnson","sa3059617",
"Cole Lanford","ODU",20,1,1,7.755318991573436,19,4,0,0,0,31.1,165,43,32,27,2,22,5,0,1,30,"Cole Lanford","sa3059751",
"James Nichols","MRMK",,2,2,6.33913064505969,18,4,0,0,0,38.1,181,38,29,27,3,23,9,2,0,30,"James Nichols","sa3060140",
"John-Paul Sauer","SEMO",,4,1,5.218487227672698,14,9,0,0,0,39.2,190,50,25,23,3,23,6,3,0,30,"John-Paul Sauer","sa3060494",
"Dylan Story","HPU",22,2,2,2.6619719024973025,21,0,0,0,11,23.2,101,17,11,7,1,13,1,1,0,30,"Dylan Story","sa3060678",
"Diego Alvarez","UNM",22,1,4,8.34868400100196,14,12,0,0,1,50.2,251,86,50,47,8,16,6,4,1,30,"Diego Alvarez","sa3062554",
"Ej Mcgrew","SJSU",22,2,2,7.120878971626387,16,0,0,1,2,30.1,149,39,29,24,4,17,4,6,0,30,"Ej Mcgrew","sa3062872",
"Alex Gay","M-OH",20,2,1,5.76,17,1,0,0,1,25,124,26,25,16,3,23,2,9,0,30,"Alex Gay","sa3065306",
"Kaden Kimble","MSM",,2,2,6.029126436886331,19,5,0,0,0,34.1,168,39,24,23,3,23,5,2,0,30,"Kaden Kimble","sa3066072",
"Lucien Wechsberg","PEPP",,3,3,4.655172413793103,25,0,0,0,10,29,135,31,22,15,1,13,2,3,0,30,"Lucien Wechsberg","sa3067096",
"Collin Aloisio","SHSU",,4,2,7.363636595785491,17,7,0,0,1,40.1,193,48,36,33,6,15,5,3,0,30,"Collin Aloisio","sa3069483",
"Jacob Belecky","QUIN",,2,3,6.6923076923076925,15,7,0,0,0,39,189,50,34,29,3,13,8,3,1,30,"Jacob Belecky","sa3069588",
"Zach Bowman","GONZ",21,3,5,4.685950560954403,13,4,1,0,2,40.1,184,43,25,21,4,21,2,1,0,30,"Zach Bowman","sa3069647",
"Jackson Hohensee","APSU",24,0,2,4.0135136169617525,18,0,0,0,3,24.2,113,29,11,11,0,9,2,3,0,30,"Jackson Hohensee","sa3070343",
"Thomas Howard","PUR",22,6,0,3.9056603773584904,26,1,0,0,2,53,238,52,27,23,9,20,5,4,0,30,"Thomas Howard","sa3070375",
"Brandon Jaenke","MINN",23,2,3,4.081395439356326,22,0,0,0,4,28.2,127,23,14,13,3,14,3,3,0,30,"Brandon Jaenke","sa3070421",
"Nicholas Johnson","ALCN",,0,1,8.485714285714286,18,1,0,0,0,35,184,40,40,33,2,30,9,8,0,30,"Nicholas Johnson","sa3070450",
"Daniel Lang","STO",,2,6,7.325581395348837,13,9,0,0,0,43,209,46,43,35,4,29,1,5,0,30,"Daniel Lang","sa3070558",
"Gabe LeBlanc","SFA",,2,3,6,14,13,0,0,0,51,229,65,37,34,6,8,4,4,0,30,"Gabe LeBlanc","sa3070575",
"Hunter Manning","UCI",19,0,1,6.039473532639716,17,4,0,0,1,25.1,117,23,19,17,5,15,1,2,1,30,"Hunter Manning","sa3070665",
"Christian Martinez","STBK",,1,3,6.252631704483669,16,1,0,0,1,31.2,154,39,26,22,3,21,6,3,0,30,"Christian Martinez","sa3070690",
"Riley Miller","UAB",20,5,1,6.090225738589229,25,0,0,0,3,44.1,200,52,30,30,7,22,1,4,1,30,"Riley Miller","sa3070793",
"Luke Morgan","ORE",,1,1,5.178082056487566,23,0,0,0,0,24.1,100,18,15,14,3,9,5,1,0,30,"Luke Morgan","sa3070814",
"Nic Morlang","MD",,3,4,8.217391576929227,15,11,0,0,0,38.1,202,61,43,35,3,27,3,3,0,30,"Nic Morlang","sa3070819",
"Lucas Niemeyer","LIN",19,2,4,4.3783782880962825,14,13,0,0,0,61.2,281,73,40,30,5,20,11,0,0,30,"Lucas Niemeyer","sa3070883",
"David Roberts","SMC",19,2,2,5.1,22,1,0,0,3,30,132,29,20,17,5,12,5,3,1,30,"David Roberts","sa3071136",
"Sam Rosand","MIZ",,1,3,5.400000108417714,21,2,0,0,3,31.2,141,34,21,19,6,10,4,2,0,30,"Sam Rosand","sa3071167",
"Caleb Sebek","USD",,1,3,9.28125,20,3,0,0,2,32,156,41,34,33,4,16,7,4,0,30,"Caleb Sebek","sa3071253",
"Matt Stuart","GWEB",,4,3,6.230769100173089,15,13,1,1,0,60.2,283,79,49,42,6,25,6,5,0,30,"Matt Stuart","sa3071395",
"Brayden Toro","STET",20,1,2,5.737500136792663,13,5,0,0,1,26.2,125,33,22,17,2,10,4,4,0,30,"Brayden Toro","sa3071467",
"Karson Trichel","NICH",20,1,0,4.021276514149188,19,0,0,0,0,31.1,135,29,15,14,6,8,6,1,0,30,"Karson Trichel","sa3071477",
"Nate Vidlak","SFA",22,1,2,5.955882519999182,15,2,0,1,0,22.2,114,25,17,15,1,15,5,4,0,30,"Nate Vidlak","sa3071532",
"Carson Boesel","WASH",,1,0,4.75,21,0,0,0,1,36,156,39,19,19,6,9,7,1,0,30,"Carson Boesel","sa3073542",
"Trey Rutledge","AFA",19,3,0,6.440367197872029,20,1,0,0,1,36.1,173,48,26,26,4,12,6,3,0,30,"Trey Rutledge","sa3073589",
"Zach Stichweh","CHSO",,1,1,9.818182061385665,16,4,0,0,0,25.2,127,32,31,28,6,14,6,2,0,30,"Zach Stichweh","sa3073810",
"Titan Targac","TXST",19,2,5,6.206896551724138,17,6,0,0,1,29,148,34,28,20,4,25,5,3,0,30,"Titan Targac","sa3073813",
"Jackson Evans","LIB",19,4,0,7.285714285714286,11,2,0,0,0,21,93,23,17,17,7,5,5,0,0,30,"Jackson Evans","sa3074261",
"Myles McDermott","UNH",,3,3,8.556338258027044,14,6,0,0,0,47.1,250,64,57,45,8,30,12,2,0,30,"Myles McDermott","sa3074359",
"Mark Abell","ARMY",,0,0,6.827586206896552,17,2,0,0,1,29,149,45,22,22,4,15,5,6,0,29,"Mark Abell","sa3025702",
"Oliver Brown","PV",22,1,4,10.124999628617227,13,4,0,0,0,34.2,195,46,44,39,4,30,13,8,0,29,"Oliver Brown","sa3027870",
"Porter Buursema","GT",21,0,2,6.19672111771627,10,4,0,0,0,20.1,93,15,15,14,2,19,0,4,0,29,"Porter Buursema","sa3028181",806040
"Grant Cunningham","TA&M",22,4,1,7.909090909090909,17,0,0,0,1,33,154,51,30,29,7,9,1,0,0,29,"Grant Cunningham","sa3029691",
"Reed Gannon","ILL",23,5,2,4.300884810561296,21,0,0,0,3,37.2,160,35,20,18,3,7,7,2,0,29,"Reed Gannon","sa3031901",
"Zach Gleason","RUTG",,1,1,5.586206896551724,19,2,0,0,0,29,131,32,19,18,3,17,1,5,0,29,"Zach Gleason","sa3032301",
"Max Grubbs","TEX",22,2,0,5.522727153025385,19,2,0,0,0,29.1,131,32,23,18,5,12,1,4,0,29,"Max Grubbs","sa3032792",
"John James","SFA",,2,2,2.8285714285714287,19,0,0,0,2,35,144,33,13,11,1,10,1,3,0,29,"John James","sa3034553",
"Gavin Johnston","SEMO",,0,2,4.673076751669489,10,0,0,0,3,17.1,74,14,9,9,1,10,0,6,0,29,"Gavin Johnston","sa3034751",
"Mason Koczwara","FIU",,1,1,8.338235527998854,17,1,0,0,0,22.2,107,24,21,21,4,14,3,10,0,29,"Mason Koczwara","sa3035582",
"Jared Lessman","UIC",23,4,2,4.456310844655114,22,4,0,0,0,34.1,152,24,19,17,3,21,10,5,0,29,"Jared Lessman","sa3036256",
"Matt Lynch","TOW",21,1,3,7.809917601590672,19,5,0,0,2,40.1,207,58,46,35,8,33,3,3,0,29,"Matt Lynch","sa3036741",
"Joshua Martinez","UCR",,1,5,8.831775386069632,19,7,0,0,0,35.2,189,41,37,35,2,32,14,5,0,29,"Joshua Martinez","sa3037183",
"Connor Nation","LT",,2,1,7.762500185072426,24,0,0,0,0,26.2,128,32,30,23,4,11,6,4,0,29,"Connor Nation","sa3038691",
"Richie Paltridge","SIE",23,1,5,9.089108567602004,16,2,0,0,1,33.2,181,44,44,34,3,25,5,2,0,29,"Richie Paltridge","sa3039393",
"Mike Poncini","QUIN",22,0,2,4.090909090909091,16,1,0,0,1,33,145,28,18,15,3,11,9,2,1,29,"Mike Poncini","sa3040064",
"Eddie Smink","PITT",22,3,0,5.625,16,1,0,0,5,32,144,29,21,20,7,16,4,2,0,29,"Eddie Smink","sa3042467",
"Evan Steckmesser","ALA",,1,0,5.323943804994605,19,0,0,0,1,23.2,105,20,17,14,2,13,2,1,0,29,"Evan Steckmesser","sa3042994",
"Pablo Torres","BCU",21,2,3,4.443037867412377,21,0,0,0,5,26.1,121,25,16,13,4,16,4,3,0,29,"Pablo Torres","sa3043974",
"JJ Harrell","PRES",20,0,2,8.915094660456484,21,1,0,0,1,35.1,182,56,40,35,4,22,4,3,0,29,"JJ Harrell","sa3059416",
"Mason Hatcher","RAD",20,0,3,4.05,20,0,0,0,4,20,86,12,12,9,3,10,4,3,0,29,"Mason Hatcher","sa3059434",
"Wilson Magers","CREI",20,3,2,4.135135135135135,9,8,0,0,0,37,164,31,23,17,3,18,6,5,0,29,"Wilson Magers","sa3059893",
"Grayson Murry","BAY",22,0,1,7.220930392707346,25,1,0,0,1,28.2,146,31,25,23,2,21,7,2,1,29,"Grayson Murry","sa3060116",
"Reyn Watson","APP",21,1,1,4.554216972126259,20,0,0,0,0,27.2,137,31,19,14,5,17,1,6,0,29,"Reyn Watson","sa3060880",
"Joey Ciancimino","PITT",21,2,0,4.70930243002653,21,0,0,0,0,28.2,137,36,18,15,5,17,2,5,0,29,"Joey Ciancimino","sa3062571",
"Cade Sonoqui","WIU",22,0,1,5.869565412092306,20,0,0,0,1,38.1,189,46,28,25,5,23,6,0,0,29,"Cade Sonoqui","sa3062684",
"Lucas Stone","UNCO",20,2,4,7.153846153846154,19,6,0,0,0,39,184,45,37,31,3,26,6,3,0,29,"Lucas Stone","sa3062687",
"Logan Darnell","MVSU",,2,7,8.018181818181818,17,9,0,0,2,55,279,93,55,49,8,15,6,3,0,29,"Logan Darnell","sa3062829",
"Justin Hicks","UAB",20,2,4,8.513513513513514,19,8,0,0,0,37,182,54,39,35,6,12,7,0,0,29,"Justin Hicks","sa3062848",
"Easton Brooks","UTU",22,1,0,3.8117646203486584,17,0,0,0,3,28.1,121,30,15,12,2,10,0,1,0,29,"Easton Brooks","sa3065007",
"Brady Hudson","UNCO",20,4,3,9,21,2,0,0,0,26,128,29,27,26,4,16,8,5,0,29,"Brady Hudson","sa3065060",
"Gus Allred","UNCO",23,1,1,7.389473832571609,18,1,0,0,1,31.2,154,45,29,26,3,14,3,3,0,29,"Gus Allred","sa3065245",
"Tyler Patrick","FRES",,1,4,7.7368421052631575,18,9,0,0,0,57,283,91,54,49,13,16,10,4,0,29,"Tyler Patrick","sa3065381",
"Brendon Bennett","CLEM",20,0,0,2.0454545454545454,19,0,0,0,0,22,95,16,6,5,1,8,7,2,0,29,"Brendon Bennett","sa3065774",
"Austin Laughlin","WOF",20,1,2,6.506024245894656,17,4,0,0,2,27.2,132,34,23,20,6,11,3,5,0,29,"Austin Laughlin","sa3065819",
"Dominic Monaco","WKU",21,1,3,7.2,12,6,0,0,0,20,94,14,16,16,5,18,6,2,0,29,"Dominic Monaco","sa3065827",
"Jake Yeager","MD",20,4,2,8.85245873959467,17,9,0,0,0,40.2,209,52,47,40,6,30,13,6,0,29,"Jake Yeager","sa3065859",
"Logan Addison","TTU",20,0,1,7.7142855040881155,20,0,0,0,1,23.1,105,25,20,20,6,9,5,0,0,29,"Logan Addison","sa3066164",
"Julian Cazares","UCSD",,2,2,5.7,23,0,0,0,2,30,137,42,20,19,1,7,3,3,0,29,"Julian Cazares","sa3066734",
"Michael Bilo","WRST",21,1,2,3.9512194202883784,16,0,0,0,2,27.1,121,18,12,12,2,19,4,2,0,29,"Michael Bilo","sa3066886",
"Tyler Foster","UCI",20,1,1,5.516129032258065,15,1,0,0,0,31,132,33,20,19,8,4,3,3,0,29,"Tyler Foster","sa3067181",
"Will Andre","SAM",,1,1,5.576087072125457,20,2,0,0,0,30.2,145,35,19,19,1,19,4,2,0,29,"Will Andre","sa3069501",
"Brady Bickett","CHSO",,2,4,7.071428571428571,15,10,0,0,0,42,201,45,39,33,2,27,9,4,0,29,"Brady Bickett","sa3069609",
"Ryan Bosch","WAKE",18,1,1,2.2131146848986676,22,0,0,0,1,20.1,84,10,5,5,1,12,2,4,0,29,"Ryan Bosch","sa3069640",
"Brady Chambers","MSU",20,3,3,6.813083869253716,21,4,0,0,1,35.2,169,42,27,27,6,16,4,0,1,29,"Brady Chambers","sa3069782",
"Caleb Clover","VCU",21,2,3,8.379310344827585,17,0,0,0,0,29,154,41,31,27,4,21,7,3,0,29,"Caleb Clover","sa3069812",
"Porter Conn","SIUE",22,1,1,5.810126442000801,21,0,0,0,2,26.1,124,25,17,17,0,22,2,4,0,29,"Porter Conn","sa3069830",
"Devin Costa","MORE",20,5,1,4.743243365500254,26,0,0,0,3,49.1,213,53,28,26,6,4,11,1,0,29,"Devin Costa","sa3069857",
"Henry Harding","HC",,2,2,6.3,17,0,0,0,0,30,167,41,32,21,4,27,7,3,0,29,"Henry Harding","sa3070273",
"Christian Helmers","UAB",20,1,2,10.978021747924014,21,3,0,0,0,30.1,167,44,44,37,6,22,7,6,0,29,"Christian Helmers","sa3070311",
"Josh Lanum","WES",22,0,0,12.623376936067283,18,0,0,0,1,25.2,145,34,39,36,7,25,9,6,0,29,"Josh Lanum","sa3070562",
"Jairus Miller","MCN",,2,0,6.084507205708119,13,7,0,0,0,23.2,124,25,20,16,5,22,6,5,0,29,"Jairus Miller","sa3070789",
"Nathan Mueller","AMCC",,1,1,8.284090729538079,20,5,0,0,0,29.1,146,35,29,27,4,21,6,6,0,29,"Nathan Mueller","sa3070831",
"Brett Mulligan","HC",20,1,2,6.958763160263658,15,7,0,0,0,32.1,159,41,32,25,6,21,4,4,0,29,"Brett Mulligan","sa3070834",
"Tyler Papenbrock","UL",23,4,0,5.355372069662175,22,2,0,0,3,40.1,184,38,26,24,2,25,6,5,0,29,"Tyler Papenbrock","sa3070948",
"John Michael Pickens","MTSU",,2,2,3.857142857142857,26,1,0,0,2,42,193,42,21,18,6,20,4,5,0,29,"John Michael Pickens","sa3071010",
"Dominic Pontbriant","USF",,4,0,3.4225353032108172,19,7,0,0,1,47.1,203,51,20,18,4,13,2,0,0,29,"Dominic Pontbriant","sa3071033",
"Aiden Robertson","VT",21,1,0,10.193877154218823,18,2,0,0,0,32.2,169,47,39,37,9,25,6,1,1,29,"Aiden Robertson","sa3071133",
"Tsubasa Tomii","HAW",21,3,1,1.817307625649246,26,0,0,0,1,34.2,142,22,10,7,1,11,4,5,0,29,"Tsubasa Tomii","sa3071462",
"Fawster Voytko","UIW",,2,5,6.177966301415857,18,4,0,0,3,39.1,177,41,29,27,3,17,5,2,0,29,"Fawster Voytko","sa3071541",
"Carter White","EMU",21,0,2,9.707865376587458,16,4,0,0,0,29.2,156,41,32,32,6,18,14,1,1,29,"Carter White","sa3071591",
"Michael Zielinski","WRST",19,1,2,5.399999878827266,20,0,0,0,2,28.1,135,24,19,17,4,22,5,4,0,29,"Michael Zielinski","sa3071685",
"Payton Waters","JAX",22,1,6,7.317756748457695,14,8,0,0,1,35.2,165,40,34,29,9,13,4,4,0,29,"Payton Waters","sa3073604",
"Jake Boynar","UNA",,1,4,9.52941203199869,13,6,0,0,0,22.2,124,24,25,24,5,25,7,1,0,29,"Jake Boynar","sa3073930",
"Nate Kugler","DART",,2,4,3.3503648702143964,13,7,0,0,0,45.2,196,42,23,17,3,17,8,1,1,29,"Nate Kugler","sa3074767",
"Jude Abbadessa","TULN",22,2,3,7.601942029117549,27,2,0,0,0,34.1,178,43,30,29,6,32,3,7,0,28,"Jude Abbadessa","sa3025689",
"Justin Battle","UNA",23,2,0,5.7272727272727275,21,0,0,0,0,33,144,29,22,21,6,16,5,3,0,28,"Justin Battle","sa3026724",
"Wyatt Bunch","LONG",,3,1,5.0625,23,2,0,0,1,48,209,59,29,27,1,8,5,2,0,28,"Wyatt Bunch","sa3028009",
"Luke Carrell","OSU",23,1,0,4.5,27,0,0,0,1,26,117,27,17,13,3,5,5,4,0,28,"Luke Carrell","sa3028491",
"Aydan Decker-Petty","LIB",22,2,4,6.545454545454546,20,1,0,0,0,22,106,22,17,16,1,18,2,2,0,28,"Aydan Decker-Petty","sa3030000",
"Demitri Diamant","UTAH",22,2,1,2.925,19,1,0,0,1,40,175,37,16,13,6,19,3,3,0,28,"Demitri Diamant","sa3030247",
"Joseph Duffield","MAN",21,2,5,7.067113913027516,13,9,0,0,0,49.2,246,55,44,39,1,30,15,6,0,28,"Joseph Duffield","sa3030619",
"Kyle Emmons","PSU",21,1,3,5.495575035717212,20,0,0,0,2,37.2,169,40,25,23,7,18,3,2,0,28,"Kyle Emmons","sa3030933",
"Jett Feltman","HCU",,2,2,7.448275862068965,15,5,0,0,1,29,135,36,25,24,6,5,4,2,0,28,"Jett Feltman","sa3031232",
"Justin Hackett","IOWA",22,1,1,7.087500168979172,19,1,0,0,1,26.2,125,28,21,21,3,19,2,4,0,28,"Justin Hackett","sa3032931",
"Peyton Lacy","NICH",,2,1,4.75,23,0,0,0,1,36,164,35,25,19,3,19,5,1,0,28,"Peyton Lacy","sa3035834",
"Nathan Lawson","WKU",22,2,2,4.628571428571429,20,2,0,0,4,35,155,36,21,18,3,7,4,3,1,28,"Nathan Lawson","sa3036078",
"Marco Levari","LAS",21,1,3,9,11,6,0,0,0,25,123,29,29,25,2,23,1,6,0,28,"Marco Levari","sa3036271",
"Parker Marlatt","SC",22,0,0,5.6842103836609095,19,0,0,0,1,25.1,124,31,21,16,4,14,2,1,0,28,"Parker Marlatt","sa3037066",
"Doug Marose","DEL",,1,7,6.557142678474898,12,11,0,0,0,46.2,218,64,40,34,6,19,3,0,0,28,"Doug Marose","sa3037078",
"Marcello Mastroianni","DUKE",21,2,0,6.958763160263658,25,0,0,0,0,32.1,162,38,27,25,4,17,13,4,3,28,"Marcello Mastroianni","sa3037273",
"Christopher Mattioli","FDU",23,4,4,9.486486486486486,12,8,0,0,0,37,204,61,44,39,7,21,14,2,0,28,"Christopher Mattioli","sa3037338",
"Jordan Medellin","UAPB",,1,2,5.912408594495994,20,4,0,0,0,45.2,215,49,41,30,1,22,10,9,0,28,"Jordan Medellin","sa3037772",
"Kevin Opanel","MONM",,5,1,4.1386860161471954,19,0,0,0,2,45.2,195,44,25,21,8,15,5,4,0,28,"Kevin Opanel","sa3039172",
"Davis Oswalt","MEM",23,2,1,7.630434940803257,20,0,0,0,1,30.2,156,45,34,26,3,17,3,1,1,28,"Davis Oswalt","sa3039265",
"Logan Piper","USD",23,0,2,7.012987186704046,21,2,0,0,0,25.2,135,33,21,20,3,21,7,1,0,28,"Logan Piper","sa3039953",
"Lakin Polk","SELA",,4,2,6.260869565217392,10,10,0,0,0,46,210,55,35,32,3,16,2,3,0,28,"Lakin Polk","sa3040041",
"Jake Potts","LIB",,4,2,4.5,21,3,0,0,1,38,172,35,27,19,4,22,4,2,1,28,"Jake Potts","sa3040134",
"Logan Rushing","MEM",23,2,3,3.896907369747648,17,4,0,0,0,32.1,145,33,18,14,4,13,3,1,0,28,"Logan Rushing","sa3041318",
"Matthew Sapienza","NE",23,1,3,7.468084954848493,19,1,0,0,1,31.1,156,35,26,26,4,26,6,5,0,28,"Matthew Sapienza","sa3041562",
"Brennan Seiber","VAN",21,5,2,4.928571428571429,19,1,0,0,1,42,183,39,24,23,3,20,10,2,2,28,"Brennan Seiber","sa3041932",
"Ryan Ashford","ARST",21,3,0,3.6404495162202966,28,1,0,0,0,29.2,130,21,12,12,1,18,5,1,0,28,"Ryan Ashford","sa3058525",
"Ethan Atchley","RICE",20,5,1,6.061224253859841,24,0,0,0,2,32.2,153,27,25,22,4,15,10,2,0,28,"Ethan Atchley","sa3058527",
"Jackson Bauer","HOF",21,2,1,5.672268725731193,14,0,0,0,0,39.2,175,46,27,25,7,8,4,0,0,28,"Jackson Bauer","sa3058580",
"Hunter Bell","STO",,1,4,5.6972479058098715,18,2,0,0,0,36.1,188,45,37,23,4,25,7,3,0,28,"Hunter Bell","sa3058605",
"Eli Buxton","ASU",20,1,0,9.865384253524477,19,0,0,0,0,17.1,85,20,19,19,2,14,1,5,1,28,"Eli Buxton","sa3058784",
"Brady Coe","ACU",20,2,3,5.337209420696734,17,1,0,0,5,28.2,133,26,21,17,2,15,5,1,0,28,"Brady Coe","sa3058894",
"Paul Coppinger","MCN",,3,3,5.6842103836609095,14,3,0,0,0,25.1,125,30,19,16,3,12,5,3,0,28,"Paul Coppinger","sa3058927",
"Michael Delph","ARMY",,0,1,5.204819396715725,12,3,0,0,1,27.2,120,21,17,16,5,11,5,0,0,28,"Michael Delph","sa3059032",
"Collin Ewaldsen","MER",20,4,1,4.0135136169617525,23,3,0,0,1,24.2,119,30,12,11,4,14,2,2,0,28,"Collin Ewaldsen","sa3059155",
"Blayne Fritcher","LAM",22,4,4,6,21,4,0,0,1,27,124,18,18,18,2,21,7,1,0,28,"Blayne Fritcher","sa3059240",
"Garrett Hicks","ARIZ",22,3,2,3.943820309238655,21,0,0,0,6,29.2,134,28,13,13,3,15,3,5,0,28,"Garrett Hicks","sa3059490",
"Elijah Higginbottom","GCU",22,0,2,6.573913261543382,17,3,0,0,0,38.1,176,46,29,28,6,8,7,1,0,28,"Elijah Higginbottom","sa3059492",
"Talan Kelly","UTU",20,6,0,5.4,22,0,0,0,0,30,133,30,18,18,4,14,4,2,0,28,"Talan Kelly","sa3059659",
"Nate Kress","BGSU",21,3,2,5.082352827131545,7,4,0,0,0,28.1,129,32,17,16,0,9,4,2,0,28,"Nate Kress","sa3059723",
"Trey Lawrence","MIZ",20,2,2,5.917808064557217,15,0,0,0,1,24.1,109,23,17,16,5,15,3,3,0,28,"Trey Lawrence","sa3059767",
"Kellen Moore","LAF",,0,1,6.923076923076923,14,1,0,0,1,26,130,26,30,20,2,19,4,3,0,28,"Kellen Moore","sa3060077",
"Adrian Quezada","QUC",,1,3,6.031914771223783,6,6,0,0,0,31.1,151,37,22,21,3,15,6,2,0,28,"Adrian Quezada","sa3060323",
"Mavrick Rizy","LSU",21,0,0,4.218749874271456,20,0,0,0,0,21.1,108,18,13,10,2,19,7,8,0,28,"Mavrick Rizy","sa3060384",
"BJ Rodriguez","FRES",,1,4,6.394736842105263,23,0,0,0,1,38,193,40,37,27,9,29,10,4,0,28,"BJ Rodriguez","sa3060400",
"Dylan Weekly","NMSU",20,2,1,5.823529411764706,18,0,0,0,3,34,146,33,27,22,5,14,0,2,0,28,"Dylan Weekly","sa3060895",
"Van Froling","UCSB",20,2,3,5.785714128066087,18,1,0,0,2,23.1,108,25,17,15,2,10,2,3,0,28,"Van Froling","sa3062600",
"Brayden Krenzel","TENN",20,2,3,9.346153503338979,20,0,0,0,2,17.1,88,17,19,18,4,12,7,5,0,28,"Brayden Krenzel","sa3062629",
"Avery Laine","LMU",,2,4,7.923913207757228,15,15,0,0,0,61.1,296,84,63,54,14,29,8,3,0,28,"Avery Laine","sa3062631",
"Ethan Rucker","GTWN",21,0,4,5.25,25,0,0,0,3,24,117,15,18,14,2,21,8,5,0,28,"Ethan Rucker","sa3062674",
"Gavyn Jones","OU",21,1,0,4.725000112652781,22,2,0,0,0,26.2,123,24,17,14,3,17,4,5,0,28,"Gavyn Jones","sa3062857",
"AJ Kostic","LAM",24,3,2,4.706422183060329,17,5,0,0,0,36.1,173,34,23,19,2,29,8,5,0,28,"AJ Kostic","sa3062865",
"Ryan Young","FAMU",21,1,1,2.670329614359895,19,0,0,0,1,30.1,134,26,17,9,1,16,5,4,0,28,"Ryan Young","sa3062929",
"Hayes Melville","UTA",20,3,1,2.675675675675676,25,0,0,0,5,37,160,29,15,11,1,18,8,10,0,28,"Hayes Melville","sa3065573",
"Chance Cox","APSU",23,0,4,9.401786034508639,15,6,0,0,0,37.1,182,45,41,39,5,24,7,6,0,28,"Chance Cox","sa3065785",
"Noah Albano","CAN",,4,2,4.453608422568741,17,1,0,0,0,32.1,156,36,16,16,2,25,2,4,0,28,"Noah Albano","sa3066165",
"Chris Bedford","HOF",20,0,6,10.515789684813443,13,8,0,0,0,31.2,185,48,43,37,2,33,10,6,0,28,"Chris Bedford","sa3066367",
"Kash Ferris","ORU",20,2,2,1.7052631921319097,22,0,0,0,3,31.2,135,21,7,6,1,12,7,4,0,28,"Kash Ferris","sa3066568",
"Cade O'Leary","FSU",20,1,1,6.3,18,0,0,0,0,20,104,25,15,14,1,15,3,13,0,28,"Cade O'Leary","sa3066576",
"Luke McGrath","JMU",21,2,2,5.785714285714286,24,1,0,0,4,28,139,23,20,18,5,20,15,7,0,28,"Luke McGrath","sa3066632",841380
"Reid Brosnan","ETSU",20,0,1,5.88118789668365,19,0,0,0,1,33.2,144,27,22,22,5,19,3,4,0,28,"Reid Brosnan","sa3069676",
"Garrett Byrd","WIN",,2,1,6.075,18,2,0,0,1,40,191,40,31,27,4,23,9,4,0,28,"Garrett Byrd","sa3069718",
"Garret Carter","UL",22,1,1,8.810526492681534,25,1,0,0,3,31.2,173,40,32,31,5,22,17,6,2,28,"Garret Carter","sa3069756",
"Yoni Castro","ALCN",,1,4,12.948979087791479,17,5,0,0,0,32.2,192,46,52,47,2,45,10,11,0,28,"Yoni Castro","sa3069771",
"Alexander Cook","STO",20,1,4,4.609755990336442,21,0,0,0,0,27.1,134,27,20,14,3,14,11,4,0,28,"Alexander Cook","sa3069837",
"Chase Deibler","DEL",,2,3,6.545454545454546,16,12,0,0,0,44,201,46,33,32,6,26,3,3,1,28,"Chase Deibler","sa3069928",
"Carson Fair","MEM",21,1,1,3.506493593352023,22,0,0,0,10,25.2,114,15,12,10,0,18,5,2,1,28,"Carson Fair","sa3070054",
"Chase Hartsell","BC",20,3,0,5.737500136792663,20,1,0,1,0,26.2,130,29,18,17,1,15,9,3,0,28,"Chase Hartsell","sa3070291",
"Thomas Hester","UNCG",,0,3,9.104651364717958,19,0,0,0,2,28.2,146,40,31,29,8,18,5,2,0,28,"Thomas Hester","sa3070325",
"Ryan Holman","LEH",,1,3,10.594936453060283,14,3,0,0,0,26.1,140,43,31,31,2,18,2,2,1,28,"Ryan Holman","sa3070351",
"Sotaro Ishida","MILW",23,4,2,6.291262368924867,14,3,0,0,0,34.1,172,31,33,24,2,31,12,7,0,28,"Sotaro Ishida","sa3070411",
"Andrew Kummer","UPST",,2,2,5.5,27,1,0,0,1,36,166,38,25,22,6,12,7,3,0,28,"Andrew Kummer","sa3070542",
"Trace Monroe","VMI",,4,0,3.82075485448135,14,3,0,0,0,35.1,161,36,19,15,3,15,6,3,0,28,"Trace Monroe","sa3070802",
"Kaden Myers","COFC",,4,2,5.553191489361702,26,0,0,0,1,47,210,52,30,29,5,17,6,3,1,28,"Kaden Myers","sa3070853",
"Mason Orton","NIU",,0,1,10.51948078005607,15,6,0,0,0,25.2,137,32,34,30,5,18,7,5,0,28,"Mason Orton","sa3070926",
"Hayden Pearson","UL",19,1,0,3.742574116071413,26,0,0,0,2,33.2,147,30,18,14,4,15,4,1,0,28,"Hayden Pearson","sa3070975",
"Aiden Poe","AFA",19,4,3,7.363636595785491,14,5,0,0,0,40.1,190,48,37,33,4,18,5,7,1,28,"Aiden Poe","sa3071023",
"Dom Ruggiero","RICH",,2,1,3.7594935801181655,22,0,0,0,5,26.1,121,21,13,11,2,15,6,4,1,28,"Dom Ruggiero","sa3071184",
"Sheamus Ryan","NDSU",,1,2,2.4375,13,2,1,0,3,48,207,54,14,13,1,11,4,0,0,28,"Sheamus Ryan","sa3071196",
"Calen Scheider","BRAD",,0,10,7.333333333333333,16,7,0,0,0,54,264,65,50,44,2,37,11,12,0,28,"Calen Scheider","sa3071225",
"Owen Shipman","QUC",19,0,2,8.75,22,0,0,0,0,36,197,49,41,35,7,28,11,3,0,28,"Owen Shipman","sa3071283",
"Ben Snider","SEMO",,3,2,6.536842236505653,15,7,0,0,0,31.2,143,35,24,23,6,14,2,4,0,28,"Ben Snider","sa3071328",
"Alex Via","PORT",20,1,3,2.5851063305244786,21,0,0,0,9,31.1,128,19,11,9,0,12,3,1,0,28,"Alex Via","sa3071529",
"Max Whitmer","GTWN",19,3,1,5.142857142857143,22,2,0,0,1,35,158,35,25,20,8,14,4,3,0,28,"Max Whitmer","sa3071598",
"Jayden Lawrence","SOU",19,1,0,6.230769230769231,16,0,0,0,0,26,131,16,27,18,3,34,5,5,0,28,"Jayden Lawrence","sa3073572",
"Kaolu Holt","WKU",21,3,1,6,16,2,0,0,0,33,150,40,26,22,5,16,2,5,0,28,"Kaolu Holt","sa3073729",
"Kadyn Leon","OU",20,1,0,3.7594935801181655,21,2,0,0,2,26.1,113,15,11,11,1,18,6,4,0,28,"Kadyn Leon","sa3073746",
"Taylor Tracey","TENN",19,1,0,3.258620582494388,15,5,0,0,0,19.1,88,12,10,7,3,15,3,1,0,28,"Taylor Tracey","sa3073823",
"Luke Williams","ORU",,3,4,6.662337827368844,21,2,0,0,0,25.2,119,27,20,19,7,15,4,5,0,28,"Luke Williams","sa3073838",
"Colin Lebel","GW",,0,3,3.240000123596196,17,1,0,0,6,33.1,153,40,19,12,3,14,2,2,0,28,"Colin Lebel","sa3074337",
"Drew Yagodzinskie","MONM",,2,3,9.623762012755064,12,7,0,0,0,33.2,172,46,45,36,4,19,5,3,0,28,"Drew Yagodzinskie","sa3074462",
"Trent Collier","OU",20,1,1,3.802817003567575,18,1,0,0,0,23.2,104,23,16,10,3,11,0,1,0,28,"Trent Collier","sa3074728",
"Reuben Malamed","NIA",,1,0,5.810126442000801,10,9,0,0,0,26.1,160,29,22,17,2,24,3,3,0,28,"Reuben Malamed","sa3075538",
"Kaden Soder","UTAH",21,3,0,4.835820757856775,14,0,0,0,1,22.1,98,18,12,12,3,12,4,2,0,28,"Kaden Soder","sa3075716",
"Tyler Alleman","SCU",21,2,1,3.857142857142857,17,8,0,0,1,35,161,34,15,15,3,18,5,3,0,27,"Tyler Alleman","sa3025906",
"Adam Arther","KSU",21,3,1,7.392857142857143,22,0,0,0,2,28,140,37,27,23,6,15,4,3,0,27,"Adam Arther","sa3026243",
"Brady Baxter","AAMU",22,1,3,12.75824149083061,14,6,0,0,0,30.1,176,51,48,43,6,23,10,8,0,27,"Brady Baxter","sa3026765",
"Jackson Beattie","NAVY",,1,1,2.903225806451613,13,0,0,0,1,31,133,29,11,10,0,6,5,2,0,27,"Jackson Beattie","sa3026809",
"Josh Beezley","LR",,3,0,3.57024804644145,29,0,0,0,1,40.1,170,42,16,16,3,9,8,2,0,27,"Josh Beezley","sa3026874",
"Freddy Beruvides Jr.","PITT",21,1,0,8.13253030736832,19,1,0,0,1,27.2,132,34,25,25,10,19,2,4,0,27,"Freddy Beruvides Jr.","sa3027085",
"Matt Bruno","GW",21,0,3,6.387096774193548,18,1,0,0,4,31,142,27,23,22,5,21,4,4,0,27,"Matt Bruno","sa3027907",
"Chase Carver","BELL",21,2,6,7.38,17,10,0,0,0,50,246,73,53,41,6,19,3,4,0,27,"Chase Carver","sa3028552",
"Morgan Codron","PORT",22,2,0,4.247191102257013,13,1,0,0,0,29.2,123,24,14,14,3,14,3,2,0,27,"Morgan Codron","sa3029091",
"Patrick Davidson","AFA",21,2,0,4.285714285714286,12,1,0,0,4,21,92,16,10,10,1,7,6,2,0,27,"Patrick Davidson","sa3029867",
"Kendall Dove","UTSA",22,4,1,6.6976744186046515,14,8,0,0,0,43,203,52,39,32,6,16,9,0,0,27,"Kendall Dove","sa3030515",
"EJ Garcia","UIW",,1,3,5.5,6,6,0,0,0,36,161,43,24,22,3,5,7,0,0,27,"EJ Garcia","sa3031930",
"Baylor Hicks","COLU",21,1,4,8,15,1,0,0,1,27,134,35,31,24,2,14,3,4,0,27,"Baylor Hicks","sa3033768",
"Jack Hill","ORU",,6,1,3.2097901241651914,24,0,0,0,5,47.2,188,30,18,17,7,16,4,3,0,27,"Jack Hill","sa3033822",
"Sebastian Holt","ME",23,1,3,6.07500014483929,22,0,0,0,5,26.2,128,32,18,18,3,16,4,3,0,27,"Sebastian Holt","sa3034029",
"Victor Loa","RGV",23,1,1,9.091836380789761,14,8,0,0,0,32.2,167,39,33,33,5,28,6,8,0,27,"Victor Loa","sa3036426",
"Landon Marchetti","SJSU",20,1,0,9.138461806618963,14,1,0,0,0,21.2,114,30,26,22,6,14,5,3,0,27,"Landon Marchetti","sa3037025",
"Alejandro Marquez","PV",22,1,3,10.090909090909092,15,2,0,0,1,33,168,47,40,37,5,22,6,3,0,27,"Alejandro Marquez","sa3037081",
"Joshua Milleville","RAD",23,1,1,7.232143103468183,20,1,0,0,1,37.1,192,51,33,30,4,26,8,5,0,27,"Joshua Milleville","sa3038070",
"Justis Reiser","BYU",23,0,3,7.636363636363637,15,6,0,0,1,33,155,45,31,28,6,8,6,5,1,27,"Justis Reiser","sa3040599",
"Kyle Remington","ILL",22,4,2,3.494117568652937,11,0,0,0,1,28.1,118,22,11,11,1,11,2,1,0,27,"Kyle Remington","sa3040609",
"Dalton Robinson","FAU",23,2,4,7.615384615384615,16,6,0,0,0,26,128,31,25,22,2,15,4,1,2,27,"Dalton Robinson","sa3040904",
"Justin Robinson","ULM",22,1,3,7.601942029117549,16,2,0,0,0,34.1,175,37,31,29,7,26,13,4,0,27,"Justin Robinson","sa3040910",
"Cole Schiff","BRY",23,0,2,4.402174004309571,15,8,0,0,1,30.2,145,34,20,15,0,16,3,5,0,27,"Cole Schiff","sa3041704",
"Max Skilbeck","STMN",22,0,3,10.02857115531455,9,4,0,0,0,23.1,126,32,27,26,2,17,8,5,0,27,"Max Skilbeck","sa3042395",
"John Allen Stogner","UNA",,3,2,5.062499849125747,14,7,0,0,0,42.2,209,45,29,24,4,34,8,3,0,27,"John Allen Stogner","sa3043153",
"Eric Swiencicki","LEM",,1,1,8.35051579231639,15,3,0,0,2,32.1,169,41,36,30,3,21,11,3,0,27,"Eric Swiencicki","sa3043413",
"Will Sword","PRIN",22,1,2,8.7,13,1,0,0,1,30,155,43,33,29,3,17,11,6,0,27,"Will Sword","sa3043426",
"Amar Tsengeg","WICH",22,2,0,3.4615384615384617,22,0,0,0,0,26,128,25,13,10,1,17,6,5,0,27,"Amar Tsengeg","sa3044104",
"Evan Vasiliou","XAV",23,2,2,5.399999852861681,14,6,0,0,0,46.2,208,58,30,28,8,15,3,2,0,27,"Evan Vasiliou","sa3044383",
"Blaise Wilcenski","TULN",,2,2,3.5859373931307377,19,0,0,0,0,42.2,190,46,21,17,3,16,1,3,0,27,"Blaise Wilcenski","sa3045190",
"Ashton Bassett","TAR",20,1,4,14.012657889531344,13,7,0,0,0,26.1,147,47,42,41,12,26,1,3,0,27,"Ashton Bassett","sa3058572",
"Burkley Bounds","UK",,2,1,8.84482729534191,17,0,0,0,1,19.1,92,22,20,19,2,12,3,3,0,27,"Burkley Bounds","sa3058690",
"Cam Cunnings","GCU",23,4,3,3.6610170675056932,20,0,0,0,3,39.1,175,43,25,16,2,16,1,4,0,27,"Cam Cunnings","sa3058962",
"Karsen Davis","TAR",20,7,0,5.785714285714286,24,0,0,0,1,42,188,47,28,27,5,15,5,5,0,27,"Karsen Davis","sa3059004",
"Craig Kalkbrenner","GASO",20,1,4,9.779527852802662,25,0,0,0,0,42.1,220,75,51,46,4,10,6,2,1,27,"Craig Kalkbrenner","sa3059639",
"Blake Kimball","SIU",,2,1,7.2,24,2,0,0,1,35,167,41,33,28,5,17,6,2,2,27,"Blake Kimball","sa3059680",
"Nyenati Snoh","NORF",,1,1,11.465753125079608,14,0,0,0,0,24.1,146,43,43,31,5,18,15,5,0,27,"Nyenati Snoh","sa3060632",
"Austin Tommasini","SAM",22,1,1,4.695652271263543,17,0,0,0,3,30.2,132,31,17,16,4,10,5,2,0,27,"Austin Tommasini","sa3060766",
"Juan Villarreal","MIZ",,2,2,5.062500120699409,20,0,0,0,0,26.2,127,20,21,15,5,20,6,2,2,27,"Juan Villarreal","sa3060845",
"Cooper Williams","LSU",20,1,1,7.9411764705882355,21,1,0,0,0,17,85,15,18,15,2,15,4,3,0,27,"Cooper Williams","sa3060926",
"Chris Fidanza","MAN",22,2,2,5.130000195693977,15,0,0,0,2,33.1,166,36,25,19,3,26,3,4,0,27,"Chris Fidanza","sa3062596",
"John Allen","AKR",22,2,6,12.134831720734322,21,4,0,0,1,29.2,170,48,45,40,10,20,13,4,0,27,"John Allen","sa3065244",
"Skylar Jones","UNO",23,3,1,3.8076923076923075,18,1,0,0,1,26,115,25,14,11,1,10,6,3,0,27,"Skylar Jones","sa3065333",
"Mason Tompkins","WIN",19,3,2,4.704545454545454,12,5,0,0,0,44,192,44,31,23,5,13,9,4,0,27,"Mason Tompkins","sa3065433",
"Jake Lankie","GT",21,1,1,6.6521739130434785,17,1,0,0,1,23,115,35,19,17,5,10,2,0,0,27,"Jake Lankie","sa3065555",
"Brennan Rumpf","ME",,2,1,4.989130538217514,19,1,0,0,2,30.2,146,32,18,17,6,20,5,7,0,27,"Brennan Rumpf","sa3065604",
"Tristan Hunter","UK",20,0,1,6.882352941176471,17,0,0,0,0,17,85,13,13,13,1,16,3,9,0,27,"Tristan Hunter","sa3065808",
"Matt Speicher","JOES",20,6,0,6.035293982218709,16,0,0,0,2,28.1,135,34,20,19,3,12,6,0,0,27,"Matt Speicher","sa3066647",
"Aaron England","LOU",20,3,2,4.354838709677419,21,0,0,0,5,31,133,27,15,15,2,20,4,2,0,27,"Aaron England","sa3066675",
"Kehler Hamilton","ELON",21,0,2,4.8,21,0,0,0,1,30,137,29,21,16,1,14,7,4,0,27,"Kehler Hamilton","sa3066791",
"August Richie","WSU",20,1,3,4.458715752372943,23,0,0,0,5,36.1,157,35,20,18,3,15,4,2,0,27,"August Richie","sa3066849",
"Jonathan Anders","SHSU",,2,0,3.123967040636269,23,1,0,0,0,40.1,170,35,14,14,4,20,3,2,1,27,"Jonathan Anders","sa3069494",
"Chase Blease","UIW",20,2,3,7.043478406895314,18,0,0,0,1,30.2,134,36,26,24,6,3,5,3,0,27,"Chase Blease","sa3069623",
"Austin Bowker","UCSD",,5,1,6.61935467580107,15,8,0,0,0,51.2,239,57,43,38,8,20,16,3,0,27,"Austin Bowker","sa3069646",
"Bryce Coulter","CIT",,2,3,6.246268478898334,13,10,1,0,0,44.2,207,48,33,31,7,20,8,12,0,27,"Bryce Coulter","sa3069866",
"Frankie DeMaro","UML",23,1,3,6.212389170810761,19,3,0,0,1,37.2,177,46,28,26,4,18,3,4,0,27,"Frankie DeMaro","sa3069936",
"Anthony Diaz","RICE",21,4,1,5.299065231641779,15,2,0,0,0,35.2,157,33,22,21,3,15,4,2,1,27,"Anthony Diaz","sa3069947",
"Shane Duke","BEL",20,0,0,5.785714482774546,6,4,0,0,0,18.2,85,14,12,12,2,12,2,1,0,27,"Shane Duke","sa3069984",
"Connor Etnire","UCSD",,5,1,7.758620689655173,22,2,0,0,1,29,140,36,26,25,6,13,3,4,0,27,"Connor Etnire","sa3070041",
"Brennan Greer","SFA",,2,1,4.432835694702043,15,0,0,0,2,22.1,101,22,12,11,4,9,1,2,0,27,"Brennan Greer","sa3070217",
"Brock Mayer","CSUF",21,0,0,5.516129032258065,24,0,0,0,2,31,134,25,20,19,2,12,6,4,0,27,"Brock Mayer","sa3070715",
"David McSweeney","NE",22,2,1,4.194174912616578,16,3,0,0,0,34.1,155,33,17,16,2,15,9,1,0,27,"David McSweeney","sa3070763",
"Mason Murphy","SHSU",,1,0,8.015624761115767,17,2,0,0,0,21.1,118,23,24,19,4,22,9,3,0,27,"Mason Murphy","sa3070839",
"Jake Qualia","UTSA",19,3,2,4.946564741453076,17,4,0,0,0,43.2,196,47,30,24,6,15,2,4,0,27,"Jake Qualia","sa3071059",
"David Siciliano","SIE",,0,2,7.448275862068965,8,6,0,0,0,29,144,34,26,24,1,16,7,2,0,27,"David Siciliano","sa3071286",
"Thomas Stabley","ME",,0,4,7.511278410926716,13,9,0,0,0,44.1,209,52,37,37,5,21,8,1,0,27,"Thomas Stabley","sa3071354",
"Logan Tibbett","APP",21,1,3,6.593023402037142,20,2,0,0,0,28.2,147,37,29,21,3,22,4,7,0,27,"Logan Tibbett","sa3071456",
"Michael Benedict","BCU",21,3,2,6.367924757468916,13,6,0,0,0,35.1,167,37,31,25,3,23,6,0,0,27,"Michael Benedict","sa3073683",
"Max Luzarraga","DBU",19,1,0,3.0422536028540597,15,0,0,0,0,23.2,102,16,9,8,3,9,6,4,0,27,"Max Luzarraga","sa3073751",
"Zane Burns","OKST",18,3,1,7.830000298690807,15,2,0,0,0,33.1,161,43,29,29,8,15,5,2,0,27,"Zane Burns","sa3074073",
"Stratton Scott","ETSU",20,3,6,5.670000216293343,21,2,0,0,1,33.1,145,33,23,21,4,10,6,4,0,27,"Stratton Scott","sa3074144",
"Aidan Boice","UMBC",,1,1,7.59375,15,3,0,0,0,32,156,32,29,27,2,21,10,2,0,27,"Aidan Boice","sa3074211",
"Ryan Penney","PRIN",,0,4,5.451922876947737,14,1,0,0,4,34.2,158,32,24,21,4,12,12,3,5,27,"Ryan Penney","sa3074392",
"Isaac Beebe","LIU",,1,2,9.72,13,2,0,0,0,25,124,36,27,27,5,8,7,2,0,27,"Isaac Beebe","sa3074712",
"Jordan Watkins","AFA",19,1,3,10.890755953403891,14,9,0,0,0,39.2,210,70,51,48,8,19,7,1,0,27,"Jordan Watkins","sa3075372",
"Joey Arend","XAV",19,1,1,7.623529240697317,15,1,0,0,1,28.1,145,40,26,24,2,14,6,2,0,27,"Joey Arend","sa3075421",
"Jonathan Adelmann","BUCK",21,1,3,3,6,5,0,0,0,27,122,19,15,9,0,18,3,1,0,26,"Jonathan Adelmann","sa3025776",
"Josh Barnhouse","UNM",23,2,3,6.48,20,0,0,0,1,25,115,36,19,18,3,6,0,0,0,26,"Josh Barnhouse","sa3026608",
"Mason Bixby","OU",21,2,0,6.5,18,0,0,0,0,18,83,15,13,13,2,15,2,2,1,26,"Mason Bixby","sa3027186",807750
"Garrett Brewer","AUB",21,1,2,5.39999981273305,17,0,0,0,3,18.1,86,20,13,11,2,9,1,6,1,26,"Garrett Brewer","sa3027662",838104
"Jake Crews","GAST",23,1,3,5.478260869565218,20,1,0,0,2,23,113,18,16,14,2,22,7,3,0,26,"Jake Crews","sa3029558",
"Talor Grubbs","UNM",22,1,3,8.059701263094624,17,0,0,0,4,22.1,105,24,22,20,1,14,1,0,0,26,"Talor Grubbs","sa3032793",
"Griffin Howell","EKU",20,1,3,4.831579044373744,23,0,0,0,3,31.2,155,34,22,17,1,18,8,2,0,26,"Griffin Howell","sa3034181",
"Zach Johnson","CSUN",22,2,3,5.4,21,2,0,0,0,35,160,33,23,21,3,15,11,2,0,26,"Zach Johnson","sa3034829",
"Justin Lee","UCLA",21,3,0,3.258620582494388,23,0,0,0,0,19.1,83,14,10,7,6,11,1,1,0,26,"Justin Lee","sa3036161",806139
"Tyler Lender","IONA",,1,0,1.9852941733330607,21,0,0,0,3,22.2,92,14,5,5,0,10,1,3,0,26,"Tyler Lender","sa3036216",
"Collin Maloney","ARST",21,0,2,4.453608422568741,18,4,0,0,1,32.1,143,38,20,16,5,11,2,1,0,26,"Collin Maloney","sa3036931",
"Jason Masick","RUTG",21,1,1,5.142857142857143,17,0,0,0,2,28,129,29,16,16,4,15,2,3,0,26,"Jason Masick","sa3037246",
"Dillon Masters","OHIO",,3,3,5.833333333333333,30,0,0,0,2,54,258,60,41,35,3,30,2,4,0,26,"Dillon Masters","sa3037269",
"Drew Mattox","TNTC",21,1,2,6.490384377318735,24,1,0,0,0,34.2,181,54,34,25,4,19,6,3,0,26,"Drew Mattox","sa3037342",
"Jackson McKenzie","FAMU",22,3,0,7.630434940803257,14,0,0,0,3,30.2,140,26,28,26,2,18,6,6,1,26,"Jackson McKenzie","sa3037662",
"Sam Mitchell","ALA",21,1,1,6,20,0,0,0,0,30,138,33,21,20,4,9,6,5,0,26,"Sam Mitchell","sa3038176",
"Marcus Monroe","SPU",,0,9,9.121621856731256,14,11,0,0,0,49.1,252,69,54,50,6,43,5,8,0,26,"Marcus Monroe","sa3038237",
"Wilfredo Morales","UMES",,1,1,9.097826275573114,13,2,0,0,0,30.2,169,48,39,31,4,26,4,7,0,26,"Wilfredo Morales","sa3038337",
"Jack Niedringhaus","MASS",22,1,2,7.403226034202146,17,0,0,0,6,20.2,112,27,17,17,3,24,1,3,0,26,"Jack Niedringhaus","sa3038864",
"Sam Nomura","ELON",22,2,3,2.6776860348310874,23,0,0,0,0,40.1,175,41,16,12,4,12,4,5,0,26,"Sam Nomura","sa3038917",
"Maddax Peck","UVU",19,1,2,5.704225505351363,17,2,0,0,2,23.2,113,27,18,15,2,16,2,6,0,26,"Maddax Peck","sa3039621",
"William Ray","WAKE",24,2,1,3.436363517193759,21,0,0,0,3,18.1,81,18,8,7,2,7,4,1,0,26,"William Ray","sa3040489",
"Payton Soske","COLU",21,1,0,3.258620582494388,12,0,0,0,2,19.1,85,15,9,7,1,8,6,1,0,26,"Payton Soske","sa3042765",
"Jake Tedesco","M-OH",,1,0,6.287671068592044,14,4,0,0,0,24.1,118,22,18,17,2,22,4,3,0,26,"Jake Tedesco","sa3043600",
"Everett Vaughan","VCU",22,2,2,6.136363503361539,15,8,0,0,1,29.1,154,32,28,20,3,26,8,8,0,26,"Everett Vaughan","sa3044395",
"Jack Volo","GTWN",21,1,1,8.709677687296642,22,0,0,0,0,20.2,122,25,32,20,0,25,9,6,0,26,"Jack Volo","sa3044558",
"Owen Austin","WCU",22,3,0,5.538461538461538,19,2,0,0,4,26,118,30,17,16,2,8,5,6,0,26,"Owen Austin","sa3058529",
"Dion Brown","CLEM",20,2,1,4.808219052452739,14,0,0,0,0,24.1,112,25,19,13,3,11,6,1,0,26,"Dion Brown","sa3058744",
"Jake Colucci","UNCG",,3,0,6.525,22,0,0,0,0,40,187,50,33,29,8,16,5,2,0,26,"Jake Colucci","sa3058910",
"Troy Cooper","CP",,2,0,5.934065809688656,21,0,0,0,0,30.1,142,39,22,20,2,14,1,5,1,26,"Troy Cooper","sa3058925",
"Ty Cunningham","UNM",22,2,2,8.010988843079685,16,1,0,0,3,30.1,148,42,29,27,10,12,3,1,0,26,"Ty Cunningham","sa3058965",
"Tate DeRias","MIA",20,1,0,12.15,11,5,0,0,0,20,114,30,29,27,9,22,6,3,1,26,"Tate DeRias","sa3059040",
"Tyler Heflin","YSU",20,2,1,6.387096774193548,15,0,0,0,2,31,172,45,34,22,3,18,13,4,0,26,"Tyler Heflin","sa3059453",
"Jeremy Jones","BALL",22,0,3,11.25,18,3,0,0,2,28,142,41,37,35,4,17,6,3,2,26,"Jeremy Jones","sa3059623",
"Braydon Kersey","MER",20,2,0,4.95,20,3,0,0,6,20,84,20,12,11,2,5,1,3,0,26,"Braydon Kersey","sa3059671",
"Jax Lewis","GASO",21,0,0,8.912621689310228,24,0,0,0,2,34.1,183,50,45,34,6,17,6,5,1,26,"Jax Lewis","sa3059804",
"Dimond Loosli","PSU",22,2,0,5.661290496742818,21,0,0,0,0,20.2,111,22,18,13,0,22,3,3,0,26,"Dimond Loosli","sa3059843",
"Aiden Milburn","BING",21,5,2,4.371428571428571,19,0,0,0,3,35,150,30,20,17,4,13,2,1,0,26,"Aiden Milburn","sa3060033",
"Sahil Patel","OSU",22,1,1,8.709677687296642,10,3,0,0,0,20.2,102,24,22,20,4,18,2,1,0,26,"Sahil Patel","sa3060218",
"Esaid Pena","ALST",22,2,2,5.062500120699409,6,6,0,0,0,26.2,124,30,18,15,1,10,3,3,0,26,"Esaid Pena","sa3060233",
"JP Podgorski","VILL",20,1,4,8.526316034024921,20,5,0,0,0,44.1,204,51,42,42,2,16,8,5,0,26,"JP Podgorski","sa3060283",
"Breyllin Suriel","INST",,1,5,12.326087212066799,18,4,0,0,0,30.2,172,52,49,42,13,26,2,3,0,26,"Breyllin Suriel","sa3060695",
"Caleb Jameson","UGA",22,2,0,6.11320776717016,17,1,0,0,0,17.2,81,22,14,12,4,4,3,1,0,26,"Caleb Jameson","sa3062619",831099
"Robert Fortenberry","KSU",23,1,1,9.391304347826088,12,3,0,0,0,23,105,23,27,24,5,9,5,3,0,26,"Robert Fortenberry","sa3062836",
"Dylan Zentko","MUR",22,2,3,5.637362519204223,20,2,0,0,8,30.1,138,31,22,19,4,12,3,1,0,26,"Dylan Zentko","sa3062930",
"Weston Elkovitch","CAN",,1,1,3.857142857142857,21,0,0,0,0,28,127,29,14,12,4,10,3,1,0,26,"Weston Elkovitch","sa3065291",
"Cooper Parks","SC",19,4,1,2.3592233883468254,23,0,0,0,1,34.1,148,23,11,9,1,15,6,1,1,26,"Cooper Parks","sa3065588",
"Ryan Hench","COFC",21,2,0,2.025000048279763,21,0,0,0,1,26.2,112,19,7,6,3,17,2,0,0,26,"Ryan Hench","sa3066482",
"Brayden Bergman","BAY",20,1,1,5.6417908841662365,21,0,0,0,0,22.1,110,17,14,14,2,23,5,4,1,26,"Brayden Bergman","sa3066565",
"Lane Alack","UNO",,0,4,5.314960789566665,19,0,0,0,5,42.1,190,45,28,25,9,22,2,4,0,26,"Lane Alack","sa3069467",
"Moose Cuellar","FRES",,1,2,6.230769100173089,15,3,0,0,0,30.1,146,27,23,21,4,30,5,4,0,26,"Moose Cuellar","sa3069889",
"Dylan Gormont","SLU",,2,0,4.207792312022428,23,0,0,0,0,25.2,119,20,14,12,2,17,9,0,0,26,"Dylan Gormont","sa3070196",
"Jakob Holzer","SHSU",,0,4,8.415584624044856,15,2,0,0,0,25.2,126,37,26,24,6,10,3,5,0,26,"Jakob Holzer","sa3070357",
"Reid Leonard","UNO",21,0,5,8.40566067985897,12,9,0,0,0,35.1,168,40,36,33,5,20,7,2,0,26,"Reid Leonard","sa3070590",
"Joshua Pena","TXSO",,5,1,5.023255813953488,11,10,0,0,0,43,204,37,24,24,3,25,18,4,0,26,"Joshua Pena","sa3070983",
"Charlie Richwine","W&M",20,3,3,5.720339167977645,15,4,0,0,0,39.1,188,38,30,25,7,29,6,0,0,26,"Charlie Richwine","sa3071112",
"Madden Seidl","KU",20,3,1,6.107142857142857,14,7,0,0,0,28,133,37,21,19,3,14,3,2,0,26,"Madden Seidl","sa3071255",
"Jayden Stroman","UVA",19,0,0,6.352941354665794,16,6,0,0,0,22.2,110,21,19,16,2,18,2,7,0,26,"Jayden Stroman","sa3071393",
"Cooper Underwood","GT",19,2,0,6.464788906064877,13,6,0,0,0,23.2,109,20,17,17,4,16,6,0,0,26,"Cooper Underwood","sa3071494",
"Chance Wallace","UVU",23,0,0,8.136986088766173,23,2,0,0,0,24.1,125,34,25,22,2,18,1,3,0,26,"Chance Wallace","sa3071551",
"Cole Giesige","TOL",22,0,4,10.253164309413178,13,3,0,0,0,26.1,143,44,35,30,9,16,2,1,0,26,"Cole Giesige","sa3073556",
"Josh Hauser","NCAT",19,0,2,10.285714285714286,16,2,0,0,1,28,158,41,33,32,3,24,8,5,0,26,"Josh Hauser","sa3073561",
"Anthony Anselmo","BCU",23,2,1,4.235294117647059,16,0,0,0,1,34,165,36,19,16,1,19,11,0,0,26,"Anthony Anselmo","sa3073675",
"Justin Silverstein","HPU",19,1,3,7.875,14,6,0,0,0,16,86,11,20,14,3,21,5,6,0,26,"Justin Silverstein","sa3073802",
"Jackson Smallets","CCU",19,0,2,4.542055912835811,14,10,0,0,0,35.2,159,31,18,18,1,20,6,3,0,26,"Jackson Smallets","sa3073805",
"Nate Schlote","VAN",19,3,1,1.5211268014270298,17,0,0,0,0,23.2,102,10,7,4,1,20,6,5,0,26,"Nate Schlote","sa3073988",
"Nick Perry","UTA",24,2,0,7.3369566738492855,16,1,0,0,0,30.2,152,39,29,25,4,13,8,3,0,26,"Nick Perry","sa3074130",
"Ben Moulin","PENN",19,2,3,4.15384600148399,16,9,0,0,0,34.2,161,35,18,16,2,17,5,3,0,26,"Ben Moulin","sa3074379",
"Bennett Speicher","UMBC",,2,0,4.462810058051812,18,2,0,0,2,40.1,174,39,21,20,4,9,7,1,0,26,"Bennett Speicher","sa3074432",
"Cole Gibson","UNH",20,1,5,10.903845753895475,14,8,0,0,0,34.2,181,45,46,42,1,29,6,11,0,26,"Cole Gibson","sa3074751",
"Nick Newburn","PENN",19,0,1,4.387500104606154,17,6,0,0,2,26.2,117,24,13,13,2,13,4,1,0,26,"Nick Newburn","sa3074791",
"Alex Caudill","MRSH",,1,1,6.75,17,2,0,0,0,28,135,28,23,21,3,19,4,7,0,26,"Alex Caudill","sa3074959",
"Joe Dolinshek","ALST",20,2,2,5.7153283080127935,16,7,0,0,0,45.2,222,56,35,29,4,27,10,4,0,26,"Joe Dolinshek","sa3074990",
"Alec Ammerman","SIU",,0,1,7.902438840576757,12,4,0,0,0,27.1,131,28,25,24,5,19,2,3,0,26,"Alec Ammerman","sa3075102",
"Tysen Benford","GAST",22,2,2,5.6571428571428575,8,7,0,0,0,35,163,39,25,22,8,14,6,4,0,25,"Tysen Benford","sa3026952",
"Michael Benzor","DBU",22,2,0,5.40000020599366,19,0,0,0,0,16.2,85,13,10,10,3,19,5,6,0,25,"Michael Benzor","sa3027006",
"Aric Berg","FOR",,2,1,4.068493044383087,23,0,0,0,6,24.1,115,23,17,11,5,15,6,1,0,25,"Aric Berg","sa3027015",
"James Borsari","MRMK",,2,2,4.987261267674471,14,13,0,0,0,52.1,238,67,31,29,8,9,8,1,0,25,"James Borsari","sa3027410",
"Packy Bradley-Cooney","MIA",26,1,2,4.569230903309482,23,0,0,0,1,21.2,94,14,12,11,1,15,2,1,0,25,"Packy Bradley-Cooney","sa3027550",
"Kewan Braziel","TXSO",23,1,1,5.764045067348803,13,0,0,0,0,29.2,149,28,25,19,3,18,7,4,0,25,"Kewan Braziel","sa3027628",
"Jaxon Byrd","UCR",23,2,1,3.7125000885128996,16,9,0,0,1,26.2,124,31,16,11,0,14,3,2,0,25,"Jaxon Byrd","sa3028199",
"Luke Calveric","W&M",22,0,5,11.1375002655387,13,9,0,0,0,26.2,159,34,39,33,5,37,13,6,0,25,"Luke Calveric","sa3028291",
"Joseph Curreri","HOF",,1,1,3.566037864182593,15,2,0,0,0,35.1,157,34,21,14,0,15,3,4,0,25,"Joseph Curreri","sa3029712",
"Ethan Darden","TA&M",22,4,4,5.5588235294117645,25,5,0,0,0,34,156,38,23,21,3,15,5,2,0,25,"Ethan Darden","sa3029845",
"Kellen Davis","ODU",23,0,1,4.655172413793103,15,0,0,0,3,29,130,35,17,15,4,12,0,5,0,25,"Kellen Davis","sa3029919",
"Ben DeMell","PSU",23,2,2,5.275862068965517,23,0,0,0,1,29,140,32,18,17,3,20,2,1,0,25,"Ben DeMell","sa3030123",
"Jack Dickinson","NIA",20,1,1,3.328767036313435,16,1,0,0,0,24.1,104,20,10,9,2,14,1,2,0,25,"Jack Dickinson","sa3030287",
"Cole Egan","EMU",,2,4,7.7142855040881155,24,0,0,0,1,23.1,117,33,23,20,2,8,8,0,2,25,"Cole Egan","sa3030828",
"Jackson Elizondo","TAR",21,1,1,4.075471844780107,23,0,0,0,1,35.1,161,34,17,16,2,15,10,3,0,25,"Jackson Elizondo","sa3030874",
"Lucas Foley","ILST",21,5,0,1.1911765039998363,9,0,0,0,0,22.2,85,13,4,3,0,7,1,2,0,25,"Lucas Foley","sa3031512",
"JD Greeley","MSU",23,0,4,7.758620689655173,15,11,0,0,0,29,138,26,27,25,6,15,7,2,0,25,"JD Greeley","sa3032633",
"Jeremiah Hampton","PRES",22,2,5,8.666666666666666,22,0,0,0,1,27,138,28,32,26,3,26,5,9,0,25,"Jeremiah Hampton","sa3033111",
"Colin Hunter","SAC",23,0,1,4.973684085703296,18,0,0,0,1,25.1,115,25,16,14,4,11,4,5,0,25,"Colin Hunter","sa3034322",
"AJ Hutcheson","ORST",22,1,0,4.125,19,0,0,0,0,24,113,22,12,11,3,11,12,1,0,25,"AJ Hutcheson","sa3034365",
"Aidan Keenan","STAN",21,1,3,5.81538478603025,7,6,0,0,0,21.2,108,22,17,14,0,21,0,3,0,25,"Aidan Keenan","sa3035151",805788
"Caleb Kempler","MRST",22,1,1,2.3736263238754622,14,3,0,0,3,30.1,121,17,9,8,5,11,3,3,0,25,"Caleb Kempler","sa3035246",
"Luke Krouse","BGSU",22,1,3,7.009615127504234,18,6,0,0,0,34.2,183,53,41,27,7,20,5,6,0,25,"Luke Krouse","sa3035734",
"Brody Lanham","APSU",22,2,2,7.662162359654255,19,0,0,0,1,24.2,124,28,26,21,3,15,3,4,0,25,"Brody Lanham","sa3035949",
"Deaton Oak","BELL",23,2,5,9.377245294782323,14,13,0,0,0,55.2,272,88,61,58,6,17,6,7,0,25,"Deaton Oak","sa3038981",
"Brady Owens","WICH",22,0,2,8.196428850597274,18,0,0,0,0,18.2,100,16,20,17,0,21,4,4,0,25,"Brady Owens","sa3039299",
"Javyn Pimental","MIZ",24,2,1,4.447058723740102,7,7,0,0,0,28.1,120,22,15,14,3,15,4,1,0,25,"Javyn Pimental","sa3039931",
"Matthew Porter","LIB",23,0,0,8.23728840188781,16,2,0,0,0,19.2,94,20,23,18,3,14,6,0,0,25,"Matthew Porter","sa3040099",
"Keaton Ruthardt","ORU",23,0,1,4.56338040428109,15,1,0,0,0,23.2,110,25,14,12,3,8,3,1,0,25,"Keaton Ruthardt","sa3041355",
"Kade Shatwell","APSU",23,2,2,1.626506061473664,5,5,1,0,0,27.2,108,18,9,5,1,6,4,1,0,25,"Kade Shatwell","sa3042077",
"Cole Stokes","FSU",21,1,2,5.6037737865726465,18,0,0,0,0,17.2,88,10,13,11,0,20,6,6,0,25,"Cole Stokes","sa3043155",814006
"Justin Sweeney","JOES",21,3,1,10.477611642023012,16,0,0,0,0,22.1,115,22,29,26,4,16,9,3,0,25,"Justin Sweeney","sa3043395",
"Tommy Turner","URI",,0,2,4.090909090909091,11,1,0,0,2,22,103,19,15,10,2,12,6,2,0,25,"Tommy Turner","sa3044172",
"Austin Williamson","JAX",22,1,2,4.021276514149188,20,0,0,0,3,31.1,136,27,15,14,3,15,4,5,0,25,"Austin Williamson","sa3045247",
"Aaron Arnold","KSU",22,0,1,4.618420936724489,15,0,0,0,1,25.1,115,30,13,13,3,9,1,1,0,25,"Aaron Arnold","sa3058518",
"Brady Dockan","CSUF",20,1,1,3.9375,17,0,0,0,1,32,125,31,14,14,5,2,2,1,0,25,"Brady Dockan","sa3059061",
"Brayden Gregg","HOF",,2,2,4.1086957373556,18,2,0,0,1,30.2,144,26,20,14,1,21,8,1,0,25,"Brayden Gregg","sa3059351",
"Joey Iglesias","LBSU",,0,0,4.333333333333333,18,0,0,0,0,27,123,24,14,13,1,19,5,2,2,25,"Joey Iglesias","sa3059561",
"Malachi Paplanus","WRST",,1,5,5.6511629160318355,18,0,0,0,4,28.2,129,26,18,18,4,20,1,3,0,25,"Malachi Paplanus","sa3060206",
"Michael Pfeiffer","EMU",,3,4,9.947368421052632,15,9,0,0,0,38,195,52,47,42,5,24,8,2,1,25,"Michael Pfeiffer","sa3060261",
"Austin Plisinski","PEPP",20,0,1,7.8607593038834365,20,1,0,0,2,26.1,132,39,27,23,6,9,6,6,0,25,"Austin Plisinski","sa3060280",
"Ben Rehkow","WIN",22,2,2,3.6,21,0,0,0,4,30,131,23,13,12,2,13,8,6,0,25,"Ben Rehkow","sa3060348",
"Porter Rovin","USD",,0,0,4.973684085703296,13,3,0,0,0,25.1,117,30,17,14,4,10,2,2,0,25,"Porter Rovin","sa3060438",
"Jakob Schulz","VAN",21,1,0,6.406779868134963,16,0,0,0,0,19.2,92,20,14,14,4,12,2,1,0,25,"Jakob Schulz","sa3060526",
"Bryson Shea","AMCC",,1,3,10.384615384615385,12,7,0,0,0,26,130,39,31,30,4,14,1,1,0,25,"Bryson Shea","sa3060559",
"Triston Todorowski","SELA",,2,2,3.193548387096774,16,0,0,0,4,31,123,24,11,11,3,8,1,1,0,25,"Triston Todorowski","sa3060762",
"Landon Waters","MISS",22,0,1,3,24,0,0,0,2,24,104,22,10,8,5,12,0,3,0,25,"Landon Waters","sa3060877",830161
"Ty Zahradnik","UTA",21,1,0,4.554216972126259,7,7,0,0,0,27.2,119,26,16,14,4,12,1,4,0,25,"Ty Zahradnik","sa3061002",
"Hampton Phillips","GRAM",20,4,3,7.381295166600046,26,1,0,0,0,46.1,238,57,43,38,7,27,20,4,0,25,"Hampton Phillips","sa3062665",
"Seanan Farney","SFA",,1,4,6.406779868134963,11,4,0,0,0,19.2,90,19,14,14,4,11,2,2,0,25,"Seanan Farney","sa3062835",
"Landon Vandegrift","AKR",20,2,2,11.405172038730356,21,7,0,0,0,38.2,209,57,52,49,10,18,13,4,0,25,"Landon Vandegrift","sa3062915",
"Reese Young","UNA",,3,0,5.048780487804878,11,10,0,0,1,41,198,50,31,23,3,25,6,5,0,25,"Reese Young","sa3062928",
"Aiden O'Connell","DUKE",,0,1,8.571428571428571,17,1,0,1,4,21,103,20,21,20,3,13,10,2,2,25,"Aiden O'Connell","sa3065103",
"Bryant Kimbrell","WCU",19,5,0,1.6666666666666667,11,3,0,0,0,27,103,17,5,5,2,5,3,3,0,25,"Bryant Kimbrell","sa3065339",
"Casen Murphy","LOU",21,1,2,5.961039108698439,16,1,0,0,0,25.2,122,23,18,17,6,20,5,4,2,25,"Casen Murphy","sa3065370",
"Aiden Fishnick","MILW",22,0,0,4.75,19,1,0,0,0,36,177,36,31,19,8,22,10,3,0,25,"Aiden Fishnick","sa3065532",
"Raymond Olivas","UCSB",20,2,1,3.742574116071413,27,0,0,0,2,33.2,141,38,16,14,2,7,0,1,0,25,"Raymond Olivas","sa3065833",
"Isaac Lucas","MEM",22,0,2,11.911765039998365,14,1,0,0,1,22.2,123,29,32,30,5,25,4,4,0,25,"Isaac Lucas","sa3065939",
"Marco Digirolamo","UCR",,1,2,6.333333333333333,32,1,0,0,0,27,130,32,22,19,2,11,5,1,0,25,"Marco Digirolamo","sa3066309",
"Nolan Girard","ILST",19,0,1,8.506849092801,18,0,0,0,0,24.1,129,29,30,23,2,13,13,8,0,25,"Nolan Girard","sa3066735",
"Julio Ramos","NMSU",,1,2,6.857142857142857,19,0,0,0,0,21,102,25,17,16,5,10,4,3,0,25,"Julio Ramos","sa3066804",
"Dimitri Angelakos","GT",20,1,1,3.8117646203486584,14,3,0,0,0,28.1,114,23,12,12,6,4,4,1,0,25,"Dimitri Angelakos","sa3069502",
"Zane Baltz","ALST",20,1,0,6.7500002299036375,19,0,0,0,3,18.2,90,18,14,14,3,18,2,3,0,25,"Zane Baltz","sa3069550",
"Elijah Benton","UMES",,1,4,23.318181818181817,15,3,0,0,0,22,163,32,63,57,4,54,16,7,0,25,"Elijah Benton","sa3069601",
"Silas Cowgill","CARK",,4,0,6.126050223789688,20,1,0,0,0,39.2,187,48,33,27,6,16,2,1,0,25,"Silas Cowgill","sa3069870",
"Luke DAncona","BC",19,3,1,5.547945060522391,13,2,0,0,0,24.1,109,23,16,15,1,12,5,2,1,25,"Luke DAncona","sa3069902",
"Riley Goodman","SC",20,0,3,8.590909090909092,12,7,0,0,0,22,116,27,26,21,2,18,4,8,0,25,"Riley Goodman","sa3070193",
"Dane Grant","UCI",20,0,1,5.238805821011506,19,1,0,0,0,22.1,113,26,14,13,0,14,7,0,0,25,"Dane Grant","sa3070207",
"Mitch Haythorn","UNCO",20,1,2,9.236841873448977,16,4,0,0,1,25.1,132,32,29,26,6,23,3,8,1,25,"Mitch Haythorn","sa3070305",
"Benton Hickman","ARIZ",19,0,2,6.631578947368421,18,0,0,0,0,19,101,15,16,14,1,19,10,3,0,25,"Benton Hickman","sa3070328",
"Ryan Higgins","UCR",21,1,6,6.029126436886331,27,3,0,0,0,34.1,184,53,27,23,2,20,6,8,0,25,"Ryan Higgins","sa3070330",
"Joseph Jasso","CSUF",21,0,1,6.157894736842105,20,0,0,0,0,19,86,20,14,13,4,11,1,3,0,25,"Joseph Jasso","sa3070431",842414
"Drew Jennings","BELL",19,0,1,11.333333333333334,16,1,0,0,0,27,141,36,34,34,6,22,5,0,0,25,"Drew Jennings","sa3070437",
"Noah Johnson","SIUE",,3,3,10.436974455345396,21,2,0,0,0,39.2,199,56,47,46,7,23,10,6,0,25,"Noah Johnson","sa3070451",
"Jacob ODay","WKU",21,3,2,4.447058723740102,19,2,0,0,0,28.1,137,37,18,14,3,9,4,4,0,25,"Jacob ODay","sa3070902",
"Will Page-Allen","FRES",21,3,2,8.129032258064516,23,0,0,0,2,31,159,41,32,28,6,17,5,3,0,25,"Will Page-Allen","sa3070941",
"Jase Schueller","SHU",23,0,2,6.088235294117647,17,2,0,0,0,34,174,38,28,23,4,22,12,3,2,25,"Jase Schueller","sa3071239",
"Cole Wells","MORE",,4,3,7.448275617130029,18,3,0,0,2,38.2,191,47,34,32,5,14,12,5,0,25,"Cole Wells","sa3071579",
"JB Williams","CARK",,2,4,7.118181571329929,20,6,0,0,0,36.2,193,57,36,29,4,19,11,5,0,25,"JB Williams","sa3071615",
"Riley Williams","MSM",22,1,2,6.6521739130434785,14,4,0,0,0,23,111,21,20,17,4,18,1,4,0,25,"Riley Williams","sa3071625",
"Tyson Willis","GMU",23,1,1,7.6567161999398925,17,0,0,0,0,22.1,115,30,21,19,1,15,4,5,0,25,"Tyson Willis","sa3071628",
"Connor Collora","LAS",,0,1,7.56,16,0,0,0,0,25,126,30,22,21,7,19,2,2,0,25,"Connor Collora","sa3074081",
"Cash Dabbs","ULM",,1,0,6.585365700480631,16,0,0,0,0,27.1,127,32,21,20,4,15,3,3,0,25,"Cash Dabbs","sa3074244",
"Lorcan Lee","MASS",,0,4,9,9,4,0,0,0,24,122,23,27,24,1,25,4,8,0,25,"Lorcan Lee","sa3074338",
"James Reilly","UNH",,1,2,6,18,5,0,0,0,45,228,45,38,30,4,43,7,8,0,25,"James Reilly","sa3074407",
"Finn Edwards","ASU",20,1,3,6.585365700480631,18,0,0,0,0,13.2,68,16,11,10,0,11,0,5,0,25,"Finn Edwards","sa3074737",
"Cooper Gilkerson","WRST",,0,0,5.34065922871979,18,1,0,0,1,30.1,146,41,21,18,2,16,1,2,1,25,"Cooper Gilkerson","sa3074752",
"Drew Cisney","FDU",,3,3,9.197802005017417,9,8,0,0,0,30.1,151,33,31,31,3,29,5,2,0,25,"Drew Cisney","sa3075336",
"Kade Arn","BGSU",22,1,2,9.152542668764234,17,0,0,0,1,19.2,108,34,28,20,4,7,9,5,0,24,"Kade Arn","sa3026214",
"Charlie Atkinson","BAY",21,2,0,4.673076751669489,23,0,0,0,0,34.2,165,40,26,18,6,20,3,4,1,24,"Charlie Atkinson","sa3026283",
"Nick Bacura","SF",23,1,1,2.52,21,0,0,0,9,25,112,18,10,7,1,18,3,3,0,24,"Nick Bacura","sa3026372",
"Billy Barlow","FLA",23,2,0,5.478260869565218,15,2,0,0,0,23,112,27,18,14,2,10,5,0,0,24,"Billy Barlow","sa3026584",
"Reid Bowyer","SFA",22,2,1,4.300884810561296,20,0,0,0,4,37.2,163,36,22,18,0,11,7,1,0,24,"Reid Bowyer","sa3027497",
"Ashton Crowther","ALA",22,2,2,3.963302890998172,19,0,0,0,2,36.1,155,34,28,16,5,10,4,1,0,24,"Ashton Crowther","sa3029619",
"Jordan Dahlof","OAK",,1,5,9.574468085106384,17,7,0,0,0,47,240,62,56,50,7,34,11,5,0,24,"Jordan Dahlof","sa3029770",
"Dominic Desch","NEV",23,2,3,10.253164309413178,14,4,0,0,0,26.1,139,36,33,30,3,17,12,4,0,24,"Dominic Desch","sa3030192",
"Myles Dews","ALCN",,2,1,11.465753125079608,15,3,0,0,0,24.1,151,37,41,31,4,32,8,7,0,24,"Myles Dews","sa3030241",
"Jacob Faulkner","VAN",23,2,0,4.25,17,2,0,0,0,36,159,26,18,17,2,17,15,0,0,24,"Jacob Faulkner","sa3031188",
"James Gladden","MD",22,0,1,8.052631578947368,14,1,0,0,0,19,104,17,19,17,1,23,8,13,2,24,"James Gladden","sa3032292",
"Jaxson Gore","WASH",21,1,2,6.256097415456599,15,4,0,0,0,27.1,127,26,19,19,2,13,9,3,0,24,"Jaxson Gore","sa3032490",
"Rylan Haider","WSU",22,3,0,7.120878971626387,29,0,0,0,0,30.1,152,33,27,24,2,18,8,2,0,24,"Rylan Haider","sa3032971",
"Hunter Hargett","SCU",23,0,3,6.7500002299036375,16,0,0,0,5,18.2,78,16,14,14,2,5,3,1,0,24,"Hunter Hargett","sa3033222",
"Easton Harris","SIUE",,0,2,3.7674419440212237,24,0,0,0,12,28.2,129,29,14,12,3,11,4,2,0,24,"Easton Harris","sa3033272",
"Joseph Hauser","NE",21,0,0,6,18,0,0,0,0,21,101,29,17,14,2,10,2,5,0,24,"Joseph Hauser","sa3033408",
"Tyler Hemmesch","MINN",21,2,2,9,17,0,0,0,0,19,89,23,19,19,2,6,6,0,0,24,"Tyler Hemmesch","sa3033583",
"Tyler Kozera","UNF",21,0,2,5.04,14,6,0,0,0,25,121,34,18,14,2,10,3,1,0,24,"Tyler Kozera","sa3035668",
"Cody Little","NKU",,4,3,9.74226842436912,19,5,0,0,0,32.1,162,42,35,35,5,16,10,7,0,24,"Cody Little","sa3036395",
"Ryan Maiorano","FAIR",,2,2,2.8125,24,1,0,0,8,32,142,29,10,10,4,16,4,4,0,24,"Ryan Maiorano","sa3036882",
"Max Miller","USA",22,2,2,8.871428329701333,14,3,0,0,0,23.1,116,28,25,23,4,19,1,3,0,24,"Max Miller","sa3038082",
"Matthew Molina","AMCC",,0,2,7.714285714285714,14,2,0,0,0,21,100,23,18,18,5,16,6,5,0,24,"Matthew Molina","sa3038220",
"Tyler Muscar","JMU",23,1,2,9.707865376587458,22,3,0,0,1,29.2,145,44,34,32,4,15,6,2,2,24,"Tyler Muscar","sa3038620",
"Drew Nelson","TROY",22,3,2,6,11,3,0,0,0,21,95,18,15,14,3,10,4,1,0,24,"Drew Nelson","sa3038746",
"Davis Rhyne","AFA",21,0,1,10.45161322475597,18,0,0,0,1,20.2,118,28,27,24,3,21,10,2,0,24,"Davis Rhyne","sa3040677",
"Mikey Rodriques","YSU",,0,4,8.307692551471785,13,6,0,0,1,21.2,119,24,21,20,1,21,6,5,0,24,"Mikey Rodriques","sa3041002",
"Ryan Rushing","FGCU",21,3,1,4.33928586208091,14,1,0,0,0,18.2,86,17,12,9,1,11,3,4,0,24,"Ryan Rushing","sa3041319",
"Drew Siegner","LONG",22,2,1,4.813953488372093,16,5,0,0,0,43,197,50,27,23,5,15,3,3,0,24,"Drew Siegner","sa3042260",
"Jack Sullivan","MRST",23,2,1,3.375,14,1,0,0,2,24,100,20,11,9,2,4,2,1,0,24,"Jack Sullivan","sa3043315",
"Tom Vincent","TULN",24,2,2,6.749999853697693,22,0,0,0,3,29.1,136,30,23,22,4,15,5,7,0,24,"Tom Vincent","sa3044517",
"Tanner Ware","OAK",22,1,5,9.310344521412537,13,10,0,0,1,38.2,211,69,55,40,5,25,4,1,0,24,"Tanner Ware","sa3044795",
"Cody Williams","FAMU",22,2,1,3.857142857142857,17,1,0,0,5,21,91,13,11,9,1,7,8,0,1,24,"Cody Williams","sa3045270",
"Adrian Blanchet","UCR",22,0,3,10.880596705177743,23,1,0,0,0,22.1,116,33,32,27,4,16,2,4,0,24,"Adrian Blanchet","sa3058657",
"Gage Burdick","LAM",,1,2,7.403226034202146,14,5,0,0,0,20.2,108,18,17,17,3,27,4,8,0,24,"Gage Burdick","sa3058771",
"Avery Duncan","DBU",20,1,2,5.571428571428571,19,0,0,0,0,21,116,17,13,13,0,24,13,8,0,24,"Avery Duncan","sa3059094",
"Caden Fiveash","NWST",23,3,1,3.7384616481623034,11,1,0,0,0,21.2,100,18,9,9,1,15,1,0,0,24,"Caden Fiveash","sa3059191",
"Joe Gomez","LONG",21,1,0,3.634615251298492,18,0,0,0,0,17.1,84,11,10,7,1,15,4,5,0,24,"Joe Gomez","sa3059317",
"Nick Guidas","KENT",,1,0,3.345132630436564,20,3,0,0,1,37.2,164,31,17,14,4,12,10,6,0,24,"Nick Guidas","sa3059375",
"Dawson Hargrove","SIU",23,0,2,4.114285714285714,20,2,0,0,1,35,148,31,21,16,4,17,1,8,0,24,"Dawson Hargrove","sa3059411",
"Ethan Jaques","TAR",23,4,0,2.7613635765126925,12,0,0,0,2,29.1,120,24,10,9,1,11,5,2,0,24,"Ethan Jaques","sa3059583",
"Danny Lachenmayer","LSU",20,2,1,7.560000288391124,18,2,0,0,0,16.2,81,14,14,14,3,13,6,6,0,24,"Danny Lachenmayer","sa3059740",
"Garrett Miller","UVU",,3,4,8.735294117647058,13,6,0,0,1,34,173,46,33,33,5,18,4,6,0,24,"Garrett Miller","sa3060040",
"Lake Morris","BEL",21,1,1,8.783132731957785,11,7,0,0,0,27.2,134,37,28,27,4,14,7,0,0,24,"Lake Morris","sa3060095",
"Glenn Smith","RICH",,1,2,9.605768878431729,13,7,0,0,0,34.2,163,42,40,37,8,27,3,1,0,24,"Glenn Smith","sa3060611",
"Bryce Turner","FIU",20,2,3,8.064935264709653,19,0,0,0,1,25.2,125,26,27,23,5,17,5,3,0,24,"Bryce Turner","sa3060794",
"Kyle Winkler","UTA",22,3,4,5.58,14,9,0,0,0,50,221,64,39,31,5,10,3,2,0,24,"Kyle Winkler","sa3060944",
"Will Youngman","FAIR",,3,3,4.954128613747715,20,0,0,0,1,36.1,164,45,22,20,3,15,1,4,0,24,"Will Youngman","sa3060994",
"Michael Yusypchuk","MOST",,2,1,7.2972974853850054,7,5,0,0,0,24.2,117,32,20,20,5,6,8,1,1,24,"Michael Yusypchuk","sa3060998",
"Thomas Burke","GASO",20,1,2,11.962025027648707,18,4,0,0,1,26.1,155,47,39,35,1,27,5,4,0,24,"Thomas Burke","sa3065508",
"Connor Darling","PENN",20,1,1,6.7500002299036375,14,5,0,0,3,18.2,102,21,17,14,2,19,7,10,0,24,"Connor Darling","sa3065520",
"Michael Meckna","ORE",20,1,0,5.014285577657275,21,1,0,0,0,23.1,105,26,16,13,5,12,2,4,0,24,"Michael Meckna","sa3065570",
"Mathew Murtagh","SIE",,0,3,6.508928793121365,15,1,0,0,2,37.1,199,51,36,27,5,29,4,1,0,24,"Mathew Murtagh","sa3065579",
"Jake LeFrancois","UML",,3,2,2.5826087813206144,22,0,0,0,3,38.1,181,43,16,11,0,15,9,3,0,24,"Jake LeFrancois","sa3066211",
"Brian Smith","CAN",19,2,3,6.750000139941343,15,7,0,0,0,30.2,145,32,25,23,1,22,3,2,0,24,"Brian Smith","sa3066343",
"Luke Ryerse","MINN",19,0,2,4.263157787745682,15,4,0,0,1,25.1,113,17,13,12,4,18,3,5,0,24,"Luke Ryerse","sa3066400",
"Tyler Kim","NJIT",20,2,0,4.7368421052631575,12,0,0,0,1,19,99,17,13,10,1,22,4,2,0,24,"Tyler Kim","sa3067139",
"Bijan Anvar","RICH",,2,0,2.8421051918304547,21,0,0,0,1,25.1,117,22,9,8,2,13,10,2,0,24,"Bijan Anvar","sa3069504",
"Garett Blanchard","MCN",,3,3,4.354838843648321,17,7,0,0,0,41.1,184,39,27,20,2,17,11,5,0,24,"Garett Blanchard","sa3069622",
"Justin Bultemeier","VAL",23,2,1,8.640000329589856,18,0,0,0,0,33.1,168,45,37,32,5,18,5,0,0,24,"Justin Bultemeier","sa3069702",
"Clay Cartledge","EKU",,1,1,5.737500136792663,22,0,0,0,0,26.2,127,32,23,17,5,15,5,4,0,24,"Clay Cartledge","sa3069758",
"Connor Davis","MORE",,3,2,6.2790699067020395,14,14,0,0,0,57.1,271,67,45,40,10,30,9,5,0,24,"Connor Davis","sa3069910",
"Matt Dill","TROY",19,4,2,5.351351351351352,20,5,0,0,0,37,172,48,26,22,6,13,3,3,0,24,"Matt Dill","sa3069955",
"Grant Edwards","WES",,1,4,6.627272497445107,23,4,0,0,0,36.2,169,38,28,27,4,19,5,4,0,24,"Grant Edwards","sa3070012",
"Zac Evenson","MERC",24,2,4,8.228571428571428,13,1,0,0,0,35,171,43,36,32,8,15,7,1,0,24,"Zac Evenson","sa3070048",
"Aidan Gilbert","HC",,2,1,5.399999878827266,15,4,0,0,0,28.1,139,27,19,17,4,18,11,3,0,24,"Aidan Gilbert","sa3070166",
"Christopher Gutierrez","UTSA",19,1,3,7.156626670484122,34,0,0,0,0,27.2,124,32,24,22,5,10,2,4,0,24,"Christopher Gutierrez","sa3070241",
"Jack Hasten","UAPB",,0,5,7.168141350935493,16,7,0,0,0,37.2,193,45,42,30,3,23,10,3,0,24,"Jack Hasten","sa3070297",
"Colby Humphries","GWEB",22,1,1,5.2886600018003795,21,0,0,0,2,32.1,154,37,21,19,4,22,3,3,0,24,"Colby Humphries","sa3070392",
"JoJo Keldsen","SEMO",,1,0,4.569230903309482,21,2,0,0,1,43.1,187,47,22,22,5,15,5,4,0,24,"JoJo Keldsen","sa3070487",
"Aiden Kitchings","NCSU",19,1,0,6.11320776717016,15,0,0,0,0,17.2,83,14,12,12,4,16,4,2,0,24,"Aiden Kitchings","sa3070515",
"Liam McKinney","SLU",,3,4,4.930434946157536,16,4,0,0,0,38.1,171,38,25,21,3,19,3,3,0,24,"Liam McKinney","sa3070755",
"Nik Miller","NEV",,2,2,8.15625,19,1,0,0,0,32,151,34,31,29,7,18,2,3,0,24,"Nik Miller","sa3070792",
"John D Mitchell","BC",20,1,0,7.171874786261475,15,0,0,0,1,21.1,109,28,17,17,5,14,6,3,2,24,"John D Mitchell","sa3070797",
"Ty Pankonin","PV",22,1,0,4.973684085703296,17,0,0,0,1,25.1,124,25,20,14,3,21,3,4,0,24,"Ty Pankonin","sa3070945",
"Owen Roberts","INST",,1,1,5.766990504847795,19,6,0,0,0,34.1,169,39,27,22,6,20,7,4,0,24,"Owen Roberts","sa3071137",
"Luis Martin Romero","SMC",21,2,3,6.180723033599923,17,1,0,0,0,27.2,137,36,23,19,2,17,6,3,0,24,"Luis Martin Romero","sa3071161",
"Ethan Rose","ECU",19,4,2,3,29,2,0,0,0,39,186,40,17,13,0,24,8,1,0,24,"Ethan Rose","sa3071169",
"Tommy Rose","EMU",,1,2,5.6571428571428575,18,3,0,0,0,35,171,38,29,22,3,18,9,3,0,24,"Tommy Rose","sa3071171",
"Ryan Schaffnit","BRAD",,1,2,13.499999474506009,17,2,0,0,1,32.2,190,63,51,49,4,26,7,4,0,24,"Ryan Schaffnit","sa3071224",
"Gabe Stout","NKU",,2,2,7.875,26,1,0,0,3,32,168,39,31,28,6,24,11,6,0,24,"Gabe Stout","sa3071385",
"Jake Thomas","BUT",,0,7,9.310344521412537,13,3,0,0,0,38.2,196,57,43,40,5,25,2,2,0,24,"Jake Thomas","sa3071443",
"Austin Vargas","NICH",21,0,3,9.486486731000507,11,9,0,0,0,24.2,133,31,34,26,1,26,4,6,0,24,"Austin Vargas","sa3071520",
"Alex Yearwood","TXST",20,1,0,8.790697869382855,12,0,0,0,0,14.1,67,17,14,14,4,7,1,6,0,24,"Alex Yearwood","sa3071672",
"Nick Chow","SCU",18,1,2,4.56338040428109,16,1,0,0,0,23.2,110,21,13,12,4,15,4,1,0,24,"Nick Chow","sa3073546",
"Beau Brailey","CAM",21,5,0,1.7234042203496522,28,0,0,0,3,31.1,135,27,7,6,0,18,3,4,0,24,"Beau Brailey","sa3073686",
"Brian Henson","EMU",,0,1,11.045454545454545,18,0,0,0,1,22,121,37,28,27,5,19,3,4,0,24,"Brian Henson","sa3073726",
"Jayden Summerville","KENN",,0,3,9.268656452558817,17,4,0,0,1,22.1,117,30,27,23,3,15,4,1,0,24,"Jayden Summerville","sa3073812",
"Bryce McCain","APSU",21,1,2,7.105262979576136,16,0,0,0,0,25.1,129,35,26,20,3,10,7,4,0,24,"Bryce McCain","sa3074119",
"Justin Abercrombie","UTAH",22,1,3,7.481927882778854,17,3,0,0,3,27.2,130,36,27,23,7,14,1,2,0,24,"Justin Abercrombie","sa3074193",
"Kyle Rudolph","MSU",19,1,3,6.988235137305874,11,6,0,0,0,28.1,129,30,23,22,6,8,4,6,0,24,"Kyle Rudolph","sa3074412",
"Konner Entz","SAC",21,0,2,6.464788906064877,20,3,0,0,0,23.2,111,22,20,17,2,14,7,1,0,24,"Konner Entz","sa3074740",
"Dean McCalla","UTM",,1,1,12.214285714285714,11,5,0,0,0,28,153,54,43,38,9,14,2,4,0,24,"Dean McCalla","sa3074782",
"Zach Worzel","CCSU",,3,4,8.648437242256485,12,8,0,0,0,42.2,213,52,44,41,7,17,15,2,2,24,"Zach Worzel","sa3075277",
"Caleb Kimble","HOU",19,0,1,3.9705883466661214,14,2,0,0,0,22.2,94,13,10,10,3,14,2,5,0,24,"Caleb Kimble","sa3075536",
"Tim Baird","MRSH",24,1,1,4.973684085703296,10,0,0,0,2,12.2,57,8,7,7,1,9,2,1,0,23,"Tim Baird","sa3026419",
"Logan Bevis","TTU",21,1,2,6.6,21,0,0,0,0,30,141,36,25,22,6,16,4,4,0,23,"Logan Bevis","sa3027111",
"Malcolm Brown","LR",,2,2,7.269230769230769,22,2,0,0,1,26,115,28,21,21,7,9,2,4,0,23,"Malcolm Brown","sa3027860",
"Jack Bunnell","CHSO",23,3,1,3.9789474483077893,12,0,0,0,3,31.2,131,35,15,14,1,6,1,1,0,23,"Jack Bunnell","sa3028012",
"Caleb Clark","NEB",22,2,2,6.639344054696003,23,0,0,0,0,20.1,97,10,19,15,1,21,5,1,0,23,"Caleb Clark","sa3028971",
"Zane Coppersmith","STET",23,3,3,8.136986088766173,17,2,0,0,0,24.1,119,26,25,22,5,14,6,2,0,23,"Zane Coppersmith","sa3029362",
"Shane Curtin","CREI",22,0,4,7.225352306778392,19,0,0,0,0,23.2,111,27,19,19,1,10,4,1,0,23,"Shane Curtin","sa3029732",
"Mayson Dear","UNCG",,2,4,9.185567371548029,19,5,0,0,2,32.1,165,40,37,33,7,27,4,2,0,23,"Mayson Dear","sa3029976",
"Jakob Foster","MSM",21,4,1,5.637362519204223,12,3,0,0,0,30.1,145,29,22,19,3,24,4,1,0,23,"Jakob Foster","sa3031580",
"Hunter Holzemer","SF",22,6,0,3.9886362771850004,23,0,0,0,0,29.1,138,35,18,13,3,11,4,1,2,23,"Hunter Holzemer","sa3034040",
"Chase Horst","JVST",22,3,1,2,23,0,0,0,2,27,118,18,10,6,0,14,6,2,0,23,"Chase Horst","sa3034105",
"Joe Husak","IOWA",23,1,1,6.6,22,1,0,0,3,30,131,30,23,22,5,9,7,0,0,23,"Joe Husak","sa3034353",
"AJ Jones","URI",,0,3,10.477611642023012,22,0,0,0,0,22.1,115,26,29,26,3,22,1,1,0,23,"AJ Jones","sa3034836",
"Quinn Larson","CAL",20,0,1,7.65,15,0,0,0,0,20,99,18,20,17,2,21,2,1,0,23,"Quinn Larson","sa3036004",
"RJ Latkowski","ELON",,2,3,7.2972974853850054,23,1,0,0,6,24.2,119,22,23,20,0,18,5,8,0,23,"RJ Latkowski","sa3036030",
"Griffin Madden","JMU",21,1,0,8.886075734824754,18,0,0,0,1,26.1,136,29,30,26,5,26,3,1,0,23,"Griffin Madden","sa3036825",
"Callum McGill","MORE",,3,1,4.677165494818665,10,10,0,0,0,42.1,197,46,27,22,5,20,2,1,0,23,"Callum McGill","sa3037594",
"Zack Millsap","UIC",,1,4,3.578313335242061,20,0,0,0,5,27.2,122,32,11,11,3,8,3,5,0,23,"Zack Millsap","sa3038107",
"Jeremiah Newman","AKR",23,0,2,13.144736512215852,18,3,0,0,0,25.1,152,34,39,37,6,34,10,4,0,23,"Jeremiah Newman","sa3038812",
"Cameron Nielson","UTAH",21,0,0,6.2027028625772545,14,3,0,0,2,24.2,118,37,19,17,3,9,2,4,0,23,"Cameron Nielson","sa3038867",
"Cameron Padgett","UNC",22,0,0,7.105262979576136,20,1,0,0,0,25.1,119,33,23,20,6,11,3,3,0,23,"Cameron Padgett","sa3039333",
"Ty Panariello","STBK",22,1,1,5.645454349675461,18,2,0,0,0,36.2,165,43,28,23,5,15,4,5,0,23,"Ty Panariello","sa3039396",
"Calvin Proskey","UCSB",21,0,1,2.8723403672494205,8,8,0,0,0,31.1,134,30,10,10,3,8,4,1,0,23,"Calvin Proskey","sa3040243",842454
"Josiah Ross","AKR",,2,5,10.551724137931034,17,5,0,0,0,29,161,39,37,34,5,31,9,2,0,23,"Josiah Ross","sa3041174",
"Michael Sarhatt","IU",24,0,1,6.9677421498373135,19,0,0,0,1,20.2,105,26,16,16,2,17,5,5,1,23,"Michael Sarhatt","sa3041574",
"Thomas Skrobe","HC",20,3,1,6.982758391059402,11,4,0,0,0,19.1,89,20,15,15,6,8,6,3,0,23,"Thomas Skrobe","sa3042408",
"Colton Sundloff","UNLV",23,2,0,4.973684085703296,24,0,0,0,0,25.1,110,23,15,14,1,13,6,2,0,23,"Colton Sundloff","sa3043334",
"Brock Tapper","TROY",22,1,2,5.955882519999182,14,4,0,0,0,22.2,120,32,18,15,3,18,3,1,0,23,"Brock Tapper","sa3043505",
"Blaine Albright","MRSH",22,1,3,7.92,14,4,0,0,0,25,131,30,23,22,0,25,6,2,0,23,"Blaine Albright","sa3058477",
"Logan Anderson","PORT",21,2,1,4.021276514149188,9,7,0,0,0,31.1,130,24,16,14,1,15,5,1,0,23,"Logan Anderson","sa3058497",
"Easton Barrett","ASU",20,1,1,8.409835802614937,10,7,0,0,0,20.1,98,15,19,19,2,25,0,5,0,23,"Easton Barrett","sa3058560",
"Nick Bassi","NIU",22,3,1,10.45161322475597,19,0,0,0,2,20.2,109,26,24,24,3,18,5,3,0,23,"Nick Bassi","sa3058573",
"Brett Foss","ARST",22,2,2,3.8152174704016284,19,0,0,0,1,30.2,123,23,14,13,3,7,3,0,0,23,"Brett Foss","sa3059214",
"Andrew Lepine","STET",20,0,1,4.879518184420992,23,0,0,0,4,27.2,125,31,18,15,3,9,4,5,0,23,"Andrew Lepine","sa3059799",
"Easton Miller","AFA",20,0,1,3.9705883466661214,15,1,0,0,0,22.2,108,20,10,10,0,19,7,2,1,23,"Easton Miller","sa3060039",
"Nate Moquin","OMA",,1,2,4.882978624324015,19,0,0,0,8,31.1,147,35,20,17,2,16,2,3,0,23,"Nate Moquin","sa3060080",
"Jack Nobe","XAV",20,1,2,5.04,5,5,0,0,0,25,123,32,17,14,5,10,4,1,0,23,"Jack Nobe","sa3060147",
"Ben Norton","HCU",23,3,1,4.333333333333333,21,0,0,0,6,27,125,18,13,13,3,22,6,1,0,23,"Ben Norton","sa3060153",
"Andrew Perry","BEL",20,1,3,8.162790878712652,14,3,0,0,0,28.2,144,39,33,26,7,19,2,0,0,23,"Andrew Perry","sa3060248",
"Zach Russell","SC",20,3,1,2.53125,25,0,0,0,1,32,149,24,16,9,2,20,6,1,0,23,"Zach Russell","sa3060452",
"Chase Sorlie","SAC",20,0,1,3.774193548387097,18,7,0,0,0,31,136,26,14,13,4,15,5,5,0,23,"Chase Sorlie","sa3060637",
"Jean Carlos Zambrano","BCU",23,1,0,3.375,12,0,0,0,2,24,105,23,11,9,0,9,3,4,0,23,"Jean Carlos Zambrano","sa3061004",
"Michael Marroquin Jr.","PRES",20,0,3,7.81578927753375,15,2,0,0,1,25.1,129,29,23,22,1,21,4,5,0,23,"Michael Marroquin Jr.","sa3062641",
"Aidan Von Zuben","PENN",20,0,2,6.831325458189389,14,1,0,0,2,27.2,140,34,21,21,0,23,4,8,0,23,"Aidan Von Zuben","sa3065159",
"Kyle Klaric-Schell","DART",,0,1,3.4177214364710595,10,1,0,0,0,26.1,115,23,10,10,3,8,5,1,1,23,"Kyle Klaric-Schell","sa3065552",
"David Hagen","WVU",21,4,1,3.4838709677419355,15,8,0,0,1,31,137,21,15,12,3,20,5,4,0,23,"David Hagen","sa3065755",
"Jack Donlin","ME",,2,0,6.893616881398609,16,0,0,0,1,15.2,85,16,15,12,0,15,7,6,0,23,"Jack Donlin","sa3066786",
"Talan Bell","CLEM",20,0,0,7.81578927753375,13,5,0,0,0,25.1,121,28,22,22,6,13,8,2,1,23,"Talan Bell","sa3066920",
"Abel Albarran","MTSU",,0,1,6.893616881398609,15,4,0,0,0,31.1,160,42,31,24,7,15,5,5,1,23,"Abel Albarran","sa3069468",
"Jackson Cook","SCU",19,1,1,7.220930392707346,12,8,0,0,0,28.2,136,33,25,23,5,20,4,1,0,23,"Jackson Cook","sa3069838",
"Noah Ehlers","MERC",,0,3,13.03448275862069,16,3,0,0,1,29,169,44,44,42,10,27,13,2,0,23,"Noah Ehlers","sa3070018",
"Brady Ferguson","IOWA",19,1,0,9.281249723397204,14,5,0,0,0,21.1,103,20,22,22,2,17,7,1,0,23,"Brady Ferguson","sa3070069",
"Cam Freeman","LONG",22,1,2,8,18,1,0,0,0,18,96,21,16,16,0,18,6,7,0,23,"Cam Freeman","sa3070116",
"Thomas Harding","SJU",,3,1,6,16,3,0,0,0,21,110,26,14,14,1,18,5,2,0,23,"Thomas Harding","sa3070274",
"Lucas Harrington","NWST",21,3,1,4.050000096559526,16,0,0,0,3,26.2,125,26,13,12,1,16,4,10,0,23,"Lucas Harrington","sa3070284",
"Adam Hayes","TTU",19,2,6,9.891088735331593,13,9,0,0,0,33.2,172,59,39,37,13,12,5,0,0,23,"Adam Hayes","sa3070301",
"Jason Johnson","NCAT",21,0,1,8.64,20,1,0,0,0,25,136,21,31,24,2,29,7,4,0,23,"Jason Johnson","sa3070447",
"Graham Kollen","PUR",23,1,1,6.666666666666667,20,2,0,0,0,27,127,35,20,20,4,7,8,3,1,23,"Graham Kollen","sa3070527",
"Mack Mabrey","LIP",20,2,1,7.985915707491907,17,0,0,0,0,23.2,125,26,23,21,3,23,8,2,0,23,"Mack Mabrey","sa3070644",
"Justin Morales","BCU",21,2,1,3.4177214364710595,19,1,0,0,2,26.1,125,18,14,10,0,24,5,13,0,23,"Justin Morales","sa3070808",
"Hayden Morrison","NIA",,4,0,7.81578927753375,13,0,0,0,0,25.1,123,27,23,22,5,16,7,3,0,23,"Hayden Morrison","sa3070821",
"Cameron Niehaus","CMU",,2,2,6,15,0,0,0,0,24,110,19,18,16,3,10,8,4,0,23,"Cameron Niehaus","sa3070882",
"Rowan Park","WES",22,2,2,6.887754833931638,18,3,0,0,0,32.2,158,34,25,25,7,23,5,3,0,23,"Rowan Park","sa3070951",
"Ayden Phillips","JAX",19,3,1,2.52,20,0,0,0,2,25,106,16,8,7,1,13,4,0,0,23,"Ayden Phillips","sa3071006",
"Trenton Roehler","ILST",,3,4,6.415841341836709,17,5,0,0,0,33.2,155,37,30,24,4,13,2,2,0,23,"Trenton Roehler","sa3071148",
"Kurt Rogers","COFC",,4,4,3.789473684210526,19,4,0,0,2,38,164,39,20,16,4,11,1,0,0,23,"Kurt Rogers","sa3071153",
"Schuyler Sandford","FLA",21,2,0,4.95,12,2,0,0,0,20,89,17,12,11,3,12,3,4,0,23,"Schuyler Sandford","sa3071214",
"Andrew Shaw","STAN",19,1,1,3.9,24,6,0,0,0,30,141,34,17,13,3,10,7,3,1,23,"Andrew Shaw","sa3071272",
"David Sheppard","UTU",19,1,0,7.237113686674204,22,3,0,0,0,32.1,159,42,28,26,6,19,3,5,0,23,"David Sheppard","sa3071281",
"Braden Smith","UCF",21,3,1,6.210000236892709,8,8,0,1,0,33.1,150,42,23,23,6,9,1,4,0,23,"Braden Smith","sa3071312",838365
"Becker Sybirski","NJIT",,0,2,5.5588235294117645,21,2,0,0,2,34,154,48,25,21,5,12,1,3,0,23,"Becker Sybirski","sa3071415",
"Wyatt Thornbury","FRES",21,1,1,11.659090656386924,23,0,0,0,1,29.1,152,48,40,38,5,10,8,9,0,23,"Wyatt Thornbury","sa3071453",
"Eli Thurmond","ND",24,2,1,7.923913207757228,24,0,0,0,1,30.2,152,49,28,27,6,12,1,5,0,23,"Eli Thurmond","sa3071455",
"Ayden West","UNCG",,1,1,4.295454452353077,22,0,0,0,0,29.1,139,25,14,14,1,26,6,3,0,23,"Ayden West","sa3071586",
"Caide White","CARK",,0,2,7.957894896615579,8,7,0,0,0,31.2,164,38,33,28,5,27,5,4,0,23,"Caide White","sa3071592",
"Ethan Wilson","APP",23,3,3,4.371428571428571,22,0,0,0,1,35,146,24,21,17,2,16,4,5,0,23,"Ethan Wilson","sa3071632",
"Thomas Achey","STET",19,0,0,2.8421052631578947,18,1,0,0,0,19,90,14,8,6,2,13,3,1,0,23,"Thomas Achey","sa3073669",
"Cole Moore","IOWA",19,3,0,4.68,20,7,0,0,0,25,121,21,14,13,2,17,10,3,0,23,"Cole Moore","sa3073764",
"Cade Nelson","TCU",19,1,0,5.268292560384505,11,4,0,0,0,27.1,119,25,17,16,2,10,4,0,0,23,"Cade Nelson","sa3073768",
"Davis Kahn","HARV",,1,1,6.86065552318587,13,3,0,0,0,40.2,196,58,34,31,2,13,4,3,0,23,"Davis Kahn","sa3074321",
"Camren Piwnicki","BRWN",,4,2,4.039370200070665,20,1,0,0,1,42.1,187,39,20,19,2,14,7,4,1,23,"Camren Piwnicki","sa3074395",
"Brian Cadieux","ALB",,2,4,6.508928793121365,12,6,0,0,0,37.1,178,36,29,27,8,34,4,3,2,23,"Brian Cadieux","sa3074719",
"Will Haas","TENN",19,0,1,6.428571428571429,15,0,0,0,1,14,63,14,10,10,3,5,3,1,0,23,"Will Haas","sa3075428",
"Caio Araujo","ALST",24,1,0,5.120689486776895,12,0,0,0,0,19.1,99,14,12,11,2,22,5,1,0,22,"Caio Araujo","sa3026141",
"Andrew Bowers","CIT",,2,2,6,14,7,0,0,1,36,173,55,27,24,7,12,4,1,0,22,"Andrew Bowers","sa3027473",
"Carter Boyd","MUR",,2,1,5.7272727272727275,21,1,0,0,0,33,147,24,23,21,4,22,6,3,1,22,"Carter Boyd","sa3027502",
"Mason Butash","PSU",21,0,2,8.357142857142858,14,2,0,0,0,28,137,38,28,26,2,17,2,1,0,22,"Mason Butash","sa3028150",
"Cooper Cohn","NIU",21,2,1,1.7419355374593284,14,0,0,0,1,20.2,95,17,6,4,0,10,7,0,0,22,"Cooper Cohn","sa3029113",
"Brandon Dahlman","LIB",22,0,2,7.92,15,1,0,0,1,25,118,40,23,22,2,8,2,5,1,22,"Brandon Dahlman","sa3029769",
"McCarty English","USM",21,1,1,4.784810011059483,12,7,0,0,0,26.1,127,26,17,14,2,20,5,3,0,22,"McCarty English","sa3030948",823805
"Ryan Featherston","ORE",21,3,0,2.4545454013446157,6,2,0,0,1,14.2,52,8,4,4,2,0,0,1,0,22,"Ryan Featherston","sa3031203",
"Tim Grack","UCI",21,2,1,8.55,12,0,0,0,0,20,102,20,24,19,1,17,4,8,0,22,"Tim Grack","sa3032553",
"Anthony Hausner","GWEB",23,2,5,8.15625,13,7,0,0,0,32,164,47,41,29,8,12,5,1,0,22,"Anthony Hausner","sa3033409",
"Kaleb Howell","SELA",,0,0,6.821052768527639,14,0,0,0,0,31.2,143,33,26,24,5,13,3,2,0,22,"Kaleb Howell","sa3034186",
"Connor Kane","CCU",22,3,1,6.749999853697693,20,0,0,0,0,29.1,152,46,25,22,7,15,5,4,0,22,"Connor Kane","sa3035053",
"Jake Kennedy","OKST",21,3,0,3.323077020588714,14,0,0,0,0,21.2,105,17,9,8,1,18,7,4,0,22,"Jake Kennedy","sa3035269",
"Konner Keplinger","UAB",22,2,1,8.650485757271692,26,3,0,0,1,34.1,170,50,40,33,11,19,3,2,0,22,"Konner Keplinger","sa3035294",
"Ryan Kittredge","UTAH",23,1,1,6.750000257492076,19,4,0,0,0,33.1,159,52,26,25,7,13,3,3,1,22,"Ryan Kittredge","sa3035473",
"Armani Knipper","DBU",,1,1,6.230769002225986,19,0,0,0,0,17.1,84,6,13,12,2,19,8,0,1,22,"Armani Knipper","sa3035554",
"Ryan Kruse","VAL",22,0,0,4.909090738848227,12,0,0,0,2,18.1,89,27,10,10,2,8,0,0,0,22,"Ryan Kruse","sa3035746",
"John Kwiatkowski","BC",22,5,0,4.909091030692832,23,0,0,0,1,25.2,119,32,14,14,2,10,3,2,0,22,"John Kwiatkowski","sa3035808",
"Jack Levine","MASS",23,1,4,16.47457680377562,11,3,0,0,0,19.2,120,35,42,36,3,15,8,2,0,22,"Jack Levine","sa3036278",
"Ryan Martinez","UTU",22,6,1,6.887754833931638,18,5,0,0,0,32.2,154,43,30,25,6,10,4,0,0,22,"Ryan Martinez","sa3037206",
"Chaz McRoberts","USD",22,1,1,7.544117858665631,18,0,0,0,0,22.2,108,31,20,19,4,3,5,2,0,22,"Chaz McRoberts","sa3037746",
"Ethan Papacek","BGSU",,0,0,5.4000001287460355,17,0,0,0,0,26.2,130,29,18,16,1,12,8,4,1,22,"Ethan Papacek","sa3039410",
"Landon Price","OHIO",22,0,2,7.714285466994423,25,1,0,0,1,39.2,205,69,41,34,3,17,5,2,0,22,"Landon Price","sa3040199",
"Nolan Puglisi","SIE",,2,0,6.622641747767673,12,2,0,0,0,17.2,92,14,23,13,1,20,6,2,0,22,"Nolan Puglisi","sa3040276",
"Ricky Reeth","FLA",23,2,0,4.029850631547312,18,0,0,0,0,22.1,106,29,13,10,1,7,3,2,0,22,"Ricky Reeth","sa3040550",
"Kellen Roberts","EVAN",21,1,2,9,19,1,0,0,0,26,132,30,28,26,7,26,4,1,0,22,"Kellen Roberts","sa3040886",
"Caden Robinson","MEM",22,2,0,5.55882368533257,11,0,0,0,1,22.2,108,26,15,14,3,9,1,5,0,22,"Caden Robinson","sa3040899",
"Jackson Rodgers","WIU",,1,2,6.74999979883433,7,3,0,0,0,21.1,92,17,16,16,6,10,2,1,0,22,"Jackson Rodgers","sa3040955",
"Josh Sibley","JVST",,0,0,4.050000096559526,17,1,0,0,1,13.1,58,12,8,6,3,7,0,2,0,22,"Josh Sibley","sa3042250",
"Teo Spadaccini","YALE",21,5,1,4.289719473233821,18,1,0,0,2,35.2,156,31,19,17,0,13,4,4,0,22,"Teo Spadaccini","sa3042791",
"Parker Thomas","GMU",21,0,0,6.517241379310345,16,1,0,0,2,29,143,28,23,21,4,20,11,4,0,22,"Parker Thomas","sa3043722",
"Jelle Van Der Lelie","ARST",,2,1,4.2631578947368425,14,0,0,0,1,19,91,18,13,9,2,9,6,2,0,22,"Jelle Van Der Lelie","sa3044338",
"Juan Vargas","TA&M",21,2,1,4.443037867412377,20,3,0,0,0,26.1,117,25,14,13,5,10,3,4,1,22,"Juan Vargas","sa3044373",
"Lance Wade","MOST",24,1,0,5.318181818181818,21,0,0,0,0,22,103,19,13,13,2,17,2,3,0,22,"Lance Wade","sa3044610",
"Owen Wheeler","ME",,1,4,6.517241164988776,23,0,0,0,0,19.1,94,18,16,14,0,17,2,8,0,22,"Owen Wheeler","sa3045077",
"Ian Winterhalder","SAC",23,1,1,6.662337827368844,21,0,0,0,0,25.2,121,38,24,19,3,6,1,3,0,22,"Ian Winterhalder","sa3045465",
"Kaleb Applebey","APSU",23,1,0,3.374999899417165,6,5,0,0,0,21.1,101,14,10,8,2,11,8,2,0,22,"Kaleb Applebey","sa3058508",
"Stephen Curry","HALL",,2,1,4.547368512351759,21,0,0,0,0,31.2,151,29,19,16,3,19,8,5,0,22,"Stephen Curry","sa3058973",
"Bryce Dolce","AAMU",21,0,1,9.108433944252518,20,0,0,0,1,27.2,144,32,31,28,1,19,13,5,0,22,"Bryce Dolce","sa3059066",
"Cole Kochanowicz","LEH",,0,3,11.045454545454545,15,0,0,0,2,22,122,35,33,27,2,15,8,3,0,22,"Cole Kochanowicz","sa3059710",
"Luke Lirette","SELA",,3,2,5.965116411366938,13,5,0,0,0,28.2,130,31,20,19,3,7,7,1,0,22,"Luke Lirette","sa3059823",
"Tyler Mitchell","NORF",,1,2,7.434782608695652,21,0,0,0,0,23,125,15,23,19,3,27,14,3,0,22,"Tyler Mitchell","sa3060060",
"Jimmy Mulvaney","FAIR",,0,2,3.802817003567575,23,0,0,0,2,23.2,107,13,10,10,0,16,8,1,0,22,"Jimmy Mulvaney","sa3060105",
"Jayce Park","ODU",20,1,0,4.821428571428571,20,0,0,0,0,28,136,27,17,15,0,21,3,0,1,22,"Jayce Park","sa3060210",
"Brody Roe","VT",22,4,1,5.869565217391305,21,0,0,0,1,23,111,27,18,15,2,13,4,3,0,22,"Brody Roe","sa3060408",
"Logan Scholl","MRST",,3,4,7.6567161999398925,15,0,0,0,0,22.1,112,22,22,19,1,16,5,1,0,22,"Logan Scholl","sa3060519",
"Dylan Scudder","BRY",22,3,3,7.132075728365186,11,8,0,0,0,35.1,169,44,37,28,6,16,5,5,0,22,"Dylan Scudder","sa3060536",
"Brenden Sweeney","MSST",22,0,0,5.85,13,2,0,0,1,20,85,21,14,13,4,6,1,0,0,22,"Brenden Sweeney","sa3060702",
"Jonathon Van Ness","BEL",20,1,1,8.217391304347826,18,2,0,0,1,23,111,28,22,21,4,11,4,4,0,22,"Jonathon Van Ness","sa3060823",
"Micah Wells","JOES",20,1,2,10,12,4,0,0,1,27,148,41,35,30,5,17,7,3,0,22,"Micah Wells","sa3060900",
"Davis Williams","WES",,1,3,4.882978624324015,26,1,0,0,0,31.1,153,40,17,17,2,14,7,2,0,22,"Davis Williams","sa3060927",
"Landen Yorek","USF",,1,2,6.585365700480631,11,5,0,0,0,27.1,120,21,22,20,5,12,7,0,0,22,"Landen Yorek","sa3060985",
"Kamar Dove","PV",21,1,9,13.141592476715072,13,9,0,0,0,37.2,205,59,61,55,4,29,8,7,0,22,"Kamar Dove","sa3062586",
"John Lobs","WCU",,1,0,3.272727272727273,16,0,0,0,2,22,95,23,8,8,4,8,1,2,0,22,"John Lobs","sa3062635",
"Ty Longoria","SJU",20,3,1,6,16,0,0,0,1,21,106,27,17,14,2,6,7,1,1,22,"Ty Longoria","sa3065357",
"Ethan Van Sice","COR",,1,2,9.642856880110145,10,5,0,0,0,23.1,128,29,34,25,4,21,6,6,0,22,"Ethan Van Sice","sa3066869",
"Halen Jaden Acuna Guerrero","UCR",,3,2,6.639344054696003,21,2,0,0,1,40.2,193,53,31,30,5,12,8,3,4,22,"Halen Jaden Acuna Guerrero","sa3069455",
"Tyler Avery","NICH",22,3,0,7.615384615384615,17,0,0,0,0,26,118,24,25,22,3,20,3,1,0,22,"Tyler Avery","sa3069522",
"Gabe Bryant","UTM",,2,3,7.961538461538462,26,0,0,0,3,26,126,32,24,23,7,10,6,0,0,22,"Gabe Bryant","sa3069690",
"Hayden Capers","UIW",,1,2,10.008620360518476,15,7,0,0,0,38.2,193,54,43,43,8,26,3,4,0,22,"Hayden Capers","sa3069742",
"Shane Carter","DSU",,0,2,11.853658260865135,17,1,0,0,0,27.1,152,34,46,36,6,25,9,7,2,22,"Shane Carter","sa3069757",
"Brian Gould","CREI",19,2,1,9.947368421052632,16,1,0,0,0,19,99,28,23,21,2,13,5,4,0,22,"Brian Gould","sa3070197",
"Luke Hayes","MORE",,1,1,5.033898467820328,11,1,0,0,1,19.2,93,17,13,11,1,16,4,1,0,22,"Luke Hayes","sa3070302",
"Braxton Haywood","CARK",,2,1,2.2881356671910584,11,0,0,0,0,19.2,91,13,15,5,0,8,4,0,0,22,"Braxton Haywood","sa3070306",
"Dylan Henshaw","STBK",,2,1,3.8571429885163644,18,6,0,0,0,37.1,168,29,24,16,4,25,5,1,0,22,"Dylan Henshaw","sa3070316",
"Cole Hubert","TA&M",20,0,0,9.310344521412537,14,5,0,0,0,19.1,104,34,23,20,4,10,3,0,0,22,"Cole Hubert","sa3070381",
"Caleb Hughes","MER",21,3,1,8.379310069271282,14,3,0,0,0,19.1,87,22,18,18,5,5,2,1,0,22,"Caleb Hughes","sa3070387",
"Landon Murphy","UTA",19,0,1,6.612244640574372,19,2,0,0,0,32.2,157,43,30,24,4,9,6,3,0,22,"Landon Murphy","sa3070837",
"Ryan Pugh","DEL",,1,3,8.150943689560213,13,2,0,0,2,35.1,181,46,37,32,6,24,3,10,1,22,"Ryan Pugh","sa3071051",
"Ian Regal","BUT",21,1,1,7.285714285714286,12,0,0,0,0,21,114,30,23,17,2,14,4,9,0,22,"Ian Regal","sa3071090",
"Noah Scott","ORST",21,2,1,5.478260869565218,16,1,0,0,1,23,108,27,14,14,2,10,5,2,0,22,"Noah Scott","sa3071250",
"Alex Sobol","UNCW",,0,3,7.105262979576136,14,6,0,0,0,25.1,124,23,22,20,4,17,8,7,0,22,"Alex Sobol","sa3071333",
"Luke Sullivan","MIZ",,0,3,5.9268291304325675,10,4,0,0,0,27.1,122,30,24,18,7,7,2,2,0,22,"Luke Sullivan","sa3071402",
"Eli Tyndall","VMI",19,2,3,7.2229301118044065,21,2,0,0,0,52.1,251,71,48,42,9,20,10,5,0,22,"Eli Tyndall","sa3071489",
"Alex Vander Loop","MILW",,2,1,9.707865376587458,12,3,0,0,0,29.2,151,45,33,32,11,13,7,1,0,22,"Alex Vander Loop","sa3071508",
"Lucas Watson","MILW",,0,1,9.775861747483162,22,0,0,0,0,19.1,107,27,24,21,4,19,3,5,0,22,"Lucas Watson","sa3071564",
"Drew Welk","SLU",,1,5,6.872727034387518,14,0,0,0,3,18.1,81,17,14,14,1,6,4,1,0,22,"Drew Welk","sa3071577",
"Taylor Werth","UCD",,2,2,6.084507205708119,21,0,0,0,0,23.2,110,30,19,16,0,9,4,1,0,22,"Taylor Werth","sa3071585",
"Austin Wiegandt","COFC",,2,1,2.5312499245628737,9,1,0,0,0,21.1,88,12,7,6,1,7,5,0,0,22,"Austin Wiegandt","sa3071603",
"Brayden Zilis","ILST",18,1,1,5.55882368533257,12,2,0,0,0,22.2,105,25,14,14,6,9,2,5,0,22,"Brayden Zilis","sa3071687",
"Mark Brissey","ARK",19,0,0,8.265305800717965,14,1,0,0,1,16.1,78,15,16,15,3,12,3,1,0,22,"Mark Brissey","sa3073543",
"Take Kreis","CAL",19,1,1,6.5,15,0,0,0,1,18,93,17,15,13,4,20,3,6,0,22,"Take Kreis","sa3073569",
"Trent Roach","CAL",19,2,1,2.934782669539714,16,5,0,0,1,30.2,127,27,14,10,2,7,3,1,0,22,"Trent Roach","sa3073586",
"Kellen English","IU",19,1,1,10.800000257492071,15,0,0,0,0,13.1,72,13,16,16,3,15,4,6,0,22,"Kellen English","sa3073713",
"JT Long","DBU",21,1,4,8.816326187432496,17,0,0,0,0,16.1,83,18,20,16,4,11,4,1,1,22,"JT Long","sa3073749",
"Charlie Hoagland","ECU",19,0,3,5.323943804994605,20,0,0,0,2,23.2,111,22,15,14,2,11,8,2,0,22,"Charlie Hoagland","sa3073961",
"Aidan Sites","TOW",21,2,0,3.6818181818181817,8,3,0,0,0,22,97,18,10,9,2,12,3,2,0,22,"Aidan Sites","sa3074427",
"Cody Underwood","LIP",,1,3,7.941176693332243,12,5,0,0,0,22.2,122,20,26,20,3,27,9,7,0,22,"Cody Underwood","sa3074442",
"Riley Ballard","CIT",,4,1,7.7727272727272725,11,5,0,0,0,22,111,29,20,19,6,15,3,3,0,22,"Riley Ballard","sa3074709",
"Corben Childers","WOF",21,0,1,7.875,15,0,0,0,0,16,79,23,18,14,3,7,1,2,0,22,"Corben Childers","sa3074725",
"Michael Tight","COR",,0,0,5.4606742743304455,12,0,0,0,1,29.2,140,32,28,18,2,14,5,7,0,22,"Michael Tight","sa3074831",
"Arturo Ormaza","TOL",22,0,1,7.6567161999398925,15,0,0,0,0,22.1,115,22,21,19,1,17,7,8,0,22,"Arturo Ormaza","sa3075150",
"Dax Sharp","WICH",23,0,3,5.225806451612903,16,8,0,0,1,31,142,35,18,18,4,12,4,3,0,22,"Dax Sharp","sa3075263",
"Ryan Marton","UNLV",21,2,3,6.157894736842105,13,4,0,0,2,19,88,16,15,13,1,9,5,2,0,22,"Ryan Marton","sa3075738",838868
"Benjamin Baker-Livingston","JAX",,1,1,4.7368421052631575,17,5,0,0,0,38,183,48,26,20,6,20,4,4,0,21,"Benjamin Baker-Livingston","sa3026423",
"Tom Chmielewski","UNC",25,2,0,5.318181818181818,17,1,0,0,1,22,91,18,14,13,2,8,1,4,0,21,"Tom Chmielewski","sa3028860",
"Ethan Davis","MORE",23,2,2,7.090909090909091,16,1,0,0,0,33,160,39,33,26,7,17,7,4,0,21,"Ethan Davis","sa3029906",
"Jake Dorety","RID",,1,1,5.666666666666667,19,0,0,0,1,27,128,32,22,17,2,18,2,6,0,21,"Jake Dorety","sa3030482",
"Jaxson Easterlin","OAK",22,2,2,7.846153846153846,26,0,0,0,0,39,182,57,38,34,8,10,2,3,0,21,"Jaxson Easterlin","sa3030744",
"Andrew Edrington","OSU",21,0,2,4.075471844780107,18,0,0,0,1,17.2,87,19,11,8,1,15,2,0,0,21,"Andrew Edrington","sa3030797",
"Zak Endres","STMN",,0,2,4.05,11,0,0,0,3,20,93,18,12,9,2,9,1,0,0,21,"Zak Endres","sa3030936",
"Braden Gluth","NDSU",25,0,1,3.9886362771850004,17,0,0,0,1,29.1,143,32,17,13,2,15,8,2,0,21,"Braden Gluth","sa3032322",
"Jacob Gomberg","UNLV",21,1,4,11.117647058823529,18,0,0,0,3,17,94,18,24,21,0,17,9,6,0,21,"Jacob Gomberg","sa3032377",
"Joe Hauser","CREI",25,1,0,4.7903227280131535,19,0,0,0,1,20.2,98,17,11,11,1,18,4,4,2,21,"Joe Hauser","sa3033407",
"Ivan Hoyt","DAV",,1,3,11.758064877850467,18,1,0,0,4,20.2,113,33,30,27,7,16,4,2,1,21,"Ivan Hoyt","sa3034196",
"Jake Jakubowski","UIC",22,1,2,7.411764705882353,29,0,0,0,0,34,147,33,30,28,12,7,6,0,0,21,"Jake Jakubowski","sa3034546",
"Wesley Jones","CLT",21,2,4,8.871428329701333,15,7,0,0,0,23.1,112,28,23,23,6,14,2,3,1,21,"Wesley Jones","sa3034923",
"Ian Lohse","MIZ",,0,0,12.789473363237045,14,0,0,0,4,12.2,65,15,18,18,5,13,2,0,0,21,"Ian Lohse","sa3036465",
"Ryan Lynch","CCU",23,2,1,6.631578947368421,18,0,0,0,5,19,84,14,14,14,5,10,4,3,0,21,"Ryan Lynch","sa3036743",
"Kyler Mentzel","HCU",,0,0,7.714285977032729,18,0,0,0,1,18.2,84,17,16,16,2,14,4,2,0,21,"Kyler Mentzel","sa3037874",
"Hudson Narke","LAS",,3,1,4.333333333333333,11,0,0,0,0,27,124,36,18,13,1,11,1,0,0,21,"Hudson Narke","sa3038680",
"Cameron OBanan","TXST",23,2,0,6.872727034387518,18,0,0,0,0,18.1,91,19,18,14,3,10,5,0,0,21,"Cameron OBanan","sa3038987",
"Ryan Renfroe","KENN",21,2,2,5.120689486776895,22,0,0,0,0,19.1,92,11,14,11,3,20,3,0,0,21,"Ryan Renfroe","sa3040618",
"Chris Scinta","HOU",22,1,3,7.460526128554943,16,4,0,0,2,25.1,122,32,23,21,1,12,5,4,0,21,"Chris Scinta","sa3041845",
"Evan Smith","MD",,0,5,8.454545454545455,8,8,0,0,0,33,173,48,39,31,8,17,8,1,0,21,"Evan Smith","sa3042550",
"Ethan Stewart","OHIO",,1,2,9.794117647058824,22,0,0,0,0,34,191,56,44,37,12,22,8,3,1,21,"Ethan Stewart","sa3043101",
"Jack Becker","UCR",,0,1,8.191011411495667,26,2,0,0,0,29.2,153,35,29,27,3,21,8,3,0,21,"Jack Becker","sa3058593",
"Collins Black","NCSU",20,3,1,9.257142604905738,12,0,0,0,2,11.2,66,15,25,12,6,12,4,2,0,21,"Collins Black","sa3058649",
"Jack Brown","LOU",20,4,2,5.4000001287460355,19,1,0,0,0,26.2,128,28,19,16,2,16,10,1,0,21,"Jack Brown","sa3058747",
"Brody Bunting","LR",,1,1,4.242857027248464,14,1,0,0,1,23.1,111,23,17,11,2,19,2,2,0,21,"Brody Bunting","sa3058769",
"Jack Chavez","VILL",20,0,0,6,18,5,0,0,0,27,125,30,19,18,5,16,3,3,0,21,"Jack Chavez","sa3058859",
"Kai Decker","MER",,2,1,5.785714482774546,14,3,0,0,0,18.2,93,18,14,12,0,15,2,5,0,21,"Kai Decker","sa3059021",
"Eddie Dolansky","NIA",,1,1,6.532258265472482,16,0,0,0,0,20.2,106,29,20,15,3,14,2,4,0,21,"Eddie Dolansky","sa3059065",
"Evan Doyle","FDU",,1,0,5.49152560125854,11,0,0,0,0,19.2,100,20,13,12,2,13,8,5,0,21,"Evan Doyle","sa3059078",
"Ethan Gardner","UTU",22,1,2,12.326087212066799,15,0,0,0,0,15.1,85,18,22,21,2,15,7,5,0,21,"Ethan Gardner","sa3059275",
"Andrew Hardin","TAR",22,1,0,7.892307923898196,18,1,0,0,1,21.2,117,22,23,19,1,23,4,5,0,21,"Andrew Hardin","sa3059409",
"Carson Kimball","FAU",21,2,1,5.810126442000801,21,0,0,0,3,26.1,122,26,20,17,3,16,6,4,0,21,"Carson Kimball","sa3059681",
"Jacob Pedersen","RUTG",23,3,2,4.628571302452869,11,0,0,0,0,23.1,99,26,13,12,5,7,0,1,2,21,"Jacob Pedersen","sa3060228",
"Kyle Powers","JAX",,2,3,5.532786712246669,17,4,0,0,0,40.2,190,57,29,25,6,11,3,0,0,21,"Kyle Powers","sa3060297",
"Karsen Richard","WICH",24,0,0,3.6486487426925027,12,0,0,0,0,12.1,62,12,11,5,2,13,1,4,0,21,"Karsen Richard","sa3060362",
"Peyton Rodgers","UCI",20,1,1,4.432835694702043,20,0,0,0,3,22.1,106,27,12,11,0,10,3,3,0,21,"Peyton Rodgers","sa3060397",
"Jack Welsch","STO",20,1,2,3.573529511999509,14,1,0,0,1,22.2,110,22,13,9,3,17,2,0,0,21,"Jack Welsch","sa3060901",
"Cayson Bell","BYU",21,1,1,6.192660767184643,14,8,0,0,0,36.1,169,36,26,25,5,20,11,4,0,21,"Cayson Bell","sa3062559",
"Max Hammond","CMU",20,0,3,12.063829542447566,15,1,0,0,1,15.2,88,23,21,21,3,14,5,2,1,21,"Max Hammond","sa3062846",
"Hunter Hoxie","FAIR",20,1,1,6.868421052631579,13,8,0,0,0,38,192,44,32,29,4,35,6,4,0,21,"Hunter Hoxie","sa3065328",
"Matt Goldenbaum","CREI",21,4,1,0.4090909090909091,19,0,0,0,3,22,91,11,2,1,0,16,1,2,0,21,"Matt Goldenbaum","sa3065796",
"Charlie Smith","MEM",22,1,2,8.291338831723996,21,2,0,0,1,42.1,214,60,43,39,7,18,12,4,1,21,"Charlie Smith","sa3065851",
"Peter Herrick","SJSU",,1,2,6.12,17,0,0,0,1,25,121,34,18,17,1,9,6,3,1,21,"Peter Herrick","sa3066066",
"Garrett Shupe","NDSU",,2,2,6.252631704483669,12,7,0,0,0,31.2,158,37,29,22,5,20,6,0,0,21,"Garrett Shupe","sa3066447",
"Angel Santiago-Cruz","RICH",20,1,2,7.9672128656352035,14,2,0,0,0,20.1,100,27,22,18,5,13,5,1,0,21,"Angel Santiago-Cruz","sa3066643",
"Avery Booker","QUC",,2,2,6.545454545454546,17,1,0,0,0,33,153,38,27,24,7,14,3,2,0,21,"Avery Booker","sa3069635",
"Mason Engel","RGV",,1,1,5.27343734283932,13,8,0,0,0,42.2,187,43,25,25,6,18,3,3,0,21,"Mason Engel","sa3070027",
"Nathan Harb","NIA",21,3,0,3.7594935801181655,17,0,0,0,0,26.1,128,26,15,11,3,20,2,1,0,21,"Nathan Harb","sa3070272",
"Quinn Holt","UVU",23,2,2,5.754098180736536,6,4,0,0,0,20.1,95,14,14,13,2,20,0,3,0,21,"Quinn Holt","sa3070356",
"Olivier Martel","ILL",21,0,1,7.105263157894737,16,0,0,0,0,19,96,25,15,15,2,15,2,3,0,21,"Olivier Martel","sa3070686",
"Maddon McArthur","HOF",,2,1,5.3289472346821025,19,0,0,0,1,25.1,124,24,16,15,2,21,6,2,0,21,"Maddon McArthur","sa3070719",
"Christopher Nell","LEH",,0,2,4.821428735645456,6,3,0,0,1,18.2,84,20,10,10,0,9,2,5,3,21,"Christopher Nell","sa3070867",
"Trey ONeil","USI",,3,0,2.5471699029875667,14,0,0,0,1,17.2,78,14,5,5,1,9,3,0,0,21,"Trey ONeil","sa3070919",
"Aiden Parker","GMU",19,3,1,4.99159647864345,13,9,0,0,0,39.2,184,44,27,22,4,22,5,7,0,21,"Aiden Parker","sa3070952",
"David Perez","WVU",20,2,1,5,15,0,0,0,6,18,82,17,14,10,3,12,0,4,0,21,"David Perez","sa3070988",
"Ethan Plog","LSU",20,2,0,9.978261076435029,22,0,0,0,0,15.1,83,17,19,17,2,16,4,3,0,21,"Ethan Plog","sa3071022",
"Henry Radbill","RUTG",,0,0,8.136986088766173,18,7,0,0,0,24.1,140,42,28,22,1,21,6,1,1,21,"Henry Radbill","sa3071066",
"Charlie Seneker","W&M",19,1,2,9.272727272727273,15,0,0,0,0,33,165,44,36,34,5,18,8,3,0,21,"Charlie Seneker","sa3071260",
"Kyzer Smith","FAU",21,2,0,8.010988843079685,24,1,0,0,0,30.1,156,41,28,27,1,17,11,3,0,21,"Kyzer Smith","sa3071318",
"Dalton Swinehart","VAL",,0,4,10.087911876470715,17,1,0,0,1,30.1,160,51,36,34,0,19,3,5,0,21,"Dalton Swinehart","sa3071414",
"Weston Thornbury","FRES",,0,1,7.481927882778854,20,1,0,0,0,27.2,140,40,28,23,5,10,7,7,0,21,"Weston Thornbury","sa3071452",
"Ethin Woltz","UNM",19,3,2,9.6,13,7,0,0,0,30,155,39,34,32,3,18,9,3,0,21,"Ethin Woltz","sa3071649",
"Joey Young","XAV",22,0,1,10.384615384615385,10,2,0,0,0,13,75,24,15,15,3,9,2,0,0,21,"Joey Young","sa3071677",
"Caden Earing","SLU",,2,4,8.650485757271692,17,3,0,0,0,34.1,173,44,34,33,8,19,10,2,0,21,"Caden Earing","sa3073710",
"Charlie Hendrix","GTWN",20,2,1,6.813083869253716,11,7,0,0,0,35.2,170,44,28,27,4,16,10,1,0,21,"Charlie Hendrix","sa3073725",
"Kevin Mebil","FSU",22,1,2,5.4,16,0,0,0,1,20,87,12,13,12,1,12,2,3,0,21,"Kevin Mebil","sa3073973",
"Max Schneider","LMU",19,0,2,15.954545108740001,17,1,0,0,1,14.2,97,20,27,26,0,31,6,6,0,21,"Max Schneider","sa3073989",
"Nick Sawyer","OSU",21,0,2,5.39999981273305,19,0,0,0,0,18.1,86,21,12,11,1,8,5,0,0,21,"Nick Sawyer","sa3074143",
"Brett Gable","HARV",,1,0,2.4179103789283873,17,0,0,0,3,22.1,89,15,7,6,1,12,2,4,0,21,"Brett Gable","sa3074278",
"Cody Kiemele","GCU",20,0,3,5.810126442000801,12,8,0,0,0,26.1,130,33,21,17,2,20,2,2,0,21,"Cody Kiemele","sa3075132",
"Connor Mendez","ORST",22,2,3,7.269230769230769,8,7,0,0,0,26,113,24,21,21,4,11,2,1,0,21,"Connor Mendez","sa3075409",
"Jud Files","JVST",,2,0,2.142857142857143,14,0,0,0,0,21,94,18,5,5,0,11,4,4,0,21,"Jud Files","sa3075502",
"Erik Rico","FRES",19,1,5,7.468084954848493,10,9,0,0,0,31.1,147,30,30,26,4,15,7,2,0,21,"Erik Rico","sa3075991",
"Aiden Stillman","VAN",19,3,2,7.714285714285714,8,4,0,0,0,14,76,12,16,12,4,18,3,1,0,21,"Aiden Stillman","sa3076074",
"David Andolina","LEH",,1,0,10.706896199624417,16,0,0,0,0,19.1,107,26,25,23,2,17,5,1,0,20,"David Andolina","sa3026075",
"JW Armistead","USM",23,1,0,3.4838710749186568,27,0,0,0,1,20.2,96,17,8,8,0,14,3,0,0,20,"JW Armistead","sa3026193",
"Michael Bradshaw","MRMK",21,7,1,5.357142857142857,24,2,0,0,1,42,189,48,29,25,4,9,10,6,0,20,"Michael Bradshaw","sa3027557",
"Joey Calabretti","SBU",,0,4,6.932432611115755,17,1,0,0,2,24.2,126,39,22,19,1,14,1,0,0,20,"Joey Calabretti","sa3028251",
"Drew Dickson","NU",22,2,1,5.1081082397695035,15,0,0,0,2,24.2,118,30,21,14,6,13,1,3,0,20,"Drew Dickson","sa3030290",
"Roman DiGiacomo","DUKE",22,1,2,7.403226034202146,21,0,0,0,1,20.2,112,23,26,17,3,20,6,3,1,20,"Roman DiGiacomo","sa3030319",
"Aidan English","YSU",22,2,2,7.7142855040881155,14,1,0,0,0,23.1,128,29,32,20,1,21,6,5,0,20,"Aidan English","sa3030945",
"Tate Foxson","UNLV",22,0,2,8.265305800717965,15,0,0,0,0,16.1,85,23,17,15,2,16,3,4,0,20,"Tate Foxson","sa3031613",
"Brenden Garula","CIN",22,2,0,6.857142857142857,18,3,0,0,0,21,113,30,17,16,1,17,7,1,0,20,"Brenden Garula","sa3032014",
"Carter Gaston","PORT",,4,3,4.7943923524378,11,9,0,0,0,35.2,164,37,22,19,1,15,9,4,0,20,"Carter Gaston","sa3032040",
"Jack Gibson","UPST",21,1,1,5.586206712847522,15,0,0,0,0,19.1,92,22,12,12,1,11,1,3,1,20,"Jack Gibson","sa3032188",
"Jacob Haley","USA",20,1,0,3.0681817516807697,9,0,0,0,1,14.2,62,8,6,5,0,5,4,4,0,20,"Jacob Haley","sa3033002",841026
"Nicholas Holbrook","GAST",23,2,1,7.285714285714286,14,0,0,0,0,21,104,28,18,17,2,13,7,4,0,20,"Nicholas Holbrook","sa3033948",
"Jeremiah Holder","VILL",20,0,2,7.403226034202146,22,0,0,0,2,20.2,107,22,18,17,2,21,2,4,0,20,"Jeremiah Holder","sa3033962",
"Russell Hunter","HOF",21,0,2,13.5,10,3,0,0,0,18,102,30,28,27,6,15,4,4,0,20,"Russell Hunter","sa3034329",
"Tanner Kaler","GMU",21,1,2,14.4,11,4,0,0,0,15,87,18,24,24,4,19,7,4,0,20,"Tanner Kaler","sa3035037",
"Nolan Kemp","STMN",23,1,2,9.41860486005306,14,2,0,0,0,28.2,147,37,35,30,6,21,6,2,1,20,"Nolan Kemp","sa3035243",
"Luc Lavigueur","URI",22,2,0,8.709677687296642,16,1,0,0,0,20.2,107,19,21,20,3,19,5,4,0,20,"Luc Lavigueur","sa3036055",
"James Lordi","LIU",22,0,2,10.48235270595881,17,6,0,0,1,28.1,154,41,35,33,8,25,6,0,0,20,"James Lordi","sa3036563",
"TJ Melani","STET",23,1,0,6.096774381107649,16,0,0,0,1,20.2,92,22,16,14,4,6,2,1,0,20,"TJ Melani","sa3037811",
"Breckin Nace","RAD",,0,3,7.225352306778392,9,4,0,0,1,23.2,116,23,23,19,2,12,7,2,0,20,"Breckin Nace","sa3038658",
"Jeter Schuerman","CSUB",,0,1,7.105263157894737,22,0,0,0,1,19,98,21,17,15,2,18,4,0,0,20,"Jeter Schuerman","sa3041797",
"Jack Smith","HARV",22,0,2,8.027027233923505,13,0,0,0,1,24.2,120,27,28,22,3,16,5,10,0,20,"Jack Smith","sa3042574",
"Saul Soto","HAW",22,2,0,5.869565217391305,17,2,0,0,1,23,111,24,17,15,2,14,4,1,0,20,"Saul Soto","sa3042774",
"Leo Uelmen","ORE",22,2,0,6.061224253859841,14,1,0,0,0,16.1,72,15,13,11,3,6,5,5,0,20,"Leo Uelmen","sa3044216",
"Isaac Warrick","UAB",21,1,1,4.285714285714286,15,1,0,0,0,21,94,20,11,10,4,11,2,0,0,20,"Isaac Warrick","sa3044814",
"Matthew Werk","SDST",22,1,1,5.04,14,1,0,0,0,25,113,23,14,14,3,15,4,1,0,20,"Matthew Werk","sa3045016",
"Ira Austin","UK",22,0,1,7.630434940803257,25,0,0,0,0,15.1,78,16,13,13,2,7,8,4,0,20,"Ira Austin","sa3058528",
"Sam Bryan","PITT",23,0,1,7.132075728365186,17,2,0,0,0,17.2,84,17,14,14,1,11,6,3,0,20,"Sam Bryan","sa3058760",
"Ralph Gariano","LEH",22,0,1,7.578947368421052,16,2,0,0,0,19,99,26,23,16,1,12,6,2,1,20,"Ralph Gariano","sa3059277",
"Jack Griffiths","CMU",20,2,2,7.758620689655173,13,3,0,0,0,29,138,27,26,25,5,29,1,5,0,20,"Jack Griffiths","sa3059361",
"Isaac Hallam","SEA",19,2,3,5.457446697773899,14,2,0,0,0,31.1,140,32,20,19,3,15,4,4,0,20,"Isaac Hallam","sa3059393",
"Kenny Ishikawa","UGA",22,1,1,14.441860785414692,10,6,0,0,0,14.1,82,21,24,23,3,16,3,5,0,20,"Kenny Ishikawa","sa3059572",838973
"Donovann Jackson","UCSB",23,1,0,5.0943398059751335,10,0,0,0,1,17.2,77,16,10,10,2,9,1,2,0,20,"Donovann Jackson","sa3059576",
"Peter Jezerinac","KENN",20,1,0,8.30769200296798,18,1,0,0,0,17.1,86,20,16,16,4,10,6,1,0,20,"Peter Jezerinac","sa3059595",
"Zach Kmatz","ORST",20,0,0,5.303571609210001,14,0,0,0,0,18.2,86,27,12,11,1,4,4,2,0,20,"Zach Kmatz","sa3059702",
"Alex Navarrete","CSUB",,2,1,4.835820757856775,16,1,0,0,1,22.1,109,22,20,12,1,14,7,6,0,20,"Alex Navarrete","sa3060124",
"Braeden Romero","MAN",,1,2,5.76,7,3,0,0,0,25,122,34,21,16,1,7,6,3,0,20,"Braeden Romero","sa3060418",
"TP Wentworth","OKST",20,1,0,4.354838843648321,9,5,0,0,0,20.2,100,24,12,10,3,14,1,0,0,20,"TP Wentworth","sa3060903",
"Nic Abraham","TENN",20,2,0,4.15384600148399,16,3,0,0,0,34.2,147,32,17,16,3,7,7,1,0,20,"Nic Abraham","sa3062550",
"Brendan Kenneally","MONM",21,4,3,7.363636595785491,15,6,0,0,0,40.1,207,53,39,33,4,28,10,10,0,20,"Brendan Kenneally","sa3062626",
"Jackson Soucie","UK",22,0,2,3.4838710749186568,24,1,0,0,2,20.2,98,19,12,8,0,13,4,3,1,20,"Jackson Soucie","sa3062905",
"Kelly Crumpton","UNA",24,0,1,5.823529411764706,15,0,0,0,1,17,80,18,14,11,1,6,5,1,0,20,"Kelly Crumpton","sa3065517",
"Nick Espinola","AAMU",23,1,1,5.1081082397695035,17,1,0,0,0,24.2,125,36,19,14,1,13,4,1,0,20,"Nick Espinola","sa3065529",
"Mark Gajowski","ALB",19,0,1,9,8,3,0,0,0,20,100,23,27,20,2,14,1,1,0,20,"Mark Gajowski","sa3065536",
"Andrew Rondini","RUTG",,1,0,2.16,11,0,0,0,1,25,101,17,7,6,2,10,2,1,0,20,"Andrew Rondini","sa3065846",
"Kody King","CSUN",,3,2,2.5312499245628737,19,0,0,0,0,21.1,102,24,12,6,2,9,2,2,0,20,"Kody King","sa3066073",
"Brendan Murphy","COLU",20,0,1,5.530120609010457,12,1,0,0,0,27.2,123,32,19,17,4,10,2,4,0,20,"Brendan Murphy","sa3066081",
"Taylor Bednar","AKR",,2,3,9.782608695652174,17,1,0,0,2,23,129,33,32,25,3,24,4,5,0,20,"Taylor Bednar","sa3066292",
"Kevin Mannell","NEB",23,1,0,4.426229369797335,17,0,0,0,1,20.1,94,18,10,10,2,13,6,2,0,20,"Kevin Mannell","sa3066326",
"CJ Patterson","NORF",,2,0,6.375,19,0,0,0,0,24,133,30,23,17,3,20,3,3,0,20,"CJ Patterson","sa3066443",
"Marcus Downing","AFA",20,6,1,4.595744587599073,18,1,0,0,0,31.1,150,35,18,16,3,22,1,4,0,20,"Marcus Downing","sa3066539",
"Connor Mondey","SHSU",,1,3,5.76,16,1,0,0,0,25,119,24,17,16,7,17,3,6,1,20,"Connor Mondey","sa3066634",
"Matt Reyes","DEL",,2,1,6.850746073630431,9,1,0,0,0,22.1,114,20,19,17,1,14,12,2,0,20,"Matt Reyes","sa3067141",
"Tyler Ball","BYU",21,1,2,7.6567161999398925,16,3,0,0,1,22.1,113,23,22,19,3,19,8,5,0,20,"Tyler Ball","sa3069548",
"Jackson Evers","JVST",,1,0,4.58490582537762,15,0,0,0,0,17.2,84,18,14,9,1,11,3,2,0,20,"Jackson Evers","sa3070050",
"Alex Frank","FAIR",,2,2,3.6666666666666665,21,0,0,0,1,27,130,29,11,11,1,14,9,3,0,20,"Alex Frank","sa3070111",
"Cade Hansen","BAY",23,0,4,11.571428858061676,14,5,0,0,0,25.2,137,45,33,33,3,13,6,3,0,20,"Cade Hansen","sa3070267",
"Cooper Harris","SHSU",,1,1,8.068965517241379,20,1,0,0,1,29,137,29,26,26,6,23,4,2,0,20,"Cooper Harris","sa3070281",
"Dylan Harrison","CLEM",19,2,3,4.1086957373556,13,5,0,0,0,30.2,139,30,17,14,3,10,9,0,0,20,"Dylan Harrison","sa3070282",
"Austin Henry","SDST",23,0,2,6,23,0,0,0,0,18,95,9,14,12,1,32,2,2,1,20,"Austin Henry","sa3070314",
"Will Jaisle","ND",19,1,1,4.5,19,0,0,0,2,18,89,15,9,9,3,16,4,2,0,20,"Will Jaisle","sa3070422",
"Braden Lowe","WAG",22,2,1,7.41758226211082,18,0,0,0,0,30.1,153,33,29,25,0,20,12,3,0,20,"Braden Lowe","sa3070631",
"Brooks McDonnough","BEL",23,1,2,6.749999830597329,19,0,0,0,1,25.1,116,28,23,19,4,12,2,5,0,20,"Brooks McDonnough","sa3070739",
"Austin Musso","ASU",19,0,1,8.30769200296798,11,3,0,0,0,17.1,84,24,18,16,8,8,0,0,0,20,"Austin Musso","sa3070847",
"Cory Pascarella","MONM",19,0,1,5.869565217391305,9,3,0,0,1,23,106,26,17,15,3,12,4,3,0,20,"Cory Pascarella","sa3070956",
"Corbin Payne","CHSO",,0,0,10.058823529411764,14,0,0,0,0,17,89,24,20,19,3,15,2,1,0,20,"Corbin Payne","sa3070969",
"Cullen Riel","MILW",21,2,0,6.230769413603839,23,0,0,0,0,21.2,118,28,18,15,1,18,7,4,0,20,"Cullen Riel","sa3071117",
"Charles Rogers","CSUN",19,0,3,6.75,25,14,0,0,0,36,157,39,33,27,7,9,5,3,0,20,"Charles Rogers","sa3071150",
"Chris Sand","RUTG",,4,3,6.579831721848184,15,8,0,0,0,39.2,181,48,31,29,7,13,5,0,0,20,"Chris Sand","sa3071212",
"Jaiden Turner","CSUN",21,1,0,2.25,19,0,0,0,2,20,89,18,6,5,1,9,1,5,0,20,"Jaiden Turner","sa3071485",
"Carlos Vallejo","RGV",,0,1,4.5,11,3,0,0,0,20,87,20,14,10,3,7,1,0,0,20,"Carlos Vallejo","sa3071503",
"Hunter Vincent","TA&M",19,0,0,6.352941354665794,10,0,0,0,0,11.1,57,9,8,8,0,11,5,2,1,20,"Hunter Vincent","sa3071534",
"Ethan Zufall","BYU",20,1,0,6.532258265472482,15,0,0,0,0,20.2,110,23,16,15,1,22,6,0,0,20,"Ethan Zufall","sa3071690",
"Daniel Brousseau","BYU",,4,0,2.7303371371652227,24,0,0,0,0,29.2,132,28,10,9,2,11,9,6,1,20,"Daniel Brousseau","sa3073688",
"JD Dohrmann","MIZ",,2,1,4.183098703924332,7,5,0,0,0,23.2,103,18,12,11,2,15,2,0,2,20,"JD Dohrmann","sa3073707",
"Jack Lafflam","ARIZ",19,0,1,7.232143103468183,9,6,0,0,0,18.2,93,22,16,15,1,14,3,7,0,20,"Jack Lafflam","sa3073742",
"Henry Chabot","USC",22,2,0,2.204081546858124,18,0,0,0,0,16.1,75,9,6,4,0,15,3,4,0,20,"Henry Chabot","sa3073937",
"William Petteys","GAST",20,0,1,7.892307923898196,16,1,0,0,0,21.2,105,24,23,19,3,12,2,7,0,20,"William Petteys","sa3073979",
"Jeremiah Stewart","UNF",,1,0,5.126582154706589,16,0,0,0,0,26.1,136,31,19,15,1,10,11,0,0,20,"Jeremiah Stewart","sa3073994",
"Harrison Lombardi","SPU",22,1,1,6.084507205708119,15,0,0,0,1,23.2,119,32,24,16,1,11,4,5,0,20,"Harrison Lombardi","sa3074342",
"William Pierro","STMN",,1,1,7.560000288391124,15,0,0,0,0,33.1,162,40,30,28,5,20,4,2,0,20,"William Pierro","sa3074394",
"Jack Sams","UK",19,2,0,2.160000082397464,10,0,0,0,0,16.2,74,13,5,4,0,8,2,1,1,20,"Jack Sams","sa3074417",
"Nathan Matoush","DART",,0,2,4.050000096559526,13,3,0,0,1,26.2,116,22,15,12,1,17,1,1,0,20,"Nathan Matoush","sa3074781",
"Elliot Cadieux Lanoue","FGCU",,2,1,5.586206712847522,17,0,0,0,2,19.1,94,16,13,12,0,12,8,5,0,20,"Elliot Cadieux Lanoue","sa3074982",
"Cooper Powell","TA&M",20,0,0,2.1891892456155015,11,0,0,0,0,12.1,56,7,4,3,2,8,3,1,0,20,"Cooper Powell","sa3075013",
"Zac Laviage","TXSO",,1,5,4.959183480430779,8,5,0,0,0,32.2,152,33,22,18,4,22,0,3,0,20,"Zac Laviage","sa3075136",
"Jaxon Clayton","BYU",19,1,0,7.5,13,0,0,0,0,12,56,9,10,10,2,10,3,3,0,20,"Jaxon Clayton","sa3075210",
"Joseph Hiller","QUIN",18,1,3,8.660377670157727,10,3,0,0,0,17.2,89,28,17,17,1,6,3,7,0,20,"Joseph Hiller","sa3075226",
"Bryan Boully","FAU",23,3,1,5.522727153025385,14,1,0,0,3,14.2,70,12,9,9,1,10,5,1,0,19,"Bryan Boully","sa3027452",
"Zach Broderick","MRMK",,0,3,8.171052426512556,15,4,0,0,0,25.1,135,28,25,23,3,29,7,4,0,19,"Zach Broderick","sa3027732",
"Tyler Bryan","HOU",21,1,2,8.506849092801,21,0,0,0,3,24.1,119,30,25,23,2,18,3,2,0,19,"Tyler Bryan","sa3027931",
"Jack Carey","HPU",,4,1,3.3157894736842106,19,1,0,0,0,38,163,31,14,14,1,14,9,2,0,19,"Jack Carey","sa3028428",
"Max Foster","COR",,0,2,11.739130678158856,13,0,0,0,3,15.1,84,18,22,20,3,14,9,6,0,19,"Max Foster","sa3031584",
"CJ Furey","VILL",,2,1,8.660377670157727,13,1,0,0,0,17.2,91,25,17,17,4,11,4,1,0,19,"CJ Furey","sa3031788",
"Emmett Gillies","EMU",22,1,1,7.9672128656352035,23,0,0,0,0,20.1,105,20,18,18,2,23,4,4,0,19,"Emmett Gillies","sa3032240",
"Dillon Haines","DBU",,1,1,9.281249723397204,12,0,0,0,0,10.2,61,13,12,11,0,15,2,1,0,19,"Dillon Haines","sa3032977",
"Tyler Henshaw","CHSO",23,2,0,4.5,8,0,0,0,0,14,56,10,9,7,4,3,1,0,0,19,"Tyler Henshaw","sa3033642",
"Ryan Hughes","TOL",22,3,3,7.147059023999018,15,5,0,0,1,22.2,128,33,25,18,1,19,5,10,0,19,"Ryan Hughes","sa3034271",
"Josh Katz","PENN",21,0,4,5.717646930522988,18,2,0,0,0,28.1,147,44,26,18,2,12,8,1,0,19,"Josh Katz","sa3035117",
"Jordan Kolenda","KENT",22,3,0,5.259740390028035,20,0,0,0,0,25.2,122,28,20,15,3,13,2,0,0,19,"Jordan Kolenda","sa3035616",
"Hayden Konkler","ALCN",,1,2,9.197802005017417,19,0,0,0,1,30.1,163,50,42,31,1,14,12,1,0,19,"Hayden Konkler","sa3035629",
"Max Kuhle","JMU",22,0,3,7,11,9,0,0,0,27,130,32,23,21,6,13,5,1,1,19,"Max Kuhle","sa3035770",
"Wyatt Land","UPST",20,1,2,5.661290496742818,17,1,0,0,0,20.2,93,17,14,13,2,10,5,2,0,19,"Wyatt Land","sa3035900",
"Justin Masteralexis","MASS",,0,4,11.44067833595529,7,7,0,0,0,19.2,108,29,25,25,2,19,3,3,0,19,"Justin Masteralexis","sa3037270",
"Nolan McCracken","MEM",23,1,0,8.816326187432496,15,0,0,0,0,16.1,82,19,17,16,3,12,2,6,0,19,"Nolan McCracken","sa3037515",
"Austin Morris","ALA",22,1,0,5.192307501854988,14,0,0,0,0,17.1,79,12,16,10,1,11,4,4,0,19,"Austin Morris","sa3038398",
"Sebastian Perez","CLT",22,0,1,9.391304347826088,20,1,0,0,1,23,123,35,25,24,3,18,2,1,0,19,"Sebastian Perez","sa3039722",
"Alex Philpott","SC",21,0,5,6.506024245894656,16,1,0,0,3,27.2,124,27,20,20,5,15,4,2,0,19,"Alex Philpott","sa3039877",806193
"Braydon Sanford","ORU",,3,0,5.282608805171486,12,0,0,0,1,15.1,73,14,10,9,3,12,1,2,0,19,"Braydon Sanford","sa3041524",
"Braxton Shelton","UAB",22,1,2,11.8125,17,6,0,0,0,32,176,66,50,42,12,16,4,3,1,19,"Braxton Shelton","sa3042128",
"Jace Smith","GCU",23,0,2,12.913043745974743,14,0,0,0,0,15.1,88,25,25,22,3,15,3,2,0,19,"Jace Smith","sa3042573",
"Caden Spivey","GT",22,1,0,7.788461252782482,14,0,0,0,1,17.1,82,17,15,15,2,14,2,3,0,19,"Caden Spivey","sa3042855",
"Luke Sterner","BYU",24,1,1,7.9672128656352035,15,2,0,0,1,20.1,95,23,18,18,2,11,4,7,0,19,"Luke Sterner","sa3043066",
"Curry Sutherland","MOST",21,2,0,5.785714285714286,14,1,0,0,2,14,64,12,9,9,1,10,0,2,1,19,"Curry Sutherland","sa3043345",
"Kassius Thomas","STAN",22,1,3,5.115789576395729,28,0,0,0,1,31.2,156,37,24,18,1,19,3,2,0,19,"Kassius Thomas","sa3043701",
"Jacob Turner","BGSU",22,1,3,4.808219052452739,5,5,0,0,0,24.1,106,31,13,13,5,5,2,1,0,19,"Jacob Turner","sa3044163",
"Danny Valadez","UTA",22,2,2,5.49152560125854,9,4,0,0,0,19.2,86,21,13,12,0,6,2,0,0,19,"Danny Valadez","sa3044277",
"CJ Van Slooten","CIT",,1,1,2.3736263238754622,22,0,0,0,2,30.1,138,26,12,8,2,16,4,4,0,19,"CJ Van Slooten","sa3044361",
"Will Whelan","MINN",21,0,0,6.1875,12,0,0,0,0,16,73,17,12,11,2,6,5,6,0,19,"Will Whelan","sa3045084",822391
"Cody Albright","UNLV",23,1,0,11.207547573145293,12,0,0,0,0,17.2,92,23,23,22,1,13,4,4,0,19,"Cody Albright","sa3058478",
"Marcus Botelho","SIE",22,1,1,8.526315789473685,11,2,0,0,1,19,101,28,23,18,5,12,5,1,0,19,"Marcus Botelho","sa3058684",
"Sam Burgess","CBU",20,1,0,7.630434940803257,16,3,0,0,0,15.1,74,17,14,13,0,8,3,3,0,19,"Sam Burgess","sa3058772",
"Riley Cahill","DAY",,0,0,1.8,18,0,0,0,0,20,92,16,8,4,0,15,4,4,0,19,"Riley Cahill","sa3058792",
"Fisher Cantrell","JVST",20,1,1,5.586206712847522,9,1,0,0,0,9.2,50,6,7,6,2,7,5,1,0,19,"Fisher Cantrell","sa3058807",
"Raymond Clark","AAMU",20,0,3,15.369231220222803,16,3,0,0,0,21.2,123,28,39,37,3,20,8,5,0,19,"Raymond Clark","sa3058879",
"Dylan Duke","LAS",,0,0,6.381817960502695,15,0,0,0,1,18.1,83,16,13,13,4,12,3,3,0,19,"Dylan Duke","sa3059092",
"Noah Franco","TCU",20,2,0,7.2,13,1,0,0,1,15,75,17,13,12,2,11,4,5,0,19,"Noah Franco","sa3059226",
"James Heller","DAY",20,1,0,6.567567736846505,20,1,0,0,1,24.2,125,31,22,18,3,9,13,3,0,19,"James Heller","sa3059455",
"Dalton Hill","NICH",22,0,0,1.35,17,0,0,0,1,20,77,10,3,3,1,6,2,0,0,19,"Dalton Hill","sa3059497",842477
"Cayden Mackey","UPST",20,0,2,8.766233983380058,16,1,0,0,1,25.2,113,29,25,25,8,12,1,0,2,19,"Cayden Mackey","sa3059885",
"Aaron Ragat","BELL",23,1,0,5.445377976701946,21,0,0,0,1,39.2,185,48,26,24,2,18,2,4,0,19,"Aaron Ragat","sa3060329",
"Janluis Santiago","UMES",,0,0,7.892307923898196,15,0,0,0,1,21.2,113,30,26,19,1,8,6,3,0,19,"Janluis Santiago","sa3060488",
"Camron Seagraves","UNC",20,2,0,6.906976897372243,16,0,0,0,0,14.1,71,10,11,11,1,16,1,7,0,19,"Camron Seagraves","sa3060538",
"Hayden Stallings","LAM",,2,0,6.2727272727272725,24,0,0,0,0,33,153,31,25,23,3,18,13,1,0,19,"Hayden Stallings","sa3060651",
"Spencer Stephens","NAVY",,1,0,4.118644200943905,11,2,0,0,2,19.2,96,19,12,9,1,16,3,2,0,19,"Spencer Stephens","sa3060668",
"Josh Vaughn","BRAD",,1,0,8.2173914747112,8,5,0,0,1,15.1,79,16,20,14,2,11,7,5,0,19,"Josh Vaughn","sa3060829",
"Jack Wajda","MUR",22,2,2,7.269230769230769,19,3,0,0,1,26,121,33,22,21,2,16,2,3,0,19,"Jack Wajda","sa3060853",
"Luke Wiseman","UNM",23,2,0,8.23728840188781,18,0,0,0,2,19.2,101,27,18,18,3,10,4,2,0,19,"Luke Wiseman","sa3060950",
"Thomas Galusha","BRY",21,2,1,5.55882368533257,15,0,0,0,0,22.2,100,24,14,14,1,9,3,2,0,19,"Thomas Galusha","sa3062602",
"Owen Hancock","MISS",20,2,0,3.7674419440212237,9,0,0,0,0,14.1,69,12,8,6,2,10,1,1,0,19,"Owen Hancock","sa3062608",
"Carter Oliff","ETSU",,2,0,4.95,19,0,0,0,0,20,106,26,18,11,4,12,7,0,0,19,"Carter Oliff","sa3062663",
"Brandon King","UTM",,3,3,4.395348934691428,8,5,0,0,0,28.2,129,26,17,14,1,9,8,0,0,19,"Brandon King","sa3062862",
"Jacob Vokal","DAV",21,2,3,10.2,16,7,0,0,1,30,162,50,42,34,8,17,3,7,0,19,"Jacob Vokal","sa3062917",
"Gunner Gilmore","AFA",20,0,2,6.517241164988776,15,0,0,0,0,19.1,87,17,14,14,2,15,2,3,0,19,"Gunner Gilmore","sa3065309",
"John Hegarty","COR",22,3,1,2.6470588235294117,11,3,0,0,0,34,145,22,10,10,1,19,10,6,0,19,"John Hegarty","sa3065320",
"Ryan McHugh","HARV",22,1,3,3.75,15,0,0,0,2,24,108,25,11,10,1,8,2,2,0,19,"Ryan McHugh","sa3065364",
"Jack Kirchner","RUTG",,1,1,7.6567161999398925,15,1,0,0,0,22.1,108,24,21,19,4,15,4,6,0,19,"Jack Kirchner","sa3065817",
"Andrew Basel","NE",20,1,1,6.749999853697693,15,5,0,0,2,29.1,131,27,22,22,4,14,4,5,0,19,"Andrew Basel","sa3066035",
"Gabe Nutter","SIUE",25,4,0,4.285714285714286,12,0,0,0,0,21,91,18,11,10,1,9,2,1,0,19,"Gabe Nutter","sa3066332",
"Oisin Lee","ND",21,3,0,5.311475243756803,21,0,0,0,1,20.1,104,25,14,12,1,15,2,4,0,19,"Oisin Lee","sa3066483",
"Braxton Lewis","TNTC",20,2,2,9.891088735331593,14,4,0,0,0,33.2,163,46,40,37,9,14,3,6,1,19,"Braxton Lewis","sa3067077",
"Edyn Barber","AAMU",22,1,4,10.657894469364205,18,6,0,0,0,25.1,141,35,39,30,2,26,6,6,0,19,"Edyn Barber","sa3069554",
"Tyler Bassett","VMI",20,1,0,5.906249823980039,21,0,0,0,1,21.1,101,19,19,14,6,14,3,1,0,19,"Tyler Bassett","sa3069575",
"Jacob Boland","PUR",21,1,1,3.7241378085650143,12,0,0,0,0,19.1,90,20,8,8,1,13,2,3,0,19,"Jacob Boland","sa3069627",
"John Paul Buckner","AMCC",,2,0,9,12,1,0,0,0,19,95,24,20,19,2,13,1,5,0,19,"John Paul Buckner","sa3069696",
"Cade Colombara","CAL",19,0,2,4.1538462757358925,20,0,0,0,2,21.2,99,25,13,10,4,10,2,2,0,19,"Cade Colombara","sa3069824",
"Brolan Frost","IOWA",19,1,1,3.4285714285714284,18,0,0,0,0,21,91,13,9,8,0,10,3,2,0,19,"Brolan Frost","sa3070125",
"Jack Hagen","BUT",22,3,0,5.8037381108457575,18,1,0,0,0,35.2,166,46,24,23,7,15,4,1,0,19,"Jack Hagen","sa3070251",
"Joe Lafkas","BALL",,1,1,12.078947065279433,12,1,0,0,0,12.2,71,17,17,17,5,14,2,1,0,19,"Joe Lafkas","sa3070550",
"Christian Lucarelli","UVA",19,1,1,2.410714367822728,18,1,0,0,0,18.2,89,16,5,5,1,18,0,3,0,19,"Christian Lucarelli","sa3070633",
"Luca Mannino","STBK",,0,0,7.7727272727272725,13,1,0,0,1,22,111,27,21,19,5,13,5,3,0,19,"Luca Mannino","sa3070668",
"Aubrey Moraitakis","BEL",21,1,0,10.180327550533871,19,1,0,0,0,20.1,109,35,27,23,5,16,5,4,0,19,"Aubrey Moraitakis","sa3070807",
"Colt Peterson","STAN",19,3,1,6.370786653385519,24,0,0,0,0,29.2,130,31,21,21,8,10,0,1,0,19,"Colt Peterson","sa3070997",
"Matt Pontari","HALL",,1,0,6.567567736846505,20,0,0,0,0,24.2,126,36,20,18,1,18,5,1,0,19,"Matt Pontari","sa3071032",
"Trey Reinburg","WKU",21,0,1,7.5,14,1,0,0,1,24,122,35,26,20,1,11,2,2,0,19,"Trey Reinburg","sa3071093",
"Dylan Richardson","SDST",20,0,0,9.580645456026307,17,0,0,0,0,20.2,119,33,26,22,2,14,8,1,0,19,"Dylan Richardson","sa3071105",
"Niko Riera","LMU",21,1,0,8.82692275315348,9,0,0,0,0,17.1,101,22,19,17,1,21,5,9,0,19,"Niko Riera","sa3071119",
"Evan Rolison","ETSU",,3,1,3.2238805052378496,12,1,0,0,1,22.1,96,20,8,8,3,8,1,4,0,19,"Evan Rolison","sa3071157",
"Isaiah Salas","MIZ",18,1,0,5.785714482774546,18,0,0,0,0,18.2,88,18,14,12,2,12,2,3,0,19,"Isaiah Salas","sa3071202",
"Daniel Scott","MVSU",,1,2,7.985915707491907,16,3,0,0,0,23.2,124,37,24,21,3,16,3,4,0,19,"Daniel Scott","sa3071247",
"Evan Stratton","CREI",21,2,1,7.544117858665631,14,2,0,0,0,22.2,111,32,20,19,5,14,2,1,0,19,"Evan Stratton","sa3071387",
"Mason Tymick","LBSU",,1,0,4.33928586208091,18,1,0,0,0,18.2,94,19,10,9,0,14,8,1,0,19,"Mason Tymick","sa3071488",
"James Van Meter","NCAT",,1,2,9.333333333333334,24,0,0,0,0,27,139,37,29,28,3,14,6,7,0,19,"James Van Meter","sa3071517",
"Colby Weber","ECU",19,1,1,4.576271334382117,5,5,0,0,0,19.2,87,19,10,10,4,8,1,0,0,19,"Colby Weber","sa3071574",
"Donovan Becerra","TTU",21,1,0,8.391892108192756,10,5,0,0,0,24.2,128,31,24,23,6,22,3,2,2,19,"Donovan Becerra","sa3073682",
"Seth Impson","MEM",20,1,4,9.214285714285714,15,9,0,0,0,42,204,49,43,43,15,22,9,2,0,19,"Seth Impson","sa3073732",
"Bobby Crane","MSU",19,1,1,7.061538668751017,15,1,0,0,0,21.2,105,27,19,17,3,6,10,2,0,19,"Bobby Crane","sa3074240",
"Conner Flynn","RID",,2,2,5.3289472346821025,18,0,0,0,1,25.1,118,18,15,15,2,23,3,6,0,19,"Conner Flynn","sa3074269",
"Chris Harbert","UMBC",22,1,2,5.538461538461538,16,1,0,0,2,26,122,28,19,16,5,10,5,2,0,19,"Chris Harbert","sa3074300",
"Slade Moore","MICH",18,3,0,5,17,0,0,0,0,18,87,22,10,10,2,9,4,1,0,19,"Slade Moore","sa3074377",
"Jason Kuhn","HALL",,1,4,8.653846153846153,11,8,0,0,0,26,130,30,29,25,4,19,5,3,0,19,"Jason Kuhn","sa3074768",
"Carson Morgan","UNH",,1,2,8.10000030899049,13,1,0,0,0,16.2,91,21,16,15,1,14,6,3,0,19,"Carson Morgan","sa3074788",
"Joe Nottingham","UGA",19,0,0,4.725000112652781,13,0,0,0,1,13.1,58,10,8,7,2,7,0,1,0,19,"Joe Nottingham","sa3074796",
"Alex Payne","LAF",,0,4,8.55,17,2,0,0,1,20,108,29,26,19,7,12,6,1,0,19,"Alex Payne","sa3074800",
"Braden Pomponi","LAF",,1,1,6.622641747767673,15,1,0,0,0,17.2,88,18,14,13,1,13,4,3,0,19,"Braden Pomponi","sa3074806",
"Gio De Graauw","SIU",,0,2,6,14,1,0,0,0,15,75,9,12,10,4,16,5,5,0,19,"Gio De Graauw","sa3075114",
"Brady Strawmyer","BALL",21,1,2,6.171428403270492,8,6,0,0,0,23.1,111,30,22,16,6,12,2,1,0,19,"Brady Strawmyer","sa3075994",
"Connor Abadie","SDSU",22,1,2,4.263157787745682,16,0,0,0,2,25.1,110,27,13,12,2,2,5,2,0,18,"Connor Abadie","sa3025688",
"Tyler Albanese","SJSU",20,2,1,8.55,13,1,0,0,1,20,98,20,19,19,7,10,7,3,0,18,"Tyler Albanese","sa3025839",
"Victor Arreola","FRES",,0,3,10.07462657886828,10,8,0,0,0,22.1,119,36,27,25,5,16,3,2,0,18,"Victor Arreola","sa3026236",
"Davis Budd","WCU",20,2,2,6.506024245894656,16,1,0,0,0,27.2,128,35,21,20,1,6,6,1,0,18,"Davis Budd","sa3027973",
"Jake Carvajal","NMSU",22,1,2,9.720000370788588,23,2,0,0,0,33.1,163,44,39,36,7,18,4,2,0,18,"Jake Carvajal","sa3028549",
"Lawson Cole","MER",,2,0,4.178571428571429,20,0,0,0,0,28,124,29,15,13,3,9,4,5,2,18,"Lawson Cole","sa3029136",
"Max Debiec","MICH",23,0,2,8.1,20,1,0,0,1,20,98,25,18,18,4,15,3,2,0,18,"Max Debiec","sa3029985",
"Cooper Dossett","ARK",22,0,0,6.882352941176471,16,1,0,0,1,17,72,12,13,13,4,12,0,0,1,18,"Cooper Dossett","sa3030494",702663
"Caden Duke","SJSU",23,4,0,6.622641747767673,15,0,0,0,0,17.2,85,19,16,13,1,12,1,4,0,18,"Caden Duke","sa3030635",
"Garret Garbinski","CONN",22,0,1,7.714285414003434,11,0,0,0,0,16.1,82,29,18,14,2,5,0,0,0,18,"Garret Garbinski","sa3031908",
"Hudson Hamilton","TEX",20,2,0,5.9268291304325675,11,1,0,0,1,13.2,62,16,11,9,2,6,2,1,0,18,"Hudson Hamilton","sa3033082",
"Gerald Hanson","NKU",22,0,0,12.76363592100539,15,2,0,0,1,18.1,105,35,28,26,5,7,5,4,0,18,"Gerald Hanson","sa3033179",
"Evan Hart","BELL",21,2,1,11.102803342487537,23,2,0,0,0,35.2,203,55,56,44,9,29,13,5,0,18,"Evan Hart","sa3033327",
"Evan Hurlburt","AAMU",23,0,4,9.9,14,6,0,0,0,30,161,34,34,33,4,21,9,2,0,18,"Evan Hurlburt","sa3034344",
"Patrick Johnson","ODU",22,3,1,6.75,15,0,0,0,0,24,122,39,21,18,4,8,6,1,0,18,"Patrick Johnson","sa3034799",
"Tommy Kent","MONM",23,1,2,7.534883888042447,5,5,0,0,0,14.1,67,17,13,12,1,6,2,4,0,18,"Tommy Kent","sa3035285",
"Brayden Marks","NDSU",22,3,4,7.745901397145337,9,9,0,0,0,40.2,203,61,39,35,2,19,6,1,0,18,"Brayden Marks","sa3037063",
"Carson Mayfield","COR",22,1,4,8.379310069271282,5,5,0,0,0,19.1,94,29,23,18,4,6,2,2,0,18,"Carson Mayfield","sa3037381",
"Ryan Mullan","UK",22,2,0,3.9375,23,0,0,0,0,16,72,11,10,7,3,11,4,6,0,18,"Ryan Mullan","sa3038535",
"Cole Poirrier","NICH",22,0,2,4.235294117647059,16,0,0,0,1,17,69,20,9,8,1,5,1,2,0,18,"Cole Poirrier","sa3040024",
"Chase Prestwich","NWST",,1,4,5.5,10,3,0,0,0,18,80,16,13,11,2,9,2,3,0,18,"Chase Prestwich","sa3040189",
"Linden Reaburn","SPU",,0,2,5.547945060522391,18,1,0,0,1,24.1,115,21,17,15,1,18,4,3,0,18,"Linden Reaburn","sa3040495",
"Sam Reed","ILL",22,2,1,3.103448275862069,18,1,0,0,0,29,132,27,13,10,3,16,3,0,0,18,"Sam Reed","sa3040536",
"PJ Rogan","SHU",21,1,2,6.206896551724138,15,0,0,0,2,29,150,33,25,20,2,21,8,4,0,18,"PJ Rogan","sa3041035",
"Frankie Sanchez","PSU",23,2,1,9.947368171406591,14,3,0,0,0,25.1,126,33,29,28,7,17,4,1,0,18,"Frankie Sanchez","sa3041479",
"Ryan Spalliero","CAL",22,1,0,4.2631578947368425,20,0,0,0,0,19,100,27,13,9,0,12,3,2,0,18,"Ryan Spalliero","sa3042794",
"Ty Starke","LOU",21,1,1,4.183098703924332,21,0,0,0,1,23.2,106,21,12,11,0,11,8,3,0,18,"Ty Starke","sa3042968",
"Demarques Thompson","TXSO",22,0,3,7.125,17,0,0,0,3,24,126,31,21,19,3,19,8,7,0,18,"Demarques Thompson","sa3043752",
"Sawyer Toney","UNA",23,0,1,4.725000112652781,14,0,0,0,1,13.1,76,19,7,7,1,12,4,4,0,18,"Sawyer Toney","sa3043925",
"Cole Torbett","MTSU",22,2,1,5.023255925361632,10,5,0,0,0,28.2,136,31,19,16,0,14,6,2,0,18,"Cole Torbett","sa3043941",
"Adam Tubbs","ULM",,3,1,6.3,16,0,0,0,1,30,137,37,24,21,4,11,3,2,0,18,"Adam Tubbs","sa3044108",
"Kole Turner","ARST",,1,0,2.454545515346416,14,2,0,0,2,25.2,109,25,11,7,0,5,0,1,0,18,"Kole Turner","sa3044165",
"Scout Updike","JAX",24,1,0,2.8723403672494205,19,0,0,0,0,15.2,79,23,9,5,1,9,1,2,0,18,"Scout Updike","sa3044243",
"Logan Wiley","BUT",,0,3,7.961538461538462,18,3,0,0,1,26,131,35,26,23,6,18,3,2,0,18,"Logan Wiley","sa3045207",
"Isaac Williams","OU",22,1,0,5.142857142857143,13,0,0,0,0,14,62,13,10,8,4,8,0,1,0,18,"Isaac Williams","sa3045296",
"Grant Bradley","MICH",20,2,0,4.458715752372943,13,4,0,0,1,36.1,161,36,22,18,4,8,7,1,0,18,"Grant Bradley","sa3058707",
"Dylan Bryan","DEL",,0,1,5.268292560384505,7,2,0,0,2,13.2,63,9,8,8,0,9,5,2,0,18,"Dylan Bryan","sa3058756",
"Tracen Cameron","FIU",21,3,3,9.52941203199869,16,0,0,0,0,22.2,121,31,31,24,4,14,4,7,0,18,"Tracen Cameron","sa3058799",
"Julian Carrasquilla","BCU",23,1,0,7.560000288391124,14,0,0,0,0,16.2,75,18,15,14,2,10,1,6,0,18,"Julian Carrasquilla","sa3058820",
"Jude Favela","WKU",20,3,0,7.5245899286554705,17,1,0,0,0,20.1,101,24,17,17,4,14,4,3,1,18,"Jude Favela","sa3059167",
"Luke Glenn","NIA",,2,1,7.7142855525952525,19,0,0,0,1,30.1,149,43,30,26,2,12,5,6,0,18,"Luke Glenn","sa3059307",
"Alex Grant","NU",21,1,0,7.027397076661696,16,2,0,0,1,24.1,126,30,23,19,6,15,7,2,1,18,"Alex Grant","sa3059335",
"Tyler Hawkins","BUCK",,2,2,7.985915707491907,17,0,0,0,1,23.2,128,32,26,21,3,20,8,5,0,18,"Tyler Hawkins","sa3059437",
"Tanner Hosick","OMA",,1,1,7.9672128656352035,22,0,0,0,1,20.1,99,30,18,18,1,7,3,4,0,18,"Tanner Hosick","sa3059527",
"Cooper Littledike","UVU",24,2,2,9.281249723397204,17,0,0,0,0,21.1,107,31,23,22,2,10,6,2,0,18,"Cooper Littledike","sa3059826",
"Aaron Louis","PORT",20,2,3,6.375,12,2,0,0,0,24,122,30,21,17,3,16,8,2,0,18,"Aaron Louis","sa3059855",
"Peyton Malecha","DAY",,1,1,8.379310069271282,17,2,0,0,0,19.1,101,31,23,18,2,10,3,3,0,18,"Peyton Malecha","sa3059900",
"Ryan McCarroll","NE",23,0,1,7.779661268449598,10,5,0,0,0,19.2,88,23,17,17,4,3,4,1,0,18,"Ryan McCarroll","sa3059956",
"Braelin Pilot","UIW",,0,0,8.5,16,0,0,0,0,18,90,16,19,17,4,14,5,2,0,18,"Braelin Pilot","sa3060270",
"Brooks Roberson","LT",,3,1,2.1891892456155015,5,5,0,1,0,24.2,99,15,7,6,0,11,4,5,0,18,"Brooks Roberson","sa3060386",
"Stefan Stahl","BAY",22,1,0,1.3170731400961262,7,3,0,0,0,13.2,58,10,2,2,0,5,1,1,0,18,"Stefan Stahl","sa3060650",
"Jordan Stephens","UGA",21,1,0,7.854545182157163,17,2,0,0,0,18.1,88,21,16,16,2,12,2,3,0,18,"Jordan Stephens","sa3060665",
"Liam Stumpf","CMU",23,2,1,6.893616881398609,19,1,0,0,2,31.1,164,36,27,24,5,24,8,4,2,18,"Liam Stumpf","sa3060686",
"Brady Thomas","JVST",22,2,0,7.534883888042447,8,2,0,0,0,14.1,71,15,13,12,4,9,4,1,0,18,"Brady Thomas","sa3060736",842475
"Trey Zaffiro","LAF",19,0,4,11.880000453186053,11,6,0,0,0,16.2,96,25,28,22,2,16,5,3,0,18,"Trey Zaffiro","sa3061001",
"Jack Clevidence","QUC",,1,2,11.368421052631579,13,1,0,0,0,19,109,20,32,24,2,24,6,8,0,18,"Jack Clevidence","sa3062573",
"Gavin Beuter","PUR",22,4,0,4.550561895275371,16,0,0,0,0,29.2,133,38,16,15,2,7,3,2,0,18,"Gavin Beuter","sa3062813",
"Mattox Meeks","FGCU",,0,0,3.323077020588714,11,0,0,0,0,21.2,90,20,8,8,2,5,2,2,0,18,"Mattox Meeks","sa3065942",
"Virgil Heath","AAMU",20,0,5,11.812499647960077,12,5,0,0,0,21.1,127,33,38,28,4,17,12,5,0,18,"Virgil Heath","sa3066196",
"Nathan Marshall","EIU",22,1,2,5.711538252040487,8,0,0,0,0,17.1,80,11,12,11,4,14,1,0,0,18,"Nathan Marshall","sa3066328",
"Ben Thomason","MASS",,2,1,5.464285714285714,14,0,0,0,0,28,132,26,18,17,3,24,3,6,1,18,"Ben Thomason","sa3066405",
"Drew Harris","GW",,1,4,7.177215016589225,22,0,0,0,1,26.1,129,19,21,21,1,22,11,3,0,18,"Drew Harris","sa3066480",
"Nicholas Santivanez","CSUF",20,2,2,5,12,8,0,0,0,18,78,12,11,10,3,9,2,0,0,18,"Nicholas Santivanez","sa3066644",
"Jose Bludau","UIW",,2,1,6.370786653385519,19,0,0,0,0,29.2,142,40,27,21,2,15,2,3,0,18,"Jose Bludau","sa3066971",
"Jake Andreas","SF",19,1,2,10.173913043478262,16,2,0,0,0,23,116,35,27,26,4,10,4,2,0,18,"Jake Andreas","sa3069500",
"Hunter Atkins","GAST",20,1,1,5.4000001287460355,12,2,0,0,0,26.2,123,24,17,16,3,19,2,3,0,18,"Hunter Atkins","sa3069520",
"Carter Beck","AKR",,0,3,8.150943689560213,9,7,0,0,0,17.2,102,21,18,16,0,21,6,3,1,18,"Carter Beck","sa3069583",
"Josh Beck","LAS",23,1,3,2.903225806451613,14,0,0,0,1,31,184,19,16,10,0,17,4,2,0,18,"Josh Beck","sa3069584",
"Dane Bjorn","MIZ",21,0,1,4.408163093716248,11,1,0,0,0,16.1,75,16,9,8,3,11,2,0,0,18,"Dane Bjorn","sa3069618",
"Ismael Borrero","MER",22,1,0,7.243902270528694,10,0,0,0,0,13.2,73,19,18,11,2,7,4,3,0,18,"Ismael Borrero","sa3069638",
"Gavyn Bowen","UNLV",21,1,0,7.105262979576136,12,0,0,0,0,12.2,70,10,10,10,1,16,4,2,0,18,"Gavyn Bowen","sa3069644",
"Jimmy Breen","DSU",21,0,0,9.969231061766141,21,0,0,0,2,21.2,120,31,29,24,3,15,6,6,0,18,"Jimmy Breen","sa3069665",
"Nicho Crowley","AMCC",21,0,1,12.5,11,1,0,0,0,18,105,29,26,25,2,12,4,3,0,18,"Nicho Crowley","sa3069884",
"Gage Deutsch","MVSU",,0,2,9.642856880110145,18,4,0,0,1,23.1,118,34,27,25,4,20,2,4,0,18,"Gage Deutsch","sa3069942",
"Zach Evans","UTA",19,0,3,10.207316835744978,20,3,0,0,1,27.1,140,43,32,31,6,12,4,1,2,18,"Zach Evans","sa3070046",
"Trevor Fenters","INST",,0,1,7.3125,15,0,0,0,0,16,78,23,14,13,4,4,2,4,0,18,"Trevor Fenters","sa3070068",
"Chandler Fowler","AMCC",,2,2,6.328124811407184,15,2,0,0,2,21.1,108,29,20,15,5,10,2,2,0,18,"Chandler Fowler","sa3070103",
"Logan Freche","SELA",19,2,3,2.6999999264308405,20,0,0,0,0,23.1,99,18,13,7,2,14,1,5,0,18,"Logan Freche","sa3070112",
"Davis Gunn","MRSH",20,1,1,5.142857142857143,20,0,0,0,3,21,104,26,15,12,3,13,2,2,0,18,"Davis Gunn","sa3070237",
"Jacob Hageman","CAN",,0,1,3.634615251298492,9,0,0,0,2,17.1,75,16,7,7,1,9,1,2,0,18,"Jacob Hageman","sa3070250",
"Gibson Jones","QUC",,0,3,13.500000415309795,15,4,0,0,0,20.2,117,27,32,31,5,13,18,2,0,18,"Gibson Jones","sa3070459",
"Isaac Miles","UNCG",,3,2,6.07500014483929,11,6,0,0,0,26.2,129,30,23,18,4,12,7,2,0,18,"Isaac Miles","sa3070782",
"Jasper Nadel","GW",,2,1,5.126582154706589,19,0,0,0,1,26.1,115,21,17,15,2,10,7,4,0,18,"Jasper Nadel","sa3070856",
"Jackson Okonkwo","ODU",19,0,3,6.33913064505969,14,7,0,0,1,38.1,174,56,33,27,2,10,1,1,0,18,"Jackson Okonkwo","sa3070911",
"Garrett Oswald","ALCN",,0,1,14.850000354051598,14,1,0,0,0,13.1,93,24,26,22,0,23,4,8,0,18,"Garrett Oswald","sa3070929",
"Ashton Perkins","UIW",,3,2,5.6511629160318355,20,1,0,0,0,28.2,125,28,18,18,7,15,3,1,0,18,"Ashton Perkins","sa3070992",
"Aiden Pollock","NEV",21,0,1,10.706896199624417,14,0,0,0,0,19.1,92,19,23,23,3,13,4,5,0,18,"Aiden Pollock","sa3071027",
"Kaniel Rosado","UCF",18,1,3,5.6842103836609095,15,2,0,1,0,25.1,118,19,19,16,2,17,6,8,0,18,"Kaniel Rosado","sa3071166",
"Wyatt Ruppenthal","OAK",20,0,1,10.8,18,1,0,0,0,20,111,31,25,24,1,11,9,1,0,18,"Wyatt Ruppenthal","sa3071188",
"Connor Schlect","AMCC",,2,2,5.299065231641779,11,8,0,0,0,35.2,153,39,26,21,6,5,5,3,0,18,"Connor Schlect","sa3071230",
"Ryan Self","UTSA",19,0,0,6.230769230769231,21,7,0,0,0,26,125,30,22,18,5,15,2,4,0,18,"Ryan Self","sa3071257",
"Matthew Steinberg","MAN",19,0,1,7.84883738337755,14,4,0,0,1,28.2,144,38,27,25,3,21,3,4,0,18,"Matthew Steinberg","sa3071367",
"Aidan Stieglitz","ELON",,3,1,5.684210526315789,5,3,0,0,0,19,78,15,12,12,2,6,0,2,0,18,"Aidan Stieglitz","sa3071378",
"Caleb Sweeney","LMU",,0,0,7.061538668751017,17,0,0,0,0,21.2,124,28,23,17,4,27,4,6,0,18,"Caleb Sweeney","sa3071410",
"Ayden Terry","SFA",,1,0,3.857142707001717,11,0,0,0,0,16.1,73,15,8,7,2,6,2,2,0,18,"Ayden Terry","sa3071436",
"Tanner Grove","CAL",19,1,0,4.075471844780107,8,2,0,0,0,17.2,80,12,11,8,3,13,2,2,0,18,"Tanner Grove","sa3073560",
"Quinten Marsh","STAN",19,0,1,7.854545182157163,12,6,0,0,0,18.1,94,32,17,16,2,10,0,2,0,18,"Quinten Marsh","sa3073577",
"Jayden White","GASO",20,0,0,8.150943689560213,15,0,0,0,2,17.2,89,16,18,16,3,17,3,3,0,18,"Jayden White","sa3073836",
"Saul Bolivar","CSUB",,0,2,7.220930392707346,19,3,0,0,1,28.2,134,36,23,23,5,5,7,0,0,18,"Saul Bolivar","sa3073929",
"Reagan Ricken","LSU",19,0,0,4.655172260706268,14,4,0,0,1,19.1,95,19,13,10,2,11,7,5,1,18,"Reagan Ricken","sa3073982",
"Matt DeStefanis","LAS",,1,1,6.267857356339092,10,1,0,0,0,18.2,93,17,14,13,3,18,4,3,0,18,"Matt DeStefanis","sa3074085",
"Josh Rosenblitt","OAK",,1,4,6.821052768527639,11,7,0,0,0,31.2,155,41,28,24,5,18,3,3,0,18,"Josh Rosenblitt","sa3074139",
"Tommy Bridges","NU",20,2,0,7.087500168979172,15,2,0,0,1,26.2,134,36,24,21,8,14,5,2,0,18,"Tommy Bridges","sa3074215",
"Michael Goodman","MASS",,0,0,9.450000225305562,10,1,0,0,0,26.2,136,39,29,28,5,14,6,1,2,18,"Michael Goodman","sa3074287",
"Dylan Kane","RID",,2,1,6.6,15,3,0,0,0,30,139,37,24,22,7,18,2,4,0,18,"Dylan Kane","sa3074322",
"Charlie Wolf","PRIN",21,1,2,8.590909090909092,15,0,0,0,0,22,112,28,23,21,4,17,7,2,2,18,"Charlie Wolf","sa3074461",
"Wesley Maksimow","LAF",,1,2,10.714285714285714,17,3,0,0,0,21,125,32,32,25,4,19,9,2,0,18,"Wesley Maksimow","sa3074776",
"Nate Smithburg","OU",22,2,0,3.789473684210526,19,0,0,0,0,19,79,16,8,8,3,5,4,0,0,18,"Nate Smithburg","sa3074825",830627
"Jace VanValkenburg","UNH",,2,1,4.453608422568741,17,0,0,0,0,32.1,145,28,20,16,1,20,0,4,0,18,"Jace VanValkenburg","sa3074835",
"Levi Shaffer","SELA",,1,0,5.661290496742818,13,0,0,0,2,20.2,97,19,15,13,3,13,2,0,0,18,"Levi Shaffer","sa3075016",
"Mason LaBuda","DAY",,1,1,7.147059023999018,13,3,0,0,0,22.2,104,17,19,18,5,15,6,4,0,18,"Mason LaBuda","sa3075358",
"Dane Moehler","CLEM",20,0,3,5.9400002265930265,10,10,0,0,0,16.2,72,19,11,11,4,4,1,3,0,18,"Dane Moehler","sa3075509",
"Nick West","YALE",19,3,1,5.082352827131545,13,1,0,0,1,28.1,129,29,16,16,4,14,2,2,0,18,"Nick West","sa3075519",
"Max Johnson","SMC",20,2,0,8.640000329589856,14,1,0,0,0,16.2,84,18,16,16,1,13,3,5,0,18,"Max Johnson","sa3075814",
"Hector Alejandro","SHU",23,0,1,7.087500168979172,18,1,0,0,4,26.2,128,35,23,21,3,17,2,2,0,17,"Hector Alejandro","sa3025870",
"Jackson Blank","RICE",22,0,2,8.526315789473685,10,1,0,0,1,19,100,26,19,18,4,17,3,0,0,17,"Jackson Blank","sa3027238",
"Ben Bosse","TAR",23,0,0,8.804348008619142,15,0,0,0,1,15.1,74,16,15,15,2,9,4,4,0,17,"Ben Bosse","sa3027426",
"Elias Conway","DEL",,1,1,5.4,6,6,0,0,0,15,76,13,13,9,1,16,2,2,0,17,"Elias Conway","sa3029290",
"Jacob Dienes","MEM",23,1,0,8.56097541062482,15,0,0,0,0,13.2,76,13,13,13,0,19,6,5,0,17,"Jacob Dienes","sa3030302",
"Fenix DiGiacomo","VCU",24,0,2,4.764705882352941,8,8,0,0,0,17,81,16,9,9,3,7,7,1,0,17,"Fenix DiGiacomo","sa3030317",
"Thomas Ellisen","UGA",23,1,2,7.714285414003434,11,1,0,0,0,16.1,72,18,14,14,5,5,2,1,0,17,"Thomas Ellisen","sa3030907",
"Boston Flannery","UNC",22,1,0,3.3750001149518187,13,4,0,0,0,18.2,88,16,12,7,0,16,3,2,0,17,"Boston Flannery","sa3031432",
"Matthew Flores","KSU",22,1,2,8.437499748542912,8,3,0,0,0,21.1,105,33,22,20,1,6,4,1,0,17,"Matthew Flores","sa3031467",
"Jared Hanson","CMU",,2,3,8.027027027027026,21,3,0,0,0,37,183,50,38,33,4,15,7,4,0,17,"Jared Hanson","sa3033181",
"Dalton Hitt","HPU",23,1,1,4.285714285714286,19,0,0,0,1,21,95,25,10,10,2,7,4,2,0,17,"Dalton Hitt","sa3033881",
"Luke Jackman","GTWN",23,3,1,1.6071428571428572,20,0,0,0,7,28,125,24,10,5,0,16,2,2,0,17,"Luke Jackman","sa3034477",
"Bennett LaPalm","DUKE",21,1,0,7.560000288391124,18,0,0,0,0,16.2,90,18,17,14,4,13,9,0,0,17,"Bennett LaPalm","sa3035967",
"Tommy LaPour","TCU",21,1,3,6.352941176470588,6,4,0,0,0,17,80,18,12,12,3,10,2,2,0,17,"Tommy LaPour","sa3035976",815080
"Caden Leonard","KENT",22,3,2,5.268292560384505,22,0,0,0,2,27.1,122,27,18,16,4,13,3,6,0,17,"Caden Leonard","sa3036225",
"Carson Magill","JOES",21,0,0,6.882352941176471,9,4,0,0,0,17,82,21,13,13,0,9,3,0,0,17,"Carson Magill","sa3036851",
"Derek McCarley","ETSU",23,0,2,6.850746073630431,19,3,0,0,0,22.1,105,22,18,17,3,14,5,1,0,17,"Derek McCarley","sa3037447",
"Nick Moran","ECU",22,1,1,6.864407001573174,10,3,0,0,0,19.2,81,17,15,15,5,10,1,1,0,17,"Nick Moran","sa3038343",
"Dante Pavone","BUCK",,2,0,9.152542668764234,11,0,0,0,0,19.2,117,24,27,20,1,22,11,2,0,17,"Dante Pavone","sa3039568",
"Zack Potts","W&M",24,1,3,7.071428571428571,8,8,0,0,0,28,132,38,28,22,3,6,4,6,0,17,"Zack Potts","sa3040135",
"Aaron Rice","UVU",,2,0,5.934065809688656,20,0,0,0,1,30.1,136,31,21,20,5,14,6,4,0,17,"Aaron Rice","sa3040680",
"Nate Ross","CMU",23,1,0,7.573170555552726,19,1,0,0,0,27.1,139,27,26,23,5,29,4,4,1,17,"Nate Ross","sa3041179",
"Brayden Sanders","MEM",23,0,1,7.411764705882353,19,0,0,0,0,17,86,20,14,14,2,12,4,1,1,17,"Brayden Sanders","sa3041491",
"Trey Sanders","SAM",,2,0,8,16,0,0,0,0,18,88,21,18,16,2,10,3,3,0,17,"Trey Sanders","sa3041510",
"Michael Walsh","LIN",,1,2,10.45161322475597,12,4,0,0,0,20.2,116,32,28,24,5,10,12,3,0,17,"Michael Walsh","sa3044732",
"Caleb White","CAM",23,1,0,2.2191780242089565,11,6,0,0,0,24.1,100,14,8,6,1,9,4,3,0,17,"Caleb White","sa3045105",
"Ryan White","WCU",22,0,0,3.857142857142857,13,0,0,0,0,14,68,17,9,6,2,5,3,1,0,17,"Ryan White","sa3045131",
"CJ Boudreaux","BGSU",20,1,1,9.52941203199869,19,0,0,0,0,22.2,113,25,24,24,4,15,4,1,0,17,"CJ Boudreaux","sa3058687",
"Tate Carey","MICH",20,1,1,3.05660388358508,4,4,0,0,0,17.2,76,21,6,6,0,6,3,0,0,17,"Tate Carey","sa3058813",
"Christian Chatterton","AUB",21,2,2,7,11,2,0,0,0,18,87,20,14,14,3,10,4,3,1,17,"Christian Chatterton","sa3058856",
"Luke Cooley","LT",,1,2,6.850746073630431,10,4,0,0,0,22.1,106,31,19,17,3,5,7,1,0,17,"Luke Cooley","sa3058921",
"James DeCremer","ARK",21,0,1,4.655172260706268,14,3,0,0,1,19.1,92,24,11,10,1,10,3,3,1,17,"James DeCremer","sa3059023",
"Jeremiah Eneix","SOU",22,0,4,11.11764737066514,10,8,0,0,0,22.2,126,29,33,28,3,30,5,6,0,17,"Jeremiah Eneix","sa3059132",
"Josh Florence","STO",,2,1,6.835442872942119,20,0,0,0,1,26.1,130,28,27,20,3,16,6,2,0,17,"Josh Florence","sa3059199",
"Kensen Green","QUC",22,0,1,16.19999955858504,16,1,0,0,0,11.2,79,13,22,21,1,19,12,3,0,17,"Kensen Green","sa3059347",
"Billy Gregory","GCU",20,1,0,7.163265027288903,9,2,0,0,2,16.1,83,22,14,13,5,15,0,2,0,17,"Billy Gregory","sa3059352",
"Luke Kalfsbeek","CP",20,0,0,6.9677421498373135,12,3,0,0,0,20.2,100,26,18,16,2,8,3,5,1,17,"Luke Kalfsbeek","sa3059637",
"Bobby LeFevre","MRST",,2,1,9,19,3,0,0,0,26,139,40,33,26,5,15,5,0,0,17,"Bobby LeFevre","sa3059783",
"Aaron Lewis","APSU",22,2,1,8.345454256041986,13,1,0,0,0,18.1,90,23,18,17,3,9,3,2,0,17,"Aaron Lewis","sa3059800",
"Alito McBean","SDSU",20,0,1,10.285714285714286,10,3,0,0,0,14,81,20,19,16,2,11,8,2,0,17,"Alito McBean","sa3059953",
"Cooper Montelbano","FDU",21,2,2,4.8,9,9,0,0,0,30,154,23,18,16,2,24,6,5,0,17,"Cooper Montelbano","sa3060069",
"Jack Ross","UCI",22,2,1,4.764705775435823,11,6,0,0,0,28.1,123,28,16,15,3,12,2,0,1,17,"Jack Ross","sa3060427",
"Caleb Sanders","ALST",24,0,3,12.656249622814368,16,2,0,0,0,21.1,129,38,35,30,2,25,3,4,0,17,"Caleb Sanders","sa3060477",
"Ethan Thomas","TCU",21,2,0,7.425000177025799,6,0,0,0,0,13.1,65,16,12,11,3,9,1,0,0,17,"Ethan Thomas","sa3060737",
"Chase Van Ameyde","ND",20,1,2,14,11,1,0,0,0,9,50,16,14,14,1,6,2,3,0,17,"Chase Van Ameyde","sa3060818",
"Matthew Yarc","NMSU",21,0,2,12.492536957796668,15,2,0,0,0,22.1,132,39,41,31,6,25,3,2,0,17,"Matthew Yarc","sa3060982",
"JD Garner","FAMU",25,2,0,5.294117647058823,12,0,0,0,0,17,87,18,13,10,1,11,5,2,0,17,"JD Garner","sa3062837",
"Jace Jones","MVSU",,0,3,9,11,6,0,0,0,24,126,29,28,24,3,19,9,12,0,17,"Jace Jones","sa3062858",
"James Beasley","PRIN",,3,2,6.0517239389181485,10,8,0,0,0,38.2,195,42,30,26,3,26,15,10,0,17,"James Beasley","sa3065255",
"Brady Lesiak","BING",,2,0,6.096774381107649,16,0,0,0,1,20.2,101,26,14,14,5,11,4,1,0,17,"Brady Lesiak","sa3065556",
"Jonas Aponick","GW",,1,0,8.526315789473685,15,1,0,0,0,19,98,21,19,18,3,22,2,2,0,17,"Jonas Aponick","sa3066167",
"Jackson Kircher","ARK",20,1,0,9.281249723397204,12,0,0,0,0,10.2,57,12,12,11,1,11,3,2,0,17,"Jackson Kircher","sa3066208",
"Jake Schweitzer","LOU",20,1,1,6.882352941176471,23,3,0,0,0,34,165,43,32,26,5,16,5,5,0,17,"Jake Schweitzer","sa3066232",
"Colton Sneddon","NMSU",,1,4,9.318583756216142,21,13,0,0,0,37.2,195,59,42,39,8,24,5,2,0,17,"Colton Sneddon","sa3066357",
"Derek Lebron","MUR",,0,1,8.470588235294118,12,0,0,0,0,17,81,14,16,16,4,9,6,0,0,17,"Derek Lebron","sa3066687",
"Ian Brown","NAVY",,2,1,7.363636108272341,7,5,0,0,0,18.1,93,24,19,15,2,13,3,5,0,17,"Ian Brown","sa3066863",
"Rece Allensworth","NIA",,1,1,8.052631578947368,14,0,0,0,0,19,98,18,17,17,2,17,5,7,0,17,"Rece Allensworth","sa3069479",
"Nathan Anderson","USI",24,0,0,2.1176470588235294,13,2,0,0,4,17,75,14,5,4,0,10,1,2,0,17,"Nathan Anderson","sa3069495",
"Jaxon Baptist","ALST",19,1,5,11.675675976616008,12,7,0,0,0,24.2,137,41,36,32,3,22,6,3,0,17,"Jaxon Baptist","sa3069552",
"Chris Billingsley Jr.","MSST",20,1,0,6.084507205708119,17,5,0,0,0,23.2,109,23,19,16,4,14,2,1,0,17,"Chris Billingsley Jr.","sa3069613",
"Jackson Caldwell","UNCW",,1,0,5.586206712847522,16,0,0,0,0,19.1,90,16,12,12,2,16,1,2,0,17,"Jackson Caldwell","sa3069723",
"Thomas Costarelli","ETSU",,1,1,7.826086956521739,19,2,0,0,3,23,115,34,22,20,5,8,5,0,0,17,"Thomas Costarelli","sa3069858",
"Wilson Donnelly","WES",,0,4,12.182926545889167,12,5,0,0,0,27.1,150,47,38,37,10,21,4,5,0,17,"Wilson Donnelly","sa3069969",
"Emir Encalada","UIW",,0,1,15.428571428571429,12,6,0,0,0,21,116,33,36,36,8,17,4,5,0,17,"Emir Encalada","sa3070025",
"Ryan Falke","WSU",19,0,1,4.021276514149188,14,1,0,0,0,15.2,70,12,8,7,0,9,4,3,0,17,"Ryan Falke","sa3070057",
"Brayden Gilson","FAU",22,2,0,5.225806451612903,28,0,0,0,0,31,142,40,22,18,0,9,4,0,0,17,"Brayden Gilson","sa3070171",
"Kyle Hopper","JAX",19,4,1,4.432835694702043,19,0,0,0,1,22.1,106,18,16,11,2,14,4,2,0,17,"Kyle Hopper","sa3070363",
"Ky Hoskinson","PORT",22,1,1,5.062499849125747,13,0,0,0,0,21.1,101,21,16,12,0,10,4,7,0,17,"Ky Hoskinson","sa3070369",
"Ryan Inouye","HAW",24,0,0,3.176470677332897,14,0,0,0,1,11.1,55,15,6,4,2,5,1,0,0,17,"Ryan Inouye","sa3070408",
"Connor Jernigan","W&M",,1,4,11.25,15,0,0,0,1,24,134,32,33,30,4,24,5,1,0,17,"Connor Jernigan","sa3070442",
"Evan Lichtenauer","OHIO",,2,4,5.016393442622951,16,10,0,0,0,61,270,72,40,34,5,12,5,0,0,17,"Evan Lichtenauer","sa3070602",
"Tucker Meredith","PRES",,1,4,11.647058823529411,11,5,0,0,0,17,88,16,22,22,2,22,1,9,0,17,"Tucker Meredith","sa3070774",
"Jake Middleton","USA",21,0,1,7.913792843200656,14,0,0,0,0,19.1,92,20,18,17,2,11,3,0,0,17,"Jake Middleton","sa3070778",
"Joseph Moreno","SMC",20,1,0,4.673076751669489,11,0,0,0,0,17.1,82,18,10,9,0,13,1,2,0,17,"Joseph Moreno","sa3070812",
"Palmer OBeirne","SAM",22,1,1,9.878048550720946,10,1,0,0,0,13.2,79,23,16,15,3,12,3,3,0,17,"Palmer OBeirne","sa3070898",
"Josiah Overbeek","ARMY",20,5,0,5.571428571428571,15,0,0,0,5,21,100,22,13,13,3,11,3,0,0,17,"Josiah Overbeek","sa3070932",
"Bryon Rincones","BCU",22,2,2,6.872727034387518,14,0,0,0,0,18.1,83,20,15,14,0,11,3,0,0,17,"Bryon Rincones","sa3071125",
"Ethan Rogers","WICH",19,0,3,14.877550441292337,13,3,0,0,0,16.1,95,26,30,27,2,17,2,4,0,17,"Ethan Rogers","sa3071151",
"Kale Wemer","YSU",,0,0,6.932432611115755,13,1,0,0,1,24.2,122,38,23,19,8,9,4,2,0,17,"Kale Wemer","sa3071581",
"Jett Wright","CAL",19,2,2,5.823529411764706,14,2,0,0,0,17,85,10,11,11,0,19,8,4,0,17,"Jett Wright","sa3071661",
"Will Allen","USF",,0,2,4.378378491231003,13,4,0,0,0,24.2,107,24,17,12,2,9,1,0,0,17,"Will Allen","sa3073673",
"Jake Marchesano","DEL",,0,0,5.906249823980039,12,0,0,0,0,21.1,102,27,16,14,2,13,2,2,0,17,"Jake Marchesano","sa3073752",
"Chris Cavalcante","ODU",19,1,1,10.7999996254661,18,1,0,0,0,18.1,97,22,22,22,2,13,7,4,1,17,"Chris Cavalcante","sa3074052",
"Cooper Weygandt","VCU",,1,1,6.480000247192392,13,1,0,0,0,16.2,81,17,13,12,0,9,3,1,0,17,"Cooper Weygandt","sa3074156",
"Christian Garcia","USD",,1,1,8.82692275315348,16,0,0,0,0,17.1,90,19,18,17,1,14,5,2,0,17,"Christian Garcia","sa3074281",
"Aaden Lopez","COPP",,0,1,23.91428506267316,9,5,0,0,0,11.2,92,20,40,31,2,30,6,5,0,17,"Aaden Lopez","sa3074344",
"Maddox Jack","ODU",20,2,1,6.230769002225986,16,0,0,0,0,17.1,89,21,13,12,3,11,3,6,0,17,"Maddox Jack","sa3074762",
"Bruce Littleton","USM",19,1,1,5.062499849125747,13,1,0,0,0,10.2,50,9,6,6,0,4,4,0,0,17,"Bruce Littleton","sa3075138",
"Nick Kelly","FAIR",,2,0,5.34375,20,3,0,0,2,32,147,36,23,19,4,13,2,1,0,17,"Nick Kelly","sa3075354",
"Cohen Baack","UVU",,0,1,9.70312471082435,14,0,0,0,0,21.1,107,29,23,23,4,8,8,2,0,17,"Cohen Baack","sa3075493",
"Jake Friel","SHU",,0,3,7.411764705882353,8,8,0,0,0,17,82,15,16,14,0,12,6,2,1,17,"Jake Friel","sa3075893",
"Caleb Anderson","DUKE",22,1,1,6.096774381107649,18,0,0,0,0,20.2,98,18,16,14,6,10,6,0,1,16,"Caleb Anderson","sa3026034",
"Drew Blake","OKST",23,0,1,10.800000257492071,19,0,0,0,0,13.1,67,16,19,16,5,9,0,1,0,16,"Drew Blake","sa3027221",
"Brock Blatter","WSU",21,1,2,7.071428571428571,12,7,0,0,0,28,132,39,24,22,0,14,3,3,0,16,"Brock Blatter","sa3027250",
"Drew Bryan","DUKE",23,1,2,6.287671068592044,16,6,0,0,0,24.1,118,22,18,17,4,16,13,5,2,16,"Drew Bryan","sa3027924",
"Josh Butler","ASU",21,3,0,8.5,16,0,0,0,0,18,91,30,18,17,3,4,3,2,0,16,"Josh Butler","sa3028168",
"Andrew Cotten","ETSU",22,3,1,3.3157894736842106,15,0,0,0,0,19,89,14,10,7,1,10,7,3,0,16,"Andrew Cotten","sa3029450",
"Kam Croghan","PEPP",21,2,0,6.982758391059402,23,0,0,0,0,19.1,105,22,16,15,3,5,11,4,0,16,"Kam Croghan","sa3029576",
"Tristan Curless","ETSU",,1,2,7.105262979576136,11,2,0,0,4,12.2,59,12,11,10,1,8,2,1,0,16,"Tristan Curless","sa3029708",
"Ty Dagley","LAM",,1,2,6.75,16,0,0,0,0,20,101,23,18,15,1,15,5,3,0,16,"Ty Dagley","sa3029766",
"Evan Esch","STMN",23,0,6,7.5,12,7,0,0,0,30,149,37,34,25,2,18,5,6,0,16,"Evan Esch","sa3031004",
"Carter Fink","KU",23,1,1,4.640624861698602,17,1,0,0,0,21.1,95,17,13,11,2,10,6,1,2,16,"Carter Fink","sa3031340",
"Jordan Fisher","APP",23,1,1,5.192307501854988,14,0,0,0,4,17.1,78,15,13,10,1,4,11,2,0,16,"Jordan Fisher","sa3031383",
"Josh Furtado","MORE",,0,0,10.657894469364205,11,0,0,0,0,12.2,71,19,19,15,7,14,0,2,0,16,"Josh Furtado","sa3031796",
"Josh Gentile","GWEB",,1,1,9.52941203199869,16,0,0,0,0,22.2,123,31,26,24,2,21,6,6,0,16,"Josh Gentile","sa3032117",
"Nick Harnisch","HC",,2,0,7.225352306778392,14,0,0,0,1,23.2,112,28,21,19,7,9,5,1,0,16,"Nick Harnisch","sa3033241",
"Everette Harris","APP",23,1,2,4.5,22,0,0,0,0,32,140,27,22,16,2,12,10,4,0,16,"Everette Harris","sa3033274",
"Colin Hawkins","SLU",23,1,1,11.185713980927767,22,0,0,0,0,23.1,128,43,32,29,7,16,3,7,0,16,"Colin Hawkins","sa3033427",
"Tate Hess","DBU",21,1,0,7.105263157894737,10,3,0,0,0,19,88,25,17,15,3,7,1,0,0,16,"Tate Hess","sa3033730",
"Cal Higgins","TEX",23,1,1,5.55882368533257,11,0,0,0,0,11.1,60,16,7,7,3,8,4,1,0,16,"Cal Higgins","sa3033784",
"Cody Howard","TEX",23,1,1,8.790697869382855,8,1,0,0,0,14.1,61,13,14,14,2,3,2,2,0,16,"Cody Howard","sa3034160",695714
"Kaden Jacobi","IU",23,1,2,14.11363605773154,17,0,0,0,0,14.2,91,27,23,23,2,15,5,4,0,16,"Kaden Jacobi","sa3034532",
"Simon Linde","BUT",21,1,0,10.903845753895475,12,1,0,0,0,17.1,96,18,25,21,1,22,3,3,0,16,"Simon Linde","sa3036349",
"Bobby Loper","MRMK",22,0,1,7.961538461538462,19,1,0,0,0,26,122,29,24,23,2,13,6,2,0,16,"Bobby Loper","sa3036518",
"Ethan Louthan","UNCO",23,0,3,7.59375,10,4,0,0,0,32,153,34,29,27,2,16,7,4,2,16,"Ethan Louthan","sa3036585",
"Carson Marsh","CIN",21,4,1,4.2631578947368425,12,0,0,0,0,19,76,14,10,9,4,4,1,4,0,16,"Carson Marsh","sa3037103",
"Saul Mata","IONA",,1,3,11.368421052631579,11,4,0,0,1,19,104,32,25,24,2,22,0,0,0,16,"Saul Mata","sa3037277",
"Ryan Morrison","WICH",23,0,1,3.6486487426925027,8,0,0,0,0,12.1,49,8,5,5,0,4,0,0,0,16,"Ryan Morrison","sa3038421",
"Ethan Oceguera","LAM",22,4,1,5.178082056487566,21,1,0,0,0,24.1,118,27,16,14,2,12,7,6,0,16,"Ethan Oceguera","sa3039014",
"Christian Okerholm","UTSA",23,0,2,5.55882368533257,17,5,0,0,0,22.2,105,19,17,14,2,12,6,4,0,16,"Christian Okerholm","sa3039088",
"Blaine Palmer","ACU",22,1,0,9.219511980672884,11,0,0,0,0,13.2,63,16,14,14,1,6,1,1,0,16,"Blaine Palmer","sa3039373",
"Grant Parson","INST",21,0,1,11.423076504080974,5,5,0,0,0,17.1,90,21,23,22,7,13,3,4,0,16,"Grant Parson","sa3039506",
"Kris Sosnowski","UCF",23,1,0,2.103896156011214,19,0,0,0,4,25.2,109,23,8,6,4,6,4,0,0,16,"Kris Sosnowski","sa3042767",
"Elijah Underhill","APSU",21,1,1,9.775861747483162,12,4,0,0,0,19.1,109,21,24,21,1,27,7,3,0,16,"Elijah Underhill","sa3044236",
"Tyler Velino","UNO",,1,1,5.04,16,1,0,0,0,25,115,25,16,14,5,17,3,0,0,16,"Tyler Velino","sa3044433",
"Brandon Wingenroth","MASS",,1,3,10.124999698251495,18,0,0,0,1,21.1,115,25,27,24,2,21,4,5,0,16,"Brandon Wingenroth","sa3045446",
"Logan Winkelman","MINN",22,1,0,2.5312499245628737,9,2,0,0,0,10.2,45,8,4,3,0,6,1,0,0,16,"Logan Winkelman","sa3045450",
"Christian Yoo","LIU",,0,1,11.302325832063671,15,0,0,0,0,14.1,82,22,20,18,5,11,5,2,0,16,"Christian Yoo","sa3045716",
"Pryce Bender","NEB",20,1,0,5.547945060522391,15,4,0,0,1,24.1,112,29,16,15,3,11,1,0,1,16,"Pryce Bender","sa3058615",
"Luke Corcoran","COPP",,1,4,10.919117953331833,17,3,0,0,0,45.1,251,87,69,55,4,25,7,1,0,16,"Luke Corcoran","sa3058930",
"David Cox","DAY",,1,0,10.657894469364205,13,0,0,0,0,12.2,75,19,19,15,1,15,4,4,0,16,"David Cox","sa3058940",
"Jacob Fields","NCAT",21,0,0,6.639344054696003,12,3,0,0,0,20.1,101,22,15,15,4,18,3,5,0,16,"Jacob Fields","sa3059180",
"Jack Frankel","TULN",,1,1,4.447058723740102,6,6,1,0,0,28.1,124,33,15,14,2,9,2,0,0,16,"Jack Frankel","sa3059229",
"Heitaro Hayashi","WICH",22,2,1,7.363636363636363,25,0,0,0,1,22,106,27,22,18,5,10,3,2,0,16,"Heitaro Hayashi","sa3059442",
"Jackson Horras","BRAD",22,0,2,13.909090909090908,12,0,0,0,0,11,74,21,21,17,5,15,2,8,0,16,"Jackson Horras","sa3059523",
"Matt Hudson","UCR",,3,0,5.126582154706589,23,0,0,0,1,26.1,124,33,16,15,3,12,2,3,0,16,"Matt Hudson","sa3059543",
"Hank Krift","ELON",,0,1,13.034482329977552,11,3,0,0,0,19.1,111,25,31,28,2,17,12,5,0,16,"Hank Krift","sa3059725",
"Zach Leduc","BALL",22,1,1,10.216216479539007,11,1,0,0,0,12.1,70,13,15,14,0,20,2,7,0,16,"Zach Leduc","sa3059775",
"Jacob Loeffler","ALST",19,1,0,8.379310069271282,16,0,0,0,1,19.1,104,33,24,18,2,8,1,3,0,16,"Jacob Loeffler","sa3059834",
"Bryce Mitchell","BUCK",20,2,2,9.486486731000507,16,0,0,0,0,24.2,115,20,29,26,6,15,5,4,1,16,"Bryce Mitchell","sa3060056",
"Matthew Moreno","LMU",21,2,2,5,14,1,0,0,0,18,95,22,11,10,0,14,5,5,0,16,"Matthew Moreno","sa3060088",
"Joel Pineiro","CIN",,1,2,7.714285977032729,14,0,0,0,1,18.2,90,25,18,16,5,8,2,0,0,16,"Joel Pineiro","sa3060272",
"Trevor Rector","UCSD",,0,4,10.565217610342971,9,7,0,0,0,15.1,82,24,18,18,3,10,5,2,0,16,"Trevor Rector","sa3060344",
"Brady Sasse","TOL",20,1,1,2.25,3,3,0,0,0,16,64,13,5,4,0,5,1,0,0,16,"Brady Sasse","sa3060493",
"Ryan Sellers","NORF",,0,1,13.707692709928445,18,1,0,0,0,21.2,127,42,38,33,7,17,8,3,0,16,"Ryan Sellers","sa3060543",
"Corbin Snyder","BUT",,2,3,11.63793065176567,18,8,0,0,1,38.2,208,58,54,50,8,31,10,10,0,16,"Corbin Snyder","sa3060633",
"Karsten Stotlar","WIU",,0,3,8.10000030899049,27,1,0,0,0,33.1,162,50,37,30,9,16,5,1,0,16,"Karsten Stotlar","sa3060679",
"Luke Weber","ILL",19,1,1,8.30769200296798,12,0,0,0,0,17.1,80,22,16,16,4,7,1,3,0,16,"Luke Weber","sa3060891",
"Rynzo Crutcher","AAMU",22,1,2,7.163265027288903,7,1,0,0,0,16.1,85,17,14,13,0,11,6,3,0,16,"Rynzo Crutcher","sa3062578",
"Kross Howarth","LAS",,1,3,10.726027117009957,9,9,0,0,0,24.1,129,33,32,29,3,18,8,2,0,16,"Kross Howarth","sa3065058",
"Shane Connell","TXST",22,1,0,11.571428256132174,15,0,0,0,1,11.2,64,13,15,15,5,14,5,3,0,16,"Shane Connell","sa3065277",
"Logan Grass","ETSU",19,0,2,7.6567161999398925,16,2,0,0,2,22.1,109,31,22,19,4,7,6,0,0,16,"Logan Grass","sa3065315",
"Jordy Lopez","CAL",19,1,0,4.418181664963404,13,2,0,0,0,18.1,85,19,10,9,5,12,0,0,0,16,"Jordy Lopez","sa3065557",
"Bryan Yang","BRWN",20,2,1,5.869565339079428,9,5,0,0,0,30.2,146,39,24,20,2,16,3,1,0,16,"Bryan Yang","sa3065628",
"Connor Shouse","TTU",21,1,0,5.869565339079428,11,1,0,0,3,15.1,68,13,11,10,1,7,5,1,1,16,"Connor Shouse","sa3065954",815546
"Chris Petersen","STMN",20,0,3,11.514706205331752,11,0,0,0,0,22.2,125,35,34,29,5,15,6,0,0,16,"Chris Petersen","sa3066087",
"Marco Fuentes","RICE",22,1,0,5.711538252040487,11,0,0,0,1,17.1,78,15,11,11,2,11,5,2,0,16,"Marco Fuentes","sa3066191",
"Anthony Mancini","SPU",21,0,0,8.82692275315348,12,0,0,0,0,17.1,109,24,24,17,0,24,7,4,0,16,"Anthony Mancini","sa3066213",
"Luke Bryant","OHIO",20,0,5,13,11,8,0,0,0,27,153,46,43,39,8,18,9,1,0,16,"Luke Bryant","sa3066370",
"Nate Whysong","WAKE",20,0,0,7.448275617130029,8,0,0,0,0,9.2,53,8,9,8,1,14,2,0,0,16,"Nate Whysong","sa3066410",
"Krish Gandhi","BEL",20,1,1,7.714285714285714,21,0,0,0,0,28,149,40,31,24,3,17,8,1,0,16,"Krish Gandhi","sa3066432",
"Niko Christon","CCSU",,4,2,4.602272627521154,14,0,0,0,0,29.1,135,29,21,15,2,8,6,4,4,16,"Niko Christon","sa3066607",
"Jackson Ugo","MUR",,1,0,4.189655034635641,12,0,0,0,0,19.1,84,15,11,9,1,9,2,3,0,16,"Jackson Ugo","sa3066650",
"Andrew Lombana","DART",,1,0,4.207792312022428,8,5,0,0,0,25.2,118,23,20,12,1,11,5,5,1,16,"Andrew Lombana","sa3066738",
"Austin Jones","CARK",,0,0,7.560000288391124,10,0,0,0,0,16.2,89,18,14,14,2,17,4,3,0,16,"Austin Jones","sa3067098",
"Shaydon Benson","NICH",,1,1,6.906976897372243,7,3,0,0,0,14.1,65,12,11,11,2,9,2,4,0,16,"Shaydon Benson","sa3069598",
"Bradley Benton","UPST",,0,0,7.043478260869565,16,0,0,0,0,23,109,20,24,18,3,16,7,2,0,16,"Bradley Benton","sa3069600",
"Quincey Brown","UCSD",,2,0,8.265305800717965,15,0,0,0,0,16.1,81,21,16,15,6,9,2,0,0,16,"Quincey Brown","sa3069683",
"Kade Budd","AMCC",22,0,1,4.5,19,0,0,0,0,24,108,21,14,12,2,12,2,1,0,16,"Kade Budd","sa3069697",
"Owen Cavey","BEL",20,1,2,5.49152560125854,5,5,0,0,0,19.2,92,27,16,12,2,3,3,0,0,16,"Owen Cavey","sa3069774",
"Tommy Conley","SJU",,2,2,14.0625,11,3,0,0,0,16,89,17,25,25,1,17,10,3,0,16,"Tommy Conley","sa3069829",
"Jacob Culp","ILST",21,1,1,8.23728840188781,16,0,0,0,1,19.2,94,22,18,18,2,11,4,3,0,16,"Jacob Culp","sa3069890",
"Jacob Deacon","CIT",,0,1,9.6,11,4,0,0,0,15,80,18,17,16,3,17,3,2,0,16,"Jacob Deacon","sa3069919",
"Joseph Dimino","UNF",23,2,1,7.425000177025799,11,4,0,0,0,13.1,70,9,13,11,0,14,6,2,0,16,"Joseph Dimino","sa3069958",
"George Hansen","OAK",22,0,3,13.846153846153847,13,6,0,0,0,26,147,34,41,40,2,30,8,7,0,16,"George Hansen","sa3070270",
"Aidan Hayse","MER",20,1,1,7.2,15,0,0,0,0,10,55,7,11,8,0,13,4,3,0,16,"Aidan Hayse","sa3070304",
"Parker Jennings","OKST",19,1,0,16.568181459076158,12,1,0,0,0,14.2,85,25,28,27,5,15,2,6,0,16,"Parker Jennings","sa3070438",
"Tyler Kropis","ETSU",19,0,0,7.071428571428571,15,0,0,0,0,14,67,14,11,11,4,9,4,0,0,16,"Tyler Kropis","sa3070538",
"Bryce LeBlanc","OKST",20,0,2,11.368420767321819,12,3,0,0,0,12.2,68,17,16,16,2,11,4,0,0,16,"Bryce LeBlanc","sa3070574",
"Mason Little","UTM",,3,1,6.750000189332407,24,0,0,0,4,22.2,109,23,19,17,4,13,5,3,1,16,"Mason Little","sa3070612",
"Shaun Mante","GRAM",20,1,2,10.084337581136717,13,7,0,0,0,27.2,142,32,33,31,5,20,8,7,0,16,"Shaun Mante","sa3070670",
"Austin Minichino","SELA",,0,0,4.725000112652781,9,2,0,0,0,13.1,60,8,7,7,3,8,6,1,0,16,"Austin Minichino","sa3070795",
"Nolan Moore","TXST",19,1,0,0.5294117647058824,4,4,0,0,0,17,67,8,1,1,0,8,4,1,0,16,"Nolan Moore","sa3070806",
"Matthew Nochowitz","DUKE",20,1,1,9,5,5,0,0,0,17,87,23,17,17,3,10,3,1,0,16,"Matthew Nochowitz","sa3070886",
"Anthony Ramirez","ARMY",,1,3,8.746479108205422,13,1,0,0,0,23.2,119,27,28,23,3,17,7,4,0,16,"Anthony Ramirez","sa3071071",
"Jesse Rusinek","TTU",19,1,0,8.307692307692308,11,0,0,0,0,13,66,15,12,12,2,11,2,0,0,16,"Jesse Rusinek","sa3071192",
"Tate Slagle","IOWA",20,1,0,6.942856953679304,15,0,0,0,0,11.2,54,9,9,9,0,8,2,4,0,16,"Tate Slagle","sa3071303",
"Luke Smyers","ALA",19,0,1,6.585365700480631,12,2,0,0,0,13.2,69,18,14,10,1,10,2,0,0,16,"Luke Smyers","sa3071327",
"Ryan Stone","SEA",23,3,1,5.4,17,0,0,0,2,25,117,36,16,15,1,6,4,1,0,16,"Ryan Stone","sa3071383",
"Peyton Lee","ARK",19,1,2,9.191489175198146,7,4,0,0,0,15.2,76,21,17,16,5,6,4,1,0,16,"Peyton Lee","sa3073573",
"Mason Dobbs","MTSU",,2,2,6.75,16,0,0,0,2,20,92,25,17,15,5,11,1,1,0,16,"Mason Dobbs","sa3073706",
"Dalton Gray","SELA",,0,0,6.923076923076923,9,0,0,0,0,13,61,15,10,10,1,4,2,1,0,16,"Dalton Gray","sa3073721",
"Gregory Kennedy","EMU",,1,1,8.55,14,2,0,0,0,20,105,36,21,19,2,6,5,1,0,16,"Gregory Kennedy","sa3073736",
"Bryant Quimby","USA",24,2,2,5.39999981273305,10,0,0,0,0,18.1,87,21,11,11,1,8,2,1,0,16,"Bryant Quimby","sa3073782",
"Nick Terhaar","IOWA",19,2,1,7.5937497736886215,10,4,0,0,0,10.2,59,10,11,9,1,12,5,2,0,16,"Nick Terhaar","sa3073817",
"Rupert Blackwood","SOU",19,0,0,11.739130678158856,15,0,0,0,0,15.1,87,16,23,20,4,20,6,4,0,16,"Rupert Blackwood","sa3073928",
"Grayson Gibson","MISS",20,1,1,3.375,8,2,0,0,0,16,63,11,6,6,2,4,4,1,0,16,"Grayson Gibson","sa3073952",
"Aiden Hansen","NCAT",22,2,2,6,10,1,0,0,0,27,124,30,22,18,5,9,4,3,0,16,"Aiden Hansen","sa3073956",
"Jack Helms","EIU",,1,1,10.64788760998921,9,2,0,0,0,23.2,124,39,32,28,6,11,5,1,0,16,"Jack Helms","sa3073959",
"Jarrett Kinder","EIU",,1,1,3,12,0,0,0,0,24,102,24,9,8,2,6,2,5,0,16,"Jarrett Kinder","sa3073969",
"John Carlson","CBU",19,1,0,1.653061160143593,18,0,0,0,0,16.1,67,8,4,3,0,8,2,0,0,16,"John Carlson","sa3074076",
"Jack Joyce","COPP",21,0,0,19.285714285714285,12,0,0,0,0,14,99,17,35,30,0,34,7,8,0,16,"Jack Joyce","sa3074320",
"Matt Russell","TOW",19,0,1,15.923076923076923,13,0,0,0,0,13,75,18,23,23,1,13,8,2,0,16,"Matt Russell","sa3074413",
"Joey Tonnotti","SPU",,0,2,12,15,1,0,0,0,21,121,26,32,28,3,30,5,6,0,16,"Joey Tonnotti","sa3074439",
"Aidan Vargas","MRST",,1,0,4.029850631547312,14,0,0,0,1,22.1,101,21,12,10,2,10,3,5,0,16,"Aidan Vargas","sa3074448",
"James Whitaker","NU",19,2,2,5.34375,16,2,0,0,1,32,149,33,21,19,6,15,9,3,0,16,"James Whitaker","sa3074458",
"Drew Grumbles","BC",21,1,0,3.9836064328176017,8,6,0,0,0,20.1,94,16,11,9,0,14,6,5,0,16,"Drew Grumbles","sa3074754",
"Daniel Sams","HARV",,1,2,8.345454256041986,12,0,0,0,0,18.1,100,26,17,17,3,13,8,7,0,16,"Daniel Sams","sa3074815",
"Chase Forester","LAS",,1,0,2.7,11,1,0,0,0,20,80,14,6,6,3,14,2,0,0,16,"Chase Forester","sa3075118",
"Mitch Harder","MERC",,0,4,9.160714597726365,13,1,0,0,2,18.2,94,25,20,19,5,10,3,4,0,16,"Mitch Harder","sa3075222",
"Danny Lazaro","VT",21,0,0,7.714285714285714,15,1,0,0,0,14,70,12,13,12,2,15,3,4,0,16,"Danny Lazaro","sa3075235",
"Brandon Reiter","PITT",19,0,1,9.818181818181818,12,0,0,0,0,11,61,14,12,12,2,12,2,2,0,16,"Brandon Reiter","sa3075259",
"Anthony Costello","CCSU",,1,1,5.6842103836609095,7,3,0,0,0,12.2,72,13,12,8,0,13,3,4,0,16,"Anthony Costello","sa3075339",
"Landon Kiefer","LIP",23,0,2,12.122448507719682,9,3,0,0,0,16.1,81,28,22,22,6,5,3,2,0,16,"Landon Kiefer","sa3075356",
"Raygan New","BELL",20,0,3,6.850746073630431,12,5,0,0,0,22.1,112,28,24,17,4,13,4,6,0,16,"Raygan New","sa3075668",
"Carlos Garcia","MCN",21,0,1,5.51020386714531,6,6,0,0,0,16.1,84,21,14,10,1,8,8,2,0,16,"Carlos Garcia","sa3076135",
"Branden Barna","UNCA",23,2,1,4.189655034635641,20,0,0,0,2,38.2,181,52,23,18,3,23,2,5,0,15,"Branden Barna","sa3026587",
"Ryan Bates","BING",,0,1,6.9677421498373135,14,2,0,0,0,20.2,108,27,20,16,3,16,2,2,0,15,"Ryan Bates","sa3026716",
"Nic Benhardt","LIU",22,1,3,9,12,6,0,0,0,20,110,32,24,20,3,16,3,3,0,15,"Nic Benhardt","sa3026956",
"Mason Bright","UNCO",21,1,1,9.553846434192552,14,1,0,0,0,21.2,114,34,28,23,6,15,4,0,2,15,"Mason Bright","sa3027692",
"Jackson Campbell","JOES",22,1,0,12.913043745974743,14,0,0,0,0,15.1,90,26,29,22,0,16,5,5,0,15,"Jackson Campbell","sa3028331",
"Matt Canizares","STBK",,1,3,10.880596705177743,13,3,0,0,0,22.1,128,35,31,27,4,22,4,2,0,15,"Matt Canizares","sa3028359",
"Caden Capomaccio","MINN",22,3,0,3.6610170675056932,13,0,0,0,0,19.2,82,14,9,8,1,9,3,2,0,15,"Caden Capomaccio","sa3028393",
"Cody Carwile","ETSU",23,0,0,5.5,15,0,0,0,0,18,83,21,12,11,0,7,1,4,0,15,"Cody Carwile","sa3028556",
"Andrew Citron","GTWN",22,0,0,7.363636108272341,21,0,0,0,0,18.1,97,19,21,15,2,18,8,1,0,15,"Andrew Citron","sa3028953",
"Joey Colucci","UVA",22,0,0,11.25,12,0,0,0,0,12,63,18,15,15,5,7,3,3,0,15,"Joey Colucci","sa3029216",
"Aiden Cook","OHIO",21,0,4,9.52941203199869,9,3,0,0,0,11.1,66,12,13,12,1,19,1,1,0,15,"Aiden Cook","sa3029293",
"Alex DAmbrosio","RID",,1,1,7.071428571428571,13,1,0,0,2,14,73,10,12,11,0,15,3,7,0,15,"Alex DAmbrosio","sa3029803",
"Blake Dean","TROY",21,1,1,17.280000659179713,9,1,0,0,0,8.1,53,15,16,16,2,9,4,0,0,15,"Blake Dean","sa3029965",
"Brayden Dotoli","SCU",23,2,0,6.882352941176471,12,1,0,0,0,17,76,18,13,13,4,7,1,0,0,15,"Brayden Dotoli","sa3030495",
"Conner Doucet","TAR",22,5,0,1.2089551894641937,18,0,0,0,1,22.1,92,16,7,3,2,10,1,1,0,15,"Conner Doucet","sa3030502",
"Brian Dowling","HARV",,1,2,9.391304347826088,14,2,0,0,0,23,115,31,29,24,3,15,4,0,0,15,"Brian Dowling","sa3030527",
"Keller Eberly","TXST",24,0,0,5.7272727272727275,12,0,0,0,0,11,55,14,7,7,0,7,2,2,0,15,"Keller Eberly","sa3030757",
"Dante Edwardi","LAS",,2,1,6.750000189332407,13,5,0,0,0,22.2,113,34,23,17,6,14,2,5,0,15,"Dante Edwardi","sa3030804",
"Drew Fieger","EVAN",23,0,0,11.11764737066514,9,0,0,0,0,11.1,60,19,15,14,4,6,1,1,0,15,"Drew Fieger","sa3031300",
"Mitch Hawkins","SHU",,2,4,8.388349825233156,20,1,0,0,2,34.1,181,45,37,32,4,20,12,3,0,15,"Mitch Hawkins","sa3033432",
"Blake Hooks","LT",,1,0,7,9,1,0,0,0,9,48,9,7,7,1,9,2,1,0,15,"Blake Hooks","sa3034060",
"Nathan Huy","UCSD",,1,2,2.076923000741995,20,0,0,0,1,17.1,71,10,6,4,3,6,0,0,0,15,"Nathan Huy","sa3034380",
"Drew Iverson","OMA",21,1,1,12.103447877836297,16,2,0,0,1,19.1,103,23,26,26,4,14,7,5,0,15,"Drew Iverson","sa3034463",
"Dylan Johnson","SJU",23,1,1,8.136986088766173,15,0,0,0,2,24.1,114,33,24,22,5,9,2,0,0,15,"Dylan Johnson","sa3034740",
"Noah Keller","COR",22,0,2,13.909090909090908,10,1,0,0,0,11,63,12,19,17,2,10,8,4,0,15,"Noah Keller","sa3035193",
"Brixton Lofgren","MIA",21,1,0,5.6511629160318355,18,0,0,0,0,14.1,71,14,16,9,2,7,5,1,1,15,"Brixton Lofgren","sa3036451",
"Reece McDuffie","TNTC",,1,1,9.620689655172415,18,1,0,0,2,29,145,52,32,31,7,10,3,1,0,15,"Reece McDuffie","sa3037562",
"Liam Mckillop","ILL",23,0,1,6.585365700480631,15,0,0,0,0,13.2,63,11,11,10,1,10,1,1,0,15,"Liam Mckillop","sa3037672",
"Jacob Moore","TULN",24,1,1,5.9268291304325675,15,0,0,0,0,13.2,64,15,10,9,1,7,3,2,0,15,"Jacob Moore","sa3038297",
"Davin Pollard","QUC",23,1,0,10.309090551581276,21,1,0,0,1,18.1,99,16,22,21,3,27,4,4,0,15,"Davin Pollard","sa3040048",
"Hunter Porter","CHSO",22,0,1,5.4,9,4,0,0,0,15,78,13,11,9,1,16,6,7,0,15,"Hunter Porter","sa3040094",
"Elijah Rogalski","SAC",22,1,2,5.311475243756803,16,7,0,0,1,20.1,94,23,17,12,1,13,0,1,0,15,"Elijah Rogalski","sa3041033",
"Jacob Rogers","TTU",22,0,1,9.775861747483162,19,0,0,0,0,19.1,100,30,24,21,3,11,1,2,0,15,"Jacob Rogers","sa3041053",
"Dylan Terwilliger","MASS",22,3,1,5.014285577657275,14,0,0,0,0,23.1,105,16,17,13,1,12,10,0,1,15,"Dylan Terwilliger","sa3043642",
"Eddie Tierney","NEV",22,0,0,6.061224253859841,17,0,0,0,1,16.1,78,21,11,11,0,10,2,3,0,15,"Eddie Tierney","sa3043823",
"Jonathan Valdez","SFA",,1,0,11.368420767321819,12,1,0,0,0,12.2,75,27,18,16,0,8,1,1,0,15,"Jonathan Valdez","sa3044286",
"Jackson Vanesko","BRY",23,0,1,9.947368171406591,11,7,0,0,0,25.1,132,37,31,28,4,18,2,2,0,15,"Jackson Vanesko","sa3044349",
"Nathan Vidmar","DSU",,0,4,16.666666666666668,13,5,0,0,0,27,174,58,54,50,6,25,15,4,0,15,"Nathan Vidmar","sa3044482",
"Cade Wiegert","NDSU",22,0,1,10.340425322097914,13,0,0,0,0,15.2,78,20,19,18,3,11,2,2,0,15,"Cade Wiegert","sa3045175",
"Jaden Winter","CLT",23,0,0,4.438356048417913,16,2,0,0,0,24.1,114,30,13,12,1,11,3,3,0,15,"Jaden Winter","sa3045466",
"Gehrig Wright","UTM",,1,3,9.76595724864803,20,0,0,0,0,15.2,88,15,24,17,4,21,7,6,0,15,"Gehrig Wright","sa3045614",
"Cole Yennaco","MRMK",21,2,2,4.12941167204438,21,0,0,0,7,28.1,124,26,14,13,3,17,2,2,0,15,"Cole Yennaco","sa3045702",
"Jacob Arnberger","WCU",20,0,0,6.893616881398609,14,0,0,0,1,15.2,74,20,12,12,2,6,3,3,0,15,"Jacob Arnberger","sa3058516",
"J.T. Blackwood","ALA",,1,1,3.8571427762976263,10,7,0,0,0,30.1,128,33,17,13,3,7,0,2,0,15,"J.T. Blackwood","sa3058652",
"Ian Culver","UTAH",22,1,0,6.230769002225986,15,0,0,0,0,17.1,89,26,14,12,5,10,1,3,0,15,"Ian Culver","sa3058960",
"Diego Emerling","SMC",20,1,0,10.5,14,1,0,0,0,18,102,24,24,21,1,23,4,6,0,15,"Diego Emerling","sa3059131",
"Andrew Floyd","USA",22,0,1,3.9705883466661214,12,0,0,0,1,11.1,51,12,6,5,1,4,2,1,0,15,"Andrew Floyd","sa3059202",
"Sam Frizzi","WKU",23,0,0,6.9677421498373135,16,0,0,0,1,10.1,45,11,8,8,1,3,1,0,0,15,"Sam Frizzi","sa3059241",
"Aidan Gonzalez","USD",22,1,0,6.622641747767673,18,0,0,0,0,17.2,83,22,14,13,3,7,2,2,0,15,"Aidan Gonzalez","sa3059321",
"Ben Griffith","BING",21,2,2,10.431817955714617,11,0,0,0,1,14.2,78,24,18,17,4,13,1,1,0,15,"Ben Griffith","sa3059359",
"Ray Hernandez","UVU",,2,0,9.36,9,5,0,0,0,25,132,42,27,26,4,10,3,4,0,15,"Ray Hernandez","sa3059480",
"Will Jordan","TTU",20,2,1,4.973684085703296,12,0,0,0,1,12.2,67,14,9,7,1,12,2,1,0,15,"Will Jordan","sa3059630",
"Marcel Kulik","AUB",19,0,0,4.846153846153846,10,0,0,0,0,13,57,15,7,7,0,3,2,0,1,15,"Marcel Kulik","sa3059732",
"Grady Lacourciere","HOF",,1,2,9.5625,11,1,0,0,0,16,82,13,17,17,3,16,7,6,0,15,"Grady Lacourciere","sa3059741",
"Matthew Lefevers","RAD",20,5,3,5.8,15,10,0,0,0,45,202,58,29,29,8,13,4,3,0,15,"Matthew Lefevers","sa3059784",
"John Lyman","NIU",,0,1,8.307692307692308,20,1,0,0,2,13,65,12,12,12,1,11,3,2,0,15,"John Lyman","sa3059875",
"Tanner Paschke","LIN",21,2,0,3.919354959283489,12,0,0,0,0,20.2,93,17,11,9,0,15,4,0,0,15,"Tanner Paschke","sa3060217",
"Baylor Sandberg","SAC",20,0,1,7.243902270528694,16,0,0,0,0,13.2,70,18,12,11,1,12,0,3,0,15,"Baylor Sandberg","sa3060475",
"Trevor Stowe","WSU",22,2,2,7.9411764705882355,19,0,0,0,0,17,94,22,16,15,2,17,3,4,0,15,"Trevor Stowe","sa3060681",
"Brode Susce","JMU",,1,0,6.75,17,0,0,0,0,16,90,18,17,12,2,10,11,1,0,15,"Brode Susce","sa3060696",
"Noah Waldeck","SMC",23,1,3,8.56097541062482,16,2,0,0,0,27.1,136,36,29,26,3,17,5,5,0,15,"Noah Waldeck","sa3060854",
"Drew Kirby","TNTC",,0,3,6.893616881398609,15,0,0,0,1,15.2,77,20,13,12,3,6,3,2,0,15,"Drew Kirby","sa3062628",
"Ryland Howell","UNCA",20,0,1,9.865384253524477,13,0,0,0,1,17.1,94,24,21,19,3,18,7,2,0,15,"Ryland Howell","sa3062849",
"Owen Crowe","MSM",21,0,2,20.250000689710912,6,5,0,0,0,9.1,65,15,21,21,2,18,5,1,0,15,"Owen Crowe","sa3065280",
"Drew Sliwkowski","MASS",,0,1,14.4,7,2,0,0,0,10,65,15,16,16,1,14,6,2,0,15,"Drew Sliwkowski","sa3065611",
"Dante Jackson","CSUB",,0,1,6.5,23,0,0,0,0,18,86,22,13,13,3,8,7,2,0,15,"Dante Jackson","sa3066683",
"Frankie Caietta","SPU",,1,1,6.267857356339092,15,0,0,0,0,18.2,103,19,15,13,2,23,3,5,0,15,"Frankie Caietta","sa3066888",
"Henry Slaby","EMU",20,0,0,9.450000225305562,14,2,0,0,0,13.1,76,21,14,14,2,13,2,5,0,15,"Henry Slaby","sa3066902",
"Parker Patterson","MUR",,2,1,7.105263157894737,16,0,0,0,0,19,95,21,17,15,4,12,6,1,0,15,"Parker Patterson","sa3067116",
"Brock Adamson","CSUB",21,2,0,10.2,13,1,0,0,0,15,80,20,19,17,2,11,4,2,0,15,"Brock Adamson","sa3069456",
"Andris Barroso","BCU",21,2,3,7.012987186704046,16,0,0,0,0,25.2,121,28,22,20,2,15,8,2,0,15,"Andris Barroso","sa3069562",
"Cade Bouknight","WOF",21,0,0,4.821428571428571,12,3,0,0,0,28,124,26,17,15,5,14,1,4,0,15,"Cade Bouknight","sa3069642",
"Chris Brown","MVSU",24,0,4,15.428571428571429,14,6,0,0,1,21,121,38,40,36,6,15,6,5,0,15,"Chris Brown","sa3069679",
"Joey Buchanan","BGSU",19,0,1,14.25,11,1,0,0,0,12,81,23,22,19,1,10,11,0,0,15,"Joey Buchanan","sa3069693",
"Andres Castro","NEV",19,2,0,6.480000247192392,16,0,0,0,2,16.2,80,25,12,12,4,7,0,0,0,15,"Andres Castro","sa3069768",
"Stephen Christopher","W&M",20,1,0,4.576271334382117,13,3,0,0,0,19.2,90,17,10,10,1,13,3,1,0,15,"Stephen Christopher","sa3069796",
"Christian Delgado","JKST",24,1,1,13.034482329977552,14,1,0,0,0,19.1,104,32,28,28,2,17,5,3,0,15,"Christian Delgado","sa3069932",
"Josh Doney","UML",,0,1,6.585365700480631,18,2,0,0,1,27.1,124,28,21,20,3,10,5,2,0,15,"Josh Doney","sa3069968",
"Justin Dressler","BRY",,3,1,5.9268291304325675,15,0,0,0,1,27.1,130,31,20,18,2,13,6,3,0,15,"Justin Dressler","sa3069977",
"Charlie Feris","SFA",22,0,0,9.947368421052632,16,0,0,0,0,19,98,29,21,21,3,11,2,0,0,15,"Charlie Feris","sa3070070",
"Alan Gonzalez","SF",20,1,1,4.7903227280131535,19,4,0,0,0,20.2,97,23,13,11,1,8,4,0,0,15,"Alan Gonzalez","sa3070185",
"Luke Hymel","UNO",,1,1,5.81538478603025,14,0,0,0,0,21.2,97,19,15,14,2,15,1,2,0,15,"Luke Hymel","sa3070401",
"Liam Jones","BUCK",,2,2,5.142857142857143,10,0,0,0,1,14,73,20,12,8,0,10,4,1,0,15,"Liam Jones","sa3070461",
"Caydon Laird","USI",,2,1,3.7384616481623034,31,0,0,0,0,21.2,92,22,10,9,1,9,2,4,0,15,"Caydon Laird","sa3070552",
"Lou Levy","BRAD",,1,5,12.705882352941176,14,9,0,0,0,34,190,53,48,48,5,21,17,12,0,15,"Lou Levy","sa3070593",
"Will Mabry","NICH",,1,3,9.865384253524477,10,4,0,0,0,17.1,90,23,21,19,3,14,2,1,0,15,"Will Mabry","sa3070645",
"Caleb Muffoletto","NWST",22,0,1,4.1538462757358925,12,0,0,0,0,21.2,99,17,11,10,1,13,7,7,0,15,"Caleb Muffoletto","sa3070832",
"Kade Neuenschwander","SHSU",,0,3,5.538461538461538,13,0,0,0,2,13,68,17,11,8,2,9,1,0,0,15,"Kade Neuenschwander","sa3070874",
"Bryce Palms","YSU",18,1,1,3.306122320287186,12,0,0,0,1,16.1,68,11,8,6,1,10,1,1,0,15,"Bryce Palms","sa3070944",
"Payton Pudenz","CSUB",21,0,0,5.6511629160318355,22,0,0,0,0,14.1,80,15,10,9,2,4,8,0,0,15,"Payton Pudenz","sa3071050",
"Michael Savarese","PITT",21,0,1,6.75,16,2,0,0,0,20,94,27,17,15,6,8,1,1,1,15,"Michael Savarese","sa3071220",
"Kaleb Scott","DSU",,0,0,10.451612903225806,16,0,0,0,0,31,165,46,38,36,6,18,9,2,1,15,"Kaleb Scott","sa3071248",
"Eli Solem","UCD",,0,1,6.157894736842105,15,3,0,0,0,19,95,22,17,13,0,14,8,6,0,15,"Eli Solem","sa3071336",
"Charlie Taczy","UIC",,0,1,11.25,16,0,0,0,0,16,93,29,21,20,4,13,6,0,0,15,"Charlie Taczy","sa3071419",
"Josh Touhey","UNA",20,2,2,8.142857142857142,12,2,0,0,0,21,110,23,20,19,1,17,8,1,0,15,"Josh Touhey","sa3071472",
"Jamie Vicens","GT",19,0,0,11.25,10,0,0,0,0,8,42,7,11,10,2,9,1,2,0,15,"Jamie Vicens","sa3071530",
"Tyler Finkbeiner","MICH",19,1,1,8.790697869382855,12,0,0,0,0,14.1,70,13,14,14,5,13,1,3,1,15,"Tyler Finkbeiner","sa3073554",
"Luke McLeod","BAY",19,0,0,4.3676471813327336,17,1,0,0,1,22.2,102,30,13,11,3,6,2,2,0,15,"Luke McLeod","sa3073758",
"Parker Noonan","RAD",,2,1,7.913792843200656,11,2,0,0,0,19.1,95,32,21,17,5,3,1,3,0,15,"Parker Noonan","sa3073769",
"Garrett Pyne","DAV",21,1,1,10,13,4,0,0,0,18,99,24,23,20,4,14,6,6,0,15,"Garrett Pyne","sa3073781",
"Zion Theophilus","LSU",20,0,0,4.959183480430779,16,0,0,0,0,16.1,76,14,9,9,2,15,2,3,0,15,"Zion Theophilus","sa3073998",
"Andrew DuMont","SLU",20,0,1,7.81578927753375,17,4,0,0,0,25.1,119,32,24,22,4,10,6,0,0,15,"Andrew DuMont","sa3074257",
"Davis Gore","SPU",,0,3,12.876923454781267,11,5,0,0,0,21.2,116,36,33,31,6,15,2,0,0,15,"Davis Gore","sa3074288",
"Jackson Long","CAN",20,0,1,12.512194830913199,12,1,0,0,0,13.2,72,17,21,19,5,11,4,0,0,15,"Jackson Long","sa3074343",
"Cameron Novak","M-OH",,0,2,6.381817960502695,9,3,0,0,0,18.1,87,20,14,13,1,6,3,1,0,15,"Cameron Novak","sa3074387",
"Abel Ortiz","COPP",18,0,1,7.854545182157163,10,4,0,0,0,18.1,100,26,19,16,4,18,2,1,0,15,"Abel Ortiz","sa3074390",
"Luke Pokrovsky","PENN",18,0,1,12.886363357059233,12,0,0,0,0,14.2,82,23,23,21,2,13,4,3,0,15,"Luke Pokrovsky","sa3074397",
"Elai Iwanaga","UCLA",19,2,0,2.3142856512264345,14,0,0,0,0,11.2,53,10,3,3,1,6,3,1,0,15,"Elai Iwanaga","sa3074761",
"Blaine Nunnally","EIU",,1,0,11.302325832063671,11,2,0,0,0,14.1,74,21,18,18,5,10,1,1,0,15,"Blaine Nunnally","sa3074797",
"Matt Wilmarth","BRWN",,0,1,5.400000158456661,14,0,0,0,0,21.2,101,27,14,13,4,11,2,1,0,15,"Matt Wilmarth","sa3074840",
"Zach Alarid","SHSU",,1,2,7.061538668751017,11,1,0,0,1,21.2,95,25,17,17,4,6,1,4,0,15,"Zach Alarid","sa3075198",
"Nikau Heeney","BELL",21,2,1,6.252631704483669,18,1,0,0,0,31.2,145,34,24,22,5,17,5,2,0,15,"Nikau Heeney","sa3075224",
"Brody Papay","WRST",,0,1,4.695652271263543,11,0,0,0,0,15.1,72,12,9,8,2,9,5,4,2,15,"Brody Papay","sa3075248",
"Jackson Price","UTU",22,0,2,6.3,6,5,0,0,0,20,98,26,17,14,2,9,3,0,0,15,"Jackson Price","sa3075254",
"Declan Wilkes","LEH",,1,0,5.744680734498841,11,0,0,0,1,15.2,69,10,10,10,1,13,4,4,0,15,"Declan Wilkes","sa3075274",
"Tyler Dunlea","UML",,2,1,4.959183480430779,10,1,0,0,1,16.1,78,16,16,9,2,13,2,1,0,15,"Tyler Dunlea","sa3075555",
"Bobby Alcock","ALA",24,2,0,3.857142707001717,11,3,0,0,0,16.1,77,23,9,7,0,7,3,0,0,14,"Bobby Alcock","sa3025857",
"Cal Amborn","SF",21,0,1,6.493670729295013,18,0,0,0,0,26.1,121,34,21,19,5,10,1,3,0,14,"Cal Amborn","sa3025993",
"Oliver Barkal","MRMK",22,0,1,9.257142604905738,14,0,0,0,0,11.2,76,8,16,12,0,23,9,3,0,14,"Oliver Barkal","sa3026566",
"Oliver Boone","UK",,2,1,6.352941354665794,10,1,0,0,0,11.1,59,15,10,8,3,9,2,1,1,14,"Oliver Boone","sa3027386",
"Dalton Boruff","EIU",,2,4,9.091836380789761,17,7,0,0,0,32.2,155,37,35,33,4,21,5,4,0,14,"Dalton Boruff","sa3027413",
"Eli Bowery","PRES",,0,2,7.3220341350113864,20,2,0,0,0,19.2,105,23,19,16,2,22,3,4,0,14,"Eli Bowery","sa3027478",
"Matthew Dallas","WAKE",22,2,0,2.4545454013446157,2,2,0,0,0,7.1,32,7,2,2,0,3,1,0,0,14,"Matthew Dallas","sa3029790",806054
"JJ Garcia","APP",23,1,1,7.2,12,0,0,0,0,15,65,17,12,12,2,3,2,1,0,14,"JJ Garcia","sa3031940",
"Jackson Gaspard","MER",,0,1,8.052631578947368,17,2,0,0,0,19,94,25,18,17,5,9,3,0,0,14,"Jackson Gaspard","sa3032032",
"Brock Graf","HC",23,0,0,9.180000350189223,10,0,0,0,0,16.2,80,22,19,17,2,5,6,4,0,14,"Brock Graf","sa3032558",
"Josiah Harrison","NORF",22,0,2,25.13793020781385,8,4,0,0,0,9.2,69,13,29,27,2,25,4,2,0,14,"Josiah Harrison","sa3033287",
"Aidan Healy","NAVY",,0,0,6.74999979883433,12,0,0,0,2,10.2,51,8,8,8,0,9,3,4,0,14,"Aidan Healy","sa3033482",
"David Horvath","MONM",,1,0,9.367346574147026,16,0,0,0,5,16.1,91,31,18,17,2,7,4,0,0,14,"David Horvath","sa3034116",
"Eli Huddleston","TNTC",,1,2,5,14,0,0,0,1,27,122,28,17,15,3,13,3,1,0,14,"Eli Huddleston","sa3034219",
"Jansen Kenty","GASO",20,1,1,8.5,15,1,0,0,0,18,96,23,21,17,6,13,6,0,0,14,"Jansen Kenty","sa3035288",
"Dylan Kerbow","TXST",23,1,1,2.8208954420831183,20,0,0,0,0,22.1,91,17,10,7,2,7,4,2,0,14,"Dylan Kerbow","sa3035296",
"Shane Keup","WIN",22,0,0,6.230769230769231,10,1,0,0,0,13,58,12,13,9,2,10,1,2,0,14,"Shane Keup","sa3035323",
"Josh Kopetski","URI",21,1,2,6.493670729295013,15,6,0,0,0,26.1,123,32,25,19,5,15,3,2,0,14,"Josh Kopetski","sa3035639",
"Chase Kriebel","PITT",23,2,2,5.711538252040487,24,3,0,0,0,17.1,86,24,13,11,1,11,3,2,0,14,"Chase Kriebel","sa3035720",
"Josh Lajoie","QUIN",25,1,0,6.585365700480631,9,0,0,0,0,13.2,73,19,13,10,1,12,2,0,0,14,"Josh Lajoie","sa3035854",
"Beau Leisure","IOWA",21,1,2,12,16,0,0,0,1,12,65,13,16,16,4,12,5,3,0,14,"Beau Leisure","sa3036201",
"Jacob Limas","GCU",23,0,1,11.675675976616008,10,0,0,0,0,12.1,66,20,16,16,3,4,6,2,0,14,"Jacob Limas","sa3036341",
"Adan Longoria","KSU",21,0,0,7.243902270528694,11,0,0,0,0,13.2,69,20,15,11,6,7,1,0,0,14,"Adan Longoria","sa3036501",
"Andrew Luczak","PITT",22,1,1,8.2173914747112,17,0,0,0,0,15.1,75,18,16,14,7,8,4,1,0,14,"Andrew Luczak","sa3036654",
"Colin Maloney","URI",,1,0,7.977272554370001,13,0,0,0,0,14.2,75,12,14,13,1,18,2,6,0,14,"Colin Maloney","sa3036930",
"Matt Manley","GWEB",21,0,3,16.615384615384617,11,3,0,0,0,13,83,22,25,24,5,21,3,1,0,14,"Matt Manley","sa3036978",
"Owen Marsh","BEL",22,1,3,7.253731136785162,15,0,0,0,0,22.1,111,28,22,18,1,12,6,0,0,14,"Owen Marsh","sa3037116",
"Jevarra Martin","LIP",22,1,3,9.553846434192552,13,3,0,0,0,21.2,108,22,25,23,3,19,7,4,0,14,"Jevarra Martin","sa3037175",
"Brayden Marx","BYU",21,0,1,9.642857142857142,14,1,0,0,0,14,76,17,16,15,3,16,3,4,0,14,"Brayden Marx","sa3037232",
"Bobby McDonough","MASS",22,0,0,10.565217610342971,10,2,0,0,1,15.1,79,24,21,18,3,5,1,1,0,14,"Bobby McDonough","sa3037545",
"Jay Miller","WASH",23,0,1,9,6,3,0,0,0,11,58,17,11,11,2,6,1,1,1,14,"Jay Miller","sa3038066",
"Evan Miranda","SDSU",21,1,0,5.0943398059751335,16,0,0,0,1,17.2,90,17,12,10,2,15,3,2,1,14,"Evan Miranda","sa3038145",
"Gabriel Nard","FSU",22,0,0,7.243902270528694,14,0,0,0,2,13.2,63,14,14,11,3,7,1,2,0,14,"Gabriel Nard","sa3038678",
"James Reese","LAF",22,1,1,4.354838843648321,19,0,0,0,0,20.2,98,25,10,10,3,10,4,0,0,14,"James Reese","sa3040546",
"Jacob Roettgen","MUR",,1,1,6.545454545454546,8,3,0,0,0,11,49,7,8,8,2,7,4,1,0,14,"Jacob Roettgen","sa3041030",
"Gus Rogers","UNO",22,1,0,4.821428735645456,11,0,0,0,0,9.1,50,14,5,5,0,8,0,3,0,14,"Gus Rogers","sa3041049",
"Noah Samol","CLEM",22,1,0,4.764706015999345,7,0,0,0,0,11.1,55,12,7,6,0,3,4,0,0,14,"Noah Samol","sa3041463",
"Avery Seaton","AAMU",24,0,0,7.363636363636363,15,0,0,0,0,22,120,31,23,18,3,15,5,1,0,14,"Avery Seaton","sa3041899",
"Jackson Snyder","MSM",,0,0,9.180000350189223,11,3,0,0,0,16.2,82,23,18,17,4,12,2,1,0,14,"Jackson Snyder","sa3042696",
"Zane Starling","UNF",20,2,0,9.236841873448977,8,0,0,0,0,12.2,64,13,13,13,1,12,2,3,0,14,"Zane Starling","sa3042972",
"Bryce Stockton","SAC",21,0,0,10.588235294117647,17,0,0,0,0,17,87,23,20,20,3,14,3,1,0,14,"Bryce Stockton","sa3043143",
"Niall Todd","GAST",21,0,0,6.749999853697693,15,0,0,0,0,14.2,71,15,11,11,3,10,5,1,0,14,"Niall Todd","sa3043882",
"Brock Toney","GCU",22,1,0,4.295454452353077,13,0,0,0,0,14.2,62,13,7,7,0,7,3,0,0,14,"Brock Toney","sa3043923",
"Blake Van Cleve","LR",,0,1,8.61702110174826,16,0,0,0,0,15.2,73,14,16,15,1,13,4,2,1,14,"Blake Van Cleve","sa3044324",
"Tommy White","UNM",22,1,0,8.4,11,0,0,0,0,15,76,18,15,14,1,8,5,2,0,14,"Tommy White","sa3045135",
"George Albrecht","UVU",,0,2,10.309090551581276,11,6,0,0,0,18.1,103,26,24,21,1,17,7,2,0,14,"George Albrecht","sa3058476",
"Ty Baker","RICE",21,0,0,3.566037864182593,9,6,0,0,0,17.2,84,10,12,7,1,19,1,5,0,14,"Ty Baker","sa3058539",
"Joe Bordelon","NICH",,1,1,11.571428571428571,9,0,0,0,2,7,44,7,10,9,0,13,0,2,0,14,"Joe Bordelon","sa3058680",
"Braxton Davis","NCAT",,3,1,6.639344054696003,13,1,0,0,0,20.1,101,18,17,15,3,20,6,2,0,14,"Braxton Davis","sa3058997",
"Ethan Davis","EMU",22,1,1,9.375,15,4,0,0,0,24,113,31,25,25,5,10,5,3,0,14,"Ethan Davis","sa3059000",
"Zane Davis","CIT",,3,2,3.253012122947328,20,0,0,0,1,27.2,117,20,12,10,4,11,5,2,0,14,"Zane Davis","sa3059009",
"Jack DeTienne","XAV",20,0,5,10.928571428571429,15,5,0,0,0,28,147,46,37,34,10,19,3,2,2,14,"Jack DeTienne","sa3059045",
"Andrew Landis","OAK",,0,3,11.423076504080974,15,1,0,0,1,17.1,96,26,22,22,2,15,6,0,0,14,"Andrew Landis","sa3059745",
"Blayne Lyne","UTSA",20,0,0,4.050000096559526,11,1,0,0,0,13.1,61,6,7,6,0,13,2,1,0,14,"Blayne Lyne","sa3059877",
"Oliver Mabee","OMA",22,0,2,3.0681817516807697,13,0,0,0,0,14.2,64,12,7,5,1,10,1,3,0,14,"Oliver Mabee","sa3059878",
"Max McGwire","SLU",23,0,0,5.40000020599366,12,0,0,0,1,16.2,81,14,13,10,2,11,10,2,0,14,"Max McGwire","sa3059984",
"Colin Nowaczyk","NEB",20,3,1,17.513513964924012,15,1,0,0,0,12.1,74,20,24,24,4,14,2,0,0,14,"Colin Nowaczyk","sa3060158",
"Drew Politte","BRAD",,0,0,11.368421052631579,14,1,0,0,0,19,117,36,36,24,4,22,1,6,0,14,"Drew Politte","sa3060284",
"Jacob Smoot","MAN",23,1,3,7.5245899286554705,10,0,0,0,0,20.1,106,21,21,17,2,17,6,1,0,14,"Jacob Smoot","sa3060628",
"Jonah Stepner","UMES",,0,2,10.80000041198732,7,5,0,0,0,16.2,104,21,26,20,4,17,4,1,0,14,"Jonah Stepner","sa3060669",
"Hayden Tronson","SFA",,1,0,11.368420767321819,8,2,0,0,0,12.2,66,18,16,16,0,9,1,5,0,14,"Hayden Tronson","sa3060791",
"Anthony Unga","CREI",20,1,0,4.846153846153846,11,0,0,0,0,13,58,13,8,7,1,6,1,1,0,14,"Anthony Unga","sa3060805",
"Matthew VanOstenbridge","PSU",20,0,1,9,13,0,0,0,0,10,58,10,13,10,3,12,4,3,0,14,"Matthew VanOstenbridge","sa3060824",
"Patrick Veintimilla","JOES",19,1,0,17.181818181818183,8,2,0,0,0,11,69,20,24,21,2,9,4,3,0,14,"Patrick Veintimilla","sa3060834",
"James Wilson","JVST",23,0,0,10.046511850723263,6,5,0,0,0,14.1,68,16,17,16,1,8,5,3,0,14,"James Wilson","sa3060940",
"Sheldon Egger","WOF",,2,2,8.30769200296798,10,4,0,0,0,17.1,84,24,18,16,1,7,1,1,0,14,"Sheldon Egger","sa3062592",
"Kadin Munson","SFA",,2,1,3.3157894736842106,21,0,0,0,0,19,85,20,7,7,2,10,1,3,0,14,"Kadin Munson","sa3062878",
"Harrison Lollin","PSU",20,0,0,4.050000096559526,11,0,0,0,1,13.1,67,16,8,6,1,11,0,1,0,14,"Harrison Lollin","sa3065355",
"David Jeon","ACU",23,2,1,9.679245631352753,18,0,0,0,0,17.2,101,22,19,19,1,15,12,1,0,14,"David Jeon","sa3065547",
"Frankie Nardo","WAG",,1,1,4.438356048417913,11,1,0,0,1,24.1,109,26,15,12,1,12,2,6,0,14,"Frankie Nardo","sa3065829",
"Joseph Barbarino","FDU",,1,1,6.7500002299036375,13,7,0,0,0,37.1,181,33,30,28,2,36,2,1,0,14,"Joseph Barbarino","sa3065900",
"Josh Berzonski","VT",22,0,0,15.827585686401312,9,0,0,0,0,9.2,55,15,17,17,0,8,2,2,0,14,"Josh Berzonski","sa3066038",
"Mason Hebert","FDU",,1,0,12.375,12,4,0,0,1,32,175,50,49,44,8,21,10,3,0,14,"Mason Hebert","sa3066481",
"Ethan Walker","TEX",22,1,1,2.596153750927494,25,0,0,0,0,17.1,75,19,7,5,1,3,1,0,0,14,"Ethan Walker","sa3067187",
"Micah Smith","BGSU",20,0,0,8.526315575491363,11,2,0,0,0,12.2,65,14,13,12,1,11,3,3,0,14,"Micah Smith","sa3067238",
"Peter Bashore","JOES",19,1,1,10.607143218420003,11,1,0,0,0,18.2,99,35,25,22,4,3,4,4,0,14,"Peter Bashore","sa3069572",
"Braden Branigin","LIN",,0,2,6.480000247192392,9,1,0,0,0,16.2,84,19,13,12,1,12,5,0,0,14,"Braden Branigin","sa3069661",
"Jack Briese","EKU",,2,3,6.958763160263658,17,6,0,0,0,32.1,147,36,26,25,4,13,6,1,0,14,"Jack Briese","sa3069668",
"Colin Ducie","UML",,1,0,7.5,11,1,0,0,1,18,84,20,17,15,3,9,4,0,0,14,"Colin Ducie","sa3069982",
"Jaxston Fipps","PV",22,0,0,7.434782608695652,21,0,0,0,2,23,113,31,22,19,2,10,4,6,0,14,"Jaxston Fipps","sa3070086",
"Tommy Flaherty","BRY",22,0,1,6.893616881398609,13,0,0,0,1,15.2,81,22,15,12,1,10,3,3,0,14,"Tommy Flaherty","sa3070092",
"Ethan Freed","QUIN",,0,0,5.6842103836609095,8,0,0,0,0,12.2,66,14,10,8,0,12,2,0,0,14,"Ethan Freed","sa3070114",
"Keely Furr","DAV",,0,1,14.25,11,0,0,0,1,12,78,18,28,19,4,16,7,11,0,14,"Keely Furr","sa3070134",
"Thomas Gonzales","SF",19,1,3,9.327272403811632,13,2,0,0,0,18.1,93,23,20,19,2,16,3,1,1,14,"Thomas Gonzales","sa3070190",
"Michael Gray","PITT",22,4,0,6.872727034387518,19,0,0,0,1,18.1,104,26,16,14,3,13,6,4,0,14,"Michael Gray","sa3070210",
"Cy Herchelroath","AKR",,1,0,6.893616881398609,7,5,0,0,0,15.2,75,14,13,12,0,16,0,1,0,14,"Cy Herchelroath","sa3070320",
"Tyler Hrin","MILW",,0,1,15.525000370144852,7,2,0,0,0,13.1,85,28,24,23,1,15,2,4,0,14,"Tyler Hrin","sa3070380",
"Trevor Kester-Johnson","PUR",22,0,1,6.749999752411485,31,0,0,0,0,17.1,81,18,15,13,2,8,4,2,0,14,"Trevor Kester-Johnson","sa3070506",
"Carson Kuhn","RICE",21,1,0,4.595744587599073,12,0,0,0,0,15.2,65,10,8,8,1,9,3,3,0,14,"Carson Kuhn","sa3070541",
"Alex Kuntz","TNTC",21,1,0,10.607143218420003,10,0,0,0,0,9.1,57,5,11,11,1,18,6,4,0,14,"Alex Kuntz","sa3070543",
"Tom Mahoney","NE",20,0,1,6.319148807948725,15,0,0,0,0,15.2,72,14,11,11,2,10,3,1,0,14,"Tom Mahoney","sa3070657",
"Ryan Ohm","ILL",21,0,0,2.1176470588235294,6,2,0,0,0,17,67,11,5,4,2,3,3,0,0,14,"Ryan Ohm","sa3070909",
"Chase Olson","NEB",20,1,0,6.7500002299036375,11,0,0,0,0,9.1,47,8,7,7,0,8,3,1,0,14,"Chase Olson","sa3070915",
"Trent Rudge","CAN",18,0,0,10.125,12,0,0,0,0,16,85,14,22,18,0,16,8,5,0,14,"Trent Rudge","sa3071181",
"Adyn Schell","MOST",19,1,0,8.2173914747112,15,0,0,0,0,15.1,73,16,14,14,2,10,3,3,0,14,"Adyn Schell","sa3071227",
"Ryan Sheehy","ODU",20,1,0,10,6,4,0,0,0,9,46,15,13,10,4,10,0,1,0,14,"Ryan Sheehy","sa3071275",
"Manuel Toro","JKST",21,0,0,8.27419380293181,15,3,0,0,0,20.2,104,22,22,19,3,16,7,3,0,14,"Manuel Toro","sa3071468",
"Conner Vander-Luitgaren","EVAN",20,0,1,10.914893395547798,13,0,0,0,0,15.2,89,28,24,19,3,12,3,6,0,14,"Conner Vander-Luitgaren","sa3071510",
"Tyler Vargas","WAG",21,0,1,9,9,0,0,0,0,13,90,20,21,13,1,18,4,1,0,14,"Tyler Vargas","sa3071521",
"Landon Edwards","MD",21,0,1,15.260869881606514,13,3,0,0,0,15.1,91,23,27,26,6,23,3,4,0,14,"Landon Edwards","sa3073711",
"Cole Kenyon","BEL",19,0,2,7.578947368421052,13,2,0,0,0,19,94,27,16,16,3,12,3,0,0,14,"Cole Kenyon","sa3073737",
"Jacobie Smith","GRAM",21,0,1,13.2,20,0,0,0,0,15,105,21,30,22,2,29,8,4,0,14,"Jacobie Smith","sa3073807",
"Montrell Christian Jr.","GAST",21,0,0,9.947368171406591,12,0,0,0,0,12.2,77,15,20,14,4,17,6,2,0,14,"Montrell Christian Jr.","sa3073938",
"Cooper Ashby","WRST",20,1,0,6.585365700480631,18,0,0,0,0,13.2,71,15,10,10,1,10,5,0,0,14,"Cooper Ashby","sa3074067",
"Erick Peralta","MIA",19,0,0,5.586206712847522,10,0,0,0,0,9.2,49,10,7,6,1,8,3,4,0,14,"Erick Peralta","sa3074129",
"Jax Pfister","UNCO",19,0,1,11.647058823529411,14,0,0,0,1,17,96,22,24,22,7,18,7,2,0,14,"Jax Pfister","sa3074131",
"Ryan Ellis","CSUN",,0,0,4.609755990336442,8,0,0,0,0,13.2,61,14,7,7,1,4,2,2,0,14,"Ryan Ellis","sa3074739",
"PJ Fitzpatrick","WOF",19,2,2,6.381817960502695,15,1,0,0,0,18.1,88,20,14,13,3,10,4,2,0,14,"PJ Fitzpatrick","sa3074745",
"Haydan Toal","ULM",,0,1,7.5,7,3,0,0,0,12,62,14,10,10,4,5,1,1,0,14,"Haydan Toal","sa3075019",
"Chandler Day","TENN",20,0,2,7.81578927753375,14,1,0,0,0,12.2,59,15,16,11,3,7,0,1,0,14,"Chandler Day","sa3075110",
"Justin Hoff","INST",,2,3,2.8636363636363638,16,0,0,0,4,22,100,19,11,7,1,13,3,0,0,14,"Justin Hoff","sa3075130",
"Erik Swenson","ME",,0,2,10.124999698251495,7,3,0,0,0,10.2,63,7,13,12,1,21,4,5,0,14,"Erik Swenson","sa3075158",
"Max Donecea","ARMY",,3,0,3.857142857142857,8,0,0,0,0,14,58,9,8,6,2,9,1,0,1,14,"Max Donecea","sa3075635",
"Chase Alderman","UK",,0,0,5.49152560125854,11,3,0,0,0,19.2,93,23,15,12,3,9,6,2,0,13,"Chase Alderman","sa3025862",
"Connor Benge","LSU",22,2,0,9,16,0,0,0,0,7,36,10,10,7,0,3,1,1,0,13,"Connor Benge","sa3026953",829657
"Brock Blanton","EKU",23,0,0,4.695652271263543,14,0,0,0,0,15.1,70,19,9,8,1,6,1,0,0,13,"Brock Blanton","sa3027241",
"Grant Brooks","JAX",23,0,0,2.892857241387273,19,0,0,0,0,18.2,81,16,6,6,1,10,3,1,0,13,"Grant Brooks","sa3027757",
"TJ Brooks","UNCA",22,0,0,5.6842103836609095,12,0,0,0,0,12.2,67,15,9,8,0,11,7,1,0,13,"TJ Brooks","sa3027772",
"Madden Clement","VT",21,0,0,3.9512194202883784,8,5,0,0,0,13.2,60,10,7,6,3,9,2,0,0,13,"Madden Clement","sa3029030",824011
"Josh Donegan","UNLV",20,1,1,11.842105263157896,8,4,0,0,0,19,101,36,25,25,9,8,1,2,0,13,"Josh Donegan","sa3030452",
"Brok Eddy","WICH",22,1,0,8.1,4,1,0,0,0,10,51,16,9,9,1,3,1,1,0,13,"Brok Eddy","sa3030776",
"Ryan Egan","FOR",23,0,1,12.22641553434032,14,1,0,0,0,17.2,103,28,29,24,4,16,6,2,0,13,"Ryan Egan","sa3030831",
"Alex Esker","WIU",,0,0,13.2,14,0,0,0,0,15,84,19,23,22,3,18,3,0,0,13,"Alex Esker","sa3031011",
"Jack Geiser","M-OH",21,2,1,7.623529240697317,12,8,0,0,0,28.1,137,47,26,24,6,5,5,4,0,13,"Jack Geiser","sa3032098",
"Kasey Gilman","PRIN",22,0,1,8.196428850597274,12,0,0,0,1,18.2,99,34,19,17,1,11,4,3,1,13,"Kasey Gilman","sa3032257",
"Greg Gorman","BRY",,0,1,8.437499748542912,7,0,0,0,0,10.2,52,14,11,10,2,6,0,4,0,13,"Greg Gorman","sa3032499",
"Chris Grothues","UCLA",23,1,0,5.9268291304325675,19,0,0,0,0,13.2,61,13,9,9,3,8,2,1,1,13,"Chris Grothues","sa3032780",
"Hudson Hart","NDSU",22,0,2,6.406779868134963,13,0,0,0,2,19.2,93,23,14,14,1,12,3,0,0,13,"Hudson Hart","sa3033329",
"Dakota Lee","SELA",,1,1,3.521739203447657,12,0,0,0,1,15.1,65,11,11,6,2,8,4,3,0,13,"Dakota Lee","sa3036152",
"Tanner Lyne","LIP",23,1,0,9.367346574147026,10,0,0,0,0,16.1,89,27,18,17,4,15,2,4,0,13,"Tanner Lyne","sa3036747",
"Ray McNaught","WIN",21,0,1,4.153846153846154,10,2,0,0,0,13,60,12,8,6,1,5,5,2,0,13,"Ray McNaught","sa3037727",
"Jake Michel","TOW",23,1,1,15,14,5,0,0,0,18,116,22,34,30,3,26,11,6,0,13,"Jake Michel","sa3037977",
"Jackson Montgomery","COPP",,0,1,19.756097101441892,10,0,0,0,0,13.2,89,23,31,30,3,17,7,5,0,13,"Jackson Montgomery","sa3038258",
"Chris Montone","RID",,1,1,4.973684085703296,20,0,0,0,2,25.1,129,30,20,14,0,22,2,9,0,13,"Chris Montone","sa3038268",
"James Morice","NE",22,0,0,12.913043745974743,9,0,0,0,0,7.2,45,10,11,11,1,12,1,6,0,13,"James Morice","sa3038375",
"Trey Packen","MAN",,0,2,7.105263157894737,9,9,0,0,0,19,99,26,19,15,1,15,6,1,0,13,"Trey Packen","sa3039329",
"Robbie Penswick","ARMY",,3,4,6.850746073630431,9,2,0,0,2,22.1,101,28,17,17,2,8,2,0,0,13,"Robbie Penswick","sa3039684",
"Cooper Robinson","WRST",22,0,0,14.921052257109887,9,4,0,0,0,12.2,75,22,25,21,3,10,5,0,0,13,"Cooper Robinson","sa3040902",
"Terence Sales","AAMU",23,0,1,12.5,14,3,0,0,0,18,105,27,29,25,1,22,4,1,0,13,"Terence Sales","sa3041438",
"Tyler Smith","USA",22,2,1,4.242857027248464,9,2,0,0,0,23.1,104,26,13,11,3,5,4,2,0,13,"Tyler Smith","sa3042653",
"Lawson Stricklin","TNTC",,0,1,12,17,3,0,0,0,18,100,27,27,24,5,17,4,3,0,13,"Lawson Stricklin","sa3043228",
"Caleb Strmiska","ULM",23,2,0,2.779411842666285,13,0,0,0,0,22.2,100,20,12,7,2,15,3,0,0,13,"Caleb Strmiska","sa3043233",
"Joseph Trombley","UCF",20,1,1,3.634615251298492,4,4,0,0,0,17.1,68,9,7,7,1,6,2,0,0,13,"Joseph Trombley","sa3044075",
"Evan Vandenbosch","WIN",22,1,2,8.756756982462006,5,4,0,0,0,12.1,59,12,13,12,0,11,0,2,0,13,"Evan Vandenbosch","sa3044333",
"Brendan Walker","STET",22,0,3,6.11320776717016,12,6,0,0,0,17.2,90,18,17,12,1,17,2,1,0,13,"Brendan Walker","sa3044659",
"Landon White","BRY",23,0,1,3.6818181020169236,3,0,0,0,0,7.1,30,6,4,3,0,3,0,1,0,13,"Landon White","sa3045122",
"Reilly Witmer","FAU",21,0,1,4.7903227280131535,20,0,0,0,0,20.2,97,17,11,11,0,18,4,3,0,13,"Reilly Witmer","sa3045489",
"Jalen Worthley","NEB",22,2,0,3.0681817516807697,13,0,0,0,0,14.2,63,10,8,5,3,9,0,1,2,13,"Jalen Worthley","sa3045589",
"Payton Barton","UIC",23,0,0,7.468084954848493,14,0,0,0,0,15.2,80,21,16,13,6,9,1,2,0,13,"Payton Barton","sa3058568",
"Myles Crocker","NORF",,0,5,15.677419837133955,14,5,0,0,0,20.2,139,42,45,36,2,30,7,5,0,13,"Myles Crocker","sa3058954",
"JT Gunzy","SIE",22,2,1,8.345454256041986,8,2,0,0,0,18.1,94,23,20,17,5,13,1,0,0,13,"JT Gunzy","sa3059377",
"Ethan Hubbell","ODU",21,1,1,9.9,14,3,0,0,0,20,98,23,22,22,4,15,4,3,1,13,"Ethan Hubbell","sa3059540",
"Alex Kanipe","BUT",23,1,0,9.6,16,0,0,0,2,15,91,29,19,16,0,12,2,5,0,13,"Alex Kanipe","sa3059642",
"Emerson Lott","UAPB",,2,0,3.907894638766875,21,0,0,0,0,25.1,116,23,15,11,3,17,4,2,0,13,"Emerson Lott","sa3059852",
"Adam Martin","STO",22,1,0,8.4375,9,2,0,0,0,16,81,16,16,15,3,11,5,2,0,13,"Adam Martin","sa3059928",
"Nicholas Mazzotta","WAG",22,0,1,8.379310069271282,9,0,0,0,3,9.2,54,9,9,9,1,12,4,4,0,13,"Nicholas Mazzotta","sa3059950",
"AJ McAninch","MRSH",20,1,0,8.590908904706154,13,0,0,0,0,14.2,73,21,14,14,1,7,2,3,0,13,"AJ McAninch","sa3059952",
"Tyler McKinstry","WMU",22,1,0,5.142857142857143,3,3,0,0,0,14,59,18,8,8,0,3,0,2,0,13,"Tyler McKinstry","sa3059990",
"Austin Nye","VAN",20,1,0,0,3,3,0,0,0,10,39,6,1,0,0,2,0,0,0,13,"Austin Nye","sa3060163",
"Fabian Ramirez","LAM",,1,0,2.892857241387273,16,0,0,0,0,18.2,83,13,6,6,0,12,6,0,0,13,"Fabian Ramirez","sa3060332",
"Jonah Richardson","DEL",,1,2,8.30769200296798,5,0,0,0,0,8.2,49,7,10,8,0,14,3,2,0,13,"Jonah Richardson","sa3060361",
"Cole Royer","KENN",20,2,0,7.788461252782482,12,6,0,0,0,17.1,93,18,15,15,2,19,6,2,0,13,"Cole Royer","sa3060441",
"Stephen Ruhle","OAK",22,2,0,8.1,10,0,0,0,0,10,56,8,12,9,2,17,1,3,0,13,"Stephen Ruhle","sa3060445",
"Charlie Spoonhour","MOST",20,0,0,8.790697869382855,16,0,0,0,0,14.1,72,24,14,14,4,5,2,1,0,13,"Charlie Spoonhour","sa3060649",
"Cameron Teinert","OMA",,2,0,8.1,18,0,0,0,0,20,109,29,21,18,1,18,3,3,0,13,"Cameron Teinert","sa3060725",
"Brady Watts","USI",,0,1,6.061224253859841,18,0,0,0,0,16.1,84,17,17,11,1,14,6,1,0,13,"Brady Watts","sa3060884",
"Sam Young","RICH",,0,0,9.346153503338979,11,0,0,0,0,8.2,49,9,9,9,1,11,3,3,0,13,"Sam Young","sa3060991",
"Kenan Elarton","HCU",22,1,3,9.580645456026307,12,4,0,0,0,20.2,105,32,23,22,2,14,5,2,0,13,"Kenan Elarton","sa3062593",
"Will Franklin","NKU",,0,0,10.340425322097914,15,1,0,0,0,15.2,82,24,19,18,4,8,4,1,0,13,"Will Franklin","sa3062599",
"Jamed Hubbard","UTSA",22,1,1,9.450000225305562,11,2,0,0,0,13.1,71,17,16,14,3,11,3,0,1,13,"Jamed Hubbard","sa3062614",
"Juan Reyes","UPST",22,0,0,9.191489175198146,13,0,0,0,2,15.2,84,17,16,16,2,21,4,1,0,13,"Juan Reyes","sa3062670",
"Landon Scruggs","UNA",22,0,0,7.714285714285714,15,0,0,0,1,14,76,16,12,12,0,18,4,3,0,13,"Landon Scruggs","sa3062897",
"Joe Trenerry","PUR",20,1,1,5,17,1,0,0,1,18,80,15,11,10,2,9,4,1,1,13,"Joe Trenerry","sa3062913",
"Julius Ejike-Charles","TULN",,0,0,4.909090909090909,15,0,0,0,0,11,58,8,7,6,0,15,2,2,0,13,"Julius Ejike-Charles","sa3065290",
"Caleb Pica","LIP",,0,0,3.4615384615384617,6,1,0,0,0,13,65,14,5,5,0,14,1,2,0,13,"Caleb Pica","sa3065594",
"Carson Timmons","NMSU",20,1,0,8.379310069271282,20,0,0,0,1,19.1,100,22,20,18,3,17,5,5,0,13,"Carson Timmons","sa3065854",
"Jorden Espinoza","TTU",20,1,1,12.326087212066799,15,1,0,0,0,15.1,89,21,21,21,2,22,5,1,0,13,"Jorden Espinoza","sa3066187",
"Payton Manca","FSU",22,2,1,4.263157787745682,8,3,0,0,1,12.2,54,10,6,6,0,6,2,0,0,13,"Payton Manca","sa3066212",
"Vincent Braga","SCU",20,0,1,4.655172260706268,16,0,0,0,0,19.1,91,19,13,10,2,6,7,1,0,13,"Vincent Braga","sa3066296",
"Ben Cushnie","USC",,0,0,1.6363636363636365,18,0,0,0,0,22,91,14,5,4,1,8,3,1,0,13,"Ben Cushnie","sa3066376",
"Ben McDougal","WVU",22,1,0,3.1395349533510197,13,0,0,0,1,14.1,66,12,9,5,4,8,3,1,0,13,"Ben McDougal","sa3066631",
"Grayson Bonanno","UCD",,0,3,4.939024275360473,13,7,0,0,0,27.1,128,34,18,15,2,8,6,2,0,13,"Grayson Bonanno","sa3066733",
"Bryson Thacker","WVU",21,0,1,7.2,13,1,0,0,0,10,53,9,11,8,4,10,3,3,0,13,"Bryson Thacker","sa3066808",
"Michael Yeager","UVA",20,0,2,10.340425322097914,9,2,0,0,0,15.2,86,21,21,18,2,14,6,1,0,13,"Michael Yeager","sa3066853",
"Abe Chancellor","AUB",23,0,0,1.4210525959152274,11,0,0,0,0,12.2,51,8,2,2,0,5,3,2,0,13,"Abe Chancellor","sa3066890",
"Tomas Lopez","COLU",21,0,2,3.05660388358508,4,4,0,0,0,17.2,75,15,6,6,3,8,1,2,0,13,"Tomas Lopez","sa3067008",
"Landon Kuntzleman","MAN",,1,0,4.378378491231003,7,0,0,0,1,12.1,53,10,6,6,3,4,2,4,0,13,"Landon Kuntzleman","sa3067269",
"Brady Appel","BRAD",,0,1,9.236841873448977,14,0,0,0,0,12.2,82,17,18,13,0,17,6,1,0,13,"Brady Appel","sa3069506",
"Evan Brandt","ARIZ",22,0,2,7.6415097089627,16,1,0,0,1,17.2,95,25,18,15,1,14,1,2,0,13,"Evan Brandt","sa3069660",
"Robert Brown III","PSU",19,2,2,8.5,14,0,0,0,0,18,89,22,17,17,4,9,3,2,0,13,"Robert Brown III","sa3069684",
"Coron Davis","JKST",20,0,1,7.448275617130029,2,2,0,0,0,9.2,44,7,8,8,0,7,1,3,0,13,"Coron Davis","sa3069909",
"Luke Devasher","BAY",22,1,1,11.76923076923077,16,0,0,0,0,13,74,23,22,17,2,9,1,3,0,13,"Luke Devasher","sa3069944",
"Tyler Do","UNM",21,1,3,11.465753125079608,11,4,0,0,0,24.1,136,38,35,31,3,14,11,3,1,13,"Tyler Do","sa3069963",
"Wyatt Doak","SIUE",,0,0,10.800000257492071,14,1,0,0,0,13.1,70,13,16,16,2,14,5,0,0,13,"Wyatt Doak","sa3069964",
"Braiden Eagen","PRES",,0,1,10.260000391387955,15,0,0,0,1,16.2,81,20,21,19,2,10,1,2,0,13,"Braiden Eagen","sa3070002",
"Ivan Epps","MAN",,1,2,10.928571428571429,12,1,0,0,1,14,76,17,19,17,2,12,5,2,0,13,"Ivan Epps","sa3070032",
"JT Fabian","WIU",,0,1,17.718749471940114,11,2,0,0,0,10.2,71,17,22,21,2,15,9,4,0,13,"JT Fabian","sa3070052",
"Jude Fisher","OSU",19,1,2,9.257142604905738,3,3,0,0,0,11.2,53,13,12,12,2,5,1,0,0,13,"Jude Fisher","sa3070088",
"Matthew Foley","UIW",22,1,2,11.04545430605077,13,4,0,0,0,14.2,77,14,19,18,2,13,7,4,0,13,"Matthew Foley","sa3070098",
"James Godfrey","NORF",,1,0,12,14,0,0,0,0,21,114,31,30,28,2,21,5,1,0,13,"James Godfrey","sa3070177",
"Devin James","SAC",18,2,1,6.622641747767673,14,1,0,0,0,17.2,84,18,14,13,1,10,3,3,0,13,"Devin James","sa3070424",
"Shawn Karpaitis","LAS",,3,1,7.985915707491907,14,3,0,0,0,23.2,123,32,25,21,0,17,4,5,0,13,"Shawn Karpaitis","sa3070480",
"Daniel Lopez","KU",19,0,0,7.5937497736886215,8,1,0,0,0,10.2,54,10,12,9,1,9,3,2,0,13,"Daniel Lopez","sa3070620",
"Adrian Najar","MCN",,0,0,4.909090909090909,11,0,0,0,0,11,54,11,9,6,0,7,2,1,0,13,"Adrian Najar","sa3070858",
"Dylan Nieto","CSUF",22,0,2,6.061224253859841,19,0,0,0,0,16.1,73,18,11,11,1,6,0,3,0,13,"Dylan Nieto","sa3070884",
"Camden Oram","SEA",22,0,2,10.125000344855456,12,6,0,0,1,18.2,101,29,27,21,6,13,1,2,0,13,"Camden Oram","sa3070921",
"Nick Riggs","OMA",,2,3,6.230769230769231,19,1,0,0,0,26,117,28,19,18,3,12,2,2,0,13,"Nick Riggs","sa3071121",
"Jackson Shepelsky","LEH",,1,1,8.775000209212308,8,3,0,0,0,13.1,68,12,16,13,1,12,5,5,0,13,"Jackson Shepelsky","sa3071279",
"Sam Skarich","ULM",21,0,0,4.695652271263543,11,0,0,0,0,7.2,40,5,6,4,1,9,5,1,0,13,"Sam Skarich","sa3071299",
"Thomas Stewart","UVA",19,1,0,2.204081546858124,11,0,0,0,0,16.1,70,15,7,4,4,5,1,0,0,13,"Thomas Stewart","sa3071377",
"Jacob Swenson","UCLA",21,2,0,5.1081082397695035,18,0,0,0,0,12.1,54,11,7,7,1,8,2,4,0,13,"Jacob Swenson","sa3071412",
"Carson Taggart","DAV",,1,3,9.969231061766141,19,0,0,0,2,21.2,108,23,28,24,6,14,5,5,0,13,"Carson Taggart","sa3071420",
"Garrett Thiele","MAN",,0,1,4.285714285714286,11,0,0,0,3,21,97,20,11,10,1,10,4,3,0,13,"Garrett Thiele","sa3071440",
"Owen Thomson","OAK",21,2,0,6.517241164988776,16,0,0,0,0,19.1,92,19,15,14,1,12,6,6,0,13,"Owen Thomson","sa3071451",
"Christian Trantino","SHU",,0,0,10.058823529411764,17,0,0,0,0,17,90,19,21,19,3,19,2,5,1,13,"Christian Trantino","sa3071476",
"Will Vieira","FOR",20,0,0,7.363636363636363,10,0,0,0,1,11,53,15,10,9,3,6,2,2,0,13,"Will Vieira","sa3071533",
"Paul Wheeler","SF",20,0,1,6.230769230769231,12,0,0,0,0,13,73,16,12,9,1,13,5,0,0,13,"Paul Wheeler","sa3071589",
"Carter Wilcox","IOWA",19,2,0,11.571428965549092,10,1,0,0,0,9.1,55,8,12,12,1,14,7,2,0,13,"Carter Wilcox","sa3071605",
"Charlie Willcox","GT",19,0,0,9.642857142857142,11,1,0,0,0,14,78,21,17,15,1,9,4,1,0,13,"Charlie Willcox","sa3071607",
"Joe Williams","JKST",19,0,2,13.5,12,1,0,0,0,14,86,22,24,21,2,13,5,8,0,13,"Joe Williams","sa3071620",
"Michael Winter","TEX",19,1,0,5.9268291304325675,12,2,0,0,1,13.2,63,16,10,9,1,8,1,2,2,13,"Michael Winter","sa3071645",
"Austin Trumpour","CONN",23,0,2,3,11,1,0,0,1,21,94,22,11,7,2,8,0,1,1,13,"Austin Trumpour","sa3073598",
"Ethan Baiotto","TENN",19,3,0,6.171428403270492,15,2,0,0,0,23.1,100,21,16,16,5,7,3,2,0,13,"Ethan Baiotto","sa3073677",
"Brady Richardson","TROY",19,0,0,8.30769200296798,16,1,0,0,0,17.1,84,25,19,16,2,8,1,3,0,13,"Brady Richardson","sa3073788",
"Terry Hayes Jr.","MISS",21,0,0,10.216216479539007,10,2,0,0,0,12.1,63,19,16,14,1,5,2,2,0,13,"Terry Hayes Jr.","sa3073958",
"Parker Rhodes","MSST",19,1,0,3.176470677332897,10,0,0,0,0,11.1,48,8,4,4,1,6,2,3,0,13,"Parker Rhodes","sa3073981",
"Gino Rossi","SF",21,0,1,5.142857142857143,12,0,0,0,0,14,73,17,8,8,1,9,4,2,0,13,"Gino Rossi","sa3073986",
"Kelvin Battles","PV",21,0,3,21.441177071997057,11,2,0,0,0,11.1,77,10,30,27,1,30,8,5,0,13,"Kelvin Battles","sa3074204",
"Chris Kiesiner","MRMK",,0,0,9.45,14,5,0,0,0,20,101,19,22,21,3,24,5,3,0,13,"Chris Kiesiner","sa3074327",
"Logan Eisenbarth","FGCU",21,1,0,6.872727034387518,12,1,0,0,0,18.1,86,20,17,14,2,8,2,2,0,13,"Logan Eisenbarth","sa3074738",
"Arnold Wu","PEPP",19,0,0,9.295081676574405,18,1,0,0,0,20.1,98,27,22,21,5,9,3,4,0,13,"Arnold Wu","sa3074844",
"Jackson Natanek","ILST",,2,0,7.977272554370001,15,0,0,0,0,14.2,81,26,14,13,0,11,0,2,0,13,"Jackson Natanek","sa3075143",
"Noah OFarrell","SFA",,1,2,7.767123084731348,11,4,0,0,0,24.1,120,37,21,21,3,9,3,4,0,13,"Noah OFarrell","sa3075148",
"Grant Keffaber","KENT",19,1,0,3.552631489788068,11,0,0,0,0,12.2,57,5,7,5,1,13,0,4,0,13,"Grant Keffaber","sa3075429",
"Liam Foley","CIT",21,0,1,4.868852306777069,16,0,0,0,0,20.1,96,26,15,11,2,7,5,2,0,13,"Liam Foley","sa3075531",
"Kayden Althoff","CHSO",,0,2,12.342856806540984,10,0,0,0,0,11.2,73,25,20,16,2,10,4,2,0,13,"Kayden Althoff","sa3075564",
"Caden Shanks","LIP",,2,1,6.230769002225986,9,4,0,0,0,17.1,76,16,12,12,4,7,3,0,0,13,"Caden Shanks","sa3075841",
"Caden Chavez","FOR",,0,0,9.204545255042309,6,5,0,0,0,14.2,71,16,15,15,5,12,0,1,0,13,"Caden Chavez","sa3075980",
"Ckyler Tengler","ARST",22,2,0,1.2857142857142858,6,2,1,1,0,14,53,7,2,2,0,2,2,0,0,13,"Ckyler Tengler","sa3075995",
"Joe Allen","CLEM",22,3,0,8.526315575491363,15,0,0,0,1,12.2,61,12,12,12,2,6,6,0,0,12,"Joe Allen","sa3025919",
"Jake Beaty","APP",22,1,0,4.9090908026892315,16,2,0,0,1,14.2,77,17,14,8,3,7,6,3,0,12,"Jake Beaty","sa3026811",
"Nick Boyle","XAV",23,0,1,9.818181818181818,7,5,0,0,0,11,55,10,15,12,3,12,1,1,0,12,"Nick Boyle","sa3027524",
"Chris Byhre","SF",24,1,0,10.2,12,1,0,0,0,15,82,27,18,17,0,5,5,1,2,12,"Chris Byhre","sa3028193",
"Kayden Campbell","GT",22,1,1,6.74999979883433,15,0,0,0,0,10.2,49,12,8,8,1,7,1,0,1,12,"Kayden Campbell","sa3028335",
"Max Danaher","LEM",,1,1,8.231707125600789,11,1,0,0,1,27.1,145,36,27,25,3,20,8,3,0,12,"Max Danaher","sa3029810",
"Jorge DeCardenas","USF",23,2,0,4.438356048417913,12,0,0,0,0,24.1,112,23,17,12,2,14,2,3,0,12,"Jorge DeCardenas","sa3029992",
"Cade Dressler","VCU",24,0,0,5.785714482774546,14,0,0,0,1,18.2,86,16,13,12,4,13,4,2,0,12,"Cade Dressler","sa3030563",
"Elijah Foster","SC",20,1,0,2,10,0,0,0,0,9,39,5,2,2,1,8,1,0,0,12,"Elijah Foster","sa3031575",
"Dylan Goff","CSUF",,1,0,2.934782669539714,15,0,0,0,0,15.1,69,17,6,5,2,4,2,1,0,12,"Dylan Goff","sa3032343",
"Anthony Gubitosi","IU",21,2,1,4.263157787745682,10,0,0,0,0,12.2,59,11,6,6,3,8,4,1,0,12,"Anthony Gubitosi","sa3032816",
"Ryan Harrahill","NEB",21,1,0,1.6875,15,0,0,0,0,16,71,13,3,3,1,8,3,1,0,12,"Ryan Harrahill","sa3033253",
"Warren Hartzell","WRST",22,0,1,4.909090909090909,3,3,0,0,0,11,50,13,6,6,2,5,1,1,0,12,"Warren Hartzell","sa3033359",
"Danny Heintz","NCSU",24,0,1,7.714285977032729,10,0,0,0,0,9.1,50,9,8,8,1,8,5,1,0,12,"Danny Heintz","sa3033542",
"Nolan Johnson","TCU",23,0,2,7.714285414003434,10,4,0,0,0,16.1,90,25,22,14,1,11,2,2,0,12,"Nolan Johnson","sa3034795",
"Noah Kendrick","SHSU",,1,2,12.176470588235293,12,1,0,0,0,17,90,31,25,23,8,5,3,3,1,12,"Noah Kendrick","sa3035254",
"Luke Leverton","BRAD",23,0,2,13.885713907358609,10,0,0,0,0,11.2,62,14,18,18,1,8,6,3,0,12,"Luke Leverton","sa3036273",
"Brendan Lysik","GWEB",23,0,0,8.735294362665467,15,0,0,0,0,11.1,61,10,11,11,0,13,3,2,0,12,"Brendan Lysik","sa3036760",
"Parker MacCauley","EVAN",23,0,1,4.2,12,0,0,0,0,15,66,12,9,7,2,7,4,3,0,12,"Parker MacCauley","sa3036775",
"Josh McCusker","LIB",,0,0,13.49999950482297,10,0,0,0,0,8.2,53,16,13,13,1,4,4,1,0,12,"Josh McCusker","sa3037529",
"Mason McDaniel","PRES",22,0,1,9.569620022118967,22,0,0,0,0,26.1,129,30,31,28,2,19,2,2,0,12,"Mason McDaniel","sa3037537",
"Talon Mihalinac","NJIT",22,0,0,11.152174144250914,11,1,0,0,0,15.1,88,21,23,19,2,20,2,2,0,12,"Talon Mihalinac","sa3037995",
"Karter Muck","XAV",22,1,1,9.52941203199869,10,0,0,0,3,11.1,62,13,13,12,3,10,6,4,0,12,"Karter Muck","sa3038510",
"Will Newell","GTWN",23,0,0,7.363636363636363,14,0,0,0,0,11,54,14,9,9,2,6,2,5,0,12,"Will Newell","sa3038806",
"Jackson Pace","PEPP",22,0,1,6.352941176470588,16,1,0,0,0,17,80,17,12,12,1,8,8,2,0,12,"Jackson Pace","sa3039317",
"Laif Palmer","CP",21,1,2,7.8,4,4,0,0,0,15,71,19,13,13,2,8,1,0,1,12,"Laif Palmer","sa3039384",
"Will Palmer","RAD",21,1,0,5.869565339079428,12,0,0,0,0,7.2,37,10,5,5,2,6,0,1,0,12,"Will Palmer","sa3039389",
"Brad Pruett","UGA",22,0,1,8.2173914747112,8,0,0,0,0,7.2,42,9,9,7,2,8,1,1,0,12,"Brad Pruett","sa3040253",
"Dylan Siesky","RICH",,3,0,8.042553028298377,12,0,0,0,2,15.2,74,15,14,14,0,10,6,2,0,12,"Dylan Siesky","sa3042267",
"Carter Speights","UCD",,2,3,6.75,16,2,0,0,0,20,95,25,17,15,5,9,3,2,0,12,"Carter Speights","sa3042817",
"Addison Stockham","EKU",21,0,4,17.70491747918934,19,5,0,0,0,20.1,130,38,41,40,6,22,12,5,0,12,"Addison Stockham","sa3043142",
"Tyler Stott","ODU",22,2,1,4.090909090909091,11,0,0,0,0,11,46,9,6,5,3,4,1,1,0,12,"Tyler Stott","sa3043189",
"Caden Tarango","TULN",22,0,0,7.941176693332243,11,0,0,0,0,11.1,61,14,11,10,1,8,4,2,0,12,"Caden Tarango","sa3043509",
"Jared Teke","NKU",22,4,1,6,23,0,0,0,4,18,91,17,13,12,4,16,5,3,0,12,"Jared Teke","sa3043612",
"Jakob Vanderhave","ARMY",,0,2,6.456521872987372,13,1,0,0,1,15.1,76,17,14,11,2,11,3,2,0,12,"Jakob Vanderhave","sa3044337",
"Wyatt Wiatrek","RGV",,0,1,10.636363636363637,5,3,0,0,0,11,55,17,14,13,1,6,1,3,0,12,"Wyatt Wiatrek","sa3045162",
"Andrew Brown","MAN",21,0,0,4.95,11,1,0,0,0,20,97,26,14,11,2,11,3,0,0,12,"Andrew Brown","sa3058739",
"Brady Coon","SIUE",,0,0,9,7,5,0,0,0,14,70,10,14,14,2,16,5,0,0,12,"Brady Coon","sa3058922",
"Joshua Evans","GAST",20,1,2,10.6875,14,2,0,0,0,16,99,20,25,19,1,21,10,7,0,12,"Joshua Evans","sa3059153",
"Landyn Grant","TXSO",21,1,2,10.8,9,0,0,0,0,15,86,23,21,18,3,17,2,3,0,12,"Landyn Grant","sa3059336",
"Jackson Halverson","SAC",20,2,2,7.2,10,0,0,0,0,10,47,11,8,8,3,3,3,2,0,12,"Jackson Halverson","sa3059396",
"Daniel Lingle","W&M",22,0,1,5.522727153025385,18,0,0,0,1,14.2,75,17,12,9,2,14,0,4,0,12,"Daniel Lingle","sa3059819",
"Logan Miller","CSUN",,0,1,4.2631578947368425,26,0,0,0,0,19,80,21,9,9,2,3,2,0,0,12,"Logan Miller","sa3060043",
"TJ Schlageter","LOU",21,1,0,11.04545430605077,11,0,0,0,0,14.2,78,20,18,18,2,14,4,1,0,12,"TJ Schlageter","sa3060512",
"Braylen Timmins","TXST",22,0,1,11.812499647960077,9,0,0,0,0,5.1,35,5,7,7,3,12,3,1,0,12,"Braylen Timmins","sa3060757",
"Landon Zaborowski","UVU",,0,1,3.8571427520440578,3,3,0,0,0,11.2,48,11,5,5,0,3,1,3,0,12,"Landon Zaborowski","sa3060999",
"PJ Green","MIZ",,1,0,6.585365700480631,9,2,0,0,0,13.2,73,15,15,10,5,17,2,3,0,12,"PJ Green","sa3062933",
"Michael Vitellaro","UIC",,1,0,10.53658512076901,12,0,0,0,0,13.2,74,24,16,16,1,8,1,0,0,12,"Michael Vitellaro","sa3065158",
"Anthony Krause","MERC",,0,3,13.49999950482297,13,0,0,0,0,17.1,100,17,30,26,4,23,8,2,0,12,"Anthony Krause","sa3065342",
"Shuto Okumura","ILST",22,1,0,4.263157787745682,17,0,0,0,0,25.1,119,28,19,12,2,10,6,1,0,12,"Shuto Okumura","sa3065377",
"Danny Onorato","IONA",20,1,3,14.823529411764707,10,2,0,0,0,17,102,32,32,28,1,15,6,3,0,12,"Danny Onorato","sa3065584",
"Jack Ruditzky","RID",20,1,1,10.125000344855456,16,2,0,0,1,18.2,101,26,21,21,4,13,5,1,0,12,"Jack Ruditzky","sa3065603",
"Luke Wright","LIN",,0,2,4.05,16,0,0,0,1,20,96,23,10,9,1,5,12,3,0,12,"Luke Wright","sa3065765",
"Landon Martin","CSUF",,0,2,9.310344521412537,11,0,0,0,0,9.2,48,15,10,10,0,8,0,2,0,12,"Landon Martin","sa3065824",
"Jackson Thorne","SPU",,1,1,9,14,0,0,0,0,18,104,24,20,18,1,24,7,4,0,12,"Jackson Thorne","sa3065959",
"Evan Kay","STBK",20,1,2,8.162790878712652,10,1,0,0,0,14.1,76,27,13,13,1,7,0,0,0,12,"Evan Kay","sa3066069",
"Adam Horvath","JMU",20,2,1,8.526315789473685,19,3,0,0,0,19,92,26,18,18,1,12,2,5,1,12,"Adam Horvath","sa3066199",
"Rex Henderson","UNO",,2,0,3.7058823529411766,8,4,0,0,0,17,81,12,9,7,0,13,9,1,0,12,"Rex Henderson","sa3066385",
"Matt Cruz","RUTG",20,0,1,8.2173914747112,17,0,0,0,0,15.1,79,18,19,14,3,15,3,3,0,12,"Matt Cruz","sa3066702",
"Jacob Barrett","USI",,0,0,4.909090909090909,15,0,0,0,0,11,49,6,7,6,0,9,2,7,0,12,"Jacob Barrett","sa3069560",
"Noah Basgaard","STO",,3,0,7.020000267791758,16,0,0,0,2,16.2,92,18,18,13,0,9,9,3,0,12,"Noah Basgaard","sa3069571",
"Jack Bell","EKU",,0,1,5.9268291304325675,14,0,0,0,4,13.2,61,10,9,9,3,9,2,1,0,12,"Jack Bell","sa3069590",
"Colin Carney","APSU",22,1,1,6.260869565217392,13,1,0,0,0,23,110,31,20,16,5,7,3,3,0,12,"Colin Carney","sa3069748",
"Daniel Castillo","IONA",,0,1,6.6,15,0,0,0,1,15,79,7,13,11,0,21,4,4,0,12,"Daniel Castillo","sa3069764",
"Justin Dougan","UCR",,0,2,13.235294117647058,22,0,0,0,1,17,92,22,26,25,4,14,5,2,1,12,"Justin Dougan","sa3069972",
"Jim Douthat","VMI",20,0,0,2.793103356423761,7,0,0,0,0,9.2,47,9,4,3,0,4,4,1,0,12,"Jim Douthat","sa3069973",
"Eben Hansen","USI",21,2,2,8.100000193119053,20,3,0,0,0,26.2,127,32,25,24,4,14,1,2,0,12,"Eben Hansen","sa3070269",
"Trey Husar","SDST",,1,0,12.272727006723079,12,0,0,0,0,14.2,87,29,21,20,1,13,5,3,0,12,"Trey Husar","sa3070397",
"Christopher Klueber","UML",,0,2,10.421052631578947,11,3,0,0,0,19,100,25,25,22,4,13,3,1,0,12,"Christopher Klueber","sa3070520",
"Carlos Lugo","CAM",,0,1,3.4838710749186568,8,0,0,0,2,10.1,47,7,4,4,0,7,4,0,0,12,"Carlos Lugo","sa3070636",
"Mikelle Mason","TXSO",,1,1,18.29032314332295,12,0,0,0,0,10.1,64,19,22,21,3,16,2,7,0,12,"Mikelle Mason","sa3070698",
"David Morrissey","BCU",20,0,1,7.560000288391124,13,1,0,0,0,16.2,78,23,15,14,0,5,1,3,0,12,"David Morrissey","sa3070820",
"Alec Murray","FOR",,1,1,12.76363592100539,15,1,0,0,0,18.1,95,29,28,26,2,9,4,2,0,12,"Alec Murray","sa3070842",
"Luke Schimmels","LR",,3,0,8.027027233923505,12,0,0,1,0,12.1,65,12,13,11,1,13,3,1,1,12,"Luke Schimmels","sa3071229",
"Brodie Scott","JAX",,0,1,13.5,9,0,0,0,0,10,61,13,16,15,2,14,3,1,0,12,"Brodie Scott","sa3071245",
"Hogan Shelby","LBSU",23,1,1,6.585365700480631,11,0,0,0,0,13.2,72,12,12,10,2,16,5,2,0,12,"Hogan Shelby","sa3071277",
"Brayden Walls","LR",,1,0,4.569230903309482,16,2,0,0,0,21.2,105,24,15,11,3,13,4,0,0,12,"Brayden Walls","sa3071553",
"Jack Willhite","EVAN",,1,3,9.818182061385665,9,6,0,0,0,25.2,131,41,31,28,9,11,2,2,0,12,"Jack Willhite","sa3071609",
"Mac Zawistoski","EIU",21,2,1,9.268656452558817,14,3,0,0,0,22.1,117,44,23,23,2,7,1,3,0,12,"Mac Zawistoski","sa3071680",
"Jared Eisiminger","M-OH",,1,1,8.307692307692308,5,0,0,0,0,13,63,14,12,12,1,9,2,1,0,12,"Jared Eisiminger","sa3073551",
"Tristan Aasland","CONN",21,0,2,8.485714054496928,4,3,0,0,0,11.2,55,17,11,11,3,5,0,1,0,12,"Tristan Aasland","sa3073668",
"Gage Elliott","SFA",,1,1,10.124999698251495,11,1,0,0,0,10.2,54,13,12,12,2,9,1,2,0,12,"Gage Elliott","sa3073712",
"Eston Simpson","CLEM",19,4,1,6.0517239389181485,12,3,0,0,0,19.1,86,19,14,13,0,12,4,2,0,12,"Eston Simpson","sa3073804",
"Logan Trotter","NWST",,1,0,6.061224253859841,12,0,0,0,0,16.1,85,20,12,11,3,11,5,2,0,12,"Logan Trotter","sa3073824",
"Dawson Turner","BCU",23,0,0,10.02857115531455,11,3,0,0,0,11.2,71,19,16,13,1,10,5,1,0,12,"Dawson Turner","sa3073825",
"Brisen Tweedy","USF",19,0,0,5.282608805171486,11,1,0,0,0,15.1,70,17,10,9,0,7,3,2,0,12,"Brisen Tweedy","sa3073826",
"Aaron Van Tuyle","RICH",,0,0,7.2,15,0,0,0,0,15,74,15,12,12,2,9,5,3,0,12,"Aaron Van Tuyle","sa3073829",
"Noah Allen","MISS",20,1,0,2.892857241387273,8,0,0,0,0,9.1,37,7,3,3,1,2,0,0,0,12,"Noah Allen","sa3073923",
"Alexavier Lebron","SOU",19,1,3,8.735294362665467,8,2,0,0,0,11.1,58,13,12,11,3,13,1,4,0,12,"Alexavier Lebron","sa3074054",
"Louden Hilliard","MORE",,0,0,12.342856806540984,9,0,0,0,0,11.2,73,22,22,16,4,9,5,4,0,12,"Louden Hilliard","sa3074101",
"Aiden Steht","MEM",19,0,0,8.100000193119053,12,0,0,0,0,13.1,74,15,13,12,2,14,4,2,0,12,"Aiden Steht","sa3074148",
"Lucas Collins","DAY",,2,2,5.268292560384505,17,0,0,0,1,13.2,64,15,8,8,1,8,5,5,0,12,"Lucas Collins","sa3074238",
"Jesse Kostulious","UNH",19,0,1,25.57894672647409,13,4,0,0,0,12.2,93,14,37,36,1,27,12,13,0,12,"Jesse Kostulious","sa3074332",
"MeKenna Wakakuwa","COPP",,1,4,16.61538400593596,19,2,0,0,0,17.1,116,34,42,32,2,18,12,2,0,12,"MeKenna Wakakuwa","sa3074451",
"Josh Hyneman","SIU",22,0,1,10.6875,13,0,0,0,0,16,75,18,21,19,4,11,2,2,0,12,"Josh Hyneman","sa3074760",
"Maximus Mcclellan","CREI",20,2,1,10.799999705723362,8,4,0,0,0,11.2,64,7,14,14,1,15,6,1,0,12,"Maximus Mcclellan","sa3074783",
"Chris McKeon","SIE",,0,0,4.218749874271456,8,0,0,0,0,10.2,47,12,5,5,1,3,1,2,0,12,"Chris McKeon","sa3074785",
"Gunnar Plante","WES",,0,3,15.32432471930851,10,1,0,0,0,12.1,71,22,23,21,4,8,3,5,0,12,"Gunnar Plante","sa3074805",
"Connor Sims","BELL",21,0,4,19.702703210539514,10,6,0,0,0,12.1,76,19,27,27,7,15,6,5,0,12,"Connor Sims","sa3074822",
"Rohan Kasanagottu","USC",,0,0,0,9,0,0,0,0,8.1,33,3,0,0,0,4,1,1,0,12,"Rohan Kasanagottu","sa3074965",
"Tommy Kramkowski","MOST",19,0,0,6.3947366816185225,9,1,0,0,0,12.2,60,16,9,9,3,6,3,0,0,12,"Tommy Kramkowski","sa3074999",
"Jack Korthas","COLU",,1,3,8.836363329926808,12,3,0,0,0,18.1,88,18,19,18,3,16,2,2,1,12,"Jack Korthas","sa3075233",
"Chris Strout","FDU",,0,0,16.05405446784701,9,0,0,0,0,12.1,71,18,22,22,5,16,4,5,0,12,"Chris Strout","sa3075370",
"Justin Fallon","TNTC",,0,0,13.034482329977552,10,2,0,0,0,9.2,52,13,14,14,4,9,1,1,0,12,"Justin Fallon","sa3075501",
"JT Adams","CREI",21,2,1,5.625,14,0,0,0,0,16,84,17,12,10,0,9,11,0,0,12,"JT Adams","sa3075562",
"Thomas Egbert","PENN",20,1,0,2.7,8,1,0,0,0,10,46,5,3,3,1,8,5,1,0,12,"Thomas Egbert","sa3075569",
"Mitchell Tarnowski","CMU",,1,1,6.74999979883433,9,0,0,0,0,10.2,55,7,9,8,0,17,2,6,0,12,"Mitchell Tarnowski","sa3075595",
"Liam Thyen","GW",19,1,2,8.042553028298377,10,4,0,0,0,15.2,83,22,19,14,2,10,7,4,0,12,"Liam Thyen","sa3075651",
"Matt Ludeman","PAC",19,0,0,5.7272727272727275,10,0,0,0,0,11,57,8,9,7,1,12,2,1,0,12,"Matt Ludeman","sa3075712",
"Peyton Fowler","MSST",21,1,0,2.8421051918304547,7,0,0,0,0,6.1,30,2,2,2,0,6,2,0,0,12,"Peyton Fowler","sa3075982",
"Leo Odom","MISS",19,1,0,7.5,6,0,0,0,0,6,27,6,5,5,1,2,1,1,0,12,"Leo Odom","sa3075990",
"Eddie Albert","DART",22,0,2,3.7241378085650143,2,2,0,0,0,9.2,43,7,6,4,1,3,3,1,0,11,"Eddie Albert","sa3025843",
"Jeremiah Arnett","RICE",21,2,2,7.363636546039248,10,6,0,0,1,25.2,130,36,25,21,2,12,5,2,0,11,"Jeremiah Arnett","sa3026218",
"Tristan Arnold","MILW",20,1,3,11.5,14,3,0,0,1,18,105,31,26,23,2,15,6,8,0,11,"Tristan Arnold","sa3026229",
"Luke Barbier","SELA",,0,2,11.571428965549092,8,1,0,0,0,9.1,49,12,14,12,1,9,1,4,0,11,"Luke Barbier","sa3026541",
"Bauer Burkart","PRES",20,1,3,12.705882352941176,14,4,0,0,0,17,102,24,28,24,2,21,7,7,0,11,"Bauer Burkart","sa3028055",
"David Butler","UCI",22,1,0,6.906976897372243,12,0,0,0,0,14.1,65,15,11,11,0,7,3,3,0,11,"David Butler","sa3028159",
"Andrew Castelluccio","MAN",22,1,1,10.80000041198732,9,2,0,0,0,16.2,88,26,23,20,4,15,2,3,0,11,"Andrew Castelluccio","sa3028604",
"Preston Chaudoin","MUR",22,0,1,7.363636363636363,13,1,0,0,0,11,55,10,9,9,0,10,3,1,1,11,"Preston Chaudoin","sa3028793",
"Frank Ciccone","ECU",22,1,0,7.534883888042447,10,1,0,0,0,14.1,64,16,12,12,5,6,2,0,0,11,"Frank Ciccone","sa3028924",
"Antonio Correa","LAF",,0,0,11.25,13,1,0,0,1,12,76,20,16,15,4,10,0,1,0,11,"Antonio Correa","sa3029405",
"Brandon Coughlin","LEH",22,0,2,11.454545454545455,11,1,0,0,1,11,63,18,15,14,1,7,6,2,3,11,"Brandon Coughlin","sa3029461",
"Rob Dorn","LAF",22,0,0,2.8421051918304547,8,0,0,0,0,6.1,34,4,7,2,1,8,2,4,0,11,"Rob Dorn","sa3030485",
"John Downing","HALL",22,0,0,4.5,2,2,0,0,0,8,39,9,4,4,0,6,1,0,0,11,"John Downing","sa3030533",
"Grant Edwards","UGA",23,1,1,5.6511629160318355,19,1,0,0,0,14.1,61,12,9,9,2,6,5,0,0,11,"Grant Edwards","sa3030809",
"Jacob Fried","LMU",24,1,2,5.625,14,0,0,0,1,16,78,11,11,10,1,13,5,2,0,11,"Jacob Fried","sa3031724",
"JT Gibson","KENN",22,0,0,1.0384615003709976,10,0,0,0,0,8.2,38,8,2,1,0,6,0,3,0,11,"JT Gibson","sa3032189",
"Jared Glenn","GONZ",24,0,0,7.043478406895314,8,0,0,0,0,15.1,71,16,14,12,5,9,2,0,0,11,"Jared Glenn","sa3032308",
"Bryce Greene","JMU",,0,1,7.2972974853850054,16,0,0,0,0,12.1,69,22,15,10,0,8,2,2,1,11,"Bryce Greene","sa3032645",
"Reid Hensley","OU",23,1,0,5.1081082397695035,13,0,0,0,0,12.1,64,16,7,7,1,12,2,1,0,11,"Reid Hensley","sa3033644",
"Shane Huntsberger","WCU",,0,1,10.384615003709976,12,1,0,0,0,8.2,51,15,12,10,1,4,1,0,0,11,"Shane Huntsberger","sa3034334",
"Andrew Jergins","GTWN",22,0,0,6.567567736846505,18,0,0,0,0,12.1,70,15,13,9,0,13,7,1,0,11,"Andrew Jergins","sa3034669",
"Matthew Johnson","WRST",,2,0,3.634615251298492,16,0,0,0,0,17.1,79,11,9,7,0,16,4,5,0,11,"Matthew Johnson","sa3034787",
"Kenny Keller","CMU",24,1,2,8.4375,17,0,0,0,0,16,97,21,15,15,1,17,4,2,0,11,"Kenny Keller","sa3035186",
"Caleb Matthews","HCU",23,0,0,4.5,11,0,0,0,0,10,47,9,6,5,0,8,0,2,0,11,"Caleb Matthews","sa3037323",
"Quin McManmon","FIU",22,0,2,12.405405725154509,9,2,0,0,0,12.1,66,15,21,17,5,9,3,2,0,11,"Quin McManmon","sa3037705",
"Aaron Moss","INST",23,2,1,10.968749673105785,11,1,0,0,0,10.2,61,12,16,13,1,16,0,5,0,11,"Aaron Moss","sa3038463",
"Shawn Parnell","NKU",23,0,2,16.953488748095506,16,2,0,0,1,14.1,92,25,31,27,4,18,7,4,0,11,"Shawn Parnell","sa3039492",
"Ben Plumley","ILL",22,1,3,7.333333333333333,12,5,0,0,0,27,122,31,23,22,7,12,5,2,0,11,"Ben Plumley","sa3039999",
"Devin Pressley","GWEB",22,0,1,32.785715402389094,11,0,0,0,0,4.2,44,5,20,17,0,20,3,10,0,11,"Devin Pressley","sa3040188",
"Ben Reimers","STAN",21,0,0,7.788461252782482,16,1,0,0,0,17.1,91,21,15,15,4,12,8,3,0,11,"Ben Reimers","sa3040587",
"Aaron Sanchez","RGV",23,0,0,3.9512194202883784,7,0,0,0,0,13.2,59,16,7,6,0,6,0,1,0,11,"Aaron Sanchez","sa3041469",
"Zak Sigman","OSU",21,1,1,8.735294362665467,5,0,0,0,0,11.1,60,17,12,11,4,8,1,1,0,11,"Zak Sigman","sa3042275",
"Hayden Thomas","COFC",21,0,1,11.04545430605077,11,4,0,0,0,14.2,90,32,25,18,1,7,4,1,1,11,"Hayden Thomas","sa3043694",
"Caden Wade","ALCN",,0,1,9.310344521412537,15,1,0,0,0,19.1,98,24,24,20,2,17,2,1,0,11,"Caden Wade","sa3044603",
"Drew Whalen","AUB",21,1,0,2.4545454545454546,6,0,0,0,0,11,47,6,4,3,1,6,2,1,0,11,"Drew Whalen","sa3045068",838103
"Kaden Wickersham","WSU",23,1,0,7.875,19,0,0,0,0,16,91,25,17,14,1,13,4,7,0,11,"Kaden Wickersham","sa3045166",
"Frankie Bilecki","BUCK",,0,2,7.9411764705882355,7,5,0,0,0,17,85,20,16,15,2,14,6,0,0,11,"Frankie Bilecki","sa3058640",
"Brady Clark","SJU",21,0,0,3.4285714285714284,11,1,0,0,0,21,90,14,10,8,1,14,1,2,0,11,"Brady Clark","sa3058875",
"Riley Cruce","MER",,0,0,8.640000329589856,9,0,0,0,0,8.1,46,15,13,8,0,1,3,0,0,11,"Riley Cruce","sa3058957",
"Brice Deaton","UNO",,0,1,7.560000288391124,9,0,0,0,0,8.1,46,4,9,7,1,11,6,4,0,11,"Brice Deaton","sa3059017",
"Jayce Dobie","NEV",21,1,2,12.6,6,6,0,0,0,15,85,28,21,21,4,8,6,1,0,11,"Jayce Dobie","sa3059058",
"Levent Eldem","FGCU",,0,0,18,5,0,0,0,0,6,37,8,12,12,1,5,4,1,0,11,"Levent Eldem","sa3059123",
"Dillon Fine","UTAH",20,2,0,1.3846153846153846,7,0,0,0,0,13,51,7,2,2,0,3,2,0,0,11,"Dillon Fine","sa3059183",
"Kade Foulke","APSU",22,0,1,14.850000354051598,12,0,0,0,0,6.2,42,9,12,11,1,12,1,2,0,11,"Kade Foulke","sa3059218",
"Kaden Fuller","WCU",21,0,0,4.050000096559526,11,0,0,0,2,13.1,56,12,7,6,1,6,0,0,0,11,"Kaden Fuller","sa3059249",
"Will Grayson","WAG",20,1,0,5.890908886617873,14,0,0,0,0,18.1,84,20,12,12,1,14,1,3,0,11,"Will Grayson","sa3059343",
"Noah Gyauch-Quirk","LEH",,1,0,4,11,1,0,0,0,18,93,14,14,8,0,22,3,4,0,11,"Noah Gyauch-Quirk","sa3059382",
"Andrew Habermann","SCU",20,0,2,12.673468894434214,11,0,0,0,0,16.1,89,31,25,23,4,8,2,1,0,11,"Andrew Habermann","sa3059383",
"Logan Hartman","JAX",20,0,0,8.756756982462006,14,0,0,0,0,12.1,71,13,17,12,2,16,2,3,0,11,"Logan Hartman","sa3059426",
"Chris Hernandez","CSUF",,2,1,2.8125,18,0,0,0,0,16,76,19,6,5,1,4,4,2,0,11,"Chris Hernandez","sa3059475",
"Kellan Klosterman","ND",20,0,0,14.538461005193968,9,1,0,0,0,8.2,53,9,14,14,1,15,3,4,0,11,"Kellan Klosterman","sa3059701",
"Vincent Luther","BING",,2,1,6.230769002225986,15,1,0,0,1,17.1,74,17,12,12,1,9,3,1,0,11,"Vincent Luther","sa3059872",
"Logan Moller","TNTC",,0,1,5.1081082397695035,3,3,0,0,0,12.1,56,14,7,7,1,4,4,1,0,11,"Logan Moller","sa3060066",
"Trent Murphy","BALL",,0,0,10.80000041198732,11,0,0,0,0,8.1,49,11,10,10,2,11,3,0,0,11,"Trent Murphy","sa3060114",
"Daylinh Nguyen-Brown","UNCA",21,2,3,12.728571081745391,10,5,0,0,0,23.1,139,36,41,33,3,23,5,9,0,11,"Daylinh Nguyen-Brown","sa3060139",
"Cole OBrien","LIP",,0,0,2.4545454545454546,3,3,0,0,0,11,46,5,4,3,0,5,3,3,0,11,"Cole OBrien","sa3060168",
"Brendin Oliver","CIN",20,0,0,5.785714482774546,11,0,0,0,0,9.1,48,9,6,6,1,6,5,1,0,11,"Brendin Oliver","sa3060177",
"Cole Richardson","USM",20,0,0,6,9,1,0,0,0,9,45,11,7,6,1,5,2,1,0,11,"Cole Richardson","sa3060360",
"Vincent Salvo","TOW",20,3,1,3.8152174704016284,15,2,0,0,0,30.2,129,25,14,13,5,14,4,2,0,11,"Vincent Salvo","sa3060465",
"Anthony Steinhoff","WIU",22,0,1,9.450000225305562,14,2,0,0,0,13.1,71,15,14,14,2,13,4,2,0,11,"Anthony Steinhoff","sa3060662",
"Keith Wallace","COPP",,0,2,9.281249723397204,12,0,0,0,0,10.2,73,10,22,11,0,22,6,3,0,11,"Keith Wallace","sa3060859",
"Conner Barozzino","APP",21,0,4,9.367346574147026,9,6,0,0,0,16.1,78,24,18,17,3,5,1,3,0,11,"Conner Barozzino","sa3062557",
"Dylan Hansen","WIN",,1,0,1.5,10,0,0,0,0,12,57,9,3,2,1,8,4,1,0,11,"Dylan Hansen","sa3062609",
"Drake Bayles","UTM",,0,0,8.052631578947368,12,2,0,0,0,19,97,25,23,17,3,9,8,4,0,11,"Drake Bayles","sa3062809",
"Luca Staiano","SJSU",,2,1,12.558139813404079,10,1,0,0,0,14.1,79,25,20,20,2,11,1,2,0,11,"Luca Staiano","sa3062938",
"Tristan Bristow","VAN",20,1,0,3.240000123596196,10,0,0,0,1,8.1,43,8,4,3,2,9,2,5,0,11,"Tristan Bristow","sa3065006",
"Tyler Kneller","ALB",,1,1,8.015624761115767,15,0,0,0,0,21.1,110,28,24,19,2,13,5,5,1,11,"Tyler Kneller","sa3065071",
"Cade Schneider","EKU",22,1,3,7.9672128656352035,20,2,0,0,0,20.1,98,23,20,18,4,15,3,2,0,11,"Cade Schneider","sa3065128",
"Joshua Surigao","WVU",20,0,0,3.6,11,0,0,0,0,10,42,9,4,4,0,7,0,0,0,11,"Joshua Surigao","sa3065145",
"Brendon Carter","TAR",23,0,2,8.61702110174826,15,10,0,0,0,15.2,77,18,18,15,6,10,2,1,0,11,"Brendon Carter","sa3065512",
"Bryant Yoak","WVU",20,0,0,11.04545430605077,9,0,0,0,0,7.1,40,6,10,9,3,9,3,0,0,11,"Bryant Yoak","sa3065629",
"Ryan Brown","LAS",20,0,3,7.8,7,6,0,0,0,15,80,17,17,13,1,16,7,3,0,11,"Ryan Brown","sa3065908",
"Adam McKelvey","GT",20,2,0,7.875,10,0,0,0,0,8,39,7,7,7,2,7,1,0,0,11,"Adam McKelvey","sa3065941",
"Evimael Quiles","WES",,0,2,11.278480740354496,15,2,0,0,0,26.1,138,39,34,33,5,15,6,5,0,11,"Evimael Quiles","sa3065948",
"Seth Cooper","ULM",,2,0,3.374999899417165,12,0,0,0,0,21.1,90,21,8,8,2,5,3,0,0,11,"Seth Cooper","sa3066181",
"Jack Vest","ETSU",20,2,0,7.2972974853850054,8,5,0,0,0,12.1,73,22,16,10,2,11,3,0,0,11,"Jack Vest","sa3066248",
"Logan Brock","KENN",,0,2,9.41860486005306,8,3,0,0,0,14.1,81,25,19,15,5,10,3,1,0,11,"Logan Brock","sa3066369",
"Walker Calvo","ARMY",,0,0,4.655172260706268,10,2,0,0,1,19.1,85,24,10,10,1,5,0,2,0,11,"Walker Calvo","sa3066468",
"Logan Baisley","FGCU",20,0,2,6.74999979883433,10,1,0,0,0,10.2,57,12,10,8,0,10,3,4,0,11,"Logan Baisley","sa3066530",
"Nathan Hiscox","LEM",,0,0,12.886363357059233,11,0,0,0,0,14.2,83,21,21,21,3,13,6,6,0,11,"Nathan Hiscox","sa3066895",
"Noah Bagby","SOU",19,0,0,11.812499647960077,15,0,0,0,0,10.2,62,13,15,14,3,12,4,5,0,11,"Noah Bagby","sa3069534",
"Trent Barnes","HCU",,0,4,6.954545454545454,22,7,0,0,0,22,108,25,17,17,4,8,10,5,0,11,"Trent Barnes","sa3069558",
"Jack Barr","UTA",21,1,1,7.411764705882353,13,0,0,0,0,17,79,16,14,14,3,11,2,1,0,11,"Jack Barr","sa3069559",
"Lance Bryan","MEM",19,0,0,8.379310069271282,5,0,0,0,0,9.2,47,13,9,9,2,5,0,1,0,11,"Lance Bryan","sa3069691",
"Logan Campbell","SDST",19,1,1,13.245283495535347,21,0,0,0,0,17.2,103,25,27,26,2,15,16,3,0,11,"Logan Campbell","sa3069730",
"Matt Cuzco","MVSU",22,0,0,11.675675976616008,16,0,0,0,1,12.1,71,18,20,16,0,12,3,8,0,11,"Matt Cuzco","sa3069896",
"Carson Davis","TNTC",,0,1,8.836363329926808,14,3,0,0,0,18.1,93,29,22,18,6,11,1,1,1,11,"Carson Davis","sa3069908",
"Seth Edgerton","UNM",21,0,0,9.642857471290911,11,0,0,0,0,9.1,47,7,10,10,0,11,2,5,0,11,"Seth Edgerton","sa3070009",
"Camden Farmer","MVSU",,2,0,6.670588085610152,28,0,0,0,1,28.1,142,38,23,21,5,14,5,4,0,11,"Camden Farmer","sa3070060",
"Garrett Groce","AKR",,0,2,14.361701836247102,16,0,0,0,0,15.2,96,24,27,25,4,22,5,3,0,11,"Garrett Groce","sa3070227",
"Landon Gross","UNCA",,0,0,8.2173914747112,12,0,0,0,0,15.1,84,21,14,14,2,13,7,0,0,11,"Landon Gross","sa3070229",
"Austin Haley","KSU",21,2,0,3.7968748868443107,8,2,0,0,0,21.1,90,25,13,9,5,4,1,0,0,11,"Austin Haley","sa3070253",
"Mark Holm","SBU",,0,1,5.6037737865726465,16,0,0,0,0,17.2,82,21,16,11,4,10,2,1,0,11,"Mark Holm","sa3070350",
"Gavin Hudson","DSU",,0,1,13.064516530944964,5,1,0,0,0,10.1,57,13,17,15,2,9,3,6,0,11,"Gavin Hudson","sa3070383",
"Dylan Immel","VAL",23,0,2,8.345454256041986,11,1,0,0,0,18.1,88,20,19,17,3,12,2,1,0,11,"Dylan Immel","sa3070405",
"Jackson Kendall","HCU",22,0,2,12.512194830913199,14,0,0,0,0,13.2,76,24,19,19,3,9,7,2,0,11,"Jackson Kendall","sa3070496",
"Cole Kenyan","OMA",,0,0,7.615384615384615,18,0,0,0,0,13,72,19,15,11,0,11,3,11,0,11,"Cole Kenyan","sa3070502",
"Ben Kochany","MSU",20,2,0,2.204081546858124,12,0,0,0,0,16.1,74,16,5,4,2,7,1,1,0,11,"Ben Kochany","sa3070522",
"Colton Lafave","SDSU",22,0,0,5.40000020599366,8,0,0,0,0,8.1,43,9,6,5,2,7,2,2,0,11,"Colton Lafave","sa3070548",
"Kannon Nesslage","CARK",,0,1,10.067796935640656,13,0,0,0,0,19.2,104,28,29,22,3,8,9,3,0,11,"Kannon Nesslage","sa3070872",
"Tyler Oaks","WCU",,1,3,12.461538004451972,8,3,0,0,0,8.2,48,16,12,12,2,4,1,2,0,11,"Tyler Oaks","sa3070897",
"Cooper Pumphrey","EKU",,0,2,13.13513547369301,17,3,0,0,0,12.1,84,20,23,18,0,18,8,7,0,11,"Cooper Pumphrey","sa3071053",
"Easton Reimers","NDSU",19,0,2,14.37096818403946,11,1,0,0,0,20.2,112,33,33,33,6,10,7,1,2,11,"Easton Reimers","sa3071092",
"William Soignier","BRAD",22,0,1,11.423076504080974,3,3,0,0,0,8.2,44,9,11,11,0,9,2,2,0,11,"William Soignier","sa3071335",
"Zane Stahl","LOU",19,0,0,5.538461538461538,15,1,0,0,0,13,59,11,8,8,1,11,0,4,0,11,"Zane Stahl","sa3071357",
"Graham Willerer","SHU",,2,2,11.950819298452807,15,1,0,0,0,20.1,117,28,28,27,2,22,11,8,1,11,"Graham Willerer","sa3071608",
"Nolan Winfield","UNCG",,1,1,10.6875,8,0,0,0,0,16,83,26,21,19,3,7,0,2,0,11,"Nolan Winfield","sa3071641",
"Max McCraray","HOU",,1,0,2.793103356423761,19,0,0,0,0,9.2,38,7,3,3,1,4,0,0,0,11,"Max McCraray","sa3073578",
"Hiram Lewis","WOF",19,0,1,7.838709918566978,11,0,0,0,0,10.1,55,13,11,9,1,8,1,1,0,11,"Hiram Lewis","sa3073748",
"Scott Templeton","WCU",24,0,0,11.571428965549092,11,0,0,0,0,9.1,49,9,12,12,1,9,2,0,0,11,"Scott Templeton","sa3073816",
"Trevor Banning","SCU",19,1,0,0.5744680734498842,12,2,0,0,0,15.2,71,11,6,1,1,13,0,1,0,11,"Trevor Banning","sa3073925",
"Braden Wellen","SF",22,0,1,12.535714712678184,9,0,0,0,0,9.1,51,12,13,13,2,11,0,1,1,11,"Braden Wellen","sa3074002",
"Drew Ferguson","LT",,0,2,11.076923076923077,8,5,0,0,0,13,65,22,16,16,4,3,1,0,0,11,"Drew Ferguson","sa3074266",
"Jaiden Granda","UNCW",,0,0,7,11,0,0,0,0,9,48,9,7,7,1,10,1,1,0,11,"Jaiden Granda","sa3074290",
"Jameson Walsh","ALB",,0,0,9.138461806618963,11,2,0,0,2,21.2,113,27,22,22,4,23,5,6,0,11,"Jameson Walsh","sa3074455",
"Aiden Zerr","ND",19,1,0,5.85,13,4,0,0,0,20,96,26,15,13,3,9,1,2,0,11,"Aiden Zerr","sa3074465",
"Caleb Martinek","UNH",,1,0,25,13,0,0,0,0,9,76,15,26,25,2,19,12,5,0,11,"Caleb Martinek","sa3074780",
"Hunter Richardson","MRSH",19,0,0,9,9,1,0,0,0,14,70,21,15,14,4,9,1,0,0,11,"Hunter Richardson","sa3074812",
"Josiah Shipley","HAW",23,0,0,4.821428735645456,10,0,0,0,0,9.1,49,8,7,5,1,10,3,1,0,11,"Josiah Shipley","sa3074820",
"Derek Valdez","HAW",21,0,0,3.6486487426925027,9,1,0,0,0,12.1,56,16,5,5,1,2,1,0,0,11,"Derek Valdez","sa3074833",
"Cole Miller","ELON",20,0,3,4.939024275360473,14,6,0,0,0,27.1,123,28,18,15,1,11,6,0,0,11,"Cole Miller","sa3075007",
"Henry Knighton","GW",,0,2,10.928571428571429,12,3,0,0,0,14,76,19,17,17,5,16,2,0,0,11,"Henry Knighton","sa3075133",
"Maddox Moreno","PAC",19,0,3,9.818181605378463,9,2,0,0,0,14.2,75,19,17,16,3,10,4,3,0,11,"Maddox Moreno","sa3075141",
"Parker Codington","PRIN",19,1,0,9.16981165075524,12,0,0,0,0,17.2,83,14,20,18,2,15,5,5,0,11,"Parker Codington","sa3075212",
"George Creighton","FDU",,2,0,5.890908886617873,12,0,0,0,0,18.1,86,16,13,12,3,16,2,0,0,11,"George Creighton","sa3075214",
"Trey Graydon","GWEB",,0,0,10.02857115531455,6,1,0,0,0,11.2,59,20,13,13,2,5,1,2,0,11,"Trey Graydon","sa3075400",
"Andrew Everson","MSU",18,0,0,11.322580993485635,10,0,0,0,0,10.1,59,17,13,13,2,8,5,1,0,11,"Andrew Everson","sa3075425",
"Alex Angelidis","SPU",20,0,1,12.461538827207677,13,1,0,0,0,21.2,125,38,40,30,5,17,9,4,0,11,"Alex Angelidis","sa3075451",
"Aiden Jovia","IONA",,0,0,5.192307501854988,14,2,0,0,0,17.1,89,21,12,10,1,12,6,1,0,11,"Aiden Jovia","sa3075535",
"Mike Arndt","MSM",,0,0,5.6842103836609095,6,0,0,0,0,6.1,38,5,7,4,0,12,1,1,0,11,"Mike Arndt","sa3075565",
"Joseph Talarico","CONN",21,1,0,5.225806612377985,8,1,0,0,0,10.1,53,13,10,6,1,7,2,0,0,11,"Joseph Talarico","sa3075594",
"Collin Adams","ACU",21,2,5,6.74999979883433,10,4,0,0,0,21.1,114,28,17,16,4,20,1,1,0,11,"Collin Adams","sa3075827",
"Alex Gonzalez","CIN",19,2,0,7,10,0,0,0,0,9,40,10,7,7,1,4,1,4,0,11,"Alex Gonzalez","sa3076014",
"Simon Aluko","FGCU",24,0,0,12.375,10,0,0,0,1,8,52,8,12,11,0,14,7,1,0,10,"Simon Aluko","sa3025971",
"Jacob Beltran","UVU",,1,1,9.679245631352753,19,0,0,0,1,17.2,98,34,19,19,5,12,0,1,0,10,"Jacob Beltran","sa3026935",
"Nick Bruno","UNCA",22,2,0,12.326087212066799,12,0,0,0,0,15.1,84,22,23,21,2,16,3,4,0,10,"Nick Bruno","sa3027908",
"Jake Burt","MRST",,0,0,7.6415097089627,16,1,0,0,0,17.2,92,23,18,15,3,9,8,0,0,10,"Jake Burt","sa3028114",
"Mason Buss","UIC",22,0,4,13.787233762797218,7,6,0,0,0,15.2,87,26,25,24,5,11,3,0,0,10,"Mason Buss","sa3028143",
"Caden Carlin","MONM",,2,0,8.4375,12,0,0,0,0,16,81,20,19,15,1,10,1,5,0,10,"Caden Carlin","sa3028438",
"Kyle Chase","SJU",,0,0,7.8,10,0,0,0,0,15,77,14,14,13,1,15,2,0,0,10,"Kyle Chase","sa3028779",
"Noah Czajkowski","PITT",22,0,0,9.391304542527086,9,0,0,0,0,7.2,39,4,9,8,0,11,1,0,0,10,"Noah Czajkowski","sa3029755",
"Bryce DiPiero","CCSU",,2,0,4.56338040428109,13,1,0,0,0,23.2,96,20,13,12,3,7,4,0,0,10,"Bryce DiPiero","sa3030364",
"Nathaniel Dudeck","CCSU",22,0,0,7.788461252782482,11,0,0,0,0,17.1,93,19,19,15,1,17,3,3,0,10,"Nathaniel Dudeck","sa3030603",
"Nathan Dvorsky","CLEM",22,0,0,4.354838843648321,13,0,0,0,0,10.1,46,6,7,5,2,6,1,2,0,10,"Nathan Dvorsky","sa3030711",
"Larson Fabre","SELA",22,0,0,6,15,0,0,0,0,15,68,14,10,10,0,10,2,1,0,10,"Larson Fabre","sa3031110",
"Ryan Free","TTU",24,3,1,6.74999979883433,6,0,0,0,0,10.2,48,8,8,8,2,8,1,2,0,10,"Ryan Free","sa3031679",
"Caden Greanead","ACU",23,1,1,9.9,14,0,0,0,0,10,59,14,12,11,1,13,2,2,0,10,"Caden Greanead","sa3032624",
"Griffin Guinther","WCU",21,0,0,2.511627962680816,14,0,0,0,0,14.1,66,12,7,4,1,7,5,1,0,10,"Griffin Guinther","sa3032844",
"Jake Hooker","XAV",21,0,1,11.788732711059483,20,0,0,0,0,23.2,133,40,33,31,6,17,6,2,2,10,"Jake Hooker","sa3034059",
"Andrew Houghton","COR",,0,0,13.764705882352942,12,1,0,0,0,17,100,24,27,26,2,17,8,5,0,10,"Andrew Houghton","sa3034137",
"Ben Keefe","RAD",22,0,0,12.375,8,2,0,0,0,8,47,10,12,11,0,8,2,2,0,10,"Ben Keefe","sa3035145",
"Jace Kirby","SIU",21,0,0,7.043478406895314,9,0,0,0,0,7.2,40,6,7,6,0,10,3,7,0,10,"Jace Kirby","sa3035434",
"Maddex Labuda","QUIN",,1,0,7.071428571428571,8,0,0,0,0,14,69,18,12,11,1,12,0,1,0,10,"Maddex Labuda","sa3035823",
"Jack Lazark","SCU",20,1,1,6.749999853697693,11,0,0,0,0,14.2,64,15,11,11,4,6,0,0,0,10,"Jack Lazark","sa3036089",
"Hudson Lee","SC",22,0,0,3.7241378085650143,15,0,0,0,0,9.2,39,3,4,4,1,8,0,2,0,10,"Hudson Lee","sa3036155",
"Bradley Lewis","BRY",23,2,0,5.25,12,0,0,0,0,12,58,9,7,7,1,10,6,0,0,10,"Bradley Lewis","sa3036291",
"Adyn Lucero","NAVY",,0,0,7.5937497736886215,9,0,0,0,0,10.2,55,14,9,9,3,6,3,2,0,10,"Adyn Lucero","sa3036643",
"Logan Moser","UNCO",,0,2,20.250000689710912,10,1,0,0,0,9.1,64,20,23,21,4,14,2,11,0,10,"Logan Moser","sa3038455",
"Drew Oppenheim","GW",21,0,0,8.526315575491363,16,0,0,0,0,12.2,72,24,14,12,2,7,5,1,0,10,"Drew Oppenheim","sa3039173",
"Kade Parker","LT",,1,1,8.526315575491363,9,1,0,0,0,12.2,68,22,12,12,0,7,5,1,0,10,"Kade Parker","sa3039463",
"Owen Pierce","W&M",22,0,0,4.909090909090909,6,5,0,0,0,11,47,10,6,6,1,1,2,1,0,10,"Owen Pierce","sa3039904",
"Griffin Polley","JMU",,0,2,9,13,2,0,0,0,14,79,18,15,14,3,15,5,0,1,10,"Griffin Polley","sa3040054",
"Bradley Poynter","MORE",21,0,0,8.181818181818182,9,0,0,0,1,11,52,13,10,10,5,5,4,0,0,10,"Bradley Poynter","sa3040164",
"Matthew Rheaume","HCU",,1,0,9.642857471290911,9,0,0,0,0,9.1,51,11,12,10,1,12,0,2,0,10,"Matthew Rheaume","sa3040665",
"Jonah Sarabia","USF",,1,0,3.085714201635246,8,0,0,0,0,11.2,48,8,5,4,1,2,4,1,0,10,"Jonah Sarabia","sa3041564",
"Sam Schmidt","JVST",,0,0,5.4,6,0,0,0,0,5,24,5,4,3,0,3,0,1,0,10,"Sam Schmidt","sa3041735",
"Sebastian Schreiber","SCU",23,1,1,5.586206712847522,12,0,0,0,0,9.2,46,9,6,6,0,6,2,1,0,10,"Sebastian Schreiber","sa3041778",
"Josh Stewart","TA&M",23,1,0,1.4210525959152274,5,0,0,0,1,6.1,23,5,1,1,0,1,0,1,0,10,"Josh Stewart","sa3043107",
"Brady Trombello","TTU",21,0,0,10.24137897355379,8,0,0,0,0,9.2,50,15,11,11,3,4,2,1,0,10,"Brady Trombello","sa3044074",
"Casey Vaughn","SIE",,0,0,3.9705883466661214,7,1,0,0,0,11.1,52,2,6,5,1,14,4,2,0,10,"Casey Vaughn","sa3044393",
"Timmy Virtudes","NAVY",21,0,1,4.609755990336442,10,0,0,0,0,13.2,61,13,7,7,1,5,2,1,0,10,"Timmy Virtudes","sa3044528",
"Zach Wieder","UAPB",21,0,1,7.5937497736886215,9,0,0,0,0,10.2,51,12,13,9,1,7,3,4,0,10,"Zach Wieder","sa3045174",
"Joey Wittig","LT",,0,0,5.170212661048957,12,1,0,0,0,15.2,68,16,9,9,1,4,5,1,0,10,"Joey Wittig","sa3045491",
"Jarek Woodward","FIU",24,0,1,10,9,4,0,0,0,18,85,23,20,20,2,10,1,3,0,10,"Jarek Woodward","sa3045566",
"Conor Burns","SJU",22,0,1,16.5,10,0,0,0,1,12,69,20,23,22,3,13,1,0,0,10,"Conor Burns","sa3058777",
"Marco Citro","HC",20,2,1,5.6037737865726465,15,0,0,0,1,17.2,90,20,14,11,4,13,4,0,0,10,"Marco Citro","sa3058870",
"Michael Fernandez","MIA",20,0,0,10.8,6,0,0,0,0,5,27,7,6,6,2,6,0,0,0,10,"Michael Fernandez","sa3059177",
"Jack Giordano","ORST",20,1,0,10.800000257492071,9,0,0,0,0,6.2,39,4,8,8,1,12,3,3,0,10,"Jack Giordano","sa3059303",
"Nick Gisclair","SELA",,2,1,7.363636363636363,13,0,0,0,1,11,50,11,10,9,2,10,0,3,0,10,"Nick Gisclair","sa3059306",
"Brent Godina","UCR",20,0,0,19.28571376022029,15,0,0,0,0,11.2,79,20,27,25,0,18,6,4,0,10,"Brent Godina","sa3059309",
"Hunter Howard","RAD",20,0,1,4.695652271263543,9,0,0,0,1,7.2,34,4,4,4,0,7,2,0,0,10,"Hunter Howard","sa3059536",
"Peyton Jackson","MRSH",21,0,2,13.170731400961262,15,1,0,0,1,13.2,79,23,22,20,3,9,5,4,0,10,"Peyton Jackson","sa3059577",
"Ryan Kucy","SBU",,1,1,9.529411764705882,15,0,0,0,0,17,99,35,24,18,2,7,5,5,0,10,"Ryan Kucy","sa3059729",
"Gavin Mask","WES",,0,1,16.05405446784701,11,1,0,0,0,12.1,75,20,25,22,7,15,5,2,0,10,"Gavin Mask","sa3059943",
"Seve Medrano","TXSO",25,2,0,8.27419380293181,17,0,0,0,1,20.2,109,28,19,19,2,17,8,4,0,10,"Seve Medrano","sa3060006",
"Gavin Micklinghoff","NIU",,1,3,18.75,12,0,0,0,1,12,80,27,29,25,2,10,5,2,0,10,"Gavin Micklinghoff","sa3060032",
"Nicholas Nolan","RGV",,0,0,6.456521872987372,19,0,0,0,0,15.1,70,21,11,11,2,7,1,2,0,10,"Nicholas Nolan","sa3060150",
"Henry Prindl","CREI",20,0,1,10.800000257492071,10,0,0,0,0,6.2,42,14,10,8,3,5,2,3,0,10,"Henry Prindl","sa3060309",
"Luke Proehl","MRSH",21,0,1,13.50000032186509,8,0,0,0,0,6.2,42,14,10,10,2,4,5,1,0,10,"Luke Proehl","sa3060310",
"Ryan Seo","CSUF",23,0,1,8.100000193119053,9,0,0,0,0,6.2,32,8,6,6,1,4,2,0,0,10,"Ryan Seo","sa3060545",
"Mac Stiffler","WVU",20,0,0,7.941176693332243,7,0,0,0,0,5.2,35,8,7,5,1,6,3,3,0,10,"Mac Stiffler","sa3060675",
"Caden Wanless","RGV",,0,0,7.448275617130029,12,0,0,0,1,9.2,48,12,9,8,0,5,3,0,0,10,"Caden Wanless","sa3060868",
"Gavan Wernsing","SIU",22,2,1,6.6,9,2,0,0,0,15,67,18,13,11,4,4,1,0,0,10,"Gavan Wernsing","sa3060905",
"Joey Wizceb","WMU",,1,4,12.046154199634088,14,4,0,0,1,21.2,117,38,31,29,9,17,0,0,0,10,"Joey Wizceb","sa3060952",
"Andrew Kribbs","CLT",23,0,2,9,9,3,0,0,0,8,49,5,14,8,1,18,2,4,0,10,"Andrew Kribbs","sa3062630",
"Presley Monteforte","BELL",21,0,1,7.714285977032729,16,1,0,0,1,18.2,97,26,22,16,3,10,6,2,0,10,"Presley Monteforte","sa3062656",
"Caiden Stewart","SOU",20,1,1,3.375,2,2,0,0,0,8,34,5,4,3,0,4,1,2,0,10,"Caiden Stewart","sa3062909",
"Carson French","NKU",21,0,1,7.902438840576757,13,0,0,0,0,13.2,81,17,17,12,1,20,5,4,0,10,"Carson French","sa3065303",
"Ray Huke","COLU",20,0,1,8.307692551471785,14,1,0,0,0,21.2,118,38,21,20,2,16,6,3,0,10,"Ray Huke","sa3065329",
"Dan Mills","COLU",20,0,1,10.02857115531455,8,0,0,0,0,11.2,66,18,13,13,2,11,4,0,1,10,"Dan Mills","sa3065368",
"Gavin Sansone","LIU",20,0,0,10.565217610342971,6,0,0,0,0,7.2,37,9,10,9,3,5,0,0,0,10,"Gavin Sansone","sa3065405",
"Frank Papeo","RID",20,0,0,7.977272554370001,19,0,0,0,0,14.2,69,14,14,13,2,8,4,1,0,10,"Frank Papeo","sa3065587",
"Ty Tomlinson","WMU",20,1,0,10.046511850723263,12,0,0,0,0,14.1,84,25,16,16,3,14,4,1,0,10,"Ty Tomlinson","sa3065616",
"Deuce Musial","HOF",21,0,0,6.923076923076923,13,0,0,0,1,13,70,20,10,10,2,11,2,2,0,10,"Deuce Musial","sa3066082",
"Chardy Tierney","EKU",,0,1,12.75,11,1,0,0,0,12,69,20,17,17,2,7,4,0,0,10,"Chardy Tierney","sa3066492",
"Tyler Kane","RUTG",,1,1,8.775000209212308,14,0,0,0,0,13.1,63,11,13,13,4,11,1,3,0,10,"Tyler Kane","sa3066685",
"Noah Galvan","ACU",24,0,0,6.352941354665794,13,0,0,0,0,11.1,56,12,9,8,0,11,3,4,0,10,"Noah Galvan","sa3066937",
"Teague Broadhead","USM",20,0,1,3.857142857142857,14,0,0,0,0,14,63,9,7,6,0,9,3,1,0,10,"Teague Broadhead","sa3067557",
"Nakni Anna","USF",21,0,1,3.374999899417165,8,1,0,0,0,10.2,48,5,4,4,1,13,0,0,0,10,"Nakni Anna","sa3069503",
"Ashton Arroyo","GTWN",,1,0,8.709677687296642,9,0,0,0,0,10.1,57,17,13,10,4,9,2,2,0,10,"Ashton Arroyo","sa3069513",
"Nate Bartlett","BALL",,0,1,7.363636204033847,12,1,0,0,0,14.2,80,13,13,12,2,12,2,4,0,10,"Nate Bartlett","sa3069569",
"Johnny Bingham","EKU",,0,0,15.827585686401312,12,2,0,0,0,9.2,60,14,18,17,3,15,3,1,0,10,"Johnny Bingham","sa3069616",
"Reilly Bridges","STBK",,1,0,9.9,9,0,0,0,0,10,55,15,16,11,1,13,2,2,0,10,"Reilly Bridges","sa3069667",
"Colton Cross","MCN",,0,0,3.176470677332897,2,0,0,0,0,5.2,26,4,3,2,0,4,1,1,0,10,"Colton Cross","sa3069879",
"Samuel Curtis","CARK",,0,0,10.24137897355379,10,1,0,0,0,9.2,59,18,12,11,3,8,2,0,0,10,"Samuel Curtis","sa3069893",
"Caleb Deer","KU",22,0,0,12.103447877836297,15,0,0,0,2,9.2,55,15,15,13,3,8,2,0,0,10,"Caleb Deer","sa3069926",
"Drew DeLucia","APSU",23,0,1,10.588235294117647,11,1,0,0,0,17,98,27,27,20,5,9,6,1,0,10,"Drew DeLucia","sa3069935",
"Caleb Dyess","NICH",,1,0,5.225806612377985,10,1,0,0,0,10.1,52,11,7,6,0,6,3,1,0,10,"Caleb Dyess","sa3069999",
"Mitchell Earle","LEM",,2,4,7.941176693332243,8,4,0,0,0,22.2,117,24,26,20,3,17,9,2,0,10,"Mitchell Earle","sa3070004",
"Noah Filer","PUR",19,0,0,9.204545255042309,11,1,0,0,1,14.2,70,19,17,15,4,4,3,0,2,10,"Noah Filer","sa3070080",
"Connor Frail","COFC",,1,3,9.692307692307692,10,7,0,0,0,26,131,48,30,28,3,7,1,2,0,10,"Connor Frail","sa3070108",
"Justin Fryer","NU",19,3,1,11.781817773235746,16,1,0,0,1,18.1,105,31,24,24,5,15,6,0,1,10,"Justin Fryer","sa3070127",
"Landon Fuller","UIW",,0,1,5.906249823980039,12,0,0,0,1,10.2,52,13,7,7,1,5,2,0,0,10,"Landon Fuller","sa3070132",
"Alex Gomez","SF",,0,0,10.945946228077508,11,0,0,0,0,12.1,66,14,17,15,4,13,2,3,0,10,"Alex Gomez","sa3070183",
"Owen Graf","OSU",19,0,1,6.74999979883433,4,0,0,0,0,5.1,28,5,4,4,2,8,0,1,0,10,"Owen Graf","sa3070201",
"Samuel Guadamuz","AKR",,0,1,13.5,4,3,0,0,0,10,55,19,18,15,2,5,2,1,0,10,"Samuel Guadamuz","sa3070230",
"Kayden Henson","UCSD",,0,0,9,10,0,0,0,3,10,50,15,10,10,3,6,0,1,0,10,"Kayden Henson","sa3070318",
"Pierson Howe","PEPP",19,0,1,9,15,4,0,0,0,16,87,23,16,16,2,18,0,6,0,10,"Pierson Howe","sa3070377",
"Carson Joyner","ULM",,0,0,12.789473363237045,8,0,0,0,0,6.1,40,6,10,9,0,14,1,4,0,10,"Carson Joyner","sa3070471",
"George Katsaros","SHU",,1,1,9.391304542527086,5,2,0,0,0,15.1,82,21,17,16,3,13,4,1,0,10,"George Katsaros","sa3070482",
"Simon Lemke","SDSU",20,1,2,5.023255925361632,14,0,0,0,0,14.1,65,11,9,8,1,6,5,1,0,10,"Simon Lemke","sa3070586",
"Parker Lind","KENT",,3,0,3.552631489788068,12,0,0,0,0,12.2,65,10,6,5,1,13,4,3,0,10,"Parker Lind","sa3070603",
"Josh Loren","NIU",,0,1,3.6818181020169236,15,0,0,0,0,14.2,61,10,6,6,4,5,3,2,0,10,"Josh Loren","sa3070628",
"Truitt Manuel","NCSU",21,1,0,9.818181605378463,9,0,0,0,0,7.1,36,6,8,8,2,8,0,1,0,10,"Truitt Manuel","sa3070671",
"Caden Meeler","CARK",,2,1,5.522727153025385,3,3,0,0,0,14.2,70,16,9,9,2,4,2,3,0,10,"Caden Meeler","sa3070764",
"Will Melby","UML",,3,1,9,13,0,0,0,0,11,59,16,14,11,4,9,1,3,0,10,"Will Melby","sa3070767",
"Blayne Newman","WOF",,1,0,0,3,0,0,0,0,6,24,4,2,0,0,1,1,1,0,10,"Blayne Newman","sa3070876",
"Jackson Peters","GMU",,0,1,11.172413425695044,7,0,0,0,0,9.2,55,11,15,12,1,12,5,4,0,10,"Jackson Peters","sa3070999",
"Cayden Ray","VAL",,0,0,16.200000386238106,7,0,0,0,0,6.2,39,11,13,12,1,7,3,2,0,10,"Cayden Ray","sa3071079",
"Erik Rodriguez","WSU",21,1,2,11.950819298452807,18,1,0,0,0,20.1,109,30,28,27,2,17,7,3,1,10,"Erik Rodriguez","sa3071143",
"Ryan Skwarek","USI",,1,3,6.74999979883433,10,1,0,0,0,10.2,55,10,12,8,0,10,3,2,0,10,"Ryan Skwarek","sa3071302",
"Brevin Smith","YSU",,0,1,9,6,2,0,0,1,11,54,16,11,11,2,5,2,0,0,10,"Brevin Smith","sa3071313",
"Ethan Swaby","NDSU",,0,1,9.310344521412537,9,0,0,0,0,9.2,58,20,14,10,1,5,4,0,0,10,"Ethan Swaby","sa3071408",
"Joe Tootle","CSUB",,0,1,11.571428965549092,13,0,0,0,0,9.1,53,19,13,12,2,5,3,2,0,10,"Joe Tootle","sa3071465",
"Parker Webb","CAM",22,0,1,9,12,1,0,0,0,11,56,10,12,11,2,11,2,2,0,10,"Parker Webb","sa3071573",
"Nate Wochner","BYU",19,1,1,12,11,0,0,0,0,9,56,15,12,12,2,13,4,4,0,10,"Nate Wochner","sa3071647",
"Eli Baker","RAD",,1,0,14.806452068404292,10,0,0,0,0,10.1,60,21,18,17,2,5,4,0,0,10,"Eli Baker","sa3073678",
"Christian Dray","RICH",19,0,0,10.24137897355379,9,0,0,0,0,9.2,52,8,13,11,1,9,5,4,0,10,"Christian Dray","sa3073708",
"Kade Durnin","TCU",20,0,0,5.785714285714286,11,0,0,0,1,14,79,22,14,9,2,16,1,3,0,10,"Kade Durnin","sa3073709",
"Jackson Lucas","TROY",19,0,0,11.368420767321819,9,0,0,0,0,6.1,36,11,9,8,3,3,3,0,0,10,"Jackson Lucas","sa3073750",
"Ethan Robinson","MTSU",,0,0,1.9285714942581822,3,2,0,0,0,4.2,28,5,5,1,0,8,0,1,0,10,"Ethan Robinson","sa3073791",
"Noah Thompson","SIUE",,0,1,13.090909090909092,7,5,0,0,0,11,64,12,16,16,1,14,6,0,0,10,"Noah Thompson","sa3073820",
"Connor Busson","GWEB",,0,1,10.323529701331916,8,1,0,0,1,11.1,58,13,13,13,1,7,6,1,0,10,"Connor Busson","sa3073932",
"Jake Echols","FSU",21,0,0,1.9285714942581822,9,0,0,0,0,9.1,42,7,2,2,0,3,4,2,0,10,"Jake Echols","sa3073946",
"Jack Jones","CSUN",,0,0,8.56097541062482,11,2,0,0,0,13.2,71,21,17,13,3,7,1,2,1,10,"Jack Jones","sa3073967",
"Karson Lindsey","FAMU",21,0,4,11.423076504080974,12,4,0,0,0,17.1,99,24,26,22,2,17,8,3,0,10,"Karson Lindsey","sa3073972",
"Evan Boeckmann","WRST",,1,0,6.74999979883433,12,0,0,0,0,10.2,55,8,8,8,0,13,4,1,1,10,"Evan Boeckmann","sa3074070",
"Jason Bassett","MRST",,0,0,4.5,14,2,0,0,0,24,117,28,16,12,3,15,6,4,0,10,"Jason Bassett","sa3074203",
"Warren Bowe","STMN",19,0,1,20.250000689710912,8,2,0,0,0,9.1,71,20,21,21,1,20,2,3,0,10,"Warren Bowe","sa3074212",
"Hunter Brooks","OHIO",,0,0,17.742856659402666,19,0,0,0,0,11.2,82,21,26,23,3,24,4,1,0,10,"Hunter Brooks","sa3074218",
"Luca Bruno","SPU",,0,3,22.5,11,3,0,0,0,12,92,24,38,30,2,31,3,6,0,10,"Luca Bruno","sa3074220",
"Will Coleman","UK",,0,0,3.7241378085650143,6,3,0,0,0,9.2,52,6,4,4,0,9,6,5,0,10,"Will Coleman","sa3074237",
"Jack Feehery","DUKE",20,0,0,4.395348934691428,11,0,0,0,0,14.1,77,16,12,7,2,14,2,1,0,10,"Jack Feehery","sa3074264",
"Jake Ferretti","YSU",22,0,0,17,11,0,0,0,0,9,60,13,17,17,1,12,7,5,0,10,"Jake Ferretti","sa3074267",
"Grady Keljo","PORT",18,0,1,5.785714482774546,11,0,0,0,0,9.1,39,8,6,6,2,6,0,1,0,10,"Grady Keljo","sa3074325",
"John Donahue","HALL",,0,1,8.4,12,3,0,0,0,15,73,16,16,14,2,10,2,3,0,10,"John Donahue","sa3074733",
"Nate Lee","UAPB",,1,1,7.163265027288903,10,1,0,0,0,16.1,76,23,14,13,3,3,1,0,0,10,"Nate Lee","sa3074772",
"Izzy Parsky","DART",,0,0,4.628571302452869,3,3,0,0,0,11.2,63,12,6,6,1,10,7,4,0,10,"Izzy Parsky","sa3074799",
"Sam Smith","MORE",,3,0,3.857142857142857,10,2,0,0,0,21,95,19,12,9,1,8,6,1,0,10,"Sam Smith","sa3074826",
"Michael DAmbrosio","HOF",,1,0,8.756756982462006,9,0,0,0,0,12.1,61,9,12,12,3,13,5,5,0,10,"Michael DAmbrosio","sa3075170",
"Nick Dolbin","COPP",,0,0,10.125,7,0,0,0,0,8,46,8,11,9,2,9,5,7,0,10,"Nick Dolbin","sa3075394",
"Neylin Navarro","FDU",,1,2,5.4,6,4,0,0,0,15,76,16,9,9,1,16,2,0,0,10,"Neylin Navarro","sa3075436",
"Finn Haines","RUTG",,0,0,5.7272727272727275,14,0,0,0,0,11,50,10,7,7,1,10,0,2,0,10,"Finn Haines","sa3075504",
"Soren Gregor","BING",,1,0,1.5,9,0,0,0,0,12,50,6,2,2,1,10,2,0,0,10,"Soren Gregor","sa3075571",
"Tristan Stephenson","CHSO",,0,1,8.100000193119053,10,0,0,0,0,13.1,72,22,17,12,4,11,1,2,0,10,"Tristan Stephenson","sa3075593",
"Lucas Shannon","USD",,0,1,14.040000535583516,10,0,0,0,0,8.1,51,14,13,13,2,10,4,0,0,10,"Lucas Shannon","sa3075685",
"Sam Rufenacht","TOL",19,1,0,4.821428735645456,8,0,0,0,1,9.1,38,6,5,5,1,5,0,2,0,10,"Sam Rufenacht","sa3075876",
"Zeke Adderley","UMES",19,0,2,12.857142857142858,6,0,0,0,0,7,44,10,11,10,0,8,3,4,0,10,"Zeke Adderley","sa3076175",
"Jonah Barkoff","ORE",20,0,0,4.5,6,0,0,0,0,6,33,7,5,3,0,6,1,1,1,10,"Jonah Barkoff","sa3076258",
"Alex Alberico","KENT",22,1,0,5.1081082397695035,9,0,0,0,0,12.1,58,15,7,7,2,5,4,0,0,9,"Alex Alberico","sa3025841",
"Dalton Alford","TXSO",23,0,0,4.846153846153846,9,0,0,0,0,13,64,13,7,7,2,6,8,1,0,9,"Dalton Alford","sa3025892",
"Jake Andrews","MSM",23,0,0,11.04545430605077,9,0,0,0,0,7.1,44,11,9,9,2,11,2,1,0,9,"Jake Andrews","sa3026084",
"Matt Augustin","UVA",21,2,0,2.5714285714285716,7,1,0,0,0,7,31,3,5,2,1,7,0,1,0,9,"Matt Augustin","sa3026301",
"Jackson Baker","HOU",21,2,1,13.5,9,0,0,0,0,10,54,19,16,15,4,8,1,3,0,9,"Jackson Baker","sa3026439",
"Jackson Bergman","IU",22,1,1,4.5,3,3,0,0,0,14,70,18,8,7,1,5,6,0,0,9,"Jackson Bergman","sa3027039",838115
"Rocco Bernadina","KENT",23,0,0,5.142857142857143,4,1,0,0,0,7,31,6,4,4,0,2,1,2,0,9,"Rocco Bernadina","sa3027058",
"Alex Bouche","ECU",22,0,0,9.9,9,0,0,0,1,10,49,14,11,11,3,6,0,2,0,9,"Alex Bouche","sa3027440",
"Josh Bowerman","UNA",,0,0,3.176470677332897,10,0,0,0,1,11.1,50,6,8,4,2,10,3,3,0,9,"Josh Bowerman","sa3027481",
"Ryan Butler","OSU",23,0,1,18,5,5,0,0,0,7,46,15,18,14,1,7,3,1,0,9,"Ryan Butler","sa3028174",
"Campbell Cassidy","MRMK",21,0,1,10.8,8,1,0,0,0,10,63,11,18,12,2,13,7,5,0,9,"Campbell Cassidy","sa3028597",
"Calvert Clark","APP",23,1,1,7.560000288391124,8,0,0,0,0,8.1,42,8,7,7,1,5,5,3,0,9,"Calvert Clark","sa3028972",
"Grant Cleavinger","NEB",22,0,1,10.124999698251495,12,0,0,0,0,5.1,29,2,6,6,0,5,7,1,0,9,"Grant Cleavinger","sa3029019",
"Christopher Collina","WAG",,2,1,5.0625,13,0,0,0,0,16,85,17,15,9,4,17,3,7,0,9,"Christopher Collina","sa3029177",
"Cade Cushing","SJSU",22,0,0,7.714285714285714,8,0,0,0,0,7,37,7,6,6,2,6,1,1,0,9,"Cade Cushing","sa3029734",
"Dax Dathe","LSU",25,0,0,8.526315575491363,12,0,0,0,0,6.1,38,6,6,6,0,7,5,0,0,9,"Dax Dathe","sa3029851",
"Jagger Edwards","USD",23,1,1,14.086956813790628,13,1,0,0,0,15.1,89,28,24,24,4,9,5,2,0,9,"Jagger Edwards","sa3030813",
"Brant Ertel","GMU",,1,1,5.400000158456661,12,0,0,0,1,21.2,94,17,13,13,2,9,6,2,0,9,"Brant Ertel","sa3030992",
"Brett Gastman","LR",,0,2,15.428571954065458,11,0,0,0,1,4.2,32,6,10,8,0,11,0,2,0,9,"Brett Gastman","sa3032039",
"Trevor Geddes","XAV",23,0,0,9.310344521412537,11,0,0,0,0,9.2,61,21,11,10,0,8,2,3,0,9,"Trevor Geddes","sa3032083",
"OJ Gonzalez","ACU",20,1,1,8.804348008619142,13,0,0,0,0,15.1,81,23,17,15,4,8,5,0,0,9,"OJ Gonzalez","sa3032437",
"Griffin Graves","AUB",21,2,1,7.243902270528694,6,4,0,0,0,13.2,61,14,11,11,1,7,1,1,0,9,"Griffin Graves","sa3032598",
"Chris Ho","HALL",,2,0,10,10,0,0,0,0,9,53,6,13,10,0,11,8,0,0,9,"Chris Ho","sa3033887",
"Brenden Kline","BRWN",,2,0,5.294117647058823,12,0,0,0,0,17,86,22,14,10,1,10,4,0,1,9,"Brenden Kline","sa3035505",
"Nick Kolze","PUR",22,0,0,8.307692307692308,14,1,0,0,0,13,74,19,12,12,0,14,5,4,0,9,"Nick Kolze","sa3035621",
"Christian Krause","CHSO",22,2,0,6.65753407262687,16,0,0,0,0,24.1,111,22,19,18,4,13,4,1,0,9,"Christian Krause","sa3035693",
"Aidan Lee","GCU",24,1,0,10.384615003709976,8,0,0,0,1,8.2,46,12,10,10,2,8,1,3,0,9,"Aidan Lee","sa3036146",
"Dan McAliney","BING",22,3,1,11.812499647960077,10,2,0,0,0,10.2,58,15,16,14,2,8,3,2,0,9,"Dan McAliney","sa3037411",
"Jack Meek","UCD",,0,0,4.8,21,0,0,0,0,15,68,16,9,8,2,9,1,1,0,9,"Jack Meek","sa3037785",
"Nic Melton","UNCA",23,0,2,16.5,12,1,0,0,0,12,82,20,27,22,5,17,7,2,0,9,"Nic Melton","sa3037834",
"Matthew Mueller","MILW",22,0,1,5.4,5,3,0,0,0,10,48,5,6,6,1,12,1,3,0,9,"Matthew Mueller","sa3038514",
"Jaden Noot","LSU",22,0,0,6.7500002299036375,10,2,0,0,1,9.1,44,11,7,7,2,7,0,0,0,9,"Jaden Noot","sa3038920",
"Wyatt Novara","MICH",21,1,0,6.75,10,0,0,0,0,8,38,10,6,6,1,3,2,2,0,9,"Wyatt Novara","sa3038946",
"Julien Peissel","NCSU",22,0,1,10.45161322475597,9,2,0,0,0,10.1,55,17,12,12,4,8,0,1,0,9,"Julien Peissel","sa3039641",
"Braeden Perry","URI",22,0,1,9,11,1,0,0,0,14,73,17,16,14,1,11,4,2,0,9,"Braeden Perry","sa3039746",
"Luke Reed","BALL",23,1,0,11.76923076923077,11,0,0,0,0,13,65,22,18,17,1,6,1,7,1,9,"Luke Reed","sa3040533",
"Tresdon Rybarczyk","ILST",23,0,0,12.193548762215299,8,3,0,0,0,10.1,61,22,18,14,0,6,4,2,0,9,"Tresdon Rybarczyk","sa3041379",
"Gavin Sitarz","MASS",22,1,1,13.965516782118804,10,0,0,0,0,9.2,58,13,17,15,0,10,4,1,0,9,"Gavin Sitarz","sa3042378",
"Stefan Swee","MONM",21,0,1,9.204545255042309,13,0,0,0,0,14.2,87,23,24,15,1,14,5,4,0,9,"Stefan Swee","sa3043390",
"Zacary Tenn","HAW",22,0,1,7.714285977032729,8,0,0,0,0,9.1,46,11,14,8,1,4,3,1,0,9,"Zacary Tenn","sa3043625",
"Sloan Ulrich","YSU",24,1,2,8.4375,12,0,0,0,1,16,87,25,16,15,3,16,4,2,0,9,"Sloan Ulrich","sa3044229",
"Dylan Waite","HAW",22,2,0,1.2857142857142858,7,0,0,0,0,7,27,5,1,1,0,1,2,0,0,9,"Dylan Waite","sa3044636",
"Tanner Warady","LMU",,0,0,10.323529701331916,11,0,0,0,0,11.1,62,19,13,13,3,8,3,3,0,9,"Tanner Warady","sa3044775",
"Joey Wilmoth","ILST",,0,0,5.023255925361632,11,1,0,0,0,14.1,66,16,8,8,1,6,3,1,0,9,"Joey Wilmoth","sa3045378",
"Cole Wisenbaker","KSU",22,0,1,15.6315785550675,14,0,0,0,0,6.1,41,14,11,11,1,6,2,6,0,9,"Cole Wisenbaker","sa3045480",
"Braydon Wooldridge","UCD",,2,1,4.354838709677419,10,6,0,0,0,31,139,41,16,15,2,8,1,0,0,9,"Braydon Wooldridge","sa3045573",
"Miller Alston","WOF",20,0,2,7.714285714285714,10,2,0,0,0,14,65,15,14,12,0,6,5,5,0,9,"Miller Alston","sa3058487",
"Jordan Bush","UIW",,0,0,16.61538400593596,9,0,0,0,1,8.2,50,15,18,16,1,4,5,1,0,9,"Jordan Bush","sa3058780",
"Cody Carson","CSUN",23,1,1,7.269230502596984,16,0,0,0,0,17.1,88,23,14,14,3,9,5,2,1,9,"Cody Carson","sa3058824",
"Wyatt Foley","WICH",22,0,0,5.586206712847522,11,0,0,0,0,9.2,51,18,12,6,1,3,1,1,0,9,"Wyatt Foley","sa3059204",
"Donte Lewis","KSU",20,0,0,8.100000193119053,2,2,0,0,0,6.2,35,8,6,6,0,7,0,1,1,9,"Donte Lewis","sa3059802",
"Remy Marsh","HCU",,0,0,8,9,1,0,0,0,9,44,11,8,8,3,6,1,0,0,9,"Remy Marsh","sa3059924",
"Nathen Nino","PAC",22,1,2,13.499999661194659,9,2,0,0,0,12.2,78,16,23,19,0,14,10,3,0,9,"Nathen Nino","sa3060145",
"Brian Panneton","TAR",22,1,0,5.062499849125747,3,3,0,0,0,10.2,48,13,7,6,1,1,3,1,0,9,"Brian Panneton","sa3060203",
"Micheal Quedens","MICH",21,3,1,5.823529411764706,12,2,0,0,0,17,78,15,13,11,2,8,4,0,2,9,"Micheal Quedens","sa3060321",
"Cade Shumard","NMSU",20,0,0,10.607143218420003,11,0,0,0,0,9.1,53,11,12,11,2,8,7,2,0,9,"Cade Shumard","sa3060574",
"Marko Sipila","MISS",22,0,0,4.5,4,1,0,0,0,6,26,5,3,3,1,2,1,0,0,9,"Marko Sipila","sa3060586",
"Carter Stanford","APP",22,0,0,15.6315785550675,7,0,0,0,0,6.1,37,6,11,11,1,8,5,0,0,9,"Carter Stanford","sa3060655",
"Colin Huspen","UIW",,1,0,14,8,0,0,0,0,9,51,15,14,14,1,7,3,0,0,9,"Colin Huspen","sa3062616",
"Khristopher Morris","RICH",,0,1,9.486486731000507,8,6,0,0,1,12.1,68,18,19,13,1,7,8,3,1,9,"Khristopher Morris","sa3062659",
"Kaden Pfeffer","M-OH",23,1,0,6.3,7,0,0,0,0,10,48,11,7,7,1,8,1,0,0,9,"Kaden Pfeffer","sa3062664",
"JP Nunn","UTM",,1,0,11.8125,15,1,0,0,0,16,86,27,22,21,5,8,5,1,0,9,"JP Nunn","sa3062881",
"Gabe Brabec","GONZ",21,1,1,10.5,4,4,0,0,0,12,65,18,14,14,1,10,1,2,0,9,"Gabe Brabec","sa3065004",
"Michael Devenney","TULN",,0,1,7.269230502596984,9,0,0,0,0,8.2,53,13,9,7,1,10,3,1,0,9,"Michael Devenney","sa3065028",
"Nathan Currah","AKR",,1,0,9.76595724864803,13,0,0,0,0,15.2,78,15,17,17,6,17,2,2,0,9,"Nathan Currah","sa3065281",
"Jake Pollaro","DEL",,0,0,14.625,9,0,0,0,0,8,53,13,13,13,0,16,2,6,0,9,"Jake Pollaro","sa3065390",
"Jaden Barfield","OU",20,0,0,9,14,1,0,0,0,9,49,11,9,9,3,7,4,1,0,9,"Jaden Barfield","sa3065500",
"Parker Jones","DAV",20,1,1,7.7142855040881155,17,0,0,0,0,23.1,117,20,22,20,2,15,13,4,0,9,"Parker Jones","sa3065934",
"Jack Cropper","NE",21,0,1,8.590908904706154,7,0,0,0,0,7.1,37,3,7,7,0,10,2,5,0,9,"Jack Cropper","sa3066305",
"Connor Lehman","ALA",20,1,1,8.735294362665467,10,0,0,0,0,11.1,55,11,11,11,1,10,2,4,0,9,"Connor Lehman","sa3066985",
"Cody Smith","MERC",,0,0,14.142857142857142,6,1,0,0,0,7,46,8,14,11,0,16,1,2,0,9,"Cody Smith","sa3066990",
"Jayden Avila","UCR",,0,2,12,10,4,0,0,0,18,99,23,25,24,1,18,8,7,0,9,"Jayden Avila","sa3069523",
"Derek Baker","W&M",19,0,0,19.730768507048953,9,1,0,0,0,8.2,61,17,19,19,1,15,3,3,0,9,"Derek Baker","sa3069542",
"Will Canalichio","TXST",21,0,1,11.571428256132174,9,2,0,0,0,11.2,57,10,16,15,1,13,2,2,0,9,"Will Canalichio","sa3069736",
"Ryan Conrad","VILL",19,0,0,9.642857471290911,12,0,0,0,0,9.1,51,12,11,10,1,7,3,0,0,9,"Ryan Conrad","sa3069835",
"Landon Cook","LEM",,0,1,9.391304542527086,8,0,0,0,0,7.2,47,10,15,8,1,7,4,3,0,9,"Landon Cook","sa3069839",
"Evan Cornelius","UML",,0,0,9.947368421052632,9,4,0,0,0,19,107,29,23,21,3,16,11,3,0,9,"Evan Cornelius","sa3069854",
"Ethan Diaz","BCU",21,0,0,8,9,0,0,0,0,9,42,9,8,8,2,6,3,1,0,9,"Ethan Diaz","sa3069949",
"Sean Ely","DSU",,0,1,10.799999705723362,15,0,0,0,0,23.1,127,31,34,28,1,15,9,4,0,9,"Sean Ely","sa3070024",
"Michael Fredette","SAM",,1,2,9.947368171406591,8,3,0,0,0,12.2,62,15,15,14,4,10,4,1,0,9,"Michael Fredette","sa3070113",
"Jackson Greer","PUR",22,0,0,5.625,15,0,0,0,1,8,38,9,6,5,1,5,0,1,0,9,"Jackson Greer","sa3070218",
"Dayson Griffis","GASO",19,0,1,16.20000061798098,8,1,0,0,0,8.1,45,14,15,15,4,4,4,4,0,9,"Dayson Griffis","sa3070221",
"Amari Hackett","UMES",,0,0,2.8723403672494205,10,0,0,0,0,15.2,68,14,6,5,0,10,1,2,0,9,"Amari Hackett","sa3070245",
"George Handal","SIE",,2,1,9.204545255042309,7,0,0,0,0,14.2,85,18,21,15,2,21,2,7,0,9,"George Handal","sa3070263",
"Eli Henderson","EMU",,1,2,14.785714285714286,11,2,0,0,0,14,79,27,24,23,5,9,2,3,0,9,"Eli Henderson","sa3070313",
"Ian Holm","MCN",,1,0,3.7241378085650143,3,1,0,0,0,9.2,36,6,4,4,1,4,0,2,0,9,"Ian Holm","sa3070349",
"Nathan Hook","UPST",22,0,1,5.40000020599366,12,2,0,0,0,16.2,83,22,12,10,2,10,0,3,0,9,"Nathan Hook","sa3070359",
"Fabian Ibarra","NMSU",22,0,1,13.499999661194659,12,2,0,0,0,12.2,73,17,20,19,5,16,7,3,0,9,"Fabian Ibarra","sa3070403",
"Brody Juntunen","FAU",18,1,0,13.935484299674627,11,2,0,0,0,10.1,55,20,16,16,3,5,0,3,0,9,"Brody Juntunen","sa3070473",
"Brock Lenhardt","MVSU",,1,0,8.67857172416182,14,0,0,0,0,18.2,103,23,23,18,2,18,4,3,0,9,"Brock Lenhardt","sa3070589",
"Thomas Paxton","ECU",21,1,0,2.3142856512264345,8,0,0,0,0,11.2,48,13,3,3,0,1,1,1,0,9,"Thomas Paxton","sa3070968",
"Jabe Schlehuber","AMCC",,0,0,10.636363636363637,9,0,0,0,0,11,58,16,15,13,2,8,1,2,0,9,"Jabe Schlehuber","sa3071231",
"Jacob Sjuts","SDST",,0,3,5.7272727272727275,15,2,0,0,1,22,102,24,17,14,4,12,3,1,1,9,"Jacob Sjuts","sa3071298",
"Dylan Skolfield","UTA",21,0,5,10.887097109120804,11,7,0,0,0,20.2,111,38,25,25,7,11,2,0,0,9,"Dylan Skolfield","sa3071301",
"Steven Smith","APP",23,1,1,2.5714285714285716,6,0,0,0,1,7,33,9,4,2,0,3,0,0,0,9,"Steven Smith","sa3071325",
"Garrett Snyder","ND",20,0,0,18,9,0,0,0,0,7,42,16,15,14,6,2,4,0,0,9,"Garrett Snyder","sa3071330",
"Jaxon Sparks","INST",,0,0,6.9677421498373135,10,0,0,0,0,10.1,57,12,9,8,1,13,2,1,0,9,"Jaxon Sparks","sa3071346",
"Carson taylor","VMI",19,1,0,9.52941203199869,9,1,0,0,1,11.1,59,19,12,12,1,3,5,2,0,9,"Carson taylor","sa3071427",
"Houston Tomlinson","ARST",,0,0,10.125,6,1,0,0,0,8,48,17,11,9,0,5,5,0,0,9,"Houston Tomlinson","sa3071464",
"Drew Wenske","SFA",21,0,0,12.705882709331588,11,0,0,0,0,5.2,39,9,9,8,0,10,4,1,0,9,"Drew Wenske","sa3071583",
"Brady Wilson","PAC",21,1,3,4.725000112652781,5,0,0,0,0,13.1,60,16,8,7,0,6,0,2,0,9,"Brady Wilson","sa3071630",
"Brandon Wyland","UTU",21,0,0,12.342856806540984,11,1,0,0,0,11.2,63,24,16,16,5,6,1,1,0,9,"Brandon Wyland","sa3071667",
"Caden Kresak","FAMU",22,0,0,3.521739203447657,5,0,0,0,0,7.2,40,3,6,3,0,11,4,1,0,9,"Caden Kresak","sa3073570",
"Anson McGorman","UTAH",22,1,1,13.13513547369301,10,3,0,0,0,12.1,69,20,22,18,1,6,5,3,0,9,"Anson McGorman","sa3073579",
"Chase Ruden","SCU",19,0,0,3.8571429885163644,5,0,0,0,0,9.1,36,2,4,4,0,4,2,0,0,9,"Chase Ruden","sa3073587",
"Patrick Dudley","SC",19,0,0,2.4545454013446157,5,1,0,0,0,7.1,31,4,3,2,1,3,2,2,0,9,"Patrick Dudley","sa3073944",
"Jose Roig","STET",19,0,0,9.720000370788588,7,0,0,0,0,8.1,41,7,9,9,2,7,2,3,0,9,"Jose Roig","sa3073983",
"Dylan Christensen","ORU",21,0,1,7.714285977032729,10,0,0,0,0,9.1,49,9,9,8,2,11,1,1,0,9,"Dylan Christensen","sa3074080",
"Lucas Edwards","LAS",,0,0,3.6486487426925027,9,0,0,0,0,12.1,55,8,5,5,1,12,3,1,0,9,"Lucas Edwards","sa3074087",
"Harrison Hoffarth","SEA",19,0,0,16.61538400593596,12,0,0,0,0,8.2,54,19,17,16,2,7,3,3,0,9,"Harrison Hoffarth","sa3074104",
"Nick Gilpin","SJU",,0,1,5.294117647058823,10,2,0,0,0,17,77,17,11,10,5,6,3,3,1,9,"Nick Gilpin","sa3074284",
"Ethan Milius","LIN",,0,0,4.595744587599073,11,3,0,0,0,15.2,73,15,11,8,1,9,3,3,0,9,"Ethan Milius","sa3074369",
"Zach Nalawadi","ALB",,1,3,11.44067833595529,11,1,0,0,0,19.2,122,37,37,25,3,24,4,5,0,9,"Zach Nalawadi","sa3074383",
"AJ Rasmussen","STMN",21,0,0,11.911765039998365,7,2,0,0,0,11.1,64,17,16,15,2,12,4,2,0,9,"AJ Rasmussen","sa3074405",
"Andrew Sager","SHU",,1,0,4.764706015999345,9,0,0,0,0,11.1,50,6,6,6,0,11,3,2,0,9,"Andrew Sager","sa3074415",
"Tyler Walker","WASH",,0,0,6.096774381107649,11,0,0,0,0,10.1,45,11,7,7,0,1,3,0,0,9,"Tyler Walker","sa3074453",
"Reed Biemiller","FGCU",19,0,0,6.456521872987372,8,1,0,0,1,15.1,73,19,13,11,1,5,3,1,0,9,"Reed Biemiller","sa3074714",
"Austin Perando","TOW",,2,0,4.5,7,0,0,0,0,10,48,6,5,5,1,7,1,3,0,9,"Austin Perando","sa3074802",
"Rhett Vaughn","FSU",20,0,0,17.35714344832364,5,2,0,0,0,4.2,26,12,10,9,3,1,0,0,0,9,"Rhett Vaughn","sa3074836",
"Eli Blair","FLA",20,0,1,4.821428735645456,9,0,0,0,0,9.1,46,10,5,5,0,3,6,2,0,9,"Eli Blair","sa3074979",
"Kevin Landry Farr","USM",19,0,0,3.6818181020169236,9,0,0,0,0,7.1,32,5,4,3,2,2,3,0,0,9,"Kevin Landry Farr","sa3075135",
"Kaleb Smith","LIB",,1,0,6.3,10,0,0,0,0,10,48,12,7,7,0,4,3,0,0,9,"Kaleb Smith","sa3075155",
"Conner Wolf","WKU",23,0,0,3.176470588235294,11,0,0,0,0,17,79,17,9,6,2,8,4,2,0,9,"Conner Wolf","sa3075160",
"Ryan Gill","NKU",,1,3,8.689655172413794,19,3,0,0,1,29,143,38,28,28,3,15,7,2,0,9,"Ryan Gill","sa3075218",
"Jay Creighton","FDU",,0,0,10.124999698251495,9,0,0,0,0,10.2,59,7,12,12,0,20,3,2,0,9,"Jay Creighton","sa3075341",
"Kyle McDermott","CCSU",20,0,2,9.257142604905738,9,3,0,0,0,11.2,79,19,28,12,1,14,7,2,2,9,"Kyle McDermott","sa3075361",
"Nicholas Ballard","LOU",19,1,0,10.125,9,0,0,0,0,8,41,8,9,9,2,8,1,2,0,9,"Nicholas Ballard","sa3075391",
"Will Paxson","OAK",,0,2,18.439023961345768,8,5,0,0,0,13.2,91,27,31,28,2,14,12,9,0,9,"Will Paxson","sa3075440",
"Nathaniel Pimentel","CSUB",,1,0,12.375,9,0,0,0,0,8,47,11,12,11,0,9,3,5,0,9,"Nathaniel Pimentel","sa3075441",
"Gavin Metrick","TOW",,0,0,7.269230502596984,9,0,0,0,0,8.2,44,9,8,7,0,8,1,4,0,9,"Gavin Metrick","sa3075473",
"Hunter Bond","TA&M",22,0,0,1.9285714942581822,5,0,0,0,0,9.1,35,5,3,2,2,2,1,0,0,9,"Hunter Bond","sa3076184",
"Kaden Alberghini","SEA",22,1,1,17.718749471940114,10,0,0,0,0,10.2,66,26,22,21,5,8,1,2,0,8,"Kaden Alberghini","sa3025847",
"Ryan Bibb","NAVY",,0,1,4.695652271263543,8,0,0,0,0,7.2,40,6,6,4,0,8,2,1,0,8,"Ryan Bibb","sa3027128",
"Jake Brown","CMU",21,1,0,7.105262979576136,10,1,0,0,0,12.2,74,16,11,10,1,13,1,5,0,8,"Jake Brown","sa3027843",
"John Cerwinski","PENN",23,0,0,4.295454452353077,11,0,0,0,0,14.2,74,18,12,7,0,11,3,6,0,8,"John Cerwinski","sa3028710",
"Joey Collier","AFA",23,0,0,8.2173914747112,10,0,0,0,0,7.2,39,9,8,7,0,6,2,1,0,8,"Joey Collier","sa3029189",
"Preston Davis","LR",,0,0,29.45454481613539,6,0,0,0,0,3.2,30,10,13,12,1,4,4,2,0,8,"Preston Davis","sa3029930",
"Jackson DiLorenzo","ECU",20,0,0,9.642857471290911,8,0,0,0,0,9.1,47,11,11,10,2,7,0,2,0,8,"Jackson DiLorenzo","sa3030347",
"Taber Fast","WSU",22,0,1,13.271186869708139,20,2,0,0,0,19.2,112,32,34,29,4,18,5,2,0,8,"Taber Fast","sa3031181",
"Carsten Finnvold","VILL",24,0,1,10.636363636363637,9,2,0,0,0,11,61,22,13,13,1,5,1,1,0,8,"Carsten Finnvold","sa3031357",
"Brian Garmon II","USA",22,0,1,4.090909090909091,13,0,0,0,2,11,53,16,7,5,3,3,1,1,0,8,"Brian Garmon II","sa3031980",
"Arnav Ghuliani","MAN",,0,0,9.346153503338979,4,2,0,0,0,8.2,49,15,13,9,4,6,2,2,0,8,"Arnav Ghuliani","sa3032162",
"Michael Gillen","UCF",22,0,0,6.480000247192392,8,0,0,0,1,8.1,34,8,6,6,2,3,0,1,0,8,"Michael Gillen","sa3032236",
"Ruben Gonzalez","RGV",22,0,1,6.230769002225986,9,0,0,0,0,8.2,45,7,7,6,0,12,1,2,0,8,"Ruben Gonzalez","sa3032443",
"Christian Hack","VAL",23,0,0,14.464286206936366,12,0,0,0,0,9.1,52,16,15,15,1,5,4,3,0,8,"Christian Hack","sa3032924",
"Kyle Hard","IONA",,0,0,5.9268291304325675,18,0,0,0,0,13.2,63,18,13,9,1,7,3,1,0,8,"Kyle Hard","sa3033195",
"Edward Hart","DUKE",22,1,0,8.181818181818182,10,0,0,0,0,11,65,18,17,10,3,7,6,1,0,8,"Edward Hart","sa3033325",
"Mark Hindy","TENN",24,2,0,7.147059023999018,18,0,0,0,0,11.1,53,9,9,9,1,8,4,0,0,8,"Mark Hindy","sa3033855",
"Kale Hopke","CHSO",23,1,1,10.5,3,3,0,0,0,6,33,7,7,7,2,8,0,2,0,8,"Kale Hopke","sa3034072",
"Tyler Kidwell","LAF",,1,1,13.885713907358609,9,1,0,0,0,11.2,77,21,19,18,1,15,6,4,0,8,"Tyler Kidwell","sa3035344",
"Drew Koenen","UVA",21,1,0,3.857142857142857,8,0,0,0,0,7,33,3,7,3,0,8,0,2,0,8,"Drew Koenen","sa3035589",
"Cole Koonce","UMBC",23,0,1,16.2,11,2,0,0,0,10,61,17,18,18,1,16,1,1,0,8,"Cole Koonce","sa3035633",
"Mason Kosowick","UGA",23,0,0,7.2,7,0,0,0,0,5,26,2,4,4,0,7,3,2,0,8,"Mason Kosowick","sa3035652",
"Kobe Ladd","MVSU",,1,1,8.775000209212308,12,0,0,0,0,13.1,72,15,16,13,1,13,6,0,0,8,"Kobe Ladd","sa3035836",
"Carson Liggett","KSU",23,1,0,0,3,1,0,0,0,10.1,38,4,0,0,0,4,0,2,0,8,"Carson Liggett","sa3036335",
"Jackson Lux","MUR",22,0,0,11.11764737066514,7,0,0,0,0,5.2,33,7,9,7,2,4,3,0,1,8,"Jackson Lux","sa3036724",
"Diego Luzardo","HOU",21,0,0,8.526315575491363,9,0,0,0,0,6.1,33,9,9,6,0,4,0,0,0,8,"Diego Luzardo","sa3036726",
"Brayden Martino","QUC",22,0,0,18.29032314332295,12,0,0,0,0,10.1,68,11,21,21,3,22,4,6,0,8,"Brayden Martino","sa3037137",
"Gabe Maya","PEPP",23,0,1,7.020000267791758,19,0,0,0,1,16.2,84,28,17,13,2,4,4,1,0,8,"Gabe Maya","sa3037371",
"Drake Meeks","USM",21,0,0,7.941176693332243,7,1,0,0,0,5.2,36,11,9,5,0,5,2,2,0,8,"Drake Meeks","sa3037790",827683
"Myles Meyer","MCN",22,0,1,6.230769002225986,4,2,0,0,0,4.1,18,1,3,3,1,3,1,0,0,8,"Myles Meyer","sa3037948",
"Shaun Okeeffe","GMU",21,0,1,11.739130678158856,11,0,0,0,0,7.2,41,6,10,10,0,9,4,2,0,8,"Shaun Okeeffe","sa3039087",
"Carter Owens","MORE",23,3,1,11.4,11,1,0,0,0,15,82,21,20,19,2,15,6,3,0,8,"Carter Owens","sa3039301",
"Brock Puckett","LIP",,1,1,15.120000576782248,8,1,0,0,1,8.1,48,8,14,14,1,15,2,4,0,8,"Brock Puckett","sa3040266",
"Colin Rhein","BING",22,1,0,6.3947366816185225,8,3,0,0,0,12.2,58,14,10,9,2,6,2,2,0,8,"Colin Rhein","sa3040667",
"Lane Rhodes","YSU",,0,1,15.847826415514456,10,1,0,0,0,15.1,89,27,27,27,4,13,6,4,0,8,"Lane Rhodes","sa3040674",
"Matt Sargeant","NDSU",22,0,1,15.677419837133955,8,1,0,0,0,10.1,66,18,21,18,4,12,6,0,0,8,"Matt Sargeant","sa3041572",
"Owen Sarna","ALA",,0,0,4.821428735645456,9,0,0,0,0,9.1,41,12,6,5,0,4,1,1,0,8,"Owen Sarna","sa3041575",
"Luke Schmolke","WAKE",22,0,0,5.192307501854988,11,0,0,0,0,8.2,44,9,6,5,2,8,2,0,0,8,"Luke Schmolke","sa3041737",
"Mason Self","RAD",21,0,1,3.7241378085650143,14,0,0,0,0,9.2,44,9,5,4,0,8,0,1,0,8,"Mason Self","sa3041958",
"Ethan Shaub","DEL",,0,2,11.7,8,2,0,0,0,10,59,21,17,13,4,6,1,2,0,8,"Ethan Shaub","sa3042078",
"Josh Shea","COR",,0,2,11.4,13,0,0,0,0,15,76,23,19,19,2,5,5,1,0,8,"Josh Shea","sa3042098",
"James Snipes","MVSU",,0,0,16.19999955858504,17,0,0,0,0,11.2,75,23,22,21,4,10,6,2,0,8,"James Snipes","sa3042677",
"Luke Thomas","UNCG",,0,0,5.869565339079428,8,0,0,0,0,7.2,36,9,5,5,0,2,3,0,0,8,"Luke Thomas","sa3043710",
"Dominic Vassallo","LIU",22,1,0,4.725000112652781,15,0,0,0,0,13.1,64,12,8,7,2,6,8,1,0,8,"Dominic Vassallo","sa3044389",
"Jordan Vera","FGCU",,0,1,5,8,0,0,0,0,9,43,8,6,5,0,5,3,3,0,8,"Jordan Vera","sa3044445",
"Ryan Vermillion","SAM",21,1,1,11,7,1,0,0,0,9,47,9,15,11,2,11,2,4,0,8,"Ryan Vermillion","sa3044461",
"Ben Weber","VT",22,1,1,7.5937497736886215,5,2,0,0,0,10.2,48,14,9,9,0,3,1,2,0,8,"Ben Weber","sa3044918",
"Zach Weber","OSU",23,0,0,6,6,0,0,0,0,6,28,2,6,4,0,6,2,3,0,8,"Zach Weber","sa3044930",
"Eddie White","SEMO",,2,0,9.818181818181818,10,0,0,0,1,11,56,20,12,12,4,3,1,3,0,8,"Eddie White","sa3045111",
"Matt Barnes","UCD",,1,2,11.812499647960077,8,2,0,0,0,10.2,58,19,16,14,0,6,2,1,0,8,"Matt Barnes","sa3058553",
"Bobby Barrera","UIC",,0,2,19.05882406399738,14,0,0,0,0,11.1,66,23,26,24,3,8,2,4,0,8,"Bobby Barrera","sa3058558",
"Hunter Bell","UNA",25,0,2,3.5409834958378683,8,2,0,0,0,20.1,86,15,9,8,3,5,8,0,0,8,"Hunter Bell","sa3058604",
"CJ Bott","UCLA",20,0,0,5.4,8,0,0,0,0,10,45,10,6,6,1,6,0,1,0,8,"CJ Bott","sa3058685",
"CJ Brown","CSUB",,2,2,3.8152174704016284,12,4,0,0,0,30.2,133,34,14,13,1,7,3,1,0,8,"CJ Brown","sa3058743",
"Carter Champey","UMES",,0,1,19.08,17,1,0,0,0,25,167,60,60,53,9,27,7,2,0,8,"Carter Champey","sa3058851",
"Carter Coffin","TAR",,0,2,19.730768507048953,11,0,0,0,0,8.2,54,17,19,19,2,8,3,0,0,8,"Carter Coffin","sa3058895",
"Charlie Jones","HPU",22,0,0,1.1739130678158858,8,0,0,0,0,7.2,38,3,3,1,0,9,3,1,0,8,"Charlie Jones","sa3059619",
"Evan Lewis","DEL",,0,0,14.538461005193968,8,1,0,0,0,8.2,62,9,18,14,1,20,8,4,0,8,"Evan Lewis","sa3059803",
"Aden Lucas","TAR",22,0,0,1,6,0,0,0,0,9,35,7,1,1,0,0,2,0,0,8,"Aden Lucas","sa3059861",
"Matt Maloney","WMU",23,1,1,6.622641747767673,13,2,0,0,0,17.2,82,14,13,13,2,17,4,3,0,8,"Matt Maloney","sa3059903",
"Jack OConnor","UCLA",22,1,0,3.521739203447657,20,0,0,0,0,15.1,70,16,8,6,3,7,1,0,0,8,"Jack OConnor","sa3060172",
"Jordan Rodarte","FOR",,1,0,10.800000257492071,9,0,0,0,0,13.1,75,24,16,16,3,11,4,2,0,8,"Jordan Rodarte","sa3060395",
"Zev Salsberg","BRY",,0,0,6.75,8,2,0,0,0,12,60,12,9,9,1,9,5,1,0,8,"Zev Salsberg","sa3060463",
"Owen Schexnaydre","NICH",,0,2,5.522727153025385,16,0,0,0,0,14.2,70,19,13,9,3,4,3,0,0,8,"Owen Schexnaydre","sa3060510",
"Matthew Shorey","VAN",20,2,0,3,5,0,0,0,0,6,24,3,2,2,0,2,1,0,0,8,"Matthew Shorey","sa3060569",
"Brennan Eager","CIN",20,0,0,10.125,8,0,0,0,0,8,39,9,9,9,2,4,2,1,0,8,"Brennan Eager","sa3062591",
"Nick Robinson","GRAM",20,1,0,7.714285414003434,18,0,0,0,0,16.1,90,20,17,14,2,16,6,3,0,8,"Nick Robinson","sa3062673",
"Daniel Smith","DAV",20,0,0,16.392857701194547,9,0,0,0,0,9.1,59,18,20,17,1,5,5,3,0,8,"Daniel Smith","sa3062903",
"Jackson Smith","SIU",22,0,1,16.5,8,1,0,0,0,6,41,10,11,11,1,11,2,2,0,8,"Jackson Smith","sa3062904",
"Josh Kirchhoff","MINN",22,1,0,1.653061160143593,12,0,0,0,0,16.1,69,15,3,3,1,7,2,1,0,8,"Josh Kirchhoff","sa3062934",
"Chase Cartron","TROY",19,0,1,7.363636204033847,9,1,0,0,0,7.1,39,5,6,6,0,9,4,3,0,8,"Chase Cartron","sa3065266",
"Eric Lintelman","ELON",,0,1,15.827585686401312,9,0,0,0,0,9.2,57,16,18,17,2,12,0,5,0,8,"Eric Lintelman","sa3065352",
"Ethan Plesser","LONG",,0,1,6.9677421498373135,9,1,0,0,0,10.1,52,11,11,8,0,9,5,2,0,8,"Ethan Plesser","sa3065388",
"Diego Corrales","MCN",20,0,0,5.4,8,0,0,0,0,10,42,8,6,6,2,6,1,0,0,8,"Diego Corrales","sa3065784",
"Brady Blum","DEL",,0,2,18.29032314332295,6,2,0,0,0,10.1,67,20,21,21,3,13,1,0,0,8,"Brady Blum","sa3065904",
"Leighton Harris","UK",20,0,1,9,20,0,0,0,1,15,73,18,17,15,2,13,2,3,0,8,"Leighton Harris","sa3065928",
"Preston Barr","MICH",20,1,1,6.3,9,1,0,0,0,10,45,11,8,7,1,3,1,0,0,8,"Preston Barr","sa3066366",
"Zachary Fetchel","RICE",20,1,0,9.818181605378463,8,0,0,0,0,7.1,39,14,9,8,1,2,1,0,1,8,"Zachary Fetchel","sa3066477",
"Matt Hamilton","DAV",,1,0,6.567567736846505,7,0,0,0,0,12.1,53,11,12,9,2,5,1,2,1,8,"Matt Hamilton","sa3066680",
"Ben Moser","STMN",,0,0,11.571428256132174,10,0,0,0,0,11.2,65,17,17,15,3,9,2,1,0,8,"Ben Moser","sa3066710",
"Spencer Watson","UAPB",,0,1,7.2,7,0,0,0,0,5,31,7,8,4,1,9,0,1,0,8,"Spencer Watson","sa3066746",
"Austin Steeves","STAN",20,2,0,5.399999852861681,13,0,0,0,0,11.2,55,12,7,7,3,7,3,2,1,8,"Austin Steeves","sa3066852",
"Ian Kaiser","BING",21,1,0,8.30769200296798,9,0,0,0,0,8.2,43,12,8,8,3,5,2,2,0,8,"Ian Kaiser","sa3066983",
"Liam Golden","STAN",20,0,0,13.50000032186509,7,0,0,0,0,6.2,40,8,10,10,1,10,1,0,0,8,"Liam Golden","sa3067268",
"Cayden Baker","BAY",20,2,2,8.23728840188781,13,5,0,0,0,19.2,91,24,18,18,7,9,0,1,0,8,"Cayden Baker","sa3069541",
"Ethan Bauerschmidt","PSU",19,0,1,9.947368421052632,13,2,0,0,0,19,100,24,26,21,3,14,5,2,0,8,"Ethan Bauerschmidt","sa3069578",
"Matt Boffalo","CAN",,0,0,16.031249522231533,9,0,0,0,0,10.2,69,21,22,19,4,12,3,6,0,8,"Matt Boffalo","sa3069626",
"Anthony Catalano","NJIT",19,0,0,11.571428571428571,7,0,0,0,0,7,50,12,15,9,1,12,4,1,0,8,"Anthony Catalano","sa3069772",
"Tag Dillard","OAK",,0,1,10.125000241398817,14,0,0,0,0,13.1,68,13,16,15,0,11,7,7,0,8,"Tag Dillard","sa3069956",
"Austin Egan","BELL",22,1,1,8.1,25,0,0,0,0,20,98,28,18,18,5,12,1,4,0,8,"Austin Egan","sa3070016",
"Cameron Fausset","USC",,2,0,6.3,8,0,0,0,0,10,53,8,7,7,1,10,4,4,0,8,"Cameron Fausset","sa3070064",
"Quinn Finnegan","WAG",,1,3,13.736842105263158,10,7,0,0,0,19,115,38,35,29,4,21,2,3,0,8,"Quinn Finnegan","sa3070084",
"Rex Hauser","ME",,0,1,7.7142855040881155,7,2,0,0,0,11.2,54,15,11,10,3,3,1,1,0,8,"Rex Hauser","sa3070299",
"Lathan Haywood","STET",21,1,0,6.517241164988776,12,0,0,0,0,19.1,90,23,16,14,2,12,1,2,0,8,"Lathan Haywood","sa3070308",
"Daniel Hernandez","UCR",,0,1,17.4,18,0,0,0,0,15,84,28,30,29,5,11,5,6,0,8,"Daniel Hernandez","sa3070322",
"Dylan Kaminski","WIU",,0,0,12.913043745974743,10,0,0,0,0,7.2,48,12,15,11,0,9,3,2,0,8,"Dylan Kaminski","sa3070476",
"Jack Kelly","SBU",,0,1,12.813559736269927,9,2,0,0,0,19.2,103,31,30,28,5,14,1,3,0,8,"Jack Kelly","sa3070493",
"Trent Koehler","SIUE",,0,2,11.571428121005152,14,1,0,0,0,16.1,84,27,24,21,3,7,3,2,0,8,"Trent Koehler","sa3070523",
"Ethan Moran","WAG",21,0,0,15.827585686401312,7,2,0,0,0,9.2,64,13,19,17,1,16,5,4,0,8,"Ethan Moran","sa3070809",
"Ethan Nobles","UNCG",,2,0,8.30769200296798,13,0,0,0,0,17.1,94,23,17,16,1,10,11,2,0,8,"Ethan Nobles","sa3070885",
"Jack Roventini","VILL",20,0,0,12.272727006723079,8,0,0,0,0,7.1,46,15,14,10,1,7,1,2,0,8,"Jack Roventini","sa3071175",
"Hunter Sloop","CLT",23,1,0,8.526315575491363,5,0,0,0,0,6.1,33,6,6,6,0,6,4,3,0,8,"Hunter Sloop","sa3071305",
"Owen Smith","SBU",,0,1,7.838709918566978,8,0,0,0,0,10.1,58,16,12,9,2,9,1,3,0,8,"Owen Smith","sa3071323",
"Jackson Sobel","MIZ",21,1,1,13.965516782118804,9,1,0,0,0,9.2,56,9,15,15,3,15,4,8,0,8,"Jackson Sobel","sa3071332",
"Connor Southwell","MRST",20,1,0,5.1081082397695035,7,0,0,0,0,12.1,67,16,11,7,2,8,4,0,0,8,"Connor Southwell","sa3071344",
"Anakin Underhill","SHU",,1,3,14.294118047998037,7,4,0,0,0,11.1,69,16,23,18,4,12,6,0,0,8,"Anakin Underhill","sa3071493",
"Domaine Vann","PRES",,0,2,12.272727006723079,6,1,0,0,0,7.1,39,13,11,10,5,2,3,2,0,8,"Domaine Vann","sa3071518",
"Holden Wade","GASO",23,0,0,12.6,9,0,0,0,0,10,55,15,14,14,2,8,1,1,0,8,"Holden Wade","sa3071544",
"Joshua Woodworth","PEPP",19,0,1,14.294118047998037,4,1,0,0,0,5.2,31,12,9,9,3,2,1,2,0,8,"Joshua Woodworth","sa3071650",
"Landon Fowler","CLEM",19,0,0,1.7419355374593284,9,0,0,0,0,10.1,44,7,2,2,1,6,2,0,0,8,"Landon Fowler","sa3073716",
"Rand Green","UIW",,0,0,11.076923076923077,13,0,0,0,0,13,76,23,16,16,2,7,8,1,0,8,"Rand Green","sa3073722",
"Rayce Hudson","PV",21,0,0,18.514285209811476,10,1,0,0,0,11.2,77,17,24,24,2,18,7,2,0,8,"Rayce Hudson","sa3073730",
"Dom LaDuke","HPU",22,1,0,4,7,0,0,0,1,9,40,4,4,4,1,5,4,3,0,8,"Dom LaDuke","sa3073741",
"Mark Salicco","HPU",21,1,1,8.437499748542912,11,0,0,0,0,10.2,53,12,13,10,0,12,2,0,0,8,"Mark Salicco","sa3073798",
"Kameron Vandersee","AAMU",19,0,1,11.571428965549092,5,0,0,0,0,4.2,26,2,6,6,0,7,3,1,0,8,"Kameron Vandersee","sa3073827",
"Logan Young","ACU",21,0,1,10.914893395547798,13,2,0,0,0,15.2,80,30,19,19,1,7,1,0,0,8,"Logan Young","sa3073842",
"Henry (Hank) Allred","ALCN",,0,0,15.260869881606514,10,0,0,0,0,7.2,51,8,13,13,1,21,0,2,0,8,"Henry (Hank) Allred","sa3073924",
"Jackson Hoyt","FLA",19,0,0,13.499999707395386,7,1,0,0,0,7.1,41,7,11,11,2,6,6,0,0,8,"Jackson Hoyt","sa3073962",
"Max Reimers","SCU",19,0,0,7.5,8,0,0,0,0,6,30,5,5,5,0,9,0,6,0,8,"Max Reimers","sa3073980",
"Josh Hollis","ORE",20,0,0,9.52941203199869,5,1,0,0,0,11.1,53,13,12,12,0,6,4,0,0,8,"Josh Hollis","sa3074053",
"JT Huether","WVU",19,0,0,7.714285977032729,8,0,0,0,0,4.2,28,1,4,4,0,8,4,1,0,8,"JT Huether","sa3074314",
"Brady Kaufman","PRIN",,1,1,7.2,4,4,0,0,0,15,72,12,12,12,3,13,4,2,0,8,"Brady Kaufman","sa3074324",
"Greg Bruno","HALL",,1,0,9.391304542527086,9,0,0,0,0,7.2,41,5,8,8,0,9,5,3,0,8,"Greg Bruno","sa3074718",
"Jack Cecil","OSU",21,0,0,7.714285714285714,5,0,0,0,0,7,38,8,6,6,1,8,1,1,0,8,"Jack Cecil","sa3074722",
"Kevin De Los Santos","JKST",20,2,1,8.526315575491363,10,0,0,0,0,12.2,62,11,13,12,0,13,2,2,0,8,"Kevin De Los Santos","sa3074988",
"Joe ORegan","CSUB",,0,1,10.02857115531455,8,1,0,0,0,11.2,65,19,14,13,1,10,2,0,0,8,"Joe ORegan","sa3075011",
"Marc Iozzo","M-OH",20,1,1,5.4000001287460355,13,0,0,0,0,13.1,62,13,8,8,0,5,7,0,0,8,"Marc Iozzo","sa3075131",
"Jett Humphreys","W&M",,2,0,6.517241164988776,8,1,0,0,0,9.2,47,6,7,7,1,9,3,3,0,8,"Jett Humphreys","sa3075228",
"Reilly Byers","ETSU",20,0,0,1.1739130678158858,9,0,0,0,0,7.2,38,6,4,1,1,7,1,2,0,8,"Reilly Byers","sa3075331",
"Caldwell McFaddin","BAY",19,0,0,4.5,10,2,0,0,0,16,68,13,8,8,2,8,2,1,0,8,"Caldwell McFaddin","sa3075363",
"Gage McCown","CSUN",,0,1,3.4468084406993045,12,1,0,0,0,15.2,67,17,8,6,4,6,0,5,0,8,"Gage McCown","sa3075408",
"Diego Menjivar","BRAD",,0,0,21,9,0,0,0,0,6,46,16,17,14,3,9,5,2,0,8,"Diego Menjivar","sa3075508",
"Tyler Rice","UNA",,1,0,2.25,11,1,0,0,1,16,66,12,5,4,0,6,3,3,0,8,"Tyler Rice","sa3075587",
"Justin Brown","MICH",20,0,0,10.285714285714286,8,0,0,0,0,7,39,8,8,8,1,6,4,1,0,8,"Justin Brown","sa3075677",
"Brock Snow","BYU",21,0,0,4.5,9,0,0,0,0,8,36,6,5,4,1,4,4,3,0,8,"Brock Snow","sa3075744",
"Will Creed","URI",,2,0,8.2173914747112,8,0,0,0,0,7.2,41,8,10,7,1,9,1,3,0,8,"Will Creed","sa3075763",
"Caleb Short","LT",,0,0,9,5,0,0,0,0,5,25,8,5,5,0,1,2,2,0,8,"Caleb Short","sa3075817",
"Will Seiler","LAS",,1,1,2.076923000741995,6,0,0,0,0,8.2,42,3,2,2,0,10,3,2,0,8,"Will Seiler","sa3075897",
"Sam Pearne","JMU",,0,1,9.947368171406591,11,0,0,0,0,6.1,39,14,7,7,1,5,2,1,0,8,"Sam Pearne","sa3075960",
"Ian Anderson","USI",23,0,0,5.192307501854988,19,0,0,0,0,8.2,45,11,5,5,0,8,3,5,0,7,"Ian Anderson","sa3026044",
"Tre Benjamin","BUT",23,0,0,7.448275617130029,9,0,0,0,0,9.2,50,12,10,8,0,7,3,1,0,7,"Tre Benjamin","sa3026960",
"Radek Birkholz","ND",23,0,0,7.105262979576136,9,0,0,0,0,6.1,31,7,5,5,2,4,2,1,0,7,"Radek Birkholz","sa3027168",
"David Boisvert","DUKE",23,0,1,9.391304542527086,16,0,0,0,0,15.1,75,16,18,16,1,7,5,0,0,7,"David Boisvert","sa3027339",
"Teddy Brennan","UGA",23,0,0,13.50000032186509,6,0,0,0,0,3.1,22,5,5,5,1,6,1,1,0,7,"Teddy Brennan","sa3027652",
"Darrius Brown","UMES",,0,4,13.5,13,0,0,0,1,18,98,25,28,27,4,18,4,4,0,7,"Darrius Brown","sa3027813",
"Ryan Buckler","FAU",22,1,2,13.965516782118804,10,2,0,0,0,9.2,54,21,16,15,1,4,0,1,0,7,"Ryan Buckler","sa3027962",
"Joseph Chambers","FAIR",23,0,0,1.2857142857142858,4,0,0,0,0,7,26,4,1,1,0,1,0,0,0,7,"Joseph Chambers","sa3028723",
"Canaan Clayton","ULM",22,1,0,3.6,4,0,0,0,0,5,24,6,2,2,0,4,0,2,0,7,"Canaan Clayton","sa3029010",
"Nick Coniglio","NE",22,0,0,11.11764737066514,8,0,0,0,0,5.2,34,5,8,7,0,12,0,1,0,7,"Nick Coniglio","sa3029241",
"Kyle Cortner","NKU",24,2,0,10.340425322097914,14,1,0,0,0,15.2,84,24,18,18,3,13,6,2,0,7,"Kyle Cortner","sa3029423",
"Sammy Cova","UTAH",21,0,1,14.175000337958345,12,1,0,0,0,13.1,80,30,22,21,3,6,2,1,0,7,"Sammy Cova","sa3029475",
"Ryan DeLaney","BUCK",22,0,0,13.153846153846153,11,0,0,0,0,13,78,24,23,19,1,8,6,1,0,7,"Ryan DeLaney","sa3030060",
"Tristan Dietrich","LIB",21,1,0,5.869565339079428,6,1,0,0,0,7.2,40,6,5,5,1,12,2,0,0,7,"Tristan Dietrich","sa3030306",
"Chandler Dorsey","UCF",22,0,0,10.124999698251495,6,1,0,1,0,5.1,31,4,6,6,0,5,6,4,1,7,"Chandler Dorsey","sa3030491",
"Jacob Exum","VT",23,1,1,9.947368171406591,8,0,0,0,0,6.1,35,11,7,7,0,4,2,2,0,7,"Jacob Exum","sa3031102",
"Sean Finn","CONN",22,0,1,12.375,10,1,0,0,1,8,49,9,18,11,2,12,2,5,0,7,"Sean Finn","sa3031349",
"Caleb Freeman","EKU",24,1,0,11.571428965549092,14,0,0,0,0,9.1,57,10,13,12,2,13,6,0,0,7,"Caleb Freeman","sa3031681",
"Braydon Gray","LONG",,0,2,4.9090908026892315,9,6,0,0,0,14.2,65,16,12,8,2,4,0,2,0,7,"Braydon Gray","sa3032605",
"Mason Green","BAY",21,0,0,4.15384600148399,3,0,0,0,0,4.1,18,2,2,2,1,3,1,0,0,7,"Mason Green","sa3032671",
"Miller Green","VAN",22,0,0,6.230769002225986,5,1,0,0,0,4.1,23,3,3,3,1,5,2,2,0,7,"Miller Green","sa3032672",
"Tyler Haines","UAB",24,2,0,15.120000576782248,11,0,0,0,0,8.1,52,18,14,14,3,6,2,3,0,7,"Tyler Haines","sa3032979",
"Ryan Halamicek","SIU",,0,2,7.534883888042447,8,4,0,0,0,14.1,82,24,16,12,0,12,2,2,0,7,"Ryan Halamicek","sa3032988",
"Wyatt Halvorson","ASU",21,0,0,0,3,0,0,0,0,6.2,23,1,0,0,0,2,1,1,0,7,"Wyatt Halvorson","sa3033062",
"Brooks House","UAB",21,0,1,13.499999661194659,12,0,0,0,1,12.2,74,15,22,19,2,17,3,2,0,7,"Brooks House","sa3034143",
"Kenny Jackson","SOU",21,1,0,21.93749934621157,7,1,0,0,0,5.1,40,9,13,13,0,12,3,2,0,7,"Kenny Jackson","sa3034504",
"Silas Jones","UTM",,0,1,7.7142855040881155,17,0,0,0,0,23.1,118,38,23,20,3,9,3,6,0,7,"Silas Jones","sa3034910",
"Johnny Joseph","QUC",21,0,2,11.930232822733876,13,2,0,0,0,14.1,84,17,21,19,0,17,7,1,0,7,"Johnny Joseph","sa3034946",
"Van Larson","LBSU",,0,4,17.68965459068382,7,1,0,0,0,9.2,64,18,19,19,1,17,1,4,1,7,"Van Larson","sa3036006",
"Rene Lastres","FIU",22,0,1,11.076923076923077,13,2,0,0,0,13,66,13,18,16,2,13,1,7,0,7,"Rene Lastres","sa3036026",
"Brady Louck","ASU",21,0,0,5.4,8,0,0,0,0,5,28,10,4,3,0,1,1,3,0,7,"Brady Louck","sa3036581",
"Garrett Mackowiak","CAL",22,0,1,11.571428965549092,17,0,0,0,0,4.2,31,6,7,6,1,7,2,2,0,7,"Garrett Mackowiak","sa3036815",
"Chance Mako","GWEB",21,0,1,4.695652271263543,2,2,0,0,0,7.2,41,6,6,4,0,8,2,0,0,7,"Chance Mako","sa3036894",
"Andrew Nesson","HC",,1,0,15.6315785550675,8,0,0,0,0,6.1,37,12,12,11,3,5,1,0,0,7,"Andrew Nesson","sa3038778",
"Ryan Pittz","ALB",,0,2,11.172413425695044,11,4,0,0,0,19.1,102,25,24,24,4,17,4,1,0,7,"Ryan Pittz","sa3039971",
"Aidan Plummer","DART",,1,0,3.9512194202883784,9,0,0,0,0,13.2,66,19,13,6,1,7,5,0,0,7,"Aidan Plummer","sa3040001",
"Garren Rizzo","USC",,1,0,6,11,1,0,0,0,9,48,13,8,6,1,5,1,2,1,7,"Garren Rizzo","sa3040849",
"Andrew Rucci","WAG",21,1,0,10.565217610342971,8,0,0,0,0,7.2,48,12,15,9,1,11,3,2,0,7,"Andrew Rucci","sa3041250",
"Dylan Smith","UNCG",,0,0,7.941176693332243,3,1,0,0,0,5.2,27,10,5,5,2,0,0,0,0,7,"Dylan Smith","sa3042541",
"Nelson Smith","NJIT",25,0,1,7.5937497736886215,11,0,0,0,0,10.2,56,11,9,9,0,9,4,2,0,7,"Nelson Smith","sa3042611",
"Noah Smith","CBU",21,0,0,2.076923000741995,12,0,0,0,0,8.2,44,12,8,2,0,4,4,0,1,7,"Noah Smith","sa3042617",
"Logan Smothers","MUR",,2,0,8.526315575491363,9,0,0,0,0,6.1,34,7,6,6,0,7,2,2,0,7,"Logan Smothers","sa3042663",
"Jacob Spencer","INST",22,0,2,2.5714285714285716,5,0,0,0,0,7,31,6,4,2,1,3,1,2,0,7,"Jacob Spencer","sa3042829",
"Henry Stewart","SCU",22,0,0,15.187499547377243,5,1,0,0,0,5.1,31,7,9,9,2,8,1,1,0,7,"Henry Stewart","sa3043105",
"Noah Tabaie","LIU",23,0,0,7.714285977032729,8,0,0,0,0,9.1,48,15,11,8,1,2,3,2,0,7,"Noah Tabaie","sa3043455",
"AJ Thomas","MRST",,1,0,10.285714285714286,7,0,0,0,0,7,39,6,8,8,1,9,3,1,0,7,"AJ Thomas","sa3043677",
"Chris Ubner","MRST",23,0,3,10.53658512076901,11,4,0,0,0,13.2,78,18,21,16,1,21,3,5,0,7,"Chris Ubner","sa3044210",
"Bruce Wadiak","LAS",21,0,0,19.551723494966325,10,0,0,0,0,9.2,65,18,24,21,3,13,6,5,0,7,"Bruce Wadiak","sa3044613",
"Pat Walega","LAF",,0,0,13.114285356949797,11,1,0,0,0,11.2,70,25,21,17,3,8,2,5,0,7,"Pat Walega","sa3044648",
"Zach Bender","LMU",,0,1,23.625000563263907,14,1,0,0,0,13.1,102,20,39,35,1,31,11,11,0,7,"Zach Bender","sa3058616",
"Alex Bingler","JMU",21,0,1,2.4545454013446157,9,0,0,0,0,3.2,22,4,1,1,0,6,2,0,1,7,"Alex Bingler","sa3058644",
"Easton Bobb","STMN",20,0,3,12,5,2,0,0,1,9,45,13,13,12,2,6,4,3,0,7,"Easton Bobb","sa3058663",
"Sam Bonilla","WAG",23,0,1,21.375,9,0,0,0,0,8,55,16,23,19,3,12,5,3,0,7,"Sam Bonilla","sa3058675",
"Jacob Cyr","HCU",,0,2,10.431817955714617,10,4,0,0,0,14.2,82,27,19,17,2,8,2,0,0,7,"Jacob Cyr","sa3058976",
"Colin Eaton","ETSU",,0,0,2.6129033061889926,11,0,0,0,0,10.1,49,4,7,3,0,11,3,2,0,7,"Colin Eaton","sa3059109",
"Jack Fortner","MTSU",23,0,0,0,5,0,0,0,0,8.1,36,7,2,0,0,2,3,2,0,7,"Jack Fortner","sa3059212",
"Evan Fry","NKU",,0,1,5.192307501854988,3,2,0,0,0,8.2,40,9,5,5,2,4,2,1,0,7,"Evan Fry","sa3059245",
"Patrick Galvin","SEA",20,0,0,6.230769002225986,5,0,0,0,0,4.1,24,3,5,3,0,4,2,3,0,7,"Patrick Galvin","sa3059263",
"Lleyton Grubich","CAM",21,1,0,1.1739130678158858,2,2,0,0,0,7.2,33,6,1,1,0,2,1,0,0,7,"Lleyton Grubich","sa3059370",
"Evan Hamberger","CONN",22,0,1,5.785714482774546,13,0,0,0,0,4.2,28,12,5,3,0,2,0,0,0,7,"Evan Hamberger","sa3059397",
"Hudson Johnson","CIN",20,0,0,7.105262979576136,12,0,0,0,0,6.1,28,2,5,5,1,7,2,4,0,7,"Hudson Johnson","sa3059610",
"Grayson Knight","JVST",,0,0,4.5,7,0,0,0,0,6,36,9,6,3,1,6,2,0,0,7,"Grayson Knight","sa3059704",
"Owen Luchies","LIU",,1,0,8.357142857142858,13,1,0,0,0,14,71,17,13,13,3,9,1,4,0,7,"Owen Luchies","sa3059865",
"Brody McNiel","MOST",,1,1,5.586206712847522,14,0,0,0,0,9.2,44,9,7,6,1,5,2,1,0,7,"Brody McNiel","sa3060002",
"Matt Minckler","DEL",21,0,0,10.5,4,0,0,0,0,6,34,11,8,7,1,0,5,0,1,7,"Matt Minckler","sa3060051",
"Steven Oliva","RGV",,0,2,5.192307501854988,7,0,0,0,1,8.2,39,12,7,5,0,2,0,3,0,7,"Steven Oliva","sa3060176",
"Charlie Russell","AFA",21,1,0,8.709677687296642,10,0,0,0,0,10.1,56,15,13,10,2,7,2,2,0,7,"Charlie Russell","sa3060449",
"Gilbert Saunders III","SBU",22,0,0,12.15000028967858,7,0,0,0,0,6.2,43,8,9,9,0,7,8,6,0,7,"Gilbert Saunders III","sa3060497",
"Blake Sehlke","OAK",,0,1,7.468084954848493,10,0,0,0,1,15.2,67,18,14,13,0,3,6,1,0,7,"Blake Sehlke","sa3060539",
"Skip Shenosky","PSU",22,0,0,11.11764737066514,5,0,0,0,0,5.2,31,11,7,7,2,2,3,1,0,7,"Skip Shenosky","sa3060565",
"Nolan Umlandt","PORT",21,0,0,2.5714285714285716,5,0,0,0,0,7,32,5,2,2,0,5,1,1,0,7,"Nolan Umlandt","sa3060804",
"Ryan VanDeWater","MRST",22,0,0,15.260869881606514,10,0,0,0,0,7.2,56,12,18,13,0,16,6,6,0,7,"Ryan VanDeWater","sa3060819",
"Oliver Ward","BELL",21,0,0,7.105262979576136,7,0,0,0,1,6.1,28,10,6,5,2,0,1,0,0,7,"Oliver Ward","sa3060870",
"Drue Young","EVAN",23,0,2,18.692307006677957,8,1,0,0,0,8.2,58,20,21,18,0,6,2,1,0,7,"Drue Young","sa3060987",
"Jake Danyluk","MONM",,0,1,3.2142857142857144,13,0,0,0,3,14,59,14,7,5,1,6,0,0,0,7,"Jake Danyluk","sa3062583",
"RJ James","EVAN",21,0,0,9,6,0,0,0,0,6,36,10,6,6,0,5,4,1,0,7,"RJ James","sa3062620",
"Chapman Weber","UCSD",,0,0,8.437499748542912,5,0,0,0,0,5.1,29,7,8,5,2,6,0,1,0,7,"Chapman Weber","sa3062695",
"Hunter Bell","ALCN",23,0,0,12.461538004451972,5,0,0,0,0,8.2,44,8,12,12,2,7,3,2,0,7,"Hunter Bell","sa3062810",
"Stephen Tolbert","SOU",19,0,0,4.354838843648321,11,0,0,0,0,10.1,52,8,6,5,0,10,6,7,0,7,"Stephen Tolbert","sa3062911",
"Jack Angus","EMU",24,1,1,15,14,0,0,0,0,12,65,19,20,20,7,8,3,4,0,7,"Jack Angus","sa3064988",
"Nick Greaney","LT",23,0,0,2.076923000741995,7,0,0,0,0,4.1,23,5,1,1,0,5,1,1,0,7,"Nick Greaney","sa3065049",
"Brayden Mazzacano","ILL",20,0,0,7.043478406895314,6,0,0,0,0,7.2,41,12,6,6,1,7,1,1,0,7,"Brayden Mazzacano","sa3065362",
"Devin Wolff","FAIR",21,0,0,9.642857471290911,6,1,0,0,0,9.1,47,11,10,10,1,10,0,0,0,7,"Devin Wolff","sa3065449",
"Connor Wilson","NWST",,0,0,6.74999979883433,6,0,0,0,0,5.1,29,6,4,4,0,6,2,0,0,7,"Connor Wilson","sa3065624",
"Jason Flores","TEX",20,0,0,6.75,9,2,0,0,0,12,58,16,9,9,1,6,4,2,0,7,"Jason Flores","sa3065792",
"Tommy Skelding","UK",21,2,0,5.949152734696751,11,0,0,0,0,19.2,103,24,15,13,1,16,4,2,1,7,"Tommy Skelding","sa3065850",
"Lukasz Rondeau","DAY",,1,0,7.5937497736886215,5,0,0,0,0,10.2,51,16,9,9,3,2,1,0,0,7,"Lukasz Rondeau","sa3065951",
"Kaden Starr","PORT",21,0,0,7.363636204033847,6,0,0,0,0,7.1,36,9,8,6,0,6,0,1,0,7,"Kaden Starr","sa3066098",
"Austin Ackel","ULM",,0,0,10.384615003709976,4,0,0,0,0,4.1,27,3,6,5,0,8,3,2,0,7,"Austin Ackel","sa3066426",
"Gavin Derr","WSU",,0,2,15,11,3,0,0,0,12,68,11,20,20,1,20,4,4,0,7,"Gavin Derr","sa3066566",
"Frank Spirito IV","CONN",,0,0,3.8571429885163644,7,0,0,0,0,9.1,39,8,7,4,3,4,0,0,1,7,"Frank Spirito IV","sa3066648",
"Finn Chapman","SMC",20,1,0,11.7,10,0,0,0,0,10,56,14,13,13,0,9,4,1,0,7,"Finn Chapman","sa3066785",
"Stunner Gonzalez","UCSB",,0,0,4.15384600148399,9,0,0,0,0,8.2,35,6,4,4,2,5,0,1,0,7,"Stunner Gonzalez","sa3067110",
"Michael Pastrana","LEM",,0,1,34.5,7,0,0,0,0,6,46,12,25,23,4,11,6,6,0,7,"Michael Pastrana","sa3067270",
"Matt Hubbard","TOL",20,0,0,19.8,6,1,0,0,0,5,28,10,11,11,0,1,2,2,0,7,"Matt Hubbard","sa3067278",
"Griffin Almond","YSU",24,0,2,13.50000032186509,14,0,0,0,0,13.1,77,18,26,20,2,16,3,4,0,7,"Griffin Almond","sa3069482",
"Avon Barney","SDST",,0,1,14.142857142857142,11,0,0,0,0,7,47,8,11,11,0,16,4,1,0,7,"Avon Barney","sa3069557",
"Nate Berzonski","MSM",19,0,2,36.64285839090546,5,1,0,0,0,4.2,39,15,19,19,4,9,1,1,0,7,"Nate Berzonski","sa3069605",
"Ryan Brennecke","WAKE",19,0,0,14.538461005193968,6,0,0,0,0,4.1,28,6,7,7,0,8,1,0,0,7,"Ryan Brennecke","sa3069666",
"Asher Clark","UNCO",20,0,0,19.894736342813182,6,0,0,0,0,6.1,46,11,15,14,2,12,4,4,1,7,"Asher Clark","sa3069802",
"Abe Crall","WRST",,0,0,7.714285714285714,10,0,0,0,0,7,48,10,6,6,1,17,3,2,0,7,"Abe Crall","sa3069873",
"Tristan Duke","BRAD",,0,0,25.411765418663176,6,0,0,0,0,5.2,39,9,19,16,1,10,3,4,0,7,"Tristan Duke","sa3069985",
"Cole Flanagan","UL",19,0,0,4.263157787745682,12,0,0,0,0,12.2,54,16,6,6,4,3,0,0,0,7,"Cole Flanagan","sa3070093",
"Ben Green","UNCA",,0,3,12.825000305771836,7,4,0,0,0,13.1,74,28,19,19,2,7,3,0,1,7,"Ben Green","sa3070212",
"Cannon Hensarling","NICH",,1,0,7.269230502596984,7,1,0,0,0,8.2,44,11,8,7,2,7,2,2,0,7,"Cannon Hensarling","sa3070315",
"Talan Holiday","UNC",20,0,0,9,5,0,0,0,0,4,20,3,4,4,0,4,1,0,0,7,"Talan Holiday","sa3070346",
"Tucker Holland","UNCG",21,0,1,14.850000354051598,5,3,0,0,0,6.2,47,14,12,11,0,11,2,1,0,7,"Tucker Holland","sa3070347",
"Trey Jacobsen","UVU",21,0,2,12.103447877836297,10,2,0,0,1,9.2,55,12,13,13,3,13,2,2,0,7,"Trey Jacobsen","sa3070419",
"Trent Jordan","LR",22,0,0,7.7142855040881155,11,0,0,0,0,11.2,53,14,12,10,1,3,3,0,0,7,"Trent Jordan","sa3070467",
"Joey Kafka","VAL",,0,1,11.02040773429062,15,0,0,0,0,16.1,88,30,21,20,2,6,5,3,0,7,"Joey Kafka","sa3070474",
"Keagen Kohlhoff","MIZ",19,0,0,6.230769002225986,4,0,0,0,0,4.1,23,2,3,3,0,9,1,2,0,7,"Keagen Kohlhoff","sa3070524",
"Brody Leyboldt","VCU",21,1,2,9,8,0,0,0,0,10,49,11,11,10,2,6,2,2,0,7,"Brody Leyboldt","sa3070600",
"Zachary Malvasio","UCF",20,0,0,3.176470677332897,8,0,0,0,0,5.2,29,5,2,2,0,6,1,0,0,7,"Zachary Malvasio","sa3070661",
"Russ Martin","LR",,0,0,14.4,6,1,0,0,0,5,30,11,8,8,2,4,0,1,0,7,"Russ Martin","sa3070693",
"Grayson McKelvey","ACU",19,0,0,12.272727006723079,7,0,0,0,0,7.1,35,7,10,10,1,6,3,2,0,7,"Grayson McKelvey","sa3070750",
"Walker Morgan","CLT",23,0,0,2.793103356423761,7,2,0,0,0,9.2,39,4,6,3,1,3,2,0,0,7,"Walker Morgan","sa3070817",
"Mason Pilarski","WMU",19,1,0,0,5,0,0,0,0,4.1,20,3,0,0,0,3,1,0,0,7,"Mason Pilarski","sa3071012",
"Liam Rose","UML",,0,0,14.294118047998037,10,0,0,0,0,11.1,62,19,19,18,6,9,0,0,0,7,"Liam Rose","sa3071170",
"Adrian Rubio","SFA",24,0,2,16.5,9,1,0,0,1,6,43,7,13,11,1,13,4,2,0,7,"Adrian Rubio","sa3071179",
"Anthony Scarpino","EKU",,1,0,17.35714344832364,6,0,0,0,0,4.2,32,9,10,9,4,7,2,4,0,7,"Anthony Scarpino","sa3071223",
"Jonathan Strohecker","JMU",,0,0,13.5,9,1,0,0,0,8,55,16,19,12,1,10,6,3,0,7,"Jonathan Strohecker","sa3071392",
"Zak White","BUT",20,0,2,28.173913627581257,7,0,0,0,0,7.2,58,28,26,24,3,5,3,1,0,7,"Zak White","sa3071597",
"Bryce Wilson","UL",19,1,0,7.714285977032729,7,0,0,0,0,4.2,23,7,4,4,0,3,0,0,0,7,"Bryce Wilson","sa3071631",
"Robert Gilchrist","CONN",21,0,1,10.8,10,0,0,0,0,10,55,15,14,12,2,8,0,2,0,7,"Robert Gilchrist","sa3073557",
"Gabe Moorer","BCU",23,0,1,11.812499647960077,5,0,0,0,0,5.1,27,7,7,7,0,5,1,2,0,7,"Gabe Moorer","sa3073765",
"Aidan Norris","EMU",21,0,1,10.565217610342971,11,0,0,0,0,7.2,44,8,9,9,2,10,3,3,0,7,"Aidan Norris","sa3073770",
"Jordan Regulski","DUKE",19,0,2,14.4,12,5,0,0,0,15,97,26,31,24,3,18,4,6,0,7,"Jordan Regulski","sa3073784",
"Thrasher Steed","STET",22,1,0,9.818181605378463,7,0,0,0,0,7.1,34,8,8,8,2,3,2,1,0,7,"Thrasher Steed","sa3073809",
"Steven Bronson","MAN",,1,0,8.485714054496928,8,0,0,0,0,11.2,60,14,15,11,1,10,2,1,0,7,"Steven Bronson","sa3073931",
"Roan Tarbert","FAMU",23,0,0,14.4,6,0,0,0,0,5,29,6,8,8,1,9,0,1,0,7,"Roan Tarbert","sa3073995",
"Cooper Markham","ORE",19,0,0,4.695652271263543,9,0,0,0,0,7.2,35,5,4,4,1,7,0,2,0,7,"Cooper Markham","sa3074055",
"Davis Harper","KENN",,0,0,14.294118047998037,8,0,0,0,0,11.1,64,19,21,18,3,11,0,0,0,7,"Davis Harper","sa3074100",
"Matt Champion","LMU",,0,2,13.034482329977552,5,0,0,0,0,9.2,51,17,14,14,2,3,4,2,0,7,"Matt Champion","sa3074231",
"Dominic DeLoreto","NU",20,1,0,8.100000193119053,14,0,0,0,0,13.1,74,22,16,12,3,10,3,4,0,7,"Dominic DeLoreto","sa3074249",
"Justin Eckrote","UNH",,0,2,12.063829542447566,13,1,0,0,0,15.2,88,20,25,21,2,21,2,3,0,7,"Justin Eckrote","sa3074259",
"Luke Fricker","MIZ",22,0,0,9.391304542527086,10,0,0,0,0,7.2,47,12,10,8,1,10,3,2,1,7,"Luke Fricker","sa3074276",
"Landon Salvesen","UTAH",21,0,0,9.720000370788588,12,0,0,0,0,8.1,46,11,9,9,2,9,2,0,0,7,"Landon Salvesen","sa3074416",
"Owen Shaprow","UMBC",,1,1,9.450000225305562,7,2,0,0,0,6.2,40,12,9,7,1,7,3,0,0,7,"Owen Shaprow","sa3074424",
"Porter Berryman","BRWN",,0,1,5.4,2,1,0,0,0,5,31,7,7,3,0,4,3,0,0,7,"Porter Berryman","sa3074713",
"Tyson Greene","SIU",,0,1,10.216216479539007,13,0,0,0,0,12.1,64,14,16,14,0,12,6,2,0,7,"Tyson Greene","sa3074753",
"Henry Hebert","MRMK",,0,2,21.599999411446724,9,1,0,0,0,11.2,72,29,28,28,7,8,3,1,0,7,"Henry Hebert","sa3074758",
"Ari Kligman","SAC",21,0,0,2.6129033061889926,8,0,0,0,0,10.1,42,4,3,3,1,6,1,3,0,7,"Ari Kligman","sa3074764",
"Billy Mulholland","BRY",22,0,2,2.769230769230769,9,0,0,0,1,13,56,7,5,4,1,7,4,2,0,7,"Billy Mulholland","sa3074789",
"Leo Vitarelli","WIN",,0,0,7.5,4,0,0,0,1,6,34,9,5,5,1,5,2,0,0,7,"Leo Vitarelli","sa3074837",
"Dylan Wood","UGA",19,0,0,3.8571429885163644,6,0,0,0,0,4.2,30,4,4,2,0,9,1,3,0,7,"Dylan Wood","sa3074843",
"Mason Yokum","CIT",21,0,0,7.043478406895314,9,0,0,0,0,7.2,36,3,6,6,1,6,4,1,0,7,"Mason Yokum","sa3074846",
"Richie LaCien","ILL",23,1,0,5.785714482774546,7,1,0,0,0,9.1,46,11,7,6,0,5,1,0,0,7,"Richie LaCien","sa3075134",
"Nicholas Blaszczak","GWEB",21,1,0,9.391304542527086,10,0,0,0,0,7.2,38,8,8,8,1,6,3,0,0,7,"Nicholas Blaszczak","sa3075203",
"Drew Brown","CHSO",20,0,0,9.391304542527086,6,0,0,0,0,7.2,42,8,8,8,0,11,1,3,0,7,"Drew Brown","sa3075204",
"Ty Thomson","KU",21,0,0,6,6,0,0,0,0,6,29,8,4,4,1,4,1,1,0,7,"Ty Thomson","sa3075270",
"Brandon Candelora","CCSU",,1,1,9.281249723397204,7,1,0,0,0,10.2,53,11,13,11,2,10,2,2,0,7,"Brandon Candelora","sa3075332",
"Kade Bryant","NWST",,0,0,2.25,2,0,0,0,1,4,15,3,1,1,0,1,0,1,0,7,"Kade Bryant","sa3075392",
"Anthony Karbowski","LOU",19,1,1,3.375,9,0,0,0,0,8,35,7,4,3,0,2,1,1,0,7,"Anthony Karbowski","sa3075470",
"Jack Lovin","TAR",19,0,1,9,13,0,0,0,0,15,75,16,15,15,4,11,4,2,0,7,"Jack Lovin","sa3075472",
"Rylan Sams","OHIO",,0,0,14.175000337958345,9,0,0,0,0,13.1,79,27,21,21,5,11,3,1,0,7,"Rylan Sams","sa3075515",
"Jack Puvogel","IONA",,0,0,8.67857172416182,10,0,0,0,0,9.1,52,15,15,9,2,5,3,0,0,7,"Jack Puvogel","sa3075543",
"Evan O'Neill","IU",22,0,0,3.6,6,0,0,0,0,5,20,3,2,2,2,1,2,0,0,7,"Evan O'Neill","sa3075581",
"Matt Pearch","YALE",19,0,0,7.269230502596984,5,3,0,0,0,8.2,44,8,8,7,0,8,2,2,0,7,"Matt Pearch","sa3075584",
"Angel Escobar","MVSU",,0,0,9.346153503338979,9,0,0,0,0,8.2,46,9,9,9,1,6,4,1,0,7,"Angel Escobar","sa3075637",
"Andrew Siler","MSU",23,1,0,1.1739130678158858,8,0,0,0,0,7.2,32,5,1,1,1,4,0,0,0,7,"Andrew Siler","sa3075650",
"Jason Demarco","FDU",,1,0,11.571428965549092,4,0,0,0,0,4.2,27,6,6,6,1,6,1,1,0,7,"Jason Demarco","sa3075732",
"Sebastian Neave","QUC",,0,1,6.3947366816185225,8,0,0,0,0,12.2,59,14,10,9,0,4,6,2,0,7,"Sebastian Neave","sa3075989",
"Davis Aiken","COFC",,0,0,8.640000329589856,11,0,0,0,0,8.1,43,12,8,8,2,6,0,1,0,6,"Davis Aiken","sa3025817",
"Chase Ambrose","SELA",,2,0,6.7500002299036375,7,0,0,0,0,9.1,46,12,7,7,2,6,1,0,0,6,"Chase Ambrose","sa3025997",
"Brady Banker","INST",22,1,0,5.399999852861681,14,0,0,0,0,11.2,66,11,11,7,1,16,2,1,0,6,"Brady Banker","sa3026512",
"Ben Barrett","FSU",22,0,0,5.785714482774546,8,0,0,0,0,4.2,21,4,3,3,0,5,0,3,0,6,"Ben Barrett","sa3026626",
"Daren Barrera","RGV",,1,1,10.8,4,0,0,0,0,5,29,7,7,6,0,4,3,1,0,6,"Daren Barrera","sa3026629",
"Eli Bridenthal","XAV",21,1,1,14.850000354051598,8,1,0,0,0,6.2,39,7,11,11,1,9,2,2,0,6,"Eli Bridenthal","sa3027677",
"Braxton Brooks","WES",21,0,1,5.785714482774546,4,0,0,0,0,4.2,26,4,4,3,0,4,2,0,0,6,"Braxton Brooks","sa3027749",
"Brett Denby","WRST",21,0,0,0,4,0,0,0,0,5.2,21,0,0,0,0,4,1,0,0,6,"Brett Denby","sa3030139",
"Colby Diaz","TXST",22,0,0,9,6,0,0,0,0,4,21,6,5,4,1,4,1,1,0,6,"Colby Diaz","sa3030257",
"Erick Diez","LBSU",21,0,1,11.11764737066514,7,0,0,0,0,5.2,31,7,7,7,1,4,3,0,0,6,"Erick Diez","sa3030309",
"Ryan Donley","OAK",,2,1,8.640000329589856,23,0,0,0,1,16.2,84,27,17,16,3,4,7,3,0,6,"Ryan Donley","sa3030454",
"Colin Dowdle","HC",21,0,0,7.7142855040881155,9,0,0,0,0,11.2,64,13,12,10,1,11,6,2,0,6,"Colin Dowdle","sa3030523",
"Adam Enyart","SAC",21,0,0,6.517241164988776,10,0,0,0,0,9.2,50,12,7,7,2,8,3,1,0,6,"Adam Enyart","sa3030963",
"Jacob Gabler","UTA",22,0,1,21.130435220685943,10,0,0,0,0,7.2,53,21,23,18,3,6,2,1,0,6,"Jacob Gabler","sa3031803",
"Lawson Gailey","USF",22,0,0,6,8,0,0,0,0,9,45,9,6,6,1,12,0,0,0,6,"Lawson Gailey","sa3031822",
"Peter Haas","IU",23,1,0,9.180000350189223,14,1,0,0,0,16.2,83,23,17,17,4,8,3,2,0,6,"Peter Haas","sa3032913",
"Jacob Havern","UTA",22,0,4,11.4,14,3,0,0,0,15,83,21,27,19,3,15,2,5,0,6,"Jacob Havern","sa3033416",
"Brock Hill","UNO",,0,0,7.269230502596984,7,0,0,0,0,8.2,41,10,8,7,1,3,2,0,0,6,"Brock Hill","sa3033808",
"Matt Kalfas","FAIR",,0,1,16.5,4,0,0,0,0,6,36,9,12,11,1,9,1,2,0,6,"Matt Kalfas","sa3035038",
"Isaac Kopalchick","LAS",23,0,0,14.538461005193968,5,0,0,0,0,4.1,24,4,8,7,0,2,3,0,0,6,"Isaac Kopalchick","sa3035637",
"Ryan Kutz","LIP",,1,1,15.3,8,2,0,0,0,10,59,21,17,17,2,5,6,0,0,6,"Ryan Kutz","sa3035803",
"Ryan Lamar","UAPB",,1,0,11.25,9,0,0,0,0,8,42,8,12,10,1,12,1,7,0,6,"Ryan Lamar","sa3035863",
"Ethan Lewis","YALE",22,0,1,7.902438840576757,10,0,0,0,0,13.2,69,13,14,12,1,11,6,4,0,6,"Ethan Lewis","sa3036297",
"Dan Mateffy","HC",,1,2,16.714285714285715,7,1,0,0,0,7,43,15,14,13,1,7,0,1,0,6,"Dan Mateffy","sa3037278",
"Will Perkowski","DAY",,1,1,19.8,7,1,0,0,0,5,33,10,11,11,3,6,2,0,0,6,"Will Perkowski","sa3039735",
"Jonathan Peterson","SHU",22,0,1,16.392857701194547,9,0,0,0,0,9.1,62,12,18,17,2,15,8,6,3,6,"Jonathan Peterson","sa3039780",
"Will Saxenmeyer","SHU",,0,0,22.304348288501828,8,0,0,0,0,7.2,57,10,21,19,1,19,4,1,0,6,"Will Saxenmeyer","sa3041627",
"Nate Shaw","WRST",22,0,0,3.6,5,0,0,0,0,5,22,4,2,2,1,3,1,1,0,6,"Nate Shaw","sa3042091",
"Brett Sherrard","BUT",,0,0,15.882353386664485,6,0,0,0,1,5.2,33,12,11,10,1,4,2,1,0,6,"Brett Sherrard","sa3042164",
"Justin Spencer","UMES",,0,0,0,3,0,0,0,0,6,23,4,0,0,0,2,0,1,0,6,"Justin Spencer","sa3042832",
"Steven Trone","CIT",,0,1,8.485714054496928,12,0,0,0,0,11.2,63,19,14,11,4,4,5,1,0,6,"Steven Trone","sa3044077",
"TJ Winn","CCSU",,0,0,9,11,0,0,0,0,12,63,21,14,12,0,5,1,2,0,6,"TJ Winn","sa3045454",
"Owen Zadrozny","MRMK",24,1,2,5.6842103836609095,13,0,0,0,0,12.2,66,10,8,8,0,16,7,3,0,6,"Owen Zadrozny","sa3045780",
"Caden Alvey","MER",,0,0,1.9285714942581822,8,0,0,0,0,4.2,22,6,3,1,0,1,1,0,0,6,"Caden Alvey","sa3058490",
"Ty Barnett","TNTC",20,0,4,20.64705940266383,12,2,0,0,1,11.1,81,28,27,26,3,16,2,7,0,6,"Ty Barnett","sa3058554",
"Mason Bell","USI",23,0,1,12.913043745974743,11,0,0,0,0,7.2,40,10,11,11,1,8,0,2,0,6,"Mason Bell","sa3058607",
"Ashton Branson","DBU",,1,0,27.00000091961455,8,0,0,0,0,4.2,37,14,14,14,3,7,2,0,0,6,"Ashton Branson","sa3058717",
"England Bryan","VAN",20,0,1,10.124999698251495,3,0,0,0,1,5.1,25,7,6,6,1,2,0,2,0,6,"England Bryan","sa3058758",
"Brody Fahnestock","OAK",20,0,1,9,1,1,0,0,0,4,21,4,5,4,0,2,2,0,0,6,"Brody Fahnestock","sa3059158",
"Christian Forniss","NU",19,0,0,9.818181605378463,6,1,0,0,0,7.1,39,5,8,8,2,10,5,1,1,6,"Christian Forniss","sa3059209",
"Hunter Frost","VAL",,0,0,10.8,9,0,0,0,0,10,60,17,13,12,2,11,3,1,0,6,"Hunter Frost","sa3059242",
"Charlie Giese","UTA",21,0,0,6.096774381107649,7,0,0,0,0,10.1,57,19,10,7,1,4,3,0,0,6,"Charlie Giese","sa3059295",
"Jake Gregor","LOU",20,0,0,6.750000160932545,9,0,0,0,0,6.2,37,11,5,5,1,4,1,0,0,6,"Jake Gregor","sa3059353",
"AJ Hiestand","EIU",,0,0,9,7,1,0,0,0,9,44,12,10,9,1,3,1,0,0,6,"AJ Hiestand","sa3059491",
"Easton Jones","UTAH",20,1,0,4.218749874271456,9,0,0,0,0,10.2,50,10,7,5,1,6,1,0,0,6,"Easton Jones","sa3059620",
"Brody Linker","PRES",,0,1,14.210525959152273,7,1,0,0,0,6.1,35,12,10,10,1,6,1,2,0,6,"Brody Linker","sa3059820",
"Noah Melancon","NICH",,1,0,0,3,1,0,0,0,6,24,4,0,0,0,2,1,1,0,6,"Noah Melancon","sa3060010",
"Johnny Montgomery","NIA",22,0,1,9.642857471290911,11,1,0,0,0,18.2,99,19,24,20,0,11,12,2,0,6,"Johnny Montgomery","sa3060070",
"Cade Mustard","ELON",,0,0,16.67647105599771,13,0,0,0,0,11.1,70,21,23,21,1,13,3,5,0,6,"Cade Mustard","sa3060118",
"Keegan O'Hearn","MICH",21,0,0,6.136363503361539,11,0,0,0,0,7.1,40,6,5,5,0,9,4,3,0,6,"Keegan O'Hearn","sa3060175",
"Anthony Pesci","ALA",20,0,0,0,5,0,0,0,0,5.2,26,4,0,0,0,4,0,0,0,6,"Anthony Pesci","sa3060250",
"Tate Robertson","ALA",23,0,0,4.5,5,0,0,0,0,4,22,3,4,2,0,5,0,0,0,6,"Tate Robertson","sa3060388",
"Mason Russell","ARIZ",20,0,0,2.25,3,0,0,0,0,4,17,2,1,1,0,4,0,1,0,6,"Mason Russell","sa3060451",
"Colin Skermont","LEM",,0,2,16.783784216385513,9,2,0,0,0,12.1,91,20,28,23,3,27,6,9,0,6,"Colin Skermont","sa3060588",
"Sage Stout","USI",20,0,0,13.5,12,0,0,0,0,8,45,9,12,12,2,9,3,3,0,6,"Sage Stout","sa3060680",
"Luke Puffinbarger","ORU",,0,0,24.923076008903944,5,1,0,0,0,4.1,29,4,12,12,2,9,3,1,0,6,"Luke Puffinbarger","sa3065391",
"Kyle Rossy","SIUE",22,0,0,7.105262979576136,8,0,0,0,0,6.1,41,7,5,5,1,6,4,3,0,6,"Kyle Rossy","sa3065400",
"Tyler Phenow","TCU",20,0,0,11.7,13,0,0,0,0,10,56,20,13,13,2,7,2,2,0,6,"Tyler Phenow","sa3065592",
"Micah Summar","TNTC",,0,0,12.960000494384785,10,0,0,0,0,8.1,57,19,13,12,3,11,2,3,0,6,"Micah Summar","sa3065763",
"Eli Hoyt","LOU",23,1,0,1.5,7,0,0,0,0,6,32,4,1,1,0,11,0,2,0,6,"Eli Hoyt","sa3065931",
"Brendan Cowen","UVA",20,0,0,6.230769002225986,5,0,0,0,0,4.1,26,8,4,3,0,4,0,1,0,6,"Brendan Cowen","sa3066429",
"Hazen Lancaster","UNCG",23,0,0,11.368420767321819,6,0,0,0,0,6.1,31,10,8,8,4,1,0,2,0,6,"Hazen Lancaster","sa3066437",
"Kian Vorster","LOU",19,1,0,14.294118047998037,8,2,0,0,0,5.2,37,9,10,9,1,12,1,1,0,6,"Kian Vorster","sa3066493",
"Stetson Callaway","FGCU",21,0,0,21,5,0,0,0,0,3,22,7,8,7,0,4,2,2,0,6,"Stetson Callaway","sa3066533",
"Alexander Kasbarian","CCSU",,0,1,4.090909090909091,11,0,0,0,0,11,55,11,7,5,0,7,2,1,0,6,"Alexander Kasbarian","sa3066624",
"Carver Pleasant","UNCW",,0,1,8.526315575491363,11,0,0,0,0,6.1,34,10,7,6,0,3,1,2,0,6,"Carver Pleasant","sa3066832",
"Chase Clatur","BGSU",20,0,0,10.124999698251495,8,0,0,0,0,5.1,34,10,7,6,1,7,0,3,0,6,"Chase Clatur","sa3066843",
"Brad Grindlinger","LBSU",,0,0,1.3500000321865089,7,0,0,0,0,6.2,31,3,3,1,1,6,1,1,0,6,"Brad Grindlinger","sa3066977",
"Jett Hope","APSU",20,3,3,10,7,0,0,0,0,9,43,9,10,10,2,7,2,1,0,6,"Jett Hope","sa3066979",
"Sean Harris","NORF",,0,0,10.384615003709976,12,0,0,0,0,8.2,59,19,17,10,0,8,4,1,0,6,"Sean Harris","sa3067006",
"Kyler Bacosa","SJSU",,0,0,6.9677421498373135,10,0,0,0,0,10.1,52,10,8,8,0,14,2,3,0,6,"Kyler Bacosa","sa3069531",
"Roman Bracamonte","CSUB",,0,1,12.214285714285714,8,6,0,0,0,14,78,26,21,19,3,9,2,1,0,6,"Roman Bracamonte","sa3069654",
"Taggert Cameron","FIU",19,0,0,6.75,4,0,0,0,0,4,22,5,3,3,0,4,1,0,0,6,"Taggert Cameron","sa3069727",
"Cade Castles","UCI",19,0,3,9,9,4,0,0,0,16,82,24,20,16,3,5,6,5,0,6,"Cade Castles","sa3069767",
"Sean Connolly","STO",,0,0,18.360000700378446,10,2,0,0,0,8.1,54,15,18,17,3,9,4,0,0,6,"Sean Connolly","sa3069834",
"Camden Cooper","OAK",,0,2,15.2830194179254,13,1,0,0,1,17.2,105,37,31,30,6,13,4,2,0,6,"Camden Cooper","sa3069843",
"Owen Corbett","ALST",20,0,0,13.49999959766866,8,0,0,0,0,5.1,34,9,8,8,0,9,3,3,0,6,"Owen Corbett","sa3069848",
"Payton Dixon","NEV",20,0,0,7.5,6,0,0,0,0,6,28,6,5,5,1,2,2,1,0,6,"Payton Dixon","sa3069962",
"Aidan Dorsch","YSU",22,0,2,20.769230007419953,8,3,0,0,0,8.2,58,19,21,20,1,10,4,3,0,6,"Aidan Dorsch","sa3069970",
"Noah Durham","STO",,0,2,7.105262979576136,2,2,0,0,0,6.1,32,7,6,5,2,3,2,0,0,6,"Noah Durham","sa3069993",
"Thomas Ealey","NORF",20,0,1,9.642857471290911,4,2,0,0,0,4.2,33,7,12,5,1,8,1,3,0,6,"Thomas Ealey","sa3070003",
"Sachin Gopal","NAVY",,0,0,9,5,0,0,0,0,6,31,6,6,6,1,5,2,1,0,6,"Sachin Gopal","sa3070195",
"Shane Johnson","ORE",19,1,0,8.30769200296798,6,0,0,0,0,4.1,23,4,4,4,0,4,2,2,0,6,"Shane Johnson","sa3070453",
"Cade Kunz","UNCO",,0,0,18.56249944679441,8,0,0,0,0,5.1,38,11,11,11,0,6,5,3,0,6,"Cade Kunz","sa3070544",
"Clint Lafferty","MVSU",,1,1,5.744680734498841,5,2,0,0,0,15.2,73,17,13,10,1,9,2,2,0,6,"Clint Lafferty","sa3070549",
"Colton Landtiser","OHIO",,0,2,10.968749673105785,8,4,0,0,0,10.2,73,16,17,13,1,20,5,2,1,6,"Colton Landtiser","sa3070557",
"Sean McCabe","COFC",19,0,0,10.8,4,0,0,0,0,5,26,9,6,6,1,2,0,0,0,6,"Sean McCabe","sa3070720",
"Dylan McCarthy","W&M",19,0,0,8.67857172416182,8,0,0,0,0,9.1,49,10,9,9,3,10,3,1,0,6,"Dylan McCarthy","sa3070723",
"Jack Morris","UPST",20,0,0,10.124999698251495,5,0,0,0,0,2.2,20,6,3,3,1,6,0,1,0,6,"Jack Morris","sa3070822",
"Brian Nunez","SLU",,0,0,27.00000091961455,8,0,0,0,0,4.2,40,9,16,14,2,11,5,1,0,6,"Brian Nunez","sa3070896",
"Landon ODonnell","USF",21,2,0,8.100000193119053,12,0,0,0,3,6.2,37,10,7,6,0,7,1,1,0,6,"Landon ODonnell","sa3070904",
"Brendan Opat","NJIT",,0,1,3.7674419440212237,12,1,0,0,1,14.1,69,14,12,6,2,9,3,1,0,6,"Brendan Opat","sa3070920",
"Will Patterson","ACU",21,0,0,10.80000041198732,8,0,0,0,0,8.1,50,14,13,10,1,9,1,1,0,6,"Will Patterson","sa3070962",
"Ryan Prior","UVA",19,0,0,13.5,5,0,0,0,0,4,27,9,9,6,2,4,1,0,0,6,"Ryan Prior","sa3071043",
"Jack Reyes","HC",,1,1,8.357142857142858,9,0,0,0,0,14,80,20,14,13,2,10,6,2,0,6,"Jack Reyes","sa3071096",
"Nick Staszak","MER",21,0,0,25.411765418663176,9,0,0,0,0,5.2,39,14,16,16,3,5,3,0,2,6,"Nick Staszak","sa3071361",
"Grayson Stroumpis","WES",,0,1,22.23529474133028,4,1,0,0,0,5.2,40,11,16,14,2,5,6,7,0,6,"Grayson Stroumpis","sa3071394",
"Eric Torrero","MVSU",,0,2,17.25,9,3,0,0,0,12,73,23,23,23,3,11,3,3,0,6,"Eric Torrero","sa3071469",
"Connor Usowski","LEM",,0,1,13.787233762797218,11,1,0,0,1,15.2,92,26,26,24,2,15,4,6,0,6,"Connor Usowski","sa3071497",
"Taylor Waldron","JVST",21,0,0,12.461538004451972,2,1,0,0,0,4.1,21,5,6,6,2,2,1,0,0,6,"Taylor Waldron","sa3071545",
"Evan Wilson","RICH",,1,0,11.25,6,0,0,0,0,8,42,11,11,10,2,4,3,4,0,6,"Evan Wilson","sa3071633",
"Will Yeary","ORU",20,1,0,12.375,9,0,0,0,0,8,44,13,11,11,5,5,2,0,0,6,"Will Yeary","sa3071673",
"Ian Lenius","UTAH",19,2,2,8.640000329589856,12,0,0,0,1,8.1,43,11,10,8,3,7,2,3,0,6,"Ian Lenius","sa3073574",
"Sam Mitchell","USM",18,0,0,5.4,7,0,0,0,0,5,26,4,3,3,0,7,0,2,0,6,"Sam Mitchell","sa3073762",
"Colton Starling","WCU",,0,0,4.764706015999345,5,0,0,0,0,5.2,23,4,3,3,1,1,2,0,0,6,"Colton Starling","sa3073808",
"Josh Fleming","MUR",,0,0,9.9,10,0,0,0,0,10,54,15,12,11,1,7,2,1,0,6,"Josh Fleming","sa3073950",
"Spencer Kratt","SJSU",22,0,0,14.040000535583516,5,1,0,0,0,8.1,49,15,14,13,4,9,3,3,0,6,"Spencer Kratt","sa3073970",
"Benny Whiteaker","NCAT",,0,0,3.176470677332897,9,1,0,0,0,11.1,55,8,6,4,0,7,4,3,0,6,"Benny Whiteaker","sa3074003",
"Daniel McIntosh","SOU",19,1,0,1.5,8,1,0,0,0,12,51,11,3,2,0,6,1,2,0,6,"Daniel McIntosh","sa3074058",
"Billy Eich","KSU",22,1,0,7.560000288391124,6,1,0,0,0,8.1,42,6,7,7,2,11,1,2,0,6,"Billy Eich","sa3074088",
"Aiden Emrich","SHU",,0,2,10.323529701331916,11,3,0,0,1,11.1,63,10,14,13,3,16,4,4,0,6,"Aiden Emrich","sa3074089",
"Dillon ONeil","WSU",21,0,0,15.187499547377243,7,0,0,0,0,5.1,33,7,9,9,2,4,6,0,0,6,"Dillon ONeil","sa3074125",
"Jake Spindler","TTU",19,0,0,9,5,0,0,0,0,4,20,2,5,4,0,5,2,1,0,6,"Jake Spindler","sa3074147",
"Aaron Blum","OHIO",23,0,0,9.52941203199869,11,0,0,0,0,11.1,63,9,13,12,0,17,4,3,0,6,"Aaron Blum","sa3074210",
"John Caddell","FDU",,0,2,13.50000032186509,5,0,0,0,0,6.2,34,9,10,10,1,4,2,2,0,6,"John Caddell","sa3074221",
"Cole Draper","WOF",,0,0,6.2790699067020395,12,1,0,0,0,14.1,62,16,11,10,2,7,0,1,0,6,"Cole Draper","sa3074256",
"AJ Holmes","MRMK",,0,0,1.0384615003709976,5,0,0,0,0,8.2,40,6,5,1,0,4,3,2,0,6,"AJ Holmes","sa3074311",
"Landon Majerus","STMN",,0,0,20.25,8,0,0,0,0,8,54,11,18,18,1,15,5,1,0,6,"Landon Majerus","sa3074349",
"Elias Valdez","PAC",22,0,0,11.571428571428571,8,0,0,0,0,7,41,5,10,9,1,12,3,3,0,6,"Elias Valdez","sa3074444",
"Nick Falla","SDSU",21,0,0,7.2,5,0,0,0,0,5,24,7,4,4,0,1,2,1,1,6,"Nick Falla","sa3074742",
"Jacob Vanover","MORE",21,0,0,5.6842103836609095,6,0,0,0,0,6.1,28,9,4,4,3,3,0,0,0,6,"Jacob Vanover","sa3074834",
"Owen Yarussi","ODU",20,0,0,14.850000354051598,12,0,0,0,0,6.2,43,12,11,11,1,8,3,2,0,6,"Owen Yarussi","sa3074845",
"Luke Cornelison","ARK",19,0,0,4.5,4,0,0,0,0,6,27,7,4,3,2,2,0,1,0,6,"Luke Cornelison","sa3074986",
"Adam Shipley","SLU",,0,1,11.02040773429062,11,0,0,0,0,16.1,85,22,22,20,2,13,2,1,0,6,"Adam Shipley","sa3075017",
"Parker Heintz","FRES",19,0,1,3.1395349533510197,4,3,0,0,1,14.1,58,8,5,5,2,7,0,2,1,6,"Parker Heintz","sa3075128",
"Isaak Crittenden","OMA",,1,0,6.585365700480631,11,1,0,0,0,13.2,74,17,19,10,1,14,2,3,0,6,"Isaak Crittenden","sa3075169",
"Keegan Luxem","UIC",,0,0,12.913043745974743,7,2,0,0,0,7.2,43,8,11,11,3,8,5,4,0,6,"Keegan Luxem","sa3075236",
"Arlo Pendleton","CP",,0,0,2.892857241387273,9,0,0,0,0,9.1,42,6,3,3,0,7,3,1,1,6,"Arlo Pendleton","sa3075250",
"Peter Underwood","LIN",,0,0,7.5,6,0,0,0,0,6,31,7,6,5,0,5,2,1,0,6,"Peter Underwood","sa3075271",
"Blake Crawford","ORE",20,0,0,4.764706015999345,9,0,0,0,0,5.2,29,3,3,3,1,8,1,1,0,6,"Blake Crawford","sa3075340",
"Ethan Felling","MINN",19,0,0,19.285714942581823,4,0,0,0,0,2.1,18,4,6,5,0,4,3,0,0,6,"Ethan Felling","sa3075344",
"Kai Giro","MASS",23,0,0,18,5,0,0,0,0,6,39,13,12,12,2,7,4,0,0,6,"Kai Giro","sa3075348",
"Jack Zimmerman","DAY",,1,0,4,12,0,0,0,0,9,44,4,4,4,1,7,7,0,0,6,"Jack Zimmerman","sa3075380",
"Manny Lantigua","FSU",18,1,0,1.5882353386664485,6,1,0,0,0,5.2,27,6,1,1,1,4,0,0,0,6,"Manny Lantigua","sa3075431",
"Corbin Walter","TAR",18,0,0,17.280000659179713,7,0,0,0,0,8.1,53,22,16,16,1,6,0,4,0,6,"Corbin Walter","sa3075481",
"DC Brown","RICE",20,0,0,6,5,0,0,0,0,3,18,3,3,2,0,3,3,1,1,6,"DC Brown","sa3075525",
"Bryce Intagliata","UTU",21,0,0,9,13,0,0,0,0,8,39,11,8,8,1,2,3,0,0,6,"Bryce Intagliata","sa3075572",
"Nick Romer","SJU",,1,1,2.25,12,0,0,0,1,12,51,8,3,3,0,2,5,1,0,6,"Nick Romer","sa3075647",
"Austin Weiss","MD",19,0,1,7.043478406895314,6,2,0,0,0,7.2,39,5,8,6,0,9,2,0,0,6,"Austin Weiss","sa3075843",
"Eamon Giblin","SBU",,0,0,6,8,0,0,0,0,12,63,16,9,8,2,9,2,2,0,6,"Eamon Giblin","sa3075870",
"Tanner Crispin","UIW",,0,1,6.3,10,0,0,0,0,10,43,11,8,7,3,1,0,0,0,6,"Tanner Crispin","sa3075958",
"Nicholas French","CARK",,0,1,22.736841534643638,7,0,0,0,0,6.1,39,13,17,16,5,2,6,1,0,6,"Nicholas French","sa3075983",
"Mikey Ragusa","NCSU",18,0,0,6.428571428571429,6,0,0,0,0,7,31,4,5,5,0,7,0,0,0,6,"Mikey Ragusa","sa3076189",
"Robert Aivazian","SCU",22,0,1,10.8,5,3,0,0,0,5,30,3,8,6,1,11,0,1,0,5,"Robert Aivazian","sa3025823",
"Ganon Archer","IOWA",22,1,0,9.219511980672884,17,0,0,0,0,13.2,66,14,14,14,1,9,3,2,0,5,"Ganon Archer","sa3026151",
"Reece Bueno","USD",,0,0,6.230769002225986,5,0,0,0,0,4.1,23,3,3,3,0,5,3,4,0,5,"Reece Bueno","sa3027983",
"Trevor Busyn","UTM",22,0,1,9.346153503338979,8,0,0,0,1,8.2,48,14,12,9,2,6,1,4,0,5,"Trevor Busyn","sa3028149",
"Louis Cespedes","MRMK",,0,2,8.357142857142858,10,0,0,0,0,14,70,14,14,13,2,14,1,2,0,5,"Louis Cespedes","sa3028711",
"Brooks Chamberlin","PRES",21,0,2,13.212765689347334,14,0,0,0,0,15.2,87,29,26,23,4,12,2,2,0,5,"Brooks Chamberlin","sa3028722",
"Josh Cottrill","LONG",,0,0,0,1,0,0,0,1,3,11,0,0,0,0,2,0,1,0,5,"Josh Cottrill","sa3029458",
"Bryce Cruz","PAC",21,0,0,7.714285714285714,4,0,0,0,0,7,40,16,10,6,3,1,1,0,0,5,"Bryce Cruz","sa3029635",
"Tyler Deleskiewicz","NIU",22,0,0,11.571428965549092,7,0,0,0,0,4.2,28,5,6,6,1,4,5,4,0,5,"Tyler Deleskiewicz","sa3030079",
"Maret Drye","NKU",23,0,0,10.124999698251495,4,0,0,0,0,2.2,16,2,3,3,0,6,0,4,0,5,"Maret Drye","sa3030586",
"Anthony Ehly","HALL",22,0,0,0,2,0,0,0,0,2.1,10,1,0,0,0,0,2,0,0,5,"Anthony Ehly","sa3030841",
"Lawrence Elinson","LIU",,0,0,10,10,0,0,0,0,9,51,19,14,10,2,2,3,1,0,5,"Lawrence Elinson","sa3030872",
"Kane Elmy","MUR",23,0,0,10.8,3,1,0,0,0,5,27,8,6,6,1,3,2,0,0,5,"Kane Elmy","sa3030914",
"Hayden Estes","NJIT",,1,1,9,13,0,0,0,0,9,58,14,17,9,1,11,5,1,0,5,"Hayden Estes","sa3031038",
"Grady Golier","LEH",,0,0,34.36363561882462,5,0,0,0,0,3.2,36,13,14,14,1,6,6,2,2,5,"Grady Golier","sa3032370",
"Ethan Harden","AUB",23,0,0,7.105262979576136,9,0,0,0,0,6.1,32,9,6,5,2,4,1,1,0,5,"Ethan Harden","sa3033199",
"Jack Iannibelli","GWEB",22,1,0,5,12,0,0,0,0,9,45,11,5,5,3,7,0,1,0,5,"Jack Iannibelli","sa3034398",
"Chase Keen","OHIO",22,0,2,33,7,2,0,0,0,3,36,9,15,11,1,16,0,1,0,5,"Chase Keen","sa3035149",
"Dylan King","TROY",,0,0,9.947368171406591,8,0,0,0,0,6.1,33,8,7,7,2,7,1,1,0,5,"Dylan King","sa3035399",
"Tommy Lamar","LEH",23,0,0,9.947368171406591,10,1,0,0,0,6.1,41,9,8,7,0,10,3,0,0,5,"Tommy Lamar","sa3035864",
"Jonah Marshall","UTU",24,0,0,0.9310344521412536,15,0,0,0,0,9.2,41,3,1,1,0,5,4,3,0,5,"Jonah Marshall","sa3037113",
"Tyler Mecchella","FIU",23,1,0,12.272727006723079,5,0,0,0,0,3.2,21,3,5,5,0,5,2,2,0,5,"Tyler Mecchella","sa3037770",
"Frank Menendez","MIA",21,0,0,18.56249944679441,9,0,0,0,0,5.1,36,10,12,11,0,12,0,1,0,5,"Frank Menendez","sa3037866",
"Chase Meyer","WVU",21,1,0,2.7000000643730178,2,0,0,0,0,3.1,16,0,1,1,0,3,3,2,0,5,"Chase Meyer","sa3037938",806163
"Shane ONeill","LEH",22,0,2,14.727272408067694,8,3,0,0,0,7.1,40,11,12,12,3,5,1,1,0,5,"Shane ONeill","sa3039168",
"Nic Peterson","UCSB",21,0,0,6.352941354665794,6,0,0,0,0,5.2,32,6,4,4,0,8,1,1,0,5,"Nic Peterson","sa3039790",
"Colin Ruddy","MONM",,0,0,1.2857142857142858,5,0,0,0,0,7,27,4,2,1,0,2,0,0,0,5,"Colin Ruddy","sa3041258",
"Evan Saulys","SIE",22,0,2,13.5,8,1,0,0,0,8,51,11,16,12,2,8,6,2,0,5,"Evan Saulys","sa3041597",
"Joe Seiber","VAL",,1,0,15.677419837133955,10,0,0,0,0,10.1,63,23,18,18,1,6,5,3,0,5,"Joe Seiber","sa3041933",
"Koen Smith","FOR",21,0,0,45.900001094341306,5,1,0,0,0,3.1,35,9,17,17,0,13,2,2,0,5,"Koen Smith","sa3042590",
"Peyton Smith","VT",23,1,0,8.30769200296798,6,0,0,0,1,4.1,25,7,8,4,2,3,2,1,0,5,"Peyton Smith","sa3042621",
"Carter Wall","SJU",21,0,0,10.384615003709976,8,0,0,0,0,4.1,25,4,5,5,1,7,2,0,0,5,"Carter Wall","sa3044689",
"Patrick Ward","FAU",23,0,1,7.5937497736886215,12,0,0,0,0,10.2,51,15,9,9,2,4,3,0,1,5,"Patrick Ward","sa3044787",
"Dorsy Asencio","URI",,1,0,7.7142855040881155,12,0,0,0,0,11.2,60,11,11,10,1,10,5,0,0,5,"Dorsy Asencio","sa3058523",
"Blaine Brown","TENN",20,0,0,3,4,4,0,0,0,3,14,1,1,1,0,3,1,0,0,5,"Blaine Brown","sa3058741",
"Henry Brummel","ILST",,0,0,6.230769002225986,2,0,0,0,0,4.1,22,5,4,3,1,2,1,0,0,5,"Henry Brummel","sa3058752",
"Matthew Delvecchio","FIU",,0,0,9,7,2,0,0,0,9,47,14,9,9,0,4,4,2,0,5,"Matthew Delvecchio","sa3059033",
"Kadden Drew","MIZ",,0,1,8.437499748542912,12,0,0,0,0,10.2,56,15,10,10,2,7,3,1,1,5,"Kadden Drew","sa3059082",
"Myles Green","UNO",21,0,1,12,6,0,0,0,0,6,33,10,9,8,1,5,0,1,0,5,"Myles Green","sa3059349",
"Dillon Haftorson","LIN",,1,1,7.875,9,0,0,0,0,8,43,14,7,7,2,3,2,0,0,5,"Dillon Haftorson","sa3059386",
"Jackson Judy","DAY",,0,0,27.00000091961455,8,0,0,0,0,4.2,36,12,15,14,1,5,4,2,0,5,"Jackson Judy","sa3059635",
"Sam Maclaughlin","MOST",21,0,0,5.062499849125747,10,0,0,0,0,5.1,32,6,3,3,1,9,4,1,0,5,"Sam Maclaughlin","sa3059886",
"Ryan Mejia","DSU",,0,1,27.000000559765372,7,2,0,0,0,7.2,59,17,23,23,1,15,3,6,0,5,"Ryan Mejia","sa3060008",
"John Ondus","NIA",,1,0,4.5,6,0,0,0,0,6,34,6,4,3,0,7,3,1,0,5,"John Ondus","sa3060179",
"Ethan Rowland","EMU",22,0,0,2.3478261356317716,8,0,0,0,0,7.2,44,3,3,2,0,11,4,3,0,5,"Ethan Rowland","sa3060439",
"Alberto Santos IV","AMCC",20,0,0,30.857143908130915,4,0,0,0,0,2.1,22,7,8,8,1,6,2,2,0,5,"Alberto Santos IV","sa3060489",
"Connor Shaw","SDSU",19,0,0,9.642857471290911,4,0,0,0,0,4.2,23,6,5,5,1,3,1,0,0,5,"Connor Shaw","sa3060556",
"Cranz Smelcer","AFA",20,2,0,7.448275617130029,5,3,0,0,0,9.2,46,10,9,8,2,6,2,0,0,5,"Cranz Smelcer","sa3060597",
"Brendan Strenke","CREI",22,0,0,6,5,0,0,0,0,3,16,3,2,2,1,3,1,0,0,5,"Brendan Strenke","sa3060683",
"Colin Wolfe","USI",,0,0,7.875,8,0,0,0,0,8,37,11,8,7,0,4,0,0,0,5,"Colin Wolfe","sa3060955",
"Landon Sexton","MTSU",22,1,1,6.136363503361539,8,1,0,0,0,7.1,39,6,6,5,0,8,4,5,0,5,"Landon Sexton","sa3062679",
"Peter Schaefer","BC",25,1,0,5.225806612377985,9,0,0,0,0,10.1,52,5,6,6,0,14,4,1,0,5,"Peter Schaefer","sa3062895",
"Ayden Gonzalez","UMBC",20,0,0,20.24999939650299,6,0,0,0,0,5.1,29,8,12,12,0,4,2,0,0,5,"Ayden Gonzalez","sa3065046",
"Walker Shaw","MTSU",,0,0,3.8571429885163644,6,0,0,0,0,4.2,22,2,2,2,1,6,2,0,0,5,"Walker Shaw","sa3065131",
"Kyle Peters","CONN",21,0,0,12.789473363237045,3,0,0,0,0,6.1,33,12,9,9,2,0,2,2,0,5,"Kyle Peters","sa3065383",
"Drew Medley","COFC",,0,0,7.468084954848493,10,1,0,0,0,15.2,69,17,14,13,2,5,2,0,0,5,"Drew Medley","sa3065571",
"Brady Thompson","UNCW",20,1,0,0,6,0,0,0,0,5.1,21,3,0,0,0,1,2,0,0,5,"Brady Thompson","sa3065615",
"Nick Murphy","CCSU",22,0,1,15.6315785550675,7,3,0,0,0,12.2,74,33,22,22,1,6,2,1,1,5,"Nick Murphy","sa3066221",
"Ross Fowler","NCAT",,0,0,11.571428965549092,6,0,0,0,0,4.2,30,5,6,6,0,6,5,0,0,5,"Ross Fowler","sa3066313",
"Brandon Rice","MSM",22,0,0,10.285714285714286,7,0,0,0,0,7,37,12,12,8,1,4,2,0,0,5,"Brandon Rice","sa3066335",
"Logan Voelz","RICE",20,0,0,4.263157787745682,6,0,0,0,0,6.1,29,3,3,3,1,5,2,1,0,5,"Logan Voelz","sa3066348",
"Sam Stevens","XAV",19,1,0,5.142857142857143,4,0,0,0,0,7,35,11,5,4,1,2,0,1,0,5,"Sam Stevens","sa3066448",
"Logan Wirt","BCU",21,0,0,6.096774381107649,9,0,0,0,1,10.1,52,10,8,7,1,6,4,3,0,5,"Logan Wirt","sa3066653",
"Wes Moore","GAST",22,0,0,9,7,0,0,0,0,5,27,4,5,5,1,7,2,0,0,5,"Wes Moore","sa3066799",
"Luke Riggs","OAK",21,0,0,12.960000494384785,10,0,0,0,0,8.1,47,9,12,12,3,5,9,0,0,5,"Luke Riggs","sa3066818",
"Cooper Moore","ORU",,0,1,20.64705940266383,6,0,0,0,0,5.2,36,7,15,13,0,10,2,2,0,5,"Cooper Moore","sa3066898",
"Ian Standlee","ARMY",,0,0,6,4,0,0,0,0,6,32,11,4,4,0,5,0,0,0,5,"Ian Standlee","sa3066929",
"Tate Smith","UNCO",22,0,0,27.00000091961455,8,0,0,0,0,4.2,36,8,14,14,2,11,3,3,0,5,"Tate Smith","sa3067186",
"Adam Baker","CLT",21,0,0,7.5,5,2,0,0,0,6,29,5,5,5,1,6,1,2,0,5,"Adam Baker","sa3069538",
"Heath Betza","MERC",,0,1,23.884614508532945,7,1,0,0,0,8.2,63,18,24,23,2,13,8,3,0,5,"Heath Betza","sa3069607",
"Dalton Biggs","MER",,0,0,9,8,0,0,0,0,8,44,17,8,8,5,4,0,0,0,5,"Dalton Biggs","sa3069612",
"Ty Burns","MVSU",,0,2,24.75,3,0,0,0,0,4,26,11,11,11,0,5,1,1,0,5,"Ty Burns","sa3069710",
"Johnny Escobalez Jr.","MVSU",,0,0,27.00000091961455,5,0,0,0,0,4.2,41,14,14,14,3,8,1,2,0,5,"Johnny Escobalez Jr.","sa3070036",
"Sumner Estes","YSU",21,0,0,1.2857142857142858,8,0,0,0,2,7,33,4,6,1,0,6,1,1,0,5,"Sumner Estes","sa3070039",
"Brent Evans","DSU",,0,1,20.863635911429235,6,0,0,0,0,7.1,50,15,19,17,6,9,5,2,1,5,"Brent Evans","sa3070042",
"Ethan Fuller","MVSU",,0,0,18,6,0,0,0,0,5,34,4,10,10,1,10,5,3,0,5,"Ethan Fuller","sa3070131",
"Grant Gardner","APP",19,0,0,26.99999900964594,4,3,0,0,0,4.1,32,9,14,13,2,8,3,3,0,5,"Grant Gardner","sa3070144",
"Ian Goodness","LEM",,0,0,16.714285714285715,4,1,0,0,0,7,44,16,17,13,2,3,3,1,0,5,"Ian Goodness","sa3070194",
"Aaron Grant","UAPB",20,0,0,3,3,0,0,0,0,3,12,2,1,1,0,1,2,1,0,5,"Aaron Grant","sa3070206",
"Hee-Ryun Han","TTU",22,0,2,11.152174144250914,19,0,0,0,0,15.1,91,27,22,19,1,14,5,1,0,5,"Hee-Ryun Han","sa3070262",
"Daniel Hartley","GASO",21,0,0,23.4,7,0,0,0,0,5,36,14,13,13,0,6,3,0,0,5,"Daniel Hartley","sa3070289",
"Keegan Holmstrom","WRST",,0,2,16.874999497085824,5,1,0,0,0,5.1,34,14,10,10,3,3,2,1,0,5,"Keegan Holmstrom","sa3070354",
"William Kirk","MSST",20,1,0,4.764706015999345,3,1,0,0,0,5.2,23,6,4,3,0,2,0,0,0,5,"William Kirk","sa3070512",
"Mason Lee","BRAD",,0,0,11.368420767321819,10,0,0,0,0,6.1,38,6,8,8,1,8,5,6,0,5,"Mason Lee","sa3070579",
"Caleb Okada","HAW",,0,0,4.263157787745682,9,0,0,0,0,6.1,34,7,3,3,0,5,4,0,0,5,"Caleb Okada","sa3070910",
"Ethan Russell","UCSD",,0,0,6.75,8,0,0,0,0,8,38,11,7,6,1,5,0,1,0,5,"Ethan Russell","sa3071193",
"Carter Seely","UVU",,1,1,16.783784216385513,13,0,0,0,0,12.1,74,18,24,23,5,16,4,1,0,5,"Carter Seely","sa3071254",
"James Showalter","SLU",,0,0,12.6,4,0,0,0,0,5,29,11,7,7,1,1,2,1,0,5,"James Showalter","sa3071284",
"Brycen Smith","UNO",,0,0,6.352941354665794,7,0,0,0,0,5.2,33,5,6,4,0,12,1,0,0,5,"Brycen Smith","sa3071310",
"Reno Spagnoli","HOF",,0,0,17.052631150982727,6,0,0,0,0,6.1,38,6,13,12,1,11,3,3,0,5,"Reno Spagnoli","sa3071345",
"Jeff Tiw","WAG",23,0,1,16.200000386238106,6,0,0,0,0,6.2,41,12,16,12,1,6,2,2,0,5,"Jeff Tiw","sa3071458",
"Joe Vaccarella","ARMY",,2,0,9,8,0,0,0,0,8,45,9,9,8,2,9,3,2,0,5,"Joe Vaccarella","sa3071498",
"Wyatt Wick","MCN",,0,0,4.9090908026892315,8,0,0,0,0,7.1,37,13,7,4,0,3,0,2,0,5,"Wyatt Wick","sa3071601",
"Kejuan Burnett","GRAM",22,0,1,23.4,8,0,0,0,0,5,43,13,19,13,3,8,9,2,0,5,"Kejuan Burnett","sa3073692",
"Brice Cox","SEMO",22,0,0,4.5,5,0,0,0,0,8,40,6,4,4,1,9,3,0,0,5,"Brice Cox","sa3073697",
"Justice De Jong","AUB",18,0,0,10.124999698251495,6,0,0,0,0,5.1,25,7,8,6,2,1,0,0,0,5,"Justice De Jong","sa3073701",
"Matthew Dinae","PV",22,0,1,22.34482685139009,12,0,0,0,0,9.2,70,17,26,24,1,17,7,11,0,5,"Matthew Dinae","sa3073705",
"Levi Grothen","CSUB",19,0,0,15.428571954065458,3,0,0,0,0,2.1,14,5,4,4,0,2,0,1,0,5,"Levi Grothen","sa3073955",
"Bryce Carter","VCU",21,0,0,1.2272727006723079,6,0,0,0,0,7.1,31,3,2,1,1,4,4,0,0,5,"Bryce Carter","sa3074078",
"Casey Culbreth","WIN",21,0,0,6.480000247192392,7,0,0,0,0,8.1,43,8,7,6,2,8,3,3,0,5,"Casey Culbreth","sa3074082",
"John Klus","SEMO",,0,0,8.2173914747112,7,0,0,0,0,7.2,42,9,9,7,1,6,4,2,0,5,"John Klus","sa3074114",
"Chase Nystrom","VCU",,0,1,16.874999497085824,4,1,0,0,0,5.1,39,13,14,10,0,7,3,0,0,5,"Chase Nystrom","sa3074123",
"Drew Smith","CONN",20,0,0,6,7,0,0,0,0,6,35,9,5,4,0,3,1,0,1,5,"Drew Smith","sa3074145",
"Drew Winslow","OKST",19,1,0,14.4,7,0,0,0,0,5,30,6,9,8,2,5,3,0,0,5,"Drew Winslow","sa3074157",
"Koen Bowling","MSM",,0,0,8.1,11,0,0,0,0,10,47,11,9,9,3,7,0,2,0,5,"Koen Bowling","sa3074213",
"Brennan Confreda","FIU",,0,0,3.6818181020169236,6,0,0,0,0,7.1,32,6,3,3,2,3,2,1,0,5,"Brennan Confreda","sa3074239",
"Kameron Hardebeck","HCU",,0,0,10.8,5,0,0,0,0,5,27,9,6,6,0,3,1,1,0,5,"Kameron Hardebeck","sa3074301",
"Landen Moore","LONG",21,0,0,11.322580993485635,10,1,0,0,0,10.1,56,14,15,13,2,8,4,0,0,5,"Landen Moore","sa3074376",
"Eddie Scaccia","EIU",,0,0,11.11764737066514,4,0,0,0,0,5.2,34,11,14,7,2,4,0,0,0,5,"Eddie Scaccia","sa3074418",
"Koby Seelig","COLU",,1,0,12.960000494384785,7,1,0,0,0,8.1,51,8,14,12,2,15,2,0,0,5,"Koby Seelig","sa3074422",
"Jake Zawatsky","UML",,0,0,17.052631150982727,8,0,0,0,0,6.1,40,9,16,12,4,8,5,1,0,5,"Jake Zawatsky","sa3074464",
"Uli Fernsler","TCU",18,1,0,10.80000041198732,4,4,0,0,0,8.1,46,13,11,10,4,6,3,0,0,5,"Uli Fernsler","sa3074743",
"Tanner Carlisle","LAM",,0,0,9.642857471290911,6,0,0,0,0,4.2,30,6,6,5,2,8,2,1,0,5,"Tanner Carlisle","sa3074984",
"Trevor Jackson","SLU",,0,0,12.461538004451972,5,2,0,0,0,4.1,30,8,6,6,0,9,0,2,0,5,"Trevor Jackson","sa3074998",
"Sawyer Deering","TENN",19,0,0,6.750000160932545,10,0,0,0,0,6.2,30,6,6,5,2,3,1,0,1,5,"Sawyer Deering","sa3075113",
"Declan Francis","WKU",20,0,0,6.74999979883433,5,0,0,0,0,5.1,25,9,4,4,2,0,1,0,0,5,"Declan Francis","sa3075119",
"Christopher Gist","LAS",,0,0,16.2,7,0,0,0,0,5,29,7,9,9,2,5,2,3,0,5,"Christopher Gist","sa3075121",
"Konnor Graham","USA",21,0,0,10.124999698251495,5,0,0,0,0,5.1,26,6,6,6,2,3,1,0,0,5,"Konnor Graham","sa3075123",
"Jake Cackovic","UNC",19,0,0,1.3500000321865089,6,0,0,0,0,6.2,26,4,3,1,0,1,2,0,0,5,"Jake Cackovic","sa3075167",
"Cole Cates","MTSU",,0,0,4.764706015999345,10,0,0,0,0,5.2,30,5,4,3,1,5,1,1,0,5,"Cole Cates","sa3075168",
"Gaige Stuckey","OHIO",,0,1,18,9,1,0,0,0,7,44,8,15,14,0,13,4,2,0,5,"Gaige Stuckey","sa3075186",
"Daveyon Lavendar","AAMU",23,0,0,19.161290912052614,11,0,0,0,0,10.1,65,24,25,22,0,6,2,2,0,5,"Daveyon Lavendar","sa3075234",
"Felix Stork","STO",,0,1,11.571428571428571,5,3,0,0,0,7,39,11,9,9,1,8,1,1,0,5,"Felix Stork","sa3075369",
"A.J. Doll","NDSU",,0,1,20.24999939650299,5,0,0,0,0,2.2,21,4,7,6,0,7,1,1,0,5,"A.J. Doll","sa3075395",
"Owen Callaghan","HC",18,0,0,11.571428965549092,5,0,0,0,0,4.2,30,10,9,6,1,3,3,0,0,5,"Owen Callaghan","sa3075452",
"Carter Boos","OMA",20,0,0,8.100000193119053,5,0,0,0,0,3.1,18,2,3,3,0,2,4,1,0,5,"Carter Boos","sa3075459",
"Sebastian Perez","LAS",19,0,0,37.12499889358882,5,0,0,0,0,2.2,24,7,11,11,2,6,3,1,0,5,"Sebastian Perez","sa3075512",
"Ryan Barks","GW",,1,0,8.526315575491363,7,0,0,0,0,6.1,36,13,6,6,1,4,2,0,0,5,"Ryan Barks","sa3075523",
"Samuel Jackson","UNM",21,1,0,6.942856953679304,8,0,0,0,0,11.2,59,12,10,9,3,7,4,1,0,5,"Samuel Jackson","sa3075534",
"Kaine Samuels","WKU",18,1,0,4.764706015999345,4,0,0,0,0,5.2,22,4,3,3,0,2,0,0,0,5,"Kaine Samuels","sa3075545",
"Jack Scanlon","STMN",19,1,1,8.100000193119053,7,1,0,0,0,6.2,36,5,6,6,0,9,3,2,0,5,"Jack Scanlon","sa3075547",
"Zach Davis","BRY",,0,1,10.5,4,1,0,0,1,6,29,8,7,7,1,4,1,0,0,5,"Zach Davis","sa3075568",
"Conlan Taylor","BING",19,1,0,12.857142857142858,7,0,0,0,0,7,33,8,10,10,3,3,2,1,0,5,"Conlan Taylor","sa3075597",
"Max Hartmann","LAM",,0,0,4.695652271263543,8,0,0,0,0,7.2,35,8,4,4,1,3,2,1,0,5,"Max Hartmann","sa3075734",
"Kevin Rusinak","QUIN",,1,1,8.100000193119053,4,2,0,0,0,6.2,33,9,7,6,0,3,2,0,0,5,"Kevin Rusinak","sa3075773",
"Mark Collinger","MERC",,0,0,2.4545454013446157,3,0,0,0,0,3.2,22,3,4,1,0,7,1,3,0,5,"Mark Collinger","sa3075830",
"Bailey Blaker","SLU",,0,0,23.4,4,0,0,0,0,5,34,6,13,13,3,8,6,1,0,5,"Bailey Blaker","sa3076032",
"Andrew Carter","LBSU",,0,0,9,2,0,0,0,0,2,9,1,2,2,0,1,1,0,0,5,"Andrew Carter","sa3076033",
"John Mass","BC",20,0,0,0,3,0,0,0,0,2.2,11,1,0,0,0,1,1,0,0,5,"John Mass","sa3076155",
"Sammy Petrocelli","DUKE",21,1,0,6.74999979883433,3,0,0,0,0,5.1,24,3,4,4,1,4,1,0,0,5,"Sammy Petrocelli","sa3076188",
"Cal Barna","UNLV",23,0,0,36,4,0,0,0,0,2,21,1,8,8,0,9,5,6,0,4,"Cal Barna","sa3026588",
"Porter Braddy","UNCW",,0,0,1.5882353386664485,8,0,0,0,0,5.2,27,3,1,1,1,4,4,2,0,4,"Porter Braddy","sa3027544",
"Zach Brockner","STO",,0,1,13.50000032186509,7,0,0,0,0,6.2,35,10,11,10,1,4,0,0,0,4,"Zach Brockner","sa3027725",
"Matt Cornelius","UNM",23,0,0,1.2857142857142858,6,0,0,0,0,7,31,3,2,1,0,2,5,2,0,4,"Matt Cornelius","sa3029396",
"Bradley Coulter","CIN",21,0,0,9,5,0,0,0,0,2,12,1,2,2,0,5,0,0,0,4,"Bradley Coulter","sa3029464",
"Reese Crochet","GW",22,0,1,19.05882406399738,7,1,0,0,0,5.2,34,5,12,12,0,9,3,1,0,4,"Reese Crochet","sa3029574",
"Trey Deitelbaum","LAF",21,0,2,23.625,5,3,0,0,0,8,55,16,25,21,1,10,6,0,0,4,"Trey Deitelbaum","sa3030035",
"Drew DelCollo","OAK",21,0,0,36,4,0,0,0,0,2,21,8,8,8,0,5,2,3,0,4,"Drew DelCollo","sa3030071",
"Karson Evans","UNO",22,0,0,6.230769002225986,4,1,0,0,0,4.1,19,5,4,3,0,1,0,0,0,4,"Karson Evans","sa3031078",
"Kyle Finn","CAN",,0,2,12.6,5,2,0,0,0,5,38,4,10,7,2,11,6,2,0,4,"Kyle Finn","sa3031348",
"Jake Gorelick","STET",22,1,2,9.642857471290911,7,0,0,0,0,9.1,48,16,10,10,2,5,0,1,0,4,"Jake Gorelick","sa3032492",
"Jared Greenzang","RID",22,0,0,5.785714482774546,4,0,0,0,0,4.2,21,2,3,3,0,6,0,1,0,4,"Jared Greenzang","sa3032663",
"Jake Guardiancic","PEPP",23,0,0,14.727272408067694,8,0,0,0,0,7.1,42,13,14,12,1,6,4,0,0,4,"Jake Guardiancic","sa3032809",
"Ty Harris","BRWN",,0,0,13.50000032186509,3,0,0,0,0,3.1,25,5,10,5,1,5,2,3,0,4,"Ty Harris","sa3033314",
"Connor Hutchinson","BALL",,0,0,23.624999295920155,8,0,0,0,0,5.1,40,12,14,14,2,11,3,2,1,4,"Connor Hutchinson","sa3034367",
"Dean Kampschror","UVA",23,0,0,10.384615003709976,6,0,0,0,0,4.1,27,11,6,5,1,1,2,2,0,4,"Dean Kampschror","sa3035051",
"Josh Korson","OAK",23,0,0,18,7,0,0,0,0,6,38,12,12,12,0,7,3,3,0,4,"Josh Korson","sa3035645",
"AJ Lausten","NDSU",22,0,0,11.571428965549092,3,0,0,0,0,2.1,11,2,3,3,0,3,0,1,1,4,"AJ Lausten","sa3036046",
"Bryce Leonard","NWST",21,0,0,0,2,0,0,0,0,4.1,18,5,1,0,0,0,0,1,0,4,"Bryce Leonard","sa3036222",
"Cole Mascott","HC",,0,0,14.727272408067694,6,0,0,0,1,3.2,23,4,7,6,0,8,1,4,0,4,"Cole Mascott","sa3037241",
"Dylan McCarthy","STO",22,0,1,15.428571954065458,1,1,0,0,0,2.1,14,3,4,4,0,4,0,1,0,4,"Dylan McCarthy","sa3037449",
"Nick Moten","SIUE",22,0,0,4.9090908026892315,5,0,0,0,0,3.2,15,1,2,2,0,3,0,0,0,4,"Nick Moten","sa3038472",
"Dylan Oborne","FAU",22,0,0,9,7,0,0,0,0,4,24,2,4,4,0,8,2,0,0,4,"Dylan Oborne","sa3038993",
"Kyle Percival","UNC",22,1,0,3.857142857142857,4,1,0,0,0,7,28,5,3,3,1,2,1,4,0,4,"Kyle Percival","sa3039694",
"Frank Perez","BCU",24,0,0,4.764706015999345,7,1,0,0,0,5.2,28,3,3,3,1,6,3,1,0,4,"Frank Perez","sa3039711",
"Nolan Phillips","STMN",21,0,0,16.874999497085824,5,0,0,0,0,5.1,38,6,10,10,0,15,3,1,1,4,"Nolan Phillips","sa3039871",
"DJ Primeaux","LSU",22,0,0,7.714285977032729,4,0,0,0,0,2.1,14,0,2,2,0,4,3,1,0,4,"DJ Primeaux","sa3040215",
"Owen Riley","VMI",21,0,0,6,2,2,0,0,0,3,16,1,2,2,0,7,0,1,0,4,"Owen Riley","sa3040768",
"Carson Robb","SELA",21,0,0,11.571428965549092,3,0,0,0,0,2.1,11,0,3,3,0,5,0,0,0,4,"Carson Robb","sa3040855",
"Nick Robert","MIA",21,0,0,9.818181605378463,4,0,0,0,0,3.2,19,6,4,4,0,2,1,0,0,4,"Nick Robert","sa3040889",
"Brock Rod","HCU",,0,0,2.25,3,0,0,0,0,4,16,3,1,1,0,2,0,2,0,4,"Brock Rod","sa3040944",
"Matt Romero","UNM",23,0,0,8.590908904706154,8,0,0,0,0,7.1,34,8,7,7,1,4,1,0,0,4,"Matt Romero","sa3041109",
"Anthony Scarlata","FOR",,0,0,23.624999295920155,5,0,0,0,0,5.1,38,15,15,14,2,5,1,2,0,4,"Anthony Scarlata","sa3041645",
"TJ Swidorski","COR",,0,0,12.272727006723079,3,0,0,0,0,3.2,25,10,7,5,0,1,2,0,0,4,"TJ Swidorski","sa3043412",
"Nick Tamburro","MONM",23,1,0,0.6750000160932544,6,2,0,0,0,13.1,62,12,4,1,0,8,2,4,0,4,"Nick Tamburro","sa3043493",
"Trey Usey","UNO",,0,1,18.692307006677957,4,0,0,0,0,4.1,27,7,9,9,1,7,2,0,0,4,"Trey Usey","sa3044267",
"Jaden Varner","KENT",23,0,0,6,5,0,0,0,0,3,18,2,6,2,0,2,3,0,0,4,"Jaden Varner","sa3044380",
"Marshall Whitmer","GTWN",23,0,2,15.75,14,0,0,0,0,8,47,19,14,14,4,3,1,4,0,4,"Marshall Whitmer","sa3045148",
"Nolan Williamson","VMI",,0,0,3.176470677332897,6,0,0,0,0,5.2,26,4,2,2,1,6,1,0,0,4,"Nolan Williamson","sa3045342",
"Spencer Williams","LIB",23,0,0,0,4,0,0,0,0,3,13,0,0,0,0,4,0,1,0,4,"Spencer Williams","sa3045351",
"Calix Armijo","CSUN",24,0,1,7.2,7,1,0,0,0,5,29,5,5,4,0,9,0,2,0,4,"Calix Armijo","sa3058513",
"Owen Arndt","JVST",,0,0,9,4,0,0,0,0,3,14,4,3,3,1,2,0,0,0,4,"Owen Arndt","sa3058517",
"Kade Bing","TEX",21,1,1,6,6,1,0,0,0,9,38,7,8,6,2,5,1,0,0,4,"Kade Bing","sa3058643",
"Eli Curtis","MEM",22,0,0,14.538461005193968,5,0,0,0,0,4.1,24,6,7,7,1,5,2,1,0,4,"Eli Curtis","sa3058975",
"Cam Diaz","LAM",,0,0,2.4545454013446157,1,1,0,0,0,3.2,15,3,2,1,1,1,0,0,0,4,"Cam Diaz","sa3059049",
"Tate Farquhar","TROY",23,0,0,19.285714942581823,5,0,0,0,0,4.2,32,13,10,10,3,2,3,0,0,4,"Tate Farquhar","sa3059164",
"Landon Fulk","M-OH",22,0,0,14.538461005193968,6,0,0,0,0,4.1,24,6,7,7,0,2,4,1,0,4,"Landon Fulk","sa3059247",
"Dakari Hayes","PV",20,0,0,17,11,0,0,0,0,9,58,18,18,17,1,13,2,2,0,4,"Dakari Hayes","sa3059443",
"Justin Hudson","QUC",23,0,0,13.5,5,0,0,0,0,4,28,6,6,6,0,7,3,1,0,4,"Justin Hudson","sa3059542",
"Nick Keane","EMU",,0,0,9.720000370788588,10,0,0,0,0,8.1,47,11,9,9,0,11,2,2,0,4,"Nick Keane","sa3059651",
"Lawson McIntosh","SIE",,0,1,16.4347829494224,6,1,0,0,0,7.2,51,9,15,14,2,17,3,2,0,4,"Lawson McIntosh","sa3059996",
"Carter Mick","OMA",20,0,1,4.15384600148399,7,0,0,0,0,4.1,19,2,2,2,0,3,1,1,0,4,"Carter Mick","sa3060031",
"Winston Peterson","PEPP",20,0,2,15.428571954065458,12,0,0,0,0,9.1,57,13,18,16,1,11,3,0,0,4,"Winston Peterson","sa3060254",
"Hunter Phipps","COFC",,0,0,0,2,0,0,0,0,2.1,10,3,0,0,0,0,0,0,0,4,"Hunter Phipps","sa3060266",
"Luke Robertson","AMCC",23,1,1,3,11,0,0,0,0,12,60,11,4,4,1,15,2,0,0,4,"Luke Robertson","sa3060387",
"Kevin Samonsky","COFC",,0,0,13.5,4,0,0,0,0,6,30,10,9,9,1,3,1,0,0,4,"Kevin Samonsky","sa3060467",
"Tanyon Weber","STO",,0,0,12,5,0,0,0,0,6,40,14,11,8,1,3,4,0,0,4,"Tanyon Weber","sa3060892",
"Ian White Jr.","IU",20,0,0,15.428571954065458,3,0,0,0,0,2.1,14,4,4,4,1,3,1,1,0,4,"Ian White Jr.","sa3060911",
"Jordan Nolley","AAMU",20,0,0,14.727272408067694,9,0,0,0,0,7.1,45,14,12,12,3,6,3,4,0,4,"Jordan Nolley","sa3062661",
"Jay Campbell","FAMU",20,0,3,11,5,2,0,0,1,9,53,15,11,11,1,12,2,4,0,4,"Jay Campbell","sa3062824",
"CJ Bussell","IONA",,0,0,23.142857931098185,3,0,0,0,0,2.1,17,4,6,6,0,6,0,3,0,4,"CJ Bussell","sa3065010",
"Ed Wagner","UNF",23,1,0,3.8571429885163644,1,1,0,0,0,4.2,20,4,2,2,1,0,1,0,0,4,"Ed Wagner","sa3065161",
"Alex Enea","ALB",,1,1,9,3,0,0,0,0,7,34,9,7,7,4,3,1,0,0,4,"Alex Enea","sa3065293",
"Alex Strickland","LONG",20,1,0,12.789473363237045,7,0,0,0,0,6.1,40,10,12,9,0,10,2,2,0,4,"Alex Strickland","sa3065423",
"Carlos Carmona","UNA",23,0,0,10.285714285714286,6,0,0,0,0,7,37,9,9,8,1,4,3,2,0,4,"Carlos Carmona","sa3065510",
"John Carroll","NAVY",20,1,0,10.384615003709976,4,0,0,0,0,4.1,21,7,5,5,0,1,0,0,0,4,"John Carroll","sa3065511",
"Taylor Echols","M-OH",21,1,1,4.050000096559526,7,0,0,0,0,6.2,32,6,5,3,0,3,3,0,0,4,"Taylor Echols","sa3065528",
"Tristan Potts","NCSU",20,0,0,11.25,7,0,0,0,0,4,21,7,5,5,2,1,1,0,0,4,"Tristan Potts","sa3065595",
"Lane Duff","JMU",21,0,0,13.50000032186509,10,0,0,0,0,6.2,37,7,10,10,0,9,2,3,0,4,"Lane Duff","sa3065916",
"Brantley Upshaw","GAST",20,0,0,11.25,5,0,0,0,0,4,21,3,6,5,0,7,1,6,0,4,"Brantley Upshaw","sa3066100",
"Tyler Andrews","MILW",19,0,2,12.656249622814368,15,0,0,0,0,10.2,60,13,17,15,2,9,7,0,0,4,"Tyler Andrews","sa3066364",
"Jonathan Dobis","MINN",20,0,0,1.2857142857142858,5,3,0,0,0,7,28,2,2,1,0,5,0,1,0,4,"Jonathan Dobis","sa3066378",
"Rohan Agarwal","SPU",,0,0,12,4,0,0,0,0,3,26,5,6,4,0,8,3,1,0,4,"Rohan Agarwal","sa3066461",
"Josh Shropshire","AFA",20,0,1,13.5,1,0,0,0,0,2,12,4,3,3,1,2,0,0,0,4,"Josh Shropshire","sa3066490",
"Jace Maynard","TXSO",,0,2,14.25,10,0,0,0,0,12,96,28,20,19,2,5,1,2,0,4,"Jace Maynard","sa3066709",
"Kaden Kiser","CIT",21,0,0,26.99999919533732,7,0,0,0,0,2.2,28,7,8,8,0,10,3,3,0,4,"Kaden Kiser","sa3066794",
"Dalton Brown","LAF",,0,0,13.5,7,0,0,0,0,6,39,12,11,9,1,7,1,2,0,4,"Dalton Brown","sa3066973",
"Tavian Ramos","COR",,1,1,4.5,3,0,0,0,0,2,13,0,3,1,0,4,2,0,0,4,"Tavian Ramos","sa3067057",
"Chase Batten","ACU",20,0,0,19.636363210756926,9,0,0,0,0,3.2,27,6,8,8,1,8,1,1,0,4,"Chase Batten","sa3069577",
"Asa Briggs","NMSU",19,1,1,7.902438840576757,15,0,0,0,0,13.2,65,11,14,12,2,13,1,1,0,4,"Asa Briggs","sa3069669",
"Xavier Carrera","IU",19,1,0,18,7,0,0,0,0,4,25,4,8,8,1,8,4,0,0,4,"Xavier Carrera","sa3069752",
"Dylan Causey","USM",19,0,0,4.695652271263543,10,3,0,0,0,7.2,33,7,6,4,1,2,3,1,0,4,"Dylan Causey","sa3069773",
"Ben Chuttey","UPST",19,1,0,13.49999959766866,7,1,0,0,0,5.1,29,8,9,8,1,4,0,0,0,4,"Ben Chuttey","sa3069800",
"Sam Driscoll","LIN",20,0,0,12,5,0,0,0,1,3,19,7,4,4,1,1,2,2,0,4,"Sam Driscoll","sa3069978",
"Case Gibbs","MD",20,0,0,0,3,0,0,0,0,2.1,9,1,0,0,0,1,0,0,0,4,"Case Gibbs","sa3070162",
"Jai Jensen","USI",,0,0,12.461538004451972,7,0,0,0,0,4.1,26,9,6,6,2,3,2,1,0,4,"Jai Jensen","sa3070439",
"Dylan Kazee","APSU",,0,0,16.874999497085824,9,0,0,0,0,2.2,20,5,7,5,0,4,3,0,0,4,"Dylan Kazee","sa3070484",
"Ty Mikkelsen","IOWA",20,0,0,14.4,9,0,0,0,0,5,31,11,8,8,5,2,2,1,0,4,"Ty Mikkelsen","sa3070779",
"Cameron Mosier","EVAN",,0,0,12,4,0,0,0,0,3,18,5,5,4,1,3,2,2,0,4,"Cameron Mosier","sa3070825",
"Ryan Okopal","MERC",,0,1,16.4347829494224,7,1,0,0,0,7.2,53,16,14,14,1,13,4,2,0,4,"Ryan Okopal","sa3070912",
"Joe Olson","LOU",19,0,0,12.857142857142858,6,0,0,0,0,7,35,8,10,10,4,6,2,0,0,4,"Joe Olson","sa3070916",
"Wyatt Pennington","EVAN",,0,0,4.5,2,0,0,0,0,4,18,4,4,2,1,1,0,3,0,4,"Wyatt Pennington","sa3070985",
"Chase Ragas","ALCN",,0,0,10.8,6,0,0,0,0,5,32,4,6,6,1,9,6,2,0,4,"Chase Ragas","sa3071067",
"Clayton Sherwood","FIU",,0,0,21.600000514984142,5,0,0,0,0,3.1,26,9,8,8,2,5,2,1,0,4,"Clayton Sherwood","sa3071282",
"Shane Stanley","UMES",,0,1,21,4,0,0,0,0,3,18,5,7,7,1,3,1,3,0,4,"Shane Stanley","sa3071360",
"Jaren Vogt","SDST",,0,0,18.782609085054172,6,3,0,0,0,7.2,51,18,16,16,2,11,2,2,0,4,"Jaren Vogt","sa3071538",
"Tyler Welch","USI",,0,0,10.8,8,0,0,0,0,5,29,13,6,6,1,1,0,1,0,4,"Tyler Welch","sa3071576",
"Gavin Ekizian","FRES",18,0,0,18,1,0,0,0,0,3,18,7,7,6,0,0,0,0,0,4,"Gavin Ekizian","sa3073552",
"Frank Willius","GONZ",21,0,1,14.727272408067694,4,0,0,0,0,3.2,24,4,6,6,1,9,1,1,0,4,"Frank Willius","sa3073605",
"Nate Bergeron","SFA",,0,0,7.5,9,0,0,0,0,6,39,10,10,5,1,6,3,3,0,4,"Nate Bergeron","sa3073684",
"Bray Goode","USA",19,1,0,4.050000096559526,8,0,0,0,0,6.2,29,7,4,3,1,1,2,1,0,4,"Bray Goode","sa3073720",
"Sam Hoeft","XAV",19,1,0,25.2,7,0,0,0,0,5,34,12,16,14,0,5,2,2,0,4,"Sam Hoeft","sa3073728",
"Sawyer Simmons","SELA",21,0,0,10.124999698251495,4,0,0,0,0,2.2,15,4,3,3,0,5,0,3,0,4,"Sawyer Simmons","sa3073803",
"Brock Thorndell","AMCC",,0,0,13.49999959766866,4,0,0,0,0,2.2,20,6,5,4,0,5,2,1,0,4,"Brock Thorndell","sa3073821",
"Colin Woolard","UNCA",,0,1,11.172413425695044,7,2,0,0,0,9.2,49,10,13,12,1,4,7,4,0,4,"Colin Woolard","sa3073841",
"Tanner Beliveau","MSST",19,0,0,10.800000257492071,3,0,0,0,0,1.2,10,3,2,2,0,2,0,2,0,4,"Tanner Beliveau","sa3073927",
"Adria Casoliba","VAN",20,1,0,0,3,0,0,0,0,5.1,19,1,0,0,0,3,1,0,1,4,"Adria Casoliba","sa3073936",
"Cole Morgan","PRES",,0,0,9,7,0,0,0,0,7,38,11,7,7,3,6,2,0,0,4,"Cole Morgan","sa3074122",
"Emilio Rodriguez","LAS",,1,1,15.428571954065458,4,2,0,0,0,4.2,34,8,12,8,0,10,2,3,0,4,"Emilio Rodriguez","sa3074138",
"Braden Theis","MILW",,0,0,20.24999939650299,6,0,0,0,0,5.1,37,12,15,12,2,4,2,4,0,4,"Braden Theis","sa3074152",
"Jake Wise","VT",19,0,0,15.75,6,0,0,0,0,4,21,4,7,7,2,6,0,0,0,4,"Jake Wise","sa3074158",
"Casey Baratta","MAN",,0,0,7.2,5,0,0,0,0,5,34,7,6,4,0,6,6,0,0,4,"Casey Baratta","sa3074200",
"Brendan Lewis","MAN",,0,0,11.11764737066514,5,0,0,0,0,5.2,36,10,8,7,0,9,0,0,0,4,"Brendan Lewis","sa3074339",
"Zach Mravlja","ALB",,0,0,6,4,1,0,0,0,9,44,11,8,6,3,4,2,1,0,4,"Zach Mravlja","sa3074380",
"Dillon Orr","GCU",22,0,0,3.857142857142857,4,0,0,0,0,7,33,6,3,3,1,6,1,2,0,4,"Dillon Orr","sa3074389",
"Ian Smith","UAPB",,0,0,5.4000001287460355,3,0,0,0,0,3.1,17,5,2,2,0,2,0,0,0,4,"Ian Smith","sa3074430",
"Robert Synodi","UNH",,0,1,42.882354143994114,13,0,0,0,0,5.2,55,10,28,27,0,21,8,3,0,4,"Robert Synodi","sa3074437",
"Coleman Bobb","VCU",,0,0,8.30769200296798,3,0,0,0,0,4.1,20,6,4,4,1,1,0,0,0,4,"Coleman Bobb","sa3074716",
"Sean Newton","ARMY",,0,0,0,4,1,0,0,0,6,25,2,0,0,0,4,1,0,0,4,"Sean Newton","sa3074793",
"Darius Dampier","JKST",,0,1,7.714285714285714,9,0,0,0,1,7,39,3,6,6,0,9,7,2,0,4,"Darius Dampier","sa3074987",
"Reginald Samuel II","PV",18,1,1,12.886363357059233,10,2,0,0,0,14.2,80,22,24,21,4,18,1,3,0,4,"Reginald Samuel II","sa3075015",
"Griff Minor","AAMU",24,0,0,10.45161322475597,8,1,0,0,0,10.1,56,20,13,12,1,8,2,0,0,4,"Griff Minor","sa3075140",
"Logan Pratt","USM",20,0,0,0,6,0,0,0,0,4.2,23,3,0,0,0,3,2,0,0,4,"Logan Pratt","sa3075152",
"Will Sparks","USA",19,0,0,4.9090908026892315,4,0,0,0,0,3.2,17,1,2,2,0,4,0,0,0,4,"Will Sparks","sa3075156",
"Noah Heath","RID",19,1,0,12.461538004451972,5,0,0,0,0,4.1,21,4,6,6,1,5,0,0,0,4,"Noah Heath","sa3075175",
"Eli Kokenge","MINN",19,0,0,9,5,0,0,0,0,6,35,9,10,6,3,5,1,1,0,4,"Eli Kokenge","sa3075178",
"David Galindo","UTAH",21,1,0,19.636363210756926,6,2,0,0,1,3.2,25,8,11,8,2,3,1,0,0,4,"David Galindo","sa3075347",
"Kainoa Kaneshiro","NEV",19,0,1,18.900000450611124,6,1,0,0,0,6.2,40,17,16,14,2,1,2,1,0,4,"Kainoa Kaneshiro","sa3075353",
"Peyton Weigand","MERC",,0,1,43.200001029968284,4,2,0,0,0,3.1,32,7,16,16,1,13,2,0,0,4,"Peyton Weigand","sa3075373",
"John Gonzalez","ALST",19,0,1,33.74999899417165,5,0,0,0,0,2.2,25,5,11,10,1,7,4,1,0,4,"John Gonzalez","sa3075467",
"Garyson Smiddy","BUT",,0,1,11.322580993485635,8,2,0,0,0,10.1,57,11,15,13,2,11,6,2,0,4,"Garyson Smiddy","sa3075478",
"Seth Lee","UNM",20,0,0,9.450000225305562,8,0,0,0,0,6.2,36,11,8,7,2,6,2,0,0,4,"Seth Lee","sa3075505",
"Conner Williar","STBK",20,0,0,5.6842103836609095,4,0,0,0,0,6.1,33,12,5,4,2,4,0,0,0,4,"Conner Williar","sa3075598",
"Cam Chalfant","HPU",,0,0,4.050000096559526,5,0,0,0,0,6.2,32,7,3,3,0,2,5,0,0,4,"Cam Chalfant","sa3075660",
"Holden Harris","UTSA",20,0,0,13.50000032186509,3,1,0,0,0,3.1,19,6,5,5,1,3,0,0,0,4,"Holden Harris","sa3075665",
"Jameson Dobis","BRY",,0,0,3.8571429885163644,3,0,0,0,0,2.1,10,1,1,1,0,1,1,1,0,4,"Jameson Dobis","sa3075764",
"Nate Criswell","TROY",22,0,0,4.5,6,0,0,0,0,6,30,6,5,3,0,5,1,2,0,4,"Nate Criswell","sa3075866",
"Tyler Russ","AFA",21,0,0,0,2,0,0,0,0,2,9,1,0,0,0,1,1,0,0,4,"Tyler Russ","sa3075992",
"Cooper Berger","SMC",19,0,0,5.586206712847522,7,1,0,0,0,9.2,45,13,6,6,1,3,1,2,0,4,"Cooper Berger","sa3076151",
"Cooper Strawn","ORE",21,0,0,6.74999979883433,4,1,0,0,0,2.2,16,5,2,2,2,3,1,1,0,4,"Cooper Strawn","sa3076158",
"Nick Neville","IONA",,0,1,3,5,1,0,0,0,6,26,5,2,2,0,3,0,1,0,4,"Nick Neville","sa3076186",
"Nick Worthington","URI",,0,0,7.941176693332243,4,1,0,0,0,5.2,27,6,5,5,0,2,1,1,0,4,"Nick Worthington","sa3076193",
"Nick Heitman","IOWA",20,0,0,21.600000514984142,2,0,0,0,0,1.2,10,2,4,4,1,2,1,1,0,4,"Nick Heitman","sa3076222",
"Blade Paragas","BYU",20,1,0,7.941176693332243,3,3,0,0,0,5.2,26,7,5,5,2,3,1,0,0,4,"Blade Paragas","sa3076323",
"Cooper McBride","WASH",,0,0,6.74999979883433,2,0,0,0,0,2.2,13,4,2,2,0,1,0,0,0,4,"Cooper McBride","sa3076390",
"Ollie Akens","MTSU",,0,0,16.200000386238106,2,0,0,0,0,1.2,8,2,3,3,1,0,1,0,0,3,"Ollie Akens","sa3025827",
"Jackson Baldrate","PRIN",,0,0,10.8,6,0,0,0,0,5,28,8,6,6,1,4,3,1,0,3,"Jackson Baldrate","sa3026469",
"Bryant Ball","BYU",23,0,0,4.15384600148399,6,0,0,0,0,4.1,24,7,3,2,0,4,2,0,0,3,"Bryant Ball","sa3026483",
"Alex Barger","SBU",21,0,0,4.5,2,0,0,0,0,2,12,2,1,1,0,4,0,0,0,3,"Alex Barger","sa3026555",
"Sam Boyle","SJSU",,0,1,10.384615003709976,6,1,0,0,0,4.1,27,4,5,5,0,7,3,0,0,3,"Sam Boyle","sa3027525",
"Nick Buchman","MRST",22,0,0,13.50000032186509,7,0,0,0,0,6.2,42,11,12,10,1,6,5,2,0,3,"Nick Buchman","sa3027948",
"Connor Byrne","HALL",21,0,0,17.470588725330934,6,0,0,0,0,5.2,35,11,11,11,0,9,0,3,1,3,"Connor Byrne","sa3028204",
"Carter Campau","CMU",23,0,1,13.49999959766866,10,1,0,0,0,5.1,31,7,11,8,2,8,0,0,0,3,"Carter Campau","sa3028310",
"Billy Canale","LEM",,0,1,17.35714344832364,3,1,0,0,0,4.2,28,7,10,9,1,7,1,2,0,3,"Billy Canale","sa3028349",
"Chris Canavan","SDSU",21,0,1,9,5,0,0,0,0,3,19,5,3,3,0,5,0,1,0,3,"Chris Canavan","sa3028352",
"Jack Cline","LR",,0,1,11.11764737066514,6,1,0,1,1,5.2,29,9,9,7,1,4,1,0,0,3,"Jack Cline","sa3029054",
"Gabriel Cruz","CAM",21,0,0,13.5,4,0,0,0,0,4,24,7,6,6,1,2,3,3,0,3,"Gabriel Cruz","sa3029639",
"Michael Cunneely","GONZ",22,0,0,13.50000032186509,4,0,0,0,0,3.1,20,5,5,5,0,2,3,0,0,3,"Michael Cunneely","sa3029685",
"Alex Day","NIU",21,0,0,8.30769200296798,4,0,0,0,0,4.1,24,7,4,4,1,4,0,0,0,3,"Alex Day","sa3029952",
"Jack Dumont","SLU",,0,1,19.440000741577176,6,1,0,0,0,8.1,50,11,18,18,1,10,5,0,0,3,"Jack Dumont","sa3030646",
"Lucas Garton","RID",,0,0,3.8571429885163644,3,0,0,0,0,2.1,15,0,2,1,0,3,4,0,0,3,"Lucas Garton","sa3032012",
"DJ Helwig","ND",21,0,0,5.6842103836609095,4,4,0,0,0,6.1,28,8,4,4,0,3,0,0,0,3,"DJ Helwig","sa3033578",
"Kevin Henrich","UNA",,0,0,27.00000091961455,5,0,0,0,0,2.1,18,2,7,7,0,4,4,0,0,3,"Kevin Henrich","sa3033621",
"Matthew Heyl","UCF",21,0,0,10.124999698251495,14,1,0,0,0,5.1,32,8,6,6,1,9,1,1,0,3,"Matthew Heyl","sa3033753",
"Cullen Horowicz","SC",23,0,0,11.571428965549092,3,0,0,0,0,2.1,13,2,3,3,1,4,0,1,0,3,"Cullen Horowicz","sa3034104",
"Parker Hutyra","TTU",21,0,0,10.800000257492071,1,0,0,0,0,1.2,7,2,2,2,1,0,0,0,0,3,"Parker Hutyra","sa3034378",
"Nick Karls","TOW",22,0,0,13.5,7,0,0,0,0,6,40,9,13,9,1,10,2,5,0,3,"Nick Karls","sa3035085",
"Jackson Logar","MSST",21,0,0,0,1,0,0,0,0,1,4,0,0,0,0,1,0,1,0,3,"Jackson Logar","sa3036455",
"Brandon Luu","UCI",21,0,0,9,4,2,0,0,0,4,21,5,5,4,0,2,1,0,0,3,"Brandon Luu","sa3036720",
"Brandon Mann","MICH",22,1,0,8.640000329589856,12,0,0,0,0,8.1,44,14,8,8,2,4,3,1,1,3,"Brandon Mann","sa3036982",
"Carlos Martinez","UML",,0,2,12.461538004451972,6,0,0,0,4,4.1,26,7,7,6,0,4,1,0,0,3,"Carlos Martinez","sa3037142",
"Victor Mazzara","ALB",,1,1,8.437499748542912,4,0,0,0,0,5.1,27,3,5,5,0,7,1,0,0,3,"Victor Mazzara","sa3037406",
"Dylan McShane","PAC",22,0,0,5.4000001287460355,1,1,0,0,0,3.1,16,5,2,2,1,3,0,0,0,3,"Dylan McShane","sa3037748",
"Luke Moeller","GCU",22,0,0,11.11764737066514,5,0,0,0,0,5.2,32,11,7,7,0,4,0,1,0,3,"Luke Moeller","sa3038205",
"Cody New","CBU",21,0,0,0,1,1,0,0,0,2.2,13,3,0,0,0,2,0,0,0,3,"Cody New","sa3038802",814341
"Howell Polk","HPU",22,1,0,12.789473363237045,6,0,0,0,0,6.1,36,12,9,9,2,4,1,0,0,3,"Howell Polk","sa3040039",
"Mauricio Rodriguez","RICH",25,0,1,12.705882709331588,5,2,0,0,0,5.2,36,4,8,8,0,12,4,4,0,3,"Mauricio Rodriguez","sa3041000",
"Luke Ross","M-OH",23,0,0,9,6,0,0,0,0,3,19,4,3,3,0,4,1,2,0,3,"Luke Ross","sa3041177",
"Peysen Sweeney","WASH",23,0,0,2.25,5,0,0,0,0,4,18,4,1,1,0,3,0,1,0,3,"Peysen Sweeney","sa3043398",
"Jayson Torres","MD",21,1,0,9.642857471290911,7,0,0,0,0,4.2,28,4,6,5,2,7,4,0,0,3,"Jayson Torres","sa3043963",
"Jax Traeger","RICE",22,1,0,8.30769200296798,5,0,0,0,0,4.1,24,3,4,4,0,7,1,1,0,3,"Jax Traeger","sa3044006",
"Ian Umlandt","ORE",22,0,0,0,1,0,0,0,0,2,9,2,0,0,0,0,1,0,0,3,"Ian Umlandt","sa3044234",
"Carson Walsh","NE",22,0,0,24,6,0,0,0,0,3,25,5,8,8,1,4,2,3,0,3,"Carson Walsh","sa3044722",
"Ace Whitehead","USC",24,0,0,4.5,3,2,0,0,0,4,16,3,2,2,0,1,0,0,0,3,"Ace Whitehead","sa3045096",
"Nick Anello","ASU",23,0,0,8.100000193119053,4,0,0,0,0,3.1,22,7,7,3,1,3,1,0,0,3,"Nick Anello","sa3058500",
"Hudson Barton","VAN",20,0,0,5.4000001287460355,4,0,0,0,0,1.2,14,3,2,1,0,3,2,3,0,3,"Hudson Barton","sa3058566",
"Koen Barton","HAW",20,0,0,0,2,0,0,0,0,2,6,0,0,0,0,0,0,0,0,3,"Koen Barton","sa3058567",
"Matthew Bienvenu","UNO",22,0,0,3.6,2,2,0,0,0,5,21,5,4,2,0,2,1,1,0,3,"Matthew Bienvenu","sa3058638",
"Hayden Blosser","OHIO",,0,1,19.5,5,0,0,0,0,6,38,11,13,13,2,6,3,0,0,3,"Hayden Blosser","sa3058661",
"Cole Chace","INST",21,0,0,0,1,0,0,0,0,2,11,4,1,0,0,0,0,0,0,3,"Cole Chace","sa3058845",
"TJ Curley","STO",,0,2,19.8,4,1,0,0,0,5,35,11,12,11,1,6,2,2,0,3,"TJ Curley","sa3058968",
"Isaias Duccasse","BCU",21,0,0,0,2,1,0,0,0,2,8,2,0,0,0,1,0,0,0,3,"Isaias Duccasse","sa3059089",
"Caleb Ehling","WRST",,0,0,9,2,0,0,0,0,2,14,4,3,2,1,2,1,0,0,3,"Caleb Ehling","sa3059120",
"Gabe Howard","ORE",20,1,0,6.352941354665794,8,0,0,0,0,5.2,24,5,5,4,0,3,0,0,0,3,"Gabe Howard","sa3059535",
"Ethan Johnson","DSU",,0,0,19.285714942581823,1,0,0,0,0,2.1,14,5,5,5,0,1,1,1,0,3,"Ethan Johnson","sa3059609",
"Logan Magdits","FDU",,0,0,9.529411764705882,11,0,0,0,0,17,90,28,18,18,5,12,4,4,0,3,"Logan Magdits","sa3059890",
"Caleb Marks","APP",23,0,1,13.49999959766866,1,1,0,0,0,2.2,13,3,4,4,0,3,0,0,0,3,"Caleb Marks","sa3059918",
"Patrick McKenzie","VILL",,2,0,10.607143218420003,13,1,0,0,0,9.1,61,12,17,11,2,18,2,2,0,3,"Patrick McKenzie","sa3059987",
"Ethan McNish-Heider","NIA",22,0,0,2.4545454013446157,4,0,0,0,0,3.2,16,2,1,1,0,2,2,0,0,3,"Ethan McNish-Heider","sa3060003",
"AJ Murray","BUCK",,0,1,9.642857471290911,3,1,0,0,0,4.2,27,7,5,5,1,7,1,0,0,3,"AJ Murray","sa3060115",
"Owen Pincince","SIE",,0,1,13.49999959766866,2,0,0,0,0,1.1,10,1,4,2,0,2,1,1,0,3,"Owen Pincince","sa3060271",
"Mikey Plummer","NAVY",22,0,0,15.6315785550675,5,1,0,0,0,6.1,34,9,13,11,0,7,0,0,0,3,"Mikey Plummer","sa3060281",
"Drew Rerick","OU",20,0,0,3.8571429885163644,4,1,0,0,0,2.1,13,1,2,1,0,5,0,3,0,3,"Drew Rerick","sa3060353",
"Jon Wylie","XAV",20,1,0,15.428571954065458,3,0,0,0,0,2.1,13,6,4,4,2,1,1,0,0,3,"Jon Wylie","sa3060978",
"Reagan Weiblinger","LAM",22,0,0,5.4000001287460355,1,0,0,0,0,1.2,12,4,4,1,1,2,0,0,0,3,"Reagan Weiblinger","sa3062696",
"Josh Shimmin","LAM",22,0,2,13.499999707395386,9,0,0,0,0,7.1,45,11,12,11,1,8,6,1,0,3,"Josh Shimmin","sa3062898",
"Cayden Smith","CMU",20,1,0,5.4000001287460355,2,2,0,0,0,6.2,32,10,4,4,1,6,0,0,0,3,"Cayden Smith","sa3062902",
"Matt Spada","BC",22,0,0,6.75,7,0,0,0,0,4,21,4,5,3,0,6,0,3,0,3,"Matt Spada","sa3062906",
"Garrett Davidson","UCSD",,0,0,4.9090908026892315,3,0,0,0,0,3.2,15,2,2,2,1,2,0,1,0,3,"Garrett Davidson","sa3065025",
"Bryce Gluckman","STET",22,0,0,7.714285977032729,2,0,0,0,0,2.1,14,3,2,2,0,4,0,0,0,3,"Bryce Gluckman","sa3065045",
"John Smith","TXSO",20,0,0,31.5,3,0,0,0,0,2,14,5,7,7,1,4,0,0,0,3,"John Smith","sa3065138",
"Grant Teschendorf","UMBC",,0,0,6.74999979883433,4,0,0,0,0,2.2,15,1,2,2,0,4,3,0,0,3,"Grant Teschendorf","sa3065429",
"Chase Davis","GASO",19,0,0,9,1,1,0,0,0,2,8,3,2,2,1,0,0,0,0,3,"Chase Davis","sa3065522",
"Cameron Guise","LIP",,0,0,5.4000001287460355,4,0,0,0,0,3.1,17,5,3,2,0,1,1,2,0,3,"Cameron Guise","sa3065538",
"Grayson King","NCAT",,0,1,25.772726714118466,9,0,0,0,0,7.1,47,16,21,21,2,6,5,2,0,3,"Grayson King","sa3065550",
"Daniel Duley","OAK",,0,0,12.461538004451972,5,0,0,0,0,4.1,27,6,6,6,0,6,2,2,0,3,"Daniel Duley","sa3065753",
"Justin Iglesias","PAC",19,0,0,6.230769002225986,2,0,0,0,0,4.1,21,6,3,3,1,2,0,2,0,3,"Justin Iglesias","sa3065810",
"Aidan Karns","UTM",,0,0,18.900000450611124,4,0,0,0,0,3.1,21,7,8,7,1,2,3,0,0,3,"Aidan Karns","sa3065815",
"Caleb Gallant","JKST",24,0,0,6.74999979883433,2,0,0,0,0,1.1,7,1,2,1,0,1,0,2,0,3,"Caleb Gallant","sa3065923",
"JJ Hollis","CAL",21,0,0,8.30769200296798,6,0,0,0,0,4.1,19,4,4,4,1,3,0,0,0,3,"JJ Hollis","sa3065929",
"Landon Victorian","UL",20,0,0,21.600000514984142,2,1,0,0,0,1.2,12,3,4,4,1,3,2,2,0,3,"Landon Victorian","sa3065961",
"Charlie Dieruf","CIN",20,0,0,10.800000257492071,5,0,0,0,0,3.1,21,4,4,4,1,5,1,1,0,3,"Charlie Dieruf","sa3066049",
"Steven Freer","LEM",23,0,0,33.74999899417165,5,0,0,0,0,5.1,45,13,20,20,2,15,1,7,0,3,"Steven Freer","sa3066190",
"Owen Tahnk","HARV",,0,1,6.75,4,0,0,0,1,4,23,2,3,3,0,6,3,0,0,3,"Owen Tahnk","sa3066243",
"Jake Arnold","MSM",,0,0,43.200001029968284,3,0,0,0,0,1.2,15,3,9,8,0,2,4,0,0,3,"Jake Arnold","sa3066291",
"Nolan Roycraft","RICE",20,0,0,0,1,0,0,0,0,2,10,1,0,0,0,2,1,0,0,3,"Nolan Roycraft","sa3066341",
"Aidan Carey","GW",19,0,1,9,9,0,0,0,0,10,53,17,10,10,0,8,2,1,0,3,"Aidan Carey","sa3066469",
"Kaden Cloward","NICH",,0,0,0,2,0,0,0,0,3,11,2,0,0,0,0,1,0,0,3,"Kaden Cloward","sa3066536",
"William Enright","CAN",,0,0,3,4,0,0,0,0,3,13,2,1,1,0,2,0,0,0,3,"William Enright","sa3066540",
"Edwin Sanchez Jr","COPP",,0,0,15.6315785550675,6,0,0,0,0,6.1,40,7,11,11,2,11,3,3,0,3,"Edwin Sanchez Jr","sa3066642",
"Jackson Banuelos","CSUN",20,1,0,8.590908904706154,6,0,0,0,0,7.1,40,10,7,7,2,4,6,3,0,3,"Jackson Banuelos","sa3067003",
"Logan Franks","JOES",19,0,0,10.8,6,0,0,0,0,5,35,8,9,6,1,11,0,1,0,3,"Logan Franks","sa3067234",
"Sean Bazmore","SHSU",,0,0,8.30769200296798,4,0,0,0,0,4.1,25,6,4,4,0,6,1,1,0,3,"Sean Bazmore","sa3069580",
"Maddox Burkitt","KU",22,0,0,13.49999959766866,3,0,0,0,0,1.1,9,4,2,2,0,1,0,0,0,3,"Maddox Burkitt","sa3069707",
"Tobin Cantrill","CARK",21,0,0,7.2,6,0,0,0,0,5,27,7,7,4,1,5,1,0,0,3,"Tobin Cantrill","sa3069739",
"Patrick Collopy","MISS",21,0,0,0,3,0,0,0,0,2.1,11,1,0,0,0,3,0,0,0,3,"Patrick Collopy","sa3069823",
"Cal Cooper","OMA",19,0,0,6,4,0,0,0,0,3,17,3,2,2,0,4,2,3,0,3,"Cal Cooper","sa3069844",
"Jake Devalk","UTM",20,0,0,14.4,4,0,0,0,0,5,29,9,9,8,2,5,0,1,0,3,"Jake Devalk","sa3069943",
"Alex Dupuy","UAB",21,0,0,0,4,0,0,0,0,3.2,15,1,0,0,0,1,2,0,0,3,"Alex Dupuy","sa3069991",
"Connor Fugate","GASO",22,0,0,11.739130678158856,7,0,0,0,0,7.2,42,15,10,10,3,5,1,0,0,3,"Connor Fugate","sa3070128",
"Noah Haught","RICH",18,0,0,16.2,5,0,0,0,0,5,29,9,9,9,3,5,0,1,0,3,"Noah Haught","sa3070298",
"Kristofer Hokenson","MUR",,0,0,6.75,4,0,0,0,0,4,23,5,3,3,0,4,1,1,0,3,"Kristofer Hokenson","sa3070344",
"Cameron Horner","FAU",23,0,0,12.272727006723079,6,1,0,0,0,3.2,24,2,5,5,0,8,3,2,0,3,"Cameron Horner","sa3070365",
"Mitchell Johnson","WICH",21,0,1,15.882353386664485,7,0,0,0,0,5.2,35,11,12,10,0,11,0,1,0,3,"Mitchell Johnson","sa3070448",
"Ben Kasten","NIU",21,0,0,12.6,8,0,0,0,0,5,30,8,7,7,1,6,2,1,0,3,"Ben Kasten","sa3070481",
"Charlie Lardi","SIU",,0,0,33.74999899417165,2,0,0,0,0,1.1,12,4,5,5,0,3,1,2,0,3,"Charlie Lardi","sa3070564",
"Braden Leed","PSU",19,0,0,13.50000032186509,4,0,0,0,0,3.1,22,7,8,5,2,4,1,0,0,3,"Braden Leed","sa3070581",
"Brady MacCutcheon","HC",,0,0,27,5,0,0,0,0,3,24,4,9,9,0,6,5,0,0,3,"Brady MacCutcheon","sa3070646",
"Troy Mcleese","UAPB",21,0,0,1.4210525959152274,7,0,0,0,0,6.1,25,1,2,1,0,5,1,0,0,3,"Troy Mcleese","sa3070757",
"Grant Nicholson","WAKE",20,0,0,10.800000257492071,5,0,0,0,0,1.2,11,1,2,2,0,3,2,0,0,3,"Grant Nicholson","sa3070880",
"Matteo Pare","TROY",21,0,0,26.99999919533732,3,0,0,0,0,2.2,20,6,9,8,2,5,1,0,0,3,"Matteo Pare","sa3070949",
"Marco Pipia","IONA",,0,0,7.363636204033847,2,0,0,0,0,3.2,20,5,5,3,0,2,1,0,0,3,"Marco Pipia","sa3071016",
"Konner Quinn","USI",,0,0,5.785714482774546,8,0,0,0,0,4.2,25,4,6,3,0,4,2,0,0,3,"Konner Quinn","sa3071063",
"Colin Reed","TXSO",,1,0,14.538461005193968,2,2,0,0,0,4.1,27,6,9,7,2,6,2,0,0,3,"Colin Reed","sa3071086",
"Austin Sheldon","WSU",23,0,0,13.5,5,0,0,0,0,4,23,4,6,6,1,7,0,1,0,3,"Austin Sheldon","sa3071278",
"Marcus Smith","JKST",19,0,0,19.285714942581823,6,0,0,0,0,4.2,26,6,10,10,2,5,2,3,0,3,"Marcus Smith","sa3071321",
"Michael Strickland","MER",,0,0,7.714285977032729,3,0,0,0,0,2.1,15,1,4,2,0,3,2,0,0,3,"Michael Strickland","sa3071390",
"Nate Teague","VAN",21,0,0,12,4,0,0,0,0,3,18,1,4,4,0,5,3,0,0,3,"Nate Teague","sa3071431",
"Gavin Townsend","WAG",,0,3,15.428571428571429,4,3,0,0,0,7,47,18,16,12,2,4,3,1,0,3,"Gavin Townsend","sa3071475",
"Gethse Ulloa","CSUB",,0,0,5.4,8,0,0,0,0,5,24,6,3,3,0,2,1,0,0,3,"Gethse Ulloa","sa3071492",
"Tyler Walton","TXST",21,0,0,18.692307006677957,5,0,0,0,0,4.1,25,9,9,9,2,1,2,0,0,3,"Tyler Walton","sa3071557",
"Jace Ziola","NEB",20,0,0,23.142857931098185,5,0,0,0,0,2.1,16,1,6,6,0,6,2,0,0,3,"Jace Ziola","sa3071688",
"Duncan Russell","CAL",19,0,1,13.5,5,0,0,0,0,4,26,9,7,6,2,5,0,3,0,3,"Duncan Russell","sa3073588",
"Braxton Stewart","NEB",22,0,0,10.384615003709976,8,0,0,0,0,4.1,22,3,5,5,2,5,1,2,0,3,"Braxton Stewart","sa3073593",
"Cowan Alfonso","UL",21,0,0,20.24999939650299,3,0,0,0,0,1.1,9,0,3,3,0,5,0,1,0,3,"Cowan Alfonso","sa3073672",
"Connor Gatwood","AUB",20,0,0,16.200000386238106,5,0,0,0,0,1.2,12,6,3,3,0,2,0,1,0,3,"Connor Gatwood","sa3073718",
"Tore Indomenico","ILL",,0,0,6,3,0,0,0,0,3,19,4,5,2,0,6,1,3,0,3,"Tore Indomenico","sa3073733",
"Cade Waibel","BAY",21,0,0,54,4,0,0,0,0,2,21,8,12,12,2,5,2,0,0,3,"Cade Waibel","sa3073831",
"Logan Waldschmidt","UNO",22,0,0,4.9090908026892315,5,0,0,0,0,7.1,33,6,4,4,3,4,1,1,0,3,"Logan Waldschmidt","sa3074001",
"Adison Mattix","AKR",22,0,0,14.727272408067694,6,0,0,0,0,3.2,27,4,6,6,0,11,2,1,0,3,"Adison Mattix","sa3074118",
"Tyler Stone","VT",20,0,0,32.40000077247621,4,0,0,0,0,1.2,15,4,6,6,0,5,1,3,0,3,"Tyler Stone","sa3074149",
"Andrew Arnold","SAM",,0,0,16.200000386238106,5,0,0,0,0,3.1,21,6,7,6,2,5,1,0,0,3,"Andrew Arnold","sa3074197",
"Calvin Gregory","ORST",20,0,0,3.374999899417165,4,0,0,0,0,2.2,10,1,1,1,0,1,0,0,0,3,"Calvin Gregory","sa3074292",
"Brennan Hileman","ME",,0,0,9,2,0,0,0,0,2,9,1,2,2,1,2,0,0,0,3,"Brennan Hileman","sa3074307",
"Hunter Hyatt","UAB",22,1,0,11.11764737066514,10,0,0,0,0,5.2,34,6,8,7,2,9,2,0,0,3,"Hunter Hyatt","sa3074317",
"Braeden Johnson","COR",,0,0,15.428571428571429,6,0,0,0,0,7,43,10,12,12,1,11,2,1,0,3,"Braeden Johnson","sa3074319",
"Bradley Marks","GW",19,0,3,7.105262979576136,10,1,0,0,0,12.2,71,17,17,10,2,9,6,2,0,3,"Bradley Marks","sa3074353",
"Hayden Trier","EIU",,0,0,23.142857931098185,3,0,0,0,0,4.2,31,14,14,12,3,1,1,1,0,3,"Hayden Trier","sa3074441",
"Kellen Karr","CCU",21,0,0,10.800000257492071,5,0,0,0,0,6.2,40,11,8,8,1,9,2,7,0,3,"Kellen Karr","sa3074763",
"William Leahy","ARMY",,0,0,12.375,5,1,0,0,0,8,47,10,14,11,2,11,2,2,0,3,"William Leahy","sa3074771",
"Bobby Perebzak","HAW",23,0,0,9,2,0,0,0,0,2,10,3,2,2,1,1,0,1,0,3,"Bobby Perebzak","sa3074803",
"Brayden Guillory","SOU",20,0,0,4.5,2,0,0,0,0,2,9,1,1,1,0,1,1,0,0,3,"Brayden Guillory","sa3074994",
"Dane Lemaster","LIP",,0,0,9,4,0,0,0,0,4,19,2,4,4,1,4,2,3,0,3,"Dane Lemaster","sa3075001",
"Jayden Torres","ALST",18,0,0,13.5,6,0,0,0,0,6,36,6,10,9,0,9,3,1,0,3,"Jayden Torres","sa3075020",
"Max Goldberg","PAC",22,0,0,7.5,5,0,0,0,0,6,32,11,5,5,0,2,2,0,0,3,"Max Goldberg","sa3075122",
"Trevor Busby","SF",19,0,2,11.11764737066514,6,2,0,0,0,5.2,30,9,8,7,2,5,1,1,0,3,"Trevor Busby","sa3075166",
"Jackson Peavy","UGA",19,0,0,0,3,0,0,0,0,2.1,11,0,1,0,0,2,1,0,0,3,"Jackson Peavy","sa3075249",
"Ty Wood","WAKE",19,0,0,26.99999919533732,4,0,0,0,0,1.1,12,1,4,4,1,7,0,2,0,3,"Ty Wood","sa3075275",
"Jordan Ake","CCSU",,0,0,11.571428965549092,4,0,0,0,0,4.2,34,9,9,6,2,8,1,3,0,3,"Jordan Ake","sa3075324",
"Jordan Martin","ARK",19,0,0,0,3,0,0,0,0,3,14,4,0,0,0,2,0,0,0,3,"Jordan Martin","sa3075407",
"Nathan ODonnell","MINN",19,2,0,10.124999698251495,5,0,0,0,0,5.1,25,3,6,6,1,3,3,0,0,3,"Nathan ODonnell","sa3075411",
"Masen Swan","CSUF",,0,0,8.100000193119053,7,0,0,0,0,6.2,32,9,9,6,1,4,1,2,0,3,"Masen Swan","sa3075416",
"Tanner Thomas","LOU",19,0,0,3,6,0,0,0,0,6,25,3,3,2,1,5,0,1,0,3,"Tanner Thomas","sa3075480",
"Jackson Bottar","CIT",,0,1,12.461538004451972,3,0,0,0,0,4.1,28,7,11,6,2,5,1,2,0,3,"Jackson Bottar","sa3075524",
"JD Costanzo","WVU",20,0,0,13.49999959766866,4,0,0,0,0,2.2,18,7,6,4,1,3,0,1,0,3,"JD Costanzo","sa3075527",
"Cole Lanclos","BAY",19,0,0,7.714285977032729,3,0,0,0,0,2.1,12,4,2,2,0,0,2,0,0,3,"Cole Lanclos","sa3075537",
"Weston Smith","WVU",19,0,0,6.352941354665794,6,0,0,0,0,5.2,24,6,4,4,1,1,1,0,0,3,"Weston Smith","sa3075548",
"Jake Taylor","COLU",,0,1,18,3,0,0,0,0,3,21,6,7,6,0,3,3,2,0,3,"Jake Taylor","sa3075549",
"Braden Fridgen","PENN",20,0,0,12,4,0,0,0,0,3,23,5,7,4,0,6,3,1,0,3,"Braden Fridgen","sa3075570",
"Landon Nichols","PRES",,0,0,18,5,0,0,0,0,5,31,12,12,10,5,3,0,0,0,3,"Landon Nichols","sa3075579",
"Aidan O'Brien","FOR",20,0,0,24.30000057935716,4,0,0,0,0,3.1,22,9,9,9,2,2,1,0,0,3,"Aidan O'Brien","sa3075580",
"Jarek Podest","STBK",22,0,0,16.200000386238106,2,0,0,0,0,1.2,13,2,5,3,0,6,0,3,0,3,"Jarek Podest","sa3075585",
"Ayden Benson","WICH",21,0,0,6,4,0,0,0,0,3,15,2,2,2,0,3,2,1,0,3,"Ayden Benson","sa3075658",
"Lonzo Drummond","MIA",20,0,0,26.99999919533732,4,0,0,0,0,1.1,12,1,4,4,0,5,1,1,0,3,"Lonzo Drummond","sa3075680",
"Ethan Maddies","HC",,0,0,5.062499849125747,5,0,0,0,1,5.1,25,5,5,3,0,4,1,0,0,3,"Ethan Maddies","sa3075737",
"Cole Taylor","ELON",,0,1,10.285714285714286,8,1,0,0,0,7,40,10,11,8,1,7,1,1,0,3,"Cole Taylor","sa3075745",
"James Hare","LAS",19,0,0,10.800000257492071,3,0,0,0,0,3.1,18,4,5,4,0,4,0,2,0,3,"James Hare","sa3075767",
"David Heefner","DBU",21,0,0,6.74999979883433,2,0,0,0,0,1.1,7,3,1,1,0,0,0,0,1,3,"David Heefner","sa3075812",
"Tye Briscoe","ARK",19,0,0,0,2,0,0,0,0,1,4,0,0,0,0,1,0,0,0,3,"Tye Briscoe","sa3075862",
"Seamus Scott","UML",,0,0,6.230769002225986,2,0,0,0,0,4.1,24,5,3,3,0,6,1,1,0,3,"Seamus Scott","sa3075877",
"Evan Seneres","UCSD",,0,1,5.869565339079428,3,2,0,0,0,7.2,35,7,6,5,1,4,0,0,0,3,"Evan Seneres","sa3075878",
"Wells Twining","UMBC",20,0,1,32.40000077247621,2,0,0,0,0,1.2,15,6,10,6,2,3,0,2,0,3,"Wells Twining","sa3075881",
"Langdon Hazen","QUIN",,0,0,7.363636204033847,3,0,0,0,0,3.2,22,3,5,3,0,5,2,0,0,3,"Langdon Hazen","sa3075894",
"Luke Billings","TA&M",19,0,0,40.49999879300598,3,0,0,0,0,1.1,13,2,8,6,0,4,2,0,0,3,"Luke Billings","sa3076183",
"Cam Keaveney","NE",20,0,0,9,3,0,0,0,0,3,14,3,3,3,1,1,2,1,0,3,"Cam Keaveney","sa3076262",
"Chris Coy","OMA",,0,1,2.7000000643730178,3,1,0,0,1,3.1,19,6,5,1,1,2,1,0,0,3,"Chris Coy","sa3076287",
"JC Acosta","NWST",,0,0,0,1,0,0,0,0,1,3,0,0,0,0,0,0,0,0,2,"JC Acosta","sa3025734",
"Garner Anderson","UTM",,0,0,0,2,1,0,0,0,2,7,2,0,0,0,0,0,0,0,2,"Garner Anderson","sa3026040",
"Andrew Argenziano","COLU",22,0,0,9,2,0,0,0,0,2,13,4,2,2,0,3,0,1,0,2,"Andrew Argenziano","sa3026174",
"Grant Aycock","UNCG",,0,0,2.076923000741995,3,0,0,0,0,4.1,21,6,2,1,0,1,0,1,0,2,"Grant Aycock","sa3026334",
"Andrew Ayers","SBU",,0,0,27.00000064373018,3,0,0,0,0,1.2,16,6,5,5,0,1,4,1,0,2,"Andrew Ayers","sa3026335",
"Will Banks","DAV",22,0,0,31.5,4,0,0,0,0,2,20,6,9,7,1,5,1,4,0,2,"Will Banks","sa3026522",
"Andrew Baumgart","NIA",23,0,0,5.4000001287460355,4,2,0,0,0,6.2,32,8,4,4,1,4,1,2,0,2,"Andrew Baumgart","sa3026752",
"Drew Brady","DSU",,0,0,13.49999959766866,5,0,0,0,0,2.2,23,2,7,4,0,11,2,1,0,2,"Drew Brady","sa3027565",
"Murphy Brooks","UL",22,2,0,7.714285977032729,3,0,0,0,0,2.1,11,1,2,2,0,3,0,0,0,2,"Murphy Brooks","sa3027765",
"Bryce Calloway","UGA",23,0,0,0,1,0,0,0,0,1,5,1,0,0,0,1,0,0,0,2,"Bryce Calloway","sa3028288",
"Bobby Chicoine","BC",22,0,0,8.100000193119053,5,0,0,0,0,3.1,16,4,4,3,0,3,1,1,0,2,"Bobby Chicoine","sa3028838",
"Evan Clark","ND",24,1,0,7.714285977032729,4,0,0,0,0,2.1,12,3,2,2,1,2,0,1,0,2,"Evan Clark","sa3028978",
"Vincent Corso","WAG",24,0,0,15.428571954065458,6,0,0,0,0,4.2,27,4,9,8,1,10,1,2,0,2,"Vincent Corso","sa3029415",
"Josh Fernald","JAX",,0,0,18,4,0,0,0,0,2,13,0,4,4,0,7,0,1,0,2,"Josh Fernald","sa3031262",
"Ethan Firestein","BUCK",,0,0,36,4,0,0,0,0,2,17,4,8,8,0,7,0,3,0,2,"Ethan Firestein","sa3031360",
"Jackson Fraser","NKU",25,0,0,13.49999959766866,3,0,0,0,0,1.1,9,1,2,2,0,3,1,2,0,2,"Jackson Fraser","sa3031659",
"Joseph Fredericks","MD",22,0,0,18.900000450611124,5,0,0,0,0,3.1,21,6,7,7,0,6,1,0,0,2,"Joseph Fredericks","sa3031675",
"Will Gallagher","RID",,0,0,2.25,3,0,0,0,0,4,16,4,1,1,0,1,0,0,0,2,"Will Gallagher","sa3031859",
"Aidan Gelbsman","BC",21,0,0,0,2,0,0,0,0,1.1,8,1,0,0,0,1,2,0,0,2,"Aidan Gelbsman","sa3032102",
"Shemar Harris","JKST",21,0,0,22.5,7,0,0,0,0,4,30,10,12,10,2,2,6,1,0,2,"Shemar Harris","sa3033304",
"Aidan Hatcher","BUT",22,0,0,15.428571954065458,3,0,0,0,0,2.1,20,5,10,4,0,6,1,2,0,2,"Aidan Hatcher","sa3033384",
"Max Hippensteel","UCD",,0,1,22.84615300816195,7,0,0,0,0,4.1,30,10,11,11,2,6,1,2,0,2,"Max Hippensteel","sa3033869",
"Bradley Hodges","SC",22,0,0,16.200000386238106,2,1,0,0,0,3.1,18,2,6,6,0,5,2,0,0,2,"Bradley Hodges","sa3033896",
"Jed Howard","DAV",,0,0,5.4000001287460355,3,0,0,0,0,1.2,11,1,1,1,0,3,1,0,0,2,"Jed Howard","sa3034168",
"Ethan Hsu","PRIN",,0,0,6,3,0,0,0,0,3,14,1,2,2,0,3,2,1,0,2,"Ethan Hsu","sa3034203",
"Henry Hultquist","DAV",21,0,0,18,3,0,0,0,0,1,11,2,3,2,0,6,0,0,0,2,"Henry Hultquist","sa3034289",
"Will Kent","SDST",23,0,0,27,8,0,0,0,0,6,45,8,19,18,3,16,3,2,0,2,"Will Kent","sa3035286",
"Niko Kreuzer","BUT",,0,0,29.076922010387936,6,0,0,0,0,4.1,34,13,16,14,1,3,4,2,0,2,"Niko Kreuzer","sa3035716",
"Lucas Letsinger","BELL",23,0,2,30,2,2,0,0,0,3,26,13,14,10,1,2,1,0,0,2,"Lucas Letsinger","sa3036263",
"Cole McMichael","BELL",23,0,0,9.642857471290911,4,0,0,0,0,4.2,24,2,5,5,0,6,2,0,0,2,"Cole McMichael","sa3037709",
"Kyle Mueller","PRES",22,0,0,9,1,1,0,0,0,3,16,4,3,3,0,3,0,0,0,2,"Kyle Mueller","sa3038513",
"Mason Murdock","UNCW",22,0,1,9,7,0,0,0,0,5,27,5,6,5,0,6,0,2,0,2,"Mason Murdock","sa3038570",
"Magnus Nelson","SF",21,0,0,15.428571954065458,3,0,0,0,0,2.1,17,7,5,4,0,3,1,2,0,2,"Magnus Nelson","sa3038757",
"Liam OHearen","LEH",22,0,1,9,1,0,0,0,0,2,10,0,2,2,0,3,1,0,0,2,"Liam OHearen","sa3039076",
"Logan Olson","PSU",22,0,0,27.00000064373018,4,0,0,0,0,1.2,17,4,5,5,0,6,2,2,0,2,"Logan Olson","sa3039137",
"Jack O'Malley","SJSU",21,0,0,26.99999919533732,1,0,0,0,0,0.2,6,2,2,2,1,1,1,2,0,2,"Jack O'Malley","sa3039149",
"Josh Ossiander","WCU",,0,0,40.49999879300598,2,0,0,0,0,1.1,10,4,6,6,2,1,1,0,0,2,"Josh Ossiander","sa3039248",
"Will Papciak","DAV",21,0,0,15.428571954065458,4,0,0,0,0,2.1,15,1,4,4,0,7,2,3,0,2,"Will Papciak","sa3039412",
"Aidan Rath","TULN",,1,0,10.124999698251495,4,0,0,0,0,2.2,16,3,3,3,1,4,1,0,0,2,"Aidan Rath","sa3040473",
"Will Ross","UNF",,1,0,7.043478406895314,4,2,0,0,0,7.2,43,8,6,6,0,7,0,1,0,2,"Will Ross","sa3041184",
"Kevin Rourke","UML",,0,2,11.571428965549092,6,0,0,0,0,4.2,26,9,11,6,0,4,1,1,0,2,"Kevin Rourke","sa3041210",
"Hunter Royal","LR",,0,1,15.428571954065458,7,0,0,0,0,4.2,27,3,8,8,1,8,3,0,0,2,"Hunter Royal","sa3041229",
"Connor Schumann","ODU",23,1,0,16,12,0,0,0,0,9,56,24,17,16,2,4,0,3,1,2,"Connor Schumann","sa3041820",
"Nolan Stevens","OU",21,0,0,0,1,0,0,0,0,0.2,2,0,0,0,0,0,0,0,0,2,"Nolan Stevens","sa3043084",
"Levi Strahm","YALE",21,0,0,4.5,2,0,0,0,0,2,12,3,1,1,1,3,1,0,0,2,"Levi Strahm","sa3043201",
"Everett Swaim","ACU",21,0,0,20.769230007419953,7,0,0,0,0,4.1,31,13,10,10,1,5,1,6,0,2,"Everett Swaim","sa3043365",
"Alex Thomas","BUT",21,0,0,29.45454481613539,5,1,0,0,0,3.2,32,9,12,12,2,9,3,1,0,2,"Alex Thomas","sa3043678",
"Jose Valerio","AAMU",21,0,0,13.49999959766866,2,0,0,0,0,1.1,10,1,2,2,0,2,3,2,0,2,"Jose Valerio","sa3044301",
"Marcus Van Alstine","ODU",21,0,0,6.74999979883433,1,0,0,0,0,1.1,9,3,1,1,0,1,0,0,0,2,"Marcus Van Alstine","sa3044315",
"David Whittle","UCR",22,0,0,4.5,3,0,0,0,0,2,12,1,1,1,0,4,1,0,0,2,"David Whittle","sa3045154",
"Luke Wiltrakis","UGA",21,0,0,12,5,0,0,0,0,3,16,0,4,4,0,7,0,2,0,2,"Luke Wiltrakis","sa3045426",
"Mac Yarbrough","NORF",22,0,1,36,2,1,0,0,0,1,11,2,4,4,0,6,0,1,0,2,"Mac Yarbrough","sa3045682",
"Jackson Bellhorn","UNF",20,0,0,11.25,4,0,0,0,0,4,27,8,9,5,1,7,0,1,0,2,"Jackson Bellhorn","sa3058611",
"Jack Berg","HAW",22,0,0,0,4,0,0,0,0,7,28,2,0,0,0,5,1,1,0,2,"Jack Berg","sa3058625",
"Jake Chadwell","LONG",,0,1,20.64705940266383,6,1,0,0,0,5.2,40,13,14,13,1,6,5,1,0,2,"Jake Chadwell","sa3058846",
"Camden Clewett","BAY",20,0,0,17.35714344832364,5,0,0,0,0,4.2,32,13,9,9,2,5,1,4,0,2,"Camden Clewett","sa3058884",
"Carter Danz","NU",20,0,0,16.200000386238106,2,0,0,0,0,1.2,11,3,3,3,1,1,1,0,0,2,"Carter Danz","sa3058988",
"Luke Dellentash","STO",,0,0,7.043478406895314,7,0,0,0,0,7.2,37,8,7,6,0,8,0,1,0,2,"Luke Dellentash","sa3059031",
"Collin Dennis","TXSO",20,0,2,10.046511850723263,5,4,0,0,0,14.1,82,20,21,16,2,17,5,2,0,2,"Collin Dennis","sa3059036",
"Dakota Gray","UTU",21,0,0,26.99999919533732,4,0,0,0,0,2.2,23,12,8,8,1,2,1,2,0,2,"Dakota Gray","sa3059340",
"Mekai Griffin","NCAT",21,0,0,9,2,0,0,0,0,2,10,2,2,2,0,1,1,0,0,2,"Mekai Griffin","sa3059362",
"Boston Halloran","OAK",,0,0,8.30769200296798,4,0,0,0,0,4.1,24,7,4,4,0,3,1,0,0,2,"Boston Halloran","sa3059394",
"Jay Kennedy","USI",22,0,0,0,3,0,0,0,0,1.2,11,0,0,0,0,3,3,1,0,2,"Jay Kennedy","sa3059664",
"Marshall Loch","ME",,0,0,14.086956813790628,8,0,0,0,0,7.2,40,9,12,12,1,9,1,2,0,2,"Marshall Loch","sa3059831",
"Luke Lorence","CARK",,0,1,17.35714344832364,7,0,0,0,0,4.2,33,12,11,9,0,4,2,2,0,2,"Luke Lorence","sa3059851",
"Nolan McKinstry","KENN",19,0,0,13.5,2,0,0,0,0,2,11,3,3,3,1,3,0,0,0,2,"Nolan McKinstry","sa3059989",
"Carter Payne","PRES",,0,0,16.874999497085824,4,0,0,0,0,2.2,14,6,5,5,1,2,0,2,0,2,"Carter Payne","sa3060223",
"Cooper Reese","NMSU",20,0,1,26.99999941479077,4,0,0,0,0,3.2,28,7,13,11,2,9,0,0,0,2,"Cooper Reese","sa3060346",
"Park Roeder","MVSU",,0,1,18,6,0,0,0,0,5,34,11,11,10,0,8,1,2,0,2,"Park Roeder","sa3060409",
"Jaxson Ross","SBU",,0,1,38.571429885163646,5,0,0,0,0,2.1,24,7,11,10,0,7,2,4,0,2,"Jaxson Ross","sa3060428",
"Matt Sgambati","STBK",,0,0,16.200000386238106,1,0,0,0,0,1.2,11,2,3,3,1,4,0,1,0,2,"Matt Sgambati","sa3060550",
"Bryson Treichel","UK",,0,0,6,3,0,0,0,0,3,15,4,2,2,0,1,2,0,0,2,"Bryson Treichel","sa3060786",
"Landon Carr","NCSU",22,0,0,5.4000001287460355,2,0,0,0,0,1.2,14,2,6,1,0,5,1,0,0,2,"Landon Carr","sa3065014",
"Christian Rodriguez","FLA",21,0,0,20.24999939650299,3,0,0,0,0,1.1,11,3,3,3,1,2,2,0,0,2,"Christian Rodriguez","sa3065120",
"Josh Glaser","TXST",20,0,0,6.74999979883433,3,0,0,0,0,2.2,14,5,2,2,0,1,0,0,0,2,"Josh Glaser","sa3065310",
"Diego Reilly-Bell","FOR",21,0,0,4.5,1,0,0,0,0,2,11,1,1,1,0,3,2,0,0,2,"Diego Reilly-Bell","sa3065393",
"Riley Weatherwax","MONM",,0,0,2.7000000643730178,2,0,0,0,0,3.1,15,1,1,1,0,4,1,1,0,2,"Riley Weatherwax","sa3065443",
"Daniel Bass","TAR",22,0,1,21,2,2,0,0,0,3,19,8,7,7,2,2,1,0,0,2,"Daniel Bass","sa3065502",
"Ryan Johnson","ILL",20,0,0,27,4,1,0,0,0,3,23,7,10,9,0,2,4,1,0,2,"Ryan Johnson","sa3065548",
"MJ Seo","CSUN",21,0,0,9,1,0,0,0,0,1,6,1,2,1,0,2,0,0,0,2,"MJ Seo","sa3065762",
"Marco Davila","UMES",,0,0,15.428571954065458,4,0,0,0,0,4.2,31,13,9,8,0,4,0,1,0,2,"Marco Davila","sa3065912",
"Erik Kvidahl","CP",,0,0,0,2,0,0,0,0,2.2,11,2,0,0,0,1,0,2,0,2,"Erik Kvidahl","sa3066209",
"Paul Witkop","RICH",20,0,0,7.941176693332243,9,0,0,0,0,5.2,33,11,6,5,0,2,3,2,0,2,"Paul Witkop","sa3066251",
"Julian Robertson","OHIO",,0,0,24.30000057935716,5,0,0,0,0,3.1,24,6,10,9,1,8,1,1,1,2,"Julian Robertson","sa3066396",
"Kiefer Parsons","USI",,0,0,9,2,0,0,0,0,1,8,2,1,1,0,1,2,1,0,2,"Kiefer Parsons","sa3066549",
"Anthony Pardo","NDSU",20,0,1,24.545454013446157,4,0,0,0,0,3.2,24,7,10,10,2,6,1,0,0,2,"Anthony Pardo","sa3066578",
"Toby Schriefer","ILST",,0,0,22.84615300816195,6,0,0,0,0,4.1,29,8,11,11,4,7,4,0,0,2,"Toby Schriefer","sa3066582",
"Nathan Murphy","GW",20,0,2,36,8,1,0,0,0,5,43,15,20,20,1,11,5,3,0,2,"Nathan Murphy","sa3066635",
"Kobe Julks","BUCK",,0,0,6,5,0,0,0,0,3,14,3,2,2,1,2,1,1,0,2,"Kobe Julks","sa3066684",
"Ryan Porche","HCU",21,0,0,9,2,0,0,0,0,2,9,2,3,2,1,1,0,0,0,2,"Ryan Porche","sa3066692",
"Davis Rivers","WOF",21,0,0,5.4000001287460355,8,0,0,0,0,6.2,35,8,4,4,1,7,1,2,0,2,"Davis Rivers","sa3066711",
"Noah Terzo","CCSU",,0,2,17.18181780941231,6,0,0,0,0,3.2,22,9,7,7,0,4,0,2,0,2,"Noah Terzo","sa3066714",
"Braxton Brogan","AAMU",21,1,0,0,1,0,0,0,0,1.2,7,0,0,0,0,1,0,0,0,2,"Braxton Brogan","sa3066887",
"Jhon Abreu","FGCU",,0,0,33.74999899417165,3,0,0,0,0,1.1,10,3,5,5,1,3,0,0,0,2,"Jhon Abreu","sa3069448",
"Kedrick Alicea","UMES",,0,1,9,3,0,0,0,0,3,18,3,4,3,0,4,2,1,0,2,"Kedrick Alicea","sa3069475",
"Nate Bassett","UVA",21,0,0,0,1,0,0,0,0,1,5,0,0,0,0,2,0,0,0,2,"Nate Bassett","sa3069574",
"Dashiell Carson","UMES",,0,0,13.49999959766866,1,0,0,0,0,1.1,9,1,2,2,1,3,1,0,0,2,"Dashiell Carson","sa3069754",
"Joe Chiarodo","ALA",19,1,0,0,4,1,0,0,0,4.1,19,4,0,0,0,1,1,0,0,2,"Joe Chiarodo","sa3069793",
"Cortland Clarke","UNO",23,0,0,0,2,0,0,0,0,1.1,9,1,0,0,0,4,0,1,0,2,"Cortland Clarke","sa3069805",
"Korey Cooper","MCN",,0,0,0,1,0,0,0,1,1,5,2,0,0,0,0,0,0,0,2,"Korey Cooper","sa3069845",
"Brad Curtis","SIE",,0,0,40.49999879300598,1,1,0,0,0,1.1,13,7,7,6,0,1,0,0,0,2,"Brad Curtis","sa3069892",
"Cal Elvis","UCSD",20,0,0,0,3,0,0,0,0,3.1,10,1,0,0,0,0,0,0,0,2,"Cal Elvis","sa3070023",
"Carson Everette","WIN",23,0,0,11.571428965549092,9,0,0,0,0,4.2,31,9,6,6,0,5,4,2,0,2,"Carson Everette","sa3070049",
"Brady Fitzpatrick","MORE",20,0,0,37.80000090122225,3,0,0,0,0,1.2,14,3,7,7,1,3,4,0,0,2,"Brady Fitzpatrick","sa3070091",
"Mac Hibben","UNCO",,0,0,11.812499647960077,9,0,0,0,0,5.1,37,5,7,7,0,9,5,5,1,2,"Mac Hibben","sa3070327",
"John Henry Kohorst","IOWA",20,0,0,36,4,0,0,0,0,1,11,0,4,4,0,6,2,1,1,2,"John Henry Kohorst","sa3070526",
"Bronson Lange","AMCC",,1,0,0,1,0,0,0,0,3,11,1,0,0,0,1,0,0,0,2,"Bronson Lange","sa3070560",
"Mason Morello","FOR",23,0,0,11,7,2,0,0,0,9,52,8,11,11,2,10,9,1,0,2,"Mason Morello","sa3070811",
"Eric Osterhus","FOR",21,0,0,94.49999718368062,1,0,0,0,0,0.2,12,6,8,7,0,1,3,0,0,2,"Eric Osterhus","sa3070928",
"Kaul Perkins","NICH",19,0,0,7.363636204033847,5,0,0,0,0,3.2,17,4,3,3,1,2,2,2,0,2,"Kaul Perkins","sa3070993",
"Stephen Platte","CIT",,0,0,3.8571429885163644,1,0,0,0,0,2.1,9,1,1,1,0,1,0,0,0,2,"Stephen Platte","sa3071020",
"Conner Rippo","NJIT",,0,0,1.2857142857142858,5,0,0,0,0,7,31,8,1,1,0,3,0,0,0,2,"Conner Rippo","sa3071126",
"Sammy Seplowe","BCU",22,0,0,36,2,0,0,0,0,1,10,2,4,4,0,4,1,4,0,2,"Sammy Seplowe","sa3071262",
"Kaleb Thompkins","PV",19,1,0,31.5,6,0,0,0,0,4,36,15,16,14,3,7,2,1,0,2,"Kaleb Thompkins","sa3071450",
"Roman Tolbert","MCN",22,0,0,15,3,0,0,0,0,3,16,4,5,5,0,5,0,0,0,2,"Roman Tolbert","sa3071460",
"Grayson Walker","DUKE",23,0,1,5.6842103836609095,14,0,0,0,0,12.2,58,13,10,8,1,9,0,0,0,2,"Grayson Walker","sa3071548",
"Grant Wilson","OHIO",20,0,0,1.9285714942581822,5,0,0,0,0,4.2,21,4,1,1,0,1,2,1,0,2,"Grant Wilson","sa3071634",
"Thomas Wrehe","GMU",24,0,1,34.71428689664728,4,1,0,0,0,2.1,21,5,9,9,1,5,4,1,0,2,"Thomas Wrehe","sa3071656",
"Chase Davis","HCU",,0,0,0,4,0,0,0,0,2.2,17,1,0,0,0,4,1,1,0,2,"Chase Davis","sa3073699",
"Matthew Totten","NDSU",,0,2,18,2,2,0,0,0,4,26,3,8,8,0,4,7,0,0,2,"Matthew Totten","sa3073822",
"Alejandro Vanegas","UIW",,1,2,6.480000247192392,4,2,0,0,0,8.1,34,7,6,6,2,3,2,0,0,2,"Alejandro Vanegas","sa3073828",
"Nico Varlotta","UNA",,0,1,20.24999939650299,3,1,0,0,0,2.2,23,6,8,6,0,7,2,0,0,2,"Nico Varlotta","sa3073830",
"Rodney Whaley","WKU",21,0,0,33.74999899417165,2,1,0,0,0,1.1,10,4,5,5,0,1,1,0,0,2,"Rodney Whaley","sa3073835",
"Luke Elward","LMU",21,0,0,64.80000154495242,3,0,0,0,0,1.2,20,8,14,12,0,5,2,2,0,2,"Luke Elward","sa3073947",
"Paul Grossman","USC",19,0,0,4.9090908026892315,6,0,0,0,0,3.2,17,4,2,2,0,4,1,1,0,2,"Paul Grossman","sa3073954",
"Ethan Hunt","UNO",,0,0,5.4000001287460355,3,0,0,0,0,1.2,11,2,2,1,1,3,1,0,0,2,"Ethan Hunt","sa3073963",
"Breyan Brooks","SOU",21,0,0,0,3,0,0,0,0,2,9,1,0,0,0,2,1,3,0,2,"Breyan Brooks","sa3074051",
"Noah Bourgeois","SEMO",,0,0,33.74999899417165,2,0,0,0,0,1.1,11,4,5,5,1,4,0,1,0,2,"Noah Bourgeois","sa3074071",
"Riley Golden","MILW",,0,0,12.705882709331588,11,0,0,0,0,5.2,37,12,8,8,1,7,3,1,0,2,"Riley Golden","sa3074096",
"Jaxson Howard","BELL",19,0,0,22.5,6,0,0,0,0,4,27,8,10,10,1,9,0,0,0,2,"Jaxson Howard","sa3074107",
"Samuel Round","ARIZ",21,0,0,9,2,0,0,0,0,1,10,1,1,1,0,3,2,0,0,2,"Samuel Round","sa3074140",
"Trey Campos","JMU",,0,0,11.812499647960077,6,0,0,0,0,5.1,32,4,7,7,1,6,5,0,0,2,"Trey Campos","sa3074224",
"Cal McBurney","BRWN",,0,0,11.571428965549092,5,0,0,0,0,4.2,30,10,8,6,0,6,1,2,0,2,"Cal McBurney","sa3074356",
"Joe Montembeau","PRIN",,0,0,10.384615003709976,5,0,0,0,0,4.1,26,6,6,5,1,4,2,2,0,2,"Joe Montembeau","sa3074375",
"Evan Lopez","MORE",,0,0,20.24999939650299,2,0,0,0,0,1.1,9,4,3,3,1,2,0,2,0,2,"Evan Lopez","sa3074775",
"Vedant Sharma","HARV",,0,1,13.49999959766866,1,1,0,0,0,2.2,16,1,4,4,0,7,1,1,0,2,"Vedant Sharma","sa3074818",
"Eli Yamanaka","LMU",,0,0,47.24999859184031,2,0,0,0,0,1.1,15,5,7,7,0,4,2,0,0,2,"Eli Yamanaka","sa3074967",
"Jacob Golson","WIU",,0,0,12,4,0,0,0,0,3,15,5,4,4,0,2,0,1,0,2,"Jacob Golson","sa3074993",
"Peyton Miller","CLEM",20,0,0,4.15384600148399,6,0,0,0,1,4.1,20,5,3,2,0,3,1,0,0,2,"Peyton Miller","sa3075008",
"Noah Spears","NWST",,0,0,5.4000001287460355,2,0,0,0,0,1.2,10,2,1,1,0,2,1,0,0,2,"Noah Spears","sa3075018",
"Nolan Hand","SIU",21,0,0,11.571428965549092,4,0,0,0,0,2.1,16,3,3,3,0,5,1,0,0,2,"Nolan Hand","sa3075126",
"Mathew Rios","USA",19,0,0,0,1,0,0,0,0,1,5,0,0,0,0,1,1,0,0,2,"Mathew Rios","sa3075153",
"Bryce Meder","CCSU",,0,0,3.4838710749186568,9,0,0,0,0,10.1,53,18,4,4,0,4,2,3,0,2,"Bryce Meder","sa3075239",
"Jake Plainte","BRWN",20,0,0,6.74999979883433,3,0,0,0,0,1.1,10,2,1,1,0,3,1,0,0,2,"Jake Plainte","sa3075252",
"RJ Bergren","NIU",,0,0,21,5,0,0,0,0,3,20,6,9,7,1,4,2,0,0,2,"RJ Bergren","sa3075329",
"Michael Dobbins","UTA",19,0,1,10.124999698251495,5,0,0,0,0,5.1,34,11,9,6,0,5,2,0,0,2,"Michael Dobbins","sa3075343",
"Tro Fellings","PUR",19,0,0,7.363636204033847,7,0,0,0,0,3.2,21,5,3,3,1,5,0,1,0,2,"Tro Fellings","sa3075345",
"Will Pires","MAN",23,0,0,30.857143908130915,3,0,0,0,0,2.1,19,5,8,8,1,4,3,0,0,2,"Will Pires","sa3075367",
"Mack Edwards","UCLA",19,0,0,9,2,0,0,0,0,1,4,1,1,1,0,0,0,0,0,2,"Mack Edwards","sa3075396",
"Jax Bishop","TENN",19,0,0,3.374999899417165,5,0,0,0,0,2.2,12,2,1,1,1,2,0,0,0,2,"Jax Bishop","sa3075422",
"Eric De Costa","WES",21,0,0,13.49999959766866,2,0,0,0,0,1.1,11,2,4,2,0,3,1,2,0,2,"Eric De Costa","sa3075461",
"Regianld (RJ) Griffin Jr","ALCN",,0,0,21.600000514984142,5,0,0,0,0,1.2,15,3,4,4,0,7,0,1,0,2,"Regianld (RJ) Griffin Jr","sa3075468",
"Dominic Panella","STAN",20,0,0,10.800000257492071,2,0,0,0,0,1.2,7,1,2,2,0,1,1,0,0,2,"Dominic Panella","sa3075511",
"Jackson Murcer","GWEB",,0,1,22.5,3,0,0,0,0,2,14,5,5,5,0,2,1,1,0,2,"Jackson Murcer","sa3075577",
"Rantz Payton","EKU",,0,1,13.5,6,1,0,0,0,6,34,10,11,9,0,9,0,2,0,2,"Rantz Payton","sa3075582",
"Cody Demont","UTSA",22,1,0,7.875,7,1,0,0,0,8,41,9,8,7,4,5,1,1,0,2,"Cody Demont","sa3075661",
"Bryson Huwar","CHSO",,1,0,10.565217610342971,7,0,0,0,0,7.2,39,13,9,9,1,1,4,1,0,2,"Bryson Huwar","sa3075681",
"Liam Thatcher","ETSU",21,0,0,10.800000257492071,2,0,0,0,0,1.2,11,2,2,2,0,2,2,1,0,2,"Liam Thatcher","sa3075689",
"Max Nelson","STMN",20,0,1,18,2,0,0,0,0,1,8,2,2,2,0,2,1,1,0,2,"Max Nelson","sa3075726",
"Roman Petricca","WKU",20,0,0,0,2,0,0,0,0,1.2,6,0,0,0,0,1,0,0,0,2,"Roman Petricca","sa3075771",
"Bryson Vawter","WKU",21,0,0,9,5,0,0,0,0,3,16,1,3,3,0,4,1,0,0,2,"Bryson Vawter","sa3075777",
"Chase Lawley","RICH",19,0,2,15,4,0,0,0,0,3,28,6,6,5,0,3,2,3,0,2,"Chase Lawley","sa3075795",
"Sam Eppley","XAV",20,0,0,0,3,0,0,0,0,2.2,14,3,0,0,0,1,2,1,0,2,"Sam Eppley","sa3075833",
"Hudson Aber","UCSB",,0,0,0,3,0,0,0,0,2.2,12,2,0,0,0,2,0,0,0,2,"Hudson Aber","sa3075859",
"Peyton Mamula","MD",,0,0,13.49999959766866,3,0,0,0,0,2.2,15,5,4,4,0,2,0,0,0,2,"Peyton Mamula","sa3075923",
"Quinn Yellin","MD",19,0,0,6.74999979883433,3,0,0,0,0,2.2,14,3,2,2,1,2,1,0,0,2,"Quinn Yellin","sa3075924",
"Nick Hayden","LEH",,0,0,13.5,3,0,0,0,0,2,10,3,3,3,1,1,1,0,0,2,"Nick Hayden","sa3075984",
"Nicholas Frusco","CLEM",19,0,0,3.374999899417165,4,0,0,0,0,2.2,16,4,3,1,0,0,1,1,0,2,"Nicholas Frusco","sa3076013",
"Toby Peterson","UK",,0,1,21.600000514984142,6,0,0,0,0,1.2,13,2,4,4,0,4,2,0,0,2,"Toby Peterson","sa3076172",
"Dawson Neal","ECU",23,0,0,20.24999939650299,1,0,0,0,0,1.1,9,3,3,3,0,2,0,0,0,2,"Dawson Neal","sa3076214",
"Jake Reigert","MISS",20,0,0,18,1,0,0,0,0,1,5,2,2,2,1,0,0,0,0,2,"Jake Reigert","sa3076228",
"Augie Grohman","RGV",19,0,0,6.230769002225986,2,0,0,0,1,4.1,22,4,3,3,0,4,1,0,0,2,"Augie Grohman","sa3076237",
"Kaleb Rogers","TEX",19,0,0,26.99999919533732,2,0,0,0,0,0.2,5,2,2,2,0,1,0,0,0,2,"Kaleb Rogers","sa3076391",
"Ayden Alexander","GW",21,0,0,67.4999979883433,1,0,0,0,0,0.2,8,1,6,5,0,4,1,0,0,1,"Ayden Alexander","sa3025875",
"Gavin Alloway","RID",23,0,0,26.99999919533732,3,0,0,0,0,2.2,22,3,8,8,0,7,4,0,0,1,"Gavin Alloway","sa3025944",
"Michael Anderson Jr.","PSU",22,0,0,0,2,0,0,0,0,1.2,7,0,0,0,0,1,2,0,0,1,"Michael Anderson Jr.","sa3026065",823752
"James Aselta","SHU",,0,0,9,2,0,0,0,0,3,18,5,5,3,0,2,2,2,0,1,"James Aselta","sa3026254",
"Cristien Banda","LBSU",22,0,0,16.200000386238106,5,0,0,0,0,1.2,11,0,3,3,0,5,1,2,0,1,"Cristien Banda","sa3026507",
"Chris Batuyios","SJU",21,0,1,23.142857931098185,1,1,0,0,0,2.1,17,1,6,6,0,7,2,1,0,1,"Chris Batuyios","sa3026729",
"Tyler Blankenship","SAC",23,0,0,0,1,0,0,0,0,0.1,1,0,0,0,0,0,0,0,0,1,"Tyler Blankenship","sa3027240",
"Ethan Bowen","JOES",22,0,0,19.285714942581823,4,0,0,0,0,2.1,19,4,6,5,0,4,3,1,0,1,"Ethan Bowen","sa3027470",
"Carson Brower","BELL",21,0,0,0,2,0,0,0,0,4,14,1,0,0,0,0,0,0,0,1,"Carson Brower","sa3027790",
"William Burns","HARV",21,0,0,9,3,0,0,0,0,2,10,2,3,2,0,2,1,0,0,1,"William Burns","sa3028096",
"Brooks Byers","UNO",23,0,0,27,1,0,0,0,0,1,8,5,3,3,0,0,0,0,0,1,"Brooks Byers","sa3028189",
"AC Cabrera","SF",22,0,0,22.5,2,0,0,0,0,2,15,7,5,5,0,1,2,4,0,1,"AC Cabrera","sa3028220",
"Dom Camera","FAIR",22,0,0,0,1,0,0,0,0,0.2,3,0,0,0,0,1,0,0,0,1,"Dom Camera","sa3028300",
"Dominic Capperella","MSM",21,0,0,26.99999919533732,1,0,0,0,0,0.2,4,0,2,2,0,2,0,0,0,1,"Dominic Capperella","sa3028395",
"Will Clements","TULN",,0,1,4.5,3,0,0,0,0,2,13,5,3,1,0,1,2,2,1,1,"Will Clements","sa3029031",
"Julian Custer","UCI",21,0,0,13.5,3,0,0,0,0,2,14,2,3,3,0,4,3,1,0,1,"Julian Custer","sa3029739",
"Drew DeSanto","JOES",22,0,0,54,3,0,0,0,0,1,11,3,6,6,0,3,2,0,0,1,"Drew DeSanto","sa3030189",
"Sam DiLella","GMU",,0,0,18,2,0,0,0,0,1,6,0,2,2,0,0,2,4,0,1,"Sam DiLella","sa3030324",
"Jayden Dillard","TNTC",,0,0,22.5,1,0,0,0,0,2,16,3,5,5,1,4,1,0,0,1,"Jayden Dillard","sa3030331",
"Parker Dixon","GWEB",21,0,0,0,1,1,0,0,0,1,5,2,0,0,0,0,0,0,0,1,"Parker Dixon","sa3030389",
"Matthew Donnison","ILST",22,0,0,6.74999979883433,1,1,0,0,0,2.2,13,4,2,2,0,2,0,0,0,1,"Matthew Donnison","sa3030465",
"George Eisenhardt","UIC",,0,0,20.24999939650299,3,0,0,0,0,1.1,10,5,4,3,1,1,0,1,0,1,"George Eisenhardt","sa3030856",
"Trace Florio","LAF",,0,1,33.74999899417165,1,1,0,0,0,1.1,9,4,5,5,1,1,0,0,0,1,"Trace Florio","sa3031474",
"Will Girardi","DBU",23,0,0,27,2,0,0,0,0,1,6,1,3,3,1,2,0,0,0,1,"Will Girardi","sa3032279",
"Glenn Green III","SOU",24,0,0,40.49999879300598,1,0,0,0,0,0.2,5,2,3,3,0,2,0,0,0,1,"Glenn Green III","sa3032656",
"Carter Hain","OAK",23,0,0,0,1,0,0,0,0,1,4,1,0,0,0,0,0,0,0,1,"Carter Hain","sa3032976",
"Connor Handy","LONG",23,0,0,0,1,1,0,0,0,0.1,1,0,0,0,0,0,0,0,0,1,"Connor Handy","sa3033127",
"Andrew Hendrickx","BUT",22,0,0,45,1,1,0,0,0,1,8,2,5,5,0,2,1,0,0,1,"Andrew Hendrickx","sa3033593",
"Kaden Humphrey","ALA",22,0,0,0,3,0,0,0,0,1.2,5,0,0,0,0,0,0,0,0,1,"Kaden Humphrey","sa3034298",
"Sam Hutchinson","CONN",20,0,0,0,1,0,0,0,0,0.2,4,0,0,0,0,2,0,1,0,1,"Sam Hutchinson","sa3034373",
"Josh Janove","TOW",,0,0,9,2,0,0,0,0,1,5,1,1,1,0,1,0,0,0,1,"Josh Janove","sa3034577",
"Chase Jarnagin","COFC",,0,0,80.99999758601196,2,0,0,0,0,0.1,5,1,3,3,0,3,0,0,0,1,"Chase Jarnagin","sa3034590",
"Tyler Johns","ELON",,0,0,4.5,3,0,0,0,0,2,12,4,1,1,0,4,0,0,0,1,"Tyler Johns","sa3034824",
"Hunter Katschke","UVU",,0,0,9,2,0,0,0,0,2,11,5,2,2,0,0,0,0,0,1,"Hunter Katschke","sa3035111",
"Josh Klug","MSU",21,0,0,19.285714942581823,7,0,0,0,0,4.2,30,8,10,10,2,7,2,0,0,1,"Josh Klug","sa3035517",
"Jason Krakoski","CSUF",,0,0,10.800000257492071,3,1,0,0,0,1.2,13,0,2,2,0,7,1,0,0,1,"Jason Krakoski","sa3035674",
"David Ladjevic","SDSU",22,0,0,107.99999678134928,1,0,0,0,0,0.1,5,0,4,4,0,2,1,2,0,1,"David Ladjevic","sa3035839",
"Blake Lehmbeck","UNM",22,0,0,0,1,0,0,0,0,1.1,5,0,1,0,0,0,1,0,0,1,"Blake Lehmbeck","sa3036188",
"Connor McCreery","TEX",23,0,0,0,1,0,0,0,0,0.1,1,0,0,0,0,0,0,0,0,1,"Connor McCreery","sa3037518",
"Andrew Miehe","PENN",21,0,1,4.9090908026892315,5,1,0,0,0,3.2,20,1,2,2,0,5,4,0,0,1,"Andrew Miehe","sa3037988",
"Chase Mora","TXST",22,0,0,0,1,0,0,0,0,1,4,0,0,0,0,1,0,0,0,1,"Chase Mora","sa3038326",804993
"Brennan Morgan","AKR",24,0,0,20.24999939650299,2,0,0,0,0,1.1,7,3,3,3,1,0,0,0,0,1,"Brennan Morgan","sa3038360",
"Garrick Murray","COFC",23,0,0,27.00000064373018,3,0,0,0,0,1.2,13,3,5,5,0,5,0,1,1,1,"Garrick Murray","sa3038601",
"Jake Nolan","MONM",,0,0,10.384615003709976,3,0,0,0,0,4.1,18,4,5,5,0,3,0,2,0,1,"Jake Nolan","sa3038908",
"Charlie Oschell","UVA",21,0,0,26.99999919533732,2,0,0,0,0,1.1,12,4,6,4,0,3,1,1,0,1,"Charlie Oschell","sa3039237",
"Tyshon Patty","JKST",21,0,0,40.49999879300598,1,0,0,0,0,0.2,7,4,3,3,0,1,0,0,0,1,"Tyshon Patty","sa3039550",
"Cole Pauley","M-OH",,0,0,26.99999919533732,2,0,0,0,0,1.1,9,2,4,4,0,3,1,1,0,1,"Cole Pauley","sa3039558",
"Dylan Rogers","UNLV",21,0,0,0,1,0,0,0,0,3.1,12,1,0,0,0,1,2,0,0,1,"Dylan Rogers","sa3041048",
"Luke Rolland","UAPB",,0,0,121.49999637901794,3,0,0,0,0,0.2,13,1,9,9,0,6,4,1,0,1,"Luke Rolland","sa3041084",
"Conor Smith","VILL",,0,0,10.384615003709976,6,0,0,0,0,4.1,21,4,5,5,1,4,1,0,0,1,"Conor Smith","sa3042524",
"Lane Sparks","LAM",,0,0,0,1,0,0,0,0,1,4,1,0,0,0,0,0,0,0,1,"Lane Sparks","sa3042800",
"Nolan Straniero","ARIZ",24,0,1,53.99999839067464,1,0,0,0,0,0.2,6,1,4,4,0,3,0,0,0,1,"Nolan Straniero","sa3043209",
"Adam Sullivan","LEM",22,0,0,6.74999979883433,1,0,0,0,0,1.1,7,2,1,1,1,1,0,0,0,1,"Adam Sullivan","sa3043303",
"Jack Thunberg","CIT",,0,0,0,1,0,0,0,0,2.1,10,1,0,0,0,2,0,0,0,1,"Jack Thunberg","sa3043809",
"Giacomo Travaglia","FOR",21,0,0,18,1,0,0,0,0,1,9,2,3,2,0,2,1,0,0,1,"Giacomo Travaglia","sa3044019",
"James Trimble","ARST",22,0,0,0,1,0,0,0,0,1,5,2,0,0,0,0,0,0,0,1,"James Trimble","sa3044057",
"Andre Vidal","BRAD",,0,0,7.363636204033847,7,0,0,0,0,7.1,36,10,6,6,1,2,2,0,0,1,"Andre Vidal","sa3044480",
"Zach Wager","UTM",,0,0,0,4,0,0,0,0,5,19,1,0,0,0,3,0,0,0,1,"Zach Wager","sa3044616",
"Harris Waghalter","SELA",21,0,0,16.200000386238106,2,0,0,0,0,1.2,10,1,3,3,1,3,1,0,0,1,"Harris Waghalter","sa3044618",
"Colby Wallace","ECU",21,0,0,0,3,0,0,0,1,2.2,12,4,0,0,0,0,0,0,0,1,"Colby Wallace","sa3044699",
"Damien Whitfield","RGV",,0,0,9,1,0,0,0,0,1,6,2,1,1,0,1,0,1,0,1,"Damien Whitfield","sa3045138",
"Cade Barry","CSUN",22,0,0,3.8571429885163644,3,2,0,0,0,2.1,12,2,1,1,0,3,0,1,0,1,"Cade Barry","sa3058563",
"Kincaid Bergthold","STBK",,0,0,18,4,0,0,0,0,4,23,5,8,8,3,5,1,2,0,1,"Kincaid Bergthold","sa3058629",
"Jaden Bitter","GWEB",22,0,0,18,1,0,0,0,0,1,6,1,2,2,0,1,1,1,0,1,"Jaden Bitter","sa3058647",
"Karson Bonaparte","JVST",,0,0,9,2,0,0,0,0,1,6,1,1,1,0,3,0,1,0,1,"Karson Bonaparte","sa3058672",
"Nik Copenhaver","OSU",21,0,0,26.99999919533732,5,0,0,0,0,1.1,10,1,4,4,0,6,0,0,0,1,"Nik Copenhaver","sa3058926",
"Tague Davis","LOU",20,0,0,13.49999959766866,1,0,0,0,0,0.2,6,2,2,1,0,1,1,0,0,1,"Tague Davis","sa3059006",
"Hayden Donahue","ULM",24,0,0,13.49999959766866,4,1,0,0,0,1.1,12,1,2,2,0,6,2,0,0,1,"Hayden Donahue","sa3059069",
"Emil Estrella","INST",,0,1,80.99999758601196,2,0,0,0,0,0.1,5,1,3,3,0,3,0,0,0,1,"Emil Estrella","sa3059147",
"Wesley Harwell","SF",20,0,0,11.571428965549092,5,0,0,0,0,4.2,28,8,6,6,1,4,1,0,0,1,"Wesley Harwell","sa3059428",
"Bryson Hoff","WVU",20,0,0,26.99999919533732,1,0,0,0,0,0.2,4,2,2,2,0,0,0,1,0,1,"Bryson Hoff","sa3059504",
"Camden Kaufman","NMSU",22,0,0,53.99999839067464,1,0,0,0,0,0.2,8,3,4,4,0,2,1,0,0,1,"Camden Kaufman","sa3059650",
"Zach Kittrell","ALA",23,0,0,0,2,0,0,0,0,1.1,4,0,0,0,0,1,0,1,0,1,"Zach Kittrell","sa3059695",
"Clint Moak","MRSH",20,0,0,18,1,1,0,0,0,2,12,4,4,4,2,2,0,0,0,1,"Clint Moak","sa3060063",
"Brandon Newland","BELL",20,0,0,7.941176693332243,6,0,0,0,0,5.2,35,4,6,5,0,13,1,0,0,1,"Brandon Newland","sa3060135",
"Christian Pownall","MSM",,0,0,13.49999959766866,4,0,0,0,0,1.1,8,4,2,2,0,0,0,1,0,1,"Christian Pownall","sa3060299",
"Chase Rodgers","LAF",21,0,1,5.4000001287460355,5,0,0,0,0,3.1,19,2,4,2,0,4,3,1,0,1,"Chase Rodgers","sa3060396",
"Grant Ross","MILW",23,0,0,9,1,0,0,0,0,1,5,2,1,1,0,0,0,1,0,1,"Grant Ross","sa3060426",
"Eric Van Valkenburg","HOU",21,0,0,5.4000001287460355,3,0,0,0,0,1.2,10,3,1,1,0,1,1,0,0,1,"Eric Van Valkenburg","sa3060825",
"Michael Madigan","GMU",,0,0,0,2,0,0,0,0,1,4,0,0,0,0,1,0,0,0,1,"Michael Madigan","sa3062638",
"Chad Yates","W&M",,0,0,9,1,0,0,0,0,1,8,0,1,1,0,5,0,0,0,1,"Chad Yates","sa3062702",
"Harry Pelzman","UCSD",20,0,0,45,2,0,0,0,0,1,11,4,5,5,0,3,1,0,0,1,"Harry Pelzman","sa3065109",
"Carson Phillips","MERC",,0,0,15.428571954065458,3,0,0,0,0,2.1,13,0,4,4,0,5,1,2,0,1,"Carson Phillips","sa3065112",
"Ian Keusch","BRWN",,0,1,3.240000123596196,5,2,0,0,0,8.1,42,5,4,3,0,10,3,2,1,1,"Ian Keusch","sa3065338",
"Ben Nugent","TOW",,0,0,22.5,2,0,0,0,0,2,16,1,5,5,0,8,1,1,0,1,"Ben Nugent","sa3065374",
"Michael Politte","MEM",20,0,0,13.49999959766866,1,0,0,0,0,0.2,4,2,1,1,0,0,0,0,0,1,"Michael Politte","sa3065389",
"Ryan Schwartz","UK",,0,0,0,1,0,0,0,0,0.1,1,0,0,0,0,0,0,0,0,1,"Ryan Schwartz","sa3065407",
"Asher Lucas","COFC",,0,0,13.49999959766866,1,0,0,0,0,0.2,5,2,1,1,0,1,0,0,0,1,"Asher Lucas","sa3065559",
"Jaxon Pridgen","TNTC",,0,0,107.99999678134928,1,0,0,0,0,0.1,5,2,4,4,1,2,0,0,0,1,"Jaxon Pridgen","sa3065596",
"Mac Kimel","HPU",23,0,0,5.785714482774546,8,0,0,0,1,4.2,23,4,3,3,1,5,2,0,0,1,"Mac Kimel","sa3065757",
"Wyatt Mummert","MER",,0,0,0,1,0,0,0,0,1,3,0,0,0,0,0,0,0,0,1,"Wyatt Mummert","sa3065828",
"JJ Glasscock","WVU",21,0,0,0,1,0,0,0,0,1,3,0,0,0,0,0,0,0,0,1,"JJ Glasscock","sa3065924",
"Callum Young","PORT",21,0,0,0,2,0,0,0,0,1.1,7,2,0,0,0,1,0,0,0,1,"Callum Young","sa3066349",
"Bryce Navarre","SC",20,0,0,27.00000064373018,1,0,0,0,0,1.2,14,4,5,5,2,3,1,1,0,1,"Bryce Navarre","sa3066392",
"James Redick","FOR",21,0,0,38.571429885163646,2,0,0,0,0,2.1,23,6,10,10,1,8,2,0,0,1,"James Redick","sa3066393",
"Colin Scherer","MONM",,0,0,9,1,0,0,0,0,1,7,0,2,1,0,3,0,1,0,1,"Colin Scherer","sa3066645",
"Kevin Maurer","NAVY",,0,0,0,2,0,0,0,0,1,6,2,0,0,0,0,0,0,0,1,"Kevin Maurer","sa3066797",
"Corey Richardson","JKST",20,0,0,6.74999979883433,2,0,0,0,0,1.1,7,3,1,1,0,1,0,1,0,1,"Corey Richardson","sa3066805",
"Angel Cruz","NE",19,0,0,16.874999497085824,3,0,0,0,0,2.2,15,5,5,5,1,2,0,1,0,1,"Angel Cruz","sa3066816",
"Jaylen Merchant","ALST",22,0,0,13.5,1,0,0,0,0,2,11,4,3,3,0,0,1,0,0,1,"Jaylen Merchant","sa3066867",
"Landan Browning","DAY",,0,0,0,4,0,0,0,0,1.1,10,1,0,0,0,2,3,1,0,1,"Landan Browning","sa3066923",
"Lucas Dixon","COLU",,0,0,0,1,0,0,0,0,1,4,1,0,0,0,0,0,0,0,1,"Lucas Dixon","sa3067004",
"Cameron Edmonds","HOU",22,0,0,29.25,8,0,0,0,0,4,30,11,13,13,1,7,0,1,0,1,"Cameron Edmonds","sa3067232",
"Noah LaFine","VMI",20,0,0,80.99999758601196,1,0,0,0,0,0.1,4,0,3,3,0,3,0,0,0,1,"Noah LaFine","sa3067253",
"Owen Balleau","LIU",,0,0,0,2,0,0,0,0,0.2,6,1,0,0,0,2,0,0,0,1,"Owen Balleau","sa3069549",
"Brek Benedict","UNCO",,0,0,4.5,2,0,0,0,0,2,9,2,1,1,1,0,1,0,0,1,"Brek Benedict","sa3069596",
"Chase Brandt","WAG",,0,1,13.5,1,1,0,0,0,2,10,3,4,3,1,1,0,1,0,1,"Chase Brandt","sa3069659",
"Carson Brumbaugh","ARK",19,0,0,5.4000001287460355,2,0,0,0,0,1.2,7,1,1,1,0,1,1,2,0,1,"Carson Brumbaugh","sa3069688",
"Sean Budis","BC",19,0,0,9,1,0,0,0,0,1,7,1,1,1,0,2,1,1,0,1,"Sean Budis","sa3069698",
"Logan Cromer","SLU",,0,1,13.49999959766866,3,0,0,0,0,2.2,16,4,4,4,0,3,1,0,0,1,"Logan Cromer","sa3069877",
"Brock Cross","WSU",19,0,0,0,2,0,0,0,0,1.1,6,2,0,0,0,0,0,0,0,1,"Brock Cross","sa3069878",
"Jared Eckstein","USI",,0,1,67.4999979883433,1,1,0,0,0,0.2,8,3,5,5,0,1,2,0,0,1,"Jared Eckstein","sa3070007",
"Tyler Fallmann","WES",19,0,0,48.60000115871432,4,0,0,0,0,1.2,18,5,9,9,1,7,1,0,0,1,"Tyler Fallmann","sa3070058",
"JJ Gardner","JAX",,1,0,0,1,0,0,0,0,1,7,1,0,0,0,2,1,0,0,1,"JJ Gardner","sa3070145",
"Dylan Izenman","MSM",,0,0,94.49999718368062,1,0,0,0,0,0.2,9,6,7,7,2,1,0,0,0,1,"Dylan Izenman","sa3070413",
"Jackson Jones","LT",,0,0,20.24999939650299,3,0,0,1,0,1.1,11,1,4,3,1,4,1,0,0,1,"Jackson Jones","sa3070460",
"Caden Marcum","OSU",22,0,0,67.4999979883433,2,0,0,0,0,0.2,8,0,5,5,0,5,1,0,0,1,"Caden Marcum","sa3070676",
"Anthony Martinez","BRAD",21,0,0,9,3,0,0,0,0,1,6,2,1,1,1,1,0,0,0,1,"Anthony Martinez","sa3070687",
"Connor McCaleb","NDSU",,0,0,0,4,0,0,0,0,4,16,5,0,0,0,1,0,1,0,1,"Connor McCaleb","sa3070722",
"Brendan McKinley","ULM",,0,0,21.31578893872841,5,0,0,0,0,6.1,39,16,15,15,2,5,0,1,0,1,"Brendan McKinley","sa3070754",
"Kenny Meliere","STO",,0,0,15.75,5,0,0,0,0,4,22,8,7,7,1,2,1,1,0,1,"Kenny Meliere","sa3070769",
"Tom Menar","MSM",,0,0,0,1,0,0,0,0,0.1,2,1,0,0,0,0,0,0,0,1,"Tom Menar","sa3070770",
"Macklin Miller","WES",,0,0,20.24999939650299,1,0,0,0,0,2.2,15,5,6,6,1,3,0,0,0,1,"Macklin Miller","sa3070790",
"Colin Neimeister","OHIO",,0,0,13.5,2,0,0,0,0,2,12,2,3,3,0,2,3,0,0,1,"Colin Neimeister","sa3070865",
"Charlie Pearce","ODU",19,0,1,21.600000514984142,3,0,0,0,1,1.2,12,4,4,4,0,1,2,1,0,1,"Charlie Pearce","sa3070974",
"Camron Poe","GTWN",21,0,0,27,10,0,0,0,0,3,30,4,12,9,0,9,7,2,0,1,"Camron Poe","sa3071024",
"Landon Polk","UNCG",,0,0,0,1,0,0,0,0,0.1,1,0,0,0,0,0,0,0,0,1,"Landon Polk","sa3071026",
"Nathan Rodriquez","MSM",,0,0,26.99999919533732,2,0,0,0,0,0.2,7,2,5,2,2,2,0,1,0,1,"Nathan Rodriquez","sa3071145",
"Brandon Rose","MERC",,0,0,5.4000001287460355,1,0,0,0,0,1.2,6,1,1,1,0,1,0,0,0,1,"Brandon Rose","sa3071168",
"Anthony Roszko","VCU",22,0,0,107.99999678134928,1,0,0,0,0,0.1,5,0,4,4,0,3,1,1,0,1,"Anthony Roszko","sa3071174",
"Dylan Singh","LMU",,0,0,43.200001029968284,5,0,0,0,0,1.2,17,3,10,8,0,7,2,0,0,1,"Dylan Singh","sa3071294",
"Sammy Vander Hill","PRES",,0,0,0,2,1,0,0,0,4.2,21,3,0,0,0,4,0,1,0,1,"Sammy Vander Hill","sa3071514",
"Jonathan Williams","PRES",,0,1,15.6315785550675,5,0,0,0,0,6.1,34,8,11,11,1,7,2,1,0,1,"Jonathan Williams","sa3071621",
"Auden Pankonin","NEB",19,0,0,0,2,0,0,0,0,1,9,3,0,0,0,3,0,0,0,1,"Auden Pankonin","sa3073583",
"Easton Ballard","SHSU",22,0,0,121.49999637901794,3,0,0,0,0,0.2,12,8,9,9,0,1,1,1,0,1,"Easton Ballard","sa3073680",
"Asher DeLeo","XAV",22,0,0,34.71428689664728,3,0,0,0,0,2.1,16,6,9,9,2,2,2,0,1,1,"Asher DeLeo","sa3073702",
"Keane Hyer","RICH",19,0,1,10.800000257492071,9,0,0,0,0,3.1,21,6,4,4,0,5,0,1,0,1,"Keane Hyer","sa3073731",
"Daniel Midkiff","LAM",19,0,0,29.700000708103197,5,0,0,0,0,3.1,25,9,12,11,1,5,1,2,0,1,"Daniel Midkiff","sa3073761",
"Sam Pitts","UIW",,0,1,22.84615300816195,6,0,0,0,0,4.1,26,8,11,11,2,6,1,0,0,1,"Sam Pitts","sa3073779",
"Pearson Pollard","AMCC",,0,0,26.99999919533732,3,0,0,0,0,0.1,3,0,1,1,0,1,1,1,0,1,"Pearson Pollard","sa3073780",
"Brady Durkan","CSUB",,0,0,0,1,0,0,0,0,0.2,2,0,0,0,0,0,0,0,0,1,"Brady Durkan","sa3073945",
"Malik Foster","SOU",23,0,0,18,3,0,0,0,0,2,14,2,4,4,0,5,1,0,0,1,"Malik Foster","sa3073951",
"Ricardo Roman","FAMU",19,0,0,40.49999879300598,1,1,0,0,0,0.2,7,1,3,3,0,4,0,0,0,1,"Ricardo Roman","sa3073984",
"Jake Sekany","USC",19,0,0,13.49999959766866,1,0,0,0,0,0.2,4,1,1,1,1,1,0,0,0,1,"Jake Sekany","sa3073991",
"Logan Spivey","UGA",23,0,0,6.74999979883433,4,0,0,0,0,1.1,12,3,1,1,0,4,1,1,0,1,"Logan Spivey","sa3073993",
"Connar Temple","NIU",,0,0,19.285714942581823,4,0,0,0,0,2.1,15,4,5,5,0,4,0,1,0,1,"Connar Temple","sa3073996",
"Andrew Jacobs Jr","ARIZ",19,0,0,36,3,0,0,0,0,1,9,1,4,4,0,4,1,2,0,1,"Andrew Jacobs Jr","sa3074112",
"Jack Smith","EKU",21,0,0,13.49999959766866,3,0,0,0,0,0.2,10,0,2,1,0,8,0,3,0,1,"Jack Smith","sa3074146",
"Aidan Zakarewicz","LAS",,0,0,15.428571954065458,3,0,0,0,0,4.2,28,3,10,8,2,8,3,0,0,1,"Aidan Zakarewicz","sa3074159",
"Blake Beattie","UNH",,0,1,30.176471434662524,10,0,0,0,0,5.2,57,10,20,19,2,23,5,2,0,1,"Blake Beattie","sa3074205",
"Nolan Decker","EIU",,0,0,0,1,0,0,0,0,0.1,4,2,0,0,0,1,0,0,0,1,"Nolan Decker","sa3074247",
"DeShawn Morgan","FAMU",20,0,0,80.99999758601196,3,0,0,0,0,0.2,12,1,6,6,0,8,1,6,1,1,"DeShawn Morgan","sa3074378",
"Jack Werkowitch","LIN",,1,0,6.74999979883433,3,0,0,0,0,2.2,15,1,2,2,0,6,0,1,0,1,"Jack Werkowitch","sa3074457",
"Hudson Carvalho","ORE",19,0,0,37.80000090122225,4,0,0,0,0,1.2,15,2,7,7,1,8,1,0,0,1,"Hudson Carvalho","sa3074720",
"Cooper Culberson","MER",21,0,0,0,1,0,0,0,0,0.1,2,0,0,0,0,1,0,0,0,1,"Cooper Culberson","sa3074731",
"Jake Lodgek","MIA",19,0,0,18,1,0,0,0,0,1,7,3,3,2,0,1,0,1,0,1,"Jake Lodgek","sa3074774",
"Tye Mariano","ALB",,0,0,40.49999879300598,1,0,0,0,0,0.2,8,1,3,3,0,5,0,0,0,1,"Tye Mariano","sa3074779",
"Ryan Prettol","HCU",21,0,0,53.99999839067464,1,0,0,0,0,0.2,7,4,4,4,0,0,1,0,0,1,"Ryan Prettol","sa3074807",
"Landon Sloan","GCU",18,0,0,13.49999959766866,2,0,0,0,0,0.2,5,1,1,1,0,2,0,1,0,1,"Landon Sloan","sa3074823",
"Dillon Adkins","APSU",19,0,0,80.99999758601196,2,1,0,0,0,0.1,6,1,3,3,1,4,0,0,0,1,"Dillon Adkins","sa3074975",
"Landon Holcomb","UAPB",,0,0,13.49999959766866,1,0,0,0,0,0.2,5,1,1,1,0,2,0,2,0,1,"Landon Holcomb","sa3074997",
"Braden Booth","MSST",20,0,0,10.124999698251495,4,0,0,0,0,2.2,13,3,3,3,3,2,0,0,0,1,"Braden Booth","sa3075104",
"Mac McGarry","WKU",19,0,0,53.99999839067464,2,0,0,0,0,0.1,5,0,2,2,0,2,1,0,0,1,"Mac McGarry","sa3075139",
"Wyatt Mosley","WVU",18,0,0,27,1,0,0,0,0,1,7,1,3,3,0,3,1,0,0,1,"Wyatt Mosley","sa3075142",
"Riley Leatherman","UNC",20,0,0,0,1,0,0,0,0,1,4,0,0,0,0,1,0,0,0,1,"Riley Leatherman","sa3075179",
"Max Binnicker","WAG",22,0,0,27,3,0,0,0,0,2,19,5,6,6,0,5,3,0,0,1,"Max Binnicker","sa3075202",
"Emerson McKnight","KU",19,0,0,13.50000032186509,7,0,0,0,0,3.1,18,3,5,5,1,4,1,0,0,1,"Emerson McKnight","sa3075238",
"Will Taylor","UL",20,0,0,20.24999939650299,3,0,0,0,0,1.1,14,6,4,3,0,2,2,0,0,1,"Will Taylor","sa3075269",
"Sam Michel","NU",19,0,0,21.93749934621157,7,0,0,0,0,5.1,35,13,13,13,2,6,2,1,1,1,"Sam Michel","sa3075364",
"Hayden Neihoffs","MRST",,0,0,6.74999979883433,2,0,0,0,0,1.1,9,3,1,1,0,2,0,0,0,1,"Hayden Neihoffs","sa3075365",
"Kyle Manship","ILST",21,0,0,13.50000032186509,4,0,0,0,0,3.1,18,5,5,5,0,3,0,2,0,1,"Kyle Manship","sa3075406",
"Eli Bryant","KENT",,0,0,80.99999758601196,1,0,0,0,0,0.1,4,1,3,3,1,2,0,0,0,1,"Eli Bryant","sa3075423",
"Will Strode","KENT",,0,0,26.99999919533732,2,0,0,0,0,0.2,6,1,2,2,1,2,1,1,0,1,"Will Strode","sa3075443",
"Jordan Chancellor","UVU",,0,2,9.52941203199869,6,1,0,0,0,5.2,33,6,9,6,0,7,4,2,0,1,"Jordan Chancellor","sa3075497",
"John Devine","CCSU",,0,1,24.545454013446157,4,0,0,0,0,3.2,24,7,10,10,3,4,2,1,0,1,"John Devine","sa3075498",
"Kaveh Meredith","UNCO",20,0,0,27.00000064373018,3,0,0,0,0,1.2,13,5,6,5,0,2,0,1,0,1,"Kaveh Meredith","sa3075540",
"Luke Slack","MUR",22,0,0,26.99999919533732,1,0,0,0,0,0.2,6,0,2,2,0,4,0,3,0,1,"Luke Slack","sa3075591",
"Chris Billings","NDSU",,0,0,54,5,0,0,0,0,1,14,4,7,6,1,5,1,2,0,1,"Chris Billings","sa3075629",
"Ryan Burke","LAF",,0,0,27,3,0,0,0,0,1,11,4,3,3,0,3,1,0,0,1,"Ryan Burke","sa3075630",
"Ali Hood","LAF",,0,0,27,2,0,0,0,0,1,11,1,4,3,0,3,3,1,0,1,"Ali Hood","sa3075641",
"JB Landrum","UNO",,0,0,80.99999758601196,1,1,0,0,0,0.1,7,4,5,3,0,1,0,0,0,1,"JB Landrum","sa3075643",
"Greyson Osbun","NEV",19,0,0,0,5,0,0,0,0,4.2,18,1,0,0,0,3,0,1,0,1,"Greyson Osbun","sa3075645",
"Braedon Davis","YSU",22,0,0,33,5,0,0,0,0,3,26,4,11,11,1,10,5,5,0,1,"Braedon Davis","sa3075679",
"Carson Parrott","TNTC",,0,0,27.00000064373018,3,0,0,0,0,1.2,13,5,5,5,0,2,1,0,0,1,"Carson Parrott","sa3075683",
"Kyler Zagar","OKST",20,1,0,17.18181780941231,4,0,0,0,0,3.2,23,6,7,7,0,6,1,0,0,1,"Kyler Zagar","sa3075692",
"Chris Couser","WAG",,0,0,0,2,0,0,0,0,1.2,21,0,0,0,0,1,0,0,0,1,"Chris Couser","sa3075710",
"Dixon Adams","GASO",19,0,0,3.8571429885163644,3,0,0,0,0,2.1,14,4,1,1,0,2,1,0,0,1,"Dixon Adams","sa3075730",
"Ryan Mason","UTSA",19,0,0,53.99999839067464,1,0,0,0,0,0.1,4,1,3,2,1,1,1,0,0,1,"Ryan Mason","sa3075739",
"Ty Anderson","EIU",,0,0,13.49999959766866,2,0,0,0,0,1.1,10,5,4,2,1,0,0,0,0,1,"Ty Anderson","sa3075762",
"Patrick Gardner","BALL",21,0,0,26.99999919533732,3,0,0,0,0,1.1,9,1,4,4,0,2,2,0,0,1,"Patrick Gardner","sa3075765",
"Evan Schweizer","PUR",21,0,0,0,1,0,0,0,0,0.1,1,0,0,0,0,0,0,0,0,1,"Evan Schweizer","sa3075799",
"Cody Luttrell","MORE",,0,0,7.714285977032729,6,1,0,0,0,4.2,23,6,4,4,1,2,2,1,0,1,"Cody Luttrell","sa3075838",
"Eli Walker","IU",24,0,0,67.4999979883433,3,0,0,0,0,1.1,15,5,10,10,2,4,2,1,0,1,"Eli Walker","sa3075842",
"David Wiser","STAN",18,0,0,0,1,0,0,0,0,1,3,0,0,0,0,0,0,0,0,1,"David Wiser","sa3075844",
"Wyatt Dion","UCF",18,0,0,0,2,0,0,0,0,3.1,14,0,0,0,0,5,0,0,0,1,"Wyatt Dion","sa3075868",
"Jake Kolkhorst","BAY",23,0,0,26.99999919533732,2,0,0,0,0,0.2,6,1,2,2,0,0,3,0,0,1,"Jake Kolkhorst","sa3075873",
"Kole Laubach","UCSB",19,0,0,10.800000257492071,2,0,0,0,0,1.2,9,3,2,2,0,0,0,1,0,1,"Kole Laubach","sa3075874",
"Banks Cox","YSU",,0,0,26.99999919533732,5,0,0,0,0,2.2,19,3,8,8,1,5,3,3,0,1,"Banks Cox","sa3075891",
"Thomas Maher","BRY",21,1,0,9,2,0,0,0,0,1,7,3,1,1,0,1,0,0,0,1,"Thomas Maher","sa3075895",
"Aiden Barrientes","TCU",18,1,0,9,2,0,0,0,0,2,10,1,2,2,0,4,0,1,0,1,"Aiden Barrientes","sa3075977",
"Trevor Kaiser","ORST",19,0,0,6.74999979883433,1,0,0,0,0,1.1,5,1,1,1,1,0,0,0,0,1,"Trevor Kaiser","sa3075985",
"David An","UTA",19,0,0,4.5,2,0,0,0,0,2,10,3,3,1,0,0,2,0,0,1,"David An","sa3076133",
"Seth Way","LIB",,0,0,0,2,0,0,0,0,2,9,1,0,0,0,2,0,0,0,1,"Seth Way","sa3076192",
"Sam McKay","CAN",,0,0,36,1,0,0,0,0,1,7,3,4,4,1,0,1,0,0,1,"Sam McKay","sa3076223",
"Cameron Owens","UK",21,0,0,13.49999959766866,1,0,0,0,0,0.2,5,2,1,1,0,1,0,0,0,1,"Cameron Owens","sa3076226",
"Ryan Pettograsso","CAN",,0,0,0,1,0,0,0,0,1,4,0,0,0,0,1,0,0,0,1,"Ryan Pettograsso","sa3076227",
"Colton Rerick","VAL",,0,2,33.74999899417165,2,2,0,0,0,1.1,13,5,6,5,0,4,1,4,0,1,"Colton Rerick","sa3076229",
"Owen Payne","BELL",22,0,0,10.800000257492071,2,0,0,0,0,1.2,11,3,2,2,1,3,0,0,0,1,"Owen Payne","sa3076240",
"Cam Nebel","TOW",,0,0,20.24999939650299,1,0,0,0,0,1.1,9,0,3,3,0,5,0,0,0,1,"Cam Nebel","sa3076322",
"Calvin Junek","RGV",20,0,0,0,1,0,0,0,0,1,5,1,0,0,0,1,0,0,0,1,"Calvin Junek","sa3076350",
"Charlie Kutz","NU",24,0,0,0,1,0,0,0,0,0.2,3,1,0,0,0,0,0,0,0,1,"Charlie Kutz","sa3076389",
"Carson Applegate","JOES",22,0,0,0,1,0,0,0,0,0.1,2,0,0,0,0,0,1,0,0,0,"Carson Applegate","sa3026133",
"Sam Bell","UMBC",,0,0,23.142857931098185,5,0,0,0,0,2.1,18,2,6,6,0,10,0,4,0,0,"Sam Bell","sa3026913",
"Sam Brady","USA",24,0,0,27,2,0,0,0,0,1,7,3,3,3,0,0,1,1,0,0,"Sam Brady","sa3027568",
"Braden Calise","UCF",23,0,1,6.74999979883433,3,0,0,0,0,2.2,14,3,2,2,0,3,1,0,0,0,"Braden Calise","sa3028269",
"JT Caruso","CONN",21,0,0,20.24999939650299,5,0,0,0,0,1.1,9,2,4,3,0,2,1,0,0,0,"JT Caruso","sa3028545",
"Bennett Fryman","TXST",20,0,0,0,1,0,0,0,0,1,4,0,0,0,0,1,0,1,0,0,"Bennett Fryman","sa3031749",
"Alex Gaeto","SAM",22,0,0,26.99999919533732,4,0,0,0,0,2.2,19,7,8,8,1,4,1,1,0,0,"Alex Gaeto","sa3031813",
"Nico Garcia","ALCN",,0,0,36,2,0,0,0,0,1,8,4,4,4,1,1,0,0,0,0,"Nico Garcia","sa3031946",
"Jacob Gholston","CLT",21,0,0,18,1,0,0,0,0,0,5,2,2,2,0,2,1,1,0,0,"Jacob Gholston","sa3032161",
"Matthew Grabmann","FAIR",,0,1,19.285714942581823,1,1,0,0,0,2.1,15,3,5,5,2,4,1,0,0,0,"Matthew Grabmann","sa3032540",
"Tommy Groom","UNF",,0,2,33.74999899417165,5,4,0,0,0,2.2,26,5,10,10,0,11,3,2,0,0,"Tommy Groom","sa3032764",
"Andrew Harbour","USC",,0,0,11.571428965549092,3,0,0,0,0,2.1,11,2,3,3,1,2,0,1,0,0,"Andrew Harbour","sa3033194",
"Kellan Heney","RICH",22,0,0,27,7,0,0,0,0,1,10,1,3,3,1,3,3,0,0,0,"Kellan Heney","sa3033602",
"Nick Hios","MONM",,0,0,47.24999859184031,3,0,0,0,0,1.1,13,3,7,7,0,5,0,1,0,0,"Nick Hios","sa3033865",
"Brandon Hudson","UNCG",23,0,0,53.99999839067464,1,0,0,0,0,0.1,4,3,2,2,1,0,0,0,0,0,"Brandon Hudson","sa3034226",
"Justin Hurd","ALB",21,0,0,0,1,0,0,0,0,1,4,1,0,0,0,0,0,0,0,0,"Justin Hurd","sa3034338",
"Christian Knight","WAG",22,0,0,7.363636204033847,1,0,0,0,0,3.2,18,5,4,3,0,2,0,1,0,0,"Christian Knight","sa3035542",
"Mason Lombard","MRMK",,0,0,9,1,0,0,0,0,1,5,2,1,1,0,0,0,0,0,0,"Mason Lombard","sa3036475",
"Carson Lumley","BGSU",22,0,0,18,1,0,0,0,0,0,2,1,2,2,0,0,1,0,0,0,"Carson Lumley","sa3036683",
"Trent Martin","ORU",23,0,0,0,1,0,0,0,0,0,2,0,0,0,0,1,1,0,0,0,"Trent Martin","sa3037214",
"Joe Mascio","SJU",,1,0,9,2,2,0,0,0,2,10,4,2,2,0,0,0,0,0,0,"Joe Mascio","sa3037238",
"James McCoy","GASO",24,0,0,18,3,0,0,0,0,2,13,5,4,4,1,3,0,0,0,0,"James McCoy","sa3037507",
"Jake Memoli","FAIR",,0,1,43.200001029968284,3,0,0,0,0,1.2,16,3,8,8,1,8,1,1,0,0,"Jake Memoli","sa3037838",
"Andrew Middleton","WVU",21,0,0,0,1,0,0,0,0,0.1,3,1,0,0,0,1,0,0,0,0,"Andrew Middleton","sa3037983",
"Kobe Minchey","TAR",23,0,0,18,1,1,0,0,0,0,4,0,2,2,0,1,3,0,0,0,"Kobe Minchey","sa3038122",
"Matthew Moconyi","WAG",,0,0,0,1,0,0,0,0,1,3,0,0,0,0,1,0,0,0,0,"Matthew Moconyi","sa3038195",
"Matthew Morrell","USC",,0,0,13.49999959766866,1,1,0,0,0,0.2,3,0,1,1,0,1,0,1,0,0,"Matthew Morrell","sa3038394",
"Cade O'Hara","CSUF",23,0,0,18,1,0,0,0,0,1,7,3,2,2,0,0,0,0,0,0,"Cade O'Hara","sa3039068",
"Robert Orloski","UTSA",21,0,0,13.49999959766866,1,1,0,0,0,0.2,6,2,1,1,0,2,0,0,0,0,"Robert Orloski","sa3039191",814101
"Bryce Padilla","SCU",22,0,0,0,1,0,0,0,0,1,4,1,0,0,0,1,0,0,0,0,"Bryce Padilla","sa3039335",
"Jackson Parker","USM",22,0,0,0,1,0,0,0,0,0,1,0,0,0,0,1,0,0,0,0,"Jackson Parker","sa3039461",
"Olivia Pichardo","BRWN",22,0,0,0,1,0,0,0,0,0.1,1,0,0,0,0,0,0,0,0,0,"Olivia Pichardo","sa3039887",
"Connor Preisel","M-OH",,0,1,5.4000001287460355,3,0,0,0,0,1.2,11,3,4,1,0,1,2,0,0,0,"Connor Preisel","sa3040180",
"Matt Queen","PEPP",21,0,1,13.49999959766866,2,0,0,0,0,0.2,4,2,1,1,0,0,0,0,0,0,"Matt Queen","sa3040322",
"Andrew Ressler","SIUE",,0,1,12.461538004451972,4,0,0,0,0,4.1,23,7,6,6,4,3,1,0,0,0,"Andrew Ressler","sa3040629",
"Taylor Seay","ARST",23,0,0,36,3,0,0,0,0,1,10,4,4,4,1,3,0,0,0,0,"Taylor Seay","sa3041901",
"Waylon Sebren","LR",23,0,0,18,1,0,0,0,0,0,2,1,2,2,1,1,0,0,0,0,"Waylon Sebren","sa3041906",
"Stephen Sepulveda","RGV",21,0,0,0,2,0,0,0,0,1,3,0,0,0,0,0,1,0,0,0,"Stephen Sepulveda","sa3041998",
"Samuel Sherman","MRMK",22,0,0,63,1,0,0,0,0,0,7,4,7,7,0,3,0,0,0,0,"Samuel Sherman","sa3042162",
"Adam Switalski","LIP",21,0,0,15.428571954065458,3,0,0,0,0,2.1,12,4,4,4,1,2,1,0,0,0,"Adam Switalski","sa3043423",
"Trent Toole","VILL",,0,0,0,3,0,0,0,0,2,9,2,1,0,0,1,0,0,0,0,"Trent Toole","sa3043931",
"Joey Valentine","INST",22,0,0,18,1,0,0,0,0,0,2,0,2,2,0,2,0,1,0,0,"Joey Valentine","sa3044296",
"Thomas Whelan","DAV",,0,0,9,1,1,0,0,0,0,3,1,1,1,0,2,0,0,0,0,"Thomas Whelan","sa3045083",
"Martin Zhang","COLU",22,1,0,13.49999959766866,2,0,0,0,0,1.1,7,1,2,2,1,2,0,0,0,0,"Martin Zhang","sa3045850",
"Kris Alcorn","LIN",20,0,0,9,1,1,0,0,0,1,5,0,1,1,0,2,0,1,0,0,"Kris Alcorn","sa3058479",
"Carter Bailey","GAST",22,0,0,9,1,0,0,0,0,0,1,0,1,1,0,1,0,0,0,0,"Carter Bailey","sa3058533",
"Douglas Bauer","OSU",22,0,0,0,2,0,0,0,1,1.1,4,0,0,0,0,1,0,0,0,0,"Douglas Bauer","sa3058579",
"Nathan Beckley","YSU",,0,0,0,1,0,0,0,0,1,4,1,0,0,0,0,0,0,0,0,"Nathan Beckley","sa3058595",
"Tate Collins","ARST",,0,0,18,3,0,0,0,0,1,9,3,3,2,0,2,0,0,0,0,"Tate Collins","sa3058909",
"Jaxson Davis","JVST",,0,0,0,1,0,0,0,0,0,1,0,0,0,0,1,0,0,0,0,"Jaxson Davis","sa3059002",
"Derek Diaz","LEM",20,0,0,9,1,0,0,0,0,1,6,1,1,1,1,0,2,0,0,0,"Derek Diaz","sa3059051",
"Trip Dobson","UL",21,0,0,53.99999839067464,1,0,0,0,0,0.1,3,2,2,2,2,0,0,0,0,0,"Trip Dobson","sa3059060",
"Brandon Falco","NJIT",,0,1,27,1,1,0,0,0,0,3,1,3,3,0,0,2,0,0,0,"Brandon Falco","sa3059161",
"Luke Guest","UNCO",23,0,0,0,1,0,0,0,0,0.1,2,0,0,0,0,1,1,0,0,0,"Luke Guest","sa3059374",
"James Hill","USF",,0,0,20.24999939650299,2,0,0,0,0,1.1,7,3,3,3,1,0,0,0,0,0,"James Hill","sa3059499",
"CJ Hurley","NIA",,0,1,13.49999959766866,2,0,0,0,0,0.2,4,1,1,1,0,2,0,1,0,0,"CJ Hurley","sa3059554",
"Ryan Kennedy","TOL",22,0,0,0,1,1,0,0,0,1,5,0,0,0,0,1,1,0,0,0,"Ryan Kennedy","sa3059666",
"Ryan Klementowski","SBU",,0,0,134.9999959766866,2,0,0,0,0,0.1,8,4,5,5,1,2,1,0,0,0,"Ryan Klementowski","sa3059699",
"JT Landwehr","PORT",22,0,0,26.99999919533732,1,0,0,0,0,0.1,4,0,2,1,0,3,0,1,0,0,"JT Landwehr","sa3059748",
"Cole Marthilijohni","SHSU",,0,0,19.285714942581823,2,1,0,0,0,2.1,16,7,6,5,0,3,0,0,0,0,"Cole Marthilijohni","sa3059926",
"Zac Martin","CAM",22,0,0,26.99999919533732,1,0,0,0,0,0.1,5,3,2,1,0,0,0,1,0,0,"Zac Martin","sa3059938",
"Ethan Marzo","BC",20,0,0,0,1,0,0,0,0,1,6,1,0,0,0,1,1,0,0,0,"Ethan Marzo","sa3059941",
"Charles Morris","AAMU",20,1,1,23.142857931098185,2,0,0,0,0,2.1,17,5,9,6,3,3,0,0,0,0,"Charles Morris","sa3060092",
"Jake Neely","USM",20,0,0,53.99999839067464,1,0,0,0,0,0.1,4,2,2,2,1,1,0,0,0,0,"Jake Neely","sa3060126",
"Dylan Osborne","PEPP",21,0,0,26.99999919533732,1,0,0,0,0,0.2,6,2,2,2,0,2,0,0,0,0,"Dylan Osborne","sa3060186",
"Dawson Park","TXST",20,0,1,18,1,0,0,0,0,0,3,2,2,2,0,1,0,1,0,0,"Dawson Park","sa3060209",
"Diego Pena","WMU",,0,0,26.99999919533732,1,0,0,0,0,0.1,2,1,1,1,0,0,0,0,0,0,"Diego Pena","sa3060232",
"Gunnar Penzkover","GCU",21,1,0,4.5,3,1,0,0,0,4,20,7,2,2,0,2,0,0,0,0,"Gunnar Penzkover","sa3060235",
"Brady Routon","UCR",23,0,0,0,1,0,0,0,0,0,1,0,0,0,0,1,0,0,0,0,"Brady Routon","sa3060435",
"Trace Sanchez","PV",23,0,0,27,1,0,0,0,0,0,4,1,3,3,0,1,2,1,0,0,"Trace Sanchez","sa3060474",
"Griffin Seibel","QUIN",,0,0,161.99999517202392,1,0,0,0,0,0.1,7,1,6,6,0,4,1,0,0,0,"Griffin Seibel","sa3060540",
"Isaac Sewell","ARST",,0,0,4.5,7,0,0,0,0,2,12,2,1,1,0,4,0,0,0,0,"Isaac Sewell","sa3060548",
"Alex Wade","UNA",22,0,0,0,1,0,0,0,0,0.1,5,2,2,0,0,2,0,1,0,0,"Alex Wade","sa3060851",
"Tom Wilkie","SBU",23,0,0,80.99999758601196,3,0,0,0,0,1.1,16,3,12,12,0,4,5,1,0,0,"Tom Wilkie","sa3060921",
"Brooks Willoughby","USM",20,0,0,26.99999919533732,3,0,0,0,0,0.2,6,2,2,2,1,2,0,0,0,0,"Brooks Willoughby","sa3060937",
"Wyatt Wolpert","VILL",,0,0,0,1,0,0,0,0,0.2,3,1,0,0,0,0,1,0,0,0,"Wyatt Wolpert","sa3060958",
"Lucas Zack","CBU",21,0,0,0,2,0,0,0,0,0.2,2,0,0,0,0,0,0,0,0,0,"Lucas Zack","sa3061000",
"Connor Zaruba","SHSU",,0,0,26.99999919533732,2,0,0,0,0,0.1,4,0,2,1,0,2,0,1,0,0,"Connor Zaruba","sa3061005",
"Luke Agnew","NDSU",21,0,0,9,1,0,0,0,0,2,17,6,3,2,0,5,1,0,0,0,"Luke Agnew","sa3062552",
"Jackson Conn","ULM",,0,0,18,1,0,0,0,0,0,5,1,3,2,0,2,1,0,0,0,"Jackson Conn","sa3062576",
"Preston Tamm","MAN",,0,2,67.4999979883433,2,2,0,0,0,0.2,11,2,6,5,0,6,1,1,0,0,"Preston Tamm","sa3062689",
"Malik Kemp","MVSU",20,0,0,36,3,0,0,0,0,1,10,1,4,4,0,4,2,1,0,0,"Malik Kemp","sa3065337",
"Blake Hager","MORE",,0,0,6.74999979883433,3,0,0,0,0,2.2,15,3,3,2,0,4,2,1,0,0,"Blake Hager","sa3065540",
"Gabe Schneider","WSU",20,0,0,26.99999919533732,1,0,0,0,0,0.1,3,0,2,1,0,2,0,0,0,0,"Gabe Schneider","sa3065761",
"Jared Galang","FRES",,0,0,40.49999879300598,1,0,0,0,0,0.2,7,2,3,3,0,3,0,0,0,0,"Jared Galang","sa3065793",
"Michael Heyman","HOF",20,0,0,0,1,0,0,0,0,1,3,1,0,0,0,0,0,0,0,0,"Michael Heyman","sa3065806",
"Matt Irvine","SIU",23,0,1,22.5,6,0,0,0,0,2,16,3,5,5,1,6,1,0,0,0,"Matt Irvine","sa3065811",
"Riley Roarty","VCU",,0,0,40.49999879300598,2,0,0,0,0,1.1,12,1,6,6,0,6,1,2,0,0,"Riley Roarty","sa3065844",
"McCall Biemiller","FLA",20,0,0,0,1,0,0,0,0,0,3,0,0,0,0,1,1,0,0,0,"McCall Biemiller","sa3065903",
"Jack Grunkemeyer","NU",20,0,0,36,2,0,0,0,0,1,8,3,4,4,0,4,0,1,0,0,"Jack Grunkemeyer","sa3066061",
"Bradley Ferrell","GASO",20,0,0,18,1,0,0,0,0,0,2,0,2,2,0,2,0,0,0,0,"Bradley Ferrell","sa3066189",
"Lucas Morici","UGA",22,0,0,9,1,0,0,0,0,1,4,0,1,1,0,2,1,0,0,0,"Lucas Morici","sa3066219",
"Robert O'Malley","CREI",22,0,0,18,1,0,0,0,0,0,4,0,2,2,0,4,0,0,0,0,"Robert O'Malley","sa3066224",
"Kevin Steelman","COFC",21,0,0,6.74999979883433,2,0,0,0,0,1.1,10,2,2,1,1,2,1,1,0,0,"Kevin Steelman","sa3066240",
"Caleb Williams","WCU",21,0,0,0,1,0,0,0,0,1,4,0,0,0,0,1,0,0,0,0,"Caleb Williams","sa3066250",
"Tyler DeBrocky","CAN",,0,0,9,3,0,0,0,0,1,9,1,1,1,0,3,2,0,0,0,"Tyler DeBrocky","sa3066472",
"Cole Eaton","TCU",21,0,0,27.00000091961455,3,0,0,0,0,2.1,19,4,7,7,0,9,1,2,0,0,"Cole Eaton","sa3066474",
"Michael Irby","ELON",,0,0,0,1,0,0,0,0,1,3,0,0,0,0,0,0,0,0,0,"Michael Irby","sa3066546",
"Nate Fletcher","URI",,0,0,45,2,0,0,0,0,1,8,3,5,5,1,1,2,0,0,0,"Nate Fletcher","sa3066615",
"Mason McCarroll","CCSU",,0,0,0,4,0,0,0,0,4,20,2,2,0,0,6,2,1,0,0,"Mason McCarroll","sa3066630",
"Saxon Roberts","AUB",21,0,0,0,1,0,0,0,0,0,2,0,0,0,0,2,0,1,0,0,"Saxon Roberts","sa3066899",
"Luke Jacobson","VILL",19,0,0,18,1,0,0,0,0,0,2,0,2,2,0,2,0,0,0,0,"Luke Jacobson","sa3066981",
"Christian Rasmussen","HOF",,0,0,16.200000386238106,1,1,0,0,0,1.2,10,3,3,3,0,2,0,0,0,0,"Christian Rasmussen","sa3067010",
"Trevor Raade","WMU",20,0,0,40.49999879300598,1,0,0,0,0,0.2,5,1,3,3,0,2,0,1,0,0,"Trevor Raade","sa3067056",
"Ethan McHugh","COR",,0,0,0,1,0,0,0,0,1,4,1,0,0,0,0,0,0,0,0,"Ethan McHugh","sa3067184",
"Collier Barham","USA",23,0,0,0,1,0,0,0,0,1,5,2,0,0,0,0,0,0,0,0,"Collier Barham","sa3069556",
"Jason Bello","DAY",21,0,1,18,1,0,0,0,0,1,6,2,2,2,0,1,1,0,0,0,"Jason Bello","sa3069592",
"Ethin Bingaman","AUB",19,0,0,0,1,0,0,0,0,1,5,1,0,0,0,1,0,0,0,0,"Ethin Bingaman","sa3069615",
"Carson Boyer","GONZ",19,0,0,13.49999959766866,4,0,0,0,0,2.2,15,6,4,4,0,0,2,0,0,0,"Carson Boyer","sa3069650",
"Colt Brown","UL",19,0,0,80.99999758601196,1,0,0,0,0,0.1,5,2,3,3,1,2,0,0,0,0,"Colt Brown","sa3069681",
"Austin Castillo","LBSU",,0,0,0,1,1,0,0,0,0,1,1,0,0,0,0,0,0,0,0,"Austin Castillo","sa3069763",
"Tristan Delaplante","ALCN",20,0,0,33.74999899417165,3,0,0,0,0,1.1,16,4,8,5,0,6,1,3,0,0,"Tristan Delaplante","sa3069930",
"Josh Dykhoff","KU",22,0,0,26.99999919533732,1,0,0,0,0,0.2,6,3,2,2,0,0,0,0,0,0,"Josh Dykhoff","sa3070000",
"Ryder Edwards","ORE",21,0,0,0,2,0,0,0,0,1.2,8,0,0,0,0,1,2,0,0,0,"Ryder Edwards","sa3070015",
"Cristian Enriquez","UIW",,0,0,0,3,0,0,0,0,1.1,5,0,0,0,0,0,1,0,0,0,"Cristian Enriquez","sa3070031",
"Coen Evrard","LOU",20,0,0,9,1,0,0,0,0,1,5,2,1,1,1,0,0,1,0,0,"Coen Evrard","sa3070051",
"Ben Groeschl","DAY",19,0,1,7.714285977032729,8,0,0,0,0,2.1,11,3,2,2,0,1,1,0,0,0,"Ben Groeschl","sa3070228",
"Josh Hoffmann","UNO",,0,0,18,1,0,0,0,0,1,7,2,2,2,0,2,1,0,0,0,"Josh Hoffmann","sa3070341",
"Max Marchetti","NE",21,0,0,53.99999839067464,1,0,0,0,0,0.1,3,0,2,2,0,1,1,1,0,0,"Max Marchetti","sa3070675",
"Nick Matson","LIU",,0,0,40.49999879300598,1,0,0,0,0,0.2,8,0,3,3,0,6,1,0,0,0,"Nick Matson","sa3070703",
"Josh Mawhinney","UVU",19,0,1,11.571428965549092,9,0,0,0,0,9.1,63,13,16,12,0,13,7,2,0,0,"Josh Mawhinney","sa3070712",
"Connor McCaslin","UTM",,0,0,72,3,0,0,0,0,1,12,3,9,8,0,4,1,1,0,0,"Connor McCaslin","sa3070725",
"Devin Miller","CSUF",19,0,0,9,1,0,0,0,0,1,6,2,1,1,0,1,0,0,0,0,"Devin Miller","sa3070787",
"Andrew Moy","GTWN",23,0,0,9,5,1,0,0,0,4,24,6,11,4,2,3,1,1,0,0,"Andrew Moy","sa3070828",
"Damian Pantoya","AMCC",21,0,0,40.49999879300598,2,0,0,0,0,0.2,7,3,3,3,0,1,1,1,0,0,"Damian Pantoya","sa3070947",
"Morgan Shanaman","MERC",,0,0,30.857143908130915,4,0,0,0,0,2.1,24,3,8,8,0,12,4,1,0,0,"Morgan Shanaman","sa3071269",
"Andrew Shute","DSU",,0,0,12,4,1,0,0,0,3,29,3,12,4,0,13,5,2,0,0,"Andrew Shute","sa3071285",
"Raul Valdivia","SAC",21,0,0,0,1,0,0,0,0,1.1,8,1,0,0,0,3,0,0,0,0,"Raul Valdivia","sa3071501",
"Austin Waring","FAU",,0,0,94.49999718368062,2,0,0,0,0,0.2,11,2,7,7,0,5,2,1,0,0,"Austin Waring","sa3071560",
"Basilio Williams","PV",19,0,1,10.384615003709976,4,1,0,0,0,4.1,28,3,6,5,0,7,5,3,0,0,"Basilio Williams","sa3071610",
"Houston Wills","CAM",21,0,0,107.99999678134928,1,0,0,0,0,0.1,5,2,4,4,0,1,1,1,0,0,"Houston Wills","sa3071629",
"Parker Winfield","JKST",,0,0,26.99999919533732,1,0,0,0,0,0.1,3,0,1,1,0,0,2,1,0,0,"Parker Winfield","sa3071642",
"Salvy Alvarez","STET",22,0,0,9,1,0,0,0,0,0,3,3,1,1,0,0,0,0,0,0,"Salvy Alvarez","sa3073674",
"Joseph Dawson","AAMU",19,0,0,9,1,0,0,0,0,1,6,1,1,1,0,3,0,0,0,0,"Joseph Dawson","sa3073700",
"Mason Middleton","APP",20,0,0,20.24999939650299,4,0,0,0,0,1.1,7,3,3,3,1,1,0,0,0,0,"Mason Middleton","sa3073760",
"Jack Mullen","GTWN",25,0,0,16.874999497085824,3,0,0,0,0,2.2,18,8,6,5,2,1,2,1,0,0,"Jack Mullen","sa3073767",
"Joe Pitts","CONN",21,0,0,36,1,0,0,0,0,0,4,2,4,4,0,2,0,0,0,0,"Joe Pitts","sa3073778",
"Gabriel Rodriguez","LAM",24,0,0,6.74999979883433,3,0,0,0,0,1.1,10,2,3,1,0,4,0,0,0,0,"Gabriel Rodriguez","sa3073793",
"Dom Cristinzio","EIU",21,0,0,10.8,7,0,0,0,0,5,30,9,7,6,2,4,1,0,0,0,"Dom Cristinzio","sa3073940",
"Nolan Bethel","KENN",,0,0,30.857143908130915,3,0,0,0,0,2.1,16,7,8,8,3,2,1,2,0,0,"Nolan Bethel","sa3074068",
"Colby Christian","LAM",23,0,0,27,1,0,0,0,0,0,3,0,3,3,0,2,1,0,0,0,"Colby Christian","sa3074079",
"Brendan Chanley","BRWN",21,0,0,0,1,0,0,0,0,1,7,0,2,0,0,2,0,1,0,0,"Brendan Chanley","sa3074232",
"Steven Donigan","MD",,0,0,53.99999839067464,1,0,0,0,0,0.1,4,2,2,2,1,1,0,0,0,0,"Steven Donigan","sa3074254",
"Diego Guerrero","UMES",,0,0,18,1,0,0,0,0,1,8,1,2,2,0,4,0,0,0,0,"Diego Guerrero","sa3074294",
"Blake McElyea","JMU",19,0,0,80.99999758601196,2,0,0,0,0,0.1,5,2,3,3,0,2,0,0,0,0,"Blake McElyea","sa3074360",
"Harssh Ramayanam Venkkat","BRWN",,0,0,107.99999678134928,1,0,0,0,0,0.1,6,2,4,4,1,3,0,0,0,0,"Harssh Ramayanam Venkkat","sa3074403",
"Micah Simpson","UNCW",,0,0,9,1,0,0,0,0,1,4,1,1,1,1,0,0,0,0,0,"Micah Simpson","sa3074426",
"Phoenix Brant","USD",,0,0,13.49999959766866,1,0,0,0,0,0.2,4,2,1,1,0,0,0,1,0,0,"Phoenix Brant","sa3074717",
"Andrew Cohen","GCU",19,0,0,40.49999879300598,1,0,0,0,0,0.2,6,1,3,3,1,2,1,0,0,0,"Andrew Cohen","sa3074726",
"Connor Dow","HC",,0,0,53.99999839067464,2,0,0,0,0,0.1,7,1,2,2,0,4,1,0,0,0,"Connor Dow","sa3074734",
"Quin Dufort","PORT",20,0,1,20.24999939650299,2,0,0,0,0,1.1,11,5,3,3,1,3,0,1,0,0,"Quin Dufort","sa3074735",
"Kyle Pearcy","OKST",19,0,0,0,1,0,0,0,0,0.2,4,0,0,0,0,2,0,0,0,0,"Kyle Pearcy","sa3074801",
"Drew Richardson","WES",,0,0,9,1,0,0,0,0,0,3,2,1,1,0,0,1,0,0,0,"Drew Richardson","sa3074811",
"Otis Brooks III","ALST",21,0,0,48.60000115871432,3,0,0,0,0,1.2,18,6,11,9,0,7,1,2,0,0,"Otis Brooks III","sa3074981",
"Hunter Pudlo","JVST",22,0,0,13.49999959766866,2,0,0,0,0,0.2,6,0,1,1,0,4,0,1,0,0,"Hunter Pudlo","sa3075014",
"Drew Everingham","WMU",,0,0,6,2,1,0,0,0,3,19,1,2,2,0,7,4,1,0,0,"Drew Everingham","sa3075117",
"Bryce Hendricks","USA",21,0,0,45,1,0,0,0,0,0,5,2,5,5,0,3,0,0,0,0,"Bryce Hendricks","sa3075129",
"Brayden Robinson","WVU",19,0,0,13.49999959766866,1,0,0,0,0,0.2,5,2,1,1,0,2,0,0,0,0,"Brayden Robinson","sa3075154",
"Jaqson Tejada","NIU",,0,0,53.99999839067464,1,0,0,0,0,0.1,6,2,2,2,0,3,0,0,0,0,"Jaqson Tejada","sa3075187",
"Lynden Bruegman","NEB",,0,0,36,1,0,0,0,0,0,4,4,4,4,2,0,0,0,0,0,"Lynden Bruegman","sa3075206",
"Aiden Cline","KU",19,0,0,0,1,0,0,0,0,0.1,4,0,1,0,0,2,1,0,0,0,"Aiden Cline","sa3075211",
"Miles Melescu","VMI",,0,0,18,2,0,0,0,0,1,7,2,2,2,1,2,1,0,0,0,"Miles Melescu","sa3075240",
"Luke Meyers","BUCK",,0,0,13.49999959766866,1,0,0,0,0,0.2,8,4,5,1,0,1,0,0,0,0,"Luke Meyers","sa3075243",
"Cooper Grace","NEB",19,0,0,9,1,0,0,0,0,0,3,0,1,1,0,3,0,0,0,0,"Cooper Grace","sa3075349",
"Nelson Koenig","STMN",22,0,0,27.00000064373018,3,0,0,0,0,1.2,12,1,5,5,0,3,3,1,0,0,"Nelson Koenig","sa3075357",
"Henry Lewis","UMBC",19,0,0,21.214286436840005,5,0,0,0,0,4.2,35,14,13,11,1,5,1,0,0,0,"Henry Lewis","sa3075359",
"Tyler Wille","DAV",,0,0,26.99999919533732,2,0,0,0,0,0.2,7,0,2,2,0,4,0,1,0,0,"Tyler Wille","sa3075376",
"Malcolm Gillies","EMU",,0,0,18,1,0,0,0,0,0,4,2,2,2,0,2,0,0,0,0,"Malcolm Gillies","sa3075398",
"Adam Guillet","LT",,0,0,13.49999959766866,1,0,0,0,0,0.2,6,2,1,1,1,2,0,0,0,0,"Adam Guillet","sa3075402",
"Bryce Koch","LOU",20,0,0,9,1,0,0,0,0,0,2,0,1,1,0,2,0,0,0,0,"Bryce Koch","sa3075404",
"Joey Lorenzini","ARK",19,0,0,45,2,0,0,0,0,1,10,5,5,5,2,1,1,0,1,0,"Joey Lorenzini","sa3075405",
"Logan Simmons","LT",,0,0,6.74999979883433,2,0,0,0,0,1.1,6,2,1,1,0,1,0,1,0,0,"Logan Simmons","sa3075415",
"Drew Thompson","UAB",23,0,0,0,1,0,0,0,0,0,2,1,0,0,0,1,0,0,0,0,"Drew Thompson","sa3075418",
"Roger Niedermaier","XAV",18,0,0,0,1,0,0,0,0,0,2,0,0,0,0,2,0,0,0,0,"Roger Niedermaier","sa3075437",
"Cam Odom","FSU",19,0,0,27,1,0,0,0,0,0,3,0,3,3,0,3,0,0,0,0,"Cam Odom","sa3075438",
"Kadin Muckley","MIZ",23,0,0,80.99999758601196,1,0,0,0,0,0.1,6,3,3,3,0,2,0,0,0,0,"Kadin Muckley","sa3075510",
"David Posey","NAVY",,0,0,13.5,1,0,0,0,0,2,10,2,3,3,1,2,0,0,0,0,"David Posey","sa3075513",
"Joey Loubert","SAC",23,0,0,0,2,0,0,0,0,1.1,4,0,0,0,0,0,0,0,0,0,"Joey Loubert","sa3075574",
"Ryan Tatar","CONN",,0,0,0,1,0,0,0,0,1,4,0,1,0,0,1,0,0,3,0,"Ryan Tatar","sa3075596",
"CJ DiBenedetto","CCSU",,0,0,27,2,0,0,0,0,1,14,5,9,3,1,3,2,0,0,0,"CJ DiBenedetto","sa3075634",
"Jaden Fateman","SJU",21,0,0,0,2,0,0,0,0,0.2,5,1,0,0,0,2,0,0,0,0,"Jaden Fateman","sa3075638",
"Scott Longo","NE",19,1,0,6,3,0,0,0,0,3,14,3,2,2,0,3,0,0,0,0,"Scott Longo","sa3075644",
"Casey Proctor","CCSU",21,0,0,26.99999919533732,1,0,0,0,0,0.1,3,0,1,1,0,1,1,1,0,0,"Casey Proctor","sa3075646",
"Josiah Golden","OKST",21,0,0,0,2,0,0,0,0,1.2,8,1,0,0,0,2,0,1,0,0,"Josiah Golden","sa3075664",
"Alex Stoyer","COR",,0,0,2.7000000643730178,5,0,0,0,0,3.1,17,3,1,1,0,1,3,0,0,0,"Alex Stoyer","sa3075688",
"Adam Wade","ARST",22,0,0,0,1,0,0,0,0,0,1,0,0,0,0,1,0,0,0,0,"Adam Wade","sa3075690",
"Jaden Schmidt","ALB",,0,0,36,1,0,0,0,0,1,7,2,4,4,0,3,0,0,0,0,"Jaden Schmidt","sa3075715",
"Ian Hillary","ALST",18,0,0,22.5,3,0,0,0,0,2,14,4,5,5,0,3,2,0,0,0,"Ian Hillary","sa3075735",
"Mason Pike","ORST",19,0,0,13.49999959766866,2,1,0,0,0,0.2,5,1,1,1,0,1,1,0,0,0,"Mason Pike","sa3075741",
"Derek Render","UTU",20,0,0,33.74999899417165,2,0,0,0,0,1.1,11,5,5,5,0,2,1,1,0,0,"Derek Render","sa3075742",
"Tate Gargasz","SCU",20,0,0,13.49999959766866,1,0,0,0,0,1.1,7,2,2,2,0,1,0,0,0,0,"Tate Gargasz","sa3075766",
"Austin Moran","DART",19,0,0,9,1,0,0,0,0,1,4,0,1,1,0,0,1,0,0,0,"Austin Moran","sa3075769",
"Jackson Runyon","ODU",20,0,0,26.99999919533732,1,0,0,0,0,0.2,7,2,2,2,0,2,1,0,0,0,"Jackson Runyon","sa3075772",
"Fraser Smith","DART",,0,1,36,1,0,0,0,0,1,7,1,4,4,0,2,1,0,0,0,"Fraser Smith","sa3075775",
"Conner Watson","EVAN",,0,0,0,1,0,0,0,0,1,5,2,0,0,0,0,0,0,0,0,"Conner Watson","sa3075778",
"Chance Covert II","UTAH",21,0,0,18,1,0,0,0,0,1,8,2,2,2,0,4,0,0,0,0,"Chance Covert II","sa3075793",
"Brayden Mercier","MASS",,0,0,53.99999839067464,1,0,0,0,0,0.2,8,4,4,4,1,1,0,0,0,0,"Brayden Mercier","sa3075839",
"Luke Riha","TOL",19,0,0,107.99999678134928,1,0,0,0,0,0.1,5,3,4,4,0,0,1,0,0,0,"Luke Riha","sa3075840",
"Henry Johnson","TOL",18,0,0,0,1,0,0,0,0,0,3,0,0,0,0,3,0,1,0,0,"Henry Johnson","sa3075872",
"Teagan Beames","QUIN",,0,0,3,3,0,0,0,0,3,15,0,1,1,0,5,1,0,1,0,"Teagan Beames","sa3075890",
"Judah Buckner","TROY",25,0,0,53.99999839067464,2,0,0,0,0,0.1,8,5,2,2,0,2,0,1,0,0,"Judah Buckner","sa3075949",
"Graham Biben","COR",,0,0,0,1,0,0,0,0,0.2,5,1,0,0,0,1,1,0,0,0,"Graham Biben","sa3075978",
"Aaron Fitch","CARK",,0,0,53.99999839067464,1,0,0,0,0,0.1,6,2,2,2,0,0,3,0,0,0,"Aaron Fitch","sa3075981",
"Lucas Klopp","UNH",,0,0,4.5,2,1,0,0,0,4,17,4,3,2,0,2,0,0,0,0,"Lucas Klopp","sa3075986",
"Brenden Moehnke","IONA",,0,0,26.99999919533732,1,0,0,0,0,0.1,4,2,1,1,0,1,0,0,0,0,"Brenden Moehnke","sa3076015",
"Christian Brown","USF",,0,0,0,1,0,0,0,0,0.2,3,1,0,0,0,0,0,0,0,0,"Christian Brown","sa3076070",
"Josh Davis","CIT",,0,0,0,1,0,0,0,0,1,3,0,0,0,0,0,0,0,0,0,"Josh Davis","sa3076134",
"Jeff Meade","RAD",,0,0,0,1,0,0,0,0,0.2,2,0,0,0,0,0,0,0,0,0,"Jeff Meade","sa3076136",
"Sander Lucas","INST",,0,0,9,1,0,0,0,0,1,5,2,1,1,0,0,0,0,0,0,"Sander Lucas","sa3076154",
"Drew Wedgeworth","MOST",,0,0,36,1,0,0,0,0,0,4,2,4,4,1,1,1,0,0,0,"Drew Wedgeworth","sa3076204",
"Jeremy Allen","KU",20,0,1,20.24999939650299,3,0,0,0,0,1.1,7,3,3,3,2,0,0,0,0,0,"Jeremy Allen","sa3076205",
"Max Mazinter","TULN",21,0,0,0,2,0,0,0,0,1.1,3,0,0,0,0,1,0,0,0,0,"Max Mazinter","sa3076213",
"Benjamin Moyer","SAM",21,0,0,0,1,0,0,0,0,0.1,3,2,0,0,0,0,0,0,0,0,"Benjamin Moyer","sa3076224",
"Cam Riley","UL",19,0,0,0,3,0,0,0,0,1,6,1,0,0,0,3,0,2,0,0,"Cam Riley","sa3076230",
"Alex Willey","WIU",,0,0,161.99999517202392,1,0,0,0,0,0.1,8,5,6,6,1,2,0,1,0,0,"Alex Willey","sa3076232",
"Grady Moore","UIW",,0,0,80.99999758601196,1,0,0,0,0,0.1,6,2,3,3,1,3,0,0,0,0,"Grady Moore","sa3076239",
"Cameron Marchi","SEMO",,0,0,0,1,0,0,0,0,0.2,2,0,0,0,0,0,0,0,0,0,"Cameron Marchi","sa3076255",
"Ethan Giesbrecht","KSU",22,0,0,0,1,0,0,0,0,1,4,1,0,0,0,0,0,0,0,0,"Ethan Giesbrecht","sa3076288",
"Joey Gizmunt","DART",,0,0,80.99999758601196,1,0,0,0,0,0.1,5,0,3,3,0,2,2,1,0,0,"Joey Gizmunt","sa3076289",
"Jackson Thielen","SF",22,0,0,27,1,0,0,0,0,0,3,0,3,3,0,3,0,0,0,0,"Jackson Thielen","sa3076326",
"Brisco Smith","OU",20,0,0,9,2,0,0,0,0,1,8,5,2,1,1,0,0,1,0,0,"Brisco Smith","sa3076345",
"Jack Surdey","NDSU",,0,0,0,2,0,0,0,0,2.2,12,3,0,0,0,1,0,1,0,0,"Jack Surdey","sa3076346",
"Seth Davis","HCU",,0,0,0,1,0,0,0,0,1,2,0,0,0,0,2,0,0,0,0,"Seth Davis","sa3076372",
"Cooper Robinson","UTU",22,0,0,40.49999879300598,1,0,0,0,0,0.2,5,3,3,3,0,0,0,0,0,0,"Cooper Robinson","sa3076374",
"Braden Thelander","UTU",22,0,0,0,1,0,0,0,0,0.1,2,0,0,0,0,1,0,0,0,0,"Braden Thelander","sa3076375",