name,year,actual_pick,actual_college_order,model_college_order,pipeline_rank,stage1_draft_prob,actual_bonus,model_bonus,actual_slot,model_slot
Henry Davis,2021,1.0,1,22,5.0,100.0,6500000.0,3259366.0,8415300.0,5338328.0
Jack Leiter,2021,2.0,2,3,2.0,100.0,7922000.0,4209736.0,7789900.0,5908218.0
Colton Cowser,2021,5.0,3,41,10.0,100.0,4900000.0,2061573.0,6180700.0,2709231.0
Sam Bachman,2021,9.0,4,16,14.0,97.6,3847500.0,1285843.0,4949100.0,2254147.0
Kumar Rocker,2021,10.0,5,2,6.0,100.0,,3998436.0,4739900.0,5040788.0
Will Bednar,2021,14.0,6,1,32.0,100.0,3650000.0,3110913.0,4036800.0,3429342.0
Sal Frelick,2021,15.0,7,70,11.0,100.0,4000000.0,1040996.0,3885800.0,2168304.0
Michael McGreevy,2021,18.0,8,14,28.0,99.0,2750000.0,914118.0,3481300.0,1290801.0
Gunnar Hoglund,2021,19.0,9,9,22.0,99.9,3247500.0,1869885.0,3359000.0,2419701.0
Trey Sweeney,2021,20.0,10,72,55.0,99.5,3000000.0,1597419.0,3242900.0,2580248.0
Gavin Williams,2021,23.0,11,5,31.0,99.9,2250000.0,2624382.0,2926800.0,3090382.0
Ryan Cusick,2021,24.0,12,25,26.0,100.0,2700000.0,1530738.0,2831300.0,1763186.0
Ty Madden,2021,32.0,13,6,9.0,100.0,2500000.0,1793043.0,2257300.0,1629467.0
Tyler Black,2021,33.0,14,46,57.0,97.3,2200000.0,1382307.0,2202200.0,1843520.0
Mat Nelson,2021,35.0,15,127,40.0,99.9,2095800.0,376994.0,2095800.0,884221.0
Aaron Zavala,2021,38.0,16,4,76.0,99.8,830000.0,1439527.0,1952300.0,2151426.0
Jud Fabian,2021,40.0,17,78,23.0,97.2,,423953.0,1856700.0,836129.0
Connor Norby,2021,41.0,18,11,58.0,100.0,1700000.0,1252284.0,1813500.0,1746112.0
Ryan Bliss,2021,42.0,19,80,70.0,100.0,1250000.0,804063.0,1771100.0,1479113.0
Ethan Wilson,2021,49.0,20,44,35.0,95.8,1507600.0,503558.0,1507600.0,928830.0
Matt Mikulski,2021,50.0,21,152,50.0,99.5,1200000.0,459339.0,1469900.0,1036762.0
Russell Smith,2021,51.0,22,56,102.0,100.0,1000000.0,362214.0,1436900.0,775057.0
Cody Morissette,2021,52.0,23,195,59.0,99.6,1403200.0,362725.0,1403200.0,645243.0
Andrew Abbott,2021,53.0,24,48,51.0,100.0,1300000.0,840965.0,1370400.0,1199022.0
Brendan Beck,2021,55.0,25,111,99.0,99.9,1050000.0,661627.0,1307000.0,1055148.0
Zack Gelof,2021,60.0,26,115,86.0,100.0,1157400.0,548494.0,1157400.0,833890.0
Steve Hajjar,2021,61.0,27,24,100.0,99.6,1129700.0,740553.0,1129700.0,874421.0
Kyle Manzardo,2021,63.0,28,74,81.0,97.2,747500.0,532767.0,1076300.0,1062794.0
Peyton Wilson,2021,66.0,29,165,68.0,99.8,1003300.0,475898.0,1003300.0,738329.0
Adrian Del Castillo,2021,67.0,30,129,42.0,98.9,1000000.0,457824.0,976700.0,716502.0
Joe Rock,2021,68.0,31,21,85.0,96.5,953100.0,673345.0,953100.0,865205.0
Tommy Mace,2021,69.0,32,68,45.0,100.0,1100000.0,459339.0,929800.0,660342.0
Ryan Holgate,2021,70.0,33,26,105.0,98.9,875000.0,358894.0,906800.0,635902.0
Robert Gasser,2021,71.0,34,177,88.0,99.9,884200.0,334888.0,884200.0,643510.0
Dylan Smith,2021,74.0,35,15,74.0,100.0,1115000.0,858319.0,844200.0,767764.0
John Rhodes,2021,76.0,36,101,134.0,98.4,1375000.0,437458.0,818200.0,478225.0
McCade Brown,2021,79.0,37,58,103.0,99.4,780400.0,779960.0,780400.0,713766.0
Landon Marceaux,2021,80.0,38,13,90.0,100.0,767800.0,827491.0,767800.0,847352.0
Branden Boissiere,2021,82.0,39,33,159.0,98.1,600000.0,446607.0,744200.0,649211.0
Mason Black,2021,85.0,40,59,154.0,98.7,710700.0,414436.0,710700.0,497151.0
Alex Binelas,2021,86.0,41,164,65.0,98.9,700000.0,407998.0,699700.0,519749.0
Jose Torres,2021,89.0,42,160,69.0,99.5,622500.0,316572.0,667900.0,507651.0
Austin Love,2021,90.0,43,51,137.0,100.0,600000.0,588179.0,657600.0,706226.0
Sean Burke,2021,94.0,44,60,75.0,99.9,900000.0,736163.0,618200.0,577908.0
Dylan Dodd,2021,96.0,45,125,177.0,99.5,122500.0,103418.0,604800.0,512956.0
Mason Miller,2021,97.0,46,100,161.0,99.9,599100.0,291765.0,599100.0,559460.0
Kevin Kopps,2021,99.0,47,89,,99.9,300000.0,168932.0,587400.0,542799.0
Tyler Mattison,2021,104.0,48,19,,98.5,400000.0,411882.0,560000.0,537591.0
Donta' Williams,2021,106.0,49,106,,99.6,400000.0,258555.0,549000.0,438900.0
Hunter Goodman,2021,109.0,50,168,87.0,99.5,600000.0,334279.0,533000.0,502337.0
Dustin Saenz,2021,112.0,51,90,189.0,100.0,500000.0,398842.0,517400.0,432453.0
Bryce Miller,2021,113.0,52,199,91.0,100.0,400000.0,208371.0,512400.0,320028.0
Tanner Allen,2021,118.0,53,79,136.0,99.7,247500.0,142164.0,487900.0,423371.0
Ruben Ibarra,2021,119.0,54,172,,99.6,172500.0,128062.0,483000.0,408492.0
Zane Mills,2021,120.0,55,91,,99.1,375000.0,320997.0,478300.0,401693.0
Chad Dallas,2021,121.0,56,8,210.0,100.0,497500.0,682492.0,473700.0,592236.0
Cooper Bowman,2021,122.0,57,140,171.0,99.9,353000.0,359862.0,469000.0,575315.0
Christian Franklin,2021,123.0,58,61,52.0,99.7,425000.0,331986.0,464500.0,386548.0
Brooks Gosswein,2021,124.0,59,249,,97.8,200000.0,96932.0,460000.0,269818.0
Ryan Webb,2021,125.0,60,138,155.0,99.8,400000.0,262809.0,455600.0,358695.0
Cal Conley,2021,126.0,61,71,170.0,100.0,422500.0,339016.0,451800.0,429142.0
Christian Encarnacion-Strand,2021,128.0,62,29,208.0,99.9,442900.0,407752.0,442900.0,472020.0
Jackson Wolf,2021,129.0,63,116,,100.0,300000.0,276355.0,438700.0,459958.0
Dru Baker,2021,130.0,64,88,190.0,99.8,431800.0,338212.0,434300.0,349495.0
Chayce McDermott,2021,132.0,65,77,127.0,99.3,375000.0,407076.0,426600.0,488422.0
Jackson Glenn,2021,133.0,66,117,,99.5,12500.0,24414.0,422300.0,386411.0
Tanner Kohlhepp,2021,135.0,67,225,211.0,99.6,400000.0,189100.0,414000.0,323278.0
Nathan Hickey,2021,136.0,68,54,141.0,99.8,1000000.0,522800.0,410100.0,515596.0
Carlos Tavera,2021,137.0,69,107,,100.0,375000.0,321497.0,406000.0,436869.0
Caleb Roberts,2021,138.0,70,55,,99.9,402000.0,357426.0,402000.0,395272.0
Evan Justice,2021,140.0,71,182,,99.9,150000.0,153904.0,394300.0,331970.0
Brett Kerry,2021,141.0,72,123,,99.9,297500.0,199814.0,390400.0,335688.0
Christian Scott,2021,142.0,73,265,228.0,99.5,350000.0,171517.0,386600.0,270383.0
Andy Thomas,2021,144.0,74,239,,99.5,25000.0,27098.0,379000.0,295354.0
Ethan Murray,2021,147.0,75,96,,99.6,272500.0,301899.0,367900.0,375888.0
Quincy Hamilton,2021,148.0,76,94,,99.7,47500.0,53165.0,364400.0,395969.0
Brady Allen,2021,149.0,77,120,193.0,99.9,358300.0,310601.0,360800.0,351950.0
Thomas Farr,2021,150.0,78,104,139.0,99.9,297500.0,175656.0,357100.0,258696.0
Gordon Graceffo,2021,151.0,79,36,204.0,99.7,500000.0,298716.0,353700.0,350593.0
Tyler Hardman,2021,153.0,80,162,194.0,99.7,200000.0,147767.0,346800.0,264993.0
Liam Spence,2021,154.0,81,137,,99.6,135000.0,108466.0,343400.0,259596.0
CJ Rodriguez,2021,158.0,82,95,235.0,94.3,400000.0,341218.0,330100.0,404518.0
Christian MacLeod,2021,159.0,83,12,113.0,100.0,500000.0,839786.0,327200.0,630510.0
Max Ferguson,2021,160.0,84,167,144.0,99.9,324100.0,277411.0,324100.0,326021.0
Ben Casparius,2021,162.0,85,45,169.0,99.4,247500.0,234454.0,318200.0,367074.0
Mike Jarvis,2021,163.0,86,277,,98.0,7500.0,9999.0,315400.0,255000.0
Austin Murr,2021,165.0,87,263,,99.9,200000.0,137323.0,309500.0,263421.0
Collin Burns,2021,167.0,88,30,,99.8,375000.0,290563.0,304200.0,361589.0
Luke Albright,2021,168.0,89,208,151.0,99.8,301600.0,256805.0,301600.0,329089.0
Braxton Fulford,2021,170.0,90,234,,99.2,280000.0,151593.0,296400.0,245750.0
Jake Smith,2021,171.0,91,75,,99.9,247500.0,237505.0,293800.0,354391.0
Michael Kirian,2021,173.0,92,190,,100.0,200000.0,155455.0,289000.0,264079.0
Seth Lonsway,2021,176.0,93,149,153.0,99.9,300000.0,165295.0,281800.0,236206.0
Spencer Arrighetti,2021,178.0,94,35,,99.8,147500.0,204247.0,277100.0,302550.0
Sam Praytor,2021,179.0,95,254,,99.7,200000.0,174269.0,274800.0,256064.0
Justice Thompson,2021,180.0,96,175,119.0,95.4,250000.0,293526.0,272500.0,281989.0
Aaron Davenport,2021,186.0,97,53,,99.2,450000.0,307498.0,259400.0,280956.0
Justyn-Henry Malloy,2021,187.0,98,20,,99.9,297500.0,486834.0,257400.0,404835.0
Grant Holman,2021,188.0,99,230,138.0,99.5,375000.0,217264.0,255300.0,233075.0
Travis Adams,2021,189.0,100,201,,98.8,253300.0,125967.0,253300.0,243303.0
Mason Montgomery,2021,191.0,101,28,,100.0,225000.0,322163.0,249000.0,360650.0
Emmet Sheehan,2021,192.0,102,40,,100.0,244500.0,569463.0,247000.0,530001.0
Wyatt Hendrie,2021,193.0,103,252,,99.8,177500.0,107788.0,244900.0,259659.0
Brant Hurter,2021,195.0,104,186,191.0,100.0,241000.0,141041.0,241000.0,256940.0
Wyatt Olds,2021,196.0,105,31,,100.0,236500.0,372225.0,239000.0,339076.0
Connor Pavolony,2021,197.0,106,238,,97.7,325000.0,227998.0,237000.0,238840.0
Scott Randall,2021,198.0,107,128,,99.9,125000.0,126170.0,235100.0,243439.0
Evan Shawver,2021,200.0,108,158,,98.5,231100.0,159369.0,231100.0,252991.0
Jacob Young,2021,203.0,109,108,,99.9,275000.0,388203.0,225800.0,323478.0
Colin Davis,2021,204.0,110,229,,99.2,150000.0,80920.0,224000.0,202142.0
Nick Sinacola,2021,206.0,111,32,,99.9,197500.0,476744.0,220200.0,464072.0
Tristan Peters,2021,207.0,112,57,,99.4,147500.0,267308.0,218500.0,341804.0
Joey Loperfido,2021,208.0,113,133,,99.9,72500.0,132507.0,216600.0,233382.0
Gabe Bierman,2021,209.0,114,73,,99.8,197500.0,198149.0,214900.0,262629.0
Kevin Abel,2021,210.0,115,99,166.0,99.9,172500.0,187080.0,213300.0,223894.0
Robby Ahlstrom,2021,213.0,116,92,,99.7,140000.0,151776.0,208200.0,216310.0
Parker Chavers,2021,214.0,117,270,160.0,97.1,125000.0,92024.0,206500.0,199076.0
Jack Leftwich,2021,216.0,118,141,156.0,99.9,167000.0,174241.0,203400.0,243828.0
Brett Harris,2021,218.0,119,157,,99.4,120000.0,51361.0,200100.0,195452.0
Jake Rucker,2021,219.0,120,65,209.0,99.9,250000.0,330072.0,198500.0,243097.0
Sean Sullivan,2021,223.0,121,122,212.0,96.5,175000.0,179426.0,192900.0,255321.0
Jordan Marks,2021,225.0,122,142,201.0,99.4,150000.0,112474.0,190100.0,211169.0
Robby Martin Jr.,2021,230.0,123,181,104.0,98.7,200000.0,244701.0,183700.0,251342.0
Mike Vasil,2021,232.0,124,97,111.0,98.5,181200.0,200975.0,181200.0,257428.0
Will Frizzell,2021,233.0,125,87,,99.9,179800.0,220397.0,179800.0,222139.0
James Parker,2021,234.0,126,143,,98.9,150000.0,253255.0,178600.0,235799.0
Jason Ruffcorn,2021,235.0,127,136,,99.9,147500.0,163047.0,177400.0,200118.0
Zack Raabe,2021,237.0,128,169,,31.0,150000.0,126039.0,175000.0,259247.0
Colton Gordon,2021,238.0,129,194,,99.7,127500.0,158929.0,174000.0,224306.0
Mike Antico,2021,241.0,130,110,,99.9,20000.0,23450.0,171200.0,200360.0
Hunter Gregory,2021,242.0,131,82,,99.9,127500.0,107619.0,170300.0,195556.0
Will Warren,2021,243.0,132,184,,99.8,150000.0,109511.0,169500.0,195874.0
Casey Opitz,2021,244.0,133,251,,99.5,90000.0,106458.0,168500.0,165755.0
Rodney Boone,2021,246.0,134,10,192.0,100.0,167000.0,456764.0,167000.0,403808.0
Drew Swift,2021,248.0,135,272,184.0,98.9,125000.0,101252.0,165400.0,173833.0
Lucas Dunn,2021,250.0,136,250,,99.4,100000.0,118595.0,163900.0,220248.0
Patrick Wicklander,2021,251.0,137,18,220.0,100.0,147500.0,239089.0,163400.0,252781.0
Luke Brown,2021,253.0,138,260,,99.7,72500.0,94913.0,162000.0,197401.0
Liam Hicks,2021,254.0,139,216,,99.6,30000.0,48335.0,161400.0,176658.0
Garrett Burhenn,2021,255.0,140,50,,99.3,160800.0,249153.0,160800.0,239330.0
Tyler Miller,2021,256.0,141,180,231.0,99.7,160300.0,315202.0,160300.0,355786.0
Jake Rice,2021,258.0,142,187,,98.0,30000.0,38173.0,159200.0,174124.0
Parker Bates,2021,259.0,143,153,,99.1,17500.0,19773.0,158600.0,153458.0
Cullen Kafka,2021,260.0,144,114,239.0,99.4,158100.0,159444.0,158100.0,189055.0
Braden Olthoff,2021,261.0,145,84,182.0,100.0,122500.0,150847.0,157600.0,191544.0
Levi David,2021,262.0,146,213,197.0,99.8,120000.0,163955.0,157200.0,201307.0
Spencer Packard,2021,264.0,147,176,,99.1,25000.0,25728.0,156100.0,148554.0
Brannon Jordan,2021,267.0,148,103,,100.0,47500.0,180524.0,154900.0,221766.0
Aaron Brown,2021,268.0,149,102,,99.8,57500.0,98912.0,154600.0,206791.0
Jake Schrand,2021,269.0,150,38,,99.4,97500.0,155981.0,154100.0,211048.0
Jack Rogers,2021,270.0,151,174,,99.6,127500.0,114543.0,153600.0,209246.0
Chandler Champlain,2021,273.0,152,205,,99.2,150000.0,166627.0,152600.0,219092.0
Will Dion,2021,276.0,153,37,,99.9,125000.0,169117.0,151600.0,281492.0
Liam McGill,2021,277.0,154,147,,97.0,7500.0,16981.0,151300.0,210035.0
Shane McGuire,2021,278.0,155,151,,78.3,100000.0,106488.0,150800.0,192334.0
Lael Lockhart,2021,282.0,156,124,,99.9,2500.0,17671.0,149800.0,157099.0
Justin Meis,2021,283.0,157,227,,83.0,127500.0,118723.0,149500.0,177619.0
Austin Schultz,2021,285.0,158,126,,99.7,148900.0,237942.0,148900.0,238052.0
Billy Cook,2021,287.0,159,273,,98.6,100000.0,79925.0,148200.0,147674.0
Keyshawn Askew,2021,292.0,160,69,,99.8,125000.0,210903.0,147000.0,241596.0
Darren Baker,2021,293.0,161,274,,99.1,146800.0,107020.0,146800.0,157980.0
Jordan Jackson,2021,294.0,162,121,,92.0,25000.0,59608.0,146300.0,162611.0
Logan Cerny,2021,295.0,163,148,173.0,99.2,146100.0,159491.0,146100.0,247700.0
Wes Clarke,2021,297.0,164,7,,99.8,75000.0,297386.0,145500.0,338131.0
Michael Sandle,2021,298.0,165,266,,99.0,47500.0,61096.0,145300.0,155829.0
Donovan Benoit,2021,300.0,166,166,,99.3,130000.0,115988.0,144800.0,155344.0
Connor Cooke,2021,302.0,167,47,,99.8,141900.0,198345.0,144400.0,183367.0
Peter Matt,2021,304.0,168,269,,98.8,5000.0,13439.0,143900.0,161614.0
Tommy Sommer,2021,305.0,169,218,,99.6,20000.0,90339.0,143600.0,164735.0
Franco Aleman,2021,306.0,170,130,243.0,99.6,175000.0,204450.0,143500.0,258715.0
Jack Winkler,2021,308.0,171,278,,98.6,50000.0,61732.0,143000.0,146674.0
Ernie Yake,2021,309.0,172,179,,97.5,10000.0,16770.0,142700.0,171288.0
Colton Bender,2021,310.0,173,279,,93.7,5000.0,17236.0,142500.0,158276.0
Austin Vernon,2021,311.0,174,150,,98.6,142300.0,167258.0,142300.0,184917.0
Jack Carey,2021,313.0,175,83,,99.8,125000.0,196918.0,,298768.0
Josh Crouch,2021,315.0,176,226,,98.0,125000.0,116056.0,,217713.0
Niko Kavadas,2021,316.0,177,145,135.0,99.4,250000.0,248109.0,,319431.0
Tim Tawa,2021,318.0,178,280,,99.4,125000.0,104338.0,,252170.0
Nic Kent,2021,320.0,179,119,,99.5,175000.0,345066.0,,868468.0
Chase Silseth,2021,321.0,180,23,157.0,99.8,485000.0,486089.0,,741674.0
Rowdey Jordan,2021,322.0,181,155,,100.0,125000.0,149286.0,,311389.0
William Fleming,2021,324.0,182,259,,99.5,125000.0,105103.0,,293571.0
Chad Stevens,2021,328.0,183,275,,97.8,125000.0,77829.0,,140431.0
Mack Chambers,2021,331.0,184,86,,99.6,175000.0,258324.0,,857406.0
Trenton Wallace,2021,332.0,185,215,237.0,99.6,172500.0,166076.0,,363336.0
Jack Neely,2021,333.0,186,171,,96.4,150000.0,214270.0,,301922.0
Christian Edwards,2021,335.0,187,206,,99.9,150000.0,136532.0,,199634.0
Hunter Stanley,2021,336.0,188,63,,98.9,125000.0,116428.0,,342209.0
Mike Rothenberg,2021,345.0,189,258,,98.1,125000.0,119755.0,,201043.0
Justin Armbruester,2021,347.0,190,134,,100.0,100000.0,122235.0,,217652.0
Tyson Guerrero,2021,349.0,191,268,,95.4,127500.0,108867.0,,233225.0
Jack-Thomas Wold,2021,352.0,192,42,,99.3,125000.0,249322.0,,1582799.0
Corey Rosier,2021,354.0,193,76,,100.0,125000.0,247731.0,,1211839.0
Landen Roupp,2021,356.0,194,183,,100.0,75000.0,115306.0,,307728.0
Rhett Kouba,2021,358.0,195,39,,99.9,125000.0,185043.0,,368536.0
Brandon White,2021,359.0,196,189,,99.8,125000.0,196276.0,,304591.0
Riley Tirotta,2021,362.0,197,231,,99.5,125000.0,94556.0,,172442.0
Andrew Hoffmann,2021,367.0,198,67,,98.6,125000.0,175360.0,,290530.0
Mitch Myers,2021,368.0,199,196,,100.0,125000.0,141417.0,,232518.0
Kyler Fedko,2021,369.0,200,27,,99.2,125000.0,240939.0,,789681.0
Chris Meyers,2021,375.0,201,200,,99.8,125000.0,93765.0,,161203.0
Matt Rudick,2021,382.0,202,188,,99.9,125000.0,125088.0,,357257.0
Mack Anglin,2021,383.0,203,112,217.0,99.0,,247050.0,,275450.0
Ben Ramirez,2021,384.0,204,281,,99.6,100000.0,100927.0,,201641.0
Jared Dupere,2021,386.0,205,192,,98.3,125000.0,97271.0,,223667.0
Kobe Kato,2021,388.0,206,178,,98.3,125000.0,147159.0,,323452.0
Chandler Jozwiak,2021,389.0,207,210,,100.0,125000.0,185129.0,,335060.0
Michael Trautwein,2021,390.0,208,202,,96.4,125000.0,135410.0,,269386.0
Matt Svanson,2021,392.0,209,256,,70.8,50000.0,69536.0,,194383.0
Zach Messinger,2021,393.0,210,135,,99.3,225000.0,182200.0,,254939.0
David Festa,2021,399.0,211,185,,98.4,125000.0,110341.0,,211004.0
Bob Seymour,2021,401.0,212,233,,99.9,125000.0,147016.0,,375899.0
RJ Petit,2021,405.0,213,220,,97.5,125000.0,138646.0,,261292.0
Channy Ortiz,2021,408.0,214,240,,41.7,125000.0,85019.0,,184252.0
Tyler Ras,2021,410.0,215,193,,98.5,125000.0,184272.0,,368459.0
Tyler Myrick,2021,416.0,216,284,,97.3,125000.0,71781.0,,203686.0
Trenton Denholm,2021,426.0,217,161,216.0,91.0,150000.0,120960.0,,327032.0
Jonny Butler,2021,428.0,218,144,,99.9,125000.0,145253.0,,280365.0
Pierson Ohl,2021,429.0,219,49,,98.9,100000.0,113023.0,,318496.0
Adam Smith,2021,430.0,220,228,,98.3,125000.0,128578.0,,241813.0
Shane Muntz,2021,438.0,221,257,,99.7,125000.0,129412.0,,332408.0
River Town,2021,439.0,222,62,,99.9,125000.0,217993.0,,358390.0
Wyatt Young,2021,442.0,223,236,,87.3,125000.0,130464.0,,312360.0
Jaden Fein,2021,443.0,224,242,,49.4,125000.0,131271.0,,371053.0
Cole Barr,2021,444.0,225,282,,96.3,125000.0,42087.0,,151707.0
Brooks Baldwin,2021,446.0,226,170,,97.2,,205755.0,,489763.0
Alex Cornwell,2021,451.0,227,285,,99.7,50000.0,103556.0,,194773.0
Garrett Spain,2021,452.0,228,247,,96.6,125000.0,144374.0,,261130.0
BJ Murray Jr.,2021,454.0,229,105,,99.7,125000.0,178667.0,,470766.0
Alaska Abney,2021,456.0,230,66,,99.2,125000.0,153054.0,,382542.0
Christian Robinson,2021,457.0,231,191,,98.5,125000.0,205822.0,,348762.0
Anthony Vilar,2021,460.0,232,271,,99.1,125000.0,122520.0,,233547.0
Peter Van Loon,2021,467.0,233,146,,98.4,75000.0,73558.0,,222897.0
Jacen Roberson,2021,468.0,234,235,,96.0,125000.0,137921.0,,256003.0
Braiden Ward,2021,470.0,235,287,,95.9,125000.0,112528.0,,180673.0
Jack Sinclair,2021,473.0,236,286,,94.2,100000.0,80879.0,,190577.0
Jimmy Joyce,2021,474.0,237,163,,99.8,25000.0,64400.0,,270331.0
Julian Bosnic,2021,476.0,238,34,187.0,99.8,,400153.0,,703670.0
Ivan Melendez,2021,479.0,239,52,,98.9,,273507.0,,528176.0
Aaron McKeithan,2021,481.0,240,139,,98.7,50000.0,129106.0,,523427.0
Zac Leigh,2021,484.0,241,255,,72.1,50000.0,42230.0,,208442.0
Terrell Tatum,2021,485.0,242,118,,99.4,125000.0,215227.0,,388136.0
Colton Johnson,2021,488.0,243,222,,99.5,10000.0,36771.0,,227165.0
Alek Jacob,2021,490.0,244,113,,99.7,75000.0,74009.0,,307047.0
Carlos Lomeli,2021,493.0,245,245,,96.7,25000.0,49521.0,,162048.0
Luca Tresh,2021,499.0,246,212,101.0,97.6,423000.0,305868.0,,393880.0
Mason Erla,2021,501.0,247,223,,98.6,125000.0,100119.0,,258237.0
Nick Zwack,2021,502.0,248,243,,99.8,50000.0,76494.0,,209290.0
Brendan Collins,2021,503.0,249,246,,98.4,100000.0,112671.0,,264558.0
Jimmy Kingsbury,2021,504.0,250,173,,99.7,25000.0,73199.0,,256804.0
Alex Garbrick,2021,505.0,251,197,,65.9,30000.0,34931.0,,150066.0
Justin Fall,2021,509.0,252,283,,98.8,125000.0,136457.0,,262113.0
Elijah Cabell,2021,511.0,253,248,,98.9,125000.0,118111.0,,226376.0
Grant Richardson,2021,513.0,254,217,,99.5,125000.0,151336.0,,266109.0
Jayson Gonzalez,2021,515.0,255,276,,96.5,125000.0,116883.0,,186545.0
Tyler Thornton,2021,516.0,256,198,,98.8,50000.0,119647.0,,374550.0
Tyler Tolve,2021,517.0,257,244,,4.4,125000.0,167451.0,,248856.0
Ben Malgeri,2021,525.0,258,207,,10.5,125000.0,149416.0,,416054.0
Phillip Sikes,2021,526.0,259,132,,99.8,97500.0,143118.0,,361605.0
Conor Grady,2021,527.0,260,64,,100.0,50000.0,166388.0,,378245.0
Bryce McGowan,2021,530.0,261,109,158.0,100.0,300000.0,283978.0,,445909.0
Nick Mondak,2021,531.0,262,203,,94.1,50000.0,59473.0,,256709.0
Riley Davis,2021,534.0,263,288,,97.6,75000.0,79382.0,,212621.0
Ryne Moore,2021,537.0,264,131,,99.9,60000.0,77587.0,,199647.0
Will Wagner,2021,538.0,265,253,,98.3,50000.0,55040.0,,144053.0
Bennett Hostetler,2021,539.0,266,209,,98.9,60000.0,43287.0,,201145.0
Mariano Ricciardi,2021,548.0,267,241,,94.5,10000.0,10773.0,,148376.0
Mike Paredes,2021,549.0,268,262,,59.2,75000.0,93874.0,,279054.0
Drew Irvine,2021,553.0,269,237,,97.1,100000.0,125695.0,,221034.0
Justice Bigbie,2021,555.0,270,159,,100.0,100000.0,115946.0,,291786.0
Tyler Uberstine,2021,556.0,271,264,,98.4,97500.0,75354.0,,171281.0
Alex Pham,2021,557.0,272,221,,99.8,25000.0,88701.0,,233043.0
Cam Williams,2021,559.0,273,219,,99.0,20000.0,19753.0,,202416.0
Drake Osborn,2021,562.0,274,214,,96.0,30000.0,39945.0,,205944.0
Seth Halvorsen,2021,565.0,275,224,,99.1,,206792.0,,264947.0
Ryan Cardona,2021,570.0,276,261,,91.7,110000.0,110933.0,,236094.0
Thomas Francisco,2021,571.0,277,156,,99.8,100000.0,117276.0,,237141.0
Dominic Keegan,2021,573.0,278,17,,80.8,,571221.0,,763275.0
Reid Johnston,2021,576.0,279,154,,99.8,75000.0,112217.0,,276136.0
Sean Hunley,2021,581.0,280,93,,99.8,25000.0,107939.0,,297548.0
Jack Aldrich,2021,589.0,281,98,,99.6,125000.0,123101.0,,207569.0
Justin Guerrera,2021,592.0,282,81,,68.3,75000.0,126513.0,,426189.0
Zach Zubia,2021,599.0,283,232,,99.3,25000.0,23734.0,,176778.0
Javi Rivera,2021,600.0,284,211,,99.9,125000.0,143833.0,,278965.0
Haylen Green,2021,605.0,285,204,,99.4,20000.0,26329.0,,339161.0
Jake Miller,2021,606.0,286,43,,95.6,300000.0,281101.0,,327155.0
Dillon Tatum,2021,609.0,287,85,,98.4,25000.0,99218.0,,549153.0
Charlie Connolly,2021,612.0,288,267,,96.1,,89649.0,,200612.0
Jacob Berry,2022,6.0,1,30,7.0,99.8,6000000.0,1987785.0,6037500.0,3170307.0
Gavin Cross,2022,9.0,2,11,10.0,99.8,5202900.0,1524359.0,5202900.0,2790227.0
Gabriel Hughes,2022,10.0,3,7,26.0,99.8,4000000.0,2651324.0,4983000.0,3180895.0
Jace Jung,2022,12.0,4,27,9.0,99.8,4590300.0,2492716.0,4590300.0,2461718.0
Zach Neto,2022,13.0,5,39,17.0,99.7,3500000.0,2451354.0,4412500.0,4094869.0
Daniel Susac,2022,19.0,6,86,12.0,99.8,3531200.0,608471.0,3531200.0,1616526.0
Cooper Hjerpe,2022,22.0,7,6,34.0,99.9,3182200.0,2568098.0,3182200.0,2627833.0
Spencer Jones,2022,25.0,8,26,51.0,99.9,2880800.0,1247294.0,2880800.0,1420037.0
Eric Brown Jr.,2022,27.0,9,16,63.0,99.8,2050000.0,797943.0,2701900.0,1466440.0
Drew Gilbert,2022,28.0,10,32,32.0,99.5,2500000.0,1745308.0,2621700.0,2161757.0
Sterlin Thompson,2022,31.0,11,14,29.0,100.0,2430500.0,976180.0,2430500.0,1344216.0
Dylan Beavers,2022,33.0,12,21,22.0,99.4,2200000.0,1156342.0,2315100.0,1494127.0
Thomas Harrington,2022,36.0,13,24,45.0,99.3,2050000.0,1199885.0,2150300.0,1698008.0
Justin Campbell,2022,37.0,14,3,36.0,100.0,1700000.0,1708376.0,2101800.0,1855295.0
Jordan Beck,2022,38.0,15,43,23.0,99.7,2200000.0,1165871.0,2052300.0,1511466.0
Dalton Rushing,2022,40.0,16,9,50.0,99.3,1959390.0,2072478.0,1951900.0,1605996.0
Max Wagner,2022,42.0,17,4,66.0,96.4,1900000.0,2096326.0,1861900.0,1977186.0
Ivan Melendez,2022,43.0,18,48,99.0,99.8,1400000.0,582331.0,1818500.0,1316513.0
Jake Bennett,2022,45.0,19,13,68.0,99.9,1734800.0,1224920.0,1734800.0,1168000.0
Cayden Wallace,2022,49.0,20,15,31.0,99.9,1700000.0,1270895.0,1584900.0,1262152.0
Peyton Graham,2022,51.0,21,35,28.0,99.8,1800000.0,1173852.0,1510600.0,1254113.0
Adam Mazur,2022,53.0,22,56,59.0,99.7,1250000.0,495978.0,1440600.0,624099.0
Parker Messick,2022,54.0,23,1,54.0,100.0,1300000.0,1934887.0,1407100.0,2006890.0
Logan Tanner,2022,55.0,24,143,41.0,99.3,1030500.0,402646.0,1374000.0,750154.0
Brycen Mautz,2022,59.0,25,20,69.0,99.5,1100000.0,876232.0,1246200.0,1093115.0
Josh Kasevich,2022,60.0,26,103,67.0,99.5,1000000.0,524683.0,1216700.0,920610.0
Drew Thorpe,2022,61.0,27,18,61.0,98.9,1187600.0,1347521.0,1187600.0,1245798.0
Jacob Melton,2022,64.0,28,5,39.0,99.9,1000000.0,1041267.0,1104100.0,1084121.0
Brock Jones,2022,65.0,29,29,33.0,99.9,1077600.0,1294266.0,1077600.0,1144723.0
Jud Fabian,2022,67.0,30,8,52.0,99.8,1026800.0,1239774.0,1026800.0,1361485.0
Tanner Schobel,2022,68.0,31,2,96.0,99.7,1002000.0,1276737.0,1002000.0,1175622.0
Clark Elliott,2022,69.0,32,70,64.0,99.9,900000.0,629039.0,977500.0,795264.0
Chandler Simpson,2022,70.0,33,58,123.0,99.9,750000.0,578336.0,953300.0,810531.0
Ryan Cermak,2022,71.0,34,112,85.0,99.6,750000.0,371664.0,929500.0,685065.0
Robert Moore,2022,72.0,35,140,108.0,85.7,800000.0,477089.0,915300.0,709036.0
Justin Boyd,2022,73.0,36,31,153.0,99.9,847500.0,867241.0,901300.0,931640.0
Cade Doughty,2022,78.0,37,59,55.0,99.9,833600.0,523782.0,833600.0,730522.0
Andrew Taylor,2022,80.0,38,44,156.0,95.7,807200.0,653352.0,807200.0,693886.0
Nolan McLean,2022,81.0,39,97,115.0,20.2,,419252.0,794000.0,515649.0
Nate Savino,2022,82.0,40,101,116.0,97.9,700000.0,307283.0,782400.0,522855.0
Jack Brannigan,2022,83.0,41,98,164.0,99.5,770700.0,354265.0,770700.0,531493.0
Trey Lipscomb,2022,84.0,42,82,136.0,99.6,758900.0,359307.0,758900.0,731088.0
Mason Barnett,2022,87.0,43,34,209.0,100.0,697500.0,462673.0,724600.0,477109.0
Carson Palmquist,2022,88.0,44,12,86.0,100.0,775000.0,789668.0,713300.0,722148.0
Brandon Sproat,2022,90.0,45,79,117.0,99.9,,357796.0,691300.0,690421.0
Joe Lampe,2022,92.0,46,110,106.0,100.0,800000.0,501686.0,670200.0,741910.0
Gabriel Rincones Jr.,2022,93.0,47,64,192.0,95.8,627500.0,630065.0,660100.0,623210.0
Bryce Hubbart,2022,94.0,48,10,72.0,100.0,522500.0,613932.0,649900.0,671837.0
Drake Baldwin,2022,96.0,49,91,137.0,99.7,633300.0,543152.0,635800.0,595869.0
Pete Hansen,2022,97.0,50,36,127.0,99.9,629800.0,656856.0,629800.0,691007.0
Alan Roden,2022,98.0,51,137,175.0,99.2,497500.0,303624.0,623500.0,539638.0
Trystan Vrieling,2022,100.0,52,45,71.0,100.0,611400.0,535011.0,611400.0,543205.0
Jonathan Cannon,2022,101.0,53,122,60.0,99.9,925000.0,447544.0,606600.0,468253.0
Michael Knorr,2022,103.0,54,133,176.0,99.9,487500.0,198130.0,594600.0,397248.0
Alex Freeland,2022,105.0,55,78,170.0,92.8,580200.0,373346.0,582700.0,607347.0
Silas Ardoin,2022,107.0,56,131,146.0,99.4,571400.0,319881.0,571400.0,403439.0
Marcus Johnson,2022,112.0,57,115,139.0,99.6,510000.0,266666.0,543800.0,395657.0
Andrew Morris,2022,114.0,58,71,228.0,98.3,500000.0,344751.0,533300.0,431171.0
Ryan Ritter,2022,116.0,59,201,169.0,94.8,530000.0,376016.0,522900.0,487043.0
Troy Melton,2022,117.0,60,156,135.0,96.4,517900.0,229170.0,517900.0,375336.0
Nate Furman,2022,121.0,61,37,,98.5,300000.0,396875.0,497900.0,567209.0
Jacob Watters,2022,124.0,62,148,154.0,99.8,491750.0,264979.0,483500.0,367960.0
David McCabe,2022,125.0,63,80,,99.8,476400.0,310507.0,478900.0,468502.0
Jimmy Crooks,2022,127.0,64,130,151.0,98.1,470300.0,354374.0,470300.0,401738.0
Ryan Jennings,2022,128.0,65,142,,98.7,70000.0,39163.0,465600.0,274151.0
Chase Meidroth,2022,129.0,66,28,,98.9,272500.0,396762.0,461200.0,635229.0
Anthony Hall,2022,130.0,67,109,144.0,99.9,456500.0,317283.0,456500.0,487641.0
Jordan Sprinkle,2022,131.0,68,214,140.0,96.6,452900.0,200691.0,452900.0,354231.0
Trey Dombroski,2022,133.0,69,63,111.0,99.6,443900.0,339712.0,443900.0,432851.0
Dominic Keegan,2022,134.0,70,22,,99.9,397500.0,731037.0,439600.0,763159.0
Nick Biddison,2022,135.0,71,17,,99.8,382500.0,494271.0,435200.0,549580.0
Spencer Miles,2022,136.0,72,176,,99.8,347500.0,292436.0,431100.0,383768.0
Trace Bright,2022,137.0,73,19,,100.0,400000.0,550645.0,426800.0,491623.0
Tres Gonzalez,2022,140.0,74,94,138.0,99.7,347500.0,375074.0,414600.0,418690.0
Jared McKenzie,2022,141.0,75,245,142.0,99.1,410500.0,285143.0,410500.0,327948.0
Josh White,2022,142.0,76,77,188.0,100.0,406500.0,296360.0,406500.0,286594.0
Brandon Birdsell,2022,143.0,77,52,101.0,100.0,385000.0,368646.0,402400.0,419496.0
Luke Gold,2022,147.0,78,62,87.0,99.3,386900.0,392153.0,386900.0,476465.0
Sonny DiChiara,2022,148.0,79,60,,99.9,172500.0,283904.0,383200.0,412760.0
D'Andre Smith,2022,149.0,80,162,189.0,97.7,379400.0,286806.0,379400.0,362944.0
Nathan Martorella,2022,150.0,81,87,226.0,100.0,325000.0,375158.0,375500.0,438278.0
Guy Lipscomb,2022,151.0,82,65,,99.8,275000.0,347405.0,371800.0,512820.0
Orion Kerkering,2022,152.0,83,85,204.0,99.8,322500.0,241333.0,368300.0,319592.0
Cade Hunter,2022,153.0,84,66,145.0,98.0,362100.0,418968.0,364600.0,482327.0
Jack Perkins,2022,154.0,85,193,,99.5,270750.0,132555.0,361000.0,262943.0
Reid VanScoter,2022,156.0,86,220,,90.7,20000.0,23838.0,353900.0,350410.0
Victor Scott II,2022,157.0,87,126,,87.0,350400.0,297940.0,350400.0,430072.0
Mason Fluharty,2022,158.0,88,129,,98.4,222500.0,322499.0,347000.0,458435.0
Tyler Schweitzer,2022,161.0,89,74,210.0,99.8,325000.0,311509.0,337600.0,416315.0
Nolan DeVos,2022,163.0,90,67,,99.7,197500.0,310839.0,331600.0,381792.0
Jalen Battles,2022,164.0,91,223,,99.8,247500.0,172015.0,328400.0,273521.0
Sean McLain,2022,165.0,92,257,161.0,99.0,322900.0,263599.0,325400.0,294754.0
Douglas Hodo III,2022,167.0,93,102,,99.7,305000.0,331585.0,319800.0,285721.0
Derek Diamond,2022,170.0,94,128,,99.4,311600.0,260143.0,311600.0,282777.0
Jared Poland,2022,172.0,95,111,,99.9,149000.0,194867.0,306400.0,257794.0
Jorel Ortega,2022,174.0,96,33,222.0,99.9,250000.0,648671.0,301200.0,518004.0
Hayden Dunhurst,2022,175.0,97,277,155.0,98.1,300000.0,260413.0,298800.0,297662.0
Danny Serretti,2022,177.0,98,96,,99.9,293900.0,222435.0,293900.0,262281.0
Victor Mederos,2022,178.0,99,185,202.0,98.9,227750.0,200699.0,291400.0,276017.0
Jakob Marsee,2022,180.0,100,68,,98.2,250000.0,272219.0,286500.0,345463.0
Dylan DeLucia,2022,181.0,101,25,,100.0,275000.0,530651.0,284200.0,418599.0
Zach Maxwell,2022,183.0,102,88,200.0,100.0,222500.0,280364.0,279700.0,324925.0
Josh Hood,2022,186.0,103,184,224.0,99.1,250000.0,249260.0,272800.0,308963.0
Alex Hoppe,2022,189.0,104,266,,99.2,32250.0,28462.0,266400.0,251980.0
Chase Hampton,2022,190.0,105,149,,98.1,497500.0,321012.0,264000.0,331373.0
Hayden Birdsong,2022,196.0,106,93,,97.4,187500.0,219289.0,251300.0,289025.0
Preston Johnson,2022,197.0,107,57,,100.0,325000.0,316011.0,249200.0,312021.0
J.P. Massey,2022,200.0,108,265,,98.8,150000.0,116286.0,243000.0,205763.0
Riley Cornelio,2022,201.0,109,218,244.0,99.6,241600.0,163367.0,241600.0,232878.0
Kyle Crigger,2022,202.0,110,239,,99.6,37500.0,36404.0,239500.0,213580.0
Nick Hull,2022,203.0,111,170,,99.5,25000.0,65225.0,237500.0,234426.0
Kyle Jones,2022,204.0,112,177,,99.9,235600.0,152861.0,235600.0,245214.0
Mack Anglin,2022,205.0,113,127,179.0,99.8,231100.0,278294.0,233600.0,325296.0
Kody Huff,2022,206.0,114,84,214.0,99.9,231600.0,262810.0,231600.0,268488.0
Seth Stephenson,2022,207.0,115,163,,98.5,300000.0,247306.0,229800.0,262166.0
Roman Phansalkar,2022,208.0,116,290,,93.3,27500.0,27492.0,227800.0,184630.0
Nick Vogt,2022,210.0,117,183,,99.3,200000.0,183427.0,224300.0,234418.0
Caleb Ricketts,2022,212.0,118,116,,99.5,218800.0,137442.0,220600.0,223223.0
Trey Faltine,2022,213.0,119,174,162.0,99.1,200000.0,336260.0,219000.0,271161.0
Hogan Windish,2022,216.0,120,198,,99.3,20000.0,20120.0,213900.0,186638.0
Alex Iadisernia,2022,217.0,121,159,,95.8,212000.0,182802.0,212000.0,250345.0
Peyton Williams,2022,218.0,122,46,,99.7,197500.0,421581.0,210500.0,390522.0
Cam Schlittler,2022,220.0,123,135,,99.8,205000.0,220876.0,207500.0,270088.0
Ben Metzinger,2022,222.0,124,90,,99.5,97500.0,55316.0,204500.0,268001.0
Blake Robertson,2022,224.0,125,38,,99.8,198900.0,406444.0,201400.0,278003.0
Cameron Weston,2022,227.0,126,161,,99.9,197400.0,184318.0,197400.0,237430.0
Matt Brosky,2022,229.0,127,210,,95.7,5000.0,10981.0,194300.0,188689.0
Chance Huff,2022,231.0,128,224,,99.7,191700.0,129463.0,191700.0,198512.0
Zebby Matthews,2022,234.0,129,180,,99.9,125000.0,135564.0,187900.0,206994.0
Davison Palermo,2022,236.0,130,211,,99.8,175000.0,172699.0,185300.0,196260.0
Jake Miller,2022,237.0,131,158,,99.1,150000.0,192981.0,184000.0,216331.0
Dylan Tebrake,2022,239.0,132,139,,99.8,136425.0,141231.0,181900.0,194540.0
Griffin Doersching,2022,240.0,133,272,,97.0,25000.0,21091.0,180900.0,185233.0
Alex Rao,2022,242.0,134,203,,99.8,72500.0,128869.0,179000.0,181743.0
Chris McElvain,2022,243.0,135,23,231.0,100.0,175700.0,536514.0,178200.0,415003.0
Micah Dallas,2022,244.0,136,104,,99.8,125000.0,146277.0,177100.0,202309.0
Tatem Levins,2022,246.0,137,154,,97.4,50000.0,35232.0,175600.0,210688.0
Cade Winquest,2022,247.0,138,241,,98.3,174600.0,131725.0,174600.0,195172.0
Dylan Rock,2022,248.0,139,50,,99.6,22500.0,30197.0,173900.0,206293.0
Jonathan Brand,2022,249.0,140,240,,98.6,7500.0,16645.0,173200.0,177665.0
Brett Barrera,2022,250.0,141,118,,99.5,135000.0,240357.0,172300.0,233198.0
Mario Camilletti,2022,251.0,142,194,,96.8,20000.0,21729.0,171800.0,175729.0
Nate Peterson,2022,252.0,143,219,,99.6,167500.0,78652.0,171100.0,153559.0
Tyler Guilfoil,2022,253.0,144,132,,99.8,122500.0,167918.0,170300.0,228714.0
Sean Harney,2022,254.0,145,179,,99.3,47500.0,42698.0,169700.0,193704.0
Taylor Young,2022,255.0,146,53,,99.9,2500.0,9791.0,169100.0,195431.0
Wade Meckler,2022,256.0,147,121,,99.9,97500.0,108521.0,168500.0,171333.0
Adam Crampton,2022,257.0,148,270,,98.9,125000.0,160596.0,167900.0,222581.0
Gavin Logan,2022,258.0,149,288,,99.0,75000.0,92900.0,167400.0,181786.0
Griffin Cheney,2022,259.0,150,191,,87.6,1000.0,5818.0,166700.0,205048.0
Maxwell Romero Jr.,2022,261.0,151,146,,97.6,165700.0,243394.0,165700.0,243712.0
Connor Noland,2022,263.0,152,61,,99.9,200000.0,182970.0,164600.0,252707.0
Cory Lewis,2022,264.0,153,49,238.0,100.0,140000.0,235341.0,164100.0,251270.0
Brad Cumbest,2022,266.0,154,213,173.0,93.6,163300.0,225054.0,163300.0,219439.0
Andrew Jenkins,2022,267.0,155,75,174.0,99.9,162900.0,333865.0,162900.0,306166.0
Joe Stewart,2022,268.0,156,273,,96.6,7500.0,8835.0,162500.0,167224.0
Chase Estep,2022,269.0,157,165,,99.9,125000.0,140924.0,162000.0,197689.0
Dylan Nedved,2022,270.0,158,173,,96.4,20000.0,25385.0,161500.0,182808.0
Austin Peterson,2022,271.0,159,124,,99.8,125000.0,187252.0,161200.0,207437.0
Caeden Trenkle,2022,274.0,160,181,,97.6,130000.0,177655.0,160100.0,210614.0
Cory Acton,2022,275.0,161,293,,93.7,2500.0,5201.0,159800.0,193069.0
Joseph King,2022,277.0,162,178,,99.6,125000.0,197341.0,159100.0,255876.0
Michael Turner,2022,281.0,163,232,,98.4,35000.0,36122.0,157800.0,196539.0
Brett Gillis,2022,283.0,164,69,,99.9,97500.0,244902.0,157200.0,259972.0
Chris Villaman,2022,284.0,165,81,219.0,99.9,325000.0,340184.0,157000.0,278829.0
Brett Johnson,2022,288.0,166,274,,99.7,55000.0,56808.0,155500.0,142717.0
Josh Hatcher,2022,289.0,167,151,,99.9,1000.0,5449.0,155300.0,160853.0
Tanner Tredaway,2022,290.0,168,169,,99.8,47500.0,99327.0,155000.0,173404.0
Murphy Stehly,2022,291.0,169,72,,99.6,10000.0,20160.0,154800.0,237387.0
Cade Gibson,2022,292.0,170,164,,71.4,12500.0,20856.0,154600.0,175465.0
Dalton Shuffield,2022,294.0,171,76,,99.5,20000.0,18875.0,153800.0,176414.0
Levi Usher,2022,295.0,172,292,,94.3,72500.0,107018.0,153600.0,160625.0
Zach Agnos,2022,296.0,173,134,,99.1,165000.0,203742.0,153200.0,184433.0
Trevin Michael,2022,297.0,174,95,,99.8,50000.0,52380.0,153000.0,192012.0
Matt Coutney,2022,298.0,175,138,,99.5,7500.0,51755.0,152800.0,203414.0
Jackson Smeltz,2022,300.0,176,117,,99.7,25000.0,30965.0,152200.0,178557.0
Brock Rodden,2022,304.0,177,199,,99.2,,100747.0,151300.0,176523.0
Andrew Keck,2022,305.0,178,244,,98.8,2500.0,30447.0,151000.0,173341.0
Ian Churchill,2022,308.0,179,205,,82.0,7500.0,17489.0,150400.0,177848.0
Isaac Coffey,2022,309.0,180,262,,96.9,7500.0,15963.0,150000.0,155949.0
Tim Elko,2022,311.0,181,120,,99.6,35000.0,30096.0,149600.0,196420.0
Cade Halemanu,2022,314.0,182,207,,98.8,122500.0,168136.0,149600.0,214861.0
John Michael Bertrand,2022,316.0,183,54,,99.2,47500.0,58237.0,149500.0,235712.0
Spencer Giesting,2022,318.0,184,47,,99.8,400000.0,375932.0,,526027.0
Alex Williams,2022,322.0,185,119,,100.0,125000.0,131522.0,,252742.0
Andrew Cossetti,2022,324.0,186,233,,91.6,125000.0,97431.0,,158125.0
David Sandlin,2022,325.0,187,92,206.0,99.7,400000.0,396765.0,,441139.0
Carson Skipper,2022,326.0,188,229,,99.9,100000.0,138683.0,,201948.0
Joe Miller,2022,327.0,189,228,,99.8,125000.0,89299.0,,176858.0
Rhylan Thomas,2022,329.0,190,259,,99.5,180000.0,149086.0,,233743.0
Ian Mejia,2022,335.0,191,250,,96.9,100000.0,92031.0,,187780.0
Marcelo Perez,2022,336.0,192,279,,98.3,125000.0,111671.0,,201363.0
Nathan Church,2022,337.0,193,190,,95.0,125000.0,145028.0,,312367.0
Pat Gallagher,2022,338.0,194,166,,99.8,125000.0,88143.0,,166696.0
Jacob Burke,2022,341.0,195,42,,99.7,225000.0,351118.0,,535698.0
Kyle Nevin,2022,345.0,196,107,,93.6,397500.0,324969.0,,432542.0
Bradley Brehmer,2022,347.0,197,204,,99.0,125000.0,118107.0,,228353.0
Cole Kirschsieper,2022,352.0,198,150,,99.7,125000.0,149655.0,,362575.0
Nate Baez,2022,354.0,199,253,236.0,99.1,125000.0,198802.0,,371426.0
Jack Pineda,2022,355.0,200,246,,99.7,147500.0,158810.0,,228344.0
Caleb Franzen,2022,356.0,201,189,,97.7,125000.0,166392.0,,194709.0
Justin Janas,2022,365.0,202,73,,91.5,125000.0,244869.0,,529791.0
Brooks Baldwin,2022,371.0,203,125,,98.9,125000.0,167230.0,,455968.0
Zach Dezenzo,2022,373.0,204,231,,99.3,125000.0,76070.0,,200844.0
Jacob Meador,2022,375.0,205,105,,100.0,125000.0,201966.0,,311540.0
Eli Saul,2022,378.0,206,287,,96.4,125000.0,142545.0,,313750.0
Marquis Grissom Jr.,2022,381.0,207,221,,95.9,125000.0,193384.0,,292838.0
Ryan Ramsey,2022,385.0,208,123,,99.4,125000.0,140660.0,,430543.0
Graham Pauley,2022,390.0,209,41,,99.7,125000.0,308720.0,,797166.0
Tyresse Turner,2022,391.0,210,196,,99.8,125000.0,168675.0,,252572.0
Cade Fergus,2022,392.0,211,263,,95.6,125000.0,125281.0,,256068.0
Johnathan Harmon,2022,393.0,212,276,,97.3,125000.0,120678.0,,234987.0
Chandler Arnold,2022,397.0,213,256,,98.3,175000.0,106612.0,,187289.0
Bo Bonds,2022,398.0,214,55,,99.5,125000.0,213108.0,,538885.0
Mason Adams,2022,401.0,215,175,,99.6,75000.0,98044.0,,269639.0
Jackson Loftin,2022,403.0,216,171,,99.1,125000.0,107551.0,,184833.0
Chris Newell,2022,405.0,217,192,190.0,99.5,147500.0,289189.0,,455268.0
Thomas Gavello,2022,406.0,218,267,,96.3,125000.0,119147.0,,256568.0
Adam Retzbach,2022,407.0,219,237,,96.5,125000.0,133507.0,,319865.0
Kevin Graham,2022,408.0,220,243,,99.3,125000.0,121606.0,,171860.0
Cortland Lawson,2022,411.0,221,283,,99.0,125000.0,123502.0,,265679.0
Torin Montgomery,2022,412.0,222,99,,99.9,75000.0,217525.0,,455794.0
Ben Sears,2022,415.0,223,254,,96.7,125000.0,92767.0,,220421.0
Joe Adametz,2022,417.0,224,195,,99.2,130000.0,88943.0,,209047.0
Cameron Foster,2022,419.0,225,157,,99.4,40000.0,40427.0,,294011.0
Tyler Robertson,2022,420.0,226,284,,96.4,125000.0,95584.0,,260511.0
Pres Cavenaugh,2022,421.0,227,202,,98.5,125000.0,171749.0,,394791.0
Jared Lyons,2022,423.0,228,295,,97.9,100000.0,121840.0,,265874.0
Aidan Maldonado,2022,432.0,229,230,,99.8,125000.0,102968.0,,213566.0
Tommy Sacco Jr.,2022,433.0,230,113,,99.5,125000.0,62098.0,,258375.0
Roel Garcia III,2022,434.0,231,226,,96.1,50000.0,56208.0,,209521.0
Joshua Day,2022,438.0,232,234,,99.6,125000.0,128595.0,,214713.0
Josiah Sightler,2022,440.0,233,236,,97.9,125000.0,114629.0,,230221.0
Kyle Luckham,2022,441.0,234,264,,99.1,125000.0,110884.0,,231287.0
Ike Buxton,2022,442.0,235,251,,67.1,100000.0,140788.0,,282250.0
Javier Vaz,2022,445.0,236,106,,99.8,125000.0,224765.0,,593015.0
Patrick Pridgen,2022,447.0,237,145,,99.0,125000.0,105326.0,,304350.0
Bryce Osmond,2022,448.0,238,108,163.0,100.0,129500.0,232756.0,,319945.0
Adam Tulloch,2022,451.0,239,182,,99.9,125000.0,215744.0,,305919.0
Troy Schreffler Jr.,2022,452.0,240,152,,97.9,125000.0,209793.0,,413736.0
Blake Rambusch,2022,456.0,241,235,,99.7,125000.0,115829.0,,182563.0
Michael Turconi,2022,458.0,242,114,,99.2,75000.0,57041.0,,357351.0
Nathan Landry,2022,459.0,243,141,,99.3,112500.0,78762.0,,236987.0
Billy Seidl,2022,461.0,244,242,,99.1,100000.0,117599.0,,221232.0
Joey Mancini,2022,463.0,245,215,,99.7,125000.0,184289.0,,293879.0
Tanner O'Tremba,2022,466.0,246,208,,99.8,75000.0,131626.0,,412690.0
Graham Firoved,2022,467.0,247,275,,99.0,80000.0,104856.0,,277353.0
Brett Roberts,2022,472.0,248,136,,99.7,100000.0,232558.0,,501113.0
Casey Dana,2022,478.0,249,258,,98.1,125000.0,54015.0,,126507.0
Jimmy Loper,2022,479.0,250,261,,99.8,125000.0,127505.0,,261870.0
Blaze Pontes,2022,484.0,251,217,,99.7,75000.0,99111.0,,238507.0
E.J. Exposito,2022,485.0,252,168,,95.7,100000.0,151570.0,,442812.0
Jacob McNairy,2022,486.0,253,155,,98.3,,127831.0,,257767.0
Hunter Hayes,2022,487.0,254,289,,95.3,100000.0,125983.0,,246963.0
Shane Gray,2022,490.0,255,153,,98.8,125000.0,99288.0,,243695.0
Tristan Stivors,2022,491.0,256,147,,99.9,75000.0,56970.0,,239367.0
Tim Borden II,2022,493.0,257,186,,99.3,50000.0,86876.0,,189599.0
Kamren James,2022,494.0,258,172,,99.9,125000.0,139381.0,,262028.0
Carter Young,2022,497.0,259,248,237.0,95.5,1325000.0,360341.0,,371166.0
Logan Clayton,2022,498.0,260,285,,97.4,100000.0,105859.0,,234481.0
Jaycob Deese,2022,500.0,261,282,,99.0,80000.0,100076.0,,255025.0
Blake Klassen,2022,501.0,262,222,,98.7,125000.0,136476.0,,266832.0
Andy Garriola,2022,503.0,263,144,,98.3,50000.0,74925.0,,269064.0
Alec Sayre,2022,504.0,264,212,,99.0,100000.0,115401.0,,258991.0
Chazz Martinez,2022,505.0,265,225,,99.6,125000.0,122270.0,,174552.0
Cole Patten,2022,507.0,266,268,,79.6,35000.0,52727.0,,205406.0
Connor Brandon,2022,509.0,267,249,,96.1,200000.0,165186.0,,266739.0
Jake Garland,2022,514.0,268,188,,97.1,100000.0,172444.0,,311644.0
Stefan Raeth,2022,516.0,269,100,,99.9,50000.0,149897.0,,349903.0
Brody Moore,2022,517.0,270,187,,99.2,50000.0,163646.0,,598171.0
Justin Bench,2022,526.0,271,216,,99.8,100000.0,150110.0,,191448.0
Elijah Birdsong,2022,530.0,272,286,,96.0,100000.0,80258.0,,161428.0
Brad Lord,2022,531.0,273,260,,96.1,125000.0,111202.0,,197565.0
Braylen Wimmer,2022,542.0,274,160,,99.0,,391720.0,,493957.0
Brandon Schaeffer,2022,546.0,275,206,,99.6,100000.0,140184.0,,227517.0
John Lynch,2022,547.0,276,247,,99.7,125000.0,127442.0,,288928.0
Sebastian Keane,2022,550.0,277,280,,97.4,125000.0,141766.0,,250818.0
Bryce Willits,2022,551.0,278,296,,76.1,40000.0,52309.0,,143953.0
Alden Mathes,2022,557.0,279,278,,90.6,,148750.0,,340618.0
Carmine Lane,2022,562.0,280,227,,98.6,75000.0,133996.0,,290034.0
Garrett McMillan,2022,564.0,281,40,,99.6,,383620.0,,491500.0
Skyler Messinger,2022,566.0,282,269,,98.5,20000.0,19471.0,,229716.0
Luke Franzoni,2022,568.0,283,209,,98.8,75000.0,73390.0,,225861.0
Curtis Washington Jr.,2022,576.0,284,291,,95.2,50000.0,47610.0,,147880.0
Chris Rotondo,2022,577.0,285,200,,99.6,25000.0,24235.0,,201835.0
John Garcia,2022,583.0,286,281,,98.0,75000.0,85504.0,,403381.0
Quinn Mathews,2022,584.0,287,51,187.0,100.0,,428221.0,,438658.0
Reese Sharp,2022,587.0,288,167,,99.6,125000.0,177036.0,,308417.0
Joshua Loeschorn,2022,590.0,289,238,,98.3,25000.0,30044.0,,206697.0
Brendan Tinsman,2022,598.0,290,83,,99.6,25000.0,104575.0,,423035.0
Joseph Menefee,2022,603.0,291,197,,99.9,125000.0,146003.0,,225300.0
Keshawn Ogans,2022,605.0,292,252,,96.3,125000.0,173390.0,,423976.0
Nick Zona,2022,606.0,293,294,,91.7,5000.0,19035.0,,163572.0
Noah Hall,2022,612.0,294,89,,99.9,,340975.0,,414096.0
Ryan Wrobleski,2022,613.0,295,255,,97.7,30000.0,62826.0,,209794.0
Ethan Long,2022,616.0,296,271,232.0,97.3,,196747.0,,317496.0
Paul Skenes,2023,1.0,1,1,1.0,100.0,9200000.0,5525799.0,9721000.0,7605688.0
Dylan Crews,2023,2.0,2,4,2.0,99.9,9000000.0,5629135.0,8998500.0,8493178.0
Wyatt Langford,2023,4.0,3,2,3.0,99.9,8000000.0,6362200.0,7698000.0,7222324.0
Jacob Wilson,2023,6.0,4,85,10.0,98.7,5500000.0,1659311.0,6634000.0,3072641.0
Rhett Lowder,2023,7.0,5,15,6.0,99.9,5700000.0,2861387.0,6275200.0,3732886.0
Chase Dollander,2023,9.0,6,17,9.0,99.7,5716900.0,2019843.0,5716900.0,2915898.0
Nolan Schanuel,2023,11.0,7,49,26.0,100.0,5253000.0,3855216.0,5253000.0,3949197.0
Tommy Troy,2023,12.0,8,18,17.0,100.0,4400000.0,2010436.0,5043800.0,2872534.0
Matt Shaw,2023,13.0,9,31,16.0,99.6,4848500.0,1772062.0,4848500.0,2899485.0
Kyle Teel,2023,14.0,10,7,7.0,99.9,4000000.0,2517209.0,4663100.0,2605462.0
Jacob Gonzalez,2023,15.0,11,48,18.0,99.9,3900000.0,1222987.0,4488600.0,2310328.0
Enrique Bradfield Jr.,2023,17.0,12,65,21.0,99.8,4169700.0,1017616.0,4169700.0,1804898.0
Brock Wilken,2023,18.0,13,3,25.0,99.8,3150000.0,2868707.0,4021400.0,4292704.0
Brayden Taylor,2023,19.0,14,8,15.0,99.9,3877600.0,1448155.0,3880100.0,2239884.0
Chase Davis,2023,21.0,15,37,22.0,99.9,3618200.0,2222171.0,3618200.0,2398429.0
Hurston Waldrep,2023,24.0,16,12,19.0,99.9,2997500.0,3391675.0,3270500.0,3185157.0
Ty Floyd,2023,38.0,17,19,58.0,100.0,2097500.0,1538322.0,2255100.0,1955568.0
Yohandy Morales,2023,40.0,18,14,20.0,99.9,2600000.0,1790624.0,2144700.0,1630764.0
Ryan Lasko,2023,41.0,19,36,89.0,99.5,1700000.0,762039.0,2094900.0,1488536.0
Mitch Jebb,2023,42.0,20,117,46.0,98.1,1650000.0,579190.0,2045900.0,1132284.0
Sean Sullivan,2023,46.0,21,22,123.0,99.2,1700000.0,1648029.0,1868400.0,1911889.0
Kemp Alderman,2023,47.0,22,21,55.0,98.8,1400000.0,1334016.0,1825300.0,1620498.0
Luke Keaschall,2023,49.0,23,20,90.0,98.7,1500000.0,1281376.0,1741500.0,1608979.0
Mac Horvath,2023,53.0,24,6,82.0,99.9,1400000.0,1706490.0,1582900.0,1547719.0
Mike Boeve,2023,54.0,25,113,81.0,98.2,1250000.0,768610.0,1546100.0,1334589.0
Colton Ledbetter,2023,55.0,26,53,49.0,99.9,1297500.0,992373.0,1509800.0,1289751.0
Brandon Sproat,2023,56.0,27,92,54.0,99.9,1474500.0,586482.0,1474500.0,1151046.0
Ben Williamson,2023,57.0,28,88,,99.9,600000.0,527348.0,1436500.0,1095514.0
Drue Hackenberg,2023,59.0,29,45,200.0,100.0,1997500.0,837638.0,1369300.0,1029683.0
Jake Gelof,2023,60.0,30,11,35.0,99.7,1334400.0,1953329.0,1336900.0,1461682.0
Jackson Baumeister,2023,63.0,31,34,167.0,99.9,1605100.0,1025758.0,1243300.0,972954.0
Caden Grice,2023,64.0,32,33,118.0,99.9,1250000.0,999530.0,1213200.0,1051682.0
Cole Carrigg,2023,65.0,33,249,47.0,94.3,1300000.0,401476.0,1184100.0,764998.0
Carson Roccaforte,2023,66.0,34,64,129.0,99.5,897500.0,373181.0,1158900.0,608446.0
Joe Whitman,2023,69.0,35,47,37.0,99.5,805575.0,548972.0,1074100.0,778766.0
Cade Kuehler,2023,70.0,36,57,59.0,99.9,1045000.0,488593.0,1047500.0,846334.0
Garret Forrester,2023,73.0,37,25,116.0,99.3,772500.0,577818.0,990300.0,794857.0
Hunter Hollan,2023,74.0,38,109,100.0,99.9,597500.0,361635.0,975100.0,643362.0
Jack Mahoney,2023,77.0,39,52,120.0,99.9,925000.0,482709.0,930600.0,778930.0
Brock Vradenburg,2023,78.0,40,72,117.0,100.0,916000.0,898091.0,916000.0,1426064.0
Alberto Rios,2023,79.0,41,13,113.0,99.9,847500.0,1659074.0,901500.0,1424840.0
Jack Hurley,2023,80.0,42,94,36.0,99.8,887000.0,619835.0,887000.0,841914.0
Josh Rivera,2023,81.0,43,71,87.0,99.9,725000.0,412886.0,872400.0,832464.0
Seth Keener,2023,84.0,44,32,108.0,100.0,800000.0,934934.0,833900.0,933322.0
Cole Foster,2023,85.0,45,105,95.0,99.8,747500.0,429366.0,820900.0,575450.0
Kiefer Lord,2023,86.0,46,194,127.0,99.6,760000.0,238196.0,808200.0,418776.0
Tre' Morgan,2023,88.0,47,26,137.0,96.1,781300.0,798907.0,783800.0,885660.0
Juaron Watts-Brown,2023,89.0,48,28,67.0,100.0,1002785.0,812808.0,771500.0,750995.0
Travis Honeyman,2023,90.0,49,102,61.0,99.1,700000.0,520132.0,759600.0,803336.0
C.J. Kayfus,2023,93.0,50,16,,99.9,700000.0,774674.0,725300.0,758304.0
Sabin Ceballos,2023,94.0,51,59,152.0,98.2,597500.0,640140.0,714100.0,773732.0
Jake Bloss,2023,99.0,52,99,178.0,99.9,497500.0,300022.0,678500.0,435861.0
Tavian Josenberger,2023,100.0,53,70,156.0,99.8,603000.0,361609.0,671800.0,516284.0
Andrew Pinckney,2023,102.0,54,106,216.0,99.6,500000.0,241652.0,660000.0,411424.0
Hunter Owen,2023,106.0,55,43,56.0,99.9,631700.0,565758.0,634200.0,608443.0
Skylar Hales,2023,108.0,56,170,,99.2,565000.0,251404.0,621700.0,378841.0
Isaiah Coupet,2023,109.0,57,68,189.0,97.8,600000.0,448026.0,615500.0,495128.0
Joe Redfield,2023,111.0,58,96,,99.8,472500.0,488901.0,603600.0,661998.0
Will Sanders,2023,113.0,59,55,135.0,100.0,600000.0,467768.0,591800.0,569679.0
Tanner Hall,2023,114.0,60,27,92.0,99.9,510000.0,554238.0,586000.0,619350.0
Calvin Harris,2023,116.0,61,54,133.0,100.0,600000.0,588542.0,574600.0,720347.0
Maui Ahuna,2023,117.0,62,237,48.0,97.5,497500.0,418495.0,569100.0,547358.0
Levi Wells,2023,118.0,63,80,96.0,99.9,500000.0,383439.0,563600.0,522791.0
Hunter Haas,2023,120.0,64,41,188.0,99.8,534000.0,627164.0,552500.0,672761.0
Quinn Mathews,2023,122.0,65,143,86.0,100.0,600000.0,465105.0,541700.0,479390.0
Wyatt Hudepohl,2023,123.0,66,23,,99.9,500000.0,517830.0,536500.0,611303.0
Cooper Ingle,2023,125.0,67,61,232.0,99.8,400000.0,425751.0,526200.0,585915.0
Homer Bush Jr.,2023,128.0,68,38,94.0,98.9,511600.0,550177.0,511600.0,594169.0
Roc Riggio,2023,129.0,69,9,130.0,99.7,693000.0,1260184.0,506800.0,842659.0
Cam Fisher,2023,131.0,70,79,210.0,99.8,497500.0,288301.0,497600.0,463436.0
Kristian Campbell,2023,132.0,71,46,,99.7,492700.0,532994.0,492700.0,659232.0
Austin Troesser,2023,135.0,72,166,,99.8,350000.0,300011.0,478200.0,394289.0
Dylan Campbell,2023,136.0,73,10,171.0,99.9,497500.0,724454.0,473700.0,659954.0
Eriq Swan,2023,137.0,74,253,240.0,99.4,466500.0,199107.0,469000.0,307166.0
Marcus Brown,2023,138.0,75,244,,63.8,350000.0,246797.0,464400.0,371052.0
Nathan Dettmer,2023,139.0,76,171,198.0,99.4,425000.0,295270.0,459800.0,397845.0
Connor Burns,2023,141.0,77,188,169.0,96.2,448600.0,205623.0,451100.0,401600.0
Spencer Nivens,2023,142.0,78,62,119.0,99.8,472500.0,348324.0,446700.0,463872.0
Jaden Hamm,2023,143.0,79,165,218.0,99.5,397500.0,251816.0,442200.0,367310.0
Alejandro Rosario,2023,144.0,80,69,212.0,99.9,437900.0,402265.0,437900.0,443186.0
Andrew Lindsey,2023,146.0,81,120,172.0,99.0,340000.0,165715.0,429400.0,426596.0
Chris Clark,2023,147.0,82,131,,98.3,318825.0,285702.0,425100.0,367052.0
Kevin Sim,2023,148.0,83,154,180.0,98.9,375000.0,230676.0,421100.0,489820.0
Connelly Early,2023,151.0,84,35,,100.0,408500.0,726306.0,408500.0,506574.0
Quinn McDaniel,2023,153.0,85,90,,99.4,300450.0,366624.0,400600.0,465573.0
Jake Cunningham,2023,154.0,86,258,147.0,93.5,375000.0,228890.0,396700.0,329251.0
Connor O'Halloran,2023,157.0,87,91,164.0,98.7,337500.0,313815.0,385000.0,425070.0
Zach Levenson,2023,158.0,88,77,204.0,99.7,381300.0,402769.0,381300.0,427166.0
Zach Thornton,2023,159.0,89,111,165.0,96.9,350000.0,203984.0,378000.0,336566.0
Brock Rodden,2023,160.0,90,83,,99.2,200000.0,103549.0,374400.0,385060.0
Christian Knapczyk,2023,161.0,91,104,157.0,99.0,385000.0,340358.0,371000.0,457200.0
Joe Vetrano,2023,163.0,92,44,186.0,99.6,397500.0,500443.0,364400.0,468188.0
Gavin Dugas,2023,165.0,93,123,,97.3,20000.0,29636.0,357500.0,347754.0
Jonah Cox,2023,166.0,94,66,161.0,99.7,300000.0,267648.0,354500.0,399959.0
Ethan O'Donnell,2023,168.0,95,29,153.0,99.7,307500.0,531932.0,348400.0,536908.0
Coleman Picard,2023,169.0,96,146,195.0,99.6,343000.0,243401.0,345500.0,306983.0
Bennett Lee,2023,170.0,97,115,,99.4,297500.0,255018.0,342400.0,343841.0
Cade Denton,2023,172.0,98,135,184.0,99.7,500000.0,397558.0,336700.0,329409.0
Jake DeLeo,2023,173.0,99,182,,99.9,300000.0,163137.0,333900.0,263263.0
Lucas Gordon,2023,179.0,100,58,,99.9,300000.0,319821.0,317400.0,376561.0
Luke Shliger,2023,180.0,101,40,170.0,99.7,272500.0,354381.0,314800.0,418863.0
T.J. Nichols,2023,183.0,102,298,,97.8,304800.0,209077.0,307300.0,323156.0
Jace Bohrofen,2023,184.0,103,82,66.0,99.8,302200.0,506416.0,304700.0,403828.0
Jason Savacool,2023,185.0,104,175,199.0,99.7,302300.0,229178.0,302300.0,377120.0
Jack Wenninger,2023,186.0,105,217,,99.9,225000.0,171133.0,299800.0,281478.0
Brody Hopkins,2023,187.0,106,279,,96.0,225000.0,165934.0,297400.0,274144.0
Tommy Hawke,2023,188.0,107,39,238.0,93.5,295000.0,431263.0,295000.0,393592.0
Lucas Braun,2023,189.0,108,147,,99.6,347500.0,220748.0,292700.0,314312.0
Jay Beshears,2023,191.0,109,24,,100.0,250000.0,446263.0,287700.0,379944.0
Cade Smith,2023,192.0,110,219,,97.4,282900.0,269117.0,285400.0,317036.0
George Klassen,2023,193.0,111,271,190.0,94.9,297500.0,192846.0,282900.0,258459.0
Ryan Snell,2023,195.0,112,136,,98.7,20000.0,26548.0,278400.0,241357.0
Nate Nankil,2023,196.0,113,213,,95.5,300000.0,200374.0,276100.0,271181.0
Jaden Woods,2023,197.0,114,159,236.0,99.8,271300.0,313710.0,273800.0,319050.0
Dominic Pitelli,2023,198.0,115,108,,99.7,222500.0,311806.0,271600.0,313242.0
Trevor Werner,2023,199.0,116,247,,99.1,350000.0,142433.0,269200.0,215281.0
John Peck,2023,200.0,117,243,243.0,89.1,222500.0,178751.0,267000.0,280341.0
Cole Fontenelle,2023,204.0,118,5,,99.9,256400.0,1017090.0,258900.0,577921.0
Caden Rose,2023,208.0,119,195,,97.8,150000.0,215865.0,250300.0,333124.0
Scott Bandura,2023,210.0,120,201,,94.9,197500.0,204043.0,246500.0,298120.0
Owen Wild,2023,213.0,121,144,231.0,96.4,238100.0,260365.0,240600.0,325741.0
Ty Cummings,2023,217.0,122,223,,98.6,225000.0,162875.0,232900.0,244025.0
Alex Mooney,2023,218.0,123,30,114.0,99.8,1000000.0,797357.0,231300.0,369521.0
Patrick Copen,2023,220.0,124,162,,99.8,225500.0,209487.0,228000.0,245455.0
Kiko Romero,2023,222.0,125,164,,99.6,197500.0,155198.0,224700.0,245811.0
Jake Eddington,2023,223.0,126,257,,98.7,222500.0,126793.0,222900.0,203776.0
Joey Dixon,2023,224.0,127,97,,99.9,218800.0,242032.0,221300.0,229257.0
Jackson Finley,2023,226.0,128,301,,97.0,180000.0,138715.0,218300.0,201453.0
Austin Strickland,2023,227.0,129,181,,99.8,197500.0,230393.0,216900.0,330716.0
Carter Graham,2023,228.0,130,60,221.0,99.9,212900.0,318484.0,215400.0,227341.0
Dustin Dickerson,2023,229.0,131,98,,99.9,197500.0,161556.0,213500.0,216050.0
Julian Brock,2023,231.0,132,240,122.0,98.5,255000.0,152562.0,210600.0,253494.0
Braylen Wimmer,2023,232.0,133,211,,99.7,157050.0,163813.0,209400.0,239074.0
Jackson Feltner,2023,235.0,134,129,,99.8,175000.0,212702.0,204900.0,260201.0
Brett Bateman,2023,236.0,135,107,,96.1,180000.0,210264.0,203600.0,320289.0
Jace Stoffal,2023,237.0,136,138,,96.6,150000.0,148445.0,202200.0,228984.0
Trennor O'Donnell,2023,238.0,137,157,,99.5,50000.0,60862.0,201000.0,182865.0
Eddie Park,2023,239.0,138,56,,99.8,200000.0,312356.0,199900.0,277479.0
Braxton Bragg,2023,241.0,139,160,,99.8,100000.0,84034.0,197800.0,213085.0
Drew Dowd,2023,243.0,140,202,,99.9,397500.0,281075.0,195800.0,220533.0
Braden Barry,2023,244.0,141,74,,66.9,147500.0,238647.0,194600.0,256124.0
Ryan Hawks,2023,247.0,142,152,,99.9,75000.0,86794.0,191900.0,203470.0
Jonah Advincula,2023,248.0,143,116,,99.9,150000.0,135948.0,191100.0,249391.0
Cory Wall,2023,249.0,144,262,,97.7,47500.0,44025.0,190300.0,201427.0
Nicholas Judice,2023,252.0,145,216,175.0,96.9,185500.0,113534.0,188000.0,182847.0
Bryson Ware,2023,253.0,146,176,,99.9,152500.0,151454.0,187100.0,229591.0
Ryan Johnson,2023,254.0,147,228,,98.7,97500.0,69839.0,186500.0,182624.0
Logan Van Treeck,2023,258.0,148,100,227.0,99.9,122500.0,116587.0,183900.0,193289.0
Hayden Minton,2023,260.0,149,199,,99.7,162500.0,130931.0,182600.0,213240.0
Ben McCabe,2023,262.0,150,245,,99.1,150000.0,36437.0,181600.0,168508.0
Colby Shade,2023,263.0,151,119,,99.4,180900.0,219221.0,180900.0,212977.0
Jack Dougherty,2023,267.0,152,137,,99.7,160000.0,260962.0,179000.0,280834.0
Blake Wehunt,2023,268.0,153,179,,99.6,100000.0,82343.0,178600.0,188147.0
Jake Peppers,2023,269.0,154,293,187.0,97.9,178000.0,121195.0,178000.0,185486.0
Charlie Szykowny,2023,270.0,155,218,,97.8,47500.0,27432.0,177500.0,163774.0
Zach Fruit,2023,271.0,156,210,,99.4,40000.0,38341.0,177100.0,171538.0
Mark Manfredi,2023,272.0,157,203,,95.5,27500.0,25472.0,176700.0,181398.0
Dalton Fowler,2023,273.0,158,141,,98.6,22500.0,37788.0,176200.0,202032.0
Nick Lorusso,2023,276.0,159,148,,99.7,50000.0,88948.0,175100.0,244016.0
RJ Schreck,2023,277.0,160,93,,100.0,75000.0,175997.0,174800.0,222786.0
Jay Driver,2023,278.0,161,232,241.0,58.9,151000.0,158608.0,174300.0,231129.0
Riley Gowens,2023,279.0,162,185,,99.1,47500.0,37639.0,173800.0,180697.0
Ryan Wilson,2023,281.0,163,168,,99.3,125000.0,176400.0,173400.0,235453.0
Jared Wegner,2023,282.0,164,172,,99.2,72500.0,46709.0,173100.0,200777.0
Avery Owusu-Asiedu,2023,283.0,165,191,,95.5,147500.0,152774.0,172700.0,244961.0
Jeron Williams,2023,284.0,166,208,,99.8,147500.0,94194.0,172500.0,162270.0
Phillip Glasser,2023,285.0,167,101,,99.3,20000.0,22598.0,172100.0,188901.0
Landon Tomkins,2023,287.0,168,297,,97.1,15000.0,23259.0,171200.0,181530.0
Justin Johnson,2023,289.0,169,155,,99.6,57500.0,64675.0,170600.0,166260.0
Andrew Sears,2023,290.0,170,132,,97.9,167800.0,226718.0,170300.0,251693.0
Jace Kaminska,2023,292.0,171,227,,94.1,150000.0,140538.0,169900.0,231896.0
Xavier Meachem,2023,293.0,172,295,,95.4,169500.0,148952.0,169500.0,225395.0
Ross Dunn,2023,297.0,173,122,140.0,100.0,150000.0,251695.0,168100.0,251758.0
Matthew Etzel,2023,301.0,174,50,229.0,99.7,167000.0,248948.0,167000.0,217038.0
Caden Kendle,2023,305.0,175,134,,96.0,,208245.0,165900.0,183087.0
Christian Pregent,2023,306.0,176,282,,94.5,50000.0,37011.0,165800.0,145303.0
Jared Sundstrom,2023,307.0,177,252,,98.6,165500.0,112439.0,165500.0,173000.0
Pier-Olivier Boucher,2023,309.0,178,234,,97.2,1000.0,4186.0,164800.0,160864.0
Sam Mongelli,2023,310.0,179,184,,99.6,47500.0,63890.0,164600.0,180995.0
Nik McClaughry,2023,311.0,180,187,,95.5,25000.0,23894.0,164400.0,199661.0
Cam Brown,2023,313.0,181,149,191.0,99.6,154500.0,194999.0,164400.0,218502.0
Austin Deming,2023,314.0,182,241,,97.7,7500.0,10752.0,164400.0,181237.0
Jack Moss,2023,318.0,183,76,,99.1,150000.0,284331.0,,556027.0
Jared Dickey,2023,319.0,184,51,115.0,99.8,572500.0,570296.0,,907063.0
Jim Jarvis,2023,320.0,185,130,,98.9,175000.0,182951.0,,346330.0
Stu Flesland III,2023,322.0,186,225,,99.1,150000.0,101529.0,,291515.0
Casey Anderson,2023,325.0,187,207,,99.3,150000.0,124102.0,,237312.0
Ty Langenberg,2023,327.0,188,112,,99.8,150000.0,189348.0,,329824.0
Rikuu Nishida,2023,329.0,189,142,,99.8,170000.0,159036.0,,251467.0
Jack Payton,2023,330.0,190,95,148.0,99.8,175000.0,286472.0,,798378.0
Nestor German,2023,331.0,191,276,,98.8,150000.0,146100.0,,248371.0
Grant Rogers,2023,334.0,192,193,,99.4,150000.0,106250.0,,266518.0
Dakota Harris,2023,335.0,193,224,,95.1,150000.0,199103.0,,390619.0
Johnny Tincher,2023,338.0,194,198,,99.2,150000.0,172879.0,,344928.0
Jace Grady,2023,339.0,195,140,,99.9,150000.0,123647.0,,221330.0
Carson Montgomery,2023,341.0,196,268,211.0,95.8,200000.0,267177.0,,352977.0
Josh Grosz,2023,342.0,197,128,230.0,97.4,150000.0,179528.0,,314986.0
Travis Sthele,2023,345.0,198,174,,99.9,150000.0,223535.0,,260193.0
Cole Conn,2023,346.0,199,196,,95.5,150000.0,159459.0,,291180.0
Khristian Curtis,2023,347.0,200,275,197.0,99.1,497500.0,221628.0,,255932.0
Simon Miller,2023,348.0,201,291,,97.5,150000.0,119503.0,,279256.0
Paul Bonzagni,2023,351.0,202,266,,96.6,150000.0,130251.0,,255252.0
Josh Ekness,2023,353.0,203,250,,96.4,150000.0,151459.0,,235705.0
Sam Brown,2023,354.0,204,42,,99.9,150000.0,329514.0,,954849.0
Paulshawn Pasqualotto,2023,357.0,205,286,248.0,97.8,150000.0,113079.0,,310718.0
Max Carlson,2023,358.0,206,169,,99.8,150000.0,236945.0,,370820.0
Timmy Manning,2023,360.0,207,178,,100.0,150000.0,228767.0,,243767.0
Chandler Murphy,2023,363.0,208,263,,99.5,150000.0,141896.0,,265571.0
Brayden Jobert,2023,365.0,209,285,,85.7,150000.0,147422.0,,333057.0
Logan Evans,2023,367.0,210,296,,83.2,100000.0,128089.0,,202230.0
Liam Sullivan,2023,375.0,211,103,,99.4,150000.0,295383.0,,396812.0
Charles McAdoo,2023,377.0,212,209,,98.4,150000.0,146009.0,,260719.0
Cody Adcock,2023,378.0,213,261,,93.8,150000.0,233249.0,,380265.0
Ethan Bosacker,2023,379.0,214,156,,99.5,150000.0,94133.0,,241680.0
Brett Callahan,2023,380.0,215,186,,99.3,197500.0,221834.0,,599974.0
Caleb Hobson,2023,382.0,216,284,,1.3,150000.0,121318.0,,270597.0
Caleb Hobson,2023,382.0,216,256,,1.3,150000.0,121318.0,,270597.0
Caleb Hobson,2023,382.0,217,284,,91.4,150000.0,112375.0,,139903.0
Caleb Hobson,2023,382.0,217,256,,91.4,150000.0,112375.0,,139903.0
Colson Lawrence,2023,383.0,218,242,,94.2,150000.0,185261.0,,392559.0
Sam Armstrong,2023,386.0,219,269,,99.2,135000.0,109841.0,,211252.0
Jeremy Lee,2023,387.0,220,233,,99.2,150000.0,170905.0,,264313.0
Cade Feeney,2023,388.0,221,197,,98.4,150000.0,114145.0,,277881.0
Ryan Galanie,2023,389.0,222,125,,99.7,150000.0,103176.0,,249831.0
Riley Cooper,2023,391.0,223,133,,99.4,150000.0,236011.0,,451522.0
Brett Wichrowski,2023,392.0,224,192,,73.3,100000.0,162256.0,,262093.0
Bryan Broecker,2023,393.0,225,204,,94.5,150000.0,211380.0,,599180.0
Brennan Orf,2023,394.0,226,86,,100.0,150000.0,251526.0,,496930.0
William Sullivan,2023,395.0,227,246,,99.7,150000.0,117033.0,,154579.0
Elijah Dale,2023,397.0,228,260,,98.5,125000.0,113203.0,,257834.0
Alex Makarewich,2023,400.0,229,215,,99.5,150000.0,146882.0,,274759.0
James Hicks,2023,404.0,230,214,,99.6,150000.0,113701.0,,263453.0
Elijah Nunez,2023,405.0,231,67,,96.8,150000.0,224843.0,,271492.0
Luke Mann,2023,406.0,232,153,,99.6,50000.0,38816.0,,272216.0
David Smith,2023,410.0,233,220,,98.1,150000.0,103335.0,,139195.0
Xander Hamilton,2023,417.0,234,110,,98.1,100000.0,180696.0,,326862.0
Edrick Felix,2023,419.0,235,139,,98.8,150000.0,155039.0,,573414.0
T.J. Fondtain,2023,423.0,236,267,,83.3,150000.0,111584.0,,238055.0
Zane Morehouse,2023,428.0,237,292,,99.0,150000.0,57021.0,,185648.0
Tyler Morgan,2023,431.0,238,230,,99.4,125000.0,91377.0,,187578.0
Zach Arnold,2023,433.0,239,231,,99.5,150000.0,99748.0,,146992.0
Jackson Nezuh,2023,434.0,240,87,,99.8,150000.0,285333.0,,509272.0
Mikey Tepper,2023,435.0,241,177,,99.7,150000.0,161526.0,,299683.0
Will Simpson,2023,436.0,242,121,,99.7,150000.0,246731.0,,538703.0
Caleb Ketchup,2023,444.0,243,75,,98.8,150000.0,216096.0,,514601.0
Ty Johnson,2023,446.0,244,248,,98.1,125000.0,143817.0,,223159.0
Spencer Bengard,2023,447.0,245,264,,96.9,100000.0,122672.0,,226514.0
Dylan Carmouche,2023,450.0,246,84,,99.1,150000.0,251386.0,,402217.0
Tre Richardson,2023,455.0,247,63,,99.4,150000.0,234434.0,,316225.0
Justin Lawson,2023,456.0,248,239,,99.8,125000.0,141873.0,,256579.0
Carson Jones,2023,457.0,249,236,,93.2,150000.0,139647.0,,218863.0
Jordan Thompson,2023,460.0,250,118,,99.2,197500.0,308502.0,,467779.0
Zac Addkison,2023,461.0,251,200,,99.5,150000.0,175998.0,,223925.0
Tomas Frick,2023,462.0,252,189,,99.4,150000.0,123320.0,,218104.0
Jared Thomas,2023,463.0,253,235,,97.6,100000.0,74686.0,,174234.0
Garret Guillemette,2023,464.0,254,126,,98.6,150000.0,216770.0,,300406.0
Austin Amaral,2023,465.0,255,145,,99.1,150000.0,161062.0,,297677.0
Justin Miknis,2023,467.0,256,299,,42.1,75000.0,45003.0,,136704.0
Austin Emener,2023,472.0,257,290,,98.0,150000.0,142922.0,,202304.0
Isaac Stebens,2023,478.0,258,114,,99.9,150000.0,251458.0,,334379.0
Weston Eberly,2023,479.0,259,288,,10.0,150000.0,70691.0,,163191.0
Justin Wishkoski,2023,480.0,260,254,,98.8,125000.0,98382.0,,194710.0
Cole Urman,2023,481.0,261,300,,92.3,150000.0,143770.0,,424330.0
Caleb Cali,2023,487.0,262,270,,98.3,150000.0,131129.0,,185890.0
Isaac Gallegos,2023,489.0,263,280,,37.1,100000.0,134157.0,,248488.0
Andrew Landry,2023,492.0,264,289,,96.7,150000.0,149620.0,,291346.0
Luke Russo,2023,493.0,265,158,,99.9,100000.0,113880.0,,200583.0
Colby Halter,2023,496.0,266,150,,47.6,125000.0,207599.0,,591325.0
Connor Oliver,2023,499.0,267,167,,99.4,100000.0,94276.0,,189793.0
Aidan Longwell,2023,502.0,268,73,,99.6,130000.0,197216.0,,529577.0
Logan Britt,2023,504.0,269,255,,99.6,150000.0,80309.0,,150273.0
Mikey Kane,2023,509.0,270,81,,98.7,150000.0,286522.0,,616604.0
Sam Kulasingam,2023,514.0,271,89,,99.8,,525853.0,,766221.0
Trey Paige,2023,515.0,272,173,,98.7,150000.0,126590.0,,172236.0
Jacob Sharp,2023,517.0,273,222,,98.8,150000.0,140053.0,,473636.0
Kade Kern,2023,519.0,274,124,,55.8,150000.0,201350.0,,347210.0
Eric Yost,2023,521.0,275,251,,96.0,150000.0,156378.0,,311478.0
Nate Rombach,2023,525.0,276,281,,98.8,150000.0,91962.0,,171539.0
Kalae Harrison,2023,527.0,277,161,,99.3,150000.0,216767.0,,587294.0
Brian Kalmer,2023,536.0,278,238,,99.0,50000.0,54607.0,,169627.0
Matt Jachec,2023,548.0,279,78,,99.6,50000.0,122125.0,,459446.0
Cam Magee,2023,549.0,280,273,,98.3,150000.0,165047.0,,505747.0
Harry Gustin,2023,551.0,281,283,,99.5,150000.0,146831.0,,252193.0
Coby Morales,2023,552.0,282,180,,98.1,150000.0,193321.0,,325169.0
Ethan Chenault,2023,553.0,283,277,,98.1,125000.0,108424.0,,207355.0
Derek Salata,2023,556.0,284,206,,98.5,,40242.0,,224549.0
Johnny Olmstead,2023,563.0,285,221,,99.4,25000.0,88557.0,,307084.0
Wyatt Crenshaw,2023,565.0,286,294,,94.0,5000.0,8044.0,,197949.0
Nick Dean,2023,566.0,287,287,,97.0,75000.0,75597.0,,191706.0
Caden Connor,2023,569.0,288,272,,98.9,100000.0,89450.0,,153733.0
Owen Stevenson,2023,573.0,289,274,,66.5,197500.0,170301.0,,233963.0
Graysen Tarlow,2023,575.0,290,205,,96.5,125000.0,150945.0,,427193.0
Charlie Pagliarini,2023,577.0,291,259,,96.0,,72038.0,,301729.0
Riley Frey,2023,579.0,292,229,,97.3,,123432.0,,228526.0
Diego Barrera,2023,586.0,293,163,,98.4,,54966.0,,299572.0
Peyton Stumbo,2023,587.0,294,278,,96.9,150000.0,138704.0,,236901.0
Ryan Ignoffo,2023,593.0,295,151,,99.7,75000.0,89477.0,,234004.0
Mac McCroskey,2023,594.0,296,226,,98.8,,15469.0,,185605.0
Drew Bowser,2023,596.0,297,212,,98.1,150000.0,202344.0,,259479.0
Kellum Clark,2023,606.0,298,265,,98.6,150000.0,136031.0,,190518.0
Will King,2023,609.0,299,183,,95.5,150000.0,162905.0,,420311.0
Pierce Bennett,2023,613.0,300,127,,99.3,100000.0,121431.0,,286068.0
Pascanel Ferreras,2023,614.0,301,190,,99.3,150000.0,151203.0,,337299.0
Travis Bazzana,2024,1.0,1,6,1.0,99.9,8950000.0,7058727.0,10570600.0,8888211.0
Chase Burns,2024,2.0,2,8,6.0,100.0,9250000.0,5023525.0,9785000.0,8208963.0
Charlie Condon,2024,3.0,3,11,2.0,99.7,9250000.0,4808990.0,9070800.0,5810682.0
Nick Kurtz,2024,4.0,4,9,7.0,100.0,7000000.0,5300615.0,8370800.0,7346133.0
Hagen Smith,2024,5.0,5,2,5.0,99.3,8000000.0,5043764.0,7763700.0,6109058.0
Jac Caglianone,2024,6.0,6,42,3.0,99.9,7500000.0,5549167.0,7213800.0,6168274.0
JJ Wetherholt,2024,7.0,7,57,4.0,99.7,6900000.0,1424962.0,6823700.0,3268352.0
Christian Moore,2024,8.0,8,10,13.0,99.8,4997500.0,3295677.0,6502800.0,5254166.0
Seaver King,2024,10.0,9,62,17.0,99.9,5150000.0,1654976.0,5953800.0,4310224.0
Braden Montgomery,2024,12.0,10,13,8.0,99.9,5000000.0,3240380.0,5484600.0,3910583.0
James Tibbs III,2024,13.0,11,3,12.0,100.0,4747500.0,5309985.0,5272300.0,6480714.0
Cam Smith,2024,14.0,12,23,14.0,99.9,5070700.0,3587653.0,5070700.0,4395668.0
Jurrangelo Cijntje,2024,15.0,13,21,25.0,100.0,4880900.0,1641834.0,4880900.0,1724871.0
Carson Benge,2024,19.0,14,15,18.0,100.0,3997500.0,1673653.0,4219200.0,2213142.0
Trey Yesavage,2024,20.0,15,1,11.0,97.3,4177500.0,3531041.0,4073400.0,4041130.0
Vance Honeycutt,2024,22.0,16,67,22.0,99.6,4000000.0,1580054.0,3802200.0,2412668.0
Ben Hess,2024,26.0,17,59,44.0,100.0,2747500.0,1675958.0,3332900.0,1779434.0
Walker Janek,2024,28.0,18,31,24.0,99.8,3132500.0,1478672.0,3132500.0,2614223.0
Malcolm Moore,2024,30.0,19,90,26.0,22.7,3000000.0,928255.0,2971300.0,1358192.0
Ryan Waldschmidt,2024,31.0,20,24,23.0,100.0,2904000.0,1694514.0,2904000.0,1648159.0
Griff O'Ferrall,2024,32.0,21,200,38.0,99.0,2700000.0,895805.0,2835400.0,1692135.0
Kyle DeBarge,2024,33.0,22,32,67.0,99.5,2400000.0,1389220.0,2766100.0,2370654.0
Blake Burke,2024,34.0,23,12,65.0,99.9,2100000.0,2399035.0,2698300.0,2839864.0
Brody Brecht,2024,38.0,24,50,21.0,100.0,2700000.0,1816528.0,2452200.0,1776270.0
Tommy White,2024,40.0,25,29,20.0,100.0,3000000.0,1827887.0,2332100.0,2467734.0
Jared Thomas,2024,42.0,26,71,60.0,99.0,2000000.0,975300.0,2224700.0,1503391.0
Chris Cortez,2024,45.0,27,79,85.0,100.0,1597500.0,1171953.0,2072800.0,1683485.0
Jonathan Santucci,2024,46.0,28,68,37.0,100.0,2031700.0,1100061.0,2031700.0,1609684.0
Jacob Cozart,2024,48.0,29,27,42.0,98.7,2050000.0,1139162.0,1938800.0,1325551.0
Payton Tolle,2024,50.0,30,7,87.0,100.0,2000000.0,2265042.0,1846400.0,2194946.0
Bryce Cunningham,2024,53.0,31,43,63.0,100.0,2297500.0,835339.0,1721200.0,925273.0
Cole Mathis,2024,54.0,32,47,84.0,98.4,1681200.0,1344810.0,1681200.0,1779058.0
Emilien Pitre,2024,58.0,33,40,,99.9,1522700.0,1058592.0,1525200.0,1563671.0
Khal Stephen,2024,59.0,34,28,88.0,100.0,1116750.0,1211555.0,1489000.0,1262919.0
Billy Amick,2024,60.0,35,33,32.0,99.9,1453700.0,999758.0,1453700.0,1229739.0
Ethan Anderson,2024,61.0,36,51,78.0,98.3,1172500.0,946762.0,1418900.0,1369732.0
Carter Holton,2024,62.0,37,37,69.0,100.0,1350000.0,1057704.0,1385000.0,1203851.0
Dylan Dreiling,2024,65.0,38,18,72.0,99.8,1287600.0,1810669.0,1287600.0,1706244.0
Aiden May,2024,70.0,39,63,82.0,99.9,900000.0,459618.0,1139100.0,718428.0
Luke Holman,2024,71.0,40,4,45.0,100.0,997500.0,2172852.0,1110600.0,1768927.0
Gage Jump,2024,73.0,41,30,62.0,100.0,2000000.0,1325814.0,1076900.0,1164069.0
Ryan Johnson,2024,74.0,42,5,47.0,99.8,1747500.0,2026233.0,1060300.0,1648914.0
Joshua Kuroda-Grauer,2024,75.0,43,39,90.0,99.9,1043900.0,782845.0,1043900.0,1031738.0
Drew Beam,2024,76.0,44,76,64.0,99.8,1097500.0,648187.0,1027700.0,775721.0
Cole Messina,2024,77.0,45,26,100.0,99.3,1011900.0,1636792.0,1011900.0,1236639.0
Nick McLain,2024,78.0,46,69,129.0,99.3,800000.0,621934.0,996100.0,804256.0
Kevin Bazzell,2024,79.0,47,119,55.0,99.0,980300.0,382297.0,980300.0,640773.0
Brian Holiday,2024,80.0,48,17,223.0,100.0,800000.0,793201.0,964500.0,1022666.0
Ryan Prager,2024,81.0,49,14,61.0,100.0,,1855275.0,948600.0,1459538.0
Josh Hartle,2024,83.0,50,53,70.0,99.9,850000.0,518627.0,920800.0,871748.0
Josh Randall,2024,85.0,51,126,143.0,99.6,700000.0,265967.0,892600.0,474107.0
Brandon Neely,2024,86.0,52,73,193.0,99.3,700000.0,783806.0,878800.0,763252.0
Mike Sirota,2024,87.0,53,124,50.0,96.8,863300.0,466515.0,865800.0,610910.0
Gage Miller,2024,92.0,54,19,68.0,99.9,800800.0,1618970.0,800800.0,1355772.0
Jaron DeBerry,2024,93.0,55,118,,98.3,25000.0,84418.0,788700.0,533395.0
Austin Overn,2024,97.0,56,165,131.0,97.4,850000.0,411063.0,752500.0,593313.0
John Spikerman,2024,100.0,57,130,126.0,98.5,672500.0,305221.0,730500.0,606171.0
Daniel Eagen,2024,102.0,58,20,83.0,99.4,650000.0,778891.0,717700.0,779004.0
Casey Cook,2024,103.0,59,74,171.0,99.8,700000.0,824171.0,710400.0,776559.0
L.P. Langevin,2024,105.0,60,92,230.0,99.4,597500.0,761842.0,696300.0,868959.0
Blake Wright,2024,106.0,61,211,,99.0,250000.0,178159.0,689600.0,462461.0
Casey Saucke,2024,107.0,62,93,127.0,97.7,847500.0,553444.0,682800.0,697903.0
Jackson Kent,2024,108.0,63,108,136.0,99.8,625000.0,294855.0,676000.0,512711.0
Ryan Campos,2024,109.0,64,61,176.0,99.7,669300.0,666782.0,669300.0,792361.0
Eli Serrano III,2024,111.0,65,133,224.0,98.2,697500.0,529940.0,656400.0,817668.0
Rafe Schlesinger,2024,113.0,66,157,147.0,99.6,446900.0,371114.0,643500.0,498708.0
Zach Ehrhard,2024,115.0,67,16,221.0,100.0,500000.0,872398.0,630900.0,959921.0
Dakota Jordan,2024,116.0,68,34,34.0,99.8,1997500.0,1264873.0,624800.0,762979.0
Peyton Stovall,2024,117.0,69,99,77.0,98.5,625000.0,341458.0,618800.0,421490.0
Gage Ziehl,2024,119.0,70,140,89.0,99.8,637000.0,391864.0,606700.0,496524.0
Fenwick Trimble,2024,122.0,71,36,,100.0,550000.0,648786.0,589000.0,806284.0
Marco Dinges,2024,123.0,72,22,,98.7,500000.0,885887.0,583400.0,777479.0
Nate Knowles,2024,124.0,73,56,219.0,99.5,397500.0,554621.0,577700.0,674519.0
Sean Keys,2024,125.0,74,159,211.0,99.0,569700.0,426287.0,572200.0,625709.0
Jaime Ferrer,2024,126.0,75,35,,99.5,425550.0,578738.0,567400.0,616273.0
Chase Allsup,2024,127.0,76,83,,99.9,522500.0,409677.0,562000.0,420609.0
Herick Hernandez,2024,129.0,77,54,,99.6,472500.0,532172.0,551100.0,592717.0
Carson DeMartini,2024,130.0,78,78,93.0,98.8,545400.0,584692.0,545400.0,650537.0
Parker Smith,2024,131.0,79,212,,98.1,447500.0,219534.0,541100.0,404959.0
Kavares Tears,2024,134.0,80,48,66.0,99.9,525200.0,753829.0,525200.0,620418.0
Clark Candiotti,2024,135.0,81,127,232.0,95.9,80000.0,78750.0,520000.0,468298.0
Nick Mitchell,2024,136.0,82,97,,97.7,467500.0,408199.0,515100.0,456215.0
Sam Stuhr,2024,137.0,83,145,184.0,99.1,510000.0,255532.0,510000.0,373598.0
A.J. Causey,2024,138.0,84,25,242.0,100.0,477500.0,920968.0,505000.0,696357.0
Lebarron Johnson Jr.,2024,139.0,85,162,,99.8,500000.0,161321.0,500000.0,341146.0
Sam Antonacci,2024,140.0,86,38,201.0,99.6,572500.0,625747.0,495400.0,558509.0
Randal Diaz,2024,141.0,87,49,,99.7,420000.0,544700.0,490500.0,596400.0
Braden Davis,2024,142.0,88,44,,100.0,485700.0,444736.0,485700.0,541169.0
Aidan Major,2024,146.0,89,175,245.0,99.7,425000.0,238800.0,466900.0,381440.0
Jack Penney,2024,147.0,90,65,,99.0,397500.0,454103.0,462300.0,570839.0
Jakob Christian,2024,149.0,91,70,216.0,99.9,397500.0,398635.0,453300.0,615832.0
Tristan Smith,2024,150.0,92,98,73.0,99.9,600000.0,394000.0,448700.0,398928.0
Ariel Armas,2024,153.0,93,239,,98.3,375000.0,217143.0,435600.0,394456.0
Charlie Beilenson,2024,154.0,94,109,,99.6,25000.0,38888.0,431400.0,386293.0
John Holobetz,2024,156.0,95,210,,97.9,322500.0,208674.0,422900.0,341540.0
Jacob Kmatz,2024,157.0,96,52,,100.0,397500.0,481941.0,418600.0,573714.0
Carter Mathison,2024,162.0,97,189,204.0,99.6,447500.0,235539.0,399600.0,329769.0
Cole Hertzler,2024,163.0,98,142,240.0,99.9,393700.0,287554.0,396200.0,382128.0
Connor Foley,2024,164.0,99,183,106.0,99.4,1000000.0,345492.0,392300.0,363882.0
Konner Eaton,2024,168.0,100,255,180.0,98.7,378900.0,221534.0,378900.0,312377.0
Jackson Appel,2024,169.0,101,160,,99.9,122500.0,185089.0,375700.0,391910.0
Davian Garcia,2024,170.0,102,167,,96.8,425000.0,211975.0,372300.0,287336.0
Josh Kross,2024,171.0,103,75,,99.2,369100.0,447657.0,369100.0,448134.0
Peyton Olejnik,2024,172.0,104,172,,98.8,197500.0,184465.0,366100.0,315798.0
Corey Collins,2024,173.0,105,84,170.0,99.1,275000.0,294038.0,363100.0,526419.0
Caden Favors,2024,175.0,106,188,,99.8,75000.0,69172.0,357000.0,314010.0
Blake Aita,2024,177.0,107,257,,99.6,300000.0,157608.0,351100.0,318001.0
Jacob Friend,2024,179.0,108,249,,95.3,272500.0,206852.0,345100.0,297817.0
Chandler Welch,2024,185.0,109,215,,98.0,237500.0,128560.0,328700.0,289840.0
Derek Bender,2024,188.0,110,102,189.0,97.9,297500.0,246646.0,320800.0,331986.0
Kodey Shojinaga,2024,192.0,111,95,,99.8,257500.0,277448.0,310300.0,371204.0
Mason Marriott,2024,194.0,112,256,,99.8,241000.0,223218.0,305200.0,282075.0
Robert Cranz,2024,200.0,113,152,,99.1,190000.0,264229.0,290300.0,330521.0
Will Watson,2024,203.0,114,259,,90.2,281300.0,202398.0,283800.0,306878.0
Connor Wietgrefe,2024,204.0,115,192,,99.8,247500.0,135260.0,281500.0,276755.0
Will Turner,2024,207.0,116,123,,98.8,250000.0,266599.0,274600.0,338385.0
Greg Farone,2024,208.0,117,156,,98.9,204150.0,165840.0,272200.0,297475.0
Myles Smith,2024,209.0,118,45,,99.2,247500.0,389412.0,270000.0,503963.0
Kai Roberts,2024,210.0,119,209,,99.5,10000.0,14647.0,268000.0,207503.0
Wyatt Parliament,2024,211.0,120,89,,97.9,199350.0,274592.0,265800.0,324806.0
Nick Brink,2024,214.0,121,82,166.0,100.0,195000.0,213035.0,259600.0,278122.0
Mason Molina,2024,215.0,122,64,225.0,98.3,254900.0,476291.0,257400.0,402872.0
Ryan Andrade,2024,216.0,123,111,249.0,97.9,253000.0,301474.0,255500.0,310518.0
Eli Jones,2024,218.0,124,103,,96.0,212500.0,301010.0,251500.0,354065.0
Carson Dorsey,2024,219.0,125,88,,99.9,246500.0,290450.0,249400.0,318637.0
Elijah Hainline,2024,220.0,126,105,,97.9,197500.0,215001.0,247900.0,272302.0
Joel Dragoo,2024,222.0,127,55,,99.6,222500.0,322212.0,244300.0,386934.0
Joseph Sullivan,2024,223.0,128,150,,99.1,239900.0,229262.0,242400.0,306442.0
Rafe Perich,2024,225.0,129,191,,97.2,175000.0,135105.0,238900.0,250671.0
Davis Diaz,2024,226.0,130,214,,98.8,250000.0,226993.0,237400.0,384314.0
Sam Petersen,2024,230.0,131,101,205.0,98.3,230900.0,226477.0,230900.0,339201.0
Randy Flores,2024,232.0,132,219,,97.8,1000.0,3151.0,227700.0,195896.0
Niko Mazza,2024,238.0,133,155,,99.9,202500.0,126926.0,218600.0,237183.0
Luke Hayden,2024,239.0,134,143,,99.8,197500.0,210483.0,217400.0,262030.0
Nick Wissman,2024,240.0,135,268,,96.4,10000.0,15250.0,216200.0,191053.0
Tyler Wilson,2024,241.0,136,66,,99.3,47500.0,102970.0,215100.0,271330.0
Edgar Alvarez,2024,242.0,137,135,,99.6,125000.0,67979.0,213900.0,193897.0
Will Riley,2024,243.0,138,226,,93.9,120000.0,88544.0,212900.0,193687.0
Jacob Jenkins-Cowart,2024,244.0,139,154,228.0,99.7,211600.0,245898.0,211600.0,237262.0
Sam Garcia,2024,245.0,140,41,,100.0,55000.0,189170.0,210700.0,337733.0
Eddie Micheletti Jr.,2024,247.0,141,110,,99.8,147500.0,176639.0,208700.0,227656.0
Jakob Hall,2024,248.0,142,204,,99.1,147500.0,144516.0,207800.0,242460.0
Colin Tuft,2024,249.0,143,117,,40.3,182500.0,201471.0,206900.0,220378.0
Dylan Howard,2024,253.0,144,169,,98.4,201000.0,170405.0,203500.0,219525.0
Jared Sprague-Lott,2024,256.0,145,198,,99.9,50000.0,95258.0,201300.0,180776.0
Canyon Brown,2024,257.0,146,241,,96.1,197500.0,176534.0,200600.0,241814.0
Jackson Ross,2024,260.0,147,158,,94.8,2000.0,6251.0,198600.0,218589.0
Cade McGee,2024,261.0,148,87,,99.1,275000.0,383944.0,198000.0,345853.0
Derek Clark,2024,262.0,149,195,,99.6,1000.0,14497.0,197500.0,243625.0
Sean Matson,2024,265.0,150,229,,98.0,175000.0,101248.0,195700.0,199831.0
Hudson White,2024,267.0,151,91,,99.1,185000.0,274013.0,194600.0,347630.0
Zane Zielinski,2024,268.0,152,258,,99.6,17500.0,39314.0,194200.0,178986.0
Ryan McCrystal,2024,269.0,153,218,,97.6,147500.0,150191.0,193600.0,250913.0
Brooks Caple,2024,272.0,154,86,,99.7,125000.0,226664.0,192100.0,280844.0
Garrett Gainey,2024,276.0,155,193,,98.7,97500.0,61407.0,190400.0,191542.0
Jack Crowder,2024,279.0,156,178,,98.9,27500.0,119109.0,189000.0,279127.0
Kole Myers,2024,280.0,157,96,,99.4,2500.0,7196.0,188800.0,198162.0
Owen Hackman,2024,281.0,158,202,,99.1,2500.0,12767.0,188600.0,189782.0
Marcus Morgan,2024,282.0,159,246,247.0,98.0,185700.0,189624.0,188200.0,250590.0
Ben McLaughlin,2024,284.0,160,128,,99.8,75000.0,117868.0,187600.0,205978.0
Keith Jones II,2024,285.0,161,131,,99.8,30000.0,68053.0,187100.0,188100.0
Cameron Leary,2024,286.0,162,207,,98.0,50000.0,109010.0,186400.0,218178.0
Fisher Jameson,2024,288.0,163,122,,99.8,185800.0,273092.0,185800.0,300307.0
Cole McConnell,2024,289.0,164,149,,96.4,7500.0,12441.0,185500.0,186672.0
Luke Johnson,2024,290.0,165,267,,97.3,2000.0,13542.0,185200.0,168082.0
Bryce Madron,2024,291.0,166,134,,99.9,50000.0,91842.0,185000.0,198961.0
Ryan Nicholson,2024,292.0,167,245,,98.8,1000.0,6363.0,184700.0,204270.0
Cade Vernon,2024,298.0,168,253,,99.2,17500.0,55532.0,182600.0,175339.0
Jack Costello,2024,300.0,169,238,,97.2,10000.0,13098.0,181800.0,183419.0
Joe Delossantos,2024,301.0,170,221,,98.7,7500.0,10275.0,181600.0,154947.0
Anthony Donofrio,2024,303.0,171,164,,97.1,50000.0,47323.0,181100.0,197303.0
Michael Snyder,2024,304.0,172,104,,99.3,17500.0,20525.0,180700.0,207591.0
Trey Pooser,2024,306.0,173,141,,100.0,72500.0,114915.0,180300.0,230728.0
Carter Cunningham,2024,307.0,174,77,,99.7,22500.0,27455.0,180000.0,179749.0
Seamus Barrett,2024,310.0,175,223,,98.8,5000.0,10114.0,179000.0,177299.0
Kyle Robinson,2024,316.0,176,136,182.0,99.4,150000.0,240655.0,,298708.0
Alan Espinal,2024,318.0,177,248,,99.4,200000.0,132320.0,,258609.0
Merritt Beeker,2024,320.0,178,132,,99.7,150000.0,136653.0,,352183.0
Jon Jon Gazdar,2024,321.0,179,173,,99.7,250000.0,217511.0,,428777.0
Jacob Bimbi,2024,324.0,180,225,,95.3,180000.0,121369.0,,206434.0
Sebastian Gongora,2024,339.0,181,166,,99.9,150000.0,160647.0,,251094.0
Aidan Foeller,2024,340.0,182,187,,99.4,147500.0,106998.0,,184377.0
Patrick Clohisy,2024,341.0,183,137,,94.7,150000.0,146927.0,,317062.0
Jason Schiavone,2024,343.0,184,115,,97.4,150000.0,212951.0,,592509.0
Dalton Pence,2024,345.0,185,174,,99.7,350000.0,305956.0,,342969.0
Ali Camarillo,2024,346.0,186,163,246.0,99.8,250000.0,356215.0,,389960.0
Everett Catlett,2024,348.0,187,94,,99.7,200000.0,215924.0,,340872.0
Nathan Archer,2024,349.0,188,264,,10.7,150000.0,132204.0,,350254.0
Alexander Meckley,2024,350.0,189,205,,93.5,150000.0,162047.0,,253111.0
Ian Petrutz,2024,351.0,190,80,,98.7,250000.0,375330.0,,454566.0
Camden Janik,2024,354.0,191,81,,98.6,120000.0,258577.0,,616424.0
Brady Tygart,2024,357.0,192,85,181.0,99.9,300000.0,351965.0,,413445.0
Brandon Butterworth,2024,360.0,193,112,,95.4,150000.0,257084.0,,716206.0
Evan Truitt,2024,363.0,194,251,,96.0,150000.0,131200.0,,247936.0
Connor Caskenette,2024,364.0,195,170,,98.4,100000.0,96205.0,,192911.0
John West,2024,374.0,196,228,,99.0,150000.0,151788.0,,231876.0
Riley Huge,2024,376.0,197,144,,99.2,150000.0,143482.0,,273109.0
Sam Kulasingam,2024,377.0,198,243,,96.3,150000.0,77146.0,,165751.0
R.J. Gordon,2024,383.0,199,231,,99.8,150000.0,109311.0,,258989.0
Bennett Thompson,2024,385.0,200,100,,51.0,150000.0,254809.0,,525349.0
Shea Sprague,2024,387.0,201,113,,99.6,155000.0,205953.0,,374539.0
Anthony Stephan,2024,389.0,202,176,,71.9,150000.0,215715.0,,589768.0
Matthew Watson,2024,390.0,203,181,,99.4,150000.0,119245.0,,192147.0
Evan Aschenbeck,2024,392.0,204,107,,99.9,150000.0,138064.0,,422842.0
Connor Hujsak,2024,396.0,205,199,,99.8,150000.0,147978.0,,242693.0
Brock Tibbitts,2024,397.0,206,252,,97.4,150000.0,174495.0,,373068.0
Xavier Kolhosser,2024,398.0,207,240,,96.2,150000.0,169369.0,,373688.0
Brandon Downer,2024,399.0,208,261,,95.6,150000.0,125274.0,,281930.0
Bryce Boettcher,2024,403.0,209,153,,97.7,150000.0,225234.0,,383996.0
Justin Sinibaldi,2024,409.0,210,196,,99.4,150000.0,132095.0,,215359.0
Ian Farrow,2024,414.0,211,180,,98.4,25000.0,94449.0,,297737.0
Ryan Cesarini,2024,415.0,212,138,,99.5,150000.0,147301.0,,429284.0
Jeremiah Jenkins,2024,418.0,213,177,199.0,97.8,150000.0,183481.0,,362654.0
Austin Green,2024,421.0,214,168,,98.6,150000.0,171529.0,,220351.0
Cameron Sisneros,2024,422.0,215,60,,98.9,100000.0,87726.0,,452023.0
Austin St. Laurent,2024,423.0,216,227,,94.7,75000.0,145217.0,,481122.0
Cam Clayton,2024,424.0,217,120,,73.7,150000.0,210659.0,,407338.0
Mason Guerra,2024,431.0,218,139,,97.4,150000.0,215409.0,,301532.0
Jared Spencer,2024,432.0,219,161,,98.3,,211616.0,,258219.0
Ben Hartl,2024,435.0,220,125,,99.3,150000.0,207566.0,,408154.0
Blake Hammond,2024,436.0,221,206,,83.7,150000.0,166536.0,,271955.0
Mason Moore,2024,439.0,222,184,,99.5,150000.0,118101.0,,256312.0
Sam Brodersen,2024,441.0,223,171,,98.9,150000.0,154955.0,,233916.0
Conner Whittaker,2024,445.0,224,114,,93.1,150000.0,195482.0,,288310.0
Zach MacDonald,2024,446.0,225,151,,99.1,150000.0,157348.0,,313676.0
Marshall Toole,2024,451.0,226,58,,98.7,150000.0,267961.0,,809729.0
Thomas Higgins Jr.,2024,453.0,227,244,,95.8,150000.0,148692.0,,300417.0
Cole Peschl,2024,458.0,228,179,,99.3,150000.0,169048.0,,317634.0
Carter Rustad,2024,459.0,229,262,,97.4,50000.0,54685.0,,197782.0
Drew Vogel,2024,463.0,230,220,,98.9,130000.0,87000.0,,188885.0
Brooks Fowler,2024,465.0,231,250,,96.7,150000.0,141281.0,,229624.0
T.J. McCants,2024,469.0,232,235,,57.9,75000.0,34708.0,,239527.0
Tyler Switalski,2024,478.0,233,216,,97.1,162500.0,206609.0,,329212.0
Eric Rataczak,2024,484.0,234,234,,99.3,75000.0,39893.0,,152994.0
Brady Marget,2024,486.0,235,129,,96.7,125000.0,213710.0,,363004.0
Aidan Haugh,2024,488.0,236,116,,99.7,,253622.0,,318482.0
Titus Dumitru,2024,491.0,237,203,,88.5,150000.0,127211.0,,304015.0
Bryce Mayer,2024,493.0,238,233,,99.6,175812.0,142570.0,,211039.0
Nolan Clifford,2024,498.0,239,260,,98.7,50000.0,66214.0,,199468.0
Lyle Miller-Green,2024,499.0,240,236,,97.5,25000.0,31587.0,,377072.0
Gavin Bruni,2024,500.0,241,224,,98.2,150000.0,161403.0,,261668.0
Brandt Thompson,2024,501.0,242,232,,98.9,10000.0,37831.0,,298753.0
Jacoby Long,2024,503.0,243,265,,97.1,150000.0,127890.0,,253983.0
Andrew Patrick,2024,504.0,244,272,,93.1,150000.0,124150.0,,263116.0
JoJo Jackson,2024,511.0,245,182,,95.1,150000.0,174459.0,,327320.0
Ben Johnson,2024,512.0,246,266,,98.8,50000.0,90620.0,,190467.0
Harrison Kreiling,2024,513.0,247,201,,48.0,50000.0,67876.0,,215656.0
Micah McDowell,2024,514.0,248,186,,98.1,100000.0,47252.0,,284607.0
Jay Thomason,2024,518.0,249,217,,99.5,50000.0,68986.0,,211302.0
Jackson Nicklaus,2024,520.0,250,121,,96.8,147500.0,239554.0,,390693.0
Tucker Novotny,2024,526.0,251,185,,99.6,125000.0,182522.0,,253272.0
Liam Paddack,2024,529.0,252,254,,96.7,172500.0,182503.0,,248287.0
Teo Banks,2024,530.0,253,147,,10.8,150000.0,153249.0,,257668.0
Christian Martin,2024,531.0,254,106,,99.1,150000.0,237181.0,,352954.0
David Mershon,2024,532.0,255,46,,99.9,405000.0,464151.0,,722059.0
Jake Shirk,2024,534.0,256,274,,93.3,25000.0,30102.0,,171539.0
Gus Hughes,2024,541.0,257,237,,98.3,50000.0,50693.0,,174811.0
Dominic Niman,2024,546.0,258,197,,97.7,50000.0,34715.0,,251028.0
Gunner Gouldsmith,2024,556.0,259,271,,91.9,20000.0,30597.0,,168135.0
Nick Pinto,2024,559.0,260,194,,94.5,25000.0,24881.0,,212054.0
Ryan Minckler,2024,560.0,261,273,,93.8,150000.0,123714.0,,223603.0
Joe Vogatsky,2024,564.0,262,263,,97.9,25000.0,48842.0,,187671.0
Brandon Decker,2024,571.0,263,269,,95.2,50000.0,109219.0,,297834.0
Owen Ayers,2024,572.0,264,230,,95.4,50000.0,28073.0,,191098.0
Tony Santa Maria,2024,576.0,265,190,,99.8,50000.0,84909.0,,162906.0
Logan Whitaker,2024,578.0,266,146,,92.4,10000.0,19788.0,,207319.0
Dalton McIntyre,2024,581.0,267,148,,95.5,100000.0,141918.0,,336100.0
Cade Obermueller,2024,585.0,268,208,214.0,98.7,,215035.0,,281601.0
Colby Shelton,2024,590.0,269,72,133.0,93.8,,736267.0,,870054.0
Cam Walty,2024,595.0,270,247,,98.6,50000.0,84669.0,,389096.0
Ben Hansen,2024,597.0,271,242,,97.0,50000.0,90977.0,,237339.0
Fernando Gonzalez,2024,598.0,272,222,,88.4,35000.0,63365.0,,261980.0
Ryan Picollo,2024,603.0,273,270,,94.4,10000.0,24030.0,,136032.0
Merit Jones,2024,608.0,274,213,,97.2,,189468.0,,341310.0
Tyler Bremner,2025,2.0,1,20,18.0,99.9,7689525.0,1091185.0,10252700.0,854564.0
Kade Anderson,2025,3.0,2,2,2.0,99.8,8800000.0,3520910.0,9504400.0,3256374.0
Liam Doyle,2025,5.0,3,4,8.0,100.0,7250000.0,3553882.0,8134800.0,5094762.0
Aiva Arquette,2025,7.0,4,9,6.0,100.0,7149900.0,2452196.0,7149900.0,1795651.0
Jamie Arnold,2025,11.0,5,3,4.0,100.0,5985100.0,1415611.0,5985100.0,1369767.0
Gavin Kilen,2025,13.0,6,11,21.0,100.0,5247500.0,1310563.0,5524300.0,2474554.0
Kyson Witherspoon,2025,15.0,7,5,10.0,99.7,5000000.0,1612586.0,5114200.0,1540189.0
Marek Houston,2025,16.0,8,18,15.0,99.8,4497500.0,916900.0,4929600.0,1200878.0
Ike Irish,2025,19.0,9,7,11.0,99.9,4418400.0,2585364.0,4420900.0,2705198.0
Andrew Fischer,2025,20.0,10,1,29.0,100.0,3500000.0,5201315.0,4268100.0,6730938.0
Jace LaViolette,2025,27.0,11,29,20.0,99.8,4000000.0,584391.0,3382600.0,665774.0
Patrick Forbes,2025,29.0,12,17,31.0,99.5,3000000.0,1631795.0,3191100.0,1638363.0
Caden Bodine,2025,30.0,13,85,32.0,99.6,3113300.0,419544.0,3113300.0,543841.0
Wehiwa Aloy,2025,31.0,14,12,17.0,99.7,3042800.0,1635449.0,3042800.0,1650157.0
Marcus Phillips,2025,33.0,15,16,61.0,98.8,2500000.0,902521.0,2898300.0,1101123.0
Luke Stevenson,2025,35.0,16,43,33.0,96.8,2800000.0,650197.0,2758300.0,586296.0
Riley Quick,2025,36.0,17,64,38.0,99.9,2692000.0,378524.0,2692000.0,423982.0
Mitch Voit,2025,38.0,18,8,63.0,99.2,1750000.0,1355366.0,2569400.0,1760584.0
Zachary Root,2025,40.0,19,10,,100.0,2197500.0,1919876.0,2443600.0,1875023.0
Charles Davalan,2025,41.0,20,25,54.0,100.0,1997500.0,770804.0,2386900.0,987477.0
Brendan Summerhill,2025,42.0,21,82,16.0,99.7,1997500.0,649278.0,2331000.0,937301.0
Cam Cannarella,2025,43.0,22,19,36.0,99.9,2277425.0,572402.0,2276700.0,579595.0
JB Middleton,2025,45.0,23,24,41.0,99.9,2071900.0,624525.0,2171900.0,866400.0
Brandon Compton,2025,46.0,24,99,47.0,99.7,2000000.0,241223.0,2128800.0,347683.0
Chase Shores,2025,47.0,25,130,77.0,99.9,2077200.0,276970.0,2079700.0,408113.0
Devin Taylor,2025,48.0,26,111,30.0,100.0,2500000.0,410058.0,2031500.0,581249.0
Ethan Petry,2025,49.0,27,91,59.0,98.3,2090000.0,323270.0,1984200.0,596234.0
Kane Kepley,2025,56.0,28,42,84.0,99.9,1400000.0,548282.0,1680000.0,527162.0
Joseph Dzierwa,2025,58.0,29,31,74.0,99.6,1497500.0,527042.0,1598100.0,555601.0
J.D. Thompson,2025,59.0,30,13,66.0,100.0,1560200.0,1556196.0,1560200.0,1341433.0
Alex Lodise,2025,60.0,31,14,43.0,100.0,1297500.0,1493802.0,1523200.0,1324860.0
Michael Lombardi,2025,61.0,32,106,75.0,23.7,1297500.0,243391.0,1486700.0,576702.0
Malachi Witherspoon,2025,62.0,33,35,121.0,99.0,1448700.0,569486.0,1451200.0,594517.0
Cade Obermueller,2025,63.0,34,28,53.0,99.8,1197500.0,789417.0,1416600.0,769825.0
Dean Curley,2025,64.0,35,37,60.0,100.0,1733905.0,750443.0,1382300.0,782093.0
Aaron Walton,2025,66.0,36,34,161.0,100.0,1100000.0,673994.0,1320400.0,1088273.0
Justin Lamkin,2025,71.0,37,15,111.0,100.0,1161200.0,825947.0,1163700.0,619759.0
Henry Godbout,2025,75.0,38,57,72.0,99.2,1093800.0,420566.0,1093800.0,872965.0
Ethan Hedges,2025,77.0,39,30,159.0,99.8,950000.0,723257.0,1060300.0,801753.0
Max Williams,2025,78.0,40,53,81.0,97.2,897500.0,375262.0,1043700.0,451034.0
Jake Cook,2025,81.0,41,165,106.0,98.7,922500.0,198675.0,993900.0,315806.0
Easton Carmichael,2025,82.0,42,47,93.0,99.9,977000.0,646953.0,979500.0,1053032.0
Mason Morris,2025,83.0,43,79,117.0,100.0,897500.0,456684.0,964800.0,664877.0
Trevor Cohen,2025,85.0,44,46,,99.9,847500.0,502508.0,935300.0,714498.0
Anthony Eyanson,2025,87.0,45,6,40.0,99.9,1750000.0,2787400.0,907200.0,2838286.0
James Ellwanger,2025,88.0,46,59,76.0,99.9,1000000.0,546570.0,893000.0,675950.0
Jack Gurevitch,2025,89.0,47,158,144.0,100.0,879000.0,255918.0,879000.0,436859.0
Dominick Reid,2025,90.0,48,45,209.0,99.8,649125.0,320431.0,865500.0,436989.0
Griffin Hugus,2025,91.0,49,71,169.0,99.9,640000.0,462925.0,851800.0,567465.0
Brian Curley,2025,92.0,50,95,102.0,100.0,700000.0,134976.0,839100.0,299075.0
RJ Austin,2025,93.0,51,114,112.0,99.1,823900.0,338078.0,826400.0,523284.0
Jacob Morrison,2025,94.0,52,56,173.0,99.6,697500.0,429849.0,813600.0,703150.0
Ethan Frey,2025,95.0,53,101,119.0,99.7,997500.0,358252.0,803900.0,480479.0
Cody Miller,2025,96.0,54,88,,98.6,297500.0,650656.0,796000.0,1295917.0
Ben Jacobs,2025,98.0,55,23,107.0,100.0,722500.0,801533.0,780600.0,801562.0
Ryan Wideman,2025,99.0,56,70,146.0,99.6,650000.0,377756.0,773100.0,652474.0
Cody Bowker,2025,100.0,57,26,187.0,99.9,700000.0,940272.0,765400.0,1124964.0
Nolan Schubart,2025,101.0,58,50,126.0,99.4,730000.0,408270.0,759400.0,562134.0
Antonio Jimenez,2025,102.0,59,96,172.0,99.8,564000.0,319276.0,752000.0,460221.0
Kaeden Kent,2025,103.0,60,48,,99.9,744400.0,556518.0,744400.0,692371.0
Landyn Vidourek,2025,104.0,61,140,,99.7,552750.0,265070.0,737000.0,428032.0
Riley Kelly,2025,107.0,62,218,139.0,98.9,700000.0,167989.0,715400.0,288698.0
Drew Faurot,2025,108.0,63,49,158.0,99.9,531225.0,384300.0,708300.0,524866.0
Jake Munroe,2025,109.0,64,33,,99.5,597500.0,603584.0,701300.0,779458.0
Gavin Turley,2025,110.0,65,21,78.0,99.7,600000.0,1489976.0,694600.0,1081770.0
Micah Bucknam,2025,112.0,66,86,131.0,99.3,678300.0,210465.0,680800.0,335692.0
Mason Neville,2025,114.0,67,54,35.0,99.4,697500.0,673209.0,667700.0,1188427.0
Lorenzo Meola,2025,116.0,68,233,183.0,97.8,652200.0,164002.0,654700.0,318179.0
Dominic Fritton,2025,117.0,69,105,,99.9,497500.0,256299.0,648400.0,346468.0
Mason White,2025,118.0,70,32,143.0,99.8,642200.0,974924.0,642200.0,1266022.0
Jason Reitz,2025,119.0,71,112,191.0,97.3,633200.0,237099.0,635700.0,472657.0
Cade Crossland,2025,120.0,72,63,207.0,99.9,729500.0,387991.0,629500.0,511645.0
Colin Yeaman,2025,124.0,73,81,97.0,99.9,602800.0,369175.0,605300.0,525486.0
Nick Monistere,2025,126.0,74,60,,99.9,397500.0,402124.0,594500.0,815422.0
Nolan Sailors,2025,128.0,75,142,,99.9,147500.0,234173.0,582900.0,360888.0
Caleb Leys,2025,129.0,76,136,,99.1,574900.0,192448.0,577400.0,336510.0
Sean Youngerman,2025,131.0,77,89,116.0,93.7,564500.0,309478.0,567000.0,340737.0
Pico Kohn,2025,134.0,78,44,122.0,100.0,547800.0,341365.0,550300.0,397621.0
Dixon Williams,2025,136.0,79,40,,99.9,497500.0,645927.0,539700.0,688232.0
Chris Arroyo,2025,139.0,80,118,193.0,97.0,521400.0,296714.0,523900.0,527738.0
Adonys Guzman,2025,144.0,81,129,,99.6,496500.0,336265.0,499000.0,486660.0
James Quinn-Irons,2025,147.0,82,225,175.0,99.7,481900.0,103587.0,484400.0,247149.0
Ethan Young,2025,150.0,83,116,,99.7,630000.0,231425.0,470100.0,302696.0
Kade Snell,2025,151.0,84,119,227.0,99.8,200000.0,217022.0,465400.0,367981.0
Korbyn Dickerson,2025,152.0,85,221,83.0,99.1,461100.0,139610.0,461100.0,340476.0
Nathan Hall,2025,153.0,86,61,,100.0,456400.0,449054.0,456400.0,610141.0
Riley Nelson,2025,162.0,87,83,,99.9,350000.0,549502.0,418700.0,530571.0
Core Jackson,2025,164.0,88,78,,99.9,147500.0,428465.0,411100.0,640742.0
Davion Hickson,2025,165.0,89,143,,99.4,404800.0,223593.0,407300.0,280658.0
Colby Shelton,2025,166.0,90,160,142.0,99.3,447500.0,160802.0,403900.0,368126.0
Joey Volini,2025,168.0,91,55,216.0,100.0,297750.0,317215.0,397000.0,471088.0
Boston Smith,2025,171.0,92,223,,97.7,50000.0,95197.0,386700.0,253906.0
Eric Snow,2025,172.0,93,74,,99.9,381100.0,419867.0,383600.0,703671.0
Jordan Gottesman,2025,176.0,94,147,,99.7,197500.0,126119.0,371000.0,236717.0
Aidan Haugh,2025,177.0,95,170,,100.0,157500.0,161089.0,367900.0,245175.0
Leighton Finley,2025,178.0,96,36,,99.9,364800.0,452407.0,364800.0,608468.0
Matthew Miura,2025,180.0,97,75,,99.9,358700.0,413537.0,358700.0,623899.0
Caden Hunter,2025,184.0,98,171,149.0,99.7,344600.0,218922.0,347100.0,294541.0
Daniel Dickinson,2025,185.0,99,52,80.0,99.9,325000.0,632732.0,344400.0,535164.0
Landon Beidelschies,2025,187.0,100,94,208.0,99.8,297500.0,347047.0,338900.0,539872.0
Tyriq Kemp,2025,188.0,101,133,,98.4,147500.0,131198.0,336100.0,270662.0
Grayson Grinsell,2025,189.0,102,67,190.0,99.9,297500.0,220421.0,333500.0,549372.0
Nelson Keljo,2025,192.0,103,122,182.0,99.9,325100.0,278737.0,325100.0,316867.0
Rory Fox,2025,194.0,104,120,,99.6,411100.0,217812.0,319800.0,365172.0
Anthony DePino,2025,196.0,105,191,,99.3,147500.0,103931.0,314500.0,224724.0
Antoine Jean,2025,197.0,106,115,196.0,99.9,200000.0,90397.0,311900.0,329695.0
Jake Clemente,2025,198.0,107,98,189.0,99.8,500000.0,380792.0,309400.0,563804.0
Logan Sauve,2025,200.0,108,92,,97.9,304200.0,312007.0,304200.0,484754.0
Brent Iredale,2025,203.0,109,69,177.0,99.6,294900.0,560463.0,297400.0,481576.0
Cameron Maldonado,2025,206.0,110,124,,99.9,287400.0,294443.0,289900.0,490044.0
Myles Patton,2025,208.0,111,38,,99.9,285200.0,376217.0,285200.0,377577.0
Jacob McCombs,2025,209.0,112,125,180.0,97.6,280400.0,337961.0,282900.0,419879.0
Colton Shaw,2025,212.0,113,209,,94.6,100000.0,72788.0,276200.0,191322.0
Josiah Ragsdale,2025,215.0,114,80,,99.3,237500.0,366394.0,269700.0,349546.0
Zach Royse,2025,217.0,115,201,,97.9,197500.0,174409.0,265400.0,307914.0
Bryson Dudley,2025,218.0,116,231,,94.8,261000.0,163971.0,263500.0,245778.0
Kerrington Cross,2025,220.0,117,87,,99.8,20000.0,64788.0,259700.0,452387.0
Richie Bonomolo Jr.,2025,224.0,118,77,,99.9,222500.0,366243.0,252100.0,374590.0
Emilio Barreras,2025,228.0,119,138,,95.8,122500.0,286874.0,245400.0,595644.0
Isaiah Jackson,2025,229.0,120,41,214.0,99.2,297500.0,357110.0,243300.0,617422.0
Corey Braun,2025,230.0,121,187,,99.5,200000.0,48861.0,241900.0,277552.0
Riley Maddox,2025,231.0,122,177,,99.8,10000.0,143804.0,239900.0,248762.0
Josh Tate,2025,233.0,123,123,,99.8,234300.0,203265.0,236800.0,479668.0
Kyle McCoy,2025,234.0,124,212,197.0,97.1,232700.0,188769.0,235200.0,277297.0
Evan Siary,2025,235.0,125,66,,100.0,300000.0,319560.0,233400.0,505811.0
Dylan Brown,2025,238.0,126,72,,100.0,229000.0,322651.0,229000.0,407626.0
Ryan Sprock,2025,239.0,127,238,,97.7,225300.0,164857.0,227800.0,387252.0
Jake Knapp,2025,241.0,128,153,,98.6,175000.0,75130.0,225400.0,299975.0
Danny Macchiarola,2025,242.0,129,152,,41.5,175000.0,106917.0,224100.0,309784.0
Jack Martinez,2025,243.0,130,102,,100.0,167326.0,221605.0,223100.0,307146.0
Kyle Walker,2025,246.0,131,126,,99.9,152500.0,122663.0,219800.0,230461.0
Carter Lovasz,2025,247.0,132,262,,86.5,7500.0,81952.0,218700.0,177230.0
Brooks Bryan,2025,248.0,133,169,185.0,11.6,197500.0,214411.0,217700.0,337483.0
Nick Dumesnil,2025,249.0,134,173,118.0,98.1,214300.0,127923.0,216800.0,299357.0
Brian Walters,2025,251.0,135,240,,98.8,309400.0,106083.0,215100.0,217595.0
Anthony Martinez,2025,252.0,136,194,171.0,96.7,214200.0,156883.0,214200.0,257273.0
Mac Heuer,2025,254.0,137,195,,93.4,400000.0,208306.0,212500.0,311028.0
Riley Eikhoff,2025,256.0,138,228,,97.2,7500.0,26321.0,210900.0,198382.0
Slate Alford,2025,259.0,139,65,,100.0,17500.0,205348.0,208700.0,426521.0
Daniel Bucciero,2025,260.0,140,204,,93.5,208100.0,189459.0,208100.0,341497.0
Wyatt Henseler,2025,261.0,141,181,,99.1,10000.0,42290.0,207500.0,206422.0
Karson Ligon,2025,262.0,142,149,,100.0,125000.0,169636.0,206900.0,258799.0
Jared Jones,2025,263.0,143,39,101.0,99.5,203600.0,976070.0,206100.0,1057025.0
Kien Vu,2025,264.0,144,93,,99.7,172500.0,241238.0,205500.0,481623.0
Owen Proksch,2025,265.0,145,22,,100.0,200000.0,397969.0,205100.0,578641.0
Mason Nichols,2025,267.0,146,172,,99.7,37500.0,157935.0,203900.0,234299.0
Justin Mitrovich,2025,269.0,147,219,,96.4,172500.0,140003.0,202900.0,289451.0
Michael Dattalo,2025,270.0,148,196,,95.4,202200.0,230487.0,202200.0,414209.0
Colton Book,2025,271.0,149,100,,99.9,100000.0,124329.0,201800.0,267111.0
Wallace Clark,2025,273.0,150,97,,97.2,25000.0,30483.0,200800.0,265032.0
Logan Braunschweig,2025,277.0,151,192,,98.8,2500.0,125714.0,199200.0,228304.0
Ryan Prager,2025,282.0,152,174,,99.6,197200.0,104950.0,197200.0,247579.0
Jake McCutcheon,2025,288.0,153,226,228.0,97.5,192200.0,137864.0,194700.0,338766.0
Nick Rodriguez,2025,289.0,154,234,,96.8,47500.0,61390.0,194400.0,177791.0
Samuel Dutton,2025,290.0,155,104,,99.9,150000.0,137734.0,194100.0,293156.0
Hunter Hines,2025,291.0,156,182,,99.2,5000.0,120049.0,193800.0,215393.0
Austin Smith,2025,292.0,157,270,,98.1,5000.0,48223.0,193500.0,188219.0
Matt King,2025,293.0,158,117,,99.8,22500.0,182055.0,193100.0,354920.0
Ty Doucette,2025,294.0,159,103,,99.9,157500.0,376843.0,192600.0,451236.0
Isaiah Barkett,2025,296.0,160,84,,99.6,172500.0,466347.0,191700.0,689435.0
Shai Robinson,2025,299.0,161,229,,89.7,147500.0,192289.0,190900.0,298516.0
Isaac Lyon,2025,302.0,162,166,,99.2,190100.0,145780.0,190100.0,313501.0
Brady Counsell,2025,303.0,163,241,,97.2,50000.0,131033.0,189800.0,249207.0
Braylon Owens,2025,305.0,164,236,,99.7,10000.0,104026.0,189000.0,201490.0
Edian Espinal,2025,309.0,165,146,,97.1,185300.0,315365.0,187800.0,485497.0
Justin DeCriscio,2025,310.0,166,167,,98.0,15000.0,127742.0,187600.0,244313.0
Cole Gilley,2025,311.0,167,203,,99.2,7500.0,19556.0,187300.0,158351.0
Harrison Bodendorf,2025,312.0,168,27,,99.9,150000.0,470051.0,187300.0,497779.0
Bobby Boser,2025,320.0,169,155,188.0,99.8,150000.0,122470.0,0.0,243804.0
Jack Moroknek,2025,321.0,170,256,,98.2,200000.0,55017.0,0.0,127643.0
Jared Spencer,2025,322.0,171,68,113.0,99.8,165000.0,393242.0,0.0,383934.0
Dylan Palmer,2025,323.0,172,193,,97.3,150000.0,211539.0,0.0,389344.0
Jake Brink,2025,324.0,173,264,,98.3,150000.0,69361.0,0.0,227775.0
Ryan Daniels,2025,329.0,174,58,,98.6,150000.0,943463.0,0.0,1270272.0
Jalin Flores,2025,330.0,175,183,235.0,98.2,175000.0,364491.0,0.0,399120.0
Dusty Revis,2025,332.0,176,159,,99.5,150000.0,179055.0,0.0,305704.0
Justin Thomas,2025,336.0,177,163,,97.4,177500.0,236148.0,0.0,282670.0
Colin Daniel,2025,337.0,178,132,,99.8,150000.0,154358.0,0.0,330729.0
Will Vierling,2025,341.0,179,210,,44.5,150000.0,223271.0,0.0,372145.0
Tyler Howard,2025,342.0,180,224,,97.8,150000.0,189271.0,0.0,513639.0
Ben Grable,2025,344.0,181,242,,97.7,150000.0,18502.0,0.0,150990.0
Wilson Weber,2025,348.0,182,244,,97.7,100000.0,25089.0,0.0,196011.0
Ben Moore,2025,351.0,183,245,237.0,99.4,150000.0,148437.0,0.0,258960.0
Ethan Walker,2025,358.0,184,137,,98.6,150000.0,251617.0,0.0,372275.0
Kaden Echeman,2025,360.0,185,216,,93.8,175000.0,84823.0,0.0,206791.0
Grant Jay,2025,362.0,186,51,170.0,92.5,150000.0,610793.0,0.0,766832.0
Jay Woolfolk,2025,367.0,187,184,,99.8,150000.0,130878.0,0.0,240364.0
Truman Pauley,2025,373.0,188,208,,98.2,400000.0,171778.0,0.0,234984.0
Camden Troyer,2025,374.0,189,150,,98.9,150000.0,149712.0,0.0,347400.0
Logan Lunceford,2025,375.0,190,62,,99.9,150000.0,304959.0,0.0,610600.0
Rylan Galvan,2025,376.0,191,197,176.0,99.6,150000.0,165199.0,0.0,268312.0
Dylan Mathiesen,2025,383.0,192,134,,99.6,150000.0,173486.0,0.0,315962.0
Broedy Poppell,2025,386.0,193,246,,96.9,50000.0,10920.0,0.0,136637.0
Jack Winnay,2025,388.0,194,164,,94.7,150000.0,135135.0,0.0,247019.0
Callan Fang,2025,389.0,195,263,,91.9,177500.0,118946.0,0.0,222248.0
Aiden Taurek,2025,392.0,196,251,,0.3,150000.0,113794.0,0.0,144890.0
Brayden Smith,2025,394.0,197,113,,99.6,150000.0,262976.0,0.0,319550.0
Logan Forsythe,2025,397.0,198,227,,99.3,150000.0,169516.0,0.0,278839.0
Jack Goodman,2025,399.0,199,249,,96.8,150000.0,171918.0,0.0,327130.0
Dylan Grego,2025,400.0,200,214,,99.2,150000.0,156317.0,0.0,285768.0
Aaron Savary,2025,402.0,201,110,,97.1,150000.0,163989.0,0.0,345597.0
Kyle West,2025,404.0,202,168,,98.9,150000.0,151072.0,0.0,238154.0
Max Banks,2025,406.0,203,202,,96.8,150000.0,68260.0,0.0,206452.0
Griffin Kirn,2025,410.0,204,180,,99.1,150000.0,36572.0,0.0,253253.0
NIck Hollifield,2025,411.0,205,108,,92.4,150000.0,279935.0,0.0,611422.0
Jacob Hartlaub,2025,417.0,206,274,,95.7,150000.0,65487.0,0.0,158020.0
Merit Jones,2025,419.0,207,252,,92.3,150000.0,205007.0,0.0,282766.0
Luke Heyman,2025,422.0,208,109,,97.1,230000.0,279764.0,0.0,555635.0
Josh Wakefield,2025,426.0,209,257,,45.8,150000.0,99679.0,0.0,258823.0
Beau Ankeney,2025,429.0,210,247,,98.9,150000.0,74503.0,0.0,143733.0
Jonathan Gonzalez,2025,431.0,211,121,,99.5,50000.0,142480.0,0.0,398374.0
Anthony Silva,2025,432.0,212,162,,98.4,150000.0,264083.0,0.0,563639.0
Brennan Stuprich,2025,434.0,213,131,,99.4,150000.0,52251.0,0.0,184713.0
Caedmon Parker,2025,436.0,214,260,,60.2,150000.0,100564.0,0.0,322614.0
Josh Hogue,2025,438.0,215,73,,99.6,150000.0,306973.0,0.0,549706.0
Jacob Walsh,2025,441.0,216,141,,99.5,150000.0,131709.0,0.0,234541.0
Jake Casey,2025,442.0,217,248,,97.0,150000.0,63506.0,0.0,242135.0
Luke Hanson,2025,445.0,218,253,,94.4,150000.0,195437.0,0.0,447457.0
Damian Bravo,2025,446.0,219,135,186.0,99.7,150000.0,262522.0,0.0,353393.0
Skylar King,2025,448.0,220,176,,94.6,150000.0,316039.0,0.0,670210.0
Trevor Haskins,2025,450.0,221,222,,99.4,100000.0,121786.0,0.0,249814.0
Noah Edders,2025,451.0,222,189,,98.7,100000.0,120085.0,0.0,201998.0
Brayden Corn,2025,452.0,223,237,,99.0,150000.0,146889.0,0.0,224248.0
Connor Rasmussen,2025,458.0,224,154,,92.2,150000.0,230091.0,0.0,416385.0
Ryan Reed,2025,460.0,225,145,,98.9,150000.0,198188.0,0.0,316583.0
Jack Cebert,2025,464.0,226,267,,98.4,150000.0,32743.0,0.0,225664.0
Kaleb Freeman,2025,466.0,227,144,,99.7,150000.0,110656.0,0.0,211395.0
Gage Harrelson,2025,469.0,228,107,,99.9,150000.0,332826.0,0.0,337257.0
Jackson Phipps,2025,470.0,229,148,,89.7,100000.0,39997.0,0.0,239497.0
Jaxson West,2025,472.0,230,206,,99.2,150000.0,230649.0,0.0,623190.0
Eddie King Jr.,2025,473.0,231,185,,99.2,125000.0,149452.0,0.0,200081.0
Garrett Langrell,2025,476.0,232,200,,96.5,50000.0,21798.0,0.0,157710.0
Alex Breckheimer,2025,480.0,233,217,,98.1,200000.0,184760.0,0.0,312938.0
Riely Hunsaker,2025,481.0,234,199,,98.4,45000.0,66595.0,0.0,171724.0
Casey Hintz,2025,482.0,235,235,,98.7,150000.0,138750.0,0.0,347328.0
Collin Rothermel,2025,483.0,236,207,,95.1,100000.0,56572.0,0.0,176458.0
Chase Call,2025,486.0,237,259,,92.4,20000.0,13584.0,0.0,150610.0
Joe Ruzicka,2025,489.0,238,268,,94.9,150000.0,113128.0,0.0,231998.0
Cardell Thibodeaux,2025,490.0,239,178,,98.8,150000.0,211743.0,0.0,561943.0
Zack Mack,2025,493.0,240,198,,98.7,150000.0,91510.0,0.0,180046.0
Jackson Lovich,2025,494.0,241,151,,98.4,150000.0,332045.0,0.0,487888.0
AJ Soldra,2025,495.0,242,232,,98.2,147500.0,145741.0,0.0,259467.0
Derek Cerda,2025,496.0,243,230,,88.6,150000.0,121412.0,0.0,217243.0
Xavier Cardenas III,2025,498.0,244,266,,96.1,100000.0,74974.0,0.0,160847.0
Jared Davis,2025,500.0,245,90,,99.6,100000.0,234696.0,0.0,419372.0
Dylan King,2025,504.0,246,156,,99.3,150000.0,214622.0,0.0,318525.0
Brody Donay,2025,507.0,247,76,248.0,99.1,150000.0,451998.0,0.0,825476.0
JP Smith II,2025,509.0,248,254,,91.3,75000.0,155678.0,0.0,280250.0
Cameron Nickens,2025,510.0,249,128,,99.1,50000.0,386595.0,0.0,933766.0
Braeden Sloan,2025,514.0,250,139,,99.9,150000.0,261925.0,0.0,431762.0
Tyler Schmitt,2025,520.0,251,243,,95.3,150000.0,195369.0,0.0,282687.0
Cannon Peebles,2025,522.0,252,179,,98.3,150000.0,268977.0,0.0,398188.0
Tyrelle Chadwick,2025,527.0,253,275,,27.3,125000.0,50631.0,0.0,166313.0
Jay Dill,2025,530.0,254,186,,99.6,100000.0,147574.0,0.0,242493.0
Will Cresswell,2025,532.0,255,265,,93.7,100000.0,117768.0,0.0,219877.0
Canon Reeder,2025,533.0,256,269,,96.5,150000.0,120675.0,0.0,177114.0
Matthew Dalquist,2025,539.0,257,271,,88.6,150000.0,42183.0,0.0,159633.0
Raul Garayzar,2025,543.0,258,211,,98.2,100000.0,103387.0,0.0,277517.0
Aiven Cabral,2025,547.0,259,205,,98.1,100000.0,132308.0,0.0,324658.0
Zane Petty,2025,552.0,260,258,,97.9,100000.0,159706.0,0.0,276702.0
Easton Marks,2025,557.0,261,215,,99.4,150000.0,185579.0,0.0,303837.0
Itsuki Takemoto,2025,560.0,262,239,,98.8,125000.0,162260.0,0.0,299299.0
Blake Morgan,2025,567.0,263,272,,99.2,50000.0,63344.0,0.0,209736.0
Matthew Becker,2025,569.0,264,220,,99.9,25000.0,135353.0,0.0,210356.0
Jonathan Vastine,2025,580.0,265,261,,99.2,50000.0,124846.0,0.0,243462.0
Anson Aroz,2025,585.0,266,188,,97.5,147500.0,110447.0,0.0,219546.0
Juan Cruz,2025,591.0,267,175,,99.7,150000.0,338074.0,0.0,435498.0
Garrison Sumner,2025,598.0,268,213,,98.8,,195969.0,0.0,288529.0
Freddy Rodriguez,2025,601.0,269,190,,99.4,50000.0,136433.0,0.0,315334.0
Estevan Moreno,2025,602.0,270,161,,96.5,150000.0,276053.0,0.0,366531.0
Curtis Hebert,2025,606.0,271,250,,97.9,150000.0,149776.0,0.0,291219.0
Hayden Friese,2025,607.0,272,127,,95.5,100000.0,228901.0,0.0,303942.0
Kameron Douglas,2025,609.0,273,255,,95.9,150000.0,150944.0,0.0,277516.0
Luke Cantwell,2025,610.0,274,157,,99.6,50000.0,152195.0,0.0,185341.0
Bryce Martin-Grudzielanek,2025,614.0,275,273,,55.3,150000.0,101828.0,0.0,197850.0
