Season,Name,Team,Age,PA,BB%,K%,BB/K,AVG,OBP,SLG,OPS,ISO,Spd,BABIP,wSB,wRC,wRAA,wOBA,wRC+,NameASCII,PlayerId,MLBAMID
2026,"Jackson McKenzie","FAMU",22,164,0.158536585,0.207317073,0.764705882,0.404580152,0.518292682,0.82442748,1.342720162,0.419847328,5.153474988084921,0.476744186,-0.44998159632086754,57.73730458836783,29.698123117496852,0.5710617725442095,205.91651239302155,"Jackson McKenzie","sa3037662",
2026,"Josiah Overbeek","ARMY",,220,0.254545454,0.186363636,1.365853658,0.31372549,0.513636363,0.7124183,1.226054663,0.39869281,5.772417308477922,0.319587628,0.14944758173078299,66.99463786602097,34.40699519634323,0.536275577545166,205.5829522408455,"Josiah Overbeek","sa3070932",
2026,"Blake Primrose","JOES",20,263,0.182509505,0.209125475,0.872727272,0.391304347,0.505703422,0.855072463,1.360775885,0.463768116,6.821389204326186,0.431818181,0.04037493094801903,88.6676855342741,45.5251774894352,0.5591840422198799,205.52278843436716,"Blake Primrose","sa3060307",
2026,"Michael Rodriguez","BCU",20,218,0.183486238,0.110091743,1.666666666,0.422077922,0.578703703,0.571428571,1.150132274,0.149350649,8.420276676058938,0.484615384,-0.6584923383779824,74.91489631229524,37.64330143028383,0.5631551563187882,200.99729176990974,"Michael Rodriguez","sa3041003",
2026,"Jorsixt Jimenez","TNTC",23,238,0.096638655,0.159663865,0.605263157,0.400990099,0.483193277,0.816831683,1.30002496,0.415841584,6.7046206934633945,0.417808219,-1.4225758300162852,77.0613195098004,36.607007632311316,0.539623349905014,190.4897548206261,"Jorsixt Jimenez","sa3059598",
2026,"Tyree Reed","JKST",23,256,0.1875,0.15234375,1.23076923,0.401069518,0.537848605,0.641711229,1.179559834,0.240641711,6.755650604057972,0.461538461,-0.7800176395103335,82.98343114259289,39.214952749038204,0.5448305084410892,189.5963355098334,"Tyree Reed","sa3071087",
2026,"Brayden Bakes","ILST",21,276,0.137681159,0.134057971,1.027027027,0.393162393,0.481884057,0.709401709,1.191285766,0.316239316,5.812355015475839,0.417582417,0.6718025021255016,80.78950842264715,38.11223973873677,0.5119229319734849,189.30337135915485,"Brayden Bakes","sa3058541",
2026,"Jeremy Cheeseman","FDU",21,184,0.16847826,0.179347826,0.939393939,0.328244274,0.516304347,0.732824427,1.249128774,0.404580153,8.601244304585029,0.333333333,3.0679759117774665,61.212530004661176,28.762551176230996,0.5368499882195307,188.63657917407164,"Jeremy Cheeseman","sa3028816",
2026,"Landon Hairston","ASU",20,291,0.151202749,0.092783505,1.629629629,0.4,0.508591065,0.859574468,1.368165533,0.459574468,6.803117676707309,0.362637362,-0.8174834921956062,98.59078984375583,45.92663842852699,0.5569501607278778,187.20664283835097,"Landon Hairston","sa3065050",
2026,"Jack Cannon","LEM",21,225,0.111111111,0.124444444,0.892857142,0.43877551,0.504464285,0.698979591,1.203443876,0.260204081,8.5,0.477987421,6.356029866728932,74.22835049800894,34.54766986541768,0.5343952860151019,187.0642068499258,"Jack Cannon","sa3028366",
2026,"Jackson Marshall","CONN",19,271,0.140221402,0.132841328,1.055555555,0.375,0.47601476,0.669642857,1.145657617,0.294642857,2.9795349982037442,0.397727272,-0.7620528824627399,75.08745215471328,34.386863824086795,0.5068696882452032,184.48738761402933,"Jackson Marshall","sa3070685",
2026,"Ryan Tayman","CP",20,286,0.108391608,0.174825174,0.62,0.357142857,0.447183098,0.672268907,1.119452005,0.31512605,3.4557311740198022,0.385057471,-0.09198512486182153,72.39346351831185,32.88734757511841,0.4937622675173719,183.24621843971636,"Ryan Tayman","sa3043594",
2026,"Tommy Harrison","M-OH",22,272,0.150735294,0.121323529,1.242424242,0.386046511,0.507352941,0.697674418,1.205027359,0.311627907,3.3947340102827126,0.39520958,-1.6762461722828448,83.44082127571299,37.65678416252331,0.5283664699424716,182.24871928490322,"Tommy Harrison","sa3033306",
2026,"Byron Robinson","TXSO",,207,0.193236714,0.188405797,1.025641025,0.379746835,0.516908212,0.651898734,1.168806946,0.272151899,5.9495071883600215,0.45045045,0.7358583370223641,64.27677965872762,28.885861582689262,0.5320092862930851,181.61941863341096,"Byron Robinson","sa3071139",
2026,"Tanner Mally","WMU",21,243,0.098765432,0.053497942,1.846153846,0.446153846,0.553719008,0.528205128,1.081924136,0.082051282,7.44433783678477,0.478021978,-0.6672322116792202,73.96269340986605,33.060042606538495,0.5259786009295913,180.8261615255727,"Tanner Mally","sa3036924",
2026,"Alex Fernandes","SJSU",23,248,0.169354838,0.108870967,1.555555555,0.401041666,0.528225806,0.661458333,1.189684139,0.260416667,8.213528618628105,0.4375,1.0198913417989388,79.14428829270356,34.883750310716565,0.524821437895298,178.81456462393982,"Alex Fernandes","sa3031256",
2026,"Chris Katz","MER",23,286,0.178321678,0.09090909,1.961538461,0.386363636,0.51048951,0.79090909,1.3013986,0.404545454,4.574303287578321,0.352272727,-1.4625677801668644,92.13111277038132,40.57692249232805,0.5416501531234155,178.70732189465056,"Chris Katz","sa3035116",
2026,"Jake Bennett","DBU",21,198,0.151515151,0.191919191,0.789473684,0.346153846,0.474747474,0.775641025,1.250388499,0.429487179,4.505491422398307,0.346534653,0.10531124984845519,58.76014188462933,25.827519869153107,0.5219678225541355,178.4253372143154,"Jake Bennett","sa3058621",
2026,"Hunter Ray","FDU",20,291,0.164948453,0.213058419,0.774193548,0.344680851,0.467353951,0.808510638,1.275864589,0.463829787,7.152549720812971,0.345070422,1.700204299762845,90.7553747270236,39.43502777553891,0.5184352494187371,176.840922008611,"Hunter Ray","sa3060337",
2026,"Brady Christman","GASO",19,177,0.15819209,0.265536723,0.59574468,0.383561643,0.480225988,0.719178082,1.19940407,0.335616439,7.0068538483604375,0.494382022,0.3346550315618515,51.15337530833671,22.157301510991555,0.5137571066112842,176.4148334903888,"Brady Christman","sa3069795",
2026,"Matt Bucciero","FAIR",21,258,0.155038759,0.205426356,0.754716981,0.326923076,0.453488372,0.6875,1.140988372,0.360576924,7.015560886300978,0.352941176,1.5623598457314074,68.84392004971144,29.753225085779412,0.4971863179243812,176.11331830562727,"Matt Bucciero","sa3027938",
2026,"Lorenzo Carrier","PITT",23,268,0.212686567,0.231343283,0.919354838,0.386934673,0.533582089,0.783919597,1.317501686,0.396984924,6.861180590145409,0.475,0.282683989033103,89.0397275059065,38.208056625588824,0.5505631543807129,175.1658483065588,"Lorenzo Carrier","sa3028498",
2026,"Jett Music","CAM",,198,0.156565656,0.292929292,0.534482758,0.296774193,0.431472081,0.787096774,1.218568855,0.490322581,5.010465506840141,0.307692307,-0.04272830206900835,55.03223854122928,23.49679556308559,0.5018167913262614,174.50916601796445,"Jett Music","sa3060117",
2026,"Jake Evans","LBSU",20,150,0.093333333,0.133333333,0.7,0.364406779,0.483221476,0.542372881,1.025594357,0.177966102,3.8727225741227356,0.412371134,-0.08646164438687265,36.14285034691121,15.42285946761395,0.4796240153728715,174.4346827055024,"Jake Evans","sa3059152",
2026,"Clay Burdette","XAV",22,242,0.095041322,0.20661157,0.46,0.343283582,0.438016528,0.701492537,1.139509065,0.358208955,6.726117649355512,0.376811594,0.5381251778453588,63.13787043107841,26.792695611847385,0.48951475827161933,173.71733867041624,"Clay Burdette","sa3058770",
2026,"Lukas Torres","WAG",24,265,0.196226415,0.037735849,5.2,0.405940594,0.532319391,0.5,1.032319391,0.094059406,7.73731211395542,0.42051282,0.8767547477036715,81.1301475312065,34.395123675043465,0.5133695053963607,173.59603320392384,"Lukas Torres","sa3043970",
2026,"Mason Roell","INST",,202,0.113861386,0.178217821,0.638888888,0.36196319,0.475247524,0.625766871,1.101014395,0.263803681,6.746571136463609,0.411764705,-0.16553955525159836,53.86847422135688,22.63366163385725,0.4855962909094178,172.46293401137743,"Mason Roell","sa3066489",
2026,"Danny MacDougall","DAY",,272,0.117647058,0.194852941,0.603773584,0.383928571,0.479553903,0.660714285,1.140268188,0.276785714,7.9138134593594796,0.459627329,1.3986554499715567,76.69064272395643,32.0717750882295,0.5034872317845936,171.87940166941664,"Danny MacDougall","sa3070647",
2026,"Paul Contreras","CSUF",20,230,0.14347826,0.134782608,1.064516129,0.34574468,0.441048034,0.632978723,1.074026757,0.287234043,4.30081788356428,0.344594594,-1.2654206741135567,54.59561923232145,22.824966550732327,0.47546549993831516,171.84292617305664,"Paul Contreras","sa3066537",
2026,"Caden Miller","UTSA",20,278,0.190647482,0.129496402,1.472222222,0.368932038,0.514388489,0.626213592,1.140602081,0.257281554,7.144903483196766,0.403614457,0.191550487652421,79.57097101001024,33.26316666392564,0.5131631776583281,171.83058478724462,"Caden Miller","sa3060038",
2026,"Matthew Thomas","CSUN",20,241,0.091286307,0.195020746,0.468085106,0.334928229,0.410788381,0.679425837,1.090214218,0.344497608,6.290165578837212,0.366666666,0.23551694210618734,57.185358758776474,23.895240079372208,0.4753625716905871,171.77877708845654,"Matthew Thomas","sa3060739",
2026,"Jake Paulick","NKU",22,251,0.167330677,0.223107569,0.75,0.329896907,0.474103585,0.618556701,1.092660286,0.288659794,4.585308756016085,0.396825396,0.6623100055148825,67.54247831959867,28.14172312278889,0.48204201744847086,171.424324184191,"Jake Paulick","sa3039560",
2026,"Jamie Laskofski","W&M",19,251,0.163346613,0.095617529,1.708333333,0.354679802,0.464,0.66502463,1.12902463,0.310344828,9.555775302198283,0.349112426,2.338423269800842,68.36584746205523,28.389099040267013,0.4958808715343475,171.01402730591846,"Jamie Laskofski","sa3059761",
2026,"Jonathan Gomez","FDU",,280,0.132142857,0.146428571,0.902439024,0.376146788,0.5,0.610091743,1.110091743,0.233944955,5.804816086116934,0.421052631,-0.01392523804679513,84.30460339836624,34.9242008333638,0.5088871234229633,170.724820008081,"Jonathan Gomez","sa3059318",
2026,"Ashton Kampa","UIC",,214,0.070093457,0.093457943,0.75,0.365591397,0.425233644,0.747311827,1.172545471,0.38172043,4.601484189698594,0.326797385,0.11133888363838196,56.4787212953143,23.3883752867751,0.4828095926302616,170.68035879932947,"Ashton Kampa","sa3070478",
2026,"Michael Anderson","PSU",22,232,0.099137931,0.129310344,0.766666666,0.357894736,0.469827586,0.742105263,1.211932849,0.384210527,4.41414169004564,0.340425531,0.06825128942728043,66.98051261416624,27.713085646545398,0.5120533101003746,170.57525228071876,"Michael Anderson","sa3026065",
2026,"Vahn Lackey","GT",20,283,0.176678445,0.134275618,1.315789473,0.397260273,0.519434628,0.771689497,1.291124125,0.374429224,8.195298533090721,0.406060606,1.5369891561567783,91.43217627626511,37.755449189959485,0.5412165490982811,170.3385829192852,"Vahn Lackey","sa3035829",
2026,"Logan Hughes","TTU",21,257,0.194552529,0.128404669,1.515151515,0.375,0.509727626,0.735,1.244727626,0.36,5.519436911827539,0.38,-0.22153379023075104,79.1911965784599,32.68024498494163,0.525818382255762,170.26354840156813,"Logan Hughes","sa3034267",
2026,"AJ Swader","BELL",23,244,0.114754098,0.077868852,1.47368421,0.371980676,0.454918032,0.65700483,1.111922862,0.285024154,5.056985506445228,0.366666666,-0.4889800844248384,63.81862582072192,26.33083982571536,0.4874595462298784,170.23845000935148,"AJ Swader","sa3071409",
2026,"Nash Rippen","UNA",23,276,0.192028985,0.239130434,0.803030303,0.320754716,0.463768115,0.650943396,1.114711511,0.33018868,3.338512505227314,0.378787878,0.05203874921426177,71.84563614940669,29.441419204235334,0.48616050896437274,169.43040415603733,"Nash Rippen","sa3060374",
2026,"Miller Durham","UTU",21,209,0.110047846,0.119617224,0.92,0.405714285,0.490384615,0.634285714,1.124670329,0.228571429,2.802225560821449,0.429577464,-0.966273891273886,57.41021205804105,23.499981317136246,0.5035737658349367,169.30056447179814,"Miller Durham","sa3069992",
2026,"Kaden Carpenter","UVU",23,255,0.172549019,0.22745098,0.758620689,0.338308457,0.466666666,0.706467661,1.173134327,0.368159204,6.52992269201192,0.395348837,-1.220918569713831,69.66364598313244,28.28991948107155,0.5020089378543928,168.37653233788933,"Kaden Carpenter","sa3028471",
2026,"Thomas Zwirecki","CAN",,200,0.155,0.135,1.148148148,0.364779874,0.48,0.559748427,1.039748427,0.194968553,4.187824832868696,0.403100775,-0.533264241181314,50.91263254642635,20.60976823330074,0.4844285002350807,168.01260772029946,"Thomas Zwirecki","sa3045894",
2026,"Ty Fredo","MSM",21,198,0.196969696,0.141414141,1.392857142,0.331081081,0.47715736,0.581081081,1.058238441,0.25,9.324868020792161,0.353448275,2.4069629553705454,50.40313308371046,20.403297413716096,0.48442654137684005,168.01136392264758,"Ty Fredo","sa3031677",
2026,"Michael Smith","DAY",21,261,0.180076628,0.164750957,1.093023255,0.331550802,0.501945525,0.588235294,1.090180819,0.256684492,9.590436049536892,0.379562043,2.7737006531096995,71.90831054196259,29.09388240620991,0.49698780274112864,167.95345324702524,"Michael Smith","sa3042607",
2026,"Garrett Larsen","YALE",21,223,0.062780269,0.080717488,0.777777777,0.372340425,0.458715596,0.526595744,0.98531134,0.154255319,8.683572243723724,0.401197604,2.5763795655220747,52.762711754908935,21.3116131191162,0.46899675092565907,167.76110865285528,"Garrett Larsen","sa3035994",
2026,"Owen Bond","STMN",21,196,0.153061224,0.158163265,0.967741935,0.354430379,0.471794871,0.537974683,1.009769554,0.183544304,7.09473608034443,0.428571428,1.1301872213371098,48.15227653351131,19.416744428542287,0.4727968808932182,167.5705059423093,"Owen Bond","sa3027362",
2026,"Daniel Jackson","UGA",21,319,0.137931034,0.200626959,0.6875,0.378787878,0.473354231,0.803030303,1.276384534,0.424242425,7.768374668974883,0.395348837,3.3214367404580116,97.43930166391847,39.286599451584785,0.5206550311145364,167.55765073158105,"Daniel Jackson","sa3065812",
2026,"Joseph Mennella","WAG",20,240,0.179166666,0.175,1.023809523,0.375661375,0.491666666,0.634920634,1.1265873,0.259259259,4.532021909130011,0.416058394,-0.7239907095208764,70.78094759859361,28.454888257162953,0.5034278017779191,167.22782300054573,"Joseph Mennella","sa3037871",
2026,"Mikey Bell","GONZ",22,261,0.103448275,0.141762452,0.729729729,0.379464285,0.455938697,0.607142857,1.063081554,0.227678572,4.179792596139183,0.419889502,0.07990222750231624,64.23682837239828,25.81503731063928,0.47159992757884933,167.18853181296083,"Mikey Bell","sa3058608",
2026,"Niguel Jenkins","ALST",21,177,0.13559322,0.29378531,0.461538461,0.333333333,0.491525423,0.607407407,1.09893283,0.274074074,4.587624654239906,0.5,-1.314238578081131,50.56699102255204,20.305191508258375,0.5086698356994801,167.09842717273818,"Niguel Jenkins","sa3034643",
2026,"Chase Swain","LAS",23,264,0.128787878,0.170454545,0.755555555,0.377880184,0.484848484,0.612903225,1.097751709,0.235023041,8.963926995160955,0.445121951,2.134991953149438,72.33169040671802,29.025142407336002,0.49544664765849256,167.0225260340542,"Chase Swain","sa3043367",
2026,"Armani Raygoza","RGV",21,266,0.187969924,0.187969924,1,0.314009661,0.462406015,0.632850241,1.095256256,0.31884058,2.4549487903117613,0.340425531,-1.8129210988990963,68.7252715559058,27.550691816335195,0.48296710019721123,166.91189561761996,"Armani Raygoza","sa3040491",
2026,"Andreaus Lewis II","MAN",23,200,0.12,0.12,1,0.373563218,0.445,0.632183908,1.077183908,0.25862069,4.080249523262898,0.387323943,-0.4504299168474972,50.23472252036739,19.931858207241778,0.4809052649140358,165.77549238013233,"Andreaus Lewis II","sa3036289",
2026,"John Paul Head","UAB",20,258,0.166666666,0.178294573,0.934782608,0.328502415,0.457364341,0.710144927,1.167509268,0.381642512,6.568065389421612,0.328571428,-0.031949431635439396,71.10196648664784,28.1256588561089,0.5016745104808216,165.44456796498454,"John Paul Head","sa3059445",
2026,"Adam Agresti","SJU",21,281,0.177935943,0.131672597,1.351351351,0.296803652,0.444839857,0.639269406,1.084109263,0.342465754,4.717926882036859,0.274390243,1.4350808802992105,69.71184696168885,27.509391902994956,0.4757646267100161,165.18434025872602,"Adam Agresti","sa3025801",
2026,"Dylan Winebrenner","RICH",24,267,0.097378277,0.161048689,0.604651162,0.359447004,0.469924812,0.64516129,1.115086102,0.285714286,5.852946509762383,0.3875,-2.9895195960998535,72.29978763062297,28.501119767611616,0.49221924440305037,165.0730288344711,"Dylan Winebrenner","sa3045442",
2026,"Ellis Garcia","BRY",22,233,0.145922746,0.103004291,1.416666666,0.338624338,0.446351931,0.629629629,1.07598156,0.291005291,6.943203552149425,0.335443037,0.5614895448088646,59.51396708663728,23.456601520145206,0.47941287520617376,165.05356437338645,"Ellis Garcia","sa3031931",
2026,"Jackson Trout","OMA",,220,0.09090909,0.127272727,0.714285714,0.376288659,0.436363636,0.613402061,1.049765697,0.237113402,6.351014224461679,0.4,0.26790321711450815,53.077959194957224,20.82379050570628,0.4682160434397784,164.56154770668772,"Jackson Trout","sa3044083",
2026,"Marcus Dierks","M-OH",,282,0.152482269,0.120567375,1.264705882,0.389162561,0.533582089,0.472906403,1.006488492,0.083743842,9.157892431862109,0.464705882,4.757648108061403,78.02221413447778,30.554940362714927,0.4983566158743047,164.37053981577375,"Marcus Dierks","sa3069953",
2026,"Tanner Griffith","SMC",21,303,0.148514851,0.125412541,1.184210526,0.341991341,0.476510067,0.545454545,1.021964612,0.203463204,8.769131363389754,0.385416666,2.838838571216911,73.20485275798369,28.600244743757724,0.4667800666901889,164.11948454885223,"Tanner Griffith","sa3032726",
2026,"Eli Stephens","MER",20,227,0.154185022,0.242290748,0.636363636,0.37433155,0.475770925,0.748663101,1.224434026,0.374331551,3.559707789101334,0.438596491,-0.9287686995230615,67.1233426573248,26.204457366702098,0.5144856698187438,164.04000788532554,"Eli Stephens","sa3065852",
2026,"Brady Thomas","JVST",,223,0.156950672,0.215246636,0.729166666,0.329341317,0.479262672,0.65269461,1.131957282,0.323353293,7.502045318834819,0.403669724,-0.0881002377718687,60.680599727242914,23.589818366378275,0.49629664393613965,163.60021951780305,"Brady Thomas","sa3060736",
2026,"Blaize Johnson","UNCA",20,228,0.175438596,0.092105263,1.904761904,0.345945945,0.469298245,0.632432432,1.101730677,0.286486487,5.592782130830665,0.346405228,-1.9027234091190621,61.34599798562389,23.813793774865673,0.4919368261308001,163.44896143360455,"Blaize Johnson","sa3065062",
2026,"Kollin Ritchie","OKST",21,290,0.155172413,0.231034482,0.671641791,0.326086956,0.462068965,0.804347826,1.266416791,0.47826087,5.236002723249006,0.330827067,-1.9871984720230103,85.74766528375199,33.26449033386758,0.5131726221791629,163.38124621010724,"Kollin Ritchie","sa3040802",
2026,"Troy Sudbrook","TOL",22,288,0.104166666,0.138888888,0.75,0.372881355,0.466666666,0.665254237,1.131920903,0.292372882,7.153591000921383,0.407407407,-1.0579921714961529,79.09880712930025,30.62159136239352,0.4963363448778788,163.16697623401367,"Troy Sudbrook","sa3043296",
2026,"Ryan Niedzwiedz","SIUE",21,262,0.11832061,0.133587786,0.885714285,0.350877192,0.427480916,0.767543859,1.195024775,0.416666667,2.495308324044677,0.31547619,-1.2167329494841397,72.40353933090799,27.86980104560487,0.4913309928570085,162.5813195089494,"Ryan Niedzwiedz","sa3038865",
2026,"Brendan Lawson","FLA",20,264,0.200757575,0.174242424,1.152173913,0.311827956,0.511363636,0.698924731,1.210288367,0.387096775,8.121943480045001,0.319672131,0.9303529812023044,78.06792493512613,29.941550690436184,0.5102882990331361,162.2144326481021,"Brendan Lawson","sa3059769",
2026,"Carter Beck","INST",,285,0.122807017,0.115789473,1.06060606,0.345991561,0.445614035,0.637130801,1.082744836,0.29113924,6.772607827006826,0.345549738,-0.21359573304653168,71.28077251747006,27.21185376778,0.46884627467707585,161.7484035003046,"Carter Beck","sa3058591",
2026,"Ryan Ellis","SAC",24,178,0.202247191,0.168539325,1.2,0.350746268,0.491428571,0.589552238,1.080980809,0.23880597,5.725623616765413,0.427184466,-0.5376841886900365,46.62009092878868,17.739607331271657,0.49023532458714075,161.4242045891393,"Ryan Ellis","sa3030905",
2026,"Mikey Cruz Jr","NEV",,173,0.080924855,0.092485549,0.875,0.402684563,0.470930232,0.677852348,1.14878258,0.275167785,5.0478867009371715,0.409448818,0.15936761465854943,49.80674729192975,18.931452651269467,0.494485400790392,161.31586069574948,"Mikey Cruz Jr","sa3069887",
2026,"Eric Weeks","CAN",,138,0.079710144,0.152173913,0.523809523,0.368421052,0.44117647,0.622807017,1.063983487,0.254385965,7.512318481387901,0.402173913,0.32600955152884126,33.69093178746493,12.781955411408266,0.4735913197783863,161.13142595562528,"Eric Weeks","sa3044937",
2026,"CJ Griggs","HOF",,225,0.217777777,0.128888888,1.689655172,0.301204819,0.48,0.554216867,1.034216867,0.253012048,5.3706328615328065,0.317829457,-0.332960968837142,57.6825473883175,21.846816731336027,0.47881217850579155,160.96378204327158,"CJ Griggs","sa3059363",
2026,"Grayson Childers","QUC",,223,0.156950672,0.201793721,0.777777777,0.317919075,0.452054794,0.612716763,1.064771557,0.294797688,4.6146198997262085,0.364406779,-1.082069207681343,55.029857793267986,20.768479609307075,0.4719930522518071,160.6177588589522,"Grayson Childers","sa3069794",
2026,"Patrick McCullough","WES",,240,0.058333333,0.125,0.466666666,0.415178571,0.445833333,0.602678571,1.048511904,0.1875,5.915052461067393,0.455026455,-0.10773492860607803,59.08407120003693,22.210839073800972,0.4713787982861201,160.23567176796948,"Patrick McCullough","sa3059963",
2026,"Grayson Fitzwater","VMI",22,253,0.197628458,0.162055335,1.219512195,0.324742268,0.470355731,0.752577319,1.22293305,0.427835051,7.036671215259767,0.311111111,0.712974302470684,73.01513371929386,27.40950385793903,0.5071907222506558,160.10114089261864,"Grayson Fitzwater","sa3031417",
2026,"Ian Armstrong","SMC",20,256,0.08984375,0.1796875,0.5,0.350877192,0.415686274,0.653508771,1.069195045,0.302631579,5.462221732663576,0.383233532,-0.09443296422250569,60.28748480854388,22.601743383983333,0.46027009183285283,159.97425691949724,"Ian Armstrong","sa3058514",
2026,"Diego Castellanos","SMC",21,294,0.105442176,0.112244897,0.939393939,0.382470119,0.458333333,0.55378486,1.012118193,0.171314741,6.132448851118367,0.422535211,0.2778625867795199,69.20332539522403,25.923606727955274,0.46015004503230256,159.89781709824416,"Diego Castellanos","sa3028606",
2026,"Andrew Gauna","USD",,223,0.107623318,0.143497757,0.75,0.369565217,0.457399103,0.565217391,1.022616494,0.195652174,5.259231539609414,0.410596026,-0.25402658176608384,52.27834138076309,19.450527561712295,0.45913289373765614,159.25014583342337,"Andrew Gauna","sa3032060",
2026,"Rayner Heinrich","TAR",20,253,0.075098814,0.154150197,0.487179487,0.377272727,0.444444444,0.677272727,1.121717171,0.3,8.166310725486131,0.412790697,1.0545060406439006,65.35848164582055,24.309254959462102,0.48650215235021377,159.21976349323188,"Rayner Heinrich","sa3065322",
2026,"Jacob Johnson","SMC",21,251,0.099601593,0.207171314,0.48076923,0.338095238,0.428,0.633333333,1.061333333,0.295238095,4.2094438002376044,0.38095238,-0.6759407678619027,58.776963829636315,21.827272042274217,0.45885460829734803,159.07294753062,"Jacob Johnson","sa3070446",
2026,"Jon Embury","FGCU",20,254,0.078740157,0.157480314,0.5,0.363636363,0.429133858,0.654545454,1.083679312,0.290909091,3.908380919976105,0.375,0.1075644816737622,62.02388949652135,22.99971882958829,0.4692911956253953,158.93711111989623,"Jon Embury","sa3059130",
2026,"Seojun Oh","HPU",22,248,0.14516129,0.181451612,0.8,0.351219512,0.447580645,0.668292682,1.115873327,0.31707317,3.462241507301502,0.374149659,-0.0708719165995717,64.86341538470302,24.038912558966015,0.48415622427578897,158.8835402639886,"Seojun Oh","sa3070908",
2026,"Gavin Kelly","WVU",20,305,0.140983606,0.147540983,0.955555555,0.382470119,0.476973684,0.725099601,1.202073285,0.342629482,5.6475159951373115,0.403141361,-3.6772822700440884,87.67321571888836,32.4753937888375,0.5048183906627329,158.8345566062222,"Gavin Kelly","sa3059657",
2026,"Tague Davis","LOU",20,273,0.131868131,0.256410256,0.514285714,0.354978354,0.443223443,0.848484848,1.291708291,0.493506494,5.474242602256183,0.369230769,0.14230172708630562,82.05954120220335,30.279518253223014,0.5182504466165117,158.47722061277935,"Tague Davis","sa3059006",
2026,"Mika Petersen","BRWN",22,200,0.11,0.145,0.758620689,0.343373493,0.430051813,0.548192771,0.978244584,0.204819278,8.368754889394033,0.386363636,1.5716592818498611,44.665298817747924,16.458035467261166,0.45386718653644303,158.3467997684262,"Mika Petersen","sa3039789",
2026,"Jacob Lee","VCU",20,297,0.148148148,0.202020202,0.733333333,0.336170212,0.464646464,0.621276595,1.085923059,0.285106383,5.706160455518132,0.385093167,-1.5740428334102035,77.1055915222676,28.385725022962834,0.480945439651759,158.26314204569485,"Jacob Lee","sa3059778",
2026,"Aubrey Kearns","MORE",20,255,0.125490196,0.16862745,0.744186046,0.387096774,0.470588235,0.622119815,1.09270805,0.235023041,5.016958602688684,0.43902439,-0.29250181559473276,68.36633871511015,25.022433132086128,0.4829363247927497,157.72999178432678,"Aubrey Kearns","sa3059652",
2026,"Evan Wilson","RICH",,188,0.127659574,0.132978723,0.96,0.32885906,0.462365591,0.610738255,1.073103846,0.281879195,4.8910218354312684,0.347826086,-1.7942303018644452,48.632695216754904,17.793183762649527,0.48000663615042166,157.69606236833198,"Evan Wilson","sa3071633",
2026,"Javier Gorostola","FGCU",,255,0.086274509,0.082352941,1.047619047,0.369863013,0.439215686,0.621004566,1.060220252,0.251141553,3.690694926892034,0.357894736,-0.11094409879297018,61.76973402927067,22.591924895144963,0.467246283269396,157.66510530949097,"Javier Gorostola","sa3032506",
2026,"AJ Hurtado","COPP",,199,0.165829145,0.216080402,0.76744186,0.287769784,0.484693877,0.568345323,1.0530392,0.280575539,7.117436182265128,0.355555555,-0.13931213784962893,55.226305055758,20.13094751848841,0.48802380689552854,157.36071358472498,"AJ Hurtado","sa3074316",
2026,"Jake Wrubleski","GONZ",22,157,0.101910828,0.210191082,0.484848484,0.360902255,0.44516129,0.571428571,1.016589861,0.210526316,5.2759623474831265,0.447916666,0.5127396506723017,36.354198763736115,13.242240155704845,0.45606404119922267,157.29605344266773,"Jake Wrubleski","sa3066870",
2026,"Drew Barragan","UNLV",24,251,0.111553784,0.199203187,0.56,0.374407582,0.46,0.687203791,1.147203791,0.312796209,7.312702672247344,0.437086092,0.5432547769742087,70.41253749829157,25.6165897826515,0.4873241784572601,157.18506045516193,"Drew Barragan","sa3058557",
2026,"Payton Knowles","SEA",21,243,0.139917695,0.094650205,1.478260869,0.351485148,0.454545454,0.54950495,1.004050404,0.198019802,5.76628467004906,0.373563218,0.6562770688906312,56.15357085096655,20.381558483121964,0.4555618299925623,156.9762703689629,"Payton Knowles","sa3035567",
2026,"Diego Cruz","M-OH",,229,0.069868995,0.183406113,0.38095238,0.385416666,0.466960352,0.614583333,1.081543685,0.229166667,8.586119839820856,0.458904109,0.9959256472066045,60.46870206767841,21.922582586353265,0.4857725178092587,156.87364352454293,"Diego Cruz","sa3073548",
2026,"Khaleel Pratt","EKU",20,248,0.153225806,0.169354838,0.904761904,0.267045454,0.467741935,0.539772727,1.007514662,0.272727273,8.549048566232853,0.285714285,2.4478445241693407,59.4884942716759,21.38615440789874,0.46477549787490596,156.1281918232795,"Khaleel Pratt","sa3071038",
2026,"Chris Chavez","TXSO",,211,0.137440758,0.090047393,1.526315789,0.374193548,0.512077294,0.451612903,0.963690197,0.077419355,5.769654618241577,0.410071942,-0.3236594037152827,56.306630589567135,20.231830038629482,0.4909648434551442,156.08299901772736,"Chris Chavez","sa3069788",
2026,"Andrew Detlefsen","UTSA",22,280,0.05,0.175,0.285714285,0.385542168,0.442857142,0.658634538,1.10149168,0.27309237,6.81212180542564,0.433862433,0.39283971674740314,72.77638380656127,26.135429788922114,0.4847470296280725,156.03536707040328,"Andrew Detlefsen","sa3059047",
2026,"Wyatt Hanoian","AFA",20,245,0.130612244,0.085714285,1.523809523,0.356756756,0.497959183,0.572972972,1.070932155,0.216216216,7.088086947560431,0.37037037,-0.7780070097651333,68.15532190291113,24.43019365457719,0.4850481923745603,155.87220583054108,"Wyatt Hanoian","sa3070266",
2026,"Miguel Oropeza","ALST",,275,0.105454545,0.12,0.878787878,0.366515837,0.465454545,0.624434389,1.089888934,0.257918552,5.782378264739086,0.37704918,1.1516558229923248,73.2764516242273,26.259531474900992,0.49059233448722145,155.85123694087233,"Miguel Oropeza","sa3070922",
2026,"Diego Cardenas","ACU",22,271,0.140221402,0.291512915,0.481012658,0.317180616,0.420664206,0.726872246,1.147536452,0.40969163,1.72373949,0.376,-0.18442163127474487,68.44341026912811,24.47368524144771,0.4804742965311142,155.66030996564274,"Diego Cardenas","sa3058811",
2026,"Paulie Goodness","LEM",,223,0.139013452,0.134529147,1.033333333,0.377906976,0.502262443,0.465116279,0.967378722,0.087209303,8.229793217168252,0.444444444,2.4198887408711016,61.08403984985919,21.756076378446533,0.48483734837484577,155.31961092839433,"Paulie Goodness","sa3059326",
2026,"Tyce Armstrong","BAY",22,258,0.135658914,0.209302325,0.648148148,0.338095238,0.453488372,0.757142857,1.210631229,0.419047619,5.258689317497953,0.350746268,0.3325038030743599,72.38898095987656,25.697052901013876,0.4978375564249911,155.03532188394234,"Tyce Armstrong","sa3026212",
2026,"Braeden Schnabel","PAC",22,167,0.083832335,0.191616766,0.4375,0.378378378,0.436363636,0.574324324,1.01068796,0.195945946,5.23749357615546,0.46491228,0.11445063212886453,38.10739219045612,13.523334308027948,0.4524715784824256,155.0085521792314,"Braeden Schnabel","sa3060518",
2026,"Evan Bottone","MRSH",21,259,0.088803088,0.115830115,0.766666666,0.381395348,0.474509803,0.572093023,1.046602826,0.190697675,7.4586578694060455,0.415730337,1.2403596974909306,65.75756442358234,23.328281296393644,0.476432448274949,154.98155890700139,"Evan Bottone","sa3027438",
2026,"Rickey Sanchez","GONZ",25,234,0.153846153,0.119658119,1.285714285,0.3626943,0.465811965,0.512953367,0.978765332,0.150259067,3.34628850875,0.404907975,-0.15398886753246188,53.34083669776763,18.89371367688025,0.45222014494431323,154.84845182984907,"Rickey Sanchez","sa3071211",
2026,"CJ Egrie","HC",22,215,0.176744186,0.102325581,1.727272727,0.325301204,0.474178403,0.445783132,0.919961535,0.120481928,9.25,0.361702127,7.503469088114798,49.28530176124589,17.438287334060828,0.4557103500679625,154.75642740053922,"CJ Egrie","sa3030839",
2026,"Mike OConor","EIU",22,197,0.0964467,0.223350253,0.431818181,0.349112426,0.42051282,0.73372781,1.15424063,0.384615384,7.630170125430018,0.383928571,1.4394717714749277,51.812403351293746,18.327111587153617,0.47774834143809786,154.73182589013717,"Mike OConor","sa3039039",
2026,"Jack Herring","ECU",24,268,0.201492537,0.130597014,1.542857142,0.344497607,0.485074626,0.564593301,1.049667927,0.220095694,4.286597374942305,0.379518072,-0.8711300743743777,69.03057228624272,24.388516297930945,0.4822209864410002,154.63125691235274,"Jack Herring","sa3059483",
2026,"Peyton Woods","SELA",,199,0.095477386,0.195979899,0.487179487,0.358024691,0.464646464,0.537037037,1.001683501,0.179012346,2.64285714,0.436974789,-0.298448174726218,47.60886727368294,16.805328295583124,0.46207712665952816,154.55648556333438,"Peyton Woods","sa3045563",
2026,"Cole Prout","CMU",22,246,0.170731707,0.150406504,1.135135135,0.331578947,0.479508196,0.568421052,1.047929248,0.236842105,7.43364438283184,0.379310344,0.6359418896026909,63.992534653001606,22.5849128521021,0.4818601715760153,154.54288816850496,"Cole Prout","sa3040251",
2026,"Alex Kelsey","JOES",20,268,0.115671641,0.100746268,1.148148148,0.373271889,0.48880597,0.506912442,0.995718412,0.133640553,8.405243147887246,0.414893617,1.4336955822072923,67.76614033518766,23.80343251763318,0.47412717164452395,154.14460050190172,"Alex Kelsey","sa3059661",
2026,"Graham Mastros","ILST",,249,0.088353413,0.26506024,0.333333333,0.361111111,0.425101214,0.638888888,1.063990102,0.277777777,6.802519088266329,0.457142857,0.43339190259575844,59.30018125110152,20.79786276453021,0.4567600437986706,154.01716982779624,"Graham Mastros","sa3037272",
2026,"Dee Kennedy","KSU",21,272,0.139705882,0.183823529,0.76,0.357466063,0.461254612,0.733031674,1.194286286,0.375565611,8.82896774505743,0.380645161,1.4937659092247486,75.78986357759155,26.564265003906847,0.4958696840434057,153.96433110740827,"Dee Kennedy","sa3035263",
2026,"Jaylen Hernandez","WIN",22,252,0.111111111,0.178571428,0.622222222,0.318181818,0.456349206,0.601010101,1.057359307,0.282828283,4.531528935930541,0.342857142,-1.1113196649239399,63.70193567193015,22.2189731231974,0.4750864699719444,153.56168353958643,"Jaylen Hernandez","sa3033679",
2026,"Carson Tinney","TEX",21,286,0.192307692,0.23076923,0.833333333,0.325688073,0.482517482,0.688073394,1.170590876,0.362385321,5.367408001319161,0.374045801,0.6059882594272494,80.03352806681745,27.896622635070013,0.4933934211730957,153.50647953509545,"Carson Tinney","sa3043851",
2026,"Cole Fellows","COLU",22,191,0.104712041,0.141361256,0.74074074,0.325301204,0.408376963,0.56626506,0.974642023,0.240963856,4.501746975177813,0.348484848,-0.9247538018971682,41.2724036131946,14.334467113479741,0.4456166487713759,153.21293675791193,"Cole Fellows","sa3031229",
2026,"Liam Bushey","WIU",23,259,0.177606177,0.127413127,1.393939393,0.338308457,0.46124031,0.63681592,1.09805623,0.298507463,3.7877254558306443,0.333333333,-0.8700161869637668,67.33795872272802,23.31414873840164,0.4746790149415186,152.95804417360083,"Liam Bushey","sa3028139",
2026,"Vaughn Coleman","CSUN",,218,0.096330275,0.14678899,0.65625,0.296511627,0.420560747,0.558139534,0.978700281,0.261627907,5.76463804210397,0.308270676,-1.0073986831121147,46.00761041120694,15.8945569999616,0.4448834537902725,152.7829469263518,"Vaughn Coleman","sa3069822",
2026,"Matt Bolton","BING",20,247,0.14979757,0.137651821,1.088235294,0.34,0.444897959,0.55,0.994897959,0.21,8.456483487509573,0.37804878,2.5071175172924995,58.39726445304182,20.17336189972189,0.45875921079090665,152.7768243223761,"Matt Bolton","sa3058671",
2026,"Ben North","CREI",23,265,0.132075471,0.230188679,0.573770491,0.319444444,0.441509433,0.555555555,0.997064988,0.236111111,8.262280956337001,0.4,3.068007657304406,60.800071792126516,21.000603498340464,0.4557536939405045,152.76604034838155,"Ben North","sa3038935",
2026,"Trevor Goldenetz","LBSU",,146,0.136986301,0.109589041,1.25,0.369369369,0.489361702,0.405405405,0.894767107,0.036036036,6.567109696163841,0.422680412,-0.40739867417141795,30.750380301761854,10.58292251257919,0.4443897380896494,152.47524315263777,"Trevor Goldenetz","sa3070180",
2026,"Nu'u Contrades","ASU",22,228,0.087719298,0.122807017,0.714285714,0.366336633,0.434210526,0.762376237,1.196586763,0.396039604,6.582234688717023,0.344155844,1.469426117837429,62.90575702543354,21.643122926903725,0.4930910841937651,152.4521116980141,"Nu'u Contrades","sa3029287",
2026,"Charlie Scholvin","TOL",21,293,0.098976109,0.071672354,1.38095238,0.359649122,0.487972508,0.521929824,1.009902332,0.162280702,7.905714048554064,0.375609756,1.8223494100384414,75.08426684253389,25.765432746340576,0.4779989379378119,152.2425828154954,"Charlie Scholvin","sa3041760",
2026,"Joey Frammartino","MRMK",,252,0.186507936,0.17063492,1.093023255,0.314136125,0.468253968,0.486910994,0.955164962,0.172774869,3.737523734264092,0.368055555,-3.6846233471296728,58.11963132904327,19.938022294505004,0.45955499817454626,152.21891585676624,"Joey Frammartino","sa3074274",
2026,"Tyler Bell","UK",21,194,0.154639175,0.18556701,0.833333333,0.342657342,0.510309278,0.608391608,1.118700886,0.265734266,7.005988910829343,0.404040404,-0.14020796120166779,53.78954412769416,18.423950932732605,0.4906562609770863,152.09569320996835,"Tyler Bell","sa3058609",
2026,"Andrew Duncan","WRST",,243,0.086419753,0.189300411,0.456521739,0.36744186,0.435684647,0.576744186,1.012428833,0.209302326,8.405751684046407,0.44785276,1.7171291951090097,57.94915924158733,19.80420500722569,0.4528337897601464,151.91828225969059,"Andrew Duncan","sa3030651",
2026,"Brennan Hudson","UGA",22,223,0.174887892,0.206278026,0.847826086,0.294478527,0.466367713,0.730061349,1.196429062,0.435582822,2.40247252125,0.262626262,-0.6865532910451293,61.7534403527089,21.10123786571701,0.4902896832992143,151.9067518481172,"Brennan Hudson","sa3034227",
2026,"Harrison Feinberg","NE",23,291,0.127147766,0.178694158,0.711538461,0.330508474,0.439862542,0.597457627,1.037320169,0.266949153,7.069723030721616,0.358381502,4.027169472537935,70.3945724357213,24.04702745269194,0.46339190436392713,151.8841450210513,"Harrison Feinberg","sa3031217",
2026,"Landon Lowe","BRAD",23,238,0.084033613,0.172268907,0.487804878,0.363636363,0.452991452,0.54040404,0.993395492,0.176767677,4.558881770236793,0.435064935,-1.4306639470160007,55.826747554710245,19.025334704091886,0.4531333843866984,151.6972942895376,"Landon Lowe","sa3070632",
2026,"Justin Journette","NORF",22,223,0.130044843,0.30044843,0.43283582,0.331521739,0.439461883,0.695652173,1.135114056,0.364130434,3.985909660318296,0.425742574,-1.5078291832469404,59.61521128015121,20.287247808738545,0.47900675070125426,151.58479112066217,"Justin Journette","sa3034956",
2026,"Michael Gibson","CIT",,177,0.096045197,0.146892655,0.653846153,0.408163265,0.479768786,0.632653061,1.112421847,0.224489796,5.899858298190943,0.457627118,0.8446308420971036,48.11808617588822,16.212171213596502,0.4899876414006845,150.81243159068467,"Michael Gibson","sa3032191",
2026,"Dylan Biddick","UNO",,256,0.17578125,0.1953125,0.9,0.31553398,0.4453125,0.563106796,1.008419296,0.247572816,3.0322900910812978,0.365517241,-1.0507151745259762,59.65041054121512,20.023747333207314,0.45527100819163024,150.5309953252912,"Dylan Biddick","sa3069610",
2026,"Conner Ross","CBU",22,262,0.156488549,0.1870229,0.836734693,0.316831683,0.455598455,0.608910891,1.064509346,0.292079208,4.192605634166769,0.34751773,-1.7143761415500194,63.95564547739816,21.446169620378733,0.4716513057933351,150.4503271047446,"Conner Ross","sa3060425",
2026,"Lane Arroyos","WKU",21,260,0.165384615,0.188461538,0.87755102,0.356807511,0.469230769,0.577464788,1.046695557,0.220657277,5.161274859191057,0.43670886,0.5919694295153022,65.06128069066159,21.8164234986221,0.47352328919447384,150.44859646949664,"Lane Arroyos","sa3069514",
2026,"Jarren Advincula","GT",21,300,0.1,0.053333333,1.875,0.43359375,0.503355704,0.62890625,1.132261954,0.1953125,7.17360992094529,0.433476394,1.087447201833129,85.52829364490985,28.627169525151235,0.5024377107620239,150.31037605671943,"Jarren Advincula","sa3025789",
2026,"Jack Dauer","YALE",20,222,0.094594594,0.171171171,0.552631578,0.302857142,0.432432432,0.497142857,0.929575289,0.194285715,7.447680679286416,0.352941176,0.9440859723836184,47.04969360410144,15.73963128506114,0.44088743184063883,150.27020107682617,"Jack Dauer","sa3065024",
2026,"Hogan Denny","IU",20,248,0.112903225,0.129032258,0.875,0.357487922,0.451612903,0.647342995,1.098955898,0.289855073,5.719922273004173,0.365853658,0.29787562787532806,63.05817513921041,21.082649760029497,0.47526389552700904,150.22605332412613,"Hogan Denny","sa3059037",
2026,"Jacob Parker","MSST",19,205,0.146341463,0.209756097,0.697674418,0.339285714,0.448780487,0.732142857,1.180923344,0.392857143,6.335148643131669,0.357798165,-0.5886312695220113,56.130848251866205,18.75998946337591,0.4869773576899273,150.19951393023305,"Jacob Parker","sa3073776",
2026,"Maddox Haley","GONZ",21,194,0.05670103,0.108247422,0.523809523,0.350877192,0.412371134,0.608187134,1.020558268,0.257309942,5.234708018993379,0.349650349,0.3312318529933691,42.84291991180602,14.284193988506228,0.44463234064505275,150.01691611477804,"Maddox Haley","sa3033006",
2026,"Liam Barrett","UCSB",,164,0.158536585,0.140243902,1.130434782,0.317460317,0.45625,0.46031746,0.91656746,0.142857143,5.229175059187321,0.366336633,0.7524956737179309,33.94307693768977,11.289220242991435,0.44015109315514567,149.83354664565104,"Liam Barrett","sa3066465",
2026,"Collin Quintano","VILL",22,196,0.112244897,0.25,0.448979591,0.31707317,0.418367346,0.597560975,1.015928321,0.280487805,1.70039682125,0.386792452,-0.23517011664807796,44.08961201705428,14.65302414693328,0.4509391802914289,149.77826985785444,"Collin Quintano","sa3040355",
2026,"Alec DeMartino","CLT",23,244,0.143442622,0.229508196,0.625,0.341346153,0.43852459,0.634615384,1.073139974,0.293269231,6.412436144008989,0.417266187,-0.4173996886238456,60.86744648799345,20.223186558336465,0.47345124087372764,149.75656241087114,"Alec DeMartino","sa3030111",
2026,"Diego Tavarez","WAG",,228,0.21491228,0.131578947,1.633333333,0.337349397,0.495614035,0.451807228,0.947421263,0.114457831,6.770224522288516,0.392857142,-1.1460022707469761,60.16474142389359,19.95498504953446,0.4759507001492015,149.6272219700871,"Diego Tavarez","sa3043536",
2026,"Gabe Camacho","UCSD",20,264,0.087121212,0.189393939,0.46,0.266666666,0.403041825,0.576190476,0.979232301,0.30952381,5.608628562554482,0.272108843,0.38749467278830707,54.54296956648226,18.075785618919088,0.4397238395513237,149.56726476305545,"Gabe Camacho","sa3028295",
2026,"Dom Kibler","MILW",21,265,0.16226415,0.116981132,1.387096774,0.30049261,0.450757575,0.536945812,0.987703387,0.236453202,6.016000037899683,0.304878048,-0.18583429628051817,62.20238526759041,20.603978386496426,0.44925862528157956,149.53069103197006,"Dom Kibler","sa3035338",
2026,"Titan Kamaka","MER",23,243,0.119341563,0.148148148,0.805555555,0.393203883,0.475206611,0.631067961,1.106274572,0.237864078,5.510579234852347,0.448484848,-1.2599112535826862,65.48365178502718,21.68061598933855,0.4875489855108182,149.49569269688035,"Titan Kamaka","sa3035045",
2026,"Connor Peek","GTWN",23,267,0.119850187,0.06741573,1.777777777,0.354838709,0.454887218,0.506912442,0.96179966,0.152073733,6.2332618581839085,0.358585858,2.0164854861795902,59.934416629725376,19.83457499032585,0.4504311134044389,149.4629758608265,"Connor Peek","sa3039630",
2026,"Jamie Daly","DAV",20,222,0.126126126,0.283783783,0.444444444,0.327683615,0.452488687,0.587570621,1.040059308,0.259887006,8.297944546160005,0.447619047,1.6530698267742991,54.34994930110469,17.933079392533447,0.4660140006250925,149.2438791075579,"Jamie Daly","sa3058978",
2026,"Owen Michelson","UNCA",,189,0.195767195,0.153439153,1.275862068,0.306569343,0.494680851,0.452554744,0.947235595,0.145985401,4.92624349276479,0.365384615,-0.4883606131770648,46.40894584830629,15.29672393675672,0.4675956298696234,149.16628577748162,"Owen Michelson","sa3060030",
2026,"Jake Russo","UNH",21,188,0.101063829,0.138297872,0.73076923,0.358108108,0.475935828,0.513513513,0.989449341,0.155405405,8.243224763030982,0.414634146,0.6654973588883877,49.439940111874904,16.284526961087547,0.4751522043809534,149.11574133317907,"Jake Russo","sa3074414",
2026,"Gio Colasante","HARV",22,169,0.106508875,0.278106508,0.382978723,0.3125,0.402366863,0.5625,0.964866863,0.25,7.137131147817184,0.4,1.2663861270993948,35.51838556137643,11.68324803021512,0.4388732913683152,149.01691049586273,"Gio Colasante","sa3029126",
2026,"Caden Sorrell","TA&M",21,265,0.124528301,0.230188679,0.540983606,0.340707964,0.433962264,0.743362831,1.177325095,0.402654867,6.608876160102656,0.377622377,-0.33559675980359316,71.9755718529141,23.66690073608518,0.4846326382655018,148.99099931531862,"Caden Sorrell","sa3042754",
2026,"Trey Bridges","GRAM",21,241,0.228215767,0.207468879,1.1,0.312138728,0.5,0.433526011,0.933526011,0.121387283,6.862328141980134,0.425,0.7505311197601259,61.36256451498075,20.158645402298397,0.47945840894675057,148.92409711602818,"Trey Bridges","sa3027685",
2026,"Kaiden Dossa","YALE",21,221,0.153846153,0.21719457,0.708333333,0.31638418,0.425339366,0.519774011,0.945113377,0.203389831,9.291746240115085,0.387596899,5.075359061360359,46.372147167413765,15.203121165125895,0.4384867319693932,148.7763755082047,"Kaiden Dossa","sa3030493",
2026,"Dane Harvey","OSU",21,212,0.08490566,0.207547169,0.409090909,0.327683615,0.415094339,0.728813559,1.143907898,0.401129944,2.5311009501755093,0.327731092,-0.5561135038733482,53.37895706667139,17.49665311350062,0.4726156361822812,148.7612309854326,"Dane Harvey","sa3070293",
2026,"Brody Chrisman","AKR",22,254,0.129921259,0.125984251,1.03125,0.355140186,0.452755905,0.602803738,1.055559643,0.247663552,6.078470319898091,0.370588235,1.5787109918892384,63.592865841660206,20.83865471390218,0.4721205823534117,148.74058990734775,"Brody Chrisman","sa3028881",
2026,"Aaron Manias","PUR",22,215,0.116279069,0.176744186,0.657894736,0.333333333,0.469767441,0.595238095,1.065005536,0.261904762,4.403013972173968,0.382113821,-1.1657405644655228,54.12376803810284,17.73369563276455,0.47256321435750914,148.73223508663062,"Aaron Manias","sa3059907",
2026,"Anibal Rivera","QUC",,189,0.132275132,0.28042328,0.471698113,0.328947368,0.44919786,0.532894736,0.982092596,0.203947368,6.9733433860036005,0.47368421,0.5477908127941191,43.182559234901916,14.144888935491094,0.45285334561597856,148.7122031128582,"Anibal Rivera","sa3060380",
2026,"KJ White","SOU",21,225,0.088888888,0.075555555,1.176470588,0.421052631,0.486363636,0.484210526,0.970574162,0.063157895,7.469373670709215,0.451428571,0.647235500626266,57.19826001127659,18.729870798191417,0.4790805261243473,148.68899161449778,"KJ White","sa3045121",
2026,"Dylan Melton","UMBC",21,259,0.146718146,0.054054054,2.714285714,0.355450236,0.46484375,0.459715639,0.924559389,0.104265403,5.417914544655357,0.375634517,-0.18696905672550201,59.461117630245205,19.380183373929974,0.4513161964714527,148.35262384353328,"Dylan Melton","sa3074367",
2026,"Bear Harrison","TA&M",21,222,0.184684684,0.166666666,1.108108108,0.296774193,0.495495495,0.625806451,1.121301946,0.329032258,4.97480321966674,0.311926605,-0.1400509411469102,59.96856789930546,19.49866228445256,0.48306041955947876,148.18064679967117,"Bear Harrison","sa3059417",
2026,"Dylan O'Connell","MILW",22,260,0.123076923,0.153846153,0.8,0.339622641,0.437007874,0.561320754,0.998328628,0.221698113,8.903192227729509,0.383233532,5.405949084321037,60.42488912954448,19.611357849980575,0.44704312086105347,148.05111744839473,"Dylan O'Connell","sa3039024",
2026,"Ben Cleary","SCU",21,211,0.113744075,0.113744075,1,0.357954545,0.451923076,0.5,0.951923076,0.142045455,4.930597886894107,0.391891891,0.3189262847881764,45.93755164710808,14.876256957333567,0.44129714369773865,147.89322887506967,"Ben Cleary","sa3029013",
2026,"Justin Best","MAN",21,212,0.150943396,0.202830188,0.744186046,0.31707317,0.452830188,0.50609756,0.958927748,0.18902439,5.753436673999704,0.381355932,0.2902503237128258,47.49419250800651,15.373156336093365,0.4526902763348705,147.86008849096768,"Justin Best","sa3058635",
2026,"Tristan Curless","ETSU",,247,0.129554655,0.174089068,0.744186046,0.367149758,0.461538461,0.65700483,1.118543291,0.289855072,3.517378620140458,0.403973509,-0.972654212731868,65.77185949137306,21.247786069417952,0.4842640641729841,147.72201740854317,"Tristan Curless","sa3029708",
2026,"Jackson Hotchkiss","WASH",20,219,0.109589041,0.260273972,0.421052631,0.336898395,0.415525114,0.71657754,1.132102654,0.379679145,5.863378738795738,0.377192982,-0.4202643111348152,54.738173922445604,17.671076914217302,0.4706486071625801,147.6732151705719,"Jackson Hotchkiss","sa3059529",
2026,"Carson Kerce","GT",21,278,0.122302158,0.133093525,0.918918918,0.383966244,0.472924187,0.679324894,1.152249081,0.29535865,6.54387227278354,0.423280423,-0.35289145167917013,77.82462535760658,25.09625033996361,0.4971808311310916,147.5953418469019,"Carson Kerce","sa3035297",
2026,"Rowan Kelly","UCSB",20,281,0.106761565,0.117437722,0.909090909,0.342105263,0.439560439,0.486842105,0.926402544,0.144736842,5.508290291202243,0.375,0.5895777891855687,57.26719129909141,18.451741718541218,0.43646641812481723,147.53710679107292,"Rowan Kelly","sa3065335",
2026,"Caston Thompson","NICH",,225,0.16,0.204444444,0.782608695,0.306010928,0.426666666,0.590163934,1.0168306,0.284153006,2.7423389329834515,0.336,-0.08651024475693703,51.32587232108325,16.497750360920133,0.44992493205600315,147.36904958524747,"Caston Thompson","sa3071447",
2026,"Ian McCubbin","MORE",21,192,0.0625,0.244791666,0.255319148,0.36,0.413612565,0.68,1.093612565,0.32,6.1959950258178615,0.434782608,-0.16030207835137844,48.088206375685886,15.452795113173678,0.4649745531731251,147.34977901419634,"Ian McCubbin","sa3070737",
2026,"Cole Tabor","UIW",22,225,0.168888888,0.213333333,0.791666666,0.301675977,0.423423423,0.603351955,1.026775378,0.301675978,6.189143770293383,0.338842975,-0.024840303231030703,51.31160905889149,16.483487098728368,0.44985569006687887,147.32809629408789,"Cole Tabor","sa3060713",
2026,"TJ Grines","UTM",,269,0.063197026,0.107806691,0.586206896,0.385892116,0.43866171,0.622406639,1.061068349,0.236514523,9.115209688289681,0.404878048,8.162590945139527,67.2708114148736,21.547240427291392,0.46458562754343874,147.12501662029695,"TJ Grines","sa3062843",
2026,"Ryland Duson","PV",19,222,0.117117117,0.144144144,0.8125,0.384210526,0.454954954,0.584210526,1.03916548,0.2,5.080430330087791,0.425806451,-2.5674373297952116,55.82753587144556,17.872058514534856,0.4765055031926782,147.08690223146624,"Ryland Duson","sa3069996",
2026,"Zion Rose","LOU",21,173,0.109826589,0.086705202,1.266666666,0.416666666,0.491329479,0.645833333,1.137162812,0.229166667,8.450365550258175,0.42519685,2.6523339292034507,48.25671676914563,15.443735193418169,0.4961557794857576,147.06593077430753,"Zion Rose","sa3041154",
2026,"Jimmy Janicki","TROY",20,325,0.095384615,0.132307692,0.720930232,0.342756183,0.415384615,0.664310954,1.079695569,0.321554771,4.474536312288606,0.340807174,-1.2206958327442408,78.1489842220198,24.90760578056682,0.46215418100357053,146.78242094718968,"Jimmy Janicki","sa3059581",
2026,"Evan Appelwick","M-OH",23,279,0.225806451,0.17562724,1.285714285,0.29326923,0.467625899,0.557692307,1.025318206,0.264423077,4.957431026860707,0.321917808,-1.0341512598097324,68.83878097084357,21.876478196652663,0.46849900977217035,146.58306110294774,"Evan Appelwick","sa3026132",
2026,"Case Sanderson","NEB",22,287,0.142857142,0.233449477,0.611940298,0.367256637,0.487804878,0.539823008,1.027627886,0.172566371,6.306184399383412,0.490445859,-0.01461898535490036,71.15961863105228,22.58310337369373,0.4685090254823505,146.48975591198416,"Case Sanderson","sa3041494",
2026,"Roch Cholowsky","UCLA",21,299,0.120401337,0.120401337,1,0.32034632,0.451505016,0.636363636,1.087868652,0.316017316,3.68124524139154,0.292817679,-0.2480761855840683,74.09535349450329,23.487764428474687,0.46836762922663355,146.41154590041782,"Roch Cholowsky","sa3028866",
2026,"Owen Hull","UNC",21,324,0.148148148,0.151234567,0.979591836,0.39312977,0.5,0.614503816,1.114503816,0.221374046,6.144163640370493,0.45410628,-0.11502167209982872,89.96688447945316,28.513670430113866,0.49486444062656826,146.39898965613244,"Owen Hull","sa3034286",
2026,"Peter Link","SHU",21,211,0.123222748,0.251184834,0.490566037,0.308139534,0.421800947,0.581395348,1.003196295,0.273255814,5.953623308313103,0.372727272,1.9794565429911017,46.777137616143975,14.80761576579645,0.45026150472921217,146.31791440332563,"Peter Link","sa3036360",
2026,"Cy Turner","WRST",21,217,0.115207373,0.32718894,0.352112676,0.288135593,0.419354838,0.604519774,1.023874612,0.316384181,9.51685254631991,0.414893617,2.218723215162754,49.83148074604751,15.767879639642251,0.44440532527211624,146.28952643728937,"Cy Turner","sa3060795",
2026,"Evan Cloyd","CSUB",,254,0.090551181,0.114173228,0.793103448,0.321782178,0.444881889,0.465346534,0.910228423,0.143564356,4.650669347339381,0.34117647,0.4160354477353394,51.310448806524995,16.224597584248304,0.43438930492701494,146.24256507690768,"Evan Cloyd","sa3029063",
2026,"Kade Dupont","ULM",,225,0.084444444,0.071111111,1.1875,0.365168539,0.479638009,0.5,0.979638009,0.134831461,4.90110073203024,0.385093167,-1.1781726777553558,53.892801140111175,17.033385296028346,0.4611604143591488,146.21176138026823,"Kade Dupont","sa3030683",
2026,"Blake Bowen","AKR",,244,0.245901639,0.184426229,1.333333333,0.291428571,0.487704918,0.485714285,0.973419203,0.194285714,4.9149773362625835,0.354838709,1.266213916707784,60.00260525241474,18.93163078322986,0.46767962027768617,146.09491502918704,"Blake Bowen","sa3058693",
2026,"Alex Conover","OKST",20,277,0.158844765,0.158844765,1,0.357142857,0.476363636,0.625,1.101363636,0.267857143,7.1049463336797105,0.397590361,0.15684359148144722,73.23362493007637,23.103144029669533,0.48139382774179634,146.08602114862623,"Alex Conover","sa3065515",
2026,"Michael Trommer","BUCK",22,234,0.115384615,0.17094017,0.675,0.31632653,0.420600858,0.535714285,0.956315143,0.219387755,4.695578374410789,0.358108108,-0.18322849832475185,50.61381953056288,15.952417781905652,0.4418678951365753,146.02357947777932,"Michael Trommer","sa3044076",
2026,"Tommy McAndrews","FOR",23,244,0.102459016,0.180327868,0.568181818,0.331683168,0.430327868,0.628712871,1.059040739,0.297029703,2.5145056384723734,0.353741496,-1.3628418860025704,58.4469561674195,18.421207258899752,0.460682466381886,146.02339184459,"Tommy McAndrews","sa3037418",
2026,"Boone Hosey","UNF",,202,0.207920792,0.272277227,0.763636363,0.316129032,0.465346534,0.477419354,0.942765888,0.161290322,5.386256349965774,0.459183673,0.10731820901855826,45.29967169486052,14.264701321945248,0.4484341563564716,145.96331541658017,"Boone Hosey","sa3070368",
2026,"Danny Barbero","MCN",22,251,0.155378486,0.147410358,1.054054054,0.306532663,0.438247011,0.552763819,0.99101083,0.246231156,5.210883998017541,0.324675324,0.2657380532473326,56.667141381866635,17.81443643964023,0.4473586417289369,145.8512128463903,"Danny Barbero","sa3026536",
2026,"Nin Burns II","UNLV",24,233,0.124463519,0.171673819,0.725,0.359788359,0.454935622,0.629629629,1.084565251,0.26984127,7.774975171085567,0.4,0.7089056966360658,60.645673554054866,19.062184240333213,0.46765750134963335,145.84075207474976,"Nin Burns II","sa3028090",
2026,"Miguel Morales","TXSO",21,169,0.165680473,0.059171597,2.8,0.366412213,0.493975903,0.435114503,0.929090406,0.06870229,5.53467176249031,0.388429752,-1.9721765648573637,42.129072695375235,13.235038130880145,0.4744458126734538,145.80543468700398,"Miguel Morales","sa3060082",
2026,"Connor Cuff","SELA",21,249,0.092369477,0.176706827,0.522727272,0.301435406,0.406504065,0.612440191,1.018944256,0.311004785,5.405885163478815,0.315436241,0.1294069942086935,56.14719055620656,17.60406892029271,0.4470585073397412,145.67369785609043,"Connor Cuff","sa3029655",
2026,"Matthew Pena","CSUN",21,217,0.096774193,0.230414746,0.42,0.292817679,0.387096774,0.596685082,0.983781856,0.303867403,4.465774926562351,0.314049586,-0.676461937604472,43.6348845885069,13.659964449790207,0.43331226885044083,145.57131223894905,"Matthew Pena","sa3039660",
2026,"Quinton Coats","CIN",20,291,0.127147766,0.278350515,0.456790123,0.338709677,0.429553264,0.737903225,1.167456489,0.399193548,5.971434897041187,0.39716312,0.7450069896876812,76.61211140043464,23.94795998520579,0.4802674098113148,145.47298179436874,"Quinton Coats","sa3058891",
2026,"Brian Heckelman","TOW",22,211,0.137440758,0.123222748,1.115384615,0.3,0.428571428,0.576470588,1.005042016,0.276470588,2.9204703336143183,0.293233082,-0.9620475424453616,48.886180345295536,15.280228484748474,0.4524965206782023,145.4688162030228,"Brian Heckelman","sa3033507",
2026,"Michael Elko","RICH",22,246,0.109756097,0.162601626,0.675,0.340101522,0.458677685,0.532994923,0.991672608,0.192893401,8.849536458342275,0.397350993,3.151773488614708,58.63230538715666,18.27847656955069,0.45947747043341647,145.29551991749534,"Michael Elko","sa3030877",
2026,"Chris Ramirez","CBU",20,292,0.099315068,0.061643835,1.611111111,0.388888888,0.452054794,0.575396825,1.027451619,0.186507937,7.254465827109115,0.390557939,-0.09882585355080664,68.79509742947893,21.418124336922936,0.4627733346942353,145.207878297924,"Chris Ramirez","sa3060331",
2026,"Jose Fernandez","BCU",21,191,0.041884816,0.15183246,0.275862068,0.361445783,0.429319371,0.650602409,1.07992178,0.289156626,5.069303576544829,0.375,-1.4621645445004106,47.39243714444302,14.737048968001831,0.4733585799551759,145.12899644118664,"Jose Fernandez","sa3059176",
2026,"Robbie Lavey","GW",20,236,0.177966101,0.148305084,1.2,0.338541666,0.461864406,0.526041666,0.987906072,0.1875,3.0637555335849167,0.382550335,-1.4482265799306333,56.08886590847009,17.37543663629525,0.45879320800304413,144.88219453290282,"Robbie Lavey","sa3036054",
2026,"Gabe Springer","USD",22,159,0.132075471,0.257861635,0.512195121,0.25,0.452830188,0.465517241,0.918347429,0.215517241,7.485909670470349,0.342857142,-0.7910487125627697,33.85370579085877,10.447327327948114,0.43617944185089014,144.63453132872638,"Gabe Springer","sa3042873",
2026,"Alex Mendes","MSM",22,229,0.096069868,0.11790393,0.814814814,0.320855614,0.429203539,0.540106951,0.96931049,0.219251337,8.5,0.333333333,6.485851476434618,50.137607184475364,15.440827545946538,0.44740192183351096,144.50219215388034,"Alex Mendes","sa3060015",
2026,"Ace Reese","MSST",21,292,0.140410958,0.215753424,0.65079365,0.336032388,0.431506849,0.720647773,1.152154622,0.384615385,3.635727460041274,0.36419753,-0.5043858410790563,76.87398268009758,23.64329601551628,0.47575766950437465,144.4166654555822,"Ace Reese","sa3040543",
2026,"AJ Gracia","UVA",21,272,0.172794117,0.139705882,1.236842105,0.353773584,0.488970588,0.632075471,1.121046059,0.278301887,5.102090707146982,0.376543209,-1.148128262721002,74.47696869901668,22.886616163768863,0.4909207886632751,144.36220153396349,"AJ Gracia","sa3032552",
2026,"Jason Wachs","TULN",20,256,0.1484375,0.1484375,1,0.326732673,0.453125,0.574257425,1.027382425,0.247524752,4.902371672342835,0.358490566,-0.8879997292533517,61.548040511429335,18.904882552444963,0.46369360433891416,144.33274517480228,"Jason Wachs","sa3060850",
2026,"Luke Pettitte","DBU",21,186,0.091397849,0.182795698,0.5,0.337349397,0.403225806,0.692771084,1.09599689,0.355421687,4.102957526127229,0.341880341,-1.3656910830177367,44.598575190976675,13.661869661286886,0.46263518769253964,144.16071274355852,"Luke Pettitte","sa3039836",
2026,"Camden Righi","CONN",19,205,0.102439024,0.204878048,0.5,0.327683615,0.406862745,0.587570621,0.994433366,0.259887006,8.075983110499694,0.377952755,0.5786717496812344,44.27744245887048,13.489174533488821,0.44132623660798165,143.81270997829802,"Camden Righi","sa3073789",
2026,"Carter Taylor","SDST",,200,0.14,0.19,0.736842105,0.303225806,0.449494949,0.44516129,0.894656239,0.141935484,5.159878099388486,0.377192982,0.9301872183568776,42.15263640899073,12.83066487330805,0.4365445008181562,143.75785188146054,"Carter Taylor","sa3071428",
2026,"Ryan Gerety","NE",22,295,0.172881355,0.152542372,1.133333333,0.326271186,0.455782312,0.491525423,0.947307735,0.165254237,7.179611354018448,0.385026737,-0.45805861335247755,67.53829326349152,20.55366862433804,0.44956978567603495,143.74552054462973,"Ryan Gerety","sa3032137",
2026,"Anthony Torreso","DAV",,238,0.176470588,0.231092436,0.763636363,0.302702702,0.445378151,0.578378378,1.023756529,0.275675676,6.0688858633638,0.358333333,0.26080817682668567,56.09934851847634,17.057839337215274,0.45682208452905926,143.69154700966993,"Anthony Torreso","sa3043955",
2026,"Dom Krupinski","M-OH",22,255,0.180392156,0.188235294,0.958333333,0.291891891,0.472222222,0.513513513,0.985735735,0.221621622,6.228525414704208,0.346153846,-0.6331119262613356,61.601089956865884,18.67855516325054,0.4633522248930401,143.51689678408493,"Dom Krupinski","sa3035744",
2026,"Mulivai Levu","UCLA",21,288,0.104166666,0.111111111,0.9375,0.340248962,0.440972222,0.622406639,1.063378861,0.282157677,4.793997691080055,0.331606217,-0.33275891840457916,69.92795557935808,21.18218417127703,0.4630213971767161,143.45440344752745,"Mulivai Levu","sa3036284",
2026,"Caden Ferraro","TTU",21,233,0.167381974,0.154506437,1.083333333,0.37433155,0.480686695,0.604278074,1.084964769,0.229946524,2.4547285110250927,0.421768707,-1.0721083246171474,60.45777391481677,18.290257489564798,0.4764129353183533,143.3752306043135,"Caden Ferraro","sa3070075",
2026,"Rj Johnson","RICH",22,200,0.11,0.175,0.628571428,0.322981366,0.44723618,0.552795031,1.000031211,0.229813665,5.294572680727461,0.369747899,-0.7624069508165121,47.00941454938493,14.201423640762187,0.45615148993592763,143.28647761551807,"Rj Johnson","sa3034804",
2026,"Gavin Grahovac","TA&M",21,273,0.095238095,0.164835164,0.577777777,0.339130434,0.428571428,0.72173913,1.150310558,0.382608696,6.815169366120521,0.335329341,-0.6289075799286366,71.30860636668999,21.54156027274925,0.47356163844084126,143.28478775309912,"Gavin Grahovac","sa3032567",
2026,"Drew Burress","GT",21,311,0.15755627,0.138263665,1.139534883,0.358267716,0.47266881,0.657480314,1.130149124,0.299212598,6.870432617782149,0.382653061,-1.0308640394359827,84.46538842337432,25.477889752557903,0.4886550619671199,143.1920158112466,"Drew Burress","sa3028100",
2026,"Hunter Katschke","UVU",,236,0.122881355,0.156779661,0.783783783,0.290816326,0.398305084,0.704081632,1.102386716,0.413265306,4.6395228982634835,0.25,-2.0572140854783356,54.78113367489799,16.49015542201026,0.4591450617980149,143.0653803439108,"Hunter Katschke","sa3035111",
2026,"Curry Sutherland","MOST",21,261,0.122605363,0.191570881,0.64,0.307317073,0.440613026,0.609756097,1.050369123,0.302439024,4.432796342022228,0.328671328,-0.18989588972181082,62.06103014092017,18.64984657506514,0.4605576370867733,142.96092629396574,"Curry Sutherland","sa3043345",
2026,"Nick Hockemeyer","UAPB",,163,0.171779141,0.098159509,1.75,0.36,0.48765432,0.44,0.92765432,0.08,5.1528412395632675,0.396396396,0.03526715422049165,39.81781001402859,11.94959916188244,0.46974211894435647,142.87896063827216,"Nick Hockemeyer","sa3074308",
2026,"Tre Phelps","UGA",22,312,0.076923076,0.150641025,0.510638297,0.348,0.467948717,0.628,1.095948717,0.28,6.485914088253557,0.363636363,0.5746282255277038,81.21786080483092,24.341236697470077,0.47261438900843644,142.79655672165657,"Tre Phelps","sa3039858",
2026,"Braydon Kersey","MER",20,251,0.147410358,0.247011952,0.596774193,0.325242718,0.438247011,0.684466019,1.12271303,0.359223301,4.636036985836482,0.368,0.12760279793292284,64.53569401290973,19.290582964688145,0.4748440439482609,142.63572907165266,"Braydon Kersey","sa3059671",
2026,"Makoa Sniffen","SMC",19,299,0.04347826,0.110367892,0.393939393,0.354014598,0.404682274,0.5729927,0.977674974,0.218978102,6.658749826172951,0.372294372,-1.0136202082503587,62.70738835611433,18.69162005164713,0.43277340409747733,142.46573619334072,"Makoa Sniffen","sa3065139",
2026,"Derek Williams","MIA",23,265,0.116981132,0.166037735,0.704545454,0.375586854,0.469696969,0.671361502,1.141058471,0.295774648,4.635513563445805,0.4,-1.9751370372250676,71.54419272126916,21.281533082149043,0.48700662363659253,142.3406426061572,"Derek Williams","sa3045281",
2026,"Ronan Donohue","SHU",22,218,0.155963302,0.19266055,0.809523809,0.312138728,0.449541284,0.468208092,0.917749376,0.156069364,6.1923055753300105,0.385826771,-0.5037849033251405,47.00380056847771,13.973678467170787,0.4439429219709624,142.30586379399998,"Ronan Donohue","sa3030470",
2026,"Henry Zipay","OMA",25,222,0.112612612,0.153153153,0.735294117,0.35,0.448113207,0.438888888,0.887002095,0.088888888,4.881722888342676,0.427586206,-2.0956741319969296,46.26059454568557,13.713206141077798,0.4340708967087404,142.13304603922202,"Henry Zipay","sa3045872",
2026,"Wyatt Wawro","NIU",,224,0.174107142,0.129464285,1.344827586,0.357142857,0.490825688,0.446428571,0.937254259,0.089285714,6.027049104360011,0.418439716,-2.06442329287529,53.58073779976432,15.876236647725744,0.46098561872036087,142.10700622641008,"Wyatt Wawro","sa3071567",
2026,"Owen Siegert","SDST",,169,0.147928994,0.100591715,1.470588235,0.342857142,0.452380952,0.428571428,0.88095238,0.085714286,6.793691658759288,0.390243902,0.5589672443456948,35.20420981683125,10.42714386917939,0.43399600436290103,142.0838524271175,"Owen Siegert","sa3065411",
2026,"Hunter Warren","WRST",21,268,0.100746268,0.085820895,1.173913043,0.36123348,0.436567164,0.528634361,0.965201525,0.167400881,5.761249789528578,0.366336633,-1.9221137203276157,59.740033660930976,17.670701418918945,0.43798784511302835,142.00376016729908,"Hunter Warren","sa3060873",
2026,"Nicholas Dromboski","STBK",,183,0.136612021,0.142076502,0.961538461,0.339869281,0.439560439,0.522875816,0.962436255,0.183006535,7.698340899207918,0.382113821,-1.4915781468153,41.36674742970709,12.220353162028825,0.44648216844915034,141.92749555844898,"Nicholas Dromboski","sa3069979",
2026,"Trent Rumley","CAM",,170,0.211764705,0.152941176,1.384615384,0.283333333,0.473372781,0.433333333,0.906706114,0.15,4.744053427528214,0.329787234,-0.561590138822794,38.42235327791061,11.346467892635724,0.4464459588541787,141.90617492717877,"Trent Rumley","sa3041298",
2026,"Aaron Grant","UAPB",20,234,0.115384615,0.132478632,0.870967741,0.37037037,0.446351931,0.592592592,1.038944523,0.222222222,6.864854069119108,0.3875,0.5879323706030846,56.688008957066245,16.68088417545767,0.46783880281857665,141.6947837829274,"Aaron Grant","sa3070206",
2026,"Kelvin Agosto","GWEB",,234,0.098290598,0.094017094,1.045454545,0.364077669,0.431623931,0.577669902,1.009293833,0.213592233,5.132464979155948,0.369318181,-2.5353563626413234,54.57165826190248,16.05176446665063,0.45482243457411087,141.67136221084093,"Kelvin Agosto","sa3058465",
2026,"Ansel Carson","UMES",,210,0.233333333,0.147619047,1.580645161,0.287671232,0.490384615,0.397260273,0.887644888,0.109589041,7.000616587156003,0.347826086,-0.6925077340565622,52.449818721782385,15.414516798030556,0.4634520483131592,141.62114522453717,"Ansel Carson","sa3058823",
2026,"Aidan Lopez","GRAM",21,226,0.159292035,0.10619469,1.5,0.345238095,0.479638009,0.458333333,0.937971342,0.113095238,7.182695982136645,0.385135135,-1.205293613485992,54.67840607930682,16.03904624749682,0.4675411692571856,141.50960657037754,"Aidan Lopez","sa3070618",
2026,"Jake Hanley","IU",20,259,0.166023166,0.181467181,0.914893617,0.338095238,0.447876447,0.604761904,1.052638351,0.266666666,2.14285714,0.372549019,-0.3791413903236389,61.983771860462745,18.146428823334297,0.4592980295995027,141.39491028907707,"Jake Hanley","sa3059407",
2026,"Brayden Huebner","BALL",,214,0.121495327,0.210280373,0.577777777,0.32596685,0.422535211,0.635359116,1.057894327,0.309392266,8.350332668729495,0.376,0.566383907571435,50.92637129447778,14.905106801012359,0.4597629899150329,141.3786329008974,"Brayden Huebner","sa3066980",
2026,"Josh Heyder","SIUE",,195,0.179487179,0.189743589,0.945945945,0.29032258,0.435897435,0.606451612,1.042349047,0.316129032,1.31709955875,0.298076923,-0.20144721865653992,46.84424105891985,13.69890149543089,0.4545576621324588,141.32979681560067,"Josh Heyder","sa3033751",
2026,"Makani Tanaka","ORU",22,284,0.066901408,0.221830985,0.301587301,0.322709163,0.387900355,0.597609561,0.985509916,0.274900398,7.663804289316538,0.380681818,1.1301872213371098,58.78784971494856,17.15065013427915,0.4326362552591914,141.19069079333943,"Makani Tanaka","sa3060716",
2026,"Colby Turner","MICH",21,264,0.083333333,0.109848484,0.758620689,0.36637931,0.431818181,0.625,1.056818181,0.25862069,5.271589725165674,0.369791666,0.08925877511501312,63.08138064354939,18.397756852808424,0.45889751838915277,141.17337693775113,"Colby Turner","sa3044160",
2026,"Spike Magill","EVAN",,225,0.155555555,0.177777777,0.875,0.292682926,0.48,0.384146341,0.864146341,0.091463415,3.5410064213418835,0.368852459,-0.9922533445060253,49.08035083610385,14.289099191611694,0.4365212368965149,141.0709546687833,"Spike Magill","sa3070651",
2026,"Caleb Koskie","IU",21,182,0.104395604,0.126373626,0.826086956,0.371621621,0.461111111,0.567567567,1.028678678,0.195945946,3.5947471461323843,0.398373983,0.11564396321773529,43.42976568890176,12.625146257406088,0.4585562053653929,140.98458767030806,"Caleb Koskie","sa3065341",
2026,"Will Millard","UNA",21,240,0.133333333,0.116666666,1.142857142,0.315,0.426778242,0.54,0.966778242,0.225,3.5194388228263143,0.327160493,-0.8926818058826029,51.969404372176285,15.096172245940323,0.4403597146397355,140.94073498699106,"Will Millard","sa3070783",
2026,"Cord Dobrinski","LIU",,175,0.165714285,0.291428571,0.56862745,0.261904761,0.452941176,0.555555555,1.008496731,0.293650794,9.752589240742648,0.363636363,1.743186878040433,43.497095315339,12.634343712212477,0.4623842968660242,140.93719145551677,"Cord Dobrinski","sa3059059",
2026,"Anthony Pack Jr.","TEX",19,275,0.17090909,0.145454545,1.175,0.354838709,0.48,0.594470046,1.074470046,0.239631337,6.00688101635787,0.386904761,1.8458014354109764,70.49977659748377,20.36813675926508,0.4684095597267151,140.62930481627114,"Anthony Pack Jr.","sa3070939",
2026,"Kevin Hager","COR",21,131,0.099236641,0.175572519,0.565217391,0.333333333,0.426356589,0.45045045,0.876807039,0.117117117,4.652691187212296,0.4,0.6502393335103989,25.941051822172053,7.465294327603226,0.4250346777975097,140.40589042044823,"Kevin Hager","sa3032961",
2026,"Jack Salmon","UNLV",22,198,0.141414141,0.237373737,0.59574468,0.344155844,0.484848484,0.48051948,0.965367964,0.136363636,6.1387726275269054,0.476190476,0.10610345401801169,49.59769021980569,14.260647798703166,0.4581491980287764,140.35608761130223,"Jack Salmon","sa3060461",
2026,"Chris Walsh","MONM",21,247,0.113360323,0.251012145,0.451612903,0.28042328,0.427385892,0.544973544,0.972359436,0.264550264,9.519135225798298,0.355932203,1.5715996706858277,55.21547048099619,15.875801715332086,0.4438127444987475,140.35570764436272,"Chris Walsh","sa3044725",
2026,"Patrick Walsh","NAVY",,193,0.14507772,0.248704663,0.583333333,0.295597484,0.416666666,0.509433962,0.926100628,0.213836478,7.322321542975946,0.396226415,0.03584257885813713,40.106679693924804,11.518429533707517,0.43278082615385455,140.2907819441719,"Patrick Walsh","sa3071554",
2026,"Joe Hall","SEMO",,265,0.090566037,0.147169811,0.615384615,0.345132743,0.437735849,0.579646017,1.017381866,0.234513274,4.1075841109521685,0.375,-0.2704685260541737,63.145179236656126,18.101512650376257,0.4525794697257708,140.1865878651404,"Joe Hall","sa3070255",
2026,"Pedro Moreno","EKU",,267,0.142322097,0.142322097,1,0.303317535,0.445692883,0.483412322,0.929105205,0.180094787,8.125573255725362,0.349112426,-1.1753509130794555,57.50578574927535,16.484315008837843,0.4391441349679611,140.1846026271023,"Pedro Moreno","sa3070813",
2026,"Steven Smith","APP",23,223,0.053811659,0.107623318,0.5,0.363157894,0.439461883,0.563157894,1.002619777,0.2,5.931562173529185,0.384146341,-0.0559899415820837,51.21035544211138,14.67857884997595,0.4506570221062733,140.18030388682482,"Steven Smith","sa3071325",
2026,"Trevor Lucas","UNCW",,259,0.146718146,0.135135135,1.085714285,0.312195121,0.428571428,0.55609756,0.984668988,0.243902439,5.5487551327818885,0.315151515,-0.11500056646764278,57.822801625900816,16.571893891864367,0.44350313196771396,140.17340417988126,"Trevor Lucas","sa3059864",
2026,"Luke Luskey","SDST",22,252,0.099206349,0.17063492,0.581395348,0.290640394,0.412698412,0.536945812,0.949644224,0.246305418,5.314236783329044,0.304635761,0.10860218247398734,51.774820048431664,14.829135913471488,0.431033133041291,140.1376676618076,"Luke Luskey","sa3036707",
2026,"Louie Bartletti","W&M",,181,0.132596685,0.182320441,0.727272727,0.326797385,0.430939226,0.529411764,0.96035099,0.202614379,8.716234739386387,0.385964912,0.7250100923702121,40.39546693948764,11.567612499871439,0.4434234934617143,140.12651209995997,"Louie Bartletti","sa3069568",
2026,"Ben Timblin","WOF",20,225,0.133333333,0.204444444,0.652173913,0.314917127,0.430493273,0.690607734,1.121101007,0.375690607,9.058704116350732,0.336065573,1.4153738422319293,56.805986107418825,16.24761962992935,0.4700734021952334,140.059847180845,"Ben Timblin","sa3060756",
2026,"Ryan Zuckerman","GT",21,276,0.134057971,0.318840579,0.420454545,0.344827586,0.438405797,0.719827586,1.158233383,0.375,6.749116559782434,0.459677419,0.49903210904449224,73.29189583395066,20.942861643772744,0.4824866583381874,140.00620444627455,"Ryan Zuckerman","sa3045886",
2026,"Tre Keels","LONG",21,247,0.186234817,0.295546558,0.630136986,0.285714285,0.460905349,0.489010989,0.949916338,0.203296704,7.059272934084484,0.431372549,3.2787638370064087,56.923265862551595,16.26337796756353,0.451971602537995,139.99858044263874,"Tre Keels","sa3035148",
2026,"Kyle Panganiban","CSUN",20,204,0.093137254,0.171568627,0.542857142,0.294117647,0.4,0.523529411,0.923529411,0.229411764,7.700820772958023,0.325396825,0.21405913843773305,39.44062163322022,11.261434037375952,0.42431469589471815,139.96365757200442,"Kyle Panganiban","sa3060201",
2026,"Tyler Wright","CHSO",,166,0.096385542,0.114457831,0.842105263,0.328244274,0.463855421,0.473282442,0.937137863,0.145038168,4.566211682160113,0.357798165,-1.0766384388552979,38.2143616319153,10.888283127591349,0.45171115556395197,139.84575805807054,"Tyler Wright","sa3065450",
2026,"Merik Carter","GWEB",22,249,0.184738955,0.112449799,1.642857142,0.312169312,0.443548387,0.56084656,1.004394947,0.248677248,6.393553510169386,0.303797468,0.09102478960994631,57.29116398627044,16.302046229784498,0.45158484794439807,139.77164457804153,"Merik Carter","sa3062569",
2026,"Alexander Manent","SPU",,222,0.157657657,0.252252252,0.625,0.277456647,0.432432432,0.502890173,0.935322605,0.225433526,2.7293253156312174,0.351851851,-0.29063407192006707,46.98746274715439,13.351283359584965,0.43982826965349214,139.69322200879643,"Alexander Manent","sa3059906",
2026,"Alex Marot","CHSO",22,221,0.171945701,0.113122171,1.52,0.333333333,0.4479638,0.527777777,0.975741577,0.194444444,4.660684355617518,0.353333333,-0.27766256767790765,50.80626619052338,14.426366495007752,0.45138566930908963,139.65477259626974,"Alex Marot","sa3059920",
2026,"James McCoy","GASO",24,263,0.136882129,0.235741444,0.580645161,0.337962962,0.44486692,0.550925925,0.995792845,0.212962963,5.373248581650522,0.432432432,1.1243430022150278,60.1693275518145,17.08476592073101,0.44974055399006313,139.65403214966253,"James McCoy","sa3037507",
2026,"Dylan Carey","NEB",22,278,0.075539568,0.176258992,0.428571428,0.352697095,0.427536231,0.622406639,1.04994287,0.269709544,6.518573238978432,0.391061452,0.395483635365963,65.70190179096272,18.6486918901067,0.45611302165881445,139.63319809509412,"Dylan Carey","sa3028427",
2026,"Cole Raile","VMI",21,239,0.092050209,0.184100418,0.5,0.346534653,0.435146443,0.663366336,1.098512779,0.316831683,8.938676467071078,0.372413793,3.1568598514422774,60.1364764963108,17.054478326888646,0.4691959829011223,139.58608943768357,"Cole Raile","sa3040395",
2026,"Brady Nathison","TOW",,155,0.109677419,0.13548387,0.809523809,0.348484848,0.428571428,0.537878787,0.966450215,0.189393939,7.419028233682696,0.379629629,0.3747747056186199,34.458377870143224,9.771541195333768,0.44249871179655,139.58198988412593,"Brady Nathison","sa3038689",
2026,"Nate Vargas","UCSB",23,199,0.100502512,0.185929648,0.54054054,0.278787878,0.383838383,0.563636363,0.947474746,0.284848485,1.8326719525000001,0.285714285,0.13249623333103955,38.35539288637095,10.86687165316992,0.42362273311374166,139.53239812713082,"Nate Vargas","sa3060826",
2026,"Nick Fox","CCSU",,124,0.120967741,0.14516129,0.833333333,0.372549019,0.447154471,0.558823529,1.005978,0.18627451,4.984476730829359,0.418604651,-0.9158626096323133,30.48928243733042,8.620818444257909,0.46001766706869857,139.42123437196508,"Nick Fox","sa3075639",
2026,"Dylan Johnson","COFC",23,249,0.108433734,0.116465863,0.931034482,0.339712918,0.437751004,0.507177033,0.944928037,0.167464115,4.899908692646514,0.372881355,-1.2974975826218724,55.255617108975144,15.597408515248983,0.44207004203375083,139.32958413486298,"Dylan Johnson","sa3034741",
2026,"Cal Sullivan","SEMO",,254,0.169291338,0.18503937,0.914893617,0.301980198,0.437007874,0.58910891,1.026116784,0.287128712,2.347873425983961,0.323943661,-0.6578780808486044,60.05150979949006,16.87758031679162,0.45068552198372486,139.09206439862083,"Cal Sullivan","sa3071401",
2026,"Gabriel Melara","HOF",20,207,0.06763285,0.217391304,0.311111111,0.335260115,0.429268292,0.52601156,0.955279852,0.190751445,6.992100538444454,0.419354838,-0.3790931375697255,45.85401622408472,12.885144019661771,0.4416508456555808,139.08275642481078,"Gabriel Melara","sa3070766",
2026,"Kyle Neri","RID",22,251,0.091633466,0.143426294,0.638888888,0.345454545,0.418326693,0.531818181,0.950144874,0.186363636,5.340023432968912,0.38547486,-1.1822662875056267,52.83895608371381,14.808861370741166,0.4386417813510059,138.93984877636828,"Kyle Neri","sa3038772",
2026,"Carson Raether","M-OH",20,215,0.148837209,0.172093023,0.864864864,0.286624203,0.459715639,0.515923566,0.975639205,0.229299363,7.224140976880952,0.324561403,0.13734635198488832,50.26376699910754,14.074178839784805,0.45558585713824956,138.89013264761118,"Carson Raether","sa3065599",
2026,"Jonathan Clough","NMSU",22,197,0.086294416,0.208121827,0.414634146,0.331360946,0.426395939,0.597633136,1.024029075,0.26627219,8.975583831022265,0.414634146,1.0025732405483723,45.50401700942927,12.737721367768577,0.4534815153494704,138.87446267063893,"Jonathan Clough","sa3058886",
2026,"Jonathan Trejo","TXSO",21,201,0.144278606,0.07960199,1.8125,0.345911949,0.461928934,0.503144654,0.965073588,0.157232705,3.2575859192545513,0.347826086,-0.950515128672123,47.67524538060896,13.310151016919539,0.4630761064853765,138.7316003734976,"Jonathan Trejo","sa3044030",
2026,"Milo Suarez","DART",23,166,0.144578313,0.150602409,0.96,0.264,0.424242424,0.448,0.872242424,0.184,5.122036078115614,0.292929292,0.8372393976897001,32.47547326459635,9.063444683692346,0.42231369415918985,138.71276960205375,"Milo Suarez","sa3043293",
2026,"Grant Ross","MILW",23,277,0.176895306,0.162454873,1.088888888,0.289099526,0.45289855,0.440758293,0.893656843,0.151658767,6.050921450323863,0.341614906,1.1342473170952871,60.261131210190605,16.779022885424446,0.43287361272867175,138.5883378977454,"Grant Ross","sa3060426",
2026,"Jayson Jones","WICH",22,265,0.079245283,0.132075471,0.6,0.355263157,0.430188679,0.583333333,1.013522012,0.228070176,3.4171625209529433,0.362637362,-0.4495203159749508,61.1659993893548,17.023667908374886,0.4533179539554524,138.56540272620182,"Jayson Jones","sa3034880",
2026,"Tyson LeBlanc","KU",21,306,0.124183006,0.163398692,0.76,0.34117647,0.425249169,0.705882352,1.131131521,0.364705882,7.178172840427924,0.335135135,0.9022187739610672,76.73465305575911,21.355854660363825,0.4675712171583081,138.56323228230167,"Tyson LeBlanc","sa3070576",
2026,"Carlos Lugo","CAM",,262,0.122137404,0.083969465,1.454545454,0.346846846,0.440613026,0.495495495,0.936108521,0.148648649,5.75926474898594,0.364102564,-0.3827255880460143,57.8159789704051,16.087261494275566,0.4407494687029228,138.5520151763066,"Carlos Lugo","sa3070636",
2026,"Mike Maloney","WMU",,240,0.1,0.120833333,0.827586206,0.354166666,0.466101694,0.489583333,0.955685027,0.135416667,4.656575388303666,0.389937106,-1.3964088135398924,55.94014799322479,15.54246818746917,0.45488678600828525,138.47366547336904,"Mike Maloney","sa3036941",
2026,"Petey Craska","UNA",21,270,0.14074074,0.148148148,0.95,0.277511961,0.431226765,0.516746411,0.947973176,0.23923445,3.2708333275,0.289308176,-0.3368561102543026,57.44134832405678,15.958962182041327,0.43639035871924076,138.4716590974435,"Petey Craska","sa3058950",
2026,"Jaylon Lucky","SOU",21,226,0.216814159,0.150442477,1.44117647,0.313253012,0.473451327,0.457831325,0.931282652,0.144578313,6.260006375255463,0.37037037,-0.07632460817694664,53.50310632580342,14.863746493993428,0.4626522475639276,138.467890148006,"Jaylon Lucky","sa3036652",
2026,"Brandon Doubek","LAF",,159,0.119496855,0.245283018,0.487179487,0.305970149,0.401273885,0.544776119,0.946050004,0.23880597,1.6172646783231341,0.367816091,-0.8715699603781104,32.610604428725615,9.058626317458526,0.42988245426469546,138.46227384664962,"Brandon Doubek","sa3030501",
2026,"Josh Williams","NKU",,245,0.102040816,0.167346938,0.609756097,0.322274881,0.408163265,0.582938388,0.991101653,0.260663507,7.238405505104734,0.354037267,1.0221468234667554,53.22341136874202,14.764506893768342,0.432577142423513,138.39034703491367,"Josh Williams","sa3045319",
2026,"Will Gasparino","UCLA",21,262,0.114503816,0.209923664,0.545454545,0.313636363,0.41221374,0.659090909,1.071304649,0.345454546,5.401099021935518,0.331081081,-0.7571237087249756,61.338241159078166,16.993129669782203,0.4537392226794294,138.3201870489919,"Will Gasparino","sa3032034",
2026,"Alex Benevento","BRWN",,201,0.119402985,0.149253731,0.8,0.304347826,0.412060301,0.484472049,0.89653235,0.180124223,7.894397221333707,0.33076923,1.2330995686352253,39.18751761793276,10.839217950693573,0.42154727149848364,138.235866270385,"Alex Benevento","sa3064996",
2026,"Cade Sanchez","AMCC",23,202,0.08910891,0.138613861,0.642857142,0.358381502,0.440594059,0.491329479,0.931923538,0.132947977,5.065941872514241,0.405594405,1.355263172648847,43.22102275100472,11.953108813436053,0.4344697128428091,138.22803413525546,"Cade Sanchez","sa3041473",
2026,"Aiden Robbins","TEX",21,284,0.137323943,0.228873239,0.6,0.333333333,0.426056338,0.696202531,1.122258869,0.362869198,7.585755067999122,0.359477124,1.1664812425151467,71.45716537154124,19.684853684071758,0.46335089962247394,138.02197167262304,"Aiden Robbins","sa3040859",
2026,"Landon Akers","BELL",21,254,0.074803149,0.078740157,0.95,0.357142857,0.42063492,0.535714285,0.956349205,0.178571428,7.319171371913542,0.36683417,1.0885633737780154,53.85403383849621,14.829863171563149,0.43563490065317306,138.00173819998477,"Landon Akers","sa3058469",
2026,"Levi Castilleja","HCU",,157,0.070063694,0.095541401,0.733333333,0.325581395,0.428571428,0.511627906,0.940199334,0.186046511,1.8137755025,0.342342342,-0.19896544981747866,33.51054467093245,9.2082551253964,0.43389899815831867,137.89048397330046,"Levi Castilleja","sa3069765",
2026,"Cole Smith","NIU",23,242,0.136363636,0.157024793,0.868421052,0.356783919,0.4375,0.582914572,1.020414572,0.226130653,7.42603761428893,0.401234567,-0.5198845695704222,56.16854296482586,15.434215827355617,0.4539069746931394,137.8899491214577,"Cole Smith","sa3060603",
2026,"Vince Venditti","SIE",,171,0.16374269,0.14619883,1.12,0.320895522,0.433734939,0.492537313,0.926272252,0.171641791,4.891532131932224,0.366972477,-1.0592278051190078,35.722435809000366,9.813486821277971,0.43696762136666173,137.8768232780432,"Vince Venditti","sa3060838",
2026,"Ehi Okojie","UMBC",24,233,0.0944206,0.13304721,0.709677419,0.312195121,0.390557939,0.575609756,0.966167695,0.263414635,4.850071383074601,0.319018404,-0.5485083535313606,49.64282633514859,13.585460768656512,0.43335674888586284,137.67735261635812,"Ehi Okojie","sa3066223",
2026,"Ben Niednagel","AFA",22,254,0.141732283,0.145669291,0.972972972,0.347826086,0.455645161,0.545893719,1.00153888,0.198067633,8.668905384317148,0.406060606,1.1203468869207427,62.38303721280689,17.051679763513746,0.45339831181110873,137.6156389814434,"Ben Niednagel","sa3038863",
2026,"Charley Magoulick","RID",20,230,0.073913043,0.178260869,0.414634146,0.354066985,0.4,0.574162679,0.974162679,0.220095694,5.44023732885671,0.401234567,-0.23328723199665546,47.94670741652719,13.098413456432734,0.4365111115186111,137.5869575464211,"Charley Magoulick","sa3065085",
2026,"Davis Mauzy","ULM",,259,0.104247104,0.169884169,0.613636363,0.362790697,0.45703125,0.502325581,0.959356831,0.139534884,6.908695665040957,0.437869822,-1.172963660210371,58.361236145276955,15.931953018088269,0.44607552187517285,137.54942776273086,"Davis Mauzy","sa3059948",
2026,"Marcus Harrison","NKU",,243,0.144032921,0.20164609,0.714285714,0.324873096,0.452674897,0.431472081,0.884146978,0.106598985,5.668824761939883,0.420689655,1.2399496826110408,52.466009998734705,14.321055764373053,0.4313094905374472,137.54377492861792,"Marcus Harrison","sa3059420",
2026,"Peter Crespo","RID",,144,0.222222222,0.229166666,0.969696969,0.25,0.430555555,0.5,0.930555555,0.25,4.753144808718561,0.3,-0.10584980994462967,30.007409567631186,8.189347262180744,0.43642883292502826,137.53471388765325,"Peter Crespo","sa3066047",
2026,"Juan De la Cruz","STET",21,195,0.143589743,0.076923076,1.866666666,0.324503311,0.465968586,0.403973509,0.869942095,0.079470198,7.37272064186725,0.360294117,3.7031240018550307,41.17240109044608,11.212899987879359,0.4347107073399409,137.42685817594847,"Juan De la Cruz","sa3030047",
2026,"Michael Petite","VCU",,300,0.15,0.173333333,0.865384615,0.273913043,0.436666666,0.547826086,0.984492752,0.273913043,8.779696866799544,0.295180722,2.7390786106698215,67.54654591603779,18.334559553103674,0.4461684787273407,137.2562883722837,"Michael Petite","sa3071000",
2026,"Charlie Marion","MILW",22,250,0.092,0.2,0.46,0.320930232,0.401606425,0.6,1.001606425,0.279069768,6.672814386296482,0.357142857,0.9346964383730665,53.862569944777974,14.618789868274224,0.4308714320860713,137.25122768442702,"Charlie Marion","sa3059914",
2026,"Cade Climie","HOU",22,162,0.129629629,0.197530864,0.65625,0.338129496,0.425925925,0.683453237,1.109379162,0.345323741,4.698960208106132,0.37755102,-0.30412963777780533,40.22573313334501,10.90754574754751,0.4650737665317677,137.2040249419765,"Cade Climie","sa3058885",
2026,"Kyle Morrison","USM",22,282,0.124113475,0.216312056,0.573770491,0.307692307,0.416370106,0.602564102,1.018934208,0.294871795,3.3095238025,0.348101265,-0.34826528280973434,63.35832464259713,17.161190118013316,0.4453760037642781,137.14773718028115,"Kyle Morrison","sa3060094",
2026,"Johnny Sweeney","UPST",,279,0.143369175,0.211469534,0.677966101,0.261083743,0.444444444,0.522167487,0.966611931,0.261083744,6.145144212602151,0.294117647,-0.08572001539869234,62.92201477335777,16.994449094403652,0.44686592073850734,137.0027212267233,"Johnny Sweeney","sa3043394",
2026,"Sawyer Pace","BELL",,171,0.122807017,0.134502923,0.913043478,0.297520661,0.482142857,0.347107438,0.829250295,0.049586777,5.0525212067426795,0.353535353,-0.4929280725773424,35.98435361160394,9.712175721660822,0.4339722813594909,136.967531821481,"Sawyer Pace","sa3070936",
2026,"Gavin Donohue","SHU",22,192,0.104166666,0.229166666,0.454545454,0.298136645,0.411458333,0.53416149,0.945619823,0.236024845,7.794440186067515,0.372727272,0.7642867746762931,39.82720721307193,10.736457472471344,0.43543989087144536,136.90677472463688,"Gavin Donohue","sa3030468",
2026,"Rosnell Lewis","DSU",,193,0.098445595,0.113989637,0.863636363,0.34437086,0.465968586,0.456953642,0.922922228,0.112582782,7.163065336854063,0.379844961,1.80223632697016,46.53161648865714,12.494410434923319,0.45578206365645246,136.70809647301442,"Rosnell Lewis","sa3070597",
2026,"Joseph Urban","USM",22,294,0.1292517,0.139455782,0.926829268,0.319672131,0.426116838,0.573770491,0.999887329,0.25409836,7.094067421504882,0.333333333,0.25279772840440273,65.84183894585361,17.67886890958537,0.4446073586178809,136.7063511578971,"Joseph Urban","sa3044249",
2026,"JP Pennella","UNCW",20,241,0.112033195,0.182572614,0.613636363,0.38,0.463519313,0.425,0.888519313,0.045,4.95588682296549,0.484076433,-0.39885639678686857,52.44939225328655,14.065342971808626,0.4375085398362942,136.64371851094876,"JP Pennella","sa3070984",
2026,"Aaron Piasecki","TROY",22,343,0.119533527,0.069970845,1.708333333,0.336879432,0.446064139,0.524822695,0.970886834,0.187943263,6.7347511817082335,0.338645418,1.4900401514023542,76.77853428613983,20.588402577160224,0.4444928608899909,136.64060209680918,"Aaron Piasecki","sa3060267",
2026,"Alex Sosa","MIA",21,270,0.151851851,0.177777777,0.854166666,0.337837837,0.448148148,0.671171171,1.119319319,0.333333334,4.886151005157267,0.360759493,-1.3923576222732663,69.96291274822994,18.751901040447198,0.4759243099777787,136.61693142765503,"Alex Sosa","sa3042760",
2026,"Nick Shuhet","RID",21,232,0.064655172,0.211206896,0.306122448,0.347826086,0.400862068,0.565217391,0.966079459,0.217391305,7.120975081809105,0.423076923,0.3858283902518451,48.019254015935076,12.86793141270937,0.43496816399796256,136.60724678259623,"Nick Shuhet","sa3042231",
2026,"Drew Smith","ORE",23,272,0.110294117,0.25,0.44117647,0.342222222,0.42481203,0.622222222,1.047034252,0.28,5.805374647964168,0.417808219,-0.9236665144562721,62.87584008531353,16.83816708879253,0.45058365154983404,136.574757134369,"Drew Smith","sa3042539",
2026,"Weber Neels","MINN",23,231,0.099567099,0.121212121,0.821428571,0.336956521,0.437229437,0.603260869,1.040490306,0.266304348,4.919715217385573,0.324503311,-0.6935075372457504,53.364660223242,14.26648940634365,0.45042841594456595,136.48889221226082,"Weber Neels","sa3038721",
2026,"Anthony Mascuilli","UMBC",,259,0.173745173,0.173745173,1,0.287958115,0.463035019,0.37696335,0.839998369,0.089005235,5.987235378301477,0.363013698,-1.0079415515065193,54.67998014522592,14.599045888910688,0.43124804121047144,136.4239161581181,"Anthony Mascuilli","sa3066388",
2026,"Jack Basseer","USC",22,215,0.102325581,0.181395348,0.564102564,0.324022346,0.429906542,0.597765363,1.027671905,0.273743017,5.155783796965986,0.366412213,-0.5991977527737617,49.61005270860183,13.219980303263542,0.4501385059312125,136.32853531042775,"Jack Basseer","sa3026693",
2026,"Thomas Curry","UIC",21,247,0.101214574,0.161943319,0.625,0.312796208,0.404858299,0.578199052,0.983057351,0.265402844,4.619093190419915,0.33125,-1.134580209851265,52.00992380071653,13.816860884318485,0.4288695251893418,136.1763624838433,"Thomas Curry","sa3029721",
2026,"Preston Newberry","UIW",,218,0.091743119,0.183486238,0.5,0.340314136,0.410138248,0.549738219,0.959876467,0.209424083,4.896274620852168,0.384615384,-1.4259122689254582,45.91886573473506,12.174285346665906,0.43083410878335276,136.07774998728473,"Preston Newberry","sa3070875",
2026,"Connor Chisolm","MUR",,277,0.137184115,0.086642599,1.583333333,0.315315315,0.432234432,0.504504504,0.936738936,0.189189189,8.133417780550575,0.324742268,1.6130894497036934,58.24612267870234,15.41422620970534,0.42857463237566823,135.98772755920956,"Connor Chisolm","sa3028857",
2026,"Dylan Schlaegel","DBU",21,176,0.15340909,0.244318181,0.627906976,0.278571428,0.419540229,0.607142857,1.026683086,0.328571429,6.734942502866759,0.317647058,0.68170052068308,39.78074983903316,10.507308047498737,0.4483199468974409,135.89365446784376,"Dylan Schlaegel","sa3060511",
2026,"Davis Germann","MORE",22,248,0.104838709,0.241935483,0.433333333,0.336448598,0.427419354,0.574766355,1.002185709,0.238317757,7.5682210682507645,0.434482758,-1.2223496530205011,57.27872846183599,15.124655581091053,0.44512648495935625,135.87946442062463,"Davis Germann","sa3032145",
2026,"Mark Quatrani","ND",21,254,0.094488188,0.177165354,0.533333333,0.375586854,0.456692913,0.643192488,1.099885401,0.267605634,3.9021952255650874,0.411392405,-1.1072402391582727,65.40418000799829,17.227894919936006,0.47426533229707735,135.76011493714145,"Mark Quatrani","sa3040317",
2026,"Joe Durso","LIU",,197,0.137055837,0.177664974,0.771428571,0.304635761,0.436548223,0.589403973,1.025952196,0.284768212,4.686561791005833,0.321428571,-0.05914411647245288,47.14241714426542,12.39977676817442,0.45419324382307563,135.6903696263328,"Joe Durso","sa3059099",
2026,"Miles Jackson","AAMU",22,231,0.103896103,0.069264069,1.5,0.354838709,0.458149779,0.478494623,0.936644402,0.123655914,7.852702118151426,0.377906976,0.8605431341566145,53.588108147519826,14.093895222085713,0.4581809030755501,135.68597568635,"Miles Jackson","sa3034513",
2026,"Blake Edgmon","CHSO",,218,0.142201834,0.119266055,1.192307692,0.33898305,0.449074074,0.491525423,0.940599497,0.152542373,5.5757801625739924,0.375838926,1.5306910650106147,48.63825231018527,12.75219740691646,0.44436497931127195,135.53524465503418,"Blake Edgmon","sa3059113",
2026,"Andrew Williamson","UCF",20,265,0.154716981,0.17735849,0.872340425,0.322429906,0.441509433,0.644859813,1.086369246,0.322429907,7.032482430959943,0.344155844,-1.8423850983381271,64.95946750855136,17.00070419227766,0.46184827021832736,135.44858752958893,"Andrew Williamson","sa3045245",
2026,"Logan Shepherd","MER",21,287,0.163763066,0.229965156,0.712121212,0.305676855,0.445993031,0.606986899,1.05297993,0.301310044,4.047832125988707,0.358620689,-1.8040537685155869,70.05183070902017,18.317381024400255,0.4614552899104793,135.4065446449425,"Logan Shepherd","sa3071280",
2026,"Charlie Davis","BEL",22,259,0.065637065,0.092664092,0.708333333,0.340517241,0.397683397,0.586206896,0.983890293,0.245689655,6.680288653221694,0.343283582,-4.535267513245344,54.19257285468823,14.143976517250602,0.4275261382338623,135.31703433018635,"Charlie Davis","sa3058998",
2026,"Garrison Barile","CHSO",,157,0.108280254,0.235668789,0.459459459,0.308943089,0.439490445,0.520325203,0.959815648,0.211382114,5.131108105618693,0.385542168,-1.2763957799761556,34.95177973854093,9.107235610957426,0.44385929244339084,135.2385229393054,"Garrison Barile","sa3026562",
2026,"Davis Gillespie","USM",22,282,0.131205673,0.163120567,0.804347826,0.322033898,0.418439716,0.58898305,1.007422766,0.266949152,2.8826530525000003,0.340782122,-0.35655731335282326,62.469965452300706,16.272830927716893,0.4420272680461829,135.2247625208384,"Davis Gillespie","sa3032231",
2026,"Henry Allen","UGA",20,194,0.144329896,0.201030927,0.717948717,0.32051282,0.443298969,0.634615384,1.077914353,0.314102564,4.768941833176802,0.349056603,0.038274588994681835,47.81050867179167,12.444915476830124,0.45785510447836414,135.18933051179,"Henry Allen","sa3069477",
2026,"Jake Long","UTAH",21,247,0.101214574,0.125506072,0.806451612,0.374407582,0.444897959,0.625592417,1.070490376,0.251184835,5.607480768015705,0.393063583,-0.7740287035703659,60.428559506557725,15.727372566483755,0.4613609041486468,135.1833444323699,"Jake Long","sa3059837",
2026,"Kameron Miller","APP",21,158,0.208860759,0.29113924,0.717391304,0.283333333,0.443037974,0.533333333,0.976371307,0.25,1.74243340875,0.382352941,-0.23217685520648956,34.98245044628821,9.098949542443378,0.441903122240984,135.15347315745757,"Kameron Miller","sa3038072",
2026,"Maverick Stallings","ODU",23,232,0.112068965,0.254310344,0.440677966,0.325,0.413793103,0.59,1.003793103,0.265,5.355523908729851,0.407692307,0.7180709764361382,51.362120481300266,13.355967255401527,0.4418824317640272,135.14159187860216,"Maverick Stallings","sa3042914",
2026,"James Love","EIU",,263,0.133079847,0.14068441,0.945945945,0.309178743,0.444444444,0.531400966,0.97584541,0.222222223,6.017088826893836,0.341463414,-0.47024235501885414,60.39787528809932,15.694160902470621,0.44378993154942303,135.10706239550413,"James Love","sa3059856",
2026,"Anthony Potestio","UCSD",21,240,0.145833333,0.158333333,0.921052631,0.29787234,0.430962343,0.436170212,0.867132555,0.138297872,6.802398136547716,0.346666666,1.5860363184474409,44.77227819245814,11.62029278558253,0.416433178480699,135.05157426611476,"Anthony Potestio","sa3040125",
2026,"Hunter Sute","MAN",24,172,0.127906976,0.209302325,0.611111111,0.32885906,0.412790697,0.523489932,0.936280629,0.194630872,4.0365138525,0.409090909,-0.33133729733526707,35.19475800971551,9.134294700427484,0.4325162726779317,135.05039258903733,"Hunter Sute","sa3060697",
2026,"Nick Lovarco","MONM",22,205,0.126829268,0.209756097,0.604651162,0.321637426,0.409756097,0.567251461,0.977007558,0.245614035,6.966860163964883,0.360655737,-0.3270415300503373,44.08616029474379,11.435827918382897,0.43475966686155737,135.02515008595296,"Nick Lovarco","sa3062636",
2026,"Carter Groen","LAS",21,263,0.091254752,0.133079847,0.685714285,0.337777777,0.41825095,0.582222222,1.000473172,0.244444445,5.8412505938798684,0.348066298,1.036723223514855,58.246066149299935,15.103558104461028,0.4424473033658452,135.00853053967933,"Carter Groen","sa3032754",
2026,"Garner Anderson","UTM",,194,0.118556701,0.211340206,0.560975609,0.333333333,0.432291666,0.561728395,0.994020061,0.228395062,8.27321172397853,0.408695652,1.0115955984219909,44.51859491888134,11.543231455717967,0.4436144024754564,135.00562311803736,"Garner Anderson","sa3026040",
2026,"Mathew Farner","UNF",,241,0.15352697,0.195020746,0.787234042,0.290816326,0.414937759,0.540816326,0.955754085,0.25,6.166234086884304,0.323741007,1.9144753941800445,49.975470067430315,12.948599474001705,0.4307623077724979,134.97081785869253,"Mathew Farner","sa3070061",
2026,"Jeremy Sheffield","GTWN",21,258,0.162790697,0.135658914,1.2,0.320754716,0.437984496,0.452830188,0.890814684,0.132075472,5.807318636241034,0.367816091,1.0517889987677336,52.28637638677239,13.538214802633519,0.4270270577696867,134.9389861328937,"Jeremy Sheffield","sa3060561",
2026,"Tyler Bishop","OMA",23,202,0.0990099,0.118811881,0.833333333,0.298850574,0.391089108,0.551724137,0.942813245,0.252873563,6.57292450554314,0.3125,-0.03080346481874585,39.95170930896059,10.336518057921085,0.4230635051089938,134.9027563938432,"Tyler Bishop","sa3027180",
2026,"Ben Clark","OAK",,242,0.066115702,0.202479338,0.326530612,0.342995169,0.423236514,0.507246376,0.93048289,0.164251207,6.398928653912183,0.426751592,-0.8842402941081673,51.245544217391284,13.257565103335654,0.4273497736800261,134.8993692544975,"Ben Clark","sa3028967",
2026,"Dylan Drake","PUR",21,155,0.070967741,0.232258064,0.305555555,0.353846153,0.431372549,0.592307692,1.023680241,0.238461539,6.863691247205203,0.445652173,-0.3302629515528679,35.385299429082835,9.150596067094762,0.4475192201682945,134.87973902671692,"Dylan Drake","sa3069975",
2026,"Steven Meier","TROY",23,285,0.136842105,0.2,0.684210526,0.307692307,0.448398576,0.50678733,0.955185906,0.199095023,6.821868958139111,0.375796178,-3.211163103580475,62.97132381231353,16.28273040980861,0.4414184905880287,134.87517876033294,"Steven Meier","sa3037803",
2026,"Logan Fyffe","MOST",20,230,0.047826086,0.1,0.478260869,0.3592233,0.417391304,0.592233009,1.009624313,0.233009709,5.466028476741618,0.369318181,0.32900703977793455,51.5904092130498,13.335343235476415,0.4465283831824427,134.8590255818513,"Logan Fyffe","sa3059252",
2026,"Wyatt Hunt","MONM",21,251,0.095617529,0.103585657,0.923076923,0.338164251,0.427983539,0.502415458,0.930398997,0.164251207,5.27569228122514,0.365168539,-0.8723865682259202,53.89980321508505,13.92305479329684,0.43442463948402876,134.82788206383606,"Wyatt Hunt","sa3034320",
2026,"Jeremy Delamota","FDU",23,227,0.114537444,0.202643171,0.565217391,0.327956989,0.436123348,0.559139784,0.995263132,0.231182795,7.407738155913224,0.392592592,-0.1710902121849358,53.97141892810641,13.938021134336571,0.4528281995903553,134.8159834099959,"Jeremy Delamota","sa3059028",
2026,"Owen Clyne","GMU",22,264,0.136363636,0.128787878,1.058823529,0.334862385,0.429657794,0.555045871,0.984703665,0.220183486,8.134460101414199,0.355555555,0.07951854821294546,58.37121591870119,15.064667919319165,0.4420791021318037,134.78612037961128,"Owen Clyne","sa3058887",
2026,"Cam Hoiland","CP",,224,0.111607142,0.120535714,0.925925925,0.309782608,0.407239819,0.489130434,0.896370253,0.179347826,3.1275490958122694,0.329032258,-0.6564625061582774,41.68699795132024,10.745144904903002,0.4159122257750498,134.7268952792961,"Cam Hoiland","sa3033941",
2026,"Travis Sanders","BAY",22,260,0.134615384,0.246153846,0.546875,0.369369369,0.457692307,0.585585585,1.043277892,0.216216216,7.831245245374079,0.486666666,0.744445189833641,63.36845603783817,16.314575048286624,0.46042155233713294,134.67211355405374,"Travis Sanders","sa3041511",
2026,"CJ Moran","USD",,244,0.114754098,0.225409836,0.509090909,0.33014354,0.41563786,0.511961722,0.927599582,0.181818182,7.231185524480825,0.42,-0.6252684579230845,48.370644116723504,12.451421821439228,0.42052264812061324,134.6650651817535,"CJ Moran","sa3060083",
2026,"Johnny Luetzow","SCU",22,159,0.062893081,0.132075471,0.476190476,0.333333333,0.420382165,0.5,0.920382165,0.166666667,4.185404391400349,0.363636363,-0.434877066873014,31.49800382728284,8.09162536437219,0.4203736212602846,134.5701723023664,"Johnny Luetzow","sa3036666",
2026,"Avery Moore","PUR",22,171,0.093567251,0.204678362,0.457142857,0.345070422,0.437869822,0.570422535,1.008292357,0.225352113,3.270222472073134,0.417475728,-0.7561135068535805,38.94741085285232,10.004609079304194,0.44695351039164166,134.56682997583104,"Avery Moore","sa3060073",
2026,"Jordan Thomas","LIP",21,181,0.082872928,0.165745856,0.5,0.314465408,0.38547486,0.603773584,0.989248444,0.289308176,6.358331181073451,0.327731092,-0.18212287733331323,37.41536024475002,9.606797682880396,0.4300796572722536,134.54618577104372,"Jordan Thomas","sa3071444",
2026,"Jimmy Mantuano","FDU",21,186,0.129032258,0.086021505,1.5,0.347826086,0.43548387,0.54658385,0.98206772,0.198757764,7.01506185209675,0.364285714,2.360241407994181,44.12835629706712,11.325660307458353,0.4523764521844925,134.52661424855475,"Jimmy Mantuano","sa3037004",
2026,"Trystan Crawford","LEH",,185,0.162162162,0.227027027,0.714285714,0.288590604,0.421621621,0.463087248,0.884708869,0.174496644,2.2742171347412627,0.368932038,-0.12108333595097065,36.862917331891566,9.459672359662564,0.42363396560823596,134.52026345510973,"Trystan Crawford","sa3029539",
2026,"Raymond Velazquez","APSU",23,256,0.13671875,0.171875,0.795454545,0.306603773,0.4140625,0.54245283,0.95651533,0.235849057,5.553822495997245,0.324840764,0.6772119486704469,52.90644610603406,13.5749985047157,0.4300284977070987,134.514362762129,"Raymond Velazquez","sa3044431",
2026,"Ethan Thomas","NKU",24,203,0.108374384,0.206896551,0.523809523,0.317647058,0.413793103,0.547058823,0.960851926,0.229411765,3.0676401921739407,0.368852459,-0.469411933911033,42.85624820852739,10.990298786406344,0.4267355312267548,134.48916158379694,"Ethan Thomas","sa3043689",
2026,"Chris DiPrima","YALE",21,217,0.105990783,0.082949308,1.277777777,0.349112426,0.443396226,0.390532544,0.83392877,0.041420118,4.656715842674025,0.371069182,-1.1199207622557878,41.151166605805535,10.546285870527408,0.41547832623967584,134.4594901765807,"Chris DiPrima","sa3030368",
2026,"Matt Brinker","NE",22,255,0.105882352,0.172549019,0.613636363,0.304761904,0.415686274,0.533333333,0.949019607,0.228571429,6.8559685176300444,0.34375,0.9437442673370242,54.55276986296559,13.938941785053258,0.43356323920044243,134.32067954370913,"Matt Brinker","sa3027700",
2026,"Zac Rice","AAMU",23,174,0.178160919,0.16091954,1.107142857,0.333333333,0.465517241,0.449275362,0.914792603,0.115942029,3.4954104798035495,0.398148148,0.5121621140278876,39.956542092010494,10.207654433891292,0.45597369266652515,134.31272641585767,"Zac Rice","sa3040696",
2026,"Trey Hawsey","LT",21,263,0.095057034,0.144486692,0.657894736,0.334801762,0.41825095,0.594713656,1.012964606,0.259911894,2.30274085875,0.346590909,-0.3717612000182271,58.73865551675966,14.994819203273558,0.4455234943233969,134.27870179427015,"Trey Hawsey","sa3059440",
2026,"Braden Burress","ECU",20,300,0.13,0.09,1.444444444,0.361445783,0.459731543,0.48192771,0.941659253,0.120481927,7.473521948328313,0.393665158,-0.057869539596140385,67.09698051805267,17.124529784867857,0.4455866697650628,134.26794070256815,"Braden Burress","sa3058778",
2026,"Andrew Hunt","UAB",23,247,0.165991902,0.14979757,1.108108108,0.319587628,0.453441295,0.5,0.953441295,0.180412372,5.057091821992126,0.359477124,-1.1622088989242911,55.2223793043986,14.078394867409775,0.44549571526677983,134.21738331874627,"Andrew Hunt","sa3059550",
2026,"Logan Meusy","BRWN",,178,0.08988764,0.15730337,0.571428571,0.283687943,0.423728813,0.411347517,0.83507633,0.127659574,5.211518932571048,0.339285714,-1.854453420266509,33.67881474138661,8.574350359453394,0.4149884770145524,134.15468352164507,"Logan Meusy","sa3037935",
2026,"Gable Mitchell","IOWA",22,270,0.114814814,0.066666666,1.722222222,0.359649122,0.451851851,0.535087719,0.98693957,0.175438597,8.244080951363664,0.371980676,0.30548227578401566,61.302056557119414,15.602895862043418,0.44618659924577786,134.1426311221611,"Gable Mitchell","sa3038166",
2026,"Dylan Immel","WAG",,219,0.114155251,0.109589041,1.041666666,0.369565217,0.449074074,0.494565217,0.943639291,0.125,6.80433782442825,0.413580246,1.6388238831423223,51.79929570597326,13.176766556917777,0.45173665439641036,134.11678843212167,"Dylan Immel","sa3070406",
2026,"Kyle McDaniel","UTU",21,307,0.140065146,0.087947882,1.592592592,0.34,0.450657894,0.5,0.950657894,0.16,6.701409496915444,0.357798165,2.532441470772028,66.77351415571155,16.962792445387265,0.44388533599282565,134.05450044276589,"Kyle McDaniel","sa3037536",
2026,"Darryl Lee","BCU",22,278,0.197841726,0.187050359,1.057692307,0.29047619,0.45323741,0.49047619,0.9437136,0.2,8.733866293332254,0.358974358,1.541052643675357,63.68116500127855,16.15133299577776,0.45544125857970696,133.98146451245296,"Darryl Lee","sa3059776",
2026,"Roman Martin","UCLA",21,289,0.145328719,0.193771626,0.75,0.333333333,0.446366782,0.548523206,0.994889988,0.215189873,4.0931374248389645,0.40229885,-0.9456842020153999,65.53496883734567,16.619941278542118,0.4458874583656813,133.97716838360628,"Roman Martin","sa3037203",
2026,"Jordan Kang","HARV",,163,0.165644171,0.208588957,0.794117647,0.293233082,0.411042944,0.458646616,0.86968956,0.165413534,4.205924581500739,0.354166666,-2.45602685213089,30.792758699896805,7.8038390692501,0.4146532482164769,133.9460887881253,"Jordan Kang","sa3035060",
2026,"Jack Natili","CIN",21,276,0.105072463,0.20289855,0.517857142,0.339055793,0.423913043,0.673819742,1.097732785,0.334763949,6.842353161435727,0.368098159,0.5153885185718536,66.89250096546976,16.942996530407363,0.4590400535127391,133.92024950404533,"Jack Natili","sa3060122",
2026,"Chipper Beck","UVU",,222,0.099099099,0.162162162,0.611111111,0.35828877,0.443438914,0.518716577,0.962155491,0.160427807,5.540971343940371,0.42,-0.732523878570646,48.22818968838653,12.208710145415871,0.44361479088192074,133.89474334533645,"Chipper Beck","sa3026831",
2026,"Maniel Castro","SBU",,218,0.096330275,0.16972477,0.567567567,0.329787234,0.414746543,0.574468085,0.989214628,0.244680851,6.578086071827717,0.375,-0.5378870563581586,47.87659336985476,12.115883279455968,0.44057973106885284,133.88043259999162,"Maniel Castro","sa3069770",
2026,"Julian Jimenez","UMES",23,234,0.166666666,0.213675213,0.78,0.298913043,0.439655172,0.54347826,0.983133432,0.244565217,8.199337706887597,0.365079365,-1.4221062436699867,55.23477633761392,13.966868479719027,0.4513113886631768,133.8443822444637,"Julian Jimenez","sa3059599",
2026,"Landen Johnson","HPU",23,261,0.153256704,0.149425287,1.025641025,0.316279069,0.425287356,0.548837209,0.974124565,0.23255814,3.6770251338131805,0.343195266,0.536700219323393,57.49578100854195,14.531284083068732,0.441444521891203,133.8216088233848,"Landen Johnson","sa3059613",
2026,"Edwin Lemus Hudson Jr.","JKST",21,206,0.116504854,0.111650485,1.04347826,0.329113924,0.465686274,0.43670886,0.902395134,0.107594936,5.833174402711819,0.372262773,-0.20890814531594515,47.12393936269811,11.90399190538457,0.45514799362304165,133.7990052932707,"Edwin Lemus Hudson Jr.","sa3070382",
2026,"Steve Solorzano","NMSU",21,266,0.090225563,0.09774436,0.923076923,0.340611353,0.42481203,0.572052401,0.996864431,0.231441048,7.0177625667721415,0.352040816,0.8655356243252754,59.19310141630897,14.950285981376263,0.44467975770620477,133.79144350197026,"Steve Solorzano","sa3042735",
2026,"Kruise Newman","UNO",23,228,0.118421052,0.285087719,0.415384615,0.295336787,0.398230088,0.559585492,0.95781558,0.264248705,5.63675092860224,0.377192982,-0.7213969770818949,47.13317248466637,11.840675565034411,0.42656050767518777,133.55012140965255,"Kruise Newman","sa3070877",
2026,"Joey Pagano","JOES",23,251,0.151394422,0.123505976,1.225806451,0.323671497,0.434262948,0.526570048,0.960832996,0.202898551,6.052239427142988,0.347058823,0.8285499233752489,54.96473292075192,13.79070433043038,0.4399394879778068,133.4936968826802,"Joey Pagano","sa3060195",
2026,"Carter Dierdorf","PITT",22,219,0.273972602,0.178082191,1.538461538,0.271523178,0.493150684,0.536423841,1.029574525,0.264900663,3.7724815437346124,0.294117647,-0.3072402272373438,55.391514909072775,13.853694301648993,0.46960271493484984,133.35200089716074,"Carter Dierdorf","sa3059055",
2026,"Charlie Sutherland","MINN",21,237,0.122362869,0.130801687,0.93548387,0.324742268,0.434042553,0.572164948,1.006207501,0.24742268,7.9477250543380205,0.337662337,2.144792765378952,53.454205338045725,13.34049761681236,0.44458492994308474,133.2567054372559,"Charlie Sutherland","sa3043344",
2026,"Hudson Brown","UK",21,200,0.14,0.135,1.037037037,0.333333333,0.474747474,0.553333333,1.028080807,0.22,4.372272188686524,0.358333333,-0.619991303421557,48.58418043261158,12.124806004816175,0.45410346412899516,133.25566111626048,"Hudson Brown","sa3065506",
2026,"Andrew Schuldt","CAM",22,180,0.227777777,0.166666666,1.366666666,0.272727272,0.457627118,0.409090909,0.866718027,0.136363637,4.9119139615163885,0.333333333,-0.9611327471211553,38.20167199879894,9.53308747321377,0.43174950483828617,133.2527316258185,"Andrew Schuldt","sa3041800",
2026,"Nolan Sandee","NIU",20,218,0.19266055,0.188073394,1.024390243,0.3,0.469767441,0.4375,0.907267441,0.1375,7.189978891658976,0.386554621,0.9049956905655563,48.8527230596711,12.158163902776415,0.44592279362124065,133.13342408827378,"Nolan Sandee","sa3060482",
2026,"Brayden Martin","MD",,286,0.195804195,0.069930069,2.8,0.351851851,0.487719298,0.449074074,0.936793372,0.097222223,6.640505812359568,0.37,2.1126133874058723,64.4325523413254,16.025293234689357,0.44431092278999196,133.10514482835586,"Brayden Martin","sa3037139",
2026,"Jamison Howland","STO",,163,0.098159509,0.184049079,0.533333333,0.363636363,0.441717791,0.51048951,0.952207301,0.146853147,6.029636909144344,0.445454545,-2.671536740846932,38.257488285779054,9.511039649724061,0.4501273873393521,133.08596400946348,"Jamison Howland","sa3070379",
2026,"Evan Dempsey","FGCU",20,277,0.093862815,0.129963898,0.722222222,0.333333333,0.411552346,0.535864978,0.947417324,0.202531645,6.194562824276564,0.352040816,1.4737565177492797,56.59826932984368,14.040413917479672,0.4275800704095338,132.99135678110468,"Evan Dempsey","sa3030134",
2026,"Matthew Manjooran","DAV",,234,0.098290598,0.217948717,0.450980392,0.331632653,0.435897435,0.510204081,0.946101516,0.178571428,6.558631202104924,0.425531914,-0.3873617625795305,51.03453185568002,12.649182492591411,0.43904461284987945,132.95315192508025,"Matthew Manjooran","sa3070663",
2026,"Jason Bello","DAY",21,241,0.141078838,0.22406639,0.629629629,0.285714285,0.404166666,0.617346938,1.021513604,0.331632653,4.445990129612593,0.299212598,-2.6228368538431823,52.55248369565854,13.018854650768136,0.4390080879131953,132.9310892151723,"Jason Bello","sa3069592",
2026,"Manny Salas","TXST",21,275,0.12,0.247272727,0.485294117,0.309012875,0.41090909,0.583690987,0.994600077,0.274678112,6.262830104662379,0.373333333,0.2000342644751072,59.86446984472098,14.814072701953073,0.4379498225992376,132.88333431336073,"Manny Salas","sa3071203",
2026,"Davin Whitaker","ECU",21,242,0.123966942,0.190082644,0.652173913,0.323076923,0.427966101,0.553846153,0.981812254,0.23076923,7.873975138329483,0.373239436,0.6422597439959645,53.55009614676985,13.23898588866744,0.44302140201552437,132.84202743090273,"Davin Whitaker","sa3065447",
2026,"Bryson Trammell","GASO",23,228,0.131578947,0.20614035,0.638297872,0.329729729,0.442982456,0.508108108,0.951090564,0.178378379,3.151753991464642,0.411764705,-1.383381698280573,49.59988066632067,12.249005944316735,0.43779499907242625,132.7944286057126,"Bryson Trammell","sa3065151",
2026,"Camden Ross","WKU",22,232,0.155172413,0.181034482,0.857142857,0.309392265,0.452173913,0.497237569,0.949411482,0.187845304,3.045191267317637,0.368421052,-1.324369641020894,51.228298972028256,12.640580246823784,0.4428903154704882,132.75803977125835,"Camden Ross","sa3041168",
2026,"Griffin Olson","MORE",22,196,0.173469387,0.25510204,0.68,0.316129032,0.451282051,0.496774193,0.948056244,0.180645161,8.720561568623136,0.44117647,0.5965360505506396,44.219205625184735,10.903889961370192,0.43967559123650574,132.72936108846017,"Griffin Olson","sa3060178",
2026,"Owen Carlson","COR",,134,0.171641791,0.126865671,1.352941176,0.311926605,0.43283582,0.394495412,0.827331232,0.082568807,1.5748134793723463,0.351648351,-0.9481872674077749,25.04213231959641,6.143265874770285,0.4123389107077869,132.50600184251846,"Owen Carlson","sa3028451",
2026,"Ryan Rivera","LIU",22,256,0.12109375,0.08984375,1.347826086,0.342857142,0.4375,0.542857142,0.980357142,0.2,6.606065395612118,0.345945945,-1.0731222513131797,59.8094432243032,14.661646593443827,0.4491732364986092,132.47477770248994,"Ryan Rivera","sa3060383",
2026,"Teddy Tokheim","STAN",20,222,0.094594594,0.162162162,0.583333333,0.351758793,0.414414414,0.703517587,1.117932001,0.351758794,1.7991388904230305,0.360544217,-1.0130067989230156,55.76979174381175,13.662959895190385,0.46785299949817827,132.44832084330213,"Teddy Tokheim","sa3074438",
2026,"Breckin Nace","RAD",,229,0.152838427,0.15720524,0.972222222,0.312849162,0.442982456,0.491620111,0.934602567,0.178770949,6.868158529740335,0.354609929,1.3351372734759934,49.84265209203219,12.145832950525037,0.43871461456282096,132.2197820058285,"Breckin Nace","sa3038658",
2026,"Khalil Walker","UNM",23,220,0.131818181,0.1,1.318181818,0.351955307,0.458333333,0.497206703,0.955540036,0.145251396,5.544893065777745,0.387096774,-1.0018477197736502,51.87105119267911,12.607670724787415,0.44385452651315266,132.1105074869892,"Khalil Walker","sa3044680",
2026,"Dylan Kordic","CP",23,204,0.107843137,0.200980392,0.536585365,0.288135593,0.374384236,0.536723163,0.911107399,0.24858757,1.746794623372728,0.322834645,-0.698961297981441,37.21476945185523,9.035581856010966,0.4116407465464963,132.06473510025353,"Dylan Kordic","sa3035642",
2026,"Zeb Allen","CARK",21,244,0.094262295,0.184426229,0.511111111,0.308823529,0.382716049,0.622549019,1.005265068,0.31372549,9.084849800784454,0.304635761,1.9438428455032408,49.50043261933841,12.012646624331849,0.42605733233714793,132.04416133279238,"Zeb Allen","sa3025935",
2026,"Gialdri Gomez","UNF",22,182,0.115384615,0.137362637,0.84,0.324503311,0.425414364,0.490066225,0.915480589,0.165562914,4.88458098699218,0.357723577,0.16654565697535872,36.90226780171639,8.940066772654122,0.4259412769454619,131.9719708879939,"Gialdri Gomez","sa3070184",
2026,"Easton Amundson","AKR",23,184,0.119565217,0.309782608,0.385964912,0.274509803,0.385869565,0.686274509,1.072144074,0.411764706,8.61883802775402,0.308641975,0.9627617467194796,40.86047333822176,9.88891882047579,0.44390113878509274,131.92903609281112,"Easton Amundson","sa3026014",
2026,"Ty Wisdom","APSU",21,243,0.152263374,0.135802469,1.121212121,0.292307692,0.418410041,0.507692307,0.926102348,0.215384615,5.724596214459676,0.311688311,0.11101992451585829,49.24308900188231,11.908941474068392,0.4258227687500511,131.89825471492617,"Ty Wisdom","sa3045477",
2026,"Kristian Sprawling","SIU",,197,0.071065989,0.192893401,0.368421052,0.29113924,0.425641025,0.481012658,0.906653683,0.189873418,7.1283462075838795,0.350877192,-0.156991146504879,40.16204864791975,9.700374985853282,0.4220975658832452,131.84452401882646,"Kristian Sprawling","sa3065421",
2026,"Sam Kaczmarek","W&M",20,164,0.109756097,0.146341463,0.75,0.315789473,0.434782608,0.458646616,0.893429224,0.142857143,8.489534307835976,0.367924528,2.1326181199401617,34.37706440272202,8.256798501633307,0.4289607809197088,131.61069850092588,"Sam Kaczmarek","sa3075352",
2026,"Chase Brunson","TCU",20,225,0.146666666,0.186666666,0.785714285,0.304093567,0.462222222,0.555555555,1.017777777,0.251461988,6.208251292659194,0.347107438,-0.8252697959542274,53.53141930355209,12.811714601055558,0.45452535894181995,131.46318151042504,"Chase Brunson","sa3027910",
2026,"Diego Diaz","UTSA",21,220,0.163636363,0.231818181,0.705882352,0.290697674,0.433179723,0.529069767,0.96224949,0.238372093,7.815128585035492,0.362831858,0.1896603237837553,48.173455500977504,11.526991629975306,0.4405253372983449,131.45458091277516,"Diego Diaz","sa3030259",
2026,"Garrett Mathias","BUCK",20,199,0.16080402,0.190954773,0.842105263,0.295597484,0.412060301,0.484276729,0.89633703,0.188679245,2.1567460275,0.336134453,-0.34697715658694506,38.74201863952672,9.265014588318227,0.41873769185051846,131.43133057967054,"Garrett Mathias","sa3070701",
2026,"Aidan Meola","OKST",23,231,0.086580086,0.281385281,0.307692307,0.319587628,0.424242424,0.644329896,1.06857232,0.324742268,3.748626365,0.398230088,-0.5990350618958473,54.9452873948314,13.139723900268297,0.4544654243436211,131.43056282922043,"Aidan Meola","sa3037875",
2026,"Noah Sullivan","MSST",23,266,0.131578947,0.233082706,0.564516129,0.342465753,0.451127819,0.584474885,1.035602704,0.242009132,5.383292699017696,0.424657534,0.21951573435217142,63.72182808865306,15.230860099685172,0.4505219625351124,131.40968458940708,"Noah Sullivan","sa3043319",
2026,"Ty Smolinski","KSU",20,208,0.100961538,0.153846153,0.65625,0.339285714,0.439613526,0.619047619,1.058661145,0.279761905,6.970888094114757,0.363636363,0.5161598585546017,49.44701917687569,11.803914385234457,0.4543310680251191,131.35744102557544,"Ty Smolinski","sa3060627",
2026,"AJ Solomon","GTWN",23,259,0.223938223,0.158301158,1.414634146,0.269841269,0.450980392,0.391534391,0.842514783,0.121693122,6.447200329598968,0.326530612,-0.3875692067667842,51.07833192578142,12.179983668835813,0.42118305809357587,131.31234156365747,"AJ Solomon","sa3042726",
2026,"Ryan MacDougall","DAY",21,224,0.133928571,0.200892857,0.666666666,0.287292817,0.419642857,0.552486187,0.972129044,0.26519337,4.888003837474665,0.32,-0.5183236659504473,48.247309354602116,11.502359536944645,0.4363131733345134,131.30323920436348,"Ryan MacDougall","sa3036786",
2026,"Will Brown","FAMU",23,244,0.073770491,0.237704918,0.310344827,0.328205128,0.4375,0.523076923,0.960576923,0.194871795,6.244205771860789,0.421052631,-1.7595385778695345,54.75369109531461,13.036860126457798,0.4510523520410061,131.25084006546496,"Will Brown","sa3027884",
2026,"Jack Lausch","NU",22,234,0.106837606,0.277777777,0.384615384,0.311881188,0.393162393,0.653465346,1.046627739,0.341584158,8.124590457356256,0.379032258,0.3075026795268059,51.97834805192815,12.372408782862292,0.44093669708977395,131.2387712832902,"Jack Lausch","sa3059764",
2026,"Braden Holcomb","VAN",21,266,0.131578947,0.236842105,0.555555555,0.352422907,0.433962264,0.621145374,1.055107638,0.268722467,4.142822578537397,0.431372549,-0.4824052359908819,63.542310918926006,15.051342929958116,0.4498036985127431,131.03947715249245,"Braden Holcomb","sa3033951",
2026,"Ryan King","URI",22,230,0.086956521,0.1,0.869565217,0.315508021,0.418502202,0.556149732,0.974651934,0.240641711,5.210291206200672,0.305732484,0.07758969441056252,49.42531482496517,11.696125280049017,0.43581149494070315,131.0002028167738,"Ryan King","sa3035414",
2026,"Nathan Martinez","CHSO",23,215,0.16744186,0.125581395,1.333333333,0.339506172,0.476190476,0.382716049,0.858906525,0.043209877,4.603199538573155,0.398550724,-1.298519850592129,46.35559948611002,10.963389375088031,0.43659634050868806,130.9768430417228,"Nathan Martinez","sa3059935",
2026,"Marcus Romero","NIU",21,179,0.100558659,0.217877094,0.461538461,0.333333333,0.449438202,0.476190476,0.925628678,0.142857143,8.702867212829815,0.438095238,3.807439531199634,39.45639329552457,9.326457107065174,0.44226467241062206,130.9541216706508,"Marcus Romero","sa3071162",
2026,"Lee Amedee","UL",22,294,0.166666666,0.132653061,1.256410256,0.299559471,0.448979591,0.480176211,0.929155802,0.18061674,6.054312798584217,0.331521739,-1.2652389984577894,63.0536741507734,14.890704114505171,0.4345261525540125,130.91732944063043,"Lee Amedee","sa3026000",
2026,"Zandt Payne","ACU",22,282,0.156028368,0.163120567,0.956521739,0.301801801,0.446428571,0.486486486,0.932915057,0.184684685,6.858312848827842,0.343373493,1.5272638115566224,59.89985593101768,14.145381916973877,0.4385700911283493,130.91584423554318,"Zandt Payne","sa3039588",
2026,"Luke Bard","HCU",22,162,0.11728395,0.185185185,0.633333333,0.345323741,0.428571428,0.474820143,0.903391571,0.129496402,4.743850566864704,0.425925925,-0.37310929223895073,32.825188130947886,7.7489403196304405,0.4220823615974521,130.90151436505258,"Luke Bard","sa3026547",
2026,"Alex Irizarry","QUIN",,239,0.188284518,0.117154811,1.607142857,0.301075268,0.435146443,0.446236559,0.881383002,0.145161291,5.667525016100333,0.32278481,-0.06949953362345695,47.39939737955125,11.187474525366145,0.4259710748325332,130.89445034558054,"Alex Irizarry","sa3034446",
2026,"Erick Almonte","BCU",22,256,0.16796875,0.1015625,1.653846153,0.32,0.450592885,0.475,0.925592885,0.155,7.047192203556148,0.346820809,0.1931266593746841,57.26675803954874,13.498279645994051,0.45039230985603784,130.8401848577441,"Erick Almonte","sa3066464",
2026,"Juju Stevens","ME",23,245,0.073469387,0.142857142,0.514285714,0.295238095,0.38114754,0.561904761,0.943052301,0.266666666,7.444285680410744,0.292682926,0.02272690087556839,49.60466695122983,11.690269681742448,0.4218427614598978,130.8333259227373,"Juju Stevens","sa3043076",
2026,"Drake Anderson","UIW",,213,0.14084507,0.159624413,0.882352941,0.31707317,0.442307692,0.445121951,0.887429643,0.128048781,3.047196171706535,0.364341085,-3.174199974630028,43.12150971917774,10.150887596889987,0.4218898851137895,130.78767382441384,"Drake Anderson","sa3026039",
2026,"Luke Costello","WAKE",21,238,0.142857142,0.176470588,0.809523809,0.302197802,0.447257383,0.637362637,1.08462002,0.335164835,3.9477571703790835,0.299212598,-1.1404340704903007,58.97458711225002,13.833028643908191,0.464358807616093,130.6436665309405,"Luke Costello","sa3066471",
2026,"Slade McCloud","TAR",23,269,0.092936802,0.152416356,0.609756097,0.343347639,0.421641791,0.549356223,0.970998014,0.206008584,8.569147676465564,0.393617021,0.7219713917002082,57.01844045738167,13.373215245403717,0.43810418982114363,130.6407291529649,"Slade McCloud","sa3037481",
2026,"Casey Wensley","BRY",,246,0.138211382,0.069105691,2,0.31862745,0.424489795,0.450980392,0.875470187,0.132352942,9.751082182345833,0.340425531,4.314909815788269,49.72995239154931,11.660802480145655,0.42150167835002045,130.6305827875937,"Casey Wensley","sa3071584",
2026,"Frank Kelly","HPU",21,237,0.139240506,0.160337552,0.868421052,0.318681318,0.449339207,0.45054945,0.899888657,0.131868132,5.669843449826341,0.387323943,0.10094135324470699,50.93780643689875,11.924067849400078,0.43589235586216796,130.56376620419803,"Frank Kelly","sa3035212",
2026,"Rylan Lujo","UGA",21,255,0.074509803,0.086274509,0.863636363,0.357466063,0.42745098,0.628959276,1.056410256,0.271493213,7.087270680641051,0.343915343,1.4288951810449362,60.69275033511863,14.207047939679484,0.44887767889920405,130.56218838821584,"Rylan Lujo","sa3059868",
2026,"Chase Fralick","AUB",20,289,0.117647058,0.166089965,0.708333333,0.313807531,0.420138888,0.648535564,1.068674452,0.334728033,3.8454746803496094,0.316091954,-0.5311346706002951,68.77640852845914,16.092612480294775,0.44884560836686027,130.54565860361058,"Chase Fralick","sa3059222",
2026,"Evan Bouldin","DEL",22,243,0.135802469,0.0781893,1.736842105,0.330097087,0.423868312,0.558252427,0.982120739,0.22815534,5.41754375230028,0.324022346,0.4791366378776729,52.717404099414765,12.300095262239392,0.4388638288395886,130.43274185273293,"Evan Bouldin","sa3027448",
2026,"Dean Toigo","ASU",23,283,0.09540636,0.148409893,0.642857142,0.32051282,0.421985815,0.649572649,1.071558464,0.329059829,5.139076183561021,0.3125,-2.089118856936693,66.71098011554463,15.494640423071218,0.45230231132913146,130.25331469626335,"Dean Toigo","sa3060763",
2026,"Matthew Russo","USM",23,284,0.077464788,0.147887323,0.523809523,0.31779661,0.426056338,0.525423728,0.951480066,0.207627118,2.42483388375,0.345945945,-0.3897254355251789,60.57987962354225,14.055105847011026,0.4332942782153546,130.2099391488088,"Matthew Russo","sa3041345",
2026,"Cody Gunderson","CLT",21,262,0.099236641,0.156488549,0.634146341,0.337837837,0.427480916,0.531531531,0.959012447,0.193693694,2.03144409625,0.377142857,-0.6142203016206622,56.7946666533485,13.15205967970043,0.4381528494467262,130.1358250382288,"Cody Gunderson","sa3059376",
2026,"Simmi Whitehill","MONM",22,244,0.139344262,0.295081967,0.472222222,0.312820512,0.430379746,0.466666666,0.897046412,0.153846154,6.627998533343139,0.466101694,-0.08851736504584551,50.565616396681406,11.703757373110388,0.4264228047197881,130.11630855335991,"Simmi Whitehill","sa3045134",
2026,"Noah Foster","USI",,212,0.094339622,0.113207547,0.833333333,0.344632768,0.440191387,0.502824858,0.943016245,0.15819209,8.342743808322927,0.38410596,-0.6160544184967875,46.88314876232179,10.848215493297891,0.43513394856567017,130.10471925203524,"Noah Foster","sa3070102",
2026,"Sean OLeary","UML",21,241,0.12033195,0.087136929,1.38095238,0.308457711,0.408333333,0.492537313,0.900870646,0.184079602,5.766240937996347,0.304597701,-0.26820218563079834,48.49298417962928,11.197597477807001,0.4204813371102015,130.02408197917916,"Sean OLeary","sa3039099",
2026,"Cade Arrambide","LSU",20,223,0.125560538,0.28251121,0.444444444,0.317460317,0.417040358,0.645502645,1.062543003,0.328042328,1.83928570875,0.3853211,-0.5973905259743333,52.82467871798308,12.172476230991201,0.4476762895092301,129.94296861255233,"Cade Arrambide","sa3058520",
2026,"Dylan Koontz","CLT",23,249,0.152610441,0.168674698,0.904761904,0.281914893,0.441767068,0.5,0.941767068,0.218085107,4.40189894138985,0.302158273,-0.4495203159749508,53.89170980537482,12.414575696831427,0.43778459925249397,129.931131848076,"Dylan Koontz","sa3035635",
2026,"Efrain Morales","ODU",20,175,0.137142857,0.08,1.714285714,0.34751773,0.468571428,0.418439716,0.887011144,0.070921986,2.9900333802692245,0.377952755,-0.46013596281409264,37.24094131513648,8.572506769738725,0.4327584562982832,129.90224930546444,"Efrain Morales","sa3060081",
2026,"Willie Ponce","HPU",23,275,0.112727272,0.112727272,1,0.314814814,0.44074074,0.472222222,0.912962962,0.157407408,7.941763566385173,0.344262295,0.08164704299997538,58.77197454281019,13.50286858685183,0.43463842780501755,129.82799925403557,"Willie Ponce","sa3071031",
2026,"Nick Barone","LIB",22,278,0.111510791,0.197841726,0.563636363,0.322175732,0.410071942,0.585774058,0.995846,0.263598326,8.173327526762701,0.373563218,1.154757680837065,60.0270542323963,13.788322311677161,0.4378025518904487,129.81985391666578,"Nick Barone","sa3026616",
2026,"Cameron Gurney","UTAH",22,230,0.12173913,0.117391304,1.037037037,0.356020942,0.460526315,0.539267015,0.99979333,0.183246073,5.832796468900183,0.388535031,-0.9700831696391106,54.02708550515013,12.402498475931461,0.4514621880493666,129.79608774791072,"Cameron Gurney","sa3032862",
2026,"Yohann Dessureault","STET",24,216,0.087962962,0.180555555,0.487179487,0.301136363,0.413953488,0.505681818,0.919635306,0.204545455,5.024671713640068,0.34090909,-1.6749120582826436,43.06307887793896,9.877169964326596,0.42239030516424847,129.7631443213994,"Yohann Dessureault","sa3030205",
2026,"Garrett Wright","TENN",20,221,0.058823529,0.167420814,0.351351351,0.347593582,0.438914027,0.593582887,1.032496914,0.245989305,4.688047208274647,0.391608391,-2.4023157972842455,52.27050733809581,11.982898595381878,0.4472890641894276,129.7433850490047,"Garrett Wright","sa3045613",
2026,"Logan Tribble","WOF",23,250,0.148,0.14,1.057142857,0.371859296,0.479674796,0.477386934,0.95706173,0.105527638,6.678770544139981,0.439759036,1.5176320429891348,58.441706994826454,13.376855353171482,0.45085609395329546,129.68356682840337,"Logan Tribble","sa3044050",
2026,"Ryan Kroepel","UTU",21,292,0.174657534,0.126712328,1.378378378,0.311627906,0.46875,0.423255813,0.892005813,0.111627907,5.729288042315341,0.344632768,0.12463164050132036,61.42095118254987,14.043978089993871,0.4364146360506614,129.64304634354215,"Ryan Kroepel","sa3035729",
2026,"Bino Watters","ND",20,253,0.106719367,0.146245059,0.729729729,0.362385321,0.446640316,0.610091743,1.056732059,0.247706422,5.957553400464815,0.40116279,-0.7663958389312029,62.18937324846973,14.202758574139969,0.4623328866694756,129.59733390348472,"Bino Watters","sa3060882",
2026,"Nick Williams","MSU",22,205,0.121951219,0.097560975,1.25,0.333333333,0.434146341,0.540229885,0.974376226,0.206896552,5.5487291041003,0.351351351,-0.7269647344946861,44.94766809207218,10.250157193958925,0.4378681505598673,129.54147697815495,"Nick Williams","sa3045340",
2026,"Davis Hamilton","MINN",22,240,0.179166666,0.116666666,1.535714285,0.296089385,0.466666666,0.46368715,0.930353816,0.167597765,5.827679775259818,0.319727891,0.19925741851329803,52.61517987735259,11.993703703951706,0.43783930912613866,129.52552401777373,"Davis Hamilton","sa3033076",
2026,"Caden Miller","INST",,259,0.123552123,0.243243243,0.507936507,0.283582089,0.420233463,0.497512437,0.9177459,0.213930348,3.2740299775,0.362962962,-0.08868974074721336,51.87006501220477,11.821468674767134,0.41846021627173813,129.51781025023433,"Caden Miller","sa3070785",
2026,"Luke Nomura","FAIR",22,170,0.152941176,0.129411764,1.181818181,0.296296296,0.417647058,0.488888888,0.906535946,0.192592592,5.852598107858487,0.306306306,1.8005450847558677,33.3564681725972,7.599033506440425,0.4237785626860226,129.50229168755286,"Luke Nomura","sa3038916",
2026,"Ethan Hindle","UK",21,251,0.119521912,0.219123505,0.545454545,0.306122448,0.432653061,0.617346938,1.049999999,0.31122449,9.40900886841677,0.363636363,2.5580281391739845,59.23785032239666,13.481335415513419,0.44674546669940557,129.46320418622048,"Ethan Hindle","sa3033852",
2026,"Danny Gavin","BUT",21,219,0.200913242,0.237442922,0.846153846,0.288235294,0.440366972,0.411764705,0.852131677,0.123529411,7.3016656978588586,0.385964912,1.46227509342134,42.574165247257035,9.68328390258102,0.41816697536258524,129.44063371578955,"Danny Gavin","sa3070153",
2026,"Joey Donnelly","FOR",23,225,0.111111111,0.186666666,0.595238095,0.317460317,0.403587443,0.587301587,0.99088903,0.26984127,5.860034869808188,0.35,-0.39014363242313266,47.765144535194395,10.856154762993807,0.43318438155768696,129.41330778760718,"Joey Donnelly","sa3030463",
2026,"Patrick McLellan","USI",,270,0.096296296,0.081481481,1.181818181,0.346666666,0.44402985,0.488888888,0.932918738,0.142222222,5.8622596294200315,0.365,-0.10171847697347403,59.383113652090024,13.489566564182233,0.4339026873236272,129.39316618596368,"Patrick McLellan","sa3059993",
2026,"Drew Ripepi","GWEB",,165,0.121212121,0.206060606,0.588235294,0.283582089,0.418181818,0.529850746,0.948032564,0.246268657,4.627621949635187,0.318681318,0.14944653736893088,35.142904968429214,7.981441394854191,0.4338837323766766,129.3851668678827,"Drew Ripepi","sa3065396",
2026,"Jax Gimenez","ORE",20,221,0.153846153,0.14479638,1.0625,0.283018867,0.472477064,0.440251572,0.912728636,0.157232705,8.281786170196412,0.336,0.7060169205069542,48.39008435320524,10.98447504353193,0.43755063332548927,129.36584979165485,"Jax Gimenez","sa3059301",
2026,"Liam Ebbs","LAF",20,123,0.06504065,0.097560975,0.666666666,0.317757009,0.390243902,0.514018691,0.904262593,0.196261682,4.823114874943103,0.322580645,-0.19906726200133562,23.565273018413414,5.345818253093591,0.41542472248154927,129.34126362150636,"Liam Ebbs","sa3059110",
2026,"Peyton Bonds","RUTG",20,166,0.096385542,0.126506024,0.761904761,0.352112676,0.436363636,0.535211267,0.971574903,0.183098591,5.980189207853207,0.379310344,1.3118111193180084,36.33948706163044,8.242966041694833,0.4375003395658551,129.33803098200707,"Peyton Bonds","sa3027364",
2026,"Teddy Deters","CREI",23,251,0.135458167,0.227091633,0.596491228,0.28,0.414342629,0.48,0.894342629,0.2,4.907209055988863,0.343065693,-1.0885795634239912,48.755848802454544,11.05899392796285,0.41799941338390945,129.33664881270013,"Teddy Deters","sa3030211",
2026,"Will Baker","GT",21,255,0.184313725,0.14117647,1.305555555,0.331632653,0.464285714,0.581632653,1.045918367,0.25,5.349220711429988,0.361290322,-0.35289145167917013,62.54783736519412,14.181881863399305,0.4617998477012392,129.32203388987742,"Will Baker","sa3058540",
2026,"Chris Polemeni","CONN",21,229,0.122270742,0.170305676,0.717948717,0.296875,0.410480349,0.484375,0.894855349,0.1875,5.544641383641855,0.333333333,-1.0423004515469074,44.45791886607916,10.065170793335747,0.41788458147423757,129.26538691251744,"Chris Polemeni","sa3040033",
2026,"Luke Mansy","UNM",23,222,0.148648648,0.085585585,1.736842105,0.333333333,0.454954954,0.5,0.954954954,0.166666667,5.804478544294545,0.337662337,-0.7688997503137216,51.214532466832864,11.594212176505788,0.43891855698448046,129.26329744824503,"Luke Mansy","sa3036999",
2026,"Royce Hale","SEA",21,141,0.127659574,0.262411347,0.486486486,0.299145299,0.404255319,0.512820512,0.917075831,0.213675213,2.667082942203179,0.373333333,-0.4516582847572863,26.820780018828902,6.064180249832663,0.4119645154222529,129.2156726887928,"Royce Hale","sa3032998",
2026,"Daniel Cuvet","MIA",21,190,0.17368421,0.157894736,1.1,0.304635761,0.436842105,0.649006622,1.085848727,0.344370861,5.9174797592528545,0.306306306,-0.4130067899823189,46.559089479603976,10.521710870423531,0.46155709718403065,129.1966599028464,"Daniel Cuvet","sa3029748",
2026,"Mike Polubinski","LIU",,170,0.117647058,0.111764705,1.052631578,0.33076923,0.437125748,0.53076923,0.967894978,0.2,7.563024126661032,0.336283185,0.1577628580853343,38.733632310103374,8.75267360992332,0.4440516340518426,129.19410849217024,"Mike Polubinski","sa3074132",
2026,"Brayden Jefferis","MICH",20,257,0.105058365,0.101167315,1.038461538,0.355140186,0.45490196,0.490654205,0.945556165,0.135514019,5.326146428522927,0.385869565,-1.107443019747734,56.197483712992415,12.698652977308974,0.437238300781624,129.19309039470772,"Brayden Jefferis","sa3059586",
2026,"Colton Bower","WASH",22,170,0.076470588,0.294117647,0.26,0.31081081,0.38095238,0.662162162,1.043114542,0.351351352,7.192365640503722,0.386363636,0.431971438229084,37.17236566064358,8.39882003781796,0.43723159567231223,129.18938162127404,"Colton Bower","sa3027475",
2026,"Gavin Degnan","PENN",21,191,0.057591623,0.214659685,0.268292682,0.305882352,0.363157894,0.535294117,0.898452011,0.229411765,8.749292996867155,0.36,1.3408263586461544,34.7823382634022,7.844401763687352,0.4068977741818679,129.1202771369306,"Gavin Degnan","sa3065026",
2026,"Alec Welshans","LAS",,234,0.153846153,0.243589743,0.631578947,0.278074866,0.403433476,0.598930481,1.002363957,0.320855615,4.108408991912059,0.293103448,0.3139346083626151,49.55709752944476,11.17174816635615,0.4326726489824287,129.10419822073814,"Alec Welshans","sa3060902",
2026,"Brodey Williams","UNM",21,151,0.158940397,0.258278145,0.615384615,0.35,0.449664429,0.516666666,0.966331095,0.166666666,3.924681244835111,0.475609756,0.16287040675524622,34.77980094387474,7.830844350003625,0.43856275641678166,129.05806138625996,"Brodey Williams","sa3060923",
2026,"Nic Pepe","ME",23,191,0.178010471,0.146596858,1.214285714,0.253623188,0.431578947,0.427536231,0.859115178,0.173913043,4.198033038104172,0.259259259,0.37243926525115967,38.14287447012828,8.585119864119745,0.4188345858925267,129.04523695576847,"Nic Pepe","sa3070986",
2026,"Casey Murray Jr.","CP",22,284,0.109154929,0.228873239,0.476923076,0.315789473,0.400709219,0.465587044,0.866296263,0.149797571,5.973699189112535,0.412429378,-0.20146406372077763,50.62161144726455,11.39176204912841,0.40678511232349046,129.03850568865465,"Casey Murray Jr.","sa3038598",
2026,"Alex Perry","SELA",,232,0.103448275,0.181034482,0.571428571,0.274111675,0.373913043,0.588832487,0.96274553,0.314720812,3.9187453379947534,0.26618705,-0.030799918808043003,46.33617395760597,10.424510425348894,0.4189150499260944,129.02820253922584,"Alex Perry","sa3039745",
2026,"Ty Johnsen","UTU",23,225,0.142222222,0.177777777,0.8,0.321428571,0.462962962,0.428571428,0.89153439,0.107142857,5.085312992128284,0.401574803,0.5714210886508226,47.07015319877583,10.563923932251514,0.43521950200751974,128.93731876586466,"Ty Johnsen","sa3034823",
2026,"Jaret Nelson","FGCU",,260,0.134615384,0.207692307,0.648148148,0.302325581,0.415384615,0.497674418,0.913059033,0.195348837,4.623572834070089,0.359477124,-0.5380874765105546,51.50195603395298,11.55595456386402,0.4210492138679211,128.92893941466698,"Jaret Nelson","sa3060132",
2026,"Niko Brini","WOF",23,263,0.060836501,0.106463878,0.571428571,0.352941176,0.42578125,0.606334841,1.032116091,0.253393665,9.107133418433275,0.37037037,1.893174098804593,61.122618080693165,13.714394153672135,0.44945731153711677,128.92830192243377,"Niko Brini","sa3027697",
2026,"Nolan Grawe","SDST",,262,0.099236641,0.110687022,0.896551724,0.309734513,0.388461538,0.526548672,0.91501021,0.216814159,7.659726475117522,0.32642487,-0.13569429283961654,49.5146604593976,11.102877747653293,0.41393233147951275,128.90487492073262,"Nolan Grawe","sa3065048",
2026,"Luke Nixon","NCSU",21,257,0.120622568,0.140077821,0.861111111,0.36744186,0.452380952,0.595348837,1.047729789,0.227906977,7.27983097786516,0.406976744,-1.1861725505441427,62.82896735267457,14.083671023414695,0.4609679262789469,128.892369282738,"Luke Nixon","sa3038891",
2026,"Paul Smith","RICE",22,240,0.154166666,0.154166666,1,0.294416243,0.4125,0.563451776,0.975951776,0.269035533,3.6813936206676683,0.302013422,-0.3153802501037717,51.50337822402916,11.525417637481315,0.43580259680747985,128.8294286861634,"Paul Smith","sa3042619",
2026,"Bruce Wyche","NCAT",19,210,0.071428571,0.161904761,0.44117647,0.333333333,0.409523809,0.508196721,0.91772053,0.174863388,5.071079495668436,0.387755102,-2.309538558125496,43.06880100357906,9.622119057063022,0.4241338255859557,128.76853097849758,"Bruce Wyche","sa3060977",
2026,"Brian Duroff","ELON",23,239,0.083682008,0.121338912,0.689655172,0.314720812,0.414225941,0.502538071,0.916764012,0.187817259,5.570777599114614,0.335329341,0.5782928671687841,49.01480921770846,10.94929976429259,0.4241267400306638,128.76435892101276,"Brian Duroff","sa3030697",
2026,"Joey Morton","CAM",,253,0.086956521,0.241106719,0.360655737,0.293023255,0.363636363,0.646511627,1.01014799,0.353488372,3.9818722430667313,0.295774647,-0.48534231819212437,51.877775671856874,11.582487422006597,0.424092204910022,128.7440242397314,"Joey Morton","sa3060096",
2026,"Mason Hughes","UNCW",,225,0.12,0.155555555,0.771428571,0.322404371,0.4375,0.437158469,0.874658469,0.114754098,5.079962028564147,0.38095238,-1.2714717788621783,46.128859446473896,10.293128789492433,0.4240566497402532,128.72308894164303,"Mason Hughes","sa3066830",
2026,"Ben Tryon","DBU",21,258,0.127906976,0.162790697,0.785714285,0.31455399,0.426356589,0.539906103,0.966262692,0.225352113,6.388713751933133,0.345679012,0.03833357337862253,55.235198226456156,12.32299378204774,0.4358924301557763,128.71675771868547,"Ben Tryon","sa3044100",
2026,"Landon Beaver","UAB",20,273,0.164835164,0.153846153,1.071428571,0.309859154,0.444852941,0.483568075,0.928421016,0.173708921,5.207392803068638,0.351190476,-0.2676791939884424,58.5285366327473,13.053606465549116,0.4355788550832692,128.7050610469434,"Landon Beaver","sa3058590",
2026,"Colton Coates","LT",21,267,0.168539325,0.11235955,1.5,0.330232558,0.447368421,0.488372093,0.935740514,0.158139535,4.591121512954139,0.360655737,-1.1878410624340177,57.12145293571015,12.712311126961902,0.43573430001287533,128.62543748696734,"Colton Coates","sa3029070",
2026,"Sean Sweeney","BING",19,165,0.127272727,0.066666666,1.909090909,0.338345864,0.427672955,0.436090225,0.86376318,0.097744361,6.686406110269152,0.354838709,0.655576080083847,32.8067672332376,7.272581317052216,0.41788659755538843,128.48174342007258,"Sean Sweeney","sa3060704",
2026,"Matthew Rhoades","BUT",,248,0.084677419,0.278225806,0.304347826,0.271028037,0.366935483,0.588785046,0.955720529,0.317757009,3.5744164075232603,0.307086614,-0.04733408521860838,47.82875827813344,10.582463422061974,0.41650962757487453,128.41212384468074,"Matthew Rhoades","sa3071100",
2026,"Ryan Henschel","URI",,203,0.157635467,0.147783251,1.066666666,0.292207792,0.433673469,0.493506493,0.927179962,0.201298701,7.223290475530881,0.325,0.09393628872931004,42.73159680778791,9.431486035535821,0.4313788523479384,128.3226866722461,"Ryan Henschel","sa3033638",
2026,"Anthony Paskell","RID",,260,0.115384615,0.103846153,1.111111111,0.323943661,0.42084942,0.469483568,0.890332988,0.145539907,7.318060855623523,0.335135135,2.607416035141796,50.52090382398108,11.127180216917788,0.42180014370030877,128.2460737347578,"Anthony Paskell","sa3039514",
2026,"Judd Utermark","MISS",22,291,0.137457044,0.292096219,0.470588235,0.308641975,0.419243986,0.629629629,1.048873615,0.320987654,5.919788024827191,0.386861313,0.9397324100136757,68.0079030635819,14.95951327113958,0.4442941552584933,128.19974994466435,"Judd Utermark","sa3044269",
2026,"Jaden Stone","UNCO",,239,0.112970711,0.146443514,0.771428571,0.339901477,0.432203389,0.399014778,0.831218167,0.059113301,6.130016879040735,0.410714285,-0.4513776358217001,44.91353448035855,9.873778495217755,0.41282693662885894,128.17878783004338,"Jaden Stone","sa3071381",
2026,"Clayton Namken","TXST",19,206,0.131067961,0.22330097,0.586956521,0.310344827,0.402912621,0.58045977,0.983372391,0.270114943,4.09861737146383,0.358333333,-1.7087534293532372,43.25334769750188,9.506504746919372,0.429741954919204,128.1700565615584,"Clayton Namken","sa3070859",
2026,"Erick Dessens","SAC",21,269,0.07063197,0.133828996,0.527777777,0.356275303,0.406716417,0.562753036,0.969469453,0.206477733,5.656917535241656,0.388059701,-0.5377188511192799,55.92771677385896,12.282491561881002,0.43387207411118406,128.14166154997912,"Erick Dessens","sa3069940",
2026,"Kanious (Spanky) Davis","ALCN",,176,0.170454545,0.198863636,0.857142857,0.313868613,0.462857142,0.401459854,0.864316996,0.087591241,8.732705727505536,0.415841584,-0.6538107418455184,38.54862285635302,8.457793960784176,0.4460001676423209,128.10754728670724,"Kanious (Spanky) Davis","sa3069913",
2026,"Camden Kozeal","ARK",21,289,0.124567474,0.186851211,0.666666666,0.318367346,0.409722222,0.653061224,1.062783446,0.334693878,4.331054318523933,0.333333333,-0.9711048547178507,67.48785034005743,14.804054291893067,0.444100283500221,128.09982461848224,"Camden Kozeal","sa3070534",
2026,"Ryan Hunter","SOU",21,247,0.085020242,0.222672064,0.381818181,0.356481481,0.425101214,0.532407407,0.957508621,0.175925926,8.523951911273986,0.45625,-0.3658575490117073,54.070235265599884,11.840492440568601,0.44588883082393693,128.03827740468802,"Ryan Hunter","sa3034330",
2026,"Samuel Fischer","FIU",21,247,0.186234817,0.182186234,1.022222222,0.270718232,0.457489878,0.447513812,0.90500369,0.17679558,5.114765014375731,0.325757575,-0.8024694970808923,52.590663588036314,11.508049255598797,0.434672018053078,128.01196915677397,"Samuel Fischer","sa3031370",
2026,"Nate Kearney","STO",,207,0.125603864,0.091787439,1.368421052,0.350877192,0.45410628,0.432748538,0.886854818,0.081871346,2.61433280367837,0.381578947,-2.0317252222448587,46.70884008775174,10.202613905767793,0.442105652053575,127.94759955440928,"Nate Kearney","sa3059653",
2026,"T.J. Dunsford","UTM",,233,0.072961373,0.137339055,0.53125,0.336538461,0.403433476,0.581730769,0.985164245,0.245192308,5.105489609478892,0.355421686,0.19563134852796793,50.661490069410135,11.057058693548965,0.4313513634030911,127.91874118482667,"T.J. Dunsford","sa3069989",
2026,"Ben Robichaux","SELA",22,245,0.126530612,0.240816326,0.525423728,0.281407035,0.404081632,0.517587939,0.921669571,0.236180904,5.811620124390965,0.33076923,-0.4149013846181333,48.501195287394516,10.577240264105793,0.41699173912710075,127.89065712584676,"Ben Robichaux","sa3040894",
2026,"Marcos Rosales","UNLV",22,258,0.143410852,0.135658914,1.057142857,0.304347826,0.434108527,0.541062801,0.975171328,0.236714975,5.563857315807646,0.327272727,-0.9667980780359358,58.87461281941209,12.8293757252482,0.43649019289386365,127.86254677983683,"Marcos Rosales","sa3041142",
2026,"Connor Shouse","TTU",21,246,0.069105691,0.158536585,0.435897435,0.353488372,0.430894308,0.595348837,1.026243145,0.241860465,7.177702297030856,0.39520958,0.5496190935373306,56.89756536532876,12.37735489059922,0.447797552356875,127.80165403221717,"Connor Shouse","sa3065954",
2026,"Kyle Garbowski","QUIN",21,246,0.158536585,0.060975609,2.6,0.301075268,0.436974789,0.413978494,0.850953283,0.112903226,6.1493940882967335,0.308139534,-0.28861514991149306,47.63111936337581,10.358596258231305,0.42108424771733644,127.79150804738939,"Kyle Garbowski","sa3031909",
2026,"Wes Walker","UNA",,240,0.1,0.170833333,0.585365853,0.303317535,0.379166666,0.582938388,0.962105054,0.279620853,2.48703522125,0.31210191,-0.23320807632990181,47.119590838388895,10.246358712152933,0.41921511640151343,127.7880677155569,"Wes Walker","sa3060856",
2026,"Wailele Kane-Yates","ORU",,233,0.077253218,0.150214592,0.514285714,0.314720812,0.403433476,0.482233502,0.885666978,0.16751269,3.257583165,0.345911949,-0.2734103035181761,43.65018319560365,9.490086356533336,0.412221655825177,127.78120448909011,"Wailele Kane-Yates","sa3059641",
2026,"Zion Taylor","APSU",23,257,0.128404669,0.182879377,0.702127659,0.313364055,0.40625,0.516129032,0.922379032,0.202764977,5.257015976877442,0.359756097,-2.1121754918713123,50.43522614772334,10.95014007921233,0.4191255341283977,127.7323444609254,"Zion Taylor","sa3074151",
2026,"Alex Hernandez","GT",20,256,0.16015625,0.23828125,0.672131147,0.342857142,0.45703125,0.576190476,1.033221726,0.233333334,4.133667189386278,0.430656934,-0.4134689252823591,61.98684017230598,13.431214256778636,0.45858470257371664,127.66149957606363,"Alex Hernandez","sa3059474",
2026,"Nick Bergamotto","SIE",,191,0.115183246,0.109947643,1.047619047,0.345238095,0.424083769,0.446428571,0.87051234,0.101190476,4.10247278770391,0.381944444,-0.25240284530445933,36.938462979968214,7.999227560933255,0.4208479389470285,127.641461307135,"Nick Bergamotto","sa3027019",
2026,"Jay Campbell","FAMU",20,246,0.134146341,0.199186991,0.673469387,0.336633663,0.428571428,0.534653465,0.963224893,0.198019802,7.615173965812209,0.405228758,0.9295393479987979,53.675767562136734,11.61699535583028,0.4452179227556501,127.62086182365633,"Jay Campbell","sa3062824",
2026,"Alex Leopard","UCSD",23,231,0.164502164,0.199134199,0.826086956,0.255555555,0.419913419,0.405555555,0.825468974,0.15,5.701518889237296,0.317829457,0.17353665293194354,40.702666217439734,8.793880263321963,0.4044119150607617,127.55943230170787,"Alex Leopard","sa3059798",
2026,"Gene Trujillo","UNM",21,226,0.168141592,0.314159292,0.535211267,0.308988764,0.442477876,0.516853932,0.959331808,0.207865168,3.811684840321443,0.476190476,-0.48829208756797016,51.445284872450415,11.111084937252587,0.4359441138474287,127.54755258590475,"Gene Trujillo","sa3044093",
2026,"Ezra McNaughton","BYU",22,264,0.087121212,0.132575757,0.657142857,0.346320346,0.420454545,0.623376623,1.043831168,0.277056277,3.976727219242509,0.351648351,-0.220762450248003,60.9256624739589,13.147875623029645,0.44727783514694736,127.51880421764224,"Ezra McNaughton","sa3060000",
2026,"Nate Conner","ETSU",20,259,0.123552123,0.185328185,0.666666666,0.308411214,0.409266409,0.64953271,1.058799119,0.341121496,6.730529583418338,0.322580645,-0.44831191934645176,59.51200642197671,12.824820121222155,0.446755880094403,127.46967880781219,"Nate Conner","sa3069831",
2026,"Jacoby Radcliffe","SOU",22,220,0.177272727,0.204545454,0.866666666,0.279503105,0.44859813,0.453416149,0.902014279,0.173913044,9.900146306010257,0.359649122,4.972590006887913,47.917247094095984,10.30371097463493,0.4448526869310397,127.39362484269017,"Jacoby Radcliffe","sa3040373",
2026,"Colin Robson","RICE",21,228,0.135964912,0.171052631,0.794871794,0.301136363,0.429864253,0.511363636,0.941227889,0.210227273,6.501190619465653,0.34090909,-3.6321077458560467,48.37553037292694,10.396467815706476,0.43318460510866674,127.37420861834813,"Colin Robson","sa3060393",
2026,"Jacob Silva","UTSA",21,173,0.132947976,0.098265895,1.352941176,0.296875,0.447058823,0.46875,0.915808823,0.171875,7.656008763873483,0.306306306,0.2042100727558136,36.68478451676418,7.867337927294276,0.4330521937678842,127.30060730005499,"Jacob Silva","sa3066236",
2026,"Caleb Klein","SEMO",,281,0.110320284,0.106761565,1.033333333,0.315789473,0.437275985,0.49122807,0.928504055,0.175438597,7.426537442800129,0.335078534,-0.5010399608872831,60.78048112366913,13.017196932179912,0.43020034925912015,127.253563385617,"Caleb Klein","sa3070516",
2026,"Nathan Earley","USF",22,165,0.096969696,0.2,0.484848484,0.333333333,0.4,0.588652482,0.988652482,0.255319149,2.8323873726439706,0.37735849,-0.6545898728072643,34.96012263519753,7.475274731945882,0.4328672448794047,127.19780279759709,"Nathan Earley","sa3059106",
2026,"Brodie Johnston","VAN",20,278,0.12589928,0.17266187,0.729166666,0.333333333,0.428057553,0.606837606,1.034895159,0.273504273,5.61574369747005,0.362068965,-0.24243505485355854,64.45480265370757,13.776272199071961,0.4423227440967834,127.18364576771548,"Brodie Johnston","sa3065063",
2026,"Jake Jackson","SDSU",22,261,0.076628352,0.226053639,0.33898305,0.337662337,0.399224806,0.627705627,1.026930433,0.29004329,6.38753449344515,0.396226415,-0.9934410187415779,59.23799847569788,12.657351647880919,0.43529475543850155,127.17298386745935,"Jake Jackson","sa3034498",
2026,"Cooper Clapp","MTSU",22,242,0.140495867,0.152892561,0.918918918,0.319796954,0.417021276,0.558375634,0.97539691,0.23857868,4.918251948417753,0.337748344,-1.23164133541286,51.150434712030844,10.899452248671007,0.4330560095766757,127.0787235034392,"Cooper Clapp","sa3058873",
2026,"Jake Schaffner","UNC",21,339,0.132743362,0.09439528,1.40625,0.355555555,0.467455621,0.551851851,1.019307472,0.196296296,9.052612487433304,0.37815126,2.533098447136581,81.70487974307784,17.406609487750618,0.4574426497228047,127.07166058842532,"Jake Schaffner","sa3041661",
2026,"JoJo Montgomery","VILL",,149,0.067114093,0.167785234,0.4,0.328125,0.406896551,0.4765625,0.883459051,0.1484375,6.563061352060561,0.383838383,1.8163520693778992,28.42570027162582,6.047886023421594,0.41427643545742693,127.02625893816649,"JoJo Montgomery","sa3060071",
2026,"Max Hartman","WSU",22,276,0.101449275,0.173913043,0.583333333,0.337606837,0.427007299,0.551282051,0.97828935,0.213675214,8.925133383223868,0.397790055,1.82829805475194,62.562680223699836,13.30498472761753,0.43501389744508007,127.01097685066436,"Max Hartman","sa3033353",
2026,"William Parker","ARMY",22,205,0.126829268,0.170731707,0.742857142,0.25,0.409756097,0.448717948,0.858474045,0.198717948,3.2037192558834517,0.27118644,-2.836029884405434,38.56459539399019,8.198837451790483,0.41171401302988936,127.00027269991654,"William Parker","sa3039471",
2026,"Ethan Ball","VT",19,245,0.089795918,0.310204081,0.289473684,0.310344827,0.420408163,0.660098522,1.080506685,0.349753695,5.115308455144141,0.410714285,-0.5081999627873302,59.01469609004789,12.545444725578362,0.4572986782813559,126.99730328595444,"Ethan Ball","sa3069547",
2026,"Bryce Blaser","ULM",22,262,0.164122137,0.114503816,1.433333333,0.322115384,0.440613026,0.48076923,0.921382256,0.158653846,7.692598536780021,0.351955307,2.665235809981823,54.49718879931208,11.57644679420229,0.42765506633853545,126.97168374401377,"Bryce Blaser","sa3027246",
2026,"Caleb Johnson","JVST",,273,0.087912087,0.186813186,0.470588235,0.309090909,0.412878787,0.559090909,0.971969696,0.25,8.54507547285838,0.358024691,2.5401292610913515,57.62127141953548,12.214171367894016,0.4327452408544945,126.89925442057047,"Caleb Johnson","sa3034718",
2026,"Elgin Bennett","CSUB",23,190,0.105263157,0.247368421,0.425531914,0.264516129,0.389473684,0.477419354,0.866893038,0.212903225,9.13545153421923,0.336538461,1.3965596538037062,33.29708751441289,7.051765733969697,0.40330355637951903,126.86865793820957,"Elgin Bennett","sa3058620",
2026,"Mac Moyer","NEB",22,292,0.136986301,0.119863013,1.142857142,0.352697095,0.457044673,0.473029045,0.930073718,0.12033195,6.021754139306721,0.397058823,-0.9677609652280807,62.70175229347806,13.27895628250699,0.43303490299539465,126.86807982203044,"Mac Moyer","sa3070829",
2026,"TJ Schmalzle","FAIR",,265,0.109433962,0.17735849,0.617021276,0.285046728,0.396946564,0.523364485,0.920311049,0.238317757,8.133526280752278,0.310559006,2.6069629583507776,50.907800055572416,10.756504840680982,0.4195068651483259,126.78993238726598,"TJ Schmalzle","sa3041716",
2026,"Nick Spaventa","PENN",21,193,0.098445595,0.134715025,0.73076923,0.293413173,0.3626943,0.532934131,0.895628431,0.239520958,2.28869047125,0.297101449,-0.3424740005284548,34.50129995354199,7.281290820322266,0.403088181130009,126.74977361207446,"Nick Spaventa","sa3042803",
2026,"Zachary Kourous","MERC",21,186,0.086021505,0.037634408,2.285714285,0.352201257,0.416216216,0.572327044,0.98854326,0.220125787,9.519603245130329,0.331125827,2.7748174178414047,41.54298875186931,8.740292762260548,0.4400721730412664,126.64504394708685,"Zachary Kourous","sa3075471",
2026,"Christian Smith","QUIN",,183,0.049180327,0.185792349,0.264705882,0.306748466,0.371584699,0.576687116,0.948271815,0.26993865,4.4590336087499995,0.341463414,-0.26761858630925417,35.09503204580695,7.367911199297019,0.41916512368155306,126.57294004698089,"Christian Smith","sa3042513",
2026,"Noah Sorensen","LIU",,217,0.184331797,0.087557603,2.105263157,0.292682926,0.453271028,0.420731707,0.874002735,0.128048781,6.633863203966001,0.314685314,0.9730843072757125,48.43716607656182,10.167354088684933,0.4399512045294325,126.56755693470807,"Noah Sorensen","sa3042748",
2026,"Michael O'Shaughnessy","UGA",22,197,0.101522842,0.319796954,0.317460317,0.288343558,0.395939086,0.674846625,1.070785711,0.386503067,1.51253799,0.325301204,-0.49039520788937807,45.451096752799124,9.538612941420649,0.4411141572869974,126.5607162999916,"Michael O'Shaughnessy","sa3039240",
2026,"William Johnson","ODU",21,236,0.093220338,0.131355932,0.709677419,0.341708542,0.435897435,0.477386934,0.913284369,0.135678392,4.907315055216137,0.384146341,-0.765734625980258,48.92096282823262,10.25953109843907,0.42689785386762047,126.53686280979808,"William Johnson","sa3070456",
2026,"Tony DeJesus","UIW",,177,0.146892655,0.13559322,1.083333333,0.303448275,0.426136363,0.448275862,0.874412225,0.144827587,3.7129867182890166,0.336206896,-1.6557477414608002,34.64576028063721,7.247637671975559,0.4145610887895931,126.45304488740514,"Tony DeJesus","sa3030038",
2026,"Maloy Heaghney","UPST",21,294,0.153061224,0.217687074,0.703125,0.30543933,0.430034129,0.476987447,0.907021576,0.171548117,7.454186579446217,0.394117647,2.4983542904956266,61.18618608024737,12.789396440059148,0.4288407975089428,126.42612564829912,"Maloy Heaghney","sa3070309",
2026,"Jon Legrande","SJU",22,283,0.09540636,0.130742049,0.729729729,0.322175732,0.412811387,0.464435146,0.877246533,0.142259414,6.819046913296193,0.356783919,-2.642509871162474,53.716807149086335,11.21397874477897,0.4132416182565519,126.38407646217378,"Jon Legrande","sa3059786",
2026,"Davis Hanson","YALE",23,178,0.129213483,0.174157303,0.741935483,0.231343283,0.388235294,0.45522388,0.843459174,0.223880597,5.9925566655981815,0.25510204,0.6502393335103989,31.720497191264446,6.616032809331233,0.40245215507114634,126.35400902674728,"Davis Hanson","sa3033178",
2026,"Jack Hopko","URI",22,266,0.093984962,0.139097744,0.675675675,0.306382978,0.379699248,0.625531914,1.005231162,0.319148936,7.167629006142292,0.292817679,0.2939362917095423,55.12761302420846,11.492985115740215,0.42809507766164334,126.33913858472424,"Jack Hopko","sa3034078",
2026,"Will Flanigan","UIC",23,219,0.173515981,0.118721461,1.461538461,0.257668711,0.429906542,0.441717791,0.871624333,0.18404908,5.458952517830776,0.267175572,0.7177215777337551,42.77143331245257,8.907948378480214,0.41343836528118527,126.30546854775606,"Will Flanigan","sa3059194",
2026,"Jake Souders","SAM",20,254,0.094488188,0.177165354,0.533333333,0.356164383,0.430830039,0.575342465,1.006172504,0.219178082,6.593400529505606,0.403614457,0.5818317513912916,57.81965773542376,12.033768467502313,0.4445575475692749,126.28270119880236,"Jake Souders","sa3060639",
2026,"Cole Katayama-Stall","PORT",20,218,0.16972477,0.252293577,0.672727272,0.258620689,0.399082568,0.505747126,0.904829694,0.247126437,6.249401421577583,0.315315315,1.3428801235277206,40.51023501552555,8.418470833673211,0.40727951247757727,126.23249624411051,"Cole Katayama-Stall","sa3059649",
2026,"Reece Moroney","URI",21,272,0.088235294,0.169117647,0.52173913,0.37037037,0.426470588,0.49382716,0.920297748,0.12345679,5.313277619389465,0.441624365,-0.46457315934821963,56.264852223700075,11.645984587973143,0.42770088968031544,126.10103125666964,"Reece Moroney","sa3038389",
2026,"Hutson Miles","LIP",,233,0.103004291,0.167381974,0.615384615,0.340206185,0.418502202,0.474226804,0.892729006,0.134020619,8.909592371698281,0.411392405,1.9110199513379484,45.13001773911705,9.332254883229645,0.41645210587505727,126.06938014757765,"Hutson Miles","sa3070781",
2026,"Zach Stephenson","FAIR",23,160,0.16875,0.2,0.84375,0.28125,0.415094339,0.4609375,0.876031839,0.1796875,7.38663135957205,0.351063829,0.03877628454938531,30.55249703651471,6.310205586014218,0.41830963833526996,126.02974062455613,"Zach Stephenson","sa3043058",
2026,"Paul Jones II","MD",20,240,0.108333333,0.220833333,0.490566037,0.323383084,0.414225941,0.572139303,0.986365244,0.248756219,3.722615398914479,0.378571428,-0.23366514593362808,51.19061214998786,10.569135976586978,0.4314991091085777,126.01859157326167,"Paul Jones II","sa3059626",
2026,"Trevor Hansen","MAN",22,190,0.094736842,0.363157894,0.260869565,0.303030303,0.368421052,0.6,0.968421052,0.296969697,2.9574653657786474,0.426966292,-1.1592508018948138,36.26438111464013,7.476660017170796,0.41821822712295936,125.97169811342955,"Trevor Hansen","sa3033170",
2026,"Rueben Livingston","LAS",,207,0.091787439,0.20289855,0.452380952,0.304597701,0.405797101,0.551724137,0.957521238,0.247126436,4.286566214206369,0.341463414,-0.28563047433272004,42.71623290256403,8.759962312139495,0.4271988474228532,125.79777507901515,"Rueben Livingston","sa3070613",
2026,"Lenny Junior Ashby","UNM",26,237,0.147679324,0.092827004,1.59090909,0.302702702,0.447257383,0.486486486,0.933743869,0.183783784,6.782016477589466,0.310126582,0.628998595289886,53.20822663939232,10.910857680799912,0.43290689046875835,125.79559426375016,"Lenny Junior Ashby","sa3026262",
2026,"Blake Cavill","TROY",24,326,0.159509202,0.159509202,1,0.272727272,0.43076923,0.486166007,0.916935237,0.213438735,4.429377478978351,0.292553191,-0.22597656771540642,67.17059897145252,13.765400904025844,0.4255718075312101,125.77539528389417,"Blake Cavill","sa3028674",
2026,"Kayden Bradshaw","AFA",20,196,0.086734693,0.224489795,0.386363636,0.327044025,0.438144329,0.509433962,0.947578291,0.182389937,8.84489668954851,0.419642857,1.6430097785778344,43.9959400225725,9.015837423905353,0.4328697803094215,125.77418805011995,"Kayden Bradshaw","sa3058708",
2026,"Braylen Gonzalez","BING",20,199,0.20603015,0.130653266,1.576923076,0.272108843,0.43076923,0.408163265,0.838932495,0.136054422,7.003073741343077,0.297520661,0.5733662322163582,38.72979313469914,7.9340173933604135,0.4133132992646633,125.76333020476629,"Braylen Gonzalez","sa3066318",
2026,"Gianni Royer","HC",21,176,0.085227272,0.21590909,0.394736842,0.309677419,0.380681818,0.516129032,0.89681085,0.206451613,7.321611794618062,0.371681415,0.5157982856035233,32.76842909614581,6.698314960403617,0.4096425852992318,125.69346235128374,"Gianni Royer","sa3041230",
2026,"Mike Mancini","VAN",22,254,0.169291338,0.204724409,0.826923076,0.305,0.432539682,0.595,1.027539682,0.29,6.218468363927197,0.335766423,2.802146372385323,58.19693240088518,11.893526877585007,0.4394172051596263,125.68607371999907,"Mike Mancini","sa3036951",
2026,"Jake Brown","LSU",21,194,0.118556701,0.164948453,0.71875,0.309090909,0.404145077,0.642424242,1.046569319,0.333333333,5.930901213109496,0.296610169,0.833969528786838,44.44145500373432,9.075861808772773,0.4393723813980972,125.66297066965582,"Jake Brown","sa3027844",
2026,"JP Peltier","WRST",21,259,0.127413127,0.22007722,0.578947368,0.294117647,0.391472868,0.547511312,0.93898418,0.253393665,7.036155224251035,0.354838709,1.420092653715983,51.0802556972185,10.42369953796061,0.41348248835681944,125.63842224395347,"JP Peltier","sa3039650",
2026,"Cole Johnson","APSU",21,248,0.137096774,0.169354838,0.809523809,0.275862068,0.403225806,0.507389162,0.910614968,0.231527094,4.381454974391706,0.293333333,0.11126619717106223,47.86033074852406,9.7579908847469,0.4157135159738602,125.60995182876826,"Cole Johnson","sa3059606",
2026,"Charlie Evans","APP",22,190,0.07368421,0.121052631,0.608695652,0.358490566,0.427027027,0.503144654,0.930171681,0.144654088,8.504363893919272,0.398550724,0.6279933750629425,39.07524962887294,7.949520693869659,0.42516193518767487,125.54003059806196,"Charlie Evans","sa3031065",
2026,"Elijah Fairchild","LIU",21,235,0.127659574,0.174468085,0.731707317,0.347150259,0.43776824,0.481865284,0.919633524,0.134715025,9.598492161555875,0.415584415,3.753698860295117,52.020925771887704,10.576659333403514,0.438316126493937,125.52019915493611,"Elijah Fairchild","sa3059159",
2026,"Jack Kail","COLU",22,188,0.074468085,0.04787234,1.555555555,0.337278106,0.388297872,0.461538461,0.849836333,0.124260355,5.696599175104746,0.341614906,0.991945892572403,33.275750787845205,6.760923238387651,0.4010775241445988,125.4986506164396,"Jack Kail","sa3035024",
2026,"Vincent Samuel","MAN",22,232,0.094827586,0.125,0.758620689,0.331730769,0.396551724,0.504807692,0.901359416,0.173076923,6.35250105943367,0.365714285,-0.7420621234923601,44.111255261884075,8.959932658658369,0.4174589753664773,125.48960322146215,"Vincent Samuel","sa3060469",
2026,"Jaxon Pate","JVST",21,277,0.151624548,0.137184115,1.105263157,0.347031963,0.457564575,0.438356164,0.895920739,0.091324201,4.45933264976959,0.404371584,-1.5484894197434187,57.80328576092895,11.730880214025342,0.4302562061710991,125.46183572308334,"Jaxon Pate","sa3070958",
2026,"Eli Watson","BELL",23,214,0.112149532,0.107476635,1.04347826,0.327683615,0.436018957,0.412429378,0.848448335,0.084745763,2.5702887274940878,0.368421052,-2.519578928826377,41.23306659345002,8.354434614222956,0.4153919417711231,125.40992161566011,"Eli Watson","sa3044857",
2026,"James Marino","QUIN",,181,0.138121546,0.198895027,0.694444444,0.269503546,0.406779661,0.482269503,0.889049164,0.212765957,4.624506914025947,0.316831683,-1.6592278140597045,34.379473591581714,6.955381388203033,0.41725849027687545,125.362303104225,"James Marino","sa3037046",
2026,"Nick Miller","CSUF",,242,0.049586776,0.107438016,0.461538461,0.333333333,0.405172413,0.436274509,0.841446922,0.102941176,4.931633454829038,0.370786516,-1.9748996219132096,41.901920886658324,8.47366893472542,0.40086495902003916,125.348824541917,"Nick Miller","sa3060044",
2026,"Wandel Campana","WIU",,241,0.141078838,0.15352697,0.918918918,0.317204301,0.454166666,0.43548387,0.889650536,0.118279569,4.274602886406278,0.369127516,0.10772436438128352,51.327283895115414,10.36304371664957,0.4268160911897818,125.29778087302894,"Wandel Campana","sa3065012",
2026,"Brandon Sanchez","UNCO",21,215,0.139534883,0.139534883,1,0.295454545,0.401869158,0.477272727,0.879141885,0.181818182,6.153411145384491,0.314685314,0.07150071812793612,39.486426717525305,7.96530731666642,0.4083982143446664,125.26974761070633,"Brandon Sanchez","sa3041472",
2026,"Aidan Quinn","LEH",22,200,0.155,0.19,0.815789473,0.292682926,0.41,0.43902439,0.84902439,0.146341464,3.647370979376197,0.354838709,-0.76478770095855,37.09961303729768,7.47448333759065,0.40890828788280487,125.23021304330211,"Aidan Quinn","sa3040341",
2026,"Bennett Cox","CAN",,206,0.082524271,0.048543689,1.7,0.346590909,0.424390243,0.431818181,0.856208424,0.085227272,8.007507131983955,0.357142857,2.885851422790438,39.08544298098334,7.873492738463963,0.41704365567463203,125.22589161294404,"Bennett Cox","sa3065020",
2026,"Mason Eckelman","OSU",21,237,0.135021097,0.143459915,0.94117647,0.304123711,0.421940928,0.546391752,0.96833268,0.242268041,5.970836993477773,0.331168831,-0.4336651489138603,50.223975516794845,10.110267795561471,0.43002644520771655,125.20402219067329,"Mason Eckelman","sa3030769",
2026,"Nico Rijo-Berger","NICH",,186,0.091397849,0.150537634,0.607142857,0.34939759,0.419354838,0.457831325,0.877186163,0.108433735,3.8648455160606305,0.407407407,0.3373656151816249,36.045971426277305,7.254723939209129,0.4124385595962565,125.19767141895343,"Nico Rijo-Berger","sa3071122",
2026,"Gavin Roy","WSU",22,272,0.110294117,0.110294117,1,0.353211009,0.45522388,0.458715596,0.913939476,0.105504587,4.495863050347291,0.392670157,-0.7457596017047763,60.73480168271029,12.190985831498741,0.43172416735940905,125.1133653540227,"Gavin Roy","sa3060440",
2026,"Enzo Infelise","CIN",19,256,0.06640625,0.2109375,0.314814814,0.374449339,0.44140625,0.550660792,0.992067042,0.176211453,3.123707392046141,0.457317073,-0.39586086198687553,57.96408867954552,11.634113551371692,0.4428544268012047,125.11141764955718,"Enzo Infelise","sa3070407",
2026,"Jake Weaver","UIW",,222,0.13063063,0.148648648,0.878787878,0.295081967,0.405405405,0.497267759,0.902673164,0.202185792,6.838225141121539,0.321917808,-0.729355595074594,42.98335890077779,8.619611900083514,0.4122454322673179,125.08344593477936,"Jake Weaver","sa3060888",
2026,"Miles Risley","IOWA",22,213,0.136150234,0.262910798,0.517857142,0.303030303,0.438679245,0.509090909,0.947770154,0.206060606,8.064287528120579,0.4,2.872559756040573,45.06840524710122,9.016845143207938,0.42967742653387897,125.01097072421614,"Miles Risley","sa3060375",
2026,"Andon Lewis","WES",,173,0.080924855,0.202312138,0.4,0.317880794,0.387283236,0.549668874,0.93695211,0.23178808,4.793621455894986,0.348623853,-0.004333167336881161,33.20740200120318,6.6279471768747555,0.4146306225330154,124.93635486762555,"Andon Lewis","sa3059801",
2026,"Ty Head","NCSU",21,256,0.22265625,0.08984375,2.478260869,0.291005291,0.46031746,0.555555555,1.015873015,0.264550264,6.791584682308452,0.266233766,2.8013701159507036,60.64259829297527,12.086972377447927,0.45322438412242466,124.89304205134898,"Ty Head","sa3059446",
2026,"Danny Orr","UMBC",20,247,0.080971659,0.129554655,0.625,0.325471698,0.395918367,0.490566037,0.886484404,0.165094339,5.95624115849329,0.355555555,-0.4325721263885498,47.70708892178191,9.483186368461974,0.4117087515033021,124.80957132839465,"Danny Orr","sa3065105",
2026,"Nate Castellon","CP",,301,0.079734219,0.049833887,1.6,0.328244274,0.402684563,0.438931297,0.84161586,0.110687023,3.603102783461373,0.331967213,-0.4909435741137713,51.85948532962116,10.281370298498,0.3998685813190153,124.72784129535913,"Nate Castellon","sa3058837",
2026,"Andrey Martinez","BCU",25,233,0.0944206,0.128755364,0.733333333,0.321782178,0.394849785,0.623762376,1.018612161,0.301980198,7.13829219048019,0.310559006,1.3594969185069203,49.68663974455655,9.85048558167279,0.4405674522526786,124.72750140838322,"Andrey Martinez","sa3059929",
2026,"Kam Durnin","MIZ",21,192,0.140625,0.197916666,0.710526315,0.329113924,0.4375,0.569620253,1.007120253,0.240506329,6.1752870444758425,0.380530973,0.19353618938475847,43.65154991004658,8.650550459362984,0.4375334568321705,124.7151526960012,"Kam Durnin","sa3030695",
2026,"Rocco Garza Gongora","RGV",,274,0.113138686,0.160583941,0.704545454,0.302631578,0.400735294,0.504385964,0.905121258,0.201754386,7.362491233079469,0.342541436,-0.9662413238547742,52.89274517742119,10.479832212600328,0.41161243770928946,124.70906023666134,"Rocco Garza Gongora","sa3070150",
2026,"Travis Stroh","FDU",,238,0.109243697,0.222689075,0.490566037,0.291666666,0.412765957,0.578125,0.990890957,0.286458334,6.806251967096271,0.325396825,-0.7833352573215961,52.31884671022174,10.345504529969661,0.436954180991396,124.64779784640807,"Travis Stroh","sa3060684",
2026,"Kade Lewis","WAKE",21,268,0.126865671,0.130597014,0.971428571,0.354260089,0.44402985,0.591928251,1.035958101,0.237668162,6.005891807938868,0.366666666,0.5951850144192576,63.33365264280116,12.501981762483474,0.45264705392851756,124.59486683394529,"Kade Lewis","sa3036307",
2026,"Danny Wyatt","UMBC",,224,0.098214285,0.147321428,0.666666666,0.304812834,0.403587443,0.465240641,0.868828084,0.160427807,4.207087578631564,0.342105263,-2.3941612020134926,43.16531349183161,8.500721702586006,0.4112262712465808,124.52278034678397,"Danny Wyatt","sa3045644",
2026,"Alejandro Covas","KENT",21,208,0.072115384,0.158653846,0.454545454,0.333333333,0.431372549,0.48275862,0.914131169,0.149425287,8.006346278578121,0.389705882,2.332993933465332,43.565265239076645,8.553942740755117,0.43131669303950143,124.43193267310936,"Alejandro Covas","sa3029477",
2026,"Brady Waugh","UAB",21,258,0.155038759,0.127906976,1.212121212,0.322115384,0.431372549,0.490384615,0.921757164,0.168269231,5.841410263226917,0.348837209,0.764599708840251,53.467823826007255,10.491516195468318,0.4278560743612402,124.41232570667158,"Brady Waugh","sa3071566",
2026,"Henry Zenor","UPST",21,322,0.086956521,0.124223602,0.7,0.333333333,0.417445482,0.494623655,0.912069137,0.161290322,6.284708721580822,0.36637931,0.4921024296199903,65.93269912233619,12.926691421177667,0.42536599929458996,124.38721945266428,"Henry Zenor","sa3061010",
2026,"Eliot Medlock","RID",,224,0.116071428,0.174107142,0.666666666,0.284153005,0.399103139,0.497267759,0.896370898,0.213114754,4.468225449781983,0.316546762,0.1794565161690116,42.20023702107895,8.261028990378264,0.41564951162167196,124.3406651767051,"Eliot Medlock","sa3065096",
2026,"Henry Kaczmar","OSU",23,261,0.103448275,0.17624521,0.586956521,0.315555555,0.397683397,0.591111111,0.988794508,0.275555556,5.20034896945088,0.349112426,0.6008022651076317,54.92773653596827,10.75188119739482,0.42846223907581166,124.33881837712035,"Henry Kaczmar","sa3035010",
2026,"Jimmy Nugent","LOU",22,209,0.143540669,0.253588516,0.566037735,0.31547619,0.440191387,0.595238095,1.035429482,0.279761905,4.923261187752771,0.396226415,-0.8933609751984477,49.25714279254733,9.616026322448835,0.45199424342105265,124.25770810391339,"Jimmy Nugent","sa3070895",
2026,"Nick Zampieron","STBK",,212,0.075471698,0.113207547,0.666666666,0.363128491,0.438095238,0.413407821,0.851503059,0.05027933,7.745427481976172,0.408805031,0.546946045011282,41.951265009601094,8.186043235022995,0.416449666307086,124.24400849392995,"Nick Zampieron","sa3066104",
2026,"Ryan Franden","SHSU",,212,0.132075471,0.099056603,1.333333333,0.311111111,0.415094339,0.533333333,0.948427672,0.222222222,4.629671369693298,0.313333333,-0.6472971881739795,43.80371980724096,8.54252855834722,0.42811698086981503,124.22643210789207,"Ryan Franden","sa3031637",
2026,"Sam Flores","PUR",22,265,0.101886792,0.158490566,0.642857142,0.32,0.415094339,0.551111111,0.96620545,0.231111111,6.50795484890097,0.350574712,1.1318674758076668,55.70890350013382,10.856023558670346,0.42821782512484863,124.20362655160227,"Sam Flores","sa3059201",
2026,"Jayce Dobie","NEV",21,238,0.096638655,0.151260504,0.638888888,0.355450236,0.420168067,0.549763033,0.9699311,0.194312797,4.987547263048066,0.396449704,-0.526143962983042,52.739240241607995,10.263401371797894,0.4300764533651977,124.16291624811831,"Jayce Dobie","sa3059058",
2026,"Greg Cristino","MRMK",23,265,0.098113207,0.128301886,0.764705882,0.295652173,0.375,0.560869565,0.935869565,0.265217392,2.01785714,0.291891891,-0.4205434927716851,49.84157259878353,9.690277383892093,0.41532467689478036,124.13440794880792,"Greg Cristino","sa3074242",
2026,"Josh Skowronski","WIN",21,265,0.181132075,0.173584905,1.04347826,0.274509803,0.428030303,0.470588235,0.898618538,0.196078432,7.179932207909999,0.322580645,0.5069505284191109,54.11316663088654,10.490209982417563,0.42478695353775314,124.04745296599637,"Josh Skowronski","sa3060590",
2026,"Ryan Novak","M-OH",21,268,0.167910447,0.164179104,1.022727272,0.261306532,0.421641791,0.537688442,0.959330233,0.27638191,5.746876155120974,0.26,-0.29500432731583714,55.94545519956848,10.834712749808041,0.430621930689954,124.01803242736382,"Ryan Novak","sa3038945",
2026,"Andrew Stucky","UTSA",23,231,0.129870129,0.177489177,0.731707317,0.288043478,0.419913419,0.510869565,0.930782984,0.222826087,4.921173754319637,0.311111111,0.049319738522171974,47.707651019078604,9.228863954526298,0.4270860235412399,123.98429019876296,"Andrew Stucky","sa3043263",
2026,"Tomas Cernius","PRIN",,166,0.096385542,0.102409638,0.94117647,0.308219178,0.379518072,0.472602739,0.852120811,0.164383561,6.043797000320266,0.317460317,1.0356659777462482,29.024739329630446,5.612710748726441,0.39862667508872157,123.97361992503477,"Tomas Cernius","sa3074229",
2026,"Alonso Reyes","UCI",22,240,0.133333333,0.158333333,0.842105263,0.27027027,0.420168067,0.389189189,0.809357256,0.118918919,4.225540738699849,0.315068493,0.10551494918763638,41.080531913750946,7.928546506875332,0.3985655703464476,123.915751679931,"Alonso Reyes","sa3060354",
2026,"Javar Williams","WAKE",22,293,0.143344709,0.174061433,0.823529411,0.343347639,0.458333333,0.545064377,1.00339771,0.201716738,6.943377265207014,0.4,3.377789950929582,68.84159463506671,13.268163411435808,0.4512532630728351,123.87501206834597,"Javar Williams","sa3045312",
2026,"Mark Henning","SFA",,229,0.122270742,0.096069868,1.272727272,0.316062176,0.416666666,0.455958549,0.872625215,0.139896373,4.497762160305303,0.339285714,-0.0029634516686201096,43.901298571236495,8.454009998448251,0.41015917428752835,123.84952513670714,"Mark Henning","sa3033616",
2026,"Reed Stallman","MSST",23,205,0.112195121,0.248780487,0.450980392,0.317919075,0.409756097,0.624277456,1.034033553,0.306358381,4.783397858215988,0.375,-0.3927793186157942,46.271503726884035,8.90064493839374,0.435791033942525,123.81707358872633,"Reed Stallman","sa3042915",
2026,"Anthony Ruiz","TXSO",22,137,0.116788321,0.124087591,0.94117647,0.336206896,0.419117647,0.534482758,0.953600405,0.198275862,5.450226805005003,0.354166666,0.6710886689834297,29.000611992484572,5.577637227183823,0.43909706306808133,123.81267658387544,"Anthony Ruiz","sa3065402",
2026,"Witt Scafidi","W&M",,156,0.089743589,0.16025641,0.56,0.338345864,0.415584415,0.466165413,0.881749828,0.127819549,2.714174570243035,0.392523364,-0.6427283110097051,30.761579305800247,5.9154727169597585,0.41570994064405364,123.80844940758915,"Witt Scafidi","sa3041633",
2026,"Lane Haworth","UTSA",21,277,0.158844765,0.137184115,1.157894736,0.315068493,0.429602888,0.497716894,0.927319782,0.182648401,4.7733501198412265,0.333333333,-0.11666947323828936,57.11567464620444,10.97444513589713,0.42672653318742554,123.78446619729885,"Lane Haworth","sa3033439",
2026,"Gavin O'Brien","MASS",,219,0.109589041,0.251141552,0.436363636,0.303664921,0.383561643,0.623036649,1.006598292,0.319371728,5.354570506091508,0.354838709,0.0829243790358305,45.624847531319084,8.761964708567087,0.43020403004128094,123.76907077695817,"Gavin O'Brien","sa3065375",
2026,"Jhett Creel","SFA",21,236,0.186440677,0.139830508,1.333333333,0.302702702,0.440677966,0.4,0.840677966,0.097297298,4.291161890809532,0.34868421,0.4339035842567682,45.19285403480451,8.662023889922308,0.409925882088936,123.71154407268739,"Jhett Creel","sa3069874",
2026,"Jacob May","CSUB",20,217,0.101382488,0.179723502,0.564102564,0.29787234,0.382488479,0.478723404,0.861211883,0.180851064,7.677007847126697,0.349315068,-1.126877337694168,37.06244847035581,7.087528331639118,0.3981309225482325,123.64486143362431,"Jacob May","sa3070714",
2026,"Pierre Cabral","JKST",22,251,0.111553784,0.143426294,0.777777777,0.320388349,0.42,0.529126213,0.949126213,0.208737864,5.995727336926913,0.347305389,-0.03056956361979246,53.053530385442336,10.139905085511758,0.4388012592792511,123.62863779194196,"Pierre Cabral","sa3058788",
2026,"Hunter St. Denis","ME",,240,0.095833333,0.125,0.766666666,0.306220095,0.384937238,0.507177033,0.892114271,0.200956938,4.6205103960971545,0.311764705,0.37243926525115967,45.91417142330859,8.773537363402582,0.4097116522210412,123.62247599018181,"Hunter St. Denis","sa3071364",
2026,"Carter Boyd","DSU",,165,0.121212121,0.157575757,0.769230769,0.32330827,0.424242424,0.533834586,0.95807701,0.210526316,4.373835066782695,0.342857142,-0.008128102868795395,35.95531694739292,6.856151150159342,0.43525805003715284,123.56133230049895,"Carter Boyd","sa3058702",
2026,"Aidan Paradine","SIE",21,212,0.132075471,0.056603773,2.333333333,0.310344827,0.407582938,0.477011494,0.884594432,0.166666667,1.6560150337500001,0.298136645,-0.439659106079489,39.67216198980239,7.551125817889245,0.4143386986018357,123.50835065679482,"Aidan Paradine","sa3060208",
2026,"Thomas Williams","RGV",23,258,0.131782945,0.197674418,0.666666666,0.319444444,0.412451361,0.472222222,0.884673583,0.152777778,5.813130911382642,0.390243902,-1.4895812128670514,49.32141837797097,9.385171863650601,0.40956886454778885,123.5003854463019,"Thomas Williams","sa3060933",
2026,"Jordan Overton","IONA",,136,0.110294117,0.19117647,0.576923076,0.284482758,0.382352941,0.534482758,0.916835699,0.25,2.5586750055136447,0.317647058,-0.659273789729923,25.448006895318304,4.842059162392889,0.4143229595878545,123.49835700425444,"Jordan Overton","sa3039293",
2026,"Christian Bauman","MSM",,227,0.123348017,0.136563876,0.903225806,0.284153005,0.407079646,0.469945355,0.877025001,0.18579235,7.0467537357890295,0.304054054,-2.5253265546634793,42.455933036125096,8.062182040727523,0.41423236638043837,123.44083389394305,"Christian Bauman","sa3026749",
2026,"Cal Miller","UTAH",20,205,0.121951219,0.180487804,0.675675675,0.345238095,0.445544554,0.535714285,0.981258839,0.19047619,2.914241723013366,0.409448818,-0.9437436684966087,45.787136572220156,8.686961176612206,0.43973715293525467,123.41487899715051,"Cal Miller","sa3070786",
2026,"Hasani Johnson","GRAM",21,175,0.234285714,0.217142857,1.078947368,0.276422764,0.464705882,0.357723577,0.822429459,0.081300813,8.092364053601395,0.390804597,0.2968196817673743,36.896289733353036,6.976431456509014,0.4383004640831667,123.31706050194865,"Hasani Johnson","sa3034756",
2026,"Cole Howarth","CBU",23,165,0.084848484,0.224242424,0.378378378,0.376712328,0.420731707,0.51369863,0.934430337,0.136986302,3.649324088361884,0.472727272,-0.11950176837854087,33.01057104657223,6.2393362511210695,0.42568319236359947,123.30612053868066,"Cole Howarth","sa3034159",
2026,"Ty Stecko","EMU",22,223,0.107623318,0.278026905,0.387096774,0.295698924,0.403587443,0.564516129,0.968103572,0.268817205,8.249366461820903,0.382608695,1.1815199255943298,46.263586114583134,8.72740862840187,0.42933383731029495,123.25065899854832,"Ty Stecko","sa3042996",
2026,"Devin Chandler","ALST",21,268,0.186567164,0.190298507,0.980392156,0.276381909,0.443609022,0.44723618,0.890845202,0.170854271,3.9230215365706065,0.326388888,-1.6557879080064595,56.46740880794067,10.647282989688104,0.438171995313544,123.23713171788529,"Devin Chandler","sa3028736",
2026,"Keegan Holmstrom","WRST",,217,0.124423963,0.110599078,1.125,0.342696629,0.433962264,0.404494382,0.838456646,0.061797753,5.247122846086211,0.384615384,1.0575169348157942,41.978449470502184,7.914848364096924,0.4098843687547828,123.23550096589356,"Keegan Holmstrom","sa3070354",
2026,"Dawson Park","TXST",20,213,0.117370892,0.244131455,0.48076923,0.301075268,0.386792452,0.575268817,0.962061269,0.274193549,5.580256426283427,0.3553719,0.452869463711977,42.99882176360882,8.105241431210404,0.42113648523699565,123.22846023251084,"Dawson Park","sa3060209",
2026,"Hideki Prather","CAL",21,240,0.108333333,0.166666666,0.65,0.333333333,0.420833333,0.632352941,1.053186274,0.299019608,5.18451538452661,0.352941176,-1.1822818266227841,56.08832388741177,10.567424591604885,0.4499742676814397,123.21444601288509,"Hideki Prather","sa3066445",
2026,"Matt DeShiro","MRMK",19,276,0.076086956,0.148550724,0.512195121,0.3125,0.394927536,0.495833333,0.890760869,0.183333333,5.209407315899801,0.34375,-0.4013818888925016,51.51510239146019,9.697149639346847,0.4138356948244399,123.18896311550495,"Matt DeShiro","sa3059044",
2026,"Trey Swygart","PORT",20,225,0.173333333,0.231111111,0.75,0.269662921,0.417777777,0.432584269,0.850362046,0.162921348,2.3532722077165165,0.347107438,0.06825397186912596,40.78444530984358,7.662211635913414,0.4024120471212599,123.13313682689278,"Trey Swygart","sa3060709",
2026,"Mikey Ryan","NCSU",20,191,0.130890052,0.162303664,0.806451612,0.341772151,0.436170212,0.594936708,1.03110692,0.253164557,7.317560397527182,0.375,0.8153366027399898,44.59026833477008,8.363219311857097,0.44972472875676256,123.0855659995036,"Mikey Ryan","sa3065403",
2026,"Isaac Wachsmann","CREI",21,258,0.124031007,0.197674418,0.62745098,0.28110599,0.379844961,0.534562211,0.914407172,0.253456221,6.841298628373055,0.301282051,0.9300158694386482,47.69319665409491,8.945035069956038,0.4079255554103112,123.0850566949674,"Isaac Wachsmann","sa3044598",
2026,"Kain Collins","CHSO",23,220,0.159090909,0.154545454,1.029411764,0.329545454,0.446511627,0.409090909,0.855602536,0.079545455,7.908896456372577,0.405594405,2.9017228738521226,44.56529303864049,8.350008273873797,0.42309827222380525,123.0565859915518,"Kain Collins","sa3029190",
2026,"Jayce Lee","ND",20,242,0.11983471,0.194214876,0.617021276,0.326732673,0.429752066,0.608910891,1.038662957,0.282178218,6.261880848246331,0.368055555,-0.7860852889716625,56.46620068280616,10.565960559534217,0.4495966202956586,123.01940149149058,"Jayce Lee","sa3059777",
2026,"Caleb Wulf","IOWA",22,257,0.054474708,0.050583657,1.076923076,0.385281385,0.437007874,0.489177489,0.926185363,0.103896104,3.607381716939285,0.398148148,-0.8389837816357613,53.47921231587585,9.980381580192406,0.42594058119405914,122.94402265853365,"Caleb Wulf","sa3060976",
2026,"Robin Villeneuve","TTU",22,197,0.101522842,0.26395939,0.384615384,0.34117647,0.426395939,0.576470588,1.002866527,0.235294118,3.1045850774678496,0.440366972,-0.8923978060483932,43.827915373305146,8.175551700452628,0.43884861590293456,122.93130344869083,"Robin Villeneuve","sa3044511",
2026,"Isaac Brozon","LEM",,202,0.084158415,0.08910891,0.944444444,0.347560975,0.452736318,0.396341463,0.849077781,0.048780488,7.408253187912239,0.378378378,0.7536988155916333,43.788136725324975,8.163703446287503,0.43425062877028736,122.91602334370684,"Isaac Brozon","sa3069686",
2026,"Ivan Dahlberg","NIU",22,240,0.208333333,0.145833333,1.428571428,0.224852071,0.445378151,0.431952662,0.877330813,0.207100591,4.498255227265153,0.236220472,0.530915251467377,49.65480143011327,9.257121624357655,0.42877038086161895,122.91498340713802,"Ivan Dahlberg","sa3069898",
2026,"Hunter Snyder","COLU",21,134,0.097014925,0.19402985,0.5,0.298245614,0.39849624,0.412280701,0.810776941,0.114035087,4.428977856475659,0.372093023,-0.4826071336865425,23.21779895850203,4.318932513675906,0.39682553092339884,122.85286541541905,"Hunter Snyder","sa3042690",
2026,"Carlos Irizarry","BRY",22,185,0.064864864,0.129729729,0.5,0.322981366,0.383333333,0.50310559,0.886438923,0.180124224,7.182272990894594,0.350746268,0.5108750984072685,35.14993665453414,6.520697900023255,0.40828819308016034,122.77635796025434,"Carlos Irizarry","sa3070409",
2026,"AJ Oden","IONA",,198,0.161616161,0.146464646,1.103448275,0.3081761,0.436548223,0.37735849,0.813906713,0.06918239,3.7789063675740726,0.369230769,-0.533264241181314,36.82996394888927,6.83012827889492,0.4131714895291982,122.76721897422382,"AJ Oden","sa3070903",
2026,"Jordan Ballin","UTSA",20,216,0.208333333,0.125,1.666666666,0.295302013,0.48095238,0.335570469,0.816522849,0.040268456,4.010112938641083,0.344,-2.0606192173436284,44.17152430680537,8.191359778912306,0.4248948545682998,122.76632107271793,"Jordan Ballin","sa3058547",
2026,"Brendan Buecker","MONM",21,193,0.14507772,0.093264248,1.555555555,0.288732394,0.445652173,0.366197183,0.811849356,0.077464789,3.3457192582422115,0.322580645,-1.2042041579261422,37.731813806757984,6.992720398769438,0.4139099989248359,122.74862275851035,"Brendan Buecker","sa3027979",
2026,"Elijha Hammill","NIA",22,195,0.123076923,0.102564102,1.2,0.313253012,0.407216494,0.463855421,0.871071915,0.150602409,4.1846902970453534,0.326241134,-0.4930600831285119,36.245743212467815,6.70045050717034,0.4130318794668335,122.67857209608539,"Elijha Hammill","sa3033096",
2026,"Chanz Doughty","STBK",,190,0.126315789,0.27368421,0.461538461,0.2875,0.384210526,0.54375,0.927960526,0.25625,4.953762648926841,0.356435643,-0.03420550003647804,37.11474478848165,6.853461122586189,0.4137384656228517,122.64762195236966,"Chanz Doughty","sa3059074",
2026,"Wylie Waters","UPST",22,232,0.077586206,0.258620689,0.3,0.31707317,0.392241379,0.551219512,0.943460891,0.234146342,3.853707923624869,0.395522388,-0.8698477877769619,46.831542959125585,8.64087902537162,0.4223638202609687,122.62563185693813,"Wylie Waters","sa3060878",
2026,"Miles Curley","UNO",,147,0.108843537,0.238095238,0.457142857,0.3,0.38095238,0.53076923,0.91172161,0.23076923,5.437951917715268,0.363636363,0.23684833711013198,27.901659395530096,5.147286381556859,0.40808218514838185,122.62108641005385,"Miles Curley","sa3069891",
2026,"Tate Shimao","HAW",22,188,0.069148936,0.175531914,0.393939393,0.30625,0.401069518,0.425,0.826069518,0.11875,4.716204290134294,0.373015873,-0.9079194599762559,31.841114710147966,5.872059474762071,0.3964732885360718,122.61175626736203,"Tate Shimao","sa3042183",
2026,"Ryder Robinson","BYU",22,267,0.127340823,0.224719101,0.566666666,0.333333333,0.434456928,0.555555555,0.990012483,0.222222222,7.663294573136408,0.412903225,0.3318372331559658,59.183615793156264,10.862899546193724,0.43802090731452914,122.4808330461711,"Ryder Robinson","sa3040920",
2026,"Caden Wolfley","CHSO",,229,0.161572052,0.131004366,1.233333333,0.322033898,0.455752212,0.378531073,0.834283285,0.056497175,6.097633767577129,0.38,0.4855544433812611,46.15673877838364,8.45991963687649,0.4220508640318845,122.44199863420694,"Caden Wolfley","sa3071648",
2026,"Reese Chapman","TENN",22,243,0.127572016,0.185185185,0.688888888,0.31707317,0.419087136,0.585365853,1.004452989,0.268292683,6.7472556372381,0.362416107,0.7847769418731332,54.22660846412987,9.928468534358442,0.4330665753590121,122.41283392507825,"Reese Chapman","sa3028757",
2026,"Lucas Manning","WOF",,155,0.09032258,0.2,0.451612903,0.320610687,0.409090909,0.603053435,1.012144344,0.282442748,9.021334240314996,0.368421052,0.9345444035716355,34.19363636346408,6.253428345637997,0.4373322969133204,122.38146667214598,"Lucas Manning","sa3036990",
2026,"Ryan Jones","ACU",21,185,0.145945945,0.243243243,0.6,0.255474452,0.437158469,0.445255474,0.882413943,0.189781022,3.583419307335598,0.348314606,-0.7143241330049932,36.733352291445335,6.717119338969788,0.42411193007328474,122.37828893987111,"Ryan Jones","sa3070463",
2026,"Jake Bell","BELL",19,187,0.096256684,0.171122994,0.5625,0.298136645,0.383783783,0.53416149,0.917945273,0.236024845,4.873267460291947,0.327868852,-1.1966834815684706,35.14018621492009,6.4097928498945675,0.4104086560172004,122.31014650045631,"Jake Bell","sa3069591",
2026,"Owen Nowak","MTSU",21,264,0.136363636,0.041666666,3.272727272,0.317757009,0.435114503,0.471962616,0.907077119,0.154205607,5.1156828908654415,0.304568527,0.5884631774388254,53.70606508463206,9.79590239733042,0.42479669251514757,122.30896402523075,"Owen Nowak","sa3070893",
2026,"Alex Monile","FAMU",21,144,0.104166666,0.097222222,1.071428571,0.347457627,0.444444444,0.432203389,0.876647833,0.084745762,5.869421991481702,0.37735849,0.6900456449948251,30.09929157063907,5.47952247426456,0.43659598918424714,122.25659571710392,"Alex Monile","sa3073580",
2026,"Drew Grego","NEB",19,207,0.077294685,0.236714975,0.326530612,0.325714285,0.417475728,0.531428571,0.948904299,0.205714286,5.385214301268981,0.41322314,-0.8374980166554451,42.83080953929677,7.794786339738513,0.4246820934767862,122.24791979198369,"Drew Grego","sa3073559",
2026,"Brennon Wright","USA",21,271,0.125461254,0.062730627,2,0.339366515,0.447761194,0.420814479,0.868575673,0.081447964,6.376247168095295,0.364077669,0.262152761220932,54.24264827790261,9.847529639029506,0.4193133754071905,122.18155946182529,"Brennon Wright","sa3071657",
2026,"Trey King","JVST",21,278,0.118705035,0.151079136,0.785714285,0.337777777,0.431226765,0.484444444,0.915671209,0.146666667,5.2154067322711795,0.393442622,-0.565172687638551,56.49307591832437,10.254343997605229,0.4245681102391069,122.1769576535691,"Trey King","sa3035419",
2026,"TJ Rogers","SF",24,249,0.152610441,0.29317269,0.520547945,0.251231527,0.389558232,0.497536945,0.887095177,0.246305418,6.236961534074605,0.330508474,1.4768089298158884,44.77439391447216,8.119121981989437,0.400867966762987,122.14994338861946,"TJ Rogers","sa3041061",
2026,"Pierce Bauerle","NKU",23,253,0.098814229,0.177865612,0.555555555,0.282828282,0.42687747,0.409090909,0.835968379,0.126262627,6.45652297757845,0.337748344,0.2392649424728006,48.50205873700413,8.787353299582332,0.4082233012900522,122.1261953294064,"Pierce Bauerle","sa3058581",
2026,"Ryan Tyranski","CIN",20,210,0.18095238,0.133333333,1.357142857,0.313253012,0.449760765,0.518072289,0.967833054,0.204819277,8.95107630148214,0.34090909,2.1410614736378193,46.40724529403743,8.40218757170734,0.4373359942550294,122.10807738563328,"Ryan Tyranski","sa3071490",
2026,"Brooks Kettering","SEMO",,224,0.169642857,0.138392857,1.225806451,0.298245614,0.440366972,0.450292397,0.890659369,0.152046783,4.749741745207198,0.335766423,-0.04168765991926193,46.47466565834135,8.400019185410446,0.4212168999221347,122.06197552321969,"Brooks Kettering","sa3035318",
2026,"Jimmy Chadwell","COLU",20,189,0.126984126,0.153439153,0.827586206,0.307692307,0.40860215,0.391025641,0.799627791,0.083333334,2.863339584737955,0.3671875,-1.1976206135004759,32.53418121085222,5.878317344642234,0.3955394769868543,122.05262367089824,"Jimmy Chadwell","sa3066178",
2026,"Tab Tracy","LAM",23,273,0.117216117,0.117216117,1,0.336283185,0.435424354,0.402654867,0.838079221,0.066371682,5.8528450151951,0.379487179,2.4736780081875622,51.54729773824781,9.289176426583232,0.4070016312863114,121.9819910072981,"Tab Tracy","sa3044005",
2026,"Diego Urreta","FDU",23,277,0.209386281,0.184115523,1.137254901,0.28229665,0.441605839,0.440191387,0.881797226,0.157894737,6.183955103825662,0.337662337,0.6395693016238511,59.46543518425193,10.614108361017372,0.43239496724448934,121.72736965655785,"Diego Urreta","sa3060808",
2026,"Cade Collins","WOF",20,268,0.156716417,0.152985074,1.024390243,0.295,0.466165413,0.44,0.906165413,0.145,5.71152659963516,0.352564102,-2.466338876634836,58.80019278504835,10.490671825194225,0.43609896683155147,121.71553684813419,"Cade Collins","sa3062575",
2026,"Cristino Tufano","GW",21,192,0.145833333,0.083333333,1.75,0.315789473,0.438502673,0.427631578,0.866134251,0.111842105,5.914893854422139,0.34074074,-0.974666899535805,38.3170525142347,6.821381241956868,0.4203456834675794,121.65815480796238,"Cristino Tufano","sa3044129",
2026,"Keldrin Rodriguez","TOW",,200,0.09,0.195,0.461538461,0.30994152,0.388888888,0.520467836,0.909356724,0.210526316,6.5612579208971304,0.359375,0.3317032977938652,38.74973924387326,6.895756437667509,0.41204080497375645,121.64801958869674,"Keldrin Rodriguez","sa3071144",
2026,"Zach Wieder","UAPB",21,270,0.114814814,0.111111111,1.033333333,0.337837837,0.423220973,0.504504504,0.927725477,0.166666667,6.330754650270802,0.360824742,0.0021500936709344387,56.09361528232862,9.931548226626417,0.43540326173832355,121.51452233419779,"Zach Wieder","sa3045174",
2026,"Will Vasseur","UCSB",,205,0.048780487,0.087804878,0.555555555,0.329479768,0.391752577,0.445086705,0.836839282,0.115606937,4.996053646265664,0.35064935,0.44051680294796824,34.409499485503844,6.09217861713093,0.39471186528500823,121.51396541166142,"Will Vasseur","sa3060828",
2026,"Rett Johnson","NCSU",20,247,0.170040485,0.06882591,2.470588235,0.380710659,0.489795918,0.446700507,0.936496425,0.065989848,5.5986120269997635,0.406593406,0.7999482182785869,56.91639719908665,10.067805007152067,0.4466355518418915,121.49009081405298,"Rett Johnson","sa3073966",
2026,"Micah Rienstra-Kiracofe","KENT",20,238,0.147058823,0.176470588,0.833333333,0.310526315,0.429787234,0.478947368,0.908734602,0.168421053,7.179610841294241,0.365517241,-2.104439541231841,48.633735714084985,8.572703240043996,0.42622586970633647,121.39910708891237,"Micah Rienstra-Kiracofe","sa3060366",
2026,"Landon Boyd","AFA",23,158,0.11392405,0.29113924,0.391304347,0.308270676,0.41025641,0.556390977,0.966647387,0.248120301,7.963629944003062,0.425,-0.9787292919354513,34.22532912849933,6.027083156104391,0.42524148179934573,121.37396475654792,"Landon Boyd","sa3027510",
2026,"Cole Hansen","CBU",21,223,0.053811659,0.161434977,0.333333333,0.365853658,0.4009009,0.541463414,0.942364314,0.175609756,4.1782241574793035,0.412121212,0.2233708379790187,43.90998829169952,7.728258840877639,0.42238673809412364,121.35956174063452,"Cole Hansen","sa3070268",
2026,"Jack Rickheim","HARV",21,172,0.052325581,0.26744186,0.195652173,0.303225806,0.349112426,0.522580645,0.871693071,0.219354839,5.783296065402178,0.378640776,-0.83002695068717,29.434624592385664,5.176378110967055,0.39439203506390724,121.33863267871429,"Jack Rickheim","sa3040726",
2026,"Josh Janove","TOW",,146,0.164383561,0.143835616,1.142857142,0.288288288,0.420289855,0.432432432,0.852722287,0.144144144,4.669319166157528,0.344444444,0.4249967224895954,28.212036722021235,4.95862927349104,0.4114910415981127,121.32431250975418,"Josh Janove","sa3034577",
2026,"Brady Miller","LIP",,203,0.147783251,0.162561576,0.909090909,0.310559006,0.438423645,0.385093167,0.823516812,0.074534161,5.073372830571525,0.372093023,-0.30773493158631027,37.83722352328708,6.648614683179161,0.40881276189400056,121.31744547268546,"Brady Miller","sa3060037",
2026,"Carter White","UNF",,205,0.107317073,0.204878048,0.523809523,0.295454545,0.37745098,0.551136363,0.928587343,0.255681818,7.180279058318975,0.330708661,0.7961593898944557,38.194423687458766,6.698537912965549,0.40873323585472854,121.26797754134073,"Carter White","sa3060909",
2026,"Landon Springmeyer","NKU",,164,0.121951219,0.25,0.487804878,0.272727272,0.388888888,0.537878787,0.926767675,0.265151515,4.595238086904762,0.333333333,-0.6831064416328445,31.21353789734453,5.469618167158067,0.40690568015899187,121.24625241409753,"Landon Springmeyer","sa3071353",
2026,"Sawyer Solitaria","KENT",,277,0.137184115,0.205776173,0.666666666,0.29004329,0.404332129,0.549783549,0.954115678,0.259740259,4.974955930197005,0.320754716,0.4736843388527632,56.528062005817794,9.902406563341522,0.4259556189771163,121.23810693783913,"Sawyer Solitaria","sa3060635",
2026,"Ryan Cooney","ORE",21,295,0.108474576,0.118644067,0.914285714,0.330645161,0.419795221,0.524193548,0.943988769,0.193548387,6.010075142562421,0.354066985,0.6461745351552963,60.5175904544123,10.58702599127372,0.42279387740958674,121.20349750720248,"Ryan Cooney","sa3029332",
2026,"Bryce Rudisill","MSM",21,146,0.089041095,0.143835616,0.619047619,0.299212598,0.372413793,0.551181102,0.923594895,0.251968504,6.568561604863151,0.306930693,-0.9509059963747859,26.80990446752701,4.68881351894531,0.41069716790626787,121.19612242381719,"Bryce Rudisill","sa3060444",
2026,"Kyeler Thompson","TTU",21,254,0.098425196,0.129921259,0.757575757,0.358490566,0.453815261,0.490566037,0.944381298,0.132075471,8.144583221589565,0.414772727,1.1358875520527363,55.70803107240297,9.740008874917995,0.4356466313921304,121.18866205092222,"Kyeler Thompson","sa3060747",
2026,"Keondre Fields","AAMU",21,164,0.164634146,0.12804878,1.285714285,0.278688524,0.45398773,0.37704918,0.83103691,0.098360656,5.2516903147144856,0.32,-0.31107906717807055,33.97815998382844,5.9389785129574655,0.43486719153410086,121.18099816546814,"Keondre Fields","sa3073714",
2026,"Jayden Israel","NORF",22,234,0.183760683,0.085470085,2.15,0.298342541,0.443965517,0.419889502,0.863855019,0.121546961,6.265985927769474,0.314465408,-0.08769824029877782,50.00451999273205,8.736612134837152,0.43152557364825544,121.17047504545535,"Jayden Israel","sa3059574",
2026,"Cardel Dick","OMA",21,155,0.116129032,0.187096774,0.620689655,0.282442748,0.376623376,0.519083969,0.895707345,0.236641221,3.9593591687478265,0.302083333,-0.7984259407967329,27.524184860040222,4.799656919886148,0.40208222455792614,121.12104124902497,"Cardel Dick","sa3030278",
2026,"Drew Berkland","ND",22,262,0.110687022,0.190839694,0.58,0.330316742,0.416030534,0.633484162,1.049514696,0.30316742,7.088190282238366,0.35625,1.0225686626508832,60.171566877599304,10.477918479676784,0.4458512600141627,121.08502558672029,"Drew Berkland","sa3027046",
2026,"Luciano Terilli","GMU",23,252,0.123015873,0.138888888,0.885714285,0.346153846,0.441767068,0.41826923,0.860036298,0.072115384,5.371541603352859,0.405714285,-3.0540361208841205,50.04303659534885,8.704968050484204,0.41935211420059204,121.05799413689734,"Luciano Terilli","sa3071433",
2026,"Cooper Neville","DBU",21,245,0.134693877,0.220408163,0.611111111,0.316831683,0.421487603,0.5,0.921487603,0.183168317,6.938751409922963,0.394366197,0.7411566553637385,49.308237811750764,8.558276226944322,0.42253342270851135,121.00192464999834,"Cooper Neville","sa3038797",
2026,"Cam Pruitt","LIP",21,236,0.063559322,0.131355932,0.483870967,0.356807511,0.393162393,0.507042253,0.900204646,0.150234742,6.835833707473529,0.4,-1.4793525887653232,43.87280760133685,7.614129343871487,0.4083015714955126,120.9994674648787,"Cam Pruitt","sa3071047",
2026,"Gabe Petrucelli","SIU",,187,0.14973262,0.112299465,1.333333333,0.302013422,0.421621621,0.43624161,0.857863231,0.134228188,4.203447903038788,0.328125,0.4739682227373123,34.97963274436105,6.064236933160906,0.4051010998519691,120.97234626410327,"Gabe Petrucelli","sa3060258",
2026,"Jayder Raifstanger","SJU",21,295,0.108474576,0.159322033,0.680851063,0.325396825,0.414965986,0.424603174,0.83956916,0.099206349,4.41394047401071,0.387254901,-0.19567851815372705,53.595725589495885,9.290657111507644,0.40451691771040155,120.96973874698658,"Jayder Raifstanger","sa3040394",
2026,"Mateo Rickman","CSUN",19,151,0.046357615,0.145695364,0.318181818,0.318181818,0.382550335,0.462121212,0.844671547,0.143939394,4.097865461456183,0.357798165,-0.2019819978158921,25.22860037986335,4.370476228037446,0.39381235237889645,120.95335225845254,"Mateo Rickman","sa3071115",
2026,"Charlie Schebler","BUT",,158,0.082278481,0.202531645,0.40625,0.328671328,0.386075949,0.496503496,0.882579445,0.167832168,2.520038270735939,0.392523364,-0.9686177307739854,28.68125887850395,4.951764575039063,0.40435225337366515,120.86755205026017,"Charlie Schebler","sa3041680",
2026,"Brayden Dowd","FSU",21,241,0.211618257,0.141078838,1.5,0.29347826,0.456431535,0.527173913,0.983605448,0.233695653,5.75832219614435,0.312056737,1.2471085721626878,55.24910591335809,9.53853620381868,0.44542958924384535,120.86724419413235,"Brayden Dowd","sa3030520",
2026,"Kevin Takeuchi","USC",21,301,0.146179401,0.149501661,0.977777777,0.314285714,0.416666666,0.53877551,0.955442176,0.224489796,7.904097425487706,0.340101522,1.8801663890480995,61.52684472061141,10.580743353137805,0.4220074514547984,120.76850449619107,"Kevin Takeuchi","sa3043476",
2026,"Efren Ortega","UCI",21,159,0.138364779,0.132075471,1.047619047,0.306451612,0.435897435,0.338709677,0.774607112,0.032258065,2.64285714,0.361904761,0.1599954515695572,26.513346026058823,4.55015569400373,0.3934334249068529,120.71718919342432,"Efren Ortega","sa3065378",
2026,"Tyce Peterson","SDSU",,254,0.094488188,0.236220472,0.4,0.312217194,0.387351778,0.619909502,1.00726128,0.307692308,5.702679981264827,0.362416107,0.9572659513214603,54.71152548471137,9.38016803541824,0.4240599950782866,120.6924490313592,"Tyce Peterson","sa3039806",
2026,"Ethin Bingaman","AUB",19,248,0.112903225,0.153225806,0.736842105,0.330232558,0.41532258,0.581395348,0.996717928,0.25116279,4.456179531269684,0.343558282,-0.8556564124301076,54.56049717702304,9.35087288655673,0.42971112338765977,120.6833678299968,"Ethin Bingaman","sa3069615",
2026,"Parker Picot","MSU",21,157,0.070063694,0.350318471,0.2,0.286764705,0.356687898,0.669117647,1.025805545,0.382352942,3.143313833744693,0.352112676,-1.1761698722839355,32.05227069839408,5.479055034961007,0.42173664243357956,120.61871285867987,"Parker Picot","sa3039896",
2026,"Kristofer Hokenson","MUR",,248,0.120967741,0.189516129,0.638297872,0.294117647,0.4,0.495098039,0.895098039,0.200980392,5.5904733353311595,0.333333333,1.6888993345201015,46.247019291495356,7.899328590010674,0.4045178058196087,120.59922891185946,"Kristofer Hokenson","sa3070344",
2026,"Nathan Lincoln","MRST",23,242,0.103305785,0.103305785,1,0.352657004,0.431535269,0.386473429,0.818008698,0.033816425,6.240554255582863,0.394594594,0.3329264805652201,44.217290438830176,7.5508246199481865,0.4097477363352954,120.59327085748134,"Nathan Lincoln","sa3036347",
2026,"Drew Howard","WMU",22,251,0.103585657,0.123505976,0.838709677,0.349282296,0.43902439,0.440191387,0.879215777,0.090909091,6.675947580251664,0.402234636,-0.38023346196860075,50.93659758986575,8.68735745967967,0.4248209961546146,120.56216261620467,"Drew Howard","sa3034162",
2026,"Matthew Priest","WSU",20,174,0.057471264,0.183908045,0.3125,0.361842105,0.421965317,0.519736842,0.941702159,0.157894737,6.304974535359435,0.428571428,-0.31423446687404066,37.40274344454504,6.3489788926670645,0.4236312184719681,120.44511827885005,"Matthew Priest","sa3071042",
2026,"Jevin Relaford","USF",24,218,0.100917431,0.100917431,1,0.337142857,0.435406698,0.445714285,0.881120983,0.108571428,9.05124403940395,0.376623376,1.8487317627295852,43.72389776870006,7.410583569252433,0.4206509755558945,120.40734571499166,"Jevin Relaford","sa3071094",
2026,"Nick Arias","ACU",22,234,0.153846153,0.217948717,0.705882352,0.295698924,0.424892703,0.478494623,0.903387326,0.182795699,3.3118644390629095,0.366412213,-0.00520153040997684,45.7113505913789,7.744872154193617,0.42076045044501964,120.39923762486251,"Nick Arias","sa3026184",
2026,"Griffin Crain","LOU",20,230,0.156521739,0.104347826,1.5,0.352272727,0.475770925,0.477272727,0.953043652,0.125,5.4044835230769825,0.387096774,-1.3010551733896136,52.51500243871958,8.890807280237981,0.44448705286706597,120.38044999555571,"Griffin Crain","sa3069872",
2026,"Garryn Plummer","FDU",,258,0.139534883,0.065891472,2.117647058,0.265895953,0.466666666,0.306358381,0.773025047,0.040462428,5.522845349368556,0.274390243,0.7691678022965789,54.75936551927076,9.258851727232795,0.43024296737184714,120.34889489281544,"Garryn Plummer","sa3074396",
2026,"Anthony DeCesare","DEL",,173,0.121387283,0.16184971,0.75,0.317241379,0.416184971,0.510344827,0.926529798,0.193103448,2.7771089466991423,0.348214285,-1.4064941415563226,34.62591120116916,5.851448531081348,0.42137954793224447,120.33556142531955,"Anthony DeCesare","sa3069923",
2026,"Will Linberg","CSUN",,195,0.112820512,0.194871794,0.578947368,0.293413173,0.383419689,0.45508982,0.838509509,0.161676647,4.867981346258484,0.352,0.9424959609750658,32.40834798418473,5.472359841098296,0.39278997534914956,120.316165169173,"Will Linberg","sa3036344",
2026,"Jaylyn Bennett","ALCN",,197,0.086294416,0.233502538,0.369565217,0.320754716,0.43298969,0.44654088,0.87953057,0.125786164,6.732579504384661,0.433628318,-0.5047600781545043,40.501443936692525,6.820232047902396,0.43336978892690126,120.24936653236138,"Jaylyn Bennett","sa3026975",
2026,"Jarren Purify","CLEM",20,163,0.153374233,0.184049079,0.833333333,0.34351145,0.45398773,0.534351145,0.988338875,0.190839695,6.797821751947385,0.404040404,-1.6179445199668407,37.176316369487104,6.260038931084928,0.44423129734086114,120.24835927791591,"Jarren Purify","sa3040292",
2026,"Braden Connors","HC",,196,0.096938775,0.25,0.387755102,0.296969696,0.397959183,0.436363636,0.834322819,0.13939394,4.957100055571598,0.394736842,-1.18487249314785,34.89148920686517,5.858862101152279,0.4009036105506274,120.18026849523172,"Braden Connors","sa3029259",
2026,"Dalton Wentz","WAKE",20,278,0.151079136,0.226618705,0.666666666,0.306034482,0.413669064,0.629310344,1.042979408,0.323275862,4.631974193619012,0.346405228,-1.3231262238696218,63.36044847218529,10.632073454542317,0.44406768057843765,120.1638557057463,"Dalton Wentz","sa3060904",
2026,"Logan Keilen","CMU",20,197,0.157360406,0.197969543,0.794871794,0.296296296,0.416243654,0.506172839,0.922416493,0.209876543,3.2542030299518476,0.35042735,-0.5709934188053012,39.84378415354457,6.684021979653503,0.42414094469874036,120.15702629169124,"Logan Keilen","sa3070486",
2026,"Justin Williams","SELA",25,230,0.1,0.182608695,0.547619047,0.297029702,0.375545851,0.52970297,0.905248821,0.232673268,5.722044187025754,0.331125827,-1.2975211320444942,42.74983061834316,7.147750392398642,0.40378038149213163,120.07677738782753,"Justin Williams","sa3045324",
2026,"Jay Secretarski","PENN",20,194,0.149484536,0.190721649,0.783783783,0.278481012,0.402061855,0.392405063,0.794466918,0.113924051,7.928452462567916,0.347107438,3.1643726248294115,32.85343052118194,5.492385071209791,0.3923592487561334,120.07373980373757,"Jay Secretarski","sa3074421",
2026,"Derek Martinez","ARST",,179,0.07821229,0.301675977,0.259259259,0.294871794,0.370786516,0.596153846,0.966940362,0.301282052,3.0170574770627603,0.355555555,-1.3015243951231241,35.173880341944674,5.850167292652108,0.41542777318633006,119.95029511719099,"Derek Martinez","sa3070691",
2026,"Grady Lenahan","ECU",19,234,0.072649572,0.111111111,0.653846153,0.3,0.401746724,0.526315789,0.928062513,0.226315789,7.863422438111206,0.301886792,1.168910070322454,46.75360827629895,7.775096704414794,0.41982304216992905,119.94713597535905,"Grady Lenahan","sa3070588",
2026,"Andrew Lamb","USC",,216,0.101851851,0.185185185,0.55,0.288135593,0.384976525,0.604519774,0.989496299,0.316384181,6.167114184644928,0.2890625,0.1587282121181488,43.8303720146012,7.271043458540416,0.4204161973066733,119.88833970894967,"Andrew Lamb","sa3035867",
2026,"Jack Toomey","BC",23,219,0.173515981,0.187214611,0.926829268,0.316091954,0.444954128,0.551724137,0.996678265,0.235632183,9.317202947696183,0.384615384,2.4485304579138756,49.77303197388614,8.23521136646236,0.44341316190334634,119.82581475396555,"Jack Toomey","sa3043932",
2026,"Jack Harley","STET",20,157,0.178343949,0.171974522,1.037037037,0.279661016,0.433333333,0.381355932,0.814689265,0.101694916,4.241197570824561,0.348314606,-0.018893756670877337,28.895731502658585,4.774492153412559,0.40636318842569985,119.79372653404643,"Jack Harley","sa3070276",
2026,"Nathan Negre","CARK",,243,0.102880658,0.213991769,0.48076923,0.299516908,0.392561983,0.497584541,0.890146524,0.198067633,6.986759908457923,0.362416107,-0.6860171898733824,44.71598620085279,7.381838673038876,0.4063288244334134,119.7723509490592,"Nathan Negre","sa3060127",
2026,"Kade Smith","LR",,298,0.10067114,0.10738255,0.9375,0.334645669,0.422297297,0.48031496,0.902612257,0.145669291,5.438188802982546,0.365296803,-1.1012661438435316,60.66684267878571,10.013964781761562,0.41725052530701096,119.76978445749847,"Kade Smith","sa3071316",
2026,"Jayden Lobliner","USD",22,232,0.073275862,0.25,0.293103448,0.296116504,0.365217391,0.538834951,0.904052342,0.242718447,6.937810673655486,0.366906474,0.7312318589538336,40.89006850735513,6.737365341347138,0.3970630788284799,119.7271803306416,"Jayden Lobliner","sa3036429",
2026,"Lorenzo Camilleri","NJIT",19,178,0.140449438,0.202247191,0.694444444,0.275862068,0.389830508,0.475862068,0.865692576,0.2,2.93311137125,0.320754716,-0.32067056000232697,32.972822089565064,5.426851828468113,0.40311451550930905,119.70107343117418,"Lorenzo Camilleri","sa3069728",
2026,"Jack Bell","TCU",21,199,0.195979899,0.226130653,0.866666666,0.303225806,0.451776649,0.49032258,0.942099229,0.187096774,5.568738015181094,0.394230769,-0.36941659078001976,43.09845674657046,7.084140143029091,0.432856826612792,119.67034449386855,"Jack Bell","sa3026907",
2026,"Ian Wirtz","LEH",,137,0.116788321,0.197080291,0.592592592,0.318965517,0.401459854,0.431034482,0.832494336,0.112068965,7.076957024082816,0.402173913,0.37213441357016563,24.276262158362957,3.9830483140636406,0.4000273986454428,119.62748899520686,"Ian Wirtz","sa3060949",
2026,"Trent Grindlinger","TENN",19,165,0.078787878,0.169696969,0.464285714,0.344827586,0.413580246,0.572413793,0.985994039,0.227586207,3.5727601718099002,0.3853211,-1.2060006791725755,35.97019933250751,5.891215429576295,0.4275816965986181,119.58581928361684,"Trent Grindlinger","sa3070226",
2026,"Kolby Branch","UGA",23,280,0.142857142,0.257142857,0.555555555,0.29059829,0.394265232,0.628205128,1.02247036,0.337606838,4.5783361844933115,0.331034482,0.16694437991827726,61.03514653972837,9.992022340814795,0.42756196268997737,119.57564803807107,"Kolby Branch","sa3027580",
2026,"Tanner Marsh","LIB",21,313,0.127795527,0.162939297,0.784313725,0.335849056,0.419871794,0.498113207,0.917985001,0.162264151,8.596337494781022,0.392523364,0.13063789019361138,62.21140303342673,10.151248029163803,0.41993108563698256,119.49907377020406,"Tanner Marsh","sa3037119",
2026,"Noah Quarless","WCU",,236,0.131355932,0.211864406,0.62,0.285714285,0.412765957,0.576719576,0.989485533,0.291005291,6.197883324649894,0.328244274,-0.08274063933640718,50.81387477743532,8.272654827713028,0.4318960773183944,119.44620967026836,"Noah Quarless","sa3060320",
2026,"Jackson Walker","HCU",23,224,0.111607142,0.129464285,0.862068965,0.304812834,0.410714285,0.443850267,0.854564552,0.139037433,3.3279459571875787,0.331168831,-0.6606540931388736,41.41084462048588,6.737514313479051,0.40268921027226107,119.43140233090769,"Jackson Walker","sa3060855",
2026,"Grayson Carpenter","DAY",,209,0.167464114,0.081339712,2.058823529,0.2875,0.439613526,0.40625,0.845863526,0.11875,7.575187541685339,0.307692307,0.4248981950804591,40.94025304184434,6.655902542333577,0.4166301771062584,119.41382130727125,"Grayson Carpenter","sa3074077",
2026,"Trevor Harmon","SF",21,196,0.102040816,0.219387755,0.465116279,0.282208588,0.403061224,0.441717791,0.844779015,0.159509203,2.266101360622346,0.350877192,-0.6841670486610383,34.4248177395522,5.571671961373038,0.3964086126308052,119.3104488647707,"Trevor Harmon","sa3033238",
2026,"Andrew Lawrence","UTM",,164,0.079268292,0.158536585,0.5,0.340277777,0.408536585,0.513888888,0.922425473,0.173611111,6.995448210523033,0.393162393,0.2525145527906716,33.255697423268245,5.3796169698724015,0.41643472088546285,119.29832631551706,"Andrew Lawrence","sa3075768",
2026,"Rocco Gump","CREI",23,270,0.129629629,0.177777777,0.729166666,0.265402843,0.415094339,0.402843601,0.81793794,0.137440758,7.121629227356776,0.327044025,-0.7291261292994022,48.36708355669241,7.816681898872657,0.40178835661906115,119.27645986057772,"Rocco Gump","sa3032848",
2026,"Jonathan Gonzalez Perez","UMES",22,214,0.102803738,0.154205607,0.666666666,0.318681318,0.394366197,0.609890109,1.004256306,0.291208791,3.529671819002493,0.314285714,-1.0470466446131468,45.01254223812011,7.271805992011102,0.4285552059540726,119.26779049722649,"Jonathan Gonzalez Perez","sa3059324",
2026,"AJ Havrilla","MRSH",22,251,0.199203187,0.131474103,1.515151515,0.266304347,0.445783132,0.402173913,0.847957045,0.135869566,3.7140739567576158,0.29054054,0.19369051232933998,49.03904246730542,7.920316347906351,0.4142292675723034,119.26206644852671,"AJ Havrilla","sa3033418",
2026,"Clay Thompson","JMU",21,194,0.067010309,0.144329896,0.464285714,0.335329341,0.401041666,0.520958083,0.921999749,0.185628742,6.695309515042682,0.374100719,1.6561302207410336,37.89969334874869,6.118685909850607,0.41421286823848885,119.25264931143023,"Clay Thompson","sa3071448",
2026,"Bayram Hot","LOU",22,264,0.117424242,0.204545454,0.574074074,0.330188679,0.447876447,0.528301886,0.976178333,0.198113207,5.94929877895033,0.406666666,1.0186779387295246,59.68426781634921,9.611278590961634,0.44219087541793767,119.1945372937484,"Bayram Hot","sa3034135",
2026,"Jacob Budzik","UNCG",22,217,0.096774193,0.29032258,0.333333333,0.300546448,0.402777777,0.590163934,0.992941711,0.289617486,8.867052312955314,0.405405405,1.0812021060846746,46.60948123373487,7.493190008778353,0.4313589436588464,119.15618729210615,"Jacob Budzik","sa3027977",
2026,"Griffen Sotomayor","FRES",22,167,0.125748502,0.203592814,0.617647058,0.321428571,0.419161676,0.521428571,0.940590247,0.2,3.0172176787077367,0.382352941,-0.474280919181183,35.5122156805528,5.707740507198652,0.4213870478247454,119.15061571794257,"Griffen Sotomayor","sa3042778",
2026,"Shaun McMillan","SJU",,283,0.106007067,0.197879858,0.535714285,0.307692307,0.388692579,0.481781376,0.870473955,0.174089069,4.010965290359184,0.360655737,-0.34583424776792526,50.628234426169186,8.12540602186182,0.4015319338956907,119.11733013287738,"Shaun McMillan","sa3059998",
2026,"Ben Castelli","CBU",22,273,0.15018315,0.238095238,0.63076923,0.285067873,0.411111111,0.502262443,0.913373554,0.21719457,6.36358563927528,0.360544217,-0.7039861755911261,52.75567837101154,8.461453527628706,0.41856502449070965,119.10283689927303,"Ben Castelli","sa3058835",
2026,"Owen Lee","TNTC",,227,0.140969162,0.198237885,0.711111111,0.289617486,0.400881057,0.551912568,0.952793625,0.262295082,5.988466744985882,0.31060606,-0.8005425315350294,45.9521677034866,7.367592929578941,0.41608229765282856,119.09465887015863,"Owen Lee","sa3059780",
2026,"Sam Parks","STO",23,240,0.154166666,0.079166666,1.947368421,0.303867403,0.452991452,0.359116022,0.812107474,0.055248619,5.143600682385621,0.331288343,-0.9337572315707803,50.40440479358327,8.078345452152604,0.42827138151877964,119.08598527206891,"Sam Parks","sa3039485",
2026,"Mark Henshon","BRWN",23,195,0.117948717,0.087179487,1.352941176,0.29090909,0.4,0.387878787,0.787878787,0.096969697,2.3194780103786394,0.310344827,-1.619480662047863,32.7399501735658,5.237868406841216,0.3907065461843442,119.04535246193122,"Mark Henshon","sa3033640",
2026,"Tyler Lang","UPST",,276,0.155797101,0.068840579,2.263157894,0.294930875,0.423913043,0.451612903,0.875525946,0.156682028,4.474523303561837,0.292929292,0.7257595179253258,54.070288749321215,8.636567862613912,0.41620045857153076,119.00915816283218,"Tyler Lang","sa3035932",
2026,"Matt Stancliff","MCN",22,271,0.121771217,0.143911439,0.846153846,0.296803652,0.406015037,0.456621004,0.862636041,0.159817352,8.356298255994263,0.327683615,3.495573570486158,49.91925785000982,7.970719844657796,0.4019618202421002,119.00118627171427,"Matt Stancliff","sa3060654",
2026,"Chris Schaller","RICH",19,187,0.037433155,0.219251336,0.170731707,0.314814814,0.393442622,0.524691358,0.91813398,0.209876544,7.943685021117382,0.391304347,0.7070660958997905,36.500722792436804,5.825251292874537,0.41592842666177804,118.9899323730286,"Chris Schaller","sa3073799",
2026,"Mason McCraine","AUB",19,216,0.138888888,0.212962962,0.652173913,0.320224719,0.425925925,0.556179775,0.9821057,0.235955056,6.46462160340793,0.385826771,-1.0332126580178738,46.83275234644565,7.4566279644266045,0.42632273777767465,118.93692708831355,"Mason McCraine","sa3070736",
2026,"Todd Hudson","CLT",22,238,0.105042016,0.168067226,0.625,0.336538461,0.405063291,0.514423076,0.919486367,0.177884615,4.708529439841953,0.372670807,-1.7405991554260254,47.151771097357546,7.506960182364261,0.4180031509339055,118.93554290991763,"Todd Hudson","sa3034232",
2026,"Tre Mariano","ALB",,172,0.098837209,0.226744186,0.435897435,0.3,0.372093023,0.513333333,0.885426356,0.213333333,2.8779688934918397,0.355140186,-1.0594332069158554,31.649414325348076,5.031959915748771,0.40177480703176455,118.90473761433043,"Tre Mariano","sa3037044",
2026,"Henry Ferguson","ETSU",,250,0.148,0.228,0.649122807,0.344827586,0.456,0.458128078,0.914128078,0.113300492,5.771280323158625,0.455172413,1.3249462922103703,53.54438816453348,8.479536522878515,0.4307294533252716,118.81629743354263,"Henry Ferguson","sa3059174",
2026,"Kanoa Morisaki","CSUB",20,194,0.149484536,0.216494845,0.69047619,0.251612903,0.393782383,0.419354838,0.813137221,0.167741935,4.43474744828856,0.318181818,-1.3104193948674947,31.839475306647085,5.041620436089299,0.39037896067367317,118.81352242723136,"Kanoa Morisaki","sa3038380",
2026,"Mason Braun","LSU",19,187,0.187165775,0.176470588,1.06060606,0.314285714,0.475409836,0.428571428,0.903981264,0.114285714,3.7627471210975534,0.394230769,-0.9711048547178507,40.49758131568321,6.4080662256945065,0.4260527361286143,118.79776291560216,"Mason Braun","sa3069663",
2026,"Alonzo Alvarez","MIA",20,200,0.145,0.17,0.852941176,0.341317365,0.439393939,0.550898203,0.990292142,0.209580838,5.825107123262899,0.3984375,-0.4995460379868746,45.036707422711835,7.1026246762061,0.44127903502396865,118.7235967287501,"Alonzo Alvarez","sa3069486",
2026,"Harold Laracuente","UTA",20,230,0.126086956,0.186956521,0.674418604,0.310160427,0.43231441,0.438502673,0.870817083,0.128342246,6.358937908953069,0.391608391,0.062281157821416855,44.30383824199197,6.986359436211557,0.41791909204299793,118.72141328885644,"Harold Laracuente","sa3070563",
2026,"RJ Hamilton","DUKE",21,236,0.097457627,0.190677966,0.511111111,0.333333333,0.443965517,0.539682539,0.983648056,0.206349206,9.496998057681255,0.4,1.9200561922043562,53.10897347151648,8.346755830639708,0.44113049013861294,118.64687736788417,"RJ Hamilton","sa3065801",
2026,"Dominic Smaldino","ASU",21,260,0.069230769,0.215384615,0.321428571,0.329059829,0.392307692,0.623931623,1.016239315,0.294871794,4.573718325592633,0.366459627,-1.088452272117138,55.79465739162509,8.740776402073545,0.43084622873709755,118.57610088318637,"Dominic Smaldino","sa3042445",
2026,"Jack Spanier","MINN",21,254,0.177165354,0.125984251,1.40625,0.291457286,0.428,0.487437185,0.915437185,0.195979899,8.516178489641906,0.323170731,1.4084089249372482,50.973193709495604,7.982131425979674,0.4180272605419159,118.56695555308544,"Jack Spanier","sa3042795",
2026,"Paris Pridgen","APSU",21,238,0.117647058,0.268907563,0.4375,0.312169312,0.408888888,0.449735449,0.858624337,0.137566137,9.779635519899552,0.448,3.7065794446971267,43.342741281636954,6.776786089786298,0.404336486392551,118.53304817071103,"Paris Pridgen","sa3040209",
2026,"Vance Bonior","MASS",,162,0.092592592,0.11728395,0.789473684,0.270491803,0.438271604,0.418032786,0.85630439,0.147540983,5.128677632448007,0.287128712,-0.639007889200002,32.319001847144946,5.050567978259907,0.42139586916676275,118.5216650231714,"Vance Bonior","sa3066294",
2026,"Rashawn Galloway","TXST",22,285,0.063157894,0.080701754,0.782608695,0.318181818,0.368421052,0.579545454,0.947966506,0.261363636,4.901268184350692,0.31441048,-0.6145297978073359,55.33489595944592,8.646302556941002,0.41293542196876126,118.51908983935489,"Rashawn Galloway","sa3031872",
2026,"John Beverley","GAST",20,243,0.082304526,0.168724279,0.487804878,0.363636363,0.421276595,0.468899521,0.890176116,0.105263158,8.422163359238397,0.431137724,3.3193117436021566,47.14137838475301,7.3332092731435505,0.4127652454883494,118.42136786694098,"John Beverley","sa3065777",
2026,"Brett Stanley","EIU",23,273,0.12087912,0.091575091,1.32,0.322869955,0.422641509,0.470852017,0.893493526,0.147982062,8.554241232107827,0.353535353,0.3432528041303158,54.95027448516714,8.546799096282601,0.41491218872790064,118.41844608546259,"Brett Stanley","sa3042940",
2026,"Michael Rickert","STO",,174,0.16091954,0.189655172,0.848484848,0.303703703,0.421965317,0.503703703,0.92566902,0.2,4.599306268356621,0.343137254,-0.022704106755554676,36.32373934149659,5.637346318959361,0.42715492620633516,118.37083398762142,"Michael Rickert","sa3060364",
2026,"Riley Luft","APP",20,251,0.111553784,0.151394422,0.736842105,0.31,0.432,0.435,0.867,0.125,4.625908254328094,0.354037267,-0.13891024701297283,48.63507883458941,7.516352715190334,0.41251842546463013,118.27963418264618,"Riley Luft","sa3059867",
2026,"Nathan Borchardt","EMU",,160,0.18125,0.175,1.035714285,0.274193548,0.425,0.467741935,0.892741935,0.193548387,3.154125336933633,0.319148936,-0.08037249930202961,31.833410529310385,4.901623992139976,0.4208561725914478,118.20014422502163,"Nathan Borchardt","sa3069636",
2026,"Jet Gilliam","UTAH",21,225,0.12,0.182222222,0.658536585,0.361702127,0.445945945,0.5,0.945945945,0.138297873,5.231554917735119,0.430555555,0.7278917022049427,48.12887262145019,7.4091679189536634,0.4301469640151874,118.19553450371512,"Jet Gilliam","sa3059299",
2026,"Austin Haller","WKU",23,259,0.15057915,0.166023166,0.906976744,0.305825242,0.439688715,0.427184466,0.866873181,0.121359224,7.542474342009607,0.36875,0.6640842114575207,50.88940015661498,7.810869338391031,0.4175633382240622,118.13169852832289,"Austin Haller","sa3033047",
2026,"Max Ross","SCU",22,199,0.095477386,0.175879396,0.542857142,0.287425149,0.391959798,0.467065868,0.859025666,0.179640719,5.504635573054884,0.338461538,-0.24514298839494586,34.59282222729154,5.2980466667933035,0.39448454002639155,118.08529529728608,"Max Ross","sa3060429",
2026,"David Mendez","MD",21,254,0.098425196,0.122047244,0.806451612,0.316279069,0.40079365,0.548837209,0.949630859,0.23255814,7.543935348765108,0.322033898,1.0385678932070732,50.76434407766308,7.773281794147153,0.4171489843773463,118.08115775991807,"David Mendez","sa3037846",
2026,"Carter Bergman","MOST",,218,0.096330275,0.247706422,0.388888888,0.266666666,0.3853211,0.572222222,0.957543322,0.305555556,3.544767696123456,0.285714285,-0.6483246092684567,42.80017357202457,6.541024080237614,0.4174039489632353,118.03965115541172,"Carter Bergman","sa3027033",
2026,"Gabriel Cavazonni","HALL",,190,0.110526315,0.252631578,0.4375,0.296296296,0.384210526,0.48765432,0.871864846,0.191358024,8.53998567437682,0.405172413,0.23711482714861631,33.66892943443135,5.133461601150783,0.3997149564717945,117.98975797818775,"Gabriel Cavazonni","sa3028669",
2026,"Anthony Grabau","FOR",,259,0.092664092,0.146718146,0.631578947,0.302752293,0.401544401,0.509174311,0.910718712,0.206422018,7.613783503539957,0.327586206,-0.639618344604969,50.10476991964114,7.6184216929746915,0.41417611657882747,117.93145801171259,"Anthony Grabau","sa3059334",
2026,"Mario Trivella","FIU",,221,0.099547511,0.257918552,0.385964912,0.287292817,0.384259259,0.580110497,0.964369756,0.29281768,4.488008932668378,0.327433628,-1.1873320247977972,43.34408285938982,6.58595424615625,0.417191567796248,117.9170009318298,"Mario Trivella","sa3071478",
2026,"Aidan Taclas","NMSU",22,244,0.139344262,0.110655737,1.259259259,0.305,0.422131147,0.475,0.897131147,0.17,6.531555546297101,0.325443786,-0.4588433625176549,47.85134517637496,7.267709965384058,0.4171759500855305,117.90798169656279,"Aidan Taclas","sa3060714",
2026,"Julio Guerrero","SIU",,200,0.065,0.15,0.433333333,0.301775147,0.385,0.520710059,0.905710059,0.218934912,7.140272554789647,0.31617647,2.052625846117735,36.45628824799406,5.530731230667701,0.4002731141448021,117.8840149186935,"Julio Guerrero","sa3070233",
2026,"Sawyer Strosnider","TCU",21,234,0.183760683,0.183760683,1,0.273224043,0.414529914,0.590163934,1.004693848,0.316939891,8.59352689531104,0.282442748,0.7201053984463215,49.91981861548294,7.571325724886553,0.4295646535535144,117.87861906785302,"Sawyer Strosnider","sa3060685",
2026,"Joey Nerat","IOWA",22,194,0.113402061,0.24742268,0.458333333,0.294478527,0.39896373,0.546012269,0.944975999,0.251533742,9.013933435427068,0.381818181,2.4568118155002594,38.686106389702076,5.850413149536365,0.41667184002041197,117.81723658686137,"Joey Nerat","sa3038770",
2026,"Rylen Stockton","MD",20,162,0.12345679,0.197530864,0.625,0.294573643,0.416149068,0.511627906,0.927776974,0.217054263,1.84628850875,0.333333333,-0.22834651917219162,32.27036774482673,4.8508713277811335,0.41644419794497284,117.69132172961989,"Rylen Stockton","sa3060677",
2026,"Lucas Alberti","GMU",,258,0.124031007,0.127906976,0.969696969,0.31455399,0.421875,0.450704225,0.872579225,0.136150235,7.309492664266641,0.346590909,-0.17725960863754153,49.80672452238202,7.484416250258686,0.41376699320971966,117.6843290354947,"Lucas Alberti","sa3058475",
2026,"Michael Quick","BRAD",,255,0.094117647,0.121568627,0.774193548,0.328703703,0.41532258,0.425925925,0.841248505,0.097222222,4.86946517363792,0.370165745,0.9885413870215416,46.382246107024116,6.952160909933009,0.39987853794328626,117.63161523791456,"Michael Quick","sa3060324",
2026,"Deiten Lachance","OU",21,285,0.101754385,0.161403508,0.630434782,0.326612903,0.396491228,0.608870967,1.005362195,0.282258064,4.836761735255573,0.333333333,-0.3222183911129832,61.10438641347723,9.149777853868768,0.4237504118367245,117.61109958777008,"Deiten Lachance","sa3070546",
2026,"Jaquae Stewart","TXST",21,263,0.125475285,0.25095057,0.5,0.261682242,0.39163498,0.53271028,0.92434526,0.271028038,4.49119603095986,0.298507462,-1.4341968838125467,50.663214292995114,7.578652661911621,0.4113177886027347,117.59018166833101,"Jaquae Stewart","sa3066241",
2026,"Isaac Cadena","USC",21,277,0.144404332,0.216606498,0.666666666,0.28959276,0.420289855,0.497737556,0.918027411,0.208144796,6.621520406929204,0.358974358,-0.4217500761151314,55.11872290070428,8.234769150570767,0.4162142881448718,117.56415253384493,"Isaac Cadena","sa3028231",
2026,"Ryker Waite","VAN",19,257,0.147859922,0.20622568,0.716981132,0.304568527,0.442687747,0.507614213,0.95030196,0.203045686,7.644002613398031,0.375886524,0.3795455591753125,55.07375627758047,8.22346013786337,0.4236369752601201,117.55263213991081,"Ryker Waite","sa3066449",
2026,"Tanner Recchio","STMN",21,248,0.104838709,0.088709677,1.181818181,0.305418719,0.40167364,0.418719211,0.820392851,0.113300492,8.040588569910678,0.331491712,4.318715979345143,42.73883589108238,6.379591186835864,0.3966395745217551,117.54599480470166,"Tanner Recchio","sa3040506",
2026,"Nathan Beckley","YSU",,208,0.129807692,0.149038461,0.870967741,0.286549707,0.400966183,0.461988304,0.862954487,0.175438597,6.498376222919718,0.330935251,0.016669006668962538,38.36639210815436,5.715567084503237,0.40130373590810287,117.50512301102063,"Nathan Beckley","sa3058595",
2026,"Christian Hallmark","UTSA",21,221,0.117647058,0.190045248,0.619047619,0.307262569,0.420560747,0.458100558,0.878661305,0.150837989,8.295728739504222,0.383458646,0.03865060303360224,43.250735914262926,6.437697207483444,0.4153981545818186,117.48754635215126,"Christian Hallmark","sa3070257",
2026,"Jon Howard","LONG",22,258,0.143410852,0.201550387,0.711538461,0.276190476,0.38372093,0.561904761,0.945625691,0.285714285,2.810717848571036,0.281879194,-0.06383860664209351,49.890269576111926,7.419617442885529,0.4135773320530736,117.46998708569603,"Jon Howard","sa3070374",
2026,"Jordan Treadwell","COPP",,147,0.142857142,0.156462585,0.913043478,0.319327731,0.416666666,0.50420168,0.920868346,0.184873949,8.699175794658128,0.357894736,0.840409405529499,30.45321858257708,4.528507235950799,0.42574534234073425,117.46791767670007,"Jordan Treadwell","sa3074440",
2026,"Anthony Fernandez","SBU",22,237,0.118143459,0.143459915,0.823529411,0.330049261,0.411016949,0.48275862,0.893775569,0.152709359,6.381725059554242,0.367469879,2.824898230843246,45.663896656251524,6.786427429533577,0.4133888927556701,117.45593929984956,"Anthony Fernandez","sa3070071",
2026,"Jun Ho Son","RAD",,226,0.115044247,0.07079646,1.625,0.335078534,0.423423423,0.434554973,0.857978396,0.099476439,5.2339465920887305,0.36,-1.8951512821367942,43.69153683913531,6.4885624898749805,0.4135278930535188,117.44097778032628,"Jun Ho Son","sa3074431",
2026,"Brady Neal","ALA",21,261,0.134099616,0.191570881,0.7,0.315789473,0.428571428,0.540669856,0.969241284,0.224880383,4.30947020714895,0.363636363,-0.9091540714725852,55.839635835002866,8.260152206729854,0.4232646797614668,117.36074370050844,"Brady Neal","sa3038709",
2026,"Ryan Muizelaar","BALL",23,221,0.08597285,0.108597285,0.791666666,0.345360824,0.407239819,0.515463917,0.922703736,0.170103093,4.044315322264405,0.359281437,-0.6249112077057362,43.628124731181856,6.428594576715224,0.41931396938557,117.28138648531647,"Ryan Muizelaar","sa3070833",
2026,"Tyler ViVacqua","NIA",,170,0.14117647,0.135294117,1.04347826,0.286764705,0.416666666,0.397058823,0.813725489,0.110294118,7.1402124729473515,0.330357142,0.3750575794838369,30.188484082957014,4.431049416800249,0.40440838251795086,117.20299196807161,"Tyler ViVacqua","sa3060846",
2026,"Wes Baker","SHSU",,182,0.203296703,0.236263736,0.860465116,0.260869565,0.419889502,0.485507246,0.905396748,0.224637681,3.0911860882492306,0.311111111,-0.8200951521284878,35.477904754891966,5.206504720464323,0.415949001496668,117.19941831082463,"Wes Baker","sa3069543",
2026,"Jordan Crosland","MD",21,237,0.151898734,0.210970464,0.72,0.283422459,0.413502109,0.518716577,0.932218686,0.235294118,5.692402927315694,0.315384615,-0.012657657265663147,47.00166252347813,6.887954802244759,0.41550364122109074,117.17107491063152,"Jordan Crosland","sa3029593",
2026,"Brayden Jaksa","ORE",19,200,0.09,0.225,0.4,0.32,0.4,0.537142857,0.937142857,0.217142857,5.707900056684639,0.380165289,-0.4288811609148979,39.65468546525677,5.8034553207560355,0.41545469462871554,117.14400125485199,"Brayden Jaksa","sa3070423",
2026,"Nick Matson","LIU",,234,0.111111111,0.102564102,1.083333333,0.35323383,0.424242424,0.462686567,0.886928991,0.109452737,7.196091020823634,0.38418079,-0.25373675068840384,48.325203392471636,7.057295534576735,0.42517279752921233,117.10117110583451,"Nick Matson","sa3070703",
2026,"Nick Quagliato","FDU",,149,0.10738255,0.187919463,0.571428571,0.330645161,0.405405405,0.556451612,0.961857017,0.225806451,8.808587573411891,0.361702127,1.6501759365200996,30.770935970791978,4.493507462987107,0.4251713684281787,117.10025568769963,"Nick Quagliato","sa3040313",
2026,"Jalen Seward","APP",21,152,0.105263157,0.217105263,0.484848484,0.31060606,0.397350993,0.507575757,0.90492675,0.196969697,4.110648036441521,0.382978723,0.017575331032276154,29.14897317963952,4.248390031636896,0.410396963160559,117.06140778465134,"Jalen Seward","sa3071266",
2026,"Robert Nedry","CLT",21,242,0.132231404,0.17768595,0.744186046,0.316582914,0.426778242,0.442211055,0.868989297,0.125628141,5.873235154096669,0.385620915,0.10494028218090534,47.18237747057436,6.871267212471938,0.41460306250400625,117.04559157134808,"Robert Nedry","sa3070863",
2026,"Ryder Young","GONZ",20,252,0.083333333,0.123015873,0.677419354,0.297297297,0.365079365,0.531531531,0.896610896,0.234234234,2.01785714,0.295081967,-0.10950319468975067,43.4059381192138,6.309036404412018,0.3927909620697536,117.0069092370986,"Ryder Young","sa3071678",
2026,"James Green","PRES",20,207,0.106280193,0.159420289,0.666666666,0.311377245,0.426470588,0.419161676,0.845632264,0.107784431,7.037105293134159,0.377777777,-0.29803451197221875,39.85902103885211,5.7837303738216335,0.41273100031357185,116.97338529163935,"James Green","sa3070214",
2026,"Ryan Costello","MD",20,234,0.175213675,0.123931623,1.413793103,0.259459459,0.397435897,0.556756756,0.954192653,0.297297297,2.0516409212499997,0.227586206,-0.2929728925228119,46.31243035839488,6.70649108932902,0.4150733038400992,116.93304391487342,"Ryan Costello","sa3058933",
2026,"Tim Hennig","BING",,194,0.12371134,0.221649484,0.558139534,0.277419354,0.405263157,0.406451612,0.811714769,0.129032258,6.053331783772247,0.363636363,-2.551665835082531,35.091018402924384,5.06900587116703,0.39837573735337506,116.88429736615764,"Tim Hennig","sa3033617",
2026,"Kainen Jorge","MUR",22,267,0.123595505,0.277153558,0.445945945,0.283842794,0.378277153,0.528384279,0.906661432,0.244541485,8.706133630920501,0.361111111,2.063282735645771,48.187426717672366,6.901808099541683,0.3984490662031852,116.71722098530151,"Kainen Jorge","sa3059631",
2026,"Colby Lunsford","LT",,272,0.117647058,0.180147058,0.653061224,0.300429184,0.397058823,0.527896995,0.924955818,0.227467811,5.281864042792879,0.342857142,-0.8598707895725965,52.79055502525159,7.549781347425664,0.41506343334913254,116.68800229012457,"Colby Lunsford","sa3036702",
2026,"Jeter Worthley","NEB",19,238,0.079831932,0.147058823,0.542857142,0.321243523,0.432900432,0.450777202,0.883677634,0.129533679,7.617598590886057,0.384615384,0.32755903899669647,46.9977660746389,6.714802202683032,0.41459609445555384,116.66908677332385,"Jeter Worthley","sa3071653",
2026,"Ryan LeClair","STO",,233,0.120171673,0.124463519,0.965517241,0.27118644,0.439655172,0.38418079,0.823835962,0.11299435,6.851587901862434,0.308219178,-0.2681652051396668,47.9276813610453,6.836132083739701,0.42444713696323594,116.6363454383435,"Ryan LeClair","sa3036136",
2026,"John Hadley","MILW",20,167,0.131736526,0.335329341,0.392857142,0.276595744,0.379518072,0.531914893,0.911432965,0.255319149,7.711804284207553,0.397435897,0.7182630297029391,30.567179914941914,4.352334823837404,0.3999522403780236,116.60255785876943,"John Hadley","sa3059384",
2026,"Caden Dulin","PITT",22,257,0.128404669,0.112840466,1.137931034,0.348623853,0.4296875,0.564220183,0.993907683,0.21559633,3.7921202318517233,0.35359116,-1.7380524789914489,56.83047611865593,8.085179789396062,0.4371413281187415,116.58658454916981,"Caden Dulin","sa3030642",
2026,"Cade Carr","SAM",21,245,0.089795918,0.142857142,0.628571428,0.339622641,0.41632653,0.54245283,0.95877936,0.202830189,4.408516282190407,0.364705882,-0.3924544253386557,51.48742853396692,7.323873925145047,0.4265942639234115,116.58352456004998,"Cade Carr","sa3028479",
2026,"Connor Lawrence","MRST",,188,0.19680851,0.287234042,0.685185185,0.244755244,0.422459893,0.37062937,0.793089263,0.125874126,7.638374230162997,0.364705882,0.917710748501122,33.203127905024104,4.71843545068603,0.40340331053351336,116.56481093573274,"Connor Lawrence","sa3070569",
2026,"Robert Rispoli","CONN",21,251,0.147410358,0.151394422,0.97368421,0.268421052,0.418032786,0.384210526,0.802243312,0.115789474,7.14789108373777,0.315789473,-1.1019319221377373,43.94065182733577,6.243796952844076,0.3974161548692672,116.5631774152837,"Robert Rispoli","sa3060376",
2026,"Dylan Coleman","UNA",,282,0.092198581,0.216312056,0.426229508,0.292,0.365248226,0.548,0.913248226,0.256,4.37930292125,0.325714285,-0.27392694680020213,50.488298342026326,7.162250593699068,0.40111801768025607,116.53104994783558,"Dylan Coleman","sa3069819",
2026,"Jackson Chirello","KENN",22,217,0.073732718,0.276497695,0.266666666,0.306122448,0.37037037,0.586734693,0.957105063,0.280612245,5.461627280161722,0.382113821,-0.20752154476940632,42.05106564690551,5.958242528934089,0.4147519298173763,116.5081088543815,"Jackson Chirello","sa3028850",
2026,"Thomas Schreck","ARMY",,203,0.162561576,0.098522167,1.65,0.283870967,0.41025641,0.387096774,0.797353184,0.103225807,5.321334418616988,0.301470588,1.2374865766614676,35.027202544528265,4.9576958993256275,0.39505012188202293,116.48745341193217,"Thomas Schreck","sa3041779",
2026,"David Alvarez","EKU",22,243,0.049382716,0.205761316,0.24,0.316742081,0.374485596,0.515837104,0.8903227,0.199095023,4.644871099483954,0.37804878,-2.4564034927170724,43.47299205185494,6.138844524041032,0.4009764258263042,116.44297494530333,"David Alvarez","sa3025974",
2026,"Nate Savoie","CLEM",20,264,0.102272727,0.18560606,0.551020408,0.328947368,0.412878787,0.596491228,1.009370015,0.26754386,4.232134586150482,0.357575757,-0.7490879893302917,58.29738387434276,8.224394648955196,0.43682810348091705,116.42481261091824,"Nate Savoie","sa3060500",
2026,"Colin Lynch","DAY",,236,0.097457627,0.173728813,0.560975609,0.289340101,0.398305084,0.507614213,0.905919297,0.218274112,4.280759543336265,0.31292517,-0.7546685799024999,45.07058907975955,6.35715980758472,0.4116756630651021,116.42107125899565,"Colin Lynch","sa3070642",
2026,"Bryce McFeely","CBU",23,281,0.071174377,0.135231316,0.526315789,0.310756972,0.377224199,0.565737051,0.94296125,0.254980079,4.984208367098998,0.315,0.45970100723206997,53.06705752958277,7.474833423390178,0.4139793190667638,116.39497429645004,"Bryce McFeely","sa3070742",
2026,"Angel Laya","ORE",19,260,0.103846153,0.13076923,0.794117647,0.295964125,0.396153846,0.538116591,0.934270437,0.242152466,5.179395340118841,0.297142857,-0.3743574023246765,51.20200924701437,7.195410059163414,0.4140205761561027,116.35075236886262,"Angel Laya","sa3070572",
2026,"Jacob Doyle","NEV",21,219,0.123287671,0.242009132,0.509433962,0.282608695,0.388127853,0.592391304,0.980519157,0.309782609,4.378843173336393,0.313559322,-1.1499846789520234,45.4708560864268,6.385945529752796,0.4165121730604128,116.33864690695155,"Jacob Doyle","sa3030543",
2026,"Lucas Pringle","CHSO",23,201,0.124378109,0.149253731,0.833333333,0.281879194,0.439393939,0.375838926,0.815232865,0.093959732,5.065833947950093,0.330578512,0.5398261348600499,38.48572428020202,5.398123199665177,0.41160833715188383,116.3146406006464,"Lucas Pringle","sa3040221",
2026,"Petey Soto Jr.","UTU",21,256,0.0703125,0.13671875,0.514285714,0.346846846,0.404761904,0.504504504,0.909266408,0.157657658,6.838530023467833,0.38172043,1.2389211170375347,48.306381680108544,6.7704052701964335,0.4138186498293801,116.30009898739434,"Petey Soto Jr.","sa3042775",
2026,"Colin Basehore","MAN",,170,0.111764705,0.158823529,0.703703703,0.292517006,0.388235294,0.469387755,0.857623049,0.176870749,3.6337160132900514,0.330434782,-0.11859355214983225,29.95395897993866,4.1965243137818895,0.4029744127217461,116.29247775709507,"Colin Basehore","sa3058570",
2026,"Zachari Pace","TXSO",,169,0.106508875,0.23076923,0.461538461,0.312056737,0.41566265,0.475177304,0.890839954,0.163120567,9.037838373803096,0.414141414,0.6715437197126448,33.59398075338989,4.699946188894806,0.4269675985876336,116.26614718136348,"Zachari Pace","sa3070937",
2026,"Grant Watkins","ACU",22,233,0.120171673,0.270386266,0.444444444,0.25,0.360515021,0.617346938,0.977861959,0.367346938,3.4502266393570142,0.252173913,0.06493063922971487,43.952632330292566,6.148403800958496,0.4137571768699286,116.26379915724948,"Grant Watkins","sa3060879",
2026,"Jake Busson","UIC",21,266,0.056390977,0.296992481,0.189873417,0.267543859,0.360902255,0.570175438,0.931077693,0.302631579,4.0984113748042965,0.315789473,-0.2993466332554817,47.80873067088531,6.677739837841256,0.3976956798618001,116.23530020209594,"Jake Busson","sa3069715",
2026,"Cooper Rasmussen","FIU",21,223,0.085201793,0.188340807,0.452380952,0.294736842,0.391891891,0.536842105,0.928733996,0.242105263,3.9267141124468576,0.321167883,-0.09468875313177705,43.091484611737755,6.000703250873119,0.41418104450981896,116.17842232141437,"Cooper Rasmussen","sa3071077",
2026,"Jonathan Fitz","XAV",21,225,0.142222222,0.124444444,1.142857142,0.288770053,0.401785714,0.427807486,0.8295932,0.139037433,3.208911832861931,0.316129032,0.0999553743749857,39.256986039387826,5.4649846578713674,0.39678648699607166,116.17242079322536,"Jonathan Fitz","sa3031394",
2026,"Dylan Lina","LBSU",22,231,0.082251082,0.199134199,0.413043478,0.240641711,0.363636363,0.475935828,0.839572191,0.235294117,2.5122082546307682,0.246268656,0.35999545454978943,37.04169919836691,5.132913244249137,0.3860029382107062,116.08620663797691,"Dylan Lina","sa3059818",
2026,"Rees Kozar","NIA",21,222,0.054054054,0.166666666,0.324324324,0.333333333,0.378378378,0.492753623,0.871132001,0.15942029,6.88673460680536,0.384146341,0.9858283991925418,39.0314472471084,5.395267859538978,0.4025769008172525,116.04007339053749,"Rees Kozar","sa3035666",
2026,"Brody Williams","KENT",23,251,0.119521912,0.211155378,0.566037735,0.306603773,0.402390438,0.518867924,0.921258362,0.212264151,4.785713477961476,0.361842105,0.35352169163525105,49.01323822088688,6.763998090700803,0.41717943442295274,116.00975087328986,"Brody Williams","sa3045256",
2026,"Quade Peters","EIU",23,172,0.122093023,0.110465116,1.105263157,0.357142857,0.442424242,0.407142857,0.849567099,0.05,8.424808811929458,0.406504065,2.5859623719006777,33.90933273553797,4.673443479537454,0.41070190090121644,115.98529614958866,"Quade Peters","sa3039791",
2026,"Sean Yamaguchi","NEV",21,188,0.101063829,0.159574468,0.633333333,0.309523809,0.382978723,0.595238095,0.978216818,0.285714286,3.434608135763625,0.306451612,0.16357096517458558,38.91284496422957,5.360501655303941,0.41588440886203276,115.97653435394461,"Sean Yamaguchi","sa3060981",
2026,"Matthew Strand","DUKE",23,201,0.109452736,0.253731343,0.431372549,0.316091954,0.39800995,0.632183908,1.030193858,0.316091954,7.8764981708925195,0.369369369,2.524034180678427,44.18732942729397,6.063576267055704,0.43582160259360697,115.90498249626638,"Matthew Strand","sa3043208",
2026,"Collin Jennings","ILL",21,246,0.1300813,0.239837398,0.542372881,0.247474747,0.387755102,0.56060606,0.948361162,0.313131313,8.511257126847436,0.266129032,0.9878769963979721,48.25308862004635,6.616075542310447,0.4131873807128595,115.88988991587436,"Collin Jennings","sa3034651",
2026,"Adam Sullivan","LEM",22,221,0.180995475,0.203619909,0.888888888,0.29239766,0.418181818,0.497076023,0.915257841,0.204678363,7.925793512071836,0.341269841,1.2582093658857048,45.16698521859498,6.191738908360911,0.4232762642882087,115.88633682793454,"Adam Sullivan","sa3043303",
2026,"Xavier Melendez","UTA",21,238,0.06722689,0.172268907,0.390243902,0.353488372,0.403361344,0.502325581,0.905686925,0.148837209,3.257900976874272,0.405882352,0.02075601601973176,44.74957482356279,6.134096754972623,0.41311581194901664,115.88507267494404,"Xavier Melendez","sa3060013",
2026,"Forrest Lietz","DAV",21,211,0.151658767,0.218009478,0.695652173,0.301136363,0.412322274,0.46590909,0.878231364,0.164772727,6.802298161088589,0.376,-0.35058192536234856,40.08909679649682,5.476666387899822,0.4106852731433525,115.82283105591897,"Forrest Lietz","sa3059816",
2026,"Colton Payton","UTM",,257,0.101167315,0.147859922,0.684210526,0.343891402,0.408560311,0.502262443,0.910822754,0.158371041,5.373221406462311,0.383783783,-0.6513566812500358,50.59333216968152,6.9094743860063295,0.4104106781083786,115.8169967959845,"Colton Payton","sa3070971",
2026,"Tyler Minnick","MTSU",21,257,0.112840466,0.07003891,1.611111111,0.298165137,0.3984375,0.518348623,0.916786123,0.220183486,2.5264678110189625,0.287958115,-1.4790329122915864,49.50591835987279,6.7600402892799005,0.4135508497711271,115.81448456413975,"Tyler Minnick","sa3038133",
2026,"Jeremy Wolf","DEL",22,209,0.095693779,0.177033492,0.54054054,0.300578034,0.411483253,0.485549132,0.897032385,0.184971098,7.089249844974427,0.348484848,0.9244733755476773,40.259052683340286,5.496840555893158,0.4135477408838044,115.81268918025222,"Jeremy Wolf","sa3045511",
2026,"Christopher Hacopian","TA&M",21,195,0.128205128,0.107692307,1.19047619,0.319277108,0.405128205,0.578313253,0.983441458,0.259036145,4.107636798654841,0.306569343,0.08285597153007984,41.162825992172316,5.614935925071795,0.4202276770885174,115.79541265170165,"Christopher Hacopian","sa3032936",
2026,"Joe Connolly","WIU",,264,0.117424242,0.15530303,0.75609756,0.324074074,0.428571428,0.435185185,0.863756613,0.111111111,8.15918002391442,0.388571428,2.7140196287073195,51.93935054740157,7.065660061447285,0.4102872430587827,115.74566295958849,"Joe Connolly","sa3065278",
2026,"Cade Walter","JAX",,232,0.159482758,0.288793103,0.552238805,0.209580838,0.419213973,0.383233532,0.802447505,0.173652694,6.043116690063137,0.29787234,-0.11563090491108596,41.24821748348716,5.604093094792393,0.39981792483267303,115.72234748616759,"Cade Walter","sa3071555",
2026,"Xavier Bradley","SOU",20,145,0.137931034,0.172413793,0.8,0.274336283,0.415492957,0.477876106,0.893369063,0.203539823,4.0763677775,0.317647058,0.07108866004273295,28.68290913237809,3.8921694172787547,0.42605778658893745,115.70009391413257,"Xavier Bradley","sa3065778",
2026,"Ryder Helfrick","ARK",21,288,0.190972222,0.190972222,1,0.28318584,0.416666666,0.561946902,0.978613568,0.278761062,5.656275040064783,0.289308176,0.28623474203050137,60.74269630095065,8.241197124925254,0.42003687616023755,115.69707009183571,"Ryder Helfrick","sa3033556",
2026,"Matt Luigs","BRWN",19,209,0.114832535,0.177033492,0.648648648,0.301136363,0.401913875,0.369318181,0.771232056,0.068181818,9.0408804583566,0.375886524,1.9675194527953863,34.087765352624054,4.611175151365393,0.385239517004296,115.64351615937076,"Matt Luigs","sa3074346",
2026,"Nick Groves","ILL",22,262,0.152671755,0.103053435,1.481481481,0.312195121,0.445736434,0.419512195,0.865248629,0.107317074,7.4993017538932065,0.351955307,-0.10313457995653152,51.277275353871396,6.932163864575436,0.4127216949019321,115.63230676790322,"Nick Groves","sa3032788",
2026,"Derek Curiel","LSU",21,274,0.124087591,0.156934306,0.790697674,0.353448275,0.430656934,0.525862068,0.956519002,0.172413793,7.406554977293588,0.402116402,0.8284320197999477,57.73130244437625,7.781959478296532,0.4198091652271521,115.57970338785279,"Derek Curiel","sa3058966",
2026,"Angel Garcia","COPP",,206,0.155339805,0.13592233,1.142857142,0.305389221,0.421568627,0.45508982,0.876658447,0.149700599,4.305635508174194,0.352517985,-1.3053506631404161,41.96741245864336,5.6375448572487095,0.4227007040206124,115.51765869092318,"Angel Garcia","sa3074280",
2026,"Louis Jordan","CCSU",,192,0.119791666,0.151041666,0.793103448,0.2875,0.4,0.5375,0.9375,0.25,7.780893654510955,0.308943089,0.6064479099586606,39.10575043115945,5.244902958014915,0.422656868633471,115.48957970462705,"Louis Jordan","sa3034936",
2026,"J.T. Thompson","ACU",21,231,0.108225108,0.134199134,0.806451612,0.338624338,0.427927927,0.433862433,0.86179036,0.095238095,4.315852768919634,0.396226415,-0.7351213663350791,43.26368413079988,5.783955417168251,0.41234892150303265,115.43222327290911,"J.T. Thompson","sa3060746",
2026,"Nicholas Romano","FAU",23,262,0.141221374,0.160305343,0.88095238,0.312796208,0.435114503,0.412322274,0.847436777,0.099526066,1.971406072627853,0.365269461,-1.07113007735461,50.37750103513774,6.734894061489672,0.41170001871713247,115.43192427885043,"Nicholas Romano","sa3041097",
2026,"Rex Watson","CCU",20,251,0.063745019,0.207171314,0.307692307,0.289719626,0.379032258,0.542056074,0.921088332,0.252336448,7.137784002789168,0.328947368,1.1771781984716654,47.45599847910383,6.337272359704765,0.4075248563481915,115.41213203274543,"Rex Watson","sa3060881",
2026,"A.J. Evasco","KSU",20,234,0.081196581,0.128205128,0.633333333,0.347619047,0.414529914,0.547619047,0.962148961,0.2,6.264027334087685,0.377906976,-1.2759490944445133,48.859089061716,6.510596171119608,0.424962321917216,115.37385565984404,"A.J. Evasco","sa3059154",
2026,"Cooper Nicholson","UNC",21,295,0.152542372,0.227118644,0.671641791,0.253393665,0.428571428,0.556561085,0.985132513,0.30316742,4.344041976939938,0.278571428,-0.6134689282625914,64.53545112215194,8.582679071055983,0.4347260294317388,115.33914899375905,"Cooper Nicholson","sa3070879",
2026,"Terrell Milliner","COPP",,158,0.120253164,0.177215189,0.678571428,0.258333333,0.433121019,0.4,0.833121019,0.141666667,8.21421483141903,0.314606741,0.37000789726153016,32.13850681437066,4.273851081262134,0.4224200635958629,115.33789300035741,"Terrell Milliner","sa3074371",
2026,"Riley Hunsaker","CBU",21,182,0.115384615,0.181318681,0.636363636,0.331210191,0.411111111,0.477707006,0.888818117,0.146496815,5.921930968155218,0.396694214,-0.46240903716534376,34.04864528935194,4.519162060430051,0.41213160587681663,115.30389822739558,"Riley Hunsaker","sa3034308",
2026,"Zak Skinner","UCF",24,240,0.1,0.145833333,0.685714285,0.357487922,0.435146443,0.502415458,0.937561901,0.144927536,5.1438141458311595,0.404761904,-0.3530726432800293,50.0777982218064,6.643446539143434,0.4248181172494609,115.29537401106231,"Zak Skinner","sa3042401",
2026,"Luke Elmore","AFA",21,244,0.114754098,0.209016393,0.549019607,0.305,0.411522633,0.515,0.926522633,0.21,7.265091542000073,0.365517241,0.6016550961649045,50.19417572577772,6.6475173886614805,0.4146513590596831,115.26527555156989,"Luke Elmore","sa3030912",
2026,"Joshua Caldwell","UMES",,154,0.168831168,0.136363636,1.238095238,0.256637168,0.440789473,0.371681415,0.812470888,0.115044247,5.146458695882156,0.296703296,-0.029992108698934317,31.285196295986424,4.125974885235079,0.42219199279421255,115.19180105657138,"Joshua Caldwell","sa3058795",
2026,"Alan Benhardt","WIN",,257,0.105058365,0.093385214,1.125,0.328571428,0.419607843,0.438095238,0.857703081,0.10952381,5.901248881312975,0.35078534,-0.9113196619437076,48.72038687081686,6.414349668339404,0.4096435843729505,115.16178326426608,"Alan Benhardt","sa3026955",
2026,"Cody Nitowitz","PORT",21,210,0.195238095,0.128571428,1.518518518,0.278787878,0.423809523,0.369696969,0.793506492,0.090909091,6.486210478495682,0.323741007,0.893590138759464,35.58780160151245,4.673716839177628,0.38982511560122174,115.1184059793742,"Cody Nitowitz","sa3060146",
2026,"DJ Ghiorso","LMU",23,234,0.149572649,0.141025641,1.06060606,0.284153005,0.427350427,0.355191256,0.782541683,0.071038251,5.006262825739843,0.339869281,0.013426949037238955,39.64760049426764,5.20047747338027,0.38979147667558783,115.09698638759151,"DJ Ghiorso","sa3059291",
2026,"Blake Cyr","FLA",22,255,0.078431372,0.192156862,0.408163265,0.316279069,0.397637795,0.590697674,0.988335469,0.274418605,6.140746067638551,0.341772151,-0.3843261944130063,53.480296484680444,6.994594089241301,0.4187751747961119,115.04676433571015,"Blake Cyr","sa3029750",
2026,"Diego Melendez","JKST",21,202,0.103960396,0.05940594,1.75,0.339285714,0.404145077,0.517857142,0.922002219,0.178571428,4.061166680788138,0.33548387,0.4916253900155425,39.731588843000495,5.195523860586247,0.4250028726350458,115.04376327538128,"Diego Melendez","sa3070768",
2026,"Landon Godsey","BEL",23,246,0.093495934,0.227642276,0.410714285,0.297169811,0.375510204,0.523584905,0.899095109,0.226415094,4.580452215994782,0.357615894,0.2761053219437599,43.74126678568483,5.702831654373416,0.39575247959214815,114.9922877602268,"Landon Godsey","sa3032336",
2026,"Parker Gwyn","CARK",,253,0.086956521,0.166007905,0.523809523,0.311926605,0.385542168,0.486238532,0.8717807,0.174311927,7.179719930991427,0.358381502,-2.5018091693054885,44.66943274295921,5.798900543218795,0.3985256377951687,114.91850050681201,"Parker Gwyn","sa3070243",
2026,"Nate McHugh","CREI",21,269,0.08921933,0.126394052,0.705882352,0.294871794,0.382899628,0.465811965,0.848711593,0.170940171,5.205315984619155,0.319587628,-0.5133969932794571,46.4262470207837,6.026032035770697,0.3947616266052076,114.91584150729427,"Nate McHugh","sa3037628",
2026,"Michael Gupton","MEM",22,248,0.084677419,0.294354838,0.287671232,0.284403669,0.366935483,0.568807339,0.935742822,0.28440367,9.100296017886368,0.358778625,1.8743803892284632,47.45335012614958,6.142790853383462,0.41068870838611354,114.86978380714659,"Michael Gupton","sa3032858",
2026,"Jackson Smith","AMCC",,206,0.13592233,0.140776699,0.965517241,0.296511627,0.402912621,0.436046511,0.838959132,0.139534884,4.19692066275876,0.333333333,0.1294069942086935,36.62847549176773,4.741394941573943,0.39497586129938517,114.86932908175919,"Jackson Smith","sa3060614",
2026,"Max DAlessandro","TOW",,204,0.093137254,0.196078431,0.475,0.280898876,0.369458128,0.516853932,0.88631206,0.235955056,6.978392575653939,0.317829457,0.7568143121898174,37.310917211889254,4.8198547495593855,0.40046899277588416,114.83440178402147,"Max DAlessandro","sa3066182",
2026,"Tyvon Moore","PV",23,194,0.087628865,0.195876288,0.447368421,0.31210191,0.413612565,0.477707006,0.891319571,0.165605096,8.732528610452835,0.388429752,0.2826019497588277,38.074189090629325,4.905889058013668,0.4245964429141339,114.79089689007128,"Tyvon Moore","sa3038317",
2026,"Emil Estrella","INST",,275,0.09090909,0.178181818,0.510204081,0.308641975,0.381818181,0.502057613,0.883875794,0.193415638,7.6750113879336155,0.352941176,-1.1149936132133007,48.80669313165759,6.284052232833847,0.3954176909273321,114.77813254305116,"Emil Estrella","sa3059147",
2026,"Jake Tandy","PAC",21,221,0.063348416,0.140271493,0.451612903,0.323529411,0.372727272,0.490196078,0.86292335,0.166666667,2.656440867877835,0.359281437,-1.2485649781301618,37.31246043428059,4.779066470109182,0.3891518847508864,114.6897261176387,"Jake Tandy","sa3043499",
2026,"Logan Chapman","CAM",,205,0.087804878,0.126829268,0.692307692,0.295857988,0.386934673,0.47928994,0.866224613,0.183431952,8.802264104896043,0.319148936,1.3061349065974355,37.42084271142283,4.7705103350619344,0.40008942685534604,114.61090894901831,"Logan Chapman","sa3069785",
2026,"Kent Schmidt","GT",21,240,0.208333333,0.166666666,1.25,0.305084745,0.4625,0.468926553,0.931426553,0.163841808,4.966487284099802,0.345588235,0.16922323405742645,52.13473348217606,6.613834186369175,0.4331578468283018,114.52922567146734,"Kent Schmidt","sa3041725",
2026,"J.C. Allen","UCSD",22,230,0.1,0.252173913,0.396551724,0.284313725,0.362445414,0.465686274,0.828131688,0.181372549,2.4604247025,0.366906474,0.1524956647772342,36.38266645259427,4.612013771005144,0.38348445465471026,114.51658490377119,"J.C. Allen","sa3058486",
2026,"Brant Baughcum","MER",22,271,0.081180811,0.103321033,0.785714285,0.318181818,0.414448669,0.531818181,0.94626685,0.213636363,5.765430952573957,0.318918918,0.7856028359383345,55.932651716760496,7.082352537206511,0.42273192170001705,114.49807402647554,"Brant Baughcum","sa3026739",
2026,"Thomas Marsala","NWST",22,241,0.087136929,0.174273858,0.5,0.311320754,0.373443983,0.509433962,0.882877945,0.198113208,3.5546497160577415,0.335365853,-0.22881961520761251,42.71063614078484,5.405847730121237,0.39433624858183486,114.49102906203852,"Thomas Marsala","sa3059923",
2026,"Liam Arsich","TOL",19,247,0.093117408,0.178137651,0.522727272,0.331753554,0.409836065,0.483412322,0.893248387,0.151658768,6.984363516995783,0.393939393,0.6272369869984686,47.58973134581945,6.013785879062634,0.41458575012253934,114.4645799669694,"Liam Arsich","sa3069515",
2026,"Noel Rivera","MRST",,259,0.1003861,0.104247104,0.962962962,0.29953917,0.403100775,0.419354838,0.822455613,0.119815668,7.530877794869826,0.320855614,1.015353727620095,44.899554144049524,5.657344858551862,0.4000199002812999,114.41647899432255,"Noel Rivera","sa3060382",
2026,"Owen Walewander","LEH",22,188,0.079787234,0.202127659,0.394736842,0.2625,0.35828877,0.50625,0.86453877,0.24375,2.772101814197284,0.280701754,-1.284201741218567,31.859439866837036,4.011817949112426,0.3917513155044719,114.40632151989595,"Owen Walewander","sa3044650",
2026,"Wills Maginnis","GAST",20,260,0.119230769,0.138461538,0.861111111,0.305555555,0.403846153,0.486111111,0.889957264,0.180555556,7.399056178416958,0.327683615,2.195888279005885,48.723994797655436,6.130892044493057,0.40575201236284697,114.39409587045841,"Wills Maginnis","sa3070652",
2026,"Aidan Cohall","FIU",22,211,0.127962085,0.222748815,0.574468085,0.270114942,0.398104265,0.505747126,0.903851391,0.235632184,3.3077260319634654,0.333333333,0.1415806352160871,40.14284228580714,5.047977410728939,0.41107348695185514,114.3838063736602,"Aidan Cohall","sa3029105",
2026,"Sam Dansky","CIT",21,174,0.155172413,0.183908045,0.84375,0.286821705,0.442424242,0.449612403,0.892036645,0.162790698,5.586031813614685,0.354838709,0.7611448857933283,35.86952215071574,4.504385408123885,0.42247827992294773,114.36112153787366,"Sam Dansky","sa3075424",
2026,"James Smith IV","MEM",23,224,0.080357142,0.191964285,0.418604651,0.293193717,0.385650224,0.523560209,0.909210433,0.230366492,5.212619525589556,0.323741007,-0.0028499336913228035,42.6648194802318,5.352056266120478,0.4097423879554988,114.34376820448497,"James Smith IV","sa3060613",805992
2026,"Andres Matias","APSU",,219,0.118721461,0.0913242,1.3,0.299435028,0.391509433,0.474576271,0.866085704,0.175141243,3.989201831393795,0.301282051,-0.2408577799797058,38.45523178050077,4.80840746531045,0.39751656269127467,114.29082108988106,"Andres Matias","sa3037304",
2026,"Layne Akers","MTSU",20,191,0.078534031,0.209424083,0.375,0.323529411,0.388297872,0.529411764,0.917709636,0.205882353,5.795481897348613,0.390243902,0.5597153338603675,36.30139753371982,4.53306013495235,0.4108748848133899,114.26911354551473,"Layne Akers","sa3069466",
2026,"Colt Brown","UL",19,271,0.10701107,0.147601476,0.725,0.31441048,0.399253731,0.493449781,0.892703512,0.179039301,4.938194174521942,0.345945945,-0.6041117627173662,50.685271493989674,6.290152855116571,0.40535927130215205,114.1685686354013,"Colt Brown","sa3069681",
2026,"Sherman Johnson","NCSU",21,221,0.117647058,0.14479638,0.8125,0.329670329,0.431818181,0.538461538,0.970279719,0.208791209,7.074930232751154,0.354166666,-0.05151320714503527,47.85442536387099,5.937263928982146,0.43245123408057473,114.16427955935107,"Sherman Johnson","sa3073566",
2026,"Walker Mitchell","CCU",21,278,0.097122302,0.176258992,0.551020408,0.313364055,0.431226765,0.405529953,0.836756718,0.092165898,5.416086997098823,0.391812865,0.1336980201303959,51.97213398837918,6.430277967690166,0.4052738046557487,114.1194903535969,"Walker Mitchell","sa3038178",
2026,"Ben Pulliam","LONG",,259,0.1003861,0.243243243,0.412698412,0.298642533,0.389105058,0.502262443,0.891367501,0.20361991,7.112134245443819,0.389610389,-1.1123972989735194,48.64618663489654,6.010919570921197,0.4078314336821263,114.09846820450697,"Ben Pulliam","sa3071052",
2026,"Steven Kraus","BING",,221,0.14479638,0.108597285,1.333333333,0.275280898,0.398190045,0.415730337,0.813920382,0.140449439,3.41607944888824,0.282894736,-0.24537577480077744,39.00090359994412,4.800569736447339,0.39358496692925016,114.03661658862094,"Steven Kraus","sa3059722",
2026,"Kyle Hayes","WKU",23,192,0.130208333,0.197916666,0.657894736,0.266233766,0.389473684,0.538961038,0.928434722,0.272727272,3.5050687459775167,0.284403669,-0.03575100190937519,36.415501964820585,4.480838192237577,0.4104630310284464,114.03126779147281,"Kyle Hayes","sa3033452",
2026,"Bryce Cermenelli","MOST",,213,0.07511737,0.056338028,1.333333333,0.35078534,0.409523809,0.47643979,0.885963599,0.12565445,3.622117978697788,0.36,-0.117357118986547,40.39009782123338,4.9625801985241065,0.41042222011656987,114.00769947071612,"Bryce Cermenelli","sa3028700",
2026,"Malachi Costello","IONA",21,166,0.108433734,0.102409638,1.058823529,0.294964028,0.381818181,0.489208633,0.871026814,0.194244605,2.4505221040419465,0.285714285,-2.227368467487395,28.67196162603627,3.5205842461420165,0.39936017628872034,113.99758030332102,"Malachi Costello","sa3069860",
2026,"Trey Gambill","OU",24,272,0.154411764,0.19117647,0.807692307,0.285046728,0.425925925,0.514018691,0.939944616,0.228971963,6.8060749996506384,0.326797385,1.1795455710962415,56.5111457246128,6.9263965028110475,0.41668375266922847,113.96880414142663,"Trey Gambill","sa3059265",
2026,"Mathew Kosuda","W&M",,220,0.04090909,0.25,0.163636363,0.338308457,0.374429223,0.507462686,0.881891909,0.169154229,6.8717105976632675,0.426573426,-1.6915781497955322,39.9174748407055,4.878093753879177,0.3989189972071887,113.92174633961554,"Mathew Kosuda","sa3059717",
2026,"Jackson Smith","CIN",20,286,0.139860139,0.195804195,0.714285714,0.296803652,0.447183098,0.456621004,0.903804102,0.159817352,8.888360651421188,0.372670807,2.2120302505791187,58.95557268286443,7.196303594357725,0.4222604791883012,113.90341038636438,"Jackson Smith","sa3060615",
2026,"Ryan Skjonsby","WSU",22,247,0.097165991,0.157894736,0.615384615,0.321951219,0.413934426,0.497560975,0.911495401,0.175609756,5.318918364642654,0.358024691,-0.3303473105188459,50.17203372404219,6.089965653272876,0.4121372477441538,113.81506340286951,"Ryan Skjonsby","sa3060589",
2026,"Pete Daniel","VT",21,203,0.177339901,0.21182266,0.837209302,0.327044025,0.467661691,0.433962264,0.901623955,0.106918239,6.044452419963208,0.438596491,-0.6947828400880098,43.807630213284334,5.304536225581008,0.4317012028907662,113.77690901223447,"Pete Daniel","sa3029827",
2026,"Nico Partida","TA&M",19,213,0.136150234,0.187793427,0.725,0.305555555,0.408450704,0.55,0.958450704,0.244444445,5.037606241262116,0.333333333,0.20260948594659567,44.17090485939823,5.341671093796111,0.4162724846405602,113.75682849175399,"Nico Partida","sa3070955",
2026,"TJ Williams","EMU",22,177,0.152542372,0.152542372,1,0.324137931,0.44,0.386206896,0.826206896,0.062068965,7.695984718977918,0.398305084,0.512466118671,33.88892159695338,4.0956327402086155,0.4133809532438006,113.74682989817495,"TJ Williams","sa3060934",
2026,"Justin Hackett","BRY",21,195,0.112820512,0.282051282,0.4,0.274390243,0.363157894,0.5,0.863157894,0.225609757,7.201491111402108,0.3592233,1.9158864989876747,34.301560018029825,4.1247948443562,0.3929661358657636,113.66877735442196,"Justin Hackett","sa3032932",
2026,"Dyrenson Wouters","DAY",,228,0.057017543,0.065789473,0.866666666,0.331632653,0.384955752,0.535714285,0.920670037,0.204081632,6.474127808643809,0.318681318,0.26211295556277037,42.501195860586364,5.100086224756439,0.40706527628729827,113.63618960617843,"Dyrenson Wouters","sa3060969",
2026,"Brock Thompson","OKST",20,269,0.174721189,0.241635687,0.723076923,0.284360189,0.420454545,0.530805687,0.951260232,0.246445498,5.570381429517468,0.357664233,0.3621222712099552,55.30286869145836,6.6201995138069485,0.4217005545894305,113.59867818596534,"Brock Thompson","sa3060741",
2026,"Derek Paris","UMBC",,207,0.096618357,0.072463768,1.333333333,0.323863636,0.394088669,0.426136363,0.820225032,0.102272727,4.950589825064744,0.337423312,0.6080693304538727,36.38541661948779,4.3516197428188645,0.39282429277016023,113.58446443165238,"Derek Paris","sa3039433",
2026,"Tyler Cripe","NAVY",,192,0.109375,0.151041666,0.724137931,0.291925465,0.380208333,0.453416149,0.833624482,0.161490684,6.1239070501605095,0.318181818,-1.3767892168834805,32.265808061681355,3.8256835499626054,0.3902381615092357,113.45171167723349,"Tyler Cripe","sa3069875",
2026,"Luke Boykin","SAM",22,223,0.035874439,0.192825112,0.186046511,0.3125,0.345291479,0.682692307,1.027983786,0.370192307,5.234842508500889,0.304054054,-0.10719858948141336,45.6017901402758,5.4039424759195755,0.4207785519783807,113.44336274180992,"Luke Boykin","sa3069651",
2026,"Steve Polizzi","SPU",,188,0.132978723,0.202127659,0.657894736,0.275,0.377659574,0.4875,0.865159574,0.2125,4.507462768982617,0.313043478,-0.7803393406793475,32.31349362523654,3.828801170898464,0.3984845775239011,113.44160965415429,"Steve Polizzi","sa3074398",
2026,"Tanner Aoki","MVSU",,204,0.156862745,0.098039215,1.6,0.314465408,0.452736318,0.327044025,0.779780343,0.012578617,3.0250547336247413,0.357142857,-4.766982311848551,39.54857617157814,4.670569951714248,0.42234666074686383,113.3911609576302,"Tanner Aoki","sa3062807",
2026,"Evan Rogers","UNO",,229,0.109170305,0.209606986,0.520833333,0.321428571,0.411504424,0.403061224,0.814565648,0.081632653,4.837747841465669,0.413793103,-0.2816225769929588,40.18886488858126,4.741576315793018,0.39245170855944134,113.37641468981911,"Evan Rogers","sa3071152",
2026,"Junhyuk Kwon","NEV",22,209,0.100478468,0.239234449,0.42,0.301136363,0.392344497,0.556818181,0.949162678,0.255681818,2.492100232840204,0.363636363,-0.6749814805807546,42.28071271077257,4.980501266275463,0.41133529632285454,113.35247461984623,"Junhyuk Kwon","sa3059738",
2026,"Wilfred Gonzalez","FGCU",,271,0.114391143,0.095940959,1.192307692,0.323144104,0.412639405,0.406113537,0.818752942,0.082969433,2.33096393375,0.352941176,-0.3590664032381028,47.1895134766304,5.553488867422297,0.3959850737596533,113.33818230618036,"Wilfred Gonzalez","sa3070191",
2026,"Alex LaCoste","COFC",20,202,0.08910891,0.173267326,0.514285714,0.310734463,0.391089108,0.457627118,0.848716226,0.146892655,4.550167725181492,0.352941176,-0.15306733082979918,36.43147530139268,4.258952667124878,0.3977575240158799,113.23785739632535,"Alex LaCoste","sa3066938",
2026,"Ashtin Gilio","GTWN",21,200,0.13,0.255,0.509803921,0.284848484,0.387755102,0.448484848,0.83623995,0.163636364,7.246882696161941,0.38938053,-0.017273602075874805,34.0107004432675,3.9733658819195363,0.3920419736176121,113.22809077418097,"Ashtin Gilio","sa3032221",
2026,"Colin Crowley","WIN",,207,0.144927536,0.140096618,1.034482758,0.271604938,0.408866995,0.444444444,0.853311439,0.172839506,4.6995525482872225,0.3,0.7492038844502531,38.566407847347975,4.491117182317498,0.40626610705417954,113.17998201825017,"Colin Crowley","sa3058956",
2026,"Alex Kean","MORE",22,177,0.152542372,0.242937853,0.627906976,0.295774647,0.412429378,0.471830985,0.884260363,0.176056338,3.699040369561845,0.37755102,-1.1724401963874698,34.044804751175086,3.9590349935466436,0.4058115977351948,113.15916137576241,"Alex Kean","sa3035131",
2026,"David Stokely","MSM",23,144,0.097222222,0.118055555,0.823529411,0.296610169,0.387323943,0.466101694,0.853425637,0.169491525,4.12321466898944,0.306930693,0.12600954854860902,24.684076987542756,2.8660146820923185,0.3980032293729379,113.13597258073807,"David Stokely","sa3043156",
2026,"Diego Gonzalez","USD",,151,0.086092715,0.245033112,0.351351351,0.275590551,0.361111111,0.511811023,0.872922134,0.236220472,8.091212366009842,0.337349397,-0.01263422449119389,25.14813133473583,2.9194322913426936,0.3867080555193954,113.13361742692906,"Diego Gonzalez","sa3070187",
2026,"Luke Gaffney","CLEM",22,248,0.133064516,0.096774193,1.375,0.31840796,0.437246963,0.51243781,0.949684773,0.19402985,1.43547077125,0.323529411,-0.7528914576396346,53.21591939099238,6.177656785325266,0.43045496023618257,113.1332588474069,"Luke Gaffney","sa3031815",
2026,"Cason Campbell","ARST",,210,0.095238095,0.209523809,0.454545454,0.292134831,0.392344497,0.494382022,0.886726519,0.202247191,3.2595213591443852,0.3515625,-0.40209174901247025,38.90509629298668,4.502974838509368,0.4034796833421625,113.08923591955786,"Cason Campbell","sa3028320",
2026,"Juan Cantua-Linnear","SFA",,208,0.153846153,0.201923076,0.761904761,0.285714285,0.417475728,0.38095238,0.798428108,0.095238095,5.375493002002628,0.376,-1.6418295078910887,36.41014996477133,4.213486108264977,0.3919618997759032,113.08671645933129,"Juan Cantua-Linnear","sa3069740",
2026,"Chris Cole","KENN",23,184,0.125,0.217391304,0.575,0.313333333,0.421348314,0.44,0.861348314,0.126666667,7.709927210569374,0.411214953,2.399067009333521,34.60790536821748,4.0038525861587635,0.4088205822398154,113.08275284542046,"Chris Cole","sa3029130",
2026,"Nick Solorzano","UML",,192,0.09375,0.161458333,0.580645161,0.280487804,0.368421052,0.481707317,0.850128369,0.201219513,1.7001418750910648,0.299212598,-1.6941363140940666,33.59638556372757,3.883878315802768,0.39196135652692693,113.0715266920937,"Nick Solorzano","sa3042734",
2026,"Gavin Spiridonoff","CP",19,190,0.047368421,0.184210526,0.257142857,0.287425149,0.352941176,0.479041916,0.831983092,0.191616767,5.14285714,0.338461538,0.1124968018848449,29.636746288970258,3.391424508527067,0.38092594191352314,112.92201534771884,"Gavin Spiridonoff","sa3071350",
2026,"Jarrett Pokrovsky","PENN",22,185,0.081081081,0.2,0.405405405,0.306748466,0.378378378,0.411042944,0.789421322,0.104294478,6.32681030102017,0.38095238,0.05338617041707039,29.462151587805966,3.3704329886057187,0.3808588031175974,112.9176350564697,"Jarrett Pokrovsky","sa3040028",
2026,"Robert Orr","PAC",21,225,0.088888888,0.231111111,0.384615384,0.295918367,0.366515837,0.5,0.866515837,0.204081633,3.91888981274644,0.366906474,-0.46876815892755985,37.391316266879926,4.269082592949753,0.3863236904144287,112.8888728790953,"Robert Orr","sa3060183",
2026,"Bo Moody","PRES",,230,0.1,0.182608695,0.547619047,0.303867403,0.424107142,0.397790055,0.821897197,0.093922652,7.884307367466444,0.382978723,0.9108579288003966,42.72806650359466,4.866632431338574,0.40571020995931967,112.85379846429197,"Bo Moody","sa3070805",
2026,"Tristan Bissetta","MISS",23,288,0.135416666,0.302083333,0.448275862,0.271604938,0.381944444,0.600823045,0.982767489,0.329218107,4.582905357423235,0.320895522,-0.5045428611338139,59.2424427700839,6.7409435940585025,0.4144927650276158,112.839525918027,"Tristan Bissetta","sa3027182",
2026,"Bear Madliak","KSU",23,211,0.151658767,0.146919431,1.032258064,0.30994152,0.414285714,0.549707602,0.963993316,0.239766082,4.942209474162414,0.323529411,-0.0923977941274643,43.056682834041375,4.870648646366849,0.42015044973010107,112.75505233779677,"Bear Madliak","sa3036835",
2026,"Thomas Ealey","NORF",20,225,0.084444444,0.128888888,0.655172413,0.37,0.426008968,0.42,0.846008968,0.05,9.106353444899142,0.427745664,1.5000567473471165,44.738189955432425,5.057509322841179,0.4183729927101477,112.74552059645684,"Thomas Ealey","sa3070003",
2026,"Tracer Lopez","TTU",22,264,0.113636363,0.140151515,0.81081081,0.37037037,0.431372549,0.509259259,0.940631808,0.138888889,6.8989133669124865,0.422459893,-0.6168169192969799,53.84125445856796,6.0634676076386995,0.4200327143949621,112.69097630360577,"Tracer Lopez","sa3036555",
2026,"Trey Bentley","UPST",20,240,0.125,0.166666666,0.75,0.293532338,0.392405063,0.487562189,0.879967252,0.194029851,5.114856098289455,0.333333333,-0.47820138768292964,44.520702591883925,5.013119212138438,0.4054293612387613,112.6890049536883,"Trey Bentley","sa3069599",
2026,"Bryson Webb","CMU",22,224,0.084821428,0.241071428,0.351851851,0.312169312,0.399082568,0.497354497,0.896437065,0.185185185,7.642244912562925,0.403100775,1.5653445948846638,42.483551373478,4.779050221439432,0.41158182795988313,112.67501246646528,"Bryson Webb","sa3044907",
2026,"Eric Becker","UVA",21,220,0.086363636,0.163636363,0.527777777,0.316666666,0.427272727,0.533333333,0.96060606,0.216666667,5.977497040137976,0.357142857,-0.3341617342084646,47.0078207570992,5.280329735942895,0.4295276311310855,112.65431878774048,"Eric Becker","sa3026844",
2026,"Zack Stewart","ARK",22,213,0.154929577,0.262910798,0.589285714,0.264705882,0.399061032,0.570588235,0.969649267,0.305882353,1.50198412125,0.294117647,-0.5617254199460149,43.72221895798819,4.892985192386077,0.4140305519104004,112.60129216539075,"Zack Stewart","sa3043117",
2026,"Gavin Thorburn","SIE",,177,0.107344632,0.062146892,1.727272727,0.326530612,0.417142857,0.374149659,0.791292516,0.047619047,6.1083677751447585,0.345323741,-0.29943195125088096,30.196277745151715,3.378242828035547,0.3971542538915362,112.5969066655195,"Gavin Thorburn","sa3043795",
2026,"Augie Lopez","USC",21,262,0.095419847,0.225190839,0.423728813,0.277533039,0.363984674,0.59030837,0.954293044,0.312775331,4.136922770136523,0.291390728,0.1328776627779007,49.93047916585835,5.585367676562392,0.40723094469742754,112.59522749854985,"Augie Lopez","sa3059845",
2026,"Brooks Craigue","MRMK",,253,0.102766798,0.146245059,0.702702702,0.303317535,0.392,0.44549763,0.83749763,0.142180095,7.029167211558606,0.339080459,1.2966222097165883,43.14794043945931,4.814817083355416,0.39709685587883,112.56046119338392,"Brooks Craigue","sa3029514",
2026,"Steven Milam","LSU",21,271,0.129151291,0.084870848,1.52173913,0.295964125,0.416974169,0.520179372,0.937153541,0.224215247,4.435372612626166,0.289473684,-1.593705641105771,55.57413746578238,6.171685116119595,0.4138198059423383,112.49266953882649,"Steven Milam","sa3038004",
2026,"Luke Lawrence","UK",,265,0.101886792,0.16226415,0.627906976,0.344186046,0.447876447,0.45116279,0.899039237,0.106976744,5.288928138206148,0.415204678,-0.18525249604135752,54.33605175038614,6.027380633557226,0.4137890338897705,112.47680901629586,"Luke Lawrence","sa3036069",
2026,"Jaden Gustafson","WICH",21,262,0.133587786,0.114503816,1.166666666,0.297674418,0.409961685,0.455813953,0.865775638,0.158139535,5.087599493753534,0.314917127,-0.2212802991271019,49.06998783848385,5.427380864835773,0.4063101897294494,112.43596852065434,"Jaden Gustafson","sa3032869",
2026,"Riley Iffrig","SLU",21,245,0.097959183,0.089795918,1.09090909,0.31372549,0.418032786,0.421568627,0.839601413,0.107843137,1.8735034617325503,0.333333333,-0.9877966977655888,45.18612911627006,4.996340253207202,0.40507151015469284,112.43186489541172,"Riley Iffrig","sa3034408",
2026,"Josh Stonehouse","XAV",19,248,0.056451612,0.258064516,0.21875,0.251231527,0.370967741,0.48275862,0.853726361,0.231527093,5.8893021697134795,0.292307692,0.9121193578466773,41.87336843548243,4.627073579410963,0.39074449938151146,112.42290970763958,"Josh Stonehouse","sa3071382",
2026,"Rowan Masse","UML",22,234,0.111111111,0.106837606,1.04,0.29787234,0.416666666,0.34574468,0.762411346,0.04787234,6.209119171963618,0.341463414,1.489302471280098,40.68012850650948,4.468010298101125,0.3907280538165778,112.33843950355731,"Rowan Masse","sa3037260",
2026,"Brody Capps","SELA",22,251,0.079681274,0.131474103,0.606060606,0.285714285,0.36,0.525345622,0.885345622,0.239631337,3.9730472616289982,0.27840909,-0.8089230791665614,43.640038721207524,4.787333778981114,0.3906685314178467,112.32175156427289,"Brody Capps","sa3062825",
2026,"Brooks Leonard","NWST",,240,0.079166666,0.095833333,0.826086956,0.315270935,0.418410041,0.374384236,0.792794277,0.059113301,8.28386713527676,0.355555555,1.686542980838567,41.72330616515877,4.573309407651439,0.3906493214383784,112.3103897895422,"Brooks Leonard","sa3036223",
2026,"Eric Jeon","STAN",21,193,0.134715025,0.139896373,0.962962962,0.322981366,0.424870466,0.54037267,0.965243136,0.217391304,3.725196248553503,0.338582677,-0.490892113186419,41.09944016475899,4.493050314380948,0.42879115855755584,112.27395089421677,"Eric Jeon","sa3034666",
2026,"DJ Massey","UVU",23,153,0.183006535,0.196078431,0.933333333,0.258928571,0.450331125,0.330357142,0.780688267,0.071428571,5.526826883541962,0.345679012,-1.620883913245052,27.85147697340608,3.027241072169544,0.40686624729080706,112.19469990622655,"DJ Massey","sa3059944",
2026,"Stewart Puckett","USA",22,225,0.075555555,0.208888888,0.361702127,0.311557788,0.378378378,0.522613065,0.900991443,0.211055277,7.365201791312295,0.368055555,1.1429470740258694,41.31608213534621,4.45666629126338,0.4017412933680388,112.0909845943172,"Stewart Puckett","sa3040270",
2026,"Jake Hower","COR",,150,0.06,0.173333333,0.346153846,0.293650793,0.393333333,0.365079365,0.758412698,0.071428572,3.8945667193133753,0.35,-2.7654398418962955,23.70690525933952,2.551457746474454,0.37948135495185853,112.06052363072376,"Jake Hower","sa3074313",
2026,"Owen Turner","YALE",20,151,0.105960264,0.264900662,0.4,0.25210084,0.376712328,0.403361344,0.780073672,0.151260504,7.4429606302684785,0.3625,-0.43002694472670555,23.862415933065723,2.565932103448221,0.3794622225304172,112.04861856058942,"Owen Turner","sa3066246",
2026,"Grayson Ashe","JVST",,271,0.092250922,0.136531365,0.675675675,0.316742081,0.4082397,0.479638009,0.887877709,0.162895928,4.57104216110709,0.338797814,-0.3798011252656579,50.50510272106934,5.430655417058951,0.40702913428067267,112.0481908084889,"Grayson Ashe","sa3058524",
2026,"Chandler Tuupo","CHSO",22,168,0.083333333,0.142857142,0.583333333,0.306569343,0.410714285,0.437956204,0.848670489,0.131386861,4.4119210093099,0.336283185,-1.0635959596838802,30.97297252646179,3.3176641606399473,0.40424913203432444,111.99648225488647,"Chandler Tuupo","sa3044190",
2026,"Rominic Quiban","NEV",,235,0.119148936,0.110638297,1.076923076,0.341708542,0.423076923,0.457286432,0.880363355,0.11557789,5.87785285608782,0.377142857,-0.9667980780359358,46.967727026515455,5.027297890358417,0.40896766842939913,111.98675834726824,"Rominic Quiban","sa3071061",
2026,"Hederick Torres","JKST",21,208,0.120192307,0.173076923,0.694444444,0.321212121,0.424242424,0.418181818,0.842424242,0.096969697,4.549167116381693,0.4,0.7105823690071702,39.82446116378575,4.262572469022568,0.4200887216462029,111.98635006596336,"Hederick Torres","sa3043959",
2026,"Joe Tiroly","UVA",21,277,0.108303249,0.140794223,0.769230769,0.319327731,0.407942238,0.575630252,0.98357249,0.256302521,4.10236120601467,0.324324324,-0.3269296772778034,58.81401596909437,6.275311365183926,0.4281526300450955,111.94416842305787,"Joe Tiroly","sa3043858",
2026,"Tony Lira","ARIZ",20,245,0.106122448,0.212244897,0.5,0.342592592,0.420408163,0.509259259,0.929667422,0.166666667,3.987777600409469,0.433962264,-0.2674962058663368,49.629816560445654,5.290582551060548,0.41863825150898526,111.93205671965536,"Tony Lira","sa3070609",
2026,"Scott Penney","URI",21,278,0.147482014,0.197841726,0.745454545,0.301724137,0.409420289,0.443965517,0.853385806,0.14224138,6.102890852935189,0.379310344,-1.2845714879222214,51.0399872312881,5.436879868302489,0.40422770704912103,111.9221697438877,"Scott Penney","sa3039676",
2026,"Andrew Becker","CSUN",,164,0.048780487,0.182926829,0.266666666,0.331081081,0.368098159,0.452702702,0.820800861,0.121621621,5.489329390940598,0.386554621,0.8910390101373196,25.341052221944597,2.687195527246265,0.3792250949912276,111.86197813229367,"Andrew Becker","sa3058592",
2026,"David Ayers","BUT",21,224,0.075892857,0.334821428,0.226666666,0.268041237,0.361607142,0.5,0.861607142,0.231958763,8.83969641860141,0.376146788,1.7786717675626278,37.61760266749706,3.975787958787345,0.38976973561303957,111.8179949363969,"David Ayers","sa3026336",
2026,"Zach Leite","ODU",22,250,0.092,0.136,0.676470588,0.308823529,0.412,0.446078431,0.858078431,0.137254902,2.508716606474831,0.339181286,-0.9057421367615461,45.784900795484845,4.82999430205948,0.4012231471538544,111.79344482897271,"Zach Leite","sa3059792",
2026,"Gavin Greger","BRY",22,226,0.110619469,0.101769911,1.086956521,0.313829787,0.398190045,0.404255319,0.802445364,0.090425532,6.7695477223531695,0.341317365,0.5770740881562233,39.09715492690134,4.123057853823182,0.3898035242007329,111.78889006114463,"Gavin Greger","sa3032681",
2026,"Ryan Grundy","HC",,185,0.124324324,0.286486486,0.433962264,0.232876712,0.375,0.445205479,0.820205479,0.212328767,5.38463651518958,0.311111111,0.3232512939721346,30.633349214311803,3.230104242082796,0.38759990813939466,111.78730564703652,"Ryan Grundy","sa3032800",
2026,"Kyle Langley","JMU",21,240,0.104166666,0.15,0.694444444,0.319796954,0.408695652,0.451776649,0.860472301,0.131979695,7.213775906642153,0.367088607,1.3616571426391602,43.93075620535098,4.614045971662629,0.4011223881140999,111.7355850584597,"Kyle Langley","sa3035939",
2026,"Martavius Thomas","GRAM",21,149,0.140939597,0.174496644,0.807692307,0.266055045,0.44217687,0.339449541,0.781626411,0.073394496,7.6922581769474165,0.34117647,1.2916254019364715,28.45486826676009,2.9802460767614636,0.41962667752285393,111.69888234076153,"Martavius Thomas","sa3043716",
2026,"Blaise Priester","SELA",23,196,0.107142857,0.295918367,0.362068965,0.232704402,0.367875647,0.490566037,0.858441684,0.257861635,6.928993667674647,0.296703296,-0.1571920532733202,33.87079349332193,3.5316294746909516,0.3895166967199256,111.64049699102523,"Blaise Priester","sa3060305",
2026,"Jayden Davis","PSU",22,227,0.127753303,0.127753303,1,0.307291666,0.409691629,0.479166666,0.888858295,0.171875,5.349165036820071,0.339622641,0.08979341387748718,42.88790909431503,4.4667628803067005,0.40547829918924405,111.62579287829296,"Jayden Davis","sa3029911",
2026,"Devon Wilkes","CSUB",18,230,0.052173913,0.108695652,0.48,0.288557213,0.360869565,0.457711442,0.818581007,0.169154229,6.075827696977638,0.302857142,1.3499957537278533,35.45700218099722,3.6863494994080916,0.37880956375080604,111.60300210497189,"Devon Wilkes","sa3071606",
2026,"Charlie Saul","BRY",,205,0.053658536,0.258536585,0.207547169,0.291208791,0.357843137,0.494505494,0.852348631,0.203296703,9.221389661331607,0.370967741,2.304936781525612,35.39332791567414,3.6690363228377616,0.3894275117154215,111.5653845637526,"Charlie Saul","sa3060495",
2026,"Jackson Alford","ELON",,243,0.144032921,0.209876543,0.686274509,0.282828282,0.404958677,0.409090909,0.814049586,0.126262627,8.007635119234813,0.358620689,1.9550114702433348,43.16051158241456,4.4579224728745706,0.39483732280652384,111.51840891124185,"Jackson Alford","sa3058481",
2026,"Jeric Curtis","SHSU",22,256,0.0703125,0.19921875,0.352941176,0.310679611,0.411522633,0.45145631,0.862978943,0.140776699,8.786178726404689,0.39869281,-0.6803992614150047,47.47395230599396,4.894400609216621,0.40607074553093303,111.49472085584935,"Jeric Curtis","sa3029727",
2026,"Joey Calabretti","SBU",,200,0.045,0.335,0.134328358,0.274285714,0.355329949,0.582857142,0.938187091,0.308571428,6.42058541790633,0.361702127,-0.2120707998983562,36.57354906322007,3.765558154597325,0.40349165981796187,111.4775640028834,"Joey Calabretti","sa3028251",
2026,"Gavin Baldwin","NIU",,263,0.091254752,0.171102661,0.533333333,0.266666666,0.380228136,0.566666666,0.946894802,0.3,2.1964285649999997,0.248407643,-0.3828163011930883,49.348239899292096,5.079115778818235,0.40956461248289044,111.4732691909511,"Gavin Baldwin","sa3026471",
2026,"Eli Tidwell","UNO",,240,0.091666666,0.333333333,0.275,0.283653846,0.367088607,0.495192307,0.862280914,0.211538461,7.199031813233214,0.416666666,-0.5015004291199148,41.410051871374776,4.26005511386745,0.3892236515439512,111.46717492783247,"Eli Tidwell","sa3071457",
2026,"Cole Decker","IU",20,213,0.126760563,0.178403755,0.710526315,0.315789473,0.422330097,0.450292397,0.872622494,0.134502924,5.05013300494998,0.381679389,-0.2719654068350792,40.17751757108303,4.125957467189748,0.40515072282078196,111.44460171848203,"Cole Decker","sa3065284",
2026,"Damian Ruiz","ARK",22,245,0.142857142,0.167346938,0.853658536,0.30927835,0.44214876,0.453608247,0.895757007,0.144329897,6.515082681131612,0.369127516,1.9308161484077573,49.745783391632536,5.083049717583154,0.41166291256581455,111.38096417178464,"Damian Ruiz","sa3041281",
2026,"Greyson Shafer","NICH",23,201,0.074626865,0.218905472,0.34090909,0.289772727,0.348258706,0.551136363,0.899395069,0.261363636,3.867815511139499,0.314960629,-0.333316202275455,34.63810934607505,3.5249870616626637,0.3889910175432613,111.32958315607135,"Greyson Shafer","sa3071267",
2026,"Cameron Greene","UTM",,187,0.069518716,0.278074866,0.25,0.291925465,0.371584699,0.552795031,0.92437973,0.260869566,7.527870421829249,0.376237623,-0.7346688369289041,35.370039611161594,3.584508850277309,0.4025550295746392,111.27717160755566,"Cameron Greene","sa3062842",
2026,"Cameron Kim","CSUF",21,247,0.072874493,0.153846153,0.47368421,0.293333333,0.351020408,0.471111111,0.822131519,0.177777778,4.667225486707159,0.331491712,0.43301701615564525,37.944636431233114,3.8257181166569643,0.3781836288315909,111.21289391821826,"Cameron Kim","sa3035371",
2026,"Ryan Martin","DBU",21,232,0.120689655,0.159482758,0.756756756,0.275132275,0.392241379,0.513227513,0.905468892,0.238095238,5.57580845806231,0.277777777,0.2781092138029635,42.91449431338396,4.326775588179494,0.40558262451969346,111.21283074283777,"Ryan Martin","sa3070694",
2026,"Ian Collier","FAU",23,168,0.089285714,0.196428571,0.454545454,0.296551724,0.369047619,0.551724137,0.920771756,0.255172413,2.7678571400000003,0.324074074,-0.29652014560997486,31.119026132733502,3.134453722150008,0.4040878067413966,111.20064897244808,"Ian Collier","sa3029184",
2026,"Nico Baumbach","LR",,201,0.094527363,0.099502487,0.95,0.335227272,0.402985074,0.477272727,0.880257801,0.142045455,3.8560823944558615,0.354838709,0.3985527902841568,37.976355742085616,3.8111595766431496,0.4023437873641057,111.15509349979402,"Nico Baumbach","sa3026751",
2026,"Brennan Morgan","AKR",24,170,0.170588235,0.164705882,1.035714285,0.277777777,0.443786982,0.349206349,0.792993331,0.071428572,3.454483221279185,0.346534653,-1.0292636649683118,31.807010757810108,3.1919875620665485,0.4090302667674228,111.154936133483,"Brennan Morgan","sa3038360",
2026,"Michael Brown","HOF",,225,0.084444444,0.106666666,0.791666666,0.313829787,0.396396396,0.436170212,0.832566608,0.122340425,7.703998359322145,0.337349397,0.9868156751617789,39.83081706738246,3.9950864104009938,0.39420880873998004,111.1483325082495,"Michael Brown","sa3027864",
2026,"Anthony Temesvary","COLU",20,178,0.078651685,0.17977528,0.4375,0.294871794,0.36158192,0.442307692,0.803889612,0.147435898,5.712064671836599,0.341463414,0.2356659658253193,27.899668491282974,2.795204109349761,0.3779928232990416,111.13429096444443,"Anthony Temesvary","sa3065428",
2026,"Jayden Hamilton","MRMK",,253,0.118577075,0.114624505,1.034482758,0.322580645,0.40079365,0.414746543,0.815540193,0.092165898,3.9384158125817343,0.351063829,-0.6033548233099282,42.593200808238535,4.260077452134633,0.3948177302640582,111.11330640229787,"Jayden Hamilton","sa3059400",
2026,"Ashton Quiller","ARST",,250,0.072,0.156,0.461538461,0.313084112,0.390243902,0.490654205,0.880898107,0.177570093,7.640572094271204,0.350877192,1.990679258480668,45.50079501039723,4.545888516971866,0.4000151067729888,111.09974092530679,"Ashton Quiller","sa3060325",
2026,"Caden Bogenpohl","MOST",21,267,0.194756554,0.17977528,1.083333333,0.274038461,0.426966292,0.413461538,0.84042783,0.139423077,4.657128806161243,0.326923076,-1.3268484720028937,49.332970004195516,4.923828195447273,0.4053654637229577,111.08742028083351,"Caden Bogenpohl","sa3027320",
2026,"Tank Yaghoubi","APP",22,146,0.198630136,0.184931506,1.074074074,0.285714285,0.459854014,0.306122448,0.765976462,0.020408163,2.7907581482991777,0.373333333,-1.5128994416445494,26.55712616480551,2.639460772645096,0.39990343055585875,111.03561208574413,"Tank Yaghoubi","sa3045667",
2026,"Ben Slanker","LOU",21,190,0.189473684,0.189473684,1,0.27027027,0.417989417,0.554054054,0.972043471,0.283783784,3.578771971948771,0.288461538,-1.5587016586214304,40.0113326744704,3.97395406528995,0.42637740178082983,111.02731169319178,"Ben Slanker","sa3042415",
2026,"Bryce Chance","MSST",23,251,0.103585657,0.071713147,1.444444444,0.349282296,0.436734693,0.468899521,0.905634214,0.119617225,5.647237183463833,0.371727748,-0.0693409014493227,50.80070788069043,5.04419297380719,0.4109703205069717,111.02398857096605,"Bryce Chance","sa3028732",
2026,"Joshua Proctor","ORST",19,204,0.112745098,0.19117647,0.589743589,0.283236994,0.37745098,0.502890173,0.880341153,0.219653179,2.6332417525,0.323076923,-0.2829603189602494,36.57961111706639,3.619279915513048,0.4069635619719823,110.98071464567832,"Joshua Proctor","sa3071045",
2026,"Maikol Lucena","BCU",22,251,0.095617529,0.083665338,1.142857142,0.325242718,0.434262948,0.373786407,0.808049355,0.048543689,5.309387273402937,0.356382978,-0.25894738314673305,47.62290803999922,4.7092827400686454,0.41846136196676004,110.97386367885416,"Maikol Lucena","sa3070634",
2026,"Ethan Surowiec","FLA",21,287,0.12891986,0.229965156,0.56060606,0.31707317,0.409090909,0.528455284,0.937546193,0.211382114,4.2277172732459185,0.390532544,-0.8781001698225737,58.06030696632258,5.741104662436167,0.41087183397966665,110.97322667323944,"Ethan Surowiec","sa3065146",
2026,"Jake Haggard","ULM",,245,0.130612244,0.212244897,0.615384615,0.300970873,0.391836734,0.495145631,0.886982365,0.194174758,5.904848821190372,0.357615894,0.544010067358613,44.532914278526,4.39710591496914,0.3997640395651058,110.95556834221306,"Jake Haggard","sa3032962",
2026,"Blake Schaaf","WAKE",21,213,0.136150234,0.178403755,0.763157894,0.323699421,0.430622009,0.514450867,0.945072876,0.190751446,7.692568102694741,0.386363636,0.6744922054931521,44.80683637967297,4.407038254644364,0.42614748318229567,110.90856504036365,"Blake Schaaf","sa3041651",
2026,"Jeremy Martinez","INST",20,177,0.129943502,0.186440677,0.696969696,0.29054054,0.397727272,0.432432432,0.830159704,0.141891892,4.080229443656604,0.3539823,0.14016114175319672,30.35332896895068,2.9842110086168603,0.3893605910918929,110.90357026829248,"Jeremy Martinez","sa3059933",
2026,"John Hale","EMU",,224,0.107142857,0.129464285,0.827586206,0.285714285,0.410714285,0.45054945,0.861263735,0.164835165,6.050289237225188,0.313333333,-1.1404123664833605,41.810112222818084,4.10561107077951,0.40858373045921326,110.88891497125012,"John Hale","sa3059390",
2026,"Colby Ott","MUR",23,202,0.05940594,0.094059405,0.631578947,0.343195266,0.398989898,0.443786982,0.84277688,0.100591716,5.349602125413042,0.363057324,-0.5271003432571888,34.627980944346035,3.393168356846418,0.3892978216060484,110.86341833280085,"Colby Ott","sa3039276",
2026,"Riley DeCandido","LIB",,297,0.144781144,0.175084175,0.826923076,0.271929824,0.425170068,0.412280701,0.837450769,0.140350877,5.399652349534218,0.323699421,0.7804232551716268,54.764368580097255,5.365435556882911,0.40497415649647617,110.86144017394365,"Riley DeCandido","sa3029989",
2026,"Austin Lemon","VILL",22,206,0.165048543,0.106796116,1.545454545,0.284848484,0.417475728,0.351515151,0.768990879,0.066666667,3.8207175979268766,0.319444444,-0.6902574403211474,34.27649944244544,3.3380448442570465,0.3881121008720213,110.78930698901974,"Austin Lemon","sa3059795",
2026,"Nate Kirkpatrick","VCU",22,279,0.064516129,0.136200716,0.47368421,0.306722689,0.389891696,0.491596638,0.881488334,0.184873949,4.152559075098418,0.328205128,-0.9914484200999141,50.703548856871315,4.936401539342593,0.4023466164024298,110.7859061109801,"Nate Kirkpatrick","sa3059691",
2026,"Trevian Martinez","UCSD",20,198,0.111111111,0.181818181,0.611111111,0.25,0.402061855,0.34868421,0.750746065,0.09868421,3.5220944275,0.316239316,0.16499530943110585,30.294280797201104,2.943892836528727,0.37746276744862195,110.76362368519892,"Trevian Martinez","sa3062643",
2026,"Ryan Kucherak","NU",21,224,0.120535714,0.263392857,0.457627118,0.294736842,0.390134529,0.521052631,0.91118716,0.226315789,5.31596783133914,0.373983739,0.8859605640172958,41.99065406992595,4.077276308085129,0.40390252238431856,110.75418901923543,"Ryan Kucherak","sa3035761",
2026,"Finnegan Stewart","UTU",21,250,0.088,0.188,0.468085106,0.318181818,0.385542168,0.513636363,0.899178531,0.195454545,4.12172523853431,0.372781065,-1.1351040410809219,44.92371721277522,4.3612402499704315,0.4044229112954504,110.75190810948163,"Finnegan Stewart","sa3060674",
2026,"Patrick Fultz","WRST",22,230,0.130434782,0.24347826,0.535714285,0.272251308,0.376106194,0.502617801,0.878723995,0.230366493,4.9064842377421405,0.3359375,-2.608430264866911,39.974894178224325,3.870616507840872,0.3911447211176948,110.72065903984547,"Patrick Fultz","sa3031775",
2026,"Logan Pruski","UNCO",22,253,0.134387351,0.13833992,0.971428571,0.293838862,0.398406374,0.388625592,0.787031966,0.09478673,4.199865912485338,0.337142857,-0.9100641300901771,41.06449728099013,3.9722032883515417,0.38623089191923105,110.70897175876983,"Logan Pruski","sa3071049",
2026,"Will Geary","LIN",19,266,0.105263157,0.12406015,0.848484848,0.315555555,0.409090909,0.453333333,0.862424242,0.137777778,8.639859172380348,0.356020942,0.9466265998780727,50.05352500251125,4.839882315905793,0.4015640406446023,110.70447331451048,"Will Geary","sa3070155",
2026,"Owen Washburn","WICH",22,253,0.083003952,0.134387351,0.617647058,0.321428571,0.376984126,0.526785714,0.90376984,0.205357143,4.233526940503003,0.338709677,-0.624029953032732,46.63874161205756,4.495308160405032,0.4031271906126113,110.66668705472729,"Owen Washburn","sa3044821",
2026,"Chris Klug","NAVY",,163,0.067484662,0.165644171,0.407407407,0.294117647,0.379746835,0.426470588,0.806217423,0.132352941,8.18591799770034,0.342592592,0.8749984512105584,26.71834279695866,2.5738620916974284,0.38581341052357154,110.6602503616347,"Chris Klug","sa3066548",
2026,"Matt Toomey","LBSU",19,165,0.078787878,0.212121212,0.371428571,0.272727272,0.390243902,0.386363636,0.776607538,0.113636364,8.084605868336656,0.356435643,0.8130175906699151,25.215938654828022,2.423948687601043,0.37725653335815523,110.63509018337795,"Matt Toomey","sa3060769",
2026,"Eli Hudgins","RAD",20,204,0.06372549,0.142156862,0.448275862,0.314606741,0.394088669,0.460674157,0.854762826,0.146067416,5.55975733004685,0.364864864,-0.262814468878787,37.13604131469892,3.554595441915261,0.40184361564702004,110.58499820222485,"Eli Hudgins","sa3059541",
2026,"Christopher Carson","STBK",21,225,0.106666666,0.142222222,0.75,0.282722513,0.377777777,0.47643979,0.854217567,0.193717277,8.238373962434716,0.307692307,0.47250108420848846,39.60289121661553,3.7671605596340623,0.39312861680984496,110.51230291826113,"Christopher Carson","sa3028513",
2026,"Paul Vazquez","ORST",21,232,0.081896551,0.25,0.327586206,0.295918367,0.386956521,0.479591836,0.866548357,0.183673469,3.388527921097646,0.375939849,-0.16156040458008647,41.41319322515053,3.9288949959330006,0.40590476030888767,110.48144204783479,"Paul Vazquez","sa3060831",
2026,"Mason Dean","FOR",19,226,0.123893805,0.17699115,0.7,0.291891891,0.40625,0.443243243,0.849493243,0.151351352,5.977580165205054,0.345070422,-1.2996133035048842,40.95312295221232,3.88009322546862,0.4018171437616859,110.4660807440553,"Mason Dean","sa3069920",
2026,"Kai Wagner","PITT",22,267,0.194756554,0.15730337,1.238095238,0.29326923,0.438202247,0.495192307,0.933394554,0.201923077,5.6164732971851175,0.320754716,0.3692232370376587,55.9389146251661,5.29691415858094,0.425278052408597,110.45952788155746,"Kai Wagner","sa3044626",
2026,"Bryce Hubbard","ORST",22,213,0.131455399,0.192488262,0.682926829,0.26744186,0.396226415,0.459302325,0.85552874,0.191860465,3.7571909773939733,0.298387096,0.03843959840014577,38.01247846937155,3.5980150089261493,0.40584857930552287,110.45495017832127,"Bryce Hubbard","sa3034205",
2026,"Troy Carpenter","ME",,249,0.112449799,0.261044176,0.43076923,0.244131455,0.34939759,0.511737089,0.861134679,0.267605634,4.568584137149988,0.270676691,-0.9603850468993187,42.55987070331725,4.026462866164764,0.38754983958470296,110.44927789200779,"Troy Carpenter","sa3069749",
2026,"Cannon Peery","GCU",21,229,0.104803493,0.205240174,0.510638297,0.287234042,0.401746724,0.505319148,0.907065872,0.218085106,5.56686739195203,0.333333333,-0.35839136806316674,45.13610823512138,4.266498566270476,0.4062849585145842,110.43929364836147,"Cannon Peery","sa3039633",
2026,"Dakota Joggerst","SEMO",,200,0.125,0.1,1.25,0.323170731,0.429292929,0.396341463,0.825634392,0.073170732,4.536920666137059,0.363013698,0.1670766593888402,37.54218874734252,3.5469686822256365,0.40109554625520805,110.43372766945329,"Dakota Joggerst","sa3070444",
2026,"Sean Stephenson","IONA",22,158,0.082278481,0.14556962,0.565217391,0.311594202,0.388535031,0.434782608,0.823317639,0.123188406,3.3186823387909117,0.3539823,-2.063626759685576,26.428643894769344,2.489381087400112,0.3936923548674128,110.39873745249082,"Sean Stephenson","sa3060667",
2026,"Kyle Pollack","MRST",,190,0.136842105,0.263157894,0.52,0.29113924,0.39893617,0.405063291,0.803999461,0.113924051,3.2160493062867976,0.411214953,-1.467572613619268,31.77121268617402,2.983491588704692,0.39363727575921,110.36376439317026,"Kyle Pollack","sa3040049",
2026,"Dylan Fitzsimmons","SJU",,223,0.121076233,0.224215246,0.54,0.275132275,0.372197309,0.47089947,0.843096779,0.195767195,7.125615624022696,0.338235294,0.7786717526614666,36.95807686689889,3.466448830995915,0.3874045129314132,110.35019506152368,"Dylan Fitzsimmons","sa3070090",
2026,"Ryan Black","UGA",22,232,0.133620689,0.215517241,0.62,0.3,0.418103448,0.505263157,0.923366605,0.205263157,5.584150997434883,0.360902255,-0.16218856628984213,46.659235343363385,4.366361007120707,0.40961243109456424,110.32410559851445,"Ryan Black","sa3027205",
2026,"Chris Barr","ARMY",22,229,0.11790393,0.170305676,0.692307692,0.27027027,0.379464285,0.427027027,0.806491312,0.156756757,9.84246184825934,0.319727891,3.422580586746335,37.37664938316288,3.4558758769983284,0.38506497389503885,110.18808098928015,"Chris Barr","sa3026619",
2026,"Adrian Rodriguez","TEX",20,249,0.13253012,0.136546184,0.970588235,0.326923076,0.417004048,0.514423076,0.931427124,0.1875,7.505267406904784,0.364161849,0.21090559009462595,49.99398372891589,4.6020625663106065,0.4092523366333502,110.13850581433833,"Adrian Rodriguez","sa3060398",
2026,"Julio Solier","BC",20,278,0.107913669,0.161870503,0.666666666,0.354430379,0.434306569,0.497890295,0.932196864,0.143459916,9.202978625981286,0.424083769,2.6556752622127533,58.07363091394144,5.345255896298468,0.4246542331946157,110.13734235980141,"Julio Solier","sa3066939",
2026,"Patrick DeSarno","ALB",,200,0.15,0.115,1.304347826,0.295180722,0.40201005,0.379518072,0.781528122,0.08433735,4.449827991899588,0.328671328,-0.8078917935490608,34.0749726345327,3.124444251277689,0.38695376033159956,110.09496255633584,"Patrick DeSarno","sa3074251",
2026,"Sal Mineo","DEL",20,256,0.1015625,0.12109375,0.838709677,0.304147465,0.41015625,0.447004608,0.857160858,0.142857143,6.20861245255811,0.329608938,-1.2058907062746584,46.87138088864508,4.291829191867734,0.4036202433053404,110.07955467082233,"Sal Mineo","sa3066079",
2026,"Carson Clark","MSM",,158,0.132911392,0.101265822,1.3125,0.283464566,0.416666666,0.346456692,0.763123358,0.062992126,7.506732014799043,0.318181818,1.7451711762696505,26.352199225712006,2.4129364183427713,0.39318944552005863,110.07940987054955,"Carson Clark","sa3028970",
2026,"Cory Wouters","WIN",,237,0.088607594,0.118143459,0.75,0.33014354,0.392405063,0.47368421,0.866089273,0.14354067,4.1692815883496745,0.359116022,0.13537991745397449,42.94422441285702,3.9304858253583532,0.4009738051438633,110.07461978180635,"Cory Wouters","sa3071654",
2026,"Foster Apple","STET",20,180,0.138888888,0.216666666,0.641025641,0.292517006,0.4,0.421768707,0.821768707,0.129251701,4.877074381439074,0.372727272,-0.21864748699590564,30.435145442324025,2.7802213476470525,0.39070413973596363,110.05325973099376,"Foster Apple","sa3064989",
2026,"Ryan Bakes","ILST",21,241,0.124481327,0.248962655,0.5,0.244791666,0.375,0.5,0.875,0.255208334,5.049313128110818,0.28,0.5017219297587872,41.01071446503574,3.7454182591574803,0.3880272793273131,110.05068694064661,"Ryan Bakes","sa3026457",
2026,"Cooper Combs","ORU",24,266,0.09774436,0.17293233,0.565217391,0.288888888,0.371647509,0.462222222,0.833869731,0.173333334,3.9784419686161483,0.325714285,-0.06981279654428363,42.91081618356566,3.9125940411076963,0.38520141168572436,110.03274976693874,"Cooper Combs","sa3029219",
2026,"Jackson Waller","NEV",22,210,0.095238095,0.138095238,0.689655172,0.337016574,0.401913875,0.508287292,0.910201167,0.171270718,4.206949819457817,0.36423841,-1.3555891492869705,41.22992343183379,3.751242076118995,0.40553899843727004,110.00900229257131,"Jackson Waller","sa3044706",
2026,"Carlos Vasquez","KSU",23,167,0.059880239,0.131736526,0.454545454,0.326388888,0.39520958,0.569444444,0.964654024,0.243055556,7.722888063746653,0.336134453,0.3977907560765743,33.23969170304431,3.016621990524665,0.41505366706562613,109.98118992947646,"Carlos Vasquez","sa3044386",
2026,"Tyson Owens","KU",20,254,0.145669291,0.224409448,0.649122807,0.27184466,0.404761904,0.538834951,0.943596855,0.266990291,6.530009990259088,0.311111111,-0.0036471597850322723,50.55525943149848,4.587237234013508,0.4150499961678944,109.97919208772156,"Tyson Owens","sa3070934",
2026,"Reid Howard","WKU",21,160,0.1,0.08125,1.23076923,0.302325581,0.419354838,0.418604651,0.837959489,0.11627907,8.882201826369712,0.336206896,2.2161742779426277,29.26165662747853,2.649436816992694,0.4034058028651822,109.95571521601798,"Reid Howard","sa3065543",
2026,"Konner Gidley","UAPB",,235,0.110638297,0.123404255,0.896551724,0.326315789,0.422907488,0.410526315,0.833433803,0.084210526,5.719562541992258,0.374233128,0.19425135664641857,44.169107536873106,3.991012136539698,0.41678887947015303,109.93330344998529,"Konner Gidley","sa3070163",
2026,"Lane Walton","ARST",,232,0.099137931,0.25,0.396551724,0.28,0.365217391,0.545,0.910217391,0.265,7.5646125249950575,0.333333333,-0.8579382319003344,41.77848428553133,3.772331059632587,0.3979703812495522,109.92557977970259,"Lane Walton","sa3071556",
2026,"Easton Fritcher","STMN",22,186,0.080645161,0.161290322,0.5,0.266233766,0.372222222,0.448051948,0.82027417,0.181818182,7.195834366789825,0.302521008,-2.627884777262807,29.96468534238041,2.695251814195522,0.3849746257066727,109.88378365619437,"Easton Fritcher","sa3031733",
2026,"Rigoberto Hernandez","UL",23,204,0.088235294,0.156862745,0.5625,0.288343558,0.407960199,0.435582822,0.843543021,0.147239264,6.066167507627245,0.335877862,0.023847350850701332,36.720888530540755,3.3016848319056535,0.3978903166097195,109.87960354076448,"Rigoberto Hernandez","sa3070323",
2026,"Ben Zeigler-Namoa","HAW",23,222,0.094594594,0.121621621,0.777777777,0.293814432,0.369369369,0.43298969,0.802359059,0.139175258,5.465480728673613,0.315151515,-0.2929198774509132,33.6828312779986,3.017244776638663,0.37597949574659534,109.83918822653158,"Ben Zeigler-Namoa","sa3045831",
2026,"Max Knight","MOST",21,155,0.122580645,0.303225806,0.404255319,0.2734375,0.376623376,0.546875,0.923498376,0.2734375,4.609322931921049,0.337837837,-0.16671848623082042,28.305409550159155,2.5248216087509996,0.4031249091222689,109.79349894769348,"Max Knight","sa3035549",
2026,"Tarris Murray","AAMU",21,151,0.139072847,0.198675496,0.7,0.286885245,0.406666666,0.467213114,0.87387978,0.180327869,7.913471885284167,0.351648351,0.1989329531788826,28.341920165056976,2.5253567376087056,0.4165455694993337,109.7819244792424,"Tarris Murray","sa3070845",
2026,"AJ Singer","ORST",,274,0.131386861,0.116788321,1.125,0.29147982,0.394052044,0.470852017,0.864904061,0.179372197,4.046859770320809,0.303191489,-0.319006341509521,48.59541972759578,4.325170956881978,0.4043958583728975,109.76992693057379,"AJ Singer","sa3060584",
2026,"Cameron Hill","GRAM",22,248,0.108870967,0.161290322,0.675,0.3,0.399193548,0.495238095,0.894431643,0.195238095,7.2701807638368745,0.327160493,0.37258993834257126,46.53597679099109,4.135263347234987,0.4164987828943037,109.75281548674964,"Cameron Hill","sa3059496",
2026,"Jacob Dilley","UNCG",21,237,0.080168776,0.168776371,0.475,0.31862745,0.396624472,0.544117647,0.940742119,0.225490197,5.170670673152765,0.348101265,-0.46294042374938726,46.88658198578579,4.165102629496878,0.4139372412162491,109.74943445839205,"Jacob Dilley","sa3030335",
2026,"Easton Moomau","RGV",21,256,0.1640625,0.1484375,1.105263157,0.279620853,0.40234375,0.402843601,0.805187351,0.123222748,3.646776644635535,0.31547619,-0.308405795134604,43.487740825808345,3.861077617800533,0.38630956830456853,109.74363548485778,"Easton Moomau","sa3038274",
2026,"Tre Broussard","HOU",20,196,0.132653061,0.158163265,0.838709677,0.343558282,0.43298969,0.472392638,0.905382328,0.128834356,6.916201700844437,0.401515151,2.222130574285984,38.923364253133045,3.451977045624957,0.41459528809970186,109.73172271338261,"Tre Broussard","sa3058738",
2026,"Julian Swift","SFA",,249,0.052208835,0.07630522,0.684210526,0.324561403,0.370967741,0.478070175,0.849037916,0.153508772,7.135478996548178,0.334951456,-1.0338708809576929,42.29214297556966,3.749021339655813,0.3862811430327354,109.72682330992758,"Julian Swift","sa3060706",
2026,"AJ Putty","ILL",,255,0.11372549,0.184313725,0.617021276,0.313364055,0.396078431,0.506912442,0.902990873,0.193548387,4.944228895140212,0.355421686,0.2639428675174713,47.35674866378067,4.196430229542235,0.40203803169961067,109.72288987148266,"AJ Putty","sa3071056",
2026,"JP Kuczik","FAIR",,226,0.101769911,0.07079646,1.4375,0.29787234,0.38938053,0.436170212,0.825550742,0.138297872,2.3441138525957097,0.298850574,-0.24603097420185804,37.56627906270519,3.3240423888732544,0.39260361969998453,109.70743360177025,"JP Kuczik","sa3035764",
2026,"Brett Rogers","MTSU",,248,0.149193548,0.173387096,0.860465116,0.309178743,0.423387096,0.410628019,0.834015115,0.101449276,6.204059753926945,0.382716049,-0.662349617574364,45.19010930295478,3.9411685967017345,0.4027112203259622,109.55459347372833,"Brett Rogers","sa3060412",
2026,"Tommy Popoff","BING",,203,0.123152709,0.24137931,0.510204081,0.280701754,0.376237623,0.444444444,0.820682067,0.16374269,3.1984781450686812,0.347457627,-0.1681773066520691,34.41451828669543,2.999731977691603,0.38603491181194194,109.5487900130387,"Tommy Popoff","sa3060288",
2026,"Trey Callaway","ALST",20,206,0.111650485,0.281553398,0.396551724,0.275280898,0.373786407,0.584269662,0.958056069,0.308988764,4.559381458779323,0.310679611,-0.24840184533968568,38.5774903216082,3.3575428642946687,0.41614559090253217,109.53307175816774,"Trey Callaway","sa3065509",
2026,"Kyle Eddington","UMBC",,196,0.102040816,0.137755102,0.74074074,0.297297297,0.419354838,0.324324324,0.743679162,0.027027027,6.20656641249985,0.352,1.960562601685524,33.22133208489999,2.8898142693100852,0.3859989777688057,109.52743046648581,"Kyle Eddington","sa3030775",
2026,"Chayton Krauss","DBU",23,268,0.078358208,0.235074626,0.333333333,0.300411522,0.354477611,0.588477366,0.942954977,0.288065844,4.341364124044677,0.329268292,-0.05739194666966796,48.81743427060351,4.241966088039732,0.4026450310180436,109.51636911735012,"Chayton Krauss","sa3035692",
2026,"Sam Harry","SAC",19,285,0.084210526,0.185964912,0.452830188,0.31707317,0.397887323,0.471544715,0.869432038,0.154471545,5.7110061050439,0.382198952,-1.1559012744110078,50.62047239890726,4.379248661309791,0.40225277820103605,109.47044283724081,"Sam Harry","sa3070287",
2026,"Campbell Smithwick","OKST",20,242,0.14876033,0.169421487,0.87804878,0.274725274,0.421940928,0.5,0.921940928,0.225274726,4.848430746907892,0.294117647,-0.020762447267770767,47.93731348955105,4.141008876199228,0.4140871154608103,109.45515589216355,"Campbell Smithwick","sa3042507",
2026,"Cooper Kelly","ORU",22,258,0.135658914,0.182170542,0.744680851,0.2705314,0.399209486,0.371980676,0.771190162,0.101449276,5.215047517187892,0.335443037,-0.15311860060319304,41.39157968489971,3.5662364038690604,0.3842809944755946,109.4281666589858,"Cooper Kelly","sa3035211",
2026,"Daniel Patterson","PEPP",23,235,0.09787234,0.119148936,0.821428571,0.280193236,0.357446808,0.502415458,0.859862266,0.222222222,5.895116442933489,0.280701754,0.8990517572965473,37.847865307121545,3.2535323587944833,0.3808520629050884,109.40481310523957,"Daniel Patterson","sa3070961",
2026,"Sean Benjamin","UNF",,193,0.093264248,0.124352331,0.75,0.317365269,0.39896373,0.413173652,0.812137382,0.095808383,4.516022248628499,0.365517241,-0.029752630507573485,32.44021108259249,2.7879869144110687,0.3896576159976307,109.40228597557528,"Sean Benjamin","sa3069597",
2026,"Colin Cymbalista","UIW",,195,0.071794871,0.194871794,0.368421052,0.28313253,0.364583333,0.493975903,0.858559236,0.210843373,6.702263564743927,0.311475409,0.7811380201019347,33.01042446893949,2.8260521034647894,0.3856653869152069,109.36263331649482,"Colin Cymbalista","sa3065282",
2026,"Caden Kresak","FAMU",22,198,0.166666666,0.111111111,1.5,0.303797468,0.426395939,0.398734177,0.825130116,0.094936709,6.687289265067953,0.335766423,0.3800336276181042,37.01543935952515,3.1632568520101967,0.41584221481671796,109.34432174737323,"Caden Kresak","sa3073570",
2026,"Wesley Helms","UAB",23,254,0.118110236,0.086614173,1.363636363,0.32718894,0.407114624,0.447004608,0.854119232,0.119815668,3.915748991331182,0.336787564,-0.17229001689702272,46.25073383913274,3.9407255517029314,0.4006935376894804,109.31393235598517,"Wesley Helms","sa3059458",
2026,"Jake Armsey","UPST",23,295,0.13898305,0.210169491,0.661290322,0.304526748,0.405498281,0.432098765,0.837597046,0.127572017,3.5888291374342054,0.386740331,-0.2825941028422676,53.074105533650574,4.512700962713418,0.39964134525187645,109.29277273296614,"Jake Armsey","sa3026197",
2026,"Luis Pimentel-Guerrero","SAC",22,275,0.127272727,0.167272727,0.760869565,0.297777777,0.41090909,0.44,0.85090909,0.142222223,3.529000045914779,0.344632768,-0.6234012849163264,48.762033481195424,4.143308822110153,0.40194048166275026,109.28603148962146,"Luis Pimentel-Guerrero","sa3039932",
2026,"Devin Parks","RAD",,184,0.076086956,0.244565217,0.311111111,0.296774193,0.379888268,0.496774193,0.876662461,0.2,7.956730953876082,0.37735849,2.752572491648607,33.09950358916099,2.8103563313561195,0.39961689610721013,109.27842671646013,"Devin Parks","sa3039479",
2026,"Gunnar Myro","UNLV",21,169,0.047337278,0.153846153,0.307692307,0.352941176,0.401197604,0.490196078,0.891393682,0.137254902,4.748751168399704,0.408,-0.4735803607618436,32.958379042053885,2.796964046264356,0.4042636049007941,109.27331839920245,"Gunnar Myro","sa3038654",
2026,"Augusto Mungarrieta","KU",21,259,0.081081081,0.266409266,0.304347826,0.292237442,0.386100386,0.584474885,0.970575271,0.292237443,2.915748332705138,0.343065693,-0.3990350589156151,51.21808619348625,4.345181669279137,0.4137471527666659,109.27013530180344,"Augusto Mungarrieta","sa3070835",
2026,"Pedro Agosto","COPP",,177,0.101694915,0.192090395,0.529411764,0.265734265,0.4,0.482517482,0.882517482,0.216783217,7.914336445173552,0.317307692,-2.2253302060998976,34.107592508790226,2.8921237444851102,0.41293944597244264,109.26503384050491,"Pedro Agosto","sa3074195",
2026,"Noah Furcht","OSU",23,254,0.114173228,0.204724409,0.557692307,0.277511961,0.392857142,0.502392344,0.895249486,0.224880383,5.812846596715437,0.317567567,0.03856787830591202,46.97045764763631,3.9793953641203776,0.40119453909851255,109.25633178793584,"Noah Furcht","sa3031785",
2026,"Ernie Echevarria","PENN",20,135,0.133333333,0.133333333,1,0.27027027,0.388059701,0.36036036,0.748420061,0.09009009,5.039854447508667,0.311827956,0.07938604801893234,20.792546091876442,1.7526433302978834,0.3748924661038527,109.20510651889788,"Ernie Echevarria","sa3065034",
2026,"Trey Higgins","SAM",,223,0.121076233,0.30044843,0.402985074,0.279569892,0.385650224,0.569892473,0.955542697,0.290322581,2.94588744,0.357798165,-0.4315408798865974,43.8921318858782,3.6942842215219693,0.4129016150808121,109.19025379758757,"Trey Higgins","sa3059493",
2026,"Dean Mihos","CCU",21,292,0.099315068,0.167808219,0.591836734,0.311475409,0.401384083,0.454918032,0.856302115,0.143442623,6.290632201845888,0.360824742,-0.5563795901834965,52.22940963707841,4.394078852757582,0.39668217930414273,109.18584397914908,"Dean Mihos","sa3037997",
2026,"Cristian Enriquez","UIW",,168,0.113095238,0.119047619,0.95,0.321678321,0.398809523,0.419580419,0.818389942,0.097902098,3.779019316241984,0.346774193,0.3652207781560719,28.390884705393,2.385886975137871,0.3853476796121824,109.1747247966957,"Cristian Enriquez","sa3070031",
2026,"Marshall Lipsey","FAU",22,240,0.125,0.1875,0.666666666,0.287958115,0.424369747,0.387434554,0.811804301,0.099476439,6.8420164470292315,0.361111111,-0.09203859139233828,43.63451780269991,3.656557216152054,0.40039219976473256,109.14643259061707,"Marshall Lipsey","sa3059822",
2026,"Nico Baez","DART",22,182,0.153846153,0.126373626,1.217391304,0.23880597,0.417142857,0.268656716,0.685799573,0.029850746,5.825438441262125,0.288288288,0.24924633838236332,28.004636122533697,2.336026473590748,0.3747246970449175,109.10071291565629,"Nico Baez","sa3026391",
2026,"Kyle Boylston","FAU",20,170,0.152941176,0.2,0.764705882,0.288888888,0.417647058,0.414814814,0.832461872,0.125925926,7.749455567210537,0.356435643,2.3693398302420974,30.888271080237477,2.5705489980994134,0.4002682370298049,109.07752746016543,"Kyle Boylston","sa3058704",
2026,"Jackson Morse","GMU",,164,0.164634146,0.121951219,1.35,0.304,0.439490445,0.336,0.775490445,0.032,5.544306793314712,0.352380952,0.24167971266433597,29.34313133276187,2.44057878769122,0.39950910761098196,109.07192276124152,"Jackson Morse","sa3070823",
2026,"Camden Kaufman","NMSU",22,186,0.155913978,0.231182795,0.674418604,0.283687943,0.426229508,0.404255319,0.830484827,0.120567376,9.242558930760783,0.386138613,1.9854659838601947,33.71996193280893,2.7832564031191396,0.4017450252517325,108.99661536503316,"Camden Kaufman","sa3059650",
2026,"Blake Guerin","USA",22,241,0.095435684,0.307053941,0.31081081,0.267942583,0.352697095,0.56937799,0.922075085,0.301435407,2.494047615,0.327868852,-0.22388482466340065,43.02667319723773,3.546143337575671,0.3963272076919366,108.98200543452896,"Blake Guerin","sa3032822",
2026,"Colin Richter","MONM",,211,0.132701421,0.260663507,0.509090909,0.242236024,0.392156862,0.422360248,0.81451711,0.180124224,8.831743697320917,0.330097087,-0.8915781378746033,36.62206127150939,3.0161094109623234,0.39051763479616125,108.974926297217,"Colin Richter","sa3066227",
2026,"Nick Costello","UCSD",24,217,0.161290322,0.230414746,0.7,0.212121212,0.375586854,0.406060606,0.78164746,0.193939394,5.051278620038002,0.245454545,-1.1784410956315696,32.65857084593705,2.683650707220348,0.3745575715118731,108.95298701314653,"Nick Costello","sa3029440",
2026,"Ripken Reese","KENT",21,261,0.111111111,0.210727969,0.527272727,0.281818181,0.383141762,0.522727272,0.905869034,0.240909091,7.257366420218242,0.324840764,0.30707433680072427,47.844482266578325,3.9120054778190965,0.40525288782813995,108.90458668339873,"Ripken Reese","sa3040548",
2026,"Trent Turner","WCU",23,254,0.106299212,0.11023622,0.964285714,0.291079812,0.393700787,0.544600938,0.938301725,0.253521126,4.879546357810289,0.284090909,-1.9867687434889376,49.84445474416786,4.058565476246417,0.41229780100462005,108.86422769359628,"Trent Turner","sa3044175",
2026,"Garrett Wiethorn","ULM",,194,0.092783505,0.206185567,0.45,0.315151515,0.403141361,0.442424242,0.845565603,0.127272727,5.827402334328178,0.393442622,0.42799337208271027,34.59321908297051,2.812211644072428,0.3960950958167071,108.84871774275615,"Garrett Wiethorn","sa3071604",
2026,"Kendall Brookins","MVSU",,178,0.146067415,0.191011235,0.764705882,0.315436241,0.426966292,0.382550335,0.809516627,0.067114094,5.0542424656882385,0.408695652,-0.3094993191771209,33.124706168901334,2.691936035882839,0.4150404916720444,108.84551759211097,"Kendall Brookins","sa3062816",
2026,"Sergio Guerra","TAR",24,204,0.073529411,0.171568627,0.428571428,0.304597701,0.379310344,0.522988505,0.902298849,0.218390804,2.7404593403769972,0.325925925,-0.5246967498678714,36.010567293087874,2.9115860914391605,0.4011116459451873,108.79660335676473,"Sergio Guerra","sa3032831",
2026,"Jayce Tharnish","UK",22,267,0.06741573,0.127340823,0.529411764,0.351464435,0.411985018,0.50627615,0.918261168,0.154811715,9.06905849838433,0.388059701,4.664097182452679,52.8966335913143,4.223368730207428,0.4064167304878378,108.67697850608369,"Jayce Tharnish","sa3043652",
2026,"Cade Baker","TOL",21,294,0.037414965,0.108843537,0.34375,0.312252964,0.389078498,0.498023715,0.887102213,0.185770751,6.615570897170357,0.325688073,1.2423730050213635,53.75814684131374,4.27098907926311,0.40479281270056455,108.630499855739,"Cade Baker","sa3069540",
2026,"Bryce Molinaro","PSU",22,226,0.10619469,0.278761061,0.38095238,0.269430051,0.367256637,0.559585492,0.926842129,0.290155441,3.8172180391481687,0.316239316,-1.292497344315052,41.5527672245493,3.3008771612634757,0.40006095751196935,108.62931780835494,"Bryce Molinaro","sa3038219",831926
2026,"Gianno Merlonghi","CCSU",23,204,0.093137254,0.06862745,1.357142857,0.333333333,0.408866995,0.45,0.858866995,0.116666667,7.381404519161604,0.345679012,-0.554035697132349,39.0779506857607,3.100800245544632,0.41193058778499736,108.61880445672676,"Gianno Merlonghi","sa3037901",
2026,"Alex Barrist","LAF",20,185,0.14054054,0.172972972,0.8125,0.286666666,0.405555555,0.34,0.745555555,0.053333334,7.0993516423945096,0.364406779,0.38695946522057056,29.746241482813744,2.34299651058474,0.38246855868233576,108.55006957372815,"Alex Barrist","sa3058561",
2026,"Evan Haeger","MICH",21,207,0.164251207,0.246376811,0.666666666,0.26506024,0.399014778,0.48192771,0.880942488,0.21686747,5.38038829106367,0.342592592,-2.377714730799198,38.02568657666594,2.9896633771076844,0.39988702799886316,108.53311279102411,"Evan Haeger","sa3059385",
2026,"Micah Dean","ULM",21,218,0.073394495,0.206422018,0.355555555,0.29946524,0.391705069,0.465240641,0.85694571,0.165775401,7.907569932877189,0.364963503,2.215555353090167,38.75423883972608,3.041560377459152,0.3955169995808931,108.51675233677247,"Micah Dean","sa3059013",
2026,"Adrian Lopez","USC",21,297,0.104377104,0.144781144,0.720930232,0.304347826,0.381756756,0.533596837,0.915353593,0.229249011,6.366683846807288,0.31372549,0.004100479185581207,54.508363089463856,4.239286324880262,0.3997063755586341,108.43318914475668,"Adrian Lopez","sa3036523",
2026,"Omar Serna Jr.","LSU",19,185,0.075675675,0.21081081,0.358974358,0.3081761,0.394594594,0.540880503,0.935475097,0.232704403,4.778465194941663,0.3539823,-0.08147892542183399,36.557781583838235,2.832860238127478,0.4058791553651964,108.39990169017184,"Omar Serna Jr.","sa3071263",
2026,"Matt Vannoy","DAV",19,265,0.166037735,0.215094339,0.771929824,0.261306532,0.434615384,0.331658291,0.766273675,0.070351759,6.7101779268871296,0.357142857,0.5186453349888325,47.121117326310475,3.6505293723853405,0.39839292741738835,108.39769955781269,"Matt Vannoy","sa3071519",
2026,"Michael Kuska","VAL",,177,0.11299435,0.101694915,1.111111111,0.326666666,0.416184971,0.366666666,0.782851637,0.04,5.387678391395142,0.371212121,-0.10148373246192932,29.653965815221035,2.2848478548872113,0.3853658923523964,108.34826996689716,"Michael Kuska","sa3065344",
2026,"Nick Tomasetto","HALL",21,170,0.129411764,0.235294117,0.55,0.269503546,0.378698224,0.439716312,0.818414536,0.170212766,5.632277758703257,0.356435643,-0.5726723819971085,27.63876715468107,2.1070327775353035,0.38402443947876697,108.25260339313797,"Nick Tomasetto","sa3060764",
2026,"Sean Smith","WVU",23,274,0.105839416,0.218978102,0.483333333,0.314893617,0.408759124,0.514893617,0.923652741,0.2,6.673001991107321,0.385542168,-0.097781240940094,53.677743418050554,4.090191913677001,0.4118698295885629,108.24842483564903,"Sean Smith","sa3042634",
2026,"Reese Moody","JMU",20,232,0.086206896,0.112068965,0.769230769,0.321052631,0.40625,0.436842105,0.843092105,0.115789474,8.899911775916644,0.355421686,4.47157958894968,41.13519656368108,3.129043337782335,0.39502284835491863,108.23299142953013,"Reese Moody","sa3060072",
2026,"Drey Barrett","USM",20,262,0.122137404,0.167938931,0.727272727,0.297777777,0.389312977,0.475555555,0.864868532,0.177777778,1.74007935875,0.333333333,-0.3316812217235565,46.4493866881104,3.5286446830006186,0.3950024954690278,108.22130400863183,"Drey Barrett","sa3058559",
2026,"Scotty Young","ODU",24,162,0.129629629,0.12345679,1.05,0.288135593,0.430463576,0.364406779,0.794870355,0.076271186,5.015837604099324,0.333333333,-0.34713054820895195,28.72043049585856,2.1816510881189237,0.3950012969654917,108.22061578115638,"Scotty Young","sa3045756",
2026,"Nathan Brewer","MTSU",,234,0.081196581,0.222222222,0.365384615,0.29468599,0.367521367,0.545893719,0.913415086,0.251207729,4.691184812708882,0.337931034,-0.7500352123752236,42.10873352911669,3.188362056281147,0.40035177627180374,108.19201342542803,"Nathan Brewer","sa3027665",
2026,"Boden Fernsler","LAF",,174,0.06321839,0.333333333,0.189655172,0.251655629,0.337209302,0.516556291,0.853765593,0.264900662,6.407325535009027,0.348837209,-1.4398671202361584,27.882219073586807,2.1083562348416893,0.3818822943193968,108.18021050252607,"Boden Fernsler","sa3065531",
2026,"Will Gallagher","RID",,258,0.178294573,0.131782945,1.352941176,0.27363184,0.420233463,0.328358208,0.748591671,0.054726368,5.673881437443338,0.31547619,-1.7949640480801463,42.26288850042691,3.172193536494868,0.3900956284211303,108.11495814904741,"Will Gallagher","sa3031859",
2026,"Jaedan Carter","LONG",21,277,0.10469314,0.140794223,0.743589743,0.29787234,0.386861313,0.472340425,0.859201738,0.174468085,5.769978867391472,0.328125,-0.496714219043497,49.29837048457322,3.7000346671169733,0.3976331203088273,108.11440724926742,"Jaedan Carter","sa3058829",
2026,"Kobe Benson","EKU",,196,0.209183673,0.163265306,1.28125,0.237410071,0.436842105,0.280575539,0.717417644,0.043165468,4.858047457771365,0.29906542,0.2996685083489865,32.53926194874335,2.4261223789839823,0.38749439841822575,108.05669024766975,"Kobe Benson","sa3058623",
2026,"Gabe Natividad","WIN",21,254,0.059055118,0.118110236,0.5,0.28,0.418326693,0.37,0.788326693,0.09,6.851275724175558,0.317647058,0.11061525502009317,45.17442344538378,3.3622310351531457,0.39750847541003587,108.04126940334866,"Gabe Natividad","sa3060123",
2026,"Logan Johnstone","VAN",23,241,0.170124481,0.199170124,0.854166666,0.297435897,0.416666666,0.497435897,0.914102563,0.2,4.978851624303523,0.342857142,-1.2336758133023977,47.46495151025212,3.5314053247586497,0.40517712458968164,108.03806118870662,"Logan Johnstone","sa3034783",
2026,"Aaron Stelogeannis","LIP",,198,0.111111111,0.166666666,0.666666666,0.305389221,0.394871794,0.419161676,0.81403347,0.113772455,6.290151253347684,0.360902255,0.9593885105568916,32.86107254682185,2.4406560426771837,0.3874403745700151,108.02308555619102,"Aaron Stelogeannis","sa3060664",
2026,"Jacob Jarrell","CLEM",23,240,0.145833333,0.2125,0.686274509,0.269035532,0.395833333,0.578680203,0.974513536,0.309644671,1.6607142775000001,0.271317829,-0.6057747360318899,49.12581768217893,3.6049183863720433,0.4203595573703448,107.91926003690378,"Jacob Jarrell","sa3034595",
2026,"Brady Englett","TAR",21,212,0.136792452,0.25,0.547169811,0.286549707,0.414285714,0.415204678,0.829490392,0.128654971,7.082594305745658,0.391304347,0.5012261490337551,37.117339705691485,2.7203592412330257,0.39960802708353316,107.90871525494484,"Brady Englett","sa3070028",
2026,"Anthony Tirado","MASS",,208,0.096153846,0.173076923,0.555555555,0.335164835,0.402912621,0.456043956,0.858956577,0.120879121,8.672027396251933,0.408163265,0.8606269909068942,37.76667933064513,2.755356832323602,0.40351609292539575,107.86990217937552,"Anthony Tirado","sa3065150",
2026,"Nate Johnson","TULN",20,193,0.14507772,0.212435233,0.682926829,0.277419354,0.40625,0.432258064,0.838508064,0.15483871,6.3991972861199,0.348214285,-0.20284993667155504,34.6770553041177,2.5281119991021357,0.3980846060439944,107.8637483512801,"Nate Johnson","sa3059614",
2026,"Gehrig Frei","MSST",23,259,0.073359073,0.181467181,0.404255319,0.324786324,0.387596899,0.547008547,0.934605446,0.222222223,5.9850980862907734,0.365714285,-0.8867103140801191,50.92645769928141,3.711567815286353,0.4048336182915887,107.86101127082053,"Gehrig Frei","sa3031698",
2026,"Cole Huett","BELL",20,198,0.111111111,0.252525252,0.44,0.280487804,0.395939086,0.408536585,0.804475671,0.128048781,6.083124857650521,0.378378378,0.35173879796639085,32.79815782565989,2.377741321515222,0.3871078890592314,107.81626813423566,"Cole Huett","sa3070385",
2026,"Bradyn Horn","MILW",,215,0.102325581,0.186046511,0.55,0.313513513,0.383886255,0.459459459,0.843345714,0.145945946,3.5100423601653334,0.37062937,-0.38127682358026505,36.38741310104803,2.6377622352548022,0.3867948123064086,107.81567265908608,"Bradyn Horn","sa3059520",
2026,"Nolan Belcher","KENT",,183,0.092896174,0.245901639,0.377777777,0.287581699,0.387978142,0.503267973,0.891246115,0.215686274,4.405785947628615,0.349514563,-0.733250969555229,33.18120353762544,2.3779726857367876,0.40326427077986504,107.71988073968866,"Nolan Belcher","sa3069587",
2026,"Eric Guevara","AUB",21,284,0.080985915,0.179577464,0.450980392,0.322314049,0.399293286,0.533057851,0.932351137,0.210743802,4.178716578459863,0.353260869,-0.46026761084795,55.76483309475877,3.9925214072892925,0.4045439147696478,107.71169236442577,"Eric Guevara","sa3032834",
2026,"Jaxson Wall","LMU",23,206,0.067961165,0.184466019,0.368421052,0.283333333,0.367647058,0.461111111,0.828758169,0.177777778,7.936467314673063,0.330882352,0.5548570235259831,32.655832838930436,2.3305877863543705,0.3781516201355878,107.68530569930677,"Jaxson Wall","sa3044693",
2026,"Connor Price","GTWN",24,187,0.117647058,0.283422459,0.415094339,0.245033112,0.370967741,0.456953642,0.827921383,0.21192053,4.473227819712498,0.311827956,0.18510317523032427,30.23272012581229,2.1478123109519447,0.3830494806971601,107.6475676014699,"Connor Price","sa3040196",
2026,"Roger Vergara","JAX",,251,0.071713147,0.087649402,0.818181818,0.327272727,0.386454183,0.445454545,0.831908728,0.118181818,5.534026845456463,0.333333333,0.6888096404727548,41.45200315130793,2.888747885952814,0.38658487226858557,107.49093370379457,"Roger Vergara","sa3065764",
2026,"Tervell Johnson","AAMU",23,193,0.160621761,0.207253886,0.775,0.267973856,0.39896373,0.490196078,0.889159808,0.222222222,5.133490987213996,0.302752293,-1.3189778220839798,35.468110695255334,2.4707812813644874,0.4128582804931878,107.48782196999362,"Tervell Johnson","sa3034813",
2026,"Paul Schoenfeld","WVU",23,306,0.130718954,0.133986928,0.975609756,0.326771653,0.42192691,0.48031496,0.90224187,0.153543307,7.867723744709558,0.372641509,1.0759840458631516,59.48920900120686,4.110410605811582,0.41035198135629447,107.4223542671763,"Paul Schoenfeld","sa3071236",
2026,"Adam Haber","GAST",23,170,0.094117647,0.123529411,0.761904761,0.314685314,0.388888888,0.468531468,0.857420356,0.153846154,5.767462879581963,0.3553719,0.609283309429884,29.906646482132984,2.0573100666037334,0.39355010677267005,107.38728577193872,"Adam Haber","sa3032918",
2026,"Kevin Jones","UNCW",22,246,0.121951219,0.178861788,0.681818181,0.285024154,0.390946502,0.415458937,0.806405439,0.130434783,3.969934819530498,0.341772151,-1.6288577746599913,42.07044904054995,2.890050188916885,0.3878025714262032,107.37626536131198,"Kevin Jones","sa3034888",
2026,"John Smith","UCF",22,227,0.074889867,0.136563876,0.548387096,0.321782178,0.383259911,0.574257425,0.957517336,0.252475247,4.187238200475036,0.327160493,-1.211433481425047,44.10207251662234,3.020414883436957,0.41022311905932324,107.35222251839491,"John Smith","sa3060617",
2026,"Jase Woita","MIZ",,231,0.112554112,0.147186147,0.764705882,0.287179487,0.393939393,0.533333333,0.927272726,0.246153846,3.7325992834670583,0.288590604,-0.9664936503395438,45.19851753225181,3.087940068148114,0.40380905691163366,107.33293213749056,"Jase Woita","sa3060953",
2026,"Will Edmunson","ORU",,243,0.086419753,0.094650205,0.913043478,0.293838862,0.378600823,0.421800947,0.80040177,0.127962085,3.8792443433295336,0.308108108,-0.5135460626333952,38.22631859126947,2.6001231754150163,0.3810385566189456,107.29834646968197,"Will Edmunson","sa3030796",
2026,"Jett Buck","NEB",23,264,0.079545454,0.238636363,0.333333333,0.304932735,0.382575757,0.524663677,0.907239434,0.219730942,5.304424254190229,0.363057324,0.04287630319595337,47.93651884923698,3.252895058496014,0.397621225001234,107.27983718090934,"Jett Buck","sa3069694",
2026,"Julius Ramirez","RGV",20,230,0.086956521,0.226086956,0.384615384,0.297029702,0.360869565,0.495049504,0.855919069,0.198019802,3.8043895508034398,0.340277777,0.34134492417797446,38.188854014695686,2.5867737887511635,0.38212014488551926,107.26579394331594,"Julius Ramirez","sa3040427",
2026,"Kai Holm","LIP",,240,0.141666666,0.158333333,0.894736842,0.292307692,0.406779661,0.379487179,0.78626684,0.087179487,5.464938823394403,0.350318471,-0.5267360573634505,39.54616810602604,2.6729359797900765,0.38619591270462944,107.2489874786112,"Kai Holm","sa3034000",
2026,"Nick Wang","BC",24,277,0.140794223,0.16967509,0.829787234,0.294117647,0.404332129,0.570135746,0.974467875,0.276018099,6.105884694887375,0.293413173,1.1446833424270153,56.34056081954226,3.8018562156318216,0.41903719488894464,107.23629606838242,"Nick Wang","sa3044770",
2026,"David Bell","WES",22,161,0.068322981,0.347826086,0.196428571,0.26618705,0.352201257,0.517985611,0.870186868,0.251798561,6.202727229293141,0.381578947,0.8630365415010601,26.49921298772109,1.7634197697044671,0.3860030504142713,107.12902050143293,"David Bell","sa3026900",
2026,"Ethan Gibson","VT",21,192,0.114583333,0.213541666,0.536585365,0.329192546,0.401069518,0.565217391,0.966286909,0.236024845,4.5219807898635205,0.387931034,0.1413419945165515,38.98985577156818,2.573136334922672,0.41870709855288746,107.06581036053832,"Ethan Gibson","sa3032183",
2026,"Dylan LaPointe","MER",22,235,0.080851063,0.229787234,0.351851851,0.269430051,0.388888888,0.538860103,0.927748991,0.269430052,4.265491307652521,0.299212598,-1.0483119282871485,45.337931211469986,2.9769706683143173,0.40889634077365583,107.02762786807325,"Dylan LaPointe","sa3035973",
2026,"Brendan Brock","OU",21,286,0.122377622,0.255244755,0.479452054,0.302040816,0.398601398,0.522448979,0.921050377,0.220408163,8.316698549808581,0.38125,2.9128265902400017,55.76858887110226,3.631683439354822,0.4030965022690646,106.9656674274791,"Brendan Brock","sa3069672",
2026,"Jace Jeremiah","SAC",23,238,0.109243697,0.159663865,0.684210526,0.326732673,0.404255319,0.445544554,0.849799873,0.118811881,2.96277915962137,0.37804878,-0.9584814279805869,41.29504513436931,2.6795670657791475,0.39796600696888373,106.93910110608913,"Jace Jeremiah","sa3034667",
2026,"Tripp Garrish","AFA",22,257,0.124513618,0.210116731,0.592592592,0.283105022,0.389105058,0.511415525,0.900520583,0.228310503,6.70889232337139,0.326797385,1.3659049079287797,49.04938071437564,3.1826135314294275,0.40021648481198324,106.93882243484725,"Tripp Garrish","sa3032007",
2026,"Austin Francis","NJIT",,229,0.170305676,0.113537117,1.5,0.268571428,0.414096916,0.32,0.734096916,0.051428572,3.6267052230483476,0.305194805,-1.877298004925251,37.89418153879614,2.4558265399691575,0.3816289694298732,106.92985478600924,"Austin Francis","sa3031621",
2026,"Jake McCoy","SJSU",23,229,0.082969432,0.23580786,0.351851851,0.297029702,0.366812227,0.57920792,0.946020147,0.282178218,3.4905360587446927,0.330882352,-1.7492841294733807,43.65394835140776,2.7843386825568617,0.3999978996260197,106.81273617516094,"Jake McCoy","sa3062870",
2026,"Mitchell Collins","UNF",,205,0.146341463,0.121951219,1.2,0.306358381,0.409756097,0.369942196,0.779698293,0.063583815,6.49573962068428,0.351351351,0.9026314148213714,33.64099591001439,2.145110135521173,0.38549141069737874,106.81076300212638,"Mitchell Collins","sa3058908",
2026,"Mason Hamlin","UVU",22,195,0.138461538,0.189743589,0.729729729,0.285714285,0.396907216,0.459627329,0.856534545,0.173913044,7.919993234211648,0.338842975,1.8649133348371834,33.790606883695084,2.151874852707345,0.3977328031947932,106.80139409695606,"Mason Hamlin","sa3059402",
2026,"Jaxon Willits","OU",21,280,0.139285714,0.192857142,0.722222222,0.313304721,0.407142857,0.515021459,0.922164316,0.201716738,5.419737361115155,0.370786516,-0.9758730791509151,54.48300686122178,3.4398826623082046,0.4026570586221559,106.739169508714,"Jaxon Willits","sa3045313",
2026,"Kelton Phillips","AKR",,192,0.104166666,0.151041666,0.689655172,0.339393939,0.417989417,0.406060606,0.824050023,0.066666667,6.59324944341906,0.404411764,-0.8030350520275533,34.495694185204584,2.177550340600098,0.4016158710081111,106.7378570720844,"Kelton Phillips","sa3060264",
2026,"Ryan Frontera","HALL",21,201,0.109452736,0.139303482,0.785714285,0.323529411,0.405,0.370588235,0.775588235,0.047058824,3.9115438580718944,0.372413793,0.2959007201716304,32.211097172783916,2.023575938629213,0.3815279659628868,106.70335243140039,"Ryan Frontera","sa3031740",
2026,"Auggie Gutierrez","UCI",22,171,0.157894736,0.198830409,0.794117647,0.256,0.407407407,0.32,0.727407407,0.064,4.812260211857629,0.333333333,1.149995750747621,25.19816986917026,1.5773802667713914,0.37090720880178757,106.67793199686768,"Auggie Gutierrez","sa3032875",
2026,"Will Furniss","MISS",22,281,0.142348754,0.202846975,0.701754385,0.306034482,0.419928825,0.474137931,0.894066756,0.168103449,1.72373949,0.369047619,-0.8648788211867213,54.63908535429385,3.413664283241298,0.4025112256884999,106.66400433977175,"Will Furniss","sa3031794",
2026,"Burke-Lee Mabeus","ORE",21,205,0.112195121,0.170731707,0.657142857,0.285714285,0.381188118,0.508571428,0.889759546,0.222857143,4.433870195290705,0.318181818,-0.8752636387944221,37.00297118039211,2.3054602822788577,0.3964725133806172,106.6444543790149,"Burke-Lee Mabeus","sa3059879",
2026,"Joey Baran","PITT",23,220,0.172727272,0.168181818,1.027027027,0.26993865,0.437209302,0.460122699,0.897332001,0.190184049,2.429562679666224,0.3,-1.2120470693334937,44.4979014184658,2.7704103973094925,0.41788127089655674,106.63929301645494,"Joey Baran","sa3026533",
2026,"Ty Thomas","CSUF",,168,0.041666666,0.291666666,0.142857142,0.281879194,0.34939759,0.449664429,0.799062019,0.167785235,4.509173894807191,0.391752577,-0.009481781627982855,24.745855430830126,1.5394656460171996,0.3708363994058356,106.63380069150041,"Ty Thomas","sa3071445",
2026,"Chris Daniels","NMSU",20,175,0.131428571,0.302857142,0.433962264,0.284722222,0.390804597,0.486111111,0.876915708,0.201388889,4.869399655855753,0.390804597,-0.6165888970717788,31.031385567010876,1.924270149291988,0.39761408546875265,106.6109957021732,"Chris Daniels","sa3058984",
2026,"Noah Meffert","GONZ",23,245,0.053061224,0.21632653,0.245283018,0.313901345,0.340163934,0.538116591,0.878280525,0.224215246,6.257568741431701,0.353293413,-0.7876267377287149,38.45023695423195,2.383804731507986,0.3764620679812353,106.60948306942888,"Noah Meffert","sa3070765",
2026,"Nate Wachter","SDST",,215,0.08372093,0.209302325,0.4,0.303191489,0.372093023,0.441489361,0.813582384,0.138297872,6.152190593821119,0.37062937,0.16616224637255073,33.59294626922885,2.071826868369969,0.37993401732555654,106.5728213583478,"Nate Wachter","sa3071543",
2026,"Henry Ford","TENN",21,272,0.099264705,0.198529411,0.5,0.293388429,0.360294117,0.603305785,0.963599902,0.309917356,3.5323208120762986,0.298245614,-0.9129959912970662,52.842028895525964,3.257279673724206,0.40232712643987995,106.56911595771876,"Henry Ford","sa3031540",
2026,"Jagger Schattle","CARK",,201,0.134328358,0.179104477,0.75,0.267857142,0.375,0.464285714,0.839285714,0.196428572,1.10515872125,0.288,-0.22210292983800173,32.898644425268124,2.0173125195455053,0.3850440126657486,106.53246604033836,"Jagger Schattle","sa3041674",
2026,"Antonio Ducatelli","CCSU",,204,0.151960784,0.132352941,1.148148148,0.294117647,0.411764705,0.423529411,0.835294116,0.129411764,5.5183967703757055,0.330935251,-1.7467477130703628,38.32513426690096,2.3479838266848976,0.40866391419195663,106.52631961663164,"Antonio Ducatelli","sa3030596",
2026,"Trevor Smith","WSU",20,220,0.118181818,0.154545454,0.764705882,0.302857142,0.407407407,0.462857142,0.870264549,0.16,6.223767720663044,0.351724137,-0.71983894018922,41.779432489432054,2.516052021540358,0.3992964835078628,106.40813906382286,"Trevor Smith","sa3071326",
2026,"Bradke Lohry","USF",23,223,0.147982062,0.152466367,0.970588235,0.298342541,0.413636363,0.403314917,0.81695128,0.104972376,5.598146012277434,0.358108108,-1.30529913213104,39.50717644803926,2.3609880697052157,0.39537199952385643,106.35593629596269,"Bradke Lohry","sa3036464",
2026,"Michael Crossland","UCSD",21,191,0.094240837,0.183246073,0.514285714,0.242236024,0.335106382,0.484472049,0.819578431,0.242236025,3.7004015348985444,0.243697478,-2.062397134490311,28.05964103228903,1.676185979317189,0.3703861242913185,106.35317086390619,"Michael Crossland","sa3029601",
2026,"Jacob Payne","TOL",20,218,0.091743119,0.206422018,0.444444444,0.268571428,0.405529953,0.428571428,0.834101381,0.16,6.954508257534919,0.333333333,0.21179192885756493,39.021608289811425,2.3270491329167413,0.4009508474081892,106.3416734970626,"Jacob Payne","sa3070970",
2026,"Nater Wachter","CONN",21,253,0.130434782,0.264822134,0.492537313,0.272727272,0.37944664,0.430622009,0.810068649,0.157894737,4.853440398801232,0.361702127,-1.4752272106707096,40.40591147988839,2.4086832597832175,0.38094101121774304,106.3391025414552,"Nater Wachter","sa3071542",
2026,"Clayton Slack","USI",23,269,0.096654275,0.100371747,0.962962962,0.322869955,0.417293233,0.403587443,0.820880676,0.080717488,5.56558632501145,0.350253807,-0.3046399187296629,48.61298862092771,2.889417633345506,0.3939760298209083,106.31931752253169,"Clayton Slack","sa3060591",
2026,"JC Osorio-Agard","SJSU",22,192,0.0625,0.192708333,0.324324324,0.316091954,0.369791666,0.557471264,0.92726293,0.24137931,3.66369047125,0.363636363,-0.031525128870271146,36.417949770873896,2.1517268170775123,0.39907336824884015,106.27943972692537,"JC Osorio-Agard","sa3062883",
2026,"Payton Brennan","UCLA",23,264,0.098484848,0.212121212,0.464285714,0.29032258,0.39163498,0.493087557,0.884722537,0.202764977,7.218535924639923,0.341772151,-0.18297424912452698,47.47016906892818,2.7865452781872126,0.39573436816835583,106.23616672460801,"Payton Brennan","sa3027650",
2026,"Michael Maggio","ALB",,193,0.119170984,0.082901554,1.4375,0.317365269,0.4,0.359281437,0.759281437,0.041916168,7.287210870916621,0.350993377,1.8049118965864182,31.713256597504785,1.845996707663702,0.3803685847081636,106.18066978515024,"Michael Maggio","sa3036850",
2026,"Brett Griffiths","BALL",,241,0.062240663,0.13692946,0.454545454,0.306603773,0.372384937,0.528301886,0.900686823,0.221698113,7.590805456186753,0.335227272,-2.5491172899492085,43.06896045110466,2.502956979491727,0.4006628237010046,106.17008520753895,"Brett Griffiths","sa3059360",
2026,"Jake Minarik","UNCA",20,203,0.108374384,0.172413793,0.628571428,0.28488372,0.384236453,0.465116279,0.849352732,0.180232559,5.500517752250502,0.32330827,0.35311127291060984,35.467500173452315,2.0506692314175923,0.39426251086108205,106.13663586165522,"Jake Minarik","sa3060050",
2026,"Jaden Correa","MORE",20,189,0.037037037,0.238095238,0.155555555,0.318181818,0.345945945,0.579545454,0.925491399,0.261363636,6.823441717037477,0.366666666,-0.7218522117473185,34.09677405921168,1.9712910976762348,0.39365920472789456,106.13622245006088,"Jaden Correa","sa3069855",
2026,"Bryce Fowler","ALA",23,288,0.111111111,0.21875,0.507936507,0.319672131,0.413194444,0.487704918,0.900899362,0.168032787,7.5334559165720325,0.404494382,1.2284320257604122,55.72014101447645,3.218641838451054,0.40147627683149445,106.1305712959923,"Bryce Fowler","sa3031593",
2026,"Jayden Novak","LAS",,220,0.15,0.259090909,0.578947368,0.208333333,0.3853211,0.470238095,0.855559195,0.261904762,8.58737211344214,0.245098039,1.1184561951085925,38.29963230164646,2.21084230216145,0.3946323137764537,106.12611922481469,"Jayden Novak","sa3070891",
2026,"Jorian Wilson","TA&M",21,154,0.071428571,0.344155844,0.207547169,0.282608695,0.35064935,0.615942028,0.966591378,0.333333333,8.938790387736377,0.364864864,0.896846616640687,29.787176122079057,1.713457812676588,0.4014236048444525,106.10342311550059,"Jorian Wilson","sa3071635",
2026,"Easton Jones","BYU",22,247,0.113360323,0.218623481,0.518518518,0.300469483,0.388663967,0.55399061,0.942654577,0.253521127,6.118501005691689,0.340136054,0.18384966254234314,47.42743778398926,2.726250843915295,0.4079201018762009,106.09883323136383,"Easton Jones","sa3034867",
2026,"Wyatt Stanley","WCU",21,203,0.137931034,0.21182266,0.65116279,0.275449101,0.399014778,0.508982035,0.907996813,0.233532934,6.731453741102935,0.307017543,0.5245736218057573,38.812696589566215,2.2200370565423806,0.4071170170906142,106.06689178888149,"Wyatt Stanley","sa3060658",
2026,"Kyle Hvidsten","LIB",22,205,0.170731707,0.248780487,0.686274509,0.202702702,0.421568627,0.371621621,0.793190248,0.168918919,5.01798692187471,0.263736263,-0.4744992242194712,36.153412531826355,2.05650589964137,0.39661038155649225,106.03135622191657,"Kyle Hvidsten","sa3059559",
2026,"Carter Jenkins","NICH",,198,0.111111111,0.146464646,0.758620689,0.287425149,0.385786802,0.419161676,0.804948478,0.131736527,4.422790286641144,0.328467153,0.1612414661794901,32.48077294302819,1.8320256180846526,0.3799419372820007,105.9774893853285,"Carter Jenkins","sa3059589",
2026,"Dean West","UCLA",21,301,0.122923588,0.109634551,1.121212121,0.276595744,0.417508417,0.417021276,0.834529693,0.140425532,6.63071011881376,0.292929292,1.2241568565368652,53.991172480771645,3.0450711132980395,0.39526589972402915,105.9770444284519,"Dean West","sa3045030",
2026,"Matt Ineich","WVU",20,313,0.178913738,0.111821086,1.6,0.296296296,0.442307692,0.411522633,0.853830325,0.115226337,5.862999381109583,0.328502415,-1.261043056845665,60.02808476931845,3.3824511165121636,0.40768567224343616,105.97124773507515,"Matt Ineich","sa3059564",
2026,"Owen Smith","UNO",21,218,0.087155963,0.21559633,0.404255319,0.274193548,0.362385321,0.478494623,0.840879944,0.204301075,6.4719224644531765,0.313432835,1.264684819150716,35.74981378454259,2.005233396473439,0.3798825869319636,105.94238652077716,"Owen Smith","sa3071322",
2026,"Tommy Farmer IV","UCI",22,172,0.122093023,0.226744186,0.538461538,0.231884057,0.366279069,0.413043478,0.779322547,0.181159421,8.631560542566845,0.278350515,1.927496402291581,25.16892886324953,1.410005988322006,0.369714580996092,105.93463767589384,"Tommy Farmer IV","sa3031162",
2026,"Alec Warden","VCU",,215,0.111627906,0.223255813,0.5,0.294797687,0.404761904,0.416184971,0.820946875,0.121387284,7.833662262766392,0.388888888,-0.398751855827868,37.35599001807455,2.087399791305102,0.39428873175666446,105.9185801810721,"Alec Warden","sa3071559",
2026,"Gabe Roessler","MOST",23,187,0.07486631,0.133689839,0.56,0.30625,0.375690607,0.5125,0.888190607,0.20625,4.807810666775707,0.323076923,-0.3984542014077306,32.943884119333944,1.8408522158286198,0.3964150669825011,105.91856196379734,"Gabe Roessler","sa3041028",
2026,"Cermodrick Bland","SFA",,240,0.116666666,0.25,0.466666666,0.277777777,0.386554621,0.419191919,0.80574654,0.141414142,9.05404648454002,0.376811594,2.8965006191283464,39.34845992098986,2.19846316348254,0.3798410201273045,105.9178017641099,"Cermodrick Bland","sa3058658",
2026,"Rintaro Sasaki","STAN",21,258,0.174418604,0.193798449,0.9,0.262135922,0.403100775,0.548543689,0.951644464,0.286407767,2.1302342238447203,0.267605633,-1.1947392197325826,51.81765651685042,2.8826897738580164,0.41643214410589646,105.89085875749743,"Rintaro Sasaki","sa3060492",
2026,"Zack Ramppen","SF",22,159,0.050314465,0.132075471,0.38095238,0.321428571,0.382165605,0.421428571,0.803594176,0.1,4.723537239132673,0.366666666,0.11616161954589188,24.752320817989677,1.345942355079026,0.37511277882156857,105.75032296094749,"Zack Ramppen","sa3040437",
2026,"Jacob Gillis","BALL",22,233,0.107296137,0.115879828,0.925925925,0.311557788,0.386266094,0.502512562,0.888778656,0.190954774,1.22240259,0.309523809,-0.3882080800831318,41.45377464487796,2.234360500123545,0.3998688454280084,105.69707770717017,"Jacob Gillis","sa3070169",
2026,"Colton Boardman","CSUN",21,168,0.06547619,0.196428571,0.333333333,0.29787234,0.380368098,0.382978723,0.763346821,0.085106383,5.087391870680637,0.381818181,-0.4989612950012088,24.504719125737463,1.2983293409245364,0.36916915551285073,105.59470625531856,"Colton Boardman","sa3058662",
2026,"Cole Cook","VMI",20,210,0.157142857,0.29047619,0.540983606,0.266666666,0.410628019,0.472727272,0.883355291,0.206060606,7.640210850594002,0.37113402,1.898859804496169,39.92996174158976,2.0754863625995887,0.40603526030185716,105.48280313442544,"Cole Cook","sa3065017",
2026,"Jordan Bach","KU",23,312,0.169871794,0.192307692,0.883333333,0.289156626,0.423076923,0.461847389,0.884924312,0.172690763,6.288500953505848,0.347826086,0.28433213755488396,59.54831652160534,3.0836593341434857,0.4067485317205771,105.46122032390241,"Jordan Bach","sa3026356",
2026,"AJ Aschettino","NE",20,236,0.08898305,0.177966101,0.5,0.285,0.377118644,0.445,0.822118644,0.16,6.978556719841351,0.326923076,-1.5337347593158484,39.63836920355687,2.050669492234086,0.3845407942594108,105.45569297398731,"AJ Aschettino","sa3069516",
2026,"Marcus Heusohn","MCN",23,242,0.11983471,0.157024793,0.763157894,0.297029702,0.38429752,0.430693069,0.814990589,0.133663367,1.576680665,0.335329341,-0.2944688657298684,39.49894949804292,2.0393694342230395,0.37904025281756376,105.4441865892478,"Marcus Heusohn","sa3033741",
2026,"Brady Powell","RAD",22,186,0.096774193,0.112903225,0.857142857,0.305194805,0.404371584,0.402597402,0.806968986,0.097402597,4.870178408360103,0.343283582,0.327268976427149,32.27903576830124,1.6606586489984951,0.39304754675411785,105.42373177561903,"Brady Powell","sa3040145",
2026,"Jacob French","CAL",21,150,0.053333333,0.12,0.444444444,0.34351145,0.413333333,0.511450381,0.924783714,0.167938931,5.582880775392515,0.369369369,0.3846116214990616,29.98373423329721,1.533172173417909,0.41546024481455485,105.38889941854602,"Jacob French","sa3059238",
2026,"Drew Nelson","TROY",22,298,0.120805369,0.181208053,0.666666666,0.305555555,0.39057239,0.46031746,0.85088985,0.154761905,5.660159972204815,0.358585858,0.26938178949058056,51.436030181232674,2.6177816410696373,0.3900237278103427,105.36230143307164,"Drew Nelson","sa3038746",
2026,"Hunter Carlson","GAST",20,239,0.092050209,0.138075313,0.666666666,0.29,0.38559322,0.465,0.85059322,0.175,4.298595706249925,0.312883435,-1.9543596003204584,41.25215391736208,2.099263309647424,0.3900226927914862,105.3617070848756,"Hunter Carlson","sa3058815",
2026,"Tyler Cox","HOF",23,218,0.160550458,0.174311926,0.921052631,0.268571428,0.376146788,0.462857142,0.83900393,0.194285714,5.759087532559518,0.289855072,0.0810238802805543,36.57869394677234,1.8578526880080748,0.38436269924181315,105.35082855326587,"Tyler Cox","sa3029502",
2026,"Erich Hartmann","RID",22,257,0.046692607,0.093385214,0.5,0.32034632,0.362204724,0.48051948,0.842724204,0.16017316,5.167440706000528,0.326829268,-0.046030971221625805,41.016131172022874,2.0769505296564708,0.38571563011079324,105.33383213358299,"Erich Hartmann","sa3033350",
2026,"Kyle Jones","FLA",21,275,0.12,0.163636363,0.733333333,0.316964285,0.417582417,0.477678571,0.895260988,0.160714286,6.863663140774855,0.363128491,0.6860777279362082,52.79857763695936,2.6669377987406655,0.3999033803904886,105.3198694623739,"Kyle Jones","sa3034889",
2026,"Blake Barthol","CCU",22,269,0.092936802,0.234200743,0.396825396,0.303964757,0.397769516,0.436123348,0.833892864,0.132158591,6.888599181367373,0.388888888,1.1201969869434834,46.40821320226825,2.3407338153425483,0.3899356146727353,105.31170343279726,"Blake Barthol","sa3026664",
2026,"Vidal Colon","UIC",21,190,0.136842105,0.2,0.684210526,0.278911564,0.401069518,0.394557823,0.795627341,0.115646259,4.466101951452018,0.345132743,-1.5815392211079597,30.938143042040235,1.5588638755801976,0.38060991075587153,105.30599769568147,"Vidal Colon","sa3029214",
2026,"Isaiah Landry","SF",21,158,0.094936708,0.221518987,0.428571428,0.272058823,0.369426751,0.44117647,0.810603221,0.169117647,6.806051183803685,0.353535353,0.7298495278228074,24.492758034155475,1.2335894986845142,0.3744113213697057,105.30366980575101,"Isaiah Landry","sa3035908",
2026,"Ty Kaunas","MD",19,269,0.171003717,0.230483271,0.741935483,0.285714285,0.409774436,0.437788018,0.847562454,0.152073733,5.255610055698792,0.375,0.4251670464873314,47.933243528716105,2.403338984362617,0.3940031685327229,105.27859438409624,"Ty Kaunas","sa3070483",
2026,"Chris McHugh","NCSU",20,257,0.097276264,0.167315175,0.581395348,0.319634703,0.408560311,0.525114155,0.933674466,0.205479452,4.690393155257035,0.358823529,-0.9404340675100684,51.31505762675407,2.5697612974941935,0.41523354248314054,105.27181387950999,"Chris McHugh","sa3037627",
2026,"Sean White","GASO",23,242,0.082644628,0.14876033,0.555555555,0.302884615,0.382352941,0.471153846,0.853506787,0.168269231,3.7377237049989973,0.331325301,-0.4518439322710037,41.73135862595169,2.087009140315935,0.38985311584312377,105.2643293871479,"Sean White","sa3045133",
2026,"Brady Shannon","YSU",22,204,0.107843137,0.372549019,0.289473684,0.251428571,0.348039215,0.56,0.908039215,0.308571429,7.828383306865326,0.337209302,1.0077675934880972,33.70646479024456,1.6835402478174974,0.3829639162503037,105.25729698918343,"Brady Shannon","sa3042061",
2026,"Derrick Pitts","CIN",20,277,0.108303249,0.220216606,0.491803278,0.329004329,0.422794117,0.458874458,0.881668575,0.129870129,5.4914536016665325,0.421686746,-0.1536344401538372,52.765925733771766,2.6354448333649345,0.40637360403642936,105.25717046002553,"Derrick Pitts","sa3060277",
2026,"Brady Ladusau","ACU",19,214,0.098130841,0.210280373,0.466666666,0.292134831,0.401869158,0.432584269,0.834453427,0.140449438,6.787280695204791,0.361538461,-1.1221339334733784,36.53439920581529,1.8129189256543872,0.3950569793999752,105.2213180746509,"Brady Ladusau","sa3070547",
2026,"Taylor Kirk","FOR",20,265,0.098113207,0.101886792,0.962962962,0.316964285,0.40229885,0.419642857,0.821941707,0.102678572,8.0855062291422,0.348484848,1.2431736551225185,45.71458556184887,2.243997607923739,0.39303638377865613,105.16210549142369,"Taylor Kirk","sa3059690",
2026,"Kameron Byrd","SOU",21,212,0.08490566,0.146226415,0.580645161,0.324175824,0.402843601,0.445054945,0.847898546,0.120879121,7.592832999545889,0.370860927,-0.5016005821526051,38.10409287388793,1.8583217042254565,0.40906375844331716,105.12700280407019,"Kameron Byrd","sa3028200",
2026,"Frankie Carney","UCI",22,242,0.128099173,0.14876033,0.861111111,0.280612244,0.392405063,0.352040816,0.744445879,0.071428572,5.639093193705623,0.337423312,1.1710367389023304,35.13625410618638,1.7080021542534707,0.3683905651800743,105.10945698479672,"Frankie Carney","sa3028464",
2026,"Nick Flores","VCU",,247,0.056680161,0.101214574,0.56,0.316742081,0.373443983,0.488687782,0.862131765,0.171945701,6.358179493408178,0.340314136,1.4621129734441638,42.57431476794669,2.0564459957976053,0.39289285087981163,105.07540514374524,"Nick Flores","sa3059200",
2026,"Manny Garza","TNTC",23,189,0.095238095,0.089947089,1.058823529,0.297468354,0.396825396,0.449367088,0.846192484,0.151898734,1.91369047125,0.302158273,-0.1920043802820146,33.748523886874445,1.6230409253389944,0.3917834131175248,105.05219151812378,"Manny Garza","sa3032023",
2026,"Joe Siervo","NWST",22,237,0.126582278,0.257383966,0.491803278,0.285,0.378723404,0.435,0.813723404,0.15,6.837699637360081,0.375,0.6587064987979829,38.505316459616665,1.819694661578182,0.378222016578025,104.96023938641672,"Joe Siervo","sa3060576",
2026,"Alejandro Garza","CP",21,306,0.035947712,0.062091503,0.578947368,0.318181818,0.350819672,0.444055944,0.794875616,0.125874126,4.1591757321562,0.324528301,0.48801545263268054,44.3259766233012,2.057195229534799,0.3680014389460204,104.86693763506081,"Alejandro Garza","sa3032018",
2026,"Easton Rulli","NMSU",22,166,0.060240963,0.174698795,0.344827586,0.308219178,0.381818181,0.486301369,0.86811955,0.178082191,6.678053208625952,0.3539823,-1.1374616199173033,28.950074941074657,1.339896887695598,0.3945697824160258,104.8529092608717,"Easton Rulli","sa3071186",
2026,"Scott Gell","STBK",21,156,0.076923076,0.108974358,0.705882352,0.303030303,0.376623376,0.446969696,0.823593072,0.143939393,5.697435660403176,0.318965517,0.6164739234372973,26.051536761421083,1.2054301725806003,0.3835148172719138,104.85158577369225,"Scott Gell","sa3032103",
2026,"Ryan Taylor","PENN",22,192,0.166666666,0.223958333,0.744186046,0.253164556,0.382198952,0.348101265,0.730300217,0.094936709,10,0.342105263,5.616952849552035,28.3871438612977,1.308171044830417,0.3678628352924167,104.8309478121522,"Ryan Taylor","sa3043586",
2026,"Ryan Recio","RICH",23,161,0.124223602,0.236024844,0.526315789,0.244094488,0.36875,0.527559055,0.896309055,0.283464567,4.2556670428405585,0.258823529,-1.252067448105663,27.678403237593574,1.267970556152266,0.39243860729038715,104.80102151845196,"Ryan Recio","sa3040508",
2026,"Rowin OConnor","NJIT",,181,0.066298342,0.254143646,0.260869565,0.266233766,0.355932203,0.454545454,0.810477657,0.188311688,4.174086173133988,0.333333333,-0.2781751900911331,29.30990543360994,1.299677246764162,0.3777766685701359,104.64000949258427,"Rowin OConnor","sa3070900",
2026,"Justin Lebron","ALA",21,285,0.094736842,0.196491228,0.482142857,0.277310924,0.385964912,0.533613445,0.919578357,0.256302521,7.5,0.295857988,7.202146437950432,54.36092167980561,2.4063131201971504,0.39856796139164974,104.63156818405501,"Justin Lebron","sa3036129",
2026,"Blake Grimmer","TENN",22,218,0.133027522,0.266055045,0.5,0.282608695,0.3853211,0.538043478,0.923364578,0.255434783,3.7264462823301816,0.339130434,-0.36172541696578264,41.572727633116465,1.8320095068194646,0.39852593196641417,104.6099053897247,"Blake Grimmer","sa3062605",
2026,"TJ Baer","MRST",,257,0.128404669,0.105058365,1.222222222,0.272300469,0.392156862,0.384976525,0.777133387,0.112676056,7.820568449668137,0.292817679,1.366758782416582,40.72808895333406,1.788908310967653,0.38455063899358116,104.5941087651477,"TJ Baer","sa3069532",
2026,"Ryan Thompson","URI",,228,0.078947368,0.162280701,0.486486486,0.31,0.381578947,0.475,0.856578947,0.165,4.694233597094819,0.345911949,0.09393628872931004,39.109494056731954,1.7083844209020316,0.39205240392894075,104.56773726110364,"Ryan Thompson","sa3065432",
2026,"Keaton Hawk","ALCN",,204,0.137254901,0.176470588,0.777777777,0.275,0.413793103,0.4,0.813793103,0.125,8.307715679124753,0.330645161,1.6368469260632992,36.45310335016889,1.5750971303049945,0.4080817288365857,104.51601826198407,"Keaton Hawk","sa3070300",
2026,"Ethan Walker","PV",22,152,0.125,0.072368421,1.727272727,0.309523809,0.416107382,0.388888888,0.80499627,0.079365079,8.37882298440572,0.333333333,1.7330962591804564,27.152048905667677,1.1645148594945827,0.4080255275604709,104.4810517897756,"Ethan Walker","sa3044667",
2026,"Kyle Revere","OAK",,252,0.095238095,0.198412698,0.48,0.292237442,0.376,0.456621004,0.832621004,0.164383562,5.018697764444394,0.345679012,1.0255704496521503,41.31446858486271,1.756738267746924,0.3817415204048157,104.44094808691999,"Kyle Revere","sa3071095",
2026,"Jack Bello","MINN",22,172,0.098837209,0.261627906,0.377777777,0.263888888,0.356725146,0.5625,0.919225146,0.298611112,2.672321921902138,0.301075268,-0.48287028074264526,30.382791549231104,1.2707336249604744,0.39235142901626946,104.364973538683,"Jack Bello","sa3026925",
2026,"Beau Durbin","LAM",,280,0.103571428,0.207142857,0.5,0.289795918,0.369175627,0.448979591,0.818155218,0.159183673,5.2341337880038346,0.358695652,-0.8029634635895491,45.20945235062426,1.8677894668657136,0.37712169953999125,104.30945501993104,"Beau Durbin","sa3030689",
2026,"Matt Colella","LAF",,202,0.084158415,0.094059405,0.894736842,0.293413173,0.369791666,0.419161676,0.788953342,0.125748503,5.843980137363724,0.306122448,-1.012410287745297,31.204695918257148,1.2833149215530468,0.37571425922214985,104.2889561871974,"Matt Colella","sa3029146",
2026,"Cole Constable","QUIN",,155,0.154838709,0.103225806,1.5,0.254385964,0.409395973,0.333333333,0.742729306,0.078947369,5.660412656648317,0.272727272,0.5706586427986622,24.481549887582425,0.996830044910078,0.3840001813517321,104.24458989329229,"Cole Constable","sa3058918",
2026,"Ryan Lordier","MAN",,221,0.095022624,0.07239819,1.3125,0.308510638,0.39090909,0.393617021,0.784526111,0.085106383,8.075039887697487,0.329545454,-0.9189546597190201,34.89835678702174,1.4136917210179405,0.38396445946259933,104.22190790390562,"Ryan Lordier","sa3059850",
2026,"Tommy Eisenstat","GONZ",23,219,0.100456621,0.146118721,0.6875,0.294117647,0.373271889,0.438502673,0.811774562,0.144385026,4.08437428410771,0.324675324,-0.28245605528354645,33.59510148012228,1.3561273708302533,0.37268821929457,104.20648425794474,"Tommy Eisenstat","sa3030857",
2026,"Ayden Schnarrs","VMI",,212,0.094339622,0.094339622,1,0.288343558,0.450236966,0.337423312,0.787660278,0.049079754,6.033390325339447,0.328671328,-0.5910537927411497,39.81874694344089,1.603752751317476,0.4036532660231206,104.1966583672752,"Ayden Schnarrs","sa3060517",
2026,"Alex Dupuy","UAB",21,268,0.085820895,0.212686567,0.403508771,0.2718894,0.382575757,0.465437788,0.848013545,0.193548388,5.678325194491141,0.316129032,-0.18958941381424665,46.47131812472535,1.8292621364135884,0.39130921097415866,104.09762072090167,"Alex Dupuy","sa3069991",
2026,"Colin Brueggemann","OKST",23,267,0.131086142,0.280898876,0.466666666,0.264573991,0.379699248,0.560538116,0.940237364,0.295964125,4.381745439382857,0.318181818,-0.19903505593538284,50.298718435106075,1.9780021881435235,0.40423541499259774,104.09348689707774,"Colin Brueggemann","sa3027893",
2026,"Jorge Valdes","XAV",21,214,0.14953271,0.140186915,1.066666666,0.301136363,0.409523809,0.335227272,0.744751081,0.034090909,3.6953334280536883,0.356164383,-1.0995551478117704,33.450386714850296,1.3104387342079804,0.3772963103793916,104.07728953076479,"Jorge Valdes","sa3060812",
2026,"Erik Paulsen","UNC",21,313,0.134185303,0.194888178,0.68852459,0.301960784,0.421725239,0.482352941,0.90407818,0.180392157,3.2184045498881844,0.354838709,-0.7346238754689693,61.77784224172134,2.411002743439854,0.41288952743664337,104.06119437014942,"Erik Paulsen","sa3039565",
2026,"Noah Toole","RAD",20,223,0.139013452,0.188340807,0.738095238,0.284916201,0.387096774,0.452513966,0.83961074,0.167597765,7.155866210159898,0.34057971,-1.2933456535683945,38.19235678644598,1.4832272294324658,0.3906901552929856,104.0404859699243,"Noah Toole","sa3060768",
2026,"Charlie Iriotakis","W&M",23,219,0.0913242,0.168949771,0.54054054,0.286458333,0.360730593,0.479166666,0.839897259,0.192708333,6.501558844023993,0.317880794,-1.0934077315032482,36.28620243865278,1.4060912658574811,0.38212154717205865,104.03121211079787,"Charlie Iriotakis","sa3034444",
2026,"Joe Roder","STMN",22,229,0.135371179,0.240174672,0.563636363,0.264864864,0.375545851,0.421621621,0.797167472,0.156756757,4.902787131149592,0.328244274,0.14817472640424967,34.92078061178306,1.347123203426392,0.37603609478629835,104.01244102494205,"Joe Roder","sa3040949",
2026,"Guriyandel Salva","MAN",,221,0.090497737,0.095022624,0.952380952,0.314136125,0.39090909,0.392670157,0.783579247,0.078534032,3.4958998266278964,0.339181286,-1.1866652271710336,34.821751805850994,1.3370867398471942,0.3836041594093496,103.9931315938552,"Guriyandel Salva","sa3060464",
2026,"Owen Prince","VMI",23,261,0.153256704,0.09578544,1.6,0.307317073,0.444444444,0.370731707,0.815176151,0.063414634,8.474608271847684,0.344262295,0.06620434578508139,48.92226892677836,1.874563812890573,0.4032601351025461,103.98438947947162,"Owen Prince","sa3040219",
2026,"Brenden OSullivan","PAC",23,253,0.09090909,0.122529644,0.741935483,0.307339449,0.37751004,0.426605504,0.804115544,0.119266055,5.593382484253776,0.336898395,-0.25060460693202913,38.722031476394335,1.4779198341528572,0.37231399567730455,103.96819730417903,"Brenden OSullivan","sa3039260",
2026,"JC Davis","RICE",22,212,0.075471698,0.080188679,0.94117647,0.329787234,0.381642512,0.468085106,0.849727618,0.138297872,4.994501134755092,0.339285714,0.15521979052573442,36.71503170428802,1.401166519504085,0.39107557224190753,103.96775179429471,"JC Davis","sa3069911",
2026,"Chris Worcester","EIU",23,239,0.087866108,0.083682008,1.05,0.289215686,0.371794871,0.50490196,0.876696831,0.215686274,5.215035264778427,0.282485875,0.2113694124855101,42.23590101342007,1.611613035605392,0.38990581570527494,103.96711700272878,"Chris Worcester","sa3045581",
2026,"Lewis Rodriguez","SJU",,213,0.089201877,0.126760563,0.703703703,0.302857142,0.388059701,0.388571428,0.776631129,0.085714286,8.52245620014298,0.351351351,1.5462345071136951,33.251200431452595,1.261439123617013,0.3770803325804905,103.9432589430045,"Lewis Rodriguez","sa3040993",
2026,"Matthew Graziose","CCSU",21,131,0.122137404,0.152671755,0.8,0.284403669,0.384615384,0.522935779,0.907551163,0.23853211,1.23660714,0.285714285,-0.27694407384842634,24.010598090464494,0.9076240332669256,0.4046084995453174,103.92860257307073,"Matthew Graziose","sa3066705",
2026,"Ryan Perez","LAS",,157,0.178343949,0.108280254,1.647058823,0.258064516,0.403846153,0.403225806,0.807071959,0.14516129,5.205804631323296,0.276190476,-1.2970205824822187,26.764517612732806,1.0102447494639546,0.3909844247958599,103.92262967324844,"Ryan Perez","sa3039721",
2026,"Charlie Rogan","GW",22,147,0.06802721,0.163265306,0.416666666,0.279069767,0.351724137,0.550387596,0.902111733,0.271317829,3.8353337683393107,0.270833333,-0.17529096268117428,25.049298198839622,0.9354248810019076,0.3909125233518666,103.87919795659684,"Charlie Rogan","sa3041034",
2026,"Anthony Brotz","MRST",22,249,0.052208835,0.052208835,1,0.315315315,0.37037037,0.441441441,0.811811811,0.126126126,8.332196697774588,0.323671497,1.911338892299682,39.18822607677397,1.461160006932584,0.3834149253711779,103.87297545011225,"Anthony Brotz","sa3058736",
2026,"Lance Trippel","USF",22,198,0.101010101,0.101010101,1,0.304093567,0.393939393,0.432748538,0.826687931,0.128654971,3.991087558579964,0.32885906,-1.6135190930217505,34.253351080941485,1.271533597039504,0.3908731889243078,103.85525630193098,"Lance Trippel","sa3044067",
2026,"Will Tippett","COFC",23,194,0.103092783,0.231958762,0.444444444,0.254658385,0.354166666,0.496894409,0.851061075,0.242236024,5.582381177256844,0.288288288,0.01738870982080698,32.088523696838784,1.1901603748192064,0.38181693976124126,103.8518557193968,"Will Tippett","sa3043854",
2026,"Blake Coleman","UAPB",,239,0.079497907,0.154811715,0.513513513,0.308457711,0.40585774,0.422885572,0.828743312,0.114427861,6.310354644535404,0.35582822,-0.34419612772762775,42.418680236308354,1.5567023610756572,0.4069464057060465,103.80965984032605,"Blake Coleman","sa3058902",
2026,"Jaxon Mueller","ALB",,159,0.056603773,0.289308176,0.195652173,0.296551724,0.358490566,0.44137931,0.799869876,0.144827586,5.8414098083455075,0.416666666,-0.0484834685921669,25.537366251231745,0.9316961865440176,0.37634079148934324,103.786510117768,"Jaxon Mueller","sa3074381",
2026,"Jacob Galloway","ORST",23,246,0.101626016,0.056910569,1.785714285,0.303664921,0.41025641,0.408376963,0.818633373,0.104712042,2.6538026016990797,0.314917127,-0.5533833922818303,41.24920427803571,1.502922534986092,0.39169582673627085,103.78129090087505,"Jacob Galloway","sa3031869",
2026,"Josh Campos","LIB",22,262,0.125954198,0.27480916,0.458333333,0.259259259,0.376923076,0.49537037,0.872293446,0.236111111,6.0783704959016,0.328358208,-0.269965548068285,45.216029876002736,1.638519936332173,0.3926773224885647,103.76001276484261,"Josh Campos","sa3069734",
2026,"Jackson Cotton","TXST",19,225,0.146666666,0.355555555,0.4125,0.240641711,0.361607142,0.513368983,0.874976125,0.272727272,7.76585083877666,0.336842105,1.0570154879242182,38.24306573361124,1.3836498895284104,0.3872227266963039,103.7538573464683,"Jackson Cotton","sa3069865",
2026,"Will Robbins","PRIN",,138,0.152173913,0.20289855,0.75,0.210526315,0.347826086,0.421052631,0.768878717,0.210526316,1.7614468775,0.225,-0.26232051104307175,20.19304023676059,0.7300285249247308,0.36612703100494715,103.75085077136742,"Will Robbins","sa3066090",
2026,"Noah Karliner","UCSB",24,204,0.122549019,0.31372549,0.390625,0.234285714,0.343137254,0.445714285,0.788851539,0.211428571,3.2171197587896994,0.306930693,0.3324962363112718,29.216406222963723,1.0372186271194541,0.3660982566721299,103.68079677099145,"Noah Karliner","sa3035083",
2026,"Sebastian Pisacreta","PITT",22,250,0.136,0.22,0.618181818,0.27093596,0.397590361,0.541871921,0.939462282,0.270935961,3.4916243560895284,0.301470588,-1.1601235205307603,49.15420663745493,1.736603204322753,0.41211729930586605,103.6623597115609,"Sebastian Pisacreta","sa3039961",
2026,"Maddix Dalena","CONN",22,205,0.151219512,0.2,0.75609756,0.236363636,0.374384236,0.418181818,0.792566054,0.181818182,5.199855845164248,0.277310924,-0.6323038525879383,31.913432263082655,1.1251643377009908,0.3766150615485431,103.65452301645529,"Maddix Dalena","sa3029783",
2026,"Nico Defazio","HCU",22,156,0.128205128,0.237179487,0.54054054,0.277777777,0.394736842,0.38095238,0.775689222,0.103174603,4.063357683321576,0.367816091,-0.7114393566735089,25.029891099988454,0.8823932076086927,0.3760137910905637,103.65418070038284,"Nico Defazio","sa3030020",
2026,"DJ Dillehay","BRWN",22,199,0.070351758,0.140703517,0.5,0.2716763,0.356783919,0.404624277,0.761408196,0.132947977,3.5996275724740165,0.295774647,-0.9466138444840908,29.086402486188,1.0201754524536766,0.36594066667796377,103.6348863394694,"DJ Dillehay","sa3030334",
2026,"Ayden Garcia","UNLV",22,178,0.129213483,0.213483146,0.605263157,0.296551724,0.393258426,0.496551724,0.88981015,0.2,2.42733989625,0.333333333,-0.03993182990234345,32.91805218270591,1.1504079859571716,0.3944652083884464,103.62131978950744,"Ayden Garcia","sa3059269",
2026,"Jared Hall","ELON",,220,0.122727272,0.25,0.49090909,0.255555555,0.380733944,0.416666666,0.79740061,0.161111111,8.763911387443088,0.338842975,2.237952505238354,36.29965376074764,1.2602726739213155,0.3813836541744547,103.59673211920726,"Jared Hall","sa3070254",
2026,"Sam Harris","UVA",21,266,0.142857142,0.293233082,0.487179487,0.288288288,0.402255639,0.527027027,0.929282666,0.238738739,4.902673075270851,0.381679389,-0.23800882883369923,52.2446775921355,1.7923475392828758,0.41190469713139355,103.5525565170236,"Sam Harris","sa3033301",
2026,"Seth Smith","USM",20,256,0.08984375,0.1640625,0.547619047,0.316279069,0.39271255,0.437209302,0.829921852,0.120930233,5.535784715837302,0.368421052,-0.24663491174578667,43.337688720490135,1.39986447122256,0.38649845461131105,103.33795206661682,"Seth Smith","sa3042636",
2026,"Drew Kleinheider","SLU",,186,0.118279569,0.155913978,0.758620689,0.280821917,0.413043478,0.369863013,0.782906491,0.089041096,5.818496761146127,0.336134453,0.30210958886891603,31.515088959784908,1.0036574147657564,0.38993618766898697,103.28944714798081,"Drew Kleinheider","sa3070517",
2026,"Hudson Manwaring","UTU",23,224,0.058035714,0.151785714,0.382352941,0.342105263,0.406542056,0.410526315,0.817068371,0.068421052,7.173344683650066,0.407643312,-0.059846205869689584,37.528925666996614,1.1849463083235194,0.39173614839527093,103.26036479558131,"Hudson Manwaring","sa3070672",
2026,"Luke Skinner","BRAD",20,181,0.110497237,0.204419889,0.54054054,0.281879194,0.403314917,0.362416107,0.765731024,0.080536913,4.95016132272231,0.36036036,0.7017219327390194,28.891101872418513,0.9034727717381614,0.37736155808959876,103.22811470913838,"Luke Skinner","sa3062680",
2026,"JT Taylor","NCAT",21,189,0.142857142,0.206349206,0.692307692,0.258064516,0.386243386,0.4,0.786243386,0.141935484,5.715811207042526,0.31858407,-0.08488491456955671,31.07046765029336,0.9684538984289277,0.38073914833169764,103.21723957211648,"JT Taylor","sa3043574",
2026,"Will Johannes","ILL",22,159,0.10062893,0.358490566,0.280701754,0.26618705,0.352201257,0.553956834,0.906158091,0.287769784,3.6112438480482973,0.369863013,0.04489670693874359,27.75422006444475,0.8424920995666637,0.3901197557929177,103.13057601008077,"Will Johannes","sa3059600",
2026,"Josh Pyne","TROY",23,321,0.077881619,0.199376947,0.390625,0.285714285,0.369905956,0.482142857,0.852048813,0.196428572,5.260665333383243,0.338164251,-1.0082577839493752,54.20953873893779,1.6234388013796122,0.3860617885395277,103.08720137699376,"Josh Pyne","sa3040311",
2026,"Brady Janusek","BAY",20,259,0.1003861,0.297297297,0.337662337,0.296943231,0.374517374,0.563318777,0.937836151,0.266375546,8.264847589620572,0.388489208,0.09453722834587097,48.310865155191586,1.437960630984467,0.4023507605648409,103.06778648684305,"Brady Janusek","sa3070429",
2026,"Bradley Garner","VMI",,251,0.115537848,0.215139442,0.537037037,0.292682926,0.389558232,0.521951219,0.911509451,0.229268293,9.141965784233124,0.350993377,1.9061740566976368,46.63128652539264,1.3861754771710488,0.4015549835431049,103.06370223225596,"Bradley Garner","sa3031981",
2026,"Harrison Bowman","CMU",23,245,0.114285714,0.212244897,0.538461538,0.282926829,0.379591836,0.497560975,0.877152811,0.214634146,5.439251238941605,0.324324324,-0.045438986737281084,42.493703826217,1.2544056911748045,0.39541171837826167,103.04177264866907,"Harrison Bowman","sa3058698",
2026,"Nicholas Werk","SDST",,201,0.144278606,0.203980099,0.707317073,0.265822784,0.390862944,0.360759493,0.751622437,0.094936709,4.4337399451679005,0.341666666,0.3697597533464432,30.356787632313612,0.8882062389525192,0.3745161881906732,103.01407871351628,"Nicholas Werk","sa3065164",
2026,"Cort MacDonald","STAN",21,171,0.093567251,0.14619883,0.64,0.340425531,0.413580246,0.4964539,0.910034146,0.156028369,3.6781442488781266,0.391304347,-0.8265111772343516,33.41108518506445,0.9774444368020475,0.41086130819202943,103.01367473478724,"Cort MacDonald","sa3036781",
2026,"Jake Duer","TA&M",23,256,0.14453125,0.171875,0.84090909,0.304147465,0.40625,0.479262672,0.885512672,0.175115207,3.0360863025,0.353293413,-0.7311346735805273,48.04938882506343,1.38138955748531,0.3953249107580632,102.96003595432686,"Jake Duer","sa3030609",
2026,"Kevin Hall","UAB",21,245,0.110204081,0.102040816,1.08,0.277227722,0.388429752,0.440594059,0.829023811,0.163366337,6.559089415838722,0.276470588,0.9225111724808812,42.00292807324085,1.1920933078065872,0.3891924681249729,102.92102162246448,"Kevin Hall","sa3033035",
2026,"Ethan Rossi","EIU",22,175,0.102857142,0.171428571,0.6,0.268656716,0.398809523,0.425373134,0.824182657,0.156716418,3.9948372121571047,0.310679611,-0.963223529048264,30.614313760396744,0.8684962034194741,0.38809342434008914,102.9197254429329,"Ethan Rossi","sa3060431",
2026,"Anthony Diaz","UNM",21,252,0.13095238,0.123015873,1.064516129,0.306603773,0.40079365,0.452830188,0.853623838,0.146226415,6.689130339392326,0.34065934,-0.3639958354178816,46.287038956651635,1.3126213297938718,0.39324695415913113,102.91859550174587,"Anthony Diaz","sa3069946",
2026,"Josiah Harrison","NORF",,146,0.061643835,0.178082191,0.346153846,0.307086614,0.390410958,0.472440944,0.862851902,0.16535433,5.99403821767989,0.357142857,-1.147493137512356,26.496554767777294,0.7482020017403064,0.40301179436788165,102.90582472804712,"Josiah Harrison","sa3033287",
2026,"Tommy Meluskey","NMSU",22,162,0.160493827,0.222222222,0.722222222,0.261538461,0.395061728,0.446153846,0.841215574,0.184615385,7.707333344105359,0.326086956,0.04893737845122814,27.727175125279395,0.7823025671624805,0.3911939160323437,102.90334484037788,"Tommy Meluskey","sa3060014",
2026,"Connor Capece","CREI",21,250,0.072,0.156,0.461538461,0.303738317,0.383064516,0.397196261,0.780260777,0.093457944,3.255414892463491,0.352272727,-0.1284272288903594,38.625102885223995,1.0784346835390421,0.37535450367196915,102.87225134796554,"Connor Capece","sa3028382",
2026,"Angel Cano","LR",,277,0.054151624,0.12635379,0.428571428,0.294354838,0.368231046,0.5,0.868231046,0.205645162,2.299379825000697,0.303482587,-0.8326971814967692,48.41569667057185,1.3323168803849643,0.38793764002486686,102.82969677691374,"Angel Cano","sa3066043",
2026,"Dylan Cupp","DBU",21,182,0.159340659,0.214285714,0.743589743,0.277777777,0.41436464,0.388888888,0.803253528,0.111111111,4.284184686746817,0.35576923,-0.8382298448123038,31.106500808277985,0.8351007738503436,0.3909434699221869,102.75871209425591,"Dylan Cupp","sa3029703",
2026,"Bub Terrell","AUB",20,271,0.099630996,0.306273062,0.325301204,0.289915966,0.372693726,0.546218487,0.918912213,0.256302521,3.710013182114837,0.378571428,-0.7932424768805504,50.74115074224237,1.3386983925795854,0.39483937500147803,102.70978125357925,"Bub Terrell","sa3060731",
2026,"A.J. Taylor","LAM",22,276,0.057971014,0.130434782,0.444444444,0.298755186,0.365313653,0.44813278,0.813446433,0.149377594,6.558410240079307,0.323383084,1.3393459366634488,43.867926192344974,1.1454299212115535,0.3743685382758559,102.68109315041474,"A.J. Taylor","sa3043544",
2026,"Crew McChesney","BYU",21,181,0.066298342,0.281767955,0.235294117,0.307228915,0.361111111,0.584337349,0.94544846,0.277108434,6.472733359198563,0.401869158,-0.0698990598320961,33.618046610831115,0.8613063834894633,0.4015452590253618,102.62940200249396,"Crew McChesney","sa3037467",
2026,"Caden Sheridan","MORE",,223,0.125560538,0.130044843,0.965517241,0.262295081,0.371040723,0.508196721,0.879237444,0.24590164,3.7693449992959707,0.246575342,0.011369409505277872,38.900087200775246,0.995416828169927,0.3875853494821091,102.62610601381022,"Caden Sheridan","sa3060568",
2026,"Cooper Williams","KENN",21,242,0.099173553,0.210743801,0.470588235,0.303317535,0.38429752,0.469194312,0.853491832,0.165876777,6.730915743265019,0.363636363,0.22935127886012197,41.270656557607104,1.0196740942472742,0.39055312886710997,102.53328995180546,"Cooper Williams","sa3045274",
2026,"Hayden Stringfellow","MCN",22,246,0.081300813,0.284552845,0.285714285,0.29032258,0.369918699,0.433179723,0.803098422,0.142857143,2.7094155774999997,0.40140845,-0.29048955673351884,39.001034635049315,0.9222879586043082,0.37393056716376205,102.42205439806354,"Hayden Stringfellow","sa3071391",
2026,"Aidan Teel","MSST",21,168,0.119047619,0.226190476,0.526315789,0.294117647,0.41566265,0.448529411,0.864192061,0.154411764,4.831044390711028,0.372340425,-1.6953204702585936,31.358185222788677,0.7323107034405343,0.3942211780203394,102.39115034242658,"Aidan Teel","sa3043601",
2026,"Cooper Blauser","JVST",23,280,0.1,0.167857142,0.59574468,0.307359307,0.385454545,0.476190476,0.861645021,0.168831169,8.907739204189276,0.351063829,2.5502240285277367,47.64587647824596,1.0744918098957377,0.3901616196198897,102.30719317784416,"Cooper Blauser","sa3027252",
2026,"Christian Stratis","CIT",22,197,0.060913705,0.152284263,0.4,0.339393939,0.393617021,0.503030303,0.896647324,0.163636364,4.93615790315416,0.377777777,-0.9334264281205833,36.29654093400003,0.7854378403759135,0.39997724174185,102.21180918628498,"Christian Stratis","sa3071386",
2026,"Carmelo Musacchia","NE",22,260,0.115384615,0.2,0.576923076,0.278301886,0.384313725,0.405660377,0.789974102,0.127358491,8.471361776813556,0.339622641,2.1824094699695706,42.324193017322735,0.914015369255265,0.3790238025141697,102.20722397528259,"Carmelo Musacchia","sa3038619",
2026,"Noah Konings","NIA",,187,0.048128342,0.139037433,0.346153846,0.331428571,0.370967741,0.428571428,0.799539169,0.097142857,3.6750973591702323,0.385135135,-1.2165976418182254,28.953441711439638,0.6202635786671928,0.38076311029413695,102.18917756335193,"Noah Konings","sa3070528",
2026,"Logan Koslin","MERC",,198,0.095959595,0.095959595,1,0.275641025,0.424242424,0.326923076,0.7511655,0.051282051,6.229325635210872,0.306569343,-0.3977637058123946,35.67501599132968,0.7560170346493854,0.4018553516479454,102.16505930077571,"Logan Koslin","sa3070533",
2026,"Will Henson","OHIO",23,238,0.121848739,0.222689075,0.547169811,0.292929292,0.394957983,0.444444444,0.839402427,0.151515152,6.426445129001448,0.363636363,-0.6040743766352534,40.91081574132625,0.8497832672852665,0.3938665049416678,102.12122158318292,"Will Henson","sa3033650",
2026,"Joshua Woodworth","PEPP",19,196,0.06632653,0.275510204,0.24074074,0.280898876,0.341836734,0.494382022,0.836218756,0.213483146,2.6884354402178205,0.347826086,0.11616161954589188,29.458389548844444,0.6052437706652746,0.3693763799205118,102.09766995709359,"Joshua Woodworth","sa3071650",
2026,"Cole Jones","WCU",,161,0.086956521,0.223602484,0.388888888,0.303448275,0.364779874,0.558620689,0.923400563,0.255172414,4.19325850397275,0.343434343,-0.09988433727994561,29.62546471411554,0.6037002568897408,0.3997334290600423,102.08016386384608,"Cole Jones","sa3034863",
2026,"Jake Mueller","UNCG",,242,0.111570247,0.157024793,0.710526315,0.320574162,0.400826446,0.478468899,0.879295345,0.157894737,3.2568032496362656,0.359281437,-0.9287686995230615,44.515084714220365,0.8923083250983551,0.3996692489493977,102.04551016454988,"Jake Mueller","sa3070830",
2026,"Christian Scanlon","MRMK",23,190,0.210526315,0.305263157,0.689655172,0.167883211,0.388297872,0.372262773,0.760560645,0.204379562,5.478535263590862,0.208333333,0.5750575824640691,29.364852589265208,0.5771314917958784,0.3804727079386407,102.00478353198514,"Christian Scanlon","sa3041637",
2026,"Mason Griffin","UNCO",,233,0.068669527,0.236051502,0.29090909,0.266666666,0.370044052,0.405128205,0.775172257,0.138461539,6.58695090495223,0.348148148,-1.8489065770991147,34.842217182765665,0.6821203436953414,0.37296753465341576,101.99683375286914,"Mason Griffin","sa3070223",
2026,"Josh Dykhoff","KU",22,260,0.115384615,0.257692307,0.447761194,0.288888888,0.369230769,0.577777777,0.947008546,0.288888889,6.803903109843688,0.335616438,0.035195522010326385,47.990798100924884,0.9369171113733387,0.40037252925909483,101.9911579909453,"Josh Dykhoff","sa3070000",
2026,"Brantley Truitt","UNCG",21,219,0.136986301,0.191780821,0.714285714,0.286516853,0.407407407,0.455056179,0.862463586,0.168539326,9.241397075977915,0.348484848,1.4769170419313014,40.254257948509924,0.7774479104201713,0.3995282503741759,101.96937875595835,"Brantley Truitt","sa3044091",
2026,"Walker Zapp","AFA",22,218,0.096330275,0.19266055,0.5,0.3,0.366972477,0.547368421,0.914340898,0.247368421,7.219248958306308,0.333333333,-0.34648187493439764,39.65960980099513,0.7531691555388098,0.39154324537023494,101.93584697814492,"Walker Zapp","sa3045803",
2026,"Ryan Lopetegui","SEMO",,221,0.113122171,0.176470588,0.641025641,0.281081081,0.386363636,0.454054054,0.84041769,0.172972973,7.003234331003842,0.319148936,-0.0005425196141004562,38.28100161692909,0.7162834449749333,0.3863406698812138,101.90679839975402,"Ryan Lopetegui","sa3070617",
2026,"Zach Fjelstad","UCI",22,233,0.090128755,0.210300429,0.428571428,0.287804878,0.360869565,0.404878048,0.765747613,0.11707317,6.1100774362074715,0.367741935,0.9624953924212605,32.79851901498211,0.6134665158070348,0.36325066322865696,101.90606032357027,"Zach Fjelstad","sa3031419",
2026,"Sam DeCarlo","WASH",22,248,0.129032258,0.209677419,0.615384615,0.29047619,0.387096774,0.471428571,0.858525345,0.180952381,6.369521423022044,0.35064935,0.12372617423534393,42.77559374767168,0.8000683684907656,0.38790590292023075,101.90603538910699,"Sam DeCarlo","sa3029994",
2026,"Taeg Gollert","MOST",23,267,0.11235955,0.224719101,0.5,0.247747747,0.359550561,0.531531531,0.891082092,0.283783784,4.659037773783549,0.26,-0.8427635179832578,45.24150228097047,0.8323604722222254,0.3894120213690768,101.8742998362969,"Taeg Gollert","sa3032373",
2026,"Ike Shirey","TAR",23,239,0.112970711,0.163179916,0.692307692,0.301980198,0.397435897,0.420792079,0.818227976,0.118811881,7.908788749749039,0.366459627,0.8674761452712119,39.50367874283592,0.7259507663945433,0.3893851217551109,101.87208174454052,"Ike Shirey","sa3042194",
2026,"Matthew Rollison","PRES",,178,0.02247191,0.140449438,0.16,0.303030303,0.344632768,0.533333333,0.877966101,0.23030303,5.094520254159589,0.315789473,-1.0495293397689238,29.849832844782405,0.5483751714711735,0.38699365975493094,101.87149450919861,"Matthew Rollison","sa3060417",
2026,"Will Dobil","LAF",,163,0.067484662,0.147239263,0.458333333,0.28169014,0.366459627,0.40140845,0.767868077,0.11971831,7.647122768834061,0.327586206,-0.7324545839801431,24.59594175877701,0.4514610535157787,0.3718796994375146,101.86983128370784,"Will Dobil","sa3075463",
2026,"Max Farrell","SDSU",19,279,0.107526881,0.179211469,0.6,0.299578059,0.388489208,0.481012658,0.869501866,0.181434599,8.176827709224876,0.347826086,1.4318008408881724,50.69826033652958,0.9051551067942056,0.3913386530584569,101.8178322131508,"Max Farrell","sa3070062",
2026,"Shane Andrus","ME",20,175,0.148571428,0.154285714,0.962962962,0.263888888,0.373563218,0.402777777,0.776340995,0.138888889,2.2974505377956986,0.286956521,-0.9197436049580574,27.573360813793784,0.4916484784456526,0.37302475585334605,101.8154261161837,"Shane Andrus","sa3074196",
2026,"Luke Gallo","BC",20,204,0.098039215,0.112745098,0.869565217,0.325153374,0.433673469,0.429447852,0.863121321,0.104294478,5.748678850303658,0.366906474,0.1114894961938262,39.39009605127836,0.6973316498425076,0.40851569054078085,101.80222752400867,"Luke Gallo","sa3074279",
2026,"Freddy Rodriguez","MEM",21,274,0.127737226,0.171532846,0.744680851,0.299559471,0.404494382,0.392070484,0.796564866,0.092511013,6.930716147777485,0.363636363,5.065601465292275,46.42872007767753,0.7872150747020715,0.38704038581598116,101.72477895864904,"Freddy Rodriguez","sa3060405",
2026,"Tommy Goodin","VAN",21,167,0.083832335,0.305389221,0.274509803,0.286666666,0.353293413,0.58,0.933293413,0.293333334,1.8789682462500001,0.352272727,-0.34773478377610445,30.960232978632312,0.5166553314231437,0.3928745881526056,101.69709137805789,"Tommy Goodin","sa3070192",
2026,"Chase Diggins","OMA",,182,0.137362637,0.12087912,1.136363636,0.288590604,0.393258426,0.348993288,0.742251714,0.060402684,5.363858401051742,0.328125,0.733221507165581,27.135456875819667,0.45246277834843124,0.3725090843907903,101.69569717961791,"Chase Diggins","sa3030315",
2026,"Marc Stephens","USA",22,235,0.106382978,0.119148936,0.892857142,0.304568527,0.402597402,0.395939086,0.798536488,0.091370559,3.292718727540386,0.341317365,-0.8424889054149389,39.148414509222626,0.6508024054027781,0.3836295248626114,101.69050070858343,"Marc Stephens","sa3060666",
2026,"Temo Becerra","TEX",23,278,0.151079136,0.194244604,0.777777777,0.300884955,0.418772563,0.442477876,0.861250439,0.141592921,6.798613425295312,0.366863905,1.7351212175562978,51.51261021515407,0.8340797605184488,0.3927751222242087,101.64582467770069,"Temo Becerra","sa3026826",
2026,"Brayden Leonard","VILL",20,213,0.07511737,0.10798122,0.695652173,0.301587301,0.370892018,0.417989417,0.788881435,0.116402116,6.649710837654238,0.331325301,-0.5965108294039965,32.504359623539955,0.5145983157043779,0.3733183027992786,101.60863443385036,"Brayden Leonard","sa3059797",
2026,"Camden Johnson","OU",21,297,0.114478114,0.235690235,0.485714285,0.297959183,0.402730375,0.47755102,0.880281395,0.179591837,9.107554722285553,0.378698224,3.926047953777015,54.99473121504714,0.8525601897709548,0.3926370691113911,101.57466938178918,"Camden Johnson","sa3034721",
2026,"Wesley Scott","LT",20,219,0.155251141,0.191780821,0.809523809,0.262857142,0.398148148,0.422857142,0.82100529,0.16,3.8141005206498515,0.307086614,-1.6135066486895084,36.990180703361396,0.5647048377588971,0.3888509864056552,101.5503018816898,"Wesley Scott","sa3071251",
2026,"Nick Biddle","HOF",,148,0.06081081,0.087837837,0.692307692,0.322580645,0.390070921,0.387096774,0.777167695,0.064516129,3.4464285649999997,0.3539823,-0.4090944975614548,23.93334671245749,0.3613994358652339,0.3778790425746999,101.53317598934271,"Nick Biddle","sa3065505",
2026,"Devan Zirwas","EMU",22,251,0.123505976,0.175298804,0.704545454,0.26635514,0.3625498,0.53271028,0.89526008,0.26635514,6.42612662092328,0.275,-0.4076965404674411,42.888268539319775,0.6390284091336966,0.39284475486117054,101.51252047886447,"Devan Zirwas","sa3045873",
2026,"Tyler Howard","UCD",,240,0.104166666,0.2625,0.396825396,0.266666666,0.348739495,0.428571428,0.777310923,0.161904762,8.439684280808457,0.361111111,1.4140591563191265,33.64142811372462,0.48944270684901353,0.362561202349783,101.47636016619235,"Tyler Howard","sa3034173",
2026,"Colten Becker","NDSU",23,202,0.123762376,0.297029702,0.416666666,0.245398773,0.371859296,0.404907975,0.776767271,0.159509202,3.1096513560011783,0.336734693,-3.463859829120338,30.042725814860397,0.4275345638208912,0.3721253413650858,101.4436326282576,"Colten Becker","sa3026842",
2026,"Kevin Duran","LAM",,187,0.07486631,0.192513368,0.388888888,0.28125,0.362637362,0.44375,0.806387362,0.1625,3.463858428144108,0.327731092,-0.5074600446969271,29.358555192899185,0.41251605267472824,0.3722449966839382,101.42512089711603,"Kevin Duran","sa3059098",
2026,"Brady Hewitt","FRES",20,245,0.102040816,0.220408163,0.462962962,0.308056872,0.388429752,0.473933649,0.862363401,0.165876777,5.988013918273664,0.389610389,-0.5233417293056846,44.342659526945276,0.6175312786113447,0.39063562095657856,101.41230295564627,"Brady Hewitt","sa3070326",
2026,"Gage Mestas","USD",,193,0.113989637,0.155440414,0.733333333,0.276729559,0.389473684,0.371069182,0.760542866,0.094339623,7.073964236499341,0.333333333,-0.5725565042812377,28.8125729815526,0.40105698569250187,0.3682989245966861,101.41160009114239,"Gage Mestas","sa3037922",
2026,"Hudson Ellis","ORU",21,234,0.081196581,0.111111111,0.73076923,0.28125,0.395652173,0.328125,0.723777173,0.046875,6.378645545588023,0.323353293,1.8648689491674304,34.76998358230986,0.46327688556113117,0.3719834001167961,101.3503974300309,"Hudson Ellis","sa3070022",
2026,"Reece Holbrook","COFC",24,212,0.099056603,0.193396226,0.512195121,0.291891891,0.379146919,0.405405405,0.784552324,0.113513514,7.880038583913736,0.37062937,1.307507099583745,34.21691078386157,0.4516890092834729,0.3775471172061577,101.33773446624762,"Reece Holbrook","sa3033949",
2026,"Tyler Albright","DUKE",22,202,0.247524752,0.252475247,0.980392156,0.241134751,0.452736318,0.368794326,0.821530644,0.127659575,5.63850723022262,0.337078651,0.8570971032604575,38.799351058311316,0.48592748434052296,0.4074818856680571,101.26829564944086,"Tyler Albright","sa3025853",
2026,"Macaddin Dye","ODU",21,192,0.104166666,0.239583333,0.434782608,0.272151898,0.395833333,0.405063291,0.800896624,0.132911393,5.136455344435892,0.351851851,0.33050901629030704,31.847526895172287,0.39415870822160115,0.38286791152010363,101.25315262225281,"Macaddin Dye","sa3030717",
2026,"Adam Puder","STMN",,218,0.082568807,0.206422018,0.4,0.297435897,0.361111111,0.43076923,0.791880341,0.133333333,7.46432544996258,0.371621621,2.1074757878668606,32.33994391507781,0.37899494118369254,0.3717328265861229,101.18580628345316,"Adam Puder","sa3060316",
2026,"Jared Mettam","SMC",22,247,0.064777327,0.141700404,0.457142857,0.315068493,0.373443983,0.415525114,0.788969097,0.100456621,5.532375684023506,0.362637362,-0.075940758921206,36.79154035707622,0.4306882794728851,0.3679422436908073,101.1844834619213,"Jared Mettam","sa3037927",
2026,"AJ Nessler","PITT",22,278,0.129496402,0.122302158,1.058823529,0.310344827,0.410071942,0.495689655,0.905761597,0.185344828,8.59713430787488,0.32642487,1.2581440974026918,53.32723501813111,0.5988600004881338,0.4072252400487447,101.13574522311328,"AJ Nessler","sa3038777",
2026,"Kacin Robinson","STO",,144,0.145833333,0.277777777,0.525,0.288135593,0.409722222,0.389830508,0.79955273,0.101694915,8.041085562047053,0.415584415,0.6112573947757483,25.683960182437975,0.2883245775795769,0.40024779612819356,101.13533121228286,"Kacin Robinson","sa3071141",
2026,"JT Shank","PAC",21,203,0.133004926,0.187192118,0.710526315,0.276470588,0.375,0.411764705,0.786764705,0.135294117,5.1060643069390315,0.335877862,-0.07390111521817744,30.216020032308087,0.3324047620510911,0.36782893031835556,101.11233115218803,"JT Shank","sa3042059",
2026,"Will Moore","IU",21,233,0.150214592,0.197424892,0.760869565,0.257142857,0.426086956,0.354285714,0.78037267,0.097142857,3.9268622952243124,0.322834645,-1.340900219976902,39.87135661515317,0.4346734968098107,0.3864526559477267,101.10220602352744,"Will Moore","sa3060079",
2026,"Brady Marshall","KENT",,217,0.119815668,0.101382488,1.181818181,0.28313253,0.422535211,0.343373493,0.765908704,0.060240963,8.380538716370117,0.317567567,1.6844679145142436,36.91915373384906,0.3929182428116937,0.39211154459787645,101.07571513332685,"Brady Marshall","sa3066629",
2026,"Alex Bemis","OSU",21,244,0.143442622,0.204918032,0.7,0.25388601,0.396694214,0.43523316,0.831927374,0.18134715,5.785727193321135,0.299270072,-2.3701080828905106,41.739700451409824,0.441199675118928,0.386391391192586,101.06831886588053,"Alex Bemis","sa3069595",
2026,"Travis Ilitch","GTWN",22,234,0.089743589,0.123931623,0.724137931,0.312820512,0.402654867,0.333333333,0.7359882,0.020512821,4.342180301823718,0.365269461,-0.5198284247890115,35.518747655154804,0.3750662183776889,0.3724458905975376,101.0672365644232,"Travis Ilitch","sa3034414",
2026,"Lee Ellis","OSU",21,218,0.091743119,0.279816513,0.327868852,0.25433526,0.375586854,0.491329479,0.866916333,0.236994219,9.62974907047797,0.339449541,2.1161195561289787,37.28222547237661,0.3843846148708108,0.3863433638648808,101.0417536797214,"Lee Ellis","sa3030900",
2026,"JW Fitzgerald","SHU",,182,0.098901098,0.153846153,0.642857142,0.310126582,0.387640449,0.379746835,0.767387284,0.069620253,7.828157752595712,0.372093023,1.9324274370446801,27.847517760840343,0.27191123589603855,0.37886831465731846,100.98605713586053,"JW Fitzgerald","sa3031406",
2026,"Armani Guzman","WVU",21,288,0.135416666,0.145833333,0.928571428,0.32051282,0.419014084,0.444444444,0.863458528,0.123931624,8.65032414910859,0.375634517,5.41674717515707,52.623841848139456,0.5026198289439004,0.39848580033006803,100.96432855844937,"Armani Guzman","sa3032893",
2026,"Quinn Murphy","ME",,222,0.081081081,0.171171171,0.47368421,0.298507462,0.357466063,0.43283582,0.790301883,0.134328358,6.270766418588487,0.345911949,1.2258843705058098,34.68168276126053,0.3265962558474742,0.3715699056155002,100.9506489113221,"Quinn Murphy","sa3060113",
2026,"Michael Young","USA",23,249,0.088353413,0.10441767,0.846153846,0.301369863,0.371428571,0.470319634,0.841748205,0.168949771,6.578220938005046,0.315508021,-1.3159824516624212,41.166984295486834,0.3758974280351639,0.38229039226259504,100.92151853971585,"Michael Young","sa3060990",
2026,"John Calabrese","BUCK",,146,0.123287671,0.130136986,0.947368421,0.27118644,0.377622377,0.372881355,0.750503732,0.101694915,3.4056818192116625,0.31372549,-0.4353186096996069,21.82381713786777,0.1974724570816382,0.3703631996274828,100.91311065275437,"John Calabrese","sa3066603",
2026,"Curtis McKay","NIA",,215,0.097674418,0.162790697,0.6,0.301075268,0.373831775,0.424731182,0.798562957,0.123655914,6.642204866164025,0.34,2.573084680829197,32.86228733894379,0.2867082023337574,0.3787014935618249,100.88013232591018,"Curtis McKay","sa3059986",
2026,"Joshua Ibe","SFA",22,171,0.134502923,0.257309941,0.522727272,0.25,0.358823529,0.451388888,0.810212417,0.201388888,4.290416727805685,0.308510638,-0.333316202275455,26.70154918455373,0.23217649482976155,0.37131851455744574,100.8771514820217,"Joshua Ibe","sa3062852",
2026,"Tyler Kamerer","MRSH",22,256,0.0625,0.1171875,0.533333333,0.318965517,0.37890625,0.448275862,0.827182112,0.129310345,6.105544854664789,0.358208955,-0.7626516129821539,42.292916684082456,0.35509243481487635,0.38216012087650597,100.84671162887302,"Tyler Kamerer","sa3059640",
2026,"Luke Devine","SCU",20,182,0.054945054,0.214285714,0.256410256,0.294871794,0.370165745,0.423076923,0.793242668,0.128205129,5.921490186965761,0.364406779,-0.9842047658748925,26.978566769168403,0.18635997514488523,0.3671744258364261,100.69557530881129,"Luke Devine","sa3059048",
2026,"Albert De La Rosa","ME",,163,0.067484662,0.104294478,0.647058823,0.291666666,0.35,0.451388888,0.801388888,0.159722222,3.819434040340545,0.298387096,-1.6278875693678856,25.396694576991354,0.1720139446385225,0.37111782394349574,100.68192714566186,"Albert De La Rosa","sa3069931",
2026,"Emory Guilford","PRES",21,215,0.069767441,0.25116279,0.277777777,0.294736842,0.358139534,0.5,0.858139534,0.205263158,6.0457639242577565,0.373134328,-1.266479216341395,35.61683627387642,0.22462616285442927,0.384885817904805,100.6346768459777,"Emory Guilford","sa3070235",
2026,"Khi Holiday","USI",23,268,0.138059701,0.115671641,1.193548387,0.278846153,0.423664122,0.331730769,0.755394891,0.052884616,7.2199088472806245,0.322033898,2.2825434948317707,45.838849610039084,0.2852547227824597,0.3841247335645079,100.6261958545499,"Khi Holiday","sa3059510",
2026,"Reid Haire","EVAN",22,248,0.120967741,0.25,0.483870967,0.272300469,0.366935483,0.455399061,0.822334544,0.183098592,5.31403262830259,0.340277777,-0.19008760899305344,38.58738374762846,0.23969304614377646,0.373292192576393,100.62505210029373,"Reid Haire","sa3032981",
2026,"Andrew Davis","UTM",,259,0.123552123,0.154440154,0.8,0.297560975,0.4140625,0.370731707,0.784794207,0.073170732,6.2139295927813984,0.352941176,-2.4522425807081163,44.29805126079407,0.2742412764677076,0.38411909714341164,100.62293853386461,"Andrew Davis","sa3069906",
2026,"Bobby Stang","DAY",22,254,0.066929133,0.212598425,0.314814814,0.277272727,0.366141732,0.486363636,0.852505368,0.209090909,4.630230745685276,0.318471337,-0.7383219855837524,41.91306170170751,0.2469132477566324,0.3854715411118635,100.59259916483406,"Bobby Stang","sa3060656",
2026,"Brett Patten","FAU",21,181,0.121546961,0.232044198,0.523809523,0.286666666,0.4,0.393333333,0.793333333,0.106666667,6.531684137764591,0.38317757,1.8885003961622715,30.300946407594246,0.15090113190607504,0.38483786616060467,100.5005005150946,"Brett Patten","sa3070960",
2026,"Evan Joubert","TXSO",23,159,0.132075471,0.194968553,0.677419354,0.271317829,0.392405063,0.449612403,0.842017466,0.178294574,6.01092851721431,0.315789473,-3.151697506196797,27.312499322424486,0.12817094517763153,0.40158099464223357,100.4714883641742,"Evan Joubert","sa3059633",
2026,"Sean Kang","SIUE",,166,0.096385542,0.114457831,0.842105263,0.283582089,0.395061728,0.417910447,0.812972175,0.134328358,6.907214859033589,0.307017543,0.6331765339709818,28.33993460298548,0.12390194893846752,0.38380101838229613,100.4391189592726,"Sean Kang","sa3035061",
2026,"Matthew Witkow","HARV",,141,0.156028368,0.219858156,0.709677419,0.234234234,0.385714285,0.306306306,0.692020591,0.072072072,4.088117469350379,0.320987654,-0.14247399754822254,19.967768689985782,0.08164802789262114,0.36075893938541415,100.41057795675682,"Matthew Witkow","sa3074460",
2026,"Mikey Murphy","CAM",,194,0.103092783,0.268041237,0.384615384,0.25,0.366492146,0.43125,0.797742146,0.18125,9.627700764881974,0.342857142,1.7747747264802456,31.025082085281632,0.12671876326205533,0.37597170737401353,100.41011480751071,"Mikey Murphy","sa3038590",
2026,"Carter Hain","OAK",23,227,0.096916299,0.237885462,0.407407407,0.276923076,0.378854625,0.415384615,0.79423924,0.138461539,4.239701882685978,0.360294117,-3.4273669824469835,35.76552768150346,0.13217537203805074,0.3756471026836513,100.37093162296419,"Carter Hain","sa3032976",
2026,"Riley Jackson","HOU",21,203,0.113300492,0.256157635,0.442307692,0.271084337,0.386934673,0.512048192,0.898982865,0.240963855,1.8146095784711807,0.339622641,-1.560087624937296,36.8654925145396,0.12727004962051844,0.3973504430684612,100.34642408119241,"Riley Jackson","sa3034515",
2026,"Cade Baldridge","KU",21,293,0.085324232,0.18771331,0.454545454,0.320158102,0.407534246,0.458498023,0.866032269,0.138339921,4.50777938105308,0.385416666,-0.18335767835378647,53.207312576081264,0.18120823016355667,0.3973418253741852,100.34173400516364,"Cade Baldridge","sa3069546",
2026,"Preston Lucas","UPST",,228,0.118421052,0.184210526,0.642857142,0.29015544,0.374449339,0.461139896,0.835589235,0.170984456,5.642199013465251,0.333333333,-0.05993121222127229,37.657914327782116,0.12571011702390308,0.3843749913875227,100.33493933987461,"Preston Lucas","sa3059863",
2026,"Corey Nunez","UCSB",22,200,0.07,0.115,0.608695652,0.279761904,0.361256544,0.392857142,0.754113686,0.113095238,7.363861812818039,0.3125,0.8255172353237867,27.717211672537477,0.09055716680780226,0.3607183014535155,100.32778911680754,"Corey Nunez","sa3038969",
2026,"Ben Higdon","USM",23,256,0.1015625,0.19921875,0.509803921,0.29906542,0.383064516,0.439252336,0.822316852,0.140186916,4.314086405589865,0.366459627,-0.37094363756477833,42.04411384178501,0.10628959251743415,0.3811269866362695,100.25344565298782,"Ben Higdon","sa3033779",
2026,"Hayden Federico","MISS",20,256,0.13671875,0.125,1.09375,0.301980198,0.429133858,0.405940594,0.835074452,0.103960396,4.42497307474223,0.335294117,0.14403747022151947,46.78518717865891,0.11718791108078669,0.39006914327463765,100.25110978169187,"Hayden Federico","sa3059168",
2026,"Ty Barrango","CCU",22,191,0.136125654,0.193717277,0.702702702,0.248175182,0.427777777,0.299270072,0.727047849,0.05109489,5.93239396481742,0.333333333,0.7481560856103897,31.36436556686169,0.07481700588471052,0.3811020251777437,100.23911180993521,"Ty Barrango","sa3026625",
2026,"Blagen Pado","CCU",22,192,0.140625,0.270833333,0.519230769,0.188405797,0.389189189,0.405797101,0.79498629,0.217391304,8.69244887170336,0.2375,2.2103463355451822,31.524478222790727,0.07111003584004362,0.3810793325707719,100.22608082993649,"Blagen Pado","sa3039338",
2026,"Lucas Smith","UIC",,184,0.119565217,0.163043478,0.733333333,0.279220779,0.375,0.435064935,0.810064935,0.155844156,3.8563751402797064,0.314516129,-1.1153462901711464,28.515689825713366,0.06417736977312151,0.3726676786723344,100.22556751551434,"Lucas Smith","sa3060621",
2026,"Casey Borba","TEX",22,266,0.120300751,0.304511278,0.395061728,0.265765765,0.365019011,0.554054054,0.919073065,0.288288289,4.608024815701185,0.322834645,-0.08194207772612572,48.58666862883203,0.09570063986413696,0.3899648552158486,100.1973576602676,"Casey Borba","sa3027389",
2026,"Matt Ilgenfritz","GWEB",22,243,0.045267489,0.226337448,0.2,0.294117647,0.349794238,0.511312217,0.861106455,0.21719457,5.160404054426368,0.348101265,-0.06960511399665847,40.07835195971742,0.076923787725125,0.3841319032657294,100.192302603283,"Matt Ilgenfritz","sa3034412",
2026,"Kamana Nahaku","HAW",,215,0.148837209,0.204651162,0.727272727,0.2125,0.397129186,0.2875,0.684629186,0.075,5.703505220634883,0.280701754,1.0151007070671767,29.752631456787082,0.05397786312768422,0.36048398234627466,100.18175188635223,"Kamana Nahaku","sa3038665",
2026,"Dylan Shepherd","OHIO",,195,0.097435897,0.22051282,0.441860465,0.278787878,0.386597938,0.442424242,0.82902218,0.163636364,4.997809769989701,0.35042735,-0.9915212127380073,32.88262401225638,0.05950917007994223,0.3906102066801995,100.18130262885188,"Dylan Shepherd","sa3060567",
2026,"Tyler Castro","EIU",,232,0.150862068,0.081896551,1.842105263,0.300546448,0.426008968,0.327868852,0.75387782,0.027322404,5.080551279453201,0.335365853,0.5234624342992902,39.50280586286084,0.0683505873252559,0.38334109590727117,100.1733270736154,"Tyler Castro","sa3028641",
2026,"Noah Bright","MSU",23,183,0.103825136,0.207650273,0.5,0.288461538,0.39010989,0.442307692,0.832417582,0.153846154,3.5107013984014532,0.348214285,-0.05419706553220749,30.976354175480125,0.0024785932619542485,0.38447443960787175,100.00800220577943,"Noah Bright","sa3027693",
2026,"Lucas Moore","LOU",21,280,0.164285714,0.164285714,1,0.285714285,0.436823104,0.405529953,0.842353057,0.119815668,9.505514433726049,0.345238095,2.775321085937321,53.11102891975746,0.0033130746494259788,0.40503827630397643,100.00623840546841,"Lucas Moore","sa3038303",
2026,"Marcus Aranda","ULM",23,213,0.079812206,0.234741784,0.34,0.264044943,0.353773584,0.516853932,0.870627516,0.252808989,2.235828503587964,0.280991735,-0.7855076938867569,34.884749567458954,-0.008830764939458322,0.380641555729902,99.9746922933808,"Marcus Aranda","sa3026140",
2026,"Richard Beggy","JOES",23,243,0.106995884,0.127572016,0.838709677,0.297560975,0.378600823,0.463414634,0.842015457,0.165853659,6.621782909351953,0.310344827,0.49350136844441295,39.84820092832631,-0.013508025650325694,0.38443438947936637,99.9661127783911,"Richard Beggy","sa3069585",
2026,"Javier Crespo","UCF",23,220,0.09090909,0.127272727,0.714285714,0.317204301,0.40825688,0.456989247,0.865246127,0.139784946,4.214678124871558,0.348387096,-0.43326563388109207,39.78681548840222,-0.0280068873721606,0.3965846622755768,99.92965713344687,"Javier Crespo","sa3029553",
2026,"Henry Cooke","VT",22,221,0.149321266,0.276018099,0.540983606,0.284090909,0.409090909,0.488636363,0.897727272,0.204545454,4.721281682966563,0.378378378,-0.5428156619891524,41.861725916851036,-0.055435518037806934,0.40477013317021454,99.86774982813682,"Henry Cooke","sa3029316",
2026,"Lane Allen","HPU",21,252,0.099206349,0.238095238,0.416666666,0.29032258,0.369047619,0.470046082,0.839093701,0.179723502,7.680158064209168,0.361290322,0.3111005817190744,41.42761066638015,-0.055351882352610265,0.3835767699139459,99.86656719059641,"Lane Allen","sa3069478",
2026,"Tanner Berry","UNCG",19,176,0.102272727,0.25,0.409090909,0.319444444,0.421965317,0.402777777,0.824743094,0.083333333,4.2235728519185605,0.445544554,-1.7209404706954956,31.677662216305926,-0.04799333941916895,0.3956007082338278,99.84872388425555,"Tanner Berry","sa3075201",
2026,"Luke Jacobs","UTAH",21,246,0.097560975,0.203252032,0.48,0.297169811,0.37704918,0.537735849,0.914785029,0.240566038,5.569341899306501,0.346153846,-1.4199911281466484,44.4449630731706,-0.07524740155893582,0.3964033525009624,99.83098147839698,"Luke Jacobs","sa3070418",
2026,"Victor Izquierdo","NAVY",,220,0.095454545,0.109090909,0.875,0.259259259,0.351598173,0.433862433,0.785460606,0.174603174,9.199849270302252,0.271604938,1.4462001267820597,32.52950501579136,-0.05813765388637351,0.36863303756060667,99.82159601271046,"Victor Izquierdo","sa3034471",
2026,"Jamie Palmese","ETSU",22,240,0.054166666,0.116666666,0.464285714,0.33488372,0.3875,0.493023255,0.880523255,0.158139535,6.291470121223565,0.363636363,-0.8520830068737268,43.17097222170012,-0.09128535428864763,0.39549008856217066,99.78899539829075,"Jamie Palmese","sa3039381",
2026,"Brady Holbrook","BEL",19,181,0.071823204,0.165745856,0.433333333,0.295180722,0.35359116,0.48192771,0.83551887,0.186746988,5.059565649711994,0.3203125,0.11775019019842148,27.92308337590356,-0.06454572477678898,0.37195451746988034,99.7693776613067,"Brady Holbrook","sa3074996",
2026,"Lazaro Alvarado","UAPB",,206,0.106796116,0.082524271,1.294117647,0.32183908,0.412935323,0.367816091,0.780751414,0.045977011,2.27759739625,0.352564102,0.12164059607312083,35.13843282839373,-0.08151462891980978,0.4004511773882814,99.76855550673775,"Lazaro Alvarado","sa3069487",
2026,"Alex Sandell","HC",,233,0.068669527,0.154506437,0.444444444,0.274509803,0.347639484,0.446078431,0.793717915,0.171568628,7.880044610324637,0.305389221,0.25883188378065825,34.41855510404241,-0.09472099611627866,0.36848079800094147,99.72555199963807,"Alex Sandell","sa3041490",
2026,"Tim Dickinson","JOES",22,237,0.139240506,0.168776371,0.825,0.248648648,0.39574468,0.394594594,0.790339274,0.145945946,7.155864645227773,0.291666666,1.2612431179732084,38.753093543321974,-0.12437568339597145,0.3839608654062799,99.6800828709537,"Tim Dickinson","sa3030288",
2026,"Drew Loikits","CMU",21,227,0.057268722,0.158590308,0.361111111,0.304812834,0.403587443,0.390374331,0.793961774,0.085561497,6.607054527300365,0.366013071,-0.08857321785762906,38.057722000138526,-0.15175014947199494,0.3896392255086001,99.60284677873116,"Drew Loikits","sa3036466",
2026,"Thad Ector","GWEB",22,166,0.180722891,0.228915662,0.789473684,0.246031746,0.411042944,0.333333333,0.744376277,0.087301587,7.0420424074630645,0.34090909,3.354674275382422,27.174847879560964,-0.15123062476299415,0.3828609918524151,99.44657033485771,"Thad Ector","sa3030773",
2026,"Xavier Esquer","UCSB",22,187,0.096256684,0.208556149,0.461538461,0.253164556,0.349726775,0.411392405,0.76111918,0.158227849,5.500267773035706,0.310344827,-0.5064610817935318,25.68129967528403,-0.1496222875732171,0.35926296313603723,99.42076288338308,"Xavier Esquer","sa3031032",
2026,"Macon Winslow","UNC",21,311,0.154340836,0.147909967,1.04347826,0.281512605,0.417475728,0.466386554,0.883862282,0.184873949,2.940178067084503,0.298429319,-1.9654361242428422,58.589315953103366,-0.3981827177130595,0.4037191987423449,99.3249710079501,"Macon Winslow","sa3045458",
2026,"Jake Amman","COFC",,242,0.099173553,0.219008264,0.452830188,0.303317535,0.376033057,0.412322274,0.788355331,0.109004739,5.959725975149056,0.379746835,-3.3574736015871167,38.2732963626108,-0.2700228328981544,0.3740853918485405,99.29943025527078,"Jake Amman","sa3069491",
2026,"James McGee","KENN",,196,0.178571428,0.142857142,1.25,0.229729729,0.395833333,0.412162162,0.807995495,0.182432433,3.5223429771159873,0.24137931,0.12344594253227115,32.36974567687113,-0.23022359097402031,0.3849436131616433,99.29379199997867,"James McGee","sa3059976",
2026,"Jackson Lyda","WCU",21,269,0.130111524,0.122676579,1.06060606,0.289099526,0.422053231,0.393364928,0.815418159,0.104265402,3.454105343409703,0.32,-1.7769392947666347,48.134528430177085,-0.3552519362436663,0.39452401154848105,99.26736740492709,"Jackson Lyda","sa3059874",
2026,"Hunter Carns","FSU",21,216,0.152777777,0.236111111,0.647058823,0.302857142,0.412037037,0.48,0.892037037,0.177142858,4.988324585605291,0.382113821,-0.214428654871881,40.645604171802574,-0.3232051944236216,0.4034987097537076,99.211094490117,"Hunter Carns","sa3058817",
2026,"Patrick Engskov","ARST",22,237,0.059071729,0.164556962,0.358974358,0.269230769,0.351694915,0.5,0.851694915,0.230769231,7.126106733463852,0.283018867,0.29953863099217415,38.50187774297487,-0.32337361279237886,0.3792351946487265,99.16710490853178,"Patrick Engskov","sa3030951",
2026,"Carson Lorch","TAR",22,194,0.113402061,0.092783505,1.222222222,0.2875,0.390625,0.425,0.815625,0.1375,5.1725702291555145,0.29787234,-0.11172663629986346,31.21379364597169,-0.2626884771648281,0.3848014927158753,99.16544524849637,"Carson Lorch","sa3059849",
2026,"Cordell Coburn","WIU",24,173,0.115606936,0.283236994,0.408163265,0.275362318,0.402366863,0.384057971,0.786424834,0.108695653,3.511027020152521,0.409090909,-0.7791877640411258,29.151172110332816,-0.25469324599328796,0.3815424329430394,99.13386923694632,"Cordell Coburn","sa3058892",
2026,"Magnus Krieger","HALL",20,131,0.106870229,0.251908396,0.424242424,0.28318584,0.381679389,0.371681415,0.753360804,0.088495575,3.6566737051794167,0.384615384,-0.167429331690073,19.493519768814906,-0.18093436886800562,0.3692442224225925,99.0803588877139,"Magnus Krieger","sa3065937",
2026,"Ian Guanzon","ETSU",22,197,0.131979695,0.121827411,1.083333333,0.301282051,0.412698412,0.423076923,0.835775335,0.121794872,4.078571878514962,0.335877862,-1.0409976760856807,35.16016821666838,-0.3509348769557364,0.3940506161205352,99.01176013589185,"Ian Guanzon","sa3070231",
2026,"Isaac Sturgess","MSU",20,218,0.082568807,0.160550458,0.514285714,0.317708333,0.380733944,0.46875,0.849483944,0.151041667,5.396952668917007,0.363057324,-1.0288811698555946,36.5159966983802,-0.38184415912560266,0.38258902851594695,98.96513142706581,"Isaac Sturgess","sa3060687",
2026,"Jake Sanko","GCU",20,202,0.07920792,0.148514851,0.533333333,0.333333333,0.393034825,0.446327683,0.839362508,0.11299435,4.714394465192077,0.386666666,-0.9527869096491486,35.67129896534148,-0.37962310063180127,0.386361698606121,98.94698088460234,"Jake Sanko","sa3065404",
2026,"Ryan Kolben","MASS",,165,0.115151515,0.254545454,0.452380952,0.266666666,0.376543209,0.474074074,0.850617283,0.207407408,4.108241503011459,0.329545454,-0.05880538374185562,27.47864395696691,-0.29476090949007727,0.38852439508026027,98.93869364988781,"Ryan Kolben","sa3035613",
2026,"Avery Thielman","WMU",22,207,0.06763285,0.144927536,0.466666666,0.318681318,0.368932038,0.5,0.868932038,0.181318682,3.8144188833695956,0.342105263,-1.175345879048109,34.45001462881879,-0.39298420364542447,0.3884126607654164,98.8721286433036,"Avery Thielman","sa3043667",
2026,"Cam Mazell","NORF",,208,0.139423076,0.158653846,0.878787878,0.289940828,0.4,0.414201183,0.814201183,0.124260355,4.07096567678716,0.333333333,-0.3126386501826346,36.259254322508625,-0.42333044006461773,0.39667375960001133,98.84596343795124,"Cam Mazell","sa3037397",
2026,"Michael Graziano","MER",,227,0.118942731,0.202643171,0.586956521,0.291005291,0.386666666,0.492063492,0.878730158,0.201058201,4.547705045930482,0.342857142,-0.411740658339113,40.44447783013963,-0.47440746048308474,0.39373364792929755,98.84061489673132,"Michael Graziano","sa3032623",
2026,"Cooper Loyal","ALB",,196,0.147959183,0.163265306,0.90625,0.251533742,0.369230769,0.386503067,0.755733836,0.134969325,6.972430179421922,0.3,-0.9238280206918716,29.97971450654789,-0.3518033090420143,0.3680193087993524,98.8401394510459,"Cooper Loyal","sa3036615",
2026,"Cecil Lofton","SIU",,197,0.121827411,0.131979695,0.923076923,0.267080745,0.365482233,0.459627329,0.825109562,0.192546584,4.467899530547378,0.272058823,0.1134759858250618,30.075149406349322,-0.3865242557171396,0.3703313990292815,98.73111287316273,"Cecil Lofton","sa3059835",
2026,"Trey Dunn","PEPP",23,194,0.072164948,0.319587628,0.225806451,0.275280898,0.335051546,0.488764044,0.82381559,0.213483146,4.2308166733835355,0.373831775,-0.25165828177705407,28.19499339555146,-0.3637325277483257,0.3640818386962733,98.7263699062584,"Trey Dunn","sa3069988",
2026,"JR Nelson","ILL",21,202,0.168316831,0.108910891,1.545454545,0.258503401,0.418367346,0.367346938,0.785714284,0.108843537,3.7870459410010886,0.275590551,-0.029356718063354492,33.722587364815375,-0.46715508113036325,0.38198972295741646,98.63363965999761,"JR Nelson","sa3038753",
2026,"Chase Bloomer","SIUE",22,260,0.107692307,0.165384615,0.65116279,0.301801801,0.373076923,0.481981981,0.855058904,0.18018018,6.2395796691225005,0.322033898,-0.6320186564698815,43.58880825510058,-0.6049778295513666,0.3806724126522358,98.63107942733726,"Chase Bloomer","sa3027276",
2026,"Jack Porter","PSU",22,173,0.063583815,0.098265895,0.647058823,0.311258278,0.375722543,0.476821192,0.852543735,0.165562914,2.4113756525,0.320895522,-0.20680439472198486,28.835273565936934,-0.4460405090562021,0.3817060017861383,98.47670597052497,"Jack Porter","sa3060292",
2026,"Khamaree Thomas","MSU",20,220,0.122727272,0.159090909,0.771428571,0.318681318,0.401869158,0.417582417,0.819451575,0.098901099,5.441715135952201,0.375838926,0.7706432938575745,36.66893095684703,-0.5674222021037764,0.38170501589775085,98.47616064956301,"Khamaree Thomas","sa3066099",
2026,"Robert Wegrzyn","LEM",,201,0.07960199,0.218905472,0.363636363,0.298850574,0.393034825,0.431034482,0.824069307,0.132183908,4.3601887854500925,0.370967741,0.10441587679088116,34.87408075162426,-0.5739939468239184,0.39594748927586115,98.3807471866757,"Robert Wegrzyn","sa3060896",
2026,"Hayden Miller","BRAD",22,247,0.085020242,0.340080971,0.25,0.221105527,0.369918699,0.417085427,0.787004126,0.1959799,7.346045789118831,0.330188679,3.267556957900524,37.57176265180223,-0.621300264595816,0.3697719743581322,98.373264103076,"Hayden Miller","sa3038058",
2026,"Bobby Lavely","SPU",,189,0.116402116,0.285714285,0.407407407,0.26380368,0.359788359,0.441717791,0.80150615,0.177914111,1.9447626295343783,0.343137254,-1.2229695129208267,28.151126309893083,-0.48508046601061755,0.3746475826495539,98.30605893508636,"Bobby Lavely","sa3074336",
2026,"Luke Hammond","XAV",23,249,0.040160642,0.124497991,0.322580645,0.295454545,0.347107438,0.459090909,0.806198347,0.163636364,4.587535751666788,0.309782608,-0.4566317927092314,36.75853411829833,-0.637947410579883,0.3679772359280547,98.29409777471378,"Luke Hammond","sa3033104",
2026,"Jake Butler","GMU",21,256,0.11328125,0.140625,0.805555555,0.278846153,0.385542168,0.41826923,0.803811398,0.139423077,7.552187720591736,0.315789473,1.5767282824963331,41.27519532009341,-0.7190330429436976,0.38165590250827225,98.2877812714459,"Jake Butler","sa3028165",
2026,"Santino Harwood","DSU",,197,0.152284263,0.081218274,1.875,0.294871794,0.409326424,0.371794871,0.781121295,0.076923077,5.342021992016836,0.314685314,-1.5517047443427145,34.139494786542684,-0.6031455895483248,0.3957651699145223,98.26396156705641,"Santino Harwood","sa3059429",
2026,"Cooper Malamazian","IU",20,231,0.116883116,0.207792207,0.5625,0.301020408,0.388646288,0.443877551,0.832523839,0.142857143,5.631492136416062,0.374149659,-1.0676569938659668,38.38796990306027,-0.7102009138380795,0.3811759935716354,98.18354439862661,"Cooper Malamazian","sa3059899",
2026,"Jackson Bessette","PUR",22,192,0.140625,0.109375,1.285714285,0.258278145,0.393617021,0.423841059,0.81745808,0.165562914,3.467339484724951,0.267716535,-0.5733472034335136,31.905831320179185,-0.591349618541519,0.3811701368144218,98.18030487119294,"Jackson Bessette","sa3027091",
2026,"Charles Ashe III","GRAM",20,196,0.071428571,0.193877551,0.368421052,0.308139534,0.3626943,0.53488372,0.89757802,0.226744186,4.6086477570058495,0.341085271,-0.259460081346333,32.89832250074705,-0.6119187693182573,0.39788815919599385,98.17393505350591,"Charles Ashe III","sa3073676",
2026,"Cade Corcoran","SHSU",,259,0.166023166,0.235521235,0.704918032,0.259615384,0.393822393,0.413461538,0.807283931,0.153846154,3.446626542419229,0.328671328,-0.7243696320801973,42.24964407706277,-0.8288867411611809,0.3828346598102319,98.07587045004207,"Cade Corcoran","sa3069849",
2026,"Josh Overbeek","NEB",,249,0.100401606,0.172690763,0.581395348,0.27363184,0.399193548,0.407960199,0.807153747,0.134328359,6.81270385722561,0.324840764,0.008408904075622559,41.32881799425233,-0.8159635356510828,0.3809596946643245,98.06390374791214,"Josh Overbeek","sa3039291",
2026,"Matt Thorsen","SIE",,197,0.137055837,0.304568527,0.45,0.263473053,0.375634517,0.389221556,0.764856073,0.125748503,7.165945576933727,0.394230769,2.581429483368993,29.26416390997326,-0.5841574384554676,0.3742331547785531,98.04291359759762,"Matt Thorsen","sa3071454",
2026,"Shaun Callahan","UNH",,157,0.133757961,0.146496815,0.913043478,0.286821705,0.391025641,0.449612403,0.840638044,0.162790698,6.164816730896904,0.307692307,0.21854539075866342,27.139268450522135,-0.5490287019970916,0.3953797973883458,98.01710918164162,"Shaun Callahan","sa3074223",
2026,"Billy Scaldeferri","GCU",21,192,0.046875,0.177083333,0.264705882,0.307692307,0.371727748,0.49704142,0.868769168,0.189349113,6.347725378219142,0.348484848,0.7628704156959429,33.574698629487834,-0.6915243243085527,0.3846886304660617,97.98190677379007,"Billy Scaldeferri","sa3060501",
2026,"Scott Edwards","DAV",,167,0.101796407,0.221556886,0.459459459,0.277777777,0.377245508,0.4375,0.814745508,0.159722223,3.709584484326073,0.336633663,-0.012505723163485527,26.83792197495767,-0.5567504337423204,0.3811259548107307,97.96766894877887,"Scott Edwards","sa3059117",
2026,"Jackson Hays","YALE",19,172,0.156976744,0.139534883,1.125,0.21875,0.397590361,0.25,0.647590361,0.03125,5.7936248512939175,0.269230769,-1.0617400892078876,23.76477599986513,-0.49347048155348194,0.3568299200879522,97.96576194437026,"Jackson Hays","sa3074303",
2026,"Zach Wadas","LMU",21,237,0.17299578,0.345991561,0.5,0.215789473,0.354430379,0.447368421,0.8017988,0.231578948,7.4716336663946095,0.303921568,0.9463020924013108,34.13598408894292,-0.7527687142635259,0.3626935459390471,97.84237425020724,"Zach Wadas","sa3044602",
2026,"Boston Kellner","TA&M",20,223,0.192825112,0.197309417,0.977272727,0.243902439,0.422727272,0.396341463,0.819068735,0.152439024,4.795577317703401,0.296610169,-0.5043858410790563,39.74474609262593,-0.9074563943659479,0.3852510235526345,97.76775589303847,"Boston Kellner","sa3070492",
2026,"Beau Sylvester","ARIZ",23,171,0.052631578,0.181286549,0.29032258,0.329032258,0.391812865,0.477419354,0.869232219,0.148387096,6.33271871305724,0.396694214,-0.04499746859073639,30.25564750072477,-0.6913280731725944,0.3926092525671797,97.76608841299598,"Beau Sylvester","sa3043434",
2026,"Brett Ott","SAC",21,218,0.133027522,0.174311926,0.763157894,0.278106508,0.413145539,0.349112426,0.762257965,0.071005918,8.022370333500634,0.345864661,1.6155610643327236,34.57004201965181,-0.8004378919139759,0.3823824334592327,97.73698888475573,"Brett Ott","sa3039275",
2026,"Gus Gandy","SAM",21,222,0.09009009,0.13063063,0.689655172,0.315789473,0.389908256,0.47368421,0.863592466,0.157894737,7.9633135571415465,0.35,-0.48651172686368227,39.08508592900212,-0.9325023287874958,0.39156519163639175,97.66976879570952,"Gus Gandy","sa3059267",
2026,"Andrew Ildefonso","FIU",21,256,0.0625,0.0859375,0.727272727,0.290178571,0.3671875,0.477678571,0.844866071,0.1875,5.249571900929104,0.285714285,-0.6654318808577955,41.577178871781044,-1.0023728249962987,0.3820900919381529,97.64588215457383,"Andrew Ildefonso","sa3059562",
2026,"Jayden Williams","CIT",19,248,0.141129032,0.241935483,0.583333333,0.288659793,0.418410041,0.391752577,0.810162618,0.103092784,8.631443335706447,0.401515151,2.201631996780634,43.651084501675626,-1.053248326846103,0.39151740772454807,97.64396813417127,"Jayden Williams","sa3071618",
2026,"Kyle Krupp","MORE",19,207,0.106280193,0.154589371,0.6875,0.314917127,0.398058252,0.392265193,0.790323445,0.077348066,8.115602696946036,0.378378378,-1.3960378835909069,34.35540908786624,-0.8296436795297317,0.37896102146037575,97.64205645785327,"Kyle Krupp","sa3070539",
2026,"Landon Mensik","XAV",20,181,0.104972375,0.331491712,0.316666666,0.225165562,0.342541436,0.463576158,0.806117594,0.238410596,3.1749071979364154,0.297619047,-0.7564537562429905,26.507966937503124,-0.6758208405167835,0.3667199921212802,97.51388273762484,"Landon Mensik","sa3060018",
2026,"Joey Wright","UCD",,198,0.131313131,0.191919191,0.684210526,0.243589743,0.376288659,0.339743589,0.716032248,0.096153846,4.745511633907912,0.302521008,0.8405168089084327,26.6620118417846,-0.6883761188877773,0.3561539855814472,97.48312119053811,"Joey Wright","sa3045621",
2026,"Micajah Wall","USI",23,218,0.110091743,0.142201834,0.774193548,0.298342541,0.388625592,0.419889502,0.808515094,0.121546961,4.42020563228044,0.333333333,-1.809985384810716,36.11439530289717,-0.9403945680802275,0.37864971584618373,97.46215112444403,"Micajah Wall","sa3060858",
2026,"Matt McIntire","UNH",22,149,0.093959731,0.194630872,0.48275862,0.271317829,0.369127516,0.511627906,0.880755422,0.240310077,2.202380949107143,0.301075268,-1.8964771358296275,25.607977890532148,-0.6694506172727236,0.3944981634216821,97.45237393729799,"Matt McIntire","sa3074363",
2026,"Chris Goode","MRMK",,190,0.152631578,0.310526315,0.491525423,0.238410596,0.38095238,0.370860927,0.751813307,0.132450331,6.195403252480831,0.355555555,0.545171158388257,28.050789117627236,-0.7369319798420941,0.37328380977035197,97.44011699520435,"Chris Goode","sa3032453",
2026,"Nolan Freund","LR",,259,0.061776061,0.054054054,1.142857142,0.323404255,0.372093023,0.463829787,0.83592281,0.140425532,4.27680606359244,0.314814814,0.5513386013917625,42.876477400771144,-1.147332583555214,0.3785315047400866,97.3938362355196,"Nolan Freund","sa3070121",
2026,"Luke Williams","JVST",22,199,0.110552763,0.195979899,0.564102564,0.286624203,0.402116402,0.382165605,0.784282007,0.095541402,4.134471221073788,0.362068965,-1.7626088256947696,32.227571730597774,-0.8713766586939958,0.38160780024906943,97.36735847784247,"Luke Williams","sa3071622",
2026,"Bristol Carter","AUB",22,196,0.147959183,0.122448979,1.208333333,0.298013245,0.427807486,0.38410596,0.811913446,0.086092715,7.5,0.341269841,5.091309170238674,34.77906445492582,-0.9511224843136776,0.38441730756810644,97.33804223881869,"Bristol Carter","sa3028520",
2026,"Jake Downing","CP",20,245,0.114285714,0.273469387,0.417910447,0.269607843,0.355648535,0.397058823,0.752707358,0.12745098,5.176216214250703,0.378571428,-0.15198341920040548,32.92970604869293,-0.9129457208259236,0.3558639854068038,97.30238124647138,"Jake Downing","sa3059077",
2026,"Ethan Puig","APP",20,256,0.06640625,0.06640625,1,0.325892857,0.37751004,0.4375,0.81501004,0.111607143,6.223810483317982,0.336538461,-0.5792356710880995,40.792403537557945,-1.1454207117096327,0.37592935801509875,97.2687645765752,"Ethan Puig","sa3060318",
2026,"Duncan Mathews","USA",21,261,0.16091954,0.141762452,1.135135135,0.233160621,0.39516129,0.378238341,0.773399631,0.14507772,3.641910878422772,0.256578947,0.060026753693819046,41.584158969966865,-1.17276340916922,0.3759091109518082,97.25713792314133,"Duncan Mathews","sa3037288",
2026,"Kye Watson","SIU",20,201,0.089552238,0.149253731,0.6,0.280701754,0.373134328,0.415204678,0.788339006,0.134502924,8.624635658082141,0.319148936,1.9348184131085873,30.20686596745713,-0.8733188349558526,0.36792235143149077,97.19011054629233,"Kye Watson","sa3071563",
2026,"Mark Nowak","NKU",20,233,0.13304721,0.163090128,0.815789473,0.276595744,0.385281385,0.382978723,0.768260108,0.106382979,6.6203829868431106,0.324675324,0.374687249888666,35.54294977730893,-1.0322532539925722,0.370865612835079,97.17772378977868,"Mark Nowak","sa3060159",
2026,"Diego Villescas","RGV",,218,0.114678899,0.151376146,0.757575757,0.272727272,0.36574074,0.411764705,0.777505445,0.139037433,6.115385449890468,0.311258278,0.4487675712443888,32.77123607173116,-0.9733443163379932,0.3649585735466745,97.11555365292932,"Diego Villescas","sa3044508",
2026,"Fabian Santana","ALST",20,198,0.121212121,0.09090909,1.333333333,0.3081761,0.40625,0.37735849,0.78360849,0.06918239,5.628572403754923,0.333333333,-0.36631259974092245,32.8748654439764,-0.9773170635385587,0.39618290681391954,97.11298654578151,"Fabian Santana","sa3060487",
2026,"Jake Hooten","NAVY",,151,0.165562913,0.278145695,0.595238095,0.218487394,0.373333333,0.352941176,0.726274509,0.134453782,8.729166662499999,0.306666666,3.3387876292690635,21.7209703434155,-0.646002579863308,0.3643377367655436,97.111801484809,"Jake Hooten","sa3074312",
2026,"Mateo Garcia","SCU",22,146,0.08219178,0.164383561,0.5,0.25203252,0.351724137,0.43902439,0.790748527,0.18699187,4.446428565,0.3,-0.054751597344875336,20.871067888761264,-0.6215815174334228,0.3615401268005371,97.10793441196566,"Mateo Garcia","sa3059272",
2026,"Luke Mistone","MUR",22,284,0.049295774,0.056338028,0.875,0.311023622,0.373239436,0.413385826,0.786625262,0.102362204,5.6882692870759355,0.316455696,0.8483230024576187,42.63871985811521,-1.2755711064882085,0.3677741601853303,97.09531663048739,"Luke Mistone","sa3038158",
2026,"Andrew Tinsley","NCAT",,157,0.070063694,0.152866242,0.458333333,0.292857142,0.35064935,0.457142857,0.807792207,0.164285715,3.2623758350032688,0.315315315,-2.7215795246884227,24.277645143955517,-0.727731358915994,0.37033252824436536,97.08970045369072,"Andrew Tinsley","sa3060760",
2026,"Linkin Garcia","TTU",20,254,0.074803149,0.145669291,0.513513513,0.337662337,0.387351778,0.489177489,0.876529267,0.151515152,4.136184899151153,0.385416666,-0.9608589559793472,44.59917276830991,-1.3688494291750608,0.39124235381250794,97.02217027460026,"Linkin Garcia","sa3070141",
2026,"Madden Ocko","FOR",21,206,0.111650485,0.194174757,0.575,0.2375,0.395121951,0.36875,0.763871951,0.13125,4.592196742993569,0.294117647,-0.2978904200717807,32.76414836418998,-1.0280822716914482,0.37945384165135826,96.95763714810882,"Madden Ocko","sa3039019",
2026,"Chris Rembert","AUB",20,265,0.071698113,0.147169811,0.487179487,0.343347639,0.399239543,0.459227467,0.85846701,0.115879828,5.138470706664635,0.389743589,-1.2295277612283826,46.83390732631999,-1.474763790508932,0.3836590219359887,96.94720687525768,"Chris Rembert","sa3060352",
2026,"Kyle Schupmann","ILL",22,251,0.135458167,0.231075697,0.586206896,0.281553398,0.396,0.412621359,0.808621359,0.131067961,5.440200764633383,0.367346938,-1.0595747828483582,41.17051401494114,-1.3127798164072766,0.3788733506202698,96.90989163500647,"Kyle Schupmann","sa3041821",
2026,"Dominic Decker","MISS",23,299,0.170568561,0.153846153,1.108695652,0.270386266,0.409395973,0.429184549,0.838580522,0.158798283,5.669386163707481,0.289617486,0.2368851350620389,52.70672661541822,-1.8000381541359203,0.38317471902642475,96.69758760816902,"Dominic Decker","sa3059020",
2026,"Vincent Davis","DEL",,148,0.094594594,0.256756756,0.368421052,0.271317829,0.364864864,0.472868217,0.837733081,0.201550388,4.245708746130952,0.34117647,-1.7011922434903681,23.781689255567603,-0.8346140691317959,0.38029550418660446,96.6095068860548,"Vincent Davis","sa3059008",
2026,"Jordan Jaffe","LIB",22,259,0.084942084,0.135135135,0.628571428,0.325991189,0.382239382,0.44493392,0.827173302,0.118942731,7.607627949638223,0.362244897,1.0327724940143526,41.60524961776515,-1.4732812004587994,0.38024442835664196,96.58001057028727,"Jordan Jaffe","sa3034540",
2026,"Elijah Pelayo","CSUB",,240,0.095833333,0.1875,0.511111111,0.292682926,0.375527426,0.346341463,0.721868889,0.053658537,4.969333371291209,0.368098159,-0.49187832372263074,32.011116953583645,-1.140868453291966,0.35467069234526105,96.55867231090373,"Elijah Pelayo","sa3039642",
2026,"Brady Ballinger","KU",21,283,0.1590106,0.176678445,0.9,0.28251121,0.400709219,0.466367713,0.867076932,0.183856503,4.988322510857187,0.32,-1.1063388995826244,49.42443433189846,-1.7919053605749569,0.3902852928384821,96.50130139847091,"Brady Ballinger","sa3058546",
2026,"Dayne Wray","ULM",,194,0.097938144,0.170103092,0.575757575,0.267857142,0.352331606,0.488095238,0.840426844,0.220238096,6.096359657727038,0.286821705,0.24766044318675995,30.665542659896165,-1.1154647790019174,0.37457345619102833,96.49015286520886,"Dayne Wray","sa3071655",
2026,"Brayden Pleau","VAL",,176,0.079545454,0.221590909,0.358974358,0.288461538,0.36,0.442307692,0.802307692,0.153846154,4.034861570038002,0.365217391,-1.106797881424427,26.25846388149162,-0.9560262937555737,0.36682328701019284,96.48706888279274,"Brayden Pleau","sa3071021",
2026,"Nelson Grajales","COPP",21,189,0.105820105,0.116402116,0.909090909,0.29032258,0.404255319,0.367741935,0.771997254,0.077419355,3.6252677007779446,0.328358208,-0.28100812528282404,32.15780586082314,-1.1739658705535088,0.3929769260452149,96.47793738654339,"Nelson Grajales","sa3074289",
2026,"Alex Jang","YSU",,181,0.077348066,0.14917127,0.518518518,0.290123456,0.364640883,0.432098765,0.796739648,0.141975309,5.024249833858814,0.333333333,-1.5285118424799293,27.410365541413743,-1.0021312339749724,0.3698102453136971,96.47292090555368,"Alex Jang","sa3070427",
2026,"Hank Warren","RGV",,199,0.110552763,0.120603015,0.916666666,0.285714285,0.388601036,0.354037267,0.742638303,0.068322982,3.26834405825824,0.323741007,-0.06263439077883959,29.711802608510958,-1.0917363695888682,0.3638431062352472,96.45580863171257,"Hank Warren","sa3044811",
2026,"Kendyl Johnson","TAR",20,252,0.15079365,0.257936507,0.584615384,0.255,0.401606425,0.365,0.766606425,0.11,7.216249501706152,0.363636363,0.8726537895854563,39.43009691931138,-1.4568798591958505,0.3801806126253672,96.43681197783818,"Kendyl Johnson","sa3062856",
2026,"Hayden Lewis","OMA",23,202,0.07920792,0.153465346,0.516129032,0.286516853,0.361386138,0.404494382,0.76588052,0.117977529,2.430353069963664,0.324137931,-1.9362575318664312,28.55152421578605,-1.0636670352534547,0.3644596639246044,96.40837357342366,"Hayden Lewis","sa3036300",
2026,"Kaden Smith","DUKE",22,197,0.076142131,0.243654822,0.3125,0.287356321,0.360406091,0.574712643,0.935118734,0.287356322,4.680081837453052,0.32173913,-0.5437753945589066,35.99629026967536,-1.3687812356327898,0.39793334455054424,96.33673593950346,"Kaden Smith","sa3060618",
2026,"Nick Barron","NU",20,213,0.079812206,0.145539906,0.548387096,0.294736842,0.352112676,0.515789473,0.867902149,0.221052631,2.05691964,0.305194805,-0.21972966939210892,34.712945399511675,-1.3386147043816052,0.3777471201520571,96.28694375354634,"Nick Barron","sa3069565",
2026,"CJ Richmond","PUR",22,228,0.118421052,0.280701754,0.421875,0.245989304,0.372807017,0.459893048,0.832700065,0.213903744,5.246689257042615,0.313043478,0.2008022591471672,37.155804928582725,-1.4345974361481102,0.3777390898842561,96.28250199987745,"CJ Richmond","sa3040717",
2026,"Zach Justice","SDSU",21,243,0.102880658,0.176954732,0.581395348,0.292682926,0.390041493,0.429268292,0.819309785,0.136585366,3.7665841548537857,0.35,-0.9254434105241671,41.75019208631305,-1.6179963395855008,0.3817193903863677,96.26916318547613,"Zach Justice","sa3066205",
2026,"Johnny Lemm","ALA",,240,0.141666666,0.229166666,0.618181818,0.252577319,0.389121338,0.463917525,0.853038863,0.211340206,4.545036998194792,0.3,-0.45088818203657866,42.11265694774785,-1.6385923656066361,0.38231554614948926,96.25475296974781,"Johnny Lemm","sa3059794",
2026,"Brayden Ricketts","IU",20,193,0.139896373,0.196891191,0.710526315,0.235294117,0.37696335,0.450980392,0.827943742,0.215686275,1.2539682462500001,0.25,-0.24558021873235703,31.442616741542103,-1.2238203479011012,0.377686810431056,96.25358485056026,"Brayden Ricketts","sa3071113",
2026,"Daniel Perez","LAS",,219,0.168949771,0.251141552,0.672727272,0.23030303,0.401869158,0.345454545,0.747323703,0.115151515,8.216938404701883,0.324074074,2.86941643897444,34.57483903567247,-1.3499110092694329,0.3782697506597109,96.2423927582497,"Daniel Perez","sa3039709",
2026,"Jonah Oster","CAM",23,262,0.053435114,0.152671755,0.35,0.273504273,0.326923076,0.512820512,0.839743588,0.239316239,5.327256647028439,0.278074866,-0.45977391209453344,40.1581746924113,-1.5705427837182337,0.36888317144834076,96.23630229082252,"Jonah Oster","sa3039252",
2026,"Owen Estabrook","COLU",21,169,0.171597633,0.183431952,0.93548387,0.207407407,0.357142857,0.355555555,0.712698412,0.148148148,1.08035714,0.23,-0.3643340431153774,22.931911465065,-0.9032260660963076,0.35400911420583725,96.21052714751295,"Owen Estabrook","sa3031035",
2026,"Michael Perazza","FAU",22,232,0.077586206,0.176724137,0.43902439,0.315,0.375545851,0.44,0.815545851,0.125,5.653497970641469,0.366459627,-0.9962196871638298,37.1779203541815,-1.4674415461480885,0.37710615354854465,96.20280035174008,"Michael Perazza","sa3039692",
2026,"Jackson Westmoreland","UNA",21,250,0.12,0.14,0.857142857,0.295238095,0.397590361,0.333333333,0.730923694,0.038095238,5.074530326926301,0.350282485,0.46314390166662633,36.94005481911034,-1.4695619790521242,0.36839140897773837,96.17397385979017,"Jackson Westmoreland","sa3045053",
2026,"Jake Maddox","BEL",20,214,0.051401869,0.219626168,0.234042553,0.289340101,0.338028169,0.497461928,0.835490097,0.208121827,5.275014319989476,0.347222222,0.14870955049991608,31.81878847511348,-1.2715575334257203,0.3663077841342335,96.15731569232432,"Jake Maddox","sa3066325",
2026,"Ethan Mendoza","TEX",21,283,0.141342756,0.116607773,1.212121212,0.278260869,0.388692579,0.478260869,0.866953448,0.2,6.366236109237958,0.278350515,0.9664812395349145,49.58533149481653,-2.0046833205139762,0.3820428555508806,96.11420285942958,"Ethan Mendoza","sa3037860",
2026,"Luke Stulga","ILST",21,265,0.030188679,0.166037735,0.181818181,0.307377049,0.344696969,0.483606557,0.828303526,0.176229508,5.77482007193457,0.348484848,-1.985813431441784,39.313333604232746,-1.6630294437246738,0.36597038534554566,95.94149084978987,"Luke Stulga","sa3043274",
2026,"Spencer Nolan","CLT",22,267,0.101123595,0.164794007,0.613636363,0.303418803,0.379699248,0.418803418,0.798502666,0.115384615,6.516868529917016,0.356382978,0.5261202985420823,42.6665313834396,-1.8089497690948833,0.3766202395571802,95.93270331828259,"Spencer Nolan","sa3038913",
2026,"Adam Haight","ORST",20,248,0.088709677,0.181451612,0.488888888,0.282926829,0.3875,0.385365853,0.772865853,0.102439024,5.000788906608493,0.350318471,-1.481938058976084,38.40019874557326,-1.669223499452372,0.374842461446921,95.83417128092084,"Adam Haight","sa3059388",
2026,"Joey Gale","JOES",21,215,0.106976744,0.181395348,0.589743589,0.286516853,0.388625592,0.393258426,0.781884018,0.106741573,5.537954055158091,0.343065693,-0.8028385103680193,33.7727590504699,-1.4958311762995422,0.37746906760744575,95.75874406467149,"Joey Gale","sa3031841",
2026,"Josh Outlaw","ILST",22,197,0.101522842,0.131979695,0.769230769,0.279761904,0.379487179,0.38095238,0.760439559,0.101190476,7.5785337168780265,0.326241134,1.0771738849580288,29.168443277601533,-1.2932303844649278,0.3656781652034857,95.75456556060684,"Josh Outlaw","sa3065585",
2026,"Hudson Shupe","GONZ",22,233,0.111587982,0.137339055,0.8125,0.264248704,0.36637931,0.404145077,0.770524387,0.139896373,6.3601471645305505,0.285714285,0.1072780261747539,32.83863440991358,-1.4612786835341063,0.3593913517121611,95.7397014985054,"Hudson Shupe","sa3042241",
2026,"Jose Vasquez","UAPB",,186,0.134408602,0.096774193,1.388888888,0.267605633,0.413043478,0.330985915,0.744029393,0.063380282,8.152860176261381,0.296875,0.8321076701395214,30.444711366876092,-1.3558237159409878,0.393970453220865,95.73647514920721,"Jose Vasquez","sa3071524",
2026,"Keagen Jirschele","SDST",20,196,0.096938775,0.280612244,0.345454545,0.259259259,0.367875647,0.376543209,0.744418856,0.11728395,7.831618649431304,0.373831775,-0.08892674092203379,27.501708184370628,-1.233823920598394,0.3633907934544618,95.70627780236914,"Keagen Jirschele","sa3065061",
2026,"Javin Gauthier","VAL",,198,0.141414141,0.242424242,0.583333333,0.226415094,0.362244897,0.433962264,0.796207161,0.20754717,2.96083959,0.273584905,-0.05663320794701576,29.29258398574491,-1.3237174614081837,0.3655560147397372,95.67642922613283,"Javin Gauthier","sa3066056",
2026,"Luke Babcock","MERC",,194,0.134020618,0.175257731,0.764705882,0.279503105,0.386597938,0.440993788,0.827591726,0.161490683,5.016216579834675,0.32,-0.24704663269221783,32.73286308052107,-1.4807015538020452,0.39171902113354085,95.67217982216154,"Luke Babcock","sa3069526",
2026,"Keegan Giger","NICH",,231,0.064935064,0.138528138,0.46875,0.296650717,0.347826086,0.449760765,0.797586851,0.153110048,6.311074137522993,0.32183908,-0.24778910260647535,34.20140728182533,-1.555464597275464,0.3624804888082587,95.64988625813041,"Keegan Giger","sa3070164",
2026,"Jack Mislan","LAF",20,157,0.127388535,0.29299363,0.434782608,0.23880597,0.339743589,0.440298507,0.780042096,0.201492537,7.601376069631808,0.321428571,0.40320699475705624,22.2377702611535,-1.0179565531165213,0.361977470608858,95.62277042017931,"Jack Mislan","sa3060054",
2026,"Ryder Manale","SEA",20,137,0.102189781,0.240875912,0.424242424,0.264957264,0.360294117,0.41025641,0.770550527,0.145299146,1.7505313840951318,0.34939759,-0.634548413567245,19.28411011191724,-0.8836499473202418,0.35920101141228394,95.61850227925783,"Ryder Manale","sa3070662",
2026,"Luke Scales","BELL",22,233,0.115879828,0.163090128,0.710526315,0.265306122,0.35775862,0.443877551,0.801636171,0.178571429,4.833998659014313,0.283870967,-0.6485074895899743,34.18271600344958,-1.6150468524378365,0.36728928366611746,95.48841401363654,"Luke Scales","sa3041634",
2026,"Boston Vest","NMSU",20,243,0.102880658,0.131687242,0.78125,0.258241758,0.406779661,0.351648351,0.758428012,0.093406593,6.720918241900924,0.294117647,0.27563038282096386,38.58809701916922,-1.829211818006152,0.37832958390147,95.47418699900261,"Boston Vest","sa3060840",
2026,"AJ Kolb","TOW",,152,0.059210526,0.059210526,1,0.31707317,0.381294964,0.373983739,0.755278703,0.056910569,5.798313503301038,0.324561403,0.9828401189297438,23.107044922666148,-1.101982010050218,0.3675444597820584,95.44805326908457,"AJ Kolb","sa3066354",
2026,"Jaime Perez","GCU",23,192,0.088541666,0.052083333,1.7,0.297468354,0.397849462,0.398734177,0.796583639,0.101265823,4.549903896669518,0.301369863,-0.31773725897073746,32.70073551540138,-1.5654874383950066,0.3802670266038628,95.43139773383875,"Jaime Perez","sa3039714",
2026,"Brian Connolly","URI",20,155,0.09032258,0.212903225,0.424242424,0.29032258,0.39869281,0.362903225,0.761596035,0.072580645,6.096983431923209,0.372340425,0.5229777609929442,24.255884684014823,-1.1703082701678011,0.376870585033317,95.39723358397906,"Brian Connolly","sa3069832",
2026,"Ty Mainolfi","BC",19,274,0.113138686,0.124087591,0.911764705,0.323275862,0.411111111,0.443965517,0.855076628,0.120689655,8.234436478219568,0.368686868,1.964372804388404,49.569091996247465,-2.400601366465401,0.3960823862640946,95.38076672934966,"Ty Mainolfi","sa3059897",
2026,"Cade Kurland","FLA",22,212,0.099056603,0.174528301,0.567567567,0.279329608,0.383886255,0.469273743,0.853159998,0.189944135,2.5783455154230306,0.305970149,-1.055193263106048,36.86003013679192,-1.7869067566712173,0.3806112597903934,95.37633018213802,"Cade Kurland","sa3035794",
2026,"Tyler Horner","SEA",23,230,0.086956521,0.169565217,0.512820512,0.26395939,0.356521739,0.421319796,0.777841535,0.157360406,3.535725714248022,0.296774193,-0.4824560582637787,32.28422001601476,-1.5740632951138547,0.3587809443473816,95.35102450218882,"Tyler Horner","sa3070366",
2026,"Harrison Taubert","EVAN",24,162,0.216049382,0.290123456,0.744680851,0.150442477,0.407407407,0.265486725,0.672894132,0.115044248,6.7282586439631125,0.222222222,2.536955524235964,23.882020185127264,-1.1676809989070829,0.3650277978108253,95.33854320126055,"Harrison Taubert","sa3043529",
2026,"Trotter Enright","LBSU",21,238,0.151260504,0.134453781,1.125,0.262886597,0.38559322,0.30927835,0.69487157,0.046391753,2.7838804042960814,0.310975609,0.2905153785832226,31.340965114590144,-1.534753747228169,0.352701914512505,95.33164961752175,"Trotter Enright","sa3059133",
2026,"Camden Karczewski","ILST",23,235,0.093617021,0.114893617,0.814814814,0.303482587,0.38034188,0.388059701,0.768401581,0.084577114,3.846659690473611,0.337078651,-0.5089635960757732,34.64060388078195,-1.6969256145765161,0.36501460146700215,95.33010185848416,"Camden Karczewski","sa3035079",
2026,"Sohrab Rezaei","BRAD",21,244,0.159836065,0.168032786,0.951219512,0.254054054,0.409090909,0.291891891,0.7009828,0.037837837,4.268923544594861,0.31081081,-2.302199639379978,35.965653244441036,-1.7635263166971211,0.365007921930187,95.32582914017672,"Sohrab Rezaei","sa3073787",
2026,"Walker Fox","WCU",20,225,0.097777777,0.226666666,0.431372549,0.262295081,0.379464285,0.480874316,0.860338601,0.218579235,4.170634920634921,0.307086614,-0.6117406613193452,38.637404333042106,-1.9209621444473672,0.38710906808929785,95.26370928791343,"Walker Fox","sa3070106",
2026,"Matthew Jackson","STBK",21,170,0.152941176,0.235294117,0.65,0.229629629,0.378698224,0.362962962,0.741661186,0.133333333,7.037245287951229,0.301075268,0.9752321122214198,25.7788937001914,-1.296991685083487,0.3671398092303756,95.20979031109043,"Matthew Jackson","sa3034511",
2026,"TJ Anderson","CIT",,260,0.134615384,0.146153846,0.921052631,0.274038461,0.39453125,0.442307692,0.836838942,0.168269231,7.3282388464352675,0.303571428,1.3202885636128485,44.61687482342058,-2.250570883900581,0.38698738696984947,95.19800823378556,"TJ Anderson","sa3058498",
2026,"Derek Bermudez","JAX",22,215,0.08372093,0.153488372,0.545454545,0.267379679,0.348837209,0.459893048,0.808730257,0.192513369,3.583416062840664,0.277027027,-0.41494577447883785,31.445385770150185,-1.5868846762695303,0.3668191205623538,95.19595639408574,"Derek Bermudez","sa3058630",
2026,"Xavier Perez","HOU",,244,0.098360655,0.200819672,0.489795918,0.288461538,0.379166666,0.495192307,0.874358973,0.206730769,7.912855153219695,0.337748344,0.5753967948257923,42.03111772024041,-2.127139823800272,0.3878628519674142,95.18291721162504,"Xavier Perez","sa3060244",
2026,"Jake Kulikowski","USF",,165,0.127272727,0.206060606,0.617647058,0.272058823,0.368098159,0.448529411,0.81662757,0.176470588,5.771737976450174,0.323529411,0.08229984994977713,26.158653541920867,-1.3261943613307823,0.3752567746156564,95.17481644432209,"Jake Kulikowski","sa3035778",
2026,"Reese Harmon","OHIO",23,160,0.175,0.16875,1.037037037,0.247933884,0.414012738,0.322314049,0.736326787,0.074380165,4.383631006392069,0.301075268,0.03979014791548252,25.62811503992229,-1.3036714972481227,0.38218049828413947,95.15935752925698,"Reese Harmon","sa3059413",
2026,"Easton Richter","MINN",22,236,0.076271186,0.216101694,0.352941176,0.259433962,0.323404255,0.566037735,0.88944199,0.306603773,8.964767067308868,0.27027027,2.37643750756979,38.00869436400861,-1.9357572065022484,0.3756986435423506,95.15387712086819,"Easton Richter","sa3040720",
2026,"Tanner Chun","TULN",20,227,0.18061674,0.224669603,0.803921568,0.209876543,0.408071748,0.320987654,0.729059402,0.111111111,7.510344844749007,0.289473684,0.4876408912241459,35.94228057068595,-1.8702071507572258,0.3750394144400353,95.05399601175503,"Tanner Chun","sa3058865",
2026,"Eddison Esquivel","SF",20,264,0.121212121,0.208333333,0.581818181,0.255707762,0.378787878,0.356164383,0.734952261,0.100456621,3.6419404900150054,0.327160493,0.45627706591039896,36.93245480134124,-1.9309660427368287,0.3582789897918701,95.03140485114793,"Eddison Esquivel","sa3059143",
2026,"TJ Swidorski","COR",,144,0.041666666,0.256944444,0.162162162,0.25210084,0.335766423,0.403361344,0.739127767,0.151260504,2.7092860587446927,0.325,-1.3863068744540215,19.28862545408999,-1.020604158260476,0.3520230037452531,94.97467812545767,"TJ Swidorski","sa3043412",
2026,"Ike Schmidly","JMU",21,223,0.094170403,0.269058295,0.35,0.269430051,0.345454545,0.497409326,0.842863871,0.227979275,6.485243483690642,0.328,0.15864584408700466,34.68380292178733,-1.8479736703480965,0.3718765120614659,94.94146235760698,"Ike Schmidly","sa3041723",
2026,"Blaize Ward","MIZ",,185,0.081081081,0.151351351,0.535714285,0.296052631,0.404371584,0.421052631,0.825424215,0.125,4.6329268141383695,0.336065573,-0.37064169347286224,32.00423153109794,-1.7206898146128091,0.37968296464023693,94.89786856142914,"Blaize Ward","sa3071558",
2026,"Matt Quintanar","TTU",22,231,0.086580086,0.073593073,1.176470588,0.323383084,0.386956521,0.482587064,0.869543585,0.15920398,3.028387824852137,0.322404371,-0.39047741517424583,39.65978285766198,-2.1457806369011188,0.3872828105221624,94.86723666054596,"Matt Quintanar","sa3071065",
2026,"Payton Boines","JKST",22,146,0.109589041,0.157534246,0.695652173,0.277310924,0.388888888,0.411764705,0.800653593,0.134453781,5.340978728452797,0.322916666,0.13106143660843372,23.6772155280066,-1.284494805817559,0.39255228348904186,94.85413944541688,"Payton Boines","sa3065262",
2026,"John Freitag","VILL",20,140,0.171428571,0.257142857,0.666666666,0.245614035,0.378571428,0.350877192,0.72944862,0.105263157,1.4786414525,0.346153846,-0.1743502588942647,19.920099420639687,-1.106034772303884,0.36224967794758933,94.73971409982215,"John Freitag","sa3059235",
2026,"Jack Zebig","ILL",22,208,0.163461538,0.149038461,1.096774193,0.236024844,0.385365853,0.422360248,0.807726101,0.186335404,5.185931391773517,0.246031746,0.32426081597805023,33.34648544464987,-1.8587939056308938,0.37491446529946676,94.72012737880443,"Jack Zebig","sa3061009",
2026,"Jace Kohler","HPU",,235,0.123404255,0.165957446,0.743589743,0.291457286,0.381974248,0.396984924,0.778959172,0.105527638,3.925191947522947,0.34375,-0.6828902639681473,36.63250039736055,-2.052008328640237,0.3747640484904015,94.69552956410938,"Jace Kohler","sa3059713",
2026,"Ryan Jaros","RUTG",21,225,0.062222222,0.213333333,0.291666666,0.292307692,0.356164383,0.492307692,0.848472075,0.2,5.670875814768758,0.340425531,0.23096123337745667,36.04614302751512,-2.036490885048202,0.3747920968216848,94.65244213484831,"Ryan Jaros","sa3034592",
2026,"Mack Mitchell","SIUE",,251,0.103585657,0.302788844,0.342105263,0.238317757,0.346613545,0.509345794,0.855959339,0.271028037,8.083248612281015,0.278688524,0.8021527570672333,40.37393959792283,-2.2900615837988654,0.37375303877302374,94.63233283243959,"Mack Mitchell","sa3038171",
2026,"Easton Talt","ORST",22,287,0.142857142,0.160278745,0.891304347,0.273504273,0.378947368,0.405982905,0.784930273,0.132478632,7.95038452375158,0.310526315,3.0103248790837824,43.88131541291459,-2.4893466206433055,0.37229225551872924,94.63163450450244,"Easton Talt","sa3043492",
2026,"Tyrus Hall","WVU",21,252,0.142857142,0.337301587,0.423529411,0.278606965,0.402439024,0.43283582,0.835274844,0.154228855,7.812631142077277,0.441441441,1.6555898003280163,43.13498918265302,-2.4710800841430953,0.38675813049804875,94.58168589428911,"Tyrus Hall","sa3070256",
2026,"Carlos Martinez","UML",,238,0.088235294,0.210084033,0.42,0.28169014,0.344537815,0.427230046,0.771767861,0.145539906,4.788886078586511,0.341614906,-0.5416430458426476,34.81893465172832,-2.012194124345137,0.3607794599873679,94.5367025361104,"Carlos Martinez","sa3037142",
2026,"Zane Denton","CARK",,154,0.11038961,0.207792207,0.53125,0.28030303,0.368421052,0.401515151,0.769936203,0.121212121,5.610375157419751,0.353535353,-0.17052518553100526,22.367499987166482,-1.2928239605015897,0.3657579939616354,94.53589915606794,"Zane Denton","sa3069939",
2026,"Dane Watts","SELA",,168,0.13095238,0.089285714,1.466666666,0.269503546,0.383233532,0.34751773,0.730751262,0.078014184,1.4970238025,0.301587301,-0.21090337680652738,24.58022166014372,-1.4247760701114034,0.3605720639942649,94.52114518566648,"Dane Watts","sa3044876",
2026,"Garrett McGovern","MRMK",,162,0.098765432,0.296296296,0.333333333,0.29787234,0.372670807,0.382978723,0.75564953,0.085106383,3.224401108053973,0.436170212,-0.5548518532887101,23.196254289540207,-1.3490658040915389,0.3686593630299065,94.50377587684606,"Garrett McGovern","sa3074361",
2026,"Jake Tatom","TAR",22,231,0.103896103,0.147186147,0.705882352,0.284263959,0.371179039,0.446700507,0.817879546,0.162436548,7.215376222212835,0.303797468,1.264895994681865,35.405975501763216,-2.073753211868412,0.376844780413865,94.46700047454138,"Jake Tatom","sa3043526",
2026,"Kutter-Gage Webb","RICE",20,232,0.11637931,0.198275862,0.586956521,0.25136612,0.375545851,0.420765027,0.796310878,0.169398907,5.400916550002156,0.281481481,0.4987397687509656,36.506335624046336,-2.1390262762832553,0.3739797644740109,94.46498578069982,"Kutter-Gage Webb","sa3071572",
2026,"PJ Moutzouridis","ASU",21,254,0.129921259,0.149606299,0.868421052,0.28643216,0.409638554,0.417085427,0.826723981,0.130653267,8.14947243877831,0.327160493,-0.1871984452009201,43.409539159148004,-2.558483038336969,0.3864871557936611,94.43421118414585,"PJ Moutzouridis","sa3038483",
2026,"Jack Runsick","CARK",,247,0.101214574,0.129554655,0.78125,0.262376237,0.364754098,0.415841584,0.780595682,0.153465347,6.295210092344618,0.276470588,-0.6783674862235785,35.812771280863934,-2.135930115720575,0.36549375438299336,94.37153305089693,"Jack Runsick","sa3071187",
2026,"Carter Rutenbar","ARK",19,181,0.160220994,0.232044198,0.69047619,0.285714285,0.41436464,0.394557823,0.808922463,0.108843538,3.5581058700808343,0.384615384,-0.6373607041314244,31.137745949126682,-1.8579879080281654,0.3786568826074758,94.3690056536649,"Carter Rutenbar","sa3071195",
2026,"Jayden Reynolds","AMCC",,153,0.078431372,0.183006535,0.428571428,0.303703703,0.373333333,0.377777777,0.75111111,0.074074074,5.662681087220181,0.371428571,-0.04976940620690584,22.34150071206141,-1.341622220849508,0.36025752862294513,94.33511271021972,"Jayden Reynolds","sa3071098",
2026,"Dean ONeill","MTSU",22,256,0.0625,0.1796875,0.347826086,0.282608695,0.346456692,0.504347826,0.850804518,0.221739131,5.591687266036032,0.306358381,0.3189122723415494,40.16413435756762,-2.4154173392097262,0.3763436050865594,94.32728330159348,"Dean ONeill","sa3039164",
2026,"Jayden Alvarez","WAG",23,179,0.134078212,0.150837988,0.888888888,0.25,0.408045977,0.323529411,0.731575388,0.073529411,5.162742174375605,0.309090909,-0.46410115668550134,29.772053080883413,-1.7961328446002893,0.3895929394097164,94.31030706408015,"Jayden Alvarez","sa3067498",
2026,"Gabriel Wuerth","WES",22,212,0.099056603,0.183962264,0.538461538,0.25,0.368421052,0.392045454,0.760466506,0.142045454,5.066720986520138,0.290076335,0.3630902171134949,30.703967619662563,-1.8673874251792018,0.3653253505104466,94.26678005072763,"Gabriel Wuerth","sa3071665",
2026,"Grant MacArthur","PAC",21,216,0.129629629,0.162037037,0.8,0.25,0.375,0.372093023,0.747093023,0.122093023,3.158039128801139,0.275362318,0.08023088378831744,29.974237207781165,-1.823107119191794,0.3570776946014828,94.26647992849738,"Grant MacArthur","sa3059880",
2026,"Ethan Plyler","COFC",,243,0.069958847,0.181069958,0.386363636,0.297674418,0.367768595,0.395348837,0.763117432,0.097674419,5.002278469902908,0.358823529,-2.402831982821226,36.47150920176748,-2.2310799077725036,0.365484833471046,94.23532130768338,"Ethan Plyler","sa3040007",
2026,"Jake Bechtel","UNCW",21,250,0.084,0.3,0.28,0.263888888,0.334693877,0.481481481,0.816175358,0.217592593,7.969458078188178,0.348148148,2.7406835332512856,37.51812360187958,-2.299354905877605,0.3654677500530165,94.22526239216869,"Jake Bechtel","sa3026828",
2026,"Zach Yorke","LSU",22,158,0.196202531,0.221518987,0.885714285,0.226086956,0.411392405,0.4,0.811392405,0.173913044,4.334498574035738,0.256410256,-0.3838630421087146,27.139105592602295,-1.6638002053560792,0.3783745750596252,94.22349877811976,"Zach Yorke","sa3045721",
2026,"Nick Mascaro","CSUB",22,179,0.178770949,0.312849162,0.571428571,0.204379562,0.377142857,0.306569343,0.6837122,0.102189781,4.161340007523572,0.329113924,-0.2889615762978792,23.297376852922778,-1.4284789297052838,0.35092263834817067,94.22273209767361,"Nick Mascaro","sa3059942",
2026,"Karson Krowka","AMCC",23,159,0.075471698,0.113207547,0.666666666,0.28030303,0.379084967,0.356060606,0.735145573,0.075757576,5.323349785018326,0.3125,0.24280795268714428,23.189561832442994,-1.4223110194056074,0.36006465456844156,94.22103702563709,"Karson Krowka","sa3035735",
2026,"Sean Darnell","TROY",22,300,0.14,0.193333333,0.724137931,0.261410788,0.387205387,0.385892116,0.773097503,0.124481328,6.76620727300677,0.318681318,0.24035968258976936,46.29829172533835,-2.8475960667720934,0.37059545677519007,94.20583044746783,"Sean Darnell","sa3058991",
2026,"Evan Griffis","ARST",22,233,0.111587982,0.210300429,0.530612244,0.262376237,0.343347639,0.5,0.843347639,0.237623763,5.0703716961958305,0.292517006,-1.283877331763506,35.94963267327268,-2.220340178599766,0.3705557316157951,94.18301871155026,"Evan Griffis","sa3032716",
2026,"Owen Faust","FRES",20,242,0.111570247,0.099173553,1.125,0.276923076,0.393305439,0.405128205,0.798433644,0.128205129,5.271375497138783,0.29239766,-0.36329527699854225,40.65284117123567,-2.536877343445192,0.3780043160067443,94.12620079340674,"Owen Faust","sa3059166",
2026,"Ty Allen","MINN",22,216,0.12037037,0.189814814,0.634146341,0.269230769,0.356481481,0.5,0.856481481,0.230769231,7.899578464169772,0.289855072,1.0395780950784683,34.40993235496502,-2.1493962010957697,0.3738309376769596,94.120799571579,"Ty Allen","sa3025932",
2026,"Zack Hunt","CIT",,221,0.07239819,0.244343891,0.296296296,0.282051282,0.351598173,0.538461538,0.890059711,0.256410256,3.726969284791471,0.333333333,-0.7166553856804967,37.48799645080839,-2.3493324004146046,0.3849588039258844,94.10268592759206,"Zack Hunt","sa3070394",
2026,"Aiden Ciprian","IONA",,140,0.114285714,0.2,0.571428571,0.258928571,0.394160583,0.303571428,0.697732011,0.044642857,6.197082485156384,0.345238095,0.0451481556519866,19.960272646979092,-1.2517323722088367,0.36802179230390675,94.09894363556606,"Aiden Ciprian","sa3069801",
2026,"Noah Coy","ND",20,225,0.146666666,0.16,0.916666666,0.281609195,0.418181818,0.413793103,0.831974921,0.132183908,8.243807953853233,0.328467153,-0.07747498154640198,40.13794569283246,-2.537897396986494,0.3935117082162337,94.05308199384596,"Noah Coy","sa3058941",
2026,"Gavin Gilmore","BUT",21,228,0.065789473,0.21491228,0.306122448,0.28643216,0.34375,0.44723618,0.79098618,0.16080402,6.3041935558606985,0.342281879,0.375805476680398,32.20247088125674,-2.040090518679943,0.3611257592482226,94.0422373932468,"Gavin Gilmore","sa3070170",
2026,"Jake Koonin","PRIN",22,185,0.091891891,0.145945945,0.629629629,0.23076923,0.34054054,0.384615384,0.725155924,0.153846154,5.2975573127115805,0.246031746,0.5189663041383028,24.535042730056276,-1.5566758691439762,0.3505109864312249,94.03383160359667,"Jake Koonin","sa3035634",
2026,"Harrison Didawick","UVA",23,275,0.09090909,0.225454545,0.403225806,0.308641975,0.381818181,0.506172839,0.88799102,0.197530864,8.024798806358419,0.379310344,0.33117894921451807,49.04741069086672,-3.11195308557867,0.39347429578954524,94.0337595011387,"Harrison Didawick","sa3030296",
2026,"Zach Story","UCD",20,192,0.145833333,0.1875,0.777777777,0.197183098,0.38172043,0.288732394,0.670452824,0.091549296,3.194670565422649,0.247619047,-1.9029196170158684,24.938719193750238,-1.5828691317502503,0.35061623813003623,94.03177097719929,"Zach Story","sa3062688",
2026,"Gar Hindle","ELON",,181,0.165745856,0.154696132,1.071428571,0.24822695,0.391061452,0.326241134,0.717302586,0.078014184,3.7461958566918194,0.295652173,-0.31091072130948305,27.105811366054603,-1.7220430735616032,0.36513011881759044,94.02646118819334,"Gar Hindle","sa3074103",
2026,"Donovan LaSalle","UL",21,250,0.088,0.288,0.305555555,0.237864077,0.34939759,0.480582524,0.829980114,0.242718447,5.029555119741655,0.285714285,-0.36786062456667423,38.46822724534191,-2.486679248083459,0.3701120696393361,93.92825070060249,"Donovan LaSalle","sa3036014",
2026,"Gavin Balius","BALL",22,226,0.088495575,0.115044247,0.769230769,0.305699481,0.4,0.3626943,0.7626943,0.056994819,9,0.351190476,5.65315662836656,35.72991758732123,-2.311230896431967,0.3801075175073412,93.92439243147702,"Gavin Balius","sa3058544",
2026,"Kenneth Rhein","SEA",21,228,0.149122807,0.118421052,1.259259259,0.238888888,0.375,0.361111111,0.736111111,0.122222223,4.872408031669387,0.266233766,-0.058830884750932455,31.5128806139074,-2.050982842341842,0.3564853625638144,93.88931239988116,"Kenneth Rhein","sa3071099",
2026,"Drew Markle","UL",22,275,0.105454545,0.21090909,0.5,0.271493212,0.374531835,0.420814479,0.795346314,0.149321267,7.969942325061958,0.331288343,2.1108419690281153,42.2911172582509,-2.7592798845170092,0.37001955710100326,93.87512639284255,"Drew Markle","sa3037058",
2026,"Jabin Trosky","SDSU",23,270,0.074074074,0.07037037,1.052631578,0.323529411,0.38490566,0.428571428,0.813477088,0.105042017,7.8362466136350974,0.342465753,1.9411531225778162,45.225602353719104,-2.9612736750570643,0.37753347383355196,93.85460540482296,"Jabin Trosky","sa3044079",
2026,"Tye Wood","TULN",23,256,0.13671875,0.1328125,1.029411764,0.257425742,0.388888888,0.376237623,0.765126511,0.118811881,6.574806147338785,0.289940828,1.6033506095409393,40.0011676978149,-2.6419902611694757,0.37279138654943494,93.80442165256468,"Tye Wood","sa3045546",
2026,"Owen Silliman","CAN",,207,0.125603864,0.280193236,0.448275862,0.248554913,0.346341463,0.456647398,0.802988861,0.208092485,7.362172317764295,0.315315315,0.5172576657496393,29.417488461402765,-1.94597610268224,0.36754374823919156,93.79540452648008,"Owen Silliman","sa3042283",
2026,"Jackson Cauthron","EKU",,185,0.097297297,0.118918918,0.818181818,0.236486486,0.366120218,0.398648648,0.764768866,0.162162162,7.169215641373189,0.253968253,-0.6040869036223739,26.658868405434145,-1.7642480252060775,0.36456354589410167,93.79291138073724,"Jackson Cauthron","sa3028663",
2026,"Matthew Cash","JVST",20,212,0.099056603,0.103773584,0.954545454,0.284810126,0.405,0.354430379,0.759430379,0.069620253,3.890421392843792,0.312056737,-0.12642446532845497,33.062272037616296,-2.198919211277442,0.3753680697083473,93.76391116296608,"Matthew Cash","sa3058832",
2026,"Jeremy Comer","FGCU",21,245,0.07755102,0.248979591,0.311475409,0.287671232,0.351020408,0.447488584,0.798508992,0.159817352,3.32265165875,0.355263157,-0.26282180030830204,35.28281598231377,-2.3586084798854405,0.36446885186798716,93.73400843994617,"Jeremy Comer","sa3069826",
2026,"Mic Paul","WASH",22,233,0.184549356,0.257510729,0.716666666,0.244565217,0.400862068,0.369565217,0.770427285,0.125,6.9784106277437346,0.347107438,0.3021840527653694,36.92716770651792,-2.509515411825433,0.3729555439846269,93.63659615010023,"Mic Paul","sa3039557",
2026,"Nick Husovsky","UCSB",,211,0.085308056,0.184834123,0.461538461,0.267759562,0.344660194,0.393442622,0.738102816,0.12568306,2.406493927195683,0.309352517,-0.8789618695154786,27.28791199351157,-1.8582085100332353,0.34996277846178964,93.62450824353367,"Nick Husovsky","sa3034356",
2026,"Sammy Mummau","JAX",,232,0.10775862,0.193965517,0.555555555,0.276595744,0.388646288,0.340425531,0.729071819,0.063829787,5.5722395109883465,0.349315068,-0.5040332190692425,33.37127723149569,-2.272847157199071,0.3642911973478492,93.62350121884337,"Sammy Mummau","sa3060107",
2026,"Luke Anderson","BYU",22,251,0.111553784,0.179282868,0.622222222,0.291079812,0.391129032,0.450704225,0.841833257,0.159624413,5.495441020293203,0.349693251,-0.7865318842232227,42.525226245883566,-2.8998665555681207,0.38498403732815095,93.61615711333133,"Luke Anderson","sa3026061",
2026,"Thomas Ferroggiaro","SCU",21,232,0.142241379,0.129310344,1.1,0.235294117,0.368421052,0.37433155,0.742752602,0.139037433,4.88291171791062,0.25490196,-0.2622528625652194,31.950196878219487,-2.2025062877885073,0.35595405859905377,93.55100450736606,"Thomas Ferroggiaro","sa3031286",
2026,"Mark Gialluisi","VILL",22,178,0.073033707,0.13483146,0.541666666,0.256578947,0.355932203,0.401315789,0.757247992,0.144736842,3.825954488574613,0.274193548,-1.3738607810810208,25.005385504123716,-1.7278422554759743,0.3603111717660548,93.53672414340046,"Mark Gialluisi","sa3067109",
2026,"Hudson Lutterman","VT",20,215,0.074418604,0.172093023,0.432432432,0.298913043,0.369158878,0.54347826,0.912637138,0.244565217,5.261670388776104,0.314685314,-0.2846197858452797,38.12076434180727,-2.6583746106863937,0.3924041195450542,93.4810428101895,"Hudson Lutterman","sa3059873",
2026,"Zac Butler","WRST",,167,0.101796407,0.173652694,0.586206896,0.253731343,0.381818181,0.358208955,0.740027136,0.104477612,4.661788373591937,0.304761904,-0.47557446104474366,24.50146400372756,-1.7133810873769497,0.3653048266064037,93.46408082358514,"Zac Butler","sa3058783",
2026,"Basilio Williams","PV",19,192,0.151041666,0.130208333,1.16,0.288461538,0.4,0.371794871,0.771794871,0.083333333,7.449576573719035,0.325757575,-0.04478729562833905,30.66092956417664,-2.1654292309893743,0.3902204962153184,93.4033827982522,"Basilio Williams","sa3071610",
2026,"Zach Anderson","BING",21,169,0.065088757,0.189349112,0.34375,0.248275862,0.333333333,0.44137931,0.774712643,0.193103448,0.6217059110189627,0.271028037,-0.8366067931056023,24.42704910356393,-1.7261473802865464,0.3588669043598753,93.39986077284114,"Zach Anderson","sa3074066",
2026,"Cole Green","RICE",21,251,0.059760956,0.199203187,0.3,0.290178571,0.356275303,0.450892857,0.80716816,0.160714286,5.910087984869699,0.347305389,0.23908034805208445,39.0352408090955,-2.7750429710024616,0.37199684724151366,93.36277413088641,"Cole Green","sa3059345",
2026,"Ashton Larson","TEX",21,172,0.209302325,0.203488372,1.028571428,0.2578125,0.432748538,0.3359375,0.768686038,0.078125,3.8601182650761205,0.340425531,0.011525759473443031,29.26435847354844,-2.0907035343556117,0.3766452408673471,93.33216584349735,"Ashton Larson","sa3035995",
2026,"Brady Kaufman","PRIN",,145,0.075862068,0.248275862,0.305555555,0.28030303,0.337931034,0.393939393,0.731870427,0.113636363,5.5471135848483994,0.368421052,0.7231061421334743,19.086656126346067,-1.3636098027568329,0.34938319510427013,93.3320681135189,"Brady Kaufman","sa3074324",
2026,"Tyler Cox","HOU",25,237,0.109704641,0.071729957,1.529411764,0.319587628,0.416666666,0.386597938,0.803264604,0.06701031,4.891848614991549,0.344632768,-1.5700831785798073,40.02021816974435,-2.8712041168853193,0.38441392073505803,93.30587804317146,"Tyler Cox","sa3029501",
2026,"Reece McCarthy","MASS",20,208,0.173076923,0.177884615,0.972972972,0.262195121,0.400966183,0.359756097,0.76072228,0.097560976,6.0977014086125365,0.309523809,1.7956166160292923,32.659936448711946,-2.3513860496095864,0.3790324482940821,93.2839267933329,"Reece McCarthy","sa3066217",
2026,"Mason Ault","ETSU",,155,0.141935483,0.206451612,0.6875,0.264,0.39869281,0.408,0.80669281,0.144,2.9093193911947557,0.325842696,-0.7239696378819644,26.05664704592921,-1.8835609718968696,0.3833955226380841,93.25860075667603,"Mason Ault","sa3069521",
2026,"Gus Gregory","WRST",22,191,0.099476439,0.209424083,0.475,0.259259259,0.361256544,0.432098765,0.793355309,0.172839506,6.381508436463937,0.299145299,-0.49930424336344004,27.94882300896961,-2.03342496947926,0.3649362022964118,93.21790357100349,"Gus Gregory","sa3032688",
2026,"Chase Krewson","RUTG",21,235,0.110638297,0.165957446,0.666666666,0.26395939,0.367965367,0.451776649,0.819742016,0.187817259,6.333088508768151,0.286666666,0.06872685253620148,37.07695064161974,-2.698244778168619,0.372195621073504,93.21626267403269,"Chase Krewson","sa3035717",
2026,"Dom Patrizi","LEH",22,185,0.145945945,0.216216216,0.675,0.211267605,0.378378378,0.309859154,0.688237532,0.098591549,4.189422063939246,0.264705882,-0.7567044217139482,25.53151057820928,-1.8717343940197235,0.3580890426764617,93.16966149112422,"Dom Patrizi","sa3039536",
2026,"Jack McMullan","LONG",,194,0.134020618,0.252577319,0.530612244,0.251612903,0.37433155,0.4,0.77433155,0.148387097,4.536242288793638,0.339805825,-0.05211642337962985,29.74254918893811,-2.192747376356158,0.3721024445033966,93.13378107551652,"Jack McMullan","sa3066768",
2026,"Ty Sallie","NJIT",,227,0.145374449,0.21585903,0.673469387,0.248648648,0.376106194,0.329729729,0.705835923,0.081081081,7.4791939220389505,0.323529411,1.7752201780676842,32.69518275561819,-2.433666959376239,0.3583156168460846,93.07217008492752,"Ty Sallie","sa3041449",
2026,"Ben Fishel","COLU",20,175,0.085714285,0.131428571,0.652173913,0.263513513,0.371428571,0.304054054,0.675482625,0.040540541,4.114865202537161,0.309523809,-2.8018732462078333,22.966399760074314,-1.7149556716015988,0.3489324835368565,93.0516147042693,"Ben Fishel","sa3065296",
2026,"Jett Kenady","CAL",19,220,0.045454545,0.209090909,0.217391304,0.320388349,0.35,0.572815533,0.922815533,0.252427184,4.243717773783191,0.361842105,-0.21538838744163513,38.81230503700084,-2.915185984155477,0.39149934595281427,93.01375205454497,"Jett Kenady","sa3070495",
2026,"Matthew McGurk","LIU",22,144,0.152777777,0.298611111,0.511627906,0.220338983,0.361111111,0.525423728,0.886534839,0.305084745,8.919881843332924,0.246153846,0.513289419002831,23.612180508405054,-1.7834550964533447,0.3875119470887714,92.97731655862887,"Matthew McGurk","sa3037624",
2026,"Daniel Pinkerton","MCN",,198,0.08080808,0.242424242,0.333333333,0.284090909,0.348484848,0.431818181,0.780303029,0.147727272,6.107239406158087,0.362204724,0.09253996424376965,28.491720710930977,-2.1570266140125676,0.35793610895522915,92.96210513551048,"Daniel Pinkerton","sa3071015",
2026,"Vincent Fattore","ELON",22,151,0.112582781,0.225165562,0.5,0.204918032,0.346666666,0.434426229,0.781092895,0.229508197,5.388508496503109,0.209876543,0.2590879276394844,22.346477265822617,-1.7032797528627235,0.3632470428943634,92.91768415148907,"Vincent Fattore","sa3031182",
2026,"Michael Farina","ILL",,266,0.09774436,0.112781954,0.866666666,0.28110599,0.387832699,0.405529953,0.793362652,0.124423963,5.3912140241142374,0.303191489,0.08495035022497177,41.83049908246936,-3.191637009716617,0.3716436638124995,92.9109605035587,"Michael Farina","sa3070059",
2026,"Landon Russell","STET",22,235,0.09787234,0.221276595,0.442307692,0.27804878,0.362068965,0.404878048,0.766947013,0.126829268,7.451888405920667,0.355704697,1.5440891121979803,33.53948675242564,-2.5655530378470797,0.3631187471850165,92.89419689674936,"Landon Russell","sa3041335",
2026,"Lane Tobin","CIT",,263,0.102661596,0.209125475,0.49090909,0.265306122,0.416666666,0.352040816,0.768707482,0.086734694,7.644184718519456,0.352112676,0.9650607178919017,44.02712212489067,-3.38110180213036,0.38267231957306935,92.86811122193663,"Lane Tobin","sa3043874",
2026,"Tyler Parks","UNCA",21,150,0.073333333,0.146666666,0.5,0.305970149,0.373333333,0.402985074,0.776318407,0.097014925,4.346597822630795,0.357142857,0.15647984732640907,22.911738432329823,-1.780501180011106,0.3715152406692505,92.78922767653191,"Tyler Parks","sa3074391",
2026,"Trey Fenderson","PITT",22,256,0.08984375,0.1875,0.479166666,0.323008849,0.384313725,0.495575221,0.879888946,0.172566372,7.230012171656636,0.377142857,0.5657946513965726,45.039375245179244,-3.5162506703481013,0.391004745165507,92.75830430758867,"Trey Fenderson","sa3031237",
2026,"Kooper Schulte","IOWA",22,261,0.084291187,0.17624521,0.478260869,0.2735426,0.355212355,0.484304932,0.839517287,0.210762332,7.0708580132742895,0.300578034,0.8859605640172958,40.949777511988586,-3.226077826584868,0.3712571909989169,92.69719216105834,"Kooper Schulte","sa3060527",
2026,"Cal Schembra","VAL",19,210,0.1,0.228571428,0.4375,0.262032085,0.336538461,0.481283422,0.817821883,0.219251337,8.315033692585999,0.318181818,0.49213359132409096,30.084443807720184,-2.387391060472488,0.36082137662630814,92.64780980143806,"Cal Schembra","sa3071228",
2026,"Akili Carris","UNM",22,215,0.079069767,0.102325581,0.772727272,0.322751322,0.375586854,0.455026455,0.830613309,0.132275133,7.55972255437177,0.343195266,0.9551642760634422,35.54034815575234,-2.8306827560509036,0.37539810865697726,92.62286498750242,"Akili Carris","sa3028494",
2026,"AJ DeMastrie","DART",,121,0.057851239,0.190082644,0.304347826,0.266055045,0.333333333,0.394495412,0.727828745,0.128440367,4.037477797772029,0.321428571,-0.5878802854567766,15.80119202915567,-1.2642022978888166,0.34819386502106986,92.59201238681392,"AJ DeMastrie","sa3030118",
2026,"Larry Hotaling","VILL",20,194,0.087628865,0.180412371,0.485714285,0.296969696,0.361256544,0.4,0.761256544,0.103030304,9.474237129584608,0.355555555,3.568884597159922,26.970511582986838,-2.1657029415206837,0.3587485068131492,92.56697214492627,"Larry Hotaling","sa3070370",
2026,"Sam Grube","VT",20,263,0.091254752,0.163498098,0.558139534,0.295964125,0.384615384,0.488789237,0.873404621,0.192825112,6.119542938001544,0.331428571,-1.3625923795625567,46.17490971698338,-3.7084090946716715,0.39063208057330207,92.56583326247087,"Sam Grube","sa3059369",
2026,"Landon Smelser","TNTC",20,235,0.085106382,0.131914893,0.64516129,0.291262135,0.361702127,0.461165048,0.822867175,0.169902913,5.908940887600808,0.3,0.3828147263266146,36.96686893497616,-2.977514641536173,0.3701426171241923,92.54584906578211,"Landon Smelser","sa3060598",
2026,"Braeden Terry","WASH",23,246,0.134146341,0.174796747,0.76744186,0.27,0.387755102,0.405,0.792755102,0.135,5.6092972021276,0.32278481,-0.9743574112653732,38.53054191515232,-3.1064711625835746,0.3709714828705301,92.53915943301737,"Braeden Terry","sa3043639",
2026,"Peyton Rowles","SJSU",,242,0.057851239,0.14876033,0.388888888,0.331797235,0.380753138,0.433179723,0.813932861,0.101382488,6.925690209774038,0.384615384,0.7110073718940839,39.96470863644559,-3.2250098782352703,0.3752421824004361,92.53292221124563,"Peyton Rowles","sa3071178",
2026,"Brogan Jones","LONG",22,265,0.124528301,0.16226415,0.76744186,0.27027027,0.373584905,0.405405405,0.77899031,0.135135135,7.7450482258770625,0.305084745,0.6933692352031358,40.36429911721618,-3.258657531252796,0.37107336431179405,92.52994803283889,"Brogan Jones","sa3034853",
2026,"Brody Rasmussen","ME",22,232,0.077586206,0.176724137,0.43902439,0.281553398,0.34347826,0.417475728,0.760953988,0.13592233,5.334379540884201,0.325153374,1.2446263656020164,33.21163346492304,-2.690979459652761,0.35736107489337093,92.5047810160615,"Brody Rasmussen","sa3060334",
2026,"Dustin Robinson","WSU",21,211,0.090047393,0.327014218,0.275362318,0.262569832,0.361904761,0.480446927,0.842351688,0.217877095,5.517625480451393,0.386792452,-0.5443802026566118,34.819649748723535,-2.837501518208955,0.37512426944006055,92.46490660407278,"Dustin Robinson","sa3071140",
2026,"Antonio Cordeiro","SBU",21,212,0.108490566,0.179245283,0.605263157,0.252873563,0.363636363,0.442528735,0.806165098,0.189655172,4.287639115383154,0.28030303,0.16297438833862543,32.14300132069715,-2.6334690424429548,0.3719540757425664,92.42744011987432,"Antonio Cordeiro","sa3029376",
2026,"Mason Strong","UVU",23,232,0.081896551,0.189655172,0.431818181,0.295,0.36637931,0.45,0.81637931,0.155,6.73168948100875,0.339743589,1.8726884669158608,34.78273792689045,-2.8592406945924016,0.3733513326994304,92.40411689474635,"Mason Strong","sa3043245",
2026,"Jason Janesko","JOES",21,246,0.105691056,0.292682926,0.361111111,0.276699029,0.378600823,0.398058252,0.776659075,0.121359223,7.84700683767646,0.396946564,2.9967266200110316,37.28608074876783,-3.0677480688381396,0.3719051323309847,92.39787609075718,"Jason Janesko","sa3034569",
2026,"Caden Wildman","COR",,159,0.075471698,0.188679245,0.4,0.270072992,0.352564102,0.350364963,0.702929065,0.080291971,4.8936383282247355,0.336448598,-0.2591736651957035,20.713246070085237,-1.7115282935517329,0.3478333606169774,92.36769001195806,"Caden Wildman","sa3045202",
2026,"Ty Fox","MASS",20,214,0.135514018,0.172897196,0.783783783,0.272727272,0.383886255,0.40340909,0.787295345,0.130681818,7.242046388280781,0.321167883,0.48654655180871487,33.26753653174938,-2.7537279617160406,0.3774736308938519,92.35527125313551,"Ty Fox","sa3074273",
2026,"Sam Griffith","OAK",23,153,0.098039215,0.189542483,0.517241379,0.3,0.371621621,0.392307692,0.763929313,0.092307692,4.684690196180426,0.372549019,0.11826302076224238,22.176714345313066,-1.8404790615072326,0.3636168837547302,92.33682707911834,"Sam Griffith","sa3032725",
2026,"Reggie Bussey","UNLV",21,171,0.134502923,0.222222222,0.605263157,0.275362318,0.393939393,0.384057971,0.777997364,0.108695653,7.607786035875081,0.373737373,-0.11073167179711163,28.174995704939423,-2.3433591132854845,0.37487561630480215,92.32147628126376,"Reggie Bussey","sa3028144",
2026,"Mark Ross II","CARK",,194,0.144329896,0.24742268,0.583333333,0.237179487,0.37113402,0.378205128,0.749339148,0.141025641,5.61076105348312,0.308411214,0.381598794599995,27.50091919699488,-2.3049434383791922,0.3621101453132236,92.26681184645987,"Mark Ross II","sa3071173",
2026,"Ryan Schummer","YSU",21,152,0.138157894,0.177631578,0.777777777,0.236220472,0.355263157,0.448818897,0.804082054,0.212598425,3.8657232421908,0.236559139,0.42944319115485996,22.013602023476974,-1.8466162630373102,0.3635028765389794,92.26068998672568,"Ryan Schummer","sa3071242",
2026,"Kai Laxa","PEPP",21,201,0.064676616,0.094527363,0.684210526,0.300546448,0.36,0.393442622,0.753442622,0.092896174,4.701810174824693,0.327160493,0.4990517513360828,27.29788409921381,-2.2913113161638066,0.3539206901192665,92.25625677211552,"Kai Laxa","sa3070571",
2026,"Justin Santoyo","UNA",,251,0.111553784,0.135458167,0.823529411,0.243781094,0.373493975,0.368159203,0.741653178,0.124378109,3.400767712500697,0.269461077,-0.8889800903853029,35.543102881260886,-3.020152384094219,0.361951800235304,92.16831576247273,"Justin Santoyo","sa3071216",
2026,"Tommy Googins","PRIN",21,149,0.093959731,0.315436241,0.29787234,0.251908396,0.337837837,0.381679389,0.719517226,0.129770993,4.179960292665412,0.37037037,-1.7774467766284943,19.352607400156273,-1.66180379595636,0.34739042536632436,92.09207538365972,"Tommy Googins","sa3032471",
2026,"Jackson Halter","MRSH",23,246,0.085365853,0.174796747,0.488372093,0.254807692,0.345528455,0.48076923,0.826297685,0.225961538,4.191464934562122,0.2625,-2.619561119005084,37.0560125481454,-3.243615441385164,0.3666692548166446,91.9512521499508,"Jackson Halter","sa3033059",
2026,"Brandon McCraine","AUB",21,252,0.119047619,0.174603174,0.681818181,0.320754716,0.410358565,0.396226415,0.80658498,0.075471699,6.437241291485595,0.391812865,0.8949940074235201,42.241311734512294,-3.6975000445099244,0.37396603466505074,91.95125014922921,"Brandon McCraine","sa3073757",
2026,"Charlie Bates","STAN",20,243,0.131687242,0.148148148,0.888888888,0.272277227,0.390946502,0.465346534,0.856293036,0.193069307,6.55072660478472,0.29113924,-0.7712462954223156,42.37478511335246,-3.7151254236520157,0.3894191646772157,91.93939545474008,"Charlie Bates","sa3058575",
2026,"Fredy Diaz","DAV",20,179,0.061452513,0.195530726,0.314285714,0.262068965,0.38150289,0.372413793,0.753916683,0.110344828,5.703417731259922,0.333333333,0.12297775503247976,26.984835310968265,-2.378316552249088,0.3710814524937227,91.90033630133433,"Fredy Diaz","sa3066673",
2026,"Charlie Meglio","RUTG",21,243,0.127572016,0.189300411,0.673913043,0.248756218,0.362139917,0.462686567,0.824826484,0.213930349,6.502907145559436,0.268456375,0.5113355442881584,37.79669257466991,-3.332552050898478,0.3698111819141686,91.89736626277167,"Charlie Meglio","sa3037795",
2026,"Nick Griffith","MORE",,213,0.089201877,0.169014084,0.527777777,0.274725274,0.366197183,0.439560439,0.805757622,0.164835165,6.473054388728343,0.302816901,-0.388178248424083,33.22726041468502,-2.9776489546644562,0.36880972995444644,91.77556578228781,"Nick Griffith","sa3070224",
2026,"Joseph Zamora","APP",23,184,0.108695652,0.097826086,1.111111111,0.263888888,0.383333333,0.381944444,0.765277777,0.118055556,7.899375529766651,0.284615384,-0.14298452995717525,27.64066459355122,-2.502146585609853,0.3662300212515725,91.69902710554189,"Joseph Zamora","sa3045793",
2026,"Daniel Murillo","CAL",22,237,0.050632911,0.135021097,0.375,0.316513761,0.362869198,0.532110091,0.894979289,0.21559633,5.912816397109482,0.327683615,-0.33035826589912176,41.19784801157467,-3.7540400430346295,0.38885643311190704,91.64876002877995,"Daniel Murillo","sa3070836",
2026,"Kellen Strohmeyer","IOWA",22,193,0.098445595,0.196891191,0.5,0.298245614,0.373056994,0.432748538,0.805805532,0.134502924,8.746492325210678,0.366412213,3.3544198349118233,29.92788568673962,-2.7385514027035835,0.3693036202322016,91.61662046214217,"Kellen Strohmeyer","sa3043237",
2026,"Matt Conte","WAKE",21,263,0.125475285,0.193916349,0.647058823,0.274336283,0.374045801,0.504424778,0.878470579,0.230088495,3.8752623354008264,0.306748466,-0.9514695927500725,45.69909293084168,-4.184225880813364,0.38878520708957703,91.61197374093774,"Matt Conte","sa3058919",
2026,"Matthew Sutera","WAG",20,212,0.122641509,0.221698113,0.553191489,0.296089385,0.386792452,0.407821229,0.794613681,0.111731844,6.922633683376156,0.375939849,-1.1419382193125784,34.247146289094715,-3.1408727958357052,0.3853605895672204,91.59925325623452,"Matthew Sutera","sa3060698",
2026,"Jonny Rodriguez","UNLV",21,245,0.073469387,0.244897959,0.3,0.265402843,0.356557377,0.492890995,0.849448372,0.227488152,5.223868337937783,0.312056737,0.3551642671227455,40.03826357902561,-3.686864669308321,0.37356952883181027,91.56808723723114,"Jonny Rodriguez","sa3040990",
2026,"Zan Von Schlegell","STMN",22,173,0.138728323,0.173410404,0.8,0.242857142,0.374269005,0.328571428,0.702840433,0.085714286,5.781668786580038,0.306306306,0.005734787322580814,23.224704799582263,-2.138800578783255,0.357089780924613,91.56740936681568,"Zan Von Schlegell","sa3044566",
2026,"Bo Shinkle","GONZ",21,185,0.108108108,0.194594594,0.555555555,0.288461538,0.375,0.358974358,0.733974358,0.07051282,5.191244912630329,0.357723577,0.35143504571169615,24.92947212256666,-2.304364453775924,0.35279362486756366,91.53859777590915,"Bo Shinkle","sa3042188",
2026,"Smith Chandler","LBSU",,166,0.114457831,0.222891566,0.513513513,0.253521126,0.353658536,0.359154929,0.712813465,0.105633803,5.5954564898173125,0.323529411,-0.01843994064256549,20.982720039728616,-1.9474032000270145,0.3465655671387184,91.5072275030312,"Smith Chandler","sa3028738",
2026,"Christian Butera","BRWN",,183,0.087431693,0.322404371,0.27118644,0.228758169,0.344262295,0.359477124,0.703739419,0.130718955,7.0835576996566765,0.344086021,0.028379281982779503,23.59700374646335,-2.212642219232032,0.3463217114490238,91.42707256746976,"Christian Butera","sa3065011",
2026,"TJ Pompey","ARK",21,225,0.093333333,0.391111111,0.238636363,0.260204081,0.348214285,0.520408163,0.868622448,0.260204082,8.317222292749376,0.382978723,1.6559501457959414,37.49803888567321,-3.518757345596628,0.3729376093085323,91.42117944620442,"TJ Pompey","sa3040060",
2026,"Hector Rodriguez","LAM",,209,0.110047846,0.114832535,0.958333333,0.298342541,0.370192307,0.375690607,0.745882914,0.077348066,4.18303104684338,0.327044025,0.3333863061852753,29.56525607801214,-2.786199431650486,0.3552742012991355,91.3877153662582,"Hector Rodriguez","sa3040980",
2026,"Matthias Haas","TULN",24,198,0.085858585,0.161616161,0.53125,0.298245614,0.37113402,0.409356725,0.780490745,0.111111111,4.562541639649472,0.347826086,0.03951008711010218,30.13296454274649,-2.8488529411554873,0.3683980199479565,91.36235308273724,"Matthias Haas","sa3032912",
2026,"Blake Herman","CAN",,140,0.078571428,0.214285714,0.366666666,0.225225225,0.350364963,0.423423423,0.773788386,0.198198198,4.219929528875376,0.243589743,-0.04213109891861677,19.37723849223948,-1.8347665269484452,0.3636930119382204,91.35033899299593,"Blake Herman","sa3070321",
2026,"Grant Gallagher","KSU",22,254,0.173228346,0.224409448,0.771929824,0.267326732,0.399209486,0.420792079,0.820001565,0.153465347,5.078807038445235,0.340277777,-1.6720035634934902,41.985814570525704,-3.9822076269592666,0.3807962503829021,91.33700464672778,"Grant Gallagher","sa3059259",
2026,"Daniel Gierer","SIUE",,230,0.060869565,0.169565217,0.358974358,0.275510204,0.352941176,0.464285714,0.81722689,0.18877551,8.140261878881777,0.311258278,1.027333662379533,35.68847841250859,-3.4060246623758275,0.3679655593444859,91.28771465427845,"Daniel Gierer","sa3032197",
2026,"Billy Fluharty","BUCK",20,231,0.064935064,0.181818181,0.357142857,0.287128712,0.35371179,0.381188118,0.734899908,0.094059406,7.0263476236995945,0.353658536,-1.8182193310931325,31.232477483413945,-2.984547319747677,0.3550899250018024,91.27759547501071,"Billy Fluharty","sa3031491",
2026,"Rustan Rigdon","VAN",20,233,0.137339055,0.175965665,0.780487804,0.269841269,0.388646288,0.433862433,0.822508721,0.164021164,8.258979233607986,0.3125,-0.02906459104269743,38.74567342560304,-3.7294977827786213,0.3725464757873502,91.21958151861982,"Rustan Rigdon","sa3060369",
2026,"Ryan Kennell","GWEB",22,236,0.063559322,0.199152542,0.319148936,0.316037735,0.370212765,0.405660377,0.775873142,0.089622642,4.663822200042461,0.391566265,0.1270263115875423,35.435556354713114,-3.4135673020366086,0.3688294220477977,91.21327077491611,"Ryan Kennell","sa3035276",
2026,"Justin Batts","DSU",,150,0.133333333,0.126666666,1.052631578,0.270491803,0.393333333,0.37704918,0.770382513,0.106557377,2.458396591391316,0.294117647,-0.17897609807550907,24.103844520779056,-2.3499425676151113,0.3846074112256368,91.11680093378358,"Justin Batts","sa3058578",
2026,"Brylan West","MIA",24,212,0.113207547,0.150943396,0.75,0.298245614,0.402843601,0.438596491,0.841440092,0.140350877,4.787176767635622,0.328571428,0.18557135108858347,36.61665339585328,-3.5934743154428066,0.3877227826141068,91.06326062616981,"Brylan West","sa3045027",
2026,"Jake Ogden","MIA",22,288,0.086805555,0.138888888,0.625,0.314741035,0.388111888,0.470119521,0.858231409,0.155378486,7.94702887144271,0.350961538,0.0532936230301857,49.730568299901144,-4.894510855067122,0.38767737733734237,91.03981004552567,"Jake Ogden","sa3039060",
2026,"Patrick Ward","FAU",23,169,0.100591715,0.130177514,0.772727272,0.288590604,0.366863905,0.416107382,0.782971287,0.127516778,1.7499999962500001,0.314516129,-0.36006017681211233,25.628008486929176,-2.523138759431604,0.36781300877678325,91.037172526751,"Patrick Ward","sa3044787",
2026,"Caleb Corbin","NDSU",23,193,0.124352331,0.176165803,0.705882352,0.242236024,0.364583333,0.354037267,0.7186206,0.111801243,5.8244672715219306,0.29032258,0.7877472792752087,25.757476619639856,-2.538225912293927,0.35627108346670866,91.02964165873121,"Caleb Corbin","sa3029368",
2026,"Spencer Barnett","PSU",21,178,0.11235955,0.264044943,0.425531914,0.256410256,0.33898305,0.506410256,0.845393306,0.25,4.735096832414318,0.3,-1.4575543850660324,27.424156352709986,-2.7034384758956684,0.3682371061400505,91.02670328887721,"Spencer Barnett","sa3026605",
2026,"Micah Kendrick","KSU",21,163,0.092024539,0.239263803,0.384615384,0.289855072,0.375,0.478260869,0.853260869,0.188405797,5.341003674164186,0.364583333,0.2787550836801529,26.84322673457301,-2.655937116568919,0.38017072156071663,90.99656814013015,"Micah Kendrick","sa3035253",
2026,"Austen Roellig","ASU",21,258,0.1124031,0.143410852,0.783783783,0.313084112,0.401574803,0.41588785,0.817462653,0.102803738,5.038619084999603,0.357541899,-1.178640816360712,42.48473289146896,-4.207195167393729,0.38015765960760944,90.98945932990841,"Austen Roellig","sa3060410",
2026,"Dawson Santana","SDSU",21,271,0.162361623,0.099630996,1.629629629,0.263157894,0.414179104,0.311004784,0.725183888,0.04784689,6.242787645843497,0.29347826,0.21778965461999178,43.99554302409923,-4.36980291589463,0.37252402883857044,90.96501259121318,"Dawson Santana","sa3041538",
2026,"Noah Lewis","UL",19,213,0.084507042,0.197183098,0.428571428,0.296703296,0.376190476,0.395604395,0.771794871,0.098901099,6.3567173030016635,0.364285714,0.7088936697691679,31.732283863732583,-3.1612964686658325,0.3649085337207431,90.9401774236088,"Noah Lewis","sa3070596",
2026,"Jackson Brewer","COLU",20,153,0.058823529,0.274509803,0.214285714,0.231884057,0.307189542,0.442028985,0.749218527,0.210144928,5.576106612957328,0.280898876,-0.7644468229264021,19.615266924988457,-1.9632895381339106,0.34547733715157103,90.90166415214493,"Jackson Brewer","sa3065005",
2026,"Shintaro Inoue","KSU",23,268,0.141791044,0.160447761,0.88372093,0.278026905,0.394736842,0.421524663,0.816261505,0.143497758,4.270590331573314,0.32183908,-1.0168169252574444,44.07502721007237,-4.426665502234605,0.37994399173815446,90.87317317254914,"Shintaro Inoue","sa3059568",
2026,"Adrian Jimenez","CLT",20,235,0.127659574,0.110638297,1.153846153,0.270833333,0.387931034,0.359375,0.747306034,0.088541667,5.822959679364433,0.301204819,0.04225973505526781,35.56323608881615,-3.5818503188452886,0.3674759345835653,90.84980862848664,"Adrian Jimenez","sa3059597",
2026,"Jason Green","NIA",,202,0.0990099,0.306930693,0.322580645,0.25433526,0.34,0.450867052,0.790867052,0.196531792,4.571058712550203,0.345794392,-0.11859355214983225,27.795633156851903,-2.8102597994049634,0.3628544932603836,90.81791273523208,"Jason Green","sa3032664",
2026,"Hunter Keen","RAD",,175,0.068571428,0.125714285,0.545454545,0.315789473,0.366279069,0.421052631,0.7873317,0.105263158,4.168182142122728,0.345864661,-1.0573441286105663,26.135558693909612,-2.672054187154802,0.36799641230771707,90.72448592604084,"Hunter Keen","sa3035150",
2026,"JC Spinosa","CAN",,159,0.106918238,0.220125786,0.485714285,0.25,0.360759493,0.386363636,0.747123129,0.136363636,8.125272100081071,0.319587628,-0.4018809562548995,21.83835647345404,-2.252420655480822,0.36259048535854,90.65027813994638,"JC Spinosa","sa3042851",
2026,"Luke Matthews","KENT",22,235,0.080851063,0.174468085,0.463414634,0.296482412,0.385281385,0.381909547,0.767190932,0.085427135,6.382427663191327,0.364779874,0.017492747865617275,35.8149458150726,-3.7411156613964365,0.3744303302847462,90.54224429390692,"Luke Matthews","sa3059945",
2026,"Ethan Miller","FAMU",22,215,0.125581395,0.130232558,0.964285714,0.274853801,0.389671361,0.385964912,0.775636273,0.111111111,2.15870220875,0.301369863,0.11058236006647348,33.281996515500516,-3.4766865103364317,0.38562120322330457,90.54186324386883,"Ethan Miller","sa3062875",
2026,"Carter Hewitt","ARMY",,188,0.085106382,0.19680851,0.432432432,0.253164556,0.360215053,0.348101265,0.708316318,0.094936709,4.405278475938014,0.316666666,0.30998925119638443,25.200932990831575,-2.6466889268930354,0.3538507264788433,90.49581707654377,"Carter Hewitt","sa3033743",
2026,"Anthony Mitta","BGSU",22,217,0.087557603,0.207373271,0.422222222,0.298429319,0.37037037,0.429319371,0.799689741,0.130890052,4.309173831493925,0.368055555,-1.6918863654136658,33.05090415898514,-3.4753313320522268,0.3743348847384806,90.48538321748218,"Anthony Mitta","sa3038182",
2026,"Jake Radosevich","LIN",,263,0.14068441,0.163498098,0.860465116,0.264150943,0.368821292,0.438679245,0.807500537,0.174528302,3.559005377832739,0.272189349,0.14819098263978958,40.44495068820725,-4.25876369742145,0.36655640488795,90.47335606011622,"Jake Radosevich","sa3060328",
2026,"J.T. Simonelli","NWST",,151,0.039735099,0.34437086,0.115384615,0.266666666,0.331125827,0.451851851,0.782977678,0.185185185,6.025228844826298,0.3875,0.25674488209187984,21.1443806359873,-2.2291589906110594,0.3537105566618458,90.46289511035657,"J.T. Simonelli","sa3071291",
2026,"Cameron Boyd","OHIO",,237,0.080168776,0.215189873,0.372549019,0.28169014,0.345991561,0.497652582,0.843644143,0.215962442,5.715641202858864,0.320261437,0.9404643466696143,36.07772566278179,-3.814983145401884,0.37425348728517943,90.43689120298777,"Cameron Boyd","sa3027503",
2026,"Nolan Colby","FAIR",,209,0.177033492,0.28229665,0.627118644,0.201257861,0.375609756,0.333333333,0.708943089,0.132075472,6.624495804826211,0.28125,1.9794565429911017,28.614561793673325,-3.0519314135429396,0.3621368995526942,90.36226905969033,"Nolan Colby","sa3058898",
2026,"Logan Lowe","UNCA",20,248,0.149193548,0.108870967,1.37037037,0.276041666,0.40167364,0.307291666,0.708965306,0.03125,5.906627882583017,0.313609467,0.6795452771475539,36.87408499652954,-3.950417829207454,0.3673128882212619,90.32341472455852,"Logan Lowe","sa3059858",
2026,"Christian Smith-Johnson","AMCC",21,188,0.090425531,0.202127659,0.447368421,0.25949367,0.357142857,0.386075949,0.743218806,0.126582279,9.71794557507386,0.324786324,2.534313396550715,26.284098470033552,-2.816732323347187,0.3534702812577342,90.3207838176638,"Christian Smith-Johnson","sa3042512",
2026,"Drew McConnell","EVAN",20,235,0.123404255,0.259574468,0.475409836,0.259067357,0.376068376,0.357512953,0.733581329,0.098445596,4.3802345846361,0.365671641,-1.7922247350215912,32.81767445818135,-3.519855037177121,0.35717206505628735,90.3134442928303,"Drew McConnell","sa3065564",
2026,"Bennett Edwards","GASO",19,204,0.093137254,0.176470588,0.527777777,0.287356321,0.381188118,0.373563218,0.754751336,0.086206897,5.107712125782186,0.345588235,-0.1419215276837349,30.165909407898756,-3.2532942907363465,0.3637330956978373,90.26519506546707,"Bennett Edwards","sa3070011",
2026,"Caden Robertson","NIU",,251,0.067729083,0.274900398,0.246376811,0.279279279,0.342629482,0.513513513,0.856142995,0.234234234,6.173246384181442,0.333333333,0.054926156997680664,38.12620879613797,-4.123031334048107,0.37392495542883397,90.24117044154293,"Caden Robertson","sa3071135",
2026,"Tucker Biehl","AKR",22,173,0.14450867,0.156069364,0.925925925,0.248,0.407407407,0.304,0.711407407,0.056,7.487774986601936,0.31,-0.7070223595947027,26.266313437973455,-2.853680755342051,0.37385630129296105,90.20027017726153,"Tucker Biehl","sa3074069",
2026,"Dylan Littlefield","EKU",,247,0.06882591,0.170040485,0.404761904,0.244019138,0.337398373,0.459330143,0.796728516,0.215311005,4.9512708330944415,0.24375,0.16654565697535872,34.226403473496084,-3.722297923088429,0.3587733938442013,90.19123768113066,"Dylan Littlefield","sa3070610",
2026,"Nolan Traeger","TCU",20,193,0.129533678,0.124352331,1.041666666,0.286624203,0.39896373,0.414012738,0.812976468,0.127388535,2.380630477303007,0.308270676,-0.35624684020876884,31.496933773831774,-3.4315240376430256,0.3786621822594361,90.17556384491817,"Nolan Traeger","sa3060781",
2026,"Levi Clark","TENN",20,233,0.111587982,0.197424892,0.565217391,0.242268041,0.35193133,0.510309278,0.862240608,0.268041237,4.590667995595355,0.244604316,-0.0993114784359932,38.278714720875676,-4.196456487505977,0.3704135177473142,90.12021289586258,"Levi Clark","sa3058878",
2026,"Hunter Herndon","WOF",22,206,0.121359223,0.077669902,1.5625,0.284810126,0.412060301,0.354430379,0.76649068,0.069620253,2.8110252684455417,0.303448275,-2.1377115161158144,33.46299110198043,-3.6704466507432665,0.3775744075751185,90.11552155449426,"Hunter Herndon","sa3059482",
2026,"Michael Sprockett","BEL",23,208,0.096153846,0.173076923,0.555555555,0.255555555,0.350961538,0.427777777,0.778739315,0.172222222,3.70987620202027,0.282608695,0.11133888363838196,28.983442210884473,-3.179137087134939,0.3568624879878301,90.11541624918524,"Michael Sprockett","sa3042878",
2026,"Jaxon Milam","NICH",21,175,0.057142857,0.251428571,0.227272727,0.289308176,0.343023255,0.421383647,0.764406902,0.132075471,4.632514385415899,0.372727272,-0.0915428027510643,24.40397363091074,-2.6845656714383486,0.35307951167572377,90.08966248982814,"Jaxon Milam","sa3038003",
2026,"RJ Mustaro","MONM",,208,0.091346153,0.259615384,0.351851851,0.252808988,0.341346153,0.438202247,0.7795484,0.185393259,6.468351276588615,0.314049586,0.3662519035860896,29.820953388854786,-3.307188729599195,0.3583206743575059,90.01698097715861,"RJ Mustaro","sa3070848",
2026,"Phillips Daniels","CIT",,207,0.101449275,0.130434782,0.777777777,0.288343558,0.41,0.35582822,0.76582822,0.067484662,4.73875905819441,0.335766423,-1.0431402111425996,33.58662713231068,-3.727070026979636,0.37738179802894595,90.01152308475638,"Phillips Daniels","sa3029828",
2026,"Gavin Gallaher","UNC",21,339,0.120943952,0.168141592,0.719298245,0.290657439,0.380530973,0.484429065,0.864960038,0.193771626,7.085320739984427,0.32,0.20622053369879723,57.85140357239743,-6.446866682929802,0.3856127740359236,89.97349904230796,"Gavin Gallaher","sa3031849",
2026,"Nick Dicarlo","NCAT",21,206,0.058252427,0.101941747,0.571428571,0.319148936,0.357843137,0.39893617,0.756779307,0.079787234,6.494205125863093,0.352941176,-0.875447329133749,29.49391039119653,-3.315691899195393,0.35811205208301544,89.89414175201273,"Nick Dicarlo","sa3059052",
2026,"Kaleb Duncan","WICH",23,198,0.095959595,0.212121212,0.452380952,0.257861635,0.379487179,0.371069182,0.750556361,0.113207547,5.781629501154361,0.324786324,0.07438036240637302,29.644391737388435,-3.3374257465135444,0.36573303785079564,89.88101323360212,"Kaleb Duncan","sa3059096",
2026,"Jake Lambdin","DUKE",21,240,0.104166666,0.191666666,0.54347826,0.274509803,0.375,0.490196078,0.865196078,0.215686275,7.922855100867617,0.315789473,1.5412547597661614,40.91047592930852,-4.610423366498367,0.3854159668087959,89.87185350504917,"Jake Lambdin","sa3035873",
2026,"Jaylen Jones","WCU",,210,0.095238095,0.104761904,0.909090909,0.296089385,0.374384236,0.452513966,0.826898202,0.156424581,7.470557814135822,0.31372549,1.3156308350153267,34.01287437561863,-3.8416010033715393,0.37708572419406156,89.85165963889253,"Jaylen Jones","sa3059622",
2026,"Andrew Mhoon","LMU",,183,0.103825136,0.218579234,0.475,0.24516129,0.355191256,0.387096774,0.74228803,0.141935484,6.163587191135491,0.297297297,1.5093176907394081,24.201245138336684,-2.738171583126521,0.35011945103035597,89.83581711720967,"Andrew Mhoon","sa3070777",
2026,"Anthony Cole","WES",21,190,0.105263157,0.284210526,0.37037037,0.24074074,0.331578947,0.475308641,0.806887588,0.234567901,5.518843677372153,0.291262135,-0.16706974268890917,26.224009181694388,-2.9672995849090804,0.35820067932731225,89.83498955585083,"Anthony Cole","sa3069816",
2026,"Nick Garagozzo","GAST",23,207,0.130434782,0.231884057,0.5625,0.251461988,0.373786407,0.385964912,0.759751319,0.134502924,5.931322997263196,0.341463414,-1.6662302743643522,30.44839971747079,-3.462262859085417,0.36290565538174896,89.79004656346933,"Nick Garagozzo","sa3031904",
2026,"Rett Johnson","USA",22,226,0.097345132,0.269911504,0.360655737,0.281081081,0.358139534,0.437837837,0.795977371,0.156756756,6.738663921218862,0.379032258,-0.10875340551137924,33.21776062504534,-3.805474845011201,0.3627860903739929,89.7213876726442,"Rett Johnson","sa3034802",
2026,"Griffin Cameron","GCU",22,157,0.127388535,0.146496815,0.869565217,0.2890625,0.389610389,0.390625,0.780235389,0.1015625,5.605988898417285,0.323809523,1.1628704216564074,25.126021041118552,-2.8937550200587006,0.37028322978453204,89.6724548628062,"Griffin Cameron","sa3028301",
2026,"Colin Sander","INST",19,174,0.103448275,0.126436781,0.818181818,0.253521126,0.345238095,0.450704225,0.79594232,0.197183099,6.77964325002203,0.260504201,-0.27476995810866356,24.11144721254779,-2.7937873925261387,0.3560820541211537,89.61619389856845,"Colin Sander","sa3075590",
2026,"Will Anderson","SCU",21,220,0.054545454,0.186363636,0.292682926,0.302564102,0.350230414,0.41025641,0.760486824,0.107692308,4.449142471915556,0.367088607,0.12780987517908216,29.01421687885651,-3.371967157875208,0.3497306597397624,89.58825419490361,"Will Anderson","sa3069497",
2026,"Frank Adamski","TOW",,208,0.091346153,0.153846153,0.59375,0.268571428,0.365853658,0.365714285,0.731567943,0.097142857,6.810790681520162,0.319444444,-0.7014731299132109,29.674775722030663,-3.4533663964233146,0.3575712849454182,89.57573176281556,"Frank Adamski","sa3069457",
2026,"Westin Boyle","PUR",19,246,0.093495934,0.162601626,0.575,0.285024154,0.37759336,0.405797101,0.783390461,0.120772947,7.003450936081421,0.341317365,0.7706432938575745,37.283457713384365,-4.353555364351537,0.3655565662997392,89.5440257536642,"Westin Boyle","sa3069653",
2026,"Chris Marcellus","GRAM",22,192,0.15625,0.166666666,0.9375,0.256410256,0.385416666,0.391025641,0.776442307,0.134615385,3.785690020884693,0.289256198,-0.03892335435375571,29.389413465092588,-3.4369453300734243,0.3839947199448943,89.52992212289001,"Chris Marcellus","sa3037021",
2026,"Evan Meier","MSM",,207,0.120772946,0.154589371,0.78125,0.263157894,0.375609756,0.339181286,0.714791042,0.076023392,6.251553205830174,0.304347826,1.281452459283173,28.079472097564004,-3.2839924665210045,0.36082496439538353,89.52924202678305,"Evan Meier","sa3037800",
2026,"Hank Gomric","SLU",20,237,0.143459915,0.17299578,0.829268292,0.260204081,0.371308016,0.403061224,0.77436924,0.142857143,6.8678936615089174,0.303225806,0.909847968723625,34.77433907661854,-4.10313015009941,0.36701827662906567,89.44599473239478,"Hank Gomric","sa3059320",
2026,"Jeffrey Ince","SAM",23,218,0.082568807,0.211009174,0.391304347,0.282608695,0.384259259,0.41847826,0.802737519,0.135869565,4.966907870292804,0.360294117,-1.5282547199167311,35.139742470350875,-4.156808161172256,0.37628988673289615,89.42195155969306,"Jeffrey Ince","sa3034419",
2026,"Trey Wells","RUTG",23,234,0.072649572,0.192307692,0.377777777,0.296650717,0.356223175,0.459330143,0.815553318,0.162679426,7.913564579097034,0.347826086,0.8051106929779053,35.367858891657,-4.238080377408854,0.36511427317566114,89.29938171995583,"Trey Wells","sa3065445",
2026,"Ollie Obenour","WSU",20,174,0.126436781,0.212643678,0.594594594,0.277777777,0.38372093,0.395833333,0.779554263,0.118055556,4.440507491650763,0.361111111,-0.47287980234250426,27.71724979497585,-3.3365147569021265,0.36956070814021796,89.25568347332513,"Ollie Obenour","sa3060165",
2026,"Austin Fawley","MISS",23,225,0.133333333,0.351111111,0.379746835,0.234042553,0.355555555,0.489361702,0.844917257,0.255319149,1.36211943375,0.319587628,-0.5171440374106169,36.59599746510885,-4.420798766160987,0.3686707952287462,89.22197935393423,"Austin Fawley","sa3031196",
2026,"Jake McCarter","HPU",23,246,0.056910569,0.25203252,0.225806451,0.263392857,0.321138211,0.517857142,0.838995353,0.254464285,5.352955066268697,0.295302013,-2.2839679218595847,36.12226768735103,-4.373005276888092,0.36540035067535026,89.2011957031384,"Jake McCarter","sa3059955",
2026,"Anthony Avalos","HCU",21,209,0.100478468,0.153110047,0.65625,0.245508982,0.375609756,0.329341317,0.704951073,0.083832335,5.703684110595033,0.288888888,-1.0716649685055017,28.85748999499596,-3.4939655146666695,0.35157526673340217,89.19997428362039,"Anthony Avalos","sa3026320",
2026,"Dante Vachini","CP",19,208,0.0625,0.16826923,0.371428571,0.284946236,0.333333333,0.397849462,0.731182795,0.112903226,5.709759834216618,0.34,0.2155175106599927,25.62819034028576,-3.103530345673104,0.342860765718109,89.19824406064969,"Dante Vachini","sa3060809",
2026,"Zach Knowlton","CMU",22,202,0.084158415,0.212871287,0.395348837,0.272189349,0.355329949,0.467455621,0.82278557,0.195266272,9.218021452407932,0.322580645,1.2462212722748518,30.323314269981484,-3.6780662331961618,0.3721480617668423,89.18259735703255,"Zach Knowlton","sa3059707",
2026,"Charlie Criscola","NE",19,169,0.136094674,0.189349112,0.71875,0.262411347,0.365269461,0.368794326,0.734063787,0.106382979,8.744464808959048,0.327272727,1.8097807299345732,24.0028277962436,-2.913787675000256,0.3568903036460191,89.17476204200644,"Charlie Criscola","sa3069876",
2026,"Tryston McCladdie","CLEM",20,243,0.115226337,0.160493827,0.717948717,0.280788177,0.385892116,0.458128078,0.844020194,0.177339901,7.599685750487181,0.310126582,2.831222614273429,41.06170722408697,-5.028203312917501,0.38390299838608233,89.09044679338122,"Tryston McCladdie","sa3037471",
2026,"Matthew Chatelle","RUTG",22,189,0.121693121,0.238095238,0.511111111,0.301886792,0.394594594,0.364779874,0.759374468,0.062893082,2.3542130706741937,0.407079646,-0.8078146055340767,28.490342059678053,-3.4990704268751376,0.3646847225524284,89.06178590073833,"Matthew Chatelle","sa3028785",
2026,"Matt Hansen","BYU",21,173,0.14450867,0.294797687,0.490196078,0.255319148,0.389534883,0.418439716,0.807974599,0.163120568,3.10119047125,0.372093023,-0.4535551182925701,27.857053160961662,-3.4518753436245593,0.3764558410228685,88.97478927418766,"Matt Hansen","sa3059408",
2026,"Nick Locurto","VT",21,221,0.117647058,0.167420814,0.702702702,0.278074866,0.389140271,0.443850267,0.832990538,0.165775401,5.560711127446907,0.319444444,0.083146121352911,37.28978019320701,-4.627381241681834,0.38365168862752785,88.96065219285022,"Nick Locurto","sa3036439",
2026,"Chris Hoalcraft","SBU",21,232,0.099137931,0.159482758,0.621621621,0.284313725,0.367965367,0.401960784,0.769926151,0.117647059,7.7129687017343596,0.335365853,0.5771631938405335,33.84073968192382,-4.216529772078559,0.3661484277093565,88.92056673384087,"Chris Hoalcraft","sa3033888",
2026,"Sebastian Mexico","LT",23,193,0.093264248,0.139896373,0.666666666,0.291666666,0.373056994,0.404761904,0.777818898,0.113095238,4.6105589141220955,0.342657342,-0.04935202142223716,28.54260219142961,-3.5583879549689357,0.36697173025941604,88.91502119174302,"Sebastian Mexico","sa3037936",
2026,"Andrew DiLodovico","BGSU",19,178,0.056179775,0.207865168,0.27027027,0.266233766,0.355932203,0.454545454,0.810477657,0.188311688,5.855099119845994,0.306306306,-1.374306554440409,26.632139286426685,-3.329473236175398,0.37165278027960136,88.88753656478352,"Andrew DiLodovico","sa3069957",
2026,"Trent Liolios","TULN",23,200,0.13,0.14,0.928571428,0.262195121,0.365979381,0.402439024,0.768418405,0.140243903,4.869722661712144,0.296296296,0.41875982470810413,29.59201059958979,-3.7229565558667495,0.363833184709254,88.82497305642102,"Trent Liolios","sa3036371",
2026,"Sam Driscoll","LIN",20,164,0.079268292,0.201219512,0.393939393,0.278911564,0.343558282,0.476190476,0.819748758,0.197278912,9.086200409153289,0.327272727,1.27432168321684,24.748436464289053,-3.1276439891067898,0.36362657005801524,88.78018739278755,"Sam Driscoll","sa3069978",
2026,"Manoah Chapman","UCR",,146,0.034246575,0.226027397,0.151515151,0.28030303,0.344827586,0.363636363,0.708463949,0.083333333,2.740608348518963,0.367346938,-0.41198171651922166,17.900550867467704,-2.266906921714959,0.3421569224061637,88.75958018401867,"Manoah Chapman","sa3028755",
2026,"Cage McCloud","TAR",20,236,0.063559322,0.241525423,0.263157894,0.26,0.35042735,0.46,0.81042735,0.2,7.900590911148642,0.306569343,0.8804809153079987,33.974278317135784,-4.3166999357519416,0.3671235179799235,88.72658748167031,"Cage McCloud","sa3070728",
2026,"Xander McAfee","UTA",22,225,0.088888888,0.191111111,0.465116279,0.255319148,0.357142857,0.441489361,0.798632218,0.186170213,2.5357731891822928,0.288732394,-1.4831716229673475,32.38885060133758,-4.117378665186734,0.36711479297706057,88.72143536072538,"Xander McAfee","sa3059951",
2026,"Mikey Boyd","FRES",19,209,0.119617224,0.133971291,0.892857142,0.261363636,0.368421052,0.4375,0.805921052,0.176136364,6.625967198166807,0.28275862,-0.7499846729915589,33.086859446795934,-4.213351997701172,0.3686046720121466,88.70421417323422,"Mikey Boyd","sa3069649",
2026,"Collin Reuter","MISS",23,211,0.104265402,0.345971563,0.301369863,0.264044943,0.360189573,0.483146067,0.84333564,0.219101124,3.4900241530574165,0.386138613,-0.07256264891475439,34.109647272183736,-4.354992749140421,0.36761525259198735,88.6779318700862,"Collin Reuter","sa3040635",
2026,"Keaton Mahan","LIP",22,161,0.161490683,0.229813664,0.702702702,0.240310077,0.37735849,0.333333333,0.710691823,0.093023256,6.2278222871531455,0.326086956,-0.8006314637605101,21.92336004629795,-2.8124331717186726,0.3562636765294105,88.63010720161502,"Keaton Mahan","sa3059895",
2026,"Nick Sutherlin","INST",,265,0.075471698,0.222641509,0.33898305,0.267543859,0.34090909,0.45614035,0.79704944,0.188596491,6.466107768229541,0.311377245,0.9294756427407265,36.30607965236565,-4.670283395591765,0.3544973381089442,88.6024941009874,"Nick Sutherlin","sa3043347",
2026,"Daylan Pena","MUR",23,242,0.144628099,0.11983471,1.206896551,0.247474747,0.373443983,0.353535353,0.726979336,0.106060606,3.3418800046407195,0.273809523,-0.7377858571708202,33.14608012037742,-4.273843870587467,0.3544601320725754,88.5786944099101,"Daylan Pena","sa3039657",
2026,"Martell Davis","ORU",,254,0.062992125,0.18503937,0.340425531,0.293103448,0.346613545,0.396551724,0.743165269,0.103448276,2.3659584025,0.35,-0.26261779153719544,32.95437283025486,-4.284531020062137,0.3524115477425169,88.49447599939045,"Martell Davis","sa3029923",
2026,"Trenton Lyons","KENN",21,245,0.114285714,0.228571428,0.5,0.272300469,0.360655737,0.431924882,0.792580619,0.159624413,6.358139246740667,0.346405228,0.018229087349027395,36.037142113390885,-4.71281947141556,0.36614015820573587,88.43478794057876,"Trenton Lyons","sa3036758",
2026,"Garrett Shull","OKST",20,201,0.144278606,0.368159203,0.391891891,0.225609756,0.35,0.530487804,0.880487804,0.304878048,4.90247252125,0.29113924,-0.42788218706846237,32.155860544110645,-4.220408990119589,0.3753958573937416,88.39790598607654,"Garrett Shull","sa3060571",
2026,"Cal Chance","UML",,218,0.087155963,0.091743119,0.95,0.294416243,0.357798165,0.355329949,0.713128114,0.060913706,6.680594038971723,0.325842696,1.408996306359768,29.803116810648252,-3.9329591270997035,0.3503578204080599,88.34197808198839,"Cal Chance","sa3069783",
2026,"Mike Samarin","MERC",,194,0.164948453,0.18556701,0.888888888,0.245033112,0.383419689,0.397350993,0.780770682,0.152317881,5.879303601565368,0.284482758,-1.064101165626198,30.222289648273183,-3.9912749860499375,0.3802634162606353,88.33423225931307,"Mike Samarin","sa3071206",
2026,"Quinn Maher","VCU",,268,0.134328358,0.145522388,0.923076923,0.222222222,0.37735849,0.367149758,0.744508248,0.144927536,6.132454435740512,0.240963855,0.4608081798069179,38.82217834400891,-5.140529473545558,0.3651327774209796,88.30706812947284,"Quinn Maher","sa3070655",
2026,"Robert Tate Jr.","JKST",20,264,0.068181818,0.162878787,0.418604651,0.318777292,0.37007874,0.436681222,0.806759962,0.11790393,8.036489183436926,0.367567567,1.2494849041104317,39.82533868509632,-5.310904658256952,0.3819111761615032,88.23361391009729,"Robert Tate Jr.","sa3043525",
2026,"Parker McDonald","SAM",22,209,0.133971291,0.23444976,0.571428571,0.267045454,0.376811594,0.431818181,0.808629775,0.164772727,4.848421410496732,0.333333333,-0.16268342500552535,33.2375901365403,-4.436625835883258,0.3740706884342691,88.22370759054219,"Parker McDonald","sa3037556",
2026,"Jack Balcer","QUIN",,217,0.115207373,0.147465437,0.78125,0.286486486,0.36744186,0.362162162,0.729604022,0.075675676,5.071018267691004,0.329032258,0.724082616623491,28.993435450222638,-3.8851723295186495,0.35870521068572997,88.1832821038348,"Jack Balcer","sa3069545",
2026,"Cale Stricklin","CLT",22,208,0.086538461,0.16826923,0.514285714,0.288235294,0.371287128,0.394117647,0.765404775,0.105882353,1.998015865,0.328467153,-0.4589002253487706,30.544392610341465,-4.103173231333341,0.36263219436796584,88.1573982712576,"Cale Stricklin","sa3043223",
2026,"Tate Vogler","COLU",20,135,0.088888888,0.192592592,0.461538461,0.25,0.325925925,0.391666666,0.717592591,0.141666666,4.879908631719694,0.285714285,-0.6243136897683144,16.771917993214633,-2.2679847683639287,0.3409559576599686,88.08825445820767,"Tate Vogler","sa3065442",
2026,"Ignacio Gonzalez","M-OH",,240,0.125,0.2875,0.434782608,0.256157635,0.361344537,0.438423645,0.799768182,0.18226601,3.04445911251742,0.336,-1.2454390046186745,35.56081746296961,-4.836862342786003,0.37020810562021594,88.02688083562444,"Ignacio Gonzalez","sa3059323",
2026,"Theo Loughlin","DAV",,158,0.189873417,0.284810126,0.666666666,0.241935483,0.392405063,0.322580645,0.714985708,0.080645162,3.717788379502256,0.3625,0.17932098265737295,22.800762153118402,-3.1175506646935633,0.36457745712014694,87.97162960950502,"Theo Loughlin","sa3070630",
2026,"Ben Green","UNCA",,196,0.096938775,0.168367346,0.575757575,0.274853801,0.357142857,0.415204678,0.772347535,0.140350877,6.72685755039736,0.321167883,-1.6923215187853202,28.361091360104474,-3.9034350666876687,0.36318581748981865,87.9017748004313,"Ben Green","sa3070212",
2026,"Fabio Peralta","MIA",20,162,0.141975308,0.185185185,0.766666666,0.2890625,0.4125,0.3828125,0.7953125,0.09375,8.716918687117422,0.36,1.169685384258628,26.989930986461648,-3.7366760382080004,0.381479848921299,87.83895652647911,"Fabio Peralta","sa3060236",
2026,"Randy Seymour","MSU",22,250,0.04,0.236,0.169491525,0.262008733,0.316,0.532751091,0.848751091,0.270742358,4.921612698056637,0.282051282,-1.4963302090764046,37.16145329364106,-5.152584386984855,0.36244509840011596,87.82299050287976,"Randy Seymour","sa3042030",
2026,"Cole Cramer","TCU",23,253,0.118577075,0.193675889,0.612244897,0.306976744,0.399209486,0.395348837,0.794558323,0.088372093,6.545052859791132,0.379518072,0.29366112127900124,40.19022413730207,-5.596821594838473,0.3742538975632709,87.7764081404585,"Cole Cramer","sa3029522",
2026,"Dan Stewart","WKU",23,154,0.071428571,0.298701298,0.239130434,0.269503546,0.331168831,0.4964539,0.827622731,0.226950354,3.7106909294373835,0.352272727,0.0503887883387506,22.4527661651307,-3.1614954024619206,0.3647938332000336,87.6572846181056,"Dan Stewart","sa3071375",
2026,"Walker Barron","ECU",22,215,0.088372093,0.172093023,0.513513513,0.281081081,0.358490566,0.416216216,0.774706782,0.135135135,3.3973500415805997,0.317241379,-0.24478021543473005,31.372908094464762,-4.440681597651022,0.3616304377902229,87.60056828754973,"Walker Barron","sa3026652",
2026,"Caleb Cotton","SHSU",,223,0.116591928,0.224215246,0.52,0.289473684,0.37556561,0.394736842,0.770302452,0.105263158,7.252128962070965,0.371428571,0.24748597154393792,32.482392030051,-4.608389330813638,0.36465200390751007,87.57537813512859,"Caleb Cotton","sa3029456",
2026,"Noah Miller","MICH",21,187,0.07486631,0.14973262,0.5,0.291925465,0.375,0.397515527,0.772515527,0.105590062,3.430548547197721,0.335877862,0.1501113623380661,27.712531250015576,-3.9383689350926074,0.3619639419991037,87.55685016205126,"Noah Miller","sa3060045",
2026,"Grant Werdesheim","PRIN",,179,0.07821229,0.20670391,0.378378378,0.279220779,0.356321839,0.318181818,0.674503657,0.038961039,7.840112545506635,0.364406779,0.7366865146905184,22.100155907066114,-3.1453447916195327,0.3400764249522111,87.54096886744144,"Grant Werdesheim","sa3065163",
2026,"Andrew Marcello","CAN",22,130,0.076923076,0.3,0.256410256,0.247619047,0.37007874,0.333333333,0.703412073,0.085714286,8.493547793514663,0.378787878,-0.5763934748247266,17.239199963436384,-2.4576618400952643,0.3576646569206959,87.52257154155083,"Andrew Marcello","sa3037020",
2026,"Will Craddock","SC",19,221,0.054298642,0.312217194,0.173913043,0.260416666,0.352941176,0.479166666,0.832107842,0.21875,5.9297685783700445,0.350877192,-0.1082277549430728,35.254224910422664,-5.033383832291261,0.3653422321669117,87.50637233290358,"Will Craddock","sa3073939",
2026,"Brendan McLoughlin","WAG",,145,0.08275862,0.131034482,0.631578947,0.303278688,0.386206896,0.37704918,0.763256076,0.073770492,4.970094525869841,0.339622641,0.04288791073486209,22.36996264992072,-3.2020315355269715,0.378927284273608,87.47836593303639,"Brendan McLoughlin","sa3070758",
2026,"Michael Burroughs","PV",22,210,0.142857142,0.18095238,0.789473684,0.234939759,0.38095238,0.385542168,0.766494548,0.150602409,5.263870505820552,0.269841269,1.502683640923351,31.400865669355188,-4.502964262857641,0.3806649605433146,87.45826205349309,"Michael Burroughs","sa3028111",
2026,"Lucas Bonham","UCR",20,206,0.082524271,0.22330097,0.369565217,0.236263736,0.310679611,0.434065934,0.744745545,0.197802198,2.4128377637880023,0.261538461,-1.4284396772272885,24.878250251109268,-3.5772038897922984,0.34002159723957764,87.42875839521233,"Lucas Bonham","sa3069633",
2026,"Kuhio Aloy","ARK",20,199,0.075376884,0.24120603,0.3125,0.292817679,0.351758793,0.486187845,0.837946638,0.193370166,5.5533725565544465,0.352,0.5274373600259423,31.686153977487443,-4.590923578168989,0.3650288252375234,87.34483622302382,"Kuhio Aloy","sa3025960",
2026,"Sam Seidel","BGSU",22,216,0.129629629,0.212962962,0.608695652,0.238888888,0.362790697,0.422222222,0.785012919,0.183333334,5.6394957022208745,0.283464566,0.7350725647993386,31.751622957853968,-4.606288867326085,0.3690395330273828,87.33071115449499,"Sam Seidel","sa3041940",
2026,"Justin Szestowicki","LAS",23,246,0.105691056,0.186991869,0.565217391,0.265700483,0.360655737,0.415458937,0.776114674,0.149758454,6.104053184404963,0.316770186,-0.35423364769667387,35.22210233048979,-5.131726487116181,0.36343771390250473,87.28317327629328,"Justin Szestowicki","sa3043452",
2026,"Zion Williams","LMU",,193,0.098445595,0.29015544,0.339285714,0.228395061,0.347150259,0.388888888,0.736039147,0.160493827,5.6854056787597305,0.31372549,-0.807829930447042,24.7960933430837,-3.615422652776397,0.34609743628477185,87.27479852429131,"Zion Williams","sa3060936",
2026,"Addison Klepsch","UCSD",20,168,0.148809523,0.142857142,1.041666666,0.223021582,0.351190476,0.338129496,0.689319972,0.115107914,4.875380189550054,0.254385964,-1.13791861012578,20.251656162514404,-2.954733622298523,0.3397629935116995,87.2675859980935,"Addison Klepsch","sa3059700",
2026,"Connor Crowson","TNTC",,216,0.138888888,0.189814814,0.731707317,0.254237288,0.373831775,0.38418079,0.758012565,0.129943502,3.651839495359114,0.305970149,-0.6075162761844695,32.03417674427987,-4.680660926046363,0.36098102208609895,87.25130976180407,"Connor Crowson","sa3069885",
2026,"Tanner Hardin","WOF",20,153,0.156862745,0.117647058,1.333333333,0.254385964,0.409395973,0.333333333,0.742729306,0.078947369,5.193538921625863,0.285714285,-0.44779793079942465,23.99692363241838,-3.582765572274462,0.3718217499304138,87.00940556043383,"Tanner Hardin","sa3059410",
2026,"Robert Pitts Jr.","UCR",,207,0.072463768,0.20289855,0.357142857,0.241935483,0.318840579,0.40860215,0.727442729,0.166666667,7.662849390478954,0.282608695,0.06708126561716199,24.86017129381156,-3.733416119618652,0.33924246266268304,86.94316992954478,"Robert Pitts Jr.","sa3039970",
2026,"Darrius Brown","UMES",,202,0.108910891,0.227722772,0.478260869,0.254545454,0.376884422,0.4,0.776884422,0.145454546,7.679934717236762,0.32173913,0.7286108592525125,30.93332512159391,-4.691108157443568,0.37791785013735596,86.83176762224043,"Darrius Brown","sa3027813",
2026,"Casey McCoy","LT",,202,0.08910891,0.198019801,0.45,0.280898876,0.361386138,0.421348314,0.782734452,0.140449438,7.120114529112745,0.335820895,0.15167540265247226,29.168585939474212,-4.429341571264159,0.3633381426334381,86.81662263290352,"Casey McCoy","sa3070734",
2026,"Caden Williamson","QUIN",,240,0.1,0.15,0.666666666,0.277227722,0.371794871,0.331683168,0.703478039,0.054455446,5.463781465521978,0.331325301,-3.5934442202560604,31.525809918149672,-4.837627257601062,0.35636360064530986,86.69645216919409,"Caden Williamson","sa3071612",
2026,"Cashel Duggar","UCLA",20,233,0.137339055,0.171673819,0.8,0.2513089,0.377682403,0.382198952,0.759881355,0.130890052,1.9345238025,0.29054054,-0.31451501697301865,34.16382297621368,-5.272860142129675,0.3602874800882626,86.62955470594056,"Cashel Duggar","sa3030631",
2026,"Jared Lewis","SF",22,187,0.128342245,0.288770053,0.444444444,0.267973856,0.373626373,0.326797385,0.700423758,0.058823529,3.7417954390037567,0.4,-0.07732309005223215,23.84709530391311,-3.6811611273088496,0.3450811839365697,86.62769966377618,"Jared Lewis","sa3036303",
2026,"Alex McCranie","TOL",21,192,0.145833333,0.135416666,1.076923076,0.261744966,0.394736842,0.32885906,0.723595902,0.067114094,4.0418283416200085,0.299212598,-1.6713585774414241,27.99629496891935,-4.321848875685143,0.36785859496969925,86.62717482641976,"Alex McCranie","sa3070735",
2026,"Amman Dewberry","PRES",22,222,0.09009009,0.292792792,0.307692307,0.256281407,0.333333333,0.467336683,0.800670016,0.211055276,3.9199529865176848,0.325203252,-2.276395794877317,31.643521795684133,-4.900992830580438,0.3609484887874878,86.58897817989326,"Amman Dewberry","sa3030237",
2026,"Julius Bagnerise","GMU",20,223,0.125560538,0.130044843,0.965517241,0.26519337,0.371040723,0.386740331,0.757781054,0.121546961,8.5389310305613,0.29032258,0.6967350039631128,31.655498003107372,-4.925411860006987,0.3622000487142019,86.53556765417302,"Julius Bagnerise","sa3069535",
2026,"Cooper Sheff","UNLV",22,213,0.070422535,0.248826291,0.283018867,0.295336787,0.34741784,0.487046632,0.834464472,0.191709845,5.7668704883226525,0.358208955,-0.9485835591331124,32.87328204387872,-5.140809045489147,0.36474279170864626,86.4765698766714,"Cooper Sheff","sa3060560",
2026,"Luke Vaughn","ALA",20,211,0.127962085,0.180094786,0.710526315,0.216867469,0.365384615,0.445783132,0.811167747,0.228915663,3.8928571400000003,0.223140495,-0.5082277609035373,33.253382359297056,-5.2112576620271,0.3632962302519725,86.45182261126565,"Luke Vaughn","sa3044401",
2026,"James Schaffer","STBK",,189,0.116402116,0.121693121,0.956521739,0.256756756,0.379888268,0.304054054,0.683942322,0.047297298,4.672563108145049,0.296,-0.9010157352313399,26.023308709530347,-4.0787050423340885,0.3522634070012822,86.4503914058525,"James Schaffer","sa3065406",
2026,"Hunter Huneycutt","QUC",,179,0.106145251,0.089385474,1.1875,0.29299363,0.369318181,0.350318471,0.719636652,0.057324841,5.7622756030695825,0.321428571,0.9734565545804799,23.768265758819744,-3.7330198686645812,0.35272031887011096,86.42601688070225,"Hunter Huneycutt","sa3070393",
2026,"Nick Gallello","HOF",,219,0.05479452,0.173515981,0.315789473,0.288557213,0.344036697,0.402985074,0.747021771,0.114427861,2.155739567878998,0.335443037,-1.1194335352629423,30.13270672886423,-4.74740444393107,0.3521597645151506,86.38936550284335,"Nick Gallello","sa3059260",
2026,"Jarrett Flaggert","AMCC",,185,0.075675675,0.2,0.378378378,0.271604938,0.338797814,0.413580246,0.75237806,0.141975308,3.5134274381350643,0.322580645,0.012972480151802301,24.72745973597582,-3.9089960979360785,0.34675595017730215,86.34958138462456,"Jarrett Flaggert","sa3059193",
2026,"Ryder Woodson","MSST",20,234,0.098290598,0.277777777,0.353846153,0.272277227,0.352173913,0.480198019,0.832371932,0.207920792,2.6891333424416075,0.353846153,-1.4594983411952853,36.82435067880389,-5.83311740171674,0.36305149845455004,86.3256830182558,"Ryder Woodson","sa3060964",
2026,"Matthew Perez","FAMU",21,231,0.099567099,0.142857142,0.696969696,0.308457711,0.373913043,0.412935323,0.786848366,0.104477612,3.335456509272664,0.343195266,0.3153216070495546,34.070749386984524,-5.423463538449587,0.3787513826204383,86.26770066619837,"Matthew Perez","sa3062886",
2026,"Frankie Ferrentino","CCSU",23,160,0.08125,0.09375,0.866666666,0.261194029,0.36875,0.425373134,0.794123134,0.164179105,2.64285714,0.264957264,-0.3279600874520838,24.33857370953811,-3.8787991847490004,0.3770156543701887,86.25386140913812,"Frankie Ferrentino","sa3031274",
2026,"Cooper Romich","LEM",,205,0.102439024,0.151219512,0.677419354,0.275449101,0.376237623,0.407185628,0.783423251,0.131736527,6.8167180644485095,0.306569343,0.13356788456439972,31.16859261231074,-4.984916408494621,0.3769499978216568,86.2118047638863,"Cooper Romich","sa3041111",
2026,"Matthew Graveline","WVU",22,278,0.097122302,0.197841726,0.49090909,0.30543933,0.38095238,0.430962343,0.811914723,0.125523013,4.52454051667312,0.370165745,-0.025374554097652435,43.37224273367554,-6.939214632075726,0.3713711109353509,86.2074863353104,"Matthew Graveline","sa3032600",
2026,"Jake Kelleher","LIU",,203,0.123152709,0.157635467,0.78125,0.274853801,0.369458128,0.432748538,0.802206666,0.157894737,5.273236522980497,0.304347826,0.17000789428129792,30.85376442237297,-4.947027437253797,0.37690314547768955,86.18179325013016,"Jake Kelleher","sa3070491",
2026,"Tim Simay","SIU",,249,0.072289156,0.128514056,0.5625,0.29147982,0.356275303,0.390134529,0.746409832,0.098654709,3.118373406417893,0.328042328,-0.105757936835289,33.178460734933054,-5.323857751638258,0.35069873482592195,86.17263073782144,"Tim Simay","sa3042302",
2026,"John Martinez","FAU",21,241,0.066390041,0.116182572,0.571428571,0.296803652,0.344537815,0.438356164,0.782893979,0.141552512,3.984834245336655,0.319148936,-0.3185596400871873,34.57800095734412,-5.566534464981008,0.35899161265677765,86.13376788043396,"John Martinez","sa3059934",
2026,"Conner Cunningham","MUR",20,196,0.096938775,0.178571428,0.542857142,0.25,0.358974358,0.37804878,0.737023138,0.12804878,5.225165250092748,0.296875,-0.08866111934185028,26.09594758524929,-4.211098291730538,0.35059334681584287,86.10521688974926,"Conner Cunningham","sa3058963",
2026,"Isaiah Monge","WIU",,237,0.084388185,0.210970464,0.4,0.295238095,0.358974358,0.419047619,0.778021977,0.123809524,3.7151490495059027,0.367088607,-0.004368654452264309,34.67912114014257,-5.605214637020935,0.3589643627150446,86.08587052787293,"Isaiah Monge","sa3038230",
2026,"Edoardo Cornelli","OMA",19,157,0.114649681,0.159235668,0.72,0.246153846,0.359477124,0.338461538,0.697938662,0.092307692,7.635889972453496,0.298076923,0.630917324218899,19.812555438817633,-3.2051922166932694,0.34872833069633036,86.07512661680482,"Edoardo Cornelli","sa3069853",
2026,"JJ DeVito","HOF",,151,0.125827814,0.231788079,0.542857142,0.224137931,0.376712328,0.301724137,0.678436465,0.077586206,6.3326085650660096,0.308641975,-0.5906767034903169,20.70048472152303,-3.349272297162313,0.35162343962551795,86.07357116098882,"JJ DeVito","sa3067108",
2026,"Blaine French","PAC",23,161,0.086956521,0.173913043,0.5,0.261194029,0.365384615,0.335820895,0.70120551,0.074626866,4.660903011757203,0.323809523,0.7161616284865886,20.378400315203294,-3.3223980025867377,0.34406699584080624,85.9819152163625,"Blaine French","sa3059237",
2026,"Rayfield (Trey) Adams III","ALCN",,206,0.150485436,0.165048543,0.911764705,0.242236024,0.401960784,0.285714285,0.687675069,0.043478261,6.529284781343124,0.307086614,1.9031386976130307,30.28201607782877,-4.93793137948477,0.37828853171245724,85.97973098776049,"Rayfield (Trey) Adams III","sa3069460",
2026,"Katcher Halligan","HCU",23,235,0.119148936,0.106382978,1.12,0.267326732,0.35042735,0.386138613,0.736565963,0.118811881,3.8712435707010364,0.27840909,0.32940699718892574,31.261262448609852,-5.114776043116071,0.34606203054770446,85.93916145025118,"Katcher Halligan","sa3033048",
2026,"Jarren Sanderson","UCR",22,186,0.043010752,0.220430107,0.195121951,0.26744186,0.311827956,0.424418604,0.73624656,0.156976744,4.09154166918122,0.314960629,-1.547918331809342,22.07763551603046,-3.6151531742981393,0.33761570466462004,85.92930795535257,"Jarren Sanderson","sa3041498",
2026,"Bruce Jellison","EMU",22,204,0.132352941,0.166666666,0.794117647,0.24691358,0.389162561,0.333333333,0.722495894,0.086419753,2.3892706207362213,0.291338582,-0.8195194317959249,29.501683998486747,-4.8363438364055265,0.3666639747878014,85.91548745996671,"Bruce Jellison","sa3059588",
2026,"John Vitucci","ALB",22,160,0.18125,0.2375,0.763157894,0.248062015,0.38125,0.271317829,0.652567829,0.023255814,4.766571769707003,0.344086021,1.0624413937330246,21.271558975337705,-3.4888637312662967,0.3462655872106552,85.90951466133184,"John Vitucci","sa3044535",
2026,"Kensky Thomas","BALL",22,167,0.077844311,0.269461077,0.288888888,0.282894736,0.347305389,0.460526315,0.807831704,0.177631579,3.989063570766249,0.36,-0.47933317767456174,24.141975998819838,-3.96807619935178,0.36661075510664615,85.8837821738023,"Kensky Thomas","sa3043704",
2026,"Colin Sloan","YALE",21,209,0.052631578,0.148325358,0.354838709,0.260115606,0.346534653,0.329479768,0.676014421,0.069364162,5.557084110866757,0.298611111,-1.8237332738935947,25.315304181198044,-4.161286020060616,0.33741152020964293,85.88274291005706,"Colin Sloan","sa3042437",
2026,"Maddix Simpson","OSU",20,227,0.105726872,0.189427312,0.558139534,0.282608695,0.372727272,0.402173913,0.774901185,0.119565218,5.654146658185828,0.335664335,0.5027186945080757,32.98479148159915,-5.436354732409182,0.35887923674149946,85.85061803693122,"Maddix Simpson","sa3066094",
2026,"Luke Johnson","COR",21,135,0.059259259,0.148148148,0.4,0.272727272,0.338345864,0.347107438,0.685453302,0.074380166,6.0709898195693395,0.32,0.23712661489844322,16.32372593356135,-2.7161768280172103,0.33717294832817596,85.73429254324606,"Luke Johnson","sa3034786",
2026,"Ryan Pruitt","USF",22,237,0.139240506,0.105485232,1.32,0.274611398,0.377118644,0.3626943,0.739812944,0.088082902,8.00538736841674,0.298850574,1.2876409031450748,33.82579985355168,-5.652436225664324,0.3581791290287244,85.68214594410377,"Ryan Pruitt","sa3060313",
2026,"Scott Campbell","UK",,152,0.072368421,0.322368421,0.224489795,0.256198347,0.374149659,0.421487603,0.795637262,0.165289256,9.013122181332847,0.394366197,1.7498811352998018,23.73336775130069,-3.9757568138238226,0.3617440798655659,85.65181370317335,"Scott Campbell","sa3058803",
2026,"Ethan Mooser","UNCO",,184,0.059782608,0.195652173,0.305555555,0.276073619,0.333333333,0.417177914,0.750511247,0.141104295,7.446160212081882,0.328,-0.04935419699177146,23.101145474520287,-3.8750683383077766,0.34805864757961696,85.63524012229968,"Ethan Mooser","sa3038324",
2026,"Michael Whooley","VILL",22,230,0.113043478,0.173913043,0.65,0.257575757,0.339130434,0.409090909,0.748221343,0.151515152,6.892222288071611,0.286624203,1.1855926858261228,29.578022589598657,-4.964912155951498,0.34756512667821804,85.62683746322081,"Michael Whooley","sa3045159",
2026,"Jonathan Mendez","UCSB",21,183,0.054644808,0.185792349,0.294117647,0.269461077,0.324175824,0.39520958,0.719385404,0.125748503,5.0850820636016465,0.320610687,0.19801800814457238,21.642779848575916,-3.6356090241667376,0.3371157544654804,85.61771858772627,"Jonathan Mendez","sa3037848",
2026,"Jack Brooks","ORE",22,218,0.142201834,0.256880733,0.553571428,0.235632183,0.369668246,0.390804597,0.760472843,0.155172414,7.1923548379448174,0.3125,1.3668104410171509,31.570266076858104,-5.327574780647692,0.35835614673334276,85.56128310807662,"Jack Brooks","sa3027759",
2026,"Owen McElfatrick","NU",22,232,0.112068965,0.24137931,0.464285714,0.25,0.336206896,0.475490196,0.811697092,0.225490196,5.08222923721495,0.289855072,0.04388650506734848,33.59198109926066,-5.6754458683601925,0.35832975034056036,85.54668256455903,"Owen McElfatrick","sa3037565",
2026,"Zack Kent","BING",22,186,0.123655913,0.086021505,1.4375,0.248366013,0.364130434,0.31372549,0.677855924,0.065359477,6.0192309303126565,0.268115942,-0.5425700098276138,24.614821746978365,-4.169169649448788,0.3456029982670494,85.51566531538676,"Zack Kent","sa3035287",
2026,"Jeter Polledo","BCU",21,254,0.062992125,0.11023622,0.571428571,0.265700483,0.353174603,0.478260869,0.831435472,0.212560386,8.965140016877168,0.266304347,1.5594969214871526,37.12777258561103,-6.298764570494013,0.37751037071621607,85.49558637878057,"Jeter Polledo","sa3060287",
2026,"Jackson Williams","ALST",20,209,0.076555023,0.277511961,0.275862068,0.27027027,0.339712918,0.518918918,0.858631836,0.248648648,3.4335339284040387,0.322033898,0.2774076550267637,30.54140754684364,-5.191451766644365,0.3774716420607133,85.4714907612088,"Jackson Williams","sa3071616",
2026,"Tyler Castrataro","HOF",,158,0.082278481,0.246835443,0.333333333,0.276595744,0.354430379,0.368794326,0.723224705,0.092198582,5.7490263590641675,0.37,-1.7466905182227492,21.495014439755114,-3.669631977147428,0.3505092278311524,85.41751027869553,"Tyler Castrataro","sa3058842",
2026,"Talmadge LeCroy","SC",23,245,0.122448979,0.159183673,0.769230769,0.263414634,0.371900826,0.424390243,0.796291069,0.160975609,1.93993796716201,0.289308176,-1.4021587623283267,38.028117414925184,-6.634616259124196,0.36076091956501166,85.14507350234332,"Talmadge LeCroy","sa3036138",
2026,"Ian Smith","UAPB",,174,0.178160919,0.155172413,1.148148148,0.236220472,0.408045977,0.267716535,0.675762512,0.031496063,5.003409933519244,0.276190476,0.17055513663217425,25.299117498969746,-4.449770159149456,0.37678169553307284,85.0422301153334,"Ian Smith","sa3074430",
2026,"Aidan OKeefe","RICH",22,157,0.152866242,0.152866242,1,0.248,0.379084967,0.344,0.723084967,0.096,3.5636980004913545,0.282828282,-0.24067733995616436,21.889730039063533,-3.8645428242053224,0.3596488965882195,84.99455665192943,"Aidan OKeefe","sa3039085",
2026,"Corie Lockette","PV",21,136,0.110294117,0.257352941,0.428571428,0.27118644,0.360294117,0.440677966,0.800972083,0.169491526,5.975311345511011,0.35,-0.07841705437749624,19.745954838862833,-3.506049307713093,0.3765876757747987,84.92151779428703,"Corie Lockette","sa3059832",
2026,"Sam Andersen","DART",,136,0.110294117,0.161764705,0.681818181,0.238938053,0.353383458,0.300884955,0.654268413,0.061946902,8.15455959894904,0.296703296,0.0006932076066732407,16.28362034674959,-2.897318731581403,0.33582381915329096,84.89480249246738,"Sam Andersen","sa3074706",
2026,"Dante DeFranco","VCU",25,284,0.102112676,0.154929577,0.659090909,0.276859504,0.365591397,0.38429752,0.749888917,0.107438016,7.289303405472468,0.321428571,2.6526349154300988,39.53984307607618,-7.0475040141681085,0.35944682017876683,84.87249338212712,"Dante DeFranco","sa3030022",
2026,"Logan Baratta","JAX",19,230,0.117391304,0.130434782,0.9,0.25510204,0.350877192,0.387755102,0.738632294,0.132653062,5.933470415672175,0.280487804,-1.0524554837029427,29.96947725800334,-5.367370196306124,0.35012371550526533,84.81084029002267,"Logan Baratta","sa3069553",
2026,"Steven Spalitta","UL",21,237,0.118143459,0.164556962,0.717948717,0.246231155,0.360169491,0.386934673,0.747104164,0.140703518,5.582029264370201,0.282051282,-3.1127217393368483,32.917873742575054,-5.907377613192197,0.35418917263968513,84.7847022056312,"Steven Spalitta","sa3042793",
2026,"Alejandro Puig","DART",,150,0.086666666,0.12,0.722222222,0.248062015,0.346666666,0.317829457,0.664496123,0.069767442,5.6993140268130755,0.285714285,-1.7305798456072807,17.932279679054083,-3.223167833810984,0.3356141873200734,84.76435995102015,"Alejandro Puig","sa3065114",
2026,"Jason Walk","OU",21,258,0.124031007,0.255813953,0.484848484,0.279816513,0.380392156,0.403669724,0.78406188,0.123853211,6.129329792409978,0.374149659,0.6906889323145151,39.80676146181075,-7.2258315500453305,0.3597742884766822,84.63654438907116,"Jason Walk","sa3044651",
2026,"Braden Sullivan","MASS",,181,0.138121546,0.171270718,0.806451612,0.259740259,0.363128491,0.409090909,0.7722194,0.14935065,6.720927368263764,0.29059829,1.3034521848894656,25.76643506195466,-4.700148458219369,0.3644101316702432,84.57277477434555,"Braden Sullivan","sa3043304",
2026,"Alex Ulloa","WICH",23,237,0.097046413,0.185654008,0.522727272,0.279411764,0.363636363,0.37745098,0.741087343,0.098039216,6.010015722472671,0.348101265,-0.3750396678224206,33.368113706330426,-6.1101223728855745,0.35609343970492807,84.52280805904002,"Alex Ulloa","sa3044226",
2026,"Cooper Hinson","MRSH",20,225,0.057777777,0.164444444,0.351351351,0.295,0.349775784,0.42,0.769775784,0.125,2.750686527737419,0.345454545,-1.147130560129881,31.153283649691307,-5.706132194391525,0.35372681895713637,84.51920068801755,"Cooper Hinson","sa3059500",
2026,"Cody Leming","MVSU",,194,0.103092783,0.252577319,0.408163265,0.274390243,0.371727748,0.390243902,0.76197165,0.115853659,7.167126186173638,0.377192982,0.41315068816766143,27.95805694960604,-5.210243083009621,0.37557505094568144,84.29149797280479,"Cody Leming","sa3070584",
2026,"Colin Larson","BC",20,193,0.191709844,0.284974093,0.672727272,0.225352112,0.411764705,0.338028169,0.749792874,0.112676057,9.360716940674921,0.345238095,3.074492241255939,30.854067694922442,-5.752322155455593,0.37460060616865515,84.28601624206274,"Colin Larson","sa3066210",
2026,"Jerdy Lopez","LR",,287,0.094076655,0.111498257,0.84375,0.286885245,0.37366548,0.364754098,0.738419578,0.077868853,7.527796458207282,0.323943661,-0.6661900491453707,41.08974164419286,-7.693399149249863,0.35575193442483816,84.22938944865152,"Jerdy Lopez","sa3070622",
2026,"Braden Benton","LAM",,212,0.188679245,0.216981132,0.869565217,0.232142857,0.37735849,0.297619047,0.674977537,0.06547619,0.14285714,0.300813008,-0.29048955673351884,27.637272901115434,-5.1785575680160365,0.34315421839929977,84.21933105460398,"Braden Benton","sa3026995",
2026,"Brady Krzciok","CMU",22,207,0.115942028,0.207729468,0.558139534,0.245614035,0.348039215,0.45614035,0.804179565,0.210526315,5.611687150056575,0.268292682,-0.9645623182877898,29.31075359736021,-5.532245235104004,0.363654080267046,84.1223619651548,"Brady Krzciok","sa3059728",
2026,"TJ Aiken","ODU",21,252,0.17063492,0.23015873,0.74137931,0.23076923,0.380566801,0.328205128,0.708771929,0.097435898,6.807451374336665,0.306569343,0.4467034377157688,34.69395283127365,-6.588592914099125,0.3528927497052953,84.0402455925635,"TJ Aiken","sa3025818",
2026,"Ethan Willoughby","SIUE",,249,0.080321285,0.10441767,0.769230769,0.293023255,0.369918699,0.376744186,0.746662885,0.083720931,4.375597643830101,0.317460317,-2.234940119087696,35.563529256667685,-6.7605197244028385,0.3554013163093629,84.02676519104662,"Ethan Willoughby","sa3045371",
2026,"Kosei Suzuki","LAS",22,155,0.083870967,0.13548387,0.619047619,0.246153846,0.346405228,0.43076923,0.777174458,0.184615384,6.042900553020999,0.254716981,0.4124491005204618,21.356587304323153,-4.069605649859473,0.3579931909741919,83.99443574902148,"Kosei Suzuki","sa3071407",
2026,"Tyler Zedalis","ODU",21,220,0.081818181,0.263636363,0.310344827,0.274111675,0.331818181,0.461928934,0.793747115,0.187817259,2.9920383517488474,0.335820895,-0.02388482168316841,30.26368769222438,-5.776630021989947,0.3527734797109257,83.97175610993118,"Tyler Zedalis","sa3045824",
2026,"Gage Hoover","WIU",,206,0.121359223,0.165048543,0.735294117,0.29239766,0.379310344,0.356725146,0.73603549,0.064327486,5.619075746374819,0.34751773,0.7828147322870791,29.40109447682703,-5.613982190243357,0.35529782560658574,83.96695730921253,"Gage Hoover","sa3070362",
2026,"Kai Mault","UCD",,179,0.089385474,0.245810055,0.363636363,0.253246753,0.335227272,0.363636363,0.698863635,0.11038961,5.903809691533835,0.336363636,0.7199965976178646,20.75891178831979,-3.9669439943082714,0.33444996923208237,83.95629243661861,"Kai Mault","sa3070710",
2026,"Tyler Stack","OHIO",22,196,0.091836734,0.214285714,0.428571428,0.285714285,0.364102564,0.404761904,0.768864468,0.119047619,7.69488260771112,0.359375,2.7512479312717915,27.695822772512138,-5.295615735521617,0.36336226555017326,83.94851520574927,"Tyler Stack","sa3042891",
2026,"Preston Curtis","HCU",23,193,0.067357512,0.259067357,0.26,0.247126436,0.310880829,0.459770114,0.770650943,0.212643678,3.8928571400000003,0.296610169,-0.15917235985398293,25.074156532171163,-4.800632526990976,0.3426664230737044,83.93082368720961,"Preston Curtis","sa3029730",
2026,"Brady Gold","WOF",,163,0.098159509,0.147239263,0.666666666,0.260869565,0.354430379,0.456521739,0.810952118,0.195652174,7.779242683391917,0.284403669,-0.0017698765732347965,24.657143634710526,-4.725139635648513,0.3660970877242994,83.91840555013894,"Brady Gold","sa3070179",
2026,"Maika Niu","ARK",22,246,0.097560975,0.280487804,0.347826086,0.274418604,0.346938775,0.479069767,0.826008542,0.204651163,6.226129573451434,0.35,2.304836609400809,37.61665651584937,-7.2283740303389825,0.35830925654391854,83.88143804943094,"Maika Niu","sa3038888",
2026,"Jacob Brooks","NIA",,232,0.051724137,0.103448275,0.5,0.322429906,0.354978354,0.373831775,0.728810129,0.051401869,5.471984435226212,0.352331606,-0.6464380663819611,29.4760308959139,-5.675291707311812,0.35188809875802046,83.85468515261213,"Jacob Brooks","sa3058733",
2026,"Braeden Smith","COFC",22,171,0.058479532,0.198830409,0.294117647,0.263157894,0.333333333,0.414473684,0.747807017,0.15131579,7.3391661434777,0.316239316,-0.35750028770416975,22.82732708310261,-4.407828216203307,0.34778875983946506,83.815667038566,"Braeden Smith","sa3071309",
2026,"Seth Buchanan","VMI",22,206,0.140776699,0.203883495,0.69047619,0.257485029,0.385365853,0.377245508,0.762611361,0.119760479,5.955734335120065,0.31707317,-0.24476874573156238,31.12290901944248,-6.010528733281213,0.36590317313264054,83.81370242823708,"Seth Buchanan","sa3027943",
2026,"Maddox Molony","ORE",21,266,0.105263157,0.150375939,0.7,0.232876712,0.343396226,0.452054794,0.79545102,0.219178082,4.371082133325416,0.225433526,-0.20781459659337997,37.715489126244066,-7.306646965941912,0.3551194672314626,83.7709900059361,"Maddox Molony","sa3036940",
2026,"Logan Crock","BUT",21,192,0.119791666,0.166666666,0.71875,0.24025974,0.360215053,0.331168831,0.691383884,0.090909091,6.754786084327169,0.286885245,-1.7693166341632605,24.147660911672737,-4.688180267221304,0.3445276118093921,83.74182935002172,"Logan Crock","sa3058953",
2026,"Renzo Gonzalez","STET",23,238,0.071428571,0.172268907,0.414634146,0.291079812,0.353191489,0.375586854,0.728778343,0.084507042,6.490211497918223,0.350877192,0.9290359686128795,30.615850036671546,-5.950105155179117,0.3483825024138106,83.72774586644684,"Renzo Gonzalez","sa3032438",
2026,"Jayden Walker","MERC",,208,0.144230769,0.10576923,1.363636363,0.263157894,0.379807692,0.362573099,0.742380791,0.099415205,6.443922489609871,0.291390728,-0.08348663942888379,30.67947602726876,-6.003108735304482,0.3729272143772015,83.63498980739935,"Jayden Walker","sa3065162",
2026,"Lance Vickers","BGSU",20,147,0.102040816,0.210884353,0.483870967,0.267857142,0.390070921,0.321428571,0.711499492,0.053571429,5.997619302279061,0.345238095,1.9250193093903363,20.689556260355506,-4.054022620669809,0.36280387893636173,83.61585993617663,"Lance Vickers","sa3071531",
2026,"Zach Jackson","UVA",20,204,0.156862745,0.338235294,0.463768115,0.237804878,0.376237623,0.43902439,0.815262013,0.201219512,8.14913221581543,0.352272727,1.0721106110140681,32.34367286905268,-6.349091532383173,0.373254928848531,83.59101079852655,"Zach Jackson","sa3065331",
2026,"Trent Adelman","VCU",21,257,0.085603112,0.178988326,0.478260869,0.260663507,0.364372469,0.374407582,0.738780051,0.113744075,5.158666934028886,0.310559006,-1.4273584107868373,35.22925593027794,-6.929012387302288,0.35728107579806556,83.56428604916665,"Trent Adelman","sa3025777",
2026,"Shannon Martin","GRAM",22,221,0.153846153,0.140271493,1.096774193,0.231707317,0.398148148,0.286585365,0.684733513,0.054878048,5.887068292810131,0.272058823,-0.8889626041054726,31.568138347517813,-6.216368390668074,0.37437977283089247,83.54783765276558,"Shannon Martin","sa3037208",
2026,"Julian Nunez","PEPP",23,233,0.064377682,0.090128755,0.714285714,0.271356783,0.352173913,0.361809045,0.713982958,0.090452262,3.120370870226408,0.292817679,-0.48416704568080604,28.630610064954027,-5.66930302849366,0.3401242606017901,83.47137786312156,"Julian Nunez","sa3038970",
2026,"Alex Brazer","NKU",,204,0.093137254,0.279411764,0.333333333,0.251396648,0.336633663,0.441340782,0.777974445,0.189944134,4.656030347094236,0.31858407,0.12305609742179513,26.72765789772479,-5.295266644702271,0.35033097332066826,83.46413789381855,"Alex Brazer","sa3058720",
2026,"Luca Reyes","FIU",,152,0.118421052,0.388157894,0.305084745,0.211382113,0.355263157,0.406504065,0.761767222,0.195121952,4.4638111735189625,0.33898305,-0.7667184951715171,21.09328827165777,-4.188320548303777,0.3574796330771948,83.43333061542819,"Luca Reyes","sa3071097",
2026,"Brenden Fry","SIUE",,156,0.102564102,0.326923076,0.31372549,0.264705882,0.339869281,0.448529411,0.788398692,0.183823529,7.133861053970169,0.397590361,0.09005972929298878,22.093593209370106,-4.4226784414210645,0.35417987786087335,83.32088877476444,"Brenden Fry","sa3059244",
2026,"Matt Flaharty","UTAH",23,206,0.058252427,0.189320388,0.307692307,0.306451612,0.356435643,0.467741935,0.824177578,0.161290323,6.506704418527066,0.359154929,-0.16008760407567024,31.054373473414607,-6.226778387537768,0.36602473229464916,83.297784331445,"Matt Flaharty","sa3031423",
2026,"Rhett Stokes","NEB",23,186,0.064516129,0.14516129,0.444444444,0.295597484,0.363636363,0.396226415,0.759862778,0.100628931,3.9856255245781873,0.341085271,-0.4709552079439163,26.217879164802035,-5.26376486958365,0.35423160886222665,83.27989204174241,"Rhett Stokes","sa3043160",
2026,"Cleary Simpson","MRSH",24,171,0.181286549,0.14619883,1.24,0.21875,0.392857142,0.28125,0.674107142,0.0625,5.409939594930562,0.259615384,1.1512391045689583,23.308422326663774,-4.70473371483918,0.35143869512137915,83.20527073826001,"Cleary Simpson","sa3042336",
2026,"Brodie Kresser","WVU",23,226,0.115044247,0.132743362,0.866666666,0.295081967,0.394618834,0.37704918,0.771668014,0.081967213,6.513100708744247,0.331210191,0.5325038060545921,34.02695076987572,-6.873730397965243,0.36583420674362527,83.19409310138859,"Brodie Kresser","sa3035708",
2026,"Noah Ruiz","NU",22,223,0.044843049,0.116591928,0.384615384,0.295,0.34090909,0.455,0.79590909,0.16,1.9920355095096536,0.304093567,-0.7647303566336632,31.39978579843544,-6.344335812682879,0.3540712529962713,83.19119496792308,"Noah Ruiz","sa3071185",
2026,"Noah Brooks","SIE",21,158,0.088607594,0.177215189,0.5,0.266666666,0.356687898,0.355555555,0.712243453,0.088888889,2.174051400452825,0.311320754,-0.9548518592491746,19.909243489479447,-4.030019317889788,0.3508029363717243,83.16564987686579,"Noah Brooks","sa3027766",
2026,"Joseph Frazzetta","UNH",20,167,0.059880239,0.095808383,0.625,0.311258278,0.371257485,0.390728476,0.761985961,0.079470198,5.0632955195567595,0.34074074,-0.39850913919508457,24.49179383670986,-4.960089121702313,0.3721836080808126,83.1586689085168,"Joseph Frazzetta","sa3074275",
2026,"Brady Bean","PORT",21,234,0.119658119,0.209401709,0.571428571,0.247474747,0.346320346,0.373737373,0.720057719,0.126262626,5.319898987227479,0.301369863,-0.9759784850757569,28.624989476710994,-5.822133544176383,0.33953842352995106,83.09834600513352,"Brady Bean","sa3026793",
2026,"Simon Landry","HC",,158,0.120253164,0.202531645,0.59375,0.255639097,0.354838709,0.32330827,0.678146979,0.067669173,6.190285261355584,0.326732673,-0.3198228031396866,19.4346881820241,-3.9691642807444536,0.3420333700795328,83.04055160551579,"Simon Landry","sa3066984",
2026,"Diego Trujillo","NDSU",,147,0.054421768,0.183673469,0.296296296,0.265625,0.333333333,0.3984375,0.731770833,0.1328125,5.0072667473703705,0.316831683,-0.569645905867219,17.895451870308694,-3.6561972084180763,0.34410032547182506,83.03518586878329,"Diego Trujillo","sa3071480",
2026,"Jack Stead","NJIT",21,181,0.071823204,0.171270718,0.419354838,0.253164556,0.325842696,0.398734177,0.724576873,0.145569621,5.517420441284159,0.288,0.13871288299560547,23.216659928029962,-4.793568258815819,0.34117961800500246,82.88636484201517,"Jack Stead","sa3042990",
2026,"Jack Myers","GASO",20,242,0.082644628,0.194214876,0.425531914,0.278301886,0.356846473,0.386792452,0.743638925,0.108490566,3.0292567505670993,0.341463414,-0.643551904708147,32.80365789598486,-6.840691589650896,0.35063690392308217,82.74485096008584,"Jack Myers","sa3065100",
2026,"Aidan Eshelman","UTSA",19,171,0.122807017,0.152046783,0.807692307,0.282608695,0.381818181,0.326086956,0.707905137,0.043478261,4.687199054810411,0.339130434,-0.346369911916554,23.56332897963121,-4.920967938284138,0.3528571898286993,82.72392696767224,"Aidan Eshelman","sa3070037",
2026,"Colton Griffin","TCU",21,175,0.131428571,0.131428571,1,0.288732394,0.397660818,0.359154929,0.756815747,0.070422535,6.9426144525905364,0.333333333,0.9332751519978046,26.184452794864377,-5.4864286404107006,0.3648836086368003,82.67674156267748,"Colton Griffin","sa3032714",
2026,"Charlie Longmeier","EVAN",21,246,0.101626016,0.113821138,0.892857142,0.274418604,0.353658536,0.376744186,0.730402722,0.102325582,4.874165449311825,0.303191489,-0.9900876209139824,31.402339512766844,-6.63609561854457,0.3450421014936959,82.55423600987713,"Charlie Longmeier","sa3059840",
2026,"Diesel Toth","CBU",19,208,0.10576923,0.134615384,0.785714285,0.266666666,0.360576923,0.388888888,0.749465811,0.122222222,6.814549656675701,0.3,0.11423091311007738,27.843382840070603,-5.904597992982986,0.35658544645859647,82.50384809037263,"Diesel Toth","sa3071471",
2026,"Hunter Kingsbury","BRY",,193,0.056994818,0.18134715,0.314285714,0.26993865,0.326315789,0.411042944,0.737358733,0.141104294,8.846553727892505,0.305970149,0.7552243992686272,24.639638033379363,-5.227621856461715,0.34052482498319525,82.49714946820475,"Hunter Kingsbury","sa3070511",
2026,"Shane Cox","MEM",24,256,0.0859375,0.171875,0.5,0.271929824,0.342519685,0.416666666,0.759186351,0.144736842,5.573443985885234,0.312849162,0.09513063076883554,35.17505543348986,-7.468102525494519,0.3524309234825645,82.4869852915734,"Shane Cox","sa3029499",
2026,"David Gibbs","UCR",,158,0.120253164,0.177215189,0.678571428,0.257575757,0.363636363,0.287878787,0.65151515,0.03030303,4.910127053091439,0.326923076,-0.6109401627909392,17.999737542572824,-3.825319516953617,0.3320696953829233,82.47280863220514,"David Gibbs","sa3065041",
2026,"Reese Robinett","ARK",23,205,0.131707317,0.234146341,0.5625,0.255813953,0.372549019,0.40116279,0.773711809,0.145348837,3.9130879869038404,0.333333333,-0.20169559214264154,30.81248635672585,-6.5583724317644485,0.3555331358722612,82.45057072709196,"Reese Robinett","sa3040917",
2026,"Trae Cassidy","MEM",21,190,0.142105263,0.184210526,0.771428571,0.25477707,0.37368421,0.337579617,0.711263827,0.082802547,3.9209962229765782,0.311475409,-1.069569369778037,26.074395437292107,-5.574823360391606,0.35224850867923935,82.38558936942985,"Trae Cassidy","sa3028599",
2026,"JT Popick","UTM",22,225,0.088888888,0.12,0.74074074,0.297979797,0.358744394,0.398989898,0.757734292,0.101010101,4.5070346279491345,0.329479768,-0.3946996480226517,31.502639562338892,-6.741983010917601,0.35253693464091007,82.37142228818306,"JT Popick","sa3062888",
2026,"Jett Ruby","FRES",,204,0.161764705,0.083333333,1.94117647,0.254658385,0.394088669,0.310559006,0.704647675,0.055900621,3.786770268252008,0.273972602,-1.5611936196219176,29.979706774607735,-6.428155113800923,0.35757858236435014,82.34404664161977,"Jett Ruby","sa3041249",
2026,"Jack Andrews","MRMK",,189,0.074074074,0.137566137,0.538461538,0.271604938,0.359788359,0.339506172,0.699294531,0.067901234,8.403571248877494,0.311594202,2.5750576122663915,23.550530091641907,-5.085676684261795,0.34934575437868715,82.24039683726127,"Jack Andrews","sa3058499",
2026,"Caleb Niehaus","INST",,192,0.078125,0.21875,0.357142857,0.240506329,0.347826086,0.379746835,0.727572921,0.139240506,6.78734827264239,0.303571428,-0.5409628860652447,24.406776702038457,-5.2817580345948425,0.3445030745604764,82.2094351188118,"Caleb Niehaus","sa3038866",
2026,"Preston Knott","UTA",23,181,0.110497237,0.182320441,0.606060606,0.256410256,0.340782122,0.442307692,0.783089814,0.185897436,7.170750110765156,0.291666666,-0.06756934430450201,24.121966787963768,-5.245266533106905,0.35596767084558584,82.13905111264437,"Preston Knott","sa3035561",
2026,"Peter Johnson","XAV",22,164,0.109756097,0.310975609,0.352941176,0.239130434,0.349693251,0.347826086,0.697519337,0.108695652,3.1897077058135657,0.352941176,0.20537646114826202,20.21671567251185,-4.413898667793479,0.34184912304205395,82.07962413438217,"Peter Johnson","sa3034801",
2026,"Robbie Carvelli","LEH",21,175,0.068571428,0.16,0.428571428,0.273333333,0.354651162,0.32,0.674651162,0.046666667,5.343502014484713,0.325203252,0.7099892571568489,21.259475644471,-4.66251284277265,0.3404050559498543,82.0132902031528,"Robbie Carvelli","sa3028555",
2026,"Aidan Botti","URI",23,156,0.051282051,0.166666666,0.307692307,0.3,0.34868421,0.414285714,0.762969924,0.114285714,8.061887985684695,0.3539823,0.19201585464179516,20.985816164757843,-4.604416743967898,0.35470319931444366,82.00713232899929,"Aidan Botti","sa3069641",
2026,"Chase Camac","QUIN",,168,0.125,0.107142857,1.166666666,0.278571428,0.369696969,0.314285714,0.683982683,0.035714286,6.427617739895653,0.312,1.806916955858469,20.848685208727193,-4.605720814298321,0.34881910880406697,81.90599768805416,"Chase Camac","sa3069724",
2026,"Manny Marin","TENN",21,219,0.05479452,0.182648401,0.3,0.290816326,0.337962962,0.484693877,0.822656839,0.193877551,6.246470691681695,0.317880794,0.5185210835188627,32.66899018270306,-7.2540248157329135,0.3543290622808315,81.82996746108205,"Manny Marin","sa3059913",
2026,"Will Howard","NAVY",,140,0.114285714,0.15,0.761904761,0.212962962,0.362962962,0.277777777,0.640740739,0.064814815,3.9275869156531824,0.252873563,-0.6634866781532764,16.961971129287793,-3.77561966050713,0.34005643526713053,81.79335440274417,"Will Howard","sa3070376",
2026,"Teige Lethert","VCU",23,232,0.090517241,0.189655172,0.477272727,0.258883248,0.348214285,0.40609137,0.754305655,0.147208122,4.130940001567922,0.31081081,0.15888773975893855,31.084190900491155,-6.973078553511226,0.35415733738669325,81.67740709317262,"Teige Lethert","sa3036259",
2026,"John Stuetzer","FSU",19,233,0.085836909,0.296137339,0.289855072,0.269607843,0.353448275,0.480392156,0.833840431,0.210784313,7.009412181887981,0.357142857,-0.5611704997718334,36.06596727398192,-8.127239125697264,0.3694187983356673,81.60975455775876,"John Stuetzer","sa3071397",
2026,"Garrett Cutting","YSU",23,146,0.08219178,0.219178082,0.375,0.248062015,0.328767123,0.449612403,0.778379526,0.201550388,1.9863320986991808,0.29032258,-1.2031880430877209,18.69542741906095,-4.222940145617241,0.34750068106063425,81.57399241590994,"Garrett Cutting","sa3029746",
2026,"Mason Holton","WCU",,265,0.086792452,0.18490566,0.469387755,0.289361702,0.357414448,0.438297872,0.79571232,0.14893617,4.678061509519767,0.333333333,0.10048832418397069,38.96525600823873,-8.803486731915534,0.3617488760005385,81.57061244043304,"Mason Holton","sa3034032",
2026,"Alex Hebenstreit","SBU",,155,0.129032258,0.180645161,0.714285714,0.25,0.37012987,0.34375,0.71387987,0.09375,1.39285714,0.303030303,-0.20024578040465713,20.727833449839533,-4.6983595043430935,0.35389935970306396,81.5215769312794,"Alex Hebenstreit","sa3059449",
2026,"Sergio Rivera","BCU",23,200,0.14,0.175,0.8,0.242038216,0.387755102,0.31210191,0.699857012,0.070063694,7.331651961023972,0.291666666,4.3737146952189505,27.813738853722832,-6.380384891241768,0.3708322580371584,81.34069777945008,"Sergio Rivera","sa3040844",
2026,"Wyatt Campbell","JMU",23,189,0.132275132,0.243386243,0.54347826,0.216560509,0.340425531,0.414012738,0.754438269,0.197452229,6.489708197255355,0.25,0.9926992543041706,25.183073821301996,-5.778835487727583,0.3481828922286947,81.3356617318097,"Wyatt Campbell","sa3069731",
2026,"Braylen Blomquist","WRST",,243,0.065843621,0.115226337,0.571428571,0.258373205,0.345833333,0.397129186,0.742962519,0.138755981,6.6998712153741895,0.27118644,0.13469642645213753,31.02262969203521,-7.12232454232644,0.34713273122906685,81.32826559820454,"Braylen Blomquist","sa3065261",
2026,"Vinny Spotofora","NIU",,198,0.07070707,0.171717171,0.411764705,0.276836158,0.348484848,0.423728813,0.772213661,0.146892655,6.282620705645641,0.326241134,-0.08037249930202961,27.104984012728835,-6.223101827019548,0.35896312467979663,81.32775504437272,"Vinny Spotofora","sa3071351",
2026,"Luke Jenkins","UNCG",23,194,0.128865979,0.206185567,0.625,0.259259259,0.363157894,0.419753086,0.78291098,0.160493827,6.0459927459647265,0.307692307,-0.8624264411628246,28.424915903455386,-6.545408970468872,0.3612161354014748,81.2829620712232,"Luke Jenkins","sa3034641",
2026,"Mason Barth","ND",19,192,0.145833333,0.25,0.583333333,0.25,0.392670157,0.375,0.767670157,0.125,5.338738837212704,0.333333333,0.11776182055473328,29.5870022058767,-6.829717230768809,0.3687138245367879,81.2456549177898,"Mason Barth","sa3069567",
2026,"Joey Milto","CMU",22,177,0.09039548,0.197740112,0.457142857,0.25949367,0.33898305,0.449367088,0.788350138,0.189873418,6.8357059528480395,0.299145299,0.9314504009671509,24.196647858190374,-5.596640998554395,0.3587740164692119,81.21509503209012,"Joey Milto","sa3038113",
2026,"Breydon Divine","ALST",21,266,0.071428571,0.131578947,0.542857142,0.304545454,0.374501992,0.368181818,0.74268381,0.063636364,5.427573460022954,0.347593582,0.2573836292140186,36.89891897628095,-8.579265604521964,0.37050232730538724,81.13542639487106,"Breydon Divine","sa3069961",
2026,"Mike Villani","STBK",21,156,0.16025641,0.096153846,1.666666666,0.238095238,0.363636363,0.317460317,0.68109668,0.079365079,5.998677619844653,0.252252252,1.182840121909976,20.154051581023847,-4.692055007816641,0.34320302365662214,81.11553216179128,"Mike Villani","sa3065441",
2026,"Abbrie Covarrubias","USC",22,256,0.109375,0.15625,0.7,0.265116279,0.367588932,0.372093023,0.739681955,0.106976744,7.358470777017489,0.310344827,0.14904208481311798,35.1413087169745,-8.18826586798644,0.3502948430215888,81.10236265548643,"Abbrie Covarrubias","sa3029476",
2026,"Elijah McNeal","UCD",,225,0.048888888,0.217777777,0.224489795,0.268292682,0.319819819,0.380487804,0.700307623,0.112195122,4.279018596441442,0.328947368,0.6305170902051032,25.19564208569415,-5.884344233251734,0.32981420529855265,81.06709516257177,"Elijah McNeal","sa3070760",
2026,"Brady Boles","TXST",20,185,0.108108108,0.151351351,0.714285714,0.258278145,0.372222222,0.331125827,0.703348049,0.072847682,4.228217966974897,0.303278688,0.5512390956282616,24.564968025749685,-5.74166277938509,0.3476937267515394,81.05476383599759,"Brady Boles","sa3069628",
2026,"Charlie Walsh","GW",,185,0.091891891,0.205405405,0.447368421,0.254658385,0.34065934,0.422360248,0.763019588,0.167701863,6.537399695295809,0.310924369,-0.6402424196712673,24.572871375728358,-5.774520214747675,0.3529894309384482,80.97193889783956,"Charlie Walsh","sa3060861",
2026,"Connor Meidroth","USD",22,159,0.056603773,0.132075471,0.428571428,0.270072992,0.341935483,0.372262773,0.714198256,0.102189781,4.1934743257815335,0.307692307,-1.5907200681976974,18.944556405596327,-4.461822057314327,0.33614499607393816,80.93758047882353,"Connor Meidroth","sa3060007",
2026,"Colby Wallace","ECU",21,271,0.055350553,0.121771217,0.454545454,0.30125523,0.353612167,0.384937238,0.738549405,0.083682008,4.1636372405951265,0.341346153,-1.5684094242751598,36.53056384639509,-8.611216649248524,0.3496191755447098,80.92406512392762,"Colby Wallace","sa3044699",
2026,"Dawson Harman","SC",21,154,0.123376623,0.305194805,0.404255319,0.2265625,0.357142857,0.421875,0.779017857,0.1953125,5.819368002567278,0.315789473,0.034432669170200825,22.715765824010315,-5.357952485392151,0.3525532971728932,80.91470311719392,"Dawson Harman","sa3033233",
2026,"Eli Berch","LT",,195,0.087179487,0.153846153,0.566666666,0.278106508,0.365979381,0.366863905,0.732843286,0.088757397,1.6347926212500001,0.326086956,-0.27202039025723934,26.226414385745652,-6.207228508283967,0.3530267000812845,80.86175972102538,"Eli Berch","sa3027009",
2026,"Sean Scanlon","RICH",23,164,0.103658536,0.225609756,0.459459459,0.210526315,0.343558282,0.413533834,0.757092116,0.203007519,5.436637948651013,0.239130434,0.43244741717353463,21.72015445668829,-5.182398088382354,0.3525995074605649,80.7364075222969,"Sean Scanlon","sa3041642",
2026,"Easton Swofford","LIB",,224,0.129464285,0.147321428,0.878787878,0.264864864,0.382882882,0.318918918,0.7018018,0.054054054,4.767810528074511,0.311258278,1.0418398403562605,30.071979084589465,-7.185128650090711,0.3527721274006474,80.71474387851488,"Easton Swofford","sa3060708",
2026,"Hunter Alvord","SHSU",,257,0.155642023,0.280155642,0.555555555,0.232227488,0.357976653,0.388625592,0.746602245,0.156398104,6.447524435917891,0.305970149,1.6011218396015465,34.49734046820129,-8.24853760239159,0.3527523365002198,80.70331462423229,"Hunter Alvord","sa3069488",
2026,"Cadyn Karl","KSU",22,165,0.084848484,0.315151515,0.269230769,0.255319148,0.343558282,0.482269503,0.825827785,0.226950355,7.324805941594993,0.345238095,1.9301009699702263,24.094859367036563,-5.7662574147942225,0.36123264055310583,80.68974627800007,"Cadyn Karl","sa3035081",
2026,"Zach Selfon","BUCK",21,221,0.099547511,0.104072398,0.956521739,0.259459459,0.364055299,0.281081081,0.64513638,0.021621622,2.7955774072761232,0.294478527,-0.8062178092077374,26.4122670897011,-6.323501228475168,0.3382967353416478,80.68320508926593,"Zach Selfon","sa3041961",
2026,"Patrick Gillen","UNCA",22,241,0.107883817,0.062240663,1.733333333,0.280193236,0.366666666,0.342995169,0.709661835,0.062801933,5.874616204237968,0.293814432,1.9314725498552434,32.00676020651788,-7.665438103976539,0.35087482978900275,80.67806063081507,"Patrick Gillen","sa3059298",
2026,"Dariel Osoria","KU",22,255,0.149019607,0.164705882,0.904761904,0.232673267,0.364705882,0.435643564,0.800349446,0.202970297,6.181277415608018,0.240506329,0.1924073062837124,37.196813465250486,-8.952185197578915,0.36107060675527536,80.60156134050763,"Dariel Osoria","sa3060187",
2026,"Luke Filippi","ALB",21,178,0.11235955,0.224719101,0.5,0.243421052,0.348314606,0.322368421,0.670683027,0.078947369,5.795801625209578,0.321428571,-1.09413630515337,22.186616698929647,-5.359353562167306,0.33723890279116253,80.54396519211996,"Luke Filippi","sa3031326",
2026,"Tyler Inge","ORST",21,166,0.108433734,0.228915662,0.47368421,0.277372262,0.367088607,0.335766423,0.70285503,0.058394161,5.925921712196374,0.38,0.18809677613899112,21.58723840347541,-5.23342326053368,0.3422966225992275,80.48734469680716,"Tyler Inge","sa3059566",
2026,"Shamaar McDuffie","KENN",21,177,0.09039548,0.129943502,0.695652173,0.289473684,0.379310344,0.328947368,0.708257712,0.039473684,2.1526765252956985,0.341085271,-0.843790939077735,23.68558754306955,-5.754180622280408,0.3523213082346423,80.45439559862781,"Shamaar McDuffie","sa3037563",
2026,"Blake Fields","HOU",,230,0.147826086,0.126086956,1.172413793,0.260869565,0.388646288,0.364130434,0.752776722,0.103260869,3.787066282091656,0.288461538,-2.1739239543676376,33.472957132840385,-8.151629896378287,0.360730220917531,80.41631045935375,"Blake Fields","sa3070078",
2026,"Jake Kernodle","PRIN",21,153,0.104575163,0.281045751,0.372093023,0.234375,0.352941176,0.2734375,0.626378676,0.0390625,4.8533655945283645,0.34117647,0.028379281982779503,17.31286479908334,-4.2656916640390286,0.32832999673544194,80.23180247794114,"Jake Kernodle","sa3035299",
2026,"Zane Kelly","SDSU",22,227,0.123348017,0.281938325,0.4375,0.22459893,0.346666666,0.438502673,0.785169339,0.213903743,6.749505532875844,0.284482758,-0.5499846700113267,32.48200286157182,-8.030666984843698,0.35382243792215984,80.17739384916337,"Zane Kelly","sa3035236",
2026,"JD Stein","WAKE",19,235,0.127659574,0.157446808,0.81081081,0.265957446,0.383620689,0.39893617,0.782556859,0.132978724,5.835492043445811,0.298013245,0.9028355833142996,35.724896000014056,-8.84765122713018,0.3665924026020642,80.14999864817675,"JD Stein","sa3071366",
2026,"Owen Stelzer","HC",,198,0.151515151,0.222222222,0.681818181,0.2125,0.355329949,0.29375,0.649079949,0.08125,3.8432705786483066,0.278260869,0.08409543056041002,23.502158943093278,-5.826719459616684,0.3374248679519305,80.13316643203683,"Owen Stelzer","sa3071368",
2026,"Aidan Rice","DAV",22,150,0.106666666,0.273333333,0.390243902,0.256198347,0.367346938,0.347107438,0.714454376,0.090909091,3.006929039583258,0.358024691,-0.6202441030181944,19.709180596409897,-4.896812585057159,0.3515444515513725,80.09910614481768,"Aidan Rice","sa3040681",
2026,"Jesiah carpenter","UMBC",21,190,0.121052631,0.210526315,0.575,0.228758169,0.347826086,0.320261437,0.668087523,0.091503268,8.291868447933705,0.298245614,0.2871217206120491,23.550681159462524,-5.852320804629732,0.33648557410292,80.09617925483681,"Jesiah carpenter","sa3028468",
2026,"Matt Westley","GMU",21,163,0.098159509,0.128834355,0.761904761,0.273381294,0.35,0.402877697,0.752877697,0.129496403,5.339202098645947,0.29059829,-0.24432906229048967,21.40058887525291,-5.337923715274626,0.35144092589616777,80.03657197758393,"Matt Westley","sa3045052",
2026,"Jack Lutz","USF",,191,0.083769633,0.068062827,1.23076923,0.284848484,0.361702127,0.357575757,0.719277884,0.072727273,7.410323003315649,0.305194805,0.5834598103538156,25.44087372102414,-6.37491991243686,0.34789024610468683,79.9630334987706,"Jack Lutz","sa3070639",
2026,"Andrew Kirchner","CSUF",,232,0.112068965,0.293103448,0.382352941,0.212435233,0.314159292,0.383419689,0.697578981,0.170984456,4.369277562728302,0.275,0.33749609417282045,25.563785056677848,-6.483134169968575,0.32773278271202494,79.76986766148188,"Andrew Kirchner","sa3035437",
2026,"Javon Hernandez","MEM",25,262,0.103053435,0.141221374,0.729729729,0.247747747,0.355212355,0.36036036,0.715572715,0.112612613,8.03300376570037,0.281767955,3.7755403704941273,34.75237650164334,-8.890230472004733,0.34729015320884676,79.62946971208031,"Javon Hernandez","sa3033678",
2026,"Nickolas Mora","IONA",,151,0.099337748,0.125827814,0.789473684,0.259842519,0.351351351,0.346456692,0.697808043,0.086614173,5.356667588022705,0.287037037,0.2407492189668119,18.173780757579575,-4.704881798830258,0.34492832462529877,79.43550333316092,"Nickolas Mora","sa3038328",
2026,"Logan De Groot","NU",20,142,0.119718309,0.28169014,0.425,0.278688524,0.38028169,0.327868852,0.708150542,0.049180328,3.9415181946739817,0.414634146,0.07404547929763794,19.057440960396246,-4.976932442199274,0.3470226740333396,79.2924393790861,"Logan De Groot","sa3069927",
2026,"Jay Slater","NU",20,156,0.076923076,0.16025641,0.48,0.242647058,0.329032258,0.448529411,0.777561669,0.205882353,2.5306776525,0.254716981,-0.15510329604148865,20.93438355806279,-5.469575954647784,0.3470092535018921,79.28501612792283,"Jay Slater","sa3065609",
2026,"Maximo Martinez","USC",20,191,0.120418848,0.209424083,0.575,0.251572327,0.361702127,0.371069182,0.732771309,0.119496855,3.5101525445522106,0.316239316,-1.5944137796759605,25.625734977867708,-6.702189810130493,0.346978688810734,79.26810998824556,"Maximo Martinez","sa3066387",
2026,"Cody Kashimoto","SMC",23,240,0.054166666,0.129166666,0.419354838,0.269430051,0.352941176,0.331606217,0.684547393,0.062176166,5.4462965959376195,0.31707317,0.14116911822929978,28.005107306813898,-7.325275278711615,0.33352038250789384,79.26635733145811,"Cody Kashimoto","sa3035098",
2026,"Liam Wilson","HARV",,133,0.060150375,0.338345864,0.177777777,0.243697478,0.315789473,0.361344537,0.67713401,0.117647059,6.968318430566282,0.378378378,0.3741129022091627,14.858341962475553,-3.8994881655981395,0.3266901445568056,79.21141124014119,"Liam Wilson","sa3065165",
2026,"Blaze Rodriguez","UL",19,284,0.137323943,0.144366197,0.951219512,0.252173913,0.376811594,0.304347826,0.68115942,0.052173913,5.65646469852922,0.306878306,-2.918887762352824,36.82355824481607,-9.701215531715153,0.34437370883381885,79.14828005760492,"Blaze Rodriguez","sa3071142",
2026,"Alec Rodriguez","DSU",,185,0.108108108,0.151351351,0.714285714,0.258064516,0.342391304,0.49032258,0.832713884,0.232258064,3.7910942427833336,0.256,-0.9377266154624522,25.80270783039961,-6.823629578619863,0.36582482573778735,79.08551765073855,"Alec Rodriguez","sa3040962",
2026,"Marcus Nolen","FRES",18,226,0.092920353,0.265486725,0.35,0.26395939,0.328888888,0.492385786,0.821274674,0.228426396,4.531297439791922,0.315789473,-0.9079294500406832,31.884771905185268,-8.449428030012566,0.3518704920344883,79.0514549846342,"Marcus Nolen","sa3070888",
2026,"Nich Francuzenko","TOW",20,174,0.120689655,0.149425287,0.807692307,0.231292517,0.341040462,0.360544217,0.701584679,0.1292517,5.614968845482911,0.254237288,0.3909055143594742,21.899737087485885,-5.813227953913113,0.3396499408462833,79.02343561856688,"Nich Francuzenko","sa3059225",
2026,"Cole Cleveland","FIU",,211,0.123222748,0.246445497,0.5,0.232142857,0.358851674,0.375,0.733851674,0.142857143,6.7862836272715406,0.299145299,-0.7636362318880856,27.711056770034375,-7.3838081050438245,0.34973435966592087,78.96043158642487,"Cole Cleveland","sa3058883",
2026,"Karson Bowen","FLA",21,249,0.112449799,0.16064257,0.7,0.260663507,0.353413654,0.43127962,0.784693274,0.170616113,3.8139097712499996,0.284023668,-0.6063068024814129,35.82878769246497,-9.563133470140315,0.34870667917182646,78.93208036759943,"Karson Bowen","sa3027471",
2026,"Jeremy Rader","HCU",,248,0.076612903,0.120967741,0.633333333,0.263888888,0.340163934,0.361111111,0.701275045,0.097222223,5.507674450532939,0.288043478,1.1214483911171556,30.2672838774942,-8.121046105263368,0.334067562808756,78.84501329203172,"Jeremy Rader","sa3040379",
2026,"Kade Elam","LOU",19,237,0.071729957,0.17299578,0.414634146,0.297169811,0.351694915,0.471698113,0.823393028,0.174528302,6.270127776097053,0.333333333,0.27211059909313917,35.4007178721268,-9.551170182482501,0.3638864735425529,78.75246047311879,"Kade Elam","sa3070020",
2026,"Luke Scwartz","SPU",21,197,0.086294416,0.248730964,0.346938775,0.267045454,0.336734693,0.380681818,0.717416511,0.113636364,4.912713638578604,0.352,0.3961461242288351,23.495895308757408,-6.352426039671317,0.3437977670406809,78.71764389857147,"Luke Scwartz","sa3060537",
2026,"Caylon Dygert","UTA",21,141,0.113475177,0.269503546,0.421052631,0.243697478,0.354609929,0.37815126,0.732761189,0.134453782,5.672374648237875,0.329113924,-0.6597768899518996,17.99828774026279,-4.878949266759113,0.35009857526062227,78.67334562621537,"Caylon Dygert","sa3030720",
2026,"Jake Bullard","UNCO",23,246,0.113821138,0.280487804,0.405797101,0.225490196,0.342975206,0.338235294,0.6812105,0.112745098,4.515608801233374,0.318181818,0.7553697433322668,28.3145894971717,-7.751435491717997,0.3372076092180142,78.50765230128394,"Jake Bullard","sa3027997",
2026,"Andrew Manning","NAVY",,198,0.111111111,0.242424242,0.458333333,0.242774566,0.33502538,0.346820809,0.681846189,0.104046243,6.352228576143752,0.325203252,-0.9382636183872819,23.02514110006805,-6.303737302641908,0.3348467879488989,78.50672222753855,"Andrew Manning","sa3036987",
2026,"Taylor Harris","OHIO",,198,0.085858585,0.222222222,0.386363636,0.240963855,0.358585858,0.367469879,0.726055737,0.126506024,4.963645867757238,0.308333333,-1.2120490036904812,26.124467005298325,-7.203618834450059,0.3540247350630134,78.38574087606693,"Taylor Harris","sa3070286",
2026,"Bryce Miller","YALE",19,181,0.104972375,0.298342541,0.351851851,0.22077922,0.329608938,0.318181818,0.647790756,0.097402598,8.660005330573007,0.333333333,0.002266630530357361,19.991768738353343,-5.53580459383717,0.3252485920597055,78.31441115926022,"Bryce Miller","sa3074370",
2026,"Nick LoBello","TOW",22,171,0.116959064,0.175438596,0.666666666,0.24137931,0.34117647,0.358620689,0.699797159,0.117241379,8.743693440499083,0.293103448,0.03489171154797077,21.32566417191835,-5.909491127387563,0.3384246563210207,78.30197381860286,"Nick LoBello","sa3036428",
2026,"Dylan Schlotterback","KU",21,259,0.123552123,0.181467181,0.680851063,0.268518518,0.373540856,0.388888888,0.762429744,0.12037037,5.056922666070459,0.325443786,-0.2589385621249676,36.69152713771289,-10.181377386494228,0.35680261289099313,78.27875722692598,"Dylan Schlotterback","sa3071232",
2026,"Brock Wills","WVU",22,195,0.076923076,0.205128205,0.375,0.28313253,0.371727748,0.391566265,0.763294013,0.108433735,7.016668307492446,0.36,-0.25816722214221954,27.619148428991863,-7.671262313171792,0.35677269303985915,78.26247370930581,"Brock Wills","sa3045373",
2026,"Terrence Kiel II","TA&M",20,160,0.15,0.11875,1.263157894,0.259842519,0.398734177,0.307086614,0.705820791,0.047244095,6.355535347683272,0.302752293,1.016136978752911,22.818509469715146,-6.3489900725211825,0.347349678791022,78.23265561956227,"Terrence Kiel II","sa3059676",
2026,"Chase Fogg","SPU",,196,0.12755102,0.280612244,0.454545454,0.209459459,0.365079365,0.283783783,0.648863148,0.074324324,4.913504759411658,0.308510638,0.16868570540100336,23.207362966701798,-6.489444060161299,0.3429001156615202,78.14767070988108,"Chase Fogg","sa3065298",
2026,"Jackson Rooker","TNTC",,200,0.135,0.19,0.710526315,0.26060606,0.374358974,0.315151515,0.689510489,0.054545455,6.763434692901436,0.333333333,2.9956313902512193,26.548626070160676,-7.446593994956211,0.3451373748290233,78.09517343705242,"Jackson Rooker","sa3060422",
2026,"Dana Williams","MERC",,138,0.18115942,0.304347826,0.595238095,0.196261682,0.362962962,0.392523364,0.755486326,0.196261682,7.629401659116308,0.254237288,-0.9378741648979485,18.996180790025846,-5.341303331296784,0.36421319952717535,78.05318205994371,"Dana Williams","sa3071613",
2026,"Gabe Huelsing","MVSU",,179,0.067039106,0.20670391,0.324324324,0.279503105,0.351955307,0.409937888,0.761893195,0.130434783,7.2540320451690725,0.352459016,-0.39632781175896525,23.88573190859899,-6.718008843144323,0.3655405893672112,78.04840624667219,"Gabe Huelsing","sa3070384",
2026,"Nolan Souza","ARK",21,259,0.1003861,0.216216216,0.464285714,0.272321428,0.360465116,0.401785714,0.76225083,0.129464286,7.2656930923017455,0.343373493,1.1978412764146924,36.71957978369631,-10.495310100298749,0.3464543507542721,77.77118589901349,"Nolan Souza","sa3042788",
2026,"Bryce Clavon","CLEM",20,165,0.096969696,0.224242424,0.432432432,0.255474452,0.36419753,0.423357664,0.787555194,0.167883212,6.402335570006985,0.3125,-0.7202824791893363,24.323828173341905,-6.97179009252533,0.3618928171970226,77.72279162757695,"Bryce Clavon","sa3065783",
2026,"Gavin Collins","PENN",21,179,0.072625698,0.156424581,0.464285714,0.22368421,0.318435754,0.34868421,0.667119964,0.125,4.6102972658646415,0.241935483,-0.05917366221547127,19.616341746665395,-5.6291589520202505,0.3242649242864641,77.70232795456768,"Gavin Collins","sa3029181",
2026,"Carl Schmidt","CAL",21,196,0.071428571,0.290816326,0.245614035,0.279329608,0.338461538,0.486033519,0.824495057,0.206703911,1.5471388873434524,0.362831858,-1.9918954959139228,28.857201274533896,-8.318199817041727,0.3617024103800456,77.62445172669105,"Carl Schmidt","sa3060513",
2026,"Karsen Waslefsky","UNM",21,231,0.099567099,0.129870129,0.766666666,0.268041237,0.351111111,0.412371134,0.763482245,0.144329897,6.6662508076704015,0.283950617,0.6822627559304237,31.953300675312477,-9.273248815973803,0.34919232262505423,77.50660938060359,"Karsen Waslefsky","sa3060875",
2026,"Brody Block","UVU",22,192,0.098958333,0.229166666,0.431818181,0.262195121,0.345549738,0.402439024,0.747988762,0.140243903,6.609222889391713,0.325,0.31165075954049826,24.10771424548659,-7.04426806194749,0.3479208824522208,77.38741633701284,"Brody Block","sa3058659",
2026,"Dillon Can","NJIT",,170,0.088235294,0.088235294,1,0.25,0.331325301,0.354166666,0.685491967,0.104166666,3.5006003745702565,0.255813953,-0.07316380739212036,20.358619888487862,-5.949329237278892,0.33192581081964884,77.38581138028752,"Dillon Can","sa3028347",
2026,"Tyler Bak","SC",21,233,0.103004291,0.257510729,0.4,0.247474747,0.354978354,0.404040404,0.759018758,0.156565657,6.869209704678481,0.325757575,0.744806763716042,32.84537625659082,-9.62979495179083,0.3455952996815438,77.32841404088188,"Tyler Bak","sa3026422",
2026,"Nash Crowell","TNTC",,181,0.071823204,0.182320441,0.393939393,0.231788079,0.33519553,0.417218543,0.752414073,0.185430464,3.5294850462500005,0.258620689,-0.13534735003486276,23.77799727036993,-6.987676888560846,0.3437396580946512,77.2874247693596,"Nash Crowell","sa3069882",
2026,"Dalton Bargo","NCSU",22,157,0.089171974,0.191082802,0.466666666,0.275362318,0.337579617,0.5,0.837579617,0.224637682,1.932629865,0.288461538,-0.32884914241731167,22.99122134983222,-6.787033606174785,0.3608962426519698,77.20808819656617,"Dalton Bargo","sa3026558",
2026,"Brycen Hammonds","AAMU",22,243,0.082304526,0.144032921,0.571428571,0.278301886,0.354166666,0.405660377,0.759827043,0.127358491,5.654351846402549,0.306358381,0.9567924672737718,32.073766303181834,-9.472094046950152,0.36417835503816604,77.20087159798086,"Brycen Hammonds","sa3033098",
2026,"Landon Moran","UCF",22,245,0.106122448,0.106122448,1,0.292682926,0.379166666,0.370731707,0.749898373,0.078048781,4.11657770409154,0.320441988,-1.1654710657894611,34.18879296579701,-10.150441043588097,0.35465016836921376,77.10731529227684,"Landon Moran","sa3038342",
2026,"Kenyon Hughes","SOU",18,199,0.12562814,0.095477386,1.315789473,0.248407643,0.381443298,0.299363057,0.680806355,0.050955414,7.138601746966257,0.278571428,0.9074228759855032,26.205680669029018,-7.817472457210757,0.3638925933346306,77.02308064098366,"Kenyon Hughes","sa3070389",
2026,"Bennett Crerar","PRIN",,154,0.032467532,0.285714285,0.113636363,0.272108843,0.298701298,0.394557823,0.693259121,0.12244898,4.769055987600839,0.366336633,-0.9790201876312494,16.709752747937262,-5.009840031937537,0.3230301675858436,76.93400570300003,"Bennett Crerar","sa3074241",
2026,"Caleb King","DSU",,142,0.105633802,0.147887323,0.714285714,0.238938053,0.367647058,0.3539823,0.721629358,0.115044247,4.022638666996068,0.269662921,-1.5329171395860612,19.252601709769824,-5.790316733909987,0.36237923537983613,76.87842674194664,"Caleb King","sa3059684",
2026,"Joey Spence","MILW",23,216,0.101851851,0.236111111,0.431372549,0.241935483,0.336448598,0.392473118,0.728921716,0.150537635,5.8093707547737985,0.31060606,0.01119120477233082,26.043707176157227,-7.862918809942015,0.34036723057800367,76.81008186079738,"Joey Spence","sa3042831",
2026,"JP Acosta","WKU",22,218,0.077981651,0.114678899,0.68,0.278688524,0.365384615,0.338797814,0.704182429,0.06010929,3.534714191006402,0.32278481,-0.6382298418320715,27.83256943965152,-8.426580052135435,0.3459243126786672,76.76012766365594,"JP Acosta","sa3069453",
2026,"Brady Petit","SMC",20,203,0.068965517,0.147783251,0.466666666,0.275280898,0.336683417,0.365168539,0.701851956,0.089887641,3.1986246535261054,0.32,-0.6653461870737374,22.933242888642674,-6.95037238161432,0.32955572712960557,76.74186232570062,"Brady Petit","sa3060255",
2026,"Jaxon Byrd","UCR",23,163,0.073619631,0.257668711,0.285714285,0.229729729,0.300613496,0.391891891,0.692505387,0.162162162,4.6276717243714005,0.294117647,0.48499758960679173,17.24866334960169,-5.267060072567996,0.3226582173920848,76.60719145545248,"Jaxon Byrd","sa3028199",
2026,"Chase Beattie","SLU",22,195,0.112820512,0.323076923,0.349206349,0.218934911,0.317948717,0.461538461,0.779487178,0.24260355,1.47098214,0.270833333,-0.17572588892653584,24.468043457704283,-7.519747678202893,0.34557256882007303,76.49181949996613,"Chase Beattie","sa3026808",
2026,"Ty Lagoni","BUCK",,228,0.083333333,0.21491228,0.387755102,0.229591836,0.320175438,0.37755102,0.697726458,0.147959184,8.618146303385103,0.273972602,0.8818211946636438,25.817444092987596,-7.955203764678418,0.331578482399907,76.44483252185192,"Ty Lagoni","sa3070551",
2026,"Austin Irby","ECU",20,258,0.1124031,0.124031007,0.90625,0.240566037,0.354330708,0.344339622,0.69867033,0.103773585,3.362254869806087,0.258426966,-0.6946299877017736,32.82859723370225,-10.147710396836697,0.3414580305730264,76.38766344453069,"Austin Irby","sa3059569",
2026,"Shea Grady","HALL",,142,0.105633802,0.183098591,0.576923076,0.247863247,0.357664233,0.29059829,0.648262523,0.042735043,4.770961607421661,0.318681318,-0.760508413426578,16.286443601870385,-5.040063936686666,0.3326439853132206,76.36713874705208,"Shea Grady","sa3032556",
2026,"Reagan Reeder","EVAN",21,199,0.095477386,0.376884422,0.253333333,0.197674418,0.301507537,0.476744186,0.778251723,0.279069768,9.220671501666166,0.255813953,1.329504270106554,23.48934653436004,-7.281582697879682,0.335321392545748,76.33616247685322,"Reagan Reeder","sa3040541",
2026,"Jake Sparks","SIE",,164,0.134146341,0.31707317,0.423076923,0.237037037,0.35,0.325925925,0.675925925,0.088888888,3.188609741908945,0.365853658,-0.10584980994462967,18.967022285623493,-5.881326451139508,0.34003922417759896,76.33111755857597,"Jake Sparks","sa3042799",
2026,"Caleb Danzeisen","ARIZ",20,185,0.189189189,0.232432432,0.813953488,0.231292517,0.383783783,0.340136054,0.723919837,0.108843537,6.287097250667276,0.310679611,0.07798374071717262,25.551186018388204,-7.929460070331166,0.35319670825391203,76.31628717881034,"Caleb Danzeisen","sa3069904",
2026,"Eric Machej","ILST",,195,0.076923076,0.184615384,0.416666666,0.280487804,0.336898395,0.396341463,0.733239858,0.115853659,4.855716195010998,0.317829457,-0.7441685423254967,22.979596328491795,-7.1728217634014,0.3351264363304179,76.21145428024596,"Eric Machej","sa3059881",
2026,"Adam Magpoc","SDSU",21,221,0.081447963,0.15837104,0.514285714,0.304123711,0.357466063,0.391752577,0.74921864,0.087628866,6.746819030633686,0.347560975,0.3343580433866009,30.04586914157294,-9.395981237536441,0.3468883924894203,76.17763581773262,"Adam Magpoc","sa3036857",
2026,"Shawn Cameron","NIA",,137,0.182481751,0.211678832,0.862068965,0.211538461,0.383458646,0.211538461,0.594997107,0,4.329897227296121,0.293333333,0.4750345856882632,15.809188531093785,-4.94827352339726,0.33977204830126656,76.16147142455375,"Shawn Cameron","sa3058798",
2026,"Trent Rucker","UIW",,193,0.067357512,0.248704663,0.270833333,0.245614035,0.310526315,0.415204678,0.725730993,0.169590643,5.804657609142394,0.29059829,0.8666838156059384,22.73776674197919,-7.137022317182953,0.32944369159246745,76.1102168686472,"Trent Rucker","sa3065401",
2026,"Jaden Flores","SIU",,208,0.0625,0.225961538,0.276595744,0.247126436,0.330049261,0.40229885,0.732348111,0.155172414,7.97777437241463,0.299212598,1.9455039240419865,24.47780637793433,-7.68477292008508,0.334962327198442,76.10647812515984,"Jaden Flores","sa3059198",
2026,"Max Berrisford","STMN",19,137,0.102189781,0.138686131,0.736842105,0.238938053,0.350746268,0.300884955,0.651631223,0.061946902,2.2617595775,0.284210526,-0.14390015974640846,15.282585435450653,-4.802965066491983,0.3335231106672714,76.08746115259599,"Max Berrisford","sa3074209",
2026,"LT Cockrill","DEL",22,232,0.142241379,0.237068965,0.6,0.228723404,0.363636363,0.335106382,0.698742745,0.106382978,3.539387681123519,0.297709923,-0.2981950081884861,29.337448343144484,-9.250270382059984,0.3446564594388524,76.02794182280086,"LT Cockrill","sa3058893",
2026,"Mike Whelehan","LEM",,205,0.131707317,0.068292682,1.928571428,0.273809523,0.37745098,0.321428571,0.698879551,0.047619048,5.924820392069234,0.284810126,0.4727853578515351,27.478611779778813,-8.674897241026544,0.36101628167956484,76.00537962709407,"Mike Whelehan","sa3045085",
2026,"Bryker Hurdsman","BYU",24,220,0.05,0.281818181,0.177419354,0.282051282,0.347031963,0.441025641,0.788057604,0.158974359,6.09871664676582,0.376923076,0.2142394706606865,30.25026879929319,-9.564553576481192,0.3525740351851128,75.97740488150258,"Bryker Hurdsman","sa3034343",
2026,"Eli Anderson","PUR",22,231,0.069264069,0.125541125,0.551724137,0.307317073,0.356828193,0.375609756,0.732437949,0.068292683,7.235095622382782,0.346368715,0.4643593579530716,29.68108759665114,-9.417083220247207,0.34091524983292637,75.91426140023634,"Eli Anderson","sa3062806",
2026,"CJ Deckinga","MSU",19,207,0.106280193,0.22705314,0.468085106,0.244444444,0.338164251,0.405555555,0.743719806,0.161111111,4.715637441131873,0.296875,0.5716534927487373,26.58819027759655,-8.447832921961709,0.34086804516649477,75.88815124980218,"CJ Deckinga","sa3069924",
2026,"Parker Airhart","MUR",,181,0.104972375,0.17679558,0.59375,0.232876712,0.351955307,0.335616438,0.687571745,0.102739726,5.6605539758114185,0.269565217,0.3412296958267689,21.234367690506566,-6.753261410173786,0.3345934985070255,75.8705484273778,"Parker Airhart","sa3025821",
2026,"Nick Ungania","UNH",22,183,0.158469945,0.120218579,1.318181818,0.255319148,0.382857142,0.290780141,0.673637283,0.035460993,6.380933196110725,0.295081967,1.1383773842826486,24.43993299292458,-7.833687254916301,0.3605821190561567,75.72727448994391,"Nick Ungania","sa3074443",
2026,"Abdriel Delgado","JAX",,182,0.115384615,0.203296703,0.567567567,0.248366013,0.342696629,0.352941176,0.695637805,0.104575163,1.9732142775000001,0.304347826,-0.18878749036230147,21.167912668830812,-6.794288360231458,0.3354798990688967,75.70188286261917,"Abdriel Delgado","sa3030080",
2026,"Diego Aponte","UMES",,188,0.122340425,0.069148936,1.769230769,0.277777777,0.361702127,0.376543209,0.738245336,0.098765432,1.60119047125,0.286666666,-0.4081281088292599,25.090030998007855,-8.0653821527795,0.36049896700585143,75.67401100960805,"Diego Aponte","sa3058507",
2026,"Joey Bruno","SBU",,154,0.149350649,0.22077922,0.676470588,0.213675213,0.371621621,0.29059829,0.662219911,0.076923077,5.597163110267077,0.280487804,-0.488847273401916,19.110174862960804,-6.151978136678706,0.344174712493613,75.64745120193638,"Joey Bruno","sa3069689",
2026,"Jake Harvey","NEV",22,195,0.092307692,0.117948717,0.782608695,0.285714285,0.352331606,0.398809523,0.751141129,0.113095238,7.180650861908223,0.306122448,0.28716665890533477,26.27311010486854,-8.528522582580916,0.3457030586010434,75.49390093512318,"Jake Harvey","sa3033361",
2026,"Conner Vercollone","SBU",,183,0.147540983,0.262295081,0.5625,0.212765957,0.370165745,0.290780141,0.660945886,0.078014184,4.4017661434893665,0.3125,0.37114768847823143,22.617705281484557,-7.401606399905253,0.3436720996930454,75.3438503905011,"Conner Vercollone","sa3044450",
2026,"Samuel Fernandez","STET",19,196,0.061224489,0.25510204,0.24,0.258426966,0.31632653,0.421348314,0.737674844,0.162921348,1.51785714,0.311475409,-0.1813840593677014,22.680231011093817,-7.432908558665552,0.3348607110733889,75.3167266354056,"Samuel Fernandez","sa3070074",
2026,"Lucas Day","OAK",,205,0.068292682,0.185365853,0.368421052,0.275675675,0.323529411,0.432432432,0.755961843,0.156756757,0.76785714,0.315068493,0.03218208614271134,24.21738835018414,-7.962511312548936,0.3380405444140528,75.25625811142548,"Lucas Day","sa3029959",
2026,"Zachary Scott","UML",,197,0.111675126,0.243654822,0.458333333,0.25,0.341968911,0.309523809,0.65149272,0.059523809,4.35688496920238,0.341666666,-1.1297663673758507,22.926128526065398,-7.560141931440782,0.32825103108747017,75.20148638063611,"Zachary Scott","sa3041874",
2026,"Cavan McMeans","BEL",21,236,0.050847457,0.254237288,0.2,0.269767441,0.316239316,0.432558139,0.748797455,0.162790698,7.200793220624259,0.342105263,0.7134759947657585,27.413372048991103,-9.078785231453997,0.3334221524051112,75.12127013570938,"Cavan McMeans","sa3037707",
2026,"Cade Ladehoff","MICH",21,173,0.115606936,0.190751445,0.606060606,0.232394366,0.343023255,0.394366197,0.737389452,0.161971831,2.9362244837500002,0.266055045,-0.1938791200518608,21.996053878742362,-7.28526019625077,0.3394788732362348,75.11976348605018,"Cade Ladehoff","sa3035838",
2026,"Rhett Hendricks","HCU",,167,0.107784431,0.185628742,0.580645161,0.232394366,0.339393939,0.330985915,0.670379854,0.098591549,2.5790816275,0.284403669,-0.18304821383208036,19.388641222412563,-6.461564854686282,0.32757304003744414,75.00381685385983,"Rhett Hendricks","sa3033600",
2026,"Garet Boehm","RICE",21,177,0.06779661,0.146892655,0.461538461,0.265822784,0.316091954,0.43670886,0.752800814,0.170886076,3.06887754625,0.284615384,-0.27534013520926237,22.10890219881509,-7.374843733763949,0.3389377343928677,74.9867477808684,"Garet Boehm","sa3027312",
2026,"Charlie Isom-McCall","LIN",,229,0.109170305,0.126637554,0.862068965,0.262626262,0.355263157,0.348484848,0.703748005,0.085858586,5.578966917356219,0.293413173,-0.5967163937166333,29.129652543980324,-9.794874430578506,0.3394981635767117,74.83624030426765,"Charlie Isom-McCall","sa3059573",
2026,"Jason Torres","ALA",22,271,0.132841328,0.236162361,0.5625,0.23076923,0.34962406,0.402714932,0.752338992,0.171945702,2.2806776525,0.278145695,-0.6598044615238905,36.96317876699564,-12.439273582667145,0.3407295955751175,74.82053422242296,"Jason Torres","sa3043962",
2026,"Matthew Maulik","STMN",21,185,0.043243243,0.183783783,0.235294117,0.272727272,0.302197802,0.448484848,0.75068265,0.175757576,5.371121762005295,0.295454545,0.8632948631420732,20.26915134050579,-6.853672330000686,0.3314580006913824,74.73097781683619,"Matthew Maulik","sa3037351",
2026,"Tyler Ellis","LIN",20,163,0.049079754,0.239263803,0.205128205,0.262068965,0.320987654,0.44137931,0.762366964,0.179310345,1.3471254275,0.317307692,-0.1133140604943037,20.677371837395615,-7.028732515674645,0.33914320042103896,74.63110502254442,"Tyler Ellis","sa3059128",
2026,"Parker Martin","USI",21,245,0.073469387,0.102040816,0.72,0.2718894,0.340248962,0.387096774,0.727345736,0.115207374,4.28829219835494,0.291005291,-0.2012210446409881,31.059080371128108,-10.585064208640073,0.33905841453441443,74.58210676325773,"Parker Martin","sa3059936",
2026,"Lew Rice","CREI",25,189,0.111111111,0.164021164,0.677419354,0.245283018,0.342245989,0.327044025,0.669290014,0.081761007,4.701229145696678,0.286821705,0.1879694452509284,21.15900153939417,-7.226279621079657,0.3297032012658961,74.54215943739825,"Lew Rice","sa3060358",
2026,"Cade Norton","WIN",19,170,0.064705882,0.205882352,0.314285714,0.251798561,0.343373493,0.366906474,0.710279967,0.115107913,8.994156721954518,0.301886792,1.5533539526513778,20.84352923319631,-7.14100899412341,0.34031573727906467,74.48230542124135,"Cade Norton","sa3065947",
2026,"Colin Husko","UIC",,178,0.106741573,0.129213483,0.826086956,0.232876712,0.363636363,0.280821917,0.64445828,0.047945205,6.310925773283305,0.276422764,0.10920178145170212,20.496841780615444,-7.02690396480501,0.33240350166505034,74.46966692033847,"Colin Husko","sa3059556",
2026,"Balin Valentine","LAM",,169,0.094674556,0.278106508,0.340425531,0.246575342,0.345238095,0.315068493,0.660306588,0.068493151,4.749785621439755,0.357142857,0.05076656769961119,19.475366936020034,-6.684422447391373,0.326632817586263,74.44772070057209,"Balin Valentine","sa3044292",
2026,"Dylan Passo","ND",19,152,0.072368421,0.184210526,0.392857142,0.293650793,0.361842105,0.428571428,0.790413533,0.134920635,3.4963272702764012,0.330097087,-0.18077268823981285,21.457057231497814,-7.372845655846545,0.35551029600595174,74.4263944118832,"Dylan Passo","sa3070957",
2026,"Brennan Holt","ALA",23,252,0.126984126,0.25,0.507936507,0.242574257,0.38,0.321782178,0.701782178,0.079207921,6.823010394852844,0.338129496,1.299762237817049,34.16231876044574,-11.776493018576474,0.33984545135498045,74.36482886143311,"Brennan Holt","sa3034020",
2026,"Jack Beverly","MASS",,165,0.109090909,0.218181818,0.5,0.271428571,0.368098159,0.321428571,0.68952673,0.05,1.79058440875,0.35576923,-0.29654783895239234,20.639003529794117,-7.134401336662866,0.34718684477308775,74.31211127707515,"Jack Beverly","sa3027108",
2026,"Nolan Miller","PORT",19,151,0.099337748,0.205298013,0.483870967,0.2421875,0.342281879,0.328125,0.670406879,0.0859375,3.5390880719037834,0.302083333,0.12471655663102865,16.50397252020759,-5.724726523185545,0.3256364104731771,74.2462367590196,"Nolan Miller","sa3060046",
2026,"Wesley Alig","KENN",20,184,0.081521739,0.195652173,0.416666666,0.269230769,0.35359116,0.358974358,0.712565518,0.089743589,4.658984854014012,0.336065573,-0.6165888970717788,22.715283559927908,-7.888769222130807,0.3415312335636076,74.22312241352718,"Wesley Alig","sa3058484",
2026,"Robbie Liddington","TCU",23,155,0.109677419,0.225806451,0.485714285,0.267175572,0.348387096,0.435114503,0.783501599,0.167938931,5.381712502763592,0.3125,0.09587036818265915,20.75443120104834,-7.296920927338158,0.3489173085458817,73.9872755725238,"Robbie Liddington","sa3036327",
2026,"Brent Cota","SJSU",,191,0.083769633,0.183246073,0.457142857,0.242038216,0.34574468,0.394904458,0.740649138,0.152866242,4.494508744223724,0.284552845,-1.7436796621186659,25.219485681218572,-8.868267361360125,0.34308548239951436,73.98400724658251,"Brent Cota","sa3069862",
2026,"Frankie Scrivanic","HALL",21,166,0.090361445,0.186746987,0.483870967,0.267605633,0.343558282,0.323943661,0.667501943,0.056338028,1.0508760025,0.333333333,-0.19462354481220245,18.440199191612255,-6.490788494306554,0.3287731248176902,73.96497653411222,"Frankie Scrivanic","sa3041878",
2026,"Ethan Melton","USA",21,193,0.062176165,0.233160621,0.266666666,0.257485029,0.335106382,0.377245508,0.71235189,0.119760479,7.629481766595452,0.349593495,1.2175753489136696,23.36107974187051,-8.256108071053877,0.33521201635928866,73.88727890695273,"Ethan Melton","sa3037829",
2026,"Andrew Ramirez","SEMO",22,215,0.08372093,0.055813953,1.5,0.273224043,0.352657004,0.349726775,0.702383779,0.076502732,2.8963097118946783,0.282352941,-0.5949258250184357,26.9930588112097,-9.551802758790945,0.3378137401912523,73.86280218767627,"Andrew Ramirez","sa3060330",
2026,"Luke Wroblewski","SDST",23,181,0.121546961,0.143646408,0.846153846,0.226027397,0.342857142,0.315068493,0.657925635,0.089041096,6.219159271870214,0.25210084,0.9691965500824153,19.59940402031487,-6.9369802194779515,0.33012990508760726,73.85860802740581,"Luke Wroblewski","sa3071664",
2026,"Colin Hynek","UNC",23,289,0.10034602,0.221453287,0.453125,0.253012048,0.339100346,0.465863453,0.804963799,0.212851405,5.597549171406676,0.294444444,-0.38846688345074654,40.47724842866625,-14.337501140034542,0.35438210906454437,73.84371678636428,"Colin Hynek","sa3034393",
2026,"Joseph Delanzo","UML",22,212,0.04245283,0.037735849,1.125,0.276595744,0.328502415,0.340425531,0.668927946,0.063829787,2.9115701562634837,0.28021978,-0.5375586301088333,24.21758965956265,-8.589970426687659,0.32592202211923643,73.81710068013341,"Joseph Delanzo","sa3030057",
2026,"Nate Novitske","ARIZ",20,235,0.068085106,0.14893617,0.457142857,0.302752293,0.34893617,0.422018348,0.770954518,0.119266055,2.275478503694971,0.340782122,-1.7989303097128868,31.364966928400122,-11.164502427540693,0.34847909846204395,73.74878502691413,"Nate Novitske","sa3070892",
2026,"Casen Taggart","WASH",23,164,0.152439024,0.262195121,0.581395348,0.220588235,0.337423312,0.397058823,0.734482135,0.176470588,6.830721527229637,0.277777777,0.4147377386689186,20.459640798289183,-7.29836792020142,0.3369250264635847,73.70716323992032,"Casen Taggart","sa3043467",
2026,"Alex Alicea","LOU",21,182,0.065934065,0.115384615,0.571428571,0.3,0.36158192,0.40625,0.76783192,0.10625,7.525777352539116,0.333333333,-0.24381901789456606,25.44150421867398,-9.078511080646239,0.3541052617595694,73.70073274322965,"Alex Alicea","sa3025898",
2026,"Blake Wilson","WASH",,200,0.085,0.285,0.298245614,0.273743016,0.336683417,0.402234636,0.738918053,0.12849162,7.747776957133144,0.380165289,0.5333532318472862,24.933466607039417,-8.917763537461315,0.3368325523994676,73.65601338741882,"Blake Wilson","sa3045386",
2026,"JJ Moran","STAN",20,238,0.071428571,0.243697478,0.293103448,0.260869565,0.340336134,0.458937198,0.799273332,0.198067633,6.70031088677252,0.317241379,-0.8870886508375406,33.238560256313036,-11.902998212028791,0.35397187150826975,73.63184033538303,"JJ Moran","sa3065578",
2026,"Jack Crighton","CLEM",22,228,0.057017543,0.131578947,0.433333333,0.300970873,0.357142857,0.412621359,0.769764216,0.111650486,5.349575784240471,0.341040462,0.12641574535518885,31.816029698833347,-11.428824632183193,0.35385567428810255,73.5718276567622,"Jack Crighton","sa3029563",
2026,"Vance Sheahan","MIA",22,218,0.082568807,0.19266055,0.428571428,0.274725274,0.375586854,0.362637362,0.738224216,0.087912088,5.858616031980157,0.34057971,-0.7995896702632308,30.41853312453569,-10.929617069155567,0.3538460434882294,73.56685361266013,"Vance Sheahan","sa3042102",
2026,"Parker Brzustewicz","ND",21,171,0.140350877,0.181286549,0.774193548,0.274647887,0.388235294,0.330985915,0.719221209,0.056338028,2.739113655917605,0.348214285,-0.30192763544619083,23.84192705204383,-8.591713696218578,0.3537357105928309,73.50986969700936,"Parker Brzustewicz","sa3058761",
2026,"Dante Smith","NDSU",19,187,0.07486631,0.283422459,0.264150943,0.259036144,0.322404371,0.373493975,0.695898346,0.114457831,8.13166095153253,0.36036036,1.1470483168959618,20.139581718744196,-7.276461667119108,0.3295217107553951,73.45911091287843,"Dante Smith","sa3060606",
2026,"Donavan Canterberry","XAV",23,180,0.072222222,0.188888888,0.382352941,0.261146496,0.346368715,0.305732484,0.652101199,0.044585988,3.5538026281089365,0.330645161,-0.6120305666700006,19.836958370503506,-7.19664273470966,0.32782871263653207,73.37889722238351,"Donavan Canterberry","sa3028373",
2026,"Tony Konopiots","OAK",21,194,0.103092783,0.190721649,0.54054054,0.236363636,0.335051546,0.381818181,0.716869727,0.145454545,6.805666984235875,0.269841269,1.0356057272292674,22.34468035822997,-8.108492981136942,0.3352219099850999,73.37389804741606,"Tony Konopiots","sa3070529",
2026,"Aidan Schuck","OAK",19,217,0.041474654,0.129032258,0.321428571,0.276041666,0.339534883,0.364583333,0.704118216,0.088541667,5.752538660640886,0.309090909,-2.7460791155463085,24.965962365208732,-9.097638741196528,0.3350995745769767,73.2921991636233,"Aidan Schuck","sa3060524",
2026,"Mark Mennecke","WMU",,182,0.06043956,0.126373626,0.478260869,0.26875,0.35359116,0.35,0.70359116,0.08125,5.973461744388247,0.308823529,-0.12785918172448874,22.44090805419974,-8.193999131831603,0.3454086065950973,73.2527372057199,"Mark Mennecke","sa3070772",
2026,"Tate Schmidt","MILW",20,177,0.129943502,0.237288135,0.547619047,0.258278145,0.36,0.298013245,0.658013245,0.0397351,3.8716336958279793,0.351851851,-1.297250079573132,20.318983018636132,-7.465613275528524,0.3348572792325701,73.13038780017668,"Tate Schmidt","sa3060514",
2026,"Trevor Conley","APSU",,227,0.070484581,0.123348017,0.571428571,0.265957446,0.344339622,0.329787234,0.674126856,0.063829788,4.996736684296501,0.30625,-0.44505204376764596,25.49387558095136,-9.382056471780155,0.3312950533516002,73.09876490872065,"Trevor Conley","sa3029248",
2026,"Hunter Azemar","AMCC",,139,0.136690647,0.223021582,0.612903225,0.219298245,0.338235294,0.324561403,0.662796697,0.105263158,2.820309794223725,0.271604938,-2.3602443374693394,15.71593143700907,-5.800108351713923,0.324257546926246,73.0428628657125,"Hunter Azemar","sa3069525",
2026,"Gavin Smith","HARV",20,131,0.106870229,0.20610687,0.518518518,0.23275862,0.312977099,0.336206896,0.649183995,0.103448276,2.04183257156776,0.284090909,-0.6024536471813917,13.465296376491372,-5.010461118077453,0.3165164780980758,72.88088935162557,"Gavin Smith","sa3065137",
2026,"Nathaniel Lopez","TXSO",22,190,0.052631578,0.136842105,0.384615384,0.273291925,0.362162162,0.335403726,0.697565888,0.062111801,6.407151559219115,0.323529411,-0.18526957277208567,23.661851715437006,-8.822565842279365,0.3571701671626117,72.84062173316188,"Nathaniel Lopez","sa3065081",
2026,"Andrew Rayment","SCU",20,150,0.073333333,0.293333333,0.25,0.25,0.319727891,0.378787878,0.698515769,0.128787878,8.909556678528302,0.363636363,1.7654516221955419,16.05380293110639,-6.027686184847054,0.32321207012448994,72.70253761784492,"Andrew Rayment","sa3060341",
2026,"Jay Abernathy","TENN",20,169,0.130177514,0.218934911,0.594594594,0.235714285,0.351515151,0.378571428,0.730086579,0.142857143,7.604470432587514,0.3,0.9231322938576341,22.353301026726783,-8.45487036476034,0.3363368045200001,72.55640311356947,"Jay Abernathy","sa3058457",
2026,"Jimmy Nati","STAN",22,188,0.09574468,0.234042553,0.409090909,0.253086419,0.340425531,0.450617283,0.791042814,0.197530864,4.8935039375542955,0.292035398,0.45622462034225464,25.834394031621244,-9.82364375009415,0.35168436993943886,72.45040848789642,"Jimmy Nati","sa3038690",
2026,"Greg Pace Jr","MICH",21,165,0.109090909,0.29090909,0.375,0.233082706,0.35582822,0.338345864,0.694174084,0.105263158,7.208221100051701,0.337209302,0.5505869314074516,20.2070661599945,-7.720198709218603,0.3344823451129937,72.35605153109958,"Greg Pace Jr","sa3039319",
2026,"Nick Weaver","EMU",,175,0.08,0.2,0.4,0.255033557,0.34117647,0.382550335,0.723726805,0.127516778,4.338969565365627,0.3125,0.5573699618689716,21.3100418280341,-8.146599696996034,0.3438828194842619,72.34375925010447,"Nick Weaver","sa3071570",
2026,"Jared Stevenson","SEA",23,163,0.128834355,0.36196319,0.355932203,0.229629629,0.345911949,0.303703703,0.649615652,0.074074074,6.254744431466246,0.4,0.1449197493493557,17.34407697051529,-6.651141202154121,0.32255066678209127,72.28138892385742,"Jared Stevenson","sa3060671",
2026,"Jonas Salk","PORT",22,225,0.066666666,0.217777777,0.306122448,0.218085106,0.316964285,0.382978723,0.699943008,0.164893617,4.71967362982304,0.251798561,-1.409540926804766,23.932835610839305,-9.189398063090861,0.32251095745180336,72.25610400084929,"Jonas Salk","sa3041447",
2026,"Josh McClintock","WIU",21,206,0.058252427,0.242718446,0.24,0.258241758,0.330049261,0.395604395,0.725653656,0.137362637,5.036527379700658,0.328125,-1.3501807358115911,25.26181023473586,-9.753266432334526,0.33484218508151953,72.14552312687952,"Josh McClintock","sa3070727",
2026,"Sky Collins","FRES",,234,0.055555555,0.282051282,0.196969696,0.262135922,0.336206896,0.40776699,0.743973886,0.145631068,8.146364557575593,0.352941176,1.4836638846900314,30.06688604741325,-11.6950731775261,0.33963881612851704,71.99587041754006,"Sky Collins","sa3029197",
2026,"Nick Cote","NIA",,189,0.079365079,0.121693121,0.652173913,0.271084337,0.336898395,0.343373493,0.680271888,0.072289156,2.8796757882924346,0.303448275,-0.573967466596514,20.613492374536488,-8.022714401367216,0.3331929732133998,71.9840184695201,"Nick Cote","sa3069864",
2026,"Kyler Northrop","WSU",21,233,0.055793991,0.13304721,0.419354838,0.277777777,0.345132743,0.383838383,0.728971126,0.106060606,7.28036373268882,0.319767441,0.12081518082413822,29.858218990983953,-11.725270322737703,0.3393045618998266,71.80306290730488,"Kyler Northrop","sa3060152",
2026,"Nicholas Mazzotta","WAG",22,230,0.104347826,0.095652173,1.09090909,0.278947368,0.35371179,0.389473684,0.743185474,0.110526316,6.924767991714539,0.284090909,0.8799258163198829,29.116801911868745,-11.445671623668975,0.35442392222225405,71.78260932819799,"Nicholas Mazzotta","sa3059950",
2026,"Chazz Grossington","WIN",20,223,0.044843049,0.134529147,0.333333333,0.275862068,0.321100917,0.403940886,0.725041803,0.128078818,4.996602237987811,0.301775147,0.5578001491958275,26.34920529751719,-10.35992425949632,0.33570752121986597,71.77834401274438,"Chazz Grossington","sa3032769",
2026,"Trent Abel","CSUN",21,224,0.040178571,0.160714285,0.25,0.267326732,0.296803652,0.391089108,0.68789276,0.123762376,6.042097820467849,0.297619047,0.9224965295288712,22.207023739227775,-8.734829307189461,0.3148971545641825,71.77018036351618,"Trent Abel","sa3025699",
2026,"Santiago Ordonez","UNF",22,156,0.173076923,0.173076923,1,0.208333333,0.358974358,0.275,0.633974358,0.066666667,1.2005494462500002,0.25510204,-0.17768234387040138,17.198738910180666,-6.768861971872708,0.3291400571664174,71.75828317075681,"Santiago Ordonez","sa3039179",
2026,"Ethan Swidler","WASH",22,175,0.131428571,0.28,0.469387755,0.232876712,0.346820809,0.356164383,0.702985192,0.123287671,1.522574115,0.319148936,-0.21542124450206757,21.253133496618187,-8.366692879819952,0.3333922042322986,71.7530657557282,"Ethan Swidler","sa3043411",
2026,"Jacob Green","USF",,163,0.042944785,0.214723926,0.2,0.275167785,0.320987654,0.402684563,0.723672217,0.127516778,8.986818824274977,0.347826086,1.1246598856523633,19.478684540891734,-7.673013690805347,0.33309709437099505,71.74020709375807,"Jacob Green","sa3059346",
2026,"Ethan Pena","SFA",,202,0.044554455,0.173267326,0.257142857,0.269841269,0.301980198,0.412698412,0.71467861,0.142857143,2.8454976304998683,0.302631578,0.02491040714085102,22.429089932571006,-8.838824004997656,0.32204114417038343,71.7319677205017,"Ethan Pena","sa3070982",
2026,"Carter Mottice","BGSU",21,177,0.101694915,0.146892655,0.692307692,0.243243243,0.354285714,0.337837837,0.692123551,0.094594594,5.211250441702351,0.280991735,-1.432576794642955,21.3620488589245,-8.431239997820267,0.34280369077410017,71.70087519252995,"Carter Mottice","sa3067140",
2026,"Tyler Lichtenberger","CLEM",20,238,0.109243697,0.218487394,0.5,0.272277227,0.374468085,0.351485148,0.725953233,0.079207921,5.7435763982005685,0.358108108,-0.32312620896846056,32.35198233872012,-12.789576129621711,0.3501691625473347,71.66784540992055,"Tyler Lichtenberger","sa3059814",
2026,"Mason Barela","COR",,148,0.047297297,0.216216216,0.21875,0.268115942,0.301369863,0.36231884,0.663688703,0.094202898,1.7593784094935125,0.326923076,-0.6316003706306219,14.952653760593192,-5.920721118767008,0.3145143218236427,71.63505588824796,"Mason Barela","sa3065253",
2026,"Thomas Cooper","VAL",22,204,0.06372549,0.200980392,0.31707317,0.243243243,0.31372549,0.41081081,0.7245363,0.167567567,5.043687990774416,0.277372262,0.5209558494389057,22.591424650442736,-8.952643507230146,0.3279464542865753,71.6186147503854,"Thomas Cooper","sa3029345",
2026,"Jake Haarde","FAIR",,216,0.111111111,0.199074074,0.558139534,0.222826086,0.322429906,0.375,0.697429906,0.152173914,5.293324105782313,0.255474452,1.4622908583842218,23.430858503779337,-9.29623495439632,0.3325798068648187,71.5946820444759,"Jake Haarde","sa3070244",
2026,"Tank Sims","SEMO",20,171,0.122807017,0.204678362,0.6,0.248275862,0.352941176,0.331034482,0.683975658,0.08275862,3.3847402580357144,0.311926605,-1.36007592221722,20.79085359714639,-8.275059558528543,0.3337771278970382,71.53002035680792,"Tank Sims","sa3071293",
2026,"Chris Baillargeon","CREI",22,224,0.111607142,0.236607142,0.471698113,0.238341968,0.328828828,0.341968911,0.670797739,0.103626943,2.6623307090268473,0.304347826,-0.6363585097715259,24.026590312583192,-9.615224396126525,0.3246702463240237,71.41882957450217,"Chris Baillargeon","sa3026413",
2026,"Carson McEntire","ARIZ",21,200,0.1,0.315,0.317460317,0.228070175,0.31632653,0.485380116,0.801706646,0.257309941,4.896603098506055,0.29,-1.5764315724372864,25.831220371700763,-10.364072697185039,0.3441013380581019,71.36624179983721,"Carson McEntire","sa3059973",
2026,"Fano Cruz","WES",21,176,0.136363636,0.25,0.545454545,0.1875,0.325714285,0.361111111,0.686825396,0.173611111,4.922068599847746,0.221052631,0.8371245330199599,19.292121064587946,-7.748249161318429,0.32847665582384383,71.34562472116185,"Fano Cruz","sa3069886",
2026,"Jack Kent","GW",,208,0.096153846,0.192307692,0.5,0.259887005,0.35609756,0.31638418,0.67248174,0.056497175,5.171470775568247,0.328467153,-0.350146999116987,24.333694045731654,-9.786616499235997,0.33700617115672044,71.31732876130165,"Jack Kent","sa3070501",
2026,"James DellAmico","PEPP",19,201,0.03482587,0.184079601,0.189189189,0.283422459,0.328358208,0.352941176,0.681299384,0.069518717,5.996562813881011,0.342281879,0.5007627387531102,21.083371843635376,-8.505823571742242,0.320936576347446,71.25361655720542,"James DellAmico","sa3069934",
2026,"Christian LaMothe","SBU",,186,0.091397849,0.247311827,0.369565217,0.26380368,0.338797814,0.368098159,0.706895973,0.104294479,4.42733989625,0.353448275,-0.20841907756403089,21.710796070077897,-8.80063547494125,0.33673953456305417,71.15626822702157,"Christian LaMothe","sa3070554",
2026,"Kaden Peer","MIZ",,177,0.06779661,0.299435028,0.226415094,0.266233766,0.354285714,0.363636363,0.717922077,0.097402597,5.51724186415068,0.393939393,-1.641822811216116,22.956892326503738,-9.309654042095199,0.33360360622406005,71.1476588298426,"Kaden Peer","sa3039631",
2026,"AJ Garcia","BRAD",21,189,0.1005291,0.291005291,0.345454545,0.229813664,0.320652173,0.391304347,0.71195652,0.161490683,8.125147969061144,0.320388349,0.20780391618609428,20.76839431890111,-8.456257062472295,0.3270804315157559,71.06464350208822,"AJ Garcia","sa3031915",
2026,"Matthew Chavez","CBU",23,185,0.043243243,0.189189189,0.228571428,0.273809523,0.315217391,0.44047619,0.755693581,0.166666667,4.136892904525135,0.3,-1.820849253796041,21.32261422691266,-8.693618725562889,0.33716649594514264,71.03694277917079,"Matthew Chavez","sa3028801",
2026,"Kameron Edwards","LIN",23,256,0.11328125,0.23046875,0.491525423,0.238317757,0.349206349,0.3317757,0.680982049,0.093457943,8.422431516562568,0.322580645,3.5767457224428654,30.870083359754254,-12.643798323595357,0.33276147667377715,70.94306958040599,"Kameron Edwards","sa3030815",
2026,"Nick Venteicher","CREI",20,201,0.084577114,0.149253731,0.566666666,0.246987951,0.328205128,0.34939759,0.677602718,0.102409639,4.4904731986556445,0.262773722,0.19083571527153254,21.41562590814295,-8.771895326011752,0.3239018510549496,70.94198209263014,"Nick Venteicher","sa3060839",
2026,"Zack Thompson","GWEB",22,169,0.059171597,0.207100591,0.285714285,0.271523178,0.325301204,0.390728476,0.71602968,0.119205298,4.314692439315782,0.330434782,-0.6419572068261914,19.73115883844368,-8.088764458127102,0.3342524669974683,70.92456232931397,"Zack Thompson","sa3060750",
2026,"Dayton Franke","SDST",21,220,0.081818181,0.213636363,0.382978723,0.209944751,0.328767123,0.331491712,0.660258835,0.121546961,1.80151098375,0.253731343,-0.20865523163229227,22.84773205377612,-9.406436635474826,0.32552908544671044,70.8365243386055,"Dayton Franke","sa3065301",
2026,"Blaine Brown","TENN",20,250,0.08,0.212,0.37735849,0.24,0.308,0.466666666,0.774666666,0.226666666,5.536989916719445,0.254658385,0.5363536365330219,32.25809797435385,-13.31612006039041,0.33289312410354616,70.78146233855588,"Blaine Brown","sa3058741",
2026,"Eddie Garza","TNTC",23,229,0.091703056,0.096069868,0.954545454,0.257894736,0.34375,0.357894736,0.701644736,0.1,4.456472821182295,0.269005847,0.19540517451241612,27.49972300314973,-11.424803971409103,0.33225232921540737,70.64883028925082,"Eddie Garza","sa3032021",
2026,"Korbin Reynolds","VAN",19,184,0.048913043,0.331521739,0.147540983,0.233766233,0.335164835,0.402597402,0.737762237,0.168831169,6.333629259701404,0.333333333,-0.027981266379356384,23.680993522442915,-9.86163095112886,0.33254048228263855,70.59970379211431,"Korbin Reynolds","sa3073786",
2026,"Jake Redding","HAW",19,181,0.08839779,0.193370165,0.457142857,0.23125,0.314917127,0.33125,0.646167127,0.1,4.2944485433894,0.288,-0.5189607264474034,17.646289306938673,-7.355833020746684,0.3129861519481596,70.57916554307303,"Jake Redding","sa3071083",
2026,"Mason Cisco","CAN",,150,0.14,0.146666666,0.954545454,0.214876033,0.355704697,0.264462809,0.620167506,0.049586776,1.4200310525,0.252525252,-0.3122216840274632,16.03236720640823,-6.694781028435976,0.33092320005365666,70.54280211816523,"Mason Cisco","sa3028949",
2026,"Collin Anderson","DUKE",18,174,0.08045977,0.281609195,0.285714285,0.261437908,0.339080459,0.437908496,0.776988955,0.176470588,7.247333674741717,0.34,0.8821864007040858,23.274785154369887,-9.727866835090106,0.3479544061353837,70.52398444162343,"Collin Anderson","sa3074705",
2026,"Isaac Lamson","PRIN",,134,0.134328358,0.179104477,0.75,0.19266055,0.333333333,0.256880733,0.590214066,0.064220183,5.061780379275929,0.238095238,-0.20816689915955067,13.321183021033473,-5.577683423792652,0.31266878364664136,70.48667738842276,"Isaac Lamson","sa3065346",
2026,"Brandon Stinnett","SEA",21,180,0.055555555,0.194444444,0.285714285,0.246835443,0.32,0.360759493,0.680759493,0.11392405,1.74007935875,0.294117647,-0.0787054211832583,18.67227853958108,-7.825508399563055,0.3197017070225307,70.46731329852027,"Brandon Stinnett","sa3043130",
2026,"Jackson Freeman","NU",21,226,0.092920353,0.234513274,0.396226415,0.233502538,0.31838565,0.416243654,0.734629304,0.182741116,3.2972315527797065,0.272058823,-1.070955216884613,26.945852247504693,-11.306037815781133,0.3310240766392695,70.44319170353187,"Jackson Freeman","sa3031687",
2026,"Marcus Bradshaw","NCAT",21,169,0.088757396,0.207100591,0.428571428,0.224489795,0.325443786,0.340136054,0.66557984,0.115646259,6.858590345878103,0.275229357,-0.7565854983404279,18.887767360994857,-8.028848110249001,0.32461621951774733,70.17140539520447,"Marcus Bradshaw","sa3069657",
2026,"Jorge Rodriguez","BCU",22,173,0.115606936,0.190751445,0.606060606,0.241134751,0.356725146,0.340425531,0.697150677,0.09929078,4.8525102349416045,0.293577981,-0.5963278147391975,20.742497840576167,-8.835419198818212,0.35281071885984544,70.12832517228833,"Jorge Rodriguez","sa3040989",
2026,"Sam Grunberg","JAX",,206,0.058252427,0.252427184,0.23076923,0.25,0.320388349,0.375,0.695388349,0.125,5.1233027421979385,0.323076923,0.20751080010086298,22.194743518720173,-9.454780722965692,0.3265169592736994,70.12662607258811,"Sam Grunberg","sa3059371",
2026,"Jack Quinlan","ARMY",22,150,0.086666666,0.253333333,0.342105263,0.198412698,0.315436241,0.341269841,0.656706082,0.142857143,3.4201907033713352,0.247058823,-0.609424795024097,15.58084146936187,-6.638005805418403,0.32156001001396434,70.12443659508413,"Jack Quinlan","sa3040339",
2026,"Cade Martinez","USD",,181,0.110497237,0.182320441,0.606060606,0.222972972,0.339080459,0.304054054,0.643134513,0.081081082,4.044494596004226,0.280701754,-0.25679124402813613,18.64388916375223,-8.001107702831595,0.3189229574696771,69.97144438449536,"Cade Martinez","sa3037143",
2026,"Jack Edmunds","BRWN",,130,0.1,0.238461538,0.419354838,0.192982456,0.292307692,0.359649122,0.651956814,0.166666666,1.1170814266481686,0.217948717,-0.7733069267123938,12.82623960017233,-5.50848157764406,0.31181595967366144,69.95601119743833,"Jack Edmunds","sa3065035",
2026,"Patrick Evans","SC",21,211,0.090047393,0.279620853,0.322033898,0.232804232,0.309523809,0.455026455,0.764550264,0.222222223,6.748422970213187,0.295081967,0.2831621067598462,26.900859474230973,-11.563780547093186,0.3312539407185146,69.9365949072124,"Patrick Evans","sa3070045",
2026,"Max Lane","HARV",,162,0.074074074,0.166666666,0.444444444,0.220689655,0.302469135,0.337931034,0.640400169,0.117241379,7.326842715635952,0.252173913,-0.1701600719243288,15.968430989101398,-6.879452324792875,0.31171019320134763,69.89019844735755,"Max Lane","sa3035917",
2026,"Jack Guerrero","JMU",22,190,0.068421052,0.163157894,0.419354838,0.265432098,0.327777777,0.376543209,0.704320986,0.111111111,2.4128377637880023,0.312977099,-1.093232361599803,21.742111145736168,-9.383617789267115,0.3281857738892237,69.85253643742135,"Jack Guerrero","sa3032827",
2026,"Jack Metcho","NEV",22,163,0.134969325,0.17791411,0.758620689,0.236641221,0.358490566,0.320610687,0.679101253,0.083969466,5.505850271241172,0.298076923,-0.26937700726557523,20.268641304873558,-8.821954223609835,0.3356139401219926,69.6742054834456,"Jack Metcho","sa3037925",
2026,"Gavin Bennett","VAL",23,189,0.148148148,0.195767195,0.756756756,0.232258064,0.360215053,0.264516129,0.624731182,0.032258065,1.76395089,0.305084745,-0.06625016778707504,20.348718278155072,-8.875933103218332,0.32483548022085623,69.6286091238868,"Gavin Bennett","sa3026970",
2026,"Cole Campbell","NJIT",,212,0.113207547,0.150943396,0.75,0.222857142,0.33490566,0.291428571,0.626334231,0.068571429,4.845577108864429,0.248275862,-0.5585311129689217,22.838604206296903,-9.968955879953405,0.3188507132372766,69.61384554735173,"Cole Campbell","sa3028323",
2026,"Will Rudolph","SHU",,191,0.089005235,0.204188481,0.435897435,0.25,0.335078534,0.327380952,0.662459486,0.077380952,4.036292436388672,0.3125,-0.5867112088017166,20.142421758139985,-8.796813660894973,0.3294422651460658,69.60246691552598,"Will Rudolph","sa3071182",
2026,"Grant McGuire","WIN",20,172,0.081395348,0.197674418,0.411764705,0.255172413,0.354651162,0.296551724,0.651202886,0.041379311,5.007997150617854,0.31858407,0.14710210071643814,19.69440284912611,-8.619365239691485,0.33192297885584277,69.55768934515054,"Grant McGuire","sa3070746",
2026,"Peyton Vancas","QUIN",,145,0.124137931,0.144827586,0.857142857,0.228070175,0.345323741,0.298245614,0.643569355,0.070175439,5.7163370168674,0.263157894,-0.5465070507489145,15.274225855543538,-6.695350771472528,0.3293193857446849,69.52444334662675,"Peyton Vancas","sa3071504",
2026,"Landen Fry","IU",19,205,0.063414634,0.107317073,0.59090909,0.279569892,0.343137254,0.354838709,0.697975963,0.075268817,2.097222215,0.308641975,-0.2585054934024811,24.111132394516414,-10.586378503596837,0.3292999217907588,69.48951602124147,"Landen Fry","sa3073717",
2026,"RJ Azarieh","SPU",,182,0.076923076,0.236263736,0.325581395,0.26506024,0.324175824,0.361445783,0.685621607,0.096385543,6.2169829633802145,0.338842975,1.487778342794627,19.162012526326507,-8.4135939986178,0.32926356202953466,69.48899749128984,"RJ Azarieh","sa3074199",
2026,"Peyton Wilson","EIU",,236,0.08898305,0.177966101,0.5,0.240837696,0.336283185,0.366492146,0.702775331,0.12565445,5.587071012673108,0.275167785,-1.5848044794984162,27.86368387437074,-12.25067580246718,0.3301962711642274,69.46062232786745,"Peyton Wilson","sa3060942",
2026,"Ricco Longo","EKU",,188,0.063829787,0.085106382,0.75,0.281437125,0.335135135,0.341317365,0.6764525,0.05988024,3.467530813204448,0.296052631,-0.4112440589815378,20.03412988145449,-8.849901950763678,0.3252854302122786,69.36057264383632,"Ricco Longo","sa3059842",
2026,"Brett Barber","UNCO",,200,0.075,0.1,0.75,0.260115606,0.335051546,0.312138728,0.647190274,0.052023122,6.844534753010765,0.292207792,0.5146707720123231,20.33337468247837,-8.988596853204307,0.32325866695531863,69.34518252885607,"Brett Barber","sa3058550",
2026,"Ty Cowan","WASH",,236,0.131355932,0.114406779,1.148148148,0.226315789,0.360515021,0.3,0.660515021,0.073684211,2.9284760317002108,0.25609756,-1.267656996846199,27.670844423402443,-12.273607147108422,0.3289090448694679,69.27331165019811,"Ty Cowan","sa3029483",
2026,"Ty Rhoades","LR",,237,0.067510548,0.206751054,0.326530612,0.268518518,0.32051282,0.402777777,0.723290597,0.134259259,3.8322402007300953,0.333333333,-0.9600759162567556,27.880195906991304,-12.4041398701722,0.32976005118117374,69.20852825081482,"Ty Rhoades","sa3040668",
2026,"Tyler Harries","SF",22,183,0.120218579,0.202185792,0.594594594,0.228758169,0.338797814,0.307189542,0.645987356,0.078431373,1.30357142125,0.288135593,-0.08897134568542242,18.640770559073086,-8.298646162390117,0.317703811197333,69.1951527822857,"Tyler Harries","sa3059422",
2026,"Parker Coley","WKU",23,169,0.082840236,0.177514792,0.466666666,0.262068965,0.335365853,0.372413793,0.707779646,0.110344828,8.256662443052104,0.318965517,1.1179699120111763,19.444607329475666,-8.664549845350004,0.33279050595876647,69.17534812068324,"Parker Coley","sa3029161",
2026,"Henry Hayman","AKR",,162,0.061728395,0.203703703,0.303030303,0.26056338,0.335403726,0.38028169,0.715685416,0.11971831,5.2846426867133305,0.314814814,0.36815351666882634,18.8461481713231,-8.422285697561938,0.3384604605828753,69.11342346223893,"Henry Hayman","sa3033458",
2026,"Jackson Golden","MRSH",20,183,0.060109289,0.136612021,0.44,0.259259259,0.331491712,0.358024691,0.689516403,0.098765432,3.09138654625,0.294117647,-0.20315474830567837,20.681805329475115,-9.297186223712256,0.3266796509205307,68.98766188576553,"Jackson Golden","sa3059313",
2026,"Jacob Weatherspoon","UVA",21,163,0.067484662,0.202453987,0.333333333,0.272108843,0.337423312,0.428571428,0.76599474,0.156462585,3.975687659617612,0.318181818,0.03653516434133053,21.325663639132102,-9.590613799270074,0.3449625179080144,68.97875619605729,"Jacob Weatherspoon","sa3075691",
2026,"Jakob Poturnak","SAC",22,251,0.083665338,0.278884462,0.3,0.227678571,0.306772908,0.4375,0.744272908,0.209821429,3.3275957457085723,0.277777777,0.06493063922971487,28.059087091868065,-12.665639778787952,0.3335465921823722,68.89938680493863,"Jakob Poturnak","sa3060296",
2026,"Daniel Arambula","UTAH",21,245,0.085714285,0.187755102,0.456521739,0.267942583,0.345833333,0.397129186,0.742962519,0.129186603,4.710210140335375,0.310559006,-1.0798946283757687,30.545260524714518,-13.79397348467059,0.3395512563486894,68.88991478348301,"Daniel Arambula","sa3058510",
2026,"Brayden Randle","MISS",21,189,0.089947089,0.179894179,0.5,0.259259259,0.342245989,0.382716049,0.724962038,0.12345679,5.490812329400908,0.299212598,-0.4238332202658057,23.720577861836514,-10.73353097243015,0.3291397062852421,68.84687680049639,"Brayden Randle","sa3040447",
2026,"Ethan Menard","NWST",,144,0.076388888,0.1875,0.407407407,0.25,0.3125,0.363636363,0.676136363,0.113636363,2.376895734159668,0.300970873,-0.48556449729949236,15.337753070170093,-6.9522449843343015,0.31710085314181113,68.81002426588645,"Ethan Menard","sa3075667",
2026,"Noah Murray","UVA",21,239,0.238493723,0.246861924,0.966101694,0.16091954,0.375527426,0.310344827,0.685872253,0.149425287,6.770416408349126,0.198198198,-0.723126214928925,31.177583601941592,-14.153645280132764,0.3445724062778779,68.77727423416566,"Noah Murray","sa3038608",
2026,"Cade Patterson","LT",21,243,0.1563786,0.230452674,0.678571428,0.21875,0.352941176,0.317708333,0.670649509,0.098958333,4.400956486291889,0.279411764,0.29727132758125663,27.795720389141977,-12.62158844803339,0.332091762989509,68.77182372809493,"Cade Patterson","sa3060219",
2026,"Cooper Schneider","SFA",,156,0.16025641,0.166666666,0.961538461,0.214876033,0.36423841,0.223140495,0.587378905,0.008264462,6.515228816828316,0.270833333,1.5851173410192132,16.60075111195831,-7.546746780421451,0.3169947898151069,68.74729293256101,"Cooper Schneider","sa3062896",
2026,"Chase Mora","TXST",22,247,0.052631578,0.27125506,0.19402985,0.234513274,0.292682926,0.446902654,0.73958558,0.21238938,5.813317816322568,0.281879194,-0.5015243832021952,27.758722808823563,-12.704724806680701,0.32600799614821024,68.60197151907376,"Chase Mora","sa3038326",
2026,"Damian Rodriguez","IONA",24,207,0.096618357,0.188405797,0.512820512,0.24117647,0.341463414,0.305882352,0.647345766,0.064705882,7.09723353934311,0.294117647,1.902541012968868,21.511881711869353,-9.851582852215653,0.32784612992914713,68.58898406428952,"Damian Rodriguez","sa3060401",
2026,"Joey Canzoni","SLU",21,212,0.117924528,0.268867924,0.438596491,0.2259887,0.345971563,0.322033898,0.668005461,0.096045198,3.9418144104505917,0.313559322,0.34662779700011015,23.845380547376934,-10.931089815763174,0.33245392998247913,68.56756967679752,"Joey Canzoni","sa3069741",
2026,"Gunnar Johnson","BC",23,169,0.088757396,0.207100591,0.428571428,0.25,0.353658536,0.378571428,0.732229964,0.128571428,3.4775537656227846,0.317307692,-0.30915969237685204,21.94837929876562,-10.10592062203173,0.3439822916577502,68.47249621110943,"Gunnar Johnson","sa3034753",
2026,"Anthony Perritano","MUR",,164,0.134146341,0.140243902,0.956521739,0.237410071,0.341463414,0.316546762,0.658010176,0.079136691,6.088709047103698,0.273504273,1.3209558613598347,17.301852000954177,-8.057104753253435,0.3226455577263018,68.22777517487354,"Anthony Perritano","sa3060246",
2026,"Robert Mansour","SJU",,249,0.080321285,0.108433734,0.74074074,0.252380952,0.345679012,0.276190476,0.621869488,0.023809524,2.600048915,0.286486486,-0.32031791750341654,25.5106347950977,-11.885846733780513,0.3195102663687718,68.21667106676318,"Robert Mansour","sa3070669",
2026,"KJ Scobey","SC",21,244,0.077868852,0.237704918,0.327586206,0.252252252,0.307377049,0.454954954,0.762332003,0.202702702,2.516992070883014,0.297468354,-1.3881681291386485,30.334147419639724,-14.146289382270675,0.32787806919363677,68.19660417169486,"KJ Scobey","sa3060533",
2026,"Charlie Jones","KENN",23,145,0.08275862,0.310344827,0.266666666,0.216,0.305555555,0.44,0.745555555,0.224,1.53398617125,0.256756756,-0.14507754147052765,16.42346616474665,-7.693858038506143,0.3309253338310454,68.09821034180715,"Charlie Jones","sa3034861",
2026,"Addison Ainsworth","ARMY",,133,0.127819548,0.233082706,0.548387096,0.194174757,0.338461538,0.262135922,0.60059746,0.067961165,4.5568839640204315,0.266666666,-0.4094247920438647,13.386896879500423,-6.313814370804753,0.31811542694385236,67.95133794620259,"Addison Ainsworth","sa3025819",
2026,"Eli Riley","VAL",24,211,0.099526066,0.194312796,0.512195121,0.241573033,0.339805825,0.314606741,0.654412566,0.073033708,3.7698797632130376,0.306569343,-1.57833356782794,22.12084992959697,-10.505612723682333,0.32197733585116933,67.80033178795615,"Eli Riley","sa3071123",
2026,"Landon Penfield","COFC",19,204,0.142156862,0.299019607,0.475409836,0.203592814,0.333333333,0.305389221,0.638722554,0.101796407,2.0577680293723466,0.29245283,-1.0768195251002908,22.02881662141873,-10.462245840911134,0.3205881297003989,67.79961919361344,"Landon Penfield","sa3060234",
2026,"Ethan Gonzalez","WICH",21,165,0.084848484,0.272727272,0.311111111,0.201550387,0.329032258,0.341085271,0.670117529,0.139534884,5.066661171765022,0.271604938,-0.09652014262974262,18.632453132026814,-8.852394771224834,0.32599364134573167,67.79172727320228,"Ethan Gonzalez","sa3070188",
2026,"Carter Richey","VILL",,154,0.136363636,0.227272727,0.6,0.198347107,0.337662337,0.289256198,0.626918535,0.090909091,6.340522288498317,0.263736263,-0.7523990990594029,15.664838462917544,-7.463909149320387,0.3187242138695407,67.72886593578,"Carter Richey","sa3040714",
2026,"Luke Lavin","STAN",22,161,0.093167701,0.223602484,0.416666666,0.274647887,0.34375,0.408450704,0.752200704,0.133802817,2.5551328189977234,0.336538461,-0.18077268823981285,20.6669983489897,-9.869938261947418,0.3424453131854534,67.67868896707733,"Luke Lavin","sa3036056",
2026,"David Dubrule","ARMY",,132,0.06060606,0.136363636,0.444444444,0.256637168,0.328,0.300884955,0.628884955,0.044247787,5.647732004921718,0.305263157,0.8135645277798176,13.220683369104945,-6.331902232701695,0.3175839395523071,67.61603625396411,"David Dubrule","sa3069981",
2026,"Jackson Toberman","UNF",22,215,0.08372093,0.237209302,0.352941176,0.229946524,0.313084112,0.379679144,0.692763256,0.14973262,4.038274450791174,0.278195488,0.211212515598163,22.32259502189353,-10.709675424526184,0.3224199464387983,67.57814319213114,"Jackson Toberman","sa3071459",
2026,"Anthony Marnell IV","SDSU",21,203,0.093596059,0.330049261,0.283582089,0.257142857,0.333333333,0.388571428,0.721904761,0.131428571,3.6308437701843728,0.379629629,0.3635709681548178,24.398702020146953,-11.83068995704402,0.3315760777957404,67.34504966439322,"Anthony Marnell IV","sa3070683",
2026,"Dylan Larkins","GTWN",20,206,0.101941747,0.203883495,0.5,0.235955056,0.32,0.337078651,0.657078651,0.101123595,7.821674705426314,0.298507462,1.6001334376633167,20.83247024009209,-10.105984358096311,0.3180898576974869,67.33519986907146,"Dylan Larkins","sa3059759",
2026,"Christian Mitchelle","CIN",22,212,0.099056603,0.21226415,0.466666666,0.24137931,0.349514563,0.367816091,0.717330654,0.126436781,6.742711642706195,0.293650793,0.9332751519978046,25.797286509942445,-12.569724143076508,0.3365163392233617,67.23819779248961,"Christian Mitchelle","sa3038164",
2026,"Brody Briggs","ASU",21,182,0.159340659,0.137362637,1.16,0.237762237,0.374301675,0.3006993,0.675000975,0.062937063,3.1788351911448114,0.268907563,-0.6752825155854225,22.12203961114123,-10.815677081544852,0.3363786199905353,67.16324576333943,"Brody Briggs","sa3058726",
2026,"Tyler Beaulieu","COR",,121,0.057851239,0.157024793,0.368421052,0.224299065,0.294117647,0.345794392,0.639912039,0.121495327,3.491936875678709,0.244186046,-1.4900066033005714,11.453825697656475,-5.611568629388011,0.30725386012502076,67.11726361637572,"Tyler Beaulieu","sa3075495",
2026,"Conlan Daniel","CIN",21,170,0.111764705,0.358823529,0.311475409,0.233576642,0.355421686,0.350364963,0.705786649,0.116788321,9.150827907808859,0.386666666,0.38472577556967735,20.64548605544227,-10.120513053110662,0.33627137254519635,67.10487763650373,"Conlan Daniel","sa3058985",
2026,"KaiKea Harrison","TULN",22,254,0.094488188,0.161417322,0.585365853,0.23853211,0.326693227,0.353211009,0.679904236,0.114678899,5.079967470496779,0.272727272,-1.5786488177254796,28.366149388345946,-13.943858899083864,0.3246477201165431,67.04359213461429,"KaiKea Harrison","sa3033288",
2026,"Travis Friend","LMU",20,162,0.030864197,0.376543209,0.081967213,0.213793103,0.28125,0.434482758,0.715732758,0.220689655,5.093491897636023,0.28,-0.40236830594949424,15.982775807293995,-7.865232437935726,0.3142867397516966,67.01933194144632,"Travis Friend","sa3070123",
2026,"Mateo Serna","MIZ",21,184,0.092391304,0.266304347,0.346938775,0.24025974,0.360655737,0.311688311,0.672344048,0.071428571,2.9900630730639186,0.339805825,-0.32606031093746424,22.460007799405417,-11.08261667416636,0.3254780788890651,66.95960185554846,"Mateo Serna","sa3042003",
2026,"Zack Horky","BGSU",23,181,0.066298342,0.381215469,0.173913043,0.251533742,0.311111111,0.435582822,0.746693933,0.18404908,7.994977480279191,0.388888888,-1.3991867937147617,20.360974386280986,-10.10560913389304,0.3346284273597929,66.83051407059995,"Zack Horky","sa3034088",
2026,"Jayden Garrison","SF",19,213,0.122065727,0.295774647,0.412698412,0.202247191,0.317535545,0.342696629,0.660232174,0.140449438,6.116832367116756,0.28318584,0.9127396566327661,20.904425931777293,-10.451288612876601,0.3137359743434671,66.6686319713976,"Jayden Garrison","sa3070148",
2026,"John LaFleur","HC",,188,0.09574468,0.25,0.382978723,0.208860759,0.31693989,0.316455696,0.633395586,0.107594937,3.5814373905697536,0.277777777,-0.043401882983744144,18.559531402249657,-9.288090515474952,0.31604750169430923,66.64673722260206,"John LaFleur","sa3035846",
2026,"Cayden Hessemyer","FGCU",20,210,0.066666666,0.157142857,0.424242424,0.27368421,0.325358851,0.347368421,0.672727272,0.073684211,2.4298719080525677,0.320754716,-0.8151920530945063,21.49745352324999,-10.766624587206476,0.32089517789594296,66.62968472135852,"Cayden Hessemyer","sa3066978",
2026,"Tucker Stockman","USM",22,218,0.064220183,0.178899082,0.358974358,0.239130434,0.316037735,0.385869565,0.7019073,0.146739131,0.7433473337500001,0.258741258,-0.22388482466340065,23.766836178961853,-11.945842283305067,0.3224348580499865,66.55013626063715,"Tucker Stockman","sa3043148",
2026,"Cooper Chaplain","LR",,210,0.061904761,0.161904761,0.382352941,0.216666666,0.31553398,0.388888888,0.704422868,0.172222222,7.210240900589787,0.230215827,0.4525145557709038,23.716019660505292,-11.978961407867432,0.3249707589450392,66.44076828358006,"Cooper Chaplain","sa3058854",
2026,"Axel Melendez","ETSU",,192,0.067708333,0.234375,0.288888888,0.261627906,0.324607329,0.412790697,0.737398026,0.151162791,8.783685318958202,0.333333333,-0.13291242765262723,22.964325486694516,-11.6454805740965,0.3335635090997706,66.35207792369138,"Axel Melendez","sa3060012",
2026,"Jake Hajdu","ELON",21,198,0.121212121,0.252525252,0.48,0.228395061,0.340314136,0.277777777,0.618091913,0.049382716,5.284434221942964,0.321428571,1.0971547039225698,20.86736326866916,-10.66807970947453,0.31782243108250086,66.17114363394776,"Jake Hajdu","sa3059389",
2026,"Jaxon Sorenson","LIB",23,274,0.105839416,0.233576642,0.453125,0.246753246,0.338235294,0.346320346,0.68455564,0.0995671,4.3423830113587085,0.313609467,-0.1208633710630238,30.136854524045365,-15.43657190141164,0.3275139415088822,66.12812967517212,"Jaxon Sorenson","sa3060636",
2026,"Kyler Proctor","APSU",21,231,0.077922077,0.22077922,0.352941176,0.242424242,0.323008849,0.343434343,0.666443192,0.101010101,6.327920688772001,0.31081081,0.1734565426595509,23.457238602113975,-12.033247319388138,0.3200347064870649,66.0944419132404,"Kyler Proctor","sa3040234",
2026,"Levi McAllister","ALB",23,199,0.070351758,0.251256281,0.28,0.252747252,0.316582914,0.318681318,0.635264232,0.065934066,3.034553527737419,0.338461538,-1.3128783032298088,20.349963536972467,-10.44581220436626,0.31290620745126924,66.08037319110517,"Levi McAllister","sa3037417",
2026,"Teddy Ruffner","YSU",,168,0.113095238,0.244047619,0.463414634,0.20289855,0.331325301,0.333333333,0.664658634,0.130434783,6.1235532655005205,0.263157894,-0.39497132832184434,17.419457311313856,-8.952362900096668,0.32426009012992124,66.05329920980132,"Teddy Ruffner","sa3041272",
2026,"Charlie Niehaus","CIN",21,203,0.123152709,0.266009852,0.462962962,0.224242424,0.338308457,0.393939393,0.73224785,0.169696969,8.366478659547095,0.288288288,0.5208767354488373,24.212159176331998,-12.526063288587094,0.33406584743243545,65.90454723129817,"Charlie Niehaus","sa3060143",
2026,"Sean Cody","UIC",19,241,0.082987551,0.170124481,0.487804878,0.258373205,0.333333333,0.325358851,0.658692184,0.066985646,6.199067200186466,0.31547619,0.6707625724375248,24.533903800613913,-12.731392405264344,0.318906176294017,65.83579442136278,"Sean Cody","sa3069813",
2026,"Jordan Lodise","UCF",19,229,0.122270742,0.179039301,0.682926829,0.243243243,0.337837837,0.4,0.737837837,0.156756757,5.2359660775820505,0.273972602,0.3207719624042511,27.26104267817738,-14.182567885696864,0.3338344983152441,65.77863826840515,"Jordan Lodise","sa3070615",
2026,"Cam Bryant","OHIO",22,188,0.138297872,0.180851063,0.764705882,0.227272727,0.347593582,0.318181818,0.6657754,0.090909091,5.803742191131715,0.278688524,-0.5699540912173688,20.78199323189926,-10.862855949275971,0.332684771899871,65.6725937068519,"Cam Bryant","sa3027922",
2026,"Misael Uriepero","YSU",,216,0.087962962,0.259259259,0.339285714,0.25,0.344339622,0.29347826,0.637817882,0.04347826,4.962285088312001,0.356589147,-0.6056913341162726,22.25425173702562,-11.652374249073624,0.323632131769972,65.63393168683086,"Misael Uriepero","sa3071496",
2026,"Cam Morrison","STO",,142,0.077464788,0.211267605,0.366666666,0.260162601,0.345070422,0.357723577,0.702793999,0.097560976,4.854143237383507,0.322580645,-0.3085745987482369,16.42623158696612,-8.616686856713686,0.3447599813971721,65.59232153356184,"Cam Morrison","sa3038400",
2026,"Andrew Cain","ARIZ",21,229,0.131004366,0.126637554,1.034482758,0.229166666,0.337719298,0.390625,0.728344298,0.161458334,5.4479061304898435,0.242236024,-1.9475844502449036,27.168983551261785,-14.274627012612461,0.3334263476886247,65.55650721934099,"Andrew Cain","sa3028242",
2026,"Pierre Seals","MIZ",,186,0.096774193,0.301075268,0.321428571,0.246987951,0.327956989,0.385542168,0.713499157,0.138554217,5.319997630066795,0.342857142,-0.3881681142374873,22.208901243893795,-11.698316973955937,0.3226443391333344,65.49903652138114,"Pierre Seals","sa3041890",
2026,"Brytton Clements","BAY",20,154,0.071428571,0.181818181,0.392857142,0.291044776,0.348993288,0.365671641,0.714664929,0.074626865,3.9904978169781504,0.361111111,-0.5041296407580376,18.243415137533482,-9.626960525508588,0.3332455098228967,65.45808839500302,"Brytton Clements","sa3069809",
2026,"Silvio Giardina","LEH",,147,0.108843537,0.292517006,0.372093023,0.221311475,0.326241134,0.286885245,0.613126379,0.06557377,6.263203359806747,0.341772151,-0.42496108263731003,14.240659274986317,-7.53381105429835,0.31407242928836365,65.40071496404639,"Silvio Giardina","sa3070161",
2026,"Tyler Howe","UNC",19,270,0.122222222,0.203703703,0.6,0.232876712,0.363636363,0.324200913,0.687837276,0.091324201,4.7705525241766145,0.29375,0.07307032868266106,33.481827329288485,-17.729184378494256,0.3379948224985238,65.38013253934625,"Tyler Howe","sa3070378",
2026,"Joe Dwyer","SPU",23,177,0.107344632,0.18079096,0.59375,0.253246753,0.337142857,0.298701298,0.635844155,0.045454545,4.791339758429365,0.311475409,-0.8891142262145877,17.516587930224482,-9.301446986891682,0.32269220999308995,65.31644836902204,"Joe Dwyer","sa3075216",
2026,"Damion Kenealy","LIP",,211,0.052132701,0.113744075,0.458333333,0.263157894,0.320574162,0.347368421,0.667942583,0.084210527,5.065260788914323,0.289156626,-0.21124405600130558,21.13351020501439,-11.28420637263473,0.31858268765171177,65.19123626241216,"Damion Kenealy","sa3059663",
2026,"Hiram Bocachica Jr.","RICE",20,169,0.112426035,0.136094674,0.826086956,0.212765957,0.329341317,0.326241134,0.655582451,0.113475177,6.759044308303394,0.239316239,0.28229985293000937,18.296549515622424,-9.854597730738357,0.32096038678449074,64.99397468779074,"Hiram Bocachica Jr.","sa3058664",
2026,"Nick Mullen","GW",,193,0.077720207,0.21761658,0.357142857,0.24260355,0.322916666,0.366863905,0.689780571,0.124260355,5.09906704375631,0.307086614,-1.0725006880238652,20.53453858418347,-11.12517264263748,0.32631628898282844,64.86015755818822,"Nick Mullen","sa3038538",
2026,"Nick Diaz","COFC",,174,0.086206896,0.189655172,0.454545454,0.24025974,0.310344827,0.357142857,0.667487684,0.116883117,6.329689893629052,0.280991735,0.4335195245221257,17.96950904123444,-9.743456000164562,0.31556429123056345,64.84152458746544,"Nick Diaz","sa3069950",
2026,"Jaxon Schumacher","BRAD",21,197,0.0964467,0.360406091,0.267605633,0.195121951,0.310880829,0.371951219,0.682832048,0.176829268,5.237530777824638,0.295454545,-0.2758385092020035,19.702668771289485,-10.759004890776973,0.31709962280303083,64.68019121295023,"Jaxon Schumacher","sa3071240",
2026,"Connor Ostrander","WMU",22,179,0.111731843,0.145251396,0.769230769,0.231292517,0.337142857,0.346938775,0.684081632,0.115646258,5.3138589446264035,0.25,-0.9850901062600315,19.48260768217864,-10.64732850628076,0.3309883502551488,64.66196131421287,"Connor Ostrander","sa3039257",
2026,"Charlie Parcell","NIU",,253,0.102766798,0.106719367,0.962962962,0.233009708,0.350806451,0.296116504,0.646922955,0.063106796,7.409512368125011,0.259668508,1.269331899471581,27.41552883549767,-15.170358626403036,0.3305100690453283,64.37702832898542,"Charlie Parcell","sa3039422",
2026,"William Tyrrell","UNCW",,167,0.113772455,0.16766467,0.678571428,0.208633093,0.319277108,0.323741007,0.643018115,0.115107914,8.274889004599201,0.241071428,1.0335195334628224,17.12140394799636,-9.476671695185445,0.3147649057658322,64.37083711499743,"William Tyrrell","sa3044207",
2026,"Jack Roventini","VILL",20,166,0.13253012,0.301204819,0.44,0.217391304,0.335365853,0.275362318,0.610728171,0.057971014,8.92540165174776,0.337078651,0.6411694902926683,16.032226078358303,-8.898761607560504,0.31320926401673294,64.30642171233919,"Jack Roventini","sa3071175",
2026,"Pearson Riebock","BAY",20,225,0.12,0.293333333,0.409090909,0.215116279,0.357798165,0.319767441,0.677565606,0.104651162,7.8336780449110925,0.314814814,1.4819292984902859,26.16738037193175,-14.55232433056478,0.33104815696357587,64.26220564003114,"Pearson Riebock","sa3060365",
2026,"Tyler Shulman","HARV",,141,0.106382978,0.120567375,0.882352941,0.215517241,0.328467153,0.24137931,0.569846463,0.025862069,1.9933892400827062,0.25,-0.8680337779223919,12.767656047562395,-7.118464614530767,0.30257177396412316,64.20385486194925,"Tyler Shulman","sa3042236",
2026,"Danny Corona","HOF",22,166,0.078313253,0.289156626,0.270833333,0.2,0.309090909,0.342857142,0.651948051,0.142857142,6.035330961511692,0.274725274,-0.5148862805217505,16.96082178795579,-9.477983941194982,0.31439195654608987,64.15124027049077,"Danny Corona","sa3029398",
2026,"Bradley Brown","QUC",,173,0.080924855,0.248554913,0.325581395,0.228187919,0.313953488,0.355704697,0.669658185,0.127516778,6.932316778324891,0.29245283,0.4326839935965836,17.040088745123356,-9.539366079205067,0.31684446334838867,64.11000096783927,"Bradley Brown","sa3069677",
2026,"Yomar Carreras","RUTG",19,235,0.055319148,0.165957446,0.333333333,0.279816513,0.316239316,0.389908256,0.706147572,0.110091743,3.907133468450489,0.320224719,-0.05419706553220749,25.475535367409893,-14.299660052378465,0.31946362516818905,64.04880000849899,"Yomar Carreras","sa3058821",
2026,"Ayden Frey","SJU",,240,0.1,0.245833333,0.406779661,0.223880597,0.334728033,0.27363184,0.608359873,0.049751243,3.7520722916183953,0.310344827,-1.6399236861616373,23.063222384942318,-12.981579088675236,0.31269112690722095,63.98487837926668,"Ayden Frey","sa3031716",
2026,"Cameron Sewell","SAC",21,220,0.072727272,0.218181818,0.333333333,0.228260869,0.331797235,0.336956521,0.668753756,0.108695652,5.582704452439183,0.286764705,-0.28057411732152104,22.725739921099287,-12.969239806168934,0.3246847934986589,63.66648782192351,"Cameron Sewell","sa3042023",
2026,"Eli Putnam","FSU",23,187,0.09090909,0.245989304,0.369565217,0.226415094,0.31693989,0.440251572,0.757191462,0.213836478,5.159448781129539,0.254716981,-0.5005057705566287,22.54466446757807,-12.923702900404797,0.334475957630762,63.56273530630292,"Eli Putnam","sa3040299",
2026,"Tyson Kaufman","CAN",,131,0.076335877,0.160305343,0.476190476,0.186274509,0.351145038,0.215686274,0.566831312,0.029411765,6.128913889508979,0.228915662,-0.14650704478845,12.612436660740663,-7.235939464356612,0.31990065647445565,63.54392208838118,"Tyson Kaufman","sa3035124",
2026,"Braydon Wooldridge","UCD",,203,0.093596059,0.0591133,1.583333333,0.224719101,0.301980198,0.325842696,0.627822894,0.101123595,4.494732385349365,0.222891566,-0.5014612239319831,17.75750129615705,-10.283553027158574,0.30134960743460326,63.32679610192836,"Braydon Wooldridge","sa3045573",
2026,"Owen Petrich","VT",23,211,0.090047393,0.156398104,0.575757575,0.252688172,0.323809523,0.424731182,0.748540705,0.17204301,5.843851151109225,0.273333333,-0.15242931339889765,25.320592491855884,-14.69986480570767,0.3339074628693717,63.269123347567046,"Owen Petrich","sa3039820",
2026,"Josue Figueroa","FAMU",21,220,0.154545454,0.154545454,1,0.218390804,0.351598173,0.310344827,0.661943,0.091954023,2.580210325259441,0.244755244,-0.4326043683104217,23.764537199609578,-13.848998919851482,0.3416440459691226,63.180811089212966,"Josue Figueroa","sa3031318",
2026,"Lawson Olmstead","CAL",19,152,0.111842105,0.375,0.298245614,0.21875,0.335526315,0.3828125,0.718338815,0.1640625,1.12042124,0.333333333,-0.36346484161913395,18.118155235698744,-10.711747651645615,0.3330862890732916,62.84500959471557,"Lawson Olmstead","sa3075439",
2026,"Ranciel Ventura","MERC",23,174,0.126436781,0.201149425,0.628571428,0.225352112,0.348837209,0.316901408,0.665738617,0.091549296,6.2066364107547995,0.280373831,1.618545411620289,19.266864372017974,-11.419528650519258,0.3403794422399166,62.78634428578057,"Ranciel Ventura","sa3065156",
2026,"Noah Fields","UTA",22,179,0.106145251,0.145251396,0.73076923,0.225165562,0.331428571,0.331125827,0.662554398,0.105960265,4.395723153796198,0.25409836,0.47532059624791145,18.233076415956187,-10.809657089412045,0.3231838277408055,62.780166379951815,"Noah Fields","sa3070079",
2026,"Anthony Zollo","IONA",,189,0.037037037,0.116402116,0.318181818,0.285714285,0.315508021,0.348571428,0.664079449,0.062857143,3.8605098501319204,0.32051282,-1.214624710381031,17.97670835991216,-10.659498415991543,0.3186914927181713,62.77615083796253,"Anthony Zollo","sa3045881",
2026,"Cal Fisher","FSU",21,239,0.092050209,0.179916317,0.511627906,0.246231155,0.343347639,0.36683417,0.710181809,0.120603015,3.5860087033110806,0.285714285,-0.3711590338498354,28.44986587680241,-16.881363005271947,0.3329216354394675,62.759970506893836,"Cal Fisher","sa3031377",
2026,"Aedan Forde","UNH",21,169,0.142011834,0.183431952,0.774193548,0.23880597,0.36419753,0.253731343,0.617928873,0.014925373,3.4990299704169763,0.307692307,-0.42518262984231114,18.543607890127646,-11.260992229463112,0.3394910310521538,62.217267857047375,"Aedan Forde","sa3074271",
2026,"Case Sullivan","VAL",21,185,0.097297297,0.254054054,0.382978723,0.2125,0.302702702,0.3875,0.690202702,0.175,5.102902840503638,0.261261261,-0.2715643048286438,17.797904158013054,-10.808236083013824,0.31324903771683976,62.2170765019439,"Case Sullivan","sa3060691",
2026,"Connor Scanlan","FAIR",,237,0.088607594,0.198312236,0.44680851,0.248803827,0.313559322,0.349282296,0.662841618,0.100478469,3.0776454571992335,0.298780487,-1.2484569973312318,22.330499866969852,-13.578394344083994,0.3177629183914702,62.18654279834617,"Connor Scanlan","sa3066091",
2026,"Griffin Scheiderer","BGSU",19,184,0.092391304,0.222826086,0.414634146,0.22147651,0.35,0.275167785,0.625167785,0.053691275,5.3338331841328515,0.302752293,-2.2487521432340145,19.247711427372785,-11.723843090373189,0.32676582203971016,62.14641701740965,"Griffin Scheiderer","sa3071226",
2026,"Tyler Harrington","MEM",24,207,0.057971014,0.256038647,0.226415094,0.267015706,0.310679611,0.366492146,0.677171757,0.09947644,3.1043024819609863,0.345588235,-1.406029344536364,21.416455759358772,-13.06453524653875,0.3157736447829645,62.110905558647566,"Tyler Harrington","sa3033313",
2026,"Matt Minckler","DEL",21,162,0.111111111,0.203703703,0.545454545,0.246376811,0.335403726,0.326086956,0.661490682,0.079710145,6.044585175213113,0.301886792,2.3869173997081816,16.69850428779586,-10.246368270321055,0.3203186503848674,61.97284567510629,"Matt Minckler","sa3060051",
2026,"Ryan McKay","MSU",21,237,0.109704641,0.11392405,0.962962962,0.23076923,0.343347639,0.297435897,0.640783536,0.066666667,3.9787287653068977,0.254437869,-1.1824987009167671,24.81786159913383,-15.295846122099537,0.31552235660634836,61.86878004796601,"Ryan McKay","sa3037650",
2026,"Kaiden Smaka","LBSU",,148,0.094594594,0.277027027,0.341463414,0.234848484,0.306122448,0.31060606,0.616728508,0.075757576,4.963216967783819,0.336956521,-1.2459391767624766,12.63499038323283,-7.80873395100713,0.29890587175784467,61.803760296607244,"Kaiden Smaka","sa3073591",
2026,"Dayton Murphy","MSU",20,205,0.043902439,0.146341463,0.3,0.260869565,0.328431372,0.336956521,0.665387893,0.076086956,6.632128832974528,0.305194805,0.030961230397224426,21.363785467515793,-13.33372543059746,0.3149849418915954,61.57152174474133,"Dayton Murphy","sa3065099",
2026,"Deamez Ross","UCF",23,240,0.058333333,0.1625,0.358974358,0.287037037,0.329113924,0.393518518,0.722632442,0.106481481,7.696402028032155,0.325842696,1.5543359853327274,26.71687544809802,-16.717476234564945,0.32599288350922145,61.51093411798798,"Deamez Ross","sa3041169",
2026,"Isaac McClenty","JKST",,155,0.116129032,0.322580645,0.36,0.229508196,0.349315068,0.295081967,0.644397035,0.065573771,7.041214525283532,0.383561643,-0.4073860477656126,16.29633490255467,-10.204110999792894,0.33893376466346115,61.49456866728059,"Isaac McClenty","sa3070726",
2026,"Lucas Johnson","LONG",23,205,0.087804878,0.2,0.43902439,0.214689265,0.31707317,0.33898305,0.65605622,0.124293785,4.97621584537853,0.255639097,-0.26491624367190525,20.747478331027043,-12.998582472505557,0.3181586280101683,61.48118576511057,"Lucas Johnson","sa3034785",
2026,"Jackson LaLima","HOU",20,199,0.055276381,0.24120603,0.229166666,0.229050279,0.294416243,0.46368715,0.758103393,0.234636871,5.721627718912855,0.260162601,-0.588934738188982,22.109513272050606,-13.904803331490767,0.3257723299379881,61.39090050059849,"Jackson LaLima","sa3059744",
2026,"Easton Dowell","MCN",22,174,0.051724137,0.16091954,0.321428571,0.232704402,0.298850574,0.345911949,0.644762523,0.113207547,4.921730896016205,0.276923076,-0.994059095159173,16.514982072438727,-10.418765576754083,0.30443208416302997,61.31705950298257,"Easton Dowell","sa3030524",
2026,"Jacob Beauchaine","SEA",21,209,0.086124401,0.306220095,0.28125,0.232432432,0.315789473,0.318918918,0.634708391,0.086486486,2.8286867556759887,0.336134453,-1.2146738860756159,18.826871018907323,-11.940003815987811,0.30513508810381,61.1920161535363,"Jacob Beauchaine","sa3069581",
2026,"Beny Bikar","SOU",19,205,0.121951219,0.185365853,0.657894736,0.221556886,0.349753694,0.287425149,0.637178843,0.065868263,6.5081157285762234,0.282442748,0.019469674210995436,21.357818495225754,-13.69115834336296,0.33803769755246016,60.9370669893876,"Beny Bikar","sa3058639",
2026,"Jake Barbour","UNCG",22,210,0.119047619,0.214285714,0.555555555,0.232954545,0.336538461,0.34090909,0.677447551,0.107954545,7.308165172282344,0.300751879,0.29583059856668115,23.06066798720896,-14.793807391781215,0.32350170984864235,60.919264515835785,"Jake Barbour","sa3026543",
2026,"Dakota Chun","PORT",19,169,0.076923076,0.24260355,0.31707317,0.229729729,0.303571428,0.351351351,0.654922779,0.121621622,1.6485389525,0.289719626,-0.06672850926406682,15.14816421737951,-9.730313519928039,0.3046586275810287,60.888629832296594,"Dakota Chun","sa3069798",
2026,"Jayden Hylton","STET",22,186,0.086021505,0.338709677,0.253968253,0.211180124,0.311827956,0.335403726,0.647231682,0.124223602,5.200626524483848,0.308510638,0.01836967095732689,17.392036988200452,-11.18471790963242,0.3116209301897275,60.86078370472844,"Jayden Hylton","sa3034390",
2026,"Hunter Klotz","KENT",,164,0.121951219,0.237804878,0.512820512,0.204545454,0.333333333,0.318181818,0.651515151,0.113636364,5.21149819438137,0.27173913,-1.1052527534775436,16.745077647483196,-10.860003553116474,0.3242697595800244,60.659403701081814,"Hunter Klotz","sa3035516",
2026,"Carson Applegate","JOES",22,227,0.061674008,0.207048458,0.29787234,0.236842105,0.342222222,0.278947368,0.62116959,0.042105263,4.670434727008026,0.303448275,-0.7464952827431262,22.552859051093137,-14.684210630193677,0.3192066449589199,60.56561175227731,"Carson Applegate","sa3026133",
2026,"Johnny Pilla","STBK",22,138,0.173913043,0.217391304,0.8,0.175925925,0.338235294,0.231481481,0.569716775,0.055555556,5.967411608771608,0.23076923,0.6600027289241552,13.254273722249938,-8.72497441403203,0.30785733855822506,60.303581087337605,"Johnny Pilla","sa3039927",
2026,"Drue Saenz","USI",,161,0.055900621,0.124223602,0.45,0.262068965,0.31875,0.351724137,0.670474137,0.089655172,5.129382240752701,0.288,-0.33197356620803475,16.47578718649973,-10.89036496591936,0.3141804449260235,60.20498276387503,"Drue Saenz","sa3071200",
2026,"Noah Haught","RICH",18,178,0.11235955,0.230337078,0.487804878,0.24025974,0.333333333,0.305194805,0.638528138,0.064935065,5.762903447328442,0.324561403,0.595667582936585,17.511119640801205,-11.687992267873035,0.3182229436723526,59.97141178666855,"Noah Haught","sa3070298",
2026,"Coleman McGinnis","UNCA",22,151,0.086092715,0.165562913,0.52,0.211864406,0.328671328,0.296610169,0.625281497,0.084745763,4.0999822240988735,0.252631578,-0.23883128532906994,14.891875277678684,-9.964979265411182,0.31548185740317497,59.91053796393793,"Coleman McGinnis","sa3059980",
2026,"Brett Vondohlen","MTSU",22,232,0.090517241,0.254310344,0.355932203,0.225490196,0.307359307,0.37745098,0.684810287,0.151960784,3.8310093545765334,0.278571428,-0.41658889409154654,22.973808020914806,-15.613910704289662,0.3161000119143234,59.53657997903081,"Brett Vondohlen","sa3044563",
2026,"Ryan Lee","UCD",,191,0.078534031,0.219895287,0.357142857,0.214285714,0.294736842,0.31547619,0.610213032,0.101190476,2.377831600609892,0.269841269,-0.406981858657673,15.696282820021276,-10.687172232950562,0.2951980606505745,59.49290109467009,"Ryan Lee","sa3036165",
2026,"Cale Clark","ALST",22,187,0.101604278,0.14973262,0.678571428,0.246835443,0.344262295,0.303797468,0.648059763,0.056962025,3.0632504793723463,0.292307692,-0.6484018513001502,18.9614778445564,-13.010027856985502,0.33541839500594006,59.30742837564243,"Cale Clark","sa3069804",
2026,"Drew Lanphere","NCSU",22,160,0.14375,0.1625,0.884615384,0.227272727,0.34375,0.34090909,0.68465909,0.113636363,3.4279479920462537,0.254716981,-0.198080537840724,17.99032567273381,-12.35694052447078,0.3261866524815559,59.28153645151396,"Drew Lanphere","sa3035957",
2026,"DeVante Wells","AAMU",20,159,0.194968553,0.276729559,0.704545454,0.165289256,0.350318471,0.264462809,0.61478128,0.099173553,7.090294149641128,0.246753246,0.1358006806112826,16.114093001597663,-11.070235375649196,0.3353697164043499,59.27714224893294,"DeVante Wells","sa3044988",
2026,"Chris Miller","DART",,113,0.10619469,0.203539823,0.52173913,0.210526315,0.306306306,0.27368421,0.579990516,0.063157895,5.510763021572516,0.260273972,0.25741323456168175,9.43891482343015,-6.4981889695948665,0.2945720118445319,59.2260359599412,"Chris Miller","sa3038039",
2026,"Alex Venezia","JOES",20,181,0.132596685,0.303867403,0.436363636,0.170068027,0.314917127,0.346938775,0.661855902,0.176870748,4.148199766366032,0.206896551,0.016100816894322634,17.568737189357687,-12.122494582945896,0.3168986294809626,59.171466256735314,"Alex Venezia","sa3071528",
2026,"Diego Davis","PAC",19,160,0.0875,0.1375,0.636363636,0.240310077,0.335570469,0.255813953,0.591384422,0.015503876,3.7043764835365653,0.287037037,-0.42803311720490456,13.896593794963806,-9.656994595386537,0.30169242660471257,58.999900841678524,"Diego Davis","sa3058999",
2026,"Cade Campbell","CAL",22,232,0.073275862,0.198275862,0.369565217,0.265402843,0.323275862,0.393364928,0.71664079,0.127962085,3.8235971972736507,0.310559006,-0.24762248620390892,25.91376432333429,-18.089771662612364,0.3254289159487034,58.89018630596035,"Cade Campbell","sa3028321",
2026,"Zach White","NWST",,167,0.101796407,0.203592814,0.5,0.222222222,0.327160493,0.266666666,0.593827159,0.044444444,4.910902025892563,0.278846153,1.0050138770602643,15.207101835180357,-10.64310424191849,0.3002233185150005,58.82777796751336,"Zach White","sa3073837",
2026,"Brooks Henderson IV","UMBC",21,168,0.13095238,0.172619047,0.758620689,0.221374045,0.315151515,0.290076335,0.60522785,0.06870229,3.337549012111391,0.25,-0.8534948602318764,15.26776643393476,-10.730677407999444,0.30053312742348876,58.725693455962194,"Brooks Henderson IV","sa3074304",
2026,"Mike Stellrecht","BING",21,208,0.081730769,0.278846153,0.293103448,0.217142857,0.313432835,0.274285714,0.587718549,0.057142857,4.6635616905799635,0.310344827,-0.3316202834248543,18.899876404897128,-13.288673113688077,0.300517068870032,58.71614809478945,"Mike Stellrecht","sa3043034",
2026,"Zach White","ULM",21,162,0.061728395,0.197530864,0.3125,0.226277372,0.310126582,0.343065693,0.653192275,0.116788321,4.294685519651191,0.273584905,0.04659743793308735,15.54842057282386,-10.99035883491578,0.30856852969036824,58.58754969073445,"Zach White","sa3062697",
2026,"Keegan Knupp","EMU",19,165,0.084848484,0.127272727,0.666666666,0.251748251,0.335403726,0.307692307,0.643096033,0.055944056,4.879720938771209,0.283333333,-0.14299519080668688,16.270092052747394,-11.503312813709593,0.3207819335949347,58.58155357968879,"Keegan Knupp","sa3073740",
2026,"Brayden Evans","LAM",,223,0.085201793,0.210762331,0.404255319,0.219895287,0.3,0.335078534,0.635078534,0.115183247,4.206896904108673,0.262068965,0.04280794970691204,20.211362736505023,-14.307175917345534,0.29975737848065115,58.55219694895872,"Brayden Evans","sa3031060",
2026,"Eric Williams","MVSU",,201,0.124378109,0.208955223,0.595238095,0.233918128,0.343283582,0.298245614,0.641529196,0.064327486,5.376049441687593,0.302325581,1.096364642959088,20.077337245445175,-14.287757118244247,0.33399788212420334,58.423634845767026,"Eric Williams","sa3062923",
2026,"Hunter Meyer","CSUF",19,164,0.06707317,0.25,0.268292682,0.25170068,0.30625,0.292517006,0.598767006,0.040816326,3.542996630983606,0.345794392,-0.006981852697208524,13.190205299963234,-9.463651394735102,0.2931636732071638,58.224987814327115,"Hunter Meyer","sa3070775",
2026,"Ethan Kodama","CAL",21,159,0.119496855,0.283018867,0.422222222,0.228346456,0.356687898,0.291338582,0.64802648,0.062992126,4.357101470516581,0.333333333,-1.546244265511632,17.53399587246975,-12.623599911002312,0.3239787703107117,58.141225840288286,"Ethan Kodama","sa3059711",
2026,"Antonelli Savattere","HOU",,202,0.0990099,0.113861386,0.869565217,0.237804878,0.36,0.268292682,0.628292682,0.030487804,4.101768659811877,0.270833333,0.0819292776286602,21.25042967957372,-15.30681632000094,0.31977915316820144,58.1291864267373,"Antonelli Savattere","sa3060498",
2026,"Austin Jacobs","UCF",20,172,0.104651162,0.191860465,0.545454545,0.251748251,0.347560975,0.307692307,0.655253282,0.055944056,6.521101833811459,0.321100917,0.3550025373697281,18.073379058592383,-13.054572980649407,0.3196549208425894,58.061574483949286,"Austin Jacobs","sa3070417",
2026,"Tualau Wolfgramm","BYU",20,162,0.043209876,0.216049382,0.2,0.277027027,0.30625,0.425675675,0.731925675,0.148648648,6.951321457056764,0.333333333,-0.18037708848714828,17.02250049011424,-12.295686895683263,0.31965428963303566,58.061230955773155,"Tualau Wolfgramm","sa3062701",
2026,"Aiden Dill","HALL",20,150,0.133333333,0.146666666,0.909090909,0.196721311,0.324324324,0.262295081,0.586619405,0.06557377,8.655586450815218,0.227722772,3.6476009665057063,13.043621824973908,-9.484379096037063,0.30288526375551483,57.899597353126154,"Aiden Dill","sa3059056",
2026,"TJ Takats","BGSU",22,184,0.086956521,0.211956521,0.41025641,0.228395061,0.311475409,0.37037037,0.681845779,0.141975309,6.9727466558575735,0.268907563,0.9573699678294361,17.899657843531,-13.071896674214972,0.31945973667290695,57.79386318266626,"TJ Takats","sa3043473",
2026,"Evan Menzel","CONN",20,194,0.087628865,0.164948453,0.53125,0.233532934,0.305263157,0.323353293,0.62861645,0.089820359,5.449887190489012,0.270072992,-0.5726723819971085,16.759413856638343,-12.37680066786918,0.30227503400099903,57.52090355643626,"Evan Menzel","sa3066798",
2026,"Chase Ecker","W&M",19,205,0.082926829,0.253658536,0.326923076,0.244318181,0.32,0.284090909,0.604090909,0.039772728,8.64583333125,0.338582677,4.905677562579513,18.756195865221915,-13.89413651113898,0.3030036124587059,57.445650626214004,"Chase Ecker","sa3070006",
2026,"Zach Mazoch","UTA",22,157,0.114649681,0.178343949,0.642857142,0.207692307,0.331168831,0.292307692,0.623476523,0.084615385,0.97134550875,0.25,-0.11428946163505316,14.628371186028755,-10.844864346612656,0.3141174029994321,57.42643555147894,"Zach Mazoch","sa3037398",
2026,"Brando Leroux","FAU",23,211,0.104265402,0.123222748,0.846153846,0.229411764,0.328431372,0.288235294,0.616666666,0.05882353,6.862936890058175,0.255033557,0.832450095564127,20.173416196144856,-14.973874152861798,0.3072927851302951,57.39678932807122,"Brando Leroux","sa3036246",
2026,"Jonathan Rodriguez","UMES",,162,0.074074074,0.166666666,0.444444444,0.253521126,0.3375,0.316901408,0.654401408,0.063380282,4.098482250375281,0.307017543,0.2574639176018536,16.370171343382637,-12.19991871208306,0.33181178085505963,57.29828401521222,"Jonathan Rodriguez","sa3065950",
2026,"Zac Farrell","ARMY",,138,0.04347826,0.195652173,0.222222222,0.211864406,0.303703703,0.296610169,0.600313872,0.084745763,6.711206446492669,0.255555555,0.38312220852822065,11.70502077607821,-8.73631871671964,0.30117096768485174,57.26151547065822,"Zac Farrell","sa3031173",
2026,"Luke Yuhasz","SC",22,157,0.050955414,0.331210191,0.153846153,0.246575342,0.288461538,0.417808219,0.706269757,0.171232877,3.366535656407052,0.344444444,-0.5431235823780298,16.35376034483591,-12.266848580983487,0.3064260406371875,57.13980575054346,"Luke Yuhasz","sa3045769",
2026,"Miles Vandenheuvel","OSU",21,221,0.104072398,0.235294117,0.442307692,0.205555555,0.330232558,0.288888888,0.619121446,0.083333333,7.274393211406813,0.269841269,0.690268985927105,21.27358163470167,-16.13202767497164,0.30648992754692256,56.872704461467485,"Miles Vandenheuvel","sa3071512",
2026,"William Zareh","LIN",21,209,0.081339712,0.13875598,0.586206896,0.222222222,0.3125,0.338888888,0.651388888,0.116666666,2.5707144102919464,0.234899328,-1.1632235320284963,20.119606196695194,-15.40539877135195,0.30800309347418636,56.63505526541575,"William Zareh","sa3045806",
2026,"Chris Soeder","MVSU",,165,0.078787878,0.284848484,0.276595744,0.234042553,0.321212121,0.368794326,0.690006447,0.134751773,2.64285714,0.308510638,0.06634941603988409,15.941911947340596,-12.268240142255198,0.3309241377946102,56.511258417568556,"Chris Soeder","sa3042710",
2026,"Filip Sarota","LIN",24,210,0.066666666,0.171428571,0.388888888,0.243243243,0.314285714,0.335135135,0.649420849,0.091891892,4.792604062588376,0.284768211,0.03655031183734536,20.105282440333912,-15.589698628038814,0.30746698720114574,56.32523631774118,"Filip Sarota","sa3041576",
2026,"Jamie Zee","ND",20,191,0.109947643,0.335078534,0.328125,0.223602484,0.322751322,0.372670807,0.695422129,0.149068323,6.015331096126249,0.326315789,-0.015388384461402893,20.385477664289688,-15.841571358623293,0.3203584460354356,56.271427604816026,"Jamie Zee","sa3071681",
2026,"Tyshon Patty","JKST",21,199,0.100502512,0.150753768,0.666666666,0.24260355,0.328205128,0.337278106,0.665483234,0.094674556,4.554595600824534,0.278571428,0.682146904990077,19.035150481498498,-14.988002644741277,0.3300182357812539,55.94763780673215,"Tyshon Patty","sa3039550",
2026,"Jace Martinez","SHSU",21,216,0.138888888,0.259259259,0.535714285,0.2259887,0.33490566,0.282485875,0.617391535,0.056497175,8.448205509116693,0.32,1.9990670033730567,20.072600652654405,-15.853896091501479,0.30975321132057115,55.87129965829354,"Jace Martinez","sa3037174",
2026,"Max Ortega","CSUF",,189,0.095238095,0.216931216,0.43902439,0.198757763,0.304812834,0.267080745,0.571893579,0.068322982,0.81994047125,0.25210084,0.12499644653871655,14.584135050975801,-11.523053456938742,0.28937306537985164,55.86252631743375,"Max Ortega","sa3039210",
2026,"Sam Gates","VT",23,221,0.122171945,0.271493212,0.45,0.216216216,0.32718894,0.351351351,0.678540291,0.135135135,6.557422200566783,0.289256198,-0.48708864487707615,23.320092242157386,-18.597069192731453,0.31912378341920916,55.63375821232831,"Sam Gates","sa3032048",
2026,"Ethan Lizama","SC",23,188,0.079787234,0.19680851,0.405405405,0.218181818,0.302702702,0.369696969,0.672399671,0.151515151,3.9312455104095885,0.258064516,-1.1079216375946999,19.060291801319078,-15.211520160808607,0.30346779726647044,55.61506879876031,"Ethan Lizama","sa3036417",
2026,"Riley Ames","MERC",,135,0.111111111,0.266666666,0.416666666,0.212962962,0.338461538,0.296296296,0.634757834,0.083333334,7.317585301837271,0.295774647,2.086468402761966,13.114776124755437,-10.693632254799311,0.32835596066254835,55.08464033243663,"Riley Ames","sa3069489",
2026,"Daniel Contreras","ILL",23,184,0.059782608,0.114130434,0.523809523,0.237804878,0.309392265,0.335365853,0.644758118,0.097560975,5.299107264940152,0.257142857,0.6018124669790268,17.14339663967774,-13.999735093262935,0.3031894419733332,55.047118532221496,"Daniel Contreras","sa3029285",
2026,"Nico Senese","GASO",21,209,0.038277511,0.148325358,0.258064516,0.244791666,0.285024154,0.385416666,0.67044082,0.140625,3.053186741061106,0.264150943,0.025867361575365067,18.773915545442204,-15.464386283061405,0.30203036467234295,54.83308033055775,"Nico Senese","sa3041987",
2026,"Draven Nushida","HAW",22,164,0.06707317,0.115853658,0.578947368,0.239726027,0.302469135,0.280821917,0.583291052,0.04109589,3.373822173037616,0.265625,0.19801800814457238,12.401071396437779,-10.252785298260555,0.2875744343539815,54.741546057983115,"Draven Nushida","sa3038974",
2026,"Colby Thorndyke","CCU",22,205,0.068292682,0.23902439,0.285714285,0.231213872,0.306122448,0.329479768,0.635602216,0.098265896,6.353982426884574,0.298387096,0.5368527714163065,18.305816618120748,-15.277206706488057,0.301466240566604,54.509138266615494,"Colby Thorndyke","sa3060751",
2026,"Marcus Sanders","COPP",23,159,0.113207547,0.226415094,0.5,0.219696969,0.326797385,0.333333333,0.660130718,0.113636364,6.326501809396362,0.287234042,-1.1208196468651295,15.27863867608496,-12.762375637612855,0.32742257406509,54.48675467000301,"Marcus Sanders","sa3041501",
2026,"Michael DiMartini","DUKE",21,192,0.036458333,0.270833333,0.134615384,0.25,0.28125,0.456521739,0.737771739,0.206521739,8.016766067466964,0.300813008,1.440338653512299,19.79478034911456,-16.621939087530947,0.3166503496468067,54.35629747910631,"Michael DiMartini","sa3030355",
2026,"Kyle Branch","OU",21,226,0.119469026,0.146017699,0.818181818,0.222222222,0.324200913,0.312169312,0.636370225,0.08994709,4.685643162502129,0.248366013,-0.9797149989753962,22.279130053812946,-18.919963049595868,0.30048320037589227,54.07674872331005,"Kyle Branch","sa3058713",
2026,"Conlon Walker","GW",21,179,0.072625698,0.20670391,0.351351351,0.246835443,0.301136363,0.367088607,0.66822497,0.120253164,3.0623776580042845,0.289256198,-0.8279824769124389,15.838381767276568,-13.524770095940786,0.30823733149604365,53.939651441564074,"Conlon Walker","sa3044663",
2026,"Krayton Morse","WIU",,209,0.066985645,0.110047846,0.608695652,0.229885057,0.315270935,0.316091954,0.631362889,0.086206897,4.5484870435388896,0.241830065,-0.5728925354778767,19.159350362866796,-16.365654605180346,0.3033257881408842,53.932013183670534,"Krayton Morse","sa3038441",
2026,"Baylor Roberts","UAB",19,222,0.063063063,0.238738738,0.264150943,0.226315789,0.294392523,0.347368421,0.641760944,0.121052632,8.803485111069431,0.284671532,0.7520404094830155,19.779460323239373,-17.20015321931739,0.3002597862314955,53.487471686194986,"Baylor Roberts","sa3071134",
2026,"Ximi Baftiri","EVAN",,151,0.092715231,0.218543046,0.424242424,0.20610687,0.304635761,0.320610687,0.625246448,0.114503817,4.396903036395439,0.25,0.36046361550688744,12.453540842505406,-10.895254705575992,0.29936678006949013,53.33697327924365,"Ximi Baftiri","sa3069533",
2026,"Michael McAloose","NWST",22,171,0.087719298,0.257309941,0.34090909,0.208053691,0.289940828,0.322147651,0.612088479,0.11409396,2.55431611363597,0.269230769,-1.251749730668962,14.079710940081632,-12.389661749642336,0.2906953784135672,53.19246173728819,"Michael McAloose","sa3073756",
2026,"Tommy Markey","FOR",,214,0.06542056,0.18224299,0.358974358,0.235294117,0.314285714,0.310160427,0.624446141,0.07486631,7.04784185316025,0.29054054,1.6666345512494445,18.577279278630183,-16.52727099359615,0.30654906318301245,52.919861199099216,"Tommy Markey","sa3059916",
2026,"Coltin Quagliano","DUKE",23,213,0.084507042,0.17370892,0.486486486,0.258064516,0.338095238,0.306451612,0.64454685,0.048387096,5.20020972345584,0.315436241,-0.7390121966600418,21.258843990309533,-19.140954134719077,0.313290764604296,52.62116390908198,"Coltin Quagliano","sa3040312",
2026,"Vinny Salvione","BGSU",,152,0.039473684,0.184210526,0.214285714,0.25,0.286666666,0.407142857,0.693809523,0.157142857,5.928517841860482,0.281818181,0.4382466422393918,13.384142020862079,-12.20105518944981,0.31025811115900676,52.31205337540926,"Vinny Salvione","sa3041457",
2026,"Taer Rodriguez","DART",22,165,0.066666666,0.175757575,0.379310344,0.202797202,0.285714285,0.279720279,0.565434564,0.076923077,4.5515627712747975,0.238938053,-0.04617372341454029,12.168351050687175,-11.102641213464398,0.28342488389577924,52.28978168426551,"Taer Rodriguez","sa3041018",
2026,"Cam Mallo","PRES",,153,0.098039215,0.124183006,0.789473684,0.234375,0.322147651,0.2734375,0.595585151,0.0390625,3.5114710106477873,0.261261261,0.3648334561730735,13.111448966801735,-12.07463543778601,0.30209972114370975,52.05830630986622,"Cam Mallo","sa3062640",
2026,"Tommy Mathay","QUC",,171,0.076023391,0.192982456,0.393939393,0.242038216,0.304093567,0.305732484,0.609826051,0.063694268,4.41074362873859,0.300813008,0.833176544867456,13.565008329260495,-12.707169560682628,0.296785441058421,51.63259926940858,"Tommy Mathay","sa3070699",
2026,"Noah Burroughs","DEL",,168,0.077380952,0.267857142,0.288888888,0.22,0.291666666,0.366666666,0.658333332,0.146666666,5.653032184797389,0.274509803,-0.3485837965272367,14.346509793313237,-13.596321007696895,0.3019109041917892,51.34236361190224,"Noah Burroughs","sa3069712",
2026,"Casey Cerruto","UNH",,181,0.099447513,0.121546961,0.818181818,0.258064516,0.33519553,0.29032258,0.62551811,0.032258064,3.768529561270734,0.291970802,0.19915990205481648,16.37458598017069,-15.546317106491603,0.32244349092078606,51.297376943613436,"Casey Cerruto","sa3074230",
2026,"Rocco Caballero","SJSU",22,220,0.054545454,0.14090909,0.387096774,0.244791666,0.303738317,0.354166666,0.657904983,0.109375,3.4591400067661207,0.267080745,0.16357096517458558,19.97229381586979,-19.291086652021903,0.30301030272635343,50.86748409807067,"Rocco Caballero","sa3062821",
2026,"Nomar Garcia","INST",,189,0.111111111,0.222222222,0.5,0.226415094,0.322404371,0.257861635,0.580266006,0.031446541,5.834714877549379,0.305084745,-0.37299079447984695,14.8310717647836,-14.393579616589806,0.2953202196809112,50.74849848931411,"Nomar Garcia","sa3066788",
2026,"Jabril Bullock","DSU",,203,0.103448275,0.21182266,0.488372093,0.207317073,0.315,0.359756097,0.674756097,0.152439024,5.00442200325902,0.241935483,-0.552302613388747,18.125004017866374,-17.675787841760396,0.3213975328207016,50.62738301692785,"Jabril Bullock","sa3058768",
2026,"Jackson Harris","SAM",,179,0.106145251,0.212290502,0.5,0.227272727,0.331460674,0.272727272,0.604187946,0.045454545,1.99427223375,0.295652173,-0.39496961887925863,16.242225534010522,-16.024208241414435,0.30390446440557417,50.337839152156526,"Jackson Harris","sa3033286",
2026,"Zeb Swangim","UNCA",,171,0.076023391,0.228070175,0.333333333,0.220689655,0.313253012,0.275862068,0.58911508,0.055172413,3.5825478914077475,0.29906542,-0.4427386827301234,14.160177757959122,-13.988975400109535,0.299110119242266,50.30409859381597,"Zeb Swangim","sa3074436",
2026,"Andrew Swenson","BUCK",,189,0.116402116,0.333333333,0.349206349,0.177631578,0.308108108,0.236842105,0.544950213,0.059210527,5.430882273690737,0.285714285,0.3358830688521266,14.010869181586827,-13.984878384636318,0.2897343039512634,50.046419187215896,"Andrew Swenson","sa3043403",
2026,"Ty Johnson","BAY",23,203,0.098522167,0.162561576,0.606060606,0.218934911,0.331658291,0.284023668,0.615681959,0.065088757,6.994580358887872,0.264705882,-0.8837353922426701,18.317303082021525,-18.420919382897566,0.3045832143357052,49.85898024737726,"Ty Johnson","sa3034822",
2026,"Drew Culbertson","MICH",21,206,0.101941747,0.266990291,0.381818181,0.190184049,0.321428571,0.257668711,0.579097282,0.067484662,6.249102770452078,0.271028037,-1.1221807524561882,17.268133181784783,-17.59863386705097,0.2932078792732589,49.526052007054055,"Drew Culbertson","sa3029657",
2026,"Will Cook","SHU",23,189,0.132275132,0.269841269,0.490196078,0.162162162,0.298913043,0.297297297,0.59621034,0.135135135,5.420373650437621,0.212121212,-0.07399045443162322,14.143705595672282,-14.49250118023142,0.29761118636183115,49.390988500521935,"Will Cook","sa3029312",
2026,"Peyton Steele","ALA",,172,0.116279069,0.28488372,0.408163265,0.22147651,0.313953488,0.302013422,0.61596691,0.080536912,3.4639355712500004,0.31,-0.41906499583274126,15.257815979243587,-16.097246028660464,0.2899765465841737,48.661412231930406,"Peyton Steele","sa3060661",
2026,"Austin Phillips","UTA",21,189,0.052910052,0.248677248,0.212765957,0.24117647,0.295698924,0.34117647,0.636875394,0.1,4.409754297213064,0.311475409,0.2857105443254113,14.853306501459947,-15.811926082420477,0.29889392532328124,48.436960198592395,"Austin Phillips","sa3060263",
2026,"Gabe Pitts","CCSU",21,135,0.066666666,0.133333333,0.5,0.239316239,0.318181818,0.316239316,0.634421134,0.076923077,8.66755482865233,0.28,0.5253869057632983,11.435288831907291,-12.373119547647457,0.3173433628046151,48.03046322797134,"Gabe Pitts","sa3066089",
2026,"Matt Leahy","RID",,214,0.074766355,0.093457943,0.8,0.229946524,0.298076923,0.29946524,0.597542163,0.069518716,7.584762211412843,0.25,0.7598878350108862,15.567021981052626,-16.857042833991777,0.2954373757999677,48.010704610452485,"Matt Leahy","sa3036110",
2026,"Cam McGugan","UNH",,166,0.084337349,0.108433734,0.777777777,0.258503401,0.319018404,0.326530612,0.645549016,0.068027211,2.0265784095731343,0.279069767,-1.145014620386064,13.98194572669888,-15.293578651123996,0.3169208918612427,47.75984725756318,"Cam McGugan","sa3074362",
2026,"Brayden Fraasman","NCSU",22,183,0.071038251,0.229508196,0.309523809,0.25609756,0.302197802,0.371951219,0.674149021,0.115853659,7.915937869042018,0.32,0.17976116202771664,16.496148778704697,-18.213536934348053,0.30342558255562413,47.52606783904482,"Brayden Fraasman","sa3059220",
2026,"Owen Jenkins","UK",19,164,0.030487804,0.213414634,0.142857142,0.241610738,0.302469135,0.315436241,0.617905376,0.073825503,8.211568529767616,0.309734513,1.425516413524747,14.040040591627857,-15.856646439164379,0.2866791343247449,46.96186094856347,"Owen Jenkins","sa3070436",
2026,"Stefan Di Corrado","DART",20,108,0.101851851,0.305555555,0.333333333,0.163043478,0.277777777,0.260869565,0.538647342,0.097826087,4.616348068815613,0.237288135,-0.5368735194206238,7.143738439114363,-8.088183770148484,0.27476271490255993,46.89978284402022,"Stefan Di Corrado","sa3065031",
2026,"Krew Bond","SLU",,153,0.058823529,0.209150326,0.28125,0.21641791,0.283783783,0.358208955,0.641992738,0.141791045,6.3570803902658755,0.252525252,0.2692272514104843,11.753157671384601,-13.344955373711796,0.29646536063503576,46.82884984327897,"Krew Bond","sa3069631",
2026,"Noah Hogan","COPP",20,196,0.178571428,0.244897959,0.729166666,0.17218543,0.338461538,0.218543046,0.557004584,0.046357616,4.401884310758854,0.235849056,-0.2518561175093055,15.952221208945,-18.614060586556707,0.3144071536186414,46.14965909067184,"Noah Hogan","sa3059508",
2026,"Emilio Feliciano","COPP",,171,0.076023391,0.169590643,0.448275862,0.25,0.323529411,0.289473684,0.613003095,0.039473684,3.702016127016516,0.300813008,-2.0009876801632345,13.828582633311877,-16.32873464745747,0.3139468620805179,45.85481694066355,"Emilio Feliciano","sa3074265",
2026,"Jack Smith","MRSH",22,153,0.052287581,0.143790849,0.363636363,0.25,0.289473684,0.321428571,0.610902255,0.071428571,2.941259089601954,0.283333333,-0.5025873854756355,11.397540364366334,-13.666862409609992,0.2857304227195288,45.47301791766642,"Jack Smith","sa3042575",
2026,"Casey Artigues","NICH",24,161,0.093167701,0.130434782,0.714285714,0.205882352,0.299363057,0.25,0.549363057,0.044117648,7.075492813348413,0.239316239,0.13233305420726538,11.296744644742862,-13.624711513418301,0.2774008531479319,45.32939236395084,"Casey Artigues","sa3026245",
2026,"Lucas Franco","TCU",19,147,0.1292517,0.258503401,0.5,0.196721311,0.3125,0.303278688,0.615778688,0.106557377,5.448523128556747,0.25609756,-0.4784567095339298,12.041944866347174,-14.561595539283891,0.2961410693824291,45.26444481727065,"Lucas Franco","sa3070110",
2026,"Jayden Shin","COR",,103,0.067961165,0.174757281,0.388888888,0.191011235,0.272727272,0.269662921,0.542390193,0.078651686,3.9852484400000003,0.228571428,-0.16759365983307362,6.559793122266046,-7.966947503234633,0.27196139879901,45.156675481289916,"Jayden Shin","sa3066966",
2026,"Rylan Evans","PAC",22,171,0.046783625,0.081871345,0.571428571,0.209150326,0.263473053,0.352941176,0.616414229,0.14379085,6.5275859398008285,0.204379562,0.9469594049733132,11.20777619806725,-13.965121394119677,0.2789571142482187,44.523186721046685,"Rylan Evans","sa3031081",
2026,"Alex Espaillat","ALST",20,215,0.088372093,0.232558139,0.38,0.239583333,0.309859154,0.3125,0.622359154,0.072916667,5.2822214153805245,0.316901408,-0.590008822735399,16.224285579125965,-20.53439744671098,0.3110355726430114,44.13728742055922,"Alex Espaillat","sa3066311",
2026,"Sheehan OConnor","NJIT",23,146,0.047945205,0.349315068,0.137254901,0.22047244,0.285714285,0.259842519,0.545556804,0.039370079,3.490015317072312,0.363636363,-0.6009767279028893,9.970516908565935,-12.623368811210218,0.27597696483135226,44.12927033546453,"Sheehan OConnor","sa3039036",
2026,"Brendan Burke","NORF",,153,0.098039215,0.222222222,0.44117647,0.204724409,0.306666666,0.330708661,0.637375327,0.125984252,3.4849624025,0.247311827,-0.2696560719050467,11.644265831378704,-15.338596998783345,0.3097309633096059,43.15430095268647,"Brendan Burke","sa3028057",
2026,"Connor Jones","GW",,156,0.115384615,0.108974358,1.058823529,0.192,0.304054054,0.272,0.576054054,0.08,6.95004101731694,0.211009174,-0.6398074934259057,11.042827410495956,-14.547405498229782,0.2903791573402044,43.15250841945476,"Connor Jones","sa3070457",
2026,"John Lawson","PV",20,136,0.058823529,0.220588235,0.266666666,0.233333333,0.303030303,0.325,0.628030303,0.091666667,5.499425913580776,0.295454545,-0.28473604936152697,9.961164312081674,-13.290839834494253,0.30895049463618884,42.84002466750182,"John Lawson","sa3036077",
2026,"Luke Spencer","FAIR",,154,0.116883116,0.363636363,0.321428571,0.158333333,0.306122448,0.208333333,0.514455781,0.05,3.398895459411057,0.28125,-1.5700216186232865,9.475119177513653,-13.858086343593067,0.2837786532583691,40.607876054332365,"Luke Spencer","sa3071349",
2026,"Clay Badylak","MTSU",23,190,0.110526315,0.126315789,0.875,0.194968553,0.302702702,0.251572327,0.554275029,0.056603774,5.424790981774876,0.222222222,0.20607948070392013,12.562624868843569,-19.039386156108364,0.2818420867662172,39.752612132577646,"Clay Badylak","sa3026383",
2026,"Miguel Correa Jr.","CMU",19,187,0.09090909,0.208556149,0.435897435,0.219354838,0.303867403,0.270967741,0.574835144,0.051612903,7.017435945120814,0.280991735,-1.4423210248351097,12.437343723770189,-19.039181791547726,0.288774077075621,39.513076872851194,"Miguel Correa Jr.","sa3069856",
2026,"Drew Canody","GMU",22,164,0.054878048,0.231707317,0.236842105,0.208333333,0.2875,0.291666666,0.579166666,0.083333333,7.415705247783959,0.269230769,2.216535775922239,10.515684839371428,-16.38686770569922,0.28365043438971044,39.088056130563025,"Drew Canody","sa3058806",
2026,"Ethan Brittain","UNCG",,190,0.07368421,0.221052631,0.333333333,0.228395061,0.298913043,0.265432098,0.564345141,0.037037037,5.107351562151777,0.298387096,-2.320426491089165,12.242626650791145,-22.00666059686663,0.2768790955128877,35.745639207801,"Ethan Brittain","sa3069671",
2026,"Brandon ONeill","CCSU",20,157,0.05732484,0.27388535,0.209302325,0.248275862,0.288461538,0.344827586,0.633289124,0.096551724,5.462475103850768,0.333333333,0.3449199409224093,9.896099389239387,-17.792197763279837,0.2981578623637175,35.74109066631058,"Brandon ONeill","sa3066333",
2026,"Aryan Patel","CIT",,221,0.095022624,0.23076923,0.411764705,0.203296703,0.3,0.247252747,0.547252747,0.043956044,7.899916482427978,0.278195488,1.5866308249533176,13.950290390467176,-25.887038460755814,0.2755317307653881,35.018136990474716,"Aryan Patel","sa3039525",
2026,"Dylan Schaefer","QUC",22,188,0.079787234,0.372340425,0.214285714,0.158227848,0.277173913,0.253164556,0.530338469,0.094936708,6.775931552664584,0.275862068,-0.3522628836799413,10.065783786310185,-18.818248045907985,0.26980358491773193,34.848956838091034,"Dylan Schaefer","sa3041656",
2026,"Preston Yaucher","PSU",19,180,0.016666666,0.227777777,0.073170731,0.232558139,0.25698324,0.325581395,0.582564635,0.093023256,6.797553614281183,0.292307692,-0.393403559923172,10.118457419014604,-20.347649711036055,0.263713946222593,33.212176980215915,"Preston Yaucher","sa3071671",
2026,"Kareh Valentin","UNO",,192,0.052083333,0.177083333,0.294117647,0.224137931,0.269841269,0.258620689,0.528461958,0.034482758,4.497473823273387,0.267605633,-0.4915428087115288,9.774494733016542,-19.945502672989317,0.2563665398844966,32.888612335616486,"Kareh Valentin","sa3060814",
2026,"Maddox Mihalakis","ARIZ",22,224,0.075892857,0.227678571,0.333333333,0.211055276,0.276785714,0.316582914,0.593368628,0.105527638,5.416839178756413,0.264900662,-0.7554755061864853,13.215039197190144,-27.323689039961955,0.27286836025970324,32.59855395532388,"Maddox Mihalakis","sa3037994",
2026,"Austin Neuweg","SLU",23,195,0.097435897,0.241025641,0.404255319,0.182352941,0.269430051,0.3,0.569430051,0.117647059,3.379122281227281,0.229508196,0.044707356952130795,10.350088891378448,-21.637702244528725,0.2725060955848101,32.35637261542635,"Austin Neuweg","sa3038791",
2026,"Kydese Queen","NORF",,191,0.073298429,0.157068062,0.466666666,0.222891566,0.29787234,0.277108433,0.574980773,0.054216867,3.6857022878953076,0.26618705,-3.591368734370917,10.880325426913476,-22.80416346564176,0.29278691017881353,32.30069917824458,"Kydese Queen","sa3040321",
2026,"Harry Carr","DEL",,178,0.146067415,0.258426966,0.565217391,0.166666666,0.288135593,0.233333333,0.521468926,0.066666667,5.459210906738685,0.23076923,1.000518398359418,9.364883940951437,-20.24121059821406,0.2677797543800483,31.631608581681586,"Harry Carr","sa3058818",
2026,"Mason Pilarski","WMU",19,210,0.085714285,0.233333333,0.367346938,0.20338983,0.287128712,0.24858757,0.535716282,0.04519774,4.11398800267285,0.27480916,-0.306292069144547,10.531829492177389,-24.816140337858773,0.2724610962490044,29.79472242060193,"Mason Pilarski","sa3071012",
2026,"AJ Anderson","AAMU",22,201,0.064676616,0.144278606,0.448275862,0.222222222,0.281407035,0.294444444,0.575851479,0.072222222,6.07633181809017,0.25490196,0.394193712156266,9.613647547521907,-24.751446816167515,0.2850581407546997,27.97503608102937,"AJ Anderson","sa3064986",
2026,"Sam Ardoin","NWST",21,210,0.08095238,0.29047619,0.278688524,0.177419354,0.251207729,0.231182795,0.482390524,0.053763441,6.216068485861755,0.253968253,-0.8338521821424365,7.374961790841304,-25.131285371977604,0.23911951273535761,22.687829062214497,"Sam Ardoin","sa3026161",
2026,"Jaryn Sample","DSU",,176,0.079545454,0.198863636,0.4,0.197452229,0.274285714,0.286624203,0.560909917,0.089171974,3.968117743075568,0.233333333,-1.31105313077569,6.679239839802829,-24.35987034391299,0.27595477410725183,21.5187864609179,"Jaryn Sample","sa3041465",
2026,"Jacob Bowman","WES",22,157,0.089171974,0.305732484,0.291666666,0.175572519,0.264900662,0.213740458,0.47864112,0.038167939,6.624985046730018,0.26744186,0.2627902599051595,4.945580647699947,-19.175658701546077,0.24674064039394555,20.503012204696418,"Jacob Bowman","sa3065003",
2026,"Christian Holmes","MILW",22,208,0.0625,0.269230769,0.232142857,0.187165775,0.245098039,0.294117647,0.539215686,0.106951872,7.358356399141833,0.251908396,-0.20044912723824382,5.7033917640663585,-26.947433259584763,0.25150851145678876,17.467833538463484,"Christian Holmes","sa3059514",
2026,"Nolan Zajac","WMU",20,166,0.06626506,0.28313253,0.234042553,0.166666666,0.258064516,0.188405797,0.446470313,0.021739131,4.257225029192133,0.252747252,0.0005041840486228466,2.7088900243670815,-25.232838507947218,0.2387218533023711,9.694783274536077,"Nolan Zajac","sa3061003",