Season,Name,Team,Age,G,AB,PA,H,1B,2B,3B,HR,R,RBI,BB,SO,HBP,SF,SH,GDP,SB,CS,AVG,NameASCII,PlayerId,MLBAMID
2026,"Tanner Mally","WMU",21,50,195,243,87,73,12,2,0,58,19,24,13,23,0,1,0,19,6,0.446153846,"Tanner Mally","sa3036924",
2026,"Jack Cannon","LEM",21,47,196,225,86,56,19,1,10,61,64,25,28,2,1,1,2,51,4,0.43877551,"Jack Cannon","sa3028366",
2026,"Jarren Advincula","GT",21,61,256,300,111,83,16,2,10,74,66,30,16,9,3,2,3,16,2,0.43359375,"Jarren Advincula","sa3025789",
2026,"Michael Rodriguez","BCU",20,54,154,218,65,49,11,3,2,53,40,40,24,20,2,2,2,18,6,0.422077922,"Michael Rodriguez","sa3041003",
2026,"KJ White","SOU",21,49,190,225,80,71,7,1,1,46,33,20,17,7,3,5,0,32,8,0.421052631,"KJ White","sa3045121",
2026,"Zion Rose","LOU",21,36,144,173,60,40,13,1,6,44,47,19,15,6,4,0,3,24,3,0.416666666,"Zion Rose","sa3041154",
2026,"Patrick McCullough","WES",,54,224,240,93,67,17,2,7,45,37,14,30,0,2,0,4,7,2,0.415178571,"Patrick McCullough","sa3059963",
2026,"Michael Gibson","CIT",,50,147,177,60,39,15,0,6,37,42,17,26,6,3,4,3,12,2,0.408163265,"Michael Gibson","sa3032191",
2026,"Lukas Torres","WAG",24,53,202,265,82,66,13,3,0,65,37,52,10,6,3,2,2,17,2,0.405940594,"Lukas Torres","sa3043970",
2026,"Miller Durham","UTU",21,45,175,209,71,51,10,0,10,40,43,23,25,8,2,1,7,2,2,0.405714285,"Miller Durham","sa3069992",
2026,"Jackson McKenzie","FAMU",22,45,131,164,53,24,15,2,12,36,53,26,34,6,1,0,4,1,1,0.404580152,"Jackson McKenzie","sa3037662",
2026,"Mikey Cruz Jr","NEV",,39,149,173,60,37,13,2,8,30,42,14,16,7,2,1,6,1,0,0.402684563,"Mikey Cruz Jr","sa3069887",
2026,"Tyree Reed","JKST",23,53,187,256,75,50,14,2,9,63,41,48,39,12,4,5,4,10,4,0.401069518,"Tyree Reed","sa3071087",
2026,"Alex Fernandes","SJSU",23,51,192,248,77,47,17,6,7,58,39,42,27,12,2,0,0,15,3,0.401041666,"Alex Fernandes","sa3031256",
2026,"Jorsixt Jimenez","TNTC",23,52,202,238,81,41,16,4,20,55,69,23,38,11,2,0,3,6,4,0.400990099,"Jorsixt Jimenez","sa3059598",
2026,"Landon Hairston","ASU",20,59,235,291,94,44,20,2,28,82,81,44,27,10,2,0,8,11,4,0.4,"Landon Hairston","sa3065050",
2026,"Vahn Lackey","GT",20,61,219,283,87,48,16,3,20,85,78,50,38,10,4,0,8,15,1,0.397260273,"Vahn Lackey","sa3035829",
2026,"Titan Kamaka","MER",23,55,206,243,81,49,22,3,7,42,47,29,36,5,2,1,3,5,3,0.393203883,"Titan Kamaka","sa3035045",
2026,"Brayden Bakes","ILST",21,57,234,276,92,52,22,2,16,55,52,38,37,3,1,0,2,7,1,0.393162393,"Brayden Bakes","sa3058541",
2026,"Owen Hull","UNC",21,69,262,324,103,65,27,2,9,60,87,48,49,11,3,0,5,18,5,0.39312977,"Owen Hull","sa3034286",
2026,"Blake Primrose","JOES",20,54,207,263,81,36,18,3,24,78,72,48,55,4,4,0,0,2,0,0.391304347,"Blake Primrose","sa3060307",
2026,"Marcus Dierks","M-OH",,55,203,282,79,65,11,3,0,72,32,43,34,21,1,14,0,40,4,0.389162561,"Marcus Dierks","sa3069953",
2026,"Chris Ramirez","CBU",20,59,252,292,98,67,22,2,7,71,42,29,18,5,6,0,7,21,7,0.388888888,"Chris Ramirez","sa3060331",
2026,"Aubrey Kearns","MORE",20,55,217,255,84,58,13,1,12,59,59,32,43,4,2,0,4,3,1,0.387096774,"Aubrey Kearns","sa3059652",
2026,"Lorenzo Carrier","PITT",23,57,199,268,77,40,15,2,20,67,69,57,62,9,3,0,6,6,0,0.386934673,"Lorenzo Carrier","sa3028498",
2026,"Chris Katz","MER",23,59,220,286,85,43,18,1,23,82,74,51,26,10,5,0,5,2,2,0.386363636,"Chris Katz","sa3035116",
2026,"Tommy Harrison","M-OH",22,54,215,272,83,50,16,0,17,58,85,41,33,14,2,0,3,4,3,0.386046511,"Tommy Harrison","sa3033306",
2026,"TJ Grines","UTM",,55,241,269,93,59,21,3,10,75,56,17,29,8,3,0,4,66,8,0.385892116,"TJ Grines","sa3062843",
2026,"Andrew Detlefsen","UTSA",22,57,249,280,96,58,22,2,14,66,70,14,49,14,3,0,7,5,0,0.385542168,"Andrew Detlefsen","sa3059047",
2026,"Diego Cruz","M-OH",,52,192,229,74,46,19,2,7,58,47,16,42,16,3,2,0,23,5,0.385416666,"Diego Cruz","sa3073548",
2026,"Caleb Wulf","IOWA",22,56,231,257,89,71,15,0,3,46,49,14,13,8,1,3,7,3,2,0.385281385,"Caleb Wulf","sa3060976",
2026,"Ryland Duson","PV",19,50,190,222,73,51,13,2,7,40,45,26,32,2,4,0,2,5,5,0.384210526,"Ryland Duson","sa3069996",
2026,"Carson Kerce","GT",21,61,237,278,91,47,29,4,11,70,51,34,37,6,0,1,9,2,0,0.383966244,"Carson Kerce","sa3035297",
2026,"Danny MacDougall","DAY",,54,224,272,86,49,24,1,12,70,43,32,53,11,2,3,1,34,8,0.383928571,"Danny MacDougall","sa3070647",
2026,"Brady Christman","GASO",19,46,146,177,56,35,5,4,12,41,44,28,47,1,2,0,4,3,0,0.383561643,"Brady Christman","sa3069795",
2026,"Diego Castellanos","SMC",21,62,251,294,96,67,21,2,6,61,50,31,33,5,1,6,6,8,2,0.382470119,"Diego Castellanos","sa3028606",
2026,"Gavin Kelly","WVU",20,63,251,305,96,52,21,4,19,70,63,43,45,6,4,1,5,5,7,0.382470119,"Gavin Kelly","sa3059657",
2026,"Evan Bottone","MRSH",21,54,215,259,82,59,13,2,8,57,41,23,30,16,1,4,2,11,1,0.381395348,"Evan Bottone","sa3027438",
2026,"Rett Johnson","NCSU",20,54,197,247,75,64,10,0,1,53,31,42,17,3,3,2,1,14,2,0.380710659,"Rett Johnson","sa3073966",
2026,"JP Pennella","UNCW",20,55,200,241,76,67,9,0,0,36,17,27,44,5,1,8,4,17,5,0.38,"JP Pennella","sa3070984",
2026,"Byron Robinson","TXSO",,45,158,207,60,39,9,2,10,41,45,40,39,7,2,0,0,3,0,0.379746835,"Byron Robinson","sa3071139",
2026,"Mikey Bell","GONZ",22,54,224,261,85,52,24,0,9,52,47,27,37,7,3,0,8,4,1,0.379464285,"Mikey Bell","sa3058608",
2026,"Daniel Jackson","UGA",21,67,264,319,100,53,14,1,32,88,87,44,64,7,4,0,6,26,2,0.378787878,"Daniel Jackson","sa3065812",
2026,"Braeden Schnabel","PAC",22,44,148,167,56,34,18,1,3,35,29,14,32,2,1,2,6,1,0,0.378378378,"Braeden Schnabel","sa3060518",
2026,"Paulie Goodness","LEM",,45,172,223,65,53,10,1,1,50,24,31,30,15,3,2,1,40,6,0.377906976,"Paulie Goodness","sa3059326",
2026,"Chase Swain","LAS",23,54,217,264,82,54,14,5,9,63,43,34,45,12,1,0,2,19,2,0.377880184,"Chase Swain","sa3043367",
2026,"Rayner Heinrich","TAR",20,55,220,253,83,45,22,4,12,51,63,19,39,10,3,1,4,12,2,0.377272727,"Rayner Heinrich","sa3065322",
2026,"Cole Howarth","CBU",23,49,146,165,55,41,11,0,3,25,35,14,37,0,4,1,4,3,1,0.376712328,"Cole Howarth","sa3034159",
2026,"Jackson Trout","OMA",,47,194,220,73,47,15,2,9,40,46,20,28,3,3,0,2,9,2,0.376288659,"Jackson Trout","sa3044083",
2026,"Jonathan Gomez","FDU",,53,218,280,82,51,21,0,10,78,51,37,41,21,4,0,2,12,2,0.376146788,"Jonathan Gomez","sa3059318",
2026,"Joseph Mennella","WAG",20,53,189,240,71,51,5,1,14,46,67,43,42,4,4,0,1,4,1,0.375661375,"Joseph Mennella","sa3037871",
2026,"Mark Quatrani","ND",21,53,213,254,80,54,10,1,15,53,66,24,45,12,5,0,4,1,1,0.375586854,"Mark Quatrani","sa3040317",
2026,"Derek Williams","MIA",23,59,213,265,80,49,15,0,16,57,69,31,44,13,7,1,5,10,6,0.375586854,"Derek Williams","sa3045281",
2026,"Logan Hughes","TTU",21,55,200,257,75,40,16,1,18,68,70,50,33,6,1,0,3,3,0,0.375,"Logan Hughes","sa3034267",
2026,"Jackson Marshall","CONN",19,57,224,271,84,47,22,1,14,49,59,38,36,7,2,0,6,1,1,0.375,"Jackson Marshall","sa3070685",
2026,"Enzo Infelise","CIN",19,59,227,256,85,65,10,0,10,38,48,17,54,11,1,0,8,2,0,0.374449339,"Enzo Infelise","sa3070407",
2026,"Drew Barragan","UNLV",24,53,211,251,79,45,15,6,13,60,60,28,50,8,3,1,4,3,0,0.374407582,"Drew Barragan","sa3058557",
2026,"Jake Long","UTAH",21,51,211,247,79,50,16,2,11,48,58,25,31,5,4,2,5,5,2,0.374407582,"Jake Long","sa3059837",
2026,"Eli Stephens","MER",20,54,187,227,70,41,8,1,20,48,64,35,55,3,2,0,2,1,1,0.37433155,"Eli Stephens","sa3065852",
2026,"Caden Ferraro","TTU",21,52,187,233,70,43,19,0,8,44,45,39,36,3,4,0,3,1,1,0.37433155,"Caden Ferraro","sa3070075",
2026,"Chris Chavez","TXSO",,42,155,211,58,49,7,1,1,44,39,29,19,19,4,4,0,5,2,0.374193548,"Chris Chavez","sa3069788",
2026,"Andreaus Lewis II","MAN",23,47,174,200,65,41,13,1,10,31,40,24,24,0,2,0,0,3,1,0.373563218,"Andreaus Lewis II","sa3036289",
2026,"Alex Kelsey","JOES",20,56,217,268,81,61,14,3,3,62,35,31,27,19,1,0,3,22,4,0.373271889,"Alex Kelsey","sa3059661",
2026,"Troy Sudbrook","TOL",22,60,236,288,88,43,32,2,11,65,71,30,40,15,4,3,1,13,5,0.372881355,"Troy Sudbrook","sa3043296",
2026,"Nick Fox","CCSU",,31,102,124,38,25,9,2,2,18,22,15,18,2,4,1,3,1,1,0.372549019,"Nick Fox","sa3075639",
2026,"Garrett Larsen","YALE",21,46,188,223,70,49,16,2,3,49,32,14,18,16,0,5,1,27,4,0.372340425,"Garrett Larsen","sa3035994",
2026,"AJ Swader","BELL",23,53,207,244,77,43,20,3,11,44,59,28,19,6,3,0,6,2,1,0.371980676,"AJ Swader","sa3071409",
2026,"Logan Tribble","WOF",23,56,199,250,74,56,16,1,1,47,46,37,35,7,3,4,3,14,1,0.371859296,"Logan Tribble","sa3044050",
2026,"Caleb Koskie","IU",21,45,148,182,55,38,11,0,6,28,42,19,23,9,4,2,2,2,0,0.371621621,"Caleb Koskie","sa3065341",
2026,"Tracer Lopez","TTU",22,55,216,264,80,55,21,3,1,57,39,30,37,0,9,9,4,6,2,0.37037037,"Tracer Lopez","sa3036555",
2026,"Reece Moroney","URI",21,57,243,272,90,67,19,1,3,47,50,24,46,2,3,0,4,9,3,0.37037037,"Reece Moroney","sa3038389",
2026,"Aaron Grant","UAPB",20,54,189,234,70,46,14,2,8,50,54,27,31,7,10,1,0,6,1,0.37037037,"Aaron Grant","sa3070206",
2026,"Thomas Ealey","NORF",20,51,200,225,74,67,4,3,0,48,20,19,29,2,2,2,1,35,6,0.37,"Thomas Ealey","sa3070003",
2026,"Javier Gorostola","FGCU",,54,219,255,81,53,14,1,13,46,57,22,21,9,5,0,8,1,0,0.369863013,"Javier Gorostola","sa3032506",
2026,"Andrew Gauna","USD",,49,184,223,68,45,16,1,6,35,51,24,32,10,5,0,3,8,3,0.369565217,"Andrew Gauna","sa3032060",
2026,"Dylan Immel","WAG",,50,184,219,68,48,18,1,1,39,47,25,24,4,3,3,1,11,0,0.369565217,"Dylan Immel","sa3070406",
2026,"Travis Sanders","BAY",22,54,222,260,82,55,15,3,9,49,44,35,64,2,1,0,4,24,6,0.369369369,"Travis Sanders","sa3041511",
2026,"Trevor Goldenetz","LBSU",,32,111,146,41,38,2,1,0,26,12,20,16,8,2,5,0,10,5,0.369369369,"Trevor Goldenetz","sa3070180",
2026,"Caden Miller","UTSA",20,58,206,278,76,43,22,2,9,68,56,53,36,14,5,0,4,13,3,0.368932038,"Caden Miller","sa3060038",
2026,"Eric Weeks","CAN",,35,114,138,42,25,10,2,5,25,34,11,21,7,4,2,1,3,0,0.368421052,"Eric Weeks","sa3044937",
2026,"Andrew Duncan","WRST",,54,215,243,79,54,11,8,6,44,36,21,46,5,0,2,4,19,3,0.36744186,"Andrew Duncan","sa3030651",
2026,"Luke Nixon","NCSU",21,56,215,257,79,51,16,3,9,59,45,31,36,4,2,5,5,11,5,0.36744186,"Luke Nixon","sa3038891",
2026,"Case Sanderson","NEB",22,60,226,287,83,58,17,2,6,60,49,41,67,16,4,0,2,5,1,0.367256637,"Case Sanderson","sa3041494",
2026,"Tristan Curless","ETSU",,53,207,247,76,47,13,1,15,49,63,32,43,6,2,0,4,1,1,0.367149758,"Tristan Curless","sa3029708",
2026,"Miguel Oropeza","ALST",,57,221,275,81,49,19,1,12,57,67,29,33,18,7,0,0,5,0,0.366515837,"Miguel Oropeza","sa3070922",
2026,"Miguel Morales","TXSO",21,40,131,169,48,42,4,1,1,30,33,28,10,6,1,3,1,8,5,0.366412213,"Miguel Morales","sa3060082",
2026,"Colby Turner","MICH",21,57,232,264,85,53,18,0,14,57,55,22,29,7,3,0,5,10,3,0.36637931,"Colby Turner","sa3044160",
2026,"Nu'u Contrades","ASU",22,53,202,228,74,37,15,1,21,48,61,20,28,5,1,0,9,10,0,0.366336633,"Nu'u Contrades","sa3029287",
2026,"Cole Hansen","CBU",21,52,205,223,75,54,13,1,7,30,45,12,36,2,3,1,2,2,0,0.365853658,"Cole Hansen","sa3070268",
2026,"Ashton Kampa","UIC",,50,186,214,68,33,17,0,18,46,50,15,20,8,5,0,4,4,1,0.365591397,"Ashton Kampa","sa3070478",
2026,"Kade Dupont","ULM",,52,178,225,65,47,15,0,3,43,34,19,16,22,2,4,5,7,4,0.365168539,"Kade Dupont","sa3030683",
2026,"Thomas Zwirecki","CAN",,45,159,200,58,40,11,1,6,30,47,31,27,7,3,0,2,3,1,0.364779874,"Thomas Zwirecki","sa3045894",
2026,"Jake Evans","LBSU",20,36,118,150,43,28,12,0,3,21,16,14,20,15,2,1,3,4,2,0.364406779,"Jake Evans","sa3059152",
2026,"Kelvin Agosto","GWEB",,55,206,234,75,51,14,0,10,48,55,23,22,3,2,0,5,15,9,0.364077669,"Kelvin Agosto","sa3058465",
2026,"Jon Embury","FGCU",20,52,220,254,80,50,13,0,17,52,60,20,40,9,5,0,6,2,0,0.363636363,"Jon Embury","sa3059130",
2026,"John Beverley","GAST",20,56,209,243,76,64,6,2,4,47,42,20,41,3,3,8,3,35,6,0.363636363,"John Beverley","sa3065777",
2026,"Jamison Howland","STO",,37,143,163,52,38,10,1,3,29,29,16,30,4,0,0,6,9,5,0.363636363,"Jamison Howland","sa3070379",
2026,"Landon Lowe","BRAD",23,56,198,238,72,47,20,0,5,40,39,20,41,14,2,4,3,9,5,0.363636363,"Landon Lowe","sa3070632",
2026,"Steven Smith","APP",23,47,190,223,69,44,18,1,6,48,50,12,24,17,4,0,1,4,1,0.363157894,"Steven Smith","sa3071325",
2026,"Nick Zampieron","STBK",,47,179,212,65,57,7,1,0,40,25,16,24,11,4,2,2,27,7,0.363128491,"Nick Zampieron","sa3066104",
2026,"Davis Mauzy","ULM",,55,215,259,78,59,12,3,4,51,39,27,44,12,2,3,3,10,5,0.362790697,"Davis Mauzy","sa3059948",
2026,"Rickey Sanchez","GONZ",25,51,193,234,70,51,13,2,4,42,34,36,28,3,2,0,3,0,0,0.3626943,"Rickey Sanchez","sa3071211",
2026,"Bino Watters","ND",20,53,218,253,79,48,18,3,10,46,51,27,37,7,1,0,2,5,2,0.362385321,"Bino Watters","sa3060882",
2026,"Mason Roell","INST",,45,163,202,59,37,11,1,10,45,47,23,36,14,2,0,1,9,3,0.36196319,"Mason Roell","sa3066489",
2026,"Matthew Priest","WSU",20,45,152,174,55,41,8,2,4,27,38,10,32,8,3,1,0,5,2,0.361842105,"Matthew Priest","sa3071042",
2026,"Jet Gilliam","UTAH",21,51,188,225,68,54,8,0,6,41,36,27,41,4,3,3,8,10,1,0.361702127,"Jet Gilliam","sa3059299",
2026,"Braden Burress","ECU",20,63,249,300,90,70,13,4,3,72,32,39,27,8,2,2,5,12,3,0.361445783,"Braden Burress","sa3058778",
2026,"Jose Fernandez","BCU",21,47,166,191,60,36,12,0,12,38,52,8,29,14,3,0,3,7,4,0.361445783,"Jose Fernandez","sa3059176",
2026,"Hunter Warren","WRST",21,55,227,268,82,61,12,1,8,50,41,27,23,8,6,0,3,15,7,0.36123348,"Hunter Warren","sa3060873",
2026,"Graham Mastros","ILST",,53,216,249,78,48,14,2,14,46,48,22,66,5,4,2,3,12,3,0.361111111,"Graham Mastros","sa3037272",
2026,"Jake Wrubleski","GONZ",22,41,133,157,48,30,13,0,5,34,26,16,33,5,1,2,1,3,0,0.360902255,"Jake Wrubleski","sa3066870",
2026,"Ian McCubbin","MORE",21,45,175,192,63,36,11,3,13,34,55,12,47,4,0,1,8,3,1,0.36,"Ian McCubbin","sa3070737",
2026,"Nick Hockemeyer","UAPB",,48,125,163,45,37,7,0,1,34,31,28,16,6,3,1,3,7,2,0.36,"Nick Hockemeyer","sa3074308",
2026,"Nin Burns II","UNLV",24,54,189,233,68,40,15,3,10,54,55,29,40,9,6,0,4,7,1,0.359788359,"Nin Burns II","sa3028090",
2026,"Gable Mitchell","IOWA",22,56,228,270,82,57,15,5,5,59,43,31,18,9,2,0,2,14,4,0.359649122,"Gable Mitchell","sa3038166",
2026,"Charlie Scholvin","TOL",21,61,228,293,82,57,18,2,5,68,50,29,21,31,3,2,5,25,4,0.359649122,"Charlie Scholvin","sa3041760",
2026,"Dylan Winebrenner","RICH",24,57,217,267,78,49,12,1,16,60,58,26,43,21,2,1,7,9,7,0.359447004,"Dylan Winebrenner","sa3045442",
2026,"Logan Fyffe","MOST",20,53,206,230,74,44,21,0,9,49,43,11,23,11,2,0,9,6,1,0.3592233,"Logan Fyffe","sa3059252",
2026,"Charlie Evans","APP",22,51,159,190,57,42,9,4,2,37,30,14,23,8,4,5,2,10,2,0.358490566,"Charlie Evans","sa3031065",
2026,"Kyeler Thompson","TTU",21,51,212,254,76,56,15,2,3,55,25,25,33,12,0,5,3,26,6,0.358490566,"Kyeler Thompson","sa3060747",
2026,"Cade Sanchez","AMCC",23,47,173,202,62,47,11,0,4,28,31,18,28,9,2,0,5,11,1,0.358381502,"Cade Sanchez","sa3041473",
2026,"Chipper Beck","UVU",,53,187,222,67,47,14,2,4,32,36,22,36,9,3,1,4,6,3,0.35828877,"Chipper Beck","sa3026831",
2026,"Drew Burress","GT",21,61,254,311,91,50,22,3,16,82,60,49,43,7,1,0,3,10,4,0.358267716,"Drew Burress","sa3028100",
2026,"Jake Russo","UNH",21,42,148,188,53,36,13,2,2,37,19,19,26,17,3,1,0,10,1,0.358108108,"Jake Russo","sa3074414",
2026,"Peyton Woods","SELA",,51,162,199,58,41,11,0,6,42,27,19,39,15,2,1,5,0,0,0.358024691,"Peyton Woods","sa3045563",
2026,"Ben Cleary","SCU",21,49,176,211,63,48,10,0,5,39,30,24,24,7,1,3,6,8,2,0.357954545,"Ben Cleary","sa3029013",
2026,"Michael Anderson","PSU",22,50,190,232,68,36,11,1,20,43,53,23,30,18,1,0,5,2,0,0.357894736,"Michael Anderson","sa3026065",
2026,"Zak Skinner","UCF",24,54,207,240,74,58,8,2,6,41,41,24,35,6,2,1,3,2,0,0.357487922,"Zak Skinner","sa3042401",
2026,"Hogan Denny","IU",20,51,207,248,74,42,18,0,14,63,44,28,32,10,3,0,3,11,3,0.357487922,"Hogan Denny","sa3059037",
2026,"Dee Kennedy","KSU",21,57,221,272,79,39,17,3,20,70,69,38,50,8,4,1,1,22,4,0.357466063,"Dee Kennedy","sa3035263",
2026,"Rylan Lujo","UGA",21,60,221,255,79,48,16,1,14,59,49,19,22,11,4,0,0,13,1,0.357466063,"Rylan Lujo","sa3059868",
2026,"Quade Peters","EIU",23,48,140,172,50,45,3,2,0,33,24,21,19,2,2,7,0,14,0,0.357142857,"Quade Peters","sa3039791",
2026,"Ryan Tayman","CP",20,63,238,286,85,47,19,1,18,53,57,31,50,11,4,2,5,1,1,0.357142857,"Ryan Tayman","sa3043594",
2026,"Landon Akers","BELL",21,52,224,254,80,56,15,2,7,56,40,19,20,7,2,2,3,13,2,0.357142857,"Landon Akers","sa3058469",
2026,"Alex Conover","OKST",20,58,224,277,80,50,14,2,14,64,37,44,44,7,0,2,1,16,4,0.357142857,"Alex Conover","sa3065515",
2026,"Wyatt Wawro","NIU",,52,168,224,60,49,8,2,1,51,24,39,29,8,3,6,0,5,4,0.357142857,"Wyatt Wawro","sa3071567",
2026,"Lane Arroyos","WKU",21,55,213,260,76,44,24,1,7,43,53,43,49,3,1,0,3,5,0,0.356807511,"Lane Arroyos","sa3069514",
2026,"Cam Pruitt","LIP",21,55,213,236,76,52,18,4,2,29,48,15,31,1,5,2,7,15,7,0.356807511,"Cam Pruitt","sa3071047",
2026,"Cole Smith","NIU",23,49,199,242,71,42,19,4,6,48,50,33,38,1,7,2,0,9,3,0.356783919,"Cole Smith","sa3060603",
2026,"Wyatt Hanoian","AFA",20,53,185,245,66,42,14,4,6,49,49,32,21,24,4,0,2,6,3,0.356756756,"Wyatt Hanoian","sa3070266",
2026,"Ryan Hunter","SOU",21,52,216,247,77,52,16,5,4,54,42,21,55,7,3,0,3,16,5,0.356481481,"Ryan Hunter","sa3034330",
2026,"Erick Dessens","SAC",21,59,247,269,88,59,17,2,10,50,64,19,36,2,0,1,2,7,3,0.356275303,"Erick Dessens","sa3069940",
2026,"Jake Souders","SAM",20,56,219,254,78,53,13,1,11,48,46,24,45,7,3,1,3,17,4,0.356164383,"Jake Souders","sa3060639",
2026,"Cameron Gurney","UTAH",22,50,191,230,68,49,10,2,7,42,48,28,27,9,0,2,5,7,3,0.356020942,"Cameron Gurney","sa3032862",
2026,"Jake Schaffner","UNC",21,68,270,339,96,63,19,8,6,85,50,45,32,17,6,1,5,26,3,0.355555555,"Jake Schaffner","sa3041661",
2026,"Jayce Dobie","NEV",21,49,211,238,75,51,15,1,8,46,41,23,36,2,2,0,7,4,2,0.355450236,"Jayce Dobie","sa3059058",
2026,"Dylan Melton","UMBC",21,53,211,259,75,56,17,1,1,53,31,38,14,6,1,3,2,5,1,0.355450236,"Dylan Melton","sa3074367",
2026,"Jayson Jones","WICH",22,58,228,265,81,59,7,0,15,54,56,21,35,12,4,0,3,1,0,0.355263157,"Jayson Jones","sa3034880",
2026,"Brody Chrisman","AKR",22,55,214,254,76,49,14,0,13,53,52,33,32,6,1,0,5,23,4,0.355140186,"Brody Chrisman","sa3028881",
2026,"Brayden Jefferis","MICH",20,58,214,257,76,60,8,3,5,32,43,27,26,13,1,2,3,7,4,0.355140186,"Brayden Jefferis","sa3059586",
2026,"Tague Davis","LOU",20,57,231,273,82,37,10,1,34,68,98,36,70,3,3,0,2,4,0,0.354978354,"Tague Davis","sa3059006",
2026,"Miles Jackson","AAMU",22,51,186,231,66,49,12,4,1,38,32,24,16,14,3,4,3,11,2,0.354838709,"Miles Jackson","sa3034513",
2026,"Connor Peek","GTWN",23,56,217,267,77,56,15,0,6,55,45,32,18,12,5,1,8,18,2,0.354838709,"Connor Peek","sa3039630",
2026,"Anthony Pack Jr.","TEX",19,61,217,275,77,49,16,0,12,61,56,47,40,8,3,0,2,21,3,0.354838709,"Anthony Pack Jr.","sa3070939",
2026,"Jamie Laskofski","W&M",19,53,203,251,72,41,12,6,13,65,45,41,24,3,3,1,3,36,7,0.354679802,"Jamie Laskofski","sa3059761",
2026,"Owen Bond","STMN",21,45,158,196,56,39,7,8,2,26,27,30,31,6,1,1,3,7,0,0.354430379,"Owen Bond","sa3027362",
2026,"Julio Solier","BC",20,59,237,278,84,61,15,5,3,57,34,30,45,5,2,4,3,28,4,0.354430379,"Julio Solier","sa3066939",
2026,"Kade Lewis","WAKE",21,59,223,268,79,53,12,1,13,57,58,34,35,6,5,0,6,7,0,0.354260089,"Kade Lewis","sa3036307",
2026,"Mike Maloney","WMU",,52,192,240,68,55,6,1,6,50,55,24,29,18,2,4,6,2,2,0.354166666,"Mike Maloney","sa3036941",
2026,"Charley Magoulick","RID",20,49,209,230,74,50,11,4,9,38,48,17,41,1,3,0,2,1,0,0.354066985,"Charley Magoulick","sa3065085",
2026,"Makoa Sniffen","SMC",19,62,274,299,97,63,19,4,11,52,64,13,33,11,1,0,7,10,5,0.354014598,"Makoa Sniffen","sa3065139",
2026,"Dylan Drake","PUR",21,41,130,155,46,29,8,4,5,33,27,11,36,9,3,2,1,2,1,0.353846153,"Dylan Drake","sa3069975",
2026,"AJ Gracia","UVA",21,56,212,272,75,45,15,1,14,64,48,47,38,11,2,0,3,4,2,0.353773584,"AJ Gracia","sa3032552",
2026,"Xavier Melendez","UTA",21,50,215,238,76,58,11,0,7,29,44,16,41,4,3,0,4,4,1,0.353488372,"Xavier Melendez","sa3060013",
2026,"Connor Shouse","TTU",21,54,215,246,76,46,18,2,10,55,66,17,39,13,1,0,9,6,0,0.353488372,"Connor Shouse","sa3065954",
2026,"Derek Curiel","LSU",21,58,232,274,82,56,18,2,6,64,46,34,43,2,6,0,3,13,2,0.353448275,"Derek Curiel","sa3058966",
2026,"Nick Matson","LIU",,52,201,234,71,56,11,1,3,51,43,26,24,1,3,3,0,22,5,0.35323383,"Nick Matson","sa3070703",
2026,"Gavin Roy","WSU",22,59,218,272,77,59,15,1,2,50,42,30,30,15,5,4,5,3,2,0.353211009,"Gavin Roy","sa3060440",
2026,"Niko Brini","WOF",23,56,221,263,78,45,18,7,8,60,56,16,28,15,4,7,0,15,1,0.352941176,"Niko Brini","sa3027697",
2026,"Gunnar Myro","UNLV",21,44,153,169,54,40,10,1,3,32,29,8,26,5,1,2,6,1,1,0.352941176,"Gunnar Myro","sa3038654",
2026,"Dylan Carey","NEB",22,59,241,278,85,52,16,2,15,53,65,21,49,12,2,2,6,9,2,0.352697095,"Dylan Carey","sa3028427",
2026,"Mac Moyer","NEB",22,60,241,292,85,66,13,2,4,65,38,40,35,8,2,1,2,8,4,0.352697095,"Mac Moyer","sa3070829",
2026,"Nathan Lincoln","MRST",23,53,207,242,73,68,3,2,0,37,51,25,25,6,3,1,8,8,1,0.352657004,"Nathan Lincoln","sa3036347",
2026,"Braden Holcomb","VAN",21,58,227,266,80,47,19,0,14,52,54,35,63,0,3,1,5,6,2,0.352422907,"Braden Holcomb","sa3033951",
2026,"Griffin Crain","LOU",20,53,176,230,62,45,14,1,2,41,48,36,24,10,5,3,2,8,4,0.352272727,"Griffin Crain","sa3069872",
2026,"Zachary Kourous","MERC",21,40,159,186,56,36,11,3,6,42,38,16,7,5,5,1,0,20,1,0.352201257,"Zachary Kourous","sa3075471",
2026,"Peyton Bonds","RUTG",20,36,142,166,50,36,8,0,6,31,29,16,21,6,1,1,0,13,2,0.352112676,"Peyton Bonds","sa3027364",
2026,"Khalil Walker","UNM",23,52,179,220,63,44,15,1,3,40,37,29,22,7,1,4,3,8,4,0.351955307,"Khalil Walker","sa3044680",
2026,"Brayden Martin","MD",,56,216,286,76,60,13,1,2,60,39,56,20,7,6,1,5,21,3,0.351851851,"Brayden Martin","sa3037139",
2026,"Teddy Tokheim","STAN",20,48,199,222,70,34,19,0,17,40,47,21,36,1,1,0,9,0,1,0.351758793,"Teddy Tokheim","sa3074438",
2026,"Payton Knowles","SEA",21,49,202,243,71,45,18,2,6,42,35,34,23,5,1,1,6,4,0,0.351485148,"Payton Knowles","sa3035567",
2026,"Jayce Tharnish","UK",22,56,239,267,84,62,13,3,6,64,38,18,34,8,2,0,0,32,2,0.351464435,"Jayce Tharnish","sa3043652",
2026,"Seojun Oh","HPU",22,56,205,248,72,41,14,0,17,49,60,36,45,3,4,0,8,3,1,0.351219512,"Seojun Oh","sa3070908",
2026,"Maddox Haley","GONZ",21,43,171,194,60,36,14,0,10,39,44,11,21,9,3,0,5,5,1,0.350877192,"Maddox Haley","sa3033006",
2026,"Ryan Niedzwiedz","SIUE",21,57,228,262,80,39,14,0,27,59,69,31,35,1,2,0,2,1,2,0.350877192,"Ryan Niedzwiedz","sa3038865",
2026,"Ian Armstrong","SMC",20,58,228,256,80,45,17,2,16,53,51,23,46,3,1,1,5,3,1,0.350877192,"Ian Armstrong","sa3058514",
2026,"Nate Kearney","STO",,45,171,207,60,50,8,0,2,36,43,26,19,8,2,0,2,1,2,0.350877192,"Nate Kearney","sa3059653",
2026,"Bryce Cermenelli","MOST",,47,191,213,67,51,12,0,4,40,23,16,12,3,0,3,5,1,0,0.35078534,"Bryce Cermenelli","sa3028700",
2026,"Ryan Ellis","SAC",24,46,134,178,47,23,19,2,3,45,33,36,30,3,2,3,1,1,1,0.350746268,"Ryan Ellis","sa3030905",
2026,"Henry Zipay","OMA",25,47,180,222,63,50,11,1,1,33,27,25,34,7,0,10,2,7,5,0.35,"Henry Zipay","sa3045872",
2026,"Brodey Williams","UNM",21,38,120,151,42,28,11,0,3,32,33,24,39,1,4,2,1,1,0,0.35,"Brodey Williams","sa3060923",
2026,"Nico Rijo-Berger","NICH",,44,166,186,58,46,9,0,3,25,27,17,28,3,0,0,1,3,0,0.34939759,"Nico Rijo-Berger","sa3071122",
2026,"Bryce Chance","MSST",23,62,209,251,73,52,19,0,2,49,35,26,18,8,2,6,5,13,4,0.349282296,"Bryce Chance","sa3028732",
2026,"Drew Howard","WMU",22,52,209,251,73,59,10,3,1,43,40,26,31,9,2,5,1,7,2,0.349282296,"Drew Howard","sa3034162",
2026,"Chris DiPrima","YALE",21,46,169,217,59,52,7,0,0,39,40,23,18,12,8,5,3,6,3,0.349112426,"Chris DiPrima","sa3030368",
2026,"Mike OConor","EIU",22,45,169,197,59,28,13,2,16,40,58,19,44,4,3,2,2,8,0,0.349112426,"Mike OConor","sa3039039",
2026,"Caden Dulin","PITT",22,53,218,257,76,53,11,0,12,60,44,33,29,1,4,1,6,3,3,0.348623853,"Caden Dulin","sa3030642",
2026,"Brady Nathison","TOW",,44,132,155,46,32,8,1,5,35,32,17,21,3,2,1,1,10,2,0.348484848,"Brady Nathison","sa3038689",
2026,"Tre Phelps","UGA",22,65,250,312,87,56,11,1,19,81,59,24,47,35,3,0,2,8,0,0.348,"Tre Phelps","sa3039858",
2026,"Jimmy Mantuano","FDU",21,41,161,186,56,34,17,0,5,44,31,24,16,1,0,0,4,18,1,0.347826086,"Jimmy Mantuano","sa3037004",
2026,"Ben Niednagel","AFA",22,55,207,254,72,46,16,5,5,50,34,36,37,5,0,6,0,25,6,0.347826086,"Ben Niednagel","sa3038863",
2026,"Nick Shuhet","RID",21,53,207,232,72,44,17,5,6,38,48,15,49,6,4,0,2,4,0,0.347826086,"Nick Shuhet","sa3042231",
2026,"A.J. Evasco","KSU",20,52,210,234,73,51,10,4,8,39,51,19,30,5,0,0,4,5,3,0.347619047,"A.J. Evasco","sa3059154",
2026,"Garrett Wright","TENN",20,49,187,221,65,38,17,1,9,41,30,13,37,19,2,0,1,3,5,0.347593582,"Garrett Wright","sa3045613",
2026,"Isaac Brozon","LEM",,42,164,202,57,52,3,1,1,48,32,17,18,17,3,1,2,15,2,0.347560975,"Isaac Brozon","sa3069686",
2026,"Efrain Morales","ODU",20,43,141,175,49,41,7,0,1,24,23,24,14,9,1,0,3,2,1,0.34751773,"Efrain Morales","sa3060081",
2026,"Alex Monile","FAMU",21,48,118,144,41,34,5,1,1,22,19,15,14,8,3,0,3,3,0,0.347457627,"Alex Monile","sa3073580",
2026,"Elijah Fairchild","LIU",21,51,193,235,67,51,9,4,3,48,46,30,41,5,5,2,0,30,2,0.347150259,"Elijah Fairchild","sa3059159",
2026,"Jaxon Pate","JVST",21,63,219,277,76,60,14,0,2,53,30,42,38,6,4,6,2,9,5,0.347031963,"Jaxon Pate","sa3070958",
2026,"Petey Soto Jr.","UTU",21,59,222,256,77,55,15,1,6,51,48,18,35,7,5,4,3,13,2,0.346846846,"Petey Soto Jr.","sa3042775",
2026,"Carlos Lugo","CAM",,56,222,262,77,57,13,1,6,49,38,32,22,6,1,1,3,11,3,0.346846846,"Carlos Lugo","sa3070636",
2026,"Patrick McLellan","USI",,58,225,270,78,57,15,1,5,59,49,26,22,15,2,2,3,7,2,0.346666666,"Patrick McLellan","sa3059993",
2026,"Bennett Cox","CAN",,47,176,206,61,49,10,1,1,43,22,17,10,9,3,1,5,20,1,0.346590909,"Bennett Cox","sa3065020",
2026,"Cole Raile","VMI",21,54,202,239,70,40,12,2,16,55,61,22,44,12,3,0,2,24,2,0.346534653,"Cole Raile","sa3040395",
2026,"Ezra McNaughton","BYU",22,54,231,264,80,48,16,0,16,45,55,23,35,8,2,0,4,5,1,0.346320346,"Ezra McNaughton","sa3060000",
2026,"Jake Bennett","DBU",21,43,156,198,54,25,10,0,19,50,53,30,38,10,2,0,6,2,0,0.346153846,"Jake Bennett","sa3058621",
2026,"Luciano Terilli","GMU",23,56,208,252,72,60,10,1,1,36,42,31,35,7,3,3,4,15,9,0.346153846,"Luciano Terilli","sa3071433",
2026,"Carter Beck","INST",,57,237,285,82,47,17,2,16,62,59,35,33,10,3,0,2,12,4,0.345991561,"Carter Beck","sa3058591",
2026,"Blaize Johnson","UNCA",20,51,185,228,64,35,16,2,11,48,47,40,21,3,0,0,1,6,5,0.345945945,"Blaize Johnson","sa3065062",
2026,"Jonathan Trejo","TXSO",21,42,159,201,55,44,4,0,7,40,36,29,16,7,2,4,3,2,2,0.345911949,"Jonathan Trejo","sa3044030",
2026,"Paul Contreras","CSUF",20,52,188,230,65,41,8,2,14,40,45,33,31,3,5,1,4,3,4,0.34574468,"Paul Contreras","sa3066537",
2026,"Kyle Neri","RID",22,53,220,251,76,51,16,2,7,49,50,23,36,6,2,0,1,3,2,0.345454545,"Kyle Neri","sa3038772",
2026,"Ryan Muizelaar","BALL",23,52,194,221,67,49,10,1,7,34,47,19,24,4,4,0,2,2,1,0.345360824,"Ryan Muizelaar","sa3070833",
2026,"Luke Bard","HCU",22,39,139,162,48,35,10,1,2,27,22,19,30,2,1,1,3,2,1,0.345323741,"Luke Bard","sa3026547",
2026,"Nick Bergamotto","SIE",,44,168,191,58,48,6,1,3,31,22,22,21,1,0,0,7,1,0,0.345238095,"Nick Bergamotto","sa3027019",
2026,"Aidan Lopez","GRAM",21,51,168,226,58,46,6,5,1,43,39,36,24,12,5,5,1,8,4,0.345238095,"Aidan Lopez","sa3070618",
2026,"Cal Miller","UTAH",20,47,168,205,58,38,14,0,6,38,29,25,37,7,2,3,5,1,1,0.345238095,"Cal Miller","sa3070786",
2026,"Joe Hall","SEMO",,57,226,265,78,49,17,0,12,53,54,24,39,14,1,0,3,3,1,0.345132743,"Joe Hall","sa3070255",
2026,"Avery Moore","PUR",22,44,142,171,49,30,12,1,6,26,33,16,35,9,2,2,0,0,1,0.345070422,"Avery Moore","sa3060073",
2026,"Ryan Zuckerman","GT",21,61,232,276,80,40,16,1,23,71,79,37,88,4,3,0,3,6,0,0.344827586,"Ryan Zuckerman","sa3045886",
2026,"Henry Ferguson","ETSU",,53,203,250,70,55,11,0,4,50,42,37,57,7,3,0,4,13,1,0.344827586,"Henry Ferguson","sa3059174",
2026,"Trent Grindlinger","TENN",19,43,145,165,50,34,7,1,8,26,29,13,28,4,0,3,3,1,2,0.344827586,"Trent Grindlinger","sa3070226",
2026,"Hunter Ray","FDU",20,55,235,291,81,37,11,1,32,72,81,48,62,7,1,0,3,24,3,0.344680851,"Hunter Ray","sa3060337",
2026,"Noah Foster","USI",,52,177,212,61,43,11,4,3,44,32,20,24,11,1,3,5,13,5,0.344632768,"Noah Foster","sa3070102",
2026,"Jack Herring","ECU",24,60,209,268,72,45,17,1,9,57,51,54,35,4,1,0,8,2,1,0.344497607,"Jack Herring","sa3059483",
2026,"Rosnell Lewis","DSU",,44,151,193,52,41,8,0,3,41,22,19,22,18,3,2,0,24,3,0.34437086,"Rosnell Lewis","sa3070597",
2026,"Luke Lawrence","UK",,56,215,265,74,57,14,0,3,46,44,27,43,15,2,6,3,13,4,0.344186046,"Luke Lawrence","sa3036069",
2026,"Jack Salmon","UNLV",22,49,154,198,53,39,10,1,3,42,32,28,47,15,1,0,3,4,1,0.344155844,"Jack Salmon","sa3060461",
2026,"Colton Payton","UTM",,55,221,257,76,53,16,2,5,45,58,26,38,3,7,0,5,4,2,0.343891402,"Colton Payton","sa3070971",
2026,"Tre Broussard","HOU",20,44,163,196,56,42,10,1,3,29,23,26,31,2,3,2,6,25,4,0.343558282,"Tre Broussard","sa3058738",
2026,"Jarren Purify","CLEM",20,40,131,163,45,31,8,1,5,35,21,25,30,4,3,0,2,13,7,0.34351145,"Jarren Purify","sa3040292",
2026,"Jacob French","CAL",21,33,131,150,45,31,10,0,4,27,24,8,18,9,2,0,5,4,0,0.34351145,"Jacob French","sa3059238",
2026,"Mika Petersen","BRWN",22,43,166,200,57,38,10,3,6,35,34,22,29,4,1,7,1,13,1,0.343373493,"Mika Petersen","sa3039789",
2026,"Slade McCloud","TAR",23,57,233,269,80,51,16,7,6,50,57,25,41,8,2,1,2,22,6,0.343347639,"Slade McCloud","sa3037481",
2026,"Javar Williams","WAKE",22,60,233,293,80,53,17,0,10,66,43,42,51,10,3,5,5,32,4,0.343347639,"Javar Williams","sa3045312",
2026,"Chris Rembert","AUB",20,58,233,265,80,62,13,1,4,37,46,19,39,6,5,2,4,12,6,0.343347639,"Chris Rembert","sa3060352",
2026,"Clay Burdette","XAV",22,51,201,242,69,33,17,2,17,43,45,23,50,14,4,0,2,10,2,0.343283582,"Clay Burdette","sa3058770",
2026,"Colby Ott","MUR",23,55,169,202,58,44,12,1,1,32,37,12,19,9,8,4,3,4,2,0.343195266,"Colby Ott","sa3039276",
2026,"Ben Clark","OAK",,53,207,242,71,47,18,2,4,46,27,16,49,15,3,1,4,6,3,0.342995169,"Ben Clark","sa3028967",
2026,"Alex Hernandez","GT",20,55,210,256,72,49,10,0,13,60,57,41,61,4,1,0,5,2,0,0.342857142,"Alex Hernandez","sa3059474",
2026,"Ryan Rivera","LIU",22,52,210,256,72,47,16,1,8,60,50,31,23,9,6,0,2,14,4,0.342857142,"Ryan Rivera","sa3060383",
2026,"Owen Siegert","SDST",,36,140,169,48,39,6,3,0,23,17,25,17,3,0,1,3,4,0,0.342857142,"Owen Siegert","sa3065411",
2026,"Jimmy Janicki","TROY",20,70,283,325,97,49,26,1,21,67,87,31,43,7,4,0,1,4,3,0.342756183,"Jimmy Janicki","sa3059581",
2026,"Keegan Holmstrom","WRST",,54,178,217,61,53,6,1,1,28,29,27,24,4,3,5,3,5,0,0.342696629,"Keegan Holmstrom","sa3070354",
2026,"Tyler Bell","UK",21,41,143,194,49,30,9,1,9,49,29,30,36,20,1,0,2,10,3,0.342657342,"Tyler Bell","sa3058609",
2026,"Tony Lira","ARIZ",20,53,216,245,74,49,19,1,5,31,25,26,52,3,0,0,6,2,0,0.342592592,"Tony Lira","sa3070609",
2026,"Noah Sullivan","MSST",23,57,219,266,75,48,14,0,13,58,46,35,62,10,2,0,2,10,2,0.342465753,"Noah Sullivan","sa3043319",
2026,"Drew Smith","ORE",23,61,225,272,77,49,9,3,16,48,64,30,68,6,5,6,3,5,3,0.342222222,"Drew Smith","sa3042539",
2026,"Rowan Kelly","UCSB",20,60,228,281,78,57,15,0,6,58,52,30,33,12,3,8,3,12,4,0.342105263,"Rowan Kelly","sa3065335",
2026,"Hudson Manwaring","UTU",23,53,190,224,65,55,8,1,1,39,33,13,34,9,2,10,3,18,6,0.342105263,"Hudson Manwaring","sa3070672",
2026,"Tanner Griffith","SMC",21,62,231,303,79,47,22,5,5,61,42,45,38,18,4,5,3,18,1,0.341991341,"Tanner Griffith","sa3032726",
2026,"Mikey Ryan","NCSU",20,47,158,191,54,33,11,1,9,42,34,25,31,3,2,3,4,12,2,0.341772151,"Mikey Ryan","sa3065403",
2026,"William Johnson","ODU",21,54,199,236,68,51,12,0,5,43,35,22,31,12,1,2,4,9,4,0.341708542,"William Johnson","sa3070456",
2026,"Rominic Quiban","NEV",,50,199,235,68,51,13,2,2,47,29,28,26,3,4,1,3,5,3,0.341708542,"Rominic Quiban","sa3071061",
2026,"Alec DeMartino","CLT",23,54,208,244,71,39,16,3,13,47,56,35,56,1,0,0,2,6,2,0.341346153,"Alec DeMartino","sa3030111",
2026,"Alonzo Alvarez","MIA",20,51,167,200,57,36,13,2,6,40,32,29,34,1,1,2,3,3,1,0.341317365,"Alonzo Alvarez","sa3069486",
2026,"Robin Villeneuve","TTU",22,49,170,197,58,38,10,0,10,40,41,20,52,6,1,0,3,1,1,0.34117647,"Robin Villeneuve","sa3044511",
2026,"Tyson LeBlanc","KU",21,63,255,306,87,47,12,3,25,64,69,38,50,3,5,5,6,11,1,0.34117647,"Tyson LeBlanc","sa3070576",
2026,"Caden Sorrell","TA&M",21,56,226,265,77,33,20,1,23,67,76,33,61,5,1,0,0,11,4,0.340707964,"Caden Sorrell","sa3042754",
2026,"Steve Solorzano","NMSU",21,54,229,266,78,45,22,2,9,55,51,24,26,11,2,0,5,9,1,0.340611353,"Steve Solorzano","sa3042735",
2026,"Charlie Davis","BEL",22,55,232,259,79,47,17,5,10,52,44,17,24,7,3,0,3,6,9,0.340517241,"Charlie Davis","sa3058998",
2026,"Cort MacDonald","STAN",21,44,141,171,48,32,13,0,3,19,22,16,25,3,2,9,2,6,3,0.340425531,"Cort MacDonald","sa3036781",
2026,"Preston Newberry","UIW",,44,191,218,65,45,10,0,10,46,32,20,40,4,2,1,1,8,5,0.340314136,"Preston Newberry","sa3070875",
2026,"Andrew Lawrence","UTM",,36,144,164,49,31,14,1,3,31,25,13,26,5,2,0,3,8,2,0.340277777,"Andrew Lawrence","sa3075768",
2026,"Mulivai Levu","UCLA",21,59,241,288,82,51,12,1,18,61,63,30,32,15,2,0,4,3,1,0.340248962,"Mulivai Levu","sa3036284",
2026,"Hutson Miles","LIP",,55,194,233,66,48,11,6,1,55,20,24,39,5,4,6,2,14,1,0.340206185,"Hutson Miles","sa3070781",
2026,"Michael Elko","RICH",22,54,197,246,67,45,13,2,7,53,38,27,40,17,1,4,7,27,3,0.340101522,"Michael Elko","sa3030877",
2026,"Kyle McDaniel","UTU",21,59,250,307,85,60,17,1,7,61,52,43,27,9,2,3,4,17,1,0.34,"Kyle McDaniel","sa3037536",
2026,"Matt Bolton","BING",20,53,200,247,68,42,16,4,6,46,44,37,34,4,4,2,1,15,0,0.34,"Matt Bolton","sa3058671",
2026,"Jaden Stone","UNCO",,51,203,239,69,59,8,2,0,38,30,27,35,6,0,3,0,9,3,0.339901477,"Jaden Stone","sa3071381",
2026,"Nicholas Dromboski","STBK",,43,153,183,52,36,9,2,5,40,27,25,26,3,1,1,1,13,6,0.339869281,"Nicholas Dromboski","sa3069979",
2026,"Dylan Johnson","COFC",23,56,209,249,71,47,18,1,5,42,36,27,29,11,2,0,3,6,3,0.339712918,"Dylan Johnson","sa3034741",
2026,"Cade Carr","SAM",21,56,212,245,72,51,9,2,10,40,43,22,35,8,3,0,5,1,0,0.339622641,"Cade Carr","sa3028479",
2026,"Dylan O'Connell","MILW",22,58,212,260,72,43,19,2,8,60,46,32,40,7,3,6,3,41,4,0.339622641,"Dylan O'Connell","sa3039024",
2026,"Nathan Martinez","CHSO",23,49,162,215,55,49,5,1,0,42,29,36,27,9,3,5,5,3,3,0.339506172,"Nathan Martinez","sa3059935",
2026,"Kelton Phillips","AKR",,41,165,192,56,48,6,1,1,32,25,20,29,3,1,3,3,17,6,0.339393939,"Kelton Phillips","sa3060264",
2026,"Christian Stratis","CIT",22,56,165,197,56,41,8,2,5,25,45,12,30,6,5,9,1,3,2,0.339393939,"Christian Stratis","sa3071386",
2026,"Brennon Wright","USA",21,57,221,271,75,59,14,2,0,50,32,34,17,11,2,3,9,9,2,0.339366515,"Brennon Wright","sa3071657",
2026,"Ty Smolinski","KSU",20,52,168,208,57,29,18,1,9,46,45,21,32,13,5,1,6,8,1,0.339285714,"Ty Smolinski","sa3060627",
2026,"Diego Melendez","JKST",21,44,168,202,57,37,15,0,5,35,39,21,12,0,4,9,4,2,0,0.339285714,"Diego Melendez","sa3070768",
2026,"Jacob Parker","MSST",19,53,168,205,57,28,10,1,18,51,62,30,43,5,2,0,5,7,3,0.339285714,"Jacob Parker","sa3073776",
2026,"Gavin Grahovac","TA&M",21,57,230,273,78,37,16,3,22,76,74,26,45,13,4,0,3,5,2,0.339130434,"Gavin Grahovac","sa3032567",
2026,"Jack Natili","CIN",21,60,233,276,79,42,15,3,19,50,65,29,56,9,5,0,4,6,0,0.339055793,"Jack Natili","sa3060122",
2026,"Blake Edgmon","CHSO",,53,177,218,60,41,15,0,4,40,51,31,26,6,2,2,4,11,1,0.33898305,"Blake Edgmon","sa3059113",
2026,"Quinton Coats","CIN",20,60,248,291,84,42,13,1,28,62,79,37,81,4,2,0,5,10,1,0.338709677,"Quinton Coats","sa3058891",
2026,"Ellis Garcia","BRY",22,51,189,233,64,35,14,4,11,37,44,34,24,6,4,0,5,8,1,0.338624338,"Ellis Garcia","sa3031931",
2026,"J.T. Thompson","ACU",21,56,189,231,64,48,15,0,1,38,30,25,31,6,2,9,3,6,3,0.338624338,"J.T. Thompson","sa3060746",
2026,"Robbie Lavey","GW",20,52,192,236,65,45,12,0,8,40,37,42,35,2,0,0,1,4,3,0.338541666,"Robbie Lavey","sa3036054",
2026,"Witt Scafidi","W&M",,42,133,156,45,34,8,0,3,17,32,14,25,5,2,2,1,2,1,0.338345864,"Witt Scafidi","sa3041633",
2026,"Sean Sweeney","BING",19,39,133,165,45,35,8,1,1,30,32,21,11,2,3,6,7,5,0,0.338345864,"Sean Sweeney","sa3060704",
2026,"Liam Bushey","WIU",23,53,201,259,68,38,15,0,15,50,59,46,33,5,6,1,3,6,3,0.338308457,"Liam Bushey","sa3028139",
2026,"Kaden Carpenter","UVU",23,54,201,255,68,29,21,1,17,58,58,44,58,7,3,0,2,18,8,0.338308457,"Kaden Carpenter","sa3028471",
2026,"Mathew Kosuda","W&M",,52,201,220,68,50,9,2,7,36,44,9,55,5,4,1,5,12,6,0.338308457,"Mathew Kosuda","sa3059717",
2026,"Wyatt Hunt","MONM",21,53,207,251,70,47,17,1,5,46,42,24,26,10,2,8,2,5,2,0.338164251,"Wyatt Hunt","sa3034320",
2026,"Cade Climie","HOU",22,44,139,162,47,20,16,1,10,26,29,21,32,1,1,0,3,3,1,0.338129496,"Cade Climie","sa3058885",
2026,"Tyce Armstrong","BAY",22,56,210,258,71,32,14,1,24,50,64,35,54,11,2,0,1,5,0,0.338095238,"Tyce Armstrong","sa3026212",
2026,"Jake Hanley","IU",20,54,210,259,71,43,14,0,14,56,48,43,47,2,4,0,5,0,0,0.338095238,"Jake Hanley","sa3059407",
2026,"Jacob Johnson","SMC",21,58,210,251,71,40,15,1,15,43,54,25,52,11,4,1,4,3,2,0.338095238,"Jacob Johnson","sa3070446",
2026,"James McCoy","GASO",24,56,216,263,73,45,19,0,9,49,39,36,62,8,3,0,6,13,2,0.337962962,"James McCoy","sa3037507",
2026,"Alex Sosa","MIA",21,59,222,270,75,39,16,2,18,63,71,41,48,5,2,0,2,2,2,0.337837837,"Alex Sosa","sa3042760",
2026,"Zach Wieder","UAPB",21,58,222,270,75,51,16,3,5,59,44,31,30,7,7,3,1,3,1,0.337837837,"Zach Wieder","sa3045174",
2026,"Cody Gunderson","CLT",21,56,222,262,75,50,16,0,9,46,39,26,41,11,3,0,5,0,0,0.337837837,"Cody Gunderson","sa3059376",
2026,"Carter Groen","LAS",21,55,225,263,76,48,14,1,13,45,72,24,35,10,4,0,1,10,1,0.337777777,"Carter Groen","sa3032754",
2026,"Trey King","JVST",21,62,225,278,76,53,17,2,4,41,45,33,42,7,4,9,2,5,2,0.337777777,"Trey King","sa3035419",
2026,"Jake Jackson","SDSU",22,57,231,261,78,43,18,2,15,53,49,20,59,5,2,3,7,8,4,0.337662337,"Jake Jackson","sa3034498",
2026,"Linkin Garcia","TTU",20,55,231,254,78,52,21,1,4,53,59,19,37,1,2,1,8,1,1,0.337662337,"Linkin Garcia","sa3070141",
2026,"Max Hartman","WSU",22,59,234,276,79,51,13,8,7,61,46,28,48,10,2,2,4,19,3,0.337606837,"Max Hartman","sa3033353",
2026,"Luke Pettitte","DBU",21,42,166,186,56,30,9,1,16,41,48,17,34,2,1,0,6,0,2,0.337349397,"Luke Pettitte","sa3039836",
2026,"Diego Tavarez","WAG",,50,166,228,56,40,14,1,1,55,38,49,30,8,5,0,0,14,4,0.337349397,"Diego Tavarez","sa3043536",
2026,"Jack Kail","COLU",22,39,169,188,57,40,15,0,2,32,37,14,9,2,3,0,2,7,0,0.337278106,"Jack Kail","sa3035024",
2026,"Jevin Relaford","USF",24,52,175,218,59,45,10,3,1,39,30,22,22,10,2,9,2,31,7,0.337142857,"Jevin Relaford","sa3071094",
2026,"Jackson Waller","NEV",22,50,181,210,61,43,11,1,6,34,40,20,29,3,5,1,4,3,3,0.337016574,"Jackson Waller","sa3044706",
2026,"Weber Neels","MINN",23,51,184,231,62,39,10,0,13,49,53,23,28,16,8,0,0,6,3,0.336956521,"Weber Neels","sa3038721",
2026,"Jackson Hotchkiss","WASH",20,46,187,219,63,33,9,1,20,47,47,24,57,4,4,0,1,7,3,0.336898395,"Jackson Hotchkiss","sa3059529",
2026,"Aaron Piasecki","TROY",22,70,282,343,95,65,17,3,10,62,48,41,24,17,3,0,4,10,0,0.336879432,"Aaron Piasecki","sa3060267",
2026,"Jay Campbell","FAMU",20,53,202,246,68,45,12,5,6,55,52,33,49,4,6,1,2,4,0,0.336633663,"Jay Campbell","sa3062824",
2026,"Todd Hudson","CLT",22,53,208,238,70,54,5,1,10,44,43,25,40,1,3,1,0,5,4,0.336538461,"Todd Hudson","sa3034232",
2026,"T.J. Dunsford","UTM",,52,208,233,70,42,16,1,11,36,62,17,32,7,1,0,9,5,1,0.336538461,"T.J. Dunsford","sa3069989",
2026,"Davis Germann","MORE",22,53,214,248,72,42,18,3,9,55,36,26,60,8,0,0,3,10,5,0.336448598,"Davis Germann","sa3032145",
2026,"Tab Tracy","LAM",23,60,226,273,76,65,9,0,2,45,32,32,32,10,3,2,4,20,2,0.336283185,"Tab Tracy","sa3044005",
2026,"Anthony Ruiz","TXSO",22,32,116,137,39,27,6,1,5,18,26,16,17,2,2,1,1,3,0,0.336206896,"Anthony Ruiz","sa3065402",
2026,"Jacob Lee","VCU",20,63,235,297,79,47,14,1,17,64,56,44,60,15,3,0,3,10,5,0.336170212,"Jacob Lee","sa3059778",
2026,"Ace Reese","MSST",21,62,247,292,83,36,23,0,24,73,74,41,63,2,2,0,2,1,0,0.336032388,"Ace Reese","sa3040543",
2026,"Tanner Marsh","LIB",21,64,265,313,89,61,18,5,5,70,44,40,51,2,5,1,3,23,7,0.335849056,"Tanner Marsh","sa3037119",
2026,"Clay Thompson","JMU",21,49,167,194,56,33,19,0,4,34,30,13,28,8,4,2,3,26,6,0.335329341,"Clay Thompson","sa3071448",
2026,"Gabriel Melara","HOF",20,48,173,207,58,39,11,2,6,40,30,14,45,16,2,2,4,4,1,0.335260115,"Gabriel Melara","sa3070766",
2026,"Nico Baumbach","LR",,53,176,201,59,42,13,0,4,27,30,19,20,3,3,0,8,3,0,0.335227272,"Nico Baumbach","sa3026751",
2026,"Anthony Tirado","MASS",,44,182,208,61,44,13,3,1,37,25,20,36,2,2,2,2,22,5,0.335164835,"Anthony Tirado","sa3065150",
2026,"Jun Ho Son","RAD",,49,191,226,64,49,12,2,1,51,25,26,16,4,1,4,3,3,4,0.335078534,"Jun Ho Son","sa3074431",
2026,"Matthew Thomas","CSUN",20,53,209,241,70,31,21,3,15,47,43,22,47,7,3,0,6,3,1,0.334928229,"Matthew Thomas","sa3060739",
2026,"Jamie Palmese","ETSU",22,53,215,240,72,47,20,1,4,42,40,13,28,8,4,0,5,12,5,0.33488372,"Jamie Palmese","sa3039381",
2026,"Owen Clyne","GMU",22,56,218,264,73,46,15,3,9,57,56,36,34,4,5,1,1,21,6,0.334862385,"Owen Clyne","sa3058887",
2026,"Trey Hawsey","LT",21,57,227,263,76,48,12,1,15,43,47,25,38,9,2,0,6,0,0,0.334801762,"Trey Hawsey","sa3059440",
2026,"Kade Smith","LR",,67,254,298,85,60,18,2,5,48,45,30,32,10,2,2,7,8,4,0.334645669,"Kade Smith","sa3071316",
2026,"Garner Anderson","UTM",,50,162,194,54,33,12,2,7,44,31,23,41,6,1,2,1,12,2,0.333333333,"Garner Anderson","sa3026040",
2026,"Alejandro Covas","KENT",21,51,174,208,58,43,9,1,5,42,32,15,33,15,0,4,3,20,2,0.333333333,"Alejandro Covas","sa3029477",
2026,"Evan Dempsey","FGCU",20,57,237,277,79,51,18,0,10,57,46,26,36,9,5,0,2,15,2,0.333333333,"Evan Dempsey","sa3030134",
2026,"Kevin Hager","COR",21,31,111,131,37,30,4,0,3,16,10,13,23,5,0,2,3,5,0,0.333333333,"Kevin Hager","sa3032961",
2026,"Niguel Jenkins","ALST",21,45,135,177,45,22,16,0,7,41,31,24,52,18,0,0,2,4,3,0.333333333,"Niguel Jenkins","sa3034643",
2026,"Rees Kozar","NIA",21,48,207,222,69,50,11,2,6,37,41,12,37,3,0,0,0,7,0,0.333333333,"Rees Kozar","sa3035666",
2026,"Johnny Luetzow","SCU",22,39,132,159,44,30,10,0,4,23,25,10,21,12,3,2,3,4,2,0.333333333,"Johnny Luetzow","sa3036666",
2026,"Luke Mansy","UNM",23,52,174,222,58,42,9,1,6,52,34,33,19,10,5,0,1,6,3,0.333333333,"Luke Mansy","sa3036999",
2026,"Roman Martin","UCLA",21,60,237,289,79,49,18,3,9,51,53,42,56,8,2,0,5,0,1,0.333333333,"Roman Martin","sa3037203",
2026,"Gianno Merlonghi","CCSU",23,44,180,204,60,49,5,2,4,41,32,19,14,4,0,1,5,12,3,0.333333333,"Gianno Merlonghi","sa3037901",
2026,"Zac Rice","AAMU",23,43,138,174,46,36,7,0,3,26,24,31,28,4,1,0,2,2,0,0.333333333,"Zac Rice","sa3040696",
2026,"Aiden Robbins","TEX",21,60,237,284,79,43,10,2,24,68,64,39,65,3,5,0,2,12,1,0.333333333,"Aiden Robbins","sa3040859",
2026,"Ryder Robinson","BYU",22,56,225,267,75,50,11,3,11,55,39,34,60,7,1,0,3,11,2,0.333333333,"Ryder Robinson","sa3040920",
2026,"Nick Williams","MSU",22,49,174,205,58,36,14,2,6,39,27,25,20,6,0,0,5,3,2,0.333333333,"Nick Williams","sa3045340",
2026,"Nathan Earley","USF",22,42,141,165,47,25,15,0,7,28,38,16,33,3,5,0,0,1,1,0.333333333,"Nathan Earley","sa3059106",
2026,"Aaron Manias","PUR",22,53,168,215,56,31,15,1,9,43,33,25,38,20,2,0,3,1,2,0.333333333,"Aaron Manias","sa3059907",
2026,"Alex Marot","CHSO",22,52,180,221,60,39,14,0,7,51,52,38,25,1,2,0,3,5,2,0.333333333,"Alex Marot","sa3059920",
2026,"Nick Miller","CSUF",,54,204,242,68,53,11,2,2,38,25,12,26,14,2,10,2,2,5,0.333333333,"Nick Miller","sa3060044",
2026,"Bruce Wyche","NCAT",19,51,183,210,61,39,16,2,4,33,35,15,34,10,2,0,6,3,4,0.333333333,"Bruce Wyche","sa3060977",
2026,"Henry Zenor","UPST",21,64,279,322,93,65,19,1,8,64,51,28,40,13,1,1,3,12,3,0.333333333,"Henry Zenor","sa3061010",
2026,"Brodie Johnston","VAN",20,57,234,278,78,45,17,1,15,59,47,35,48,6,3,0,5,5,1,0.333333333,"Brodie Johnston","sa3065063",
2026,"Jake Sanko","GCU",20,44,177,202,59,42,15,1,1,26,23,16,30,4,4,1,6,5,3,0.333333333,"Jake Sanko","sa3065404",
2026,"Hudson Brown","UK",21,44,150,200,50,31,12,0,7,36,39,28,27,16,4,2,3,5,2,0.333333333,"Hudson Brown","sa3065506",
2026,"RJ Hamilton","DUKE",21,54,189,236,63,42,10,4,7,51,41,23,45,17,3,4,1,29,6,0.333333333,"RJ Hamilton","sa3065801",
2026,"Hideki Prather","CAL",21,52,204,240,68,36,17,1,14,48,46,26,40,7,3,0,2,5,3,0.333333333,"Hideki Prather","sa3066445",
2026,"Marcus Romero","NIU",21,46,147,179,49,35,10,1,3,45,24,18,39,13,0,1,0,24,1,0.333333333,"Marcus Romero","sa3071162",
2026,"Peyton Rowles","SJSU",,51,217,242,72,56,12,2,2,43,39,14,36,5,3,3,2,7,1,0.331797235,"Peyton Rowles","sa3071178",
2026,"Liam Arsich","TOL",19,56,211,247,70,49,15,1,5,44,40,23,44,7,3,3,2,18,4,0.331753554,"Liam Arsich","sa3069515",
2026,"Vincent Samuel","MAN",22,51,208,232,69,45,17,2,5,42,36,22,29,1,1,0,5,8,3,0.331730769,"Vincent Samuel","sa3060469",
2026,"Tommy McAndrews","FOR",23,55,202,244,67,37,15,0,15,44,53,25,44,13,4,0,4,1,2,0.331683168,"Tommy McAndrews","sa3037418",
2026,"Will Baker","GT",21,59,196,255,65,35,20,1,9,61,53,47,36,5,4,3,10,2,0,0.331632653,"Will Baker","sa3058540",
2026,"Dyrenson Wouters","DAY",,49,196,228,65,40,17,1,7,38,55,13,15,9,8,2,2,12,3,0.331632653,"Dyrenson Wouters","sa3060969",
2026,"Matthew Manjooran","DAV",,51,196,234,65,44,12,4,5,33,49,23,51,14,1,0,3,6,2,0.331632653,"Matthew Manjooran","sa3070663",
2026,"Cole Prout","CMU",22,51,190,246,63,37,15,3,8,45,53,42,37,12,0,2,2,12,2,0.331578947,"Cole Prout","sa3040251",
2026,"Michael Smith","DAY",21,53,187,261,62,38,10,4,10,65,56,47,43,20,3,4,2,38,7,0.331550802,"Michael Smith","sa3042607",
2026,"Justin Journette","NORF",22,50,184,223,61,30,13,0,18,51,60,29,67,8,2,0,0,3,2,0.331521739,"Justin Journette","sa3034956",
2026,"Noah Konings","NIA",,39,175,187,58,43,14,0,1,32,22,9,26,2,0,1,2,2,2,0.331428571,"Noah Konings","sa3070528",
2026,"Jonathan Clough","NMSU",22,43,169,197,56,28,16,7,5,46,34,17,41,11,0,0,1,12,2,0.331360946,"Jonathan Clough","sa3058886",
2026,"Riley Hunsaker","CBU",21,49,157,182,52,38,9,1,4,28,27,21,33,1,1,2,3,10,4,0.331210191,"Riley Hunsaker","sa3034308",
2026,"Ty Fredo","MSM",21,42,148,198,49,31,7,3,8,46,43,39,28,6,4,1,2,24,3,0.331081081,"Ty Fredo","sa3031677",
2026,"Andrew Becker","CSUN",,41,148,164,49,37,9,0,3,25,20,8,30,3,4,1,5,9,2,0.331081081,"Andrew Becker","sa3058592",
2026,"Mike Polubinski","LIU",,40,130,170,43,28,9,1,5,47,37,20,19,10,7,3,0,11,2,0.33076923,"Mike Polubinski","sa3074132",
2026,"Ryan Cooney","ORE",21,60,248,295,82,51,22,1,8,52,43,32,35,9,4,2,0,13,3,0.330645161,"Ryan Cooney","sa3029332",
2026,"Nick Quagliato","FDU",,36,124,149,41,29,3,2,7,29,35,16,28,3,5,1,0,10,0,0.330645161,"Nick Quagliato","sa3040313",
2026,"Harrison Feinberg","NE",23,60,236,291,78,47,15,0,16,63,64,37,52,13,5,0,5,42,6,0.330508474,"Harrison Feinberg","sa3031217",
2026,"Drew Berkland","ND",22,53,221,262,73,39,17,1,16,68,43,29,50,7,5,0,1,11,1,0.330316742,"Drew Berkland","sa3027046",
2026,"Colton Coates","LT",21,58,215,267,71,50,13,3,5,43,28,45,30,3,3,1,8,2,2,0.330232558,"Colton Coates","sa3029070",
2026,"Ethin Bingaman","AUB",19,61,215,248,71,47,9,0,15,60,50,28,38,4,1,0,2,4,2,0.330232558,"Ethin Bingaman","sa3069615",
2026,"Bayram Hot","LOU",22,57,212,264,70,46,15,0,9,50,41,31,54,15,1,5,7,17,3,0.330188679,"Bayram Hot","sa3034135",
2026,"CJ Moran","USD",,51,209,244,69,46,14,3,6,48,36,28,55,4,2,1,3,9,4,0.33014354,"CJ Moran","sa3060083",
2026,"Cory Wouters","WIN",,55,209,237,69,48,16,1,4,28,34,21,28,3,4,0,5,4,1,0.33014354,"Cory Wouters","sa3071654",
2026,"Evan Bouldin","DEL",22,54,206,243,68,42,15,1,10,44,43,33,19,2,2,0,5,7,1,0.330097087,"Evan Bouldin","sa3027448",
2026,"Anthony Fernandez","SBU",22,50,203,237,67,48,13,0,6,44,37,28,34,2,3,1,2,22,2,0.330049261,"Anthony Fernandez","sa3070071",
2026,"Jake Paulick","NKU",22,52,194,251,64,36,14,0,14,57,51,42,56,13,2,0,5,3,0,0.329896907,"Jake Paulick","sa3039560",
2026,"Maniel Castro","SBU",,48,188,218,62,34,18,2,8,38,45,21,37,7,1,1,6,8,3,0.329787234,"Maniel Castro","sa3069770",
2026,"JC Davis","RICE",22,52,188,212,62,46,11,0,5,42,38,16,17,1,2,5,2,3,0,0.329787234,"JC Davis","sa3069911",
2026,"Bryson Trammell","GASO",23,51,185,228,61,38,18,0,5,37,43,30,47,10,3,0,2,3,3,0.329729729,"Bryson Trammell","sa3065151",
2026,"Sherman Johnson","NCSU",21,54,182,221,60,42,7,2,9,42,48,26,32,9,3,1,5,11,3,0.329670329,"Sherman Johnson","sa3073566",
2026,"Kain Collins","CHSO",23,49,176,220,58,45,12,1,0,51,23,35,34,3,1,5,0,27,4,0.329545454,"Kain Collins","sa3029190",
2026,"Will Vasseur","UCSB",,49,173,205,57,43,11,0,3,35,32,10,18,9,2,11,9,4,1,0.329479768,"Will Vasseur","sa3060828",
2026,"Brady Thomas","JVST",,56,167,223,55,27,13,4,11,46,43,35,48,14,1,6,3,7,2,0.329341317,"Brady Thomas","sa3060736",
2026,"Ethan Gibson","VT",21,53,161,192,53,31,14,0,8,35,28,22,41,0,4,5,3,3,0,0.329192546,"Ethan Gibson","sa3032183",
2026,"Kam Durnin","MIZ",21,43,158,192,52,33,9,1,9,33,25,27,38,5,2,0,3,11,3,0.329113924,"Kam Durnin","sa3030695",
2026,"Edwin Lemus Hudson Jr.","JKST",21,49,158,206,52,39,10,2,1,41,37,24,23,19,3,2,3,2,1,0.329113924,"Edwin Lemus Hudson Jr.","sa3070382",
2026,"Dominic Smaldino","ASU",21,59,234,260,77,45,13,1,18,49,56,18,56,7,1,0,5,3,2,0.329059829,"Dominic Smaldino","sa3042445",
2026,"Beau Sylvester","ARIZ",23,40,155,171,51,36,10,2,3,27,15,9,31,7,0,0,5,2,0,0.329032258,"Beau Sylvester","sa3043434",
2026,"Derrick Pitts","CIN",20,58,231,277,76,58,12,0,6,49,42,30,61,9,2,5,7,17,5,0.329004329,"Derrick Pitts","sa3060277",
2026,"Anibal Rivera","QUC",,48,152,189,50,32,10,3,5,23,18,25,53,9,1,2,1,10,2,0.328947368,"Anibal Rivera","sa3060380",
2026,"Nate Savoie","CLEM",20,57,228,264,75,46,13,0,16,52,52,27,49,7,2,0,4,5,2,0.328947368,"Nate Savoie","sa3060500",
2026,"Hunter Sute","MAN",24,42,149,172,49,30,13,2,4,31,31,22,36,0,1,0,4,0,0,0.32885906,"Hunter Sute","sa3060697",
2026,"Evan Wilson","RICH",,50,149,188,49,25,15,0,9,37,36,24,25,13,0,2,3,8,5,0.32885906,"Evan Wilson","sa3071633",
2026,"Michael Quick","BRAD",,56,216,255,71,58,9,0,4,30,31,24,31,8,0,7,3,18,4,0.328703703,"Michael Quick","sa3060324",
2026,"Charlie Schebler","BUT",,50,143,158,47,33,9,0,5,20,24,13,32,1,1,0,1,2,2,0.328671328,"Charlie Schebler","sa3041680",
2026,"Alan Benhardt","WIN",,57,210,257,69,51,15,1,2,46,50,27,24,11,7,2,3,11,5,0.328571428,"Alan Benhardt","sa3026955",
2026,"John Paul Head","UAB",20,55,207,258,68,35,9,2,22,55,56,43,46,7,1,0,4,11,3,0.328502415,"John Paul Head","sa3059445",
2026,"Jeremy Cheeseman","FDU",21,54,131,184,43,21,6,1,15,51,45,31,33,21,1,0,1,18,0,0.328244274,"Jeremy Cheeseman","sa3028816",
2026,"Nate Castellon","CP",,61,262,301,86,67,14,0,5,49,31,24,15,10,2,3,4,4,3,0.328244274,"Nate Castellon","sa3058837",
2026,"Tyler Wright","CHSO",,41,131,166,43,32,7,0,4,35,37,16,19,18,1,0,3,4,3,0.328244274,"Tyler Wright","sa3065450",
2026,"Will Brown","FAMU",23,53,195,244,64,43,12,1,8,51,33,18,58,23,4,4,0,9,5,0.328205128,"Will Brown","sa3027884",
2026,"JoJo Montgomery","VILL",,40,128,149,42,31,7,0,4,25,19,10,25,7,0,4,0,13,1,0.328125,"JoJo Montgomery","sa3060071",
2026,"Jeremy Delamota","FDU",23,54,186,227,61,35,17,1,8,46,47,26,46,12,3,0,2,18,4,0.327956989,"Jeremy Delamota","sa3059028",
2026,"Eli Watson","BELL",23,53,177,214,58,47,9,0,2,24,37,24,23,10,0,3,2,4,5,0.327683615,"Eli Watson","sa3044857",
2026,"Jamie Daly","DAV",20,49,177,222,58,36,9,2,11,44,40,28,63,14,2,1,2,13,1,0.327683615,"Jamie Daly","sa3058978",
2026,"Dane Harvey","OSU",21,49,177,212,58,25,14,0,19,38,57,18,44,12,5,0,2,1,1,0.327683615,"Dane Harvey","sa3070293",
2026,"Camden Righi","CONN",19,49,177,205,58,35,10,3,10,40,44,21,42,4,2,1,1,10,2,0.327683615,"Camden Righi","sa3073789",
2026,"Roger Vergara","JAX",,55,220,251,72,58,8,0,6,47,43,18,22,7,6,0,4,8,1,0.327272727,"Roger Vergara","sa3065764",
2026,"Wesley Helms","UAB",23,58,217,254,71,57,8,0,6,38,41,30,22,2,4,1,9,5,1,0.32718894,"Wesley Helms","sa3059458",
2026,"Pete Daniel","VT",21,49,159,203,52,40,9,1,2,39,22,36,43,6,0,2,2,8,3,0.327044025,"Pete Daniel","sa3029827",
2026,"Kayden Bradshaw","AFA",20,43,159,196,52,35,10,2,5,55,37,17,44,16,2,2,1,18,3,0.327044025,"Kayden Bradshaw","sa3058708",
2026,"Matt Bucciero","FAIR",21,53,208,258,68,34,13,1,20,56,57,40,53,9,1,0,2,20,3,0.326923076,"Matt Bucciero","sa3027938",
2026,"Adrian Rodriguez","TEX",20,53,208,249,68,42,18,3,5,47,47,33,34,2,4,2,3,14,4,0.326923076,"Adrian Rodriguez","sa3060398",
2026,"Louie Bartletti","W&M",,47,153,181,50,33,9,2,6,39,30,24,33,4,0,0,1,21,5,0.326797385,"Louie Bartletti","sa3069568",
2026,"Paul Schoenfeld","WVU",23,64,254,306,83,56,19,4,4,48,52,40,41,4,3,5,4,26,6,0.326771653,"Paul Schoenfeld","sa3071236",
2026,"Jace Jeremiah","SAC",23,59,202,238,66,50,12,0,4,38,35,26,38,3,4,3,4,2,2,0.326732673,"Jace Jeremiah","sa3034667",
2026,"Jayce Lee","ND",20,53,202,242,66,38,12,3,13,54,46,29,47,9,2,0,5,2,1,0.326732673,"Jayce Lee","sa3059777",
2026,"Jason Wachs","TULN",20,56,202,256,66,35,21,1,9,48,54,38,38,12,4,0,2,4,2,0.326732673,"Jason Wachs","sa3060850",
2026,"Michael Kuska","VAL",,45,150,177,49,45,2,2,0,24,21,20,18,3,0,4,5,3,1,0.326666666,"Michael Kuska","sa3065344",
2026,"Deiten Lachance","OU",21,65,248,285,81,49,12,2,18,50,69,29,46,3,5,0,6,2,0,0.326612903,"Deiten Lachance","sa3070546",
2026,"Gavin Thorburn","SIE",,46,147,177,48,42,5,1,0,30,16,19,11,6,3,2,3,7,2,0.326530612,"Gavin Thorburn","sa3043795",
2026,"Carlos Vasquez","KSU",23,38,144,167,47,28,10,2,7,35,47,10,22,9,4,0,9,4,0,0.326388888,"Carlos Vasquez","sa3044386",
2026,"Konner Gidley","UAPB",,54,190,235,62,50,9,2,1,37,33,26,29,8,3,8,3,4,1,0.326315789,"Konner Gidley","sa3070163",
2026,"Ryan Gerety","NE",22,61,236,295,77,50,20,2,5,61,37,51,45,6,1,1,2,20,6,0.326271186,"Ryan Gerety","sa3032137",
2026,"Kollin Ritchie","OKST",21,60,230,290,75,29,13,2,31,81,75,45,67,14,1,0,3,2,3,0.326086956,"Kollin Ritchie","sa3040802",
2026,"Jordan Jaffe","LIB",22,57,227,259,74,56,12,3,3,48,45,22,35,3,7,0,8,7,0,0.325991189,"Jordan Jaffe","sa3034540",
2026,"Brayden Huebner","BALL",,51,181,214,59,29,16,2,12,61,40,26,45,5,1,1,0,14,3,0.32596685,"Brayden Huebner","sa3066980",
2026,"Ethan Puig","APP",20,53,224,256,73,56,12,2,3,46,46,17,17,4,4,7,7,7,3,0.325892857,"Ethan Puig","sa3060318",
2026,"Drew Grego","NEB",19,53,175,207,57,36,13,1,7,33,44,16,49,13,2,1,4,5,3,0.325714285,"Drew Grego","sa3073559",
2026,"Carson Tinney","TEX",21,61,218,286,71,36,13,0,22,68,58,55,66,12,1,0,1,10,1,0.325688073,"Carson Tinney","sa3043851",
2026,"Levi Castilleja","HCU",,41,129,157,42,26,12,0,4,22,27,11,15,13,1,3,2,0,0,0.325581395,"Levi Castilleja","sa3069765",
2026,"Danny Orr","UMBC",20,53,212,247,69,46,16,2,5,47,43,20,32,8,5,2,2,3,1,0.325471698,"Danny Orr","sa3065105",
2026,"Jayder Raifstanger","SJU",21,62,252,295,82,63,16,0,3,48,49,32,47,8,2,1,6,7,2,0.325396825,"Jayder Raifstanger","sa3040394",
2026,"CJ Egrie","HC",22,47,166,215,54,42,7,2,3,48,22,38,22,9,0,2,4,46,2,0.325301204,"CJ Egrie","sa3030839",
2026,"Cole Fellows","COLU",22,42,166,191,54,31,14,1,8,32,36,20,27,4,1,0,7,3,2,0.325301204,"Cole Fellows","sa3031229",
2026,"Braydon Kersey","MER",20,58,206,251,67,35,11,0,21,50,67,37,62,6,2,0,1,9,2,0.325242718,"Braydon Kersey","sa3059671",
2026,"Maikol Lucena","BCU",22,58,206,251,67,57,10,0,0,46,47,24,21,18,3,0,3,9,3,0.325242718,"Maikol Lucena","sa3070634",
2026,"Luke Gallo","BC",20,54,163,204,53,41,9,1,2,26,36,20,23,12,1,8,4,9,2,0.325153374,"Luke Gallo","sa3074279",
2026,"Maverick Stallings","ODU",23,55,200,232,65,37,15,1,12,37,46,26,59,5,1,0,5,5,0,0.325,"Maverick Stallings","sa3042914",
2026,"Marcus Harrison","NKU",,53,197,243,64,49,12,0,3,46,45,35,49,11,0,0,3,13,2,0.324873096,"Marcus Harrison","sa3059420",
2026,"Gehrig Frei","MSST",23,59,234,259,76,50,12,2,12,49,47,19,47,5,0,1,5,6,3,0.324786324,"Gehrig Frei","sa3031698",
2026,"Grayson Fitzwater","VMI",22,55,194,253,63,24,16,2,21,57,64,50,41,6,3,0,3,12,2,0.324742268,"Grayson Fitzwater","sa3031417",
2026,"Charlie Sutherland","MINN",21,53,194,237,63,39,11,2,11,47,56,29,31,10,2,2,0,15,1,0.324742268,"Charlie Sutherland","sa3043344",
2026,"Julian Swift","SFA",,56,228,249,74,53,12,4,5,40,55,13,19,5,2,1,8,10,5,0.324561403,"Julian Swift","sa3060706",
2026,"Juan De la Cruz","STET",21,44,151,195,49,37,12,0,0,42,12,28,15,12,0,4,4,29,3,0.324503311,"Juan De la Cruz","sa3030047",
2026,"Gialdri Gomez","UNF",22,46,151,182,49,34,10,0,5,33,27,21,25,7,2,1,4,5,1,0.324503311,"Gialdri Gomez","sa3070184",
2026,"Kameron Byrd","SOU",21,47,182,212,59,46,7,3,3,42,45,18,31,8,3,1,3,8,3,0.324175824,"Kameron Byrd","sa3028200",
2026,"TJ Williams","EMU",22,40,145,177,47,40,5,2,0,31,8,27,27,3,0,2,0,14,3,0.324137931,"TJ Williams","sa3060934",
2026,"Joe Connolly","WIU",,53,216,264,70,52,14,2,2,61,24,31,41,10,2,5,1,21,2,0.324074074,"Joe Connolly","sa3065278",
2026,"Jack Basseer","USC",22,54,179,215,58,31,15,2,10,44,42,22,39,12,1,1,1,1,1,0.324022346,"Jack Basseer","sa3026693",
2026,"Anthony Paskell","RID",,53,213,260,69,53,8,1,7,60,47,30,27,10,6,1,1,16,0,0.323943661,"Anthony Paskell","sa3039514",
2026,"Derek Paris","UMBC",,50,176,207,57,43,12,0,2,32,32,20,15,3,4,4,2,5,0,0.323863636,"Derek Paris","sa3039433",
2026,"Blake Schaaf","WAKE",21,56,173,213,56,35,14,2,5,46,33,29,38,5,2,4,3,9,1,0.323699421,"Blake Schaaf","sa3041651",
2026,"Joey Pagano","JOES",23,55,207,251,67,42,16,1,8,46,49,38,31,4,2,0,2,9,1,0.323671497,"Joey Pagano","sa3060195",
2026,"Ryan Frontera","HALL",21,46,170,201,55,49,5,0,1,26,23,22,28,4,4,1,2,3,0,0.323529411,"Ryan Frontera","sa3031740",
2026,"Jake Tandy","PAC",21,54,204,221,66,44,16,0,6,37,49,14,31,2,0,1,7,0,2,0.323529411,"Jake Tandy","sa3043499",
2026,"Jabin Trosky","SDSU",23,60,238,270,77,59,13,3,2,52,27,20,19,5,2,5,4,10,0,0.323529411,"Jabin Trosky","sa3044079",
2026,"Layne Akers","MTSU",20,46,170,191,55,35,12,1,7,29,31,15,40,3,0,3,1,4,0,0.323529411,"Layne Akers","sa3069466",
2026,"Nolan Freund","LR",,64,235,259,76,59,9,0,8,39,44,16,14,4,3,1,5,4,0,0.323404255,"Nolan Freund","sa3070121",
2026,"Paul Jones II","MD",20,54,201,240,65,39,14,0,12,42,54,26,53,8,4,1,3,3,1,0.323383084,"Paul Jones II","sa3059626",
2026,"Matt Quintanar","TTU",22,54,201,231,65,45,14,0,6,35,46,20,17,4,5,1,6,1,0,0.323383084,"Matt Quintanar","sa3071065",
2026,"Carter Boyd","DSU",,42,133,165,43,29,7,0,7,31,35,20,26,7,5,0,1,2,0,0.32330827,"Carter Boyd","sa3058702",
2026,"Ty Mainolfi","BC",19,60,232,274,75,54,16,3,2,54,51,31,34,5,2,4,10,19,2,0.323275862,"Ty Mainolfi","sa3059897",
2026,"Dakota Joggerst","SEMO",,47,164,200,53,42,10,1,0,26,27,25,20,7,2,2,7,2,0,0.323170731,"Dakota Joggerst","sa3070444",
2026,"Wilfred Gonzalez","FGCU",,58,229,271,74,60,11,1,2,36,30,31,26,6,3,2,8,0,0,0.323144104,"Wilfred Gonzalez","sa3070191",
2026,"Davin Whitaker","ECU",21,62,195,242,63,41,9,3,10,52,45,30,46,8,3,6,1,6,0,0.323076923,"Davin Whitaker","sa3065447",
2026,"Trey Fenderson","PITT",22,57,226,256,73,50,14,2,7,47,58,23,48,2,4,1,5,14,3,0.323008849,"Trey Fenderson","sa3031237",
2026,"Eric Jeon","STAN",21,46,161,193,52,35,8,0,9,34,28,26,27,4,2,0,3,3,1,0.322981366,"Eric Jeon","sa3034666",
2026,"Rj Johnson","RICH",22,53,161,200,52,31,13,0,8,41,42,22,35,15,1,1,1,7,3,0.322981366,"Rj Johnson","sa3034804",
2026,"Carlos Irizarry","BRY",22,47,161,185,52,34,12,1,5,35,30,12,24,5,2,5,3,10,2,0.322981366,"Carlos Irizarry","sa3070409",
2026,"Brett Stanley","EIU",23,54,223,273,72,48,17,5,2,50,37,33,25,7,2,8,3,21,6,0.322869955,"Brett Stanley","sa3042940",
2026,"Clayton Slack","USI",23,58,223,269,72,61,7,1,3,44,40,26,27,13,4,3,4,9,3,0.322869955,"Clayton Slack","sa3060591",
2026,"Akili Carris","UNM",22,51,189,215,61,45,10,3,3,41,42,17,22,2,5,2,8,5,0,0.322751322,"Akili Carris","sa3028494",
2026,"Makani Tanaka","ORU",22,59,251,284,81,47,13,7,14,49,54,19,63,9,2,3,1,7,0,0.322709163,"Makani Tanaka","sa3060716",
2026,"Jayden Hamilton","MRMK",,55,217,253,70,58,8,0,4,46,42,30,29,1,4,1,2,3,1,0.322580645,"Jayden Hamilton","sa3059400",
2026,"Nick Biddle","HOF",,39,124,148,40,33,6,1,0,21,14,9,13,6,2,7,2,0,0,0.322580645,"Nick Biddle","sa3065505",
2026,"Andrew Williamson","UCF",20,55,214,265,69,36,13,4,16,58,48,41,47,7,3,0,1,8,5,0.322429906,"Andrew Williamson","sa3045245",
2026,"Jacob Brooks","NIA",,49,214,232,69,60,8,0,1,35,23,12,24,1,4,1,2,15,5,0.322429906,"Jacob Brooks","sa3058733",
2026,"Mason Hughes","UNCW",,55,183,225,59,44,12,0,3,42,30,27,35,12,2,1,3,9,4,0.322404371,"Mason Hughes","sa3066830",
2026,"Eric Guevara","AUB",21,62,242,284,78,53,12,0,13,50,55,23,51,12,6,1,3,4,1,0.322314049,"Eric Guevara","sa3032834",
2026,"Josh Williams","NKU",,51,211,245,68,37,18,2,11,47,49,25,41,7,2,0,2,12,2,0.322274881,"Josh Williams","sa3045319",
2026,"Nick Barone","LIB",22,63,239,278,77,42,19,4,12,49,58,31,55,6,2,0,3,19,4,0.322175732,"Nick Barone","sa3026616",
2026,"Jon Legrande","SJU",22,59,239,283,77,56,14,1,6,52,46,27,37,12,3,2,2,27,13,0.322175732,"Jon Legrande","sa3059786",
2026,"Bryce Blaser","ULM",22,55,208,262,67,44,17,2,4,51,47,43,30,5,5,1,3,18,1,0.322115384,"Bryce Blaser","sa3027246",
2026,"Brady Waugh","UAB",21,58,208,258,67,47,12,1,7,44,49,40,33,3,4,3,5,7,0,0.322115384,"Brady Waugh","sa3071566",
2026,"Davis Gillespie","USM",22,61,236,282,76,44,16,1,15,56,53,37,46,5,4,0,4,0,0,0.322033898,"Davis Gillespie","sa3032231",
2026,"Caden Wolfley","CHSO",,50,177,229,57,47,10,0,0,51,23,37,30,9,3,3,3,18,5,0.322033898,"Caden Wolfley","sa3071648",
2026,"Ryan Skjonsby","WSU",22,59,205,247,66,47,10,1,8,43,57,24,39,11,4,3,1,5,2,0.321951219,"Ryan Skjonsby","sa3060589",
2026,"Lazaro Alvarado","UAPB",,49,174,206,56,50,5,0,1,35,28,22,17,5,0,5,2,0,0,0.32183908,"Lazaro Alvarado","sa3069487",
2026,"Evan Cloyd","CSUB",,55,202,254,65,50,8,0,7,43,49,23,29,25,4,0,4,6,2,0.321782178,"Evan Cloyd","sa3029063",
2026,"Andrey Martinez","BCU",25,51,202,233,65,35,14,1,15,54,53,22,30,5,4,0,7,10,1,0.321782178,"Andrey Martinez","sa3059929",
2026,"John Smith","UCF",22,49,202,227,65,39,13,1,12,40,49,17,31,5,3,0,2,2,2,0.321782178,"John Smith","sa3060617",
2026,"Cristian Enriquez","UIW",,43,143,168,46,38,5,0,3,20,32,19,20,2,4,0,10,3,0,0.321678321,"Cristian Enriquez","sa3070031",
2026,"Nick Lovarco","MONM",22,51,171,205,55,36,7,1,11,46,40,26,43,3,5,0,4,10,3,0.321637426,"Nick Lovarco","sa3062636",
2026,"Ty Johnsen","UTU",23,55,168,225,54,42,9,0,3,43,33,32,40,14,2,9,4,4,0,0.321428571,"Ty Johnsen","sa3034823",
2026,"Zack Ramppen","SF",22,45,140,159,45,34,9,1,1,21,14,8,21,7,2,2,7,1,0,0.321428571,"Zack Ramppen","sa3040437",
2026,"Griffen Sotomayor","FRES",22,37,140,167,45,29,10,0,6,31,36,21,34,4,2,0,9,1,1,0.321428571,"Griffen Sotomayor","sa3042778",
2026,"Owen Washburn","WICH",22,58,224,253,72,45,17,1,9,44,50,21,34,2,5,1,4,2,1,0.321428571,"Owen Washburn","sa3044821",
2026,"Evan Rogers","UNO",,53,196,229,63,53,7,0,3,33,29,25,48,5,0,3,2,14,5,0.321428571,"Evan Rogers","sa3071152",
2026,"Jeter Worthley","NEB",19,53,193,238,62,44,13,3,2,45,21,19,35,19,0,7,3,6,1,0.321243523,"Jeter Worthley","sa3071653",
2026,"Hederick Torres","JKST",21,48,165,208,53,39,13,0,1,34,36,25,36,6,2,10,3,3,0,0.321212121,"Hederick Torres","sa3043959",
2026,"Reese Moody","JMU",20,53,190,232,61,46,10,3,2,36,28,20,26,10,4,8,1,35,4,0.321052631,"Reese Moody","sa3060072",
2026,"Charlie Marion","MILW",22,58,215,250,69,38,16,1,14,52,60,23,50,8,3,1,2,8,1,0.320930232,"Charlie Marion","sa3059914",
2026,"Vince Venditti","SIE",,36,134,171,43,26,14,0,3,35,27,28,25,1,3,5,1,6,3,0.320895522,"Vince Venditti","sa3060838",
2026,"Alex Mendes","MSM",22,48,187,229,60,38,12,1,9,48,47,22,27,15,2,3,0,38,1,0.320855614,"Alex Mendes","sa3060015",
2026,"Jaylyn Bennett","ALCN",,48,159,197,51,37,10,2,2,27,25,17,46,16,2,3,3,8,3,0.320754716,"Jaylyn Bennett","sa3026975",
2026,"Nash Rippen","UNA",23,59,212,276,68,34,16,0,18,54,57,53,66,7,4,0,1,2,0,0.320754716,"Nash Rippen","sa3060374",
2026,"Jeremy Sheffield","GTWN",21,55,212,258,68,49,14,1,4,40,47,42,35,3,1,0,6,16,3,0.320754716,"Jeremy Sheffield","sa3060561",
2026,"Brandon McCraine","AUB",21,63,212,252,68,55,11,1,1,38,29,30,44,5,4,1,4,18,4,0.320754716,"Brandon McCraine","sa3073757",
2026,"Lucas Manning","WOF",,43,131,155,42,22,10,3,7,38,29,14,31,7,2,1,1,9,1,0.320610687,"Lucas Manning","sa3036990",
2026,"Jake Mueller","UNCG",,53,209,242,67,49,10,1,7,35,36,27,38,3,3,0,9,1,1,0.320574162,"Jake Mueller","sa3070830",
2026,"Armani Guzman","WVU",21,64,234,288,75,50,22,2,1,66,45,39,42,5,6,4,6,42,4,0.32051282,"Armani Guzman","sa3032893",
2026,"Dean Toigo","ASU",23,60,234,283,75,39,15,1,20,64,59,27,42,17,4,1,5,4,4,0.32051282,"Dean Toigo","sa3060763",
2026,"Henry Allen","UGA",20,46,156,194,50,27,10,0,13,42,41,28,39,8,2,0,5,3,0,0.32051282,"Henry Allen","sa3069477",
2026,"Pierre Cabral","JKST",22,53,206,251,66,39,19,0,8,52,53,28,36,11,5,1,3,14,4,0.320388349,"Pierre Cabral","sa3058788",
2026,"Jett Kenady","CAL",19,51,206,220,66,37,17,1,11,36,34,10,46,1,3,0,4,1,0,0.320388349,"Jett Kenady","sa3070495",
2026,"Roch Cholowsky","UCLA",21,60,231,299,74,43,10,0,21,73,60,36,36,25,7,0,6,1,0,0.32034632,"Roch Cholowsky","sa3028866",
2026,"Erich Hartmann","RID",22,52,231,257,74,52,14,1,7,48,41,12,24,6,5,3,2,2,0,0.32034632,"Erich Hartmann","sa3033350",
2026,"Mason McCraine","AUB",19,51,178,216,57,33,14,2,8,45,42,30,46,5,3,0,2,5,3,0.320224719,"Mason McCraine","sa3070736",
2026,"Cade Baldridge","KU",21,60,253,293,81,60,14,0,7,47,43,25,55,13,1,1,3,6,1,0.320158102,"Cade Baldridge","sa3069546",
2026,"Sam Flores","PUR",22,57,225,265,72,43,17,1,11,49,54,27,42,11,2,0,5,10,1,0.32,"Sam Flores","sa3059201",
2026,"Erick Almonte","BCU",22,57,200,256,64,43,15,2,4,50,49,43,26,7,3,3,2,15,4,0.32,"Erick Almonte","sa3066464",
2026,"Brayden Jaksa","ORE",19,49,175,200,56,39,6,1,10,34,37,18,45,6,1,0,2,7,3,0.32,"Brayden Jaksa","sa3070423",
2026,"Kyle Langley","JMU",21,53,197,240,63,49,7,2,5,40,36,25,36,6,2,10,1,14,2,0.319796954,"Kyle Langley","sa3035939",
2026,"Cooper Clapp","MTSU",22,56,197,242,63,41,9,1,12,42,34,34,37,1,3,7,2,7,4,0.319796954,"Cooper Clapp","sa3058873",
2026,"Bryce Fowler","ALA",23,62,244,288,78,51,19,2,6,56,40,32,63,9,3,0,1,15,2,0.319672131,"Bryce Fowler","sa3031593",
2026,"Joseph Urban","USM",22,61,244,294,78,49,11,3,15,70,55,38,41,8,1,3,4,6,1,0.319672131,"Joseph Urban","sa3044249",
2026,"Chris McHugh","NCSU",20,56,219,257,70,44,16,1,9,41,50,25,43,10,3,0,7,4,2,0.319634703,"Chris McHugh","sa3037627",
2026,"Tyler Cox","HOU",25,55,194,237,62,53,6,2,1,33,21,26,17,7,1,9,8,4,3,0.319587628,"Tyler Cox","sa3029501",
2026,"Aidan Meola","OKST",23,50,194,231,62,34,10,1,17,48,69,20,65,16,1,0,2,0,0,0.319587628,"Aidan Meola","sa3037875",
2026,"Andrew Hunt","UAB",23,56,194,247,62,41,14,0,7,51,46,41,37,9,3,0,6,11,5,0.319587628,"Andrew Hunt","sa3059550",
2026,"Ben North","CREI",23,57,216,265,69,42,14,2,11,51,44,35,61,13,1,0,4,26,3,0.319444444,"Ben North","sa3038935",
2026,"Thomas Williams","RGV",23,53,216,258,69,48,14,2,5,46,40,34,51,3,4,1,1,8,5,0.319444444,"Thomas Williams","sa3060933",
2026,"Tanner Berry","UNCG",19,44,144,176,46,37,7,1,1,26,25,18,44,9,2,3,5,2,3,0.319444444,"Tanner Berry","sa3075201",
2026,"Joe Tiroly","UVA",21,60,238,277,76,47,13,0,16,58,66,30,39,7,2,0,9,2,0,0.319327731,"Joe Tiroly","sa3043858",
2026,"Jordan Treadwell","COPP",,41,119,147,38,26,6,2,4,35,18,21,23,1,3,3,0,10,1,0.319327731,"Jordan Treadwell","sa3074440",
2026,"Christopher Hacopian","TA&M",21,42,166,195,53,32,10,0,11,34,41,25,21,1,3,0,4,3,0,0.319277108,"Christopher Hacopian","sa3032936",
2026,"Nick Dicarlo","NCAT",21,47,188,206,60,47,11,2,0,29,21,12,21,1,3,2,3,10,4,0.319148936,"Nick Dicarlo","sa3059052",
2026,"Tyler Kamerer","MRSH",22,55,232,256,74,50,20,2,2,56,30,16,30,7,1,0,6,6,3,0.318965517,"Tyler Kamerer","sa3059640",
2026,"Ian Wirtz","LEH",,36,116,137,37,26,9,2,0,19,18,16,27,2,3,0,2,3,0,0.318965517,"Ian Wirtz","sa3060949",
2026,"Robert Tate Jr.","JKST",20,53,229,264,73,59,6,3,5,54,40,18,43,3,4,10,2,13,2,0.318777292,"Robert Tate Jr.","sa3043525",
2026,"Frank Kelly","HPU",21,57,182,237,58,40,15,0,3,45,30,33,38,11,1,10,1,13,4,0.318681318,"Frank Kelly","sa3035212",
2026,"Avery Thielman","WMU",22,50,182,207,58,38,13,1,6,28,42,14,30,4,6,1,4,2,2,0.318681318,"Avery Thielman","sa3043667",
2026,"Jonathan Gonzalez Perez","UMES",22,48,182,214,58,34,9,1,14,37,58,22,33,4,5,1,4,1,1,0.318681318,"Jonathan Gonzalez Perez","sa3059324",
2026,"Khamaree Thomas","MSU",20,51,182,220,58,44,12,0,2,40,31,27,35,1,4,6,1,8,1,0.318681318,"Khamaree Thomas","sa3066099",
2026,"Jacob Dilley","UNCG",21,53,204,237,65,41,12,2,10,37,38,19,40,10,4,0,2,3,1,0.31862745,"Jacob Dilley","sa3030335",
2026,"Casey Wensley","BRY",,52,204,246,65,45,14,5,1,57,33,34,17,5,2,1,0,30,2,0.31862745,"Casey Wensley","sa3071584",
2026,"Luke Gaffney","CLEM",22,55,201,248,64,43,12,0,9,36,43,33,24,11,2,1,4,0,0,0.31840796,"Luke Gaffney","sa3031815",
2026,"Camden Kozeal","ARK",21,62,245,289,78,38,18,2,20,59,71,36,54,4,3,1,2,1,1,0.318367346,"Camden Kozeal","sa3070534",
2026,"Brant Baughcum","MER",22,58,220,271,70,45,14,0,11,55,52,22,28,17,4,8,3,7,0,0.318181818,"Brant Baughcum","sa3026739",
2026,"Rashawn Galloway","TXST",22,63,264,285,84,42,27,3,12,53,48,18,23,3,0,0,4,1,1,0.318181818,"Rashawn Galloway","sa3031872",
2026,"Alejandro Garza","CP",21,63,286,306,91,65,21,0,5,46,50,11,19,5,3,1,9,4,1,0.318181818,"Alejandro Garza","sa3032018",
2026,"Jaylen Hernandez","WIN",22,57,198,252,63,37,11,0,15,43,45,28,45,24,2,0,2,10,5,0.318181818,"Jaylen Hernandez","sa3033679",
2026,"Finnegan Stewart","UTU",21,58,220,250,70,44,16,3,7,34,56,22,47,4,3,1,4,1,2,0.318181818,"Finnegan Stewart","sa3060674",
2026,"Jaden Correa","MORE",20,48,176,189,56,35,8,1,12,36,47,7,45,1,1,4,6,9,4,0.318181818,"Jaden Correa","sa3069855",
2026,"Mateo Rickman","CSUN",19,44,132,151,42,30,8,1,3,20,21,7,22,8,2,2,2,1,1,0.318181818,"Mateo Rickman","sa3071115",
2026,"Reed Stallman","MSST",23,57,173,205,55,29,12,1,13,34,55,23,51,6,3,0,2,3,1,0.317919075,"Reed Stallman","sa3042915",
2026,"Grayson Childers","QUC",,53,173,223,55,29,13,1,12,35,32,35,45,9,2,4,0,5,3,0.317919075,"Grayson Childers","sa3069794",
2026,"Andon Lewis","WES",,40,151,173,48,33,5,0,10,26,36,14,35,5,3,0,2,10,3,0.317880794,"Andon Lewis","sa3059801",
2026,"Matthew Russo","USM",23,61,236,284,75,48,16,0,11,51,56,22,42,24,2,0,5,0,0,0.31779661,"Matthew Russo","sa3041345",
2026,"Liam Ebbs","LAF",20,28,107,123,34,21,9,0,4,21,13,8,12,6,2,0,0,3,1,0.317757009,"Liam Ebbs","sa3059110",
2026,"Owen Nowak","MTSU",21,57,214,264,68,51,9,0,8,50,37,36,11,10,2,2,2,8,1,0.317757009,"Owen Nowak","sa3070893",
2026,"Isaac Sturgess","MSU",20,53,192,218,61,41,15,1,4,42,33,18,35,4,4,0,2,4,3,0.317708333,"Isaac Sturgess","sa3060687",
2026,"Ethan Thomas","NKU",24,50,170,203,54,33,12,0,9,38,39,22,42,8,3,0,4,1,1,0.317647058,"Ethan Thomas","sa3043689",
2026,"Joey Donnelly","FOR",23,53,189,225,60,31,18,0,11,44,47,25,42,5,4,2,3,15,5,0.317460317,"Joey Donnelly","sa3030463",
2026,"Cade Arrambide","LSU",20,52,189,223,60,34,8,0,18,44,51,28,63,5,1,0,4,0,0,0.317460317,"Cade Arrambide","sa3058520",
2026,"Liam Barrett","UCSB",,36,126,164,40,28,9,0,3,35,18,26,23,7,1,4,0,3,0,0.317460317,"Liam Barrett","sa3066465",
2026,"Michael Maggio","ALB",,43,167,193,53,47,5,1,0,33,19,23,16,0,0,3,2,20,3,0.317365269,"Michael Maggio","sa3036850",
2026,"Sean Benjamin","UNF",,49,167,193,53,37,16,0,0,30,21,18,24,6,2,0,7,4,1,0.317365269,"Sean Benjamin","sa3069597",
2026,"Anthony DeCesare","DEL",,43,145,173,46,32,7,0,7,33,31,21,28,5,2,0,6,0,2,0.317241379,"Anthony DeCesare","sa3069923",
2026,"Javier Crespo","UCF",23,52,186,220,59,44,9,1,5,34,26,20,28,10,2,2,7,1,0,0.317204301,"Javier Crespo","sa3029553",
2026,"Wandel Campana","WIU",,52,186,241,59,45,10,0,4,33,38,34,37,16,4,1,3,8,2,0.317204301,"Wandel Campana","sa3065012",
2026,"Diego Cardenas","ACU",22,57,227,271,72,29,18,0,25,55,69,38,79,4,2,0,4,0,0,0.317180616,"Diego Cardenas","sa3058811",
2026,"Drake Anderson","UIW",,47,164,213,52,41,6,0,5,31,27,30,34,10,4,5,6,5,7,0.31707317,"Drake Anderson","sa3026039",
2026,"Reese Chapman","TENN",22,57,205,243,65,33,20,1,11,52,46,31,45,5,0,2,2,7,0,0.31707317,"Reese Chapman","sa3028757",
2026,"Collin Quintano","VILL",22,46,164,196,52,28,13,0,11,33,46,22,49,8,2,0,0,0,0,0.31707317,"Collin Quintano","sa3040355",
2026,"Justin Best","MAN",21,49,164,212,52,36,8,1,7,36,32,32,43,12,4,0,1,4,0,0.31707317,"Justin Best","sa3058635",
2026,"Wylie Waters","UPST",22,58,205,232,65,42,10,1,12,37,50,18,60,8,1,0,3,2,2,0.31707317,"Wylie Waters","sa3060878",
2026,"Ethan Surowiec","FLA",21,62,246,287,78,51,14,1,12,53,63,37,66,2,1,1,5,2,1,0.31707317,"Ethan Surowiec","sa3065146",
2026,"AJ Kolb","TOW",,43,123,152,39,36,1,0,2,20,21,9,9,5,2,13,1,10,1,0.31707317,"AJ Kolb","sa3066354",
2026,"Sam Harry","SAC",19,61,246,285,78,52,19,2,5,59,34,24,53,11,3,1,3,4,3,0.31707317,"Sam Harry","sa3070287",
2026,"Kyle Jones","FLA",21,58,224,275,71,48,16,1,6,58,46,33,45,10,6,2,2,17,4,0.316964285,"Kyle Jones","sa3034889",
2026,"Taylor Kirk","FOR",20,55,224,265,71,54,13,2,2,53,30,26,27,8,3,4,2,30,7,0.316964285,"Taylor Kirk","sa3059690",
2026,"Cooper Neville","DBU",21,58,202,245,64,44,11,1,8,49,38,33,54,5,2,3,1,17,4,0.316831683,"Cooper Neville","sa3038797",
2026,"Conner Ross","CBU",22,58,202,262,64,35,14,0,15,53,50,41,49,13,3,3,4,7,5,0.316831683,"Conner Ross","sa3060425",
2026,"David Alvarez","EKU",22,54,221,243,70,44,16,2,8,40,49,12,50,9,1,0,5,1,4,0.316742081,"David Alvarez","sa3025974",
2026,"Grayson Ashe","JVST",,63,221,271,70,51,10,1,8,44,64,25,37,14,7,4,1,3,1,0.316742081,"Grayson Ashe","sa3058524",
2026,"Nick Flores","VCU",,54,221,247,70,42,23,0,5,40,38,14,25,6,0,6,4,18,3,0.316742081,"Nick Flores","sa3059200",
2026,"Eric Becker","UVA",21,46,180,220,57,33,16,1,7,52,42,19,36,18,3,0,1,4,1,0.316666666,"Eric Becker","sa3026844",
2026,"Robert Nedry","CLT",21,56,199,242,63,47,11,1,4,40,31,32,43,7,1,3,3,9,2,0.316582914,"Robert Nedry","sa3070863",
2026,"Daniel Murillo","CAL",22,53,218,237,69,46,10,2,11,33,45,12,32,5,2,0,5,9,3,0.316513761,"Daniel Murillo","sa3070836",
2026,"Kaiden Dossa","YALE",21,45,177,221,56,34,14,2,6,54,40,34,48,4,6,0,0,28,0,0.31638418,"Kaiden Dossa","sa3030493",
2026,"Michael Trommer","BUCK",22,51,196,234,62,38,14,1,9,47,25,27,40,9,1,1,2,1,0,0.31632653,"Michael Trommer","sa3044076",
2026,"Blake Cyr","FLA",22,56,215,255,68,38,15,1,14,53,58,20,49,13,6,1,2,6,2,0.316279069,"Blake Cyr","sa3029750",
2026,"David Mendez","MD",21,54,215,254,68,42,13,2,11,56,50,25,31,8,4,2,3,12,2,0.316279069,"David Mendez","sa3037846",
2026,"Seth Smith","USM",20,59,215,256,68,53,9,1,5,42,28,23,42,6,3,9,7,6,2,0.316279069,"Seth Smith","sa3042636",
2026,"Landen Johnson","HPU",23,57,215,261,68,38,20,0,10,42,45,40,39,3,3,0,7,3,0,0.316279069,"Landen Johnson","sa3059613",
2026,"Griffin Olson","MORE",22,47,155,196,49,31,12,2,4,46,26,34,50,5,1,1,1,19,5,0.316129032,"Griffin Olson","sa3060178",
2026,"Boone Hosey","UNF",,49,155,202,49,33,11,1,4,34,25,42,55,3,2,0,1,5,1,0.316129032,"Boone Hosey","sa3070368",
2026,"Matthew Strand","DUKE",23,47,174,201,55,30,9,2,14,35,45,22,51,3,2,0,3,15,0,0.316091954,"Matthew Strand","sa3043208",
2026,"Jack Toomey","BC",23,50,174,219,55,30,14,6,5,52,27,38,41,4,2,1,2,18,1,0.316091954,"Jack Toomey","sa3043932",
2026,"JC Osorio-Agard","SJSU",22,43,174,192,55,29,17,2,7,30,31,12,37,4,2,0,4,0,0,0.316091954,"JC Osorio-Agard","sa3062883",
2026,"Mark Henning","SFA",,53,193,229,61,42,15,0,4,36,33,28,22,6,1,1,2,7,2,0.316062176,"Mark Henning","sa3033616",
2026,"Ryan Kennell","GWEB",22,53,212,236,67,52,13,0,2,34,32,15,47,5,3,1,3,7,2,0.316037735,"Ryan Kennell","sa3035276",
2026,"Hunter Keen","RAD",,38,152,175,48,37,8,1,2,29,27,12,22,3,5,3,6,1,2,0.315789473,"Hunter Keen","sa3035150",
2026,"Casey Murray Jr.","CP",22,63,247,284,78,56,12,5,5,48,31,31,65,4,0,2,9,3,2,0.315789473,"Casey Murray Jr.","sa3038598",
2026,"Brady Neal","ALA",21,61,209,261,66,40,15,1,10,39,51,35,50,10,5,2,4,4,2,0.315789473,"Brady Neal","sa3038709",
2026,"Cristino Tufano","GW",21,48,152,192,48,37,7,2,2,30,21,28,16,6,1,5,1,6,3,0.315789473,"Cristino Tufano","sa3044129",
2026,"Gus Gandy","SAM",21,56,190,222,60,41,12,3,4,44,25,20,29,5,3,4,3,11,4,0.315789473,"Gus Gandy","sa3059267",
2026,"Cole Decker","IU",20,52,171,213,54,40,9,1,4,27,28,27,38,6,2,7,2,8,3,0.315789473,"Cole Decker","sa3065284",
2026,"Caleb Klein","SEMO",,57,228,281,72,51,10,3,8,65,40,31,30,19,1,2,1,14,5,0.315789473,"Caleb Klein","sa3070516",
2026,"Sam Kaczmarek","W&M",20,41,133,164,42,30,8,1,3,35,18,18,24,10,0,3,3,22,3,0.315789473,"Sam Kaczmarek","sa3075352",
2026,"Henry Kaczmar","OSU",23,55,225,261,71,33,26,0,12,50,47,27,46,5,2,2,2,7,1,0.315555555,"Henry Kaczmar","sa3035010",
2026,"Will Geary","LIN",19,58,225,266,71,51,12,5,3,43,26,28,33,9,2,2,4,27,7,0.315555555,"Will Geary","sa3070155",
2026,"Dylan Biddick","UNO",,54,206,256,65,39,13,1,12,36,37,45,50,4,1,0,2,2,2,0.31553398,"Dylan Biddick","sa3069610",
2026,"Ryan King","URI",22,52,187,230,59,36,12,0,11,52,36,20,23,16,4,3,3,5,1,0.315508021,"Ryan King","sa3035414",
2026,"Jimmy Nugent","LOU",22,48,168,209,53,28,14,0,11,41,39,30,53,9,2,0,1,9,4,0.31547619,"Jimmy Nugent","sa3070895",
2026,"Kendall Brookins","MVSU",,43,149,178,47,38,8,1,0,16,23,26,34,3,0,0,1,9,3,0.315436241,"Kendall Brookins","sa3062816",
2026,"Connor Chisolm","MUR",,59,222,277,70,46,13,4,7,51,39,38,24,10,3,4,1,18,3,0.315315315,"Connor Chisolm","sa3028857",
2026,"Anthony Brotz","MRST",22,55,222,249,70,51,13,3,3,43,33,13,13,7,1,6,8,15,1,0.315315315,"Anthony Brotz","sa3058736",
2026,"Brooks Leonard","NWST",,50,203,240,64,55,6,3,0,36,20,19,23,17,0,1,4,24,5,0.315270935,"Brooks Leonard","sa3036223",
2026,"Garrett Wiethorn","ULM",,51,165,194,52,39,9,0,4,37,28,18,40,7,1,3,3,9,2,0.315151515,"Garrett Wiethorn","sa3071604",
2026,"Lane Haworth","UTSA",21,57,219,277,69,47,13,0,9,49,47,44,38,6,8,0,4,11,3,0.315068493,"Lane Haworth","sa3033439",
2026,"Jared Mettam","SMC",22,59,219,247,69,55,9,2,3,31,30,16,35,5,1,6,5,6,2,0.315068493,"Jared Mettam","sa3037927",
2026,"Michael Perazza","FAU",22,52,200,232,63,49,7,3,4,33,31,18,41,5,6,3,5,3,2,0.315,"Michael Perazza","sa3039692",
2026,"Will Millard","UNA",21,52,200,240,63,39,13,1,10,47,39,32,28,7,0,1,5,0,1,0.315,"Will Millard","sa3070783",
2026,"Ben Timblin","WOF",20,52,181,225,57,27,8,6,16,53,64,30,46,9,3,2,4,15,2,0.314917127,"Ben Timblin","sa3060756",
2026,"Kyle Krupp","MORE",19,48,181,207,57,48,5,3,1,33,24,22,32,3,0,1,3,24,10,0.314917127,"Kyle Krupp","sa3070539",
2026,"Sean Smith","WVU",23,63,235,274,74,50,11,3,10,49,55,29,60,9,1,0,6,6,1,0.314893617,"Sean Smith","sa3042634",
2026,"Willie Ponce","HPU",23,57,216,275,68,47,13,3,5,58,36,31,31,20,3,5,3,16,5,0.314814814,"Willie Ponce","sa3071031",
2026,"Chris Schaller","RICH",19,49,162,187,51,30,14,1,6,31,32,7,41,14,0,4,1,14,3,0.314814814,"Chris Schaller","sa3073799",
2026,"Jake Ogden","MIA",22,59,251,288,79,56,13,4,6,62,36,25,40,7,3,2,1,12,3,0.314741035,"Jake Ogden","sa3039060",
2026,"Brian Duroff","ELON",23,53,197,239,62,37,19,0,6,39,48,20,29,17,5,0,3,9,1,0.314720812,"Brian Duroff","sa3030697",
2026,"Wailele Kane-Yates","ORU",,51,197,233,62,44,10,1,7,39,41,18,35,14,4,0,6,0,0,0.314720812,"Wailele Kane-Yates","sa3059641",
2026,"Adam Haber","GAST",23,48,143,170,45,28,14,1,2,21,25,16,21,2,1,8,4,4,0,0.314685314,"Adam Haber","sa3032918",
2026,"Eli Hudgins","RAD",20,47,178,204,56,35,18,1,2,30,22,13,29,11,1,1,3,5,2,0.314606741,"Eli Hudgins","sa3059541",
2026,"Ben Tryon","DBU",21,57,213,258,67,43,11,2,11,54,37,33,42,10,2,0,0,5,1,0.31455399,"Ben Tryon","sa3044100",
2026,"Lucas Alberti","GMU",,56,213,258,67,52,7,2,6,45,46,32,33,9,2,2,1,23,7,0.31455399,"Lucas Alberti","sa3058475",
2026,"Tanner Aoki","MVSU",,47,159,204,50,48,2,0,0,29,16,32,20,9,1,3,0,5,8,0.314465408,"Tanner Aoki","sa3062807",
2026,"Jordan Thomas","LIP",21,51,159,181,50,27,11,1,11,31,43,15,30,4,1,2,1,9,3,0.314465408,"Jordan Thomas","sa3071444",
2026,"Colt Brown","UL",19,66,229,271,72,48,15,1,8,43,53,29,40,6,4,3,4,7,3,0.31441048,"Colt Brown","sa3069681",
2026,"Kevin Takeuchi","USC",21,66,245,301,77,45,19,3,10,66,61,44,45,4,7,1,4,14,1,0.314285714,"Kevin Takeuchi","sa3043476",
2026,"Mason Braun","LSU",19,53,140,187,44,35,5,1,3,30,21,35,33,8,0,4,2,1,1,0.314285714,"Mason Braun","sa3069663",
2026,"Guriyandel Salva","MAN",,47,191,221,60,49,9,0,2,24,33,20,21,6,3,1,2,6,3,0.314136125,"Guriyandel Salva","sa3060464",
2026,"Joey Frammartino","MRMK",,55,191,252,60,41,12,0,7,47,56,47,43,11,3,0,2,7,7,0.314136125,"Joey Frammartino","sa3074274",
2026,"Armani Raygoza","RGV",21,55,207,266,65,33,15,0,17,53,50,50,50,8,1,0,5,1,3,0.314009661,"Armani Raygoza","sa3040491",
2026,"Noah Meffert","GONZ",23,53,223,245,70,43,15,1,11,49,47,13,53,0,8,1,2,8,4,0.313901345,"Noah Meffert","sa3070765",
2026,"Kanious (Spanky) Davis","ALCN",,48,137,176,43,35,5,2,1,36,17,30,35,8,0,1,3,22,7,0.313868613,"Kanious (Spanky) Davis","sa3069913",
2026,"Michael Brown","HOF",,47,188,225,59,44,10,2,3,49,37,19,24,10,5,3,1,11,1,0.313829787,"Michael Brown","sa3027864",
2026,"Gavin Greger","BRY",22,51,188,226,59,48,7,2,2,28,26,25,23,4,4,5,1,20,5,0.313829787,"Gavin Greger","sa3032681",
2026,"Chase Fralick","AUB",20,63,239,289,75,36,18,1,20,52,61,34,48,12,3,1,3,1,0,0.313807531,"Chase Fralick","sa3059222",
2026,"Riley Iffrig","SLU",21,54,204,245,64,50,10,0,4,32,31,24,22,14,2,1,4,0,1,0.31372549,"Riley Iffrig","sa3034408",
2026,"Josiah Overbeek","ARMY",,46,153,220,48,22,8,1,17,52,44,56,41,9,2,0,1,3,0,0.31372549,"Josiah Overbeek","sa3070932",
2026,"Will Gasparino","UCLA",21,58,220,262,69,35,12,2,20,53,64,30,55,9,3,0,3,3,2,0.313636363,"Will Gasparino","sa3032034",
2026,"Bradyn Horn","MILW",,53,185,215,58,41,12,0,5,26,38,22,40,1,3,4,3,5,2,0.313513513,"Bradyn Horn","sa3059520",
2026,"Walker Mitchell","CCU",21,60,217,278,68,50,17,0,1,45,54,27,49,21,4,9,1,11,3,0.313364055,"Walker Mitchell","sa3038178",
2026,"AJ Putty","ILL",,55,217,255,68,45,13,1,9,41,52,29,47,4,5,0,6,3,0,0.313364055,"AJ Putty","sa3071056",
2026,"Zion Taylor","APSU",23,54,217,257,68,43,15,1,9,52,43,33,47,3,3,1,1,6,5,0.313364055,"Zion Taylor","sa3074151",
2026,"Chris Cole","KENN",23,42,150,184,47,35,8,1,3,30,18,23,40,5,0,6,0,22,3,0.313333333,"Chris Cole","sa3029130",
2026,"Jaxon Willits","OU",21,64,233,280,73,43,20,3,7,38,55,39,54,2,6,0,4,6,3,0.313304721,"Jaxon Willits","sa3045313",
2026,"Elijha Hammill","NIA",22,41,166,195,52,39,7,0,6,30,23,24,20,3,1,1,0,6,2,0.313253012,"Elijha Hammill","sa3033096",
2026,"Jaylon Lucky","SOU",21,50,166,226,52,33,16,1,2,48,42,49,34,6,5,0,4,10,3,0.313253012,"Jaylon Lucky","sa3036652",
2026,"Ryan Tyranski","CIN",20,52,166,210,52,35,7,3,7,47,34,38,28,4,1,1,2,14,0,0.313253012,"Ryan Tyranski","sa3071490",
2026,"Ashton Quiller","ARST",,53,214,250,67,44,15,1,7,46,30,18,39,11,3,4,3,17,2,0.313084112,"Ashton Quiller","sa3060325",
2026,"Austen Roellig","ASU",21,56,214,258,67,52,11,1,3,43,38,29,37,6,5,4,6,6,3,0.313084112,"Austen Roellig","sa3060410",
2026,"Breckin Nace","RAD",,51,179,229,56,38,10,2,6,39,51,35,36,10,4,1,6,7,0,0.312849162,"Breckin Nace","sa3038658",
2026,"Travis Ilitch","GTWN",22,56,195,234,61,57,4,0,0,30,29,21,29,9,1,8,4,8,3,0.312820512,"Travis Ilitch","sa3034414",
2026,"Simmi Whitehill","MONM",22,53,195,244,61,44,10,1,6,42,44,34,72,7,1,7,3,15,4,0.312820512,"Simmi Whitehill","sa3045134",
2026,"Thomas Curry","UIC",21,54,211,247,66,38,13,2,13,50,53,25,40,9,2,0,8,1,2,0.312796208,"Thomas Curry","sa3029721",
2026,"Nicholas Romano","FAU",23,56,211,262,66,55,6,0,5,33,38,37,42,11,3,0,5,1,1,0.312796208,"Nicholas Romano","sa3041097",
2026,"Gio Colasante","HARV",22,37,144,169,45,28,7,1,9,28,31,18,47,5,2,0,7,11,1,0.3125,"Gio Colasante","sa3029126",
2026,"Matt DeShiro","MRMK",19,55,240,276,75,49,17,0,9,63,49,21,41,13,2,0,0,7,2,0.3125,"Matt DeShiro","sa3059044",
2026,"Luke Boykin","SAM",22,52,208,223,65,30,13,2,20,42,61,8,43,4,3,0,2,1,0,0.3125,"Luke Boykin","sa3069651",
2026,"Cade Baker","TOL",21,61,253,294,79,48,23,0,8,59,49,11,32,24,5,1,5,18,3,0.312252964,"Cade Baker","sa3069540",
2026,"Tyce Peterson","SDSU",,56,221,254,69,32,21,1,15,44,48,24,60,5,3,1,3,5,0,0.312217194,"Tyce Peterson","sa3039806",
2026,"Nick Groves","ILL",22,54,205,262,64,48,11,4,1,44,26,40,27,11,2,4,6,12,4,0.312195121,"Nick Groves","sa3032788",
2026,"Trevor Lucas","UNCW",,58,205,259,64,39,12,1,12,43,56,38,35,9,7,0,9,9,2,0.312195121,"Trevor Lucas","sa3059864",
2026,"Ehi Okojie","UMBC",24,52,205,233,64,34,18,0,12,48,60,22,31,5,1,0,1,5,2,0.312195121,"Ehi Okojie","sa3066223",
2026,"Paris Pridgen","APSU",21,52,189,238,59,42,11,3,3,50,31,28,64,5,3,13,1,32,4,0.312169312,"Paris Pridgen","sa3040209",
2026,"Bryson Webb","CMU",22,52,189,224,59,39,12,1,7,52,35,19,54,9,1,6,2,16,2,0.312169312,"Bryson Webb","sa3044907",
2026,"Merik Carter","GWEB",22,54,189,249,59,35,12,1,11,50,40,46,28,5,8,1,2,16,5,0.312169312,"Merik Carter","sa3062569",
2026,"Trey Bridges","GRAM",21,52,173,241,54,40,10,1,3,52,25,55,50,10,0,3,2,14,3,0.312138728,"Trey Bridges","sa3027685",
2026,"Ronan Donohue","SHU",22,48,173,218,54,38,10,1,5,35,32,34,42,10,1,0,0,16,5,0.312138728,"Ronan Donohue","sa3030470",
2026,"Tyvon Moore","PV",23,44,157,194,49,32,10,5,2,43,23,17,38,13,4,3,0,12,3,0.31210191,"Tyvon Moore","sa3038317",
2026,"Zachari Pace","TXSO",,38,141,169,44,30,8,3,3,38,23,18,39,7,0,3,1,14,3,0.312056737,"Zachari Pace","sa3070937",
2026,"Owen Carlson","COR",,30,109,134,34,29,3,0,2,17,12,23,17,1,1,0,2,0,1,0.311926605,"Owen Carlson","sa3028451",
2026,"Parker Gwyn","CARK",,57,218,253,68,45,14,3,6,44,33,22,42,6,3,4,1,13,8,0.311926605,"Parker Gwyn","sa3070243",
2026,"Jack Lausch","NU",22,52,202,234,63,30,13,4,16,52,41,25,65,4,3,0,2,8,2,0.311881188,"Jack Lausch","sa3059764",
2026,"Brendan Lawson","FLA",20,56,186,264,58,26,11,2,19,68,48,53,46,24,1,0,2,14,2,0.311827956,"Brendan Lawson","sa3059769",
2026,"Ryan Kroepel","UTU",21,59,215,292,67,56,4,1,6,55,47,51,37,17,5,4,7,8,2,0.311627906,"Ryan Kroepel","sa3035729",
2026,"Sean Stephenson","IONA",22,37,138,158,43,32,8,0,3,20,22,13,23,5,1,1,3,4,4,0.311594202,"Sean Stephenson","sa3060667",
2026,"Stewart Puckett","USA",22,52,199,225,62,40,11,2,9,40,43,17,47,5,1,3,4,7,0,0.311557788,"Stewart Puckett","sa3040270",
2026,"Jacob Gillis","BALL",22,54,199,233,62,44,8,0,10,31,48,25,27,3,6,0,8,0,0,0.311557788,"Jacob Gillis","sa3070169",
2026,"Dean Mihos","CCU",21,60,244,292,76,54,15,1,6,59,43,29,49,11,5,3,4,13,5,0.311475409,"Dean Mihos","sa3037997",
2026,"James Green","PRES",20,55,167,207,52,37,13,1,1,38,16,22,33,13,2,3,3,14,5,0.311377245,"James Green","sa3070214",
2026,"Thomas Marsala","NWST",22,52,212,241,66,46,9,0,11,38,43,21,42,3,5,0,3,3,1,0.311320754,"Thomas Marsala","sa3059923",
2026,"Jack Porter","PSU",22,41,151,173,47,30,13,0,4,29,21,11,17,7,4,0,4,0,0,0.311258278,"Jack Porter","sa3060292",
2026,"Joseph Frazzetta","UNH",20,42,151,167,47,37,9,0,1,22,26,10,16,5,1,0,4,8,2,0.311258278,"Joseph Frazzetta","sa3074275",
2026,"Ryan Franden","SHSU",,46,180,212,56,35,11,1,9,35,35,28,21,4,0,0,4,4,2,0.311111111,"Ryan Franden","sa3031637",
2026,"Luke Mistone","MUR",22,60,254,284,79,61,14,0,4,47,56,14,16,13,3,0,3,11,2,0.311023622,"Luke Mistone","sa3038158",
2026,"Colton Bower","WASH",22,39,148,170,46,21,10,3,12,30,36,13,50,5,2,2,2,3,0,0.31081081,"Colton Bower","sa3027475",
2026,"Bryce McFeely","CBU",23,59,251,281,78,44,19,0,15,48,62,20,38,8,2,0,4,9,2,0.310756972,"Bryce McFeely","sa3070742",
2026,"Alex LaCoste","COFC",20,48,177,202,55,43,5,0,7,29,36,18,35,6,1,0,9,8,2,0.310734463,"Alex LaCoste","sa3066938",
2026,"Jeric Curtis","SHSU",22,57,206,256,64,44,14,3,3,43,20,18,51,18,1,13,3,27,10,0.310679611,"Jeric Curtis","sa3029727",
2026,"Jalen Seward","APP",21,41,132,152,41,25,11,0,5,30,28,16,33,3,0,1,3,1,0,0.31060606,"Jalen Seward","sa3071266",
2026,"Brady Miller","LIP",,45,161,203,50,42,6,0,2,42,30,30,33,9,3,0,2,6,2,0.310559006,"Brady Miller","sa3060037",
2026,"Micah Rienstra-Kiracofe","KENT",20,53,190,238,59,41,10,2,6,48,40,35,42,7,3,3,4,14,7,0.310526315,"Micah Rienstra-Kiracofe","sa3060366",
2026,"AJ Nessler","PITT",22,56,232,278,72,52,6,5,9,64,42,36,34,6,4,0,2,13,1,0.310344827,"AJ Nessler","sa3038777",
2026,"Aidan Paradine","SIE",21,49,174,212,54,37,11,0,6,32,38,28,12,4,5,1,6,0,0,0.310344827,"Aidan Paradine","sa3060208",
2026,"Ethan Ball","VT",19,55,203,245,63,27,18,1,17,43,52,22,76,18,2,0,4,3,1,0.310344827,"Ethan Ball","sa3069547",
2026,"Clayton Namken","TXST",19,51,174,206,54,31,10,2,11,31,34,27,46,2,3,0,3,1,3,0.310344827,"Clayton Namken","sa3070859",
2026,"Harold Laracuente","UTA",20,49,187,230,58,39,16,1,2,41,22,29,43,12,1,1,1,10,3,0.310160427,"Harold Laracuente","sa3070563",
2026,"JW Fitzgerald","SHU",,41,158,182,49,42,4,2,1,26,11,18,28,2,0,4,0,18,2,0.310126582,"JW Fitzgerald","sa3031406",
2026,"Riley Luft","APP",20,52,200,251,62,47,10,0,5,46,44,28,38,18,4,1,9,4,1,0.31,"Riley Luft","sa3059867",
2026,"Ryan Thompson","URI",,51,200,228,62,43,12,0,7,38,38,18,37,7,3,0,3,5,1,0.31,"Ryan Thompson","sa3065432",
2026,"Bear Madliak","KSU",23,52,171,211,53,30,14,0,9,44,45,32,31,2,5,1,4,5,1,0.30994152,"Bear Madliak","sa3036835",
2026,"Keldrin Rodriguez","TOW",,48,171,200,53,32,13,1,7,34,40,18,39,6,3,2,2,7,1,0.30994152,"Keldrin Rodriguez","sa3071144",
2026,"Landon Beaver","UAB",20,58,213,273,66,43,16,0,7,52,35,45,42,10,4,1,1,13,4,0.309859154,"Landon Beaver","sa3058590",
2026,"Cam Hoiland","CP",,55,184,224,57,36,15,0,6,42,29,25,27,8,4,3,3,1,2,0.309782608,"Cam Hoiland","sa3033941",
2026,"Nolan Grawe","SDST",,54,226,262,70,40,18,5,7,50,48,26,29,5,3,2,2,7,2,0.309734513,"Nolan Grawe","sa3065048",
2026,"Gianni Royer","HC",21,40,155,176,48,29,12,1,6,33,28,15,38,4,2,0,2,10,2,0.309677419,"Gianni Royer","sa3041230",
2026,"Ethan Walker","PV",22,32,126,152,39,32,5,1,1,33,16,19,11,4,0,3,0,23,4,0.309523809,"Ethan Walker","sa3044667",
2026,"Sean Yamaguchi","NEV",21,44,168,188,52,32,6,0,14,37,37,19,30,1,0,0,3,1,0,0.309523809,"Sean Yamaguchi","sa3060981",
2026,"Camden Ross","WKU",22,54,181,232,56,36,13,0,7,47,41,36,42,12,1,2,9,1,2,0.309392265,"Camden Ross","sa3041168",
2026,"Damian Ruiz","ARK",22,54,194,245,60,42,13,0,5,51,30,35,41,12,1,3,4,16,1,0.30927835,"Damian Ruiz","sa3041281",
2026,"James Love","EIU",,54,207,263,64,36,18,2,8,50,45,35,37,17,2,2,3,5,2,0.309178743,"James Love","sa3059856",
2026,"Brett Rogers","MTSU",,57,207,248,64,48,13,1,2,46,26,37,43,4,0,0,3,13,5,0.309178743,"Brett Rogers","sa3060412",
2026,"Jake Brown","LSU",21,42,165,194,51,28,7,0,16,43,49,23,32,4,1,1,3,9,1,0.309090909,"Jake Brown","sa3027844",
2026,"Caleb Johnson","JVST",,63,220,273,68,35,21,2,10,59,55,24,51,17,3,9,3,23,3,0.309090909,"Caleb Johnson","sa3034718",
2026,"Manny Salas","TXST",21,63,233,275,72,41,14,1,16,55,42,33,68,8,1,0,4,11,3,0.309012875,"Manny Salas","sa3071203",
2026,"Gene Trujillo","UNM",21,52,178,226,55,29,20,1,5,37,41,38,71,7,3,0,4,1,1,0.308988764,"Gene Trujillo","sa3044093",
2026,"Garrison Barile","CHSO",,42,123,157,38,24,8,0,6,35,30,17,37,14,3,0,3,6,4,0.308943089,"Garrison Barile","sa3026562",
2026,"Zeb Allen","CARK",21,53,204,244,63,36,7,3,17,54,53,23,45,7,9,1,1,20,3,0.308823529,"Zeb Allen","sa3025935",
2026,"Zach Leite","ODU",22,55,204,250,63,45,13,0,5,40,66,23,34,17,6,0,6,0,1,0.308823529,"Zach Leite","sa3059792",
2026,"Harrison Didawick","UVA",23,60,243,275,75,49,13,4,9,49,52,25,62,5,2,0,5,13,3,0.308641975,"Harrison Didawick","sa3030296",
2026,"Judd Utermark","MISS",22,64,243,291,75,41,12,0,22,72,55,40,85,7,1,0,4,11,1,0.308641975,"Judd Utermark","sa3044269",
2026,"Emil Estrella","INST",,56,243,275,75,49,14,3,9,48,42,25,49,5,2,0,2,20,8,0.308641975,"Emil Estrella","sa3059147",
2026,"Ryan Lordier","MAN",,49,188,221,58,45,10,3,0,36,31,21,16,7,4,1,2,20,7,0.308510638,"Ryan Lordier","sa3059850",
2026,"Sean OLeary","UML",21,50,201,241,62,44,8,1,9,55,38,29,21,7,3,1,4,4,1,0.308457711,"Sean OLeary","sa3039099",
2026,"Blake Coleman","UAPB",,56,201,239,62,49,7,2,4,46,44,19,37,16,3,0,1,5,2,0.308457711,"Blake Coleman","sa3058902",
2026,"Matthew Perez","FAMU",21,53,201,231,62,49,9,0,4,38,34,23,33,1,5,1,6,1,0,0.308457711,"Matthew Perez","sa3062886",
2026,"Nate Conner","ETSU",20,53,214,259,66,28,19,3,16,62,52,32,48,8,5,0,1,3,1,0.308411214,"Nate Conner","sa3069831",
2026,"Landon Boyd","AFA",23,43,133,158,41,24,8,2,7,32,32,18,46,5,0,2,3,8,4,0.308270676,"Landon Boyd","sa3027510",
2026,"Easton Rulli","NMSU",22,42,146,166,45,31,7,2,5,33,33,10,29,8,1,1,3,4,3,0.308219178,"Easton Rulli","sa3071186",
2026,"Tomas Cernius","PRIN",,39,146,166,45,32,7,1,5,20,24,16,17,2,2,0,2,7,0,0.308219178,"Tomas Cernius","sa3074229",
2026,"Fabian Santana","ALST",20,50,159,198,49,41,6,1,1,34,24,24,18,5,4,6,3,5,2,0.3081761,"Fabian Santana","sa3060487",
2026,"AJ Oden","IONA",,44,159,198,49,41,6,1,1,19,21,32,29,5,1,1,0,3,1,0.3081761,"AJ Oden","sa3070903",
2026,"Omar Serna Jr.","LSU",19,50,159,185,49,30,10,0,9,37,37,14,39,10,2,0,3,2,0,0.3081761,"Omar Serna Jr.","sa3071263",
2026,"Peter Link","SHU",21,46,172,211,53,30,11,0,12,38,41,26,53,10,3,0,1,12,0,0.308139534,"Peter Link","sa3036360",
2026,"Charles Ashe III","GRAM",20,46,172,196,53,33,10,1,9,30,52,14,38,3,4,3,3,2,1,0.308139534,"Charles Ashe III","sa3073676",
2026,"Brady Hewitt","FRES",20,52,211,245,65,43,14,3,5,37,21,25,54,4,2,3,3,4,2,0.308056872,"Brady Hewitt","sa3070326",
2026,"Steven Meier","TROY",23,63,221,285,68,46,9,4,9,49,45,39,57,19,2,4,4,11,9,0.307692307,"Steven Meier","sa3037803",
2026,"Shaun McMillan","SJU",,62,247,283,76,54,11,1,10,42,42,30,56,4,2,0,3,3,1,0.307692307,"Shaun McMillan","sa3059998",
2026,"Kyle Morrison","USM",22,61,234,282,72,39,14,2,17,50,48,35,61,10,2,1,5,0,0,0.307692307,"Kyle Morrison","sa3060094",
2026,"Billy Scaldeferri","GCU",21,45,169,192,52,34,10,2,6,25,32,9,34,10,3,1,8,4,0,0.307692307,"Billy Scaldeferri","sa3060501",
2026,"Jimmy Chadwell","COLU",20,42,156,189,48,37,10,0,1,26,17,24,29,4,2,3,6,2,2,0.307692307,"Jimmy Chadwell","sa3066178",
2026,"Luke Stulga","ILST",21,56,244,265,75,50,13,6,6,37,41,8,44,8,4,1,4,3,4,0.307377049,"Luke Stulga","sa3043274",
2026,"Cooper Blauser","JVST",23,62,231,280,71,45,18,3,5,58,57,28,47,7,9,5,3,26,4,0.307359307,"Cooper Blauser","sa3027252",
2026,"Brenden OSullivan","PAC",23,55,218,253,67,50,12,1,4,42,33,23,31,4,4,4,3,8,3,0.307339449,"Brenden OSullivan","sa3039260",
2026,"Owen Prince","VMI",23,55,205,261,63,53,7,3,0,62,23,40,25,13,3,0,2,29,9,0.307317073,"Owen Prince","sa3040219",
2026,"Curry Sutherland","MOST",21,55,205,261,63,34,12,1,16,51,54,32,50,20,4,0,6,1,0,0.307317073,"Curry Sutherland","sa3043345",
2026,"Eli Anderson","PUR",22,55,205,231,63,52,9,1,1,43,36,16,29,2,4,4,2,22,7,0.307317073,"Eli Anderson","sa3062806",
2026,"Jayden Davis","PSU",22,50,192,227,59,38,14,2,5,38,19,29,29,5,1,0,11,2,0,0.307291666,"Jayden Davis","sa3029911",
2026,"Christian Hallmark","UTSA",21,55,179,221,55,40,7,4,4,43,37,26,42,9,0,7,2,11,3,0.307262569,"Christian Hallmark","sa3070257",
2026,"Crew McChesney","BYU",21,42,166,181,51,24,16,3,8,24,33,12,51,2,0,1,2,4,1,0.307228915,"Crew McChesney","sa3037467",
2026,"Josiah Harrison","NORF",,42,127,146,39,27,7,1,4,24,31,9,26,9,1,0,2,4,2,0.307086614,"Josiah Harrison","sa3033287",
2026,"Cole Cramer","TCU",23,54,215,253,66,54,8,1,3,52,39,30,49,5,3,0,5,8,1,0.306976744,"Cole Cramer","sa3029522",
2026,"Jarrett Pokrovsky","PENN",22,40,163,185,50,38,9,1,2,27,22,15,37,5,2,0,1,8,2,0.306748466,"Jarrett Pokrovsky","sa3040028",
2026,"Christian Smith","QUIN",,40,163,183,50,24,16,2,8,32,31,9,34,9,2,0,3,0,0,0.306748466,"Christian Smith","sa3042513",
2026,"Nate Kirkpatrick","VCU",22,63,238,279,73,47,17,0,9,51,58,18,38,17,4,2,8,3,2,0.306722689,"Nate Kirkpatrick","sa3059691",
2026,"Raymond Velazquez","APSU",23,54,212,256,65,43,8,0,14,51,43,35,44,6,3,0,2,14,3,0.306603773,"Raymond Velazquez","sa3044431",
2026,"Brody Williams","KENT",23,55,212,251,65,40,15,0,10,43,52,30,53,6,3,0,3,7,1,0.306603773,"Brody Williams","sa3045256",
2026,"Brett Griffiths","BALL",,55,212,241,65,37,15,7,6,43,45,15,33,9,3,2,4,8,6,0.306603773,"Brett Griffiths","sa3059360",
2026,"Anthony Diaz","UNM",21,50,212,252,65,42,18,2,3,54,31,33,31,3,4,0,4,8,3,0.306603773,"Anthony Diaz","sa3069946",
2026,"Chandler Tuupo","CHSO",22,45,137,168,42,33,4,1,4,28,40,14,24,13,4,0,4,1,2,0.306569343,"Chandler Tuupo","sa3044190",
2026,"Owen Michelson","UNCA",,43,137,189,42,30,8,0,4,39,27,37,29,14,0,1,3,7,3,0.306569343,"Owen Michelson","sa3060030",
2026,"Danny Barbero","MCN",22,53,199,251,61,35,14,1,11,47,52,39,37,10,3,0,7,3,0,0.306532663,"Danny Barbero","sa3026536",
2026,"Matt Flaharty","UTAH",23,48,186,206,57,40,10,1,6,38,39,12,39,3,1,4,3,7,2,0.306451612,"Matt Flaharty","sa3031423",
2026,"Efren Ortega","UCI",21,42,124,159,38,34,4,0,0,32,17,22,21,8,2,3,6,0,0,0.306451612,"Efren Ortega","sa3065378",
2026,"Jack Hopko","URI",22,56,235,266,72,39,10,4,19,50,63,25,37,4,2,0,2,6,1,0.306382978,"Jack Hopko","sa3034078",
2026,"Mitchell Collins","UNF",,46,173,205,53,44,8,0,1,42,16,30,25,1,1,0,2,21,5,0.306358381,"Mitchell Collins","sa3058908",
2026,"Gabe Roessler","MOST",23,50,160,187,49,31,10,1,7,31,39,14,25,5,2,6,5,2,1,0.30625,"Gabe Roessler","sa3041028",
2026,"Tate Shimao","HAW",22,49,160,188,49,34,13,0,2,33,26,13,33,13,1,1,2,5,4,0.30625,"Tate Shimao","sa3042183",
2026,"Hunter St. Denis","ME",,55,209,240,64,44,9,0,11,42,40,23,30,5,2,1,7,4,0,0.306220095,"Hunter St. Denis","sa3071364",
2026,"Jackson Chirello","KENN",22,53,196,217,60,32,14,1,13,40,43,16,60,4,0,1,1,3,1,0.306122448,"Jackson Chirello","sa3028850",
2026,"Ethan Hindle","UK",21,55,196,251,60,26,19,3,12,52,53,30,55,16,3,6,3,16,0,0.306122448,"Ethan Hindle","sa3033852",
2026,"Will Furniss","MISS",22,64,232,281,71,50,12,0,9,45,57,40,57,7,2,0,9,0,0,0.306034482,"Will Furniss","sa3031794",
2026,"Dalton Wentz","WAKE",20,60,232,278,71,33,19,1,18,65,52,42,63,2,2,0,4,2,2,0.306034482,"Dalton Wentz","sa3060904",
2026,"Caston Thompson","NICH",,50,183,225,56,32,10,0,14,39,43,36,46,4,2,0,5,1,0,0.306010928,"Caston Thompson","sa3071447",
2026,"Brandon Doubek","LAF",,38,134,159,41,27,5,0,9,23,34,19,39,3,1,2,2,0,1,0.305970149,"Brandon Doubek","sa3030501",
2026,"Tyler Parks","UNCA",21,37,134,150,41,30,10,0,1,19,24,11,22,4,1,0,1,4,1,0.305970149,"Tyler Parks","sa3074391",
2026,"Gavin Degnan","PENN",21,42,170,191,52,29,14,2,7,34,41,11,41,6,3,1,3,14,2,0.305882352,"Gavin Degnan","sa3065026",
2026,"Austin Haller","WKU",23,56,206,259,63,49,7,3,4,45,28,39,43,11,1,2,0,17,4,0.305825242,"Austin Haller","sa3033047",
2026,"Gavin Balius","BALL",22,54,193,226,59,50,7,2,0,50,16,20,26,11,1,1,3,40,3,0.305699481,"Gavin Balius","sa3058544",
2026,"Logan Shepherd","MER",21,59,229,287,70,38,13,1,18,70,54,47,66,11,0,0,1,0,2,0.305676855,"Logan Shepherd","sa3071280",
2026,"Drew Nelson","TROY",22,71,252,298,77,52,17,2,6,48,50,36,54,3,6,1,4,6,1,0.305555555,"Drew Nelson","sa3038746",
2026,"Wills Maginnis","GAST",20,56,216,260,66,44,13,1,8,49,42,31,36,8,5,0,6,21,3,0.305555555,"Wills Maginnis","sa3070652",
2026,"Nico Partida","TA&M",19,49,180,213,55,35,8,0,12,45,43,29,40,3,1,0,6,4,0,0.305555555,"Nico Partida","sa3070955",
2026,"Matthew Graveline","WVU",22,64,239,278,73,55,12,0,6,39,39,27,55,4,3,5,5,9,2,0.30543933,"Matthew Graveline","sa3032600",
2026,"Maloy Heaghney","UPST",21,61,239,294,73,45,21,1,6,61,50,45,64,8,1,1,3,22,3,0.30543933,"Maloy Heaghney","sa3070309",
2026,"Tanner Recchio","STMN",21,50,203,248,62,44,15,1,2,47,29,26,22,8,2,9,2,39,5,0.305418719,"Tanner Recchio","sa3040506",
2026,"Aaron Stelogeannis","LIP",,47,167,198,51,39,8,1,3,32,19,22,33,4,2,3,6,6,0,0.305389221,"Aaron Stelogeannis","sa3060664",
2026,"Angel Garcia","COPP",,48,167,206,51,33,13,3,2,31,39,32,28,3,2,2,6,0,1,0.305389221,"Angel Garcia","sa3074280",
2026,"Brady Powell","RAD",22,45,154,186,47,34,12,0,1,21,27,18,21,9,2,3,2,11,3,0.305194805,"Brady Powell","sa3040145",
2026,"Kent Schmidt","GT",21,53,177,240,54,39,8,0,7,50,50,50,40,7,6,0,5,5,0,0.305084745,"Kent Schmidt","sa3041725",
2026,"Luke Elmore","AFA",21,55,200,244,61,36,16,1,8,57,54,28,51,11,4,1,2,16,4,0.305,"Luke Elmore","sa3030912",
2026,"Mike Mancini","VAN",22,53,200,254,61,33,13,0,15,51,44,43,52,5,4,2,2,20,1,0.305,"Mike Mancini","sa3036951",
2026,"Aidan Taclas","NMSU",22,52,200,244,61,40,14,1,6,51,43,34,27,8,2,0,4,11,4,0.305,"Aidan Taclas","sa3060714",
2026,"Jett Buck","NEB",23,59,223,264,68,41,16,0,11,51,51,21,63,12,8,0,1,7,2,0.304932735,"Jett Buck","sa3069694",
2026,"Drew Loikits","CMU",21,53,187,227,57,44,11,1,1,40,21,13,36,20,3,4,1,8,2,0.304812834,"Drew Loikits","sa3036466",
2026,"Danny Wyatt","UMBC",,50,187,224,57,38,13,1,5,37,48,22,33,11,3,1,3,2,4,0.304812834,"Danny Wyatt","sa3045644",
2026,"Jackson Walker","HCU",23,52,187,224,57,43,8,0,6,43,36,25,29,10,2,0,7,1,1,0.304812834,"Jackson Walker","sa3060855",
2026,"Matt Brinker","NE",22,57,210,255,64,35,19,1,9,48,61,27,44,15,3,0,3,8,0,0.304761904,"Matt Brinker","sa3027700",
2026,"Daniel Cuvet","MIA",21,41,151,190,46,19,14,1,12,49,45,33,30,4,2,0,3,3,1,0.304635761,"Daniel Cuvet","sa3029748",
2026,"Joe Durso","LIU",,46,151,197,46,23,13,0,10,42,47,27,35,13,6,0,0,2,0,0.304635761,"Joe Durso","sa3059099",
2026,"Sergio Guerra","TAR",24,49,174,204,53,33,11,0,9,31,47,15,35,9,5,1,2,1,1,0.304597701,"Sergio Guerra","sa3032831",
2026,"Rueben Livingston","LAS",,46,174,207,53,32,10,0,11,38,38,19,42,12,2,0,2,3,1,0.304597701,"Rueben Livingston","sa3070613",
2026,"Marc Stephens","USA",22,55,197,235,60,48,9,0,3,33,28,25,28,8,1,4,3,3,2,0.304568527,"Marc Stephens","sa3060666",
2026,"Ryker Waite","VAN",19,58,197,257,60,37,13,3,7,45,44,38,53,14,4,4,3,13,3,0.304568527,"Ryker Waite","sa3066449",
2026,"Breydon Divine","ALST",21,57,220,266,67,58,6,1,2,35,27,19,35,8,4,15,3,8,2,0.304545454,"Breydon Divine","sa3069961",
2026,"Jake Armsey","UPST",23,64,243,295,74,51,19,0,4,55,51,41,62,3,4,4,4,2,1,0.304526748,"Jake Armsey","sa3026197",
2026,"Adrian Lopez","USC",21,65,253,297,77,47,15,2,13,68,47,31,43,5,7,1,7,7,2,0.304347826,"Adrian Lopez","sa3036523",
2026,"Marcos Rosales","UNLV",22,55,207,258,63,33,20,1,9,69,42,37,35,12,2,0,5,5,3,0.304347826,"Marcos Rosales","sa3041142",
2026,"Alex Benevento","BRWN",,43,161,201,49,33,9,1,6,43,33,24,30,9,5,2,0,17,3,0.304347826,"Alex Benevento","sa3064996",
2026,"Jake Duer","TA&M",23,57,217,256,66,44,13,2,7,38,54,37,44,1,1,0,4,0,0,0.304147465,"Jake Duer","sa3030609",
2026,"Sal Mineo","DEL",20,54,217,256,66,50,8,1,7,45,32,26,31,13,0,0,1,16,7,0.304147465,"Sal Mineo","sa3066079",
2026,"Mason Eckelman","OSU",21,53,194,237,59,32,15,4,8,42,47,32,34,9,2,0,4,2,1,0.304123711,"Mason Eckelman","sa3030769",
2026,"Adam Magpoc","SDSU",21,49,194,221,59,47,9,1,2,30,39,18,35,2,7,0,2,21,6,0.304123711,"Adam Magpoc","sa3036857",
2026,"Chase Brunson","TCU",20,51,171,225,52,30,11,1,10,37,51,33,42,19,2,0,2,13,5,0.304093567,"Chase Brunson","sa3027910",
2026,"Lance Trippel","USF",22,48,171,198,52,36,13,0,3,31,29,20,20,6,1,0,6,5,4,0.304093567,"Lance Trippel","sa3044067",
2026,"Jackson Morse","GMU",,41,125,164,38,36,1,0,1,28,13,27,20,4,1,7,1,12,3,0.304,"Jackson Morse","sa3070823",
2026,"Blake Barthol","CCU",22,60,227,269,69,52,10,1,6,48,38,25,63,13,4,0,5,13,2,0.303964757,"Blake Barthol","sa3026664",
2026,"Sam Parks","STO",23,48,181,240,55,47,7,0,1,48,23,37,19,14,2,6,2,7,2,0.303867403,"Sam Parks","sa3039485",
2026,"Bo Moody","PRES",,55,181,230,55,42,10,2,1,39,20,23,42,17,3,6,3,14,3,0.303867403,"Bo Moody","sa3070805",
2026,"Caden Kresak","FAMU",22,50,158,198,48,39,5,2,2,39,24,33,22,3,3,1,1,5,1,0.303797468,"Caden Kresak","sa3073570",
2026,"Connor Capece","CREI",21,57,214,250,65,51,11,0,3,36,47,18,39,12,4,2,7,1,0,0.303738317,"Connor Capece","sa3028382",
2026,"Michael Rickert","STO",,38,135,174,41,26,9,0,6,36,52,28,33,4,6,1,2,2,0,0.303703703,"Michael Rickert","sa3060364",
2026,"Jayden Reynolds","AMCC",,47,135,153,41,35,4,0,2,26,18,12,28,3,0,3,0,9,3,0.303703703,"Jayden Reynolds","sa3071098",
2026,"Jacob Galloway","ORST",23,58,191,246,58,40,17,0,1,32,33,25,14,13,5,12,3,1,1,0.303664921,"Jacob Galloway","sa3031869",
2026,"Gavin O'Brien","MASS",,46,191,219,58,26,17,1,14,35,49,24,55,2,2,0,2,5,1,0.303664921,"Gavin O'Brien","sa3065375",
2026,"Camden Karczewski","ILST",23,54,201,235,61,47,12,1,1,38,21,22,27,6,5,1,4,1,1,0.303482587,"Camden Karczewski","sa3035079",
2026,"Tony DeJesus","UIW",,41,145,177,44,33,6,0,5,32,21,26,24,5,0,1,6,4,4,0.303448275,"Tony DeJesus","sa3030038",
2026,"Cole Jones","WCU",,48,145,161,44,27,7,0,10,34,35,14,36,0,0,2,1,1,0,0.303448275,"Cole Jones","sa3034863",
2026,"Spencer Nolan","CLT",22,56,234,267,71,53,13,1,4,51,28,27,44,3,2,1,3,11,2,0.303418803,"Spencer Nolan","sa3038913",
2026,"Brooks Craigue","MRMK",,54,211,253,64,45,13,1,5,47,36,26,37,8,5,3,1,9,0,0.303317535,"Brooks Craigue","sa3029514",
2026,"Cooper Williams","KENN",21,53,211,242,64,46,9,1,8,40,36,24,51,5,2,0,3,20,6,0.303317535,"Cooper Williams","sa3045274",
2026,"Wes Walker","UNA",,56,211,240,64,36,12,1,15,38,58,24,41,3,2,0,4,0,0,0.303317535,"Wes Walker","sa3060856",
2026,"Jake Amman","COFC",,54,211,242,64,50,9,1,4,34,28,24,53,3,4,0,3,19,11,0.303317535,"Jake Amman","sa3069491",
2026,"Pedro Moreno","EKU",,55,211,267,64,40,15,4,5,55,43,38,38,17,1,0,1,14,6,0.303317535,"Pedro Moreno","sa3070813",
2026,"Brendan McLoughlin","WAG",,40,122,145,37,30,6,0,1,25,22,12,19,7,4,0,1,2,0,0.303278688,"Brendan McLoughlin","sa3070758",
2026,"Jack Bell","TCU",21,50,155,199,47,31,9,1,6,39,27,39,45,3,0,2,2,4,1,0.303225806,"Jack Bell","sa3026907",
2026,"Jack Rickheim","HARV",21,37,155,172,47,30,8,1,8,32,27,9,46,3,2,3,2,3,2,0.303225806,"Jack Rickheim","sa3040726",
2026,"Carter Taylor","SDST",,50,155,200,47,33,10,0,4,32,24,28,38,14,1,2,2,6,0,0.303225806,"Carter Taylor","sa3071428",
2026,"Nate Wachter","SDST",,53,188,215,57,42,8,3,4,32,41,18,45,5,4,0,1,2,0,0.303191489,"Nate Wachter","sa3071543",
2026,"Scott Gell","STBK",21,44,132,156,40,27,10,0,3,25,35,12,17,6,4,2,4,5,0,0.303030303,"Scott Gell","sa3032103",
2026,"Trevor Hansen","MAN",22,47,165,190,50,25,13,0,12,31,36,18,69,2,5,0,2,2,2,0.303030303,"Trevor Hansen","sa3033170",
2026,"Miles Risley","IOWA",22,50,165,213,50,33,8,1,8,45,34,29,56,14,4,1,2,16,0,0.303030303,"Miles Risley","sa3060375",
2026,"Matthew Rollison","PRES",,47,165,178,50,31,8,3,8,24,32,4,25,7,1,1,4,1,2,0.303030303,"Matthew Rollison","sa3060417",
2026,"Sean White","GASO",23,54,208,242,63,44,11,0,8,42,38,20,36,8,2,4,7,2,1,0.302884615,"Sean White","sa3045133",
2026,"Lewis Rodriguez","SJU",,54,175,213,53,43,6,3,1,34,20,19,27,6,1,12,2,15,2,0.302857142,"Lewis Rodriguez","sa3040993",
2026,"Hunter Carns","FSU",21,51,175,216,53,35,11,1,6,36,32,33,51,3,5,0,3,2,0,0.302857142,"Hunter Carns","sa3058817",
2026,"Jack Dauer","YALE",20,46,175,222,53,30,17,1,5,44,48,21,38,22,4,0,3,13,2,0.302857142,"Jack Dauer","sa3065024",
2026,"Trevor Smith","WSU",20,49,175,220,53,32,16,3,2,37,31,26,34,9,6,4,2,3,2,0.302857142,"Trevor Smith","sa3071326",
2026,"Anthony Grabau","FOR",,55,218,259,66,42,12,3,9,53,38,24,38,14,3,0,3,11,4,0.302752293,"Anthony Grabau","sa3059334",
2026,"Nate Novitske","ARIZ",20,50,218,235,66,50,11,0,5,28,27,16,35,0,1,0,5,2,3,0.302752293,"Nate Novitske","sa3070892",
2026,"Lenny Junior Ashby","UNM",26,53,185,237,56,38,9,2,7,40,46,35,22,15,2,0,4,13,3,0.302702702,"Lenny Junior Ashby","sa3026262",
2026,"Anthony Torreso","DAV",,49,185,238,56,33,8,2,13,45,52,42,55,8,3,0,2,3,0,0.302702702,"Anthony Torreso","sa3043955",
2026,"Jhett Creel","SFA",21,55,185,236,56,44,9,0,3,39,26,44,33,4,3,0,2,4,0,0.302702702,"Jhett Creel","sa3069874",
2026,"Rocco Garza Gongora","RGV",,55,228,274,69,39,21,2,7,55,37,31,44,9,4,2,4,16,7,0.302631578,"Rocco Garza Gongora","sa3070150",
2026,"Will Anderson","SCU",21,54,195,220,59,41,16,1,1,19,33,12,41,5,5,3,2,4,1,0.302564102,"Will Anderson","sa3069497",
2026,"Jaret Nelson","FGCU",,57,215,260,65,43,12,0,10,39,45,35,54,8,2,0,1,14,5,0.302325581,"Jaret Nelson","sa3060132",
2026,"Reid Howard","WKU",21,37,129,160,39,27,9,3,0,20,17,16,13,10,0,5,4,18,2,0.302325581,"Reid Howard","sa3065543",
2026,"Luke Costello","WAKE",21,53,182,238,55,28,10,0,17,50,62,34,42,17,4,1,5,3,2,0.302197802,"Luke Costello","sa3066471",
2026,"Brendan Brock","OU",21,65,245,286,74,48,11,2,13,60,55,35,73,5,1,0,3,28,4,0.302040816,"Brendan Brock","sa3069672",
2026,"Gabe Petrucelli","SIU",,49,149,187,45,31,11,0,3,20,24,28,21,5,3,2,5,9,2,0.302013422,"Gabe Petrucelli","sa3060258",
2026,"Ike Shirey","TAR",23,54,202,239,61,46,8,5,2,36,36,27,39,5,0,5,4,14,3,0.301980198,"Ike Shirey","sa3042194",
2026,"Hayden Federico","MISS",20,63,202,256,61,48,9,0,4,37,29,35,32,13,4,2,2,5,0,0.301980198,"Hayden Federico","sa3059168",
2026,"Cal Sullivan","SEMO",,53,202,254,61,33,13,0,15,45,51,43,47,7,2,0,6,1,1,0.301980198,"Cal Sullivan","sa3071401",
2026,"Erik Paulsen","UNC",21,68,255,313,77,53,13,0,11,58,56,42,61,13,3,0,8,1,0,0.301960784,"Erik Paulsen","sa3039565",
2026,"Matthew Chatelle","RUTG",22,45,159,189,48,42,4,0,2,30,30,23,45,2,1,4,4,0,1,0.301886792,"Matthew Chatelle","sa3028785",
2026,"Chase Bloomer","SIUE",22,56,222,260,67,48,8,1,10,51,41,28,43,2,8,0,2,10,4,0.301801801,"Chase Bloomer","sa3027276",
2026,"Zandt Payne","ACU",22,57,222,282,67,47,9,1,10,64,38,44,46,14,0,2,1,9,0,0.301801801,"Zandt Payne","sa3039588",
2026,"Julio Guerrero","SIU",,46,169,200,51,31,11,1,8,27,38,13,30,13,5,0,3,20,3,0.301775147,"Julio Guerrero","sa3070233",
2026,"Scott Penney","URI",21,56,232,278,70,48,15,3,4,44,44,41,55,2,1,2,3,8,4,0.301724137,"Scott Penney","sa3039676",
2026,"Cole Tabor","UIW",22,48,179,225,54,29,9,3,13,38,49,38,48,2,3,3,2,4,1,0.301675977,"Cole Tabor","sa3060713",
2026,"Brayden Leonard","VILL",20,48,189,213,57,40,14,1,2,34,35,16,23,6,2,0,2,13,5,0.301587301,"Brayden Leonard","sa3059797",
2026,"Connor Cuff","SELA",21,55,209,249,63,31,15,1,16,50,51,23,44,14,0,3,3,2,0,0.301435406,"Connor Cuff","sa3029655",
2026,"Michael Young","USA",23,57,219,249,66,48,6,5,7,40,32,22,26,3,1,4,4,6,4,0.301369863,"Michael Young","sa3060990",
2026,"Ian Guanzon","ETSU",22,48,156,197,47,36,6,2,3,31,29,26,24,5,2,8,0,0,1,0.301282051,"Ian Guanzon","sa3070231",
2026,"Colby Wallace","ECU",21,63,239,271,72,55,15,1,1,37,49,15,33,6,3,8,6,3,3,0.30125523,"Colby Wallace","sa3044699",
2026,"CJ Griggs","HOF",,50,166,225,50,28,11,2,9,42,40,49,29,9,1,0,3,2,0,0.301204819,"CJ Griggs","sa3059363",
2026,"Yohann Dessureault","STET",24,53,176,216,53,34,10,1,8,34,42,19,39,17,3,1,2,5,4,0.301136363,"Yohann Dessureault","sa3030205",
2026,"Junhyuk Kwon","NEV",22,46,176,209,53,26,18,0,9,36,35,21,50,8,4,0,4,0,1,0.301136363,"Junhyuk Kwon","sa3059738",
2026,"Forrest Lietz","DAV",21,51,176,211,53,38,7,2,6,42,41,32,46,2,1,0,5,6,2,0.301136363,"Forrest Lietz","sa3059816",
2026,"Colin Robson","RICE",21,56,176,228,53,34,9,2,8,45,22,31,39,11,3,7,4,9,9,0.301136363,"Colin Robson","sa3060393",
2026,"Jorge Valdes","XAV",21,44,176,214,53,49,3,0,1,32,20,32,30,1,1,4,1,5,3,0.301136363,"Jorge Valdes","sa3060812",
2026,"Matt Luigs","BRWN",19,43,176,209,53,44,6,3,0,40,18,24,37,7,2,0,4,21,3,0.301136363,"Matt Luigs","sa3074346",
2026,"Kyle Garbowski","QUIN",21,51,186,246,56,43,8,2,3,35,29,39,15,9,4,8,1,11,3,0.301075268,"Kyle Garbowski","sa3031909",
2026,"Alex Irizarry","QUIN",,50,186,239,56,40,10,1,5,37,40,45,28,3,5,0,1,12,3,0.301075268,"Alex Irizarry","sa3034446",
2026,"Curtis McKay","NIA",,49,186,215,56,43,8,0,5,40,34,21,35,3,4,1,1,15,0,0.301075268,"Curtis McKay","sa3059986",
2026,"Dawson Park","TXST",20,48,186,213,56,32,10,1,13,31,52,25,52,1,0,1,2,9,2,0.301075268,"Dawson Park","sa3060209",
2026,"Cooper Malamazian","IU",20,51,196,231,59,42,10,3,4,33,36,27,48,3,3,2,4,4,3,0.301020408,"Cooper Malamazian","sa3059899",
2026,"Jack Crighton","CLEM",22,53,206,228,62,45,14,0,3,38,27,13,30,5,0,4,6,6,1,0.300970873,"Jack Crighton","sa3029563",
2026,"Jake Haggard","ULM",,54,206,245,62,39,14,1,8,43,57,32,52,2,5,0,3,7,1,0.300970873,"Jake Haggard","sa3032962",
2026,"Temo Becerra","TEX",23,61,226,278,68,49,12,1,6,50,42,42,54,6,3,1,2,13,0,0.300884955,"Temo Becerra","sa3026826",
2026,"Jeremy Wolf","DEL",22,49,173,209,52,33,12,1,6,42,29,20,37,14,2,0,3,9,1,0.300578034,"Jeremy Wolf","sa3045511",
2026,"Jacob Budzik","UNCG",22,51,183,217,55,25,17,3,10,41,42,21,63,11,1,1,2,13,2,0.300546448,"Jacob Budzik","sa3027977",
2026,"Tyler Castro","EIU",,52,183,232,55,50,5,0,0,37,27,35,19,5,0,9,6,10,2,0.300546448,"Tyler Castro","sa3028641",
2026,"Kai Laxa","PEPP",21,51,183,201,55,42,11,0,2,31,13,13,19,4,0,1,2,3,0,0.300546448,"Kai Laxa","sa3070571",
2026,"Dom Kibler","MILW",21,60,203,265,61,36,13,1,11,47,60,43,31,15,3,1,3,13,4,0.30049261,"Dom Kibler","sa3035338",
2026,"Easton Jones","BYU",22,56,213,247,64,40,8,2,14,43,46,28,54,4,2,0,6,4,0,0.300469483,"Easton Jones","sa3034867",
2026,"Colby Lunsford","LT",,58,233,272,70,38,21,1,10,52,43,32,49,6,1,0,5,6,3,0.300429184,"Colby Lunsford","sa3036702",
2026,"Chayton Krauss","DBU",23,58,243,268,73,41,13,0,19,51,65,21,63,1,3,0,4,4,1,0.300411522,"Chayton Krauss","sa3035692",
2026,"Alex Alicea","LOU",21,44,160,182,48,37,7,2,2,35,25,12,21,4,1,5,1,9,3,0.3,"Alex Alicea","sa3025898",
2026,"Ryan Black","UGA",22,60,190,232,57,37,10,1,9,42,34,31,50,9,2,0,4,5,1,0.3,"Ryan Black","sa3027205",
2026,"Sam Griffith","OAK",23,50,130,153,39,29,9,0,1,23,20,15,29,1,2,5,6,4,1,0.3,"Sam Griffith","sa3032725",
2026,"Brian Heckelman","TOW",22,49,170,211,51,28,11,0,12,40,34,29,26,10,1,1,4,1,1,0.3,"Brian Heckelman","sa3033507",
2026,"Tre Mariano","ALB",,42,150,172,45,27,11,0,7,25,30,17,39,2,3,0,4,2,2,0.3,"Tre Mariano","sa3037044",
2026,"Walker Zapp","AFA",22,47,190,218,57,30,16,2,9,43,64,21,42,2,5,0,3,8,3,0.3,"Walker Zapp","sa3045803",
2026,"Cameron Hill","GRAM",22,53,210,248,63,44,7,2,10,45,54,27,40,9,2,0,9,16,4,0.3,"Cameron Hill","sa3059496",
2026,"Nolan Sandee","NIU",20,50,160,218,48,32,12,2,2,35,30,42,41,11,2,3,0,10,1,0.3,"Nolan Sandee","sa3060482",
2026,"Aidan Botti","URI",23,43,140,156,42,33,4,3,2,29,14,8,26,3,1,4,1,5,1,0.3,"Aidan Botti","sa3069641",
2026,"Miles Curley","UNO",,34,130,147,39,24,7,1,7,23,34,16,35,1,0,0,6,2,0,0.3,"Miles Curley","sa3069891",
2026,"Grady Lenahan","ECU",19,52,190,234,57,34,12,2,9,49,48,17,26,18,4,5,3,11,1,0.3,"Grady Lenahan","sa3070588",
2026,"Max Farrell","SDSU",19,60,237,279,71,47,12,5,7,45,45,30,50,7,4,1,1,17,3,0.299578059,"Max Farrell","sa3070062",
2026,"Lee Amedee","UL",22,66,227,294,68,45,12,4,7,47,54,49,39,15,3,0,5,7,4,0.299559471,"Lee Amedee","sa3026000",
2026,"Freddy Rodriguez","MEM",21,58,227,274,68,55,9,0,4,48,32,35,47,5,0,7,3,45,6,0.299559471,"Freddy Rodriguez","sa3060405",
2026,"Noel Rivera","MRST",,54,217,259,65,50,9,1,5,51,35,26,27,13,2,1,2,27,6,0.29953917,"Noel Rivera","sa3060382",
2026,"Nathan Negre","CARK",,52,207,243,62,40,11,3,8,38,38,25,52,8,2,1,2,10,4,0.299516908,"Nathan Negre","sa3060127",
2026,"Micah Dean","ULM",21,45,187,218,56,38,11,1,6,42,23,16,45,13,1,1,2,18,2,0.29946524,"Micah Dean","sa3059013",
2026,"Andres Matias","APSU",,49,177,219,53,34,13,0,6,36,44,26,20,4,5,7,5,3,1,0.299435028,"Andres Matias","sa3037304",
2026,"Bryce Rudisill","MSM",21,36,127,146,38,22,7,2,7,21,27,13,21,3,2,1,0,6,3,0.299212598,"Bryce Rudisill","sa3060444",
2026,"Royce Hale","SEA",21,38,117,141,35,24,4,0,7,23,33,18,37,4,2,0,0,1,1,0.299145299,"Royce Hale","sa3032998",
2026,"Ben Higdon","USM",23,59,214,256,64,44,15,0,5,35,42,26,51,5,3,8,2,8,3,0.29906542,"Ben Higdon","sa3033779",
2026,"Julian Jimenez","UMES",23,48,184,234,55,33,8,5,9,58,24,39,50,8,1,2,0,12,4,0.298913043,"Julian Jimenez","sa3059599",
2026,"Hudson Lutterman","VT",20,52,184,215,55,32,11,2,10,36,45,16,37,8,6,1,3,1,0,0.298913043,"Hudson Lutterman","sa3059873",
2026,"Tyler Bishop","OMA",23,45,174,202,52,26,15,4,7,29,35,20,24,7,1,0,2,4,1,0.298850574,"Tyler Bishop","sa3027180",
2026,"Robert Wegrzyn","LEM",,44,174,201,52,41,5,0,6,30,37,16,44,11,0,0,4,3,0,0.298850574,"Robert Wegrzyn","sa3060896",
2026,"A.J. Taylor","LAM",22,61,241,276,72,51,13,1,7,44,36,16,36,11,3,5,4,11,1,0.298755186,"A.J. Taylor","sa3043544",
2026,"Ben Pulliam","LONG",,59,221,259,66,35,23,2,6,40,36,26,63,8,2,2,1,16,7,0.298642533,"Ben Pulliam","sa3071052",
2026,"Quinn Murphy","ME",,52,201,222,60,44,10,1,5,32,28,18,38,1,1,1,5,8,0,0.298507462,"Quinn Murphy","sa3060113",
2026,"Anthony Mitta","BGSU",22,50,191,217,57,41,11,1,4,23,24,19,45,4,2,1,0,6,4,0.298429319,"Anthony Mitta","sa3038182",
2026,"Bradke Lohry","USF",23,51,181,223,54,38,14,1,1,40,25,33,34,4,2,3,1,7,4,0.298342541,"Bradke Lohry","sa3036464",
2026,"Hector Rodriguez","LAM",,48,181,209,54,44,8,0,2,30,27,23,24,0,4,1,5,3,0,0.298342541,"Hector Rodriguez","sa3040980",
2026,"Jayden Israel","NORF",22,50,181,234,54,40,10,0,4,50,31,43,20,6,2,2,1,19,4,0.298342541,"Jayden Israel","sa3059574",
2026,"Micajah Wall","USI",23,52,181,218,54,43,5,1,5,33,46,24,31,4,2,7,1,4,4,0.298342541,"Micajah Wall","sa3060858",
2026,"Matthias Haas","TULN",24,53,171,198,51,38,10,0,3,28,34,17,32,4,2,4,6,5,1,0.298245614,"Matthias Haas","sa3032912",
2026,"Brooks Kettering","SEMO",,54,171,224,51,35,11,0,5,36,22,38,31,7,2,6,2,10,3,0.298245614,"Brooks Kettering","sa3035318",
2026,"Hunter Snyder","COLU",21,34,114,134,34,25,7,0,2,27,18,13,26,6,0,1,3,2,1,0.298245614,"Hunter Snyder","sa3042690",
2026,"Kellen Strohmeyer","IOWA",22,53,171,193,51,36,10,2,3,36,25,19,38,2,1,0,5,18,0,0.298245614,"Kellen Strohmeyer","sa3043237",
2026,"Brylan West","MIA",24,53,171,212,51,37,9,0,5,34,42,24,32,10,6,1,4,4,0,0.298245614,"Brylan West","sa3045027",
2026,"Tyler Minnick","MTSU",21,56,218,257,65,37,18,0,10,44,48,29,18,8,1,1,6,0,2,0.298165137,"Tyler Minnick","sa3038133",
2026,"Gavin Donohue","SHU",22,43,161,192,48,26,13,2,7,31,32,20,44,11,0,0,2,12,2,0.298136645,"Gavin Donohue","sa3030468",
2026,"Jake Bell","BELL",19,47,161,187,48,28,10,2,8,32,28,18,32,5,1,2,7,1,2,0.298136645,"Jake Bell","sa3069591",
2026,"Bristol Carter","AUB",22,49,151,196,45,36,7,0,2,50,25,29,24,6,1,9,2,31,1,0.298013245,"Bristol Carter","sa3028520",
2026,"JT Popick","UTM",22,52,198,225,59,43,14,0,2,36,34,20,27,1,4,2,2,5,2,0.297979797,"JT Popick","sa3062888",
2026,"Camden Johnson","OU",21,65,245,297,73,50,11,3,9,63,48,34,70,11,3,4,1,31,3,0.297959183,"Camden Johnson","sa3034721",
2026,"JP Kuczik","FAIR",,51,188,226,56,38,14,0,4,23,49,23,16,9,6,0,1,1,0,0.29787234,"JP Kuczik","sa3035764",
2026,"Rowan Masse","UML",22,51,188,234,56,47,9,0,0,53,18,26,25,13,1,6,4,10,0,0.29787234,"Rowan Masse","sa3037260",
2026,"Anthony Potestio","UCSD",21,49,188,240,56,39,12,1,4,45,22,35,38,12,4,1,1,12,2,0.29787234,"Anthony Potestio","sa3040125",
2026,"Colton Boardman","CSUN",21,46,141,168,42,32,8,2,0,19,12,11,33,9,2,5,2,2,2,0.29787234,"Colton Boardman","sa3058662",
2026,"Jaedan Carter","LONG",21,60,235,277,70,45,16,2,7,37,44,29,39,7,3,3,4,10,4,0.29787234,"Jaedan Carter","sa3058829",
2026,"Jacob May","CSUB",20,51,188,217,56,37,9,5,5,42,28,22,39,5,2,0,3,9,6,0.29787234,"Jacob May","sa3070714",
2026,"Garrett McGovern","MRMK",,42,141,162,42,32,9,0,1,20,24,16,48,2,2,1,1,2,1,0.29787234,"Garrett McGovern","sa3074361",
2026,"Luis Pimentel-Guerrero","SAC",22,61,225,275,67,49,10,2,6,34,41,35,46,11,4,0,0,1,1,0.297777777,"Luis Pimentel-Guerrero","sa3039932",
2026,"Drey Barrett","USM",20,60,225,262,67,45,13,0,9,41,41,32,44,3,2,0,6,0,0,0.297777777,"Drey Barrett","sa3058559",
2026,"Jaden Gustafson","WICH",21,57,215,262,64,45,11,1,7,61,41,35,30,8,3,1,4,2,0,0.297674418,"Jaden Gustafson","sa3032869",
2026,"Ethan Plyler","COFC",,56,215,243,64,51,8,2,3,29,34,17,44,8,2,1,3,6,5,0.297674418,"Ethan Plyler","sa3040007",
2026,"Richard Beggy","JOES",23,51,205,243,61,44,7,3,7,40,67,26,31,5,7,0,5,4,0,0.297560975,"Richard Beggy","sa3069585",
2026,"Andrew Davis","UTM",,55,205,259,61,48,12,0,1,53,32,32,40,13,6,3,1,25,12,0.297560975,"Andrew Davis","sa3069906",
2026,"Sawyer Pace","BELL",,47,121,171,36,32,3,0,1,33,16,21,23,24,2,3,1,5,2,0.297520661,"Sawyer Pace","sa3070936",
2026,"Manny Garza","TNTC",23,49,158,189,47,33,9,0,5,28,29,18,17,10,3,0,3,0,0,0.297468354,"Manny Garza","sa3032023",
2026,"Jaime Perez","GCU",23,44,158,192,47,37,7,0,3,29,18,17,10,10,1,6,6,5,2,0.297468354,"Jaime Perez","sa3039714",
2026,"Logan Johnstone","VAN",23,52,195,241,58,40,7,1,10,43,43,41,48,1,3,1,0,7,4,0.297435897,"Logan Johnstone","sa3034783",
2026,"Adam Puder","STMN",,50,195,218,58,39,15,1,3,35,26,18,45,2,1,2,3,18,2,0.297435897,"Adam Puder","sa3060316",
2026,"Kyle Eddington","UMBC",,50,148,196,44,40,4,0,0,28,26,20,27,14,4,10,2,12,0,0.297297297,"Kyle Eddington","sa3030775",
2026,"Ryder Young","GONZ",20,53,222,252,66,38,16,0,12,42,54,21,31,5,4,0,9,0,0,0.297297297,"Ryder Young","sa3071678",
2026,"Landon Godsey","BEL",23,55,212,246,63,33,21,0,9,35,44,23,56,6,4,1,3,8,2,0.297169811,"Landon Godsey","sa3032336",
2026,"Kade Elam","LOU",19,55,212,237,63,41,14,1,7,46,35,17,41,3,4,1,3,4,0,0.297169811,"Kade Elam","sa3070020",
2026,"Luke Jacobs","UTAH",21,51,212,246,63,33,18,3,9,51,39,24,50,5,3,2,1,1,2,0.297169811,"Luke Jacobs","sa3070418",
2026,"Marcus Heusohn","MCN",23,56,202,242,60,41,15,0,4,32,34,29,38,4,7,0,1,0,0,0.297029702,"Marcus Heusohn","sa3033741",
2026,"Julius Ramirez","RGV",20,53,202,230,60,42,7,0,11,33,52,20,52,3,5,0,6,3,0,0.297029702,"Julius Ramirez","sa3040427",
2026,"Justin Williams","SELA",25,53,202,230,60,36,11,3,10,40,47,23,42,3,1,1,3,3,3,0.297029702,"Justin Williams","sa3045324",
2026,"Jake McCoy","SJSU",23,50,202,229,60,33,12,0,15,48,46,19,54,5,3,0,3,1,3,0.297029702,"Jake McCoy","sa3062870",
2026,"Braden Connors","HC",,45,165,196,49,35,9,1,4,25,32,19,49,10,2,0,2,5,3,0.296969696,"Braden Connors","sa3029259",
2026,"Larry Hotaling","VILL",20,49,165,194,49,37,8,3,1,32,16,17,35,3,6,3,3,19,0,0.296969696,"Larry Hotaling","sa3070370",
2026,"Brady Janusek","BAY",20,56,229,259,68,39,11,4,14,48,53,26,77,3,1,0,4,17,5,0.296943231,"Brady Janusek","sa3070429",
2026,"Chris Polemeni","CONN",21,51,192,229,57,39,9,0,9,44,34,28,39,9,0,0,5,14,6,0.296875,"Chris Polemeni","sa3040033",
2026,"Jacob Silva","UTSA",21,43,128,173,38,26,6,2,4,33,26,23,17,15,4,3,4,6,1,0.296875,"Jacob Silva","sa3066236",
2026,"Adam Agresti","SJU",21,62,219,281,65,30,15,0,20,49,55,50,37,10,2,0,2,9,0,0.296803652,"Adam Agresti","sa3025801",
2026,"John Martinez","FAU",21,55,219,241,65,44,16,0,5,29,39,16,28,1,2,3,3,6,2,0.296803652,"John Martinez","sa3059934",
2026,"Jackson Smith","CIN",20,59,219,286,65,43,14,3,5,66,45,40,56,22,3,2,4,21,2,0.296803652,"Jackson Smith","sa3060615",
2026,"Matt Stancliff","MCN",22,57,219,271,65,46,10,2,7,52,34,33,39,10,4,5,4,22,1,0.296803652,"Matt Stancliff","sa3060654",
2026,"Devin Parks","RAD",,43,155,184,46,28,11,1,6,28,42,14,45,8,2,5,3,17,1,0.296774193,"Devin Parks","sa3039479",
2026,"Bear Harrison","TA&M",21,53,155,222,46,19,15,0,12,50,35,41,37,23,3,0,0,3,0,0.296774193,"Bear Harrison","sa3059417",
2026,"Jett Music","CAM",,48,155,198,46,14,10,0,22,46,56,31,58,8,3,1,1,5,1,0.296774193,"Jett Music","sa3060117",
2026,"Noah Lewis","UL",19,60,182,213,54,42,9,0,3,40,19,18,42,7,3,3,1,16,4,0.296703296,"Noah Lewis","sa3070596",
2026,"Trey Wells","RUTG",23,52,209,234,62,43,10,3,6,41,35,17,45,4,3,1,6,8,1,0.296650717,"Trey Wells","sa3065445",
2026,"Keegan Giger","NICH",,50,209,231,62,44,10,2,6,31,40,15,32,3,3,1,2,11,4,0.296650717,"Keegan Giger","sa3070164",
2026,"David Stokely","MSM",23,38,118,144,35,23,8,0,4,20,26,14,17,6,4,2,2,2,0,0.296610169,"David Stokely","sa3043156",
2026,"Ian Collier","FAU",23,41,145,168,43,23,11,1,8,24,27,15,33,4,4,0,5,0,0,0.296551724,"Ian Collier","sa3029184",
2026,"Ayden Garcia","UNLV",22,46,145,178,43,30,5,0,8,35,37,23,38,4,6,0,3,0,0,0.296551724,"Ayden Garcia","sa3059269",
2026,"Jaxon Mueller","ALB",,41,145,159,43,29,10,1,3,22,25,9,46,5,0,0,2,4,1,0.296551724,"Jaxon Mueller","sa3074381",
2026,"Jackson Smith","AMCC",,49,172,206,51,36,10,1,4,25,26,28,29,4,2,0,3,2,0,0.296511627,"Jackson Smith","sa3060614",
2026,"Vaughn Coleman","CSUN",,51,172,218,51,27,13,1,10,38,37,21,32,18,3,4,3,7,5,0.296511627,"Vaughn Coleman","sa3069822",
2026,"Luke Matthews","KENT",22,53,199,235,59,44,14,0,1,45,34,19,41,11,2,4,2,18,5,0.296482412,"Luke Matthews","sa3059945",
2026,"Gabriel Cavazonni","HALL",,41,162,190,48,26,14,7,1,31,27,21,48,4,3,0,0,14,4,0.296296296,"Gabriel Cavazonni","sa3028669",
2026,"Luke Nomura","FAIR",22,39,135,170,40,26,8,0,6,27,34,26,22,5,4,0,3,14,1,0.296296296,"Luke Nomura","sa3038916",
2026,"Matt Ineich","WVU",20,64,243,313,72,54,12,2,4,64,36,56,35,10,3,1,8,7,3,0.296296296,"Matt Ineich","sa3059564",
2026,"Logan Keilen","CMU",20,46,162,197,48,28,13,0,7,33,42,31,39,3,1,0,7,2,1,0.296296296,"Logan Keilen","sa3070486",
2026,"Jayden Lobliner","USD",22,51,206,232,61,33,16,2,10,38,39,17,58,6,1,2,1,7,1,0.296116504,"Jayden Lobliner","sa3036429",
2026,"Davis Hamilton","MINN",22,53,179,240,53,35,12,0,6,49,33,43,28,16,2,0,1,16,5,0.296089385,"Davis Hamilton","sa3033076",
2026,"Jaylen Jones","WCU",,52,179,210,53,36,11,1,5,37,35,20,22,3,1,7,1,17,3,0.296089385,"Jaylen Jones","sa3059622",
2026,"Matthew Sutera","WAG",20,49,179,212,53,40,9,1,3,42,38,26,47,3,4,0,3,13,4,0.296089385,"Matthew Sutera","sa3060698",
2026,"Blaize Ward","MIZ",,44,152,185,45,35,5,1,4,26,33,15,28,14,2,2,2,1,0,0.296052631,"Blaize Ward","sa3071558",
2026,"Steven Milam","LSU",21,58,223,271,66,39,15,1,11,53,49,35,23,12,1,0,4,3,3,0.295964125,"Steven Milam","sa3038004",
2026,"Sam Grube","VT",20,56,223,263,66,41,15,2,8,45,38,24,43,10,3,3,5,7,4,0.295964125,"Sam Grube","sa3059369",
2026,"Angel Laya","ORE",19,59,223,260,66,41,10,1,14,49,47,27,34,10,0,0,4,5,2,0.295964125,"Angel Laya","sa3070572",
2026,"Robert Orr","PAC",21,54,196,225,58,33,17,1,7,36,33,20,52,3,2,4,1,1,1,0.295918367,"Robert Orr","sa3060183",
2026,"Paul Vazquez","ORST",21,53,196,232,58,38,12,0,8,37,36,19,58,12,3,2,9,1,0,0.295918367,"Paul Vazquez","sa3060831",
2026,"Logan Chapman","CAM",,49,169,205,50,32,10,3,5,45,22,18,26,9,3,6,3,12,1,0.295857988,"Logan Chapman","sa3069785",
2026,"Alex Kean","MORE",22,43,142,177,42,27,10,0,5,29,31,27,43,4,4,0,2,4,3,0.295774647,"Alex Kean","sa3035131",
2026,"Nick Arias","ACU",22,52,186,234,55,35,13,0,7,42,42,36,51,8,3,1,5,1,0,0.295698924,"Nick Arias","sa3026184",
2026,"Ty Stecko","EMU",22,49,186,223,55,29,13,2,11,42,45,24,62,11,2,0,3,14,2,0.295698924,"Ty Stecko","sa3042996",
2026,"Greg Cristino","MRMK",23,56,230,265,68,35,19,0,14,46,57,26,34,5,3,1,2,0,0,0.295652173,"Greg Cristino","sa3074242",
2026,"Rhett Stokes","NEB",23,54,159,186,47,37,7,0,3,24,25,12,27,5,0,10,4,4,2,0.295597484,"Rhett Stokes","sa3043160",
2026,"Garrett Mathias","BUCK",20,49,159,199,47,32,7,1,7,23,42,32,38,3,5,0,1,0,0,0.295597484,"Garrett Mathias","sa3070701",
2026,"Patrick Walsh","NAVY",,48,159,193,47,27,11,4,5,27,37,28,48,5,0,1,1,11,3,0.295597484,"Patrick Walsh","sa3071554",
2026,"Luke Hammond","XAV",23,58,220,249,65,47,8,2,8,31,41,10,31,9,3,7,2,2,1,0.295454545,"Luke Hammond","sa3033104",
2026,"Brandon Sanchez","UNCO",21,51,176,215,52,35,9,1,7,40,38,30,30,4,4,1,6,8,2,0.295454545,"Brandon Sanchez","sa3041472",
2026,"Carter White","UNF",,51,176,205,52,29,11,2,10,34,50,22,42,3,3,1,1,8,1,0.295454545,"Carter White","sa3060909",
2026,"Cooper Sheff","UNLV",22,50,193,213,57,39,8,1,9,41,38,15,53,2,3,0,4,5,3,0.295336787,"Cooper Sheff","sa3060560",
2026,"Kruise Newman","UNO",23,54,193,228,57,35,7,1,14,43,48,27,65,6,0,2,0,6,3,0.295336787,"Kruise Newman","sa3070877",
2026,"Jordan Ballin","UTSA",20,51,149,216,44,40,3,0,1,45,38,45,27,12,4,6,8,4,4,0.295302013,"Jordan Ballin","sa3058547",
2026,"Isaiah Monge","WIU",,53,210,237,62,44,14,0,4,29,32,20,50,2,2,3,4,4,1,0.295238095,"Isaiah Monge","sa3038230",
2026,"Juju Stevens","ME",23,54,210,245,62,36,10,2,14,54,40,18,35,13,3,1,3,11,3,0.295238095,"Juju Stevens","sa3043076",
2026,"Jackson Westmoreland","UNA",21,54,210,250,62,54,8,0,0,46,24,30,35,7,2,1,3,4,0,0.295238095,"Jackson Westmoreland","sa3045053",
2026,"Patrick DeSarno","ALB",,48,166,200,49,40,6,1,2,27,18,30,23,1,2,1,7,4,2,0.295180722,"Patrick DeSarno","sa3074251",
2026,"Brady Holbrook","BEL",19,46,166,181,49,35,5,1,8,26,27,13,30,2,0,0,1,4,1,0.295180722,"Brady Holbrook","sa3074996",
2026,"Brodie Kresser","WVU",23,56,183,226,54,44,7,1,2,39,34,26,30,8,6,3,3,6,0,0.295081967,"Brodie Kresser","sa3035708",
2026,"Jake Weaver","UIW",,48,183,222,54,34,10,3,7,41,37,29,33,7,3,0,4,6,3,0.295081967,"Jake Weaver","sa3060888",
2026,"Mason Strong","UVU",23,52,200,232,59,41,11,1,6,32,45,19,44,7,6,0,6,16,2,0.295,"Mason Strong","sa3043245",
2026,"Cooper Hinson","MRSH",20,52,200,225,59,39,17,1,2,19,37,13,37,6,4,2,5,1,2,0.295,"Cooper Hinson","sa3059500",
2026,"Cade Collins","WOF",20,56,200,268,59,39,15,1,4,58,28,42,41,23,1,2,0,8,6,0.295,"Cade Collins","sa3062575",
2026,"Noah Ruiz","NU",22,52,200,223,59,41,11,0,7,28,39,10,26,6,4,3,3,0,1,0.295,"Noah Ruiz","sa3071185",
2026,"Malachi Costello","IONA",21,39,139,166,41,28,6,0,7,25,32,18,17,4,4,1,2,0,3,0.294964028,"Malachi Costello","sa3069860",
2026,"Tyler Lang","UPST",,60,217,276,64,42,16,0,6,48,46,43,19,10,6,0,5,4,0,0.294930875,"Tyler Lang","sa3035932",
2026,"Nate McHugh","CREI",21,57,234,269,69,46,13,3,7,43,44,24,34,10,1,0,6,2,1,0.294871794,"Nate McHugh","sa3037628",
2026,"Luke Devine","SCU",20,45,156,182,46,33,9,1,3,24,27,10,39,11,4,1,4,7,4,0.294871794,"Luke Devine","sa3059048",
2026,"Santino Harwood","DSU",,45,156,197,46,36,9,0,1,30,23,30,16,3,4,4,0,15,5,0.294871794,"Santino Harwood","sa3059429",
2026,"Anthony Temesvary","COLU",20,41,156,178,46,32,9,1,4,25,34,14,32,4,3,1,3,3,0,0.294871794,"Anthony Temesvary","sa3065428",
2026,"Derek Martinez","ARST",,46,156,179,46,27,5,0,14,35,35,14,54,6,2,1,4,0,2,0.294871794,"Derek Martinez","sa3070691",
2026,"Alec Warden","VCU",,56,173,215,51,36,11,2,2,38,30,24,48,10,3,5,4,12,4,0.294797687,"Alec Warden","sa3071559",
2026,"Ryan Kucherak","NU",21,51,190,224,56,33,13,0,10,38,39,27,59,4,2,1,1,11,2,0.294736842,"Ryan Kucherak","sa3035761",
2026,"Nick Barron","NU",20,52,190,213,56,32,15,0,9,35,33,17,31,2,4,0,4,0,0,0.294736842,"Nick Barron","sa3069565",
2026,"Emory Guilford","PRES",21,55,190,215,56,32,15,3,6,32,35,15,54,6,4,0,2,3,3,0.294736842,"Emory Guilford","sa3070235",
2026,"Cooper Rasmussen","FIU",21,48,190,223,56,34,10,0,12,44,32,19,42,12,1,1,0,1,0,0.294736842,"Cooper Rasmussen","sa3071077",
2026,"Nathan Brewer","MTSU",,55,207,234,61,33,16,0,12,37,44,19,52,6,2,0,6,9,4,0.29468599,"Nathan Brewer","sa3027665",
2026,"Rylen Stockton","MD",20,38,129,162,38,24,7,0,7,26,23,20,32,9,3,1,2,0,0,0.294573643,"Rylen Stockton","sa3060677",
2026,"Brennan Hudson","UGA",22,56,163,223,48,21,5,0,22,52,51,39,46,17,4,0,0,0,0,0.294478527,"Brennan Hudson","sa3034227",
2026,"Joey Nerat","IOWA",22,56,163,194,48,23,15,4,6,32,40,22,48,7,1,1,1,16,1,0.294478527,"Joey Nerat","sa3038770",
2026,"Paul Smith","RICE",22,58,197,240,58,32,12,1,13,39,49,37,37,4,2,0,7,1,0,0.294416243,"Paul Smith","sa3042619",
2026,"Cal Chance","UML",,45,197,218,58,47,10,1,0,34,30,19,20,1,1,0,5,12,1,0.294416243,"Cal Chance","sa3069783",
2026,"Angel Cano","LR",,64,248,277,73,46,15,0,12,42,31,15,35,14,0,0,3,0,1,0.294354838,"Angel Cano","sa3066043",
2026,"Antonio Ducatelli","CCSU",,44,170,204,50,37,8,1,4,38,37,31,27,3,0,0,1,6,3,0.294117647,"Antonio Ducatelli","sa3030596",
2026,"Tommy Eisenstat","GONZ",23,53,187,219,55,38,12,0,5,45,37,22,32,4,4,2,1,2,1,0.294117647,"Tommy Eisenstat","sa3030857",
2026,"Matt Ilgenfritz","GWEB",22,55,221,243,65,37,18,0,10,37,39,11,55,9,2,0,8,9,3,0.294117647,"Matt Ilgenfritz","sa3034412",
2026,"JP Peltier","WRST",21,55,221,259,65,30,24,1,10,50,54,33,57,3,1,1,0,14,2,0.294117647,"JP Peltier","sa3039650",
2026,"Aidan Teel","MSST",21,45,136,168,40,29,6,0,5,38,22,20,38,9,1,2,1,6,5,0.294117647,"Aidan Teel","sa3043601",
2026,"Nick Wang","BC",24,60,221,277,65,37,11,1,16,46,62,39,47,8,9,0,8,12,1,0.294117647,"Nick Wang","sa3044770",
2026,"Kyle Panganiban","CSUN",20,44,170,204,50,33,4,4,9,36,37,19,35,11,0,4,3,8,3,0.294117647,"Kyle Panganiban","sa3060201",
2026,"Chris Klug","NAVY",,40,136,163,40,29,7,1,3,27,18,11,27,9,2,5,1,18,4,0.294117647,"Chris Klug","sa3066548",
2026,"Kristofer Hokenson","MUR",,57,204,248,60,39,11,0,10,42,42,30,47,8,3,3,0,12,1,0.294117647,"Kristofer Hokenson","sa3070344",
2026,"Will Edmunson","ORU",,54,211,243,62,46,10,1,5,33,34,21,23,9,2,0,3,2,1,0.293838862,"Will Edmunson","sa3030796",
2026,"Logan Pruski","UNCO",22,55,211,253,62,48,11,0,3,29,31,34,35,4,2,2,7,13,5,0.293838862,"Logan Pruski","sa3071049",
2026,"Ben Zeigler-Namoa","HAW",23,50,194,222,57,41,10,1,5,33,37,21,27,4,3,0,3,8,4,0.293814432,"Ben Zeigler-Namoa","sa3045831",
2026,"Dylan Passo","ND",19,40,126,152,37,26,8,0,3,20,25,11,28,7,8,0,4,1,0,0.293650793,"Dylan Passo","sa3070957",
2026,"Jake Hower","COR",,36,126,150,37,32,3,0,2,19,17,9,26,13,2,0,2,5,6,0.293650793,"Jake Hower","sa3074313",
2026,"Trey Bentley","UPST",20,61,201,240,59,34,18,0,7,48,36,30,40,4,2,3,2,7,3,0.293532338,"Trey Bentley","sa3069599",
2026,"Brayden Dowd","FSU",21,51,184,241,54,31,13,0,10,52,36,51,34,5,1,0,1,10,0,0.29347826,"Brayden Dowd","sa3030520",
2026,"Matt Colella","LAF",,45,167,202,49,37,7,1,4,22,32,17,19,5,3,10,1,15,6,0.293413173,"Matt Colella","sa3029146",
2026,"Will Linberg","CSUN",,49,167,195,49,32,12,0,5,32,15,22,38,3,1,2,6,4,0,0.293413173,"Will Linberg","sa3036344",
2026,"Nick Spaventa","PENN",21,42,167,193,49,26,14,1,8,25,38,19,26,2,5,0,5,0,0,0.293413173,"Nick Spaventa","sa3042803",
2026,"Henry Ford","TENN",21,58,242,272,71,36,15,0,20,51,57,27,54,0,3,0,4,3,2,0.293388429,"Henry Ford","sa3031540",
2026,"Cameron Kim","CSUF",21,54,225,247,66,39,20,1,6,33,32,18,38,2,0,2,8,4,1,0.293333333,"Cameron Kim","sa3035371",
2026,"Evan Appelwick","M-OH",23,55,208,279,61,35,11,1,14,63,54,63,49,6,1,1,2,4,2,0.29326923,"Evan Appelwick","sa3026132",
2026,"Kai Wagner","PITT",22,57,208,267,61,40,10,1,10,48,46,52,42,4,3,0,4,6,0,0.29326923,"Kai Wagner","sa3044626",
2026,"Jordan Kang","HARV",,37,133,163,39,28,5,1,5,27,28,27,34,1,2,0,3,1,4,0.293233082,"Jordan Kang","sa3035060",
2026,"James Smith IV","MEM",23,50,191,224,56,35,9,1,11,32,54,18,43,12,2,1,5,5,1,0.293193717,"James Smith IV","sa3060613",805992
2026,"Martell Davis","ORU",,59,232,254,68,54,9,0,5,41,29,16,47,3,0,3,4,0,0,0.293103448,"Martell Davis","sa3029923",
2026,"Ethan Willoughby","SIUE",,57,215,249,63,52,7,1,3,35,32,20,26,8,3,3,3,5,5,0.293023255,"Ethan Willoughby","sa3045371",
2026,"Joey Morton","CAM",,57,215,253,63,29,13,0,21,47,75,22,61,7,9,0,2,3,1,0.293023255,"Joey Morton","sa3060096",
2026,"Hunter Huneycutt","QUC",,46,157,179,46,39,6,0,1,26,13,19,16,0,0,3,0,15,3,0.29299363,"Hunter Huneycutt","sa3070393",
2026,"Will Henson","OHIO",23,54,198,238,58,42,8,2,6,30,35,29,53,7,4,0,4,15,5,0.292929292,"Will Henson","sa3033650",
2026,"Andrew Tinsley","NCAT",,42,140,157,41,30,5,0,6,23,28,11,24,2,1,3,4,3,5,0.292857142,"Andrew Tinsley","sa3060760",
2026,"Kuhio Aloy","ARK",20,49,181,199,53,36,8,0,9,37,41,15,48,2,1,0,5,5,0,0.292817679,"Kuhio Aloy","sa3025960",
2026,"Matthew Pena","CSUN",21,51,181,217,53,30,6,2,15,36,49,21,50,10,5,0,3,1,2,0.292817679,"Matthew Pena","sa3039660",
2026,"Bradley Garner","VMI",,55,205,251,60,30,20,3,7,47,42,29,54,8,7,2,3,23,4,0.292682926,"Bradley Garner","sa3031981",
2026,"Landon Moran","UCF",22,55,205,245,60,48,10,0,2,47,31,26,26,5,4,5,5,3,2,0.292682926,"Landon Moran","sa3038342",
2026,"Elijah Pelayo","CSUB",,55,205,240,60,49,11,0,0,35,28,23,45,6,3,3,2,12,6,0.292682926,"Elijah Pelayo","sa3039642",
2026,"Aidan Quinn","LEH",22,45,164,200,48,33,10,1,4,29,25,31,38,3,2,0,0,1,1,0.292682926,"Aidan Quinn","sa3040341",
2026,"Noah Sorensen","LIU",,44,164,217,48,33,12,0,3,49,31,40,19,9,1,3,4,20,3,0.292682926,"Noah Sorensen","sa3042748",
2026,"Zach Justice","SDSU",21,55,205,243,60,41,14,1,4,32,39,25,43,9,2,2,6,2,2,0.292682926,"Zach Justice","sa3066205",
2026,"Spike Magill","EVAN",,51,164,225,48,39,6,0,3,30,21,35,40,25,1,0,0,5,3,0.292682926,"Spike Magill","sa3070651",
2026,"Colin Basehore","MAN",,43,147,170,43,27,11,0,5,29,20,19,27,4,0,0,1,1,0,0.292517006,"Colin Basehore","sa3058570",
2026,"Foster Apple","STET",20,42,147,180,43,29,11,1,2,24,31,25,39,4,4,0,3,3,1,0.292517006,"Foster Apple","sa3064989",
2026,"Adam Sullivan","LEM",22,47,171,221,50,31,10,2,7,43,49,40,45,2,7,1,1,13,1,0.29239766,"Adam Sullivan","sa3043303",
2026,"Gage Hoover","WIU",,49,171,206,50,42,6,1,1,27,31,25,34,2,5,3,5,5,0,0.29239766,"Gage Hoover","sa3070362",
2026,"Kai Holm","LIP",,55,195,240,57,45,9,1,2,32,25,34,38,5,2,4,3,11,4,0.292307692,"Kai Holm","sa3034000",
2026,"Ryan Jaros","RUTG",21,56,195,225,57,37,10,1,9,34,35,14,48,7,3,6,6,5,1,0.292307692,"Ryan Jaros","sa3034592",
2026,"Ty Wisdom","APSU",21,54,195,243,57,34,13,1,9,47,33,37,33,6,1,4,3,5,1,0.292307692,"Ty Wisdom","sa3045477",
2026,"Augusto Mungarrieta","KU",21,61,219,259,64,34,13,0,17,41,50,21,69,15,4,0,4,1,0,0.292237442,"Augusto Mungarrieta","sa3070835",
2026,"Kyle Revere","OAK",,54,219,252,64,44,12,0,8,35,33,24,50,6,1,2,3,12,2,0.292237442,"Kyle Revere","sa3071095",
2026,"Ryan Henschel","URI",,52,154,203,45,28,9,2,6,42,36,32,30,8,2,7,1,5,1,0.292207792,"Ryan Henschel","sa3033638",
2026,"Cason Campbell","ARST",,52,178,210,52,30,15,0,7,30,32,20,44,10,1,1,3,2,1,0.292134831,"Cason Campbell","sa3028320",
2026,"Brady Ladusau","ACU",19,53,178,214,52,40,4,3,5,38,37,21,45,13,2,0,4,4,3,0.292134831,"Brady Ladusau","sa3070547",
2026,"Dylan Coleman","UNA",,59,250,282,73,44,10,3,16,54,55,26,61,4,2,0,5,0,0,0.292,"Dylan Coleman","sa3069819",
2026,"Noah Miller","MICH",21,48,161,187,47,36,8,0,3,20,26,14,28,8,1,3,4,2,0,0.291925465,"Noah Miller","sa3060045",
2026,"Cameron Greene","UTM",,46,161,187,47,25,11,2,9,34,33,13,52,8,1,4,0,6,3,0.291925465,"Cameron Greene","sa3062842",
2026,"Tyler Cripe","NAVY",,47,161,192,47,33,7,2,5,29,39,21,29,5,5,0,1,7,4,0.291925465,"Tyler Cripe","sa3069875",
2026,"Reece Holbrook","COFC",24,55,185,212,54,36,16,1,1,38,18,21,41,5,0,1,1,21,4,0.291891891,"Reece Holbrook","sa3033949",
2026,"Dom Krupinski","M-OH",22,54,185,255,54,32,12,1,9,53,46,46,48,19,2,3,2,9,3,0.291891891,"Dom Krupinski","sa3035744",
2026,"Mason Dean","FOR",19,55,185,226,54,37,11,1,5,30,29,28,40,9,2,2,0,17,7,0.291891891,"Mason Dean","sa3069920",
2026,"Sebastian Mexico","LT",23,47,168,193,49,32,15,2,0,21,30,18,27,5,2,0,2,1,0,0.291666666,"Sebastian Mexico","sa3037936",
2026,"Travis Stroh","FDU",,54,192,238,56,31,10,0,15,52,60,26,53,15,2,3,2,23,6,0.291666666,"Travis Stroh","sa3060684",
2026,"Albert De La Rosa","ME",,38,144,163,42,29,8,0,5,21,25,11,17,3,2,3,4,5,4,0.291666666,"Albert De La Rosa","sa3069931",
2026,"Tim Simay","SIU",,58,223,249,65,49,13,0,3,26,36,18,32,5,1,2,9,3,1,0.29147982,"Tim Simay","sa3042302",
2026,"AJ Singer","ORST",,59,223,274,65,41,16,0,8,49,56,36,32,5,5,5,5,4,2,0.29147982,"AJ Singer","sa3060584",
2026,"Jack Spanier","MINN",21,51,199,254,58,33,16,4,5,52,35,45,32,4,2,4,1,14,2,0.291457286,"Jack Spanier","sa3042795",
2026,"Jace Kohler","HPU",,57,199,235,58,43,12,0,3,33,21,29,39,2,3,2,3,6,3,0.291457286,"Jace Kohler","sa3059713",
2026,"Blake Bowen","AKR",,52,175,244,51,31,13,0,7,42,26,60,45,8,1,0,2,9,0,0.291428571,"Blake Bowen","sa3058693",
2026,"Landon Smelser","TNTC",20,52,206,235,60,44,6,1,9,47,32,20,31,5,4,0,1,3,0,0.291262135,"Landon Smelser","sa3060598",
2026,"Charlie Saul","BRY",,48,182,205,53,32,12,2,7,35,36,11,53,9,2,1,1,19,2,0.291208791,"Charlie Saul","sa3060495",
2026,"Kyle Pollack","MRST",,46,158,190,46,33,10,1,2,22,28,26,50,3,1,2,4,1,2,0.29113924,"Kyle Pollack","sa3040049",
2026,"Kristian Sprawling","SIU",,50,158,197,46,29,10,1,6,36,21,14,38,23,0,2,2,9,3,0.29113924,"Kristian Sprawling","sa3065421",
2026,"Luke Anderson","BYU",22,51,213,251,62,40,15,2,5,48,29,28,45,7,0,3,4,2,1,0.291079812,"Luke Anderson","sa3026061",
2026,"Renzo Gonzalez","STET",23,53,213,238,62,49,10,1,2,31,37,17,41,4,1,3,4,15,3,0.291079812,"Renzo Gonzalez","sa3032438",
2026,"Trent Turner","WCU",23,57,213,254,62,35,12,3,12,44,44,27,28,11,3,0,2,1,3,0.291079812,"Trent Turner","sa3044175",
2026,"Brytton Clements","BAY",20,42,134,154,39,29,10,0,0,22,19,11,28,2,2,5,0,2,1,0.291044776,"Brytton Clements","sa3069809",
2026,"Michael Graziano","MER",,52,189,227,55,31,17,0,7,55,34,27,46,5,4,2,4,3,1,0.291005291,"Michael Graziano","sa3032623",
2026,"Ty Head","NCSU",21,56,189,256,55,33,8,0,14,64,48,57,23,4,2,4,0,26,3,0.291005291,"Ty Head","sa3059446",
2026,"Mark Henshon","BRWN",23,43,165,195,48,38,7,0,3,28,32,23,17,7,0,0,0,0,2,0.29090909,"Mark Henshon","sa3033640",
2026,"Hunter Katschke","UVU",,51,196,236,57,21,13,1,22,53,55,29,37,8,3,0,0,2,4,0.290816326,"Hunter Katschke","sa3035111",
2026,"Manny Marin","TENN",21,55,196,219,57,38,9,1,9,35,43,12,40,4,4,3,5,5,0,0.290816326,"Manny Marin","sa3059913",
2026,"Mathew Farner","UNF",,54,196,241,57,32,13,0,12,48,39,37,47,6,2,0,2,17,2,0.290816326,"Mathew Farner","sa3070061",
2026,"Diego Diaz","UTSA",21,55,172,220,50,30,8,3,9,43,41,36,51,8,1,3,4,9,2,0.290697674,"Diego Diaz","sa3030259",
2026,"Gavin Gallaher","UNC",21,69,289,339,84,55,14,3,12,79,64,41,57,4,5,0,5,8,1,0.290657439,"Gavin Gallaher","sa3031849",
2026,"Luke Luskey","SDST",22,56,203,252,59,36,9,1,13,47,54,25,43,20,4,0,4,2,0,0.290640394,"Luke Luskey","sa3036707",
2026,"Kolby Branch","UGA",23,67,234,280,68,29,19,0,20,57,60,40,72,2,3,1,5,4,0,0.29059829,"Kolby Branch","sa3027580",
2026,"Jeremy Martinez","INST",20,43,148,177,43,29,10,1,3,22,20,23,33,4,1,1,3,1,0,0.29054054,"Jeremy Martinez","sa3059933",
2026,"Sam DeCarlo","WASH",22,56,210,248,61,39,13,2,7,37,37,32,52,3,3,0,6,10,3,0.29047619,"Sam DeCarlo","sa3029994",
2026,"Darryl Lee","BCU",22,58,210,278,61,34,17,5,5,72,37,55,52,10,3,0,2,18,3,0.29047619,"Darryl Lee","sa3059776",
2026,"Payton Brennan","UCLA",23,58,217,264,63,40,11,3,9,48,51,26,56,14,6,1,3,6,2,0.29032258,"Payton Brennan","sa3027650",
2026,"Josh Heyder","SIUE",,48,155,195,45,24,7,0,14,33,34,35,37,5,0,0,1,0,0,0.29032258,"Josh Heyder","sa3033751",
2026,"Lane Allen","HPU",21,57,217,252,63,41,12,3,7,40,40,25,60,5,5,0,3,14,4,0.29032258,"Lane Allen","sa3069478",
2026,"Brian Connolly","URI",20,37,124,155,36,29,6,0,1,24,23,14,33,11,4,2,1,10,2,0.29032258,"Brian Connolly","sa3069832",
2026,"Hayden Stringfellow","MCN",22,56,217,246,63,45,11,1,6,33,44,20,70,8,1,0,4,0,0,0.29032258,"Hayden Stringfellow","sa3071391",
2026,"Nelson Grajales","COPP",21,47,155,189,45,35,9,0,1,29,28,20,22,11,2,1,2,1,0,0.29032258,"Nelson Grajales","sa3074289",
2026,"Cole Green","RICE",21,58,224,251,65,44,13,1,7,34,32,15,50,8,0,4,1,9,2,0.290178571,"Cole Green","sa3059345",
2026,"Andrew Ildefonso","FIU",21,54,224,256,65,42,13,1,9,44,44,16,22,13,3,0,6,4,2,0.290178571,"Andrew Ildefonso","sa3059562",
2026,"Preston Lucas","UPST",,55,193,228,56,37,11,2,6,37,34,27,42,2,5,1,4,3,1,0.29015544,"Preston Lucas","sa3059863",
2026,"Alex Jang","YSU",,43,162,181,47,31,12,1,3,16,25,14,27,5,0,0,3,10,5,0.290123456,"Alex Jang","sa3070427",
2026,"Sawyer Solitaria","KENT",,57,231,277,67,39,12,0,16,49,47,38,57,7,1,0,5,11,2,0.29004329,"Sawyer Solitaria","sa3060635",
2026,"Hunter Carlson","GAST",20,55,200,239,58,38,12,1,7,45,48,22,33,11,3,3,6,0,3,0.29,"Hunter Carlson","sa3058815",
2026,"Cam Mazell","NORF",,48,169,208,49,36,9,0,4,28,29,29,33,4,3,3,5,5,1,0.289940828,"Cam Mazell","sa3037397",
2026,"Bub Terrell","AUB",20,62,238,271,69,40,13,0,16,46,46,27,83,5,1,0,3,4,2,0.289915966,"Bub Terrell","sa3060731",
2026,"Micah Kendrick","KSU",21,46,138,163,40,24,11,0,5,26,22,15,39,5,2,3,4,6,1,0.289855072,"Micah Kendrick","sa3035253",
2026,"Beau Durbin","LAM",,60,245,280,71,44,20,2,5,47,42,29,58,3,2,1,7,3,2,0.289795918,"Beau Durbin","sa3030689",
2026,"Greyson Shafer","NICH",23,50,176,201,51,27,13,0,11,35,48,15,44,4,6,0,4,2,1,0.289772727,"Greyson Shafer","sa3071267",
2026,"Rex Watson","CCU",20,58,214,251,62,33,16,1,12,44,64,16,52,16,2,3,4,10,1,0.289719626,"Rex Watson","sa3060881",
2026,"Owen Lee","TNTC",,51,183,227,53,30,10,1,12,44,42,32,45,6,6,0,2,9,4,0.289617486,"Owen Lee","sa3059780",
2026,"Isaac Cadena","USC",21,64,221,277,64,37,16,3,8,51,36,40,60,12,3,1,2,5,2,0.28959276,"Isaac Cadena","sa3028231",
2026,"Caleb Cotton","SHSU",,53,190,223,55,43,7,2,3,31,26,26,50,2,3,2,2,20,6,0.289473684,"Caleb Cotton","sa3029456",
2026,"Shamaar McDuffie","KENN",21,49,152,177,44,38,6,0,0,22,16,16,23,6,0,3,4,0,1,0.289473684,"Shamaar McDuffie","sa3037563",
2026,"Mason Holton","WCU",,59,235,265,68,49,11,0,8,42,50,23,49,3,2,2,7,6,1,0.289361702,"Mason Holton","sa3034032",
2026,"Jake Maddox","BEL",20,51,197,214,57,33,14,3,7,28,35,11,47,4,1,1,4,1,0,0.289340101,"Jake Maddox","sa3066325",
2026,"Colin Lynch","DAY",,54,197,236,57,36,10,0,11,42,56,23,41,14,2,0,4,4,2,0.289340101,"Colin Lynch","sa3070642",
2026,"Jaxon Milam","NICH",21,45,159,175,46,35,6,0,5,24,25,10,44,3,0,3,2,6,2,0.289308176,"Jaxon Milam","sa3038003",
2026,"Chris Worcester","EIU",23,49,204,239,59,33,17,0,9,47,44,21,20,7,2,5,0,5,1,0.289215686,"Chris Worcester","sa3045581",
2026,"Jordan Bach","KU",23,63,249,312,72,47,15,2,8,57,46,53,60,7,3,0,3,6,0,0.289156626,"Jordan Bach","sa3026356",
2026,"Jackson Lyda","WCU",21,58,211,269,61,49,7,0,5,45,31,35,33,15,2,6,2,3,3,0.289099526,"Jackson Lyda","sa3059874",
2026,"Grant Ross","MILW",23,59,211,277,61,41,14,0,6,60,27,49,45,15,1,1,2,16,3,0.289099526,"Grant Ross","sa3060426",
2026,"Griffin Cameron","GCU",22,44,128,157,37,30,4,0,3,26,24,20,23,3,3,3,0,6,0,0.2890625,"Griffin Cameron","sa3028301",
2026,"Fabio Peralta","MIA",20,51,128,162,37,29,5,2,1,35,29,23,30,6,3,2,1,11,1,0.2890625,"Fabio Peralta","sa3060236",
2026,"Cooper Combs","ORU",24,59,225,266,65,43,13,1,8,39,40,26,46,6,4,5,6,1,0,0.288888888,"Cooper Combs","sa3029219",
2026,"Kyle Boylston","FAU",20,45,135,170,39,29,6,1,3,31,19,26,34,6,3,0,5,14,0,0.288888888,"Kyle Boylston","sa3058704",
2026,"Josh Dykhoff","KU",22,62,225,260,65,35,11,3,16,52,56,30,67,1,4,0,1,3,0,0.288888888,"Josh Dykhoff","sa3070000",
2026,"Jonathan Fitz","XAV",21,53,187,225,54,38,11,0,5,29,34,32,28,4,1,1,0,2,0,0.288770053,"Jonathan Fitz","sa3031394",
2026,"Brendan Buecker","MONM",21,45,142,193,41,32,8,0,1,25,28,28,18,13,1,9,1,3,2,0.288732394,"Brendan Buecker","sa3027979",
2026,"Colton Griffin","TCU",21,42,142,175,41,34,5,1,1,27,18,23,23,4,2,4,4,10,1,0.288732394,"Colton Griffin","sa3032714",
2026,"Jayden Williams","CIT",19,55,194,248,56,44,7,2,3,57,28,35,60,9,1,9,1,28,5,0.288659793,"Jayden Williams","sa3071618",
2026,"Trystan Crawford","LEH",,44,149,185,43,27,11,0,5,20,22,30,42,5,1,0,4,1,0,0.288590604,"Trystan Crawford","sa3029539",
2026,"Chase Diggins","OMA",,38,149,182,43,36,6,0,1,29,19,25,22,2,2,4,5,8,1,0.288590604,"Chase Diggins","sa3030315",
2026,"Patrick Ward","FAU",23,51,149,169,43,32,7,0,4,24,21,17,22,2,1,0,5,0,0,0.288590604,"Patrick Ward","sa3044787",
2026,"Nick Gallello","HOF",,51,201,219,58,45,8,0,5,29,30,12,38,5,0,1,2,0,1,0.288557213,"Nick Gallello","sa3059260",
2026,"Devon Wilkes","CSUB",18,53,201,230,58,35,17,1,5,29,43,12,25,13,4,0,5,6,0,0.288557213,"Devon Wilkes","sa3071606",
2026,"Noah Bright","MSU",23,44,156,183,45,33,6,0,6,30,25,19,38,7,0,1,2,1,0,0.288461538,"Noah Bright","sa3027693",
2026,"Bo Shinkle","GONZ",21,45,156,185,45,36,8,0,1,28,23,20,36,4,4,1,2,8,2,0.288461538,"Bo Shinkle","sa3042188",
2026,"Xavier Perez","HOU",,54,208,244,60,38,10,3,9,40,36,24,49,7,1,4,6,14,3,0.288461538,"Xavier Perez","sa3060244",
2026,"Brayden Pleau","VAL",,43,156,176,45,28,13,1,3,25,26,14,39,4,1,1,1,1,2,0.288461538,"Brayden Pleau","sa3071021",
2026,"Basilio Williams","PV",19,45,156,192,45,38,3,2,2,34,24,29,25,2,3,2,3,14,4,0.288461538,"Basilio Williams","sa3071610",
2026,"Phillips Daniels","CIT",,49,163,207,47,39,6,1,1,29,32,21,27,14,2,7,6,3,2,0.288343558,"Phillips Daniels","sa3029828",
2026,"Michael O'Shaughnessy","UGA",22,54,163,197,47,24,3,0,20,35,55,20,63,11,3,0,3,0,0,0.288343558,"Michael O'Shaughnessy","sa3039240",
2026,"Ayden Schnarrs","VMI",,49,163,212,47,39,8,0,0,35,20,20,20,28,0,1,4,14,5,0.288343558,"Ayden Schnarrs","sa3060517",
2026,"Rigoberto Hernandez","UL",23,48,163,204,47,30,13,1,3,29,23,18,32,17,3,3,4,7,2,0.288343558,"Rigoberto Hernandez","sa3070323",
2026,"Sam Harris","UVA",21,59,222,266,64,39,11,0,14,57,53,38,78,5,1,0,4,5,1,0.288288288,"Sam Harris","sa3033301",
2026,"Josh Janove","TOW",,44,111,146,32,18,13,0,1,19,15,24,21,2,1,8,0,4,0,0.288288288,"Josh Janove","sa3034577",
2026,"Cale Stricklin","CLT",22,52,170,208,49,39,6,0,4,29,37,18,35,8,6,6,4,0,0,0.288235294,"Cale Stricklin","sa3043223",
2026,"Danny Gavin","BUT",21,53,170,219,49,39,4,1,5,48,30,44,52,3,1,1,1,12,1,0.288235294,"Danny Gavin","sa3070153",
2026,"Dylan Kordic","CP",23,56,177,204,51,27,14,0,10,25,38,22,41,3,1,1,2,1,2,0.288135593,"Dylan Kordic","sa3035642",
2026,"Andrew Lamb","USC",,58,177,216,51,25,10,2,14,39,45,22,40,9,5,3,0,2,0,0.288135593,"Andrew Lamb","sa3035867",
2026,"Scotty Young","ODU",24,49,118,162,34,27,6,0,1,27,16,21,20,10,2,11,2,5,2,0.288135593,"Scotty Young","sa3045756",
2026,"Cy Turner","WRST",21,51,177,217,51,24,10,5,12,49,38,25,71,15,0,0,0,18,2,0.288135593,"Cy Turner","sa3060795",
2026,"Kacin Robinson","STO",,37,118,144,34,27,4,1,2,31,22,21,40,4,1,0,1,9,1,0.288135593,"Kacin Robinson","sa3071141",
2026,"Andrew Stucky","UTSA",23,50,184,231,53,34,8,0,11,48,44,30,41,14,3,0,4,3,0,0.288043478,"Andrew Stucky","sa3043263",
2026,"Marshall Lipsey","FAU",22,52,191,240,55,43,8,1,3,39,22,30,45,16,1,2,3,19,6,0.287958115,"Marshall Lipsey","sa3059822",
2026,"Anthony Mascuilli","UMBC",,53,191,259,55,43,9,1,2,47,26,45,45,19,2,2,5,10,4,0.287958115,"Anthony Mascuilli","sa3066388",
2026,"Zach Fjelstad","UCI",22,52,205,233,59,41,14,2,2,33,21,21,49,3,1,3,6,4,0,0.287804878,"Zach Fjelstad","sa3031419",
2026,"AJ Hurtado","COPP",,46,139,199,40,19,11,2,8,40,39,33,43,22,2,3,2,2,0,0.287769784,"AJ Hurtado","sa3074316",
2026,"Ansel Carson","UMES",,44,146,210,42,31,8,1,2,46,22,49,31,11,2,2,2,12,3,0.287671232,"Ansel Carson","sa3058823",
2026,"Jeremy Comer","FGCU",21,56,219,245,63,48,4,2,9,33,33,19,61,4,3,0,5,0,0,0.287671232,"Jeremy Comer","sa3069826",
2026,"Nolan Belcher","KENT",,49,153,183,44,28,7,1,8,31,29,17,45,10,3,0,2,1,1,0.287581699,"Nolan Belcher","sa3069587",
2026,"Louis Jordan","CCSU",,43,160,192,46,24,12,2,8,41,40,23,29,7,0,2,2,5,0,0.2875,"Louis Jordan","sa3034936",
2026,"Chanz Doughty","STBK",,50,160,190,46,25,11,0,10,36,37,24,52,3,3,0,3,5,1,0.2875,"Chanz Doughty","sa3059074",
2026,"Carson Lorch","TAR",22,42,160,194,46,32,10,0,4,35,30,22,18,7,3,2,1,6,2,0.2875,"Carson Lorch","sa3059849",
2026,"Grayson Carpenter","DAY",,52,160,209,46,33,9,2,2,44,28,35,17,10,2,2,5,10,2,0.2875,"Grayson Carpenter","sa3074077",
2026,"Carter Jenkins","NICH",,47,167,198,48,32,13,0,3,34,28,22,29,6,2,1,5,2,0,0.287425149,"Carter Jenkins","sa3059589",
2026,"Max Ross","SCU",22,48,167,199,48,28,14,2,4,22,35,19,35,11,2,0,3,5,2,0.287425149,"Max Ross","sa3060429",
2026,"Gavin Spiridonoff","CP",19,56,167,190,48,27,14,3,4,31,26,9,35,9,2,3,2,0,0,0.287425149,"Gavin Spiridonoff","sa3071350",
2026,"Kaden Smith","DUKE",22,45,174,197,50,27,9,1,13,32,48,15,48,6,2,0,3,2,1,0.287356321,"Kaden Smith","sa3060618",
2026,"Bennett Edwards","GASO",19,49,174,204,50,41,6,0,3,31,16,19,36,8,1,2,2,9,3,0.287356321,"Bennett Edwards","sa3070011",
2026,"Ryan MacDougall","DAY",21,52,181,224,52,29,10,1,12,42,37,30,45,12,1,0,1,2,1,0.287292817,"Ryan MacDougall","sa3036786",
2026,"Mario Trivella","FIU",,52,181,221,52,29,8,0,15,45,50,22,57,9,4,5,2,4,3,0.287292817,"Mario Trivella","sa3071478",
2026,"Cannon Peery","GCU",21,51,188,229,54,32,12,1,9,34,32,24,47,14,3,0,1,8,3,0.287234042,"Cannon Peery","sa3039633",
2026,"Jase Woita","MIZ",,52,195,231,56,34,9,0,13,42,51,26,34,9,1,0,2,3,2,0.287179487,"Jase Woita","sa3060953",
2026,"Billy Fluharty","BUCK",20,51,202,231,58,44,9,5,0,39,25,15,42,8,4,2,3,5,4,0.287128712,"Billy Fluharty","sa3031491",
2026,"Deamez Ross","UCF",23,55,216,240,62,49,7,2,4,36,38,14,39,2,5,3,5,16,2,0.287037037,"Deamez Ross","sa3041169",
2026,"Jerdy Lopez","LR",,66,244,287,70,56,10,3,1,51,35,27,32,8,2,6,2,16,6,0.286885245,"Jerdy Lopez","sa3070622",
2026,"Tarris Murray","AAMU",21,33,122,151,35,22,7,3,3,25,19,21,30,5,2,1,4,8,2,0.286885245,"Tarris Murray","sa3070845",
2026,"Shaun Callahan","UNH",,36,129,157,37,27,4,1,5,23,30,21,23,3,3,1,2,7,1,0.286821705,"Shaun Callahan","sa3074223",
2026,"Sam Dansky","CIT",21,45,129,174,37,24,9,0,4,30,22,27,32,9,0,9,3,6,0,0.286821705,"Sam Dansky","sa3075424",
2026,"Parker Picot","MSU",21,43,136,157,39,15,10,0,14,30,41,11,55,6,4,0,2,0,2,0.286764705,"Parker Picot","sa3039896",
2026,"Tyler ViVacqua","NIA",,38,136,170,39,30,5,2,2,26,18,24,23,7,1,2,1,7,1,0.286764705,"Tyler ViVacqua","sa3060846",
2026,"Alex Barrist","LAF",20,40,150,185,43,36,6,1,0,29,12,26,32,4,0,5,2,16,4,0.286666666,"Alex Barrist","sa3058561",
2026,"Tommy Goodin","VAN",21,48,150,167,43,23,8,0,12,29,36,14,51,2,1,0,1,0,0,0.286666666,"Tommy Goodin","sa3070192",
2026,"Brett Patten","FAU",21,43,150,181,43,31,10,0,2,30,20,22,42,7,1,1,2,17,2,0.286666666,"Brett Patten","sa3070960",
2026,"Nolan Traeger","TCU",20,46,157,193,45,33,8,0,4,20,34,25,24,7,4,0,1,1,0,0.286624203,"Nolan Traeger","sa3060781",
2026,"Carson Raether","M-OH",20,46,157,215,45,27,8,2,8,40,39,32,37,20,2,4,2,6,1,0.286624203,"Carson Raether","sa3065599",
2026,"Luke Williams","JVST",22,61,157,199,45,36,6,0,3,27,22,22,39,9,1,10,2,7,5,0.286624203,"Luke Williams","sa3071622",
2026,"Nathan Beckley","YSU",,51,171,208,49,27,17,2,3,31,26,27,31,7,2,1,2,7,2,0.286549707,"Nathan Beckley","sa3058595",
2026,"Brady Englett","TAR",21,49,171,212,49,36,8,1,4,37,21,29,53,9,1,2,1,15,4,0.286549707,"Brady Englett","sa3070028",
2026,"Joey Gale","JOES",21,44,178,215,51,40,7,0,4,45,30,23,39,8,2,4,1,10,4,0.286516853,"Joey Gale","sa3031841",
2026,"Hayden Lewis","OMA",23,47,178,202,51,38,9,0,4,25,30,16,31,6,2,0,2,1,3,0.286516853,"Hayden Lewis","sa3036300",
2026,"Brantley Truitt","UNCG",21,53,178,219,51,34,9,3,5,44,29,30,42,7,1,3,4,21,4,0.286516853,"Brantley Truitt","sa3044091",
2026,"Jack Balcer","QUIN",,48,185,217,53,43,8,0,2,30,25,25,32,1,4,2,3,9,1,0.286486486,"Jack Balcer","sa3069545",
2026,"Charlie Iriotakis","W&M",23,52,192,219,55,36,8,4,7,38,33,20,37,4,3,0,4,3,2,0.286458333,"Charlie Iriotakis","sa3034444",
2026,"PJ Moutzouridis","ASU",21,55,199,254,57,43,6,4,4,49,40,33,38,12,5,5,5,11,3,0.28643216,"PJ Moutzouridis","sa3038483",
2026,"Gavin Gilmore","BUT",21,50,199,228,57,38,12,1,6,37,36,15,49,5,5,4,4,6,1,0.28643216,"Gavin Gilmore","sa3070170",
2026,"Jake Harvey","NEV",22,45,168,195,48,37,6,2,3,32,38,18,23,2,5,2,7,8,2,0.285714285,"Jake Harvey","sa3033361",
2026,"Tre Keels","LONG",21,55,182,247,52,31,13,0,8,52,32,46,73,14,1,4,1,35,6,0.285714285,"Tre Keels","sa3035148",
2026,"Lucas Moore","LOU",21,57,217,280,62,48,6,4,4,63,35,46,46,13,1,3,0,37,7,0.285714285,"Lucas Moore","sa3038303",
2026,"Josh Pyne","TROY",23,69,280,321,80,46,23,1,10,61,37,25,64,13,1,2,4,5,3,0.285714285,"Josh Pyne","sa3040311",
2026,"Tyler Stack","OHIO",22,49,168,196,48,33,12,1,2,26,25,18,42,5,4,1,2,28,4,0.285714285,"Tyler Stack","sa3042891",
2026,"Hank Warren","RGV",,50,161,199,46,37,8,0,1,27,18,22,24,7,3,6,6,1,0,0.285714285,"Hank Warren","sa3044811",
2026,"Tank Yaghoubi","APP",22,39,98,146,28,26,2,0,0,21,13,29,27,6,4,9,2,2,3,0.285714285,"Tank Yaghoubi","sa3045667",
2026,"Anthony Zollo","IONA",,44,175,189,50,39,11,0,0,19,17,7,22,2,3,2,2,5,3,0.285714285,"Anthony Zollo","sa3045881",
2026,"John Hale","EMU",,51,182,224,52,33,13,1,5,36,26,24,29,16,2,0,1,9,4,0.285714285,"John Hale","sa3059390",
2026,"Mason Hamlin","UVU",22,47,161,195,46,30,9,2,5,32,18,27,37,4,2,1,1,13,1,0.285714285,"Mason Hamlin","sa3059402",
2026,"Burke-Lee Mabeus","ORE",21,55,175,205,50,28,13,1,8,36,31,23,35,4,0,3,6,2,2,0.285714285,"Burke-Lee Mabeus","sa3059879",
2026,"Noah Quarless","WCU",,57,189,236,54,23,18,2,11,47,40,31,50,12,3,1,6,2,0,0.285714285,"Noah Quarless","sa3060320",
2026,"Brody Capps","SELA",22,55,217,251,62,37,11,1,13,48,51,20,33,8,5,1,4,0,1,0.285714285,"Brody Capps","sa3062825",
2026,"Jason Bello","DAY",21,53,196,241,56,28,9,1,18,44,56,34,54,7,3,1,2,4,5,0.285714285,"Jason Bello","sa3069592",
2026,"Juan Cantua-Linnear","SFA",,52,168,208,48,35,11,1,1,32,22,32,42,6,0,2,1,7,5,0.285714285,"Juan Cantua-Linnear","sa3069740",
2026,"Ty Kaunas","MD",19,56,217,269,62,40,16,1,5,44,39,46,62,1,2,3,2,4,0,0.285714285,"Ty Kaunas","sa3070483",
2026,"Carter Rutenbar","ARK",19,51,147,181,42,30,10,0,2,30,18,29,42,4,1,0,5,2,1,0.285714285,"Carter Rutenbar","sa3071195",
2026,"Ben Castelli","CBU",22,59,221,273,63,37,14,2,10,44,41,41,65,7,1,3,6,12,5,0.285067873,"Ben Castelli","sa3058835",
2026,"TJ Schmalzle","FAIR",,54,214,265,61,33,16,1,11,67,42,29,47,14,5,3,0,25,3,0.285046728,"TJ Schmalzle","sa3041716",
2026,"Trey Gambill","OU",24,63,214,272,61,35,14,1,11,50,40,42,52,12,2,2,3,17,3,0.285046728,"Trey Gambill","sa3059265",
2026,"Kevin Jones","UNCW",22,56,207,246,59,42,12,0,5,35,37,30,44,6,0,3,9,7,4,0.285024154,"Kevin Jones","sa3034888",
2026,"Westin Boyle","PUR",19,57,207,246,59,40,15,2,2,39,38,23,40,9,2,5,3,8,1,0.285024154,"Westin Boyle","sa3069653",
2026,"Joe Siervo","NWST",22,52,200,237,57,41,8,2,6,35,36,30,61,2,3,2,4,13,3,0.285,"Joe Siervo","sa3060576",
2026,"AJ Aschettino","NE",20,54,200,236,57,38,12,1,6,41,36,21,42,11,4,0,3,16,7,0.285,"AJ Aschettino","sa3069516",
2026,"Dante Vachini","CP",19,57,186,208,53,38,11,2,2,27,22,13,35,1,1,7,2,3,1,0.284946236,"Dante Vachini","sa3060809",
2026,"Noah Toole","RAD",20,51,179,223,51,33,10,4,4,36,36,31,42,2,5,6,2,9,5,0.284916201,"Noah Toole","sa3060768",
2026,"Jake Minarik","UNCA",20,48,172,203,49,31,11,1,6,37,33,22,35,7,2,0,2,2,0,0.28488372,"Jake Minarik","sa3060050",
2026,"Ashtin Gilio","GTWN",21,51,165,200,47,30,10,4,3,30,31,26,51,3,2,4,1,7,2,0.284848484,"Ashtin Gilio","sa3032221",
2026,"Austin Lemon","VILL",22,46,165,206,47,38,8,0,1,32,27,34,22,5,2,0,4,4,2,0.284848484,"Austin Lemon","sa3059795",
2026,"Jack Lutz","USF",,50,165,191,47,38,6,3,0,26,22,16,13,5,2,3,3,5,0,0.284848484,"Jack Lutz","sa3070639",
2026,"Matthew Cash","JVST",20,58,158,212,45,36,8,0,1,33,27,21,22,15,6,12,1,1,0,0.284810126,"Matthew Cash","sa3058832",
2026,"Hunter Herndon","WOF",22,53,158,206,45,36,8,0,1,24,38,25,16,12,4,7,2,3,4,0.284810126,"Hunter Herndon","sa3059482",
2026,"Chris Daniels","NMSU",20,40,144,175,41,27,6,1,7,34,39,23,53,4,3,1,1,1,1,0.284722222,"Chris Daniels","sa3058984",
2026,"Jordan Overton","IONA",,30,116,136,33,16,11,0,6,19,18,15,26,4,1,0,2,1,1,0.284482758,"Jordan Overton","sa3039293",
2026,"Michael Gupton","MEM",22,58,218,248,62,33,11,3,15,47,44,21,73,8,1,0,0,17,2,0.284403669,"Michael Gupton","sa3032858",
2026,"Matthew Graziose","CCSU",21,35,109,131,31,19,5,0,7,18,25,16,20,3,2,1,0,0,0,0.284403669,"Matthew Graziose","sa3066705",
2026,"Brock Thompson","OKST",20,57,211,269,60,30,19,0,11,67,46,47,65,4,2,5,5,8,1,0.284360189,"Brock Thompson","sa3060741",
2026,"Chris Hoalcraft","SBU",21,49,204,232,58,42,11,2,3,38,26,23,37,4,0,1,2,20,5,0.284313725,"Chris Hoalcraft","sa3033888",
2026,"J.C. Allen","UCSD",22,53,204,230,58,36,14,1,7,30,41,23,58,2,0,1,4,0,0,0.284313725,"J.C. Allen","sa3058486",
2026,"Jake Tatom","TAR",22,54,197,231,56,41,6,1,8,45,36,24,34,5,3,2,3,13,2,0.284263959,"Jake Tatom","sa3043526",
2026,"Christian Bauman","MSM",,47,183,227,52,34,9,2,7,41,47,28,31,12,3,1,0,12,7,0.284153005,"Christian Bauman","sa3026749",
2026,"DJ Ghiorso","LMU",23,53,183,234,52,39,13,0,0,28,19,35,33,13,3,0,5,18,6,0.284153005,"DJ Ghiorso","sa3059291",
2026,"Eliot Medlock","RID",,51,183,224,52,29,15,0,8,37,40,26,39,11,3,1,2,3,0,0.284153005,"Eliot Medlock","sa3065096",
2026,"Henry Cooke","VT",22,53,176,221,50,31,10,1,8,33,36,33,61,7,4,1,2,3,1,0.284090909,"Henry Cooke","sa3029316",
2026,"Daniel Pinkerton","MCN",,51,176,198,50,33,12,1,4,28,29,16,48,3,3,0,0,7,2,0.284090909,"Daniel Pinkerton","sa3071015",
2026,"Thomas Schreck","ARMY",,46,155,203,44,34,7,0,3,31,32,33,20,3,4,8,1,8,0,0.283870967,"Thomas Schreck","sa3041779",
2026,"Kainen Jorge","MUR",22,60,229,267,65,38,11,3,13,55,46,33,74,3,2,0,2,17,2,0.283842794,"Kainen Jorge","sa3059631",
2026,"Logan Meusy","BRWN",,43,141,178,40,26,12,0,2,29,23,16,28,19,1,1,3,7,5,0.283687943,"Logan Meusy","sa3037935",
2026,"Camden Kaufman","NMSU",22,52,141,186,40,28,8,3,1,33,33,29,43,9,4,3,3,20,3,0.283687943,"Camden Kaufman","sa3059650",
2026,"Eli Tidwell","UNO",,53,208,240,59,35,13,2,9,45,29,22,80,6,1,3,2,7,3,0.283653846,"Eli Tidwell","sa3071457",
2026,"Sean Kang","SIUE",,44,134,166,38,27,7,1,3,29,24,16,19,10,2,4,1,4,0,0.283582089,"Sean Kang","sa3035061",
2026,"Drew Ripepi","GWEB",,50,134,165,38,23,6,0,9,29,32,20,34,11,0,0,4,4,1,0.283582089,"Drew Ripepi","sa3065396",
2026,"Caden Miller","INST",,57,201,259,57,32,15,2,8,34,48,32,63,19,5,2,2,0,0,0.283582089,"Caden Miller","sa3070785",
2026,"Carson Clark","MSM",,42,127,158,36,31,3,1,1,23,15,21,16,8,0,2,0,17,2,0.283464566,"Carson Clark","sa3028970",
2026,"Jordan Crosland","MD",21,51,187,237,53,33,8,0,12,50,43,36,50,9,5,0,3,12,4,0.283422459,"Jordan Crosland","sa3029593",
2026,"James DellAmico","PEPP",19,50,187,201,53,45,5,1,2,30,26,7,37,6,1,0,4,3,0,0.283422459,"James DellAmico","sa3069934",
2026,"Kameron Miller","APP",21,34,120,158,34,20,6,0,8,29,32,33,46,3,2,0,1,0,0,0.283333333,"Kameron Miller","sa3038072",
2026,"Trent Rumley","CAM",,43,120,170,34,22,9,0,3,31,20,36,26,10,3,1,1,6,2,0.283333333,"Trent Rumley","sa3041298",
2026,"Jaxson Wall","LMU",23,47,180,206,51,34,8,3,6,33,18,14,38,10,0,2,5,9,2,0.283333333,"Jaxson Wall","sa3044693",
2026,"Joshua Proctor","ORST",19,51,173,204,49,26,15,1,7,29,39,23,39,5,3,0,4,0,0,0.283236994,"Joshua Proctor","sa3071045",
2026,"Ryder Helfrick","ARK",21,62,226,288,64,38,7,1,18,56,53,55,55,1,6,0,2,8,1,0.28318584,"Ryder Helfrick","sa3033556",
2026,"Magnus Krieger","HALL",20,31,113,131,32,26,4,0,2,15,18,14,33,4,0,0,4,3,1,0.28318584,"Magnus Krieger","sa3065937",
2026,"Brock Wills","WVU",22,53,166,195,47,36,6,3,2,27,23,15,40,9,1,4,2,4,1,0.28313253,"Brock Wills","sa3045373",
2026,"Colin Cymbalista","UIW",,44,166,195,47,32,4,2,9,26,36,14,38,9,3,3,4,5,0,0.28313253,"Colin Cymbalista","sa3065282",
2026,"Brady Marshall","KENT",,48,166,217,47,39,6,2,0,43,23,26,22,17,4,4,2,17,2,0.28313253,"Brady Marshall","sa3066629",
2026,"Tripp Garrish","AFA",22,55,219,257,62,36,14,0,12,62,47,32,54,6,0,0,2,23,5,0.283105022,"Tripp Garrish","sa3032007",
2026,"Jax Gimenez","ORE",20,53,159,221,45,29,10,3,3,43,24,34,32,24,1,3,1,8,1,0.283018867,"Jax Gimenez","sa3059301",
2026,"Harrison Bowman","CMU",23,51,205,245,58,34,14,0,10,47,49,28,52,7,5,0,4,8,2,0.282926829,"Harrison Bowman","sa3058698",
2026,"Adam Haight","ORST",20,55,205,248,58,44,10,1,3,39,30,22,45,13,0,8,4,5,6,0.282926829,"Adam Haight","sa3059388",
2026,"Kensky Thomas","BALL",22,49,152,167,43,30,6,0,7,29,26,13,45,2,0,0,3,2,1,0.282894736,"Kensky Thomas","sa3043704",
2026,"Jackson Alford","ELON",,52,198,243,56,40,11,1,4,47,18,35,51,7,2,1,2,31,6,0.282828282,"Jackson Alford","sa3058481",
2026,"Pierce Bauerle","NKU",23,54,198,253,56,42,8,1,5,57,34,25,45,27,3,0,3,8,2,0.282828282,"Pierce Bauerle","sa3058581",
2026,"Christopher Carson","STBK",21,51,191,225,54,33,11,4,6,38,32,24,32,7,3,0,1,11,2,0.282722513,"Christopher Carson","sa3028513",
2026,"Jacob Doyle","NEV",21,50,184,219,52,25,12,0,15,46,52,27,53,6,2,0,3,4,3,0.282608695,"Jacob Doyle","sa3030543",
2026,"Jeffrey Ince","SAM",23,47,184,218,52,34,14,1,3,35,21,18,46,13,1,2,2,3,3,0.282608695,"Jeffrey Ince","sa3034419",
2026,"Dean ONeill","MTSU",22,57,230,256,65,39,13,1,12,43,51,16,46,7,1,2,5,3,0,0.282608695,"Dean ONeill","sa3039164",
2026,"Blake Grimmer","TENN",22,48,184,218,52,31,8,0,13,45,36,29,58,3,2,0,3,1,0,0.282608695,"Blake Grimmer","sa3062605",
2026,"Maddix Simpson","OSU",20,53,184,227,52,39,8,1,4,33,31,24,43,6,6,7,1,4,0,0.282608695,"Maddix Simpson","sa3066094",
2026,"Aidan Eshelman","UTSA",19,41,138,171,39,33,6,0,0,38,23,21,26,3,3,6,7,3,1,0.282608695,"Aidan Eshelman","sa3070037",
2026,"Jorian Wilson","TA&M",21,44,138,154,39,19,6,2,12,35,32,11,53,4,1,0,2,6,0,0.282608695,"Jorian Wilson","sa3071635",
2026,"Brady Ballinger","KU",21,60,223,283,63,39,14,3,7,52,45,45,50,5,9,1,1,1,1,0.28251121,"Brady Ballinger","sa3058546",
2026,"Cardel Dick","OMA",21,35,131,155,37,23,5,1,8,27,27,18,29,3,2,1,0,0,1,0.282442748,"Cardel Dick","sa3030278",
2026,"Diego Urreta","FDU",23,55,209,277,59,41,10,1,7,51,63,58,51,4,3,3,5,11,1,0.28229665,"Diego Urreta","sa3060808",
2026,"Trevor Harmon","SF",21,47,163,196,46,32,8,0,6,29,20,20,43,13,0,0,3,0,1,0.282208588,"Trevor Harmon","sa3033238",
2026,"Bryker Hurdsman","BYU",24,50,195,220,55,37,11,1,6,28,31,11,62,10,3,1,3,9,2,0.282051282,"Bryker Hurdsman","sa3034343",
2026,"Zack Hunt","CIT",,55,195,221,55,28,15,1,11,33,51,16,54,6,2,2,7,1,1,0.282051282,"Zack Hunt","sa3070394",
2026,"Dylan Koontz","CLT",23,56,188,249,53,35,6,1,11,46,52,38,42,19,4,0,3,1,0,0.281914893,"Dylan Koontz","sa3035635",
2026,"Lucas Pringle","CHSO",23,47,149,201,42,32,8,0,2,42,31,25,30,20,4,3,1,3,0,0.281879194,"Lucas Pringle","sa3040221",
2026,"Luke Skinner","BRAD",20,47,149,181,42,34,6,0,2,24,19,20,37,11,1,0,3,7,1,0.281879194,"Luke Skinner","sa3062680",
2026,"Ty Thomas","CSUF",,37,149,168,42,26,11,1,4,18,21,7,49,9,1,2,3,2,1,0.281879194,"Ty Thomas","sa3071445",
2026,"Ripken Reese","KENT",21,56,220,261,62,33,16,2,11,47,43,29,55,9,3,0,1,13,3,0.281818181,"Ripken Reese","sa3040548",
2026,"Cameron Boyd","OHIO",,54,213,237,60,36,13,0,11,34,39,19,51,3,2,0,2,19,4,0.28169014,"Cameron Boyd","sa3027503",
2026,"Carlos Martinez","UML",,52,213,238,60,39,16,0,5,36,41,21,50,1,3,0,4,8,3,0.28169014,"Carlos Martinez","sa3037142",
2026,"Will Dobil","LAF",,38,142,163,40,28,9,1,2,27,25,11,24,8,0,2,1,13,5,0.28169014,"Will Dobil","sa3075463",
2026,"Noah Coy","ND",20,49,174,225,49,37,5,3,4,47,33,33,36,10,3,5,2,11,3,0.281609195,"Noah Coy","sa3058941",
2026,"Kyle Schupmann","ILL",22,55,206,251,58,39,15,0,4,52,24,34,58,7,3,1,4,12,6,0.281553398,"Kyle Schupmann","sa3041821",
2026,"Brody Rasmussen","ME",22,56,206,232,58,40,13,0,5,30,28,18,41,3,3,2,2,11,1,0.281553398,"Brody Rasmussen","sa3060334",
2026,"Macon Winslow","UNC",21,68,238,311,67,43,14,0,10,61,57,48,46,14,9,2,4,0,2,0.281512605,"Macon Winslow","sa3045458",
2026,"Ricco Longo","EKU",,45,167,188,47,41,4,0,2,24,25,12,16,3,3,3,1,2,1,0.281437125,"Ricco Longo","sa3059842",
2026,"Ben Robichaux","SELA",22,54,199,245,56,36,6,1,13,57,41,31,59,12,3,0,2,5,2,0.281407035,"Ben Robichaux","sa3040894",
2026,"Zach Stephenson","FAIR",23,35,128,160,36,21,10,2,3,30,24,27,32,3,1,1,2,5,1,0.28125,"Zach Stephenson","sa3043058",
2026,"Kevin Duran","LAM",,53,160,187,45,31,8,0,6,21,28,14,36,7,1,5,7,4,2,0.28125,"Kevin Duran","sa3059098",
2026,"Hudson Ellis","ORU",21,59,192,234,54,45,9,0,0,35,31,19,26,18,1,4,2,14,1,0.28125,"Hudson Ellis","sa3070022",
2026,"Isaac Wachsmann","CREI",21,57,217,258,61,35,11,1,14,51,48,32,51,5,4,0,2,12,2,0.28110599,"Isaac Wachsmann","sa3044598",
2026,"Michael Farina","ILL",,55,217,266,61,42,15,0,4,43,28,26,30,15,5,3,2,10,3,0.28110599,"Michael Farina","sa3070059",
2026,"Walker Barron","ECU",22,59,185,215,52,39,7,0,6,33,36,19,37,5,3,3,2,1,0,0.281081081,"Walker Barron","sa3026652",
2026,"Rett Johnson","USA",22,57,185,226,52,35,10,2,5,30,35,22,61,3,5,11,3,9,3,0.281081081,"Rett Johnson","sa3034802",
2026,"Ryan Lopetegui","SEMO",,49,185,221,52,35,9,1,7,44,45,25,39,8,2,1,2,13,4,0.281081081,"Ryan Lopetegui","sa3070617",
2026,"Max DAlessandro","TOW",,50,178,204,50,27,13,1,9,41,31,19,40,6,0,1,3,6,0,0.280898876,"Max DAlessandro","sa3066182",
2026,"Casey McCoy","LT",,53,178,202,50,38,4,3,5,30,28,18,40,5,1,0,6,5,1,0.280898876,"Casey McCoy","sa3070734",
2026,"Joshua Woodworth","PEPP",19,52,178,196,50,32,8,0,10,25,33,13,54,4,1,0,1,1,0,0.280898876,"Joshua Woodworth","sa3071650",
2026,"Drew Kleinheider","SLU",,45,146,186,41,31,8,1,1,22,26,22,29,13,3,2,3,6,1,0.280821917,"Drew Kleinheider","sa3070517",
2026,"Tryston McCladdie","CLEM",20,53,203,243,57,38,10,1,8,42,47,28,39,8,2,2,6,20,1,0.280788177,"Tryston McCladdie","sa3037471",
2026,"Tommy Popoff","BING",,50,171,203,48,34,7,0,7,32,53,25,49,3,3,1,3,1,0,0.280701754,"Tommy Popoff","sa3060288",
2026,"Kye Watson","SIU",20,47,171,201,48,34,8,3,3,33,26,18,30,9,3,0,3,10,0,0.280701754,"Kye Watson","sa3071563",
2026,"Frankie Carney","UCI",22,51,196,242,55,42,12,1,0,28,20,31,36,7,3,5,5,10,2,0.280612244,"Frankie Carney","sa3028464",
2026,"Nick Solorzano","UML",,47,164,192,46,29,9,0,8,18,34,18,31,6,2,2,2,2,3,0.280487804,"Nick Solorzano","sa3042734",
2026,"Eric Machej","ILST",,51,164,195,46,37,4,0,5,31,29,15,36,2,6,8,3,6,3,0.280487804,"Eric Machej","sa3059881",
2026,"Cole Huett","BELL",20,51,164,198,46,34,7,1,4,29,26,22,50,10,1,1,2,6,1,0.280487804,"Cole Huett","sa3070385",
2026,"Chris Walsh","MONM",21,53,189,247,53,29,9,4,11,50,41,28,62,22,2,6,2,26,5,0.28042328,"Chris Walsh","sa3044725",
2026,"Manoah Chapman","UCR",,44,132,146,37,28,8,0,1,19,15,5,33,8,0,1,0,0,1,0.28030303,"Manoah Chapman","sa3028755",
2026,"Karson Krowka","AMCC",23,47,132,159,37,31,4,0,2,24,8,12,18,9,0,6,5,5,1,0.28030303,"Karson Krowka","sa3035735",
2026,"Zane Denton","CARK",,44,132,154,37,26,8,1,2,24,18,17,32,2,1,2,2,3,1,0.28030303,"Zane Denton","sa3069939",
2026,"Brady Kaufman","PRIN",,41,132,145,37,26,9,0,2,21,21,11,36,1,1,0,2,5,0,0.28030303,"Brady Kaufman","sa3074324",
2026,"Patrick Gillen","UNCA",22,52,207,241,58,47,10,0,1,37,28,26,15,4,3,1,7,13,1,0.280193236,"Patrick Gillen","sa3059298",
2026,"Daniel Patterson","PEPP",23,51,207,235,58,33,14,1,10,38,27,23,28,3,2,0,4,5,0,0.280193236,"Daniel Patterson","sa3070961",
2026,"Teddy Deters","CREI",23,55,200,251,56,34,13,0,9,47,34,34,57,14,3,0,2,8,4,0.28,"Teddy Deters","sa3030211",
2026,"Gabe Natividad","WIN",21,52,200,254,56,44,8,2,2,48,34,15,30,34,2,3,9,7,2,0.28,"Gabe Natividad","sa3060123",
2026,"Lane Walton","ARST",,51,200,232,56,31,9,4,12,43,46,23,58,5,2,2,4,8,4,0.28,"Lane Walton","sa3071556",
2026,"Jason Walk","OU",21,62,218,258,61,46,9,0,6,48,26,32,66,4,1,3,4,19,5,0.279816513,"Jason Walk","sa3044651",
2026,"Yomar Carreras","RUTG",19,54,218,235,61,46,10,1,4,31,41,13,39,0,3,1,2,1,0,0.279816513,"Yomar Carreras","sa3058821",
2026,"Corey Nunez","UCSB",22,53,168,200,47,34,9,2,2,33,15,14,23,8,1,9,1,6,1,0.279761904,"Corey Nunez","sa3038969",
2026,"Josh Outlaw","ILST",22,52,168,197,47,34,10,2,1,29,21,20,26,7,0,2,7,12,2,0.279761904,"Josh Outlaw","sa3065585",
2026,"Jack Harley","STET",20,45,118,157,33,25,6,0,2,19,18,28,27,4,0,7,3,7,2,0.279661016,"Jack Harley","sa3070276",
2026,"Easton Moomau","RGV",21,55,211,256,59,46,6,1,6,28,41,42,38,2,1,0,8,3,1,0.279620853,"Easton Moomau","sa3038274",
2026,"Trey Higgins","SAM",,56,186,223,52,25,13,1,13,36,35,27,67,7,3,0,1,0,0,0.279569892,"Trey Higgins","sa3059493",
2026,"Landen Fry","IU",19,52,186,205,52,42,8,0,2,28,30,13,22,5,0,1,8,0,0,0.279569892,"Landen Fry","sa3073717",
2026,"Jacoby Radcliffe","SOU",22,50,161,220,45,29,8,4,4,59,40,39,45,12,2,6,1,39,4,0.279503105,"Jacoby Radcliffe","sa3040373",
2026,"Luke Babcock","MERC",,45,161,194,45,30,9,1,5,22,26,26,34,4,3,0,0,5,1,0.279503105,"Luke Babcock","sa3069526",
2026,"Gabe Huelsing","MVSU",,47,161,179,45,33,5,5,2,26,14,12,37,6,0,0,1,5,2,0.279503105,"Gabe Huelsing","sa3070384",
2026,"Alex Ulloa","WICH",23,57,204,237,57,42,12,1,2,40,34,23,44,4,0,6,4,6,2,0.279411764,"Alex Ulloa","sa3044226",
2026,"Cade Kurland","FLA",22,49,179,212,50,34,7,0,9,36,33,21,37,10,1,1,3,0,1,0.279329608,"Cade Kurland","sa3035794",
2026,"Carl Schmidt","CAL",21,48,179,196,50,31,10,0,9,20,15,14,57,2,0,1,6,0,3,0.279329608,"Carl Schmidt","sa3060513",
2026,"Caden Robertson","NIU",,53,222,251,62,40,6,2,14,46,63,17,69,7,5,0,2,2,0,0.279279279,"Caden Robertson","sa3071135",
2026,"Lucas Smith","UIC",,40,154,184,43,28,10,1,4,27,31,22,30,4,4,0,1,1,2,0.279220779,"Lucas Smith","sa3060621",
2026,"Grant Werdesheim","PRIN",,42,154,179,43,38,4,1,0,28,13,14,37,5,1,5,2,17,4,0.279220779,"Grant Werdesheim","sa3065163",
2026,"Charlie Rogan","GW",22,32,129,147,36,21,5,0,10,21,21,10,24,5,1,2,1,3,1,0.279069767,"Charlie Rogan","sa3041034",
2026,"Nicholas Mazzotta","WAG",22,50,190,230,53,38,12,0,3,40,57,24,22,4,11,1,3,23,4,0.278947368,"Nicholas Mazzotta","sa3059950",
2026,"Vidal Colon","UIC",21,48,147,190,41,28,11,0,2,33,26,26,38,8,6,3,2,5,4,0.278911564,"Vidal Colon","sa3029214",
2026,"Sam Driscoll","LIN",20,44,147,164,41,26,6,4,5,30,25,13,33,2,1,1,0,10,1,0.278911564,"Sam Driscoll","sa3069978",
2026,"Jake Butler","GMU",21,56,208,256,58,38,15,1,4,43,31,29,36,9,3,7,4,22,4,0.278846153,"Jake Butler","sa3028165",
2026,"Khi Holiday","USI",23,58,208,268,58,50,6,1,1,57,20,37,31,16,1,6,5,19,2,0.278846153,"Khi Holiday","sa3059510",
2026,"Cody Nitowitz","PORT",21,52,165,210,46,35,8,2,1,31,21,41,27,2,2,0,3,8,1,0.278787878,"Cody Nitowitz","sa3060146",
2026,"Dylan Shepherd","OHIO",,48,165,195,46,30,10,1,5,29,34,19,43,10,0,1,4,3,2,0.278787878,"Dylan Shepherd","sa3060567",
2026,"Nate Vargas","UCSB",23,49,165,199,46,23,11,0,12,32,42,20,37,10,3,1,0,0,0,0.278787878,"Nate Vargas","sa3060826",
2026,"JP Acosta","WKU",22,53,183,218,51,40,11,0,0,22,19,17,25,8,0,10,5,4,2,0.278688524,"JP Acosta","sa3069453",
2026,"Logan De Groot","NU",20,42,122,142,34,28,6,0,0,15,12,17,40,3,0,0,0,4,1,0.278688524,"Logan De Groot","sa3069927",
2026,"Keondre Fields","AAMU",21,44,122,164,34,26,6,0,2,27,18,27,21,13,1,1,1,9,3,0.278688524,"Keondre Fields","sa3073714",
2026,"Tyrus Hall","WVU",21,64,201,252,56,40,8,1,7,52,38,36,85,7,2,6,4,20,3,0.278606965,"Tyrus Hall","sa3070256",
2026,"Dylan Schlaegel","DBU",21,49,140,176,39,17,10,0,12,39,41,27,43,7,0,2,3,16,4,0.278571428,"Dylan Schlaegel","sa3060511",
2026,"Chase Camac","QUIN",,44,140,168,39,34,5,0,0,27,24,21,18,1,3,3,0,14,1,0.278571428,"Chase Camac","sa3069724",
2026,"Jay Secretarski","PENN",20,41,158,194,44,31,10,1,2,32,25,29,37,5,2,0,1,21,1,0.278481012,"Jay Secretarski","sa3074421",
2026,"Brycen Hammonds","AAMU",22,54,212,243,59,44,9,0,6,32,35,20,35,6,2,3,3,19,4,0.278301886,"Brycen Hammonds","sa3033098",
2026,"Carmelo Musacchia","NE",22,57,212,260,59,44,8,2,5,50,35,30,52,9,4,5,1,44,10,0.278301886,"Carmelo Musacchia","sa3038619",
2026,"Jack Myers","GASO",20,56,212,242,59,43,12,1,3,24,38,20,47,7,2,1,10,1,1,0.278301886,"Jack Myers","sa3065100",
2026,"Ethan Mendoza","TEX",21,60,230,283,64,39,14,1,10,52,50,40,33,6,7,0,4,11,1,0.278260869,"Ethan Mendoza","sa3037860",
2026,"Eli Berch","LT",,47,169,195,47,36,9,0,2,23,24,17,30,7,1,1,3,0,0,0.278106508,"Eli Berch","sa3027009",
2026,"Brett Ott","SAC",21,54,169,218,47,39,5,2,1,40,25,29,38,12,3,5,4,12,1,0.278106508,"Brett Ott","sa3039275",
2026,"Nick Locurto","VT",21,53,187,221,52,34,11,1,6,32,31,26,37,8,0,0,4,6,1,0.278074866,"Nick Locurto","sa3036439",
2026,"Alec Welshans","LAS",,54,187,234,52,28,6,0,18,44,50,36,57,6,4,1,1,3,0,0.278074866,"Alec Welshans","sa3060902",
2026,"Landon Russell","STET",22,53,205,235,57,40,12,1,4,45,34,23,52,4,0,3,2,15,2,0.27804878,"Landon Russell","sa3041335",
2026,"Shintaro Inoue","KSU",23,57,223,268,62,42,14,0,6,51,34,38,43,5,0,2,8,4,2,0.278026905,"Shintaro Inoue","sa3059568",
2026,"Dylan Cupp","DBU",21,43,144,182,40,30,7,0,3,36,25,29,39,6,2,1,3,3,2,0.277777777,"Dylan Cupp","sa3029703",
2026,"Nico Defazio","HCU",22,41,126,156,35,28,4,0,3,26,22,20,37,5,1,4,3,3,2,0.277777777,"Nico Defazio","sa3030020",
2026,"Brennan Morgan","AKR",24,43,126,170,35,26,9,0,0,23,29,29,28,11,3,1,1,3,2,0.277777777,"Brennan Morgan","sa3038360",
2026,"Diego Aponte","UMES",,43,162,188,45,33,10,0,2,24,36,23,13,0,3,0,4,0,0,0.277777777,"Diego Aponte","sa3058507",
2026,"Cermodrick Bland","SFA",,55,198,240,55,39,7,6,3,36,34,28,60,9,3,2,6,27,4,0.277777777,"Cermodrick Bland","sa3058658",
2026,"Scott Edwards","DAV",,39,144,167,40,29,5,0,6,28,24,17,37,6,0,0,2,1,0,0.277777777,"Scott Edwards","sa3059117",
2026,"Kyler Northrop","WSU",21,57,198,233,55,38,13,4,0,32,21,13,31,10,5,7,4,4,1,0.277777777,"Kyler Northrop","sa3060152",
2026,"Ollie Obenour","WSU",20,43,144,174,40,26,12,1,1,28,22,22,37,4,2,2,4,1,1,0.277777777,"Ollie Obenour","sa3060165",
2026,"Augie Lopez","USC",21,61,227,262,63,30,14,0,19,50,57,25,59,7,2,1,3,2,0,0.277533039,"Augie Lopez","sa3059845",
2026,"Noah Furcht","OSU",23,55,209,254,58,34,12,1,11,43,40,29,52,12,2,2,1,7,2,0.277511961,"Noah Furcht","sa3031785",
2026,"Petey Craska","UNA",21,57,209,270,58,33,12,1,12,49,48,38,40,20,2,1,4,0,0,0.277511961,"Petey Craska","sa3058950",
2026,"Alexander Manent","SPU",,51,173,222,48,29,9,0,10,33,35,35,56,13,1,0,1,1,0,0.277456647,"Alexander Manent","sa3059906",
2026,"Tim Hennig","BING",,51,155,194,43,31,7,2,3,34,34,24,43,10,1,4,0,4,5,0.277419354,"Tim Hennig","sa3033617",
2026,"Nate Johnson","TULN",20,50,155,193,43,30,6,3,4,26,30,28,41,7,2,1,2,4,1,0.277419354,"Nate Johnson","sa3059614",
2026,"Tyler Inge","ORST",21,49,137,166,38,31,6,1,0,24,17,18,38,2,1,8,3,4,1,0.277372262,"Tyler Inge","sa3059566",
2026,"Justin Lebron","ALA",21,61,238,285,66,37,13,0,16,58,48,27,56,17,3,0,2,42,1,0.277310924,"Justin Lebron","sa3036129",
2026,"Payton Boines","JKST",22,35,119,146,33,21,10,0,2,31,18,16,23,7,2,2,2,4,1,0.277310924,"Payton Boines","sa3065262",
2026,"Bobby Stang","DAY",22,54,220,254,61,37,13,0,11,45,46,17,54,15,2,0,3,4,2,0.277272727,"Bobby Stang","sa3060656",
2026,"Kevin Hall","UAB",21,53,202,245,56,41,6,0,9,54,43,27,25,11,2,3,3,21,5,0.277227722,"Kevin Hall","sa3033035",
2026,"Caden Williamson","QUIN",,50,202,240,56,48,6,1,1,34,17,24,36,7,1,6,6,10,8,0.277227722,"Caden Williamson","sa3071612",
2026,"Tualau Wolfgramm","BYU",20,40,148,162,41,26,11,1,3,26,29,7,35,1,4,2,3,6,2,0.277027027,"Tualau Wolfgramm","sa3062701",
2026,"Carter Hain","OAK",23,54,195,227,54,38,10,1,5,32,21,22,54,10,0,0,5,4,6,0.276923076,"Carter Hain","sa3032976",
2026,"Owen Faust","FRES",20,51,195,242,54,37,13,0,4,42,20,27,24,13,4,3,4,8,3,0.276923076,"Owen Faust","sa3059166",
2026,"Dante DeFranco","VCU",25,61,242,284,67,50,12,1,4,52,35,29,44,6,2,5,6,15,0,0.276859504,"Dante DeFranco","sa3030022",
2026,"Vinny Spotofora","NIU",,49,177,198,49,32,11,3,3,33,34,14,34,6,1,0,4,1,0,0.276836158,"Vinny Spotofora","sa3071351",
2026,"Gage Mestas","USD",,45,159,193,44,33,8,2,1,28,27,22,30,8,1,3,5,12,5,0.276729559,"Gage Mestas","sa3037922",
2026,"Jason Janesko","JOES",21,55,206,246,57,43,8,1,5,41,42,26,72,9,2,3,4,26,3,0.276699029,"Jason Janesko","sa3034569",
2026,"Joseph Delanzo","UML",22,52,188,212,52,42,9,0,1,19,28,9,8,7,3,5,5,2,1,0.276595744,"Joseph Delanzo","sa3030057",
2026,"Dean West","UCLA",21,58,235,301,65,47,10,1,7,58,41,37,33,22,3,4,1,11,1,0.276595744,"Dean West","sa3045030",
2026,"Tyler Castrataro","HOF",,41,141,158,39,30,7,0,2,26,22,13,39,4,0,0,1,11,6,0.276595744,"Tyler Castrataro","sa3058842",
2026,"John Hadley","MILW",20,47,141,167,39,21,8,2,8,28,25,22,56,2,1,1,0,7,1,0.276595744,"John Hadley","sa3059384",
2026,"Sammy Mummau","JAX",,55,188,232,52,43,7,1,1,36,29,25,45,12,4,3,2,5,2,0.276595744,"Sammy Mummau","sa3060107",
2026,"Mark Nowak","NKU",20,52,188,233,52,36,14,0,2,42,30,31,38,6,6,2,2,23,6,0.276595744,"Mark Nowak","sa3060159",
2026,"JT Shank","PAC",21,53,170,203,47,31,12,1,3,33,23,27,38,1,2,3,2,3,1,0.276470588,"JT Shank","sa3042059",
2026,"Hasani Johnson","GRAM",21,43,123,175,34,26,6,2,0,33,18,41,38,4,2,5,0,12,3,0.276422764,"Hasani Johnson","sa3034756",
2026,"Devin Chandler","ALST",21,57,199,268,55,38,8,1,8,49,37,50,51,13,4,2,3,2,3,0.276381909,"Devin Chandler","sa3028736",
2026,"Jon Howard","LONG",22,57,210,258,58,30,12,0,16,35,57,37,52,4,7,0,5,3,1,0.276190476,"Jon Howard","sa3070374",
2026,"Ethan Mooser","UNCO",,46,163,184,45,32,7,2,4,28,30,11,36,4,2,4,1,7,2,0.276073619,"Ethan Mooser","sa3038324",
2026,"Logan Lowe","UNCA",20,54,192,248,53,47,6,0,0,39,24,37,27,6,4,9,4,22,6,0.276041666,"Logan Lowe","sa3059858",
2026,"Aidan Schuck","OAK",19,50,192,217,53,41,9,1,2,24,34,9,28,11,3,2,3,11,7,0.276041666,"Aidan Schuck","sa3060524",
2026,"Chazz Grossington","WIN",20,56,203,223,56,40,11,0,5,35,35,10,30,4,1,5,5,3,0,0.275862068,"Chazz Grossington","sa3032769",
2026,"Cole Johnson","APSU",21,55,203,248,56,34,9,1,12,38,49,34,42,10,1,0,3,2,0,0.275862068,"Cole Johnson","sa3059606",
2026,"Lorenzo Camilleri","NJIT",19,44,145,178,40,25,7,2,6,17,26,25,36,4,3,1,0,0,0,0.275862068,"Lorenzo Camilleri","sa3069728",
2026,"Lucas Day","OAK",,50,185,205,51,32,14,0,5,17,33,14,38,1,4,1,2,0,0,0.275675675,"Lucas Day","sa3029959",
2026,"Logan Koslin","MERC",,47,156,198,43,37,5,0,1,34,21,19,19,22,1,0,0,13,3,0.275641025,"Logan Koslin","sa3070533",
2026,"Diego Gonzalez","USD",,42,127,151,35,22,3,3,7,27,20,13,37,4,0,7,0,6,2,0.275590551,"Diego Gonzalez","sa3070187",
2026,"Daniel Gierer","SIUE",,57,196,230,54,33,12,2,7,40,27,14,39,10,1,9,2,12,2,0.275510204,"Daniel Gierer","sa3032197",
2026,"Cooper Romich","LEM",,45,167,205,46,34,6,2,4,36,41,21,31,9,5,3,1,3,0,0.275449101,"Cooper Romich","sa3041111",
2026,"Wyatt Stanley","WCU",21,47,167,203,46,30,4,1,11,41,33,28,43,7,1,0,1,5,0,0.275449101,"Wyatt Stanley","sa3060658",
2026,"Dalton Bargo","NCSU",22,42,138,157,38,23,7,0,8,25,34,14,30,1,4,0,3,0,0,0.275362318,"Dalton Bargo","sa3026558",
2026,"Reggie Bussey","UNLV",21,38,138,171,38,27,8,2,1,37,16,23,38,4,0,6,1,6,2,0.275362318,"Reggie Bussey","sa3028144",
2026,"Cordell Coburn","WIU",24,42,138,173,38,28,7,1,2,21,32,20,49,10,1,4,2,0,1,0.275362318,"Cordell Coburn","sa3058892",
2026,"Steven Kraus","BING",,51,178,221,49,36,7,0,6,38,35,32,24,7,4,0,4,1,0,0.275280898,"Steven Kraus","sa3059722",
2026,"Brady Petit","SMC",20,51,178,203,49,36,11,1,1,24,27,14,30,4,3,4,4,0,1,0.275280898,"Brady Petit","sa3060255",
2026,"Trey Callaway","ALST",20,50,178,206,49,29,2,1,17,37,47,23,58,5,0,0,4,2,1,0.275280898,"Trey Callaway","sa3065509",
2026,"Trey Dunn","PEPP",23,50,178,194,49,30,9,1,9,25,25,14,62,2,0,0,3,2,1,0.275280898,"Trey Dunn","sa3069988",
2026,"Jacob Green","USF",,49,149,163,41,28,8,4,1,28,25,7,35,4,2,1,1,7,0,0.275167785,"Jacob Green","sa3059346",
2026,"Dylan Fitzsimmons","SJU",,55,189,223,52,29,15,2,6,34,31,27,50,4,3,0,2,11,2,0.275132275,"Dylan Fitzsimmons","sa3070090",
2026,"Ryan Martin","DBU",21,54,189,232,52,32,7,1,12,42,42,28,37,11,4,0,2,3,0,0.275132275,"Ryan Martin","sa3070694",
2026,"Keaton Hawk","ALCN",,50,160,204,44,32,7,2,3,35,31,28,36,12,3,1,2,15,2,0.275,"Keaton Hawk","sa3070300",
2026,"Steve Polizzi","SPU",,46,160,188,44,27,8,1,8,36,27,25,38,2,1,0,5,1,1,0.275,"Steve Polizzi","sa3074398",
2026,"Ethan Miller","FAMU",22,48,171,215,47,34,10,0,3,33,32,27,28,9,6,2,6,0,0,0.274853801,"Ethan Miller","sa3062875",
2026,"Ben Green","UNCA",,49,171,196,47,31,11,2,3,29,33,19,33,4,2,0,3,10,6,0.274853801,"Ben Green","sa3070212",
2026,"Jake Kelleher","LIU",,47,171,203,47,31,10,1,5,30,37,25,32,3,4,0,3,3,0,0.274853801,"Jake Kelleher","sa3070491",
2026,"Vance Sheahan","MIA",22,52,182,218,50,41,5,1,3,32,30,18,42,12,1,5,1,7,3,0.274725274,"Vance Sheahan","sa3042102",
2026,"Campbell Smithwick","OKST",20,57,182,242,50,29,11,0,10,42,43,36,41,14,5,5,5,6,1,0.274725274,"Campbell Smithwick","sa3042507",
2026,"Nick Griffith","MORE",,51,182,213,50,35,7,1,7,39,26,19,36,9,3,0,6,8,3,0.274725274,"Nick Griffith","sa3070224",
2026,"Luke Lavin","STAN",22,48,142,161,39,28,7,0,4,16,25,15,36,1,2,1,3,1,0,0.274647887,"Luke Lavin","sa3036056",
2026,"Parker Brzustewicz","ND",21,42,142,171,39,31,8,0,0,18,21,24,31,3,1,1,6,1,0,0.274647887,"Parker Brzustewicz","sa3058761",
2026,"Ryan Pruitt","USF",22,53,193,237,53,40,10,2,1,48,27,33,25,3,7,1,2,20,4,0.274611398,"Ryan Pruitt","sa3060313",
2026,"Easton Amundson","AKR",23,44,153,184,42,15,8,2,17,40,55,22,57,7,2,0,0,6,0,0.274509803,"Easton Amundson","sa3026014",
2026,"Jake Lambdin","DUKE",21,56,204,240,56,29,18,1,8,50,32,25,46,9,2,0,4,21,4,0.274509803,"Jake Lambdin","sa3035873",
2026,"Alex Sandell","HC",,55,204,233,56,34,14,3,5,43,35,16,36,9,4,0,4,9,2,0.274509803,"Alex Sandell","sa3041490",
2026,"Josh Skowronski","WIN",21,57,204,265,56,30,18,2,6,50,33,48,46,9,3,1,2,12,3,0.274509803,"Josh Skowronski","sa3060590",
2026,"Maika Niu","ARK",22,61,215,246,59,35,14,0,10,39,51,24,69,2,4,1,2,19,2,0.274418604,"Maika Niu","sa3038888",
2026,"Charlie Longmeier","EVAN",21,54,215,246,59,42,14,1,2,30,28,25,28,3,3,0,7,8,4,0.274418604,"Charlie Longmeier","sa3059840",
2026,"Justin Hackett","BRY",21,49,164,195,45,25,11,1,8,29,28,22,55,2,2,5,3,14,1,0.274390243,"Justin Hackett","sa3032932",
2026,"Cody Leming","MVSU",,48,164,194,45,31,11,1,2,38,18,20,49,6,1,3,2,9,2,0.274390243,"Cody Leming","sa3070584",
2026,"Matt Conte","WAKE",21,59,226,263,62,36,12,2,12,40,52,33,51,3,0,1,9,1,1,0.274336283,"Matt Conte","sa3058919",
2026,"Xavier Bradley","SOU",20,35,113,145,31,17,9,1,4,27,28,20,25,8,1,3,2,0,0,0.274336283,"Xavier Bradley","sa3065778",
2026,"Joey Calabretti","SBU",,50,175,200,48,23,10,1,14,38,45,9,67,13,0,3,0,3,1,0.274285714,"Joey Calabretti","sa3028251",
2026,"Nathan Borchardt","EMU",,41,124,160,34,18,12,0,4,24,24,29,28,5,2,0,0,1,0,0.274193548,"Nathan Borchardt","sa3069636",
2026,"Owen Smith","UNO",21,50,186,218,51,31,11,0,9,40,37,19,47,9,4,0,4,13,2,0.274193548,"Owen Smith","sa3071322",
2026,"Alex Perry","SELA",,55,197,232,54,26,11,0,17,54,50,24,42,8,1,2,4,1,0,0.274111675,"Alex Perry","sa3039745",
2026,"Tyler Zedalis","ODU",21,52,197,220,54,35,10,0,9,31,36,18,58,1,4,0,4,1,0,0.274111675,"Tyler Zedalis","sa3045824",
2026,"Caden Bogenpohl","MOST",21,55,208,267,57,40,11,0,6,57,33,52,48,5,2,0,3,7,4,0.274038461,"Caden Bogenpohl","sa3027320",
2026,"TJ Anderson","CIT",,60,208,260,57,35,15,1,6,50,43,35,38,9,4,4,3,15,2,0.274038461,"TJ Anderson","sa3058498",
2026,"Michael Petite","VCU",,63,230,300,63,31,15,3,14,66,43,45,52,23,2,0,2,22,2,0.273913043,"Michael Petite","sa3071000",
2026,"Matthew Chavez","CBU",23,53,168,185,46,32,7,0,7,32,24,8,35,4,4,1,5,3,4,0.273809523,"Matthew Chavez","sa3028801",
2026,"Mike Whelehan","LEM",,47,168,205,46,40,5,0,1,40,31,27,14,4,5,1,2,9,1,0.273809523,"Mike Whelehan","sa3045085",
2026,"Blake Wilson","WASH",,51,179,200,49,35,8,3,3,28,20,17,57,1,2,1,6,9,2,0.273743016,"Blake Wilson","sa3045386",
2026,"Cayden Hessemyer","FGCU",20,49,190,210,52,40,11,0,1,14,26,14,33,2,3,1,6,3,2,0.27368421,"Cayden Hessemyer","sa3066978",
2026,"Will Gallagher","RID",,53,201,258,55,49,3,1,2,55,28,46,34,7,3,1,3,7,4,0.27363184,"Will Gallagher","sa3031859",
2026,"Josh Overbeek","NEB",,56,201,249,55,38,11,2,4,42,33,25,43,19,3,1,2,7,2,0.27363184,"Josh Overbeek","sa3039291",
2026,"Kooper Schulte","IOWA",22,56,223,261,61,33,18,1,9,50,39,22,46,9,5,2,6,11,2,0.2735426,"Kooper Schulte","sa3060527",
2026,"Jonah Oster","CAM",23,58,234,262,64,34,16,2,12,37,55,14,40,7,5,2,8,3,1,0.273504273,"Jonah Oster","sa3039252",
2026,"Easton Talt","ORST",22,59,234,287,64,45,12,2,5,52,45,41,46,3,7,2,5,26,5,0.273504273,"Easton Talt","sa3043492",
2026,"Max Knight","MOST",21,52,128,155,35,20,5,0,10,30,37,19,47,4,3,1,0,3,1,0.2734375,"Max Knight","sa3035549",
2026,"Matt Westley","GMU",21,43,139,163,38,28,6,0,4,28,23,16,21,2,3,3,5,6,2,0.273381294,"Matt Westley","sa3045052",
2026,"Robbie Carvelli","LEH",21,43,150,175,41,36,4,0,1,23,14,12,28,8,2,3,2,5,0,0.273333333,"Robbie Carvelli","sa3028555",
2026,"Nathaniel Lopez","TXSO",22,43,161,190,44,35,8,1,0,34,23,10,26,13,1,5,5,6,2,0.273291925,"Nathaniel Lopez","sa3065081",
2026,"Andrew Ramirez","SEMO",22,52,183,215,50,40,8,0,2,29,35,18,12,5,1,8,2,1,1,0.273224043,"Andrew Ramirez","sa3060330",
2026,"Sawyer Strosnider","TCU",21,50,183,234,50,22,11,4,13,54,47,43,43,4,4,0,0,12,2,0.273224043,"Sawyer Strosnider","sa3060685",
2026,"Blake Cavill","TROY",24,70,253,326,69,43,12,0,14,66,51,52,52,19,1,1,5,4,1,0.272727272,"Blake Cavill","sa3028674",
2026,"Luke Johnson","COR",21,32,121,135,33,26,6,0,1,18,15,8,20,4,0,2,2,11,3,0.272727272,"Luke Johnson","sa3034786",
2026,"Matthew Maulik","STMN",21,45,165,185,45,28,11,0,6,25,35,8,34,2,7,3,1,5,0,0.272727272,"Matthew Maulik","sa3037351",
2026,"Andrew Schuldt","CAM",22,45,132,180,36,24,9,0,3,37,23,41,30,4,0,3,2,7,3,0.272727272,"Andrew Schuldt","sa3041800",
2026,"Diego Villescas","RGV",,52,187,218,51,35,10,2,4,24,26,25,33,3,1,2,1,9,2,0.272727272,"Diego Villescas","sa3044508",
2026,"Matt Toomey","LBSU",19,40,132,165,36,23,11,2,0,24,22,13,35,15,4,1,2,6,1,0.272727272,"Matt Toomey","sa3060769",
2026,"Landon Springmeyer","NKU",,43,132,164,36,16,12,1,7,32,40,20,41,7,3,2,1,0,1,0.272727272,"Landon Springmeyer","sa3071353",
2026,"Nater Wachter","CONN",21,58,209,253,57,37,13,1,6,47,34,33,67,6,5,0,3,3,3,0.272727272,"Nater Wachter","sa3071542",
2026,"Ty Fox","MASS",20,47,176,214,48,35,7,2,4,30,29,29,37,4,2,3,2,17,4,0.272727272,"Ty Fox","sa3074273",
2026,"Nolan Souza","ARK",21,60,224,259,61,41,15,1,4,47,35,26,56,6,2,1,1,14,2,0.272321428,"Nolan Souza","sa3042788",
2026,"Reid Haire","EVAN",22,54,213,248,58,37,12,0,9,43,33,30,62,3,2,0,1,12,4,0.272300469,"Reid Haire","sa3032981",
2026,"Trenton Lyons","KENN",21,53,213,245,58,35,17,1,5,38,32,28,56,2,1,1,2,13,4,0.272300469,"Trenton Lyons","sa3036758",
2026,"TJ Baer","MRST",,54,213,257,58,46,5,2,5,51,21,33,27,9,0,2,3,16,2,0.272300469,"TJ Baer","sa3069532",
2026,"Charlie Bates","STAN",20,53,202,243,55,36,8,2,9,43,34,32,36,8,1,0,3,10,4,0.272277227,"Charlie Bates","sa3058575",
2026,"Tyler Lichtenberger","CLEM",20,57,202,238,55,44,8,1,2,35,27,26,52,7,0,3,3,7,2,0.272277227,"Tyler Lichtenberger","sa3059814",
2026,"Ryder Woodson","MSST",20,58,202,234,55,31,15,0,9,38,41,23,65,3,2,4,2,0,2,0.272277227,"Ryder Woodson","sa3060964",
2026,"Patrick Fultz","WRST",22,52,191,230,52,28,13,2,9,38,33,30,56,3,2,4,2,1,4,0.272251308,"Patrick Fultz","sa3031775",
2026,"Zach Knowlton","CMU",22,51,169,202,46,28,9,3,6,37,40,17,43,7,4,5,1,14,2,0.272189349,"Zach Knowlton","sa3059707",
2026,"Macaddin Dye","ODU",21,49,158,192,43,32,6,0,5,39,18,20,46,13,1,0,2,3,0,0.272151898,"Macaddin Dye","sa3030717",
2026,"Braylen Gonzalez","BING",20,42,147,199,40,29,6,1,4,44,20,41,26,3,4,4,2,8,1,0.272108843,"Braylen Gonzalez","sa3066318",
2026,"Bennett Crerar","PRIN",,38,147,154,40,29,7,1,3,20,16,5,44,1,1,0,2,2,2,0.272108843,"Bennett Crerar","sa3074241",
2026,"Jacob Weatherspoon","UVA",21,40,147,163,40,27,8,0,5,21,31,11,33,4,1,0,4,2,0,0.272108843,"Jacob Weatherspoon","sa3075691",
2026,"Jake Kulikowski","USF",,46,136,165,37,22,10,1,4,28,29,21,34,2,4,2,3,2,0,0.272058823,"Jake Kulikowski","sa3035778",
2026,"Isaiah Landry","SF",21,39,136,158,37,20,13,2,2,17,21,15,35,6,0,1,2,4,0,0.272058823,"Isaiah Landry","sa3035908",
2026,"Shane Cox","MEM",24,57,228,256,62,42,13,1,6,33,34,22,44,3,1,2,4,11,3,0.271929824,"Shane Cox","sa3029499",
2026,"Riley DeCandido","LIB",,64,228,297,62,42,14,0,6,49,44,43,52,20,3,3,6,12,2,0.271929824,"Riley DeCandido","sa3029989",
2026,"Parker Martin","USI",21,56,217,245,59,42,13,0,4,38,39,18,25,5,1,4,5,3,1,0.2718894,"Parker Martin","sa3059936",
2026,"Alex Dupuy","UAB",21,58,217,268,59,37,12,0,10,54,41,23,57,19,5,4,2,10,3,0.2718894,"Alex Dupuy","sa3069991",
2026,"Tyson Owens","KU",20,57,206,254,56,31,9,2,14,47,42,37,57,9,0,2,4,6,1,0.27184466,"Tyson Owens","sa3070934",
2026,"DJ Dillehay","BRWN",22,43,173,199,47,34,8,0,5,26,41,14,28,10,2,0,1,3,2,0.2716763,"DJ Dillehay","sa3030334",
2026,"Tristan Bissetta","MISS",23,64,243,288,66,32,11,0,23,56,61,39,87,5,1,0,0,8,3,0.271604938,"Tristan Bissetta","sa3027182",
2026,"Jack Andrews","MRMK",,48,162,189,44,37,4,2,1,25,30,14,26,10,3,0,1,18,1,0.271604938,"Jack Andrews","sa3058499",
2026,"Colin Crowley","WIN",,53,162,207,44,26,13,0,5,32,30,30,29,9,2,4,6,4,0,0.271604938,"Colin Crowley","sa3058956",
2026,"Jarrett Flaggert","AMCC",,43,162,185,44,29,11,0,4,26,31,14,37,4,3,2,5,1,0,0.271604938,"Jarrett Flaggert","sa3059193",
2026,"Carter Dierdorf","PITT",22,54,151,219,41,23,7,0,11,38,38,60,39,7,1,0,2,5,1,0.271523178,"Carter Dierdorf","sa3059055",
2026,"Zack Thompson","GWEB",22,46,151,169,41,30,7,1,3,28,23,10,35,3,2,3,4,0,1,0.271523178,"Zack Thompson","sa3060750",
2026,"Drew Markle","UL",22,66,221,275,60,41,11,2,6,50,44,29,58,11,6,8,6,15,1,0.271493212,"Drew Markle","sa3037058",
2026,"Jack Beverly","MASS",,40,140,165,38,33,4,0,1,21,17,18,36,4,1,2,1,0,0,0.271428571,"Jack Beverly","sa3027108",
2026,"Julian Nunez","PEPP",23,53,199,233,54,38,15,0,1,31,18,15,21,12,4,3,8,1,1,0.271356783,"Julian Nunez","sa3038970",
2026,"Vincent Davis","DEL",,36,129,148,35,22,6,1,6,21,27,14,38,5,0,0,1,1,3,0.271317829,"Vincent Davis","sa3059008",
2026,"Evan Joubert","TXSO",23,37,129,159,35,23,6,1,5,28,29,21,31,6,2,1,1,6,6,0.271317829,"Evan Joubert","sa3059633",
2026,"Matt McIntire","UNH",22,39,129,149,35,18,10,0,7,20,28,14,29,6,0,0,4,0,2,0.271317829,"Matt McIntire","sa3074363",
2026,"Ryan LeClair","STO",,48,177,233,48,35,9,1,3,44,32,28,29,26,1,1,1,10,2,0.27118644,"Ryan LeClair","sa3036136",
2026,"Corie Lockette","PV",21,36,118,136,32,21,6,1,4,22,19,15,35,2,1,0,1,3,1,0.27118644,"Corie Lockette","sa3059832",
2026,"John Calabrese","BUCK",,45,118,146,32,20,12,0,0,17,18,18,19,4,3,3,1,2,1,0.27118644,"John Calabrese","sa3066603",
2026,"Riley Jackson","HOU",21,52,166,203,45,23,13,0,9,25,29,23,52,9,1,4,1,0,2,0.271084337,"Riley Jackson","sa3034515",
2026,"Nick Cote","NIA",,47,166,189,45,35,9,0,1,18,20,15,23,3,3,2,2,2,1,0.271084337,"Nick Cote","sa3069864",
2026,"Matthew Rhoades","BUT",,54,214,248,58,28,11,0,19,46,43,21,69,12,1,0,1,1,0,0.271028037,"Matthew Rhoades","sa3071100",
2026,"Sebastian Pisacreta","PITT",22,57,203,250,55,29,11,1,14,46,51,34,55,10,2,1,7,0,1,0.27093596,"Sebastian Pisacreta","sa3039961",
2026,"Adrian Jimenez","CLT",20,56,192,235,52,41,7,2,2,35,24,30,26,8,2,3,8,3,0,0.270833333,"Adrian Jimenez","sa3059597",
2026,"Samuel Fischer","FIU",21,54,181,247,49,31,10,2,6,51,41,46,45,18,2,0,2,1,1,0.270718232,"Samuel Fischer","sa3031370",
2026,"Cooper Kelly","ORU",22,58,207,258,56,42,10,1,3,40,19,35,47,10,1,5,3,4,1,0.2705314,"Cooper Kelly","sa3035211",
2026,"Justin Batts","DSU",,39,122,150,33,26,4,0,3,14,10,20,19,6,2,0,7,1,0,0.270491803,"Justin Batts","sa3058578",
2026,"Vance Bonior","MASS",,42,122,162,33,23,6,0,4,21,21,15,19,23,2,0,3,8,3,0.270491803,"Vance Bonior","sa3066294",
2026,"Dominic Decker","MISS",23,64,233,299,63,46,7,0,10,64,34,51,46,8,6,1,3,13,3,0.270386266,"Dominic Decker","sa3059020",
2026,"Chris Barr","ARMY",22,48,185,229,50,31,12,4,3,43,32,27,39,8,4,5,2,25,2,0.27027027,"Chris Barr","sa3026619",
2026,"Brogan Jones","LONG",22,56,222,265,60,44,8,2,6,51,37,33,43,6,4,0,2,19,5,0.27027027,"Brogan Jones","sa3034853",
2026,"Ben Slanker","LOU",21,49,148,190,40,19,10,1,10,34,46,36,36,3,2,1,2,0,2,0.27027027,"Ben Slanker","sa3042415",
2026,"Alonso Reyes","UCI",22,52,185,240,50,38,6,2,4,24,34,32,38,18,3,2,6,2,1,0.27027027,"Alonso Reyes","sa3060354",
2026,"Ernie Echevarria","PENN",20,34,111,135,30,22,7,0,1,28,19,18,18,4,1,1,2,2,0,0.27027027,"Ernie Echevarria","sa3065034",
2026,"Jackson Williams","ALST",20,49,185,209,50,28,10,0,12,34,46,16,58,5,3,0,3,1,0,0.27027027,"Jackson Williams","sa3071616",
2026,"Aidan Cohall","FIU",22,50,174,211,47,20,20,0,7,26,43,27,47,10,0,0,3,2,0,0.270114942,"Aidan Cohall","sa3029105",
2026,"Caden Wildman","COR",,36,137,159,37,28,8,0,1,20,14,12,30,6,1,3,3,6,2,0.270072992,"Caden Wildman","sa3045202",
2026,"Connor Meidroth","USD",22,40,137,159,37,26,9,1,1,18,20,9,21,7,2,4,4,1,3,0.270072992,"Connor Meidroth","sa3060007",
2026,"Braeden Terry","WASH",23,56,200,246,54,37,10,4,3,37,26,33,43,8,4,1,2,2,2,0.27,"Braeden Terry","sa3043639",
2026,"Joey Baran","PITT",23,54,163,220,44,29,7,0,8,39,41,38,37,12,2,5,9,0,1,0.26993865,"Joey Baran","sa3026533",
2026,"Hunter Kingsbury","BRY",,44,163,193,44,29,10,2,3,32,31,11,35,7,9,3,2,20,5,0.26993865,"Hunter Kingsbury","sa3070511",
2026,"AJ Solomon","GTWN",23,56,189,259,51,37,8,3,3,45,31,58,41,6,2,4,5,6,2,0.269841269,"AJ Solomon","sa3042726",
2026,"Rustan Rigdon","VAN",20,54,189,233,51,35,7,3,6,47,31,32,41,6,2,4,4,15,5,0.269841269,"Rustan Rigdon","sa3060369",
2026,"Ethan Pena","SFA",,48,189,202,51,34,12,0,5,22,32,9,35,1,3,0,4,1,0,0.269841269,"Ethan Pena","sa3070982",
2026,"Cavan McMeans","BEL",21,55,215,236,58,38,11,3,6,30,32,12,60,4,3,2,3,7,1,0.269767441,"Cavan McMeans","sa3037707",
2026,"Trey Swygart","PORT",20,52,178,225,48,31,11,0,6,27,30,39,52,7,1,0,6,1,0,0.269662921,"Trey Swygart","sa3060709",
2026,"Jake Downing","CP",20,61,204,245,55,35,16,2,2,44,37,28,67,2,5,6,4,1,1,0.269607843,"Jake Downing","sa3059077",
2026,"John Stuetzer","FSU",19,56,204,233,55,33,11,1,10,40,43,20,69,7,1,1,0,13,5,0.269607843,"John Stuetzer","sa3071397",
2026,"James Marino","QUIN",,43,141,181,38,21,10,1,6,27,33,25,36,9,2,4,1,3,3,0.269503546,"James Marino","sa3037046",
2026,"Dane Watts","SELA",,41,141,168,38,27,11,0,0,19,18,22,15,4,0,1,1,0,0,0.269503546,"Dane Watts","sa3044876",
2026,"Nick Tomasetto","HALL",21,42,141,170,38,22,10,4,2,15,21,22,40,4,2,1,1,4,2,0.269503546,"Nick Tomasetto","sa3060764",
2026,"Dan Stewart","WKU",23,46,141,154,38,20,11,0,7,24,33,11,46,2,0,0,5,1,0,0.269503546,"Dan Stewart","sa3071375",
2026,"Jonathan Mendez","UCSB",21,46,167,183,45,31,10,1,3,23,20,10,34,4,1,1,3,3,1,0.269461077,"Jonathan Mendez","sa3037848",
2026,"Cody Kashimoto","SMC",23,61,193,240,52,40,12,0,0,41,22,13,31,13,2,19,4,7,2,0.269430051,"Cody Kashimoto","sa3035098",
2026,"Dylan LaPointe","MER",22,58,193,235,52,29,8,1,14,47,43,19,54,20,2,1,9,0,1,0.269430051,"Dylan LaPointe","sa3035973",
2026,"Bryce Molinaro","PSU",22,51,193,226,52,28,7,2,15,32,44,24,63,7,2,0,5,0,2,0.269430051,"Bryce Molinaro","sa3038219",831926
2026,"Ike Schmidly","JMU",21,51,193,223,52,31,9,1,11,33,42,21,60,3,3,3,1,13,4,0.269430051,"Ike Schmidly","sa3041723",
2026,"Ty Allen","MINN",22,51,182,216,49,28,9,3,9,35,46,26,41,2,6,0,2,9,1,0.269230769,"Ty Allen","sa3025932",
2026,"Patrick Engskov","ARST",22,53,208,237,56,31,13,1,11,42,39,14,39,13,1,1,5,11,3,0.269230769,"Patrick Engskov","sa3030951",
2026,"Wesley Alig","KENN",20,45,156,184,42,32,7,2,1,21,19,15,36,7,3,3,3,1,1,0.269230769,"Wesley Alig","sa3058484",
2026,"Jacob Jarrell","CLEM",23,54,197,240,53,28,7,0,18,42,50,35,51,7,1,0,3,0,0,0.269035532,"Jacob Jarrell","sa3034595",
2026,"Mark Mennecke","WMU",,46,160,182,43,33,8,1,1,26,21,11,23,10,0,1,4,4,1,0.26875,"Mark Mennecke","sa3070772",
2026,"Ethan Rossi","EIU",22,45,134,175,36,23,9,0,4,32,26,18,30,13,3,7,3,2,2,0.268656716,"Ethan Rossi","sa3060431",
2026,"Tyler Cox","HOF",23,49,175,218,47,28,11,1,7,33,54,35,38,0,8,0,7,9,2,0.268571428,"Tyler Cox","sa3029502",
2026,"Austin Francis","NJIT",,48,175,229,47,38,9,0,0,33,26,39,26,8,5,2,5,5,4,0.268571428,"Austin Francis","sa3031621",
2026,"Frank Adamski","TOW",,49,175,208,47,34,10,2,1,29,32,19,32,9,2,3,3,8,3,0.268571428,"Frank Adamski","sa3069457",
2026,"Jacob Payne","TOL",20,54,175,218,47,31,9,2,5,35,42,20,45,21,1,1,2,3,0,0.268571428,"Jacob Payne","sa3070970",
2026,"Ty Rhoades","LR",,62,216,237,58,36,18,1,3,27,39,16,49,1,1,3,1,2,2,0.268518518,"Ty Rhoades","sa3040668",
2026,"Dylan Schlotterback","KU",21,63,216,259,58,39,15,1,3,42,31,32,47,6,3,2,3,2,0,0.268518518,"Dylan Schlotterback","sa3071232",
2026,"Robert Rispoli","CONN",21,55,190,251,51,37,9,2,3,47,29,37,38,14,3,7,2,11,5,0.268421052,"Robert Rispoli","sa3060376",
2026,"Elijah McNeal","UCD",,52,205,225,55,42,8,0,5,26,26,11,49,5,1,3,2,5,1,0.268292682,"Elijah McNeal","sa3070760",
2026,"Mason Barela","COR",,34,138,148,37,30,4,0,3,11,12,7,32,0,1,2,1,1,1,0.268115942,"Mason Barela","sa3065253",
2026,"David Ayers","BUT",21,53,194,224,52,31,8,2,11,40,41,17,75,12,1,0,2,16,2,0.268041237,"David Ayers","sa3026336",
2026,"Karsen Waslefsky","UNM",21,52,194,231,52,37,8,1,6,38,39,23,30,4,4,6,6,10,2,0.268041237,"Karsen Waslefsky","sa3060875",
2026,"Tervell Johnson","AAMU",23,50,153,193,41,25,6,2,8,24,39,31,40,5,4,0,1,4,3,0.267973856,"Tervell Johnson","sa3034813",
2026,"Jared Lewis","SF",22,47,153,187,41,34,6,0,1,24,18,24,54,3,2,5,0,3,1,0.267973856,"Jared Lewis","sa3036303",
2026,"Blake Guerin","USA",22,56,209,241,56,25,15,0,16,46,58,23,74,6,3,0,7,0,0,0.267942583,"Blake Guerin","sa3032822",
2026,"Daniel Arambula","UTAH",21,51,209,245,56,42,7,1,6,36,30,21,46,6,4,5,3,3,2,0.267942583,"Daniel Arambula","sa3058510",
2026,"Jagger Schattle","CARK",,54,168,201,45,30,6,0,9,25,34,27,36,3,2,1,2,0,0,0.267857142,"Jagger Schattle","sa3041674",
2026,"Lance Vickers","BGSU",20,34,112,147,30,26,3,0,1,17,13,15,31,10,4,6,0,11,0,0.267857142,"Lance Vickers","sa3071531",
2026,"Dayne Wray","ULM",,46,168,194,45,25,11,1,8,33,30,19,33,4,2,1,0,5,1,0.267857142,"Dayne Wray","sa3071655",
2026,"Nick Husovsky","UCSB",,52,183,211,49,38,5,0,6,29,35,18,39,4,1,5,4,0,2,0.267759562,"Nick Husovsky","sa3034356",
2026,"Frankie Scrivanic","HALL",21,41,142,166,38,30,8,0,0,13,17,15,31,3,3,3,1,0,0,0.267605633,"Frankie Scrivanic","sa3041878",
2026,"Jose Vasquez","UAPB",,48,142,186,38,31,5,2,0,39,27,25,18,13,4,2,2,11,2,0.267605633,"Jose Vasquez","sa3071524",
2026,"Nick Sutherlin","INST",,57,228,265,61,37,14,1,9,45,53,20,59,9,7,1,2,5,0,0.267543859,"Nick Sutherlin","sa3043347",
2026,"Jake Busson","UIC",21,57,228,266,61,31,10,1,19,38,54,15,79,20,3,0,4,2,1,0.267543859,"Jake Busson","sa3069715",
2026,"Bryce Hubbard","ORST",22,56,172,213,46,31,6,0,9,33,33,28,41,10,2,1,1,2,0,0.26744186,"Bryce Hubbard","sa3034205",
2026,"Jarren Sanderson","UCR",22,48,172,186,46,32,7,1,6,22,34,8,41,4,2,0,2,2,4,0.26744186,"Jarren Sanderson","sa3041498",
2026,"Derek Bermudez","JAX",22,50,187,215,50,32,9,0,9,33,51,18,33,7,3,0,2,2,1,0.267379679,"Derek Bermudez","sa3058630",
2026,"Trent Abel","CSUN",21,53,202,224,54,38,11,1,4,30,34,9,36,2,6,5,3,4,0,0.267326732,"Trent Abel","sa3025699",
2026,"Katcher Halligan","HCU",23,53,202,235,54,40,9,0,5,31,36,28,25,0,4,1,4,3,0,0.267326732,"Katcher Halligan","sa3033048",
2026,"Grant Gallagher","KSU",22,57,202,254,54,34,14,1,5,44,29,44,57,3,4,1,4,6,4,0.267326732,"Grant Gallagher","sa3059259",
2026,"Robbie Liddington","TCU",23,44,131,155,35,23,7,0,5,27,28,17,35,2,5,0,5,5,1,0.267175572,"Robbie Liddington","sa3036327",
2026,"Cecil Lofton","SIU",,48,161,197,43,25,11,1,6,21,33,24,26,5,7,0,3,4,1,0.267080745,"Cecil Lofton","sa3059835",
2026,"Parker McDonald","SAM",22,52,176,209,47,32,8,0,7,35,24,28,49,3,0,2,5,7,2,0.267045454,"Parker McDonald","sa3037556",
2026,"Luke Scwartz","SPU",21,51,176,197,47,33,11,0,3,22,28,17,49,2,1,1,2,10,2,0.267045454,"Luke Scwartz","sa3060537",
2026,"Khaleel Pratt","EKU",20,54,176,248,47,24,9,3,11,38,37,38,42,31,3,0,1,20,2,0.267045454,"Khaleel Pratt","sa3071038",
2026,"Tyler Harrington","MEM",24,51,191,207,51,40,7,0,4,24,24,12,53,1,2,1,1,3,3,0.267015706,"Tyler Harrington","sa3033313",
2026,"Gavin Baldwin","NIU",,55,210,263,56,27,12,0,17,44,61,24,45,20,9,0,2,0,0,0.266666666,"Gavin Baldwin","sa3026471",
2026,"Carter Bergman","MOST",,52,180,218,48,25,7,0,16,46,45,21,54,15,2,0,0,1,1,0.266666666,"Carter Bergman","sa3027033",
2026,"Noah Brooks","SIE",21,41,135,158,36,30,3,0,3,20,23,14,28,6,2,1,2,0,1,0.266666666,"Noah Brooks","sa3027766",
2026,"Gabe Camacho","UCSD",20,55,210,264,56,25,13,2,16,51,54,23,50,27,3,1,2,1,0,0.266666666,"Gabe Camacho","sa3028295",
2026,"Tyler Howard","UCD",,54,210,240,56,36,10,6,4,39,27,25,63,2,1,2,1,14,3,0.266666666,"Tyler Howard","sa3034173",
2026,"Ryan Kolben","MASS",,43,135,165,36,23,5,1,7,19,29,19,42,6,2,3,2,1,0,0.266666666,"Ryan Kolben","sa3035613",
2026,"Cole Cook","VMI",20,50,165,210,44,27,8,1,8,36,44,33,61,8,1,3,1,23,4,0.266666666,"Cole Cook","sa3065017",
2026,"Mason Griffin","UNCO",,55,195,233,52,37,8,2,5,33,29,16,55,16,0,6,2,8,5,0.266666666,"Mason Griffin","sa3070223",
2026,"J.T. Simonelli","NWST",,46,135,151,36,22,8,1,5,20,16,6,52,8,2,0,5,2,0,0.266666666,"J.T. Simonelli","sa3071291",
2026,"Diesel Toth","CBU",19,53,180,208,48,33,11,1,3,37,19,22,28,5,1,0,5,10,3,0.266666666,"Diesel Toth","sa3071471",
2026,"Devan Zirwas","EMU",22,53,214,251,57,28,14,2,13,48,51,31,44,3,3,0,4,6,2,0.26635514,"Devan Zirwas","sa3045873",
2026,"AJ Havrilla","MRSH",22,55,184,251,49,36,7,0,6,37,38,50,33,12,3,2,3,3,0,0.266304347,"AJ Havrilla","sa3033418",
2026,"Easton Fritcher","STMN",22,47,154,186,41,26,7,3,5,27,26,15,30,11,0,6,0,7,6,0.266233766,"Easton Fritcher","sa3031733",
2026,"Kyle Hayes","WKU",23,46,154,192,41,19,12,0,10,33,37,25,38,8,3,2,4,1,0,0.266233766,"Kyle Hayes","sa3033452",
2026,"Kaden Peer","MIZ",,42,154,177,41,31,7,1,2,22,14,12,53,9,0,2,2,6,5,0.266233766,"Kaden Peer","sa3039631",
2026,"Andrew DiLodovico","BGSU",19,43,154,178,41,27,6,1,7,28,21,10,37,12,1,1,6,4,3,0.266233766,"Andrew DiLodovico","sa3069957",
2026,"Rowin OConnor","NJIT",,43,154,181,41,26,8,0,7,25,32,12,46,10,1,4,0,3,1,0.266233766,"Rowin OConnor","sa3070900",
2026,"David Bell","WES",22,41,139,161,37,18,11,0,8,32,32,11,56,8,1,2,0,5,0,0.26618705,"David Bell","sa3026900",
2026,"Will Johannes","ILL",22,42,139,159,37,17,10,0,10,27,42,16,57,3,1,0,1,1,0,0.26618705,"Will Johannes","sa3059600",
2026,"AJ DeMastrie","DART",,30,109,121,29,20,6,1,2,12,14,7,23,4,0,1,2,1,1,0.266055045,"AJ DeMastrie","sa3030118",
2026,"Martavius Thomas","GRAM",21,40,109,149,29,22,6,1,0,27,14,21,26,15,2,2,0,6,0,0.266055045,"Martavius Thomas","sa3043716",
2026,"Trevor Conley","APSU",,54,188,227,50,40,9,0,1,29,26,16,28,7,1,15,3,8,3,0.265957446,"Trevor Conley","sa3029248",
2026,"JD Stein","WAKE",19,58,188,235,50,35,10,0,5,38,41,30,37,9,5,3,5,13,2,0.265957446,"JD Stein","sa3071366",
2026,"Garryn Plummer","FDU",,55,173,258,46,41,4,0,1,37,28,36,17,37,9,3,3,8,0,0.265895953,"Garryn Plummer","sa3074396",
2026,"Garet Boehm","RICE",21,52,158,177,42,26,10,1,5,25,32,12,26,1,3,3,3,0,0,0.265822784,"Garet Boehm","sa3027312",
2026,"Nicholas Werk","SDST",,49,158,201,42,29,12,0,1,29,23,29,41,6,4,4,4,3,0,0.265822784,"Nicholas Werk","sa3065164",
2026,"Casey Borba","TEX",22,61,222,266,59,31,10,0,18,49,57,32,81,5,4,3,7,5,1,0.265765765,"Casey Borba","sa3027389",
2026,"Pedro Agosto","COPP",,44,143,177,38,21,8,4,5,37,29,18,34,14,0,2,4,7,4,0.265734265,"Pedro Agosto","sa3074195",
2026,"Justin Szestowicki","LAS",23,53,207,246,55,33,17,1,4,37,34,26,46,7,4,2,5,9,3,0.265700483,"Justin Szestowicki","sa3043452",
2026,"Jeter Polledo","BCU",21,58,207,254,55,28,16,5,6,49,55,16,28,18,11,2,6,11,1,0.265700483,"Jeter Polledo","sa3060287",
2026,"Diego Trujillo","NDSU",,36,128,147,34,22,9,1,2,23,22,8,27,6,2,3,0,1,1,0.265625,"Diego Trujillo","sa3071480",
2026,"Jack Guerrero","JMU",22,50,162,190,43,29,12,0,2,20,24,13,31,3,2,10,0,1,2,0.265432098,"Jack Guerrero","sa3032827",
2026,"Cade Campbell","CAL",22,55,211,232,56,41,9,0,6,28,22,17,46,2,2,0,9,4,1,0.265402843,"Cade Campbell","sa3028321",
2026,"Rocco Gump","CREI",23,57,211,270,56,38,11,3,4,44,27,35,48,19,0,5,5,10,4,0.265402843,"Rocco Gump","sa3032848",
2026,"Jonny Rodriguez","UNLV",21,54,211,245,56,33,10,1,12,40,54,18,60,13,2,1,4,2,0,0.265402843,"Jonny Rodriguez","sa3040990",
2026,"Luke Scales","BELL",22,53,196,233,52,34,9,1,8,35,31,27,38,4,5,1,3,4,2,0.265306122,"Luke Scales","sa3041634",
2026,"Lane Tobin","CIT",,62,196,263,52,40,9,1,2,47,29,27,55,26,3,11,1,22,5,0.265306122,"Lane Tobin","sa3043874",
2026,"Julius Bagnerise","GMU",20,51,181,223,48,34,9,2,3,39,41,28,29,6,6,2,1,30,8,0.26519337,"Julius Bagnerise","sa3069535",
2026,"Abbrie Covarrubias","USC",22,57,215,256,57,42,10,2,3,40,30,28,40,8,2,3,2,18,6,0.265116279,"Abbrie Covarrubias","sa3029476",
2026,"Evan Haeger","MICH",21,54,166,207,44,24,11,2,7,32,27,34,51,3,0,4,2,5,6,0.26506024,"Evan Haeger","sa3059385",
2026,"RJ Azarieh","SPU",,44,166,182,44,34,7,0,3,28,11,14,43,1,1,0,3,9,0,0.26506024,"RJ Azarieh","sa3074199",
2026,"Ryder Manale","SEA",20,36,117,137,31,18,11,0,2,14,12,14,33,4,1,1,2,0,1,0.264957264,"Ryder Manale","sa3070662",
2026,"Joe Roder","STMN",22,50,185,229,49,33,9,1,6,33,42,31,55,6,7,0,2,2,0,0.264864864,"Joe Roder","sa3040949",
2026,"Easton Swofford","LIB",,54,185,224,49,43,4,0,2,27,27,29,33,7,1,2,3,7,0,0.264864864,"Easton Swofford","sa3060708",
2026,"Zack Stewart","ARK",22,52,170,213,45,23,7,0,15,35,39,33,56,7,3,0,2,0,0,0.264705882,"Zack Stewart","sa3043117",
2026,"Brenden Fry","SIUE",,43,136,156,36,20,10,3,3,22,26,16,51,0,1,3,0,4,1,0.264705882,"Brenden Fry","sa3059244",
2026,"Colin Brueggemann","OKST",23,61,223,267,59,28,13,1,17,43,65,35,75,7,1,1,7,2,0,0.264573991,"Colin Brueggemann","sa3027893",
2026,"Elgin Bennett","CSUB",23,54,155,190,41,23,9,3,6,35,34,20,47,13,2,0,0,14,3,0.264516129,"Elgin Bennett","sa3058620",
2026,"Hudson Shupe","GONZ",22,54,193,233,51,36,8,2,5,42,36,26,32,8,5,1,2,4,1,0.264248704,"Hudson Shupe","sa3042241",
2026,"Jake Radosevich","LIN",,58,212,263,56,39,7,0,10,41,48,37,43,4,10,0,3,2,0,0.264150943,"Jake Radosevich","sa3060328",
2026,"Marcus Aranda","ULM",23,50,178,213,47,28,6,0,13,32,51,17,50,11,6,1,4,0,1,0.264044943,"Marcus Aranda","sa3026140",
2026,"Collin Reuter","MISS",23,56,178,211,47,24,15,0,8,27,40,22,73,7,4,0,8,2,0,0.264044943,"Collin Reuter","sa3040635",
2026,"Milo Suarez","DART",23,39,125,166,33,18,11,0,4,20,20,24,25,13,3,1,1,9,1,0.264,"Milo Suarez","sa3043293",
2026,"Mason Ault","ETSU",,39,125,155,33,23,6,0,4,24,21,22,32,6,0,2,0,1,1,0.264,"Mason Ault","sa3069521",
2026,"Chase Krewson","RUTG",21,55,197,235,52,35,6,2,9,35,30,26,39,7,1,4,4,7,2,0.26395939,"Chase Krewson","sa3035717",
2026,"Tyler Horner","SEA",23,49,197,230,52,34,11,1,6,29,37,20,39,10,3,0,4,1,1,0.26395939,"Tyler Horner","sa3070366",
2026,"Marcus Nolen","FRES",18,53,197,226,52,28,13,1,10,38,41,21,60,1,6,1,3,2,2,0.26395939,"Marcus Nolen","sa3070888",
2026,"Jake Bechtel","UNCW",21,58,216,250,57,31,15,1,10,41,39,21,75,4,4,5,6,22,2,0.263888888,"Jake Bechtel","sa3026828",
2026,"Jack Bello","MINN",22,46,144,172,38,15,13,0,10,25,30,17,45,6,4,1,1,1,1,0.263888888,"Jack Bello","sa3026925",
2026,"Jeremy Rader","HCU",,53,216,248,57,44,9,0,4,36,38,19,30,7,2,4,3,7,0,0.263888888,"Jeremy Rader","sa3040379",
2026,"Joseph Zamora","APP",23,44,144,184,38,26,8,3,1,38,27,20,18,11,5,4,3,6,2,0.263888888,"Joseph Zamora","sa3045793",
2026,"Shane Andrus","ME",20,42,144,175,38,28,5,0,5,28,24,26,27,1,3,1,1,0,1,0.263888888,"Shane Andrus","sa3074196",
2026,"Christian LaMothe","SBU",,46,163,186,43,32,7,2,2,29,23,17,46,2,1,3,2,0,0,0.26380368,"Christian LaMothe","sa3070554",
2026,"Bobby Lavely","SPU",,46,163,189,43,30,5,0,8,19,27,22,54,3,1,0,2,2,2,0.26380368,"Bobby Lavely","sa3074336",
2026,"Ben Fishel","COLU",20,41,148,175,39,33,6,0,0,24,16,15,23,11,1,0,2,5,6,0.263513513,"Ben Fishel","sa3065296",
2026,"Matt Thorsen","SIE",,46,167,197,44,30,10,1,3,25,29,27,60,3,0,0,0,18,1,0.263473053,"Matt Thorsen","sa3071454",
2026,"Talmadge LeCroy","SC",23,57,205,245,54,37,9,0,8,30,31,30,39,6,1,3,3,1,2,0.263414634,"Talmadge LeCroy","sa3036138",
2026,"Jake McCarter","HPU",23,56,224,246,59,34,8,2,15,38,52,14,62,6,2,0,5,4,5,0.263392857,"Jake McCarter","sa3059955",
2026,"Evan Meier","MSM",,47,171,207,45,38,4,0,3,34,18,25,32,7,2,2,0,15,2,0.263157894,"Evan Meier","sa3037800",
2026,"Dawson Santana","SDSU",21,60,209,271,55,48,5,1,1,54,32,44,27,12,3,3,6,11,3,0.263157894,"Dawson Santana","sa3041538",
2026,"Damion Kenealy","LIP",,53,190,211,50,39,8,1,2,26,33,11,24,6,2,2,4,3,1,0.263157894,"Damion Kenealy","sa3059663",
2026,"Jayden Walker","MERC",,47,171,208,45,31,12,1,1,43,29,30,22,4,3,0,0,6,1,0.263157894,"Jayden Walker","sa3065162",
2026,"Braeden Smith","COFC",22,44,152,171,40,26,8,3,3,26,19,10,34,7,2,0,4,3,1,0.263157894,"Braeden Smith","sa3071309",
2026,"Trotter Enright","LBSU",21,52,194,238,51,42,9,0,0,21,31,36,32,4,2,2,8,3,1,0.262886597,"Trotter Enright","sa3059133",
2026,"Wesley Scott","LT",20,56,175,219,46,32,7,0,7,36,31,34,42,6,1,3,5,5,4,0.262857142,"Wesley Scott","sa3071251",
2026,"Charlie Isom-McCall","LIN",,50,198,229,52,41,8,0,3,32,24,25,29,4,1,1,2,19,7,0.262626262,"Charlie Isom-McCall","sa3059573",
2026,"Dustin Robinson","WSU",21,55,179,211,47,21,19,1,6,24,40,19,69,10,2,1,2,7,3,0.262569832,"Dustin Robinson","sa3071140",
2026,"Owen Walewander","LEH",22,44,160,188,42,23,9,0,10,28,38,15,38,10,2,1,3,1,2,0.2625,"Owen Walewander","sa3044650",
2026,"Charlie Criscola","NE",19,41,141,169,37,26,8,2,1,27,30,23,32,1,2,2,0,23,4,0.262411347,"Charlie Criscola","sa3069876",
2026,"Evan Griffis","ARST",22,53,202,233,53,27,14,2,10,36,49,26,49,1,4,0,3,3,3,0.262376237,"Evan Griffis","sa3032716",
2026,"Jack Runsick","CARK",,57,202,247,53,36,9,2,6,38,43,25,32,11,6,3,1,7,3,0.262376237,"Jack Runsick","sa3071187",
2026,"Caden Sheridan","MORE",,50,183,223,48,27,9,0,12,32,41,28,29,6,4,2,6,4,1,0.262295081,"Caden Sheridan","sa3060568",
2026,"Walker Fox","WCU",20,56,183,225,48,26,13,0,9,43,49,22,51,15,4,1,3,2,1,0.262295081,"Walker Fox","sa3070106",
2026,"Trent Liolios","TULN",23,52,164,200,43,26,14,0,3,30,36,26,28,2,2,6,4,4,0,0.262195121,"Trent Liolios","sa3036371",
2026,"Brody Block","UVU",22,50,164,192,43,29,9,1,4,29,34,19,44,4,4,1,1,8,2,0.262195121,"Brody Block","sa3058659",
2026,"Reece McCarthy","MASS",20,46,164,208,43,35,4,0,4,38,27,36,37,4,3,1,2,11,0,0.262195121,"Reece McCarthy","sa3066217",
2026,"Sky Collins","FRES",,52,206,234,54,38,8,2,6,35,39,13,66,11,2,2,3,14,2,0.262135922,"Sky Collins","sa3029197",
2026,"Rintaro Sasaki","STAN",21,54,206,258,54,27,11,0,16,47,47,45,50,5,2,0,5,0,1,0.262135922,"Rintaro Sasaki","sa3060492",
2026,"Parker Coley","WKU",23,48,145,169,38,26,9,2,1,21,17,14,30,3,2,5,4,18,4,0.262068965,"Parker Coley","sa3029161",
2026,"Tyler Ellis","LIN",20,44,145,163,38,22,11,0,5,17,24,8,39,6,3,1,3,0,0,0.262068965,"Tyler Ellis","sa3059128",
2026,"Fredy Diaz","DAV",20,47,145,179,38,26,10,0,2,23,23,11,35,17,0,6,1,8,2,0.262068965,"Fredy Diaz","sa3066673",
2026,"Drue Saenz","USI",,42,145,161,38,30,5,1,2,21,25,9,20,4,2,1,5,2,1,0.262068965,"Drue Saenz","sa3071200",
2026,"Cal Schembra","VAL",19,50,187,210,49,26,12,4,7,37,33,21,48,0,0,2,2,9,2,0.262032085,"Cal Schembra","sa3071228",
2026,"Randy Seymour","MSU",22,56,229,250,60,32,10,2,16,34,55,10,59,9,2,0,2,4,4,0.262008733,"Randy Seymour","sa3042030",
2026,"Cord Dobrinski","LIU",,42,126,175,33,16,6,2,9,48,34,29,51,15,0,5,0,19,2,0.261904761,"Cord Dobrinski","sa3059059",
2026,"Alex McCranie","TOL",21,48,149,192,39,31,7,0,1,34,27,28,26,8,5,2,5,3,3,0.261744966,"Alex McCranie","sa3070735",
2026,"Jaquae Stewart","TXST",21,61,214,263,56,32,6,2,16,48,54,33,66,14,2,0,7,0,2,0.261682242,"Jaquae Stewart","sa3066241",
2026,"Axel Melendez","ETSU",,48,172,192,45,28,11,3,3,32,31,13,45,4,2,1,2,12,4,0.261627906,"Axel Melendez","sa3060012",
2026,"Tommy Meluskey","NMSU",22,43,130,162,34,22,4,4,4,25,22,26,36,4,2,0,0,10,3,0.261538461,"Tommy Meluskey","sa3060014",
2026,"Collin Anderson","DUKE",18,44,153,174,40,26,7,1,6,27,23,14,49,5,2,0,3,9,1,0.261437908,"Collin Anderson","sa3074705",
2026,"Sean Darnell","TROY",22,71,241,300,63,46,9,3,5,50,50,42,58,10,4,3,6,6,1,0.261410788,"Sean Darnell","sa3058991",
2026,"Mikey Boyd","FRES",19,51,176,209,46,27,12,2,5,36,39,25,28,6,2,0,1,6,3,0.261363636,"Mikey Boyd","sa3069649",
2026,"Ryan Novak","M-OH",21,54,199,268,52,24,14,1,13,57,59,45,44,16,8,0,6,4,1,0.261306532,"Ryan Novak","sa3038945",
2026,"Matt Vannoy","DAV",19,53,199,265,52,43,6,1,2,51,21,44,57,17,0,5,2,11,2,0.261306532,"Matt Vannoy","sa3071519",
2026,"Frankie Ferrentino","CCSU",23,38,134,160,35,21,10,0,4,28,30,13,15,11,2,0,6,0,0,0.261194029,"Frankie Ferrentino","sa3031274",
2026,"Blaine French","PAC",23,49,134,161,35,27,7,0,1,17,22,14,28,8,0,5,4,4,0,0.261194029,"Blaine French","sa3059237",
2026,"Donavan Canterberry","XAV",23,49,157,180,41,34,7,0,0,28,11,13,34,8,1,1,3,1,1,0.261146496,"Donavan Canterberry","sa3028373",
2026,"Johnny Sweeney","UPST",,62,203,279,53,28,10,2,13,53,56,40,59,31,5,0,2,3,1,0.261083743,"Johnny Sweeney","sa3043394",
2026,"Dayton Murphy","MSU",20,50,184,205,48,39,5,3,1,23,22,9,30,10,1,1,2,4,1,0.260869565,"Dayton Murphy","sa3065099",
2026,"JJ Moran","STAN",20,54,207,238,54,31,13,2,8,38,41,17,58,10,4,0,2,6,3,0.260869565,"JJ Moran","sa3065578",
2026,"Wes Baker","SHSU",,48,138,182,36,21,7,0,8,28,39,37,43,3,3,1,7,3,2,0.260869565,"Wes Baker","sa3069543",
2026,"Blake Fields","HOU",,55,184,230,48,35,10,0,3,33,26,34,29,7,4,1,4,6,5,0.260869565,"Blake Fields","sa3070078",
2026,"Brady Gold","WOF",,45,138,163,36,21,8,2,5,28,21,16,24,4,0,5,0,7,2,0.260869565,"Brady Gold","sa3070179",
2026,"Trent Adelman","VCU",21,63,211,257,55,42,7,1,5,32,43,22,46,13,1,10,4,7,4,0.260663507,"Trent Adelman","sa3025777",
2026,"Karson Bowen","FLA",21,55,211,249,55,35,11,2,7,41,33,28,40,5,5,0,4,0,0,0.260663507,"Karson Bowen","sa3027471",
2026,"Jackson Rooker","TNTC",,48,165,200,43,36,6,0,1,33,23,27,38,3,0,5,4,19,1,0.26060606,"Jackson Rooker","sa3060422",
2026,"Henry Hayman","AKR",,43,142,162,37,26,8,0,3,24,21,10,33,7,2,1,1,3,0,0.26056338,"Henry Hayman","sa3033458",
2026,"Will Craddock","SC",19,51,192,221,50,29,10,1,10,36,29,12,69,16,1,0,3,2,0,0.260416666,"Will Craddock","sa3073939",
2026,"TJ Pompey","ARK",21,59,196,225,51,31,4,1,15,47,39,21,88,6,1,1,2,18,3,0.260204081,"TJ Pompey","sa3040060",
2026,"Hank Gomric","SLU",20,54,196,237,51,34,10,3,4,31,33,34,41,3,4,0,1,6,0,0.260204081,"Hank Gomric","sa3059320",
2026,"Cam Morrison","STO",,37,123,142,32,24,6,0,2,19,13,11,30,6,2,0,4,4,1,0.260162601,"Cam Morrison","sa3038400",
2026,"Colin Sloan","YALE",21,46,173,209,45,37,6,0,2,29,41,11,31,14,4,7,0,10,6,0.260115606,"Colin Sloan","sa3042437",
2026,"Brett Barber","UNCO",,46,173,200,45,37,7,1,0,28,13,15,20,5,1,6,3,10,2,0.260115606,"Brett Barber","sa3058550",
2026,"Cage McCloud","TAR",20,54,200,236,52,34,6,2,10,38,40,15,57,15,4,2,1,11,2,0.26,"Cage McCloud","sa3070728",
2026,"Jack Kent","GW",,49,177,208,46,38,7,0,1,29,17,20,40,7,1,3,1,9,3,0.259887005,"Jack Kent","sa3070501",
2026,"Nickolas Mora","IONA",,39,127,151,33,26,5,0,2,19,26,15,19,4,2,3,0,9,2,0.259842519,"Nickolas Mora","sa3038328",
2026,"Terrence Kiel II","TA&M",20,46,127,160,33,27,6,0,0,38,12,24,19,6,1,2,2,10,1,0.259842519,"Terrence Kiel II","sa3059676",
2026,"Braden Sullivan","MASS",,41,154,181,40,30,3,1,6,28,16,25,31,0,0,2,4,8,0,0.259740259,"Braden Sullivan","sa3043304",
2026,"Cade Corcoran","SHSU",,58,208,259,54,36,11,0,7,38,36,43,61,5,3,0,5,4,2,0.259615384,"Cade Corcoran","sa3069849",
2026,"Joey Milto","CMU",22,41,158,177,41,24,10,1,6,25,23,16,35,3,0,0,1,9,1,0.25949367,"Joey Milto","sa3038113",
2026,"Christian Smith-Johnson","AMCC",21,48,158,188,41,30,5,3,3,35,27,17,38,7,0,6,2,22,3,0.25949367,"Christian Smith-Johnson","sa3042512",
2026,"Zach Selfon","BUCK",21,51,185,221,48,44,4,0,0,28,23,22,23,9,1,4,4,1,1,0.259459459,"Zach Selfon","sa3041961",
2026,"Ryan Costello","MD",20,49,185,234,48,23,10,0,15,45,59,41,29,4,4,0,2,0,0,0.259459459,"Ryan Costello","sa3058933",
2026,"Easton Richter","MINN",22,52,212,236,55,22,16,2,15,54,47,18,51,3,2,1,1,18,2,0.259433962,"Easton Richter","sa3040720",
2026,"Gus Gregory","WRST",22,48,162,191,42,29,5,1,7,30,28,19,40,8,2,0,3,8,3,0.259259259,"Gus Gregory","sa3032688",
2026,"Victor Izquierdo","NAVY",,49,189,220,49,30,10,4,5,36,32,21,24,7,2,1,4,18,3,0.259259259,"Victor Izquierdo","sa3034471",
2026,"Luke Jenkins","UNCG",23,48,162,194,42,29,6,1,6,34,32,25,40,2,1,4,1,6,3,0.259259259,"Luke Jenkins","sa3034641",
2026,"Brayden Randle","MISS",21,51,162,189,42,31,6,1,4,24,23,17,34,5,3,2,3,5,2,0.259259259,"Brayden Randle","sa3040447",
2026,"Jackson Golden","MRSH",20,47,162,183,42,31,8,1,2,23,21,11,25,7,1,2,6,0,0,0.259259259,"Jackson Golden","sa3059313",
2026,"Keagen Jirschele","SDST",20,51,162,196,42,29,9,2,2,33,20,19,55,10,2,3,1,7,2,0.259259259,"Keagen Jirschele","sa3065061",
2026,"Josh Campos","LIB",22,64,216,262,56,30,13,1,12,53,51,33,72,9,2,2,5,6,2,0.259259259,"Josh Campos","sa3069734",
2026,"Drew McConnell","EVAN",20,54,193,235,50,34,14,1,1,30,33,29,61,9,3,1,0,4,4,0.259067357,"Drew McConnell","sa3065564",
2026,"Dante Smith","NDSU",19,39,166,187,43,32,6,2,3,26,26,14,53,2,1,4,0,13,2,0.259036144,"Dante Smith","sa3060606",
2026,"DJ Massey","UVU",23,42,112,153,29,23,5,0,1,36,13,28,30,11,0,2,4,10,6,0.258928571,"DJ Massey","sa3059944",
2026,"Aiden Ciprian","IONA",,38,112,140,29,25,3,1,0,16,9,16,28,9,0,3,4,5,1,0.258928571,"Aiden Ciprian","sa3069801",
2026,"Teige Lethert","VCU",23,55,197,232,51,32,14,0,5,34,32,21,44,6,0,8,6,2,0,0.258883248,"Teige Lethert","sa3036259",
2026,"Cole Katayama-Stall","PORT",20,51,174,218,45,23,11,1,10,31,39,37,55,5,2,0,2,13,2,0.258620689,"Cole Katayama-Stall","sa3059649",
2026,"JR Nelson","ILL",21,53,147,202,38,28,7,0,3,25,29,34,22,10,5,6,3,4,1,0.258503401,"JR Nelson","sa3038753",
2026,"Cam McGugan","UNH",,41,147,166,38,32,4,0,2,19,17,14,18,0,2,3,1,0,1,0.258503401,"Cam McGugan","sa3074362",
2026,"Samuel Fernandez","STET",19,52,178,196,46,33,5,0,8,24,35,12,50,4,2,0,3,0,0,0.258426966,"Samuel Fernandez","sa3070074",
2026,"Braylen Blomquist","WRST",,53,209,243,54,40,5,3,6,36,33,16,28,13,2,3,1,4,1,0.258373205,"Braylen Blomquist","sa3065261",
2026,"Sean Cody","UIC",19,57,209,241,54,43,9,1,1,30,23,20,41,4,1,7,2,10,2,0.258373205,"Sean Cody","sa3069813",
2026,"Terrell Milliner","COPP",,47,120,158,31,22,4,2,3,32,23,19,28,18,0,1,2,4,0,0.258333333,"Terrell Milliner","sa3074371",
2026,"Jackson Bessette","PUR",22,53,151,192,39,24,10,0,5,35,32,27,21,8,2,4,5,1,1,0.258278145,"Jackson Bessette","sa3027091",
2026,"Tate Schmidt","MILW",20,49,151,177,39,35,3,0,1,26,13,23,42,1,0,2,2,4,3,0.258278145,"Tate Schmidt","sa3060514",
2026,"Brady Boles","TXST",20,54,151,185,39,32,5,0,2,19,17,20,28,8,1,5,0,4,0,0.258278145,"Brady Boles","sa3069628",
2026,"Boston Vest","NMSU",20,54,182,243,47,35,9,1,2,45,36,25,32,24,5,7,6,9,2,0.258241758,"Boston Vest","sa3060840",
2026,"Josh McClintock","WIU",21,50,182,206,47,32,10,0,5,33,21,12,50,8,1,3,1,6,4,0.258241758,"Josh McClintock","sa3070727",
2026,"Ryan Perez","LAS",,41,124,157,32,21,7,1,3,26,21,28,17,3,1,1,2,4,3,0.258064516,"Ryan Perez","sa3039721",
2026,"Coltin Quagliano","DUKE",23,56,186,213,48,41,6,0,1,42,13,18,37,5,1,3,5,7,3,0.258064516,"Coltin Quagliano","sa3040312",
2026,"Alec Rodriguez","DSU",,45,155,185,40,22,8,2,8,19,32,20,28,3,6,1,0,1,1,0.258064516,"Alec Rodriguez","sa3040962",
2026,"JT Taylor","NCAT",21,47,155,189,40,26,10,0,4,39,22,27,39,6,1,0,3,8,2,0.258064516,"JT Taylor","sa3043574",
2026,"Casey Cerruto","UNH",,43,155,181,40,35,5,0,0,16,23,18,22,2,4,2,5,3,0,0.258064516,"Casey Cerruto","sa3074230",
2026,"Eddie Garza","TNTC",23,55,190,229,49,37,8,1,3,25,27,21,22,7,6,5,10,2,0,0.257894736,"Eddie Garza","sa3032021",
2026,"Kaleb Duncan","WICH",23,53,159,198,41,29,9,0,3,36,24,19,42,14,3,3,5,8,2,0.257861635,"Kaleb Duncan","sa3059096",
2026,"Ashton Larson","TEX",21,56,128,172,33,25,7,0,1,21,16,36,35,5,2,1,4,3,0,0.2578125,"Ashton Larson","sa3035995",
2026,"Will Flanigan","UIC",23,50,163,219,42,27,7,1,7,34,21,38,26,12,1,5,2,4,0,0.257668711,"Will Flanigan","sa3059194",
2026,"Michael Whooley","VILL",22,49,198,230,51,34,10,1,6,35,29,26,40,1,5,0,0,16,3,0.257575757,"Michael Whooley","sa3045159",
2026,"David Gibbs","UCR",,47,132,158,34,31,2,1,0,19,16,19,28,3,0,4,2,4,3,0.257575757,"David Gibbs","sa3065041",
2026,"Seth Buchanan","VMI",22,51,167,206,43,31,8,0,4,36,30,29,42,7,2,1,2,15,5,0.257485029,"Seth Buchanan","sa3027943",
2026,"Ethan Melton","USA",21,51,167,193,43,24,18,1,0,35,20,12,45,8,1,5,1,7,0,0.257485029,"Ethan Melton","sa3037829",
2026,"Tye Wood","TULN",23,56,202,256,52,34,15,0,3,45,29,35,34,11,4,4,2,19,3,0.257425742,"Tye Wood","sa3045546",
2026,"Will Moore","IU",21,52,175,233,45,36,5,0,4,48,23,35,46,18,2,3,2,3,3,0.257142857,"Will Moore","sa3060079",
2026,"Anthony Marnell IV","SDSU",21,52,175,203,45,30,11,0,4,24,30,19,67,3,4,2,0,2,0,0.257142857,"Anthony Marnell IV","sa3070683",
2026,"James Schaffer","STBK",,49,148,189,38,33,4,0,1,21,22,22,23,8,1,10,0,10,4,0.256756756,"James Schaffer","sa3065406",
2026,"Joshua Caldwell","UMES",,41,113,154,29,21,5,1,2,18,11,26,21,12,1,2,2,2,0,0.256637168,"Joshua Caldwell","sa3058795",
2026,"David Dubrule","ARMY",,41,113,132,29,24,5,0,0,15,12,8,18,4,0,7,1,5,0,0.256637168,"David Dubrule","sa3069981",
2026,"Mark Gialluisi","VILL",22,46,152,178,39,27,7,0,5,25,27,13,24,11,1,1,3,3,3,0.256578947,"Mark Gialluisi","sa3067109",
2026,"Spencer Barnett","PSU",21,43,156,178,40,22,7,1,10,27,20,20,47,0,1,1,4,4,4,0.256410256,"Spencer Barnett","sa3026605",
2026,"Preston Knott","UTA",23,43,156,181,40,23,10,2,5,30,20,20,33,1,2,2,1,6,2,0.256410256,"Preston Knott","sa3035561",
2026,"Chris Marcellus","GRAM",22,46,156,192,40,29,6,0,5,29,30,30,32,4,2,0,3,3,1,0.256410256,"Chris Marcellus","sa3037021",
2026,"Amman Dewberry","PRES",22,56,199,222,51,32,7,1,11,32,36,20,65,3,0,0,1,1,4,0.256281407,"Amman Dewberry","sa3030237",
2026,"Aidan Rice","DAV",22,41,121,150,31,24,5,0,2,20,16,16,41,7,3,3,0,1,1,0.256198347,"Aidan Rice","sa3040681",
2026,"Scott Campbell","UK",,45,121,152,31,18,9,1,3,22,26,11,49,13,2,5,1,13,1,0.256198347,"Scott Campbell","sa3058803",
2026,"Ignacio Gonzalez","M-OH",,52,203,240,52,35,7,0,10,38,50,30,69,4,1,2,2,2,2,0.256157635,"Ignacio Gonzalez","sa3059323",
2026,"Brayden Fraasman","NCSU",22,52,164,183,42,29,9,2,2,30,30,13,42,0,5,1,4,8,2,0.25609756,"Brayden Fraasman","sa3059220",
2026,"Auggie Gutierrez","UCI",22,41,125,171,32,26,5,0,1,21,20,27,34,7,3,9,3,5,0,0.256,"Auggie Gutierrez","sa3032875",
2026,"Reese Robinett","ARK",23,54,172,205,44,27,13,0,4,26,28,27,48,5,0,1,1,4,1,0.255813953,"Reese Robinett","sa3040917",
2026,"Eddison Esquivel","SF",20,58,219,264,56,40,13,0,3,30,26,32,55,12,1,0,3,3,0,0.255707762,"Eddison Esquivel","sa3059143",
2026,"Simon Landry","HC",,39,133,158,34,27,6,0,1,28,17,19,32,2,1,3,1,12,4,0.255639097,"Simon Landry","sa3066984",
2026,"Michael Sprockett","BEL",23,51,180,208,46,29,10,0,7,24,28,20,36,7,1,0,0,4,1,0.255555555,"Michael Sprockett","sa3042878",
2026,"Alex Leopard","UCSD",23,53,180,231,46,30,10,1,5,43,25,38,46,13,0,0,2,5,2,0.255555555,"Alex Leopard","sa3059798",
2026,"Jared Hall","ELON",,52,180,220,46,30,8,3,5,32,31,27,55,10,1,2,3,17,1,0.255555555,"Jared Hall","sa3070254",
2026,"Bryce Clavon","CLEM",20,42,137,165,35,23,6,1,5,21,18,16,37,8,1,3,4,9,4,0.255474452,"Bryce Clavon","sa3065783",
2026,"Ryan Jones","ACU",21,51,137,185,35,17,14,0,4,25,19,27,45,18,1,2,3,3,2,0.255474452,"Ryan Jones","sa3070463",
2026,"Cadyn Karl","KSU",22,48,141,165,36,18,11,0,7,32,31,14,52,6,2,2,3,14,1,0.255319148,"Cadyn Karl","sa3035081",
2026,"Matt Hansen","BYU",21,48,141,173,36,22,9,1,4,23,21,25,51,6,0,1,1,0,0,0.255319148,"Matt Hansen","sa3059408",
2026,"Xander McAfee","UTA",22,51,188,225,48,27,14,0,7,26,41,20,43,12,4,1,5,2,3,0.255319148,"Xander McAfee","sa3059951",
2026,"Nick Ungania","UNH",22,41,141,183,36,31,5,0,0,32,14,29,22,2,3,8,1,12,1,0.255319148,"Nick Ungania","sa3074443",
2026,"Grant McGuire","WIN",20,44,145,172,37,33,3,0,1,25,23,14,34,10,3,0,5,4,1,0.255172413,"Grant McGuire","sa3070746",
2026,"Logan Baratta","JAX",19,54,196,230,50,35,8,3,4,32,30,27,30,3,2,2,2,5,3,0.25510204,"Logan Baratta","sa3069553",
2026,"Nick Weaver","EMU",,43,149,175,38,25,10,0,3,17,20,14,35,6,1,5,2,4,0,0.255033557,"Nick Weaver","sa3071570",
2026,"Kendyl Johnson","TAR",20,59,200,252,51,36,11,1,3,46,20,38,65,11,0,3,2,17,4,0.255,"Kendyl Johnson","sa3062856",
2026,"Jackson Halter","MRSH",23,53,208,246,53,29,12,1,11,36,52,21,43,11,6,0,6,2,5,0.254807692,"Jackson Halter","sa3033059",
2026,"Trae Cassidy","MEM",21,48,157,190,40,31,7,0,2,26,27,27,35,4,2,0,5,5,3,0.25477707,"Trae Cassidy","sa3028599",
2026,"Jett Ruby","FRES",,52,161,204,41,35,4,1,1,29,17,33,17,6,3,1,3,2,3,0.254658385,"Jett Ruby","sa3041249",
2026,"Will Tippett","COFC",23,50,161,194,41,20,12,0,9,32,30,20,45,7,4,2,0,8,2,0.254658385,"Will Tippett","sa3043854",
2026,"Charlie Walsh","GW",,44,161,185,41,24,11,2,4,28,26,17,38,4,0,3,1,4,2,0.254658385,"Charlie Walsh","sa3060861",
2026,"Darrius Brown","UMES",,46,165,202,42,29,7,1,5,33,22,22,46,11,1,3,2,14,2,0.254545454,"Darrius Brown","sa3027813",
2026,"Cole Constable","QUIN",,38,114,155,29,24,3,0,2,22,18,24,16,8,3,6,2,11,2,0.254385964,"Cole Constable","sa3058918",
2026,"Tanner Hardin","WOF",20,42,114,153,29,22,6,0,1,23,23,24,18,8,3,4,3,8,3,0.254385964,"Tanner Hardin","sa3059410",
2026,"Lee Ellis","OSU",21,48,173,218,44,21,12,4,7,39,32,20,61,16,4,5,1,17,2,0.25433526,"Lee Ellis","sa3030900",
2026,"Jason Green","NIA",,48,173,202,44,26,9,2,7,20,38,20,62,4,3,2,0,1,0,0.25433526,"Jason Green","sa3032664",
2026,"Connor Crowson","TNTC",,50,177,216,45,32,7,2,4,22,28,30,41,5,2,2,4,1,1,0.254237288,"Connor Crowson","sa3069885",
2026,"Sohrab Rezaei","BRAD",21,53,185,244,47,42,4,0,1,32,18,39,41,13,5,2,2,11,7,0.254054054,"Sohrab Rezaei","sa3073787",
2026,"Alex Bemis","OSU",21,54,193,244,49,31,9,1,8,47,35,35,50,12,2,2,0,8,7,0.25388601,"Alex Bemis","sa3069595",
2026,"Zac Butler","WRST",,43,134,167,34,25,6,1,2,25,15,17,29,12,2,2,2,1,1,0.253731343,"Zac Butler","sa3058783",
2026,"Nic Pepe","ME",23,42,138,191,35,25,3,0,7,26,28,34,28,13,5,1,3,4,0,0.253623188,"Nic Pepe","sa3070986",
2026,"Smith Chandler","LBSU",,41,142,166,36,28,4,1,3,20,24,19,37,3,0,2,3,7,3,0.253521126,"Smith Chandler","sa3028738",
2026,"Jonathan Rodriguez","UMES",,41,142,162,36,29,6,0,1,15,18,12,27,6,0,2,1,3,0,0.253521126,"Jonathan Rodriguez","sa3065950",
2026,"Colin Sander","INST",19,38,142,174,36,21,7,3,5,29,28,18,22,4,4,6,0,2,1,0.253521126,"Colin Sander","sa3075590",
2026,"Cooper Nicholson","UNC",21,69,221,295,56,24,14,1,17,54,53,45,67,25,3,1,4,1,0,0.253393665,"Cooper Nicholson","sa3070879",
2026,"Kai Mault","UCD",,47,154,179,39,28,7,2,2,17,25,16,44,4,2,3,1,3,0,0.253246753,"Kai Mault","sa3070710",
2026,"Joe Dwyer","SPU",23,44,154,177,39,34,4,0,1,21,14,19,32,1,1,2,2,10,4,0.253246753,"Joe Dwyer","sa3075216",
2026,"Xavier Esquer","UCSB",22,52,158,187,40,25,9,2,4,27,31,18,39,6,1,4,4,2,2,0.253164556,"Xavier Esquer","sa3031032",
2026,"Carter Hewitt","ARMY",,46,158,188,40,29,9,0,2,22,29,16,37,11,1,2,1,3,0,0.253164556,"Carter Hewitt","sa3033743",
2026,"Jack Stead","NJIT",21,42,158,181,40,26,9,1,4,24,30,13,31,5,2,3,0,2,0,0.253164556,"Jack Stead","sa3042990",
2026,"Ryan Taylor","PENN",22,41,158,192,40,30,6,3,1,39,22,32,43,1,0,1,3,36,2,0.253164556,"Ryan Taylor","sa3043586",
2026,"Jimmy Nati","STAN",22,45,162,188,41,25,8,0,8,25,32,18,44,5,3,0,6,7,1,0.253086419,"Jimmy Nati","sa3038690",
2026,"Colin Hynek","UNC",23,69,249,289,63,33,17,3,10,49,59,29,64,6,5,0,4,1,0,0.253012048,"Colin Hynek","sa3034393",
2026,"Antonio Cordeiro","SBU",21,50,174,212,44,26,10,1,7,24,34,23,38,9,3,3,8,2,0,0.252873563,"Antonio Cordeiro","sa3029376",
2026,"RJ Mustaro","MONM",,50,178,208,45,27,10,1,7,27,34,19,54,7,4,0,6,10,2,0.252808988,"RJ Mustaro","sa3070848",
2026,"Levi McAllister","ALB",23,46,182,199,46,38,6,0,2,28,30,14,50,3,0,0,4,1,2,0.252747252,"Levi McAllister","sa3037417",
2026,"Owen Petrich","VT",23,54,186,211,47,28,12,1,6,34,32,19,33,2,3,1,6,4,1,0.252688172,"Owen Petrich","sa3039820",
2026,"Johnny Lemm","ALA",,58,194,240,49,29,9,1,10,43,34,34,55,10,1,1,1,1,0,0.252577319,"Johnny Lemm","sa3059794",
2026,"Robert Mansour","SJU",,61,210,249,53,48,5,0,0,36,26,20,27,11,2,6,10,0,0,0.252380952,"Robert Mansour","sa3070669",
2026,"KJ Scobey","SC",21,57,222,244,56,30,16,1,9,24,36,19,58,0,3,0,2,0,2,0.252252252,"KJ Scobey","sa3060533",
2026,"Blaze Rodriguez","UL",19,66,230,284,58,47,10,1,0,42,22,39,41,7,0,8,3,15,10,0.252173913,"Blaze Rodriguez","sa3071142",
2026,"TJ Swidorski","COR",,36,119,144,30,20,6,0,4,16,25,6,37,10,2,7,0,0,2,0.25210084,"TJ Swidorski","sa3043412",
2026,"Owen Turner","YALE",20,38,119,151,30,17,9,3,1,20,15,16,40,9,2,5,2,5,2,0.25210084,"Owen Turner","sa3066246",
2026,"Mateo Garcia","SCU",22,48,123,146,31,12,16,2,1,19,13,12,24,8,2,1,3,0,0,0.25203252,"Mateo Garcia","sa3059272",
2026,"Tommy Googins","PRIN",21,38,131,149,33,23,6,1,3,18,17,14,47,3,0,1,1,1,3,0.251908396,"Tommy Googins","sa3032471",
2026,"Cade Norton","WIN",19,45,139,170,35,27,3,2,3,30,24,11,35,11,5,4,0,11,1,0.251798561,"Cade Norton","sa3065947",
2026,"Austin Jacobs","UCF",20,45,143,172,36,31,3,1,1,25,22,18,33,3,0,8,3,4,0,0.251748251,"Austin Jacobs","sa3070417",
2026,"Keegan Knupp","EMU",19,45,143,165,36,32,2,0,2,20,15,14,21,4,0,4,5,7,2,0.251748251,"Keegan Knupp","sa3073740",
2026,"Hunter Meyer","CSUF",19,42,147,164,37,31,6,0,0,18,13,11,41,1,1,4,2,2,1,0.25170068,"Hunter Meyer","sa3070775",
2026,"Boden Fernsler","LAF",,43,151,174,38,16,12,2,8,24,26,11,58,9,1,2,0,3,3,0.251655629,"Boden Fernsler","sa3065531",
2026,"Kanoa Morisaki","CSUB",20,51,155,194,39,22,12,1,4,28,28,29,42,8,1,1,1,3,4,0.251612903,"Kanoa Morisaki","sa3038380",
2026,"Jack McMullan","LONG",,49,155,194,39,25,9,1,4,21,27,26,49,5,1,7,0,3,1,0.251612903,"Jack McMullan","sa3066768",
2026,"Maximo Martinez","USC",20,46,159,191,40,27,10,0,3,33,22,23,40,5,1,3,0,1,3,0.251572327,"Maximo Martinez","sa3066387",
2026,"Zack Horky","BGSU",23,48,163,181,41,25,8,2,6,26,25,12,69,3,2,1,1,10,5,0.251533742,"Zack Horky","sa3034088",
2026,"Cooper Loyal","ALB",,48,163,196,41,27,8,4,2,30,15,29,32,2,1,1,2,6,3,0.251533742,"Cooper Loyal","sa3036615",
2026,"Nick Garagozzo","GAST",23,51,171,207,43,27,10,5,1,26,29,27,48,7,1,1,2,4,4,0.251461988,"Nick Garagozzo","sa3031904",
2026,"Brady Shannon","YSU",22,50,175,204,44,21,7,1,15,39,35,22,76,5,2,0,5,12,2,0.251428571,"Brady Shannon","sa3042061",
2026,"Alex Brazer","NKU",,53,179,204,45,29,7,0,9,33,50,19,57,4,0,2,4,4,1,0.251396648,"Alex Brazer","sa3058720",
2026,"Kutter-Gage Webb","RICE",20,58,183,232,46,31,7,0,8,39,37,27,46,13,6,3,2,5,0,0.25136612,"Kutter-Gage Webb","sa3071572",
2026,"Cashel Duggar","UCLA",20,54,191,233,48,33,10,0,5,34,39,32,40,8,2,0,6,0,0,0.2513089,"Cashel Duggar","sa3030631",
2026,"TJ Rogers","SF",24,54,203,249,51,26,12,1,12,38,33,38,73,8,0,0,1,8,0,0.251231527,"TJ Rogers","sa3041061",
2026,"Josh Stonehouse","XAV",19,57,203,248,51,30,8,0,13,41,41,14,64,27,4,0,2,6,0,0.251231527,"Josh Stonehouse","sa3071382",
2026,"Dillon Can","NJIT",,41,144,170,36,27,6,0,3,22,17,15,15,4,3,4,7,1,0,0.25,"Dillon Can","sa3028347",
2026,"Michael DiMartini","DUKE",21,51,184,192,46,27,9,1,9,29,28,7,52,1,0,0,4,14,2,0.25,"Michael DiMartini","sa3030355",
2026,"Gunnar Johnson","BC",23,48,140,169,35,21,12,0,2,15,32,15,35,8,1,5,4,3,1,0.25,"Gunnar Johnson","sa3034753",
2026,"Owen McElfatrick","NU",22,52,204,232,51,28,11,1,11,35,39,26,56,1,1,0,4,4,1,0.25,"Owen McElfatrick","sa3037565",
2026,"Mikey Murphy","CAM",,50,160,194,40,22,11,3,4,40,22,20,52,10,1,3,0,17,2,0.25,"Mikey Murphy","sa3038590",
2026,"William Parker","ARMY",22,46,156,205,39,22,10,0,7,29,40,26,35,19,4,0,0,3,5,0.25,"William Parker","sa3039471",
2026,"Vinny Salvione","BGSU",,39,140,152,35,22,8,1,4,17,22,6,28,2,2,2,3,3,0,0.25,"Vinny Salvione","sa3041457",
2026,"Zachary Scott","UML",,48,168,197,42,35,5,1,1,16,27,22,48,2,1,4,4,5,3,0.25,"Zachary Scott","sa3041874",
2026,"Jack Smith","MRSH",22,38,140,153,35,27,7,0,1,17,22,8,22,1,3,1,5,1,1,0.25,"Jack Smith","sa3042575",
2026,"JC Spinosa","CAN",,41,132,159,33,22,6,3,2,23,21,17,35,7,2,1,0,9,3,0.25,"JC Spinosa","sa3042851",
2026,"Gabe Springer","USD",22,35,116,159,29,15,8,1,5,34,16,21,41,22,0,0,4,8,4,0.25,"Gabe Springer","sa3042873",
2026,"Conner Cunningham","MUR",20,47,164,196,41,27,10,1,3,27,24,19,35,10,2,1,0,3,1,0.25,"Conner Cunningham","sa3058963",
2026,"Sam Grunberg","JAX",,50,184,206,46,32,9,1,4,26,22,12,52,8,2,0,3,2,0,0.25,"Sam Grunberg","sa3059371",
2026,"Alex Hebenstreit","SBU",,41,128,155,32,24,6,0,2,17,16,20,28,5,1,1,2,0,0,0.25,"Alex Hebenstreit","sa3059449",
2026,"Grant MacArthur","PAC",21,52,172,216,43,32,6,0,5,30,33,28,35,10,6,0,8,1,0,0.25,"Grant MacArthur","sa3059880",
2026,"Andrew Rayment","SCU",20,48,132,150,33,22,6,4,1,18,8,11,44,3,1,3,1,12,1,0.25,"Andrew Rayment","sa3060341",
2026,"Grant Watkins","ACU",22,51,196,233,49,17,12,0,20,44,51,28,63,7,2,0,2,1,0,0.25,"Grant Watkins","sa3060879",
2026,"Trevian Martinez","UCSD",20,48,152,198,38,26,10,1,1,27,32,22,36,18,2,4,5,0,0,0.25,"Trevian Martinez","sa3062643",
2026,"Joshua Ibe","SFA",22,44,144,171,36,21,8,0,7,33,27,23,44,2,1,1,9,2,1,0.25,"Joshua Ibe","sa3062852",
2026,"Tate Vogler","COLU",20,35,120,135,30,22,3,1,4,21,14,12,26,2,1,0,3,1,1,0.25,"Tate Vogler","sa3065442",
2026,"Peter Crespo","RID",,41,108,144,27,13,7,1,6,22,24,32,33,3,1,0,1,1,0,0.25,"Peter Crespo","sa3066047",
2026,"Jayden Alvarez","WAG",23,49,136,179,34,24,10,0,0,23,30,24,27,13,1,5,0,8,2,0.25,"Jayden Alvarez","sa3067498",
2026,"Mason Barth","ND",19,49,152,192,38,27,7,0,4,33,25,28,48,9,2,1,1,6,1,0.25,"Mason Barth","sa3069567",
2026,"Will Rudolph","SHU",,45,168,191,42,33,7,0,2,29,21,17,39,5,1,0,2,2,1,0.25,"Will Rudolph","sa3071182",
2026,"Misael Uriepero","YSU",,54,184,216,46,38,8,0,0,24,15,19,56,8,1,4,2,11,4,0.25,"Misael Uriepero","sa3071496",
2026,"Gabriel Wuerth","WES",22,50,176,212,44,31,7,0,6,39,21,21,39,12,0,3,2,3,0,0.25,"Gabriel Wuerth","sa3071665",
2026,"Emilio Feliciano","COPP",,42,152,171,38,34,3,0,1,19,14,13,29,4,1,1,0,4,3,0.25,"Emilio Feliciano","sa3074265",
2026,"Ethan Menard","NWST",,34,132,144,33,22,9,0,2,14,26,11,27,1,0,0,4,1,1,0.25,"Ethan Menard","sa3075667",
2026,"Connor Scanlan","FAIR",,54,209,237,52,37,12,0,3,30,32,21,47,1,5,1,5,2,2,0.248803827,"Connor Scanlan","sa3066091",
2026,"Charlie Meglio","RUTG",21,56,201,243,50,29,9,2,10,40,37,31,46,7,4,0,5,4,0,0.248756218,"Charlie Meglio","sa3037795",
2026,"Tim Dickinson","JOES",22,55,185,237,46,29,11,2,4,32,37,33,40,14,3,2,1,11,1,0.248648648,"Tim Dickinson","sa3030288",
2026,"Ty Sallie","NJIT",,47,185,227,46,36,7,1,2,38,22,33,49,6,2,1,2,20,3,0.248648648,"Ty Sallie","sa3041449",
2026,"Owen Silliman","CAN",,48,173,207,43,25,8,2,8,26,28,26,58,2,4,2,2,17,4,0.248554913,"Owen Silliman","sa3042283",
2026,"Kenyon Hughes","SOU",18,45,157,199,39,33,4,2,0,34,32,25,19,10,2,5,1,4,0,0.248407643,"Kenyon Hughes","sa3070389",
2026,"Abdriel Delgado","JAX",,47,153,182,38,28,7,0,3,25,23,21,37,2,2,4,0,0,0,0.248366013,"Abdriel Delgado","sa3030080",
2026,"Zack Kent","BING",22,45,153,186,38,31,5,1,1,31,20,23,16,6,2,2,1,5,2,0.248366013,"Zack Kent","sa3035287",
2026,"Brandon ONeill","CCSU",20,39,145,157,36,26,8,0,2,24,19,9,43,0,2,1,3,3,0,0.248275862,"Brandon ONeill","sa3066333",
2026,"Tank Sims","SEMO",20,42,145,171,36,29,4,1,2,20,25,21,35,3,1,1,2,0,2,0.248275862,"Tank Sims","sa3071293",
2026,"Zach Anderson","BING",21,46,145,169,36,22,7,0,7,11,23,11,32,8,1,4,5,0,1,0.248275862,"Zach Anderson","sa3074066",
2026,"Gar Hindle","ELON",,51,141,181,35,26,8,0,1,20,23,30,28,5,3,2,3,4,1,0.24822695,"Gar Hindle","sa3074103",
2026,"Ty Barrango","CCU",22,57,137,191,34,29,4,0,1,33,23,26,37,17,0,11,1,8,1,0.248175182,"Ty Barrango","sa3026625",
2026,"Garrett Cutting","YSU",23,38,129,146,32,16,11,0,5,14,19,12,32,4,1,0,3,1,2,0.248062015,"Garrett Cutting","sa3029746",
2026,"John Vitucci","ALB",22,46,129,160,32,29,3,0,0,16,12,29,38,0,2,0,2,10,1,0.248062015,"John Vitucci","sa3044535",
2026,"Alejandro Puig","DART",,39,129,150,32,24,7,1,0,16,12,13,18,7,1,0,3,7,5,0.248062015,"Alejandro Puig","sa3065114",
2026,"Aidan OKeefe","RICH",22,53,125,157,31,25,3,0,3,19,17,24,24,3,1,4,4,3,1,0.248,"Aidan OKeefe","sa3039085",
2026,"Tucker Biehl","AKR",22,44,125,173,31,25,5,1,0,29,10,25,27,10,2,11,5,14,5,0.248,"Tucker Biehl","sa3074069",
2026,"Reese Harmon","OHIO",23,41,121,160,30,25,3,0,2,21,11,28,27,7,1,3,0,5,1,0.247933884,"Reese Harmon","sa3059413",
2026,"Shea Grady","HALL",,35,117,142,29,25,3,1,0,13,14,15,26,5,0,5,2,3,2,0.247863247,"Shea Grady","sa3032556",
2026,"Taeg Gollert","MOST",23,55,222,267,55,25,13,1,16,44,64,30,60,11,4,0,1,3,2,0.247747747,"Taeg Gollert","sa3032373",
2026,"Javon Hernandez","MEM",25,58,222,262,55,39,11,1,4,49,22,27,37,10,0,3,1,27,2,0.247747747,"Javon Hernandez","sa3033678",
2026,"Andrew Marcello","CAN",22,38,105,130,26,21,2,2,1,18,10,10,39,11,1,3,0,8,3,0.247619047,"Andrew Marcello","sa3037020",
2026,"Tyler Bak","SC",21,56,198,233,49,32,9,2,6,30,28,24,60,9,0,2,5,9,1,0.247474747,"Tyler Bak","sa3026422",
2026,"Brady Bean","PORT",21,52,198,234,49,34,10,0,5,40,29,28,49,3,2,3,3,10,5,0.247474747,"Brady Bean","sa3026793",
2026,"Collin Jennings","ILL",21,55,198,246,49,22,8,3,16,55,48,32,59,14,1,1,0,9,1,0.247474747,"Collin Jennings","sa3034651",
2026,"Daylan Pena","MUR",23,60,198,242,49,34,12,0,3,33,35,35,29,6,2,1,2,3,2,0.247474747,"Daylan Pena","sa3039657",
2026,"Preston Curtis","HCU",23,49,174,193,43,23,11,1,8,34,40,13,50,4,2,0,10,0,0,0.247126436,"Preston Curtis","sa3029730",
2026,"Jaden Flores","SIU",,53,174,208,43,27,10,1,5,32,21,13,47,11,5,5,2,10,0,0.247126436,"Jaden Flores","sa3059198",
2026,"Pierre Seals","MIZ",,47,166,186,41,29,6,1,5,23,23,18,56,2,0,0,5,5,2,0.246987951,"Pierre Seals","sa3041890",
2026,"Nick Venteicher","CREI",20,53,166,201,41,34,2,0,5,21,33,17,30,6,6,6,1,8,2,0.246987951,"Nick Venteicher","sa3060839",
2026,"Bruce Jellison","EMU",22,49,162,204,40,32,5,0,3,24,30,27,34,12,2,1,3,1,1,0.24691358,"Bruce Jellison","sa3059588",
2026,"Brandon Stinnett","SEA",21,47,158,180,39,29,6,0,4,20,15,10,35,7,0,5,3,0,0,0.246835443,"Brandon Stinnett","sa3043130",
2026,"Conlon Walker","GW",21,46,158,179,39,28,7,0,4,17,27,13,37,1,4,3,3,3,2,0.246835443,"Conlon Walker","sa3044663",
2026,"Cale Clark","ALST",22,50,158,187,39,33,4,1,1,21,20,19,28,5,1,4,4,0,1,0.246835443,"Cale Clark","sa3069804",
2026,"Jaxon Sorenson","LIB",23,62,231,274,57,42,11,0,4,40,51,29,64,6,6,2,1,4,1,0.246753246,"Jaxon Sorenson","sa3060636",
2026,"Balin Valentine","LAM",,55,146,169,36,28,7,0,1,23,14,16,47,6,0,1,4,4,1,0.246575342,"Balin Valentine","sa3044292",
2026,"Luke Yuhasz","SC",22,45,146,157,36,21,10,0,5,22,20,8,52,1,1,1,1,1,1,0.246575342,"Luke Yuhasz","sa3045769",
2026,"Matt Minckler","DEL",21,49,138,162,34,27,5,0,2,20,14,18,33,2,3,1,3,13,0,0.246376811,"Matt Minckler","sa3060051",
2026,"Cal Fisher","FSU",21,59,199,239,49,35,9,0,5,35,31,22,43,9,3,6,5,1,0,0.246231155,"Cal Fisher","sa3031377",
2026,"Steven Spalitta","UL",21,62,199,237,49,33,9,2,5,33,35,28,39,8,1,1,5,8,8,0.246231155,"Steven Spalitta","sa3042793",
2026,"Edoardo Cornelli","OMA",19,38,130,157,32,24,5,2,1,23,16,18,25,5,0,4,1,4,0,0.246153846,"Edoardo Cornelli","sa3069853",
2026,"Kosei Suzuki","LAS",22,37,130,155,32,18,9,0,5,35,26,13,21,8,2,2,1,6,1,0.246153846,"Kosei Suzuki","sa3071407",
2026,"Thad Ector","GWEB",22,45,126,166,31,22,8,0,1,31,11,30,38,6,1,3,0,17,0,0.246031746,"Thad Ector","sa3030773",
2026,"CJ Richmond","PUR",22,56,187,228,46,26,10,0,10,44,38,27,64,12,2,0,3,5,1,0.245989304,"CJ Richmond","sa3040717",
2026,"John Freitag","VILL",20,37,114,140,28,18,9,0,1,17,18,24,36,1,1,0,0,0,0,0.245614035,"John Freitag","sa3059235",
2026,"Brady Krzciok","CMU",22,47,171,207,42,25,7,1,9,38,40,24,43,5,4,3,3,3,2,0.245614035,"Brady Krzciok","sa3059728",
2026,"Trent Rucker","UIW",,47,171,193,42,29,5,0,8,29,32,13,48,4,2,3,1,8,1,0.245614035,"Trent Rucker","sa3065401",
2026,"Anthony Avalos","HCU",21,50,167,209,41,32,6,1,2,28,15,21,32,15,2,4,2,7,4,0.245508982,"Anthony Avalos","sa3026320",
2026,"Colten Becker","NDSU",23,45,163,202,40,28,5,0,7,28,22,25,60,9,2,3,1,3,6,0.245398773,"Colten Becker","sa3026842",
2026,"Lew Rice","CREI",25,50,159,189,39,30,7,0,2,25,16,21,31,4,3,2,3,5,1,0.245283018,"Lew Rice","sa3060358",
2026,"Andrew Mhoon","LMU",,49,155,183,38,26,7,0,5,29,24,19,40,8,1,0,1,8,0,0.24516129,"Andrew Mhoon","sa3070777",
2026,"Connor Price","GTWN",24,46,151,187,37,21,8,0,8,31,28,22,53,10,3,1,2,2,0,0.245033112,"Connor Price","sa3040196",
2026,"Mike Samarin","MERC",,46,151,194,37,24,7,2,4,25,33,32,36,5,5,1,1,5,2,0.245033112,"Mike Samarin","sa3071206",
2026,"Ryan Bakes","ILST",21,53,192,241,47,22,13,0,12,40,35,30,60,13,5,1,1,6,1,0.244791666,"Ryan Bakes","sa3026457",
2026,"Nico Senese","GASO",21,53,192,209,47,30,12,0,5,22,29,8,31,4,3,2,0,1,0,0.244791666,"Nico Senese","sa3041987",
2026,"Rocco Caballero","SJSU",22,51,192,220,47,34,9,0,4,27,27,12,31,6,4,6,9,1,0,0.244791666,"Rocco Caballero","sa3062821",
2026,"Connor Lawrence","MRST",,45,143,188,35,26,4,1,4,41,28,37,54,7,0,1,1,10,1,0.244755244,"Connor Lawrence","sa3070569",
2026,"Mic Paul","WASH",22,55,184,233,45,31,8,3,3,29,26,43,60,5,0,1,2,11,3,0.244565217,"Mic Paul","sa3039557",
2026,"CJ Deckinga","MSU",19,52,180,207,44,27,11,0,6,29,30,22,47,4,1,0,0,4,0,0.244444444,"CJ Deckinga","sa3069924",
2026,"Chase Ecker","W&M",19,50,176,205,43,37,5,1,0,29,18,17,52,4,3,5,2,27,0,0.244318181,"Chase Ecker","sa3070006",
2026,"Troy Carpenter","ME",,56,213,249,52,28,7,1,16,41,53,28,65,7,1,0,2,3,2,0.244131455,"Troy Carpenter","sa3069749",
2026,"Ryan Recio","RICH",23,48,127,161,31,13,9,0,9,26,28,20,38,8,5,1,3,4,3,0.244094488,"Ryan Recio","sa3040508",
2026,"Dylan Littlefield","EKU",,55,209,247,51,30,9,0,12,37,41,17,42,15,5,1,4,5,1,0.244019138,"Dylan Littlefield","sa3070610",
2026,"Boston Kellner","TA&M",20,55,164,223,40,26,8,1,5,40,30,43,44,10,3,3,4,1,0,0.243902439,"Boston Kellner","sa3070492",
2026,"Justin Santoyo","UNA",,58,201,251,49,33,11,1,4,34,29,28,34,16,4,2,9,0,1,0.243781094,"Justin Santoyo","sa3071216",
2026,"Caylon Dygert","UTA",21,48,119,141,29,20,5,1,3,21,18,16,38,5,1,0,2,3,2,0.243697478,"Caylon Dygert","sa3030720",
2026,"Liam Wilson","HARV",,34,119,133,29,18,9,1,1,16,10,8,45,5,1,0,3,3,0,0.243697478,"Liam Wilson","sa3065165",
2026,"Joey Wright","UCD",,53,156,198,38,27,9,0,2,25,17,26,38,9,3,4,1,6,1,0.243589743,"Joey Wright","sa3045621",
2026,"Luke Filippi","ALB",21,46,152,178,37,28,7,1,1,26,18,20,40,5,1,0,5,5,3,0.243421052,"Luke Filippi","sa3031326",
2026,"Thomas Cooper","VAL",22,48,185,204,45,28,10,0,7,27,24,13,41,6,0,0,2,6,1,0.243243243,"Thomas Cooper","sa3029345",
2026,"Filip Sarota","LIN",24,53,185,210,45,32,11,0,2,28,32,14,36,7,4,0,4,4,1,0.243243243,"Filip Sarota","sa3041576",
2026,"Carter Mottice","BGSU",21,44,148,177,36,27,6,1,2,17,19,18,26,8,1,2,3,7,4,0.243243243,"Carter Mottice","sa3067140",
2026,"Jordan Lodise","UCF",19,55,185,229,45,26,14,0,5,38,29,28,41,2,7,7,0,4,0,0.243243243,"Jordan Lodise","sa3070615",
2026,"Zan Von Schlegell","STMN",22,45,140,173,34,24,8,2,0,26,10,24,30,6,1,2,6,1,0,0.242857142,"Zan Von Schlegell","sa3044566",
2026,"Andrew Manning","NAVY",,49,173,198,42,31,6,3,2,21,29,22,48,2,0,1,1,6,3,0.242774566,"Andrew Manning","sa3036987",
2026,"Jay Slater","NU",20,43,136,156,33,18,8,1,6,17,25,12,25,6,1,1,6,0,0,0.242647058,"Jay Slater","sa3065609",
2026,"Nick Mullen","GW",,49,169,193,41,25,13,1,2,19,23,15,42,6,2,1,0,5,3,0.24260355,"Nick Mullen","sa3038538",
2026,"Tyshon Patty","JKST",21,49,169,199,41,29,10,0,2,26,33,20,30,3,3,4,1,3,0,0.24260355,"Tyshon Patty","sa3039550",
2026,"Brennan Holt","ALA",23,63,202,252,49,38,8,1,2,35,23,32,63,14,2,2,4,15,2,0.242574257,"Brennan Holt","sa3034020",
2026,"Kyler Proctor","APSU",21,52,198,231,48,33,12,1,2,27,30,18,51,7,3,5,4,11,3,0.242424242,"Kyler Proctor","sa3040234",
2026,"Levi Clark","TENN",20,55,194,233,47,21,13,0,13,43,44,26,46,9,4,0,3,2,0,0.242268041,"Levi Clark","sa3058878",
2026,"Caleb Corbin","NDSU",23,44,161,193,39,28,7,1,3,22,18,24,34,7,0,1,3,5,0,0.242236024,"Caleb Corbin","sa3029368",
2026,"Michael Crossland","UCSD",21,40,161,191,39,20,9,0,10,31,25,18,35,6,3,3,2,2,5,0.242236024,"Michael Crossland","sa3029601",
2026,"Colin Richter","MONM",,53,161,211,39,23,8,3,5,40,30,28,55,13,2,7,0,16,6,0.242236024,"Colin Richter","sa3066227",
2026,"Rayfield (Trey) Adams III","ALCN",,48,161,206,39,32,7,0,0,32,22,31,34,12,0,2,3,20,3,0.242236024,"Rayfield (Trey) Adams III","sa3069460",
2026,"Nolan Miller","PORT",19,46,128,151,31,24,5,0,2,19,23,15,31,5,1,2,2,1,0,0.2421875,"Nolan Miller","sa3060046",
2026,"Sergio Rivera","BCU",23,50,157,200,38,33,2,0,3,43,25,28,35,10,1,4,0,25,1,0.242038216,"Sergio Rivera","sa3040844",
2026,"Brent Cota","SJSU",,48,157,191,38,22,11,2,3,19,30,16,35,11,4,3,2,1,3,0.242038216,"Brent Cota","sa3069862",
2026,"Tommy Mathay","QUC",,47,157,171,38,30,7,0,1,12,16,13,33,1,0,0,2,8,1,0.242038216,"Tommy Mathay","sa3070699",
2026,"Robert Pitts Jr.","UCR",,51,186,207,45,29,7,3,6,29,23,15,42,6,0,0,0,10,4,0.241935483,"Robert Pitts Jr.","sa3039970",
2026,"Joey Spence","MILW",23,54,186,216,45,26,14,1,4,28,34,22,51,5,1,2,4,7,2,0.241935483,"Joey Spence","sa3042831",
2026,"Theo Loughlin","DAV",,42,124,158,30,22,7,0,1,20,26,30,45,2,2,0,0,2,0,0.241935483,"Theo Loughlin","sa3070630",
2026,"Owen Jenkins","UK",19,40,149,164,36,29,4,2,1,17,17,5,35,8,0,2,3,9,0,0.241610738,"Owen Jenkins","sa3070436",
2026,"Eli Riley","VAL",24,50,178,211,43,32,10,0,1,24,18,21,41,6,1,5,4,5,4,0.241573033,"Eli Riley","sa3071123",
2026,"Nick LoBello","TOW",22,49,145,171,35,23,8,3,1,28,25,20,30,3,2,1,1,11,3,0.24137931,"Nick LoBello","sa3036428",
2026,"Christian Mitchelle","CIN",22,52,174,212,42,31,5,1,5,27,26,21,45,9,2,6,2,10,1,0.24137931,"Christian Mitchelle","sa3038164",
2026,"Austin Phillips","UTA",21,46,170,189,41,30,8,0,3,24,16,10,47,4,2,3,3,2,0,0.24117647,"Austin Phillips","sa3060263",
2026,"Damian Rodriguez","IONA",24,43,170,207,41,32,8,0,1,31,16,20,39,9,6,2,0,21,3,0.24117647,"Damian Rodriguez","sa3060401",
2026,"Tyler Albright","DUKE",22,50,141,202,34,24,6,0,4,33,27,50,51,7,3,1,2,21,5,0.241134751,"Tyler Albright","sa3025853",
2026,"Jorge Rodriguez","BCU",22,48,141,173,34,24,8,0,2,28,33,20,33,7,3,2,1,4,2,0.241134751,"Jorge Rodriguez","sa3040989",
2026,"Taylor Harris","OHIO",,52,166,198,40,25,12,0,3,30,22,17,44,14,1,0,3,5,3,0.240963855,"Taylor Harris","sa3070286",
2026,"Peyton Wilson","EIU",,53,191,236,46,33,7,1,5,37,38,21,42,9,5,10,1,5,4,0.240837696,"Peyton Wilson","sa3060942",
2026,"Anthony Cole","WES",21,48,162,190,39,19,11,0,9,35,35,20,54,4,4,0,2,6,2,0.24074074,"Anthony Cole","sa3069816",
2026,"Dylan Lina","LBSU",22,51,187,231,45,25,8,0,12,26,46,19,46,20,5,0,7,1,0,0.240641711,"Dylan Lina","sa3059818",
2026,"Jackson Cotton","TXST",19,54,187,225,45,21,10,1,13,48,35,33,80,3,1,1,2,12,2,0.240641711,"Jackson Cotton","sa3069865",
2026,"Austin Irby","ECU",20,63,212,258,51,39,7,0,5,35,39,29,32,10,3,4,8,2,1,0.240566037,"Austin Irby","sa3059569",
2026,"Caleb Niehaus","INST",,52,158,192,38,25,8,1,4,35,27,15,42,11,0,8,1,7,3,0.240506329,"Caleb Niehaus","sa3038866",
2026,"Diego Davis","PAC",19,46,129,160,31,29,2,0,0,14,13,14,22,5,1,11,0,4,2,0.240310077,"Diego Davis","sa3058999",
2026,"Keaton Mahan","LIP",22,49,129,161,31,22,7,1,1,25,24,26,37,3,1,2,1,6,3,0.240310077,"Keaton Mahan","sa3059895",
2026,"Mateo Serna","MIZ",21,46,154,184,37,30,5,0,2,19,21,17,49,12,0,1,6,1,0,0.24025974,"Mateo Serna","sa3042003",
2026,"Logan Crock","BUT",21,49,154,192,37,28,6,1,2,31,26,23,32,7,2,6,0,10,6,0.24025974,"Logan Crock","sa3058953",
2026,"Nick Diaz","COFC",,45,154,174,37,26,7,1,3,23,27,15,33,2,3,0,7,4,0,0.24025974,"Nick Diaz","sa3069950",
2026,"Noah Haught","RICH",18,55,154,178,37,28,8,1,0,19,19,20,41,2,1,1,4,4,0,0.24025974,"Noah Haught","sa3070298",
2026,"Blaine Brown","TENN",20,59,225,250,54,29,12,0,13,43,42,20,53,3,2,0,2,5,0,0.24,"Blaine Brown","sa3058741",
2026,"Draven Nushida","HAW",22,46,146,164,35,31,3,0,1,13,15,11,19,3,2,2,2,3,1,0.239726027,"Draven Nushida","sa3038974",
2026,"Alex Espaillat","ALST",20,53,192,215,46,35,9,1,1,29,24,19,50,1,1,2,1,4,2,0.239583333,"Alex Espaillat","sa3066311",
2026,"Gabe Pitts","CCSU",21,37,117,135,28,21,5,2,0,15,10,9,18,5,1,3,1,12,2,0.239316239,"Gabe Pitts","sa3066089",
2026,"Peter Johnson","XAV",22,48,138,164,33,24,6,0,3,14,16,18,51,6,1,1,3,2,0,0.239130434,"Peter Johnson","sa3034801",
2026,"Tucker Stockman","USM",22,58,184,218,44,31,6,0,7,17,33,14,39,9,5,6,6,0,0,0.239130434,"Tucker Stockman","sa3043148",
2026,"Caleb King","DSU",,41,113,142,27,20,4,0,3,22,11,15,21,8,0,6,1,2,2,0.238938053,"Caleb King","sa3059684",
2026,"Max Berrisford","STMN",19,39,113,137,27,20,7,0,0,18,12,14,19,6,1,3,2,0,0,0.238938053,"Max Berrisford","sa3074209",
2026,"Sam Andersen","DART",,38,113,136,27,23,1,3,0,17,17,15,22,5,0,3,1,10,3,0.238938053,"Sam Andersen","sa3074706",
2026,"Sam Seidel","BGSU",22,47,180,216,43,24,12,0,7,28,27,28,46,7,0,1,1,18,4,0.238888888,"Sam Seidel","sa3041940",
2026,"Kenneth Rhein","SEA",21,49,180,228,43,25,16,0,2,36,19,34,27,7,3,4,2,6,2,0.238888888,"Kenneth Rhein","sa3071099",
2026,"Nico Baez","DART",22,39,134,182,32,28,4,0,0,25,11,28,23,13,0,7,2,15,4,0.23880597,"Nico Baez","sa3026391",
2026,"Jack Mislan","LAF",20,37,134,157,32,17,8,2,5,26,21,20,46,1,1,1,2,3,0,0.23880597,"Jack Mislan","sa3060054",
2026,"Aedan Forde","UNH",21,46,134,169,32,30,2,0,0,14,19,24,31,3,1,7,3,4,1,0.23880597,"Aedan Forde","sa3074271",
2026,"KaiKea Harrison","TULN",22,56,218,254,52,35,13,0,4,42,35,24,41,6,3,3,1,8,5,0.23853211,"KaiKea Harrison","sa3033288",
2026,"Chris Goode","MRMK",,50,151,190,36,24,8,0,4,40,21,29,59,7,2,1,0,11,2,0.238410596,"Chris Goode","sa3032453",
2026,"Chris Baillargeon","CREI",22,54,193,224,46,34,8,0,4,29,22,25,53,2,2,2,10,1,1,0.238341968,"Chris Baillargeon","sa3026413",
2026,"Kameron Edwards","LIN",23,57,214,256,51,35,13,2,1,38,14,29,59,8,1,4,2,22,1,0.238317757,"Kameron Edwards","sa3030815",
2026,"Mack Mitchell","SIUE",,56,214,251,51,29,3,2,17,51,42,26,76,10,1,0,1,11,2,0.238317757,"Mack Mitchell","sa3038171",
2026,"Mike Villani","STBK",21,41,126,156,30,24,4,0,2,24,17,25,15,1,2,2,0,11,1,0.238095238,"Mike Villani","sa3065441",
2026,"Donovan LaSalle","UL",21,58,206,250,49,25,11,0,13,43,44,22,72,16,5,1,1,5,2,0.237864077,"Donovan LaSalle","sa3036014",
2026,"Daniel Contreras","ILL",23,47,164,184,39,29,7,0,3,24,22,11,21,6,0,3,7,4,0,0.237804878,"Daniel Contreras","sa3029285",
2026,"Antonelli Savattere","HOU",,53,164,202,39,34,5,0,0,16,22,20,23,13,3,2,6,6,1,0.237804878,"Antonelli Savattere","sa3060498",
2026,"Zach Jackson","UVA",20,58,164,204,39,24,5,2,8,34,28,32,69,5,1,2,2,8,0,0.237804878,"Zach Jackson","sa3065331",
2026,"Brody Briggs","ASU",21,50,143,182,34,29,3,0,2,23,19,29,25,4,3,3,1,2,1,0.237762237,"Brody Briggs","sa3058726",
2026,"Madden Ocko","FOR",21,49,160,206,38,23,12,0,3,31,24,23,40,20,2,1,1,3,1,0.2375,"Madden Ocko","sa3039019",
2026,"Kobe Benson","EKU",,55,139,196,33,29,3,0,1,28,11,41,32,9,1,6,2,9,2,0.237410071,"Kobe Benson","sa3058623",
2026,"Anthony Perritano","MUR",,44,139,164,33,24,8,0,1,25,21,22,23,1,2,0,1,10,1,0.237410071,"Anthony Perritano","sa3060246",
2026,"Mark Ross II","CARK",,48,156,194,37,24,8,1,4,27,18,28,48,7,3,0,2,3,0,0.237179487,"Mark Ross II","sa3071173",
2026,"Jake Sparks","SIE",,44,135,164,32,24,6,0,2,20,26,22,52,2,1,4,2,1,0,0.237037037,"Jake Sparks","sa3042799",
2026,"Carson Applegate","JOES",22,55,190,227,45,39,5,0,1,35,23,14,47,18,3,2,4,4,2,0.236842105,"Carson Applegate","sa3026133",
2026,"Jack Metcho","NEV",22,42,131,163,31,21,9,1,0,26,16,22,29,4,2,4,3,2,1,0.236641221,"Jack Metcho","sa3037925",
2026,"Jackson Cauthron","EKU",,50,148,185,35,21,7,4,3,26,27,18,22,14,3,2,3,4,2,0.236486486,"Jackson Cauthron","sa3028663",
2026,"Maddix Dalena","CONN",22,50,165,205,39,23,8,2,6,35,33,31,41,6,1,2,4,1,1,0.236363636,"Maddix Dalena","sa3029783",
2026,"Tony Konopiots","OAK",21,48,165,194,39,26,7,1,5,30,28,20,37,6,3,0,5,5,0,0.236363636,"Tony Konopiots","sa3070529",
2026,"Lucas Bonham","UCR",20,47,182,206,43,25,9,0,9,26,31,17,46,4,3,0,7,0,3,0.236263736,"Lucas Bonham","sa3069633",
2026,"Ryan Schummer","YSU",21,38,127,152,30,19,3,0,8,22,25,21,27,3,1,0,3,2,0,0.236220472,"Ryan Schummer","sa3071242",
2026,"Ian Smith","UAPB",,42,127,174,30,28,1,0,1,34,26,31,27,10,6,0,2,4,1,0.236220472,"Ian Smith","sa3074430",
2026,"Jack Zebig","ILL",22,49,161,208,38,23,7,1,7,28,37,34,31,7,3,3,3,3,0,0.236024844,"Jack Zebig","sa3061009",
2026,"Dylan Larkins","GTWN",20,52,178,206,42,30,8,2,2,28,23,21,42,1,0,6,1,12,1,0.235955056,"Dylan Larkins","sa3059759",
2026,"Jay Abernathy","TENN",20,53,140,169,33,20,9,1,3,36,16,22,37,3,0,4,1,9,1,0.235714285,"Jay Abernathy","sa3058457",
2026,"Jack Brooks","ORE",22,58,174,218,41,27,7,1,6,33,27,31,56,6,0,7,1,16,3,0.235632183,"Jack Brooks","sa3027759",
2026,"Thomas Ferroggiaro","SCU",21,53,187,232,44,28,11,0,5,48,18,33,30,7,1,4,4,5,2,0.235294117,"Thomas Ferroggiaro","sa3031286",
2026,"Tommy Markey","FOR",,55,187,214,44,32,11,0,1,32,22,14,39,8,1,4,4,22,4,0.235294117,"Tommy Markey","sa3059916",
2026,"Brayden Ricketts","IU",20,48,153,193,36,21,6,0,9,24,28,27,38,9,2,2,1,0,0,0.235294117,"Brayden Ricketts","sa3071113",
2026,"Michael Burroughs","PV",22,48,166,210,39,24,10,0,5,29,37,30,38,11,3,0,1,7,0,0.234939759,"Michael Burroughs","sa3028111",
2026,"Kaiden Smaka","LBSU",,38,132,148,31,25,2,4,0,14,9,14,41,0,1,1,2,1,3,0.234848484,"Kaiden Smaka","sa3073591",
2026,"Chase Mora","TXST",22,60,226,247,53,28,13,1,11,41,34,13,67,6,1,1,4,4,2,0.234513274,"Chase Mora","sa3038326",
2026,"Jake Kernodle","PRIN",21,37,128,153,30,27,2,0,1,23,19,16,43,8,1,0,1,2,0,0.234375,"Jake Kernodle","sa3035299",
2026,"Cam Mallo","PRES",,48,128,153,30,27,2,0,1,13,18,15,19,3,3,4,3,2,0,0.234375,"Cam Mallo","sa3062640",
2026,"Noah Karliner","UCSB",24,56,175,204,41,24,7,0,10,31,28,25,64,4,0,0,0,1,0,0.234285714,"Noah Karliner","sa3035083",
2026,"Matthew Witkow","HARV",,33,111,141,26,19,6,1,0,11,9,22,31,6,1,1,2,1,0,0.234234234,"Matthew Witkow","sa3074460",
2026,"Austin Fawley","MISS",23,57,188,225,44,22,9,0,13,31,40,30,79,6,1,0,2,0,0,0.234042553,"Austin Fawley","sa3031196",
2026,"Chris Soeder","MVSU",,44,141,165,33,22,7,0,4,26,27,13,47,7,4,0,2,0,0,0.234042553,"Chris Soeder","sa3042710",
2026,"Eric Williams","MVSU",,48,171,201,40,32,6,1,1,20,21,25,42,4,1,0,0,5,0,0.233918128,"Eric Williams","sa3062923",
2026,"Korbin Reynolds","VAN",19,49,154,184,36,23,6,1,6,25,28,9,61,16,3,2,0,2,0,0.233766233,"Korbin Reynolds","sa3073786",
2026,"Conlan Daniel","CIN",21,55,137,170,32,24,3,2,3,30,18,19,61,8,2,4,2,15,4,0.233576642,"Conlan Daniel","sa3058985",
2026,"Evan Menzel","CONN",20,46,167,194,39,29,7,1,2,26,23,17,32,2,4,4,1,4,2,0.233532934,"Evan Menzel","sa3066798",
2026,"Jackson Freeman","NU",21,52,197,226,46,29,7,1,9,28,21,21,53,4,1,3,1,1,2,0.233502538,"Jackson Freeman","sa3031687",
2026,"John Lawson","PV",20,37,120,136,28,22,3,1,2,16,17,8,30,4,0,4,2,2,1,0.233333333,"John Lawson","sa3036077",
2026,"Duncan Mathews","USA",21,57,193,261,45,29,10,0,6,37,35,42,37,11,2,13,8,2,0,0.233160621,"Duncan Mathews","sa3037288",
2026,"Greg Pace Jr","MICH",21,52,133,165,31,22,6,1,2,22,18,18,48,9,3,2,3,9,2,0.233082706,"Greg Pace Jr","sa3039319",
2026,"Charlie Parcell","NIU",,53,206,253,48,39,6,2,1,30,21,26,27,13,3,5,2,18,3,0.233009708,"Charlie Parcell","sa3039422",
2026,"Jake Barbour","UNCG",22,50,176,210,41,26,12,2,1,30,20,25,45,4,3,2,1,9,2,0.232954545,"Jake Barbour","sa3026543",
2026,"Parker Airhart","MUR",,48,146,181,34,26,4,1,3,25,27,19,32,10,4,2,1,2,0,0.232876712,"Parker Airhart","sa3025821",
2026,"Ryan Grundy","HC",,48,146,185,34,15,13,0,6,28,37,23,53,12,3,1,1,6,1,0.232876712,"Ryan Grundy","sa3032800",
2026,"Maddox Molony","ORE",21,61,219,266,51,27,12,0,12,44,39,28,40,12,6,1,5,3,1,0.232876712,"Maddox Molony","sa3036940",
2026,"Ethan Swidler","WASH",22,44,146,175,34,24,6,0,4,21,15,23,49,3,1,2,3,0,0,0.232876712,"Ethan Swidler","sa3043411",
2026,"Colin Husko","UIC",,44,146,178,34,28,5,1,0,26,20,19,23,11,0,2,0,4,1,0.232876712,"Colin Husko","sa3059556",
2026,"Tyler Howe","UNC",19,67,219,270,51,39,8,0,4,40,30,33,55,12,0,6,4,4,0,0.232876712,"Tyler Howe","sa3070378",
2026,"Patrick Evans","SC",21,52,189,211,44,20,14,2,8,25,20,19,59,2,0,1,3,8,2,0.232804232,"Patrick Evans","sa3070045",
2026,"Gavin Smith","HARV",20,34,116,131,27,19,6,0,2,11,14,14,27,0,1,0,4,1,1,0.23275862,"Gavin Smith","sa3065137",
2026,"Easton Dowell","MCN",22,42,159,174,37,21,15,0,1,26,21,9,28,6,0,0,8,4,3,0.232704402,"Easton Dowell","sa3030524",
2026,"Blaise Priester","SELA",23,52,159,196,37,18,7,2,10,33,28,21,58,13,0,3,3,3,1,0.232704402,"Blaise Priester","sa3060305",
2026,"Dariel Osoria","KU",22,54,202,255,47,25,12,1,9,49,42,38,42,8,7,0,3,4,0,0.232673267,"Dariel Osoria","sa3060187",
2026,"Preston Yaucher","PSU",19,48,172,180,40,30,6,2,2,23,20,3,41,3,1,1,5,4,2,0.232558139,"Preston Yaucher","sa3071671",
2026,"Jacob Beauchaine","SEA",21,47,185,209,43,33,7,0,3,20,22,18,64,5,1,0,4,3,3,0.232432432,"Jacob Beauchaine","sa3069581",
2026,"Rhett Hendricks","HCU",,39,142,167,33,23,8,0,2,26,15,18,31,5,0,2,5,0,0,0.232394366,"Rhett Hendricks","sa3033600",
2026,"Cade Ladehoff","MICH",21,47,142,173,33,19,9,1,4,21,26,20,33,6,4,1,3,0,0,0.232394366,"Cade Ladehoff","sa3035838",
2026,"Gavin Bennett","VAL",23,48,155,189,36,31,5,0,0,23,12,28,37,3,0,3,4,0,0,0.232258064,"Gavin Bennett","sa3026970",
2026,"Hunter Alvord","SHSU",,58,211,257,49,32,9,0,8,45,33,40,72,3,3,0,2,24,5,0.232227488,"Hunter Alvord","sa3069488",
2026,"Braden Benton","LAM",,58,168,212,39,32,5,0,2,8,23,40,46,1,3,0,6,0,0,0.232142857,"Braden Benton","sa3026995",
2026,"Cole Cleveland","FIU",,48,168,211,39,25,8,2,4,27,23,26,52,10,5,2,0,9,4,0.232142857,"Cole Cleveland","sa3058883",
2026,"Tommy Farmer IV","UCI",22,43,138,172,32,20,4,3,5,25,22,21,39,10,3,0,1,9,0,0.231884057,"Tommy Farmer IV","sa3031162",
2026,"Jackson Brewer","COLU",20,34,138,153,32,18,6,1,7,20,30,9,42,6,0,0,1,3,2,0.231884057,"Jackson Brewer","sa3065005",
2026,"Nash Crowell","TNTC",,46,151,181,35,18,11,1,5,24,31,13,33,12,3,2,3,0,0,0.231788079,"Nash Crowell","sa3069882",
2026,"Shannon Martin","GRAM",22,51,164,221,38,32,4,1,1,39,29,34,31,14,4,5,4,6,3,0.231707317,"Shannon Martin","sa3037208",
2026,"Davis Hanson","YALE",23,42,134,178,31,13,12,0,6,32,36,23,31,12,1,8,1,5,0,0.231343283,"Davis Hanson","sa3033178",
2026,"Connor Ostrander","WMU",22,47,147,179,34,26,3,1,4,20,25,20,26,5,3,4,1,6,3,0.231292517,"Connor Ostrander","sa3039257",
2026,"Nich Francuzenko","TOW",20,48,147,174,34,23,7,0,4,32,30,21,26,4,1,1,4,4,0,0.231292517,"Nich Francuzenko","sa3059225",
2026,"Caleb Danzeisen","ARIZ",20,44,147,185,34,24,6,2,2,24,15,35,43,2,1,0,3,3,0,0.231292517,"Caleb Danzeisen","sa3069904",
2026,"Jake Redding","HAW",19,47,160,181,37,24,11,1,1,19,22,16,35,4,1,0,4,2,2,0.23125,"Jake Redding","sa3071083",
2026,"Colby Thorndyke","CCU",22,58,173,205,40,29,8,0,3,33,19,14,49,6,3,9,0,12,3,0.231213872,"Colby Thorndyke","sa3060751",
2026,"TJ Aiken","ODU",21,55,195,252,45,33,8,1,3,43,26,43,58,6,3,5,1,15,4,0.23076923,"TJ Aiken","sa3025818",
2026,"Jake Koonin","PRIN",22,42,156,185,36,22,9,0,5,21,24,17,27,10,2,0,1,10,2,0.23076923,"Jake Koonin","sa3035634",
2026,"Ryan McKay","MSU",21,56,195,237,45,36,7,0,2,28,26,26,27,9,3,4,5,6,4,0.23076923,"Ryan McKay","sa3037650",
2026,"Jason Torres","ALA",22,63,221,271,51,32,9,1,9,31,51,36,64,6,3,5,6,0,0,0.23076923,"Jason Torres","sa3043962",
2026,"Daniel Perez","LAS",,54,165,219,38,26,8,1,3,42,24,37,55,11,1,5,2,19,1,0.23030303,"Daniel Perez","sa3039709",
2026,"Matt Leahy","RID",,49,187,214,43,33,8,1,1,31,26,16,20,3,2,6,1,15,3,0.229946524,"Matt Leahy","sa3036110",
2026,"Jackson Toberman","UNF",22,52,187,215,43,27,10,0,6,28,36,18,51,6,3,1,2,2,0,0.229946524,"Jackson Toberman","sa3071459",
2026,"Krayton Morse","WIU",,52,174,209,40,32,4,1,3,34,26,14,23,10,5,6,5,1,1,0.229885057,"Krayton Morse","sa3038441",
2026,"AJ Garcia","BRAD",21,50,161,189,37,23,6,4,4,21,25,19,55,3,1,5,0,17,5,0.229813664,"AJ Garcia","sa3031915",
2026,"Jaxon Byrd","UCR",23,51,148,163,34,19,10,1,4,14,11,12,42,3,0,0,1,2,0,0.229729729,"Jaxon Byrd","sa3028199",
2026,"James McGee","KENN",,49,148,196,34,19,9,0,6,26,28,35,28,7,2,4,5,2,0,0.229729729,"James McGee","sa3059976",
2026,"Dakota Chun","PORT",19,44,148,169,34,22,9,0,3,18,24,13,41,4,3,1,2,0,0,0.229729729,"Dakota Chun","sa3069798",
2026,"Matthew Jackson","STBK",21,45,135,170,31,20,7,1,3,19,23,26,40,7,1,1,0,16,3,0.229629629,"Matthew Jackson","sa3034511",
2026,"Jared Stevenson","SEA",23,47,135,163,31,24,5,1,1,21,16,21,59,3,0,4,5,4,1,0.229629629,"Jared Stevenson","sa3060671",
2026,"Ty Lagoni","BUCK",,51,196,228,45,30,6,4,5,36,35,19,49,9,4,0,1,9,1,0.229591836,"Ty Lagoni","sa3070551",
2026,"Isaac McClenty","JKST",,51,122,155,28,21,6,1,0,23,16,18,50,5,1,9,0,5,2,0.229508196,"Isaac McClenty","sa3070726",
2026,"Brando Leroux","FAU",23,52,170,211,39,32,5,1,1,29,26,22,26,6,6,7,4,9,1,0.229411764,"Brando Leroux","sa3036246",
2026,"Andrew Cain","ARIZ",21,50,192,229,44,27,8,4,5,34,24,30,29,3,3,1,0,1,3,0.229166666,"Andrew Cain","sa3028242",
2026,"Jackson LaLima","HOU",20,51,179,199,41,18,13,1,9,26,26,11,48,6,1,2,3,4,2,0.229050279,"Jackson LaLima","sa3059744",
2026,"Jesiah carpenter","UMBC",21,49,153,190,35,26,5,3,1,28,17,23,40,6,2,6,2,9,2,0.228758169,"Jesiah carpenter","sa3028468",
2026,"Tyler Harries","SF",22,41,153,183,35,25,9,0,1,17,25,22,37,5,3,0,2,0,0,0.228758169,"Tyler Harries","sa3059422",
2026,"Christian Butera","BRWN",,43,153,183,35,23,7,2,3,27,26,16,59,12,2,0,3,2,0,0.228758169,"Christian Butera","sa3065011",
2026,"LT Cockrill","DEL",22,53,188,232,43,31,8,0,4,29,25,33,55,8,2,1,2,3,1,0.228723404,"LT Cockrill","sa3058893",
2026,"TJ Takats","BGSU",22,44,162,184,37,25,6,1,5,26,26,16,39,4,1,1,4,6,0,0.228395061,"TJ Takats","sa3043473",
2026,"Jake Hajdu","ELON",21,52,162,198,37,31,5,0,1,22,24,24,50,4,1,7,2,8,0,0.228395061,"Jake Hajdu","sa3059389",
2026,"Zion Williams","LMU",,45,162,193,37,22,9,1,5,26,23,19,56,11,1,0,2,5,3,0.228395061,"Zion Williams","sa3060936",
2026,"Ethan Brittain","UNCG",,50,162,190,37,32,4,1,0,22,23,14,42,4,4,6,2,4,5,0.228395061,"Ethan Brittain","sa3069671",
2026,"Ethan Kodama","CAL",21,49,127,159,29,23,5,0,1,21,12,19,45,8,3,2,4,5,4,0.228346456,"Ethan Kodama","sa3059711",
2026,"Cameron Sewell","SAC",21,56,184,220,42,28,11,0,3,30,27,16,48,14,3,3,3,8,3,0.228260869,"Cameron Sewell","sa3042023",
2026,"Bradley Brown","QUC",,45,149,173,34,22,8,1,3,19,22,14,43,6,3,1,2,12,3,0.228187919,"Bradley Brown","sa3069677",
2026,"Carson McEntire","ARIZ",21,48,171,200,39,17,10,2,10,25,33,20,63,3,2,4,2,2,3,0.228070175,"Carson McEntire","sa3059973",
2026,"Peyton Vancas","QUIN",,37,114,145,26,21,3,1,1,15,25,18,21,4,3,6,4,5,2,0.228070175,"Peyton Vancas","sa3071504",
2026,"Jakob Poturnak","SAC",22,59,224,251,51,26,14,0,11,36,50,21,70,5,1,0,3,1,0,0.227678571,"Jakob Poturnak","sa3060296",
2026,"Cam Bryant","OHIO",22,47,154,188,35,25,7,2,1,19,20,26,34,4,3,1,0,5,2,0.227272727,"Cam Bryant","sa3027922",
2026,"Jackson Harris","SAM",,50,154,179,35,30,4,0,1,22,13,19,38,5,0,1,4,0,0,0.227272727,"Jackson Harris","sa3033286",
2026,"Drew Lanphere","NCSU",22,52,132,160,30,21,6,0,3,22,23,23,26,2,3,0,3,1,0,0.227272727,"Drew Lanphere","sa3035957",
2026,"Dawson Harman","SC",21,40,128,154,29,15,8,1,5,20,21,19,47,7,0,0,0,2,0,0.2265625,"Dawson Harman","sa3033233",
2026,"Eli Putnam","FSU",23,52,159,187,36,21,5,1,9,28,32,17,46,5,2,4,5,2,1,0.226415094,"Eli Putnam","sa3040299",
2026,"Javin Gauthier","VAL",,47,159,198,36,18,10,1,7,27,29,28,48,7,2,2,1,0,0,0.226415094,"Javin Gauthier","sa3066056",
2026,"Nomar Garcia","INST",,50,159,189,36,31,5,0,0,28,17,21,42,2,1,6,1,11,4,0.226415094,"Nomar Garcia","sa3066788",
2026,"Ty Cowan","WASH",,57,190,236,43,31,11,0,1,25,19,31,27,10,2,3,6,3,3,0.226315789,"Ty Cowan","sa3029483",
2026,"Baylor Roberts","UAB",19,57,190,222,43,31,5,3,4,31,31,14,53,6,4,8,3,11,2,0.226315789,"Baylor Roberts","sa3071134",
2026,"Zach White","ULM",21,48,137,162,31,19,10,0,2,22,18,10,32,8,3,4,2,1,0,0.226277372,"Zach White","sa3062697",
2026,"Zach Yorke","LSU",22,41,115,158,26,18,2,0,6,28,19,31,35,8,4,0,2,3,1,0.226086956,"Zach Yorke","sa3045721",
2026,"Luke Wroblewski","SDST",23,50,146,181,33,26,4,0,3,41,29,22,26,5,2,6,3,9,1,0.226027397,"Luke Wroblewski","sa3071664",
2026,"Jace Martinez","SHSU",21,57,177,216,40,32,6,2,0,31,18,30,56,1,4,4,5,20,3,0.2259887,"Jace Martinez","sa3037174",
2026,"Joey Canzoni","SLU",21,51,177,212,40,29,8,0,3,23,22,25,57,8,1,1,2,3,0,0.2259887,"Joey Canzoni","sa3069741",
2026,"Garrett Shull","OKST",20,53,164,201,37,17,4,2,14,38,39,29,74,4,3,1,1,0,0,0.225609756,"Garrett Shull","sa3060571",
2026,"Jake Bullard","UNCO",23,54,204,246,46,31,11,0,4,28,23,28,69,9,1,4,6,5,0,0.225490196,"Jake Bullard","sa3027997",
2026,"Brett Vondohlen","MTSU",22,57,204,232,46,29,10,0,7,34,35,21,59,4,2,1,4,2,1,0.225490196,"Brett Vondohlen","sa3044563",
2026,"Ranciel Ventura","MERC",23,41,142,174,32,23,7,0,2,22,22,22,35,6,2,2,0,14,1,0.225352112,"Ranciel Ventura","sa3065156",
2026,"Colin Larson","BC",20,58,142,193,32,24,3,2,3,33,21,37,55,8,0,6,0,21,1,0.225352112,"Colin Larson","sa3066210",
2026,"Blake Herman","CAN",,38,111,140,25,15,4,0,6,20,19,11,30,12,3,3,2,1,0,0.225225225,"Blake Herman","sa3070321",
2026,"Landon Mensik","XAV",20,49,151,181,34,16,9,0,9,21,24,19,60,9,2,0,2,3,2,0.225165562,"Landon Mensik","sa3060018",
2026,"Noah Fields","UTA",22,43,151,179,34,24,7,0,3,21,18,19,26,5,0,4,4,3,0,0.225165562,"Noah Fields","sa3070079",
2026,"Ivan Dahlberg","NIU",22,54,169,240,38,19,11,0,8,36,29,50,35,18,1,2,4,5,0,0.224852071,"Ivan Dahlberg","sa3069898",
2026,"Braydon Wooldridge","UCD",,51,178,203,40,30,5,2,3,23,20,19,12,2,3,1,3,2,2,0.224719101,"Braydon Wooldridge","sa3045573",
2026,"Zane Kelly","SDSU",22,58,187,227,42,22,9,2,9,34,38,28,64,8,2,2,1,7,3,0.22459893,"Zane Kelly","sa3035236",
2026,"Marcus Bradshaw","NCAT",21,47,147,169,33,23,6,1,3,27,21,15,35,7,0,0,2,7,3,0.224489795,"Marcus Bradshaw","sa3069657",
2026,"Tyler Beaulieu","COR",,29,107,121,24,17,4,0,3,14,15,7,19,4,1,2,3,2,3,0.224299065,"Tyler Beaulieu","sa3075495",
2026,"Charlie Niehaus","CIN",21,53,165,203,37,21,9,2,5,33,19,25,54,6,5,2,1,13,3,0.224242424,"Charlie Niehaus","sa3060143",
2026,"Kareh Valentin","UNO",,50,174,192,39,36,1,1,1,15,18,10,34,2,3,3,5,4,2,0.224137931,"Kareh Valentin","sa3060814",
2026,"JJ DeVito","HOF",,37,116,151,26,20,4,1,1,16,13,19,35,10,1,5,1,8,3,0.224137931,"JJ DeVito","sa3067108",
2026,"Ayden Frey","SJU",,57,201,240,45,35,10,0,0,26,19,24,59,11,3,1,2,5,4,0.223880597,"Ayden Frey","sa3031716",
2026,"Gavin Collins","PENN",21,40,152,179,34,23,7,0,4,17,28,13,28,10,4,0,2,7,2,0.22368421,"Gavin Collins","sa3029181",
2026,"Jamie Zee","ND",20,50,161,191,36,23,7,1,5,29,33,21,64,4,3,2,2,2,0,0.223602484,"Jamie Zee","sa3071681",
2026,"Addison Klepsch","UCSD",20,46,139,168,31,20,8,1,2,22,26,25,24,3,1,0,4,4,4,0.223021582,"Addison Klepsch","sa3059700",
2026,"Cade Martinez","USD",,47,148,181,33,23,9,0,1,25,12,20,33,6,0,7,4,2,1,0.222972972,"Cade Martinez","sa3037143",
2026,"Kydese Queen","NORF",,48,166,191,37,28,9,0,0,20,22,14,30,5,3,3,2,4,5,0.222891566,"Kydese Queen","sa3040321",
2026,"Cole Campbell","NJIT",,47,175,212,39,33,3,0,3,24,19,24,32,8,5,0,2,11,4,0.222857142,"Cole Campbell","sa3028323",
2026,"Jake Haarde","FAIR",,50,184,216,41,25,10,0,6,25,32,24,43,4,2,2,2,9,0,0.222826086,"Jake Haarde","sa3070244",
2026,"William Zareh","LIN",21,49,180,209,40,29,6,0,5,24,31,17,29,8,3,1,3,1,2,0.222222222,"William Zareh","sa3045806",
2026,"Kyle Branch","OU",21,65,189,226,42,33,5,0,4,40,29,27,33,2,1,7,2,5,3,0.222222222,"Kyle Branch","sa3058713",
2026,"AJ Anderson","AAMU",22,49,180,201,40,29,10,0,1,27,19,13,29,3,3,2,8,9,2,0.222222222,"AJ Anderson","sa3064986",
2026,"Quinn Maher","VCU",,62,207,268,46,29,10,1,6,44,44,36,39,18,4,3,2,4,0,0.222222222,"Quinn Maher","sa3070655",
2026,"Zach White","NWST",,45,135,167,30,26,3,0,1,15,14,17,34,6,4,5,2,6,0,0.222222222,"Zach White","sa3073837",
2026,"Beny Bikar","SOU",19,47,167,205,37,27,9,1,0,32,25,25,38,9,2,2,3,7,2,0.221556886,"Beny Bikar","sa3058639",
2026,"Peyton Steele","ALA",,50,149,172,33,26,4,1,2,24,25,20,49,1,2,0,4,0,0,0.22147651,"Peyton Steele","sa3060661",
2026,"Griffin Scheiderer","BGSU",19,47,149,184,33,26,6,1,0,26,11,17,41,13,1,4,1,3,4,0.22147651,"Griffin Scheiderer","sa3071226",
2026,"Brooks Henderson IV","UMBC",21,51,131,168,29,22,6,0,1,17,22,22,29,1,11,3,1,3,2,0.221374045,"Brooks Henderson IV","sa3074304",
2026,"Silvio Giardina","LEH",,45,122,147,27,21,4,2,0,17,15,16,43,3,0,6,0,2,1,0.221311475,"Silvio Giardina","sa3070161",
2026,"Hayden Miller","BRAD",22,56,199,247,44,23,12,0,9,41,32,21,84,26,0,1,2,23,2,0.221105527,"Hayden Miller","sa3038058",
2026,"Bryce Miller","YALE",19,43,154,181,34,23,8,2,1,32,16,19,54,6,0,2,1,13,4,0.22077922,"Bryce Miller","sa3074370",
2026,"Max Lane","HARV",,36,145,162,32,22,6,1,3,23,21,12,27,5,0,0,1,9,3,0.220689655,"Max Lane","sa3035917",
2026,"Zeb Swangim","UNCA",,46,145,171,32,24,8,0,0,22,18,13,39,7,1,5,3,1,1,0.220689655,"Zeb Swangim","sa3074436",
2026,"Casen Taggart","WASH",23,43,136,164,30,18,5,2,5,22,15,25,43,0,2,1,2,3,0,0.220588235,"Casen Taggart","sa3043467",
2026,"Sheehan OConnor","NJIT",23,41,127,146,28,23,5,0,0,16,11,7,51,5,1,6,0,1,1,0.22047244,"Sheehan OConnor","sa3039036",
2026,"Matthew McGurk","LIU",22,40,118,144,26,12,2,2,10,36,28,22,43,4,0,0,0,8,1,0.220338983,"Matthew McGurk","sa3037624",
2026,"Noah Burroughs","DEL",,42,150,168,33,23,3,2,5,19,26,13,45,3,2,0,6,2,1,0.22,"Noah Burroughs","sa3069712",
2026,"Brayden Evans","LAM",,55,191,223,42,28,10,0,4,25,28,19,47,5,5,3,2,4,1,0.219895287,"Brayden Evans","sa3031060",
2026,"Marcus Sanders","COPP",23,46,132,159,29,19,7,1,2,17,23,18,36,3,0,6,1,8,3,0.219696969,"Marcus Sanders","sa3041501",
2026,"Miguel Correa Jr.","CMU",19,45,155,187,34,27,6,1,0,28,25,17,39,4,5,6,1,10,5,0.219354838,"Miguel Correa Jr.","sa3069856",
2026,"Hunter Azemar","AMCC",,41,114,139,25,19,3,0,3,18,19,19,31,2,1,3,5,0,4,0.219298245,"Hunter Azemar","sa3069525",
2026,"Chase Beattie","SLU",22,44,169,195,37,18,8,0,11,26,37,22,63,3,1,0,5,0,0,0.218934911,"Chase Beattie","sa3026808",
2026,"Ty Johnson","BAY",23,51,169,203,37,30,4,2,1,26,19,20,33,9,1,4,3,9,4,0.218934911,"Ty Johnson","sa3034822",
2026,"Cleary Simpson","MRSH",24,41,128,171,28,22,5,0,1,23,19,31,25,7,2,3,4,7,0,0.21875,"Cleary Simpson","sa3042336",
2026,"Cade Patterson","LT",21,57,192,243,42,31,7,0,4,31,38,38,56,4,4,5,2,6,1,0.21875,"Cade Patterson","sa3060219",
2026,"Jackson Hays","YALE",19,40,128,172,28,24,4,0,0,28,19,27,24,11,0,6,5,11,5,0.21875,"Jackson Hays","sa3074303",
2026,"Lawson Olmstead","CAL",19,38,128,152,28,19,3,0,6,16,18,17,57,6,1,0,1,0,0,0.21875,"Lawson Olmstead","sa3075439",
2026,"Jake Hooten","NAVY",,40,119,151,26,17,5,1,3,23,15,25,42,5,1,1,0,21,1,0.218487394,"Jake Hooten","sa3074312",
2026,"Josue Figueroa","FAMU",21,53,174,220,38,28,7,0,3,28,31,34,34,5,6,1,2,1,1,0.218390804,"Josue Figueroa","sa3031318",
2026,"Ethan Lizama","SC",23,52,165,188,36,20,11,1,4,21,20,15,37,5,0,3,2,1,2,0.218181818,"Ethan Lizama","sa3036417",
2026,"Jonas Salk","PORT",22,52,188,225,41,23,11,1,6,30,32,15,49,15,6,1,3,2,3,0.218085106,"Jonas Salk","sa3041447",
2026,"Jack Roventini","VILL",20,45,138,166,30,25,2,3,0,24,13,22,50,3,1,2,0,16,4,0.217391304,"Jack Roventini","sa3071175",
2026,"Mike Stellrecht","BING",21,52,175,208,38,32,4,0,2,31,20,17,58,8,1,7,0,3,1,0.217142857,"Mike Stellrecht","sa3043034",
2026,"Luke Vaughn","ALA",20,55,166,211,36,17,9,1,9,39,32,27,38,13,2,3,4,0,0,0.216867469,"Luke Vaughn","sa3044401",
2026,"Cooper Chaplain","LR",,60,180,210,39,23,8,1,7,30,33,13,34,13,0,4,3,9,2,0.216666666,"Cooper Chaplain","sa3058854",
2026,"Wyatt Campbell","JMU",23,51,157,189,34,20,5,1,8,27,26,25,46,5,1,1,2,6,0,0.216560509,"Wyatt Campbell","sa3069731",
2026,"Krew Bond","SLU",,41,134,153,29,19,5,1,4,21,17,9,32,4,1,5,3,2,0,0.21641791,"Krew Bond","sa3069631",
2026,"Sam Gates","VT",23,55,185,221,40,27,6,2,5,27,27,27,60,4,1,4,1,8,3,0.216216216,"Sam Gates","sa3032048",
2026,"Charlie Jones","KENN",23,39,125,145,27,15,4,0,8,18,29,12,45,5,2,1,1,0,0,0.216,"Charlie Jones","sa3034861",
2026,"Zach Wadas","LMU",21,56,190,237,41,20,8,3,10,34,34,41,82,2,4,0,2,11,2,0.215789473,"Zach Wadas","sa3044602",
2026,"Tyler Shulman","HARV",,34,116,141,25,22,3,0,0,13,10,15,17,5,1,4,1,0,1,0.215517241,"Tyler Shulman","sa3042236",
2026,"Pearson Riebock","BAY",20,52,172,225,37,26,7,1,3,38,23,27,66,14,5,7,2,13,1,0.215116279,"Pearson Riebock","sa3060365",
2026,"Mason Cisco","CAN",,43,121,150,26,22,3,0,1,15,25,21,22,6,1,1,3,0,0,0.214876033,"Mason Cisco","sa3028949",
2026,"Cooper Schneider","SFA",,42,121,156,26,25,1,0,0,28,16,25,26,4,1,5,2,9,0,0.214876033,"Cooper Schneider","sa3062896",
2026,"Lucas Johnson","LONG",23,49,177,205,38,24,10,0,4,24,20,18,41,9,1,0,3,8,3,0.214689265,"Lucas Johnson","sa3034785",
2026,"Ryan Lee","UCD",,49,168,191,36,23,11,0,2,21,16,15,42,5,2,1,4,0,1,0.214285714,"Ryan Lee","sa3036165",
2026,"Travis Friend","LMU",20,49,145,162,31,19,2,0,10,22,22,5,61,9,1,2,2,4,2,0.213793103,"Travis Friend","sa3070123",
2026,"Joey Bruno","SBU",,41,117,154,25,20,3,0,2,24,18,23,34,7,1,6,1,8,3,0.213675213,"Joey Bruno","sa3069689",
2026,"Riley Ames","MERC",,37,108,135,23,18,3,0,2,23,11,15,36,6,1,5,1,24,3,0.212962962,"Riley Ames","sa3069489",
2026,"Will Howard","NAVY",,40,108,140,23,18,4,0,1,13,17,16,21,10,1,5,4,4,2,0.212962962,"Will Howard","sa3070376",
2026,"Conner Vercollone","SBU",,47,141,183,30,19,11,0,0,21,11,27,48,10,3,2,1,3,0,0.212765957,"Conner Vercollone","sa3044450",
2026,"Hiram Bocachica Jr.","RICE",20,44,141,169,30,20,6,2,2,21,15,19,23,6,1,2,4,3,0,0.212765957,"Hiram Bocachica Jr.","sa3058664",
2026,"Kamana Nahaku","HAW",,50,160,215,34,26,6,0,2,27,13,32,44,17,0,6,1,17,5,0.2125,"Kamana Nahaku","sa3038665",
2026,"Case Sullivan","VAL",21,48,160,185,34,18,9,2,5,19,29,18,47,4,3,0,2,2,1,0.2125,"Case Sullivan","sa3060691",
2026,"Owen Stelzer","HC",,53,160,198,34,25,7,0,2,25,14,30,44,6,1,1,0,2,0,0.2125,"Owen Stelzer","sa3071368",
2026,"Andrew Kirchner","CSUF",,53,193,232,41,25,7,1,8,30,23,26,68,4,3,6,2,1,0,0.212435233,"Andrew Kirchner","sa3035437",
2026,"Nick Costello","UCSD",24,52,165,217,35,21,4,2,8,35,32,35,50,10,3,4,4,1,3,0.212121212,"Nick Costello","sa3029440",
2026,"Zac Farrell","ARMY",,41,118,138,25,19,4,0,2,22,20,6,27,10,1,3,1,9,2,0.211864406,"Zac Farrell","sa3031173",
2026,"Coleman McGinnis","UNCA",22,40,118,151,25,17,7,0,1,17,16,13,25,9,3,8,1,2,1,0.211864406,"Coleman McGinnis","sa3059980",
2026,"Shawn Cameron","NIA",,38,104,137,22,22,0,0,0,13,9,25,29,4,0,4,1,4,0,0.211538461,"Shawn Cameron","sa3058798",
2026,"Luca Reyes","FIU",,41,123,152,26,15,4,1,6,21,24,18,59,10,1,0,2,0,1,0.211382113,"Luca Reyes","sa3071097",
2026,"Dom Patrizi","LEH",22,46,142,185,30,22,5,0,3,25,22,27,40,13,3,0,0,4,2,0.211267605,"Dom Patrizi","sa3039536",
2026,"Jayden Hylton","STET",22,53,161,186,34,24,5,0,5,29,19,16,63,8,1,0,1,4,1,0.211180124,"Jayden Hylton","sa3034390",
2026,"Maddox Mihalakis","ARIZ",22,50,199,224,42,28,9,3,2,27,30,17,51,3,5,0,3,1,1,0.211055276,"Maddox Mihalakis","sa3037994",
2026,"Chris Miller","DART",,33,95,113,20,16,3,0,1,12,9,12,23,2,2,2,3,8,2,0.210526315,"Chris Miller","sa3038039",
2026,"Sean Scanlon","RICH",23,48,133,164,28,13,9,0,6,25,24,17,37,11,2,1,0,3,0,0.210526315,"Sean Scanlon","sa3041642",
2026,"Will Robbins","PRIN",,36,114,138,24,12,6,0,6,20,25,21,28,3,0,0,3,0,0,0.210526315,"Will Robbins","sa3066090",
2026,"Dayton Franke","SDST",21,53,181,220,38,24,10,0,4,23,31,18,47,16,4,1,3,0,0,0.209944751,"Dayton Franke","sa3065301",
2026,"Tanner Chun","TULN",20,54,162,227,34,19,13,1,1,37,22,41,51,16,4,4,3,16,4,0.209876543,"Tanner Chun","sa3058865",
2026,"Cade Walter","JAX",,54,167,232,35,20,8,0,7,40,30,37,67,24,1,3,1,13,4,0.209580838,"Cade Walter","sa3071555",
2026,"Chase Fogg","SPU",,48,148,196,31,24,5,0,2,23,16,25,55,13,3,7,1,6,1,0.209459459,"Chase Fogg","sa3065298",
2026,"Rylan Evans","PAC",22,48,153,171,32,19,8,1,4,18,21,8,14,4,2,4,6,5,0,0.209150326,"Rylan Evans","sa3031081",
2026,"John LaFleur","HC",,45,158,188,33,22,8,0,3,23,29,18,47,7,0,5,1,1,0,0.208860759,"John LaFleur","sa3035846",
2026,"William Tyrrell","UNCW",,50,139,167,29,19,6,2,2,24,25,19,28,5,3,1,1,7,0,0.208633093,"William Tyrrell","sa3044207",
2026,"Santiago Ordonez","UNF",22,42,120,156,25,17,8,0,0,14,15,27,27,4,5,0,5,0,0,0.208333333,"Santiago Ordonez","sa3039179",
2026,"Drew Canody","GMU",22,50,144,164,30,22,6,0,2,28,15,9,38,7,0,4,0,15,1,0.208333333,"Drew Canody","sa3058806",
2026,"Jayden Novak","LAS",,53,168,220,35,13,10,2,10,45,40,33,57,16,1,2,2,10,1,0.208333333,"Jayden Novak","sa3070891",
2026,"Michael McAloose","NWST",22,44,149,171,31,20,8,0,3,19,17,15,44,3,2,2,4,0,2,0.208053691,"Michael McAloose","sa3073756",
2026,"Zach Mazoch","UTA",22,39,130,157,27,20,5,0,2,12,17,18,28,6,0,3,1,0,0,0.207692307,"Zach Mazoch","sa3037398",
2026,"Owen Estabrook","COLU",21,39,135,169,28,18,5,0,5,18,23,29,31,3,1,1,4,0,0,0.207407407,"Owen Estabrook","sa3031035",
2026,"Jabril Bullock","DSU",,48,164,203,34,18,11,1,4,21,34,21,43,8,7,3,4,3,1,0.207317073,"Jabril Bullock","sa3058768",
2026,"Ximi Baftiri","EVAN",,38,131,151,27,18,6,0,3,18,21,14,33,5,1,0,0,2,0,0.20610687,"Ximi Baftiri","sa3069533",
2026,"Casey Artigues","NICH",24,38,136,161,28,23,4,1,0,27,15,15,21,4,2,4,1,7,2,0.205882352,"Casey Artigues","sa3026245",
2026,"Miles Vandenheuvel","OSU",21,54,180,221,37,29,4,1,3,32,26,23,52,11,1,6,3,10,2,0.205555555,"Miles Vandenheuvel","sa3071512",
2026,"Vincent Fattore","ELON",22,43,122,151,25,13,4,0,8,24,21,17,34,10,1,1,2,3,0,0.204918032,"Vincent Fattore","sa3031182",
2026,"Brendan Burke","NORF",,41,127,153,26,17,5,1,3,18,22,15,34,5,3,3,1,0,0,0.204724409,"Brendan Burke","sa3028057",
2026,"Hunter Klotz","KENT",,42,132,164,27,17,7,1,2,22,22,20,39,6,1,5,3,2,2,0.204545454,"Hunter Klotz","sa3035516",
2026,"Nick Mascaro","CSUB",22,51,137,179,28,18,8,0,2,29,23,32,56,6,0,4,0,3,2,0.204379562,"Nick Mascaro","sa3059942",
2026,"Landon Penfield","COFC",19,49,167,204,34,23,8,0,3,24,21,29,61,5,3,0,2,0,1,0.203592814,"Landon Penfield","sa3060234",
2026,"Mason Pilarski","WMU",19,52,177,210,36,28,8,0,0,22,18,18,49,4,3,8,4,3,1,0.20338983,"Mason Pilarski","sa3071012",
2026,"Aryan Patel","CIT",,59,182,221,37,30,6,1,0,28,17,21,51,5,2,11,0,21,4,0.203296703,"Aryan Patel","sa3039525",
2026,"Teddy Ruffner","YSU",,47,138,168,28,17,7,1,3,20,18,19,41,8,1,2,2,5,2,0.20289855,"Teddy Ruffner","sa3041272",
2026,"Taer Rodriguez","DART",22,39,143,165,29,22,5,0,2,16,15,11,29,6,1,4,2,4,1,0.202797202,"Taer Rodriguez","sa3041018",
2026,"Kyle Hvidsten","LIB",22,55,148,205,30,17,7,0,6,36,20,35,51,21,0,1,0,5,2,0.202702702,"Kyle Hvidsten","sa3059559",
2026,"Jayden Garrison","SF",19,50,178,213,36,20,11,1,4,25,22,26,63,5,2,2,2,5,0,0.202247191,"Jayden Garrison","sa3070148",
2026,"Ethan Gonzalez","WICH",21,44,129,165,26,17,4,1,4,18,20,14,45,11,1,10,0,1,0,0.201550387,"Ethan Gonzalez","sa3070188",
2026,"Nolan Colby","FAIR",,52,159,209,32,21,6,0,5,41,18,37,59,8,1,4,0,12,0,0.201257861,"Nolan Colby","sa3058898",
2026,"Danny Corona","HOF",22,44,140,166,28,15,9,1,3,23,25,13,48,10,2,1,3,2,1,0.2,"Danny Corona","sa3029398",
2026,"Max Ortega","CSUF",,48,161,189,32,25,5,0,2,12,15,18,41,7,1,2,2,0,0,0.198757763,"Max Ortega","sa3039210",
2026,"Jack Quinlan","ARMY",22,39,126,150,25,15,6,0,4,19,19,13,38,9,1,1,1,1,1,0.198412698,"Jack Quinlan","sa3040339",
2026,"Carter Richey","VILL",,43,121,154,24,15,7,2,0,17,21,21,35,7,5,0,0,3,2,0.198347107,"Carter Richey","sa3040714",
2026,"Reagan Reeder","EVAN",21,47,172,199,34,13,6,3,12,34,39,19,75,7,1,0,1,10,1,0.197674418,"Reagan Reeder","sa3040541",
2026,"Jaryn Sample","DSU",,44,157,176,31,23,5,0,3,20,15,14,35,3,1,1,3,3,2,0.197452229,"Jaryn Sample","sa3041465",
2026,"Zach Story","UCD",20,47,142,192,28,19,7,0,2,26,16,28,36,15,1,6,0,0,4,0.197183098,"Zach Story","sa3062688",
2026,"Aiden Dill","HALL",20,37,122,150,24,19,3,1,1,22,10,20,22,4,2,2,2,25,2,0.196721311,"Aiden Dill","sa3059056",
2026,"Lucas Franco","TCU",19,38,122,147,24,18,2,1,3,20,22,19,38,2,1,3,4,2,1,0.196721311,"Lucas Franco","sa3070110",
2026,"Dana Williams","MERC",,35,107,138,21,13,1,1,6,20,19,25,42,3,0,3,1,13,4,0.196261682,"Dana Williams","sa3071613",
2026,"Jaxon Schumacher","BRAD",21,52,164,197,32,16,9,1,6,24,28,19,71,9,1,4,0,2,1,0.195121951,"Jaxon Schumacher","sa3071240",
2026,"Clay Badylak","MTSU",23,53,159,190,31,24,6,0,1,27,15,21,24,4,1,5,2,5,1,0.194968553,"Clay Badylak","sa3026383",
2026,"Addison Ainsworth","ARMY",,36,103,133,20,13,7,0,0,19,10,17,31,7,3,3,2,2,1,0.194174757,"Addison Ainsworth","sa3025819",
2026,"Jack Edmunds","BRWN",,35,114,130,22,13,4,0,5,10,18,13,31,3,0,0,2,0,1,0.192982456,"Jack Edmunds","sa3065035",
2026,"Isaac Lamson","PRIN",,36,109,134,21,16,4,0,1,16,15,18,24,5,0,2,3,6,2,0.19266055,"Isaac Lamson","sa3065346",
2026,"Connor Jones","GW",,43,125,156,24,17,5,1,1,25,11,18,17,3,2,8,4,7,3,0.192,"Connor Jones","sa3070457",
2026,"Jayden Shin","COR",,30,89,103,17,13,2,1,1,11,7,7,18,3,0,4,3,0,0,0.191011235,"Jayden Shin","sa3066966",
2026,"Drew Culbertson","MICH",21,58,163,206,31,25,3,1,2,27,21,21,55,11,1,10,2,6,4,0.190184049,"Drew Culbertson","sa3029657",
2026,"Blagen Pado","CCU",22,55,138,192,26,11,7,1,7,40,21,27,52,19,1,7,2,15,1,0.188405797,"Blagen Pado","sa3039338",
2026,"Fano Cruz","WES",21,45,144,176,27,14,7,0,6,21,24,24,44,6,1,1,1,5,0,0.1875,"Fano Cruz","sa3069886",
2026,"Christian Holmes","MILW",22,57,187,208,35,21,10,2,2,25,18,13,56,2,2,4,2,6,2,0.187165775,"Christian Holmes","sa3059514",
2026,"Tyson Kaufman","CAN",,32,102,131,19,16,3,0,0,14,8,10,21,17,2,0,0,7,2,0.186274509,"Tyson Kaufman","sa3035124",
2026,"Austin Neuweg","SLU",23,48,170,195,31,17,11,0,3,21,16,19,47,2,2,2,1,1,0,0.182352941,"Austin Neuweg","sa3038791",
2026,"Andrew Swenson","BUCK",,50,152,189,27,21,4,1,1,15,20,22,63,8,3,4,0,3,0,0.177631578,"Andrew Swenson","sa3043403",
2026,"Sam Ardoin","NWST",21,52,186,210,33,27,3,2,1,20,15,17,61,2,2,3,2,5,3,0.177419354,"Sam Ardoin","sa3026161",
2026,"Johnny Pilla","STBK",22,38,108,138,19,15,3,0,1,18,9,24,30,3,1,2,1,11,2,0.175925925,"Johnny Pilla","sa3039927",
2026,"Jacob Bowman","WES",22,42,131,157,23,19,3,1,0,15,10,14,48,3,3,6,1,5,1,0.175572519,"Jacob Bowman","sa3065003",
2026,"Noah Hogan","COPP",20,45,151,196,26,22,2,1,1,23,26,35,48,5,4,1,1,1,0,0.17218543,"Noah Hogan","sa3059508",
2026,"Alex Venezia","JOES",20,44,147,181,25,13,5,0,7,30,29,24,55,8,2,0,4,1,0,0.170068027,"Alex Venezia","sa3071528",
2026,"Christian Scanlon","MRMK",23,48,137,190,23,11,4,0,8,31,31,40,58,10,1,2,0,8,1,0.167883211,"Christian Scanlon","sa3041637",
2026,"Harry Carr","DEL",,47,150,178,25,18,5,1,1,11,17,26,46,0,1,1,1,6,0,0.166666666,"Harry Carr","sa3058818",
2026,"Nolan Zajac","WMU",20,49,138,166,23,20,3,0,0,19,14,11,47,6,0,11,0,1,0,0.166666666,"Nolan Zajac","sa3061003",
2026,"DeVante Wells","AAMU",20,47,121,159,20,12,5,2,1,21,5,31,44,4,1,2,1,4,1,0.165289256,"DeVante Wells","sa3044988",
2026,"Stefan Di Corrado","DART",20,33,92,108,15,9,4,1,1,8,13,11,33,4,1,0,0,1,1,0.163043478,"Stefan Di Corrado","sa3065031",
2026,"Will Cook","SHU",23,47,148,189,24,12,7,2,3,19,25,25,51,6,5,5,0,1,0,0.162162162,"Will Cook","sa3029312",
2026,"Noah Murray","UVA",21,57,174,239,28,16,4,2,6,47,30,57,59,4,2,2,6,5,2,0.16091954,"Noah Murray","sa3038608",
2026,"Luke Spencer","FAIR",,44,120,154,19,15,3,0,1,13,11,18,56,8,1,7,1,3,3,0.158333333,"Luke Spencer","sa3071349",
2026,"Dylan Schaefer","QUC",22,52,158,188,25,13,10,1,1,19,16,15,70,11,0,4,0,5,2,0.158227848,"Dylan Schaefer","sa3041656",
2026,"Harrison Taubert","EVAN",24,39,113,162,17,10,4,0,3,26,11,35,47,14,0,0,0,13,0,0.150442477,"Harrison Taubert","sa3043529",