Season,Name,Team,Age,IP,K/9,BB/9,K/BB,HR/9,K%,BB%,K-BB%,AVG,WHIP,BABIP,LOB%,ERA,FIP,E-F,NameASCII,PlayerId,MLBAMID
2026,"Kurt Thomas","SPU",23,61.1,5.576087072125457,7.1902175403723,0.7755102,0.7336956673849285,0.11046512,0.14244186,-0.03197674,0.36879433,2.494565269108757,0.41422594,0.48427673,11.005435010773928,7.14961875113738,3.8558162596365477,"Kurt Thomas","sa3043705",
2026,"Connor Johnston","URI",22,45.2,8.277372032294391,3.744525443180796,2.21052632,0.9854014324159989,0.18103448,0.08189655,0.09913793,0.32512315,1.8613138167857757,0.39102564,0.5,9.45985375119359,5.798402688407869,3.661451062785721,"Connor Johnston","sa3034727",
2026,"Eddie Del Valle","DSU",,45.1,11.514706205331752,8.139706110665548,1.41463415,1.5882353386664485,0.2248062,0.15891473,0.06589147,0.34449761,2.4926471287403986,0.44755245,0.428051,11.911765039998365,8.39256518806966,3.519199851928704,"Eddie Del Valle","sa3030106",
2026,"Hayden Tarsia","BING",21,45.2,8.080291745811191,3.744525443180796,2.15789474,2.1678831513151975,0.18303571,0.08482143,0.09821429,0.31840796,1.817518197567287,0.3557047,0.41899441,10.44525518360959,6.941922654292107,3.5033325293174826,"Hayden Tarsia","sa3043516",
2026,"Deaton Oak","BELL",23,55.2,4.041916075337208,2.748502931229302,1.47058824,0.97005985808093,0.09191176,0.0625,0.02941176,0.35341365,1.8862275018240307,0.37614679,0.48732943,9.377245294782323,5.949504886158585,3.4277404086237384,"Deaton Oak","sa3038981",
2026,"Lucas Valencia","MVSU",,39.2,7.9411762160236705,6.579831721848184,1.20689655,0.9075629961169909,0.1635514,0.13551402,0.02803738,0.36413043,2.420167989645309,0.43448276,0.53610503,10.436974455345396,7.069843532974948,3.367130922370448,"Lucas Valencia","sa3071502",
2026,"Adan Perez","PAC",24,44.1,6.902255837067793,4.2631580170124606,1.61904762,0,0.16113744,0.09952607,0.06161137,0.30054645,1.714285763454746,0.36912752,0.51807229,8.120300984785638,4.774498133147455,3.345802851638183,"Adan Perez","sa3039700",
2026,"Reagan Rivera","IU",23,43.1,10.800000316913321,5.192307844669866,2.08,1.661538510294357,0.23744292,0.11415525,0.12328767,0.29032258,1.823076976572975,0.36507937,0.46174142,9.346154120405759,6.039461738428423,3.306692381977336,"Reagan Rivera","sa3040840",
2026,"JP Podgorski","VILL",20,44.1,5.278195640110665,3.2481203939142556,1.625,0.40601504923928194,0.12745098,0.07843137,0.04901961,0.28333333,1.511278238835105,0.32236842,0.45706371,8.526316034024921,5.404515630323195,3.1218004037017257,"JP Podgorski","sa3060283",
2026,"Alec Johnson","LMU",,52.2,8.886075734824754,3.0759492928239536,2.88888889,0.6835442872942119,0.19923372,0.06896552,0.1302682,0.32067511,1.7848100834904421,0.39779006,0.47669492,7.8607593038834365,4.793342693431545,3.0674166104518914,"Alec Johnson","sa3073965",
2026,"William Tarpley","AAMU",23,44.1,7.714285935546357,5.684210689349947,1.35714286,1.0150376230982048,0.15019763,0.11067194,0.03952569,0.3853211,2.52631586193331,0.45142857,0.52678571,10.353383755601689,7.375018353434995,2.978365402166694,"William Tarpley","sa3071424",
2026,"Luke Corcoran","COPP",,45.1,3.176470677332897,4.963235433332652,0.64,0.7941176693332243,0.06374502,0.09960159,-0.03585657,0.39726027,2.4705883045922534,0.41708543,0.44091711,10.919117953331833,7.973447529254902,2.9456704240769307,"Luke Corcoran","sa3058930",
2026,"Darin Kuskie","ODU",21,60,9.75,3.75,2.6,1.05,0.22569444,0.08680556,0.13888889,0.31538462,1.7833333333333334,0.39893617,0.5489022,7.8,4.8955809593200685,2.9044190406799313,"Darin Kuskie","sa3035798",
2026,"Jordan Bright","NCAT",19,42.2,8.859374735970057,6.328124811407184,1.4,1.2656249622814368,0.18918919,0.13513514,0.05405405,0.33870968,2.179687435040252,0.41304348,0.52980132,9.492187217110777,6.678460240643474,2.8137269764673025,"Jordan Bright","sa3065906",
2026,"Quincy Thornton","SOU",23,45.2,9.65693403767679,8.67153260526079,1.11363636,0.7883211459327991,0.1870229,0.16793893,0.01908397,0.32989691,2.3649634377983975,0.42553191,0.54588608,11.430656616025587,8.714571459001586,2.7160851570240006,"Quincy Thornton","sa3065149",
2026,"Brayden Ryan","MD",,47.2,7.930069718525767,2.8321677566163457,2.8,1.6993006539698072,0.17948718,0.06410256,0.11538462,0.3254717,1.7622377152279483,0.37267081,0.51020408,8.496503269849036,5.831769308292335,2.664733961556701,"Brayden Ryan","sa3041367",
2026,"Isaiah Shayter","PSU",20,48.2,7.027397076661696,5.547945060522391,1.26666667,1.6643835181567175,0.152,0.12,0.032,0.34741784,2.1369862455345507,0.39156627,0.58943089,9.431506602888065,6.878133876401102,2.5533727264869635,"Isaiah Shayter","sa3071274",
2026,"Hudson Pergamit","MAN",,41.1,7.620967976384562,4.572580785830738,1.66666667,0.4354838843648321,0.17156863,0.10294118,0.06862745,0.27810651,1.6451613409338102,0.34090909,0.53030303,8.27419380293181,5.772164319432367,2.5020294834994434,"Hudson Pergamit","sa3070990",
2026,"Caleb Anderson","LBSU",,53,10.69811320754717,3.2264150943396226,3.31578947,0.33962264150943394,0.25925926,0.0781893,0.18106996,0.25700935,1.3962264150943395,0.3557047,0.55418719,6.283018867924528,3.7921689159465286,2.4908499519779994,"Caleb Anderson","sa3069492",
2026,"Brian Foley","UML",22,44,12.477272727272727,6.75,1.84848485,0.20454545454545456,0.26068376,0.14102564,0.11965812,0.31216931,2.090909090909091,0.45669291,0.66276803,7.159090909090909,4.686116495999423,2.472974413091486,"Brian Foley","sa3031510",
2026,"Trent Hillen","NWST",,59,9.152542372881356,2.440677966101695,3.75,0.4576271186440678,0.23255814,0.0620155,0.17054264,0.27659574,1.3728813559322033,0.36046512,0.53699284,6.406779661016949,3.9661183405730687,2.4406613204438803,"Trent Hillen","sa3033838",
2026,"Mason Gass","OHIO",,68.2,4.194174912616578,2.3592233883468254,1.77777778,1.0485437281541445,0.09968847,0.05607477,0.04361371,0.33898305,1.7184466655859592,0.36078431,0.49651568,8.78155372329096,6.346002703488791,2.435551019802169,"Mason Gass","sa3070151",
2026,"Kayden Sutton","ALCN",,55.1,5.0421687905683585,7.319277276631488,0.68888889,0.6506024245894656,0.09872611,0.1433121,-0.04458599,0.32669323,2.295180775635059,0.36111111,0.40172166,10.897590611873548,8.489657374116366,2.4079332377571827,"Kayden Sutton","sa3071406",
2026,"Carter DeGondea","GASO",22,58,8.844827586206897,4.655172413793103,1.9,1.5517241379310345,0.19723183,0.10380623,0.09342561,0.32936508,1.9482758620689655,0.39459459,0.5754717,8.689655172413794,6.335236131733861,2.3544190406799324,"Carter DeGondea","sa3030029",
2026,"Benjamin Hudson","PSU",20,64.1,6.854922008813967,3.0777200855899443,2.22727273,1.1191709402145251,0.16333333,0.07333333,0.09,0.28679245,1.5233160019586591,0.32692308,0.52104208,7.834196581501676,5.480234819604408,2.353961761897268,"Benjamin Hudson","sa3065932",
2026,"Nick Balcom","QUIN",22,45.2,9.26277346471039,3.9416057296639955,2.35,0.9854014324159989,0.20704846,0.08810573,0.11894273,0.31818182,1.817518197567287,0.39726027,0.58823529,7.883211459327991,5.5664307797543895,2.3167806795736015,"Nick Balcom","sa3058543",
2026,"Max Stammel","UVA",20,56,9.964285714285714,4.5,2.21428571,1.2857142857142858,0.23048327,0.10408922,0.12639405,0.27542373,1.6607142857142858,0.34337349,0.48387097,7.553571428571429,5.266096442086356,2.2874749864850727,"Max Stammel","sa3060652",
2026,"Cole Hansen","ELON",23,46,7.826086956521739,3.130434782608696,2.5,1.173913043478261,0.19047619,0.07619048,0.11428571,0.28947368,1.5434782608695652,0.34027778,0.51051051,7.826086956521739,5.54870487710704,2.277382079414699,"Cole Hansen","sa3033158",
2026,"Tyler Sausville","SIE",,52,7.961538461538462,5.365384615384615,1.48387097,0.8653846153846154,0.17228464,0.11610487,0.05617978,0.30901288,1.9807692307692308,0.36813187,0.49494949,7.961538461538462,5.738665514725906,2.222872946812556,"Tyler Sausville","sa3041609",
2026,"Regan Hall","ILL",21,77.2,8.690987409042798,2.201716810290842,3.94736842,0.6952789927234237,0.20949721,0.05307263,0.15642458,0.30513595,1.5450644282742751,0.38,0.57692308,6.025751270269673,3.8707261188942526,2.1550251513754204,"Regan Hall","sa3033041",
2026,"Brandt Corley","ULM",,58.2,9.357954342626348,4.755681715105193,1.96774194,0.9204545255042309,0.20819113,0.10580205,0.10238908,0.31854839,1.8749999593604703,0.40331492,0.58823529,7.823863466785963,5.6967172893364575,2.1271461774495055,"Brandt Corley","sa3029389",
2026,"Ethan Grim","VT",19,45.1,9.727941449331997,4.963235433332652,1.96,0.9926470866665303,0.22171946,0.11312217,0.10859729,0.30729167,1.85294122844419,0.39130435,0.56790123,7.147059023999018,5.046558660371907,2.100500363627112,"Ethan Grim","sa3070225",
2026,"Brady Kehlenbrink","MIZ",,74.1,12.107622904153219,2.905829496996773,4.16666667,1.5739909775399186,0.30769231,0.07384615,0.23384615,0.25925926,1.3587443481327501,0.34782609,0.52995392,6.417040139201206,4.34195047813024,2.075089661070966,"Brady Kehlenbrink","sa3059654",
2026,"Davis Kahn","HARV",,40.2,5.0901637752669355,2.877049090368268,1.76923077,0.44262293697973354,0.11734694,0.06632653,0.05102041,0.32402235,1.7459015847533934,0.36363636,0.56786704,6.86065552318587,4.804596426845142,2.0560590963407277,"Davis Kahn","sa3074321",
2026,"Lucas Alaniz","CSUN",,44,8.181818181818182,3.0681818181818183,2.66666667,0.8181818181818182,0.19323671,0.07246377,0.12077295,0.29120879,1.5454545454545454,0.35507246,0.53867403,7.159090909090909,5.105633752996272,2.0534571560946375,"Lucas Alaniz","sa3065897",
2026,"Jonah Johnson","LMU",,66,7.090909090909091,4.363636363636363,1.625,1.5,0.16099071,0.09907121,0.06191951,0.35,1.9696969696969697,0.40092166,0.54140127,9,6.9590504126115285,2.0409495873884715,"Jonah Johnson","sa3059612",
2026,"Hayden Capers","UIW",,38.2,5.120689486776895,6.0517239389181485,0.84615385,1.8620689042825072,0.11398964,0.13471503,-0.02072539,0.32926829,2.068965449202786,0.34328358,0.55710306,10.008620360518476,7.971232183991662,2.0373881765268145,"Hayden Capers","sa3069742",
2026,"Tyler Hartley","MRST",21,59,5.796610169491525,4.728813559322034,1.22580645,0.15254237288135594,0.13103448,0.10689655,0.02413793,0.31325301,1.847457627118644,0.36666667,0.57823129,7.322033898305085,5.313306974960586,2.008726923344499,"Tyler Hartley","sa3033346",
2026,"Simon Yochum","DAV",,48.1,10.241379579777673,2.234482817406038,4.58333333,0.5586207043515095,0.23504274,0.05128205,0.18376068,0.30985915,1.6137931459043606,0.40645161,0.55555556,6.1448277478666045,4.143834389245468,2.0009933586211366,"Simon Yochum","sa3065963",
2026,"Garrison Sumner","BYU",22,66.1,11.532662874436005,3.798994829225978,3.03571429,1.2211054808226358,0.28052805,0.09240924,0.18811881,0.2761194,1.537688383258134,0.37356322,0.60165975,6.783919337903532,4.829979843967013,1.9539394939365184,"Garrison Sumner","sa3043328",809828
2026,"Ryan Weaver","NU",23,70.2,6.87735873806643,3.3113208738838367,2.07692308,1.146226456344405,0.16463415,0.07926829,0.08536585,0.29896907,1.5990566613199724,0.34210526,0.56552962,7.386792718663943,5.452959555432059,1.933833163231884,"Ryan Weaver","sa3044898",
2026,"Colton Kennedy","UVU",22,56,9.803571428571429,5.946428571428571,1.64864865,1.2857142857142858,0.21708185,0.1316726,0.08540925,0.28270042,1.8571428571428572,0.35119048,0.4509018,8.196428571428571,6.266854613167899,1.9295739582606721,"Colton Kennedy","sa3035262",
2026,"Trey Cehajic","TULN",,55.2,7.9221555076609285,5.011975933418138,1.58064516,1.2934131441079066,0.17375887,0.10992908,0.06382979,0.31380753,1.9041915732699737,0.36813187,0.61797753,8.245508793687906,6.31709615170257,1.9284126419853358,"Trey Cehajic","sa3028689",
2026,"Casan Evans","LSU",20,60.2,13.203296426557259,4.5989010025087085,2.87096774,1.038461516695515,0.32600733,0.11355311,0.21245421,0.22881356,1.4010988717320438,0.33571429,0.591133,5.934065809688656,4.0245504055315715,1.9095154041570845,"Casan Evans","sa3059150",
2026,"Sam Kretsch","SMC",19,60.2,10.532966812197364,3.4120878405709774,3.08695652,0.8901098714532983,0.25266904,0.08185053,0.17081851,0.27710843,1.516483484698212,0.36627907,0.59395248,6.824175681141955,4.941068383573752,1.8831072975682028,"Sam Kretsch","sa3059724",
2026,"Mason Glickman","UNH",,47.2,7.363636167202499,4.7202795943605755,1.56,0.7552447350976921,0.1547619,0.09920635,0.05555556,0.36320755,2.1398600827767944,0.43195266,0.51166966,9.251748004946728,7.38665184749182,1.865096157454908,"Mason Glickman","sa3074286",
2026,"David Thomas","SJSU",23,73.2,7.208145045220735,2.5656109482989056,2.80952381,1.0995475492709594,0.17352941,0.06176471,0.11176471,0.32278481,1.6696833155596051,0.375,0.51146384,7.819004794815712,5.981935246111182,1.8370695487045303,"David Thomas","sa3043688",
2026,"Gavin Sentell","NCAT",23,50.1,6.258278303797597,3.9337749338156325,1.59090909,1.9668874669078162,0.13257576,0.08333333,0.04924242,0.33189655,1.9668874669078162,0.35483871,0.43803419,9.476821431464932,7.6454512907524865,1.8313701407124459,"Gavin Sentell","sa3060544",
2026,"Joseph Taylor","CLT",21,54,9.666666666666666,5.333333333333333,1.8125,0.3333333333333333,0.22745098,0.1254902,0.10196078,0.26818182,1.6851851851851851,0.35625,0.61403509,6,4.169724284278022,1.830275715721978,"Joseph Taylor","sa3043573",
2026,"Nate Isler","DART",21,65,11.076923076923077,3.4615384615384617,3.2,0.13846153846153847,0.27491409,0.08591065,0.18900344,0.2605364,1.4307692307692308,0.37222222,0.61076605,4.984615384615385,3.165378291790302,1.8192370928250825,"Nate Isler","sa3034457",
2026,"Wilson Perkins","DAV",,72.1,6.221197937954039,2.7373270926997773,2.27272727,0.9953916700726463,0.14450867,0.06358382,0.08092486,0.34591195,1.8248847284665182,0.39230769,0.59936909,7.341013566785766,5.525941453956927,1.8150721128288394,"Wilson Perkins","sa3039734",
2026,"Jayden Barroqueiro","HALL",22,46.2,7.3285712288837095,3.278571339237449,2.23529412,0.7714285504088115,0.17431193,0.07798165,0.09633028,0.28787879,1.5857142425070014,0.33974359,0.40616246,6.942856953679304,5.138350166009397,1.804506787669907,"Jayden Barroqueiro","sa3066599",
2026,"Jack Pye","W&M",,43,7.116279069767442,6.488372093023256,1.09677419,1.6744186046511629,0.15246637,0.13901345,0.01345292,0.32065217,2.0930232558139537,0.35915493,0.49539171,9.627906976744185,7.84597484677337,1.7819321299708157,"Jack Pye","sa3071057",
2026,"Jake Moss","PENN",21,47.1,8.746479108205422,4.753521254459469,1.84,0.38028170035675746,0.19742489,0.10729614,0.09012876,0.28640777,1.7746479349982016,0.36075949,0.54086538,6.084507205708119,4.359202785677343,1.7253044200307759,"Jake Moss","sa3038467",
2026,"Tyler Guerin","IOWA",20,51.2,7.3161288522011825,6.096774043500985,1.2,0.3483870882000563,0.1627907,0.13565891,0.02713178,0.28921569,1.8193547939336274,0.35625,0.63520871,7.49032239630121,5.7677494630406745,1.722572933260536,"Tyler Guerin","sa3066030",
2026,"Shane Sdao","TA&M",22,71.2,10.42325618382853,2.51162799610326,4.15,2.009302396882608,0.24483776,0.05899705,0.18584071,0.31410256,1.6465116863343594,0.38497653,0.64327485,7.032558389089128,5.345225148889555,1.6873332401995729,"Shane Sdao","sa3041884",
2026,"Sam Novotny","SDST",22,65.1,6.749999737253004,3.7193876103230843,1.81481481,1.2397958701076948,0.15705128,0.08653846,0.07051282,0.29642857,1.683673403849956,0.33333333,0.48828125,7.9897956073606995,6.3242138702935975,1.665581737067102,"Sam Novotny","sa3038956",
2026,"Sean Hamilton","HOF",22,42.2,6.74999979883433,5.484374836552893,1.23076923,0.42187498742714563,0.14678899,0.11926606,0.02752294,0.34090909,2.0156249399296957,0.4084507,0.61491935,8.015624761115767,6.3503352504223605,1.6652895106934062,"Sean Hamilton","sa3033088",
2026,"Chase Snavely","DSU",,46.2,5.97857126566829,7.7142855040881155,0.775,0.9642856880110144,0.125,0.16129032,-0.03629032,0.35602094,2.3142856512264345,0.40645161,0.55084746,10.799999705723362,9.143195255045992,1.6568044506773703,"Chase Snavely","sa3060630",
2026,"Jack Turner","NMSU",22,58.1,9.411428776581438,5.091428682412909,1.84848485,0.4628571529466281,0.21708185,0.11743772,0.09964413,0.29166667,1.7657143242038034,0.38068182,0.58052434,6.480000141252793,4.837782152681935,1.6422179885708577,"Jack Turner","sa3060798",
2026,"Reese Lueck","UNLV",21,47,8.042553191489361,4.787234042553192,1.68,0.9574468085106383,0.175,0.10416667,0.07083333,0.33490566,2.0425531914893615,0.4,0.54347826,8.042553191489361,6.4011130312655835,1.6414401602237776,"Reese Lueck","sa3036663",
2026,"Davis Wright","WCU",,49,8.448979591836734,2.020408163265306,4.18181818,2.020408163265306,0.20175439,0.04824561,0.15350877,0.3062201,1.530612244897959,0.34868421,0.59171598,7.714285714285714,6.078463842430893,1.6358218718548212,"Davis Wright","sa3060973",
2026,"Tate Jones","NJIT",20,50.2,5.861841958150313,1.9539473193834376,3,0.17763157448940342,0.13924051,0.0464135,0.092827,0.30875576,1.5394736455748295,0.36065574,0.52570093,5.861841958150313,4.233365296359868,1.6284766617904447,"Tate Jones","sa3059627",
2026,"Shane McAlinden","CSUB",,56.1,5.2721894681172,5.911242736979891,0.89189189,0.47928995164701815,0.11619718,0.13028169,-0.01408451,0.32083333,2.0236686847318546,0.3627451,0.54794521,7.508875909136618,5.901357302330635,1.607518606805983,"Shane McAlinden","sa3037413",
2026,"Caden Crowell","ND",20,53.2,10.062111562832861,4.36024834389424,2.30769231,1.6770185938054767,0.23622047,0.1023622,0.13385827,0.31818182,1.7888198333925085,0.4,0.65555556,7.546583672124646,5.942338628663331,1.6042450434613151,"Caden Crowell","sa3069881",
2026,"Brayden Marks","NDSU",22,40.2,3.9836064328176017,4.204917901307469,0.94736842,0.44262293697973354,0.08866995,0.09359606,-0.00492611,0.34269663,1.9672130532432601,0.37341772,0.56490385,7.745901397145337,6.162370462937884,1.5835309342074533,"Brayden Marks","sa3037063",
2026,"Vincent Spizzoucco","PITT",23,48,7.3125,3.75,1.95,1.6875,0.18139535,0.09302326,0.08837209,0.27604167,1.5208333333333333,0.30555556,0.47318612,7.6875,6.105382156372071,1.5821178436279286,"Vincent Spizzoucco","sa3042857",
2026,"Riley Peterson","MILW",21,71.2,9.418604985387224,3.390697794739401,2.77777778,0.502325599220652,0.22727273,0.08181818,0.14545455,0.27017544,1.4511628421929947,0.35436893,0.53264605,7.032558389089128,5.467640458174563,1.5649179309145653,"Riley Peterson","sa3039793",
2026,"Aidan Weaver","DUKE",22,65,12.046153846153846,4.984615384615385,2.41666667,1.1076923076923078,0.29,0.12,0.17,0.2578125,1.5692307692307692,0.36024845,0.63765182,6.369230769230769,4.8092283102182245,1.5600024590125443,"Aidan Weaver","sa3044893",
2026,"Parker Dillhoff","UNLV",22,69.1,12.201922629359222,5.581730564494112,2.18604651,1.0384615003709976,0.28143713,0.12874251,0.15269461,0.28169014,1.774038396467121,0.3956044,0.53872054,7.528845877689733,5.9700573498680765,1.5587885278216564,"Parker Dillhoff","sa3030336",
2026,"Jace Terry","LAS",,50.1,6.258278303797597,5.721854449186375,1.09375,1.072847709222445,0.14344262,0.13114754,0.01229508,0.30348259,1.8476821658831,0.34375,0.55439331,8.58278167377956,7.031206008376934,1.551575665402627,"Jace Terry","sa3073818",
2026,"Devin Kriley","ALCN",,47.1,9.507042508918937,8.556338258027044,1.11111111,0.5704225505351362,0.18726592,0.16853933,0.01872659,0.32857143,2.4084507689261305,0.42038217,0.50082102,9.12676080856218,7.578661265143374,1.5480995434188056,"Devin Kriley","sa3070537",
2026,"Bryson Goff","UNO",,53,8.150943396226415,4.9245283018867925,1.65517241,1.528301886792453,0.18604651,0.1124031,0.07364341,0.32,1.9056603773584906,0.375,0.57359307,7.981132075471698,6.43365911447777,1.547472960993928,"Bryson Goff","sa3070178",
2026,"Jason Buhl","WIU",23,63.1,6.3947369704946615,3.2684211182528267,1.95652174,1.2789473940989322,0.15050167,0.07692308,0.0735786,0.31617647,1.7210526661331311,0.35321101,0.56772908,7.389473832571609,5.845816857293043,1.5436569752785658,"Jason Buhl","sa3027993",
2026,"Owen Kramkowski","ARIZ",20,72,9.375,1.875,5,1.25,0.22255193,0.04451039,0.17804154,0.30914826,1.5694444444444444,0.37931034,0.56730769,6.125,4.60161583158705,1.5233841684129503,"Owen Kramkowski","sa3035687",
2026,"Sergio Lopez","RGV",,60.2,10.532966812197364,2.8186812596021116,3.73684211,1.038461516695515,0.25912409,0.06934307,0.18978102,0.29365079,1.5329670008362362,0.38505747,0.59164733,5.934065809688656,4.4167609131519034,1.5173048965367526,"Sergio Lopez","sa3059847",
2026,"Nick Dugan","STAN",22,54,7.666666666666667,4.333333333333333,1.76923077,1,0.17490494,0.09885932,0.07604563,0.30172414,1.7777777777777777,0.35555556,0.58315335,6.833333333333333,5.318345119335033,1.5149882139982997,"Nick Dugan","sa3030629",
2026,"Jack Ohman","YALE",20,66.2,12.150000463485735,4.050000154495245,3,0.6750000257492075,0.29605263,0.09868421,0.19736842,0.2518797,1.4550000555038474,0.3625731,0.63265306,5.535000211143502,4.027301368141175,1.507698843002327,"Jack Ohman","sa3065376",
2026,"Jeb Johnson","MER",,51.1,7.363636546039248,4.207792312022428,1.75,0.5259740390028035,0.175,0.1,0.075,0.29716981,1.6948052367868112,0.35928144,0.56451613,6.13636378836604,4.634122488337437,1.5022413000286035,"Jeb Johnson","sa3034765",
2026,"Ross Norman","CCU",21,78,7.5,2.1923076923076925,3.42105263,0.9230769230769231,0.18361582,0.05367232,0.1299435,0.2962963,1.4743589743589745,0.35059761,0.59233449,6.461538461538462,4.966093779832889,1.4954446817055729,"Ross Norman","sa3038928",
2026,"Gaines Estridge","AFA",21,64.2,5.7061857914162,2.2268042112843704,2.5625,1.2525773688474584,0.13442623,0.05245902,0.08196721,0.32179931,1.685567076597197,0.35146444,0.44605809,7.793814739495296,6.301639512976625,1.492175226518671,"Gaines Estridge","sa3031047",
2026,"Logan Pikur","MSU",21,50,6.48,2.52,2.57142857,0.9,0.15254237,0.05932203,0.09322034,0.30985915,1.6,0.35465116,0.6097561,6.48,4.994846286773682,1.4851537132263184,"Logan Pikur","sa3039919",
2026,"Ross Felder","MOST",,56,8.678571428571429,1.2857142857142858,6.75,0.48214285714285715,0.21686747,0.03212851,0.18473896,0.30252101,1.4285714285714286,0.38121547,0.5964467,4.982142857142857,3.509210709163121,1.4729321479797357,"Ross Felder","sa3070066",
2026,"Carson Lane","UNLV",21,62.1,10.106952077834023,5.486631127967041,1.84210526,1.2994652671500888,0.22580645,0.12258065,0.10322581,0.32330827,1.9893048534149507,0.41176471,0.57921635,8.229946691950563,6.766797445137374,1.463149246813189,"Carson Lane","sa3035914",
2026,"Mark Rogers","CAN",,40,7.425,4.275,1.73684211,1.575,0.16666667,0.0959596,0.07070707,0.33714286,1.95,0.38518519,0.59556787,8.1,6.646357822418214,1.453642177581786,"Mark Rogers","sa3071154",
2026,"Lucas Davenport","BAY",22,63.1,9.80526335475848,2.2736842561758794,4.3125,1.2789473940989322,0.2455516,0.0569395,0.1886121,0.29069767,1.4368421341111461,0.36666667,0.6206089,6.252631704483669,4.803955028090121,1.4486766763935481,"Lucas Davenport","sa3058992",
2026,"Cooper Smith","UNCA",,70.2,6.11320776717016,2.29245291268881,2.66666667,0.6367924757468917,0.15238095,0.05714286,0.0952381,0.27491409,1.386792502737675,0.31512605,0.48453608,6.367924757468916,4.925362249777045,1.4425625076918713,"Cooper Smith","sa3071315",
2026,"Trevor Hansen","UCI",21,78.1,11.029786875954912,3.217021172153516,3.42857143,0.344680839873591,0.27507163,0.08022923,0.19484241,0.24358974,1.327659531364943,0.342723,0.55147059,4.940425371521471,3.501281739455534,1.439143632065937,"Trevor Hansen","sa3033171",
2026,"Carter Fink","NIA",,55.2,7.4371255786204635,4.041916075337208,1.84,1.2934131441079066,0.16487455,0.08960573,0.07526882,0.34285714,1.9580837876078032,0.39790576,0.58052434,7.76047886464744,6.344261967255732,1.416216897391708,"Carter Fink","sa3031341",
2026,"Colter McAnelly","UTAH",21,67.1,9.356435290178533,4.143564199936208,2.25806452,1.3366336128826477,0.22727273,0.10064935,0.12662338,0.25912409,1.5148514279336673,0.31443299,0.54945055,6.816831425701503,5.412396858089312,1.4044345676121912,"Colter McAnelly","sa3037419",
2026,"Cam Appenzeller","TENN",19,56.2,10.16470565426309,2.3823528877179116,4.26666667,0.7941176292393038,0.28070175,0.06578947,0.21491228,0.23584906,1.1470587977901054,0.31468531,0.61016949,4.764705775435823,3.3642401418058934,1.40046563362993,"Cam Appenzeller","sa3069507",
2026,"Hayden Lewis","WASH",22,69.2,7.622009847613972,3.358851797253615,2.26923077,0.775119645520065,0.18971061,0.08360129,0.10610932,0.2688172,1.4497608184727142,0.32242991,0.56795132,5.942583948987165,4.558674067313009,1.383909881674156,"Hayden Lewis","sa3036299",
2026,"Marcus Monroe","SPU",,49.1,4.743243365500254,7.844594796788881,0.60465116,1.0945946228077508,0.1031746,0.17063492,-0.06746032,0.33823529,2.270270328786446,0.36627907,0.5801105,9.121621856731256,7.742303857183354,1.3793179995479017,"Marcus Monroe","sa3038237",
2026,"Brady Hamilton","WICH",20,74,8.14864864864865,3.2837837837837838,2.48148148,0.6081081081081081,0.19308357,0.0778098,0.11527378,0.30990415,1.6756756756756757,0.38174274,0.60483871,5.716216216216216,4.33789245244619,1.3783237637700259,"Brady Hamilton","sa3033073",
2026,"Chase Carver","BELL",21,50,4.86,3.42,1.42105263,1.08,0.1097561,0.07723577,0.03252033,0.32589286,1.84,0.35078534,0.48498845,7.38,6.0069899559021,1.3730100440979003,"Chase Carver","sa3028552",
2026,"Connor Throneberry","MAN",23,42,7.714285714285714,6.857142857142857,1.125,1.0714285714285714,0.17560976,0.15609756,0.0195122,0.2797619,1.880952380952381,0.33070866,0.55844156,8.142857142857142,6.772548298608689,1.370308844248453,"Connor Throneberry","sa3043807",
2026,"Abdriel Figueroa","USI",,50.1,6.4370862553346715,5.006622643038077,1.28571429,0.3576159030741484,0.140625,0.109375,0.03125,0.27619048,1.7086093146875978,0.3255814,0.54347826,7.331126013020042,5.968368280873447,1.3627577321465951,"Abdriel Figueroa","sa3031310",
2026,"Tristan Helmick","LAF",21,62.1,8.951871840367279,2.7433155639835207,3.26315789,0.28877005936668637,0.21602787,0.06620209,0.14982578,0.28853755,1.475935858985286,0.37566138,0.5950096,5.775401187333728,4.420653820836911,1.3547473664968166,"Tristan Helmick","sa3033569",
2026,"Finbar OBrien","GONZ",21,47,10.340425531914894,6.127659574468085,1.6875,0.9574468085106383,0.24107143,0.14285714,0.09821429,0.27956989,1.7872340425531914,0.37007874,0.55421687,7.276595744680851,5.924234165029323,1.3523615796515278,"Finbar OBrien","sa3039003",
2026,"Mason Brassfield","TCU",20,49,12.673469387755102,5.142857142857143,2.46428571,1.1020408163265305,0.2875,0.11666667,0.17083333,0.28640777,1.7755102040816326,0.40458015,0.63829787,6.244897959183674,4.903203133174351,1.3416948260093227,"Mason Brassfield","sa3058719",
2026,"Aden Knowles","TOW",20,61,7.967213114754099,4.278688524590164,1.86206897,1.6229508196721312,0.18815331,0.1010453,0.08710801,0.30278884,1.721311475409836,0.34946237,0.56935818,7.967213114754099,6.632097606971616,1.3351155077824828,"Aden Knowles","sa3070521",
2026,"Gavin Moczydlowsky","CMU",21,49.2,8.154362207339442,4.711409275351677,1.73076923,1.812080490519876,0.17928287,0.10358566,0.07569721,0.32882883,1.9932885395718636,0.37724551,0.51136364,8.516778305443417,7.184602952303102,1.3321753531403147,"Gavin Moczydlowsky","sa3038196",
2026,"Jayden Harper","CSUF",22,45.2,9.65693403767679,4.729926875596795,2.04166667,1.1824817188991987,0.22580645,0.11059908,0.11520737,0.3,1.773722578348798,0.37777778,0.64814815,6.700729740428793,5.373218320978363,1.3275114194504303,"Jayden Harper","sa3059415",
2026,"Griffin Stieg","VT",22,66.1,7.055276111419674,4.477386763016331,1.57575758,1.3567838675807065,0.16403785,0.10410095,0.05993691,0.31272727,1.793969780467823,0.35680751,0.63157895,7.462311271693886,6.146839354952819,1.3154719167410667,"Griffin Stieg","sa3043121",703495
2026,"David Leslie","PITT",23,65,10.384615384615385,4.015384615384615,2.5862069,1.2461538461538462,0.24429967,0.09446254,0.14983713,0.28518519,1.6307692307692307,0.3655914,0.59171598,6.369230769230769,5.055382156372071,1.3138486128586981,"David Leslie","sa3070592",
2026,"Alex Hwang","YALE",20,40.1,8.033058104493263,5.578512572564766,1.44,0.22314050290259063,0.19148936,0.13297872,0.05851064,0.24836601,1.5619835203181345,0.31896552,0.58659218,6.4710745841751285,5.182797272437731,1.2882773117373976,"Alex Hwang","sa3065545",
2026,"Max Treonze","LEH",,39.1,7.5508477017304925,4.118644200943905,1.83333333,0,0.18131868,0.0989011,0.08241758,0.28301887,1.6016949670337408,0.35714286,0.57352941,5.720339167977645,4.432753885439572,1.287585282538073,"Max Treonze","sa3066244",
2026,"Lakin Polk","SELA",,46,5.478260869565218,3.130434782608696,1.75,0.5869565217391305,0.13333333,0.07619048,0.05714286,0.28645833,1.5434782608695652,0.32298137,0.55232558,6.260869565217392,4.973855997168499,1.2870135680488923,"Lakin Polk","sa3040041",
2026,"Beau Beaty","PV",22,72,4.375,3.625,1.20689655,0.625,0.1026393,0.08504399,0.01759531,0.30169492,1.6388888888888888,0.32941176,0.515625,8.375,7.101939762963189,1.2730602370368107,"Beau Beaty","sa3058589",
2026,"Folger Boaz","UNC",22,59.1,8.494382204514025,3.792134912729476,2.24,1.3651685685826114,0.19047619,0.08503401,0.10544218,0.32824427,1.8707865569465414,0.39086294,0.66413662,6.825842842913056,5.5576293838639685,1.2682134590490879,"Folger Boaz","sa3027294",
2026,"Nolan Higgins","MSU",21,45,12.4,2.6,4.76923077,1.2,0.30097087,0.0631068,0.23786408,0.28723404,1.488888888888889,0.4,0.59748428,5.2,3.9326240645514594,1.2673759354485408,"Nolan Higgins","sa3033791",
2026,"Brady Miller","BC",21,56.1,9.90532566737171,3.6745562959604725,2.69565217,1.118343220509709,0.24409449,0.09055118,0.15354331,0.27111111,1.4911242940129454,0.34615385,0.57356608,6.071006054195563,4.813962059666107,1.2570439945294565,"Brady Miller","sa3066389",
2026,"Ruger Riojas","TEX",22,81.2,13.224490207734094,2.3142857863534667,5.71428571,0.7714285954511555,0.35502959,0.06213018,0.29289941,0.23322684,1.151020444006486,0.35483871,0.70294785,3.9673470623202287,2.722823541022399,1.2445235212978298,"Ruger Riojas","sa3040781",
2026,"Sam Hliboki","NU",24,51.1,6.837662507036445,2.6298701950140173,2.6,2.454545515346416,0.15983607,0.06147541,0.09836066,0.31363636,1.6363636768976106,0.32934132,0.57220708,8.415584624044856,7.183417800273437,1.2321668237714185,"Sam Hliboki","sa3033884",
2026,"Joey Cirelli","BRAD",,49,5.510204081632653,4.775510204081633,1.15384615,2.5714285714285716,0.11583012,0.1003861,0.01544402,0.375,2.2448979591836733,0.38888889,0.5331992,10.285714285714286,9.055470005346805,1.2302442803674811,"Joey Cirelli","sa3028945",
2026,"Christian Charalambous","PRES",21,64,7.03125,3.375,2.08333333,1.125,0.16835017,0.08080808,0.08754209,0.3030303,1.625,0.34951456,0.57956778,7.171875,5.9545485496521,1.2173264503479002,"Christian Charalambous","sa3028760",
2026,"Eric Rawlings","WIU",21,52.1,9.286624429462808,4.987261267674471,1.86206897,0.8598726323576674,0.21176471,0.11372549,0.09803922,0.29953917,1.7961783875915718,0.37974684,0.64583333,6.707006532389806,5.497241596214342,1.209764936175464,"Eric Rawlings","sa3060336",
2026,"Ethan Nardacci","ALB",,47.1,7.60563400713515,4.753521254459469,1.6,1.1408451010702725,0.17467249,0.10917031,0.06550218,0.29353234,1.7746479349982016,0.34193548,0.50890585,7.035211456600013,5.827601817826672,1.2076096387733415,"Ethan Nardacci","sa3065101",
2026,"Nolan Geisler","UML",,53,5.943396226415095,2.3773584905660377,2.5,0.8490566037735849,0.14522822,0.05809129,0.08713693,0.31981982,1.6037735849056605,0.36263736,0.60240964,6.283018867924528,5.07633948056203,1.206679387362498,"Nolan Geisler","sa3059289",
2026,"Andrew Steinhaus","RAD",21,46.2,7.135714091281507,5.399999852861681,1.32142857,0.7714285504088115,0.16517857,0.125,0.04017857,0.28645833,1.7785713801092045,0.33774834,0.55282555,7.135714091281507,5.930887792159101,1.2048262991224057,"Andrew Steinhaus","sa3043019",
2026,"Jake Rifenburg","NU",19,51.1,6.837662507036445,3.506493593352023,1.95,0.8766233983380057,0.15789474,0.08097166,0.07692308,0.30555556,1.6753247168237442,0.35465116,0.63333333,6.4870131477012425,5.313287883819026,1.1737252638822167,"Jake Rifenburg","sa3071120",
2026,"Walker Fuller","NORF",22,51,5.647058823529412,4.764705882352941,1.18518519,1.2352941176470589,0.12355212,0.1042471,0.01930502,0.33039648,2,0.36170213,0.4218107,9,7.826388633952421,1.173611366047579,"Walker Fuller","sa3059250",
2026,"Anthony Solis","EIU",,69,6.521739130434782,3.9130434782608696,1.66666667,2.0869565217391304,0.15151515,0.09090909,0.06060606,0.31418919,1.7826086956521738,0.33478261,0.57361377,8.347826086956522,7.184031926030698,1.163794160925823,"Anthony Solis","sa3042722",
2026,"Diego Alvarez","UNM",22,50.2,5.3289472346821025,2.8421051918304547,1.875,1.4210525959152274,0.11952191,0.06374502,0.05577689,0.37554585,2.0131578442132385,0.40837696,0.59917355,8.34868400100196,7.189186884954037,1.1594971160479233,"Diego Alvarez","sa3062554",
2026,"Nate Harris","UK",,46,8.41304347826087,4.695652173913044,1.79166667,0.782608695652174,0.20772947,0.11594203,0.09178744,0.23863636,1.434782608695652,0.29457364,0.60830861,6.065217391304348,4.911554713871168,1.1536626774331795,"Nate Harris","sa3065804",
2026,"Diego Gutierrez","USD",23,66.2,11.340000432586686,4.320000164794928,2.625,1.350000051498415,0.28093645,0.10702341,0.17391304,0.26996198,1.545000058937075,0.36094675,0.61290323,6.6150002523422335,5.463595907211305,1.1514043451309286,"Diego Gutierrez","sa3032876",
2026,"Colin Fitzgerald","PSU",23,56.2,10.641176231806671,4.923529301283684,2.16129032,1.429411732630747,0.23508772,0.10877193,0.12631579,0.31726908,1.9411764270294094,0.40462428,0.59570313,6.511764559762291,5.36072860367983,1.1510359560824615,"Colin Fitzgerald","sa3031401",
2026,"Elliot Eaton","PRIN",21,48,6.9375,4.3125,1.60869565,0.9375,0.15948276,0.09913793,0.06034483,0.27083333,1.5625,0.31333333,0.57647059,7.5,6.354801368713379,1.145198631286621,"Elliot Eaton","sa3030751",
2026,"Michael Lane","DSU",,73.1,10.7999996254661,3.804545322607376,2.83870968,0.9818181477696454,0.252149,0.08882521,0.16332378,0.29581994,1.6772726691064777,0.39069767,0.496633,7.118181571329929,5.987351180935695,1.1308303903942338,"Michael Lane","sa3035918",
2026,"Zack Konstantinovsky","RUTG",21,70.2,10.570755097398402,2.8018868932863232,3.77272727,1.2735849514937834,0.27124183,0.07189542,0.19934641,0.28571429,1.443396278359621,0.37433155,0.65217391,5.476415291423268,4.349185930804114,1.127229360619154,"Zack Konstantinovsky","sa3035630",
2026,"Logan Wilson","NKU",,48,6.9375,5.625,1.23333333,1.5,0.14509804,0.11764706,0.02745098,0.3440367,2.1875,0.38728324,0.56547619,9,7.88886137008667,1.11113862991333,"Logan Wilson","sa3060941",
2026,"Carter Casabella","TNTC",,68,6.088235294117647,3.0441176470588234,2,0.6617647058823529,0.14511041,0.07255521,0.07255521,0.2972028,1.588235294117647,0.34042553,0.49541284,6.220588235294118,5.111141900455251,1.109446334838867,"Carter Casabella","sa3058831",
2026,"Wyatt Danilowicz","LOU",22,69,10.956521739130435,4.173913043478261,2.625,1.173913043478261,0.26837061,0.10223642,0.16613419,0.26470588,1.5072463768115942,0.35195531,0.62749004,6,4.898860417241636,1.101139582758364,"Wyatt Danilowicz","sa3029833",
2026,"Luke Howe","LBSU",,85.2,7.038910714796214,2.206225746428664,3.19047619,0.3151751066326663,0.17585302,0.05511811,0.12073491,0.28125,1.400778251700739,0.34042553,0.62197092,5.042801706122661,3.9440667180344042,1.0987349880882564,"Luke Howe","sa3073563",
2026,"Joseph LoPinto","CAN",21,72,6.875,4.625,1.48648649,0.875,0.15759312,0.10601719,0.05157593,0.28239203,1.6944444444444444,0.32635983,0.56818182,7.125,6.032468933529325,1.0925310664706753,"Joseph LoPinto","sa3036559",
2026,"Brady Hoover","LONG",,64.2,5.845361054621472,1.948453684873824,3,0.4175257896158195,0.14285714,0.04761905,0.0952381,0.28888889,1.42268046832057,0.33333333,0.54192229,5.845361054621472,4.762699339267919,1.0826617153535532,"Brady Hoover","sa3070360",
2026,"Trajan Lee","GTWN",,53.1,8.943750213235623,5.062500120699409,1.76666667,0.8437500201165681,0.2046332,0.11583012,0.08880309,0.25714286,1.5750000375509272,0.32236842,0.52083333,7.425000177025799,6.3544216629862795,1.0705785140395196,"Trajan Lee","sa3070580",
2026,"Andrew Jones","VMI",21,46,8.41304347826087,5.478260869565218,1.53571429,2.347826086956522,0.19111111,0.12444444,0.06666667,0.29166667,1.826086956521739,0.32116788,0.58171745,8.608695652173912,7.548295253256093,1.0604003989178192,"Andrew Jones","sa3034839",
2026,"Adam Behrens","LMU",,68,5.955882352941177,1.9852941176470589,3,1.7205882352941178,0.14150943,0.04716981,0.09433962,0.31292517,1.5735294117647058,0.33474576,0.55214724,7.676470588235294,6.6341841024511,1.042286485784194,"Adam Behrens","sa3026881",
2026,"Tyler Murphy","FAU",22,49.1,7.2972974853850054,6.02027042544263,1.21212121,0.36486487426925024,0.16326531,0.13469388,0.02857143,0.25380711,1.6824324757970983,0.30967742,0.55672269,6.75000017398113,5.716270877846496,1.0337292961346343,"Tyler Murphy","sa3038596",
2026,"Davis Webb","BRAD",21,52.2,11.449366812178049,7.518987160236331,1.52272727,0.5126582154706589,0.25670498,0.16858238,0.08812261,0.24519231,1.8037974248041702,0.34782609,0.5511022,6.664556801118565,5.638006788200913,1.0265500129176521,"Davis Webb","sa3071571",
2026,"Chase Carson","CLT",23,61,7.524590163934426,3.3934426229508197,2.2173913,0.8852459016393442,0.17586207,0.07931034,0.09655172,0.29007634,1.6229508196721312,0.34146341,0.59623431,5.901639344262295,4.875553063877294,1.0260862803850017,"Chase Carson","sa3028512",
2026,"JT Raab","GTWN",22,45.2,13.007298907891185,2.759124010764797,4.71428571,2.3649634377983975,0.31428571,0.06666667,0.24761905,0.30769231,1.6204379110840872,0.41025641,0.6185567,6.897810026911992,5.877870478638451,1.0199395482735412,"JT Raab","sa3040359",
2026,"Ben Smith","HCU",22,61.1,7.923913207757228,3.3750000699706715,2.34782609,1.3206522012928714,0.19354839,0.08243728,0.11111111,0.29644269,1.5978261200827333,0.34736842,0.57692308,6.603261006464357,5.587986461359072,1.0152745451052851,"Ben Smith","sa3060600",
2026,"Logan Eisenreich","VT",20,46,11.347826086956522,5.086956521739131,2.23076923,1.173913043478261,0.26244344,0.11764706,0.14479638,0.29473684,1.7826086956521738,0.3968254,0.69974555,6.065217391304348,5.051034330285114,1.0141830610192333,"Logan Eisenreich","sa3059122",
2026,"Cooper Consiglio","NCSU",20,60,10.65,4.35,2.44827586,1.8,0.25724638,0.10507246,0.15217391,0.26666667,1.55,0.33121019,0.52884615,6.9,5.888715489705404,1.0112845102945967,"Cooper Consiglio","sa3029269",
2026,"Will Turner","UTM",,48.1,7.448276058020126,3.53793112755956,2.10526316,1.4896552116040254,0.18348624,0.08715596,0.09633028,0.28125,1.5103448673207478,0.31944444,0.56686047,7.262069156569623,6.250898548266836,1.0111706083027876,"Will Turner","sa3071487",
2026,"Zach Kilby","FAU",22,47.2,9.251748004946728,1.1328671026465382,8.16666667,0.5664335513232691,0.24257426,0.02970297,0.21287129,0.27225131,1.2167831843240595,0.35251799,0.6122449,4.342657226811729,3.3464919755963556,0.9961652512153738,"Zach Kilby","sa3059677",
2026,"Brady Pendley","GASO",22,61.2,9.048648462065652,3.5027026304770263,2.58333333,0.7297297146827137,0.21232877,0.08219178,0.13013699,0.30268199,1.6702702358293227,0.3814433,0.6407767,5.691891774525168,4.6969322993025635,0.9949594752226041,"Brady Pendley","sa3039670",
2026,"Ethan Smith","LIN",22,49.1,6.75000017398113,3.2837838684232525,2.05555556,0.7297297485385005,0.16894977,0.08219178,0.08675799,0.28350515,1.4797297678697372,0.33333333,0.57795699,6.2027028625772545,5.214878017176147,0.9878248454011072,"Ethan Smith","sa3060609",
2026,"Preston Crowl","VT",21,47.1,9.12676080856218,4.9436621046378475,1.84615385,2.091549351962166,0.22222222,0.12037037,0.10185185,0.2712766,1.6267606070816847,0.31007752,0.61320755,7.60563400713515,6.622987864524028,0.9826461426111219,"Preston Crowl","sa3029616",
2026,"Jose Cherena","ALCN",,50.2,5.506578809171506,8.34868400100196,0.65957447,1.243421021425824,0.10839161,0.16433566,-0.05594406,0.34801762,2.486842042851648,0.38095238,0.49921997,10.302631320385398,9.320506912387312,0.9821244079980858,"Jose Cherena","sa3069791",
2026,"Brian Crooms","GAST",24,53.2,5.366459500177526,5.0310557814164305,1.06666667,0.8385092969027383,0.11940299,0.1119403,0.00746269,0.29680365,1.7701862934613366,0.32967033,0.58878505,7.88198739088574,6.9033448691335195,0.9786425217522208,"Brian Crooms","sa3029584",
2026,"John Paone","UVA",20,60,10.35,3.45,3,1.05,0.24909747,0.08303249,0.16606498,0.25311203,1.4,0.32727273,0.58486239,5.85,4.872048823038737,0.9779511769612625,"John Paone","sa3073773",
2026,"Andy Leon","DUKE",23,49.2,7.610738060183479,4.167785128195715,1.82608696,1.0872482943119255,0.1875,0.10267857,0.08482143,0.23560209,1.3691274817261285,0.27272727,0.57471264,6.7046978149235406,5.727865329909275,0.9768324850142651,"Andy Leon","sa3036217",
2026,"Alex Miller","MORE",22,44,8.386363636363637,6.340909090909091,1.32258065,2.0454545454545454,0.19069767,0.14418605,0.04651163,0.33888889,2.090909090909091,0.39534884,0.63414634,8.590909090909092,7.6178263924338605,0.9730826984752312,"Alex Miller","sa3070784",
2026,"Jake Geis","LMU",23,46.2,8.485714054496928,3.8571427520440578,2.2,1.542857100817623,0.18333333,0.08333333,0.1,0.28708134,1.7142856675751368,0.33121019,0.51378446,7.7142855040881155,6.749310089228107,0.9649754148600085,"Jake Geis","sa3032096",
2026,"Paul Schmitz","HOU",22,61.1,8.070652341234215,4.402174004309571,1.83333333,1.0271739343389,0.19713262,0.10752688,0.08960574,0.27572016,1.5815217719186239,0.33149171,0.60085837,6.456521872987372,5.497147262637242,0.9593746103501299,"Paul Schmitz","sa3041733",
2026,"Grayson Bradberry","BUT",19,57.2,9.052022921787705,4.3699421001733745,2.07142857,0.6242774428819107,0.21167883,0.10218978,0.10948905,0.25862069,1.5260115270446706,0.32941176,0.58091286,6.398843789539584,5.442066100563877,0.9567776889757074,"Grayson Bradberry","sa3069655",
2026,"Drew Munn","CLT",22,45,6,4.2,1.42857143,1.4,0.14851485,0.1039604,0.04455446,0.28813559,1.6,0.31428571,0.55891239,7.2,6.2475020620557995,0.9524979379442007,"Drew Munn","sa3038551",
2026,"Nic Gregson","UCSD",,72,7.5,2,3.75,1.25,0.17857143,0.04761905,0.13095238,0.32371795,1.625,0.37603306,0.61261261,6.125,5.176340823703342,0.9486591762966583,"Nic Gregson","sa3032693",
2026,"Jaden Alba","ASU",20,49.2,10.691274894067268,4.53020122629969,2.36,1.4496643924159007,0.25,0.1059322,0.1440678,0.27669903,1.6510066691403313,0.35251799,0.63324538,6.523489765871553,5.576261579137167,0.9472281867343861,"Jaden Alba","sa3025835",
2026,"Alessandro Castro","NEV",22,52.1,7.2229301118044065,3.7834395823737363,1.90909091,1.5477707382438013,0.168,0.088,0.08,0.32589286,1.8152866683106312,0.3699422,0.54398148,8.082802744162073,7.139153467676907,0.943649276485166,"Alessandro Castro","sa3058839",
2026,"James Pazdera","QUIN",22,44.1,11.165413854080253,5.684210689349947,1.96428571,0.8120300984785639,0.24553571,0.125,0.12053571,0.2568306,1.6917293718303414,0.34677419,0.58252427,6.699248312448152,5.762523278004509,0.9367250344436426,"James Pazdera","sa3070973",
2026,"Drew Turner","UNCA",20,79,9.455696202531646,4.329113924050633,2.18421053,0.7974683544303798,0.22928177,0.10497238,0.12430939,0.27070064,1.5569620253164558,0.34821429,0.56006494,6.151898734177215,5.218591271171087,0.9333074630061278,"Drew Turner","sa3071484",
2026,"Jace Trautner","LIP",,52,6.75,3.2884615384615383,2.05263158,1.5576923076923077,0.15789474,0.07692308,0.08097166,0.33183857,1.7884615384615385,0.37142857,0.5971897,7.269230769230769,6.341605340517484,0.9276254287132852,"Jace Trautner","sa3060784",
2026,"Reagan James","UAPB",,50.2,6.927631405086733,4.440789362235085,1.56,0.888157872447017,0.15057915,0.0965251,0.05405405,0.3125,1.8749999529437027,0.36111111,0.5,7.993420852023154,7.070506968854869,0.9229138831682846,"Reagan James","sa3070425",
2026,"Joseph Duffield","MAN",21,49.2,5.073825373455652,5.436241471559628,0.93333333,0.1812080490519876,0.11382114,0.12195122,-0.00813008,0.27363184,1.7114093521576605,0.31395349,0.56795132,7.067113913027516,6.148706768282975,0.918407144744541,"Joseph Duffield","sa3030619",
2026,"Cole Van Assen","PUR",21,80,7.3125,1.9125,3.82352941,1.35,0.17615176,0.04607046,0.1300813,0.303207,1.5125,0.34586466,0.60070671,5.9625,5.054846286773682,0.9076537132263187,"Cole Van Assen","sa3044316",
2026,"Jake Francis","VILL",,53.2,5.701863218938621,2.18012417194712,2.61538462,1.1739130156638338,0.13076923,0.05,0.08076923,0.32618026,1.6583850538743048,0.359375,0.59012876,7.21117995336355,6.30480976844247,0.9063701849210801,"Jake Francis","sa3031628",
2026,"Ty Uber","ND",23,54.2,8.231707125600789,3.9512194202883784,2.08333333,1.3170731400961262,0.2,0.096,0.104,0.26696833,1.518292647610812,0.31288344,0.55989583,6.420731557968615,5.520016263993563,0.9007152939750522,"Ty Uber","sa3044209",
2026,"Max Tripure","WIU",,75,7.2,3.84,1.875,0.72,0.17699115,0.09439528,0.08259587,0.27242525,1.52,0.32340426,0.60035842,6,5.100553665161133,0.899446334838867,"Max Tripure","sa3060789",
2026,"Andrew Townson","FRES",23,57,7.421052631578948,4.7368421052631575,1.56666667,2.3684210526315788,0.15719064,0.10033445,0.05685619,0.33587786,2.0701754385964914,0.365,0.51923077,9.631578947368421,8.737432553475363,0.8941463938930578,"Andrew Townson","sa3060778",
2026,"Troy Dressler","WAKE",20,58.1,12.188571694261206,4.320000094168529,2.82142857,1.0800000235421323,0.30268199,0.10727969,0.1954023,0.25862069,1.5085714614556767,0.3630137,0.66919192,5.091428682412909,4.198239306702906,0.8931893757100031,"Troy Dressler","sa3059081",
2026,"Ethan Lund","OKST",20,84.1,14.620552918790647,5.656126311648936,2.58490566,1.173913008078081,0.37027027,0.14324324,0.22702703,0.20952381,1.4110671511241581,0.32934132,0.65340909,5.335968218536732,4.4492223192098255,0.8867458993269066,"Ethan Lund","sa3059870",
2026,"Jackson Garland","LONG",,50.2,9.592105022427784,4.440789362235085,2.16,0.35526314897880684,0.24215247,0.11210762,0.13004484,0.23195876,1.38157891269536,0.3115942,0.5758427,5.3289472346821025,4.443857757701768,0.8850894769803341,"Jackson Garland","sa3070146",
2026,"Seth Garner","MEM",22,59.1,6.370786653385519,3.1853933266927594,2,1.6685393616009694,0.14788732,0.07394366,0.07394366,0.29961089,1.651685428655505,0.32352941,0.56433409,7.129213635931414,6.2514971188652515,0.8777165170661627,"Seth Garner","sa3031986",
2026,"Dominic Voegele","KU",21,97,11.1340206185567,3.247422680412371,3.42857143,1.4845360824742269,0.27777778,0.08101852,0.19675926,0.25831202,1.402061855670103,0.33333333,0.6187291,5.845360824742268,4.984204605928402,0.861156218813866,"Dominic Voegele","sa3044541",
2026,"Nate Bennett","NIA",21,51,10.411764705882353,3.3529411764705883,3.10526316,0.5294117647058824,0.25991189,0.08370044,0.17621145,0.26960784,1.4509803921568627,0.36619718,0.6097561,4.9411764705882355,4.100279391045664,0.8408970795425716,"Nate Bennett","sa3058622",
2026,"Alex Sotiropoulos","COLU",20,61.2,7.443243089763681,5.691891774525168,1.30769231,0.7297297146827137,0.17708333,0.13541667,0.04166667,0.25726141,1.6378378040656465,0.30810811,0.57843137,6.567567432144425,5.7287878204245395,0.8387796117198851,"Alex Sotiropoulos","sa3065140",
2026,"Jordan Dahlof","OAK",,47,4.595744680851064,6.51063829787234,0.70588235,1.3404255319148937,0.1,0.14166667,-0.04166667,0.31794872,2.0425531914893615,0.33536585,0.52469136,9.574468085106384,8.738595412639862,0.8358726724665217,"Jordan Dahlof","sa3029770",
2026,"Gunnar Nichols","WASH",,46.2,9.449999742507941,4.435714164850666,2.13043478,0.7714285504088115,0.24019608,0.1127451,0.12745098,0.21965318,1.3071428215260419,0.28333333,0.63091483,5.592856990463884,4.761989116474075,0.830867873989809,"Gunnar Nichols","sa3038841",
2026,"Mason Horwat","PSU",21,41,7.2439024390243905,4.609756097560975,1.57142857,0.21951219512195122,0.17010309,0.10824742,0.06185567,0.23170732,1.4390243902439024,0.28461538,0.57057057,5.487804878048781,4.6572853111639265,0.8305195668848544,"Mason Horwat","sa3034119",
2026,"Eddie Copper","CLT",21,56,9.321428571428571,5.946428571428571,1.56756757,0.32142857142857145,0.22393822,0.14285714,0.08108108,0.24056604,1.5714285714285714,0.32236842,0.6512605,5.625,4.80266079221453,0.8223392077854701,"Eddie Copper","sa3029361",
2026,"Fawster Voytko","UIW",,39.1,6.635593434854069,3.889830634224799,1.70588235,0.6864407001573175,0.16384181,0.0960452,0.06779661,0.26451613,1.4745763188564598,0.30894309,0.57823129,6.177966301415857,5.364423463947984,0.8135428374678728,"Fawster Voytko","sa3071541",
2026,"Logan Hastings","MD",20,62,10.306451612903226,4.354838709677419,2.36666667,0.8709677419354839,0.25448029,0.10752688,0.14695341,0.23529412,1.3870967741935485,0.31055901,0.58690745,5.516129032258065,4.706459189999489,0.8096698422585762,"Logan Hastings","sa3059433",
2026,"James Guyette","KSU",21,79.1,11.911764324035506,3.9705881080118353,3,0.9075629961169909,0.27851459,0.0928382,0.18567639,0.27863777,1.575630201591998,0.39047619,0.61746988,5.558823351216569,4.751942606344709,0.8068807448718598,"James Guyette","sa3032890",
2026,"Jake Cumming","COPP",,46,8.608695652173912,13.108695652173912,0.65671642,0.5869565217391305,0.16236162,0.24723247,-0.08487085,0.29381443,2.6956521739130435,0.36734694,0.47765794,10.173913043478262,9.371145667200503,0.8027673762777585,"Jake Cumming","sa3029679",
2026,"Trever Baumler","TCU",20,46,6.456521739130435,3.3260869565217392,1.94117647,0.9782608695652174,0.15420561,0.07943925,0.07476636,0.3015873,1.608695652173913,0.34437086,0.64,6.456521739130435,5.654755928205407,0.8017658109250272,"Trever Baumler","sa3058583",
2026,"Aidan Knaak","CLEM",21,57.1,13.813953794744487,3.610465196353673,3.82608696,1.7267442243430609,0.31884058,0.08333333,0.23550725,0.29218107,1.6395349200833103,0.41666667,0.65462754,5.808139663699387,5.006544972600778,0.8015946910986091,"Aidan Knaak","sa3035526",
2026,"Calen Scheider","BRAD",,54,4.666666666666667,6.166666666666667,0.75675676,0.3333333333333333,0.10606061,0.14015152,-0.03409091,0.30092593,1.8888888888888888,0.33870968,0.57168784,7.333333333333333,6.533928055233426,0.7994052780999068,"Calen Scheider","sa3071225",
2026,"Colin Fisher","ARK",21,56.1,9.266272398509019,2.715976392666436,3.41176471,1.2781065377253817,0.23293173,0.06827309,0.16465863,0.26008969,1.3313609767972727,0.31847134,0.59065934,5.591716102548546,4.8005436778005945,0.791172424747951,"Colin Fisher","sa3031379",
2026,"Andrew Fierro","MRST",20,48,9.375,4.125,2.27272727,1.125,0.21097046,0.092827,0.11814346,0.32535885,1.875,0.40522876,0.63926941,6.375,5.58802448908488,0.78697551091512,"Andrew Fierro","sa3031309",
2026,"Dylan Mulcahy","SFA",22,51.2,10.974193278301774,4.006451514300648,2.73913043,0.8709677205001407,0.27631579,0.10087719,0.1754386,0.25615764,1.4516128675002347,0.34814815,0.62857143,5.225806323000844,4.4404759063482535,0.7853304166525907,"Dylan Mulcahy","sa3038525",
2026,"Alex Mason","GASO",21,52.1,6.535032005918272,4.643312214731404,1.40740741,2.2356688441299353,0.1496063,0.10629921,0.04330709,0.28054299,1.7006369839962754,0.28823529,0.5078125,8.598726323576674,7.8143708573794495,0.7843554661972245,"Alex Mason","sa3066215",
2026,"Gunnar Brown","UTSA",23,54.1,7.288343728851687,4.306748567048724,1.69230769,0.8282208782786007,0.16603774,0.09811321,0.06792453,0.2991453,1.7668712069943482,0.35135135,0.59574468,5.963190323605925,5.180290094933624,0.7829002286723012,"Gunnar Brown","sa3027829",
2026,"Logan Darnell","MVSU",,55,4.745454545454545,2.4545454545454546,1.93333333,1.309090909090909,0.10394265,0.05376344,0.05017921,0.36046512,1.9636363636363636,0.38461538,0.57392996,8.018181818181818,7.2365357225591485,0.7816460956226692,"Logan Darnell","sa3062829",
2026,"Luc Fladda","ARIZ",23,75,7.56,0.96,7.875,1.2,0.19936709,0.02531646,0.17405063,0.27777778,1.24,0.32188841,0.61728395,5.28,4.4993936093648275,0.7806063906351728,"Luc Fladda","sa3031421",
2026,"Patrick Bauer","JMU",23,54,7.5,4,1.875,0.6666666666666666,0.18292683,0.09756098,0.08536585,0.28571429,1.5925925925925926,0.3452381,0.6440281,5.833333333333333,5.052988366727476,0.7803449666058571,"Patrick Bauer","sa3073926",
2026,"Ryder Jeske","TOW",22,45,9.6,4.8,2,0.6,0.22641509,0.11320755,0.11320755,0.27472527,1.6444444444444444,0.35877863,0.65963061,5.8,5.021168645222982,0.7788313547770178,"Ryder Jeske","sa3034674",
2026,"JR Tollett","UL",21,63,7.857142857142857,2.7142857142857144,2.89473684,2.2857142857142856,0.18835616,0.06506849,0.12328767,0.307393,1.5555555555555556,0.33870968,0.57860262,8.142857142857142,7.367803181542291,0.7750539613148515,"JR Tollett","sa3043899",
2026,"Russell Sandefer","FLA",21,57,9.473684210526315,3.473684210526316,2.72727273,0.631578947368421,0.24390244,0.08943089,0.15447155,0.23318386,1.2982456140350878,0.30188679,0.63400576,4.421052631578948,3.646489877868117,0.7745627537108306,"Russell Sandefer","sa3060483",
2026,"Gabe LeBlanc","SFA",,51,5.294117647058823,1.411764705882353,3.75,1.0588235294117647,0.13100437,0.0349345,0.09606987,0.29953917,1.4313725490196079,0.32596685,0.58309038,6,5.228331700493308,0.7716682995066924,"Gabe LeBlanc","sa3070575",
2026,"Trey Newmann","PORT",20,67.1,9.891088735331593,2.405940503188766,4.11111111,0.8019801677295886,0.24025974,0.05844156,0.18181818,0.28169014,1.4554454895833275,0.3627451,0.60669456,5.212871090242325,4.443298836332152,0.769572253910173,"Trey Newmann","sa3065581",
2026,"Jaxson Pease","TNTC",22,72.1,6.096773979194959,2.115207298904373,2.88235294,0.8709677113135654,0.14939024,0.05182927,0.09756098,0.32686084,1.6313363481746146,0.3715415,0.64428312,5.599078144158635,4.8317978804893595,0.7672802636692753,"Jaxson Pease","sa3039616",
2026,"Jackson Burns","TTU",20,52,9.173076923076923,4.153846153846154,2.20833333,1.5576923076923077,0.22175732,0.10041841,0.12133891,0.28708134,1.6153846153846154,0.34693878,0.63307494,6.75,5.988367968339187,0.7616320316608132,"Jackson Burns","sa3062819",
2026,"Jeremy Vest","DSU",,60.2,5.489010873962007,5.785714164446439,0.94871795,0.44505493572664917,0.115625,0.121875,-0.00625,0.30970149,2.0109889688389333,0.35087719,0.4969419,8.159340488321902,7.4091293807709775,0.7502111075509248,"Jeremy Vest","sa3060841",
2026,"Noah Chapman","UNCG",,80.2,9.148760619006216,3.7933885493440407,2.41176471,1.4504132688668392,0.21866667,0.09066667,0.128,0.28134557,1.5619835203181345,0.34051724,0.64860427,6.4710745841751285,5.721489706027055,0.7495848781480738,"Noah Chapman","sa3028756",
2026,"Riane Ritter","KU",20,61.1,10.858695877296944,3.521739203447657,3.08333333,1.0271739343389,0.27106227,0.08791209,0.18315018,0.24789916,1.3532608976210905,0.33121019,0.62945368,5.576087072125457,4.828668987908752,0.7474180842167053,"Riane Ritter","sa3060378",
2026,"Garrett Crum","UNCA",,51.2,6.61935467580107,5.922580499400957,1.11764706,1.3935483528002253,0.14728682,0.13178295,0.01550388,0.29493088,1.8967741468669732,0.32748538,0.56503198,8.012903028601295,7.267754122885906,0.7451489057153893,"Garrett Crum","sa3062828",
2026,"Zane Adams","ALA",22,90.1,9.963099350507692,2.988929805152307,3.33333333,0.8966789415456922,0.25188917,0.07556675,0.17632242,0.26721763,1.4059040194605297,0.34645669,0.67567568,4.583025701233538,3.839278115618601,0.7437475856149369,"Zane Adams","sa3025773",
2026,"Payton Riske","UTAH",22,60,6.3,2.85,2.21052632,1.05,0.15272727,0.06909091,0.08363636,0.288,1.5166666666666666,0.32338308,0.63073394,6.15,5.412726942698161,0.7372730573018398,"Payton Riske","sa3040793",
2026,"Garrett Shearer","NU",21,41.2,8.207999749511727,5.83199982202149,1.40740741,1.29599996044922,0.19587629,0.13917526,0.05670103,0.23417722,1.5359999531250015,0.27192982,0.58823529,7.1279997824707095,6.394846206207278,0.7331535762634314,"Garrett Shearer","sa3042104",
2026,"Dylan Banner","ALB",,85.2,7.249027452551324,2.206225746428664,3.28571429,0.4202334755102217,0.1725,0.0525,0.12,0.26954178,1.4124514037982452,0.32214765,0.56726094,4.83268496836755,4.106880557187838,0.7258044111797117,"Dylan Banner","sa3026523",
2026,"Trey Sejnoha","DART",22,37.1,11.33035752876682,5.062500172427728,2.23809524,0,0.27810651,0.12426036,0.15384615,0.20979021,1.3660714750995457,0.3125,0.625,4.33928586208091,3.6137299255448943,0.7255559365360158,"Trey Sejnoha","sa3066093",
2026,"Will Holder","GASO",19,55.2,6.305389077526045,3.395209503283255,1.85714286,1.2934131441079066,0.15175097,0.08171206,0.07003891,0.27678571,1.4910179300132813,0.30508475,0.59665871,7.113772292593486,6.391089890062962,0.7226824025305243,"Will Holder","sa3070345",
2026,"Justin Ritz","COPP",22,49.1,7.2972974853850054,3.1013514312886272,2.35294118,0.5472973114038754,0.16326531,0.06938776,0.09387755,0.28301887,1.5608108510406817,0.33727811,0.52927928,7.2972974853850054,6.590299634048764,0.7069978513362418,"Justin Ritz","sa3040807",
2026,"Adrian Valdez","SF",21,58.1,4.937142964764033,2.6228572000308925,1.88235294,0.4628571529466281,0.11940299,0.06343284,0.05597015,0.32231405,1.6285714640714692,0.36231884,0.5511022,6.017142988306166,5.322167315533697,0.6949756727724683,"Adrian Valdez","sa3071499",
2026,"Evan Whiteaker","ACU",22,55.1,7.481927882778854,4.391566365978893,1.7037037,1.4638554553262977,0.17164179,0.10074627,0.07089552,0.29361702,1.7349397989052415,0.33333333,0.55928412,7.156626670484122,6.472104234372884,0.6845224361112381,"Evan Whiteaker","sa3045112",
2026,"Robert Sanford","BRAD",,50,8.1,5.94,1.36363636,1.08,0.18,0.132,0.048,0.28846154,1.86,0.34394904,0.5982906,7.38,6.702816944122315,0.677183055877685,"Robert Sanford","sa3071215",
2026,"Will Howell","MEM",21,69.2,6.71770359450723,4.779904480707067,1.40540541,1.03349286069342,0.15902141,0.11314985,0.04587156,0.275,1.636363696097915,0.31363636,0.62943262,6.588516986920553,5.915870025358192,0.6726469615623607,"Will Howell","sa3059538",
2026,"Heath Andrews","NCSU",22,64.1,8.113989316555307,5.036269230965363,1.61111111,1.958549145375419,0.18649518,0.11575563,0.07073955,0.29477612,1.7875646961759777,0.33163265,0.625,7.554403846448045,6.886470119453076,0.6679337269949688,"Heath Andrews","sa3026082",
2026,"Duke Stone","MSST",20,79.2,12.087866494657332,3.276150732196847,3.68965517,1.5815900086467538,0.29722222,0.08055556,0.21666667,0.27329193,1.4686192937434142,0.3681592,0.71428571,5.309623600456959,4.658234754004978,0.6513888464519813,"Duke Stone","sa3066555",
2026,"Wyatt Nadeau","VAN",19,52.1,10.662420641235075,6.707006532389806,1.58974359,0.8598726323576674,0.26495726,0.16666667,0.0982906,0.20855615,1.4904458960866234,0.28333333,0.64556962,5.847133900032138,5.195825037181855,0.651308862850283,"Wyatt Nadeau","sa3070855",
2026,"Jake Mulvehill","LEH",,45.1,9.13235319733208,2.3823530079996726,3.83333333,0.5955882519999182,0.23350254,0.06091371,0.17258883,0.30508475,1.4558823937775778,0.3984375,0.67335244,5.161764850665958,4.510894465570219,0.6508703850957387,"Jake Mulvehill","sa3060106",
2026,"Tyson Potts","CMU",22,58,6.827586206896552,3.7241379310344827,1.83333333,0.6206896551724138,0.15602837,0.08510638,0.07092199,0.30894309,1.7241379310344827,0.36363636,0.61090226,6.517241379310345,5.86893534824766,0.6483060310626856,"Tyson Potts","sa3071036",
2026,"Liam Diehl","TOW",,55.1,10.084337581136717,4.879518184420992,2.06666667,1.1385542430315647,0.22463768,0.10869565,0.11594203,0.29017857,1.7168675093333121,0.37419355,0.57835821,7.156626670484122,6.51072692923699,0.6458997412471321,"Liam Diehl","sa3030300",
2026,"Ethan Calder","BAY",22,76.1,7.427947350782791,2.122270671652226,3.5,0.9432314096232115,0.1875,0.05357143,0.13392857,0.2971246,1.4541484231691177,0.35123967,0.60114504,5.305676679130565,4.661780779535535,0.6438958995950301,"Ethan Calder","sa3028255",
2026,"Vincent Fusco","UNH",,39.1,8.466101968606916,7.5508477017304925,1.12121212,0.9152542668764233,0.17703349,0.15789474,0.01913876,0.2994012,2.110169559742865,0.36507937,0.55555556,8.694915535326022,8.058691810157514,0.6362237251685077,"Vincent Fusco","sa3074277",
2026,"Nate Langbehn","TOL",20,50,12.42,3.42,3.63157895,0.72,0.31506849,0.08675799,0.2283105,0.22680412,1.26,0.33057851,0.61514196,5.04,4.4075560379028325,0.6324439620971676,"Nate Langbehn","sa3066438",
2026,"Brock Buckley","BUT",,79.2,8.472803617750467,2.3723850129701307,3.57142857,0.2259414298066791,0.21126761,0.05915493,0.15211268,0.28482972,1.4184100871197078,0.36585366,0.62706271,4.6317993110369216,4.015457169234641,0.6163421418022805,"Brock Buckley","sa3069695",
2026,"Cade Williams","UMES",,50,5.4,6.66,0.81081081,1.44,0.11494253,0.14176245,-0.02681992,0.33179724,2.18,0.3575419,0.52480916,9.54,8.934623928070069,0.6053760719299301,"Cade Williams","sa3045260",
2026,"Alex Valentin","SC",20,52,10.211538461538462,3.980769230769231,2.56521739,1.0384615384615385,0.24380165,0.09504132,0.14876033,0.25,1.4615384615384615,0.31972789,0.63002681,5.1923076923076925,4.590484479757456,0.6018232125502365,"Alex Valentin","sa3060813",
2026,"Elijah Green","NKU",,55.2,7.9221555076609285,5.335329219445115,1.48484848,0.8083832150674417,0.18490566,0.1245283,0.06037736,0.26666667,1.6706586444727127,0.32163743,0.60215054,7.113772292593486,6.514235585883724,0.5995367067097623,"Elijah Green","sa3032653",
2026,"Carson Cormier","ILST",,69,9.652173913043478,1.565217391304348,6.16666667,0.391304347826087,0.25084746,0.04067797,0.21016949,0.29856115,1.3768115942028984,0.39800995,0.68893528,4.173913043478261,3.582237233977387,0.5916758095008738,"Carson Cormier","sa3065516",
2026,"Tommy Egan","TROY",23,89,10.213483146067416,3.438202247191011,2.97058824,0.9101123595505618,0.25062035,0.08436725,0.1662531,0.26912181,1.449438202247191,0.35390947,0.61178248,5.46067415730337,4.875918037971754,0.5847561193316162,"Tommy Egan","sa3030832",
2026,"Grayden Harris","USM",19,87.1,11.026717236155816,1.9580152101585093,5.63157895,0.5152671605680288,0.28686327,0.05093834,0.23592493,0.26744186,1.2709923294011376,0.375,0.6754386,4.019083852430625,3.4356573158707846,0.5834265365598403,"Grayden Harris","sa3059418",
2026,"Liam Peterson","FLA",21,84.1,11.845849445151545,3.841897117346447,3.08333333,1.173913008078081,0.30163043,0.09782609,0.20380435,0.25377644,1.422924858276462,0.3492823,0.70075758,4.58893266794159,4.008392647092718,0.580540020848872,"Liam Peterson","sa3039785",
2026,"JC Dermody","ULM",22,58.1,7.868571600092677,4.165714376519653,1.88888889,1.0800000235421323,0.17770035,0.09407666,0.08362369,0.29718876,1.7314286091707198,0.35078534,0.6555773,6.480000141252793,5.911295283523872,0.5687048577289211,"JC Dermody","sa3059041",
2026,"Lex Kenny","WES",,77.1,6.866379084541745,2.793103356423761,2.45833333,0.4655172260706268,0.17201166,0.06997085,0.10204082,0.2724359,1.4094827122693978,0.3253012,0.60688406,5.120689486776895,4.55612787545507,0.5645616113218246,"Lex Kenny","sa3070500",
2026,"Jarvis Evans","PUR",23,45.2,7.2919705998783915,3.9416057296639955,1.85,1.1824817188991987,0.17535545,0.09478673,0.08056872,0.25945946,1.4890510534286205,0.29577465,0.5945122,6.109488880979193,5.550466674731724,0.5590222062474695,"Jarvis Evans","sa3031074",
2026,"Jace Stancil","COFC",,46.1,8.352518214836895,3.1079137543579143,2.6875,0.5827338289421089,0.20283019,0.0754717,0.12735849,0.28947368,1.5323741427736939,0.36111111,0.63186813,5.24460446047898,4.697907265589651,0.5466971948893287,"Jace Stancil","sa3071358",
2026,"Noah Rooney","ND",23,45.2,7.883211459327991,2.759124010764797,2.85714286,0.9854014324159989,0.19323671,0.06763285,0.12560386,0.29319372,1.5328466726471095,0.34931507,0.64615385,5.124087448563194,4.578009873477137,0.5460775750860574,"Noah Rooney","sa3041125",
2026,"Jacob Dudan","NCSU",21,50,11.16,2.16,5.16666667,0.54,0.30392157,0.05882353,0.24509804,0.22751323,1.1,0.32258065,0.7063197,3.6,3.0553821563720707,0.5446178436279294,"Jacob Dudan","sa3030600",
2026,"Garrett Holpuch","TNTC",,46.1,6.992805947305308,4.661870631536871,1.5,1.5539568771789571,0.15517241,0.10344828,0.05172414,0.32850242,1.985611565284223,0.36809816,0.63569682,6.992805947305308,6.449906246524305,0.5428997007810024,"Garrett Holpuch","sa3059515",
2026,"Tristan McGregor","PRES",21,49,6.979591836734694,2.938775510204082,2.375,1.469387755102041,0.15702479,0.0661157,0.09090909,0.32242991,1.7346938775510203,0.36309524,0.59440559,7.163265306122449,6.630887835366385,0.5323774707560638,"Tristan McGregor","sa3037617",
2026,"Steven Mazza","MRST",21,54.1,6.957055377540247,5.300613620983045,1.3125,0.8282208782786007,0.15272727,0.11636364,0.03636364,0.3220339,1.9877301078686418,0.37566138,0.59259259,6.6257670262288055,6.100038846224944,0.5257281800038616,"Steven Mazza","sa3037405",
2026,"Andrew Rubayo","QUIN",,74.2,9.281250316117502,1.9285714942581822,4.8125,0.48214287356454555,0.23765432,0.04938272,0.1882716,0.27152318,1.3125000447034851,0.35294118,0.6300813,4.33928586208091,3.8142149488536674,0.5250709132272426,"Andrew Rubayo","sa3041241",
2026,"Matthew Kahn","VILL",,39.2,8.84873921214066,4.764705729614202,1.85714286,0.9075629961169909,0.21081081,0.11351351,0.0972973,0.28125,1.66386549288115,0.35042735,0.65217391,6.126050223789688,5.602215693648713,0.5238345301409755,"Matthew Kahn","sa3070475",
2026,"Jason Schaaf","MOST",22,69.1,8.697115065607106,2.7259614384738686,3.19047619,1.4278845630101218,0.20241692,0.06344411,0.13897281,0.32247557,1.730769167284996,0.38427948,0.63197026,5.841345939586862,5.320337039937636,0.5210088996492264,"Jason Schaaf","sa3041652",
2026,"Doug Marose","DEL",,46.2,5.399999852861681,3.6642856144418547,1.47368421,1.1571428256132172,0.12844037,0.08715596,0.0412844,0.32653061,1.7785713801092045,0.35802469,0.59278351,6.557142678474898,6.037782086352914,0.5193605921219842,"Doug Marose","sa3037078",
2026,"Jared Schaeffer","DBU",,51,7.411764705882353,2.823529411764706,2.625,1.411764705882353,0.17355372,0.0661157,0.10743802,0.30373832,1.588235294117647,0.34756098,0.62347188,6.705882352941177,6.1912835382947735,0.5145988146464031,"Jared Schaeffer","sa3041657",
2026,"Randy Guzman","WIN",,49.2,7.791946109235466,5.97986561871559,1.3030303,1.268456343363913,0.1755102,0.13469388,0.04081633,0.27536232,1.812080490519876,0.31847134,0.58685446,7.248321962079504,6.741146642672824,0.5071753194066799,"Randy Guzman","sa3032903",
2026,"Branton Little","WOF",22,58,9.155172413793103,1.5517241379310345,5.9,0.7758620689655172,0.22779923,0.03861004,0.18918919,0.28571429,1.3793103448275863,0.35911602,0.5974026,4.189655172413793,3.684727037364039,0.5049281350497536,"Branton Little","sa3036391",
2026,"Adam Christopher","CSUN",24,51.1,7.8896105850420515,1.9285714763436126,4.09090909,0.7012987186704046,0.19565217,0.04782609,0.14782609,0.26923077,1.3051948375254752,0.32704403,0.63535912,5.0844157103604335,4.582906493780324,0.5015092165801098,"Adam Christopher","sa3028877",
2026,"Jacob Pannell","CARK",,52.1,6.878981058861339,4.815286741202938,1.42857143,1.8917197911868682,0.15625,0.109375,0.046875,0.29357798,1.7579618261534533,0.31736527,0.61200924,8.082802744162073,7.589155643175591,0.49364710098648246,"Jacob Pannell","sa3065835",
2026,"Trace Hartman","STET",21,52.1,7.394904638275939,3.6114650559022032,2.04761905,0.34394905294306694,0.18297872,0.0893617,0.09361702,0.2629108,1.4713376153675641,0.32142857,0.61170213,4.815286741202938,4.321639640216455,0.49364710098648246,"Trace Hartman","sa3070290",
2026,"Justus Agosto","UNA",23,56,8.357142857142858,5.464285714285714,1.52941176,0.48214285714285715,0.2055336,0.13438735,0.07114625,0.24170616,1.5178571428571428,0.30769231,0.64189189,5.785714285714286,5.296275670187814,0.4894386155264714,"Justus Agosto","sa3025800",
2026,"Mitch Dye","ILL",22,50.2,8.171052426512556,4.440789362235085,1.84,1.5986841704046306,0.19574468,0.10638298,0.0893617,0.25490196,1.5197368039648957,0.2885906,0.58238636,6.572368256107926,6.08379359674586,0.4885746593620661,"Mitch Dye","sa3059104",
2026,"Chris Downs","CP",20,58.1,8.640000188337059,3.3942857882752726,2.54545455,1.0800000235421323,0.20216606,0.07942238,0.12274368,0.28744939,1.5942857490383857,0.34782609,0.60307018,5.708571553008413,5.220309103455836,0.48826244955257714,"Chris Downs","sa3030537",
2026,"Preston Prince","FIU",22,47,10.340425531914894,8.042553191489361,1.28571429,0.7659574468085106,0.23684211,0.18421053,0.05263158,0.24731183,1.872340425531915,0.328125,0.64320388,6.127659574468085,5.641429554147924,0.4862300203201615,"Preston Prince","sa3040220",
2026,"Jacob Gutierrez","CSUB",,60,8.25,2.85,2.89473684,0.6,0.2037037,0.07037037,0.13333333,0.27272727,1.4166666666666667,0.33879781,0.63348416,4.95,4.470785268147787,0.4792147318522133,"Jacob Gutierrez","sa3032879",
2026,"Corey Costello","RAD",21,46.2,9.449999742507941,6.171428403270492,1.53125,0.9642856880110144,0.2139738,0.13973799,0.07423581,0.26486486,1.735714238419826,0.33587786,0.60465116,6.942856953679304,6.466602063276332,0.47625489040297264,"Corey Costello","sa3029436",
2026,"Landon Waugh","MORE",19,55.1,7.6445784889262205,4.228915759831526,1.80769231,1.626506061473664,0.17870722,0.09885932,0.07984791,0.27555556,1.590361482329805,0.30952381,0.51162791,7.319277276631488,6.851397100950573,0.4678801756809152,"Landon Waugh","sa3060885",
2026,"Brock Lucas","MOST",,64.2,7.793814739495296,5.149484738595107,1.51351351,0.835051579231639,0.18791946,0.12416107,0.06375839,0.26459144,1.6237114040615201,0.31794872,0.59642147,5.984536317826746,5.528356565939076,0.45617975188767,"Brock Lucas","sa3036630",
2026,"Keevyn Goss","GRAM",21,44,7.363636363636363,9,0.81818182,1.4318181818181819,0.14814815,0.18106996,-0.03292181,0.31147541,2.2954545454545454,0.35714286,0.57835821,10.227272727272727,9.77744481346824,0.44982791380448717,"Keevyn Goss","sa3032511",
2026,"Troy Benko","M-OH",22,50.2,5.3289472346821025,2.131578893872841,2.5,1.243421021425824,0.12875536,0.05150215,0.07725322,0.31162791,1.5592104871847632,0.33707865,0.58510638,6.749999830597329,6.3051875747471975,0.44481225585013195,"Troy Benko","sa3058618",
2026,"Kike Cienfuegos","RGV",,48.1,9.496551973975661,2.048275915955535,4.63636364,0.9310345072525158,0.23502304,0.05069124,0.1843318,0.27860697,1.3862069330204123,0.35172414,0.66153846,4.841379437713082,4.3970943839654915,0.4442850537475902,"Kike Cienfuegos","sa3058866",
2026,"Carson Byers","M-OH",22,65.2,8.497462258022802,2.604061014555375,3.26315789,1.3705584287133552,0.20394737,0.0625,0.14144737,0.28571429,1.477157417613283,0.33830846,0.57894737,6.578680457824105,6.135170309487523,0.443510148336582,"Carson Byers","sa3028190",
2026,"Yates Bland","UNLV",22,48,8.0625,3,2.6875,0.1875,0.19026549,0.07079646,0.11946903,0.30693069,1.625,0.38607595,0.66193853,5.4375,4.997300974527995,0.44019902547200473,"Yates Bland","sa3027236",
2026,"Reid Bertram","GWEB",23,61.2,5.83783771746171,2.918918858730855,2,1.4594594293654275,0.14134276,0.07067138,0.07067138,0.31075697,1.5891891564201324,0.33830846,0.60416667,7.151351203890595,6.71274106840046,0.4386101354901353,"Reid Bertram","sa3027081",
2026,"Andrew Allen","ARST",,45,10.2,3.6,2.83333333,1.4,0.26153846,0.09230769,0.16923077,0.2716763,1.4444444444444444,0.34782609,0.67567568,5.8,5.367803181542291,0.43219681845770896,"Andrew Allen","sa3062553",
2026,"Ryan McLaughlin","DEL",,59.2,6.335195395715908,3.3184356834702373,1.90909091,0.45251395683685053,0.15053763,0.07885305,0.07168459,0.29098361,1.5586591846602629,0.34170854,0.58939096,5.58100546765449,5.157654422768821,0.42335104488566877,"Ryan McLaughlin","sa3059991",
2026,"Chase Hanawalt","FOR",19,80.1,9.074688509400918,2.576763403903964,3.52173913,1.120331914740854,0.23753666,0.06744868,0.17008798,0.23961661,1.21991697382893,0.29279279,0.59550562,5.377593190756099,4.9566545190517415,0.4209386717043575,"Chase Hanawalt","sa3059404",
2026,"Hunter Colagrande","STBK",,58,9.620689655172415,3.2586206896551726,2.95238095,2.0172413793103448,0.22302158,0.07553957,0.14748201,0.31707317,1.706896551724138,0.38011696,0.63180828,7.137931034482759,6.718869794648269,0.4190612398344902,"Hunter Colagrande","sa3058897",
2026,"Dutch DeProspero","TOW",22,59.1,7.280899032440593,3.6404495162202966,2,1.8202247581101483,0.1589404,0.0794702,0.0794702,0.34328358,1.955056221673863,0.38461538,0.61355311,7.432584428949773,7.018172449054871,0.4144119798949015,"Dutch DeProspero","sa3059039",
2026,"Zac Colletti","UIW",23,48,6.5625,4.3125,1.52173913,0.5625,0.15981735,0.10502283,0.05479452,0.28125,1.6041666666666667,0.33116883,0.65104167,5.625,5.21117483774821,0.4138251622517899,"Zac Colletti","sa3066180",
2026,"Jaron Bleeker","IOWA",20,64.1,7.834196581501676,2.3782382479558657,3.29411765,0.8393782051608939,0.19444444,0.05902778,0.13541667,0.28735632,1.430051756940782,0.34673367,0.66239316,4.896372863438548,4.4854162060803855,0.4109566573581622,"Jaron Bleeker","sa3066027",
2026,"Julian Mlodzinski","FIU",22,58,5.120689655172414,4.189655172413793,1.22222222,0.9310344827586207,0.11702128,0.09574468,0.0212766,0.30278884,1.7758620689655173,0.33018868,0.58823529,6.362068965517241,5.962412679606471,0.39965628591076996,"Julian Mlodzinski","sa3060062",
2026,"Brandon Mikos","YSU",,55.1,6.018072427452557,4.228915759831526,1.42307692,1.951807273768397,0.13405797,0.0942029,0.03985507,0.32926829,1.9337349841964673,0.35025381,0.59447983,8.457831519663053,8.059795176458561,0.39803634320449177,"Brandon Mikos","sa3038000",
2026,"John Horton","UNCG",,45,8.8,2.4,3.66666667,1.4,0.21890547,0.05970149,0.15920398,0.29189189,1.4666666666666666,0.35074627,0.66445183,5.4,5.007715543111166,0.3922844568888344,"John Horton","sa3034112",
2026,"Joshua Caravalho","HCU",,57.2,8.115606757464839,4.3699421001733745,1.85714286,1.872832328645732,0.19188192,0.10332103,0.08856089,0.27310924,1.6127167274449359,0.3045977,0.56650246,7.179190593141973,6.788005223169558,0.3911853699724155,"Joshua Caravalho","sa3028404",
2026,"Camden Wimbish","CAM",21,51.1,10.344156100388467,2.9805195543492196,3.47058824,1.227272757673208,0.25431034,0.07327586,0.18103448,0.24637681,1.324675357488542,0.31205674,0.58912387,5.610389749363237,5.222900270116854,0.38748947924638255,"Camden Wimbish","sa3045432",
2026,"Keyon Guillory","GRAM",22,69.1,7.269230502596984,5.971153627133236,1.2173913,0.38942306263912413,0.16617211,0.13649852,0.02967359,0.29225352,1.8605768548313708,0.35555556,0.5538695,6.879807439957859,6.495102110628547,0.3847053293293117,"Keyon Guillory","sa3070236",
2026,"Steele Murdock","UCSD",21,74,12.64864864864865,5.594594594594595,2.26086957,0.8513513513513513,0.29213483,0.12921348,0.16292135,0.23569024,1.5675675675675675,0.33870968,0.63758389,5.22972972972973,4.848262745625264,0.381466984104466,"Steele Murdock","sa3060111",
2026,"Miguel Hugas","MER",21,77.1,6.0517239389181485,2.793103356423761,2.16666667,1.0474137586589103,0.14814815,0.06837607,0.07977208,0.28104575,1.4224137463269153,0.31428571,0.61655405,6.168103245435805,5.78817525029041,0.37992799514539577,"Miguel Hugas","sa3070386",
2026,"Lukas Sarantos","SMC",20,51.1,8.590909303712456,3.506493593352023,2.45,1.9285714763436126,0.19444444,0.07936508,0.11507937,0.33183857,1.8311688765282785,0.38650307,0.66210046,7.363636546039248,6.985024502281799,0.3786120437574487,"Lukas Sarantos","sa3065125",
2026,"Connor Marshburn","UNCW",21,80.2,9.03719036755492,3.123967040636269,2.89285714,0.22314050290259063,0.22437673,0.07756233,0.14681441,0.25157233,1.3388430174155437,0.33191489,0.6156406,4.574380309503108,4.201058449649752,0.3733218598533563,"Connor Marshburn","sa3037106",
2026,"Mario Pesca","OKST",22,70.2,10.188679611950267,3.948113349630728,2.58064516,1.2735849514937834,0.24615385,0.09538462,0.15076923,0.27758007,1.5424528856980264,0.35602094,0.69444444,5.858490776871403,5.489456554391115,0.3690342224802885,"Mario Pesca","sa3039759",
2026,"Henry Zatkowski","UVA",19,84.2,10.204724715967997,2.6574803947833323,3.84,0.9566929421219996,0.26519337,0.06906077,0.1961326,0.2293578,1.181102397681481,0.2972973,0.59548255,4.570866279027332,4.209712875676515,0.3611534033508166,"Henry Zatkowski","sa3061006",
2026,"George Adams","FIU",20,45.2,8.86861289174399,4.532846589113595,1.95652174,1.3795620053823985,0.20930233,0.10697674,0.10232558,0.28723404,1.6861313399118203,0.34558824,0.68820225,6.306569167462393,5.947688239978306,0.35888092748408695,"George Adams","sa3058460",
2026,"Max Kaplan","UPST",20,71.2,8.037209587530432,2.51162799610326,3.2,1.004651198441304,0.20382166,0.06369427,0.14012739,0.275,1.3534884201223123,0.33173077,0.61122244,5.776744391037498,5.433545681296845,0.34319870974065303,"Max Kaplan","sa3059644",
2026,"Christian Mello","ALB",,48.2,7.397260080696522,9.246575100870652,0.8,1.4794520161393043,0.16064257,0.20080321,-0.04016064,0.27319588,2.1164383008659495,0.30821918,0.63016529,8.321917590783587,7.978768947456006,0.34314864332758077,"Christian Mello","sa3065572",
2026,"Ethan Stade","BGSU",23,64,14.484375,2.8125,5.15,0.703125,0.36524823,0.07092199,0.29432624,0.21370968,1.140625,0.34285714,0.6,4.359375,4.018181037902832,0.3411939620971678,"Ethan Stade","sa3071355",
2026,"Gavin Perry","WKU",23,85.2,8.7198446168371,1.9961090086735531,4.36842105,0.4202334755102217,0.23314607,0.05337079,0.17977528,0.25970149,1.2373541223356528,0.33467742,0.67382813,3.887159648469551,3.55673709504745,0.33042255342210103,"Gavin Perry","sa3065839",
2026,"Deron Swanson","TOL",23,56.1,9.266272398509019,3.6745562959604725,2.52173913,0.7988165860783636,0.22393822,0.08880309,0.13513514,0.27391304,1.526627253394206,0.34730539,0.58823529,5.591716102548546,5.266609306765523,0.3251067957830225,"Deron Swanson","sa3066649",
2026,"Gus McKay","UIW",,49.1,5.655405551173379,3.4662163055578774,1.63157895,1.0945946228077508,0.13537118,0.08296943,0.05240175,0.31527094,1.6824324757970983,0.34939759,0.6372549,6.385135299711879,6.0749136255987395,0.31022167411313983,"Gus McKay","sa3062648",
2026,"Owen Phypers","NAVY",,54,8.666666666666666,3,2.88888889,1.3333333333333333,0.21757322,0.07531381,0.14225941,0.2744186,1.4259259259259258,0.32903226,0.62674095,6,5.689816029866536,0.31018397013346366,"Owen Phypers","sa3071009",
2026,"Ryan Weller","USI",,71,6.971830985915493,5.070422535211268,1.375,0.1267605633802817,0.1641791,0.11940299,0.04477612,0.25886525,1.591549295774648,0.31858407,0.60192616,5.323943661971831,5.013793101780851,0.31015056019098,"Ryan Weller","sa3071578",
2026,"Harrison Thayer","RGV",,61,6.934426229508197,3.6885245901639343,1.88,0.5901639344262295,0.1780303,0.09469697,0.08333333,0.24152542,1.3442622950819672,0.28648649,0.61712846,5.163934426229508,4.858032761245478,0.30590166498403004,"Harrison Thayer","sa3060732",
2026,"Holden McKinney","JMU",,45.2,6.109488880979193,2.3649634377983975,2.58333333,0.5912408594495994,0.14761905,0.05714286,0.09047619,0.27513228,1.4014598149916428,0.31612903,0.5377907,5.321167735046394,5.021493343689845,0.2996743913565494,"Holden McKinney","sa3059988",
2026,"Andrew Abler","HARV",20,56.2,5.876470456370848,2.699999939413633,2.17647059,0.7941176292393038,0.14396887,0.06614786,0.07782101,0.27777778,1.447058791058287,0.3125,0.60493827,5.399999878827266,5.101124874365784,0.2988750044614825,"Andrew Abler","sa3025707",
2026,"Jesus Tovar","TXST",23,71.1,8.705607166268637,4.415887693034816,1.97142857,0.504672879203979,0.21835443,0.11075949,0.10759494,0.25,1.415887799988941,0.32460733,0.6405694,5.425233451442773,5.126889335550027,0.29834411589274623,"Jesus Tovar","sa3062692",
2026,"Derek Benzinger","HALL",23,41.2,6.695999795654303,6.911999789062507,0.96875,0.64799998022461,0.14975845,0.15458937,-0.00483092,0.29239766,1.967999939941408,0.34306569,0.58679707,6.695999795654303,6.406921553344729,0.28907824230957413,"Derek Benzinger","sa3027005",
2026,"Sam Heyman","BEL",23,45,7.6,3.8,2,0.4,0.18009479,0.09004739,0.09004739,0.26519337,1.488888888888889,0.32624113,0.54521277,5.6,5.311705833011203,0.2882941669887966,"Sam Heyman","sa3033755",
2026,"JD Rodriguez","TULN",,58,9,4.344827586206897,2.07142857,1.396551724137931,0.21014493,0.10144928,0.10869565,0.3,1.7241379310344827,0.36416185,0.67085954,6.051724137931035,5.771256851327831,0.2804672866032041,"JD Rodriguez","sa3060407",
2026,"Derek Arrocha","JKST",22,83.1,8.963999726440438,3.88799988134766,2.30555556,0.5399999835205083,0.21119593,0.09160305,0.11959288,0.29310345,1.655999949462892,0.37307692,0.6,5.939999818725592,5.662717528289796,0.2772822904357959,"Derek Arrocha","sa3069512",
2026,"Jesse Gutierrez","SJSU",21,45.1,6.154411937332489,4.764706015999345,1.29166667,0.3970588346666121,0.14351852,0.11111111,0.03240741,0.2972973,1.7426471077034644,0.34868421,0.61298077,6.5514707719991,6.2754872843055995,0.2759834876935008,"Jesse Gutierrez","sa3032881",
2026,"Nick DiRito","APP",23,81.2,10.028571740865022,2.9755102967401714,3.37037037,0.7714285954511555,0.25418994,0.07541899,0.17877095,0.26708075,1.383673512475882,0.35267857,0.70409982,4.628571572706933,4.353744231108475,0.2748273415984581,"Nick DiRito","sa3030371",
2026,"Alec Couture","MONM",23,80,7.0875,2.3625,3,0.45,0.17696629,0.05898876,0.11797753,0.29090909,1.4625,0.34980989,0.57560137,4.6125,4.337835311889648,0.2746646881103514,"Alec Couture","sa3029474",
2026,"Cade Montgomery","MICH",23,52.2,7.689873232059884,3.0759492928239536,2.5,0.6835442872942119,0.2027027,0.08108108,0.12162162,0.23115578,1.2151898440785989,0.28,0.6466877,4.613923939235931,4.343453867499253,0.2704700717366775,"Cade Montgomery","sa3038254",
2026,"Marcus Kruzan","MINN",21,52.2,9.227847878471861,2.7341771491768476,3.375,0.6835442872942119,0.24545455,0.07272727,0.17272727,0.205,1.0822784548825022,0.26056338,0.59566787,4.101265723765271,3.8307956520285944,0.27047007173667703,"Marcus Kruzan","sa3035748",
2026,"Michael Caruso","GAST",22,70,8.614285714285714,3.857142857142857,2.23333333,0.6428571428571429,0.22039474,0.09868421,0.12171053,0.22097378,1.2714285714285714,0.27692308,0.60674157,5.014285714285714,4.745580959320068,0.26870475496564605,"Michael Caruso","sa3028547",
2026,"Kyle Froehlich","TXST",24,59.2,9.804469064798429,0.9050279136737011,10.83333333,1.206703884898268,0.24253731,0.02238806,0.22014925,0.28346457,1.3072625419731239,0.35359116,0.54812834,4.675977553980789,4.41373737818635,0.2622401757944388,"Kyle Froehlich","sa3031736",
2026,"Josh Halcisak","MSM",21,41,9,5.487804878048781,1.64,0.8780487804878049,0.2039801,0.12437811,0.07960199,0.30232558,1.8780487804878048,0.37795276,0.64986737,5.926829268292683,5.686601724857237,0.24022754343544594,"Josh Halcisak","sa3032991",
2026,"Angel Ortiz","NCAT",,44.2,6.850746073630431,3.8283580999699462,1.78947368,0.8059701263094624,0.15111111,0.08444444,0.06666667,0.305,1.7910447251321386,0.35185185,0.59701493,5.843283415743603,5.608730796674601,0.23455261906900127,"Angel Ortiz","sa3039216",
2026,"Eli Tyndall","VMI",19,52.1,3.7834395823737363,3.4394905294306697,1.1,1.5477707382438013,0.0876494,0.07968127,0.00796813,0.32126697,1.738853545434394,0.32631579,0.59954751,7.2229301118044065,6.989031966984494,0.23389814481991245,"Eli Tyndall","sa3071489",
2026,"Jackson Lee","LIP",,56.1,7.988165860783636,5.591716102548546,1.42857143,0.9585799032940363,0.17985612,0.12589928,0.05395684,0.28270042,1.8106509284442909,0.33701657,0.67269076,6.230769371411236,5.99988940465576,0.2308799667554764,"Jackson Lee","sa3070578",
2026,"Kale Hammer","SEA",21,70,7.8428571428571425,2.5714285714285716,3.05,1.2857142857142858,0.197411,0.06472492,0.13268608,0.27368421,1.4,0.31775701,0.59090909,5.785714285714286,5.556453010014126,0.22926127570015975,"Kale Hammer","sa3066063",
2026,"Kyle Winkler","UTA",22,50,4.32,1.8,2.4,0.9,0.10859729,0.04524887,0.06334842,0.30769231,1.48,0.32960894,0.54285714,5.58,5.351140327453614,0.2288596725463865,"Kyle Winkler","sa3060944",
2026,"Keenan Anzai","UCD",,54.2,8.725609553136836,3.1280487077282997,2.78947368,0.32926828502403155,0.22553191,0.08085106,0.14468085,0.26540284,1.3719511876001313,0.34615385,0.63471503,4.115853562800394,3.8911104748037726,0.22474308799662168,"Keenan Anzai","sa3058506",
2026,"Ethan Eberle","LOU",20,65.1,9.918366960861558,4.132652900358982,2.4,1.3775509667863275,0.22291022,0.09287926,0.13003096,0.30960854,1.7908162568222257,0.38693467,0.70434783,5.785714060502576,5.56966780392839,0.2160462565741863,"Ethan Eberle","sa3065918",
2026,"Mason Smith","CAM",,52,10.557692307692308,3.2884615384615383,3.21052632,1.9038461538461537,0.26406926,0.08225108,0.18181818,0.24390244,1.3269230769230769,0.29323308,0.59405941,6.403846153846154,6.191681465735803,0.21216468811035138,"Mason Smith","sa3062681",
2026,"Carter Samuelson","UAB",19,60,5.55,5.85,0.94871795,1.2,0.12374582,0.13043478,-0.00668896,0.296,1.8833333333333333,0.32195122,0.60822898,7.05,6.8419465065002445,0.20805349349975533,"Carter Samuelson","sa3071208",
2026,"Fernando Palencia","USD",,42.2,7.804687267402194,3.7968748868443107,2.05555556,1.8984374434221554,0.1728972,0.08411215,0.08878505,0.32258065,1.828124945517631,0.36428571,0.61007958,7.5937497736886215,7.39015827844851,0.20359149524011144,"Fernando Palencia","sa3060198",
2026,"Blake Smith","SEA",22,42.2,10.54687468567864,2.7421874182764463,3.84615385,0.42187498742714563,0.25773196,0.06701031,0.19072165,0.27325581,1.4062499580904855,0.375,0.64954683,4.429687367985029,4.226095872744918,0.20359149524011055,"Blake Smith","sa3042489",
2026,"Liam Kinneen","PRIN",21,58.2,6.4431816785296165,4.9090908026892315,1.3125,0.46022726275211545,0.15441176,0.11764706,0.03676471,0.25112108,1.4999999674883764,0.29775281,0.5952381,5.982954415777501,5.780937694665815,0.20201672111168545,"Liam Kinneen","sa3065551",
2026,"Corden Pettey","CP",,61.1,9.684782809481057,3.6684783369246428,2.64,1.0271739343389,0.23913043,0.09057971,0.14855072,0.27125506,1.5000000310980761,0.34482759,0.67285383,4.989130538217514,4.787451950363492,0.2016785878540226,"Corden Pettey","sa3071001",
2026,"Aidan King","FLA",20,87,9.517241379310345,1.9655172413793103,4.84210526,0.41379310344827586,0.25915493,0.05352113,0.2056338,0.21580547,1.0344827586206897,0.28755365,0.6345733,3.206896551724138,3.0082563630465806,0.19864018867755728,"Aidan King","sa3059682",
2026,"Marco Dumsky","DART",,40.1,8.479339110298444,5.132231566759584,1.65217391,0.8925620116103625,0.19095477,0.11557789,0.07537688,0.28823529,1.785124023220725,0.3515625,0.56629834,5.801653075467357,5.604284889031513,0.19736818643584364,"Marco Dumsky","sa3030647",
2026,"Logan Reddemann","UCLA",21,59.2,12.670390791431815,1.6592178417351187,7.63636364,0.7541899280614176,0.35744681,0.04680851,0.3106383,0.21171171,0.9720670183902715,0.31578947,0.77358491,2.865921726633387,2.682220611308555,0.18370111532483202,"Logan Reddemann","sa3040515",
2026,"Benjamin Stubbs","TROY",22,95,8.242105263157894,3.694736842105263,2.23076923,0.8526315789473684,0.2027972,0.09090909,0.11188811,0.26233766,1.4736842105263157,0.3183391,0.64954683,5.11578947368421,4.935054643530595,0.18073483015361536,"Benjamin Stubbs","sa3071396",
2026,"Haden Luke","NICH",,52.2,11.791138955825154,5.468354298353695,2.15625,1.3670885745884238,0.28630705,0.13278008,0.15352697,0.25980392,1.6139240116668891,0.35433071,0.68527919,5.810126442000801,5.631533452238608,0.17859298976219318,"Haden Luke","sa3036679",
2026,"Cody Templeton","SFA",22,74.1,8.717488490990318,3.632286871245966,2.4,0.4843049161661288,0.21492537,0.08955224,0.12537314,0.28187919,1.5336322345260744,0.36036036,0.6932409,4.600896703578224,4.4251135435025555,0.1757831600756683,"Cody Templeton","sa3060728",
2026,"Drew Deremer","MUR",21,56.1,5.431952785332872,4.473372882038836,1.21428571,1.118343220509709,0.12592593,0.1037037,0.02222222,0.29694323,1.704142050300509,0.32446809,0.61491935,7.189349274705273,7.014532978954339,0.17481629575093383,"Drew Deremer","sa3030177",
2026,"Drew Lafferty","PITT",22,70,5.6571428571428575,2.9571428571428573,1.91304348,0.9,0.13455657,0.07033639,0.06422018,0.3137931,1.6285714285714286,0.35146444,0.66835871,5.6571428571428575,5.4839535849434995,0.17318927219935798,"Drew Lafferty","sa3035844",
2026,"Mason Holloway","BING",,52.1,8.770700850048208,2.7515924235445355,3.1875,1.3757962117722677,0.20731707,0.06504065,0.14227642,0.28444444,1.528662457524742,0.3373494,0.6504065,5.503184847089071,5.3372456518291855,0.16593919525988543,"Mason Holloway","sa3074105",
2026,"Travis Farrell","SEA",23,73,8.013698630136986,2.4657534246575343,3.25,1.1095890410958904,0.19817073,0.06097561,0.13719512,0.30693069,1.547945205479452,0.36681223,0.65464896,5.424657534246576,5.262910935650133,0.16174659859644258,"Travis Farrell","sa3070063",
2026,"Jake Cullen","URI",20,60,9.15,6.15,1.48780488,1.05,0.20890411,0.14041096,0.06849315,0.22881356,1.5833333333333333,0.2797619,0.57884232,6.75,6.592684968312581,0.15731503168741856,"Jake Cullen","sa3058959",
2026,"Tristan Ciampa","SBU",24,41,9,4.390243902439025,2.05,0.21951219512195122,0.21693122,0.10582011,0.11111111,0.28658537,1.6341463414634145,0.37704918,0.67988669,4.609756097560975,4.4556930983938825,0.15406299916709276,"Tristan Ciampa","sa3028920",
2026,"Smith Bailey","ARIZ",20,61.2,9.486486290875279,3.3567566875404835,2.82608696,0.8756756576192566,0.2398524,0.08487085,0.15498155,0.25409836,1.3783783499562372,0.32369942,0.66997519,4.670270173969368,4.516330536604799,0.1539396373645694,"Smith Bailey","sa3058536",
2026,"Hunter Dietz","ARK",21,85.2,13.76264632295976,3.256809435204218,4.22580645,1.0505836887755542,0.36187845,0.08563536,0.27624309,0.2191358,1.1906615139456282,0.33333333,0.72631579,3.5719845418368847,3.4188292804638833,0.1531552613730014,"Hunter Dietz","sa3030307",
2026,"Ka'imi Kahalekai","LBSU",,42,9.214285714285714,6.214285714285714,1.48275862,1.2857142857142858,0.2,0.13488372,0.06511628,0.26857143,1.8095238095238095,0.32539683,0.67430025,6.857142857142857,6.70411860148112,0.1530242556617365,"Ka'imi Kahalekai","sa3062624",
2026,"Nolan Feidt","SBU",,51.1,7.188311866371647,6.13636378836604,1.17142857,0.5259740390028035,0.14801444,0.12635379,0.02166065,0.29437229,2.00649355619588,0.34759358,0.428051,6.311688468033641,6.1600010314705935,0.15168743656304784,"Nolan Feidt","sa3070065",
2026,"Josh Willitts","NJIT",,69,7.173913043478261,4.434782608695652,1.61764706,0.782608695652174,0.171875,0.10625,0.065625,0.28776978,1.6521739130434783,0.34101382,0.63380282,5.608695652173913,5.457526245670042,0.1511694065038709,"Josh Willitts","sa3045318",
2026,"Cole Selvig","MINN",21,67.1,7.752474954719356,3.0742573096300894,2.52173913,1.202970251594383,0.19863014,0.07876712,0.11986301,0.2661597,1.3811880666454026,0.31122449,0.65972222,5.212871090242325,5.06177693048116,0.1510941597611657,"Cole Selvig","sa3041975",
2026,"Trevor Landen","UNCO",21,56.2,5.876470456370848,5.717646930522988,1.02777778,1.2705882067828862,0.13602941,0.13235294,0.00367647,0.28695652,1.7999999596090888,0.31351351,0.60950413,7.464705714849456,7.316950971873988,0.14775474297546864,"Trevor Landen","sa3035904",
2026,"Loren Georger","SLU",,44,7.363636363636363,3.477272727272727,2.11764706,0.4090909090909091,0.18181818,0.08585859,0.0959596,0.26136364,1.4318181818181819,0.31884058,0.64417178,4.909090909090909,4.763897089524702,0.1451938195662068,"Loren Georger","sa3070156",
2026,"Cole Fehrman","JOES",22,77,11.571428571428571,3.5064935064935066,3.3,0.5844155844155844,0.28862974,0.08746356,0.20116618,0.23986486,1.3116883116883118,0.34375,0.66666667,4.558441558441558,4.413247738875352,0.14519381956620592,"Cole Fehrman","sa3031214",
2026,"Connor Fennell","VAN",21,85.1,10.757812179392213,2.109374937135728,5.1,1.7929686965653688,0.2849162,0.05586592,0.22905028,0.25454545,1.2187499636784207,0.31753555,0.71428571,4.957031102268961,4.812539732945153,0.14449136932380835,"Connor Fennell","sa3031240",
2026,"Luke Alwood","SEA",22,43.2,9.893129482906152,3.9160304203170186,2.52631579,1.0305343211360576,0.24365482,0.0964467,0.14720812,0.27906977,1.5343511003581303,0.36134454,0.59090909,5.564885334134711,5.421229425601128,0.14365590853358334,"Luke Alwood","sa3025987",
2026,"Bryce Blevins","MRSH",23,105,7.371428571428571,1.6285714285714286,4.52631579,1.1142857142857143,0.18777293,0.04148472,0.14628821,0.27944573,1.3333333333333333,0.32335329,0.657277,4.9714285714285715,4.8312952450343545,0.14013332639421705,"Bryce Blevins","sa3027265",
2026,"John Chambers","BALL",22,71.1,8.705607166268637,3.6588783742288475,2.37931034,1.009345758407958,0.21698113,0.09119497,0.12578616,0.26950355,1.4719625643449386,0.33170732,0.5952381,5.8037381108457575,5.664939178488789,0.13879893235696894,"John Chambers","sa3058850",
2026,"Gabriel Barrett","SF",23,78,8.192307692307692,2.076923076923077,3.94444444,0.34615384615384615,0.2034384,0.05157593,0.15186246,0.29192547,1.435897435897436,0.36693548,0.66780822,4.269230769230769,4.131544585105701,0.1376861841250685,"Gabriel Barrett","sa3026633",
2026,"Lucas Boesen","UNCA",22,71,8.746478873239436,7.225352112676056,1.21052632,0.7605633802816901,0.19942197,0.16473988,0.03468208,0.26950355,1.8732394366197183,0.33816425,0.63829787,6.338028169014085,6.204328479229565,0.13369968978452018,"Lucas Boesen","sa3058665",
2026,"Jon Whiteside","DAY",,45.1,7.147059023999018,4.169117763999427,1.71428571,1.1911765039998363,0.16589862,0.09677419,0.06912442,0.30434783,1.6985294594071743,0.35211268,0.5955335,6.750000189332407,6.625528170534485,0.12447201879792136,"Jon Whiteside","sa3071594",
2026,"Kyle Calzadiaz","SJSU",22,45.1,11.11764737066514,7.147059023999018,1.55555556,0.3970588346666121,0.26168224,0.1682243,0.09345794,0.22941176,1.6544118111108839,0.33035714,0.63591022,6.154411937332489,6.032840218676004,0.12157171865648486,"Kyle Calzadiaz","sa3062822",
2026,"Liam Smith","PAC",20,45.2,8.277372032294391,6.306569167462393,1.3125,1.773722578348798,0.17948718,0.13675214,0.04273504,0.31413613,2.0145984840504867,0.36428571,0.58628319,8.080291745811191,7.961041023854579,0.11925072195661279,"Liam Smith","sa3071319",
2026,"Luca Alagheband","HARV",20,45.2,8.47445231877759,3.744525443180796,2.26315789,0.7883211459327991,0.20379147,0.09004739,0.11374408,0.22159091,1.2700729573361764,0.27131783,0.57017544,5.7153283080127935,5.597045850969733,0.11828245704306006,"Luca Alagheband","sa3065243",
2026,"Karsten Sweum","GONZ",20,78.2,12.58474616955082,4.118644200943905,3.05555556,0.9152542668764233,0.31700288,0.1037464,0.21325648,0.22697368,1.3347458058614508,0.32795699,0.66468254,4.690678117741669,4.578850109787448,0.11182800795422132,"Karsten Sweum","sa3066031",
2026,"Kros Sivley","USM",22,59,8.694915254237289,1.6779661016949152,5.18181818,0.6101694915254238,0.23651452,0.04564315,0.19087137,0.21524664,1,0.27160494,0.64569536,4.11864406779661,4.009987738981086,0.108656328815524,"Kros Sivley","sa3042382",
2026,"Hayden ODell","USA",22,46.1,8.546762824484265,3.884892192947393,2.2,0.3884892192947393,0.21256039,0.09661836,0.11594203,0.26229508,1.467625939557904,0.33576642,0.70809249,4.467626021889502,4.361408303372701,0.10621771851680073,"Hayden ODell","sa3065831",
2026,"Nolan Kirsch","MERC",,48,6.9375,6.75,1.02777778,0.75,0.16086957,0.15652174,0.00434783,0.2606383,1.7708333333333333,0.30612245,0.55035129,7.6875,7.5812905947367355,0.1062094052632645,"Nolan Kirsch","sa3065068",
2026,"Michael Tight","COR",,29.2,6.6741574464038775,4.247191102257013,1.57142857,0.6067415860367161,0.15714286,0.1,0.05714286,0.26446281,1.550561830982719,0.30927835,0.47717842,5.4606742743304455,5.356908138459597,0.10376613587084815,"Michael Tight","sa3074831",
2026,"Max Winders","BUT",20,70.1,7.8056869215513505,1.535544968174036,5.08333333,0.767772484087018,0.20890411,0.04109589,0.16780822,0.25631769,1.1800947440596758,0.30952381,0.6056701,4.478672823840939,4.381139624565161,0.09753319927577841,"Max Winders","sa3065858",
2026,"Luke Earnhardt","WIN",,66.2,10.665000406837478,4.995000190544135,2.13513514,0.4050000154495245,0.26421405,0.12374582,0.14046823,0.23320158,1.4400000549316427,0.32748538,0.625,4.725000180244453,4.630173560523987,0.09482661972046547,"Luke Earnhardt","sa3030739",
2026,"Jacob Jette","UML",22,56.1,6.071006054195563,4.633136199254509,1.31034483,1.7573964893724,0.14285714,0.10902256,0.03383459,0.28448276,1.6863905706098787,0.30054645,0.53191489,7.189349274705273,7.0952074728068535,0.09414180189841925,"Jacob Jette","sa3034683",
2026,"Jake Story","UNCO",22,67.2,7.714286004213456,3.9901479332138563,1.93333333,1.0640394488570284,0.18125,0.09375,0.0875,0.28621908,1.640394150321252,0.33640553,0.58052434,6.118226830927913,6.027064099356148,0.09116273157176469,"Jake Story","sa3043188",
2026,"Luke Harrison","TEX",23,83.1,10.799999670410166,3.779999884643558,2.85714286,0.7559999769287117,0.27548209,0.09641873,0.17906336,0.22151899,1.2599999615478528,0.30143541,0.67164179,4.103999874755863,4.012946006500244,0.09105386825561901,"Luke Harrison","sa3033295",
2026,"Zach Erdman","PUR",22,72.1,7.589861484303928,1.9907833401452926,3.8125,1.1198156288317271,0.18597561,0.04878049,0.13719512,0.30844156,1.534562158028663,0.36134454,0.67382813,4.603686474085989,4.515214923634731,0.0884715504512581,"Zach Erdman","sa3030977",
2026,"Evan Kleinhans","COLU",22,48.2,7.397260080696522,2.4041095262263696,3.07692308,0.3698630040348261,0.1843318,0.05990783,0.12442396,0.28350515,1.3972602374648986,0.34868421,0.69148936,4.438356048417913,4.350520538742401,0.08783550967551168,"Evan Kleinhans","sa3035487",
2026,"Ethan Foley","CAL",23,55.1,7.156626670484122,2.9277109106525954,2.44444444,1.3012048491789312,0.17254902,0.07058824,0.10196078,0.31168831,1.626506061473664,0.3575419,0.66037736,5.530120609010457,5.445743638701876,0.08437697030858171,"Ethan Foley","sa3059203",
2026,"Evan Chaffee","SJU",,87.2,8.931559194457753,3.285171197961472,2.71875,0.615969599617776,0.22081218,0.08121827,0.13959391,0.26780627,1.4372623991081441,0.34108527,0.66096423,4.825095197005912,4.743347482033672,0.08174771497224054,"Evan Chaffee","sa3028717",
2026,"Ben Waterman","LAF",21,42.2,6.960937292547903,5.695312330266466,1.22222222,1.2656249622814368,0.16097561,0.13170732,0.02926829,0.22754491,1.5234374545980258,0.25,0.53254438,7.382812279975048,7.309607608523223,0.0732046714518253,"Ben Waterman","sa3060876",
2026,"Jason Gerfers","LBSU",,76.2,8.686956809896612,4.930434946157536,1.76190476,0.8217391576929227,0.20612813,0.11699164,0.08913649,0.24832215,1.5130435284504609,0.30875576,0.61501597,5.752174103850459,5.680930250200299,0.07124385365016028,"Jason Gerfers","sa3070157",
2026,"David Horn","MTSU",22,72,10.25,4.75,2.15789474,0.875,0.24188791,0.1120944,0.12979351,0.27586207,1.6388888888888888,0.36318408,0.64597315,5.25,5.1798456297980415,0.07015437020195847,"David Horn","sa3034092",
2026,"Jack Radel","ND",21,87.2,11.908745592610337,2.258555198598512,5.27272727,0.821292799490368,0.32492997,0.06162465,0.26330532,0.2042042,1.02661599936296,0.28708134,0.69306931,3.285171197961472,3.2165988678795623,0.06857233008190988,"Jack Radel","sa3040377",
2026,"Nicholas Robb","GCU",21,52.1,7.738853691219006,2.923566950016069,2.64705882,0.6878981058861339,0.19650655,0.07423581,0.12227074,0.26794258,1.3949044924913272,0.325,0.625,5.503184847089071,5.438516483680632,0.06466836340843862,"Nicholas Robb","sa3040858",
2026,"Gregory Quintana","LAF",,44.1,7.714285935546357,3.4511279185338966,2.23529412,1.2180451477178458,0.18536585,0.08292683,0.10243902,0.29891304,1.6240601969571278,0.35,0.65088757,5.8872182139695886,5.822648152119499,0.06457006185008929,"Gregory Quintana","sa3074809",
2026,"Matt Stuart","GWEB",,60.2,4.450549357266492,3.70879113105541,1.2,0.8901098714532983,0.10600707,0.08833922,0.01766785,0.31349206,1.7142856783545006,0.33796296,0.6003937,6.230769100173089,6.174843840972769,0.0559252592003201,"Matt Stuart","sa3071395",
2026,"Garrett Lambert","MER",21,71,11.408450704225352,3.676056338028169,3.10344828,0.7605633802816901,0.28753994,0.09265176,0.19488818,0.21481481,1.2253521126760563,0.29885057,0.66954644,4.309859154929577,4.254663899918677,0.055195255010899835,"Garrett Lambert","sa3035878",
2026,"Tazwell Butler","KSU",23,55,9.49090909090909,3.6,2.63636364,1.309090909090909,0.2406639,0.09128631,0.14937759,0.23148148,1.309090909090909,0.28,0.61128527,5.236363636363636,5.19151482148604,0.04484881487759651,"Tazwell Butler","sa3058782",
2026,"Trevor Esparza","GRAM",21,55.2,8.73053872272837,4.688622647391162,1.86206897,1.2934131441079066,0.19217082,0.10320285,0.08896797,0.31687243,1.9041915732699737,0.38121547,0.58766859,7.275448935606975,7.230765399794713,0.04468353581226214,"Trevor Esparza","sa3059138",
2026,"Luke Ridley","WES",23,58.1,8.331428753039306,6.942857294199421,1.2,1.0800000235421323,0.18430034,0.15358362,0.03071672,0.28215768,1.9371428993692212,0.33888889,0.67150635,6.634285858901669,6.589847150701408,0.04443870820026152,"Luke Ridley","sa3065600",
2026,"Carter Burnette","WCU",,81,8.444444444444445,3.3333333333333335,2.53333333,2,0.21408451,0.08450704,0.12957747,0.27070064,1.4197530864197532,0.30454545,0.625,6.444444444444445,6.405246407308696,0.03919803713574854,"Carter Burnette","sa3058776",
2026,"Noel Valdez","UCD",,70.2,7.6415097089627,3.183962378734458,2.4,0.76415097089627,0.18927445,0.07886435,0.11041009,0.32989691,1.7122642125638643,0.4,0.72183099,4.58490582537762,4.546885915411966,0.0380199099656533,"Noel Valdez","sa3044289",
2026,"Luke Parise","JOES",20,64.2,8.072165265905843,2.922680527310736,2.76190476,0.835051579231639,0.19205298,0.06953642,0.12251656,0.27067669,1.4381443864544892,0.32673267,0.65261044,5.427835265005653,5.391825904353595,0.03600936065205751,"Luke Parise","sa3039435",
2026,"Ethan Norby","ECU",21,90.1,13.051660149165075,2.7896678181421537,4.67857143,0.9963099350507691,0.31796117,0.06796117,0.25,0.25068871,1.3173431363449057,0.36486486,0.73015873,4.084870733708153,4.057998162342039,0.02687257136611443,"Ethan Norby","sa3038921",
2026,"Adam Stanton","CLT",23,61.2,6.859459318017509,2.918918858730855,2.35,0.4378378288096283,0.17028986,0.07246377,0.09782609,0.26209677,1.3783783499562372,0.31313131,0.67567568,4.3783782880962825,4.362216767073549,0.016161521022733716,"Adam Stanton","sa3042949",
2026,"Trevor Moore","STAN",22,43.2,9.893129482906152,4.7404578772258645,2.08695652,0.41221372845442306,0.26086957,0.125,0.13586957,0.24375,1.4198472868985683,0.33636364,0.73089701,3.9160304203170186,3.9011836817558954,0.014846738561123285,"Trevor Moore","sa3038314",
2026,"Meade Johnson","SIU",23,48,9.9375,6.1875,1.60606061,0.75,0.239819,0.14932127,0.09049774,0.23756906,1.5833333333333333,0.31451613,0.65891473,5.8125,5.797816944122315,0.01468305587768537,"Meade Johnson","sa3034789",
2026,"Andrew Heffernan","BGSU",21,60.1,6.265193502208931,1.790055286345409,3.5,1.1933701908969392,0.15384615,0.04395604,0.10989011,0.30039526,1.4585635666518146,0.33497537,0.60141509,5.966850954484697,5.953522916677209,0.01332803780748737,"Andrew Heffernan","sa3033519",
2026,"Tate Hickman","SHSU",,51.2,6.096774043500985,4.529032146600732,1.34615385,0.8709677205001407,0.14344262,0.10655738,0.03688525,0.29716981,1.722580602766945,0.3372093,0.67045455,5.922580499400957,5.913358131253882,0.009222368147074889,"Tate Hickman","sa3059489",
2026,"Sam Carlisle","WMU",22,60,10.05,4.8,2.09375,0.45,0.24100719,0.11510791,0.12589928,0.25416667,1.55,0.34117647,0.68565401,4.95,4.944222704569499,0.005777295430501539,"Sam Carlisle","sa3069745",
2026,"Jake Lenahan","HC",,65.1,9.229591477468395,3.443877416965819,2.68,0.6887754833931637,0.23103448,0.0862069,0.14482759,0.23846154,1.3316326012267832,0.30319149,0.56470588,4.683673287073513,4.677911255450013,0.005762031623500086,"Jake Lenahan","sa3065350",
2026,"Joseph Webb","ECU",22,68,11.382352941176471,4.367647058823529,2.60606061,0.39705882352941174,0.29553265,0.11340206,0.18213059,0.18951613,1.1764705882352942,0.27672956,0.61771562,3.838235294117647,3.83312297708848,0.005112317029167368,"Joseph Webb","sa3062921",
2026,"Daniel Lang","STO",,43,6.27906976744186,6.069767441860465,1.03448276,0.8372093023255814,0.14354067,0.13875598,0.00478469,0.25698324,1.744186046511628,0.28965517,0.46875,7.325581395348837,7.321600672256115,0.003980723092722016,"Daniel Lang","sa3070558",
2026,"Chase Richter","ARST",24,47,9.191489361702128,2.6808510638297873,3.42857143,1.148936170212766,0.23762376,0.06930693,0.16831683,0.25136612,1.2765957446808511,0.31007752,0.65371025,4.9787234042553195,4.9753681933626215,0.0033552108926979685,"Chase Richter","sa3040719",
2026,"Tanner Boccabello","BCU",23,67.1,7.084158148278033,3.0742573096300894,2.30434783,0.534653445153059,0.16825397,0.07301587,0.0952381,0.31095406,1.648514789221932,0.37168142,0.58566434,5.88118789668365,5.878479893419536,0.0027080032641135787,"Tanner Boccabello","sa3027298",
2026,"Will Holmes","CIT",,92.2,11.65467657884218,5.147482155655296,2.26415094,0.6798561337657938,0.30379747,0.13417722,0.16962025,0.19393939,1.2625899627079027,0.28078818,0.66275168,4.370503717065817,4.370785101098888,-0.0002813840330713191,"Will Holmes","sa3034015",
2026,"Kade Walker","JKST",23,46.2,9.835714017712347,4.821428440055072,2.04,0.7714285504088115,0.22972973,0.11261261,0.11711712,0.28795812,1.7142856675751368,0.375,0.58457711,6.171428403270492,6.1761460870626035,-0.004717683792111238,"Kade Walker","sa3044678",
2026,"Michael Gibson","CIT",,53,12.39622641509434,3.5660377358490565,3.47619048,1.6981132075471699,0.29918033,0.08606557,0.21311475,0.25233645,1.4150943396226414,0.33587786,0.74285714,5.264150943396227,5.270608624872172,-0.006457681475945165,"Michael Gibson","sa3032191",
2026,"Carter Monke","MSU",23,73.2,6.230769445868771,1.8325792487849326,3.4,1.0995475492709594,0.15740741,0.0462963,0.11111111,0.2923588,1.398190093517393,0.32780083,0.68089431,4.886877996759821,4.895117819350973,-0.00823982259115219,"Carter Monke","sa3038234",
2026,"Ridge Harvey","BEL",19,46.2,9.642856880110145,2.8928570640330435,3.33333333,0.38571427520440577,0.24390244,0.07317073,0.17073171,0.25136612,1.3071428215260419,0.33587786,0.61349693,4.242857027248464,4.251388377364801,-0.008531350116337322,"Ridge Harvey","sa3070295",
2026,"Brian Strange","ELON",23,75.1,8.840707666153776,3.7035396979833384,2.38709677,1.075221202640324,0.21764706,0.09117647,0.12647059,0.2615894,1.4601769418572301,0.3196347,0.55555556,5.37610601320162,5.389605186200104,-0.013499172998483466,"Brian Strange","sa3043205",
2026,"Esteban Torres","UMES",,56.2,5.717646930522988,7.464705714849456,0.76595745,0.4764705775435823,0.12857143,0.16785714,-0.03928571,0.25892857,1.8529411348917089,0.2972973,0.53734062,7.782352766545178,7.79697681578798,-0.01462404924280225,"Esteban Torres","sa3071470",
2026,"Kide Adetuyi","FAU",20,73,10.479452054794521,3.9452054794520546,2.65625,0.863013698630137,0.27508091,0.10355987,0.17152104,0.22181818,1.273972602739726,0.29508197,0.66901408,4.191780821917808,4.207014999650929,-0.01523417773312108,"Kide Adetuyi","sa3058463",
2026,"Trey Beard","FSU",21,68,12.838235294117647,3.176470588235294,4.04166667,1.4558823529411764,0.32993197,0.08163265,0.24829932,0.23282443,1.25,0.32467532,0.67010309,4.5,4.517146862254424,-0.017146862254423745,"Trey Beard","sa3026802",
2026,"Brandon Stone","SC",21,68.2,7.7330099951368165,2.4902913543660934,3.10526316,1.4417476262119489,0.18670886,0.06012658,0.12658228,0.29655172,1.529126270224794,0.34090909,0.69358178,5.111650674751455,5.12894607377284,-0.01729539902138555,"Brandon Stone","sa3062686",
2026,"Zach Worzel","CCSU",,42.2,5.062499849125747,3.5859373931307377,1.41176471,1.4765624559950097,0.11267606,0.07981221,0.03286385,0.28729282,1.617187451804058,0.3,0.53908356,8.648437242256485,8.672436330979693,-0.023999088723208217,"Zach Worzel","sa3075277",
2026,"Dylan Vigue","UGA",22,63,11,5.142857142857143,2.13888889,0.7142857142857143,0.275,0.12857143,0.14642857,0.21459227,1.3650793650793651,0.29801325,0.72222222,4.428571428571429,4.4543428436158194,-0.025771415044390622,"Dylan Vigue","sa3044492",
2026,"Brett Renfrow","VT",21,73.2,10.751131592871605,3.0542987479748875,3.52,1.3438914491089506,0.27672956,0.07861635,0.19811321,0.25087108,1.3167421269047292,0.32446809,0.73059361,4.642534096921829,4.6698618224987065,-0.02732772557687735,"Brett Renfrow","sa3040617",
2026,"Nathan Mertens","SEMO",,61.1,8.070652341234215,0.44021740043095714,18.33333333,1.1739130678158858,0.21825397,0.01190476,0.20634921,0.25819672,1.0760869788312286,0.3038674,0.65217391,4.402174004309571,4.434031932115104,-0.031857927805533315,"Nathan Mertens","sa3060021",
2026,"Enger Paulino","SBU",21,51.2,8.012903028601295,7.664515940401238,1.04545455,0.5225806323000844,0.1796875,0.171875,0.0078125,0.26470588,1.8967741468669732,0.32903226,0.62868369,6.270967587601014,6.302899973012904,-0.03193238541189025,"Enger Paulino","sa3070965",
2026,"Jaxon Lucas","LIB",21,67,6.447761194029851,3.626865671641791,1.77777778,0.8059701492537313,0.16161616,0.09090909,0.07070707,0.27067669,1.4776119402985075,0.31132075,0.66596195,5.2388059701492535,5.27147083709489,-0.03266486694563664,"Jaxon Lucas","sa3036633",
2026,"Maverick Torres","WES",,58,7.293103448275862,4.344827586206897,1.67857143,2.1724137931034484,0.16845878,0.10035842,0.06810036,0.29795918,1.7413793103448276,0.32065217,0.65217391,7.448275862068965,7.482852024867617,-0.03457616279865139,"Maverick Torres","sa3065960",
2026,"William Andrade","UNO",,47,8.808510638297872,6.702127659574468,1.31428571,1.148936170212766,0.20175439,0.15350877,0.04824561,0.26666667,1.7659574468085106,0.328125,0.61643836,6.8936170212765955,6.9354656178900544,-0.041848596613458966,"William Andrade","sa3069498",
2026,"Huxley Holcombe","COR",22,50,8.1,4.68,1.73076923,0.72,0.19650655,0.11353712,0.08296943,0.23834197,1.44,0.29166667,0.61518325,5.4,5.4423013687133786,-0.042301368713378196,"Huxley Holcombe","sa3033952",
2026,"Chase Ingram","UAB",22,70.2,6.367924757468916,2.0377359223900533,3.125,2.1650944175394318,0.15479876,0.0495356,0.10526316,0.29934211,1.5141509978870535,0.31223629,0.63805104,6.367924757468916,6.410814521676838,-0.042889764207921566,"Chase Ingram","sa3034429",
2026,"Zach Boyd","W&M",,44.1,6.496240787828511,4.2631580170124606,1.52380952,1.0150376230982048,0.15311005,0.10047847,0.05263158,0.29120879,1.669172980205937,0.33103448,0.64383562,6.090225738589229,6.137459425090822,-0.047233686501592764,"Zach Boyd","sa3058703",
2026,"Ryan Borberg","DBU",22,59,6.864406779661017,3.5084745762711864,1.95652174,1.9830508474576272,0.16071429,0.08214286,0.07857143,0.29268293,1.6101694915254237,0.31382979,0.61503417,7.169491525423729,7.219864462189755,-0.050372936766025944,"Ryan Borberg","sa3027390",
2026,"Ryne Rodriguez","HOU",,55.1,9.271084550399884,3.0903615167999616,3,0.6506024245894656,0.2375,0.07916667,0.15833333,0.24056604,1.265060270035072,0.31125828,0.65395095,4.391566365978893,4.443650646613945,-0.05208428063505277,"Ryne Rodriguez","sa3041017",
2026,"Ashton Johnson","BYU",22,55.1,8.295180913515686,3.4156627290946946,2.42857143,0.6506024245894656,0.20816327,0.08571429,0.12244898,0.26339286,1.445783165754368,0.32544379,0.64516129,4.228915759831526,4.281000040466579,-0.05208428063505277,"Ashton Johnson","sa3062621",
2026,"John Delgado","DAY",,60.2,10.68131845743958,5.043955938235357,2.11764706,1.3351648071799476,0.26181818,0.12363636,0.13818182,0.23829787,1.483516452422164,0.30519481,0.6235012,5.785714164446439,5.842318635815484,-0.05660447136904523,"John Delgado","sa3069933",
2026,"Evan Dempsey","FGCU",20,88.2,12.78947405103738,2.6390978200553326,4.84615385,0.40601504923928194,0.34146341,0.0704607,0.27100271,0.20481928,1.060150406347014,0.31683168,0.73440644,3.146616631604435,3.203230528616097,-0.056613897011662306,"Evan Dempsey","sa3030134",
2026,"Lazaro Collera","MIA",20,70.1,8.957345647681878,3.96682450111626,2.25806452,1.0236966454493575,0.22435897,0.09935897,0.125,0.24264706,1.3791468695637177,0.29896907,0.66455696,4.990521146565618,5.049694909396321,-0.05917376283070297,"Lazaro Collera","sa3058903",
2026,"Carter Cox","NIU",20,82.2,9.689516427117514,3.375000103827449,2.87096774,0.8709677687296642,0.23237598,0.08093995,0.15143603,0.2754491,1.487903271579843,0.35443038,0.64714946,5.443548554560402,5.510620581198186,-0.067072026637784,"Carter Cox","sa3058939",
2026,"Sawyer Pruitt","UL",19,74.1,10.049327010447172,3.9955155583705624,2.51515152,1.210762290415322,0.24924925,0.0990991,0.15015015,0.25938567,1.4663676628363345,0.33,0.69607843,5.206277848785884,5.275625763707702,-0.06934791492181791,"Sawyer Pruitt","sa3071048",
2026,"Lance Williams","MD",,57,10.894736842105264,4.578947368421052,2.37931034,1.894736842105263,0.26136364,0.10984848,0.15151515,0.25560538,1.5087719298245614,0.31690141,0.66502463,6.157894736842105,6.228530497299998,-0.07063576045789244,"Lance Williams","sa3060932",
2026,"Jacob Heppner","UVU",,59.2,6.033519424491341,4.374301582756222,1.37931034,0.45251395683685053,0.14925373,0.10820896,0.04104478,0.28151261,1.6089385131976908,0.32820513,0.61422414,4.977653525205356,5.0523693602316015,-0.07471583502624579,"Jacob Heppner","sa3059471",
2026,"Kenyon Collins","MRSH",20,72,9,3.75,2.4,0.875,0.21556886,0.08982036,0.1257485,0.25429553,1.4444444444444444,0.31603774,0.61567164,5.125,5.201136514875624,-0.0761365148756239,"Kenyon Collins","sa3058906",
2026,"Bryan Matuschat","SHU",20,80.1,4.593360850437501,2.240663829481708,2.05,1.7925310635853664,0.10846561,0.05291005,0.05555556,0.32022472,1.6680497397252716,0.3277592,0.60739437,6.609958296971039,6.686399240532035,-0.07644094356099629,"Bryan Matuschat","sa3066796",
2026,"Maddox Meyer","OMA",20,68.2,7.601942029117549,1.1796116941734127,6.44444444,1.1796116941734127,0.18954248,0.02941176,0.16013072,0.29830508,1.4126214115410003,0.34649123,0.59027778,4.980582708732187,5.059155506583858,-0.07857279785167126,"Maddox Meyer","sa3060026",
2026,"Chase Deibler","DEL",,44,5.7272727272727275,5.318181818181818,1.07692308,1.2272727272727273,0.13930348,0.12935323,0.00995025,0.26744186,1.6363636363636365,0.28985507,0.63063063,6.545454545454546,6.629340579292991,-0.0838860338384455,"Chase Deibler","sa3069928",
2026,"Jase Evangelista","UNLV",21,46.2,12.342856806540984,3.471428476839652,3.55555556,1.735714238419826,0.3047619,0.08571429,0.21904762,0.27272727,1.4785713882835554,0.36842105,0.6514658,6.171428403270492,6.260991416853303,-0.08956301358281049,"Jase Evangelista","sa3031055",
2026,"Edwin Alicea","USF",21,72.1,7.465437525544847,3.4838708452542617,2.14285714,0.8709677113135654,0.18181818,0.08484848,0.0969697,0.24825175,1.3686635463498886,0.29223744,0.61787072,5.225806267881393,5.315909590076391,-0.09010332219499784,"Edwin Alicea","sa3069474",
2026,"Nathan Aceves","UCSB",,64.2,9.603093161163848,3.757732106542375,2.55555556,0.4175257896158195,0.2455516,0.09608541,0.14946619,0.22222222,1.2525773688474584,0.29824561,0.66059226,4.175257896158195,4.269410706823242,-0.09415281066504733,"Nathan Aceves","sa3062551",
2026,"Garrett Grant","FAU",19,52.2,7.8607593038834365,3.4177214364710595,2.3,1.5379746464119768,0.18326693,0.07968127,0.10358566,0.3125,1.7088607182355298,0.36094675,0.7464455,5.810126442000801,5.904604685755423,-0.09447824375462233,"Garrett Grant","sa3070208",
2026,"Cam Allen","WRST",,66.1,8.140703205484238,4.070351602742119,2,1.0854270940645652,0.2,0.1,0.1,0.2605364,1.4773868780323247,0.31088083,0.60542797,6.376884177629321,6.473974377038352,-0.09709019940903119,"Cam Allen","sa3025908",
2026,"Caleb Reed","WICH",22,50.1,9.83443733453908,3.754966982278558,2.61904762,1.072847709222445,0.25821596,0.09859155,0.15962441,0.2287234,1.2715232109303054,0.29133858,0.67114094,4.649006739963929,4.746251163844043,-0.097244423880114,"Caleb Reed","sa3071085",
2026,"Brett Lanman","ACU",21,70.2,9.679245631352753,3.948113349630728,2.4516129,1.2735849514937834,0.24050633,0.09810127,0.14240506,0.24285714,1.4009434466431616,0.29896907,0.65555556,5.3490567962738895,5.448121503325451,-0.09906470705156156,"Brett Lanman","sa3035953",
2026,"Hunter Elliott","MISS",23,85,11.75294117647059,4.870588235294117,2.41304348,1.588235294117647,0.28388747,0.11764706,0.16624041,0.26139818,1.5529411764705883,0.34975369,0.74015748,5.4,5.4995342535131115,-0.09953425351311118,"Hunter Elliott","sa3030887",695545
2026,"Duncan Marsten","WAKE",21,57,11.526315789473685,4.2631578947368425,2.7037037,1.105263157894737,0.29554656,0.10931174,0.18623482,0.2047619,1.2280701754385965,0.27692308,0.6980057,4.7368421052631575,4.837838296722948,-0.10099619145979055,"Duncan Marsten","sa3067236",
2026,"Kenton Deverman","EVAN",21,44,9.409090909090908,1.6363636363636365,5.75,2.0454545454545454,0.22439024,0.03902439,0.18536585,0.31443299,1.5681818181818181,0.36956522,0.67241379,5.931818181818182,6.036453307758678,-0.10463512594049629,"Kenton Deverman","sa3030224",
2026,"Jeremy Cheeseman","FDU",21,68,6.088235294117647,3.9705882352941178,1.53333333,0.9264705882352942,0.14197531,0.09259259,0.04938272,0.32280702,1.7941176470588236,0.36637931,0.60231023,7.014705882352941,7.120506281011245,-0.10580039865830404,"Jeremy Cheeseman","sa3028816",
2026,"Alexander Llinas","LIP",22,81,7.111111111111111,3.7777777777777777,1.88235294,1,0.17630854,0.09366391,0.08264463,0.2555205,1.4197530864197532,0.29508197,0.64685315,5.666666666666667,5.774891190470001,-0.10822452380333392,"Alexander Llinas","sa3036421",
2026,"Cade McGarrh","ACU",23,52,8.48076923076923,5.365384615384615,1.58064516,1.7307692307692308,0.18918919,0.11969112,0.06949807,0.25471698,1.6346153846153846,0.2875817,0.65517241,7.4423076923076925,7.558063404376691,-0.11575571206899848,"Cade McGarrh","sa3037584",
2026,"Griffin Naess","CP",,91.1,9.55839389443519,3.448905013455996,2.77142857,0.9854014324159989,0.24069479,0.08684864,0.15384615,0.24444444,1.3467152909685318,0.3083004,0.69230769,4.631386732355195,4.749130747114897,-0.11774401475970198,"Griffin Naess","sa3038661",
2026,"Nate Gray","BYU",20,58.1,8.640000188337059,6.171428705955041,1.4,1.3885714588398843,0.19649123,0.14035088,0.05614035,0.2742616,1.8000000392368871,0.3255814,0.687251,6.480000141252793,6.60034604599622,-0.12034590474342721,"Nate Gray","sa3070211",
2026,"Harrison Wilson","WIN",22,49,8.081632653061224,2.020408163265306,4,0.7346938775510204,0.20853081,0.0521327,0.1563981,0.27135678,1.3265306122448979,0.33112583,0.54635762,4.224489795918367,4.3451735496521,-0.12068375373373286,"Harrison Wilson","sa3045399",
2026,"Owen Slater","MOST",,58.1,6.171428705955041,5.245714400061785,1.17647059,1.0800000235421323,0.13937282,0.1184669,0.02090592,0.30379747,1.8171428967534289,0.34210526,0.65953654,6.788571576550545,6.91206791218349,-0.12349633563294482,"Owen Slater","sa3065414",
2026,"Dakoda West","UTU",22,79.2,8.020920758137109,3.1631800172935076,2.53571429,0.7907950043233769,0.19346049,0.07629428,0.11716621,0.29393939,1.5690377069908272,0.35714286,0.69243156,4.857740740843601,4.984278426809211,-0.12653768596560955,"Dakoda West","sa3045029",
2026,"Tripp Patterson","UNA",,82.2,5.334677583469193,2.721774277280201,1.96,1.4153226241857044,0.13136729,0.06702413,0.06434316,0.30205279,1.548387144408292,0.32258065,0.61643836,6.096774381107649,6.227151308372293,-0.13037692726464378,"Tripp Patterson","sa3060220",
2026,"Owen Byberg","EVAN",23,43.1,6.646154041177428,3.7384616481623034,1.77777778,1.4538461965075624,0.14814815,0.08333333,0.06481482,0.29255319,1.6846154340484454,0.32214765,0.53278689,6.853846354964222,6.984355480826116,-0.13050912586189334,"Owen Byberg","sa3058785",
2026,"Anthony Mateo","AAMU",22,77.1,5.469827406329865,3.0258619694590743,1.80769231,0.814655145623597,0.12983425,0.0718232,0.05801105,0.29538462,1.5775861550171242,0.32841328,0.59253247,6.517241164988776,6.651269218952848,-0.13402805396407214,"Anthony Mateo","sa3037281",
2026,"Noah Thigpen","TROY",20,59.1,8.494382204514025,3.3370787232019388,2.54545455,1.8202247581101483,0.21455939,0.08429119,0.1302682,0.27234043,1.449438233309933,0.31137725,0.6284153,6.067415860367161,6.201760778666717,-0.13434491829955597,"Noah Thigpen","sa3060735",
2026,"Carson Jasa","NEB",21,87.2,12.011407192546633,4.825095197005912,2.4893617,0.410646399745184,0.30548303,0.1227154,0.18276762,0.20433437,1.2889734214223831,0.30693069,0.72259136,3.59315599777036,3.7320325978989493,-0.13887660012858927,"Carson Jasa","sa3059584",
2026,"Tyler Lutz","JMU",20,65.2,6.1675129292100985,1.9187818001986974,3.21428571,0.9593909000993487,0.15625,0.04861111,0.10763889,0.28731343,1.3857868556990591,0.32407407,0.65366972,4.934010343368079,5.074515005448009,-0.1405046620799304,"Tyler Lutz","sa3070640",
2026,"Jackson Thomas","WASH",,58.2,7.823863466785963,2.7613635765126925,2.83333333,1.0738636130882693,0.19101124,0.06741573,0.12359551,0.26556017,1.3977272424323506,0.31147541,0.66084788,4.755681715105193,4.8968917165659684,-0.14121000146077556,"Jackson Thomas","sa3043698",
2026,"Dax Whitney","ORST",20,63,14.857142857142858,2.5714285714285716,5.77777778,0.8571428571428571,0.41767068,0.07228916,0.34538153,0.18340611,0.9523809523809523,0.30252101,0.85820896,2,2.1454432063632543,-0.14544320636325425,"Dax Whitney","sa3060915",
2026,"Andreas Alvarez","AUB",20,85,11.964705882352941,3.2823529411764705,3.64516129,1.1647058823529413,0.31129477,0.08539945,0.22589532,0.2392638,1.2823529411764707,0.33168317,0.69277108,3.8117647058823527,3.958357782924877,-0.1465930770425241,"Andreas Alvarez","sa3062805",
2026,"Alec Belardes","SDSU",21,67.1,8.821781845025475,4.6782176450892665,1.88571429,1.069306890306118,0.20952381,0.11111111,0.0984127,0.28358209,1.648514789221932,0.35051546,0.66189624,6.549504703124973,6.696352066258431,-0.1468473631334577,"Alec Belardes","sa3058601",
2026,"Marty Coyne","PENN",21,70.2,8.40566067985897,1.910377427240675,4.4,0.8915094660456483,0.22222222,0.05050505,0.17171717,0.24344569,1.1320755124389186,0.29896907,0.66901408,4.58490582537762,4.735697620082217,-0.15079179470459714,"Marty Coyne","sa3029505",
2026,"Kurt Barr","MICH",22,79.2,11.861925064850654,5.08368217065028,2.33333333,1.1297071490333956,0.29745042,0.12747875,0.16997167,0.22516556,1.4184100871197078,0.31016043,0.74285714,4.518828596133583,4.671164307656325,-0.15233571152274283,"Kurt Barr","sa3026623",
2026,"Michael Fliss","TOL",20,64.2,11.551546846037672,4.592783685774014,2.51515152,0.4175257896158195,0.28040541,0.11148649,0.16891892,0.25498008,1.5000000589901663,0.36969697,0.67748092,4.592783685774014,4.751267382974186,-0.15848369720017175,"Michael Fliss","sa3070096",
2026,"Luke Nichols","LT",23,47.2,8.874125637397883,2.8321677566163457,3.13333333,0.5664335513232691,0.22169811,0.07075472,0.1509434,0.25531915,1.3216782864209613,0.32608696,0.5899705,4.342657226811729,4.5087111991497295,-0.16605397233800012,"Luke Nichols","sa3038843",
2026,"Joel Core","STET",21,44.1,8.526316034024921,4.872180590871383,1.75,0.20300752461964097,0.21428571,0.12244898,0.09183674,0.23668639,1.4436090639618913,0.30952381,0.68597561,4.2631580170124606,4.432553872146145,-0.1693958551336845,"Joel Core","sa3029383",
2026,"Ryan Furey","UNF",,55,5.5636363636363635,2.290909090909091,2.42857143,0.32727272727272727,0.13709677,0.05645161,0.08064516,0.30434783,1.5272727272727273,0.35051546,0.66901408,4.254545454545455,4.425171774083918,-0.17062631953846275,"Ryan Furey","sa3059251",
2026,"Jaden Kinsler","JMU",22,44.1,8.32330850940528,3.4511279185338966,2.41176471,1.6240601969571278,0.21465969,0.08900524,0.12565445,0.24705882,1.3308271058398686,0.28099174,0.63706564,5.8872182139695886,6.062874247394456,-0.17565603342486735,"Jaden Kinsler","sa3035428",
2026,"Tomas Valincius","MSST",20,97.2,12.348123188425609,1.8430034609590462,6.7,1.3822525957192846,0.335,0.05,0.285,0.22727273,1.0750853522261103,0.31111111,0.72222222,3.5017065758221877,3.68014055880119,-0.17843398297900226,"Tomas Valincius","sa3060815",
2026,"Tanner Nolan","APP",21,48.2,7.582191582713935,4.438356048417913,1.70833333,1.6643835181567175,0.17672414,0.10344828,0.07327586,0.27319588,1.5821917394823117,0.30555556,0.6377551,7.027397076661696,7.207224714941685,-0.17982763827998838,"Tanner Nolan","sa3070887",
2026,"Austin Berggren","M-OH",22,44.1,12.3834590017981,2.6390978200553326,4.69230769,0.6090225738589229,0.32105263,0.06842105,0.25263158,0.24137931,1.2406015393422505,0.35454545,0.7063197,3.6541354431535376,3.838082331048673,-0.18394688789513536,"Austin Berggren","sa3027029",
2026,"Caden Aoki","UGA",23,86,11.511627906976743,2.8255813953488373,4.07407407,1.4651162790697674,0.29649596,0.07277628,0.22371968,0.25294118,1.313953488372093,0.33333333,0.78028747,4.0813953488372094,4.268480901939924,-0.18708555310271446,"Caden Aoki","sa3026126",
2026,"Ethan Hamill","COR",22,48,6.75,4.6875,1.44,1.3125,0.16666667,0.11574074,0.05092593,0.25139665,1.4583333333333333,0.27941176,0.63711911,6.5625,6.750634702046712,-0.18813470204671212,"Ethan Hamill","sa3033080",
2026,"Mason Edwards","USC",,95.2,15.89895512647875,4.421602904997049,3.59574468,0.2822299726593861,0.42676768,0.11868687,0.30808081,0.15697674,1.055749156985111,0.29651163,0.78585462,2.0696864661688315,2.26007272787397,-0.19038626170513862,"Mason Edwards","sa3030819",
2026,"Cade Townsend","MISS",21,64,12.375,3.09375,4,1.40625,0.31884058,0.07971014,0.23913044,0.22,1.203125,0.29605263,0.71641791,3.9375,4.128946018218994,-0.19144601821899432,"Cade Townsend","sa3065435",
2026,"Mikey Myro","BUCK",,43,7.325581395348837,7.325581395348837,1,1.6744186046511629,0.15695067,0.15695067,0,0.3,2.0697674418604652,0.33576642,0.58275058,7.953488372093023,8.147180370951808,-0.1936919988587853,"Mikey Myro","sa3038655",
2026,"Taylor Rabe","MISS",21,76,12.43421052631579,1.7763157894736843,7,1.4210526315789473,0.34201954,0.04885993,0.29315961,0.22027972,1.0263157894736843,0.30177515,0.80357143,3.5526315789473686,3.7473670708505726,-0.19473549190320405,"Taylor Rabe","sa3066446",
2026,"Daniel Cohen","YALE",22,59,4.728813559322034,3.3559322033898304,1.40909091,0.9152542372881356,0.11698113,0.08301887,0.03396227,0.27385892,1.4915254237288136,0.29411765,0.58823529,5.338983050847458,5.533826792442193,-0.1948437415947355,"Daniel Cohen","sa3029106",
2026,"Tegan Kuhns","TENN",21,81,11.777777777777779,1.7777777777777777,6.625,1.3333333333333333,0.30994152,0.04678363,0.2631579,0.25,1.1851851851851851,0.33663366,0.78638498,3.5555555555555554,3.7524028083424508,-0.1968472527868954,"Tegan Kuhns","sa3065818",
2026,"John Carmichael","EMU",,72,8.125,2.375,3.42105263,1.125,0.1993865,0.05828221,0.1411043,0.2972973,1.4861111111111112,0.35585586,0.63567362,5.5,5.697000482347277,-0.19700048234727685,"John Carmichael","sa3069747",
2026,"Colton Hartman","LOU",21,45.2,11.036496043059188,6.5036494539455925,1.6969697,1.5766422918655982,0.24454148,0.1441048,0.10043668,0.30208333,1.9927006744412423,0.390625,0.71599045,5.912408594495994,6.110856546124246,-0.19844795162825246,"Colton Hartman","sa3033349",
2026,"Tom Bourque","W&M",21,42.2,8.648437242256485,5.906249823980039,1.46428571,0.8437499748542913,0.20707071,0.14141414,0.06565657,0.19753086,1.4062499580904855,0.23931624,0.57692308,5.906249823980039,6.11596025740728,-0.20971043342724105,"Tom Bourque","sa3058691",
2026,"Lincoln Sheffield","KSU",22,88.2,8.018797222475818,2.0300752461964096,3.95,1.3195489100276663,0.20413437,0.05167959,0.15245478,0.28055556,1.3646616932764755,0.32835821,0.6557377,4.872180590871383,5.083654290754104,-0.21147369988272047,"Lincoln Sheffield","sa3060562",
2026,"Jordan Haver","FRES",19,42.2,8.437499748542912,5.27343734283932,1.6,0.8437499748542913,0.19417476,0.12135922,0.07281553,0.25,1.59374995250255,0.3046875,0.6162465,6.5390623051207575,6.752509256172927,-0.2134469510521697,"Jordan Haver","sa3075127",
2026,"Brandon Bak","UIC",,88.2,7.206767123997254,2.7406015823651533,2.62962963,1.2180451477178458,0.18112245,0.06887755,0.1122449,0.28729282,1.477443651398498,0.3297491,0.65699659,5.379699402420486,5.595749308591351,-0.2160499061708654,"Brandon Bak","sa3026420",
2026,"Noah Kenney","WASH",,81.2,9.918367655800571,4.077551147384679,2.43243243,1.2122449357089586,0.24861878,0.10220994,0.14640884,0.23343849,1.3591837157948932,0.29166667,0.68532819,4.738775657771384,4.954846324142146,-0.21607066637076144,"Noah Kenney","sa3070498",
2026,"Kurt Marton","SAC",21,51.1,9.993506741053265,4.032467632354827,2.47826087,1.7532467966760115,0.2345679,0.09465021,0.1399177,0.26794258,1.5389610770822768,0.32394366,0.69736842,6.311688468033641,6.529841683095495,-0.2181532150618537,"Kurt Marton","sa3037227",
2026,"Luis Becerra","CBU",22,52.1,12.898089485365011,2.923566950016069,4.41176471,0.5159235794146004,0.34883721,0.07906977,0.26976744,0.20942408,1.0891720009863788,0.32743363,0.73578595,3.267516002959136,3.485917379410302,-0.21840137645116586,"Luis Becerra","sa3026825",
2026,"Ben Blair","LIB",,94.1,10.780918437272508,1.6219080834834747,6.64705882,0.7632508628157528,0.28900256,0.04347826,0.2455243,0.22038567,1.028268523515667,0.29752066,0.69214876,3.5300352405228566,3.7492410077563942,-0.21920576723353769,"Ben Blair","sa3027209",
2026,"Trey Ludy","RAD",21,50.2,9.947368171406591,1.4210525959152274,7,0.888157872447017,0.2705314,0.03864734,0.23188406,0.23737374,1.0855262885463541,0.30656934,0.6122449,3.7302630642774717,3.9504367174534254,-0.22017365317595372,"Trey Ludy","sa3036662",
2026,"Mateo Gray","UCF",20,58.2,7.363636204033847,2.6079544889286543,2.82352941,1.0738636130882693,0.17910448,0.06343284,0.11567164,0.28870293,1.4659090591363677,0.33695652,0.68027211,5.215908977857309,5.443787518463845,-0.227878540606536,"Mateo Gray","sa3059342",
2026,"Max Schumacher","UTM",25,70.1,6.142179872696144,2.687203694304563,2.28571429,1.6635070488552057,0.14076246,0.06158358,0.07917889,0.32580645,1.734597093678078,0.35341365,0.57996485,6.270141953377314,6.500743153280485,-0.2306011999031714,"Max Schumacher","sa3071241",
2026,"Sam Schlecht","SDST",23,75,8.76,2.64,3.31818182,1.56,0.21345029,0.06432749,0.14912281,0.28617363,1.48,0.33777778,0.62868369,5.88,6.110676523844401,-0.23067652384440152,"Sam Schlecht","sa3041713",
2026,"Ricky Ojeda","UCI",20,62,9,2.903225806451613,3.1,0.2903225806451613,0.23664122,0.07633588,0.16030534,0.2173913,1.1290322580645162,0.28915663,0.65656566,3.774193548387097,4.005193870298324,-0.23100032191122732,"Ricky Ojeda","sa3039084",
2026,"Mason Blasche","SAM",,74,7.54054054054054,2.4324324324324325,3.1,1.7027027027027026,0.18674699,0.06024096,0.12650602,0.29084967,1.472972972972973,0.32608696,0.64989518,5.472972972972973,5.71222004761567,-0.23924707464269712,"Mason Blasche","sa3062560",
2026,"LJ Mercurius","OU",21,83.1,11.123999660522472,2.915999911010745,3.81481481,1.5119999538574234,0.28690808,0.07520891,0.21169916,0.23291925,1.2239999626464855,0.29756098,0.71428571,4.427999864868168,4.672945986358643,-0.24494612149047512,"LJ Mercurius","sa3037892",
2026,"Declan Wywoda","GW",20,67,5.104477611940299,2.6865671641791047,1.9,1.0746268656716418,0.12837838,0.06756757,0.06081081,0.28518519,1.4477611940298507,0.30803571,0.62091503,5.641791044776119,5.891441187218054,-0.24965014244193462,"Declan Wywoda","sa3060979",
2026,"James Hays","STET",22,72.1,9.58064482444922,2.861751051458858,3.34782609,1.1198156288317271,0.23839009,0.07120743,0.16718266,0.26712329,1.3963133149630176,0.33495146,0.6846473,4.72811043284507,4.981183477069713,-0.25307304422464316,"James Hays","sa3033463",
2026,"Austin Klug","PUR",23,58,6.206896551724138,4.189655172413793,1.48148148,0.9310344827586207,0.1509434,0.10188679,0.0490566,0.26180258,1.5172413793103448,0.29411765,0.63829787,5.120689655172414,5.3755359419460955,-0.2548462867736818,"Austin Klug","sa3066324",
2026,"Raymond Ladd","RAD",21,59.2,8.59776517990016,3.0167597122456704,2.85,0.7541899280614176,0.20955882,0.07352941,0.13602941,0.25409836,1.3743016466896942,0.31318681,0.59036145,4.675977553980789,4.931765715922091,-0.25578816194130205,"Raymond Ladd","sa3035837",
2026,"Eli Pillsbury","JVST",22,77.1,10.357758280071447,3.3749998890120443,3.06896552,0.6982758391059403,0.26969697,0.08787879,0.18181818,0.23287671,1.254310303579189,0.31472081,0.6557377,4.073275728117984,4.3331023288255075,-0.25982660070752317,"Eli Pillsbury","sa3071013",
2026,"Camden Clark","USM",20,55.1,13.174699097936678,1.951807273768397,6.75,0.6506024245894656,0.35682819,0.05286344,0.30396476,0.21634615,1.0301205055999871,0.33333333,0.75342466,2.9277109106525954,3.1877496120077997,-0.26003870135520435,"Camden Clark","sa3069803",
2026,"Diego Barrett","NCAT",,46,7.239130434782608,4.695652173913044,1.54166667,1.173913043478261,0.17788462,0.11538462,0.0625,0.24,1.434782608695652,0.27272727,0.58558559,6.260869565217392,6.526965746672257,-0.26609618145486547,"Diego Barrett","sa3026630",
2026,"Sam Staerker","CAN",,44.2,11.48507429990984,4.432835694702043,2.59090909,0.6044775947320968,0.30319149,0.11702128,0.18617021,0.20481928,1.2537313075924972,0.29245283,0.65637066,3.8283580999699462,4.094865290840848,-0.2665071908709016,"Sam Staerker","sa3042896",
2026,"Jaxon Jelkin","UK",23,97,9.835051546391753,1.9484536082474226,5.04761905,1.3917525773195876,0.2630273,0.05210918,0.21091811,0.24064171,1.1443298969072164,0.29644269,0.67346939,4.082474226804123,4.350595502755077,-0.2681212759509535,"Jaxon Jelkin","sa3034629",801210
2026,"Blake Lobell","SELA",,74.1,6.901345055367336,3.0269057260383048,2.28,0.8475336032907254,0.17431193,0.0764526,0.09785933,0.26689189,1.3991030911465943,0.31034483,0.64870259,4.843049161661288,5.111212174737904,-0.2681630130766166,"Blake Lobell","sa3065353",
2026,"Zachary Wallace","BAY",20,64.1,6.295336538706704,2.098445512902235,3,1.6787564103217878,0.1584507,0.0528169,0.1056338,0.29545455,1.445595797777095,0.31884058,0.6773399,5.735751068599441,6.004609421406913,-0.26885835280747195,"Zachary Wallace","sa3071552",
2026,"Joey Volchko","UGA",21,95.1,11.23426543457817,4.342657226811729,2.58695652,0.7552447350976921,0.2902439,0.11219512,0.17804878,0.23098592,1.3426573068403416,0.3245614,0.72337043,3.6818180836012493,3.9541208347193897,-0.2723027511181404,"Joey Volchko","sa3044554",
2026,"Ryland Bozenhard","USA",21,47,6.319148936170213,4.787234042553192,1.32,1.3404255319148937,0.13924051,0.10548523,0.03375527,0.32843137,1.9574468085106382,0.36585366,0.70953437,6.51063829787234,6.783878831660494,-0.2732405337881536,"Ryland Bozenhard","sa3027532",
2026,"Jess Ackerman","MER",,53.1,14.00625033393503,5.231250124722722,2.67741935,0.6750000160932544,0.35775862,0.13362069,0.22413793,0.20512821,1.3312500317394742,0.33333333,0.75630252,3.543750084489586,3.8181322084367277,-0.27438212394714157,"Jess Ackerman","sa3025727",
2026,"Cole Gibler","ARK",20,59.1,8.949438394041563,3.792134912729476,2.36,1.8202247581101483,0.22692308,0.09615385,0.13076923,0.24242424,1.3651685685826114,0.275,0.6744868,5.4606742743304455,5.735687636402036,-0.2750133620715909,"Cole Gibler","sa3059293",
2026,"Chase Herrell","USC",,58.2,7.210227116449809,4.142045364769039,1.74074074,1.0738636130882693,0.17279412,0.09926471,0.07352941,0.2625,1.5340908758403848,0.30107527,0.68075117,5.06249989027327,5.3400735251420794,-0.27757363486880937,"Chase Herrell","sa3033700",
2026,"Tanner Foerstch","OMA",20,64.2,7.654639476290024,3.340206316926556,2.29166667,0.974226842436912,0.18581081,0.08108108,0.10472973,0.29104478,1.5773196496597623,0.34466019,0.66528067,5.2886600018003795,5.569164535882485,-0.2805045340821053,"Tanner Foerstch","sa3062597",
2026,"Ian Mowad","SJU",,50,6.12,3.78,1.61904762,0.9,0.14782609,0.09130435,0.05652174,0.2745098,1.54,0.30909091,0.65333333,5.58,5.866921615600586,-0.28692161560058604,"Ian Mowad","sa3070827",
2026,"Owen Winebarger","ELON",21,67,5.373134328358209,2.283582089552239,2.35294118,1.3432835820895523,0.1384083,0.05882353,0.07958478,0.28252788,1.3880597014925373,0.30136986,0.59756098,5.641791044776119,5.929626356665768,-0.2878353118896486,"Owen Winebarger","sa3062699",
2026,"Josh McDevitt","MIZ",22,79.1,11.571428200491635,4.42436960607033,2.61538462,1.2478991196608624,0.29565217,0.11304348,0.1826087,0.20608108,1.2605041612735985,0.27322404,0.67653277,4.42436960607033,4.712979596914289,-0.288609990843959,"Josh McDevitt","sa3037542",
2026,"Jack Kelley","VILL",22,64,7.875,4.359375,1.80645161,1.40625,0.19512195,0.10801394,0.08710801,0.23904382,1.421875,0.27027027,0.58536585,6.046875,6.335671615600586,-0.2887966156005861,"Jack Kelley","sa3035184",
2026,"Luka Pintar","SJSU",,51,6,3.176470588235294,1.88888889,0.7058823529411765,0.14977974,0.07929515,0.07048458,0.28078818,1.4705882352941178,0.32121212,0.62334218,5.823529411764706,6.116173523547603,-0.29264411178289773,"Luka Pintar","sa3060275",
2026,"Wes Mendes","FSU",21,93,12.096774193548388,2.4193548387096775,5,0.5806451612903226,0.32637076,0.06527415,0.26109661,0.20057307,1.021505376344086,0.29357798,0.72175732,2.806451612903226,3.1026939843290595,-0.29624237142583354,"Wes Mendes","sa3037853",
2026,"Serigne Sarre","MSM",,70,11.571428571428571,4.242857142857143,2.72727273,0.6428571428571429,0.28301887,0.10377358,0.17924528,0.24548736,1.4428571428571428,0.34615385,0.70588235,4.114285714285714,4.410643536703927,-0.29635782241821307,"Serigne Sarre","sa3060491",
2026,"Mason Christopher","HALL",,48.2,7.952054586748761,3.698630040348261,2.15,2.0342465221915433,0.19026549,0.08849558,0.10176991,0.28078818,1.5821917394823117,0.30872483,0.66563467,6.65753407262687,6.955962643844369,-0.29842857121749944,"Mason Christopher","sa3065273",
2026,"Nick Hunkele","MRMK",21,65.1,8.127550704039333,3.1683672236085534,2.56521739,0.551020386714531,0.20701754,0.08070175,0.12631579,0.23505976,1.2551019919608761,0.29255319,0.67505721,4.545918190394881,4.847378209132744,-0.3014600187378633,"Nick Hunkele","sa3059548",
2026,"John Rizzo","STBK",22,42.2,8.015624761115767,4.007812380557883,2,1.054687468567864,0.20212766,0.10106383,0.10106383,0.26993865,1.4765624559950097,0.325,0.66129032,5.484374836552893,5.787835267186166,-0.3034604306332733,"John Rizzo","sa3060385",
2026,"Micah Hagler","SEA",21,66.2,5.130000195693977,3.780000144195562,1.35714286,1.2150000463485735,0.1221865,0.09003215,0.03215434,0.29496403,1.6500000629425073,0.31601732,0.56640625,6.210000236892709,6.513595947265628,-0.3035957103729192,"Micah Hagler","sa3059387",
2026,"Max Haug","GW",22,73.2,7.941176744734708,4.398190197083838,1.80555556,1.0995475492709594,0.18465909,0.10227273,0.08238636,0.2909699,1.6696833155596051,0.34666667,0.65934066,5.986425546030779,6.291252155887397,-0.3048266098566179,"Max Haug","sa3033398",
2026,"Cooper Jones","ETSU",19,44.1,9.541353657123125,3.2481203939142556,2.9375,1.0150376230982048,0.23383085,0.07960199,0.15422886,0.26404494,1.4210526723374868,0.33333333,0.6984127,4.466165541632101,4.776637874754014,-0.310472333121913,"Cooper Jones","sa3073735",
2026,"Drew Harlow","MRSH",24,80.1,8.066389786134149,3.697095318644818,2.18181818,1.120331914740854,0.19407008,0.08894879,0.10512129,0.26829268,1.506224018707148,0.31707317,0.64957265,5.265559999282014,5.57711618371116,-0.3115561844291461,"Drew Harlow","sa3033231",
2026,"Jase Phillips","SIUE",,58.1,6.942857294199421,5.400000117710661,1.28571429,2.1600000470842646,0.16245487,0.12635379,0.03610108,0.26382979,1.6628571791045528,0.27272727,0.61611374,7.560000164794926,7.877696603767241,-0.31769643897231514,"Jase Phillips","sa3071007",
2026,"Cooper McMullen","KENN",21,58,4.9655172413793105,4.810344827586207,1.03225806,1.0862068965517242,0.11721612,0.11355311,0.003663,0.30543933,1.793103448275862,0.33,0.65843621,6.051724137931035,6.376205783054747,-0.32448164512371225,"Cooper McMullen","sa3059999",
2026,"Dillon Masters","OHIO",,54,4.333333333333333,5,0.86666667,0.5,0.10077519,0.11627907,-0.01550388,0.26548673,1.6666666666666667,0.2893401,0.5808656,5.833333333333333,6.164593074939869,-0.3312597416065364,"Dillon Masters","sa3037269",
2026,"Anderson Nance","NCSU",20,53.2,10.229813422213407,4.1925464845136915,2.44,1.3416148750443815,0.25416667,0.10416667,0.15,0.26760563,1.527950274356101,0.34027778,0.75549451,4.695652062655335,5.029295172035904,-0.33364310938056896,"Anderson Nance","sa3062879",
2026,"Boede Rahe","KU",22,59,12.203389830508474,3.2033898305084745,3.80952381,1.5254237288135593,0.32786885,0.08606557,0.24180328,0.21973094,1.1864406779661016,0.29323308,0.73214286,4.271186440677966,4.6053823099298,-0.3341958692518334,"Boede Rahe","sa3071069",
2026,"Jake Jones","CARK",,55,7.363636363636363,4.254545454545455,1.73076923,0.9818181818181818,0.17928287,0.10358566,0.07569721,0.26851852,1.5272727272727273,0.31515152,0.6501182,5.5636363636363635,5.89789904681119,-0.33426268317482677,"Jake Jones","sa3034882",
2026,"Parker Puetz","NDSU",,44,9.204545454545455,4.704545454545454,1.95652174,1.2272727272727273,0.2184466,0.11165049,0.10679612,0.26553672,1.5909090909090908,0.32539683,0.62130178,5.931818181818182,6.268555311723189,-0.33673712990500704,"Parker Puetz","sa3040273",
2026,"Landon Mack","TENN",20,61.2,11.237837606113793,3.648648573413569,3.08,1.6054053723019703,0.28,0.09090909,0.18909091,0.27572016,1.4918918611291037,0.36129032,0.77751196,4.670270173969368,5.007324368175231,-0.33705419420586313,"Landon Mack","sa3059883",
2026,"Dylan Volantis","TEX",20,95,12.789473684210526,2.6526315789473682,4.82142857,0.28421052631578947,0.34177215,0.07088608,0.27088608,0.18820225,1,0.29357798,0.76620825,2.0842105263157893,2.428946018218994,-0.34473549190320485,"Dylan Volantis","sa3060847",
2026,"David Case","MEM",23,82.2,7.403226034202146,3.919354959283489,1.88888889,1.1975806820032884,0.1827957,0.09677419,0.08602151,0.25679758,1.4637097224484634,0.29365079,0.59674503,5.116935641286777,5.464527200039916,-0.3475915587531384,"David Case","sa3028566",
2026,"Bobby Spencer","SOU",25,79.1,8.84873921214066,4.0840334825264595,2.16666667,0.7941176216023671,0.21546961,0.09944751,0.1160221,0.271875,1.5504201183665263,0.34042553,0.65436242,5.672268725731193,6.023625079117862,-0.3513563533866684,"Bobby Spencer","sa3042823",
2026,"Avery Laine","LMU",,61.1,4.1086957373556,4.255434870832586,0.96551724,2.0543478686778,0.09459459,0.09797297,-0.00337838,0.32432432,1.842391342544376,0.32258065,0.57199211,7.923913207757228,8.27772638205094,-0.3538131742937116,"Avery Laine","sa3062631",
2026,"Caden Cooper","HOU",,45,8.2,4.6,1.7826087,0.6,0.1952381,0.10952381,0.08571429,0.26923077,1.6,0.33333333,0.68681319,4.6,4.957171387142606,-0.3571713871426061,"Caden Cooper","sa3073547",
2026,"Tade Riordan","NJIT",,40.2,7.745901397145337,3.9836064328176017,1.94444444,1.1065573424493338,0.18324607,0.09424084,0.08900524,0.29166667,1.6475409320912304,0.34375,0.64615385,5.311475243756803,5.668977847684941,-0.35750260392813793,"Tade Riordan","sa3040785",
2026,"Evan Maloney","URI",,47.1,6.464788906064877,3.612676153389196,1.78947368,0.7605634007135149,0.16190476,0.09047619,0.07142857,0.23655914,1.3309859512486513,0.27027027,0.64102564,5.133802954816226,5.492450258311383,-0.3586473034951565,"Evan Maloney","sa3036932",
2026,"Collin Clarke","ORE",21,78.2,8.809322318685574,2.2881356671910584,3.85,1.4872881836741878,0.22190202,0.05763689,0.16426513,0.24358974,1.2203390225018977,0.28378378,0.67887931,4.919491684460775,5.280270064901053,-0.3607783804402782,"Collin Clarke","sa3028976",
2026,"Amp Phillips","SC",21,67.2,9.443350108606127,4.788177519856627,1.97222222,1.0640394488570284,0.23825503,0.12080537,0.11744966,0.23076923,1.4187192651427045,0.28729282,0.6797235,4.3891627265352415,4.752098769790302,-0.36293604325506035,"Amp Phillips","sa3060262",
2026,"AJ Ciscar","MIA",20,81.2,8.37551046489826,1.3224490207734094,6.33333333,1.542857190902311,0.20485175,0.03234501,0.17250674,0.28488372,1.3469388174543986,0.33070866,0.63567362,4.8489797428358345,5.214565872166964,-0.36558612933112933,"AJ Ciscar","sa3058868",
2026,"Oliver Ellison","GWEB",,79.2,7.117155038910393,3.050209302390168,2.33333333,1.1297071490333956,0.17027027,0.07297297,0.0972973,0.32440476,1.70711302520602,0.37642586,0.68217054,5.309623600456959,5.675717525180321,-0.3660939247233621,"Oliver Ellison","sa3030904",
2026,"Wade Walton","HPU",20,77,9.116883116883116,4.675324675324675,1.95,0.35064935064935066,0.22543353,0.11560694,0.10982659,0.24584718,1.4805194805194806,0.32272727,0.6010453,4.207792207792208,4.578939783418334,-0.371147575626126,"Wade Walton","sa3060867",
2026,"Gabriel Hernandez","CSUN",,73.2,5.619909696273793,1.8325792487849326,3.06666667,1.3438914491089506,0.14241486,0.04643963,0.09597523,0.29568106,1.4117647546195036,0.31967213,0.65899582,5.253393846516807,5.625687283761395,-0.3722934372445881,"Gabriel Hernandez","sa3033676",
2026,"Tony Neubeck","IU",23,70.2,9.551887136203375,3.438679369033215,2.77777778,0.8915094660456483,0.24509804,0.08823529,0.15686275,0.24908425,1.3443396710212157,0.31937173,0.75657895,3.948113349630728,4.320884042993141,-0.37277069336241286,"Tony Neubeck","sa3038787",
2026,"Xander Mercurius","OU",19,54.2,10.53658512076901,4.115853562800394,2.56,2.140243852656205,0.26337449,0.10288066,0.16049383,0.25118483,1.4268292351041367,0.29850746,0.71856287,5.762194987920552,6.135043520901901,-0.3728485329813491,"Xander Mercurius","sa3070773",
2026,"Darin Horn","CCU",23,67.1,12.430692599808623,3.2079206709183543,3.875,0.534653445153059,0.31849315,0.08219178,0.23630137,0.23461538,1.2623761899447228,0.34969325,0.67505721,3.2079206709183543,3.5812245449918394,-0.3733038740734851,"Darin Horn","sa3034091",
2026,"Ethan Kleinschmit","ORST",21,77,11.337662337662337,3.155844155844156,3.59259259,1.2857142857142858,0.29663609,0.08256881,0.21406728,0.21875,1.1688311688311688,0.28888889,0.75057737,3.74025974025974,4.113697174617222,-0.373437434357482,"Ethan Kleinschmit","sa3059697",
2026,"Trey Power","ALST",20,61.2,5.983783660398253,4.3783782880962825,1.36666667,0.4378378288096283,0.14487633,0.10600707,0.03886926,0.26748971,1.540540508774618,0.31155779,0.5952381,6.129729603334796,6.503366163642499,-0.37363656030770365,"Trey Power","sa3060298",
2026,"Garrett Ahern","GCU",21,46.1,9.129496653426374,3.884892192947393,2.35,0.3884892192947393,0.21171171,0.09009009,0.12162162,0.2746114,1.5755396115842204,0.35416667,0.60606061,5.050359850831611,5.428206261561331,-0.37784641072972036,"Garrett Ahern","sa3025811",
2026,"Ryan Castillo","UNM",21,81.1,9.18442594232947,3.3196720273480014,2.76666667,0.22131146848986677,0.24198251,0.08746356,0.15451895,0.25324675,1.3278688109392007,0.34080717,0.66243194,4.204917901307469,4.587806452464365,-0.38288855115689646,"Ryan Castillo","sa3028624",
2026,"Zachary Robinson","UMBC",,77.1,5.586206712847522,2.4439654368707906,2.28571429,0.1163793065176567,0.13872832,0.06069364,0.07803468,0.27936508,1.4094827122693978,0.32706767,0.6547619,3.840517115082671,4.224517745665507,-0.3840006305828356,"Zachary Robinson","sa3065119",
2026,"Conor Hensley","CAM",23,53.1,10.968750261515385,4.050000096559526,2.70833333,1.0125000241398816,0.27196653,0.10041841,0.17154812,0.26666667,1.5000000357627876,0.35971223,0.63968668,4.5562501086294676,4.944085327535868,-0.3878352189064005,"Conor Hensley","sa3070317",
2026,"Michael Harpster","ETSU",,72,9.75,4.5,2.16666667,0.5,0.24451411,0.11285266,0.13166144,0.24632353,1.4305555555555556,0.33157895,0.7103321,4,4.3882710986667215,-0.3882710986667215,"Michael Harpster","sa3033252",
2026,"Zach Sohosky","M-OH",22,78.1,8.387233770257382,3.44680839873591,2.43333333,1.034042519620773,0.20277778,0.08333333,0.11944444,0.27300613,1.5191488868502714,0.32786885,0.57065217,5.170212598103865,5.559470901264763,-0.38925830316089804,"Zach Sohosky","sa3073592",
2026,"DJ Merriweather","APSU",21,60,10.05,5.7,1.76315789,1.05,0.24542125,0.13919414,0.10622711,0.24347826,1.5666666666666667,0.31410256,0.67264574,5.25,5.640323289235433,-0.39032328923543336,"DJ Merriweather","sa3037905",
2026,"Liam Watt","DBU",22,85.1,6.644531051977544,1.582031202851796,4.2,0.6328124811407184,0.18208092,0.0433526,0.13872832,0.2392638,1.089843717520126,0.28015564,0.68080357,3.902343633701097,4.292692847829312,-0.3903492141282152,"Liam Watt","sa3065622",
2026,"Kaden Myers","COFC",,47,5.361702127659575,3.25531914893617,1.64705882,0.9574468085106383,0.13333333,0.08095238,0.05238095,0.27807487,1.4680851063829787,0.30519481,0.66176471,5.553191489361702,5.947409779974755,-0.39421829061305314,"Kaden Myers","sa3070853",
2026,"Stormy Rhodes","OKST",21,64.2,8.628866318726935,2.783505264105463,3.1,0.6958763160263658,0.21908127,0.07067138,0.14840989,0.2627451,1.3453608776509738,0.32978723,0.65909091,4.036082632952922,4.432658229379475,-0.3965755964265538,"Stormy Rhodes","sa3060356",
2026,"Michael Sharman","CLEM",24,77,9,1.2857142857142858,7,0.935064935064935,0.24367089,0.03481013,0.20886076,0.24252492,1.0909090909090908,0.30092593,0.703125,3.3896103896103895,3.790447091437006,-0.40083670182661635,"Michael Sharman","sa3060555",
2026,"Shane Brinham","MICH",18,65,8.446153846153846,4.846153846153846,1.74285714,0.4153846153846154,0.21107266,0.12110727,0.0899654,0.24,1.4615384615384615,0.30645161,0.7278481,3.876923076923077,4.277923209850605,-0.4010001329275279,"Shane Brinham","sa3069670",
2026,"Evan Blanco","TENN",22,89,10.213483146067416,2.932584269662921,3.48275862,1.7191011235955056,0.26649077,0.07651715,0.18997362,0.23323615,1.2247191011235956,0.28,0.71583514,4.651685393258427,5.0559123103538255,-0.40422691709539826,"Evan Blanco","sa3027230",
2026,"Luke Hemric","NCSU",19,47.1,9.12676080856218,5.514084655172984,1.65517241,1.5211268014270298,0.23188406,0.14009662,0.09178744,0.21052632,1.3732394735105131,0.24347826,0.64144737,5.894366355529741,6.306086447560063,-0.4117200920303219,"Luke Hemric","sa3073960",
2026,"Chris Domke","OSU",22,73,7.273972602739726,2.589041095890411,2.80952381,1.8493150684931507,0.18553459,0.06603774,0.11949686,0.26206897,1.3287671232876712,0.28240741,0.6626506,5.5479452054794525,5.960325738828477,-0.41238053334902425,"Chris Domke","sa3030439",
2026,"Joseph Ruller","QUC",,90.2,7.84191198466559,2.481617716666326,3.16,0.8933823779998773,0.20680628,0.06544503,0.14136126,0.25574713,1.2573529764442717,0.30769231,0.66123188,4.466911889999387,4.879784092420526,-0.41287220242113953,"Joseph Ruller","sa3041295",
2026,"Cristian Mogen","UNM",,66.2,8.775000334739698,4.050000154495245,2.16666667,1.620000061798098,0.203125,0.09375,0.109375,0.30633803,1.7550000669479395,0.36231884,0.63088512,6.6150002523422335,7.028134384536746,-0.41313413219451256,"Cristian Mogen","sa3038214",
2026,"Nic Bronzini","LR",,53.2,10.229813422213407,4.1925464845136915,2.44,1.006211156283286,0.24696356,0.10121457,0.14574899,0.25943396,1.490683194493757,0.33793103,0.72303922,4.863353922035882,5.277199600962623,-0.41384567892674085,"Nic Bronzini","sa3027742",
2026,"Joseph Lee","SAM",,71.2,9.041860785971735,3.390697794739401,2.66666667,1.25581399805163,0.23529412,0.08823529,0.14705882,0.22222222,1.213953531449909,0.26595745,0.65853659,4.772093192596194,5.186010163298423,-0.4139169707022292,"Joseph Lee","sa3059779",
2026,"Tyler Fay","ALA",22,109,10.486238532110091,2.146788990825688,4.88461538,1.7339449541284404,0.28411633,0.05816555,0.22595078,0.22469136,1.073394495412844,0.27237354,0.74324324,4.541284403669724,4.959221247576792,-0.41793684390706787,"Tyler Fay","sa3031198",
2026,"Jaxon Shineflew","USA",21,55,10.309090909090909,2.4545454545454546,4.2,1.309090909090909,0.28125,0.06696429,0.21428572,0.22705314,1.1272727272727272,0.28676471,0.68181818,4.254545454545455,4.672853686592796,-0.418308232047341,"Jaxon Shineflew","sa3042186",
2026,"Cord Rager","OU",19,76,11.131578947368421,2.486842105263158,4.47619048,1.894736842105263,0.30420712,0.06796117,0.23624595,0.20938628,1.0394736842105263,0.25149701,0.73964497,4.7368421052631575,5.155261807692678,-0.41841970242952087,"Cord Rager","sa3071068",
2026,"Brody Martin-Grudzielanek","HAW",19,47,8.808510638297872,3.4468085106382977,2.55555556,0.574468085106383,0.22330097,0.08737864,0.13592233,0.24175824,1.3191489361702127,0.30827068,0.70532915,4.0212765957446805,4.441707253963389,-0.4204306582187085,"Brody Martin-Grudzielanek","sa3070688",
2026,"RJ Meyn","SCU",20,43.1,8.93076949283217,4.1538462757358925,2.15,0.6230769413603838,0.23243243,0.10810811,0.12432432,0.26219512,1.4538461965075624,0.33898305,0.70234114,4.361538589522687,4.782826647222395,-0.4212880576997078,"RJ Meyn","sa3060028",
2026,"Gianni Gambradella","ME",22,67,4.298507462686567,4.298507462686567,1,1.3432835820895523,0.1025641,0.1025641,0,0.26978417,1.5970149253731343,0.27542373,0.6,6.17910447761194,6.6026700916574965,-0.4235656140455566,"Gianni Gambradella","sa3031893",
2026,"Cole Carlon","ASU",21,83.2,14.306773343235133,3.3346614559420233,4.29032258,1.5059761413931718,0.38,0.08857143,0.29142857,0.21904762,1.1952191598358506,0.32738095,0.79383886,3.872510077868156,4.297056299597023,-0.42454622172886713,"Cole Carlon","sa3028440",
2026,"Caylon Dygert","UTA",21,84.1,6.616600590985548,3.4150196598635087,1.9375,0.10671936437073465,0.1657754,0.0855615,0.0802139,0.24778761,1.3754940296672464,0.30072464,0.66326531,3.7351777529757126,4.1599940845397905,-0.42481633156407783,"Caylon Dygert","sa3030720",
2026,"Ryan King","CSUB",21,63.2,7.91623020838732,5.089005133963278,1.55555556,0.7068062686060108,0.19047619,0.12244898,0.06802721,0.272,1.633507820778336,0.33333333,0.66666667,4.947643880242076,5.372530442181363,-0.424886561939287,"Ryan King","sa3059685",
2026,"Wade Cooper","TXST",19,66.2,9.85500037593843,3.375000128746038,2.92,1.2150000463485735,0.24829932,0.08503401,0.16326531,0.2480916,1.350000051498415,0.31111111,0.62796209,4.725000180244453,5.150580997657777,-0.42558081741332465,"Wade Cooper","sa3069846",
2026,"Nolan Sliver","KENN",22,62,7.258064516129032,3.774193548387097,1.92307692,1.0161290322580645,0.17361111,0.09027778,0.08333333,0.30314961,1.6612903225806452,0.35532995,0.7312253,5.225806451612903,5.652067852020264,-0.4262614004073608,"Nolan Sliver","sa3042433",
2026,"Ethan Sutton","USF",21,48,10.5,4.3125,2.43478261,1.125,0.27184466,0.11165049,0.16019418,0.21546961,1.2916666666666667,0.27731092,0.70143885,4.3125,4.746113173166911,-0.4336131731669113,"Ethan Sutton","sa3043357",
2026,"Nathan Taylor","CIN",21,90,11.5,2.7,4.25925926,1,0.2987013,0.07012987,0.22857143,0.22727273,1.1888888888888889,0.30837004,0.66666667,3.6,4.034949164920383,-0.43494916492038316,"Nathan Taylor","sa3043582",
2026,"Jake Hilton","SMC",22,62.1,7.074866454483817,4.0427808311336095,1.75,0.8663101781000592,0.17625899,0.10071942,0.07553957,0.25102881,1.427807515757505,0.29255319,0.67351598,5.342246098283698,5.77723225861078,-0.4349861603270817,"Jake Hilton","sa3070334",
2026,"Brayden Olson","STMN",22,70,8.485714285714286,4.885714285714286,1.73684211,1.0285714285714285,0.19354839,0.11143695,0.08211144,0.27241379,1.6714285714285715,0.3287037,0.60606061,5.914285714285715,6.34972414289202,-0.43543842860630555,"Brayden Olson","sa3039130",
2026,"Cooper Harrington","LIB",20,52.1,10.31847158829201,2.2356688441299353,4.61538462,0.6878981058861339,0.27522936,0.05963303,0.21559633,0.21319797,1.05095543954826,0.28571429,0.73170732,3.6114650559022032,4.056526448424967,-0.445061392522764,"Cooper Harrington","sa3062847",
2026,"Chris Diaz","FGCU",21,72.1,9.207372948171978,3.2350229277361002,2.84615385,0.6221197937954039,0.24749164,0.08695652,0.16053512,0.21428571,1.147465397444856,0.27807487,0.65060241,3.981566680290585,4.428188104807132,-0.4466214245165472,"Chris Diaz","sa3030255",
2026,"Vaun Larisa","ME",,66.1,5.562813857080896,4.070351602742119,1.36666667,0.6783919337903532,0.13621262,0.09966777,0.03654485,0.25746269,1.492462254338777,0.28828829,0.63157895,4.884421923290543,5.33138826221942,-0.4469663389288767,"Vaun Larisa","sa3059758",
2026,"Adam Merritt","MASS",,57.2,8.271676118185317,4.68208082161433,1.76666667,0.468208082161433,0.21031746,0.11904762,0.09126984,0.21028037,1.3005780060039807,0.26582278,0.5964467,4.994219543055285,5.442584921665326,-0.448365378610041,"Adam Merritt","sa3065574",
2026,"Myles McDermott","UNH",,47.1,5.704225505351363,5.704225505351363,1,1.5211268014270298,0.12,0.12,0,0.30769231,1.9859155463075113,0.32941176,0.51687764,8.556338258027044,9.006173320328333,-0.44983506230128967,"Myles McDermott","sa3074359",
2026,"Max Knight","MOST",21,44.1,12.992481575657022,7.105263361687434,1.82857143,0.6090225738589229,0.30331754,0.16587678,0.13744076,0.28235294,1.8721805048255777,0.4368932,0.71933962,4.466165541632101,4.918985167250018,-0.45281962561791733,"Max Knight","sa3035549",
2026,"Ryne Palmer","CBU",21,50.1,10.19205323761323,4.649006739963929,2.19230769,0.894039757685371,0.25446429,0.11607143,0.13839286,0.21243523,1.3311258614426635,0.27480916,0.63076923,4.649006739963929,5.105312534968198,-0.45630579500426904,"Ryne Palmer","sa3039387",
2026,"Brendon Miller","FAIR",,58.1,10.182857364825818,5.554285835359537,1.83333333,0.15428571764887603,0.23404255,0.12765957,0.10638298,0.24463519,1.5942857490383857,0.3373494,0.66921606,4.320000094168529,4.7763578328813825,-0.45635773871285323,"Brendon Miller","sa3060036",
2026,"Ryan Mealy","MONM",,76,6.9868421052631575,2.8421052631578947,2.45833333,1.5394736842105263,0.17151163,0.06976744,0.10174419,0.31230284,1.618421052631579,0.35102041,0.66790353,5.565789473684211,6.024677417152807,-0.4588879434685964,"Ryan Mealy","sa3062651",
2026,"Luke Richard","MVSU",,69.1,6.230769002225986,4.0240383139376155,1.5483871,1.298076875463747,0.13675214,0.08831909,0.04843305,0.34713376,2.0192306951658288,0.38671875,0.56818182,6.879807439957859,7.346063617877004,-0.46625617791914475,"Luke Richard","sa3071108",
2026,"Walker McDuffie","UNC",20,72,11.125,5.375,2.06976744,0.375,0.28253968,0.13650794,0.14603175,0.21292776,1.375,0.30994152,0.761079,3.625,4.091493267483182,-0.4664932674831821,"Walker McDuffie","sa3059972",
2026,"Adam Brodnax","ULM",,63.2,8.481675223272129,2.685863820702841,3.15789474,1.2722512834908195,0.2027027,0.06418919,0.13851351,0.28679245,1.4921465670571339,0.34183673,0.68855932,5.089005133963278,5.559193496532091,-0.4701883625688126,"Adam Brodnax","sa3069675",
2026,"Joshua Torres","UCR",21,62,5.080645161290323,4.935483870967742,1.02941176,0.7258064516129032,0.11627907,0.11295681,0.00332226,0.2890625,1.7419354838709677,0.31944444,0.63392857,5.661290322580645,6.13422612836284,-0.4729358057821953,"Joshua Torres","sa3043967",
2026,"Peter Dubie","BRWN",22,65.1,8.954081284111128,4.683673287073513,1.91176471,0.6887754833931637,0.22108844,0.11564626,0.10544218,0.23505976,1.4234693323458718,0.29834254,0.67368421,4.545918190394881,5.02189316731699,-0.4759749769221093,"Peter Dubie","sa3030589",
2026,"Austin Bowker","UCSD",,51.2,4.70322569070076,3.483870882000563,1.35,1.3935483528002253,0.11297071,0.08368201,0.0292887,0.28078818,1.4903225439669074,0.29166667,0.61124694,6.61935467580107,7.095516375681614,-0.476161699880544,"Austin Bowker","sa3069646",
2026,"Joseph Sabbath","URI",21,57.2,9.052022921787705,4.0578033787324195,2.23076923,1.404624246484299,0.21090909,0.09454545,0.11636364,0.25531915,1.4913294468845644,0.30357143,0.60640732,5.930635707378151,6.40761748466567,-0.4769817772875191,"Joseph Sabbath","sa3041389",
2026,"David Lopez","HCU",,52,11.942307692307692,5.711538461538462,2.09090909,0.5192307692307693,0.28991597,0.13865546,0.1512605,0.215,1.4615384615384615,0.3125,0.71614583,3.980769230769231,4.4579697095430815,-0.47720047877385063,"David Lopez","sa3036530",
2026,"James Fordham","WCU",,63,6.857142857142857,4.857142857142857,1.41176471,1.1428571428571428,0.17518248,0.12408759,0.05109489,0.26495726,1.5238095238095237,0.30337079,0.67180617,5.428571428571429,5.906128241523864,-0.477556812952435,"James Fordham","sa3070100",
2026,"Robbie Stewart","FOR",,49.1,9.304054293865882,4.925675802634879,1.88888889,1.0945946228077508,0.21982759,0.11637931,0.10344828,0.23560209,1.459459497077001,0.29104478,0.6443299,5.837837988308004,6.3161084434601245,-0.47827045515212063,"Robbie Stewart","sa3043113",
2026,"Maximus McCrary","MSM",22,52.2,9.227847878471861,3.2468353646475063,2.84210526,1.0253164309413179,0.24434389,0.08597285,0.15837104,0.21649485,1.1582278201374145,0.26865672,0.67656766,4.784810011059483,5.264712229418347,-0.4799022183588635,"Maximus McCrary","sa3037514",
2026,"Logan Runde","IOWA",23,51,8.117647058823529,3.176470588235294,2.55555556,2.1176470588235294,0.19246862,0.07531381,0.11715481,0.28436019,1.5294117647058822,0.31372549,0.70224719,6.176470588235294,6.656807071087407,-0.4803364828521124,"Logan Runde","sa3041304",
2026,"Cristofer Cespedes","MD",20,51.2,12.19354808700197,4.180645058400676,2.91666667,1.219354808700197,0.2991453,0.1025641,0.1965812,0.23267327,1.3741935145668887,0.32,0.70809249,4.180645058400676,4.664523683740496,-0.4838786253398206,"Cristofer Cespedes","sa3065268",
2026,"Dylan Marionneaux","NWST",,84.2,8.610236479097997,1.9133858842439992,4.5,0.6377952947479998,0.23342939,0.0518732,0.1815562,0.22839506,1.0866142058669626,0.28691983,0.6772009,3.5078741211139985,3.992342811429321,-0.48446869031532236,"Dylan Marionneaux","sa3037053",
2026,"Ryan Parker","SHU",25,80.1,5.825725956652441,4.257261276015245,1.36842105,0.8962655317926832,0.13720317,0.10026385,0.03693931,0.28398792,1.6431534749532526,0.31734317,0.6116208,5.6016595737042705,6.08888888600358,-0.4872293122993092,"Ryan Parker","sa3060214",
2026,"Beau Elson","FOR",20,68.1,7.902438730288669,2.5024389312580784,3.15789474,1.5804877460577338,0.19543974,0.06188925,0.13355049,0.28268551,1.448780433886256,0.32227488,0.63073394,5.39999979903059,5.889839381036982,-0.48983958200639144,"Beau Elson","sa3059129",
2026,"Ethan Lay","SAC",22,88,9.511363636363637,1.6363636363636365,5.8125,1.0227272727272727,0.24734043,0.04255319,0.20478723,0.26123596,1.2386363636363635,0.32806324,0.65656566,3.784090909090909,4.276594872908159,-0.49250396381725015,"Ethan Lay","sa3059771",
2026,"Brady Hoar","BUCK",,73,6.041095890410959,3.2054794520547945,1.88461538,0.6164383561643836,0.15705128,0.08333333,0.07371795,0.23381295,1.2465753424657535,0.26785714,0.59782609,4.808219178082192,5.301688175985258,-0.493468997903066,"Brady Hoar","sa3070338",
2026,"Tyler Ryden","SHSU",,51.2,6.793548219901098,5.051612778900816,1.34482759,1.045161264600169,0.15725806,0.11693548,0.04032258,0.27751196,1.6838709263002722,0.31707317,0.65462754,5.922580499400957,6.41658392532063,-0.49400342591967306,"Tyler Ryden","sa3071198",
2026,"Jake Drumm","GMU",20,70.2,8.660377670157727,1.910377427240675,4.53333333,1.4009434466431616,0.22295082,0.04918033,0.17377049,0.28321678,1.3584906149267022,0.33816425,0.70921986,4.712264320526998,5.215012044930383,-0.5027477244033847,"Jake Drumm","sa3059085",
2026,"Colin Linder","ASU",22,50,11.16,6.48,1.72222222,1.26,0.26839827,0.15584416,0.11255411,0.22751323,1.58,0.3,0.69148936,5.4,5.906060276031495,-0.5060602760314943,"Colin Linder","sa3070604",
2026,"Easten Smith","AMCC",,50,6.84,3.78,1.80952381,1.26,0.17431193,0.09633028,0.07798165,0.23195876,1.32,0.25503356,0.64189189,5.4,5.909508171081543,-0.509508171081543,"Easten Smith","sa3060608",
2026,"Cameron Johnson","OU",21,53.2,12.074533875399432,7.21117995336355,1.6744186,0.6708074375221907,0.288,0.172,0.116,0.20304569,1.546583814287273,0.29752066,0.6979405,4.36024834389424,4.877393193607515,-0.5171448497132758,"Cameron Johnson","sa3034720",
2026,"Mason Steele","UAB",21,75.1,8.123893531060226,3.1061945854053805,2.61538462,1.3141592476715072,0.21864952,0.08360129,0.13504823,0.21708185,1.1548672176507184,0.24752475,0.60846561,4.659291878108071,5.17955708250162,-0.5202652043935485,"Mason Steele","sa3071365",
2026,"Colby Allen","USM",23,73.2,10.995475492709595,2.199095098541919,5,0.7330316995139731,0.28846154,0.05769231,0.23076923,0.25684932,1.262443482496287,0.35204082,0.75057737,3.0542987479748875,3.575445193031423,-0.5211464450565355,"Colby Allen","sa3025911",
2026,"J.J. Gatti","ODU",22,57.2,8.583814839626271,4.3699421001733745,1.96428571,0.468208082161433,0.21400778,0.10894942,0.10505837,0.21461187,1.3005780060039807,0.27329193,0.64356436,4.3699421001733745,4.891245682762351,-0.5213035825889767,"J.J. Gatti","sa3032052",
2026,"AJ Petraitis","LEM",22,82,6.2560975609756095,4.829268292682927,1.29545455,1.7560975609756098,0.14503817,0.11195929,0.03307888,0.28362573,1.7195121951219512,0.30111524,0.55732484,7.902439024390244,8.426819050021289,-0.5243800256310447,"AJ Petraitis","sa3060256",
2026,"Aidan Donovan","MSU",20,87.1,6.389312791043557,2.164122074385721,2.95238095,0.7213740247952403,0.16847826,0.05706522,0.11141304,0.25072886,1.225190804017313,0.28832117,0.70158103,3.7099235560898074,4.235762303303842,-0.5258387472140345,"Aidan Donovan","sa3059071",
2026,"Chris McCormack","EVAN",,51.1,9.467532702050462,2.8051948746816184,3.375,0.17532467966760115,0.23684211,0.07017544,0.16666667,0.24757282,1.3051948375254752,0.33112583,0.68435754,3.331168913684422,3.8578818651933777,-0.5267129515089559,"Chris McCormack","sa3070731",
2026,"Connor Blue","CIN",19,61.2,6.567567432144425,3.3567566875404835,1.95652174,1.167567543492342,0.16728625,0.08550186,0.08178439,0.26470588,1.3945945658380752,0.2972973,0.62801932,5.2540539457155395,5.781195375388169,-0.5271414296726293,"Connor Blue","sa3069625",
2026,"Tyler Bayer","KENN",20,48.1,6.1448277478666045,4.282758733361573,1.43478261,2.048275915955535,0.14224138,0.09913793,0.04310345,0.33165829,1.841379358788309,0.35483871,0.66985646,7.262069156569623,7.793447258163437,-0.5313781015938135,"Tyler Bayer","sa3058585",
2026,"EJ Miramontes","NKU",,60.2,7.269230616868604,3.70879113105541,1.96,1.038461516695515,0.18215613,0.0929368,0.08921933,0.24267782,1.3681318394559956,0.27868852,0.5370844,5.785714164446439,6.3194932095426655,-0.5337790450962263,"EJ Miramontes","sa3038141",
2026,"Rafael Capistran","GRAM",23,45.1,10.323529701331916,7.147059023999018,1.44444444,0.7941176693332243,0.23529412,0.16289593,0.07239819,0.23463687,1.7205882835553192,0.30894309,0.51020408,6.352941354665794,6.887070527703706,-0.5341291730379121,"Rafael Capistran","sa3028387",
2026,"Eric Nachtsheim","MCN",,85,13.235294117647058,2.223529411764706,5.95238095,1.3764705882352941,0.32299742,0.05426357,0.26873385,0.19944598,1.0941176470588236,0.26457399,0.76441103,3.6,4.1342140534344844,-0.5342140534344844,"Eric Nachtsheim","sa3060119",
2026,"Dawson Montesa","WVU",20,77,10.753246753246753,5.142857142857143,2.09090909,1.5194805194805194,0.26744186,0.12790698,0.13953488,0.22680412,1.4285714285714286,0.28494624,0.69444444,5.376623376623376,5.916190146161364,-0.5395667695379878,"Dawson Montesa","sa3070804",
2026,"Ty Horn","NEB",21,82.2,9.471774484935098,2.830645248371409,3.34615385,1.1975806820032884,0.24786325,0.07407407,0.17378917,0.23899371,1.2338710057003577,0.29545455,0.74786325,4.028225930374697,4.577426957240587,-0.54920102686589,"Ty Horn","sa3034098",
2026,"Diego Cardenas","GMU",23,66,5.863636363636363,3.5454545454545454,1.65384615,1.2272727272727273,0.14527027,0.08783784,0.05743243,0.25475285,1.4090909090909092,0.27488152,0.59496568,5.7272727272727275,6.279048604676218,-0.5517758774034904,"Diego Cardenas","sa3069743",
2026,"Jackson Miller","BGSU",19,44.2,9.67164151571355,4.6343282262794085,2.08695652,1.4104477210415591,0.23762376,0.11386139,0.12376238,0.27586207,1.5895521935547732,0.34453782,0.66465257,5.843283415743603,6.39621270397082,-0.552929288227217,"Jackson Miller","sa3070788",
2026,"A.J. Colarusso","BC",22,83,8.349397590361447,2.602409638554217,3.20833333,1.3012048192771084,0.20980926,0.0653951,0.14441417,0.27380952,1.3975903614457832,0.32388664,0.66854991,4.445783132530121,4.999960469625083,-0.5541773370949619,"A.J. Colarusso","sa3029125",
2026,"Brendan Garza","BALL",20,84,7.928571428571429,3.4285714285714284,2.3125,1.0714285714285714,0.19270833,0.08333333,0.109375,0.28070175,1.5238095238095237,0.33333333,0.65322581,5.357142857142857,5.913270323617118,-0.556127466474261,"Brendan Garza","sa3059283",
2026,"Myles Dismute","SOU",21,68.1,8.692682603317536,4.346341301658768,2,0.7902438730288669,0.20121951,0.10060976,0.10060976,0.29896907,1.7560974956197042,0.36986301,0.62283737,5.531707111202069,6.088863851160326,-0.5571567399582573,"Myles Dismute","sa3069960",
2026,"Zach Crotchfelt","TROY",22,67,10.880597014925373,3.08955223880597,3.52173913,0.8059701492537313,0.28321678,0.08041958,0.2027972,0.25384615,1.328358208955224,0.34682081,0.75358852,3.4925373134328357,4.056028720514099,-0.5634914070812629,"Zach Crotchfelt","sa3029603",
2026,"William Schmidt","LSU",20,64,11.953125,4.359375,2.74193548,1.40625,0.30141844,0.10992908,0.19148936,0.22131148,1.328125,0.29530201,0.74358974,4.21875,4.785196018218994,-0.5664460182189943,"William Schmidt","sa3060516",
2026,"Spencer Seid","GTWN",23,79,9,3.189873417721519,2.82142857,0.569620253164557,0.23723724,0.08408408,0.15315315,0.22222222,1.1898734177215189,0.28638498,0.61052632,3.9873417721518987,4.556795033322105,-0.5694532611702066,"Spencer Seid","sa3041936",
2026,"Jake Michalak","OSU",21,44,9.409090909090908,5.318181818181818,1.76923077,0.6136363636363636,0.22222222,0.12560386,0.09661836,0.21764706,1.4318181818181819,0.28099174,0.65902579,4.5,5.0730281049555,-0.5730281049555002,"Jake Michalak","sa3037968",
2026,"Blake Gaskey","NIU",,70.1,5.886255711333805,2.687203694304563,2.19047619,0.6398104034058484,0.14935065,0.06818182,0.08116883,0.28519856,1.421800896457441,0.32743363,0.66019417,4.990521146565618,5.5659446295647435,-0.5754234829991258,"Blake Gaskey","sa3032028",
2026,"Carlos Martinez","HOF",,76.1,11.318776915478539,3.183406007478339,3.55555556,0.5895196310145072,0.31067961,0.08737864,0.22330097,0.22743682,1.1790392620290144,0.32954545,0.72727273,3.3013099336812406,3.881721788301877,-0.5804118546206363,"Carlos Martinez","sa3037141",
2026,"Kyle Alivo","IOWA",20,51.2,11.670967454701886,4.180645058400676,2.79166667,0.5225806323000844,0.28632479,0.1025641,0.18376068,0.23857868,1.3741935145668887,0.34645669,0.76441103,3.483870882000563,4.064523698507066,-0.580652816506503,"Kyle Alivo","sa3069476",
2026,"Mathis Nayral","KU",22,69,9.26086956521739,3.652173913043478,2.53571429,1.434782608695652,0.2275641,0.08974359,0.13782051,0.25539568,1.434782608695652,0.30612245,0.66964286,4.956521739130435,5.5388138992199,-0.582292160089465,"Mathis Nayral","sa3070861",
2026,"Tate Marland","BEL",21,52.2,8.373417519354096,4.443037867412377,1.88461538,2.7341771491768476,0.18992248,0.10077519,0.08914729,0.30769231,1.7848100834904421,0.33333333,0.6779661,8.03164537570699,8.619019374456226,-0.5873739987492357,"Tate Marland","sa3070681",
2026,"Connor Ball","STET",23,51.2,6.61935467580107,1.9161289851003096,3.45454545,1.045161264600169,0.1637931,0.04741379,0.11637931,0.27272727,1.3741935145668887,0.30681818,0.66037736,4.3548386025007035,4.942473808768885,-0.5876352062681818,"Connor Ball","sa3026484",
2026,"Charles West","CONN",20,87.1,11.43893096461024,3.8129769882034132,3,0.9274808890224518,0.28461538,0.09487179,0.18974359,0.25438596,1.4198472868985683,0.35135135,0.71078431,4.225190716657836,4.813486488092877,-0.5882957714350416,"Charles West","sa3045028",
2026,"Cooper Corkrean","UNM",,59,9,3.6610169491525424,2.45833333,1.0677966101694916,0.22519084,0.09160305,0.13358779,0.26293103,1.4406779661016949,0.3253012,0.62807882,5.491525423728813,6.08593091803082,-0.5944054943020065,"Cooper Corkrean","sa3069851",
2026,"Carter Harrington","COFC",,63.2,6.926701432338906,3.816753850472458,1.81481481,0.989528776048415,0.16225166,0.08940397,0.07284768,0.29545455,1.6492146267473584,0.34134615,0.59322034,5.371727641405682,5.968463550575052,-0.5967359091693698,"Carter Harrington","sa3073724",
2026,"Tyler Patrick","FRES",,57,4.578947368421052,2.526315789473684,1.8125,2.0526315789473686,0.1024735,0.0565371,0.0459364,0.3540856,1.8771929824561404,0.3627907,0.63765182,7.7368421052631575,8.33392378154554,-0.5970816762823823,"Tyler Patrick","sa3065381",
2026,"Austin Beard","MONM",,47,6.51063829787234,4.787234042553192,1.36,0.574468085106383,0.16037736,0.11792453,0.04245283,0.25,1.4680851063829787,0.29496403,0.67282322,5.361702127659575,5.968686375719436,-0.6069842480598613,"Austin Beard","sa3062558",
2026,"Ryan Penney","PRIN",,34.2,7.009615127504234,3.115384501112993,2.25,1.0384615003709976,0.17088608,0.07594937,0.09493671,0.23880597,1.2692307226756638,0.27184466,0.63492063,5.451922876947737,6.061532063879207,-0.6096091869314701,"Ryan Penney","sa3074392",
2026,"Kevin Reed","EVAN",,60.1,5.966850954484697,4.325966942001405,1.37931034,1.3425414647590566,0.14134276,0.1024735,0.03886926,0.28861789,1.6574585984679713,0.31472081,0.66037736,6.265193502208931,6.8758556698549125,-0.6106621676459811,"Kevin Reed","sa3040532",
2026,"Angel Cervantes","UCLA",18,49.2,6.7046978149235406,2.718120735779814,2.46666667,0.906040245259938,0.16818182,0.06818182,0.1,0.285,1.4496643924159007,0.32911392,0.74285714,4.167785128195715,4.781691898068278,-0.6139067698725631,"Angel Cervantes","sa3069778",
2026,"Jonah Walker","NDSU",22,52.2,6.835442872942119,5.126582154706589,1.33333333,0.6835442872942119,0.16129032,0.12096774,0.04032258,0.25943396,1.6139240116668891,0.30357143,0.6440281,5.468354298353695,6.0829971622759835,-0.6146428639222883,"Jonah Walker","sa3071549",
2026,"Champ Davis","WOF",,45.1,7.742647275998936,4.169117763999427,1.85714286,0.5955882519999182,0.18224299,0.09813084,0.08411215,0.29411765,1.676470635259029,0.35862069,0.71979434,4.169117763999427,4.800852823999927,-0.6317350600004996,"Champ Davis","sa3029893",
2026,"Noah Andrunas","SLU",,64,4.5,1.546875,2.90909091,0.84375,0.11510791,0.03956835,0.07553957,0.26717557,1.265625,0.28571429,0.59278351,4.640625,5.278101634979248,-0.6374766349792482,"Noah Andrunas","sa3026094",
2026,"Jaden Wywoda","HC",22,98,7.438775510204081,2.3877551020408165,3.11538462,0.7346938775510204,0.19471154,0.0625,0.13221154,0.22546419,1.1326530612244898,0.26736111,0.65602837,4.316326530612245,4.958523512859734,-0.6421969822474889,"Jaden Wywoda","sa3045658",
2026,"Austin McNabb","DAY",,48,9.5625,4.125,2.31818182,1.3125,0.22368421,0.09649123,0.12719298,0.28140704,1.625,0.34751773,0.73138298,5.25,5.892684968312581,-0.6426849683125813,"Austin McNabb","sa3070759",
2026,"Parker Hampton","NORF",,70,5.914285714285715,3.342857142857143,1.76923077,0.5142857142857142,0.14420063,0.0815047,0.06269592,0.29896907,1.6142857142857143,0.34439834,0.62157221,5.4,6.0431953566414975,-0.6431953566414972,"Parker Hampton","sa3033114",
2026,"Kole Klecker","ASU",21,69,10.173913043478262,3.130434782608696,3.25,1.565217391304348,0.26530612,0.08163265,0.18367347,0.24719101,1.3043478260869565,0.30508475,0.72178478,4.565217391304348,5.219973319509755,-0.6547559282054074,"Kole Klecker","sa3035480",
2026,"Cooper Katskee","NEB",22,63,9.285714285714286,3.4285714285714284,2.70833333,2.2857142857142856,0.23636364,0.08727273,0.14909091,0.23577236,1.3015873015873016,0.25454545,0.61919505,5.714285714285714,6.373893905821301,-0.6596081915355869,"Cooper Katskee","sa3035112",
2026,"Reese Bassinger","WVU",23,60,9.6,3,3.2,0.45,0.25498008,0.07968127,0.17529881,0.22869955,1.1833333333333333,0.30769231,0.69518717,3.3,3.962726942698161,-0.662726942698161,"Reese Bassinger","sa3026696",
2026,"Luke Jones","CCU",20,79,7.632911392405063,3.189873417721519,2.39285714,0.6835443037974683,0.19308357,0.08069164,0.11239193,0.24092409,1.2784810126582278,0.29130435,0.70902394,4.443037974683544,5.1076062757757645,-0.6645683010922205,"Luke Jones","sa3059625",
2026,"Jacob Hines","CCSU",19,52,6.403846153846154,6.75,0.94871795,0.6923076923076923,0.13909774,0.14661654,-0.0075188,0.26511628,1.8461538461538463,0.3045977,0.56640625,7.269230769230769,7.933854697300839,-0.6646239280700694,"Jacob Hines","sa3067182",
2026,"Cooper Golden","MCN",,72,7.625,3.75,2.03333333,1.375,0.18541033,0.09118541,0.09422492,0.29824561,1.5972222222222223,0.34741784,0.72183099,5.625,6.294508171081543,-0.6695081710815431,"Cooper Golden","sa3059312",
2026,"Russ Smith","DBU",,62.1,8.807486810683935,5.053476038917012,1.74285714,1.443850296833432,0.21328671,0.12237762,0.09090909,0.25311203,1.5401069832889942,0.3,0.69565217,5.775401187333728,6.446185545877828,-0.6707843585441005,"Russ Smith","sa3071324",
2026,"Will Sanford","ORE",20,84.1,13.446639910712566,4.909090761053793,2.73913043,1.0671936437073464,0.3423913,0.125,0.2173913,0.18446602,1.2213438366872964,0.2716763,0.76470588,3.7351777529757126,4.407020180150394,-0.6718424271746817,"Will Sanford","sa3060484",
2026,"Ryan Lynch","UNC",21,98.1,8.14576250119581,3.2949151690230245,2.47222222,0.8237287922557561,0.20273349,0.08200456,0.12072893,0.26493506,1.4033897942135105,0.32404181,0.73919107,4.210169382640531,4.882500773876162,-0.6723313912356303,"Ryan Lynch","sa3059876",
2026,"Mitchell Heer","USA",23,82.2,8.056451860749394,3.157258161645033,2.55172414,0.8709677687296642,0.20054201,0.07859079,0.12195122,0.26299694,1.3911290750543248,0.31836735,0.70205479,4.463709814739529,5.137516473706631,-0.6738066589671021,"Mitchell Heer","sa3033518",
2026,"Vincent Borghese","RUTG",21,62,9,3.9193548387096775,2.2962963,1.1612903225806452,0.21985816,0.09574468,0.12411348,0.25793651,1.4838709677419355,0.31318681,0.75178998,4.209677419354839,4.883878544838198,-0.6742011254833589,"Vincent Borghese","sa3066170",
2026,"Weston Moss","TA&M",22,64.1,9.652849359350279,2.9378237180631284,3.28571429,2.3782382479558657,0.24820144,0.07553957,0.17266187,0.25793651,1.336787511922905,0.28915663,0.74404762,5.45595833354581,6.131536592865363,-0.6755782593195523,"Weston Moss","sa3038469",
2026,"Clayton Poliey","RID",22,59.2,5.882681438879057,4.675977553980789,1.25806452,1.3575418705105515,0.14444444,0.11481481,0.02962963,0.28085106,1.6256982893768335,0.30481283,0.62217195,6.033519424491341,6.709765592214749,-0.6762461677234084,"Clayton Poliey","sa3040036",
2026,"Danny Cihocki","NIU",,92.2,7.769784385894786,3.2050360591815994,2.42424242,1.2625899627079027,0.20050125,0.08270677,0.11779449,0.25069638,1.3273381659236927,0.28947368,0.67084079,5.341726765302665,6.019642407042315,-0.6779156417396495,"Danny Cihocki","sa3058867",
2026,"Mark Scamardella","NJIT",,63,9.285714285714286,3.4285714285714284,2.70833333,0.7142857142857143,0.23214286,0.08571429,0.14642857,0.24796748,1.3492063492063493,0.31818182,0.70454545,4,4.682508992391919,-0.6825089923919192,"Mark Scamardella","sa3041636",
2026,"Daniel Quintana","RAD",23,51.2,7.1419353081011545,3.832257970200619,1.86363636,0.6967741764001126,0.17748918,0.0952381,0.08225108,0.25,1.3935483528002253,0.29677419,0.67639257,4.877419234800788,5.564528358352296,-0.6871091235515081,"Daniel Quintana","sa3071064",
2026,"Alfred Mucciarone","UML",21,76.2,5.517391487366767,2.230434856595076,2.47368421,0.8217391576929227,0.13823529,0.05588235,0.08235294,0.28525641,1.4086956989021533,0.31782946,0.65298507,4.460869713190152,5.1517291792669475,-0.6908594660767955,"Alfred Mucciarone","sa3038509",
2026,"Caleb Granger","FAMU",23,95.1,7.930069718525767,2.4545453890674995,3.23076923,0.5664335513232691,0.19811321,0.06132075,0.13679245,0.28826531,1.4580419191469334,0.35430464,0.65153734,4.625874002473364,5.3176546019991076,-0.6917805995257433,"Caleb Granger","sa3032573",
2026,"Dylan Smith","CSUF",,79.1,5.105041853158074,1.701680617719358,3,0.9075629961169909,0.129683,0.04322767,0.08645533,0.278125,1.3109243277245424,0.30337079,0.66793893,4.537814980584955,5.234930888024372,-0.6971159074394171,"Dylan Smith","sa3060607",
2026,"Brandon Kosel","UTU",21,54.1,8.447852958441727,4.141104391393004,2.04,1.4907975809014813,0.20816327,0.10204082,0.10612245,0.26511628,1.5092024893076725,0.30967742,0.67204301,5.466257796638764,6.163655710103682,-0.6973979134649175,"Brandon Kosel","sa3070532",
2026,"Conner Griffin","BING",21,60.1,9.696132801037631,6.563536049933166,1.47727273,0.8950276431727044,0.23897059,0.16176471,0.07720588,0.21100917,1.4917127386211742,0.27210884,0.68777293,5.220994585174109,5.918411863405101,-0.6974172782309918,"Conner Griffin","sa3032713",
2026,"Kevin Robinson","NWST",,57.2,7.491329314582928,0.468208082161433,16,1.0924855250433436,0.18461538,0.01153846,0.17307692,0.292,1.3179190460840335,0.33846154,0.6420765,3.9017340180119415,4.60303417308287,-0.7013001550709284,"Kevin Robinson","sa3040911",
2026,"Nik Toups","SELA",,51.1,10.51948078005607,5.785714429030838,1.81818182,0.8766233983380057,0.24390244,0.13414634,0.1097561,0.23300971,1.5779221170084103,0.30496454,0.59259259,4.733766351025231,5.435741968680885,-0.7019756176556537,"Nik Toups","sa3060776",
2026,"Alex Petrovic","AUB",22,92.2,8.935252043779004,2.3309353157684356,3.83333333,0.8741007434131635,0.24731183,0.06451613,0.1827957,0.20527859,1.0143885170473748,0.25416667,0.74660633,3.2050360591815994,3.909521565487417,-0.7044855063058177,"Alex Petrovic","sa3039821",
2026,"Ethan Wendel","TAR",21,70.2,5.731132281722025,3.82075485448135,1.5,1.52830194179254,0.13636364,0.09090909,0.04545455,0.27083333,1.52830194179254,0.28571429,0.64922481,6.240566262319538,6.948121557307018,-0.7075552949874799,"Ethan Wendel","sa3071582",
2026,"Luke Lycette","UNO",,43.1,7.684615610111401,4.361538589522687,1.76190476,0.41538462757358924,0.19786096,0.11229947,0.0855615,0.22981366,1.338461577737121,0.28688525,0.68106312,4.1538462757358925,4.861815883704192,-0.7079696079682991,"Luke Lycette","sa3070641",
2026,"Griffin Smith","WSU",22,79,5.810126582278481,2.5063291139240507,2.31818182,1.5949367088607596,0.14739884,0.06358382,0.08381503,0.27987421,1.4050632911392404,0.29644269,0.57494867,6.379746835443038,7.094083674949935,-0.7143368395068972,"Griffin Smith","sa3060612",
2026,"Devin Costa","MORE",20,49.1,5.290540676904128,0.7297297485385005,7.25,1.0945946228077508,0.13615023,0.01877934,0.11737089,0.26767677,1.155405435185959,0.28834356,0.67114094,4.743243365500254,5.458121266688981,-0.7148779011887276,"Devin Costa","sa3069857",
2026,"Ian Korn","WVU",23,79.2,7.907950043233769,1.4686192937434142,5.38461538,0.7907950043233769,0.21806854,0.04049844,0.17757009,0.24092409,1.079497942409689,0.2920354,0.71428571,3.389121447100187,4.108821784311127,-0.7197003372109401,"Ian Korn","sa3070530",
2026,"Gage Peterson","APP",21,85,11.329411764705883,4.129411764705883,2.74358974,0.4235294117647059,0.29395604,0.10714286,0.18681319,0.1910828,1.1647058823529413,0.27586207,0.67049808,3.2823529411764705,4.004404488731833,-0.7220515475553624,"Gage Peterson","sa3070998",
2026,"Ty Madison","SDST",,71.1,6.686915649452721,1.387850417810942,4.81818182,1.1355139782089527,0.17785235,0.03691275,0.1409396,0.25886525,1.1775700514759508,0.29090909,0.66753927,4.668224132636805,5.3911126314287,-0.7228884987918951,"Ty Madison","sa3065084",
2026,"Jason Kreiger","ME",21,88.2,5.582706927040126,3.4511279185338966,1.61764706,0.6090225738589229,0.13924051,0.08607595,0.05316456,0.27793696,1.477443651398498,0.31597222,0.69836553,4.567669303941922,5.2906961611837735,-0.7230268572418517,"Jason Kreiger","sa3035702",
2026,"Connor Lockwood","VAL",,93.1,5.689285559264985,0.867857119209913,6.55555556,0.6749999816077101,0.14496314,0.02211302,0.12285012,0.29262087,1.328571392370731,0.33027523,0.61241611,3.8571427520440578,4.583531225457484,-0.7263884734134258,"Connor Lockwood","sa3036437",
2026,"Michael Senay","USF",,81,6.111111111111111,1.8888888888888888,3.23529412,0.7777777777777778,0.16717325,0.05167173,0.11550152,0.22875817,1.0740740740740742,0.25819672,0.64903846,3.7777777777777777,4.5092304571175275,-0.7314526793397498,"Michael Senay","sa3071259",
2026,"Declan Dahl","LT",,81.1,11.286884892983206,2.5450818876334678,4.43478261,1.1065573424493338,0.29824561,0.06725146,0.23099415,0.23248408,1.180327831945956,0.31188119,0.73563218,3.5409834958378683,4.275018667847967,-0.734035172010099,"Declan Dahl","sa3069897",
2026,"Dillon Kirksey","COPP",21,72.2,7.183486489934186,3.963302890998172,1.8125,1.2385321534369287,0.16201117,0.08938547,0.0726257,0.29936306,1.7339450148117002,0.34146341,0.43548387,6.6880736285594145,7.423798310312197,-0.7357246817527825,"Dillon Kirksey","sa3074328",
2026,"Trey Williford","UNCW",19,67.1,11.896039154655565,3.742574116071413,3.17857143,0.6683168064413239,0.31785714,0.1,0.21785714,0.21052632,1.1881187670067979,0.30718954,0.71794872,3.3415840322066193,4.079914527663459,-0.7383304954568399,"Trey Williford","sa3071627",
2026,"Cole Leaman","LEH",22,47,10.340425531914894,6.51063829787234,1.58823529,0.19148936170212766,0.24215247,0.15246637,0.0896861,0.22527473,1.5957446808510638,0.31496063,0.60794045,4.212765957446808,4.952227377384267,-0.7394614199374585,"Cole Leaman","sa3036112",
2026,"Logan Knight","CIN",22,68.2,8.257281859213888,2.4902913543660934,3.31578947,1.703883558250485,0.20860927,0.06291391,0.14569536,0.24911032,1.2961165528572065,0.27804878,0.68681319,4.849514742712919,5.589749653591763,-0.7402349108788444,"Logan Knight","sa3035547",
2026,"Sam Cozart","TEX",19,52.1,13.242038538308078,2.2356688441299353,5.92307692,0.5159235794146004,0.38888889,0.06565657,0.32323232,0.13888889,0.7261146673242524,0.22,0.82474227,1.7197452647153348,2.463340894356379,-0.743595629641044,"Sam Cozart","sa3073698",
2026,"Brigden Parker","LR",23,73.1,7.363636108272341,4.2954543964921985,1.71428571,1.104545416240851,0.18867925,0.11006289,0.07861635,0.25631769,1.4454544953275335,0.29807692,0.68410463,5.0318180073194325,5.776917244777208,-0.7450992374577758,"Brigden Parker","sa3060211",
2026,"Chris Levonas","WAKE",20,73.1,14.236363142659858,4.0499998595497875,3.51515152,0.8590908792984397,0.38926174,0.11073826,0.27852349,0.17054264,1.0499999635869819,0.27407407,0.79514825,2.8227271748377305,3.5690185299392567,-0.7462913551015262,"Chris Levonas","sa3066386",
2026,"Drake Frize","USD",24,52.2,7.177215016589225,3.7594935801181655,1.90909091,1.3670885745884238,0.1787234,0.09361702,0.08510638,0.24875622,1.3670885745884238,0.2781457,0.67307692,5.9810125138243535,6.730051507431812,-0.7490389936074582,"Drake Frize","sa3031735",813667
2026,"Eric Segura","ORST",21,73,10.10958904109589,3.328767123287671,3.03703704,0.2465753424657534,0.27333333,0.09,0.18333333,0.21455939,1.1369863013698631,0.30508475,0.78091106,2.219178082191781,2.9688830845976533,-0.7497050024058725,"Eric Segura","sa3041930",
2026,"Bryson Moore","FSU",21,67.2,8.645320521963356,3.3251232776782134,2.6,0.9310345177498998,0.22887324,0.08802817,0.14084507,0.22834646,1.2266010313212965,0.28021978,0.71611253,3.857143002106728,4.6090767659791325,-0.7519337638724046,"Bryson Moore","sa3038282",
2026,"Matt Gallant","CHSO",,57.2,6.242774428819106,2.1849710500866872,2.85714286,1.7167629679252543,0.1532567,0.05363985,0.09961686,0.30864198,1.5433525671247237,0.33333333,0.65721649,5.618496985937196,6.3740752390183095,-0.7555782530811133,"Matt Gallant","sa3031852",
2026,"Eli Nissen","CREI",21,46,6.065217391304348,3.3260869565217392,1.82352941,0.782608695652174,0.15979381,0.08762887,0.07216495,0.22988506,1.2391304347826086,0.25899281,0.64338235,4.695652173913044,5.453878137339716,-0.7582259634266721,"Eli Nissen","sa3038887",
2026,"Aaron Jungers","LIN",22,50,8.1,2.16,3.75,0.36,0.2173913,0.05797101,0.15942029,0.23036649,1.12,0.29166667,0.66433566,3.06,3.820553665161133,-0.7605536651611331,"Aaron Jungers","sa3034993",
2026,"Gage Wheaton","NIA",,63.2,6.643978924896501,6.785340178617703,0.97916667,0.5654450148848086,0.15309446,0.15635179,-0.00325733,0.26377953,1.8062826864375832,0.31034483,0.66433566,5.371727641405682,6.1340541207938415,-0.7623264793881592,"Gage Wheaton","sa3045072",
2026,"Sean Davis","IONA",23,49,6.612244897959184,3.122448979591837,2.11764706,0.1836734693877551,0.16744186,0.07906977,0.08837209,0.23834197,1.2857142857142858,0.28846154,0.69069069,3.673469387755102,4.439214965275356,-0.7657455775202542,"Sean Davis","sa3029939",
2026,"Drew Talavs","SDSU",21,61.2,9.048648462065652,4.3783782880962825,2.06666667,1.7513513152385132,0.21985816,0.10638298,0.11347518,0.26530612,1.540540508774618,0.30994152,0.61032864,6.567567432144425,7.337053178964174,-0.7694857468197496,"Drew Talavs","sa3043478",
2026,"Brannon Westmoreland","LR",,101.1,7.371710341310242,2.042763106628139,3.60869565,0.7105262979576137,0.19437939,0.05386417,0.14051522,0.25558313,1.243421021425824,0.30448718,0.73402418,3.4638157025433665,4.239237873210802,-0.7754221706674351,"Brannon Westmoreland","sa3071588",
2026,"Gavin Seebold","IU",24,44.1,11.368421378699894,5.278195640110665,2.15384615,1.4210526723374868,0.27860697,0.12935323,0.14925373,0.23668639,1.4887218472107004,0.31132075,0.73954984,4.6691730662517426,5.446575658604023,-0.7774025923522805,"Gavin Seebold","sa3041913",
2026,"Andrelys Payamps","IONA",24,54,11.5,4.5,2.55555556,0.8333333333333334,0.28163265,0.11020408,0.17142857,0.25,1.4814814814814814,0.34782609,0.64556962,4,4.777839303899695,-0.7778393038996949,"Andrelys Payamps","sa3039575",
2026,"Landon Fontenot","LT",,48.2,8.691780594818413,4.808219052452739,1.80769231,0.9246575100870652,0.21962617,0.12149533,0.09813084,0.22099448,1.3561643481276957,0.27131783,0.6969697,4.808219052452739,5.590423978822365,-0.7822049263696256,"Landon Fontenot","sa3066431",
2026,"Aidan Dowd","FOR",,63,4.714285714285714,3.5714285714285716,1.32,1.2857142857142858,0.1122449,0.08503401,0.02721088,0.28458498,1.5396825396825398,0.2985782,0.64741036,6.285714285714286,7.07125639688401,-0.7855421111697245,"Aidan Dowd","sa3030519",
2026,"Mason Cook","KU",20,67.1,8.821781845025475,3.6089107547831487,2.44444444,1.202970251594383,0.22073579,0.090301,0.13043478,0.23552124,1.3069306437074777,0.2826087,0.67873303,4.811881006377532,5.605466157727917,-0.7935851513503849,"Mason Cook","sa3069840",
2026,"Clayton Freshcorn","TA&M",21,54.1,9.276073836720329,0.9938650539343209,9.33333333,0.9938650539343209,0.25112108,0.02690583,0.22421525,0.24056604,1.0490797791528943,0.3,0.82089552,2.8159509861472425,3.6105411098128037,-0.7945901236655613,"Clayton Freshcorn","sa3059239",
2026,"Tanner Wiggins","RICE",21,83.1,5.83199982202149,1.7279999472656267,3.375,0.971999970336915,0.14594595,0.04324324,0.1027027,0.29275362,1.4039999571533217,0.32624113,0.74955908,4.103999874755863,4.899946475738526,-0.7959466009826626,"Tanner Wiggins","sa3062698",
2026,"Finnegan Wall","UCI",23,58,7.293103448275862,2.9482758620689653,2.47368421,0.7758620689655172,0.18431373,0.0745098,0.10980392,0.29130435,1.4827586206896552,0.34831461,0.71764706,4.0344827586206895,4.830555383090315,-0.7960726244696259,"Finnegan Wall","sa3044692",
2026,"Jackson Klein","MAN",,46,6.260869565217392,3.3260869565217392,1.88235294,0.9782608695652174,0.14414414,0.07657658,0.06756757,0.34343434,1.8478260869565217,0.39130435,0.68235294,5.086956521739131,5.883314344157343,-0.7963578224182122,"Jackson Klein","sa3065069",
2026,"Jacob Price","EKU",,85.2,7.038910714796214,2.416342484183775,2.91304348,1.3657587954082206,0.18010753,0.06182796,0.11827957,0.25655977,1.2957198828231835,0.2851711,0.64777328,4.83268496836755,5.631114511797851,-0.7984295434303013,"Jacob Price","sa3071039",
2026,"Peter Lemke","DUKE",21,55.1,8.13253030736832,5.692771215157824,1.42857143,1.4638554553262977,0.19083969,0.13358779,0.05725191,0.25,1.6084337719017343,0.2866242,0.62929062,5.855421821305191,6.656587040021158,-0.8011652187159672,"Peter Lemke","sa3070585",
2026,"James Capellupo","SBU",,43.1,8.100000237684991,4.984615530883071,1.625,0.8307692551471785,0.1959799,0.12060302,0.07537688,0.23668639,1.4769231202616506,0.28571429,0.63664596,4.984615530883071,5.786274755240899,-0.8016592243578282,"James Capellupo","sa3028384",
2026,"Declan Cawley","FOR",,51.1,9.642857381718063,4.383116991690029,2.2,1.4025974373408092,0.24774775,0.11261261,0.13513514,0.24489796,1.422077957303876,0.30075188,0.71656051,4.909091030692832,5.711949072320057,-0.8028580416272248,"Declan Cawley","sa3069775",
2026,"Zach Vriesenga","WMU",,68,8.073529411764707,5.955882352941177,1.35555556,1.588235294117647,0.179941,0.13274336,0.04719764,0.28169014,1.838235294117647,0.32227488,0.60913706,6.75,7.554026626138127,-0.8040266261381266,"Zach Vriesenga","sa3044588",
2026,"Jack Molini","LEM",19,46,6.260869565217392,6.065217391304348,1.03225806,1.565217391304348,0.1350211,0.13080169,0.00421941,0.32338308,2.0869565217391304,0.35403727,0.59020045,7.826086956521739,8.632015232417896,-0.8059282758961563,"Jack Molini","sa3070799",
2026,"Rylan Morin","UAPB",,68.1,6.585365608573891,3.02926817994399,2.17391304,0.39512193651443345,0.1618123,0.07443366,0.08737864,0.26136364,1.34634141330844,0.31279621,0.59198543,5.531707111202069,6.3376443297064515,-0.8059372185043827,"Rylan Morin","sa3070818",
2026,"Thomas Harper","ILST",22,59,7.779661016949152,4.11864406779661,1.88888889,1.3728813559322033,0.1827957,0.09677419,0.08602151,0.27234043,1.5423728813559323,0.31428571,0.68134172,6.101694915254237,6.914342367851129,-0.8126474525968916,"Thomas Harper","sa3033250",
2026,"Chase Frey","GCU",21,67.2,9.17734024639187,2.261083828821185,4.05882353,0.9310345177498998,0.23389831,0.05762712,0.17627119,0.22556391,1.1379310772498776,0.27894737,0.61868687,4.788177519856627,5.609267335004121,-0.8210898151474941,"Chase Frey","sa3070122",
2026,"Luke Teschke","ILST",,61.2,7.297297146827138,5.83783771746171,1.25,0.583783771746171,0.18248175,0.1459854,0.03649635,0.20434783,1.4108107817199134,0.24431818,0.6088993,4.962162059842454,5.784979078196714,-0.82281701835426,"Luke Teschke","sa3071437",
2026,"Andrew Cutler","GW",21,59.2,8.14525122306331,2.5642457554088196,3.17647059,1.206703884898268,0.21011673,0.06614786,0.14396887,0.25,1.256983213435696,0.29411765,0.69637883,4.675977553980789,5.499295743698374,-0.8233181897175852,"Andrew Cutler","sa3029743",
2026,"Cayden Suchy","CONN",20,89.1,10.578357907811695,2.3171641131397043,4.56521739,0.503731328943414,0.28688525,0.06284153,0.22404372,0.22713864,1.1194029532075866,0.31441048,0.73195876,2.8208954420831183,3.650503725547731,-0.8296082834646126,"Cayden Suchy","sa3060688",
2026,"Gavin Eddy","CAL",21,84.2,9.992126284385328,2.232283531617999,4.47619048,0.7440945105393331,0.26857143,0.06,0.20857143,0.22360248,1.0984252298437773,0.29411765,0.74279379,2.8700788263659986,3.7018388446734782,-0.8317600183074796,"Gavin Eddy","sa3059112",
2026,"Garrett Workman","FAMU",20,71.1,7.065420308855705,3.1542054950248684,2.24,0.8831775386069631,0.17125382,0.0764526,0.09480122,0.28275862,1.4999999465229374,0.33039648,0.54945055,5.677569891044763,6.5163997387509145,-0.8388298477061511,"Garrett Workman","sa3062927",
2026,"Travis Lutz","LAM",22,60.2,10.087911876470715,2.5219779691176787,4,0.8901098714532983,0.272,0.068,0.204,0.21551724,1.104395581247611,0.27848101,0.73825503,3.263736195328761,4.103574106529447,-0.8398379112006857,"Travis Lutz","sa3036719",
2026,"Owen MacDonnell","LAS",,64,8.859375,5.34375,1.65789474,0.84375,0.21,0.12666667,0.08333333,0.26639344,1.609375,0.33714286,0.63055062,5.34375,6.184351634979248,-0.8406016349792482,"Owen MacDonnell","sa3036785",
2026,"Jackson Sanders","AUB",20,70.1,12.284359745392289,3.199052017029242,3.84,1.0236966454493575,0.32989691,0.08591065,0.24398626,0.20930233,1.1232227082013782,0.2987013,0.79155673,2.9431278556669027,3.7853441168293127,-0.84221626116241,"Jackson Sanders","sa3060480",
2026,"Justin Kim","PRIN",,60,8.25,3.9,2.11538462,1.2,0.2014652,0.0952381,0.10622711,0.24380165,1.4166666666666667,0.2849162,0.7106599,4.65,5.492301368713379,-0.8423013687133789,"Justin Kim","sa3035374",
2026,"Steven Svenson","HALL",,65,6.6461538461538465,2.4923076923076923,2.66666667,0.6923076923076923,0.16842105,0.06315789,0.10526316,0.25882353,1.2923076923076924,0.3019802,0.57303371,4.430769230769231,5.274613923292894,-0.8438446925236631,"Steven Svenson","sa3060700",
2026,"Ty Brooks","INST",20,76.1,6.484715941159579,4.008733490898649,1.61764706,0.5895196310145072,0.16666667,0.1030303,0.06363636,0.23529412,1.3362444969662164,0.27510917,0.65686275,4.598253121913157,5.444650971214127,-0.8463978493009705,"Ty Brooks","sa3058734",
2026,"Sam Stockman","STMN",21,52,5.884615384615385,5.1923076923076925,1.13333333,0.6923076923076923,0.13765182,0.12145749,0.01619433,0.25603865,1.5961538461538463,0.28994083,0.60640732,5.711538461538462,6.5640098571777346,-0.8524713956392729,"Sam Stockman","sa3066242",
2026,"Gage Haley","LR",,55.2,8.892215365741858,4.041916075337208,2.2,1.2934131441079066,0.23404255,0.10638298,0.12765958,0.22222222,1.2754490726619636,0.26388889,0.68471338,4.688622647391162,5.541751237944698,-0.8531285905535366,"Gage Haley","sa3032999",
2026,"Luke VanMarter","LEM",,57.2,6.71098251098054,8.115606757464839,0.82692308,1.872832328645732,0.14191419,0.17161716,-0.02970297,0.29674797,2.167630010006634,0.31937173,0.56537102,8.739884200346749,9.59381458736286,-0.8539303870161117,"Luke VanMarter","sa3071516",
2026,"Zane Brown","BEL",21,56.1,6.230769371411236,2.5562130754507635,2.4375,1.4378698549410545,0.16182573,0.06639004,0.09543569,0.23744292,1.2071006189628606,0.25146199,0.63517915,5.431952785332872,6.2867223116384965,-0.8547695263056241,"Zane Brown","sa3058751",
2026,"Anthony Treto","TAR",20,52.1,11.694267800064276,2.923566950016069,4,0.8598726323576674,0.31050228,0.07762557,0.23287671,0.21,1.1273885624244973,0.29133858,0.77777778,3.0955414764876026,3.9636243973867837,-0.8680829208991812,"Anthony Treto","sa3073597",
2026,"Nick Finarelli","LIU",,89.1,9.268656452558817,4.1305968973359946,2.24390244,0.9067163920981453,0.22604423,0.1007371,0.12530713,0.26136364,1.4888059277660903,0.33067729,0.66220238,5.6417908841662365,6.511638822213504,-0.8698479380472675,"Nick Finarelli","sa3031330",
2026,"Brendan Conner","UAB",20,60,5.85,4.35,1.34482759,0.75,0.14391144,0.10701107,0.03690037,0.24166667,1.45,0.27040816,0.68292683,4.35,5.225279839833577,-0.8752798398335777,"Brendan Conner","sa3058916",
2026,"Sawyer Jensen","DAY",,74.1,7.385649971533464,2.7847532679552405,2.65217391,1.3318385194568543,0.18429003,0.0694864,0.11480363,0.25773196,1.3183856051189062,0.29223744,0.65261044,5.327354077827417,6.20621255662992,-0.8788584788025027,"Sawyer Jensen","sa3070440",
2026,"Ashton Chronister","XAV",21,67.2,5.453202175392271,2.3940887599283136,2.27777778,1.0640394488570284,0.14186851,0.06228374,0.07958478,0.28089888,1.374384288106995,0.30733945,0.68764569,4.788177519856627,5.667414275314732,-0.8792367554581046,"Ashton Chronister","sa3028904",
2026,"Alex Walsh","JAX",22,73.2,9.040724294005667,4.0316743473268515,2.24242424,0.6108597495949776,0.22222222,0.0990991,0.12312312,0.24398625,1.4117647546195036,0.31132075,0.74528302,3.909502397407856,4.790700383292856,-0.8811979858850001,"Alex Walsh","sa3044720",
2026,"Brayton Thomas","IU",20,55,9,5.890909090909091,1.52777778,0.9818181818181818,0.20754717,0.13584906,0.07169811,0.22115385,1.490909090909091,0.27210884,0.73995772,5.4,6.282119014046409,-0.8821190140464088,"Brayton Thomas","sa3065431",
2026,"Nathan Ries","UCSD",,58,6.982758620689655,3.103448275862069,2.25,1.396551724137931,0.17857143,0.07936508,0.09920635,0.27074236,1.4137931034482758,0.30285714,0.71823204,4.810344827586207,5.6926243486075565,-0.8822795210213492,"Nathan Ries","sa3060368",
2026,"Chase Mayer","AMCC",,45.1,10.522059118665222,3.176470677332897,3.3125,0.9926470866665303,0.28191489,0.08510638,0.19680851,0.20588235,1.125000031555401,0.26785714,0.7173913,3.573529511999509,4.456272885007429,-0.8827433730079202,"Chase Mayer","sa3075005",
2026,"Walker Hooks","MISS",20,58.1,9.72000021187919,1.8514286117865124,5.25,1.2342857411910082,0.27272727,0.05194805,0.22077922,0.19626168,0.9257143058932562,0.23776224,0.71129707,3.2400000706263965,4.126088886198706,-0.8860888155723092,"Walker Hooks","sa3059517",
2026,"Tate Evans","YALE",22,84.2,8.503937263306662,1.5944882368699993,5.33333333,0.42519686316533317,0.22408964,0.04201681,0.18207283,0.23404255,1.0866142058669626,0.29795918,0.75452716,2.8700788263659986,3.7588367932698237,-0.888757966903825,"Tate Evans","sa3031082",
2026,"Matt Cuccias","WICH",21,74,9.243243243243244,4.013513513513513,2.3030303,0.6081081081081081,0.23312883,0.10122699,0.13190184,0.1971831,1.2027027027027026,0.25123153,0.63736264,3.527027027027027,4.4189735335272715,-0.8919465065002443,"Matt Cuccias","sa3069888",
2026,"Hekili Robello","HAW",,85,8.152941176470588,2.011764705882353,4.05263158,0.5294117647058824,0.22063037,0.05444126,0.16618911,0.23364486,1.1058823529411765,0.29288703,0.69791667,3.070588235294118,3.978628405402689,-0.908040170108571,"Hekili Robello","sa3071131",
2026,"Wayland Crane","BYU",,58,7.603448275862069,5.431034482758621,1.4,1.8620689655172413,0.175,0.125,0.05,0.30379747,1.8448275862068966,0.34090909,0.63136456,6.362068965517241,7.270198207065977,-0.9081292415487363,"Wayland Crane","sa3058949",
2026,"Michael Malki","CBU",20,75,13.32,4.44,3,0.72,0.33738602,0.11246201,0.22492401,0.23076923,1.3733333333333333,0.35502959,0.79522863,3.12,4.031140327453613,-0.9111403274536132,"Michael Malki","sa3059901",
2026,"Lucas Hartman","UVA",23,64.1,9.792745726877095,3.497409188170391,2.8,1.1191709402145251,0.25089606,0.08960573,0.16129032,0.24096386,1.3212434710865921,0.30409357,0.68527919,3.7772019232240224,4.694760361532964,-0.9175584383089417,"Lucas Hartman","sa3033352",
2026,"Landon Stump","UCLA",21,54.2,7.079268128016678,3.621951135264347,1.95454545,0.9878048550720946,0.18777293,0.09606987,0.09170306,0.2364532,1.280487775093456,0.27272727,0.67073171,4.115853562800394,5.035334061867138,-0.9194804990667436,"Landon Stump","sa3043278",
2026,"Dawson Richard","NICH",,48,7.6875,5.4375,1.4137931,0.75,0.18468468,0.13063063,0.05405405,0.24193548,1.5416666666666667,0.29078014,0.62334218,4.875,5.794508171081543,-0.9195081710815431,"Dawson Richard","sa3071104",
2026,"Alec Bouchard","WOF",,86,10.883720930232558,2.8255813953488373,3.85185185,0.8372093023255814,0.28888889,0.075,0.21388889,0.21884498,1.1511627906976745,0.29493088,0.78431373,2.8255813953488373,3.746475233033646,-0.9208938376848086,"Alec Bouchard","sa3027441",
2026,"Genesis Prosper","SOU",22,46.2,7.521428366485913,7.7142855040881155,0.975,0.9642856880110144,0.16883117,0.17316017,-0.00432901,0.27419355,1.9499999468667182,0.32394366,0.65168539,6.942856953679304,7.869003183793051,-0.9261462301137469,"Genesis Prosper","sa3040247",
2026,"Miles Gosztola","ORE",20,62.1,9.96256704815068,3.60962574208358,2.76,1.0106952077834024,0.26235741,0.09505703,0.16730038,0.22510823,1.2352941428463806,0.29032258,0.79514825,3.60962574208358,4.5409425594941055,-0.9313168174105257,"Miles Gosztola","sa3032514",
2026,"Gavin Lyons","TA&M",20,69.1,7.269230502596984,2.466346063381119,2.94736842,1.9471153131956205,0.18006431,0.06109325,0.11897106,0.27112676,1.384615333827997,0.29107981,0.74698795,5.062499814308613,5.994330546841822,-0.9318307325332089,"Gavin Lyons","sa3066440",
2026,"Brendan Holland","JAX",23,73.1,9.695454209225248,3.3136362487225535,2.92592593,0.9818181477696454,0.25320513,0.08653846,0.16666667,0.2455516,1.3090908636928607,0.31443299,0.7545045,3.804545322607376,4.738808119277325,-0.9342627966699486,"Brendan Holland","sa3033973",
2026,"Brandon Peterson","NJIT",22,43.2,7.6259539764068265,5.3587784699075,1.42307692,0.41221372845442306,0.18592965,0.13065327,0.05527638,0.25581395,1.6030533884338674,0.31578947,0.70381232,3.9160304203170186,4.8509325739234415,-0.9349021536064228,"Brandon Peterson","sa3039767",
2026,"Bromley Thornton","UNCW",21,58,9.620689655172415,4.5,2.13793103,0.7758620689655172,0.23484848,0.10984848,0.125,0.2283105,1.3620689655172413,0.29605263,0.71590909,4.655172413793103,5.598180139475856,-0.9430077256827527,"Bromley Thornton","sa3043798",
2026,"Mason Pennington","SEMO",23,77.1,8.262930762753626,2.4439654368707906,3.38095238,0.6982758391059403,0.21385542,0.06325301,0.15060241,0.23666667,1.1896551332916019,0.29147982,0.69767442,3.607758502047358,4.55434675500169,-0.9465882529543324,"Mason Pennington","sa3065110",
2026,"Ty Roman","UL",22,85.2,9.350194830102433,3.887159648469551,2.40540541,1.2607004265306652,0.23116883,0.0961039,0.13506494,0.24773414,1.3891050996032328,0.30434783,0.73825503,4.83268496836755,5.779822252970931,-0.9471372846033805,"Ty Roman","sa3071158",
2026,"Justin Byrd","UGA",22,62.2,11.05851041391027,2.010638257074594,5.5,1.8670212387121232,0.30923695,0.0562249,0.25301205,0.19396552,0.9414893425984212,0.22535211,0.82191781,3.7340424774242464,4.682137486210449,-0.9480950087862023,"Justin Byrd","sa3062564",
2026,"Jackson Gowan","QUC",,66.1,5.427135470322826,4.341708376258261,1.25,1.492462254338777,0.13157895,0.10526316,0.02631579,0.28244275,1.5979898884839432,0.2985782,0.67594433,6.105527404113179,7.056236077821583,-0.9507086737084043,"Jackson Gowan","sa3070198",
2026,"Brendan Callanan","IONA",20,64.1,5.036269230965363,4.756476495911731,1.05882353,0.5595854701072626,0.11960133,0.11295681,0.00664452,0.27969349,1.6632123694854748,0.31221719,0.66108007,4.896372863438548,5.850761906049498,-0.9543890426109503,"Brendan Callanan","sa3028277",
2026,"Evan Lichtenauer","OHIO",,61,2.5081967213114753,1.7704918032786885,1.41666667,0.7377049180327869,0.06296296,0.04444444,0.01851852,0.28458498,1.3770491803278688,0.29004329,0.59756098,5.016393442622951,5.9718183329848,-0.955424890361849,"Evan Lichtenauer","sa3070602",
2026,"Cal Rutherford","EMU",20,46.1,7.187050556952677,5.050359850831611,1.42307692,1.748201486826327,0.17874396,0.12560386,0.0531401,0.23699422,1.4460432051526406,0.2519685,0.60897436,6.7985613376579375,7.75705252666601,-0.9584911890080727,"Cal Rutherford","sa3060454",
2026,"Jaxon Lloyd","LONG",23,83,8.566265060240964,3.253012048192771,2.63333333,0.6506024096385542,0.21944444,0.08333333,0.13611111,0.2484472,1.3253012048192772,0.31223629,0.72080292,3.7951807228915664,4.754812103868967,-0.9596313809774006,"Jaxon Lloyd","sa3036423",
2026,"Kaden Segel","PORT",23,64,6.46875,1.6875,3.83333333,0.84375,0.16727273,0.04363636,0.12363636,0.27692308,1.3125,0.31730769,0.72519084,3.9375,4.897970867156983,-0.9604708671569826,"Kaden Segel","sa3041925",
2026,"Tommy Brandenburg","WASH",23,48.1,8.19310366382214,3.724138029010063,2.2,1.3034483101535221,0.2244898,0.10204082,0.12244898,0.22727273,1.2413793430033544,0.264,0.75697211,4.09655183191107,5.058294596927204,-0.9617427650161341,"Tommy Brandenburg","sa3027588",
2026,"Myles Upchurch","ALA",,72,9.75,5.125,1.90243902,0.75,0.24451411,0.12852665,0.11598746,0.19475655,1.2916666666666667,0.25136612,0.75313808,3.75,4.712279351552328,-0.9622793515523282,"Myles Upchurch","sa3071495",
2026,"Tyler Conklin","EIU",23,91,4.549450549450549,4.648351648351649,0.9787234,0.989010989010989,0.1127451,0.11519608,-0.00245098,0.25139665,1.5054945054945055,0.26490066,0.62698413,5.241758241758242,6.2064877310952,-0.9647294893369578,"Tyler Conklin","sa3029244",
2026,"Aidan Brainard","NEV",22,62,9.870967741935484,5.661290322580645,1.74358974,1.596774193548387,0.22077922,0.12662338,0.09415584,0.31274131,1.935483870967742,0.38888889,0.69808028,6.532258064516129,7.502005275603263,-0.9697472110871344,"Aidan Brainard","sa3069658",
2026,"Isaiah Magdaleno","HAW",21,95.1,10.951048658916536,2.926573348503557,3.74193548,0.28321677566163456,0.30366492,0.08115183,0.22251309,0.16764706,0.9230768984527348,0.24434389,0.74894515,2.3601397971802878,3.3346547507652122,-0.9745149535849245,"Isaiah Magdaleno","sa3036845",
2026,"Mateo Wells","HPU",20,50,10.44,3.06,3.41176471,1.44,0.27488152,0.08056872,0.1943128,0.2408377,1.26,0.304,0.71167883,4.32,5.3051735496521,-0.9851735496520995,"Mateo Wells","sa3065444",
2026,"Gauge Lockhart","SF",24,70.1,6.5260661147396535,4.734596985203278,1.37837838,0.6398104034058484,0.16612378,0.12052117,0.04560261,0.2248062,1.3507108516345687,0.26237624,0.65,4.990521146565618,5.977576853260167,-0.9870557066945498,"Gauge Lockhart","sa3036433",
2026,"Nate Vargo","MERC",21,68.2,6.029126436886331,3.1456311844624336,1.91666667,0.5242718640770723,0.14603175,0.07619048,0.06984127,0.26923077,1.4708738408828972,0.30932203,0.61752988,5.111650674751455,6.0990899728373575,-0.9874392980859028,"Nate Vargo","sa3071522",
2026,"Ty Davis","BRY",,50,8.28,5.04,1.64285714,1.08,0.2,0.12173913,0.07826087,0.23157895,1.44,0.27536232,0.71428571,5.22,6.215207405090332,-0.9952074050903326,"Ty Davis","sa3065913",
2026,"Jake Marciano","AUB",20,86.2,11.21538494448691,1.7653846671877542,6.35294118,1.5576923534009597,0.30083565,0.04735376,0.25348189,0.22891566,1.0730769545651055,0.29186603,0.80487805,3.323077020588714,4.321253730841643,-0.9981767102529289,"Jake Marciano","sa3059912",
2026,"Erik Hoffberg","GONZ",21,43.1,8.93076949283217,4.569230903309482,1.95454545,1.4538461965075624,0.215,0.11,0.105,0.27058824,1.569230815278004,0.325,0.69486405,5.607692472243455,6.6059036237953705,-0.9982111515519154,"Erik Hoffberg","sa3033917",
2026,"Tommy Scavone","PEPP",25,71.1,7.570093188059684,2.3971961762189,3.15789474,0.7570093188059684,0.20134228,0.06375839,0.13758389,0.23684211,1.149532669297952,0.285,0.70438799,4.163551253432827,5.170605185962951,-1.0070539325301242,"Tommy Scavone","sa3041649",
2026,"Trey Ates","ARMY",,60.1,6.265193502208931,5.370165859036226,1.16666667,0.2983425477242348,0.15272727,0.13090909,0.02181818,0.19004525,1.2928177068050175,0.2259887,0.61158798,5.0718233113119915,6.080239638939894,-1.0084163276279021,"Trey Ates","sa3026276",
2026,"Gavin Oswald","UNA",,61.1,7.923913207757228,3.6684783369246428,2.16,0.7336956673849285,0.20689655,0.09578544,0.11111111,0.24242424,1.3206522012928714,0.29651163,0.74683544,3.961956603878614,4.973294319615247,-1.0113377157366332,"Gavin Oswald","sa3039266",
2026,"Camren Piwnicki","BRWN",,42.1,4.889763926401331,2.9763780421573323,1.64285714,0.42519686316533317,0.12299465,0.07486631,0.04812834,0.23493976,1.2519685415423698,0.26241135,0.6993007,4.039370200070665,5.058049430719453,-1.0186792306487877,"Camren Piwnicki","sa3074395",
2026,"Richard De Jesus","UMES",,71,5.704225352112676,4.563380281690141,1.25,0.7605633802816901,0.129683,0.1037464,0.0259366,0.27210884,1.6338028169014085,0.30452675,0.59390048,6.464788732394366,7.485046463281336,-1.0202577308869696,"Richard De Jesus","sa3069929",
2026,"Tim Teixeira","SIUE",,87.1,7.419847112179615,2.988549531294567,2.48275862,1.0305343211360576,0.19459459,0.07837838,0.11621622,0.22522523,1.1908396599794444,0.25896414,0.66326531,4.225190716657836,5.251240655718884,-1.026049939061048,"Tim Teixeira","sa3060726",
2026,"Drew Nelson","BRWN",,71,5.070422535211268,3.1690140845070425,1.6,0.5070422535211268,0.12944984,0.08090615,0.04854369,0.26978417,1.408450704225352,0.3034188,0.687251,3.9295774647887325,4.957794326459858,-1.0282168616711256,"Drew Nelson","sa3074384",
2026,"Micah Worley","STBK",22,69.1,12.072114941812847,4.0240383139376155,3,0.6490384377318735,0.31208054,0.10402685,0.20805369,0.21455939,1.2548076462816222,0.31288344,0.6744186,3.115384501112993,4.1436045479492325,-1.0282200468362395,"Micah Worley","sa3060966",
2026,"Luke Lang","IONA",,52.1,9.286624429462808,4.299363161788337,2.16,0.5159235794146004,0.23275862,0.10775862,0.125,0.25123153,1.452229334648505,0.32876712,0.7651715,3.6114650559022032,4.64030687536128,-1.028841819459077,"Luke Lang","sa3070559",
2026,"Jack Pineau","CREI",21,83.1,8.963999726440438,2.8079999143066434,3.19230769,0.8639999736328133,0.22554348,0.07065217,0.15489131,0.22600619,1.1879999637451184,0.28017241,0.71161049,4.211999871459965,5.242921588867189,-1.0309217174072236,"Jack Pineau","sa3039937",
2026,"Aidan Flinn","ILL",,61.1,8.510869741665172,1.9076087352008142,4.46153846,0.44021740043095714,0.23577236,0.05284553,0.18292683,0.17351598,0.8315217563695857,0.22151899,0.72368421,2.7880435360627285,3.82006367943012,-1.0320201433673915,"Aidan Flinn","sa3070095",
2026,"Cal Scolari","ORE",22,57,13.421052631578947,5.526315789473684,2.42857143,0.9473684210526315,0.34693878,0.14285714,0.20408163,0.21674877,1.3859649122807018,0.33928571,0.82474227,3.3157894736842106,4.351337514843857,-1.0355480411596467,"Cal Scolari","sa3060534",
2026,"Easton Tumis","KENT",22,74.1,6.538116368242739,2.300448351789112,2.84210526,1.0896860613737898,0.16071429,0.05654762,0.10416667,0.26013514,1.2914797764430102,0.29184549,0.651341,5.327354077827417,6.362981987498127,-1.0356279096707102,"Easton Tumis","sa3044137",
2026,"Jack Messmore","YSU",22,72.1,5.723502102917716,3.7327187627724236,1.53333333,1.2442395875908079,0.1402439,0.09146341,0.04878049,0.2755102,1.534562158028663,0.29831933,0.64356436,5.847926061676796,6.886845173005705,-1.0389191113289087,"Jack Messmore","sa3037921",
2026,"Tadan Bell","ETSU",,60,8.25,3.15,2.61904762,1.35,0.20522388,0.07835821,0.12686567,0.27983539,1.4833333333333334,0.32960894,0.77114428,4.2,5.2410488764444985,-1.0410488764444983,"Tadan Bell","sa3026915",
2026,"Ben Moulin","PENN",19,34.2,6.749999752411485,4.41346137657674,1.52941176,0.5192307501854988,0.16149068,0.10559006,0.05590062,0.25179856,1.4999999449803298,0.2972973,0.7195572,4.15384600148399,5.19614748023671,-1.0423014787527194,"Ben Moulin","sa3074379",
2026,"Antonio Doganiero","PITT",20,58.1,8.17714303539043,3.2400000706263965,2.52380952,1.6971428941376363,0.20229008,0.08015267,0.12213741,0.26359833,1.4400000313895096,0.29714286,0.60906516,4.628571529466281,5.672525053125499,-1.0439535236592183,"Antonio Doganiero","sa3065788",
2026,"Ty Brachbill","HPU",,90.1,8.07011047391123,2.3911438441218458,3.375,0.7970479480406153,0.21485411,0.06366048,0.15119363,0.24068768,1.1955719220609229,0.29230769,0.69444444,3.5867157661827687,4.632996419777878,-1.046280653595109,"Ty Brachbill","sa3027539",
2026,"Gabe Gaeckle","ARK",21,71.2,10.92558178304918,4.395348993180705,2.48571429,1.632558197467119,0.26126126,0.10510511,0.15615616,0.27210884,1.6046512197326384,0.34536082,0.79365079,4.144186193570379,5.191736771349912,-1.0475505777795329,"Gabe Gaeckle","sa3031812",
2026,"Carson Turnquist","CP",22,76.1,10.847161210666933,4.716157048116058,2.3,0.8253274834203101,0.26900585,0.11695906,0.15204678,0.2,1.2707423157423823,0.2688172,0.74856046,4.008733490898649,5.059285961906266,-1.0505524710076166,"Carson Turnquist","sa3044178",
2026,"Ryan Piech","XAV",20,76.1,11.554584767884341,3.655021712289945,3.16129032,0.7074235572174087,0.3081761,0.09748428,0.21069182,0.19858156,1.1397379532947138,0.28089888,0.76555024,3.183406007478339,4.235917253152918,-1.0525112456745789,"Ryan Piech","sa3060268",
2026,"Thomas Santana","COLU",22,59.2,7.692737266226459,4.374301582756222,1.75862069,1.206703884898268,0.18149466,0.10320285,0.07829182,0.26271186,1.5251396323019777,0.30508475,0.68893528,5.279329496429923,6.338390705255917,-1.0590612088259945,"Thomas Santana","sa3041542",
2026,"Andrew Carroll","SEMO",,75.1,5.37610601320162,1.911504360249465,2.8125,1.3141592476715072,0.13975155,0.04968944,0.09006211,0.3,1.4070795985169673,0.32377049,0.70393375,4.659291878108071,5.720199629533955,-1.0609077514258836,"Andrew Carroll","sa3069753",
2026,"Harrison Dubois","WIU",24,55,7.527272727272727,3.272727272727273,2.3,1.1454545454545455,0.18623482,0.08097166,0.10526316,0.28767123,1.509090909090909,0.3373494,0.6773399,4.581818181818182,5.649644574252042,-1.0678263924338598,"Harrison Dubois","sa3059088",
2026,"Dylan Reid","BRWN",,59.2,7.089385323777325,4.2234635971439385,1.67857143,0.603351942449134,0.18875502,0.1124498,0.07630522,0.22374429,1.2905027657939812,0.26785714,0.69482289,3.7709496403070877,4.8467706253122245,-1.0758209850051368,"Dylan Reid","sa3040573",
2026,"Kendall Hoffman","HOU",,79,6.265822784810126,2.1645569620253164,2.89473684,1.2531645569620253,0.15669516,0.05413105,0.1025641,0.265625,1.3164556962025316,0.29133858,0.6361829,4.556962025316456,5.640996984892254,-1.0840349595757983,"Kendall Hoffman","sa3059507",
2026,"Everett Garber","BUCK",20,52,9.173076923076923,5.019230769230769,1.82758621,0.8653846153846154,0.22362869,0.12236287,0.10126582,0.25125628,1.5192307692307692,0.31914894,0.67901235,4.673076923076923,5.7603288503793575,-1.0872519273024341,"Everett Garber","sa3065794",
2026,"Bryant Beranek","MTSU",,46.1,5.82733828942109,1.748201486826327,3.33333333,0.9712230482368482,0.15544041,0.04663212,0.10880829,0.27840909,1.251798595505271,0.31205674,0.74576271,4.2733814122421325,5.360700978715008,-1.0873195664728756,"Bryant Beranek","sa3027007",
2026,"Brayden Gilley","WIN",21,80.1,7.170124254341466,2.8008297868521352,2.56,1.5684646806371956,0.17827298,0.06963788,0.1086351,0.28482972,1.4564314891631103,0.31836735,0.70110701,5.265559999282014,6.361770996185637,-1.096210996903623,"Brayden Gilley","sa3032228",
2026,"Andrew Berg","ARMY",22,82.2,6.314516323290066,3.0483871905538247,2.07142857,0.6532258265472481,0.15890411,0.07671233,0.08219178,0.25377644,1.3548387513572555,0.29213483,0.62956204,4.028225930374697,5.130676268737349,-1.1024503383626518,"Andrew Berg","sa3027014",
2026,"Nic Schutte","MUR",22,84.2,8.610236479097997,4.039370200070665,2.13157895,0.5314960789566664,0.21038961,0.0987013,0.11168831,0.24233129,1.3818898052873327,0.30833333,0.70992366,4.251968631653331,5.367698862267499,-1.1157302306141679,"Nic Schutte","sa3041823",
2026,"Traig Oughton","CSUN",,50.2,6.927631405086733,3.552631489788068,1.95,1.9539473193834376,0.15983607,0.08196721,0.07786885,0.29468599,1.5986841704046306,0.31847134,0.66585956,6.3947366816185225,7.511136058162787,-1.1163993765442646,"Traig Oughton","sa3070930",
2026,"Brady Fox","UMBC",20,43,11.093023255813954,5.232558139534884,2.12,1.0465116279069768,0.26767677,0.12626263,0.14141414,0.2173913,1.3953488372093024,0.29126214,0.75384615,4.604651162790698,5.7231143818345185,-1.1184632190438206,"Brady Fox","sa3065300",
2026,"Chansen Cole","WVU",20,99.2,9.842809615701263,2.889632180756334,3.40625,0.9933110621349899,0.25952381,0.07619048,0.18333333,0.22751323,1.1839465185043314,0.29069767,0.76376554,3.431438214648147,4.557765974707095,-1.1263277600589485,"Chansen Cole","sa3069817",
2026,"Tyler Weimer","ARST",20,56.1,8.467455812430654,2.0769231238037453,4.07692308,0.7988165860783636,0.23348018,0.05726872,0.17621145,0.21596244,1.0473373017471879,0.26451613,0.73584906,3.0355030270977816,4.1633324390106985,-1.1278294119129169,"Tyler Weimer","sa3060899",
2026,"Luc Rising","NE",22,81.1,9.295081676574405,2.6557376218784015,3.5,0.7745901397145337,0.24347826,0.06956522,0.17391304,0.21035599,1.0942622608665635,0.26605505,0.69078947,3.5409834958378683,4.668982840955531,-1.1279993451176624,"Luc Rising","sa3071127",
2026,"James Voorhies","CSUN",,42.2,9.70312471082435,2.9531249119900194,3.28571429,0.8437499748542913,0.27218935,0.08284024,0.18934911,0.17763158,0.9609374713618317,0.2254902,0.72916667,3.164062405703592,4.295264427131042,-1.13120202142745,"James Voorhies","sa3071540",
2026,"Chandler Alderman","MTSU",21,65.2,5.893401243467427,3.2893402289120526,1.79166667,1.9187818001986974,0.14238411,0.0794702,0.06291391,0.29850746,1.5837564065132106,0.31279621,0.60381356,6.030457086338763,7.167296395189645,-1.136839308850882,"Chandler Alderman","sa3025863",
2026,"Gavin Theis","MILW",,73.2,7.085973095301739,3.7873304474888605,1.87096774,0.7330316995139731,0.17008798,0.09090909,0.07917889,0.25752508,1.4660633990279461,0.30212766,0.6238698,5.009049946678815,6.145931547072404,-1.1368816003935889,"Gavin Theis","sa3043658",
2026,"Gavin Kuzniewski","OSU",20,83,7.481927710843373,4.337349397590361,1.725,1.1927710843373494,0.18699187,0.10840108,0.07859079,0.22292994,1.3253012048192772,0.25213675,0.68430657,4.662650602409639,5.803039057858019,-1.14038845544838,"Gavin Kuzniewski","sa3059736",
2026,"Maddox Thornton","ORU",24,49.2,6.161073667767578,1.9932885395718636,3.09090909,1.0872482943119255,0.15246637,0.04932735,0.10313901,0.27804878,1.3691274817261285,0.30909091,0.69069069,4.711409275351677,5.852600428214091,-1.1411911528624135,"Maddox Thornton","sa3043800",
2026,"Oliver De La Torre","CAL",21,81.1,7.9672128656352035,2.5450818876334678,3.13043478,1.2172130766942673,0.21176471,0.06764706,0.14411765,0.22508039,1.143442587197645,0.25877193,0.66985646,3.7622949643277352,4.912759172490323,-1.1504642081625875,"Oliver De La Torre","sa3030066",
2026,"Sam Houchens","URI",,56.2,7.464705714849456,3.6529410945007976,2.04347826,1.7470587843264684,0.18146718,0.08880309,0.09266409,0.23913043,1.3764705573481266,0.25581395,0.52478134,5.558823404675127,6.7093515811247,-1.1505281764495736,"Sam Houchens","sa3070371",
2026,"Nick Reese","HOF",,44,6.545454545454546,5.7272727272727275,1.14285714,0.8181818181818182,0.15686275,0.1372549,0.01960784,0.24404762,1.5681818181818181,0.28030303,0.58823529,5.318181818181818,6.46965349370783,-1.151471675526012,"Nick Reese","sa3071088",
2026,"Brady Bowen","AKR",,53.1,6.918750164955858,3.3750000804662723,2.05,0.8437500201165681,0.17521368,0.08547009,0.08974359,0.25728155,1.3687500326335438,0.3,0.64864865,4.725000112652781,5.883806067854167,-1.1588059552013856,"Brady Bowen","sa3069643",
2026,"Jayden Lopez","JKST",22,84.1,9.924900886478323,5.656126311648936,1.75471698,1.2806323724488158,0.24409449,0.13910761,0.10498688,0.22955975,1.494071101190285,0.28638498,0.62919463,5.97628440476114,7.140092977957279,-1.163808573196139,"Jayden Lopez","sa3065358",
2026,"Ryan Marohn","NCSU",21,45.1,12.308823874664977,4.3676471813327336,2.81818182,0.9926470866665303,0.33513514,0.11891892,0.21621622,0.20253165,1.1911765039998363,0.2967033,0.75,3.176470677332897,4.340676287631263,-1.164205610298366,"Ryan Marohn","sa3037074",
2026,"Maxwell Hilsenroth","UNH",20,60,6.75,3.9,1.73076923,0.45,0.1584507,0.0915493,0.06690141,0.28744939,1.6166666666666667,0.34170854,0.61657033,5.25,6.4146239280700685,-1.1646239280700685,"Maxwell Hilsenroth","sa3074759",
2026,"Camden Sunstrom","USM",20,78.1,9.19148906329576,1.838297812659152,5,0.919148906329576,0.24615385,0.04923077,0.19692308,0.25082508,1.1744680469766804,0.31627907,0.74884793,3.102127558862319,4.273240529643621,-1.171112970781302,"Camden Sunstrom","sa3060694",
2026,"David Rossow","CAM",23,81.2,11.461224846702882,2.4244898714179173,4.72727273,0.5510204253222539,0.303207,0.06413994,0.23906706,0.20257235,1.0408163589420352,0.28712871,0.72727273,2.5346939564823683,3.7123250898864057,-1.1776311334040375,"David Rossow","sa3041190",
2026,"Joe Sperry","MINN",22,47,9.76595744680851,2.4893617021276597,3.92307692,0.9574468085106383,0.26020408,0.06632653,0.19387755,0.22905028,1.148936170212766,0.29268293,0.82352941,2.872340425531915,4.052718627199214,-1.180378201667299,"Joe Sperry","sa3060648",
2026,"Robbie O'Connor","NE",22,84.1,6.296442497873344,2.2411066517854277,2.80952381,0.4268774574829386,0.16208791,0.05769231,0.10439561,0.21587302,1.0553359365550425,0.25396825,0.68222621,4.0553358460879165,5.248309591226261,-1.1929737451383442,"Robbie O'Connor","sa3039032",
2026,"Thomas Allen","LT",,48.1,9.124138171074655,2.7931035217575473,3.26666667,1.117241408703019,0.25789474,0.07894737,0.17894737,0.1954023,1.013793130119406,0.23529412,0.69711538,3.53793112755956,4.7313782120884955,-1.1934470845289353,"Thomas Allen","sa3069480",
2026,"Evan Vasiliou","XAV",23,46.2,5.207142715259478,2.8928570640330435,1.8,1.542857100817623,0.12980769,0.07211538,0.05769231,0.30526316,1.5642856716623124,0.32258065,0.70987654,5.399999852861681,6.595492983448263,-1.1954931305865824,"Evan Vasiliou","sa3044383",
2026,"Harry Cain","KENN",,57.2,9.208092282508183,2.341040410807165,3.93333333,1.7167629679252543,0.24583333,0.0625,0.18333333,0.21719457,1.0924855250433436,0.24503311,0.69767442,4.3699421001733745,5.574033138584616,-1.2040910384112413,"Harry Cain","sa3028246",
2026,"Tyler Ray","UTU",22,74.1,7.1434975134503995,3.2690581841213695,2.18518519,1.5739909775399186,0.18495298,0.0846395,0.10031348,0.24054983,1.3049326907809582,0.26027397,0.61403509,4.843049161661288,6.047283763076597,-1.2042346014153091,"Tyler Ray","sa3060340",
2026,"Camden Wicker","UCF",21,75.2,7.374449587059847,3.8061675288050827,1.9375,0.9515418822012707,0.19254658,0.09937888,0.0931677,0.20921986,1.202643212226606,0.24056604,0.70615034,4.162995734630559,5.367646223533259,-1.2046504889027005,"Camden Wicker","sa3045165",
2026,"Ryan Douglas","STO",,70.1,5.502369469290296,2.1753553715798843,2.52941176,0.767772484087018,0.14052288,0.05555556,0.08496732,0.29166667,1.4360189054220152,0.32635983,0.58760684,4.862559065884447,6.068652340440491,-1.2060932745560438,"Ryan Douglas","sa3030511",
2026,"Nuno Parache","NICH",23,51.2,8.012903028601295,3.135483793800507,2.55555556,1.3935483528002253,0.18623482,0.07287449,0.11336032,0.23214286,1.3548386763335523,0.25882353,0.62695925,4.529032146600732,5.737250067981797,-1.2082179213810642,"Nuno Parache","sa3039419",
2026,"Lance Davis","TCU",21,80,5.7375,1.9125,3,0.7875,0.1550152,0.05167173,0.10334347,0.23178808,1.0875,0.25819672,0.69954128,3.7125,4.921060276031494,-1.2085602760314944,"Lance Davis","sa3069914",
2026,"Jack Sheldon","FAIR",,50.1,5.5430464976493,3.2185431276673357,1.72222222,1.072847709222445,0.13537118,0.07860262,0.05676856,0.28712871,1.5099338129797377,0.31515152,0.71801567,5.006622643038077,6.2235101889844575,-1.2168875459463804,"Jack Sheldon","sa3060564",
2026,"Christian Keel","BRWN",22,39.2,8.394957714082166,6.126050223789688,1.37037037,0.22689074902924772,0.20441989,0.14917127,0.05524862,0.19727891,1.4117646606264302,0.25688073,0.66558442,3.8571427334972115,5.07591478095773,-1.2187720474605181,"Christian Keel","sa3035146",
2026,"Tyler Grenn","NAVY",22,58.1,7.2514287294971735,2.4685714823820164,2.9375,0.15428571764887603,0.18650794,0.06349206,0.12301587,0.23706897,1.2171428836744664,0.29347826,0.625,2.7771429176797686,3.996482688685826,-1.2193397710060574,"Tyler Grenn","sa3032703",
2026,"Trey Morris","ORST",19,59,10.220338983050848,2.288135593220339,4.46666667,0.7627118644067796,0.29130435,0.06521739,0.22608696,0.16346154,0.8305084745762712,0.21323529,0.7755102,1.9830508474576272,3.205706859847247,-1.2226560123896197,"Trey Morris","sa3073581",
2026,"Jarret Williams","LAM",,56.1,8.307692495214981,3.5147929787448,2.36363636,0.6390532688626909,0.2055336,0.08695652,0.11857708,0.21917808,1.2426035783441212,0.26993865,0.71989529,3.8343196131761452,5.057082155613058,-1.2227625424369126,"Jarret Williams","sa3071617",
2026,"Cade Smith","TXST",21,63,5.857142857142857,1.1428571428571428,5.125,1.2857142857142858,0.1443662,0.02816901,0.11619718,0.31060606,1.4285714285714286,0.3411215,0.71588367,4.428571428571429,5.6535174672565764,-1.2249460386851476,"Cade Smith","sa3071314",
2026,"Kaden Hilburger","BRY",22,59.1,5.764045067348803,2.2752809476376856,2.53333333,1.2134831720734323,0.15384615,0.06072874,0.09311741,0.23580786,1.1629213732370391,0.25136612,0.67434211,4.247191102257013,5.477229906618408,-1.2300388043613957,"Kaden Hilburger","sa3033801",
2026,"Tyrell Williams","PRES",,70.1,6.5260661147396535,3.83886242043509,1.7,1.151658726130527,0.15987461,0.09404389,0.06583072,0.2614841,1.4786729323157384,0.29147982,0.63655031,4.862559065884447,6.093988652294752,-1.2314295864103046,"Tyrell Williams","sa3060935",
2026,"Robert Evans","MIA",22,87.2,10.060836793757009,3.182509598025176,3.16129032,1.129277599299256,0.27222222,0.08611111,0.18611111,0.20743034,1.1178707548618898,0.26168224,0.73363431,3.285171197961472,4.516979133739311,-1.231807935777839,"Robert Evans","sa3031080",
2026,"Connor Kelley","UTSA",22,66.1,9.904522233339158,2.984924508677554,3.31818182,0.8140703205484239,0.26739927,0.08058608,0.18681319,0.218107,1.1306532229839221,0.28658537,0.76407507,2.984924508677554,4.223604785242195,-1.2386802765646405,"Connor Kelley","sa3062625",
2026,"Cooper Allen","UNCW",21,87,9.931034482758621,2.3793103448275863,4.17391304,0.6206896551724138,0.27988338,0.06705539,0.21282799,0.20833333,1.0114942528735633,0.28095238,0.75342466,2.793103448275862,4.046456001544821,-1.2533525532689591,"Cooper Allen","sa3025912",
2026,"Christian Aiello","RID",23,54.1,11.76073647155613,3.6441718644258434,3.22727273,1.159509229590041,0.30084746,0.09322034,0.20762712,0.21634615,1.2331288632148056,0.29230769,0.79113924,3.6441718644258434,4.90371979982252,-1.2595479353966765,"Christian Aiello","sa3025816",
2026,"Daniel Powell","KENN",21,55,10.472727272727273,3.9272727272727272,2.66666667,0.8181818181818182,0.28193833,0.10572687,0.17621145,0.21105528,1.2,0.28461538,0.76190476,3.272727272727273,4.533886033838446,-1.2611587611111728,"Daniel Powell","sa3040147",
2026,"Elijah Griffith","AKR",,74.2,6.026785919556819,2.892857241387273,2.08333333,1.3258929023025003,0.1510574,0.07250755,0.07854985,0.26190476,1.3526786175005305,0.2832618,0.58823529,5.424107327601138,6.6900561081511665,-1.265948780550029,"Elijah Griffith","sa3032715",
2026,"Landon Hood","GONZ",19,54.1,12.920245701146172,3.4785276887701233,3.71428571,0.49693252696716045,0.34666667,0.09333333,0.25333333,0.16161616,0.9754601455281298,0.24786325,0.78467153,2.4846626348358023,3.7510191645341022,-1.2663565296983,"Landon Hood","sa3070358",
2026,"Jacob Hustedde","MUR",,65,8.03076923076923,3.6,2.23076923,1.3846153846153846,0.204947,0.09187279,0.11307421,0.23790323,1.3076923076923077,0.27222222,0.6875,4.984615384615385,6.253586174891545,-1.2689707902761604,"Jacob Hustedde","sa3034364",
2026,"Aidan Coleman","ACU",21,77,5.8441558441558445,2.103896103896104,2.77777778,2.220779220779221,0.14749263,0.05309735,0.09439528,0.28025478,1.3766233766233766,0.28163265,0.625,5.8441558441558445,7.114257210570496,-1.2701013664146519,"Aidan Coleman","sa3029147",
2026,"Owen Marsolek","STMN",19,76.1,9.668121948637918,3.5371177860870433,2.73333333,1.4148471144348174,0.23906706,0.08746356,0.1516035,0.24584718,1.36244536945575,0.29951691,0.7358871,4.834060974318959,6.10986133406022,-1.275800359741261,"Owen Marsolek","sa3074354",
2026,"Liam OLeary","SJU",,108.2,6.460122850573086,2.6503068104915224,2.4375,0.5797546147950206,0.16956522,0.06956522,0.1,0.24401914,1.2331288632148056,0.28528529,0.72280179,3.6441718644258434,4.928271321989415,-1.2840994575635718,"Liam OLeary","sa3070914",
2026,"Nicco Holland","COPP",,58.2,7.823863466785963,5.369318065441347,1.45714286,1.5340908758403848,0.17647059,0.12110727,0.05536332,0.2704918,1.7215908717764319,0.30601093,0.55670103,6.903408941281731,8.193032958758765,-1.289624017477034,"Nicco Holland","sa3074310",
2026,"JT Guerrero","GCU",21,67.1,7.084158148278033,3.4752473934948838,2.03846154,1.8712870580357066,0.16666667,0.08176101,0.08490566,0.30714286,1.663366273809517,0.33802817,0.68965517,6.549504703124973,7.839916379502473,-1.2904116763774995,"JT Guerrero","sa3032828",
2026,"Hunter Sipe","VMI",,79,7.291139240506329,2.050632911392405,3.55555556,1.2531645569620253,0.19047619,0.05357143,0.13690476,0.23548387,1.1518987341772151,0.26382979,0.63397129,3.759493670886076,5.05159739965125,-1.292103728765174,"Hunter Sipe","sa3042366",
2026,"Dominic Pontbriant","USF",,47.1,5.514084655172984,2.4718310523189237,2.23076923,0.7605634007135149,0.14285714,0.06403941,0.07881773,0.2712766,1.3521127123795822,0.30322581,0.7615894,3.4225353032108172,4.715890190606553,-1.2933548873957355,"Dominic Pontbriant","sa3071033",
2026,"Colby Putnam","GWEB",,58.1,6.171428705955041,3.702857223573025,1.66666667,1.0800000235421323,0.15564202,0.09338521,0.06225681,0.25892857,1.405714316356426,0.28813559,0.65270936,4.937142964764033,6.230887876471696,-1.2937449117076634,"Colby Putnam","sa3071055",
2026,"Max Hansmann","EVAN",22,85.2,8.7198446168371,3.256809435204218,2.67741935,0.9455253198979988,0.21899736,0.0817942,0.13720317,0.25739645,1.3774319475057266,0.31707317,0.70190641,3.9922180173471062,5.28663019933777,-1.2944121819906638,"Max Hansmann","sa3033175",
2026,"Matt Scott","UGA",22,59.2,11.463686906533548,4.525139568368505,2.53333333,1.9608938129596856,0.29118774,0.11494253,0.17624521,0.2139738,1.3240223181522663,0.25714286,0.84394904,4.2234635971439385,5.522800726462109,-1.2993371293181708,"Matt Scott","sa3041858",
2026,"Spencer Johnsen","INST",,49,7.530612244897959,3.306122448979592,2.27777778,1.836734693877551,0.17982456,0.07894737,0.10087719,0.29268293,1.5918367346938775,0.32467532,0.72463768,5.510204081632653,6.810572046163131,-1.3003679645304773,"Spencer Johnsen","sa3070454",
2026,"James Beasley","PRIN",,38.2,3.956896421600328,6.0517239389181485,0.65384615,0.6982758391059403,0.08717949,0.13333333,-0.04615385,0.27272727,1.758620631822368,0.29104478,0.67258883,6.0517239389181485,7.3526460874378365,-1.300922148519688,"James Beasley","sa3065255",
2026,"Eddie Sargent","UMBC",,72,5.5,4.625,1.18918919,0.875,0.13414634,0.11280488,0.02134146,0.27368421,1.5972222222222223,0.3034188,0.72841727,4.625,5.928540738423665,-1.3035407384236652,"Eddie Sargent","sa3041571",
2026,"Adam Guazzo","VAL",,60.1,6.414364776071048,2.9834254772423483,2.15,1.3425414647590566,0.16287879,0.07575758,0.08712121,0.26808511,1.375690636728416,0.29508197,0.70528967,5.0718233113119915,6.378618090314521,-1.3067947790025292,"Adam Guazzo","sa3032815",
2026,"Brady Bendik","NAVY",,81.2,10.028571740865022,2.9755102967401714,3.37037037,0.22040817012890157,0.25706215,0.07627119,0.18079096,0.23197492,1.2367347323899478,0.31858407,0.73446328,2.4244898714179173,3.731992881167982,-1.3075030097500648,"Brady Bendik","sa3026945",
2026,"Josh Swink","LIB",21,56.1,9.585799032940363,3.8343196131761452,2.5,1.2781065377253817,0.23904382,0.09561753,0.1434263,0.24434389,1.3846154158691635,0.30065359,0.70054945,4.153846247607491,5.465677349126906,-1.3118311015194157,"Josh Swink","sa3043419",
2026,"Michael Murphy","XAV",21,55.1,7.6445784889262205,2.9277109106525954,2.61111111,1.4638554553262977,0.19183673,0.07346939,0.11836735,0.27777778,1.4096385866105088,0.31875,0.73298429,5.0421687905683585,6.354873468512842,-1.3127046779444838,"Michael Murphy","sa3070840",
2026,"Pierce Herrenbruck","OSU",21,82.1,6.340080775826002,2.623481700341794,2.41666667,0.8744939001139312,0.1576087,0.06521739,0.0923913,0.24924012,1.28744935294551,0.28136882,0.70127505,3.7165990754842078,5.030149891106499,-1.3135508156222908,"Pierce Herrenbruck","sa3070324",
2026,"James Borsari","MRMK",,52.1,4.299363161788337,1.5477707382438013,2.77777778,1.3757962117722677,0.10504202,0.03781513,0.06722689,0.30316742,1.452229334648505,0.31382979,0.72802198,4.987261267674471,6.3027272979194375,-1.3154660302449663,"James Borsari","sa3027410",
2026,"Ben Cleaver","UK",,45,8.8,5.6,1.57142857,1,0.20091324,0.12785388,0.07305936,0.23888889,1.5777777777777777,0.29007634,0.72,4.4,5.717834907107884,-1.3178349071078834,"Ben Cleaver","sa3029018",
2026,"Aiden Sims","TA&M",20,68,9.661764705882353,2.514705882352941,3.84210526,1.7205882352941178,0.25886525,0.06737589,0.19148936,0.21176471,1.0735294117647058,0.24260355,0.76433121,3.838235294117647,5.158357782924877,-1.3201224888072294,"Aiden Sims","sa3065849",
2026,"Thomas Shurtleff","PENN",21,61,7.672131147540983,2.2131147540983607,3.46666667,0.5901639344262295,0.2055336,0.05928854,0.14624506,0.24242424,1.1639344262295082,0.29714286,0.75966851,2.9508196721311477,4.27180956543469,-1.3209898933035427,"Thomas Shurtleff","sa3042244",
2026,"Matthew Lefevers","RAD",20,45,3,2.6,1.15384615,1.6,0.07425743,0.06435644,0.00990099,0.31351351,1.5777777777777777,0.30864198,0.72100313,5.8,7.1229513274298775,-1.3229513274298776,"Matthew Lefevers","sa3059784",
2026,"James Litman","FAU",19,83.1,8.639999736328132,4.103999874755863,2.10526316,0.971999970336915,0.21563342,0.10242588,0.11320755,0.25227964,1.451999955688478,0.30833333,0.80960854,3.5639998912353548,4.887946476104737,-1.3239465848693825,"James Litman","sa3059825",
2026,"Ethan Sanders","RICE",19,83,6.9397590361445785,2.4939759036144578,2.7826087,1.5180722891566265,0.17927171,0.06442577,0.11484594,0.27409639,1.3734939759036144,0.30314961,0.76763485,4.120481927710843,5.446163373970124,-1.3256814462592805,"Ethan Sanders","sa3071213",
2026,"Connor Davis","MORE",,57.1,3.7674419440212237,4.70930243002653,0.8,1.5697674766755099,0.08856089,0.11070111,-0.02214022,0.2887931,1.6918605026391607,0.28787879,0.66304348,6.2790699067020395,7.611483974699205,-1.3324140679971652,"Connor Davis","sa3069910",
2026,"Luke Meyers","WSU",22,81.2,7.163265529189301,2.4244898714179173,2.95454545,0.9918367655800572,0.18055556,0.06111111,0.11944444,0.28484848,1.4204082074973658,0.33203125,0.63734291,4.628571572706933,5.960991480079407,-1.3324199073724738,"Luke Meyers","sa3060025",
2026,"Eli DeRossi","MSM",21,53,8.49056603773585,5.09433962264151,1.66666667,2.0377358490566038,0.19379845,0.11627907,0.07751938,0.26696833,1.679245283018868,0.29559748,0.65656566,6.113207547169812,7.447301218644628,-1.3340936714748164,"Eli DeRossi","sa3059042",
2026,"Cole Roberts","GAST",22,68.2,7.7330099951368165,3.0145632184431657,2.56521739,1.9660194902890211,0.2,0.0779661,0.1220339,0.23664122,1.2378641235153096,0.25,0.68918919,5.373786606789991,6.708687850363534,-1.334901243573543,"Cole Roberts","sa3040874",
2026,"Justin Mayes","TXSO",,62,13.35483870967742,3.774193548387097,3.53846154,1.0161290322580645,0.32740214,0.09252669,0.23487545,0.25819672,1.435483870967742,0.3862069,0.74279379,4.209677419354839,5.545040121386128,-1.335362702031289,"Justin Mayes","sa3062645",
2026,"Grant Govel","USC",,103.1,8.622580432951393,1.3935483528002253,6.1875,1.219354808700197,0.24444444,0.03950617,0.20493827,0.20052083,0.8999999778501454,0.23247232,0.80357143,2.8741934776504645,4.2096849852570895,-1.335491507606625,"Grant Govel","sa3059333",
2026,"Adam Brouwer","CIN",23,51.2,6.793548219901098,2.7870967056004505,2.4375,2.264516073300366,0.17410714,0.07142857,0.10267857,0.27317073,1.3935483528002253,0.28104575,0.73943662,5.574193411200901,6.91057633456529,-1.336382923364389,"Adam Brouwer","sa3027788",
2026,"Isaac Herrera","PV",23,55.2,6.952095649579999,3.7185627893102318,1.86956522,0,0.16996047,0.09090909,0.07905138,0.27192982,1.5269460729051676,0.33513514,0.63218391,3.7185627893102318,5.057112754835592,-1.3385499655253605,"Isaac Herrera","sa3066844",
2026,"Mason Lei","UIC",,96.2,8.006896762371635,1.76896556377978,4.52631579,1.6758621130545284,0.20722892,0.04578313,0.16144578,0.2757732,1.3034483101535221,0.31338028,0.70772059,4.562069085537328,5.902127327867978,-1.3400582423306506,"Mason Lei","sa3070582",
2026,"Cooper Cavanaugh","DAV",,59,10.983050847457626,6.101694915254237,1.8,1.2203389830508475,0.27692308,0.15384615,0.12307692,0.19811321,1.3898305084745763,0.25757576,0.73604061,4.728813559322034,6.072063499386028,-1.343249940063994,"Cooper Cavanaugh","sa3028665",
2026,"Ben Winslow","YALE",21,42.1,11.055118442298662,1.9133858842439992,5.77777778,1.7007874526613327,0.30232558,0.05232558,0.25,0.20125786,0.9685039660988144,0.24242424,0.76923077,3.6141733369053317,4.963561238904934,-1.3493879019996027,"Ben Winslow","sa3065625",
2026,"Lucas Connors","LEM",21,46,7.043478260869565,2.739130434782609,2.57142857,1.565217391304348,0.18090452,0.07035176,0.11055276,0.24581006,1.2608695652173914,0.26666667,0.60606061,6.065217391304348,7.4146239280700685,-1.3494065367657209,"Lucas Connors","sa3058917",
2026,"Lucas Niemeyer","LIN",19,61.2,4.3783782880962825,2.918918858730855,1.5,0.7297297146827137,0.10676157,0.07117438,0.03558719,0.292,1.5081080770109418,0.31627907,0.65979381,4.3783782880962825,5.729742821581265,-1.3513645334849826,"Lucas Niemeyer","sa3070883",
2026,"Wylan Moss","UCLA",20,65,10.523076923076923,3.3230769230769233,3.16666667,0.6923076923076923,0.28571429,0.09022556,0.19548872,0.18723404,1.0461538461538462,0.25324675,0.79411765,2.4923076923076923,3.8471539790813742,-1.354846286773682,"Wylan Moss","sa3060100",
2026,"Max Vaisvila","NIU",22,85.2,9.140078092347322,2.206225746428664,4.14285714,0.5252918443877771,0.24857143,0.06,0.18857143,0.21875,1.0622568408730604,0.28508772,0.72043011,3.0466926974491075,4.4057661480502155,-1.359073450601108,"Max Vaisvila","sa3060810",
2026,"Andrew Herrmann","UL",24,109.1,9.548780265696914,2.9634145652162838,3.22222222,1.7286584963761655,0.24892704,0.07725322,0.17167382,0.22439024,1.1707316800854455,0.26007326,0.71669477,4.69207306159245,6.057166280709585,-1.365093219117135,"Andrew Herrmann","sa3033711",
2026,"Zack James","TCU",20,59.1,7.280899032440593,2.8820225336744016,2.52631579,0.9101123790550741,0.18897638,0.07480315,0.11417323,0.26200873,1.3314607026916825,0.30857143,0.79634465,3.6404495162202966,5.006734453922961,-1.3662849377026647,"Zack James","sa3059580",
2026,"Cason Sharp","UTM",,66.1,5.020100310048614,2.984924508677554,1.68181818,1.3567838675807065,0.11671924,0.06940063,0.04731861,0.3041958,1.6432160174033,0.32217573,0.67307692,5.020100310048614,6.386784734822525,-1.3666844247739114,"Cason Sharp","sa3071271",
2026,"Titus Von Kapff","CHSO",,82.2,6.096774381107649,4.354838843648321,1.4,1.4153226241857044,0.14736842,0.10526316,0.04210526,0.27134146,1.5604839189739819,0.29343629,0.70032573,5.55241952565161,6.921786532144023,-1.3693670064924133,"Titus Von Kapff","sa3071539",
2026,"Justin DeCastro","LIU",,82.1,4.044534288026932,3.170040387913001,1.27586207,1.2024291126566555,0.091133,0.07142857,0.01970443,0.31111111,1.712550554389782,0.32371795,0.65918654,6.558704250854484,7.928793890897621,-1.3700896400431368,"Justin DeCastro","sa3029995",
2026,"Sam Simmons","UTSA",22,66.2,7.020000267791758,2.70000010299683,2.6,0.270000010299683,0.18245614,0.07017544,0.1122807,0.22605364,1.1850000452041642,0.27536232,0.73566085,2.430000092697147,3.8019465030670165,-1.3719464103698695,"Sam Simmons","sa3060578",
2026,"Otto Espinoza","CAL",19,46.1,9.517985872721113,5.24460446047898,1.81481481,0.7769784385894786,0.24257426,0.13366337,0.10891089,0.20833333,1.3381295331263243,0.26956522,0.66246057,3.690647583300023,5.064015283066815,-1.3733676997667916,"Otto Espinoza","sa3070038",
2026,"David James","SBU",22,75.1,8.601769621122592,3.82300872049893,2.25,1.1946902251559157,0.21556886,0.09580838,0.11976048,0.25423729,1.420353934352033,0.30516432,0.63,4.300884810561296,5.676608225991018,-1.3757234154297215,"David James","sa3034549",
2026,"Andrew Buffkin","CIT",,75.1,7.048672328419902,3.345132630436564,2.10714286,0.5973451125779579,0.18495298,0.08777429,0.09717868,0.27561837,1.4070795985169673,0.33333333,0.77570093,3.225663607920972,4.604470680706447,-1.3788070727854747,"Andrew Buffkin","sa3069699",
2026,"Matthew Eagen","QUC",23,50.1,5.721854449186375,3.2185431276673357,1.77777778,1.6092715638336679,0.14159292,0.07964602,0.0619469,0.2745098,1.4701987126381657,0.28834356,0.70336391,5.185430594575152,6.571228426225636,-1.3857978316504838,"Matthew Eagen","sa3059105",
2026,"Callen Powers","MASS",20,84,8.035714285714286,3.4285714285714284,2.34375,0.75,0.20547945,0.08767123,0.11780822,0.23384615,1.2857142857142858,0.28395062,0.72504708,3.9642857142857144,5.3537465140933085,-1.389460799807594,"Callen Powers","sa3040155",
2026,"Conor Myles","UTSA",25,74,7.905405405405405,2.7972972972972974,2.82608696,0.972972972972973,0.2056962,0.07278481,0.13291139,0.23611111,1.2297297297297298,0.27906977,0.76650943,3.2837837837837838,4.675730290284028,-1.3919465065002439,"Conor Myles","sa3038651",
2026,"Gio Colasante","HARV",22,54.1,6.294478674917365,3.9754602157372836,1.58333333,0.6625767026228806,0.14615385,0.09230769,0.05384615,0.21004566,1.288343588433379,0.23728814,0.56511057,4.472392742704444,5.864387300926301,-1.3919945582218567,"Gio Colasante","sa3029126",
2026,"Justin Feld","GONZ",22,66,8.454545454545455,4.2272727272727275,2,1.2272727272727273,0.21016949,0.10508475,0.10508475,0.24409449,1.4090909090909092,0.28961749,0.7300885,4.7727272727272725,6.17117162473274,-1.398444352005468,"Justin Feld","sa3031222",
2026,"Troy Shepard","SIU",,83,8.457831325301205,4.0120481927710845,2.10810811,0.7590361445783133,0.21666667,0.10277778,0.11388889,0.20983607,1.216867469879518,0.25909091,0.6959707,4.228915662650603,5.627636221230748,-1.3987205585801457,"Troy Shepard","sa3060566",
2026,"Zachary Peters","VCU",23,53.2,14.757763625488195,4.36024834389424,3.38461538,0.33540371876109537,0.39819005,0.11764706,0.28054299,0.16062176,1.062111776076802,0.2815534,0.81850534,1.6770185938054767,3.0795379995218983,-1.4025194057164216,"Zachary Peters","sa3039810",
2026,"Matthew Kouser","NU",20,66.1,5.969849017355108,5.155778696806684,1.15789474,1.3567838675807065,0.14473684,0.125,0.01973684,0.26640927,1.6130652647903954,0.28780488,0.66,5.020100310048614,6.423187893015738,-1.4030875829671245,"Matthew Kouser","sa3059718",
2026,"Tanner Graham","EVAN",,63.1,7.247368566560616,3.5526316502748116,2.04,0.9947368620769473,0.17,0.08333333,0.08666667,0.26436782,1.4842105561148102,0.30541872,0.73319756,4.689473778362752,6.096501188251781,-1.4070274098890296,"Tanner Graham","sa3070204",
2026,"Denver Hamilton","CARK",,78,6.230769230769231,1.8461538461538463,3.375,0.46153846153846156,0.16167665,0.04790419,0.11377246,0.27741935,1.3076923076923077,0.32539683,0.79501916,3,4.412118161030305,-1.412118161030305,"Denver Hamilton","sa3074296",
2026,"David Lally Jr.","MICH",22,69.1,8.437499690514356,3.894230626391241,2.16666667,1.298076875463747,0.21311475,0.09836066,0.1147541,0.22813688,1.298076875463747,0.26595745,0.73863636,4.15384600148399,5.5721539124229285,-1.418307910938938,"David Lally Jr.","sa3035859",
2026,"Justin Trinidad","IONA",,41,6.804878048780488,4.170731707317073,1.63157895,0.8780487804878049,0.15736041,0.0964467,0.06091371,0.28323699,1.6585365853658536,0.32608696,0.56379822,4.390243902439025,5.808552944369433,-1.4183090419304083,"Justin Trinidad","sa3060787",
2026,"Carson Bryant","COFC",22,53,7.6415094339622645,2.8867924528301887,2.64705882,0.6792452830188679,0.19823789,0.07488987,0.12334802,0.27317073,1.3773584905660377,0.33333333,0.71823204,3.3962264150943398,4.816137198682101,-1.4199107835877616,"Carson Bryant","sa3058755",
2026,"Reece Wagner","UNCO",,78.2,7.894068051809151,6.635593434854069,1.18965517,0.9152542668764233,0.18351064,0.15425532,0.02925532,0.24,1.652542426304653,0.28699552,0.69444444,5.605932384618093,7.030111631816986,-1.424179247198893,"Reece Wagner","sa3044630",
2026,"Casey Euper","PEPP",20,75.1,8.004424508544634,3.4646016529521555,2.31034483,0.23893804503118313,0.2030303,0.08787879,0.11515152,0.23024055,1.27433624016631,0.29279279,0.71705426,3.1061945854053805,4.533064889672574,-1.4268703042671937,"Casey Euper","sa3067271",
2026,"James Ellis","SPU",23,59.2,4.977653525205356,6.486033381328191,0.76744186,1.8100558273474021,0.10443038,0.13607595,-0.03164557,0.3011583,2.027932917676256,0.30841121,0.60913706,7.2402233093896085,8.670659405174435,-1.4304360957848266,"James Ellis","sa3067179",
2026,"Louis Castano","HCU",23,53.1,9.78750023335219,2.8687500683963316,3.41176471,1.5187500362098225,0.26851852,0.0787037,0.18981482,0.22959184,1.1625000277161606,0.27906977,0.74427481,3.881250092536213,5.313258198350669,-1.4320081058144556,"Louis Castano","sa3058834",
2026,"Trey Swygart","PORT",20,49,7.530612244897959,2.204081632653061,3.41666667,0.9183673469387755,0.18552036,0.05429864,0.13122172,0.26368159,1.3265306122448979,0.30967742,0.68181818,3.857142857142857,5.291146887565146,-1.434004030422289,"Trey Swygart","sa3060709",
2026,"Mikiah Negrete","CSUF",22,100,8.46,1.53,5.52941176,0.81,0.23383085,0.04228856,0.19154229,0.22133333,1,0.27205882,0.79055441,2.7,4.137451934814453,-1.4374519348144528,"Mikiah Negrete","sa3038730",
2026,"Kenneth Haynes","PV",21,56.2,6.511764559762291,6.19411750806657,1.05128205,1.1117646809350255,0.14748201,0.14028777,0.00719425,0.29613734,1.9058823101743292,0.33513514,0.63339731,6.352941033914431,7.79589395430674,-1.442952920392309,"Kenneth Haynes","sa3070303",
2026,"Sam Beck","OMA",24,41.2,8.855999729736336,3.0239999077148467,2.92857143,1.29599996044922,0.22527473,0.07692308,0.14835165,0.25,1.3199999597167982,0.2991453,0.75098814,4.319999868164066,5.764009820556642,-1.4440099523925758,"Sam Beck","sa3026838",
2026,"Aric Ehmke","MILW",22,75.2,5.828194028482782,2.735682911328653,2.13043478,0.8325991469261118,0.14497041,0.06804734,0.07692308,0.27242525,1.387665244876853,0.30612245,0.6043956,4.876652146281512,6.325810755488505,-1.449158609206993,"Aric Ehmke","sa3059121",
2026,"Chris Messina","FDU",,51,8.470588235294118,2.2941176470588234,3.69230769,0.8823529411764706,0.22325581,0.06046512,0.1627907,0.25257732,1.2156862745098038,0.31205674,0.58730159,4.588235294117647,6.042074908462226,-1.453839614344579,"Chris Messina","sa3074368",
2026,"James Geshel","EIU",23,51,9,4.411764705882353,2.04,1.2352941176470589,0.21702128,0.10638298,0.1106383,0.23762376,1.4313725490196079,0.28472222,0.75842697,4.411764705882353,5.8660438612395644,-1.4542791553572112,"James Geshel","sa3032158",
2026,"Mason Lerma","UCD",21,54.2,8.725609553136836,3.786585277776363,2.30434783,0.6585365700480631,0.21991701,0.09543568,0.12448133,0.25,1.4085365526028015,0.31446541,0.73569482,2.9634145652162838,4.42159826734249,-1.458183702126206,"Mason Lerma","sa3036245",
2026,"Johnny Nuanez","WICH",21,56.1,9.266272398509019,3.1952663443134544,2.9,0.47928995164701815,0.24576271,0.08474576,0.16101695,0.20673077,1.118343220509709,0.27210884,0.76347305,2.5562130754507635,4.016206864334657,-1.4599937888838932,"Johnny Nuanez","sa3070894",
2026,"Jackson Blakely","GT",20,64.1,9.652849359350279,2.797927350536313,3.45,1.1191709402145251,0.24210526,0.07017544,0.17192983,0.24110672,1.2590673077413408,0.30113636,0.80684597,3.3575128206435756,4.819112688223467,-1.4615998675798916,"Jackson Blakely","sa3067219",
2026,"Josh Newell","LIN",,102,5.5588235294117645,1.1470588235294117,4.84615385,0.5294117647058824,0.15,0.03095238,0.11904762,0.25679012,1.1470588235294117,0.29166667,0.70524412,2.6470588235294117,4.111141900455251,-1.464083076925839,"Josh Newell","sa3038805",
2026,"Andres Gonzalez","USI",,49,9.183673469387756,4.775510204081633,1.92307692,0.9183673469387755,0.22123894,0.11504425,0.10619469,0.26041667,1.5510204081632653,0.32846715,0.77922078,4.040816326530612,5.507900603936643,-1.4670842774060313,"Andres Gonzalez","sa3059322",
2026,"Rohan Lettow","SDSU",20,78.1,10.570212422790124,3.102127558862319,3.40740741,0.919148906329576,0.27462687,0.08059701,0.19402985,0.24503311,1.2893616602678775,0.32673267,0.6993737,3.791489238609501,5.2606874914760775,-1.4691982528665766,"Rohan Lettow","sa3036265",
2026,"Tyler Mudd","BC",24,66.2,6.345000242042551,2.8350001081466716,2.23809524,1.7550000669479395,0.15614618,0.06976744,0.08637874,0.27372263,1.4400000549316427,0.28971963,0.76372315,4.725000180244453,6.19538224563599,-1.4703820653915374,"Tyler Mudd","sa3038511",
2026,"Kendall Lyons","UIC",22,58.1,6.171428705955041,4.937142964764033,1.25,1.0800000235421323,0.14705882,0.11764706,0.02941177,0.28508772,1.6628571791045528,0.32044199,0.67540323,5.400000117710661,6.8742455689877895,-1.4742454512771284,"Kendall Lyons","sa3036754",
2026,"Matthew OBrien","UCR",,77.2,4.635193284822825,3.7081546278582604,1.25,1.1587983212057062,0.11142061,0.08913649,0.02228412,0.26959248,1.519313354469704,0.28252788,0.66964286,4.751073116943396,6.22629320820301,-1.4752200912596134,"Matthew OBrien","sa3060169",
2026,"Cody Airington","APSU",,63.1,6.678947502516646,3.2684211182528267,2.04347826,1.5631579261209172,0.16906475,0.08273381,0.08633094,0.25409836,1.3421052901038177,0.27419355,0.71960298,5.115789576395729,6.591200530086529,-1.4754109536908002,"Cody Airington","sa3058468",
2026,"Torin Kassebaum","LIU",,49,6.061224489795919,3.122448979591837,1.94117647,0.9183673469387755,0.14102564,0.07264957,0.06837607,0.25742574,1.4081632653061225,0.28658537,0.64935065,5.877551020408164,7.35339943827415,-1.4758484178659863,"Torin Kassebaum","sa3035106",
2026,"Joseph Steventon","WAG",21,78,6.346153846153846,3.230769230769231,1.96428571,0.46153846153846156,0.15580737,0.07932011,0.07648725,0.247557,1.3333333333333333,0.29032258,0.62714777,4.961538461538462,6.440264953711094,-1.4787264921726324,"Joseph Steventon","sa3071371",
2026,"Jesus Campa","FAMU",24,55.2,5.335329219445115,4.688622647391162,1.13793103,0.97005985808093,0.12313433,0.10820896,0.01492537,0.25974026,1.5988023586889402,0.28125,0.58690745,5.982035791499069,7.464298328591974,-1.4822625370929057,"Jesus Campa","sa3028313",
2026,"Jackson Mitchell","BING",21,49,9.36734693877551,2.7551020408163267,3.4,1.836734693877551,0.25888325,0.07614213,0.18274112,0.20555556,1.0612244897959184,0.22689076,0.725,4.224489795918367,5.707452303049516,-1.4829625071311492,"Jackson Mitchell","sa3038168",
2026,"Ricky Kidd","WMU",22,83.1,4.643999858276372,3.23999990112305,1.43333333,0.5399999835205083,0.12044818,0.08403361,0.03641457,0.25236593,1.3199999597167982,0.27881041,0.68141593,4.319999868164066,5.81555600164795,-1.495556133483884,"Ricky Kidd","sa3035341",
2026,"Beau Bryans","JVST",22,66.1,10.58291416712951,5.834170630597038,1.81395349,0.5427135470322826,0.26086957,0.14381271,0.11705686,0.2231405,1.4623115017258725,0.3125,0.74952562,3.663316442467907,5.162118064552567,-1.49880162208466,"Beau Bryans","sa3058754",
2026,"Ethan Minaker","CSUB",22,56.1,6.071006054195563,3.8343196131761452,1.58333333,0.7988165860783636,0.15079365,0.0952381,0.05555556,0.22325581,1.2781065377253817,0.25,0.53846154,4.313609564823164,5.812599903877484,-1.4989903390543198,"Ethan Minaker","sa3073976",
2026,"Merek Sears","UTA",24,50.2,8.171052426512556,3.3749999152986647,2.42105263,0.888157872447017,0.20264317,0.08370044,0.11894273,0.26960784,1.4605262791350948,0.32679739,0.78873239,3.552631489788068,5.06008767507083,-1.5074561852827615,"Merek Sears","sa3041896",
2026,"Michael Barnett","UCLA",22,71,7.352112676056338,3.676056338028169,2,1.3943661971830985,0.19269103,0.09634551,0.09634552,0.24242424,1.3098591549295775,0.27179487,0.75934579,4.183098591549296,5.698508258604667,-1.515409667055371,"Michael Barnett","sa3026603",
2026,"Jose Luccioni","TXSO",19,53,6.283018867924528,5.264150943396227,1.19354839,0.8490566037735849,0.14341085,0.12015504,0.02325581,0.31481481,1.8679245283018868,0.36206897,0.68932039,5.943396226415095,7.462264710552288,-1.5188684841371938,"Jose Luccioni","sa3065083",
2026,"Kellan Montgomery","UCSB",22,81,7.666666666666667,2.7777777777777777,2.76,1.3333333333333333,0.20294118,0.07352941,0.12941177,0.23856209,1.2098765432098766,0.27111111,0.72062084,4,5.518933416295935,-1.5189334162959351,"Kellan Montgomery","sa3038259",
2026,"Tommy Mitchell","ELON",,47.1,6.8450706064216345,4.183098703924332,1.63636364,0.7605634007135149,0.16363636,0.1,0.06363636,0.30412371,1.7112676516054086,0.35714286,0.59193955,3.9929578537459536,5.513187457483645,-1.5202296037376914,"Tommy Mitchell","sa3060059",
2026,"Owen Quinn","BALL",22,47,7.085106382978723,4.404255319148936,1.60869565,1.148936170212766,0.17370892,0.10798122,0.0657277,0.28108108,1.5957446808510638,0.32394366,0.72625698,4.9787234042553195,6.499896463434747,-1.5211730591794277,"Owen Quinn","sa3040347",
2026,"Matthew Mariano","ALB",,65.2,5.619289557724756,3.152284386040717,1.7826087,0.41116752861400657,0.14695341,0.08243728,0.06451613,0.2248996,1.2030457318706118,0.25853659,0.68459658,3.2893402289120526,4.810943473418417,-1.5216032445063647,"Matthew Mariano","sa3037043",
2026,"Duke McCarron","JOES",21,70,8.614285714285714,4.885714285714286,1.76315789,1.4142857142857144,0.20807453,0.11801242,0.09006211,0.25093633,1.5,0.2962963,0.69418386,5.271428571428571,6.795065920693534,-1.5236373492649626,"Duke McCarron","sa3037448",
2026,"Colin Trizuto","WAG",22,88.2,5.176691877800844,2.8421053446749736,1.82142857,0.30451128692946144,0.13212435,0.07253886,0.05958549,0.28405797,1.4210526723374868,0.32646048,0.615727,4.567669303941922,6.091315676802205,-1.5236463728602834,"Colin Trizuto","sa3060790",
2026,"Oliver Pudvar","CONN",22,76,5.921052631578948,2.723684210526316,2.17391304,1.1842105263157894,0.14925373,0.06865672,0.08059702,0.28431373,1.4473684210526316,0.31300813,0.7254902,4.381578947368421,5.906395299811113,-1.5248163524426914,"Oliver Pudvar","sa3040271",
2026,"Isaac Morton","MINN",21,60.2,9.346153650259634,3.70879113105541,2.52,0.8901098714532983,0.24137931,0.09578544,0.14559387,0.20535714,1.1703296457997072,0.25806452,0.73726542,3.263736195328761,4.7933078034691965,-1.5295716081404356,"Isaac Morton","sa3038449",
2026,"Daniel Gonzalez","USA",21,69.2,8.655502708307392,5.0382776958804225,1.71794872,1.1626794682800976,0.21269841,0.12380952,0.08888889,0.24626866,1.5071770885112374,0.296875,0.74701195,4.392344657947035,5.925485330514292,-1.5331406725672565,"Daniel Gonzalez","sa3032408",
2026,"Kyle Batt","RID",19,74,4.256756756756757,4.5,0.94594595,0.4864864864864865,0.10144928,0.10724638,-0.0057971,0.29010239,1.6486486486486487,0.31889764,0.68493151,4.621621621621622,6.161222687283078,-1.539601065661456,"Kyle Batt","sa3065503",
2026,"Evan Holewinski","KENT",21,48.1,9.496551973975661,1.6758621130545284,5.66666667,0.18620690145050317,0.2642487,0.04663212,0.21761658,0.19444444,0.9103448515357933,0.265625,0.68669528,2.048275915955535,3.5930732520667035,-1.5447973361111687,"Evan Holewinski","sa3059509",
2026,"Bobby Mahoney","CSUF",,61,5.901639344262295,4.278688524590164,1.37931034,0.5901639344262295,0.14760148,0.10701107,0.04059041,0.22222222,1.2950819672131149,0.25414365,0.68584071,4.278688524590164,5.840730623339043,-1.5620420987488792,"Bobby Mahoney","sa3070656",
2026,"Nick Baffa","VAL",,62,6.967741935483871,4.064516129032258,1.71428571,2.1774193548387095,0.16382253,0.09556314,0.06825939,0.31679389,1.7903225806451613,0.34170854,0.6344086,5.951612903225806,7.519591137670702,-1.5679782344448956,"Nick Baffa","sa3065249",
2026,"Ty Thames","RICE",20,47.1,7.415493156956771,4.9436621046378475,1.5,1.3309859512486513,0.1884058,0.12560386,0.06280193,0.21590909,1.3521127123795822,0.23846154,0.625,4.56338040428109,6.131383186378928,-1.568002782097838,"Ty Thames","sa3071439",
2026,"Bradley Zayac","LIB",,84,7.392857142857143,2.25,3.28571429,1.1785714285714286,0.19714286,0.06,0.13714286,0.2515528,1.2142857142857142,0.2892562,0.75854701,3.642857142857143,5.211591661544073,-1.5687345186869304,"Bradley Zayac","sa3061008",
2026,"Dakota Stone","UNF",22,74.1,11.502241758945559,4.358744245495159,2.63888889,0.3632286871245966,0.27777778,0.10526316,0.17251462,0.17508418,1.183856461739426,0.24623116,0.77586207,2.421524580830644,3.9917433264949316,-1.5702187456642878,"Dakota Stone","sa3043168",
2026,"Hunter Alexander","CARK",,65,11.076923076923077,4.292307692307692,2.58064516,0.5538461538461539,0.2962963,0.11481481,0.18148148,0.20253165,1.2153846153846153,0.2875817,0.78249337,2.4923076923076923,4.068528417440561,-1.5762207251328686,"Hunter Alexander","sa3025880",
2026,"Patrick Steitz","VCU",,96.2,8.006896762371635,2.420689718856541,3.30769231,0.9310345072525158,0.21772152,0.06582278,0.15189873,0.22802198,1.1275862365613802,0.27238806,0.77,3.2586207753838052,4.836937855755674,-1.578317080371869,"Patrick Steitz","sa3043026",
2026,"Logan Rumberg","GMU",22,85,10.270588235294118,4.129411764705883,2.48717949,1.0588235294117647,0.26575342,0.10684932,0.15890411,0.21202532,1.2470588235294118,0.27272727,0.69607843,3.7058823529411766,5.285822223214542,-1.5799398702733658,"Logan Rumberg","sa3041297",
2026,"Steven Cash","JVST",,89.2,10.338290256040503,3.211896001876661,3.21875,0.9033457505278109,0.27837838,0.08648649,0.19189189,0.19571865,1.0706320006255536,0.25581395,0.79449153,3.0111525017593697,4.598164518947578,-1.5870120171882083,"Steven Cash","sa3028581",
2026,"Riley Marcotte","UNO",,62,6.096774193548387,4.5,1.35483871,1.3064516129032258,0.14736842,0.10877193,0.03859649,0.27935223,1.6129032258064515,0.30612245,0.68855932,4.935483870967742,6.540475913017027,-1.6049920420492851,"Riley Marcotte","sa3037032",
2026,"Justin Roitman","WAG",22,59.1,9.556179980078278,8.03932601498649,1.18867925,0.7584269825458951,0.21,0.17666667,0.03333333,0.27385892,2.005618020510256,0.35260116,0.63559322,5.764045067348803,7.369680149743932,-1.6056350823951284,"Justin Roitman","sa3060416",
2026,"Ryan Griffin","NE",22,55.1,6.180723033599923,4.391566365978893,1.40740741,0.4879518184420992,0.1563786,0.11111111,0.04526749,0.21634615,1.3012048491789312,0.25149701,0.62005277,3.903614547536794,5.516751002780861,-1.6131364552440672,"Ryan Griffin","sa3032724",
2026,"Spencer Stearns","SIUE",,84.1,5.549406947278202,2.2411066517854277,2.47619048,0.8537549149658772,0.14647887,0.05915493,0.08732394,0.24922118,1.1976284223826887,0.27586207,0.71984436,3.7351777529757126,5.350039794696126,-1.614862041720413,"Spencer Stearns","sa3042992",
2026,"Carson Timothy","SAC",21,59.1,5.764045067348803,3.6404495162202966,1.58333333,1.2134831720734323,0.14339623,0.09056604,0.05283019,0.24152542,1.3651685685826114,0.25789474,0.54812834,4.550561895275371,6.169342616182012,-1.6187807209066412,"Carson Timothy","sa3066745",
2026,"Hudson Rowan","LT",21,74,7.905405405405405,5.22972972972973,1.51162791,0.7297297297297297,0.203125,0.134375,0.06875,0.19924812,1.2972972972972974,0.24102564,0.67951318,4.013513513513513,5.638554338506751,-1.6250408249932375,"Hudson Rowan","sa3041216",
2026,"Shea Wendt","CREI",21,52.2,9.056961806648307,7.177215016589225,1.26190476,0.17088607182355298,0.22175732,0.17573222,0.04602511,0.19251337,1.4810126224707925,0.26315789,0.73903002,3.9303796519417182,5.563124118365457,-1.632744466423739,"Shea Wendt","sa3044999",
2026,"Matt Archibald","NAVY",,65,13.569230769230769,4.430769230769231,3.0625,0.5538461538461539,0.36029412,0.11764706,0.24264706,0.16810345,1.0923076923076922,0.26923077,0.77656676,2.353846153846154,3.987251927302434,-1.6334057734562801,"Matt Archibald","sa3058511",
2026,"Zach DenDekker","LMU",,45,8.2,4.6,1.7826087,1,0.20197044,0.11330049,0.08866995,0.21764706,1.3333333333333333,0.25806452,0.71428571,4.6,6.235818089379205,-1.635818089379205,"Zach DenDekker","sa3074961",
2026,"Dawson Newman","VCU",20,52,8.653846153846153,5.019230769230769,1.72413793,0.5192307692307693,0.20833333,0.12083333,0.0875,0.21674877,1.4038461538461537,0.27333333,0.625,3.6346153846153846,5.27089009651771,-1.6362747119023253,"Dawson Newman","sa3062660",
2026,"Matthew Delvaux","MERC",,70.2,6.367924757468916,3.948113349630728,1.61290323,1.2735849514937834,0.15337423,0.09509202,0.05828221,0.25704225,1.4716981661705941,0.28125,0.65346535,5.985849272020782,7.62217117732596,-1.636321905305178,"Matthew Delvaux","sa3065027",
2026,"Hunter Possehl","FGCU",21,67.1,8.68811848373721,3.4752473934948838,2.5,0.6683168064413239,0.22033898,0.08813559,0.13220339,0.23938224,1.3069306437074777,0.3015873,0.71428571,3.2079206709183543,4.845603793168253,-1.637683122249899,"Hunter Possehl","sa3060293",
2026,"Bradley Gilbert","UVU",,43.2,8.862595161770095,3.5038166918625957,2.52941176,1.236641185363269,0.2287234,0.09042553,0.13829787,0.18674699,1.0992366092117947,0.21367521,0.53811659,3.9160304203170186,5.559384563584532,-1.643354143267513,"Bradley Gilbert","sa3059296",
2026,"Quentin Pohorski","SF",23,47.1,9.697183359097316,4.56338040428109,2.125,0.7605634007135149,0.25888325,0.12182741,0.13705584,0.17647059,1.1408451010702725,0.22608696,0.73929961,3.4225353032108172,5.068525462215843,-1.6459901590050254,"Quentin Pohorski","sa3040021",
2026,"Talmadge Davis","JKST",20,54.1,12.257668998523291,5.134969445327324,2.38709677,0.49693252696716045,0.29019608,0.12156863,0.16862745,0.18,1.2331288632148056,0.26829268,0.59907834,4.638036918360164,6.2853924114876705,-1.647355493127506,"Talmadge Davis","sa3069915",
2026,"Jimmy Gilleran","STO",22,62,7.548387096774194,4.645161290322581,1.625,0.43548387096774194,0.18772563,0.11552347,0.07220217,0.2375,1.435483870967742,0.29189189,0.57906459,4.5,6.1565594119410365,-1.6565594119410365,"Jimmy Gilleran","sa3032234",
2026,"Ross Yoshida","COR",,43.2,8.656488297542884,2.67938923495375,3.23076923,0.8244274569088461,0.23595506,0.07303371,0.16292135,0.19375,1.0076335584441451,0.23684211,0.76036866,2.885496099180961,4.546118147935451,-1.6606220487544903,"Ross Yoshida","sa3074463",
2026,"Jackson Hinchliffe","RICH",,70.2,4.712264320526998,1.52830194179254,3.08333333,0.8915094660456483,0.11897106,0.03858521,0.08038585,0.23674912,1.117924568533432,0.25104603,0.63380282,4.075471844780107,5.738596969433383,-1.663125124653276,"Jackson Hinchliffe","sa3033849",
2026,"Tanner Bradley","ORE",19,54.1,13.914110755080493,3.1472393374586827,4.42105263,0.6625767026228806,0.38888889,0.08796296,0.30092593,0.13513514,0.8098159698724096,0.21649485,0.87301587,1.6564417565572014,3.3315333934312865,-1.6750916368740851,"Tanner Bradley","sa3066172",
2026,"Andrew Evans","SIU",22,89.2,9.93680325580592,2.910780751700724,3.4137931,0.602230500351874,0.26684636,0.07816712,0.18867925,0.22189349,1.1598513340110164,0.29613734,0.78313253,2.5092937514661413,4.1886161939854745,-1.6793224425193332,"Andrew Evans","sa3031058",
2026,"Ryan Peterson","SHSU",,88,10.738636363636363,2.352272727272727,4.56521739,1.4318181818181819,0.28532609,0.0625,0.22282609,0.23192771,1.1363636363636365,0.29577465,0.80299786,3.375,5.061158761111173,-1.686158761111173,"Ryan Peterson","sa3039799",
2026,"Braden Gebhardt","YSU",22,87.1,10.717556939815,2.988549531294567,3.5862069,0.7213740247952403,0.27586207,0.07692308,0.19893899,0.22647059,1.2137404226713566,0.30567686,0.69097889,3.1946563955217786,4.882659082010933,-1.688002686489154,"Braden Gebhardt","sa3032082",
2026,"Chet Lax","WRST",21,78.2,7.894068051809151,2.2881356671910584,3.45,1.258474616955082,0.20234604,0.05865103,0.14369502,0.27129338,1.3474576706791788,0.3164557,0.73995772,4.233050984303458,5.930174961051734,-1.6971239767482764,"Chet Lax","sa3036082",
2026,"Jason DeCaro","UNC",20,97.1,9.154109349861946,3.883561542365674,2.35714286,0.8321917590783587,0.23970944,0.10169492,0.13801453,0.23415978,1.304794486456192,0.29803922,0.80065359,2.866438281269902,4.564286247438821,-1.6978479661689185,"Jason DeCaro","sa3029991",
2026,"Hayden Frey","TOL",,78.1,7.468084863927805,3.102127558862319,2.40740741,0.689361679747182,0.1969697,0.08181818,0.11515152,0.23103448,1.199999961041391,0.27853881,0.7505071,3.791489238609501,5.495641116102988,-1.7041518774934867,"Hayden Frey","sa3073555",
2026,"Gavin Blachowicz","NEB",20,69.1,10.514422691256351,3.504807563752117,3,1.817307625649246,0.27090301,0.090301,0.18060201,0.24714829,1.3269230282518303,0.30357143,0.76167076,3.894230626391241,5.601000065211012,-1.7067694388197707,"Gavin Blachowicz","sa3065260",
2026,"Collin Valentine","PEPP",22,67.2,3.9901479332138563,3.3251232776782134,1.2,0.3990147933213856,0.10067114,0.08389262,0.01677852,0.28679245,1.4926108935355535,0.31465517,0.70610687,3.857143002106728,5.566305270085429,-1.7091622679787015,"Collin Valentine","sa3044294",
2026,"Sam Fairhurst","LEH",,56,8.678571428571429,4.339285714285714,2,1.2857142857142858,0.21428571,0.10714286,0.10714286,0.25462963,1.4642857142857142,0.30519481,0.73934837,4.5,6.21362555367606,-1.71362555367606,"Sam Fairhurst","sa3070055",
2026,"Brent Stukes","UPST",20,78,6.461538461538462,4.5,1.43589744,1.7307692307692308,0.15512465,0.10803324,0.04709141,0.28064516,1.6153846153846154,0.30125523,0.73504274,5.653846153846154,7.370814575293125,-1.7169684214469711,"Brent Stukes","sa3071398",
2026,"Owen Stewart","GMU",,58,10.551724137931034,4.9655172413793105,2.125,1.5517241379310345,0.25468165,0.11985019,0.13483146,0.24444444,1.5,0.30612245,0.79518072,4.655172413793103,6.378317152220628,-1.723144738427525,"Owen Stewart","sa3043112",
2026,"Chase Topolski","RICH",22,66.2,8.910000339889539,4.320000164794928,2.0625,0.6750000257492075,0.22758621,0.11034483,0.11724138,0.20647773,1.2450000474929828,0.26136364,0.75862069,3.510000133895879,5.239351670455934,-1.7293515365600554,"Chase Topolski","sa3043934",
2026,"Ean DiPasquale","USI",21,62.2,5.313829679411428,3.877659495786718,1.37037037,0.5744680734498842,0.13309353,0.0971223,0.03597122,0.2125,1.2446808258080821,0.2361809,0.65947242,3.877659495786718,5.608638741755281,-1.7309792459685633,"Ean DiPasquale","sa3069959",
2026,"Mac Burke","DART",,37,8.27027027027027,2.4324324324324325,3.4,0.24324324324324326,0.22368421,0.06578947,0.15789474,0.18518519,0.9459459459459459,0.24,0.71428571,2.189189189189189,3.934193260605271,-1.7450040714160822,"Mac Burke","sa3028066",
2026,"Richie Kerstetter","CCSU",,39,7.846153846153846,6.6923076923076925,1.17241379,1.3846153846153846,0.17085427,0.14572864,0.02512563,0.29518072,2,0.34126984,0.66576087,6.461538461538462,8.209495722941863,-1.7479572614034016,"Richie Kerstetter","sa3035307",
2026,"Jorhan LaBoy","ALST",23,89.1,6.749999807841748,2.51865664471707,2.68,1.1082089236755108,0.16708229,0.06234414,0.10473816,0.29120879,1.4664178687019385,0.33216783,0.65830721,4.835820757856775,6.598001084590071,-1.7621803267332963,"Jorhan LaBoy","sa3035818",
2026,"Max Bayles","SCU",21,71,13.183098591549296,5.577464788732394,2.36363636,0.6338028169014085,0.34210526,0.14473684,0.19736842,0.18532819,1.295774647887324,0.28666667,0.8255814,2.535211267605634,4.300919810818955,-1.7657085432133206,"Max Bayles","sa3026768",
2026,"Andrew Johnson","USC",,92,8.315217391304348,2.8369565217391304,2.93103448,1.3695652173913044,0.2173913,0.0741688,0.14322251,0.232493,1.2173913043478262,0.26744186,0.8110883,3.2282608695652173,4.99397672155629,-1.765715851991073,"Andrew Johnson","sa3059601",
2026,"Jacob Sitton","UTM",,81.2,7.493877784382653,4.8489797428358345,1.54545455,1.9836735311601144,0.18037135,0.11671088,0.06366048,0.25688073,1.5673469875833002,0.27385892,0.70772059,5.400000168158089,7.1772884536037775,-1.7772882854456888,"Jacob Sitton","sa3062900",
2026,"Hayden Collins","EKU",,51.2,6.096774043500985,2.9612902497004785,2.05882353,2.438709617400394,0.14957265,0.07264957,0.07692308,0.29906542,1.5677418969002535,0.3030303,0.69875776,5.748386955300929,7.536022132035971,-1.7876351767350416,"Hayden Collins","sa3058904",
2026,"Ryan Oakes","NEV",23,43.2,9.687022618678942,4.534351012998654,2.13636364,0.8244274569088461,0.23737374,0.11111111,0.12626263,0.25730994,1.5114503376662178,0.33333333,0.77981651,4.12213728454423,5.911264052845912,-1.7891267683016814,"Ryan Oakes","sa3060164",
2026,"Nathan Love","ORU",,66.1,5.969849017355108,2.8492461219194833,2.0952381,1.2211054808226358,0.15492958,0.07394366,0.08098592,0.25868726,1.326633114967802,0.2815534,0.73047859,4.341708376258261,6.131848993048774,-1.790140616790513,"Nathan Love","sa3059857",
2026,"Kevin Reavey","ARMY",,61.2,6.275675546271339,6.567567432144425,0.95555556,0.4378378288096283,0.1557971,0.16304348,-0.00724638,0.22869955,1.5567567246564562,0.27118644,0.71142285,4.3783782880962825,6.172698875299069,-1.7943205872027868,"Kevin Reavey","sa3062889",
2026,"Hampton Phillips","GRAM",20,46.1,4.856115241184241,5.24460446047898,0.92592593,1.3597122675315876,0.10504202,0.11344538,-0.00840336,0.29842932,1.8129496900421167,0.31446541,0.64755839,7.381295166600046,9.182775202498886,-1.80148003589884,"Hampton Phillips","sa3062665",
2026,"Maddux Frese","IOWA",21,68.2,5.6359225388285275,3.0145632184431657,1.86956522,1.5728155922312168,0.14675768,0.07849829,0.06825939,0.25373134,1.325242767528155,0.2629108,0.7480315,4.06310694659731,5.866496850417445,-1.8033899038201344,"Maddux Frese","sa3070120",
2026,"Evan Jones","UCF",22,46,10.173913043478262,3.130434782608696,3.25,1.9565217391304348,0.26943005,0.08290155,0.1865285,0.20809249,1.1304347826086956,0.23423423,0.71428571,4.108695652173913,5.915625493422799,-1.806929841248886,"Evan Jones","sa3034871",
2026,"Chris Olivier","LAM",,94,10.340425531914894,3.6382978723404253,2.84210526,0.8617021276595744,0.27979275,0.0984456,0.18134715,0.17941176,1.053191489361702,0.23318386,0.79449153,2.776595744680851,4.58440178810282,-1.807806043421969,"Chris Olivier","sa3039115",
2026,"Cody Brasch","UL",22,74.2,9.883928908073184,2.531250086213864,3.9047619,1.0848214655202275,0.27609428,0.07070707,0.20538721,0.1962963,0.9910714623271214,0.24581006,0.83086053,2.772321522996137,4.600938117686583,-1.8286165946904465,"Cody Brasch","sa3069662",
2026,"Cullen Condon","WOF",,64.2,8.072165265905843,3.618556843337102,2.23076923,0.6958763160263658,0.21090909,0.09454545,0.11636364,0.20920502,1.1752577781778621,0.25568182,0.69620253,2.922680527310736,4.755825543411229,-1.8331450161004925,"Cullen Condon","sa3058914",
2026,"Sam Mommer","ILL",,44.2,7.6567161999398925,3.8283580999699462,2,1.2089551894641937,0.20652174,0.10326087,0.10326087,0.19135802,1.1194029532075866,0.21186441,0.71748879,3.4253730368152153,5.277234303136,-1.8518612663207845,"Sam Mommer","sa3073763",
2026,"Connor Wylde","NMSU",23,53.2,5.366459500177526,5.869565078319169,0.91428571,1.6770185938054767,0.12121212,0.13257576,-0.01136364,0.28169014,1.7701862934613366,0.29239766,0.70103093,6.372670656460811,8.232813096946924,-1.8601424404861122,"Connor Wylde","sa3045649",
2026,"Ben Green","OAK",19,56,7.232142857142857,3.857142857142857,1.875,1.125,0.17647059,0.09411765,0.08235294,0.29032258,1.5535714285714286,0.33939394,0.65789474,5.142857142857143,7.004932798658098,-1.8620756558009548,"Ben Green","sa3070213",
2026,"Andrew Damiani","NIA",22,49.1,9.304054293865882,3.2837838684232525,2.83333333,0.5472973114038754,0.25373134,0.08955224,0.16417911,0.16292135,0.952702727258598,0.20967742,0.75313808,2.5540541198847517,4.41797944717463,-1.863925327289878,"Andrew Damiani","sa3058982",
2026,"Pierce Friedman","ME",22,49.1,6.75000017398113,5.472973114038754,1.23333333,0.5472973114038754,0.17050691,0.13824885,0.03225807,0.20879121,1.3783784139060564,0.24647887,0.74127907,3.6486487426925027,5.5141263605818605,-1.8654776178893577,"Pierce Friedman","sa3031726",
2026,"Josh Prieto","TXSO",22,52,7.096153846153846,4.5,1.57692308,0.8653846153846154,0.18303571,0.11607143,0.06696429,0.27979275,1.5384615384615385,0.33333333,0.69230769,4.846153846153846,6.7162560022794295,-1.8701021561255837,"Josh Prieto","sa3060306",
2026,"Bryan Peck","CBU",23,73.1,8.099999719099575,2.577272637895319,3.14285714,1.3499999531832625,0.21428571,0.06818182,0.1461039,0.23758865,1.1999999583851222,0.27317073,0.78608247,3.5590907856649645,5.444776649002203,-1.8856858633372386,"Bryan Peck","sa3070977",
2026,"Clayton Burke","M-OH",23,84,8.142857142857142,2.142857142857143,3.8,1.2857142857142858,0.20765027,0.05464481,0.15300547,0.23636364,1.1666666666666667,0.27272727,0.69958848,4.071428571428571,5.960889371236165,-1.889460799807594,"Clayton Burke","sa3058775",
2026,"Jack Nelson","ARST",23,56,10.125,4.017857142857143,2.52,1.9285714285714286,0.26141079,0.10373444,0.15767635,0.20574163,1.2142857142857142,0.23134328,0.75601375,4.5,6.3955809593200685,-1.8955809593200685,"Jack Nelson","sa3038751",
2026,"Zach Todd","PAC",22,81.2,9.367347230478318,4.628571572706933,2.02380952,0.7714285954511555,0.24216524,0.11965812,0.12250712,0.20875421,1.2734694274114313,0.26829268,0.78154426,3.526530722062425,5.429922429418029,-1.9033917073556035,"Zach Todd","sa3043883",
2026,"Kai Leckszas","GTWN",22,66.1,6.648240951145461,3.527638055709837,1.88461538,0.9497487073064945,0.16955017,0.0899654,0.07958478,0.24701195,1.326633114967802,0.28205128,0.74279379,4.070351602742119,5.979986880390982,-1.9096352776488628,"Kai Leckszas","sa3036135",
2026,"Nate Kugler","DART",,45.2,5.7153283080127935,3.3503648702143964,1.70588235,0.5912408594495994,0.14795918,0.08673469,0.06122449,0.24561404,1.2919707669454208,0.28057554,0.70063694,3.3503648702143964,5.268578706831066,-1.9182138366166699,"Nate Kugler","sa3074767",
2026,"Alex Lyon","COFC",22,65,4.153846153846154,1.6615384615384616,2.5,1.1076923076923078,0.10869565,0.04347826,0.06521739,0.25098039,1.1692307692307693,0.25806452,0.71815718,4.015384615384615,5.933989158043495,-1.9186045426588798,"Alex Lyon","sa3036749",
2026,"Cam Staton","SMC",20,66.2,8.910000339889539,4.455000169944769,2,1.080000041198732,0.21710526,0.10855263,0.10855263,0.23684211,1.4400000549316427,0.28645833,0.71269488,3.780000144195562,5.703595916366579,-1.923595772171017,"Cam Staton","sa3071362",
2026,"Jackson Flora","UCSB",21,102,11.735294117647058,2.823529411764706,4.15625,0.2647058823529412,0.33333333,0.0802005,0.25313283,0.15320334,0.8529411764705882,0.23318386,0.89207048,1.0588235294117647,2.988432326971316,-1.9296087975595515,"Jackson Flora","sa3031459",
2026,"Maxx Yehl","WVU",22,97,10.391752577319588,2.4123711340206184,4.30769231,0.6494845360824743,0.27860697,0.06467662,0.21393035,0.21848739,1.0721649484536082,0.29831933,0.795053,2.134020618556701,4.066678832732525,-1.9326582141758242,"Maxx Yehl","sa3045700",
2026,"Camden Matthews","ALST",23,57.1,7.534883888042447,4.081395439356326,1.84615385,0.47093024300265296,0.18390805,0.09961686,0.08429119,0.24229075,1.4127907290079589,0.29545455,0.70754717,4.081395439356326,6.039601279078722,-1.958205839722396,"Camden Matthews","sa3070705",
2026,"John Damozonio","SMC",22,83.1,9.395999713256845,2.267999930786135,4.14285714,0.64799998022461,0.24369748,0.05882353,0.18487395,0.22429907,1.1159999659423838,0.28947368,0.77309237,2.59199992089844,4.557595862762452,-1.9655959418640117,"John Damozonio","sa3029808",
2026,"Joe Dolinshek","ALST",20,45.2,5.124087448563194,5.321167735046394,0.96296296,0.7883211459327991,0.11711712,0.12162162,-0.0045045,0.3027027,1.817518197567287,0.33548387,0.66361556,5.7153283080127935,7.685374407367098,-1.9700460993543043,"Joe Dolinshek","sa3074990",
2026,"JB Manarchuck","MSM",22,41.1,8.056451860749394,4.354838843648321,1.85,0.4354838843648321,0.2032967,0.10989011,0.09340659,0.22641509,1.3548387513572555,0.28333333,0.78291815,2.830645248371409,4.804422354177184,-1.9737771058057754,"JB Manarchuck","sa3036948",
2026,"Cooper Campbell","VCU",20,60,7.05,3.9,1.80769231,0.75,0.17669173,0.09774436,0.07894737,0.24122807,1.35,0.28409091,0.76744186,3.75,5.726018301645915,-1.9760183016459152,"Cooper Campbell","sa3058801",
2026,"Caden Glauber","UNC",18,92,11.152173913043478,4.108695652173913,2.71428571,0.782608695652174,0.30481283,0.11229947,0.19251337,0.18348624,1.108695652173913,0.25365854,0.86638831,2.0543478260869565,4.040164765067723,-1.9858169389807663,"Caden Glauber","sa3070172",
2026,"Felix Morin","CAN",22,87.2,7.2889735954770165,3.07984799808888,2.36666667,0.615969599617776,0.18832891,0.0795756,0.10875332,0.23391813,1.2547528881102845,0.27924528,0.6097561,2.771863198279992,4.764038444350228,-1.9921752460702358,"Felix Morin","sa3038377",
2026,"Aidan Vining","BRY",,43.1,7.892307923898196,2.284615451654741,3.45454545,0.6230769413603838,0.21965318,0.06358382,0.15606936,0.20496894,1.015384645179885,0.25,0.73529412,2.0769231378679462,4.072130481336244,-1.995207343468298,"Aidan Vining","sa3071535",
2026,"PJ Craig","RID",22,102.2,7.8896105850420515,3.681818273019624,2.14285714,1.051948078005607,0.20785219,0.09699769,0.1108545,0.23498695,1.2857143175624084,0.27758007,0.77922078,3.506493593352023,5.523630580091421,-2.017136986739398,"PJ Craig","sa3029518",
2026,"Tate McKee","GT",21,78,11.423076923076923,4.5,2.53846154,2.1923076923076925,0.29117647,0.11470588,0.17647059,0.23648649,1.3974358974358974,0.28651685,0.83524027,4.153846153846154,6.175894976884891,-2.0220488230387366,"Tate McKee","sa3037653",
2026,"Ethan Blakeney","NORF",21,69,9.130434782608695,4.565217391304348,2,1.0434782608695652,0.22875817,0.11437908,0.11437909,0.24904215,1.4492753623188406,0.31147541,0.66801619,4.826086956521739,6.849406536765721,-2.0233195802439816,"Ethan Blakeney","sa3027222",
2026,"Will Labonte","PORT",19,73.1,7.118181571329929,3.436363517193759,2.07142857,0.4909090738848227,0.18954248,0.09150327,0.09803922,0.23357664,1.2545454110389913,0.28301887,0.79646018,2.8227271748377305,4.8499594883879364,-2.027232313550206,"Will Labonte","sa3070545",
2026,"Michael Addari","ILST",22,67.1,9.757425374043327,2.940593948341825,3.31818182,0.4009900838647943,0.25978648,0.07829181,0.18149466,0.23387097,1.1881187670067979,0.31976744,0.69124424,2.272277141900501,4.304005067421635,-2.0317279255211336,"Michael Addari","sa3058462",
2026,"Kyle Salvati","CCSU",22,70.2,9.16981165075524,4.202830339929485,2.18181818,0.8915094660456483,0.23452769,0.10749186,0.12703583,0.22846442,1.3301887271157293,0.28723404,0.70175439,4.3301888350788635,6.362737169737663,-2.0325483346587996,"Kyle Salvati","sa3075262",
2026,"Bryce McKnight","SDSU",21,59.1,8.03932601498649,2.7303371371652227,2.94444444,1.5168539650917903,0.19485294,0.06617647,0.12867647,0.28395062,1.4662921662553974,0.32777778,0.64285714,4.853932688293729,6.8889208648078695,-2.0349881765141404,"Bryce McKnight","sa3037677",
2026,"Brady LeJeune-DeAcutis","UMBC",25,58,5.275862068965517,4.344827586206897,1.21428571,0.9310344827586207,0.12686567,0.10447761,0.02238806,0.27391304,1.5689655172413792,0.3,0.68034557,4.189655172413793,6.233138439573091,-2.0434832671592984,"Brady LeJeune-DeAcutis","sa3036207",
2026,"Conner Johnson","ORU",,49,5.6938775510204085,4.959183673469388,1.14814815,2.5714285714285716,0.13304721,0.11587983,0.01716738,0.295,1.7551020408163265,0.29032258,0.71823204,6.979591836734694,9.033397612279774,-2.0538057755450803,"Conner Johnson","sa3059607",
2026,"Jake Schultz","BUCK",,42.2,8.015624761115767,3.7968748868443107,2.11111111,1.054687468567864,0.20212766,0.09574468,0.10638298,0.23312883,1.312499960884453,0.275,0.78571429,3.7968748868443107,5.856482651829721,-2.05960776498541,"Jake Schultz","sa3041812",
2026,"Truitt Webb","SELA",20,45.2,9.06569317822719,4.532846589113595,2,0.9854014324159989,0.21596244,0.10798122,0.10798122,0.26373626,1.5547444822563539,0.32824427,0.77777778,3.547445156697596,5.6147636052916745,-2.0673184485940785,"Truitt Webb","sa3060890",
2026,"Will Bartkoski","GAST",24,59.2,7.994413237451026,5.279329496429923,1.51428571,0.45251395683685053,0.1962963,0.12962963,0.06666667,0.18009479,1.2234636610774108,0.22580645,0.76508621,3.921787625919371,5.989156339025756,-2.067368713106385,"Will Bartkoski","sa3058564",
2026,"Cam Bagwell","WAKE",20,66,7.5,3,2.5,2.1818181818181817,0.18707483,0.07482993,0.1122449,0.26893939,1.4090909090909092,0.28497409,0.75063613,4.636363636363637,6.703867004856919,-2.0675033684932824,"Cam Bagwell","sa3058532",
2026,"Ciaran Caughey","KENT",22,77,9,2.688311688311688,3.34782609,0.935064935064935,0.23765432,0.07098765,0.16666667,0.20979021,1.077922077922078,0.25870647,0.72580645,3.3896103896103895,5.458724869071664,-2.069114479461274,"Ciaran Caughey","sa3028658",
2026,"Dylan Smith","SJSU",,68.1,6.585365608573891,2.370731619086601,2.77777778,0.9219511852003447,0.16778523,0.06040268,0.10738255,0.26394052,1.3024389759179473,0.30188679,0.76496674,4.082926677315812,6.159597680014136,-2.0766710026983244,"Dylan Smith","sa3042540",
2026,"Bryce Riggs","EIU",,93.1,7.3285712288837095,3.7607141832429565,1.94871795,0.9642856880110144,0.2005277,0.10290237,0.09762533,0.1875,1.0928571130791498,0.212,0.75,3.182142770436348,5.286982205352006,-2.104839434915658,"Bryce Riggs","sa3040751",
2026,"Evan Myers","WCU",,59,7.322033898305085,4.88135593220339,1.5,1.2203389830508475,0.1732852,0.11552347,0.05776173,0.2832618,1.6610169491525424,0.32768362,0.8097166,4.11864406779661,6.2472635657100355,-2.1286194979134256,"Evan Myers","sa3070852",
2026,"Jace Gillmore","SCU",20,65.2,8.086294729408795,3.0152285431693815,2.68181818,1.5076142715846907,0.21223022,0.07913669,0.13309353,0.21825397,1.172588877899204,0.24175824,0.73170732,3.8375636003973947,5.982123846684489,-2.1445602462870945,"Jace Gillmore","sa3032252",
2026,"Mason Snyder","WCU",22,58,7.913793103448276,3.2586206896551726,2.42857143,0.9310344827586207,0.21794872,0.08974359,0.12820513,0.18957346,1.0517241379310345,0.22077922,0.71428571,2.4827586206896552,4.650244278743349,-2.167485658053694,"Mason Snyder","sa3071331",
2026,"Sheamus Ryan","NDSU",,48,5.25,2.0625,2.54545455,0.1875,0.1352657,0.0531401,0.0821256,0.28125,1.3541666666666667,0.32515337,0.81360947,2.4375,4.6056765238444015,-2.1681765238444015,"Sheamus Ryan","sa3071196",
2026,"Nathan Leininger","TOL",22,96,8.4375,3.46875,2.43243243,0.5625,0.2244389,0.09226933,0.13216958,0.20903955,1.15625,0.26356589,0.78152753,2.8125,5.033806037902832,-2.221306037902832,"Nathan Leininger","sa3036199",
2026,"Elias Holbert","VCU",23,66,10.227272727272727,5.045454545454546,2.02702703,0.5454545454545454,0.25510204,0.12585034,0.1292517,0.20901639,1.3333333333333333,0.28484848,0.78616352,2.8636363636363638,5.097230422858036,-2.2335940592216725,"Elias Holbert","sa3033946",
2026,"Aidan Paul","HPU",,72,6.5,3.75,1.73333333,1.875,0.1630094,0.09404389,0.06896552,0.25088339,1.4027777777777777,0.25925926,0.70930233,4.875,7.109062438540988,-2.234062438540988,"Aidan Paul","sa3070964",
2026,"Seth Benes","LIN",21,92.1,7.602887877236711,2.9241876450910427,2.6,0.6823104505212433,0.20855615,0.0802139,0.12834225,0.20058997,1.061371811921934,0.24015748,0.79399142,2.339350116072834,4.573766649619065,-2.234416533546231,"Seth Benes","sa3026951",
2026,"Edwin Sanchez","BCU",22,76.2,8.45217419341292,3.8739131719809214,2.18181818,0.3521739247255383,0.225,0.103125,0.121875,0.21708185,1.226086997192615,0.2815534,0.73068894,3.169565322529845,5.411239285063428,-2.241673962533583,"Edwin Sanchez","sa3060470",
2026,"Ben Cherico","SLU",,84,8.142857142857142,3.3214285714285716,2.4516129,0.9642857142857143,0.21169916,0.08635097,0.12534819,0.20952381,1.1547619047619047,0.24782609,0.66735113,3.2142857142857144,5.464113539741152,-2.249827825455438,"Ben Cherico","sa3028820",
2026,"Trevor Nikolis","UNF",20,56.1,6.550296005842582,4.313609564823164,1.51851852,0.7988165860783636,0.17596567,0.11587983,0.06008584,0.18905473,1.1538461798909696,0.21290323,0.74603175,3.355029661529127,5.609356851461894,-2.254327189932767,"Trevor Nikolis","sa3066636",
2026,"Hayden Bailey","CMU",23,73.1,6.7499997659163125,4.54090893343461,1.48648649,0.9818181477696454,0.16717325,0.11246201,0.05471125,0.22382671,1.3499999531832625,0.25233645,0.71011673,4.418181664963404,6.673010512422927,-2.254828847459523,"Hayden Bailey","sa3062808",
2026,"Ryan Towers","ECU",23,58.1,6.942857294199421,3.702857223573025,1.875,1.0800000235421323,0.17509728,0.09338521,0.08171206,0.22421525,1.2685714562240917,0.25146199,0.70080863,3.3942857882752726,5.657660830704048,-2.263375042428775,"Ryan Towers","sa3043990",
2026,"Clark Lincoln","FAMU",20,44.1,9.541353657123125,5.278195640110665,1.80769231,0.8120300984785639,0.23039216,0.12745098,0.10294118,0.23391813,1.4887218472107004,0.3,0.66765579,4.2631580170124606,6.540431863332026,-2.2772738463195656,"Clark Lincoln","sa3073576",
2026,"Tanner Walker","FAMU",23,50,7.92,5.4,1.46666667,0.54,0.1888412,0.12875536,0.06008584,0.24226804,1.54,0.29931973,0.68459658,4.32,6.614717540740967,-2.294717540740967,"Tanner Walker","sa3044685",
2026,"Chayse Gruber","RICH",,51.2,6.967741764001126,2.7870967056004505,2.5,1.5677418969002535,0.17391304,0.06956522,0.10434783,0.27227723,1.3741935145668887,0.30065359,0.82386364,4.3548386025007035,6.65128706121296,-2.2964484587122564,"Chayse Gruber","sa3059368",
2026,"Chris Torres","UPST",,76.2,8.334782885171073,3.7565218637390756,2.21875,2.465217473078768,0.20285714,0.09142857,0.11142857,0.27652733,1.5391304858375379,0.29680365,0.67991632,5.282608870883075,7.579956265649637,-2.297347394766562,"Chris Torres","sa3060772",
2026,"Charlie Hale","CONN",21,62.1,8.663101781000591,2.7433155639835207,3.15789474,0.8663101781000592,0.22556391,0.07142857,0.15413534,0.23529412,1.2032085806945267,0.29069767,0.82010582,2.7433155639835207,5.040718420789521,-2.297402856806,"Charlie Hale","sa3070252",
2026,"Easton Teel","ORU",20,77.1,7.913792843200656,2.6767240499061042,2.95652174,1.0474137586589103,0.2042042,0.06906907,0.13513514,0.23920266,1.2284482354641542,0.28125,0.80962801,3.258620582494388,5.559699479606575,-2.301078897112187,"Easton Teel","sa3060723",
2026,"Yasseel Samboy","NORF",,41.2,9.07199972314454,3.23999990112305,2.8,1.29599996044922,0.22105263,0.07894737,0.14210526,0.26785714,1.4399999560546888,0.325,0.66552901,4.53599986157227,6.8546238841247575,-2.3186240225524877,"Yasseel Samboy","sa3041460",
2026,"Cort Lowry","TAR",20,54,7.333333333333333,4.166666666666667,1.76,0.5,0.1938326,0.11013216,0.08370044,0.16756757,1.037037037037037,0.20289855,0.72674419,3.3333333333333335,5.657066253379539,-2.3237329200462056,"Cort Lowry","sa3059859",
2026,"Adam Jamison","LIP",,52.2,8.373417519354096,4.101265723765271,2.04166667,0.8544303591177649,0.20940171,0.1025641,0.10683761,0.25961538,1.4810126224707925,0.31818182,0.75342466,2.7341771491768476,5.0614203150198644,-2.327243165843017,"Adam Jamison","sa3070426",
2026,"Noah Berry","SAM",,52,6.403846153846154,6.230769230769231,1.02777778,0.5192307692307693,0.15416667,0.15,0.00416667,0.24242424,1.6153846153846154,0.28481013,0.79254079,3.2884615384615383,5.624382209777832,-2.335920671316294,"Noah Berry","sa3027073",
2026,"Thomas Howard","PUR",22,53,5.09433962264151,3.3962264150943398,1.5,1.528301886792453,0.12605042,0.08403361,0.04201681,0.24413146,1.3584905660377358,0.24712644,0.77639752,3.9056603773584904,6.245412324509531,-2.339751947151041,"Thomas Howard","sa3070375",
2026,"Ryan Karst","INST",22,65,7.338461538461538,3.1846153846153844,2.30434783,0.5538461538461539,0.19272727,0.08363636,0.10909091,0.19915254,1.0769230769230769,0.24022346,0.73383085,3.046153846153846,5.392047713353084,-2.345893867199238,"Ryan Karst","sa3035095",
2026,"Kaden Smith","USF",20,46.2,10.02857115531455,4.821428440055072,2.08,1.542857100817623,0.23636364,0.11363636,0.12272727,0.23033708,1.414285675749488,0.27966102,0.76601671,4.242857027248464,6.591946432931085,-2.349089405682621,"Kaden Smith","sa3060619",
2026,"Kenney Fabian","UAPB",22,88.1,5.8075470026110665,2.9547168960652797,1.96551724,1.1207546847144163,0.1443038,0.07341772,0.07088608,0.24495677,1.290566000580237,0.26523297,0.6037415,4.788679107416143,7.2132080503934315,-2.4245289429772887,"Kenney Fabian","sa3059157",
2026,"James Peterson","ALST",20,87,5.689655172413793,3.103448275862069,1.83333333,0.41379310344827586,0.13647643,0.07444169,0.06203474,0.27348066,1.4827586206896552,0.31353135,0.66220238,3.5172413793103448,6.001843977522576,-2.484602598212231,"James Peterson","sa3066088",
2026,"Garret Plata","PAC",23,76,8.526315789473685,5.2105263157894735,1.63636364,0.47368421052631576,0.21752266,0.13293051,0.08459215,0.21428571,1.368421052631579,0.2745098,0.82542694,2.723684210526316,5.216227446104351,-2.492543235578035,"Garret Plata","sa3039983",
2026,"Joey Giordano","RICH",,75.1,7.526548418482268,3.1061945854053805,2.42307692,1.3141592476715072,0.19565217,0.08074534,0.11490683,0.22145329,1.1946902251559157,0.24651163,0.77205882,3.345132630436564,5.8491745918468725,-2.5040419614103087,"Joey Giordano","sa3067164",
2026,"Kevin Opanel","MONM",,45.2,5.518248021529594,2.956204297247997,1.86666667,1.5766422918655982,0.14358974,0.07692308,0.06666667,0.25142857,1.2919707669454208,0.25899281,0.73863636,4.1386860161471954,6.652798749688046,-2.51411273354085,"Kevin Opanel","sa3039172",
2026,"Dylan Farley","ARST",,55,4.909090909090909,4.581818181818182,1.07142857,0.6545454545454545,0.12,0.112,0.008,0.22115385,1.3454545454545455,0.24137931,0.75242718,3.7636363636363637,6.291035504774614,-2.5273991411382504,"Dylan Farley","sa3031150",
2026,"Griffen Paige","WRST",21,76,9.118421052631579,4.144736842105263,2.2,1.4210526315789473,0.24137931,0.10971787,0.13166144,0.19202899,1.1578947368421053,0.21925134,0.71969697,4.144736842105263,6.675045580612986,-2.530308738507723,"Griffen Paige","sa3039352",
2026,"Harbersting Abreu","BCU",21,71.2,8.162790987335596,3.265116394934238,2.5,1.25581399805163,0.20186335,0.08074534,0.12111801,0.29553265,1.5627907531309173,0.35185185,0.73786408,4.018604793765216,6.552392005394318,-2.533787211629102,"Harbersting Abreu","sa3069447",
2026,"Nick Lewis","WSU",21,100,5.94,2.43,2.44444444,0.63,0.15827338,0.0647482,0.09352518,0.23896104,1.19,0.2724359,0.7267951,2.97,5.568134307861328,-2.598134307861328,"Nick Lewis","sa3059808",
2026,"Colby Barker","MRMK",,70.1,6.654028195420823,4.478672823840939,1.48571429,1.4075828874928664,0.17161716,0.11551155,0.05610561,0.22900763,1.3507108516345687,0.24623116,0.78271028,3.96682450111626,6.599675274679267,-2.6328507735630073,"Colby Barker","sa3026571",
2026,"Zach Sabers","CAM",,49.1,8.391892108192756,4.560810928365628,1.84,0.9121621856731257,0.19827586,0.10775862,0.09051724,0.22916667,1.3986486846987927,0.27659574,0.71428571,3.4662163055578774,6.172970495614108,-2.706754190056231,"Zach Sabers","sa3041391",
2026,"Harrison Engle","FAIR",,63,8.428571428571429,6.142857142857143,1.37209302,1.2857142857142858,0.20921986,0.15248227,0.05673759,0.20338983,1.4444444444444444,0.23214286,0.77395577,3.7142857142857144,6.470960997021388,-2.7566752827356735,"Harrison Engle","sa3070029",
2026,"James Reilly","UNH",,45,5,8.6,0.58139535,0.8,0.10964912,0.18859649,-0.07894737,0.25280899,1.9555555555555555,0.27516779,0.63758389,6,8.792401705847846,-2.792401705847846,"James Reilly","sa3074407",
2026,"Ben Alekson","FAIR",21,87.1,6.492366223157163,2.988549531294567,2.17241379,0.8244274569088461,0.17027027,0.07837838,0.09189189,0.22754491,1.2022900413254005,0.25855513,0.81349206,2.473282370726538,5.281090618170446,-2.807808247443908,"Ben Alekson","sa3025872",
2026,"Joshua Pena","TXSO",,43,5.441860465116279,5.232558139534884,1.04,0.627906976744186,0.12745098,0.12254902,0.00490196,0.22981366,1.441860465116279,0.25757576,0.73878628,5.023255813953488,7.9523919593456185,-2.92913614539213,"Joshua Pena","sa3070983",
2026,"Sam Perry","MASS",,40.2,8.18852433412507,3.7622949643277352,2.17647059,0.8852458739594671,0.20903955,0.0960452,0.11299435,0.21768707,1.2049179951114968,0.26415094,0.78014184,3.3196720273480014,6.299687133159603,-2.9800151058116016,"Sam Perry","sa3075558",
2026,"Ryland Urbanczyk","RICE",22,66.2,5.535000211143502,4.860000185394294,1.13888889,0.810000030899049,0.14335664,0.12587413,0.01748252,0.20833333,1.2900000492095967,0.22797927,0.82191781,2.8350001081466716,5.901946583175662,-3.0669464750289905,"Ryland Urbanczyk","sa3044251",
2026,"Andrew Malec","MERC",22,56.2,7.464705714849456,6.988235137305874,1.06818182,0.7941176292393038,0.17735849,0.16603774,0.01132076,0.21658986,1.6058823169061478,0.25454545,0.71590909,4.288235197892241,7.444035647237179,-3.1558004493449383,"Andrew Malec","sa3036909",
2026,"Aidan Russell","SDSU",22,57,7.7368421052631575,2.3684210526315788,3.26666667,0.9473684210526315,0.22374429,0.06849315,0.15525114,0.14572864,0.7719298245614035,0.15972222,0.68965517,2.526315789473684,5.71988869382624,-3.193572904352556,"Aidan Russell","sa3041323",
2026,"John Hegarty","COR",22,34,5.029411764705882,5.029411764705882,1,0.2647058823529412,0.13103448,0.13103448,0,0.18965517,1.2058823529411764,0.21875,0.8266129,2.6470588235294117,5.865830780478085,-3.218771956948673,"John Hegarty","sa3065320",
2026,"Ben Rabatin","KENT",21,74.1,7.506726200574996,4.116591787412095,1.82352941,1.816143435622983,0.19076923,0.10461538,0.08615385,0.23131673,1.3318385194568543,0.24509804,0.80681818,4.116591787412095,7.3584976485062805,-3.2419058610941853,"Ben Rabatin","sa3065115",
2026,"Jack Hill","ORU",,47.2,5.097901961909422,3.0209789403907683,1.6875,1.3216782864209613,0.14361702,0.08510638,0.05851064,0.17857143,0.9650349392914955,0.17164179,0.7960199,3.2097901241651914,6.598974837857627,-3.3891847136924356,"Jack Hill","sa3033822",
2026,"Nick Noble","FDU",,49,6.979591836734694,4.775510204081633,1.46153846,1.1020408163265305,0.18095238,0.12380952,0.05714286,0.20454545,1.2653061224489797,0.22727273,0.79545455,3.489795918367347,7.537072907661905,-4.0472769892945575,"Nick Noble","sa3060148",