year,pick,round,round_label,api_name,api_school,api_school_class,api_club,status,name_score,school_score,n_candidates,matched_nameascii,matched_playerid,matched_acronym,matched_full_team_name,best_rejected_nameascii,best_rejected_school_score
2021,1,1,1,Henry Davis,Louisville,4YR JR,Pittsburgh Pirates,matched_exact_name,100.0,100.0,1,Henry Davis,6903306,LOU,University of Louisville,,
2021,2,1,1,Jack Leiter,Vanderbilt,4YR SO,Texas Rangers,matched_exact_name,100.0,100.0,1,Jack Leiter,6898270,VAN,Vanderbilt University,,
2021,3,1,1,Jackson Jobe,Heritage Hall School,HS SR,Detroit Tigers,no_candidate,,,0,,,,,,
2021,4,1,1,Marcelo Mayer,Eastlake HS,HS SR,Boston Red Sox,no_candidate,,,0,,,,,,
2021,5,1,1,Colton Cowser,Sam Houston,4YR JR,Baltimore Orioles,matched_exact_name,100.0,100.0,1,Colton Cowser,6905999,SHSU,Sam Houston State University,,
2021,6,1,1,Jordan Lawlar,Jesuit College Prep,HS SR,Arizona Diamondbacks,rejected_fuzzy_school_guard,91.7,12.5,1,,,,,Jordan Lala,12.5
2021,7,1,1,Frank Mozzicato,East Catholic HS,HS SR,Kansas City Royals,no_candidate,,,0,,,,,,
2021,8,1,1,Benny Montgomery,Red Land HS,HS SR,Colorado Rockies,no_candidate,,,0,,,,,,
2021,9,1,1,Sam Bachman,Miami University,4YR JR,Los Angeles Angels,matched_exact_name,100.0,100.0,1,Sam Bachman,6903759,M-OH,Miami University-Ohio,,
2021,10,1,1,Kumar Rocker,Vanderbilt,4YR JR,New York Mets,matched_exact_name,100.0,100.0,1,Kumar Rocker,6898288,VAN,Vanderbilt University,,
2021,11,1,1,Brady House,Winder Barrow HS,HS SR,Washington Nationals,no_candidate,,,0,,,,,,
2021,12,1,1,Harry Ford,North Cobb HS,HS SR,Seattle Mariners,no_candidate,,,0,,,,,,
2021,13,1,1,Andrew Painter,Calvary Christian Academy,HS JR,Philadelphia Phillies,rejected_fuzzy_school_guard,88.9,26.3,1,,,,,Andrew Pintar,26.3
2021,14,1,1,Will Bednar,Mississippi State,4YR SO,San Francisco Giants,matched_exact_name,100.0,100.0,1,Will Bednar,6903931,MSST,Mississippi State University,,
2021,15,1,1,Sal Frelick,Boston College,4YR JR,Milwaukee Brewers,matched_exact_name,100.0,100.0,1,Sal Frelick,6900297,BC,Boston College,,
2021,16,1,1,Kahlil Watson,Wake Forest HS,HS SR,Miami Marlins,no_candidate,,,0,,,,,,
2021,17,1,1,Matt McLain,UCLA,4YR JR,Cincinnati Reds,matched_exact_name,100.0,100.0,1,Matt McLain,6900919,UCLA,"University of California, Los Angeles",,
2021,18,1,1,Michael McGreevy,UC Santa Barbara,4YR JR,St. Louis Cardinals,matched_exact_name,100.0,100.0,1,Michael McGreevy,6900785,UCSB,"University of California, Santa Barbara",,
2021,19,1,1,Gunnar Hoglund,Ole Miss,4YR JR,Toronto Blue Jays,matched_exact_name,100.0,100.0,1,Gunnar Hoglund,6904004,MISS,University of Mississippi,,
2021,20,1,1,Trey Sweeney,Eastern Illinois,4YR JR,New York Yankees,matched_exact_name,100.0,100.0,1,Trey Sweeney,6901670,EIU,Eastern Illinois University,,
2021,21,1,1,Jordan Wicks,Kansas State,4YR JR,Chicago Cubs,matched_exact_name,100.0,100.0,1,Jordan Wicks,6902883,KSU,Kansas St.,,
2021,22,1,1,Colson Montgomery,Southridge HS,HS SR,Chicago White Sox,rejected_fuzzy_school_guard,88.2,34.8,1,,,,,Carson Montgomery,34.8
2021,23,1,1,Gavin Williams,East Carolina,4YR SR,Cleveland Guardians,matched_exact_name,100.0,100.0,1,Gavin Williams,6901604,ECU,East Carolina University,,
2021,24,1,1,Ryan Cusick,Wake Forest,4YR JR,Atlanta Braves,matched_exact_name,100.0,100.0,1,Ryan Cusick,6898507,WAKE,Wake Forest University,,
2021,25,1,1,Max Muncy,Thousand Oaks HS,HS SR,Athletics,no_candidate,,,0,,,,,,
2021,26,1,1,Chase Petty,Mainland Regional HS,HS SR,Minnesota Twins,no_candidate,,,0,,,,,,
2021,27,1,1,Jackson Merrill,Severna Park HS,HS SR,San Diego Padres,no_candidate,,,0,,,,,,
2021,28,1,1,Carson Williams,Torrey Pines HS,HS SR,Tampa Bay Rays,rejected_fuzzy_school_guard,86.7,44.4,1,,,,,Camryn Williams,44.4
2021,29,1,1,Maddux Bruns,UMS Wright Prep School,HS SR,Los Angeles Dodgers,no_candidate,,,0,,,,,,
2021,30,1,1C,Jay Allen II,John Carroll HS,HS SR,Cincinnati Reds,no_candidate,,,0,,,,,,
2021,31,1,CB-A,Joe Mack,Williamsville East HS,HS SR,Miami Marlins,no_candidate,,,0,,,,,,
2021,32,1,CB-A,Ty Madden,Texas,4YR JR,Detroit Tigers,matched_exact_name,100.0,100.0,1,Ty Madden,6897945,TEX,University of Texas at Austin,,
2021,33,1,CB-A,Tyler Black,Wright State University,4YR JR,Milwaukee Brewers,matched_exact_name,100.0,100.0,1,Tyler Black,6898866,WRST,Wright State University,,
2021,34,1,CB-A,Cooper Kinney,The Baylor Schools,HS SR,Tampa Bay Rays,no_candidate,,,0,,,,,,
2021,35,1,CB-A,Mat Nelson,Florida State,4YR JR,Cincinnati Reds,matched_fuzzy_name,87.0,100.0,1,Matheu Nelson,6901950,FSU,Florida State University,,
2021,36,1,CB-A,Noah Miller,Ozaukee HS,HS SR,Minnesota Twins,no_candidate,,,0,,,,,,
2021,37,2,2,Anthony Solometo,Bishop Eustace Prep School,HS SR,Pittsburgh Pirates,no_candidate,,,0,,,,,,
2021,38,2,2,Aaron Zavala,Oregon,4YR JR,Texas Rangers,matched_exact_name,100.0,100.0,1,Aaron Zavala,6905275,ORE,University of Oregon,,
2021,39,2,2,Izaac Pacheco,Friendswood HS,HS SR,Detroit Tigers,no_candidate,,,0,,,,,,
2021,40,2,2,Jud Fabian,Florida,4YR JR,Boston Red Sox,matched_exact_name,100.0,100.0,1,Jud Fabian,6901978,FLA,University of Florida,,
2021,41,2,2,Connor Norby,East Carolina,4YR JR,Baltimore Orioles,matched_exact_name,100.0,100.0,1,Connor Norby,6901607,ECU,East Carolina University,,
2021,42,2,2,Ryan Bliss,Auburn,4YR JR,Arizona Diamondbacks,matched_exact_name,100.0,100.0,1,Ryan Bliss,6900101,AUB,Auburn University,,
2021,43,2,2,Ben Kudrna,Blue Valley Southwest HS,HS SR,Kansas City Royals,no_candidate,,,0,,,,,,
2021,44,2,2,Jaden Hill,LSU,4YR JR,Colorado Rockies,matched_exact_name,100.0,100.0,1,Jaden Hill,6903232,LSU,Louisiana State University,,
2021,45,2,2,Ky Bush,St. Mary's College,4YR JR,Los Angeles Angels,matched_exact_name,100.0,100.0,1,Ky Bush,7106029,SMC,St. Mary's College of California,,
2021,46,2,2,Calvin Ziegler,TNXL Academy,HS SR,New York Mets,no_candidate,,,0,,,,,,
2021,47,2,2,Daylen Lile,Trinity HS,HS SR,Washington Nationals,no_candidate,,,0,,,,,,
2021,48,2,2,Edwin Arroyo,Arecibo Baseball Academy,HS SR,Seattle Mariners,no_candidate,,,0,,,,,,
2021,49,2,2,Ethan Wilson,University of South Alabama,4YR JR,Philadelphia Phillies,matched_exact_name,100.0,100.0,1,Ethan Wilson,6906277,USA,University of South Alabama,,
2021,50,2,2,Matt Mikulski,Fordham,4YR SR,San Francisco Giants,matched_exact_name,100.0,100.0,1,Matt Mikulski,6902006,FOR,Fordham University,,
2021,51,2,2,Russell Smith,TCU,4YR SR,Milwaukee Brewers,matched_exact_name,100.0,100.0,1,Russell Smith,6897812,TCU,Texas Christian University,,
2021,52,2,2,Cody Morissette,Boston College,4YR JR,Miami Marlins,matched_exact_name,100.0,100.0,1,Cody Morissette,6900308,BC,Boston College,,
2021,53,2,2,Andrew Abbott,Virginia,4YR SR,Cincinnati Reds,matched_exact_name,100.0,100.0,1,Andrew Abbott,6898436,UVA,University of Virginia,,
2021,54,2,2,Joshua Baez,Dexter School,HS SR,St. Louis Cardinals,no_candidate,,,0,,,,,,
2021,55,2,2,Brendan Beck,Stanford,4YR SR,New York Yankees,matched_exact_name,100.0,100.0,1,Brendan Beck,6906682,STAN,Stanford University,,
2021,56,2,2,James Triantos,James Madison HS,HS SR,Chicago Cubs,no_candidate,,,0,,,,,,
2021,57,2,2,Wes Kath,Desert Mountain HS,HS SR,Chicago White Sox,no_candidate,,,0,,,,,,
2021,58,2,2,Doug Nikhazy,Ole Miss,4YR JR,Cleveland Guardians,matched_exact_name,100.0,100.0,1,Doug Nikhazy,6904014,MISS,University of Mississippi,,
2021,59,2,2,Spencer Schwellenbach,Nebraska,4YR JR,Atlanta Braves,matched_exact_name,100.0,100.0,1,Spencer Schwellenbach,6904355,NEB,University of Nebraska–Lincoln,,
2021,60,2,2,Zack Gelof,Virginia,4YR JR,Athletics,matched_exact_name,100.0,100.0,1,Zack Gelof,6898441,UVA,University of Virginia,,
2021,61,2,2,Steve Hajjar,Michigan,4YR JR,Minnesota Twins,matched_fuzzy_name,96.0,100.0,1,Steven Hajjar,6903851,MICH,University of Michigan,,
2021,62,2,2,James Wood,IMG Academy,HS SR,San Diego Padres,rejected_fuzzy_school_guard,85.7,12.5,1,,,,,James Flood,12.5
2021,63,2,2,Kyle Manzardo,Washington State,4YR JR,Tampa Bay Rays,matched_exact_name,100.0,100.0,1,Kyle Manzardo,6898524,WSU,Washington State University,,
2021,64,2,CB-B,Lonnie White Jr.,Malvern Prep School,HS SR,Pittsburgh Pirates,no_candidate,,,0,,,,,,
2021,65,2,CB-B,Reed Trimble,Southern Mississippi,4YR SO,Baltimore Orioles,matched_exact_name,100.0,100.0,1,Reed Trimble,6906525,USM,University of Southern Mississippi,,
2021,66,2,CB-B,Peyton Wilson,Alabama,4YR SO,Kansas City Royals,matched_exact_name,100.0,100.0,2,Peyton Wilson,6899788,ALA,University of Alabama,,
2021,67,2,CB-B,Adrian Del Castillo,Miami,4YR SO,Arizona Diamondbacks,matched_exact_name,100.0,100.0,1,Adrian Del Castillo,6903789,MIA,University of Miami,,
2021,68,2,CB-B,Joe Rock,Ohio University,4YR JR,Colorado Rockies,matched_exact_name,100.0,100.0,1,Joe Rock,6905092,OHIO,Ohio University,,
2021,69,2,CB-B,Tommy Mace,Florida,4YR JR,Cleveland Guardians,matched_exact_name,100.0,100.0,1,Tommy Mace,6901970,FLA,University of Florida,,
2021,70,2,CB-B,Ryan Holgate,Arizona,4YR JR,St. Louis Cardinals,matched_exact_name,100.0,100.0,1,Ryan Holgate,6899972,ARIZ,University of Arizona,,
2021,71,2,CB-B,Robert Gasser,Houston,4YR JR,San Diego Padres,matched_exact_name,100.0,100.0,1,Robert Gasser,6902522,HOU,University of Houston,,
2021,72,3,3,Bubba Chandler,North Oconee HS,HS SR,Pittsburgh Pirates,no_candidate,,,0,,,,,,
2021,73,3,3,Cameron Cauley,Barbers Hill HS,HS SR,Texas Rangers,rejected_fuzzy_school_guard,85.7,37.0,1,,,,,Cameron Turley,37.0
2021,74,3,3,Dylan Smith,Alabama,4YR JR,Detroit Tigers,matched_exact_name,100.0,100.0,1,Dylan Smith,6899799,ALA,University of Alabama,,
2021,75,3,3,Tyler McDonough,NC State,4YR JR,Boston Red Sox,matched_exact_name,100.0,100.0,1,Tyler McDonough,6904742,NCSU,North Carolina State University,,
2021,76,3,3,John Rhodes,Kentucky,4YR SO,Baltimore Orioles,matched_exact_name,100.0,100.0,1,John Rhodes,6902981,UK,University of Kentucky,,
2021,77,3,3,Jacob Steinmetz,ELEV8 Baseball Academy,HS SR,Arizona Diamondbacks,no_candidate,,,0,,,,,,
2021,78,3,3,Carter Jensen,Park Hill Senior HS,HS SR,Kansas City Royals,no_candidate,,,0,,,,,,
2021,79,3,3,McCade Brown,Indiana,4YR JR,Colorado Rockies,matched_exact_name,100.0,100.0,1,McCade Brown,6902673,IU,Indiana University,,
2021,80,3,3,Landon Marceaux,LSU,4YR JR,Los Angeles Angels,matched_exact_name,100.0,100.0,1,Landon Marceaux,6903230,LSU,Louisiana State University,,
2021,81,3,3,Dom Hamel,Dallas Baptist,4YR SR,New York Mets,matched_school_surname,0.0,100.0,1,Dominic Hamel,6899099,DBU,Dallas Baptist University,,
2021,82,3,3,Branden Boissiere,Arizona,4YR JR,Washington Nationals,matched_exact_name,100.0,100.0,1,Branden Boissiere,6899973,ARIZ,University of Arizona,,
2021,83,3,3,Michael Morales,East Pennsboro HS,HS SR,Seattle Mariners,no_candidate,,,0,,,,,,
2021,84,3,3,Jordan Viars,Rick Reedy HS,HS SR,Philadelphia Phillies,no_candidate,,,0,,,,,,
2021,85,3,3,Mason Black,Lehigh,4YR JR,San Francisco Giants,matched_exact_name,100.0,100.0,1,Mason Black,6903123,LEH,Lehigh University,,
2021,86,3,3,Alex Binelas,Louisville,4YR JR,Milwaukee Brewers,matched_exact_name,100.0,100.0,1,Alex Binelas,6903307,LOU,University of Louisville,,
2021,87,3,3,Tyler Whitaker,Bishop Gorman HS,HS SR,Houston Astros,rejected_fuzzy_school_guard,88.9,29.8,1,,,,,Kyle Whitaker,29.8
2021,88,3,3,Jordan McCants,Pensacola Catholic HS,HS SR,Miami Marlins,no_candidate,,,0,,,,,,
2021,89,3,3,Jose Torres,NC State,4YR SO,Cincinnati Reds,matched_exact_name,100.0,100.0,1,Jose Torres,6904724,NCSU,North Carolina State University,,
2021,90,3,3,Austin Love,North Carolina,4YR JR,St. Louis Cardinals,matched_exact_name,100.0,100.0,1,Austin Love,6904225,UNC,University of North Carolina at Chapel Hill,,
2021,91,3,3,Ricky Tiedemann,Golden West College,JC J1,Toronto Blue Jays,no_candidate,,,0,,,,,,
2021,92,3,3,Brock Selvidge,Hamilton HS,HS SR,New York Yankees,no_candidate,,,0,,,,,,
2021,93,3,3,Drew Gray,IMG Academy,HS SR,Chicago Cubs,no_candidate,,,0,,,,,,
2021,94,3,3,Sean Burke,Maryland,4YR JR,Chicago White Sox,matched_exact_name,100.0,100.0,1,Sean Burke,6903561,MD,University of Maryland,,
2021,95,3,3,Jake Fox,Lakeland Christian School,HS SR,Cleveland Guardians,no_candidate,,,0,,,,,,
2021,96,3,3,Dylan Dodd,Southeast Missouri State,4YR 5S,Atlanta Braves,matched_exact_name,100.0,100.0,1,Dylan Dodd,7112835,SEMO,Southeast Missouri State University,,
2021,97,3,3,Mason Miller,Gardner-Webb University,4YR 5S,Athletics,matched_exact_name,100.0,100.0,3,Mason Miller,7105762,GWEB,Gardner–Webb University,,
2021,98,3,3,Cade Povich,Nebraska,4YR JR,Minnesota Twins,matched_exact_name,100.0,100.0,1,Cade Povich,6904331,NEB,University of Nebraska–Lincoln,,
2021,99,3,3,Kevin Kopps,Arkansas,4YR SR,San Diego Padres,matched_exact_name,100.0,100.0,1,Kevin Kopps,6900022,ARK,University of Arkansas,,
2021,100,3,3,Ryan Spikes,Parkview HS,HS SR,Tampa Bay Rays,no_candidate,,,0,,,,,,
2021,101,3,3,Peter Heubeck,Gilman School,HS SR,Los Angeles Dodgers,no_candidate,,,0,,,,,,
2021,102,4,4,Owen Kellington,U-32 HS,HS SR,Pittsburgh Pirates,no_candidate,,,0,,,,,,
2021,103,4,4,Ian Moller,Wahlert HS,HS SR,Texas Rangers,no_candidate,,,0,,,,,,
2021,104,4,4,Tyler Mattison,Bryant University,4YR SR,Detroit Tigers,matched_exact_name,100.0,100.0,1,Tyler Mattison,6900454,BRY,Bryant University,,
2021,105,4,4,Elmer Rodríguez,Leadership Christian Academy,HS SR,Boston Red Sox,no_candidate,,,0,,,,,,
2021,106,4,4,Donta' Williams,Arizona,4YR SR,Baltimore Orioles,matched_fuzzy_name,96.6,100.0,1,Donta Williams,6899963,ARIZ,University of Arizona,,
2021,107,4,4,Chad Patrick,Purdue University Northwest,4YR SR,Arizona Diamondbacks,rejected_fuzzy_school_guard,88.0,13.3,1,,,,,Chase Patrick,13.3
2021,108,4,4,Shane Panzini,Red Bank Catholic HS,HS SR,Kansas City Royals,no_candidate,,,0,,,,,,
2021,109,4,4,Hunter Goodman,University of Memphis,4YR JR,Colorado Rockies,matched_exact_name,100.0,100.0,1,Hunter Goodman,6903695,MEM,University of Memphis,,
2021,110,4,4,Luke Murphy,Vanderbilt,4YR JR,Los Angeles Angels,matched_exact_name,100.0,100.0,1,Luke Murphy,6898291,VAN,Vanderbilt University,,
2021,111,4,4,JT Schwartz,UCLA,4YR JR,New York Mets,matched_exact_name,100.0,100.0,1,JT Schwartz,6900927,UCLA,"University of California, Los Angeles",,
2021,112,4,4,Dustin Saenz,Texas A&M,4YR SR,Washington Nationals,matched_exact_name,100.0,100.0,1,Dustin Saenz,6897773,TA&M,Texas A&M University,,
2021,113,4,4,Bryce Miller,Texas A&M,4YR JR,Seattle Mariners,matched_exact_name,100.0,100.0,1,Bryce Miller,6897788,TA&M,Texas A&M University,,
2021,114,4,4,Micah Ottenbreit,Trenton HS,HS SR,Philadelphia Phillies,no_candidate,,,0,,,,,,
2021,115,4,4,Eric Silva,JSerra Catholic HS,HS SR,San Francisco Giants,no_candidate,,,0,,,,,,
2021,116,4,4,Logan Henderson,McLennan CC,JC J1,Milwaukee Brewers,no_candidate,,,0,,,,,,
2021,117,4,4,Alex Ulloa,Calvary Christian Academy,HS SR,Houston Astros,no_candidate,,,0,,,,,,
2021,118,4,4,Tanner Allen,Mississippi State,4YR SR,Miami Marlins,matched_exact_name,100.0,100.0,1,Tanner Allen,6903949,MSST,Mississippi State University,,
2021,119,4,4,Ruben Ibarra,San Jose State,4YR SR,Cincinnati Reds,matched_exact_name,100.0,100.0,1,Ruben Ibarra,6906141,SJSU,San Jose State University,,
2021,120,4,4,Zane Mills,Washington State,4YR JR,St. Louis Cardinals,matched_exact_name,100.0,100.0,1,Zane Mills,6898510,WSU,Washington State University,,
2021,121,4,4,Chad Dallas,Tennessee,4YR JR,Toronto Blue Jays,matched_exact_name,100.0,100.0,1,Chad Dallas,6906835,TENN,University of Tennessee Knoxville,,
2021,122,4,4,Cooper Bowman,Louisville,4YR JR,New York Yankees,matched_exact_name,100.0,100.0,1,Cooper Bowman,7096824,LOU,University of Louisville,,
2021,123,4,4,Christian Franklin,Arkansas,4YR JR,Chicago Cubs,matched_exact_name,100.0,100.0,1,Christian Franklin,6900026,ARK,University of Arkansas,,
2021,124,4,4,Brooks Gosswein,Bradley University,4YR SR,Chicago White Sox,matched_exact_name,100.0,100.0,1,Brooks Gosswein,6900371,BRAD,Bradley University,,
2021,125,4,4,Ryan Webb,Georgia,4YR SR,Cleveland Guardians,matched_exact_name,100.0,100.0,1,Ryan Webb,6902257,UGA,University of Georgia,,
2021,126,4,4,Cal Conley,Texas Tech,4YR JR,Atlanta Braves,matched_exact_name,100.0,100.0,1,Cal Conley,6897880,TTU,Texas Tech University,,
2021,127,4,4,Denzel Clarke,Cal State Northridge,4YR JR,Athletics,matched_exact_name,100.0,100.0,1,Denzel Clarke,6900722,CSUN,"California State University, Northridge",,
2021,128,4,4,Christian Encarnacion-Strand,Oklahoma State,4YR JR,Minnesota Twins,matched_exact_name,100.0,100.0,1,Christian Encarnacion-Strand,7093442,OKST,Oklahoma State University,,
2021,129,4,4,Jackson Wolf,West Virginia,4YR JR,San Diego Padres,matched_exact_name,100.0,100.0,1,Jackson Wolf,6898600,WVU,West Virginia University,,
2021,130,4,4,Dru Baker,Texas Tech,4YR JR,Tampa Bay Rays,matched_exact_name,100.0,100.0,1,Dru Baker,6897874,TTU,Texas Tech University,,
2021,131,4,4,Nick Nastrini,UCLA,4YR SO,Los Angeles Dodgers,matched_exact_name,100.0,100.0,1,Nick Nastrini,6900923,UCLA,"University of California, Los Angeles",,
2021,132,4,4C,Chayce McDermott,Ball State,4YR SR,Houston Astros,matched_exact_name,100.0,100.0,1,Chayce McDermott,6900165,BALL,Ball State University,,
2021,133,5,5,Jackson Glenn,Dallas Baptist,4YR 5S,Pittsburgh Pirates,matched_exact_name,100.0,100.0,1,Jackson Glenn,7093363,DBU,Dallas Baptist University,,
2021,134,5,5,Mitch Bratt,Georgia Premier Academy,HS SR,Texas Rangers,no_candidate,,,0,,,,,,
2021,135,5,5,Tanner Kohlhepp,Notre Dame,4YR JR,Detroit Tigers,matched_exact_name,100.0,100.0,1,Tanner Kohlhepp,7105463,ND,University of Notre Dame,,
2021,136,5,5,Nathan Hickey,Florida,4YR SO,Boston Red Sox,matched_exact_name,100.0,100.0,1,Nathan Hickey,6901954,FLA,University of Florida,,
2021,137,5,5,Carlos Tavera,University of Texas - Arlington,4YR SR,Baltimore Orioles,matched_exact_name,100.0,100.0,1,Carlos Tavera,6897895,UTA,University of Texas at Arlington,,
2021,138,5,5,Caleb Roberts,North Carolina,4YR JR,Arizona Diamondbacks,matched_exact_name,100.0,100.0,1,Caleb Roberts,6904220,UNC,University of North Carolina at Chapel Hill,,
2021,139,5,5,Eric Cerantola,Mississippi State,4YR JR,Kansas City Royals,matched_exact_name,100.0,100.0,1,Eric Cerantola,6903957,MSST,Mississippi State University,,
2021,140,5,5,Evan Justice,NC State,4YR SR,Colorado Rockies,matched_exact_name,100.0,100.0,1,Evan Justice,6904733,NCSU,North Carolina State University,,
2021,141,5,5,Brett Kerry,South Carolina,4YR JR,Los Angeles Angels,matched_exact_name,100.0,100.0,1,Brett Kerry,6906321,SC,University of South Carolina,,
2021,142,5,5,Christian Scott,Florida,4YR JR,New York Mets,matched_exact_name,100.0,100.0,2,Christian Scott,6901984,FLA,University of Florida,,
2021,143,5,5,T.J. White,Dorman HS,HS SR,Washington Nationals,no_candidate,,,0,,,,,,
2021,144,5,5,Andy Thomas,Baylor,4YR SR,Seattle Mariners,matched_exact_name,100.0,100.0,1,Andy Thomas,7093470,BAY,Baylor University,,
2021,145,5,5,Griff McGarry,Virginia,4YR SR,Philadelphia Phillies,matched_exact_name,100.0,100.0,1,Griff McGarry,6898429,UVA,University of Virginia,,
2021,146,5,5,Rohan Handa,Yale,4YR JR,San Francisco Giants,no_candidate,,,0,,,,,,
2021,147,5,5,Ethan Murray,Duke,4YR JR,Milwaukee Brewers,matched_exact_name,100.0,100.0,1,Ethan Murray,6901580,DUKE,Duke University,,
2021,148,5,5,Quincy Hamilton,Wright State University,4YR 5S,Houston Astros,matched_exact_name,100.0,100.0,1,Quincy Hamilton,6898869,WRST,Wright State University,,
2021,149,5,5,Brady Allen,South Carolina,4YR JR,Miami Marlins,matched_exact_name,100.0,100.0,1,Brady Allen,6906306,SC,University of South Carolina,,
2021,150,5,5,Thomas Farr,South Carolina,4YR JR,Cincinnati Reds,matched_exact_name,100.0,100.0,1,Thomas Farr,6906300,SC,University of South Carolina,,
2021,151,5,5,Gordon Graceffo,Villanova,4YR JR,St. Louis Cardinals,matched_exact_name,100.0,100.0,1,Gordon Graceffo,6898315,VILL,Villanova University,,
2021,152,5,5,Irv Carter,Calvary Christian Academy,HS SR,Toronto Blue Jays,no_candidate,,,0,,,,,,
2021,153,5,5,Tyler Hardman,Oklahoma,4YR SR,New York Yankees,matched_exact_name,100.0,100.0,1,Tyler Hardman,6905154,OU,University of Oklahoma,,
2021,154,5,5,Liam Spence,Tennessee,4YR SR,Chicago Cubs,matched_exact_name,100.0,100.0,1,Liam Spence,6906846,TENN,University of Tennessee Knoxville,,
2021,155,5,5,Tanner McDougal,Silverado HS,HS SR,Chicago White Sox,no_candidate,,,0,,,,,,
2021,156,5,5,Tanner Bibee,Cal State Fullerton,4YR SR,Cleveland Guardians,matched_exact_name,100.0,100.0,1,Tanner Bibee,6900651,CSUF,"California State University, Fullerton",,
2021,157,5,5,Luke Waddell,Georgia Tech,4YR SR,Atlanta Braves,matched_exact_name,100.0,100.0,1,Luke Waddell,6902227,GT,Georgia Institute of Technology,,
2021,158,5,5,CJ Rodriguez,Vanderbilt,4YR SO,Athletics,matched_exact_name,100.0,100.0,1,CJ Rodriguez,6898269,VAN,Vanderbilt University,,
2021,159,5,5,Christian MacLeod,Mississippi State,4YR JR,Minnesota Twins,matched_exact_name,100.0,100.0,1,Christian MacLeod,6903960,MSST,Mississippi State University,,
2021,160,5,5,Max Ferguson,Tennessee,4YR JR,San Diego Padres,matched_exact_name,100.0,100.0,1,Max Ferguson,6906844,TENN,University of Tennessee Knoxville,,
2021,161,5,5,Mason Auer,San Jacinto College North,JC J1,Tampa Bay Rays,no_candidate,,,0,,,,,,
2021,162,5,5,Ben Casparius,Connecticut,4YR SR,Los Angeles Dodgers,matched_exact_name,100.0,100.0,1,Ben Casparius,6901294,CONN,University of Connecticut,,
2021,163,6,6,Mike Jarvis,San Diego State,4YR SR,Pittsburgh Pirates,matched_exact_name,100.0,100.0,1,Mike Jarvis,7105568,SDSU,San Diego State University,,
2021,164,6,6,Chase Lee,Alabama,4YR SR,Texas Rangers,matched_exact_name,100.0,100.0,1,Chase Lee,6899797,ALA,University of Alabama,,
2021,165,6,6,Austin Murr,NC State,4YR JR,Detroit Tigers,matched_exact_name,100.0,100.0,1,Austin Murr,6904725,NCSU,North Carolina State University,,
2021,166,6,6,Daniel McElveny,Bonita Vista HS,HS SR,Boston Red Sox,no_candidate,,,0,,,,,,
2021,167,6,6,Collin Burns,Tulane,4YR JR,Baltimore Orioles,matched_exact_name,100.0,100.0,1,Collin Burns,6898100,TULN,Tulane University,,
2021,168,6,6,Luke Albright,Kent State,4YR JR,Arizona Diamondbacks,matched_exact_name,100.0,100.0,1,Luke Albright,6902957,KENT,Kent State University,,
2021,169,6,6,Dayton Dooney,Central Arizona College,JC J2,Kansas City Royals,no_candidate,,,0,,,,,,
2021,170,6,6,Braxton Fulford,Texas Tech,4YR SR,Colorado Rockies,matched_exact_name,100.0,100.0,1,Braxton Fulford,6897862,TTU,Texas Tech University,,
2021,171,6,6,Jake Smith,Miami,4YR JR,Los Angeles Angels,matched_exact_name,100.0,100.0,1,Jake Smith,7092133,MIA,University of Miami,,
2021,172,6,6,Carson Seymour,Kansas State,4YR SR,New York Mets,matched_exact_name,100.0,100.0,1,Carson Seymour,6902882,KSU,Kansas St.,,
2021,173,6,6,Michael Kirian,Louisville,4YR SR,Washington Nationals,matched_exact_name,100.0,100.0,1,Michael Kirian,6903292,LOU,University of Louisville,,
2021,174,6,6,Bryan Woo,Cal Poly,4YR JR,Seattle Mariners,matched_exact_name,100.0,100.0,1,Bryan Woo,6900547,CP,California Polytechnic State University,,
2021,175,6,6,Jose Pena Jr.,Tampa Preparatory School,HS SR,Philadelphia Phillies,no_candidate,,,0,,,,,,
2021,176,6,6,Seth Lonsway,Ohio State,4YR SR,San Francisco Giants,matched_exact_name,100.0,100.0,1,Seth Lonsway,6905044,OSU,Ohio State University,,
2021,177,6,6,Carlos Rodriguez,Florida SouthWestern State College,JC J1,Milwaukee Brewers,no_candidate,,,0,,,,,,
2021,178,6,6,Spencer Arrighetti,University of Louisiana at Lafayette,4YR JR,Houston Astros,matched_exact_name,100.0,100.0,1,Spencer Arrighetti,7086783,UL,University of Louisiana at Lafayette,,
2021,179,6,6,Sam Praytor,Alabama,4YR SR,Miami Marlins,matched_exact_name,100.0,100.0,1,Sam Praytor,6899792,ALA,University of Alabama,,
2021,180,6,6,Justice Thompson,North Carolina,4YR JR,Cincinnati Reds,matched_exact_name,100.0,100.0,1,Justice Thompson,7107654,UNC,University of North Carolina at Chapel Hill,,
2021,181,6,6,Alfredo Ruiz,Long Beach State,4YR JR,St. Louis Cardinals,matched_exact_name,100.0,100.0,1,Alfredo Ruiz,6900690,LBSU,Long Beach State University,,
2021,182,6,6,Hayden Juenger,Missouri State,4YR JR,Toronto Blue Jays,matched_exact_name,100.0,100.0,1,Hayden Juenger,6906593,MOST,Missouri State University,,
2021,183,6,6,Richard Fitts,Auburn,4YR JR,New York Yankees,matched_exact_name,100.0,100.0,1,Richard Fitts,6900100,AUB,Auburn University,,
2021,184,6,6,Riley Martin,Quincy University,4YR 5S,Chicago Cubs,no_candidate,,,0,,,,,,
2021,185,6,6,Taylor Broadway,Ole Miss,4YR 5S,Chicago White Sox,matched_exact_name,100.0,100.0,1,Taylor Broadway,7119793,MISS,University of Mississippi,,
2021,186,6,6,Aaron Davenport,Hawaii,4YR JR,Cleveland Guardians,matched_exact_name,100.0,100.0,1,Aaron Davenport,6902420,HAW,University of Hawaii Manoa,,
2021,187,6,6,Justyn-Henry Malloy,Georgia Tech,4YR JR,Atlanta Braves,matched_exact_name,100.0,100.0,1,Justyn-Henry Malloy,7111349,GT,Georgia Institute of Technology,,
2021,188,6,6,Grant Holman,California,4YR JR,Athletics,matched_exact_name,100.0,100.0,1,Grant Holman,6900828,CAL,"University of California, Berkeley",,
2021,189,6,6,Travis Adams,Sacramento State,4YR JR,Minnesota Twins,matched_exact_name,100.0,100.0,1,Travis Adams,6900759,SAC,Sacramento State University,,
2021,190,6,6,Ryan Bergert,West Virginia,4YR JR,San Diego Padres,no_candidate,,,0,,,,,,
2021,191,6,6,Mason Montgomery,Texas Tech,4YR JR,Tampa Bay Rays,matched_exact_name,100.0,100.0,2,Mason Montgomery,6897877,TTU,Texas Tech University,,
2021,192,6,6,Emmet Sheehan,Boston College,4YR JR,Los Angeles Dodgers,matched_fuzzy_name,96.3,100.0,1,Emmett Sheehan,6900314,BC,Boston College,,
2021,193,7,7,Wyatt Hendrie,San Diego State,4YR JR,Pittsburgh Pirates,matched_exact_name,100.0,100.0,1,Wyatt Hendrie,6906038,SDSU,San Diego State University,,
2021,194,7,7,Bradford Webb,Virginia Commonwealth U,4YR 5S,Texas Rangers,matched_exact_name,100.0,100.0,1,Bradford Webb,7092584,VCU,Virginia Commonwealth University,,
2021,195,7,7,Brant Hurter,Georgia Tech,4YR SR,Detroit Tigers,matched_exact_name,100.0,100.0,1,Brant Hurter,6902226,GT,Georgia Institute of Technology,,
2021,196,7,7,Wyatt Olds,Oklahoma,4YR JR,Boston Red Sox,matched_exact_name,100.0,100.0,1,Wyatt Olds,6905164,OU,University of Oklahoma,,
2021,197,7,7,Connor Pavolony,Tennessee,4YR JR,Baltimore Orioles,matched_exact_name,100.0,100.0,1,Connor Pavolony,6906842,TENN,University of Tennessee Knoxville,,
2021,198,7,7,Scott Randall,Sacramento State,4YR SR,Arizona Diamondbacks,matched_exact_name,100.0,100.0,1,Scott Randall,6900742,SAC,Sacramento State University,,
2021,199,7,7,Noah Cameron,Central Arkansas,4YR JR,Kansas City Royals,no_candidate,,,0,,,,,,
2021,200,7,7,Evan Shawver,Cincinnati,4YR JR,Colorado Rockies,matched_exact_name,100.0,100.0,1,Evan Shawver,6901134,CIN,University of Cincinnati,,
2021,201,7,7,Ryan Costeiu,Arkansas,4YR JR,Los Angeles Angels,matched_exact_name,100.0,100.0,1,Ryan Costeiu,7099947,ARK,University of Arkansas,,
2021,202,7,7,Kevin Kendall,UCLA,4YR SR,New York Mets,matched_exact_name,100.0,100.0,1,Kevin Kendall,6900908,UCLA,"University of California, Los Angeles",,
2021,203,7,7,Jacob Young,Florida,4YR JR,Washington Nationals,matched_exact_name,100.0,100.0,2,Jacob Young,6901982,FLA,University of Florida,,
2021,204,7,7,Colin Davis,Wofford,4YR SR,Seattle Mariners,matched_exact_name,100.0,100.0,1,Colin Davis,6899401,WOF,Wofford College,,
2021,205,7,7,Christian McGowan,Eastern Oklahoma State JC,JC J3,Philadelphia Phillies,no_candidate,,,0,,,,,,
2021,206,7,7,Nick Sinacola,University of Maine,4YR JR,San Francisco Giants,matched_school_surname,0.0,100.0,1,Nicholas Sinacola,6903398,ME,University of Maine,,
2021,207,7,7,Tristan Peters,Southern Illinois University Carbondale,4YR JR,Milwaukee Brewers,matched_exact_name,100.0,100.0,1,Tristan Peters,7087999,SIU,Southern Illinois University,,
2021,208,7,7,Joey Loperfido,Duke,4YR SR,Houston Astros,matched_exact_name,100.0,100.0,1,Joey Loperfido,6901571,DUKE,Duke University,,
2021,209,7,7,Gabe Bierman,Indiana,4YR SO,Miami Marlins,matched_exact_name,100.0,100.0,1,Gabe Bierman,6902667,IU,Indiana University,,
2021,210,7,7,Kevin Abel,Oregon State,4YR JR,Cincinnati Reds,matched_exact_name,100.0,100.0,1,Kevin Abel,6905245,ORST,Oregon State University,,
2021,211,7,7,Alec Willis,Regis Jesuit HS,HS SR,St. Louis Cardinals,no_candidate,,,0,,,,,,
2021,212,7,7,Jaden Rudd,A. Crawford Mosley HS,HS SR,Toronto Blue Jays,no_candidate,,,0,,,,,,
2021,213,7,7,Robby Ahlstrom,Oregon,4YR SR,New York Yankees,no_candidate,,,0,,,,,,
2021,214,7,7,Parker Chavers,Coastal Carolina,4YR SR,Chicago Cubs,matched_exact_name,100.0,100.0,1,Parker Chavers,6901250,CCU,Coastal Carolina University,,
2021,215,7,7,Theo Denlinger,Bradley University,4YR 5S,Chicago White Sox,matched_fuzzy_name,93.3,100.0,1,Theron Denlinger,6900379,BRAD,Bradley University,,
2021,216,7,7,Jack Leftwich,Florida,4YR JR,Cleveland Guardians,matched_exact_name,100.0,100.0,1,Jack Leftwich,6901966,FLA,University of Florida,,
2021,217,7,7,AJ Smith-Shawver,Colleyville Heritage HS,HS SR,Atlanta Braves,no_candidate,,,0,,,,,,
2021,218,7,7,Brett Harris,Gonzaga,4YR SR,Athletics,matched_exact_name,100.0,100.0,1,Brett Harris,6902310,GONZ,Gonzaga University,,
2021,219,7,7,Jake Rucker,Tennessee,4YR JR,Minnesota Twins,matched_exact_name,100.0,100.0,1,Jake Rucker,6906838,TENN,University of Tennessee Knoxville,,
2021,220,7,7,Ryan Och,Southern Mississippi,4YR SR,San Diego Padres,matched_exact_name,100.0,100.0,1,Ryan Och,6906541,USM,University of Southern Mississippi,,
2021,221,7,7,Logan Workman,Lee University,4YR SR,Tampa Bay Rays,no_candidate,,,0,,,,,,
2021,222,7,7,Ryan Sublette,Texas Tech,4YR SR,Los Angeles Dodgers,matched_exact_name,100.0,100.0,1,Ryan Sublette,6897865,TTU,Texas Tech University,,
2021,223,8,8,Sean Sullivan,California,4YR JR,Pittsburgh Pirates,matched_exact_name,100.0,100.0,1,Sean Sullivan,6900829,CAL,"University of California, Berkeley",,
2021,224,8,8,Larson Kindreich,Biola University,4YR JR,Texas Rangers,no_candidate,,,0,,,,,,
2021,225,8,8,Jordan Marks,University of South Carolina Upstate,4YR JR,Detroit Tigers,matched_exact_name,100.0,100.0,1,Jordan Marks,6899431,UPST,University of South Carolina Upstate,,
2021,226,8,8,Hunter Dobbins,Texas Tech,4YR JR,Boston Red Sox,no_candidate,,,0,,,,,,
2021,227,8,8,Creed Willems,Aledo HS,HS SR,Baltimore Orioles,no_candidate,,,0,,,,,,
2021,228,8,8,Gavin Conticello,Marjory Stoneman Douglas HS,HS SR,Arizona Diamondbacks,no_candidate,,,0,,,,,,
2021,229,8,8,Ryan Cepero,Carlos Beltran Baseball Academy,HS SR,Kansas City Royals,no_candidate,,,0,,,,,,
2021,230,8,8,Robby Martin Jr.,Florida State,4YR JR,Colorado Rockies,matched_fuzzy_name,85.7,100.0,1,Robby Martin,6901948,FSU,Florida State University,,
2021,231,8,8,Nick Jones,Georgia Southern,4YR SR,Los Angeles Angels,matched_exact_name,100.0,100.0,3,Nick Jones,6902160,GASO,Georgia Southern University,,
2021,232,8,8,Mike Vasil,Virginia,4YR JR,New York Mets,matched_exact_name,100.0,100.0,1,Mike Vasil,6898443,UVA,University of Virginia,,
2021,233,8,8,Will Frizzell,Texas A&M,4YR SR,Washington Nationals,matched_exact_name,100.0,100.0,1,Will Frizzell,6897775,TA&M,Texas A&M University,,
2021,234,8,8,James Parker,Clemson,4YR JR,Seattle Mariners,matched_exact_name,100.0,100.0,1,James Parker,6901223,CLEM,Clemson University,,
2021,235,8,8,Jason Ruffcorn,Oklahoma,4YR 5S,Philadelphia Phillies,matched_exact_name,100.0,100.0,1,Jason Ruffcorn,7115941,OU,University of Oklahoma,,
2021,236,8,8,Ian Villers,California,4YR JR,San Francisco Giants,matched_exact_name,100.0,100.0,1,Ian Villers,6900827,CAL,"University of California, Berkeley",,
2021,237,8,8,Zack Raabe,Minnesota,4YR JR,Milwaukee Brewers,matched_exact_name,100.0,100.0,1,Zack Raabe,6903912,MINN,University of Minnesota,,
2021,238,8,8,Colton Gordon,Central Florida,4YR SR,Houston Astros,matched_exact_name,100.0,100.0,1,Colton Gordon,6901064,UCF,University of Central Florida,,
2021,239,8,8,Patrick Monteverde,Texas Tech,4YR 5S,Miami Marlins,matched_exact_name,100.0,100.0,1,Patrick Monteverde,7108066,TTU,Texas Tech University,,
2021,240,8,8,Hunter Parks,Florence-Darlington Tech,JC J1,Cincinnati Reds,no_candidate,,,0,,,,,,
2021,241,8,8,Mike Antico,Texas,4YR 5S,St. Louis Cardinals,matched_exact_name,100.0,100.0,1,Mike Antico,7093108,TEX,University of Texas at Austin,,
2021,242,8,8,Hunter Gregory,Old Dominion,4YR JR,Toronto Blue Jays,matched_exact_name,100.0,100.0,1,Hunter Gregory,6905179,ODU,Old Dominion University,,
2021,243,8,8,Will Warren,Southeastern Louisiana University,4YR SR,New York Yankees,matched_exact_name,100.0,100.0,1,Will Warren,6906431,SELA,Southeastern Louisiana University,,
2021,244,8,8,Casey Opitz,Arkansas,4YR SR,Chicago Cubs,matched_exact_name,100.0,100.0,1,Casey Opitz,6900020,ARK,University of Arkansas,,
2021,245,8,8,Fraser Ellard,Liberty University,4YR 5S,Chicago White Sox,matched_exact_name,100.0,100.0,1,Fraser Ellard,7103236,LIB,Liberty University,,
2021,246,8,8,Rodney Boone,UC Santa Barbara,4YR JR,Cleveland Guardians,matched_exact_name,100.0,100.0,1,Rodney Boone,6900765,UCSB,"University of California, Santa Barbara",,
2021,247,8,8,Tyler Collins,McKinney Boyd HS,HS SR,Atlanta Braves,rejected_fuzzy_school_guard,88.0,33.3,1,,,,,Tyler Follis,33.3
2021,248,8,8,Drew Swift,Arizona State,4YR SR,Athletics,matched_exact_name,100.0,100.0,1,Drew Swift,6899922,ASU,Arizona State University,,
2021,249,8,8,Noah Cardenas,UCLA,4YR JR,Minnesota Twins,matched_exact_name,100.0,100.0,1,Noah Cardenas,6900926,UCLA,"University of California, Los Angeles",,
2021,250,8,8,Lucas Dunn,Louisville,4YR SR,San Diego Padres,matched_exact_name,100.0,100.0,1,Lucas Dunn,6903290,LOU,University of Louisville,,
2021,251,8,8,Patrick Wicklander,Arkansas,4YR JR,Tampa Bay Rays,matched_exact_name,100.0,100.0,1,Patrick Wicklander,6900027,ARK,University of Arkansas,,
2021,252,8,8,Ben Harris,Georgia,4YR JR,Los Angeles Dodgers,matched_exact_name,100.0,100.0,1,Ben Harris,6902281,UGA,University of Georgia,,
2021,253,9,9,Luke Brown,Louisville,4YR SR,Pittsburgh Pirates,matched_exact_name,100.0,100.0,2,Luke Brown,6903318,LOU,University of Louisville,,
2021,254,9,9,Liam Hicks,Arkansas State,4YR JR,Texas Rangers,matched_exact_name,100.0,100.0,1,Liam Hicks,6900000,ARST,Arkansas State University,,
2021,255,9,9,Garrett Burhenn,Ohio State,4YR JR,Detroit Tigers,matched_exact_name,100.0,100.0,1,Garrett Burhenn,6905041,OSU,Ohio State University,,
2021,256,9,9,Tyler Miller,Auburn,4YR JR,Boston Red Sox,matched_exact_name,100.0,100.0,2,Tyler Miller,6900083,AUB,Auburn University,,
2021,257,9,9,Ryan Higgins,Fresno State,4YR JR,Baltimore Orioles,matched_exact_name,100.0,100.0,1,Ryan Higgins,6900610,FRES,Fresno State University,,
2021,258,9,9,Jake Rice,Kennesaw State,4YR 5S,Arizona Diamondbacks,matched_exact_name,100.0,100.0,1,Jake Rice,7109523,KENN,Kennesaw State University,,
2021,259,9,9,Parker Bates,Louisiana Tech,4YR 5S,Kansas City Royals,matched_exact_name,100.0,100.0,1,Parker Bates,7105837,LT,Louisiana Tech University,,
2021,260,9,9,Cullen Kafka,Oregon,4YR JR,Colorado Rockies,matched_exact_name,100.0,100.0,1,Cullen Kafka,6905279,ORE,University of Oregon,,
2021,261,9,9,Braden Olthoff,Tulane,4YR SR,Los Angeles Angels,matched_exact_name,100.0,100.0,1,Braden Olthoff,6898087,TULN,Tulane University,,
2021,262,9,9,Levi David,Northwestern State,4YR SR,New York Mets,matched_exact_name,100.0,100.0,1,Levi David,6904932,NWST,Northwestern State University,,
2021,263,9,9,Cole Quintanilla,Texas,4YR SR,Washington Nationals,matched_exact_name,100.0,100.0,1,Cole Quintanilla,6897934,TEX,University of Texas at Austin,,
2021,264,9,9,Spencer Packard,Campbell University,4YR SR,Seattle Mariners,matched_exact_name,100.0,100.0,1,Spencer Packard,7118115,CAM,Campbell University,,
2021,265,9,9,Gavin Tonkel,Heritage HS,HS SR,Philadelphia Phillies,no_candidate,,,0,,,,,,
2021,266,9,9,Mat Olsen,Central Arizona College,JC J2,San Francisco Giants,no_candidate,,,0,,,,,,
2021,267,9,9,Brannon Jordan,South Carolina,4YR JR,Milwaukee Brewers,matched_exact_name,100.0,100.0,1,Brannon Jordan,6906296,SC,University of South Carolina,,
2021,268,9,9,Aaron Brown,Middle Tennessee State,4YR SR,Houston Astros,matched_exact_name,100.0,100.0,1,Aaron Brown,6903861,MTSU,Middle Tennessee State University,,
2021,269,9,9,Jake Schrand,Wright State University,4YR SR,Miami Marlins,matched_exact_name,100.0,100.0,1,Jake Schrand,6898868,WRST,Wright State University,,
2021,270,9,9,Jack Rogers,Sam Houston,4YR SR,Cincinnati Reds,matched_exact_name,100.0,100.0,1,Jack Rogers,6906008,SHSU,Sam Houston State University,,
2021,271,9,9,Trent Baker,Angelo State,4YR SR,St. Louis Cardinals,no_candidate,,,0,,,,,,
2021,272,9,9,Conor Larkin,Penn State,4YR SR,Toronto Blue Jays,matched_exact_name,100.0,100.0,1,Conor Larkin,6905363,PSU,Penn State University,,
2021,273,9,9,Chandler Champlain,USC,4YR JR,New York Yankees,matched_exact_name,100.0,100.0,1,Chandler Champlain,6906464,USC,University of Southern California,,
2021,274,9,9,Chase Watkins,Oregon State,4YR JR,Chicago Cubs,matched_exact_name,100.0,100.0,1,Chase Watkins,7089713,ORST,Oregon State University,,
2021,275,9,9,Gil Luna,Arizona,4YR SR,Chicago White Sox,matched_exact_name,100.0,100.0,1,Gil Luna,6899967,ARIZ,University of Arizona,,
2021,276,9,9,Will Dion,McNeese State,4YR JR,Cleveland Guardians,matched_exact_name,100.0,100.0,1,Will Dion,6903659,MCN,McNeese State University,,
2021,277,9,9,Liam McGill,Bryant University,4YR 5S,Atlanta Braves,matched_exact_name,100.0,100.0,1,Liam McGill,7085576,BRY,Bryant University,,
2021,278,9,9,Shane McGuire,University of San Diego,4YR SR,Athletics,matched_exact_name,100.0,100.0,1,Shane McGuire,6906086,USD,University of San Diego,,
2021,279,9,9,Patrick Winkel,Connecticut,4YR JR,Minnesota Twins,matched_school_surname,0.0,100.0,1,Pat Winkel,6901319,CONN,University of Connecticut,,
2021,280,9,9,Garrett Hawkins,University of British Columbia,4YR JR,San Diego Padres,no_candidate,,,0,,,,,,
2021,281,9,9,Alex Ayala Jr.,Florida SouthWestern State College,JC J1,Tampa Bay Rays,no_candidate,,,0,,,,,,
2021,282,9,9,Lael Lockhart,Arkansas,4YR 5S,Los Angeles Dodgers,matched_exact_name,100.0,100.0,1,Lael Lockhart,7099941,ARK,University of Arkansas,,
2021,283,10,10,Justin Meis,Eastern Michigan,4YR JR,Pittsburgh Pirates,matched_exact_name,100.0,100.0,1,Justin Meis,6901724,EMU,Eastern Michigan University,,
2021,284,10,10,C.J. Widger,Rowan Col at Gloucester County,JC J3,Texas Rangers,no_candidate,,,0,,,,,,
2021,285,10,10,Austin Schultz,Kentucky,4YR JR,Detroit Tigers,matched_exact_name,100.0,100.0,1,Austin Schultz,6902984,UK,University of Kentucky,,
2021,286,10,10,Matt Litwicki,Indiana,4YR SR,Boston Red Sox,matched_exact_name,100.0,100.0,1,Matt Litwicki,6902663,IU,Indiana University,,
2021,287,10,10,Billy Cook,Pepperdine,4YR SR,Baltimore Orioles,matched_exact_name,100.0,100.0,1,Billy Cook,6905431,PEPP,Pepperdine University,,
2021,288,10,10,Hugh Fisher,Vanderbilt,4YR SR,Arizona Diamondbacks,matched_exact_name,100.0,100.0,1,Hugh Fisher,6898276,VAN,Vanderbilt University,,
2021,289,10,10,Shane Connolly,Virginia Tech,4YR SR,Kansas City Royals,matched_exact_name,100.0,100.0,1,Shane Connolly,7109858,VT,Virginia Tech,,
2021,290,10,10,Zach Kokoska,Kansas State,4YR SR,Colorado Rockies,matched_exact_name,100.0,100.0,1,Zach Kokoska,6902881,KSU,Kansas St.,,
2021,291,10,10,Andrew Peters,South Carolina,4YR JR,Los Angeles Angels,matched_exact_name,100.0,100.0,1,Andrew Peters,6906299,SC,University of South Carolina,,
2021,292,10,10,Keyshawn Askew,Clemson,4YR JR,New York Mets,matched_exact_name,100.0,100.0,1,Keyshawn Askew,6901225,CLEM,Clemson University,,
2021,293,10,10,Darren Baker,California,4YR SR,Washington Nationals,matched_exact_name,100.0,100.0,1,Darren Baker,6900819,CAL,"University of California, Berkeley",,
2021,294,10,10,Jordan Jackson,Georgia Southern,4YR JR,Seattle Mariners,matched_exact_name,100.0,100.0,1,Jordan Jackson,6902142,GASO,Georgia Southern University,,
2021,295,10,10,Logan Cerny,Troy University,4YR JR,Philadelphia Phillies,matched_exact_name,100.0,100.0,1,Logan Cerny,6898065,TROY,Troy University,,
2021,296,10,10,Vaun Brown,Florida Southern,4YR SR,San Francisco Giants,no_candidate,,,0,,,,,,
2021,297,10,10,Wes Clarke,South Carolina,4YR JR,Milwaukee Brewers,matched_exact_name,100.0,100.0,1,Wes Clarke,6906317,SC,University of South Carolina,,
2021,298,10,10,Michael Sandle,University of South Alabama,4YR 5S,Houston Astros,matched_exact_name,100.0,100.0,1,Michael Sandle,6906269,USA,University of South Alabama,,
2021,299,10,10,Hunter Perdue,Florida State,4YR JR,Miami Marlins,matched_exact_name,100.0,100.0,1,Hunter Perdue,6901922,FSU,Florida State University,,
2021,300,10,10,Donovan Benoit,Tulane,4YR SR,Cincinnati Reds,matched_exact_name,100.0,100.0,1,Donovan Benoit,6898084,TULN,Tulane University,,
2021,301,10,10,Osvaldo Tovalin,Azusa Pacific University,4YR JR,St. Louis Cardinals,no_candidate,,,0,,,,,,
2021,302,10,10,Connor Cooke,University of Louisiana at Lafayette,4YR JR,Toronto Blue Jays,matched_exact_name,100.0,100.0,1,Connor Cooke,6906653,UL,University of Louisiana at Lafayette,,
2021,303,10,10,Ben Cowles,Maryland,4YR JR,New York Yankees,matched_school_surname,0.0,100.0,1,Benjamin Cowles,6903563,MD,University of Maryland,,
2021,304,10,10,Peter Matt,Duke,4YR 5S,Chicago Cubs,matched_exact_name,100.0,100.0,1,Peter Matt,7103010,DUKE,Duke University,,
2021,305,10,10,Tommy Sommer,Indiana,4YR SR,Chicago White Sox,matched_exact_name,100.0,100.0,1,Tommy Sommer,6902660,IU,Indiana University,,
2021,306,10,10,Franco Aleman,Florida,4YR JR,Cleveland Guardians,matched_exact_name,100.0,100.0,1,Franco Aleman,7101324,FLA,University of Florida,,
2021,307,10,10,Dylan Spain,No School,NS,Atlanta Braves,no_candidate,,,0,,,,,,
2021,308,10,10,Jack Winkler,University of San Francisco,4YR SR,Athletics,matched_exact_name,100.0,100.0,1,Jack Winkler,6906100,SF,University of San Francisco,,
2021,309,10,10,Ernie Yake,Gonzaga,4YR SR,Minnesota Twins,matched_exact_name,100.0,100.0,1,Ernie Yake,6902305,GONZ,Gonzaga University,,
2021,310,10,10,Colton Bender,Quinnipiac University,4YR SR,San Diego Padres,matched_exact_name,100.0,100.0,1,Colton Bender,6905595,QUIN,Quinnipiac University,,
2021,311,10,10,Austin Vernon,North Carolina Central University,4YR SR,Tampa Bay Rays,matched_exact_name,100.0,100.0,1,Austin Vernon,6904688,NCCU,North Carolina Central University,,
2021,312,10,10,Michael Hobbs,St. Mary's College,4YR SR,Los Angeles Dodgers,matched_exact_name,100.0,100.0,1,Michael Hobbs,6905938,SMC,St. Mary's College of California,,
2021,313,11,11,Jack Carey,Duke,4YR JR,Pittsburgh Pirates,matched_exact_name,100.0,100.0,1,Jack Carey,6901581,DUKE,Duke University,,
2021,314,11,11,JoJo Blackmon,Escambia HS,HS SR,Texas Rangers,no_candidate,,,0,,,,,,
2021,315,11,11,Josh Crouch,Central Florida,4YR JR,Detroit Tigers,matched_exact_name,100.0,100.0,1,Josh Crouch,6901042,UCF,University of Central Florida,,
2021,316,11,11,Niko Kavadas,Notre Dame,4YR SR,Boston Red Sox,matched_exact_name,100.0,100.0,1,Niko Kavadas,6904988,ND,University of Notre Dame,,
2021,317,11,11,Dylan Heid,University of Pittsburgh - Johnstown,4YR SR,Baltimore Orioles,no_candidate,,,0,,,,,,
2021,318,11,11,Tim Tawa,Stanford,4YR SR,Arizona Diamondbacks,matched_exact_name,100.0,100.0,1,Tim Tawa,6906692,STAN,Stanford University,,
2021,319,11,11,Brennon McNair,Magee HS,HS SR,Kansas City Royals,no_candidate,,,0,,,,,,
2021,320,11,11,Nic Kent,Virginia,4YR JR,Colorado Rockies,matched_exact_name,100.0,100.0,1,Nic Kent,6898446,UVA,University of Virginia,,
2021,321,11,11,Chase Silseth,Arizona,4YR JR,Los Angeles Angels,matched_exact_name,100.0,100.0,1,Chase Silseth,7097084,ARIZ,University of Arizona,,
2021,322,11,11,Rowdey Jordan,Mississippi State,4YR SR,New York Mets,matched_exact_name,100.0,100.0,1,Rowdey Jordan,6903948,MSST,Mississippi State University,,
2021,323,11,11,Marc Davis,Florida SouthWestern State College,JC J2,Washington Nationals,no_candidate,,,0,,,,,,
2021,324,11,11,William Fleming,Wake Forest,4YR SR,Seattle Mariners,matched_exact_name,100.0,100.0,1,William Fleming,6898492,WAKE,Wake Forest University,,
2021,325,11,11,Andrew Baker,Chipola College,JC J1,Philadelphia Phillies,rejected_fuzzy_school_guard,88.0,22.2,2,,,,,Andrew Hacker,22.2
2021,326,11,11,Donovan McIntyre,Marian Catholic HS,HS SR,San Francisco Giants,no_candidate,,,0,,,,,,
2021,327,11,11,Roc Riggio,Thousand Oaks HS,HS SR,Milwaukee Brewers,no_candidate,,,0,,,,,,
2021,328,11,11,Chad Stevens,University of Portland,4YR SR,Houston Astros,matched_exact_name,100.0,100.0,1,Chad Stevens,6905491,PORT,University of Portland,,
2021,329,11,11,Jesse Bergin,UCLA,4YR JR,Miami Marlins,matched_exact_name,100.0,100.0,1,Jesse Bergin,6900925,UCLA,"University of California, Los Angeles",,
2021,330,11,11,Shawn Guilliams,Central Florida,JC J1,Cincinnati Reds,no_candidate,,,0,,,,,,
2021,331,11,11,Mack Chambers,New Mexico,4YR JR,St. Louis Cardinals,matched_exact_name,100.0,100.0,1,Mack Chambers,7114035,UNM,University of New Mexico,,
2021,332,11,11,Trenton Wallace,Iowa,4YR SR,Toronto Blue Jays,matched_exact_name,100.0,100.0,1,Trenton Wallace,6902748,IOWA,University of Iowa,,
2021,333,11,11,Jack Neely,Ohio State,4YR JR,New York Yankees,matched_exact_name,100.0,100.0,1,Jack Neely,7122903,OSU,Ohio State University,,
2021,334,11,11,Gage Ziehl,Penfield HS,HS SR,Chicago Cubs,no_candidate,,,0,,,,,,
2021,335,11,11,Christian Edwards,Jacksonville State,4YR SR,Chicago White Sox,matched_exact_name,100.0,100.0,1,Christian Edwards,6902801,JVST,Jacksonville State University,,
2021,336,11,11,Hunter Stanley,Southern Mississippi,4YR 5S,Cleveland Guardians,matched_exact_name,100.0,100.0,1,Hunter Stanley,7095747,USM,University of Southern Mississippi,,
2021,337,11,11,Adam Shoemaker,St. Benedict Catholic SS,HS SR,Atlanta Braves,no_candidate,,,0,,,,,,
2021,338,11,11,Eduardo Rivera,Colegio CADEST,HS SR,Athletics,no_candidate,,,0,,,,,,
2021,339,11,11,Brandon Birdsell,Texas Tech,4YR JR,Minnesota Twins,matched_exact_name,100.0,100.0,1,Brandon Birdsell,7108048,TTU,Texas Tech University,,
2021,340,11,11,River Ryan,UNC Pembroke,4YR SR,San Diego Padres,no_candidate,,,0,,,,,,
2021,341,11,11,Sean Mullen,UCLA,4YR JR,Tampa Bay Rays,matched_exact_name,100.0,100.0,1,Sean Mullen,6900920,UCLA,"University of California, Los Angeles",,
2021,342,11,11,Justin Wrobleski,Oklahoma State,4YR JR,Los Angeles Dodgers,matched_exact_name,100.0,100.0,1,Justin Wrobleski,7093461,OKST,Oklahoma State University,,
2021,343,12,12,Chazz Martinez,Orange Coast College,JC J2,Pittsburgh Pirates,no_candidate,,,0,,,,,,
2021,344,12,12,Jackson Leath,Tennessee,4YR SR,Texas Rangers,matched_exact_name,100.0,100.0,1,Jackson Leath,6906833,TENN,University of Tennessee Knoxville,,
2021,345,12,12,Mike Rothenberg,Duke,4YR SR,Detroit Tigers,matched_school_surname,0.0,100.0,1,Michael Rothenberg,6901569,DUKE,Duke University,,
2021,346,12,12,Christopher Troye,UC Santa Barbara,4YR SR,Boston Red Sox,matched_school_surname,0.0,100.0,1,Chris Troye,6900772,UCSB,"University of California, Santa Barbara",,
2021,347,12,12,Justin Armbruester,New Mexico,4YR JR,Baltimore Orioles,matched_exact_name,100.0,100.0,1,Justin Armbruester,6904525,UNM,University of New Mexico,,
2021,348,12,12,Davis Diaz,Acalanes HS,HS SR,Arizona Diamondbacks,no_candidate,,,0,,,,,,
2021,349,12,12,Tyson Guerrero,Washington,4YR JR,Kansas City Royals,matched_exact_name,100.0,100.0,1,Tyson Guerrero,7093630,WASH,University of Washington,,
2021,350,12,12,Mason Green,University of Central Missouri,4YR SR,Colorado Rockies,no_candidate,,,0,,,,,,
2021,351,12,12,Mason Albright,IMG Academy,HS SR,Los Angeles Angels,no_candidate,,,0,,,,,,
2021,352,12,12,Jack-Thomas Wold,UNLV,4YR SR,New York Mets,matched_school_surname,0.0,100.0,1,Jack Wold,6904391,UNLV,"University of Nevada, Las Vegas",,
2021,353,12,12,Andrew Alvarez,Cal Poly,4YR SR,Washington Nationals,matched_exact_name,100.0,100.0,1,Andrew Alvarez,6900557,CP,California Polytechnic State University,,
2021,354,12,12,Corey Rosier,UNC Greensboro,4YR JR,Seattle Mariners,matched_exact_name,100.0,100.0,1,Corey Rosier,7112197,UNCG,University of North Carolina at Greensboro,,
2021,355,12,12,TJ Rumfield,Virginia Tech,4YR JR,Philadelphia Phillies,matched_fuzzy_name,91.7,100.0,1,T.J. Rumfield,7109906,VT,Virginia Tech,,
2021,356,12,12,Landen Roupp,UNC Wilmington,4YR SR,San Francisco Giants,matched_fuzzy_name,91.7,100.0,1,Landon Roupp,6904320,UNCW,University of North Carolina at Wilmington,,
2021,357,12,12,Caden Vire,Skyview HS,HS SR,Milwaukee Brewers,no_candidate,,,0,,,,,,
2021,358,12,12,Rhett Kouba,Dallas Baptist,4YR JR,Houston Astros,matched_exact_name,100.0,100.0,1,Rhett Kouba,7093400,DBU,Dallas Baptist University,,
2021,359,12,12,Brandon White,Washington State,4YR JR,Miami Marlins,matched_exact_name,100.0,100.0,1,Brandon White,6898521,WSU,Washington State University,,
2021,360,12,12,Julian Aguiar,Cypress College,JC J2,Cincinnati Reds,no_candidate,,,0,,,,,,
2021,361,12,12,Chris Gerard,Virginia Tech,4YR JR,St. Louis Cardinals,matched_exact_name,100.0,100.0,1,Chris Gerard,6898403,VT,Virginia Tech,,
2021,362,12,12,Riley Tirotta,Dayton,4YR SR,Toronto Blue Jays,matched_exact_name,100.0,100.0,1,Riley Tirotta,6901469,DAY,University of Dayton,,
2021,363,12,12,Ben Rice,Dartmouth,4YR JR,New York Yankees,no_candidate,,,0,,,,,,
2021,364,12,12,Teo Banks,Permian HS,HS SR,Chicago Cubs,no_candidate,,,0,,,,,,
2021,365,12,12,Johnny Ray,TCU,4YR SR,Chicago White Sox,matched_exact_name,100.0,100.0,1,Johnny Ray,6897803,TCU,Texas Christian University,,
2021,366,12,12,Connor Kokx,Long Beach State,4YR JR,Cleveland Guardians,matched_exact_name,100.0,100.0,1,Connor Kokx,6900699,LBSU,Long Beach State University,,
2021,367,12,12,Andrew Hoffmann,Illinois,4YR JR,Atlanta Braves,matched_exact_name,100.0,100.0,1,Andrew Hoffmann,7085101,ILL,University of Illinois,,
2021,368,12,12,Mitch Myers,Pittsburgh,4YR SR,Athletics,matched_fuzzy_name,95.7,100.0,1,Mitch Meyers,6905452,PITT,University of Pittsburgh,,
2021,369,12,12,Kyler Fedko,Connecticut,,Minnesota Twins,matched_exact_name,100.0,100.0,1,Kyler Fedko,6901316,CONN,University of Connecticut,,
2021,370,12,12,Marcos Castañon,UC Santa Barbara,4YR SR,San Diego Padres,matched_fuzzy_name,93.3,100.0,1,Marcos Castanon,6900769,UCSB,"University of California, Santa Barbara",,
2021,371,12,12,Jonny Cuevas,College of Southern Nevada,JC J2,Tampa Bay Rays,no_candidate,,,0,,,,,,
2021,372,12,12,Ronan Kopp,South Mountain CC,JC J1,Los Angeles Dodgers,no_candidate,,,0,,,,,,
2021,373,13,13,Owen Sharts,Nevada,4YR JR,Pittsburgh Pirates,matched_exact_name,100.0,100.0,1,Owen Sharts,6904446,NEV,"University of Nevada, Reno",,
2021,374,13,13,Thomas Ireland,Polk State College,JC J1,Texas Rangers,no_candidate,,,0,,,,,,
2021,375,13,13,Chris Meyers,Toledo,4YR SR,Detroit Tigers,matched_exact_name,100.0,100.0,1,Chris Meyers,6897991,TOL,University of Toledo,,
2021,376,13,13,Zach Ehrhard,Wharton HS,HS SR,Boston Red Sox,no_candidate,,,0,,,,,,
2021,377,13,13,Jacob Teter,Florida Southern,4YR SR,Baltimore Orioles,rejected_fuzzy_school_guard,85.7,30.0,1,,,,,Jacob Tate,30.0
2021,378,13,13,Josh Swales,College of Southern Nevada,JC J1,Arizona Diamondbacks,no_candidate,,,0,,,,,,
2021,379,13,13,Patrick Halligan,Pensacola State College,JC J3,Kansas City Royals,no_candidate,,,0,,,,,,
2021,380,13,13,EJ Andrews Jr.,Fresno State,4YR JR,Colorado Rockies,matched_fuzzy_name,96.6,100.0,1,"EJ Andrews, Jr.",6900612,FRES,Fresno State University,,
2021,381,13,13,Mo Hanley,Adrian College,4YR SR,Los Angeles Angels,no_candidate,,,0,,,,,,
2021,382,13,13,Matt Rudick,San Diego State,4YR JR,New York Mets,matched_exact_name,100.0,100.0,1,Matt Rudick,6906052,SDSU,San Diego State University,,
2021,383,13,13,Mack Anglin,Clemson,4YR SO,Washington Nationals,matched_exact_name,100.0,100.0,1,Mack Anglin,6901193,CLEM,Clemson University,,
2021,384,13,13,Ben Ramirez,USC,4YR SR,Seattle Mariners,matched_exact_name,100.0,100.0,1,Ben Ramirez,6906451,USC,University of Southern California,,
2021,385,13,13,Jared Carr,Shepherd University,4YR JR,Philadelphia Phillies,no_candidate,,,0,,,,,,
2021,386,13,13,Jared Dupere,Northeastern,4YR JR,San Francisco Giants,matched_exact_name,100.0,100.0,1,Jared Dupere,6904830,NE,Northeastern University,,
2021,387,13,13,Quinton Low,Chatfield HS,HS SR,Milwaukee Brewers,no_candidate,,,0,,,,,,
2021,388,13,13,Kobe Kato,Arizona,4YR SR,Houston Astros,matched_exact_name,100.0,100.0,1,Kobe Kato,6899974,ARIZ,University of Arizona,,
2021,389,13,13,Chandler Jozwiak,Texas A&M,4YR SR,Miami Marlins,matched_exact_name,100.0,100.0,1,Chandler Jozwiak,6897776,TA&M,Texas A&M University,,
2021,390,13,13,Michael Trautwein,Northwestern,4YR JR,Cincinnati Reds,matched_exact_name,100.0,100.0,1,Michael Trautwein,6904972,NU,Northwestern University,,
2021,391,13,13,Hayes Heinecke,Wofford,4YR JR,St. Louis Cardinals,matched_exact_name,100.0,100.0,1,Hayes Heinecke,6899398,WOF,Wofford College,,
2021,392,13,13,Matt Svanson,Lehigh,4YR SR,Toronto Blue Jays,matched_exact_name,100.0,100.0,1,Matt Svanson,6903116,LEH,Lehigh University,,
2021,393,13,13,Zach Messinger,Virginia,4YR JR,New York Yankees,matched_exact_name,100.0,100.0,1,Zach Messinger,6898440,UVA,University of Virginia,,
2021,394,13,13,Erian Rodriguez,Georgia Premier Academy,HS SR,Chicago Cubs,rejected_fuzzy_school_guard,89.7,41.0,2,,,,,Ryan Rodriguez,41.0
2021,395,13,13,Colby Smelley,Shelton State CC,JC J3,Chicago White Sox,no_candidate,,,0,,,,,,
2021,396,13,13,Davis Sharpe,Clemson,4YR JR,Cleveland Guardians,matched_exact_name,100.0,100.0,1,Davis Sharpe,6901220,CLEM,Clemson University,,
2021,397,13,13,Adam Zebrowski,St John Fisher College,4YR JR,Atlanta Braves,no_candidate,,,0,,,,,,
2021,398,13,13,Aaron Holiday,Old Dominion,4YR JR,Athletics,matched_exact_name,100.0,100.0,1,Aaron Holiday,6905171,ODU,Old Dominion University,,
2021,399,13,13,David Festa,Seton Hall,4YR JR,Minnesota Twins,matched_exact_name,100.0,100.0,1,David Festa,6906219,HALL,Seton Hall University,,
2021,400,13,13,Kobe Robinson,Chattanooga State CC,JC J1,San Diego Padres,rejected_fuzzy_school_guard,85.7,33.3,1,,,,,Robert Robinson,33.3
2021,401,13,13,Bob Seymour,Wake Forest,4YR SR,Tampa Bay Rays,matched_fuzzy_name,91.7,100.0,1,Bobby Seymour,6898494,WAKE,Wake Forest University,,
2021,402,13,13,Antonio Knowles,Florida SouthWestern State College,JC J1,Los Angeles Dodgers,no_candidate,,,0,,,,,,
2021,403,14,14,Braylon Bishop,Arkansas HS,HS SR,Pittsburgh Pirates,no_candidate,,,0,,,,,,
2021,404,14,14,Tucker Mitchell,State College of Florida Manatee - Sarasota,JC J2,Texas Rangers,no_candidate,,,0,,,,,,
2021,405,14,14,RJ Petit,Charleston Southern,4YR JR,Detroit Tigers,matched_exact_name,100.0,100.0,1,RJ Petit,6900196,CHSO,Charleston Southern University,,
2021,406,14,14,Jacob Webb,Miami University,4YR SR,Boston Red Sox,matched_exact_name,100.0,100.0,1,Jacob Webb,6903733,M-OH,Miami University-Ohio,,
2021,407,14,14,Daniel Lloyd,South Carolina,4YR JR,Baltimore Orioles,matched_exact_name,100.0,100.0,1,Daniel Lloyd,6906308,SC,University of South Carolina,,
2021,408,14,14,Channy Ortiz,Grand Canyon University,4YR SR,Arizona Diamondbacks,matched_exact_name,100.0,100.0,1,Channy Ortiz,6899192,GCU,Grand Canyon University,,
2021,409,14,14,Caden Monke,Arkansas,4YR JR,Kansas City Royals,matched_exact_name,100.0,100.0,1,Caden Monke,6900032,ARK,University of Arkansas,,
2021,410,14,14,Tyler Ras,Alabama,4YR JR,Colorado Rockies,matched_exact_name,100.0,100.0,1,Tyler Ras,6899789,ALA,University of Alabama,,
2021,411,14,14,Eric Torres,Kansas State,4YR JR,Los Angeles Angels,matched_exact_name,100.0,100.0,1,Eric Torres,6902895,KSU,Kansas St.,,
2021,412,14,14,Nate Lavender,Illinois,4YR JR,New York Mets,matched_fuzzy_name,85.7,100.0,1,Nathan Lavender,6902592,ILL,University of Illinois,,
2021,413,14,14,Erik Tolman,Arizona State,4YR JR,Washington Nationals,matched_fuzzy_name,90.9,100.0,1,Eric Tolman,6899917,ASU,Arizona State University,,
2021,414,14,14,Andrew Moore,Chipola College,JC J3,Seattle Mariners,no_candidate,,,0,,,,,,
2021,415,14,14,Jose Acuna,Veterans Memorial HS,HS SR,Philadelphia Phillies,no_candidate,,,0,,,,,,
2021,416,14,14,Tyler Myrick,Florida International,4YR 5S,San Francisco Giants,matched_exact_name,100.0,100.0,1,Tyler Myrick,6901882,FIU,Florida International University,,
2021,417,14,14,Jace Avina,Spanish Springs HS,HS SR,Milwaukee Brewers,no_candidate,,,0,,,,,,
2021,418,14,14,Bryant Salgado,Oregon State,4YR JR,Houston Astros,matched_exact_name,100.0,100.0,1,Bryant Salgado,7089710,ORST,Oregon State University,,
2021,419,14,14,Holt Jones,Kentucky,4YR SR,Miami Marlins,matched_exact_name,100.0,100.0,1,Holt Jones,7083995,UK,University of Kentucky,,
2021,420,14,14,Carter Raffield,Clemson,4YR JR,Cincinnati Reds,matched_exact_name,100.0,100.0,1,Carter Raffield,6901224,CLEM,Clemson University,,
2021,421,14,14,Andre Granillo,University of California - Riverside,4YR JR,St. Louis Cardinals,matched_exact_name,100.0,100.0,1,Andre Granillo,6900937,UCR,"University of California, Riverside",,
2021,422,14,14,Damiano Palmegiani,College of Southern Nevada,JC J2,Toronto Blue Jays,no_candidate,,,0,,,,,,
2021,423,14,14,Sean Hermann,Durant HS,HS SR,New York Yankees,no_candidate,,,0,,,,,,
2021,424,14,14,Frankie Scalzo Jr.,Grand Canyon University,4YR SR,Chicago Cubs,matched_fuzzy_name,87.5,100.0,1,Frankie Scalzo,6899211,GCU,Grand Canyon University,,
2021,425,14,14,Noah Owen,Golden West College,JC J3,Chicago White Sox,no_candidate,,,0,,,,,,
2021,426,14,14,Trenton Denholm,University of California - Irvine,4YR JR,Cleveland Guardians,matched_exact_name,100.0,100.0,1,Trenton Denholm,6900889,UCI,"University of California, Irvine",,
2021,427,14,14,Caleb Durbin,Washington U,4YR JR,Atlanta Braves,no_candidate,,,0,,,,,,
2021,428,14,14,Jonny Butler,NC State,4YR SR,Athletics,matched_exact_name,100.0,100.0,1,Jonny Butler,6904741,NCSU,North Carolina State University,,
2021,429,14,14,Pierson Ohl,Grand Canyon University,4YR JR,Minnesota Twins,matched_exact_name,100.0,100.0,1,Pierson Ohl,6899197,GCU,Grand Canyon University,,
2021,430,14,14,Adam Smith,UNC Wilmington,4YR JR,San Diego Padres,matched_exact_name,100.0,100.0,1,Adam Smith,6904303,UNCW,University of North Carolina at Wilmington,,
2021,431,14,14,Antonio Menendez,Wake Forest,4YR SR,Tampa Bay Rays,no_candidate,,,0,,,,,,
2021,432,14,14,Jordan Leasure,University of Tampa,4YR 5S,Los Angeles Dodgers,no_candidate,,,0,,,,,,
2021,433,15,15,Tyler Samaniego,University of South Alabama,4YR SR,Pittsburgh Pirates,matched_exact_name,100.0,100.0,1,Tyler Samaniego,6906259,USA,University of South Alabama,,
2021,434,15,15,Evan Elliott,Lethbridge Col,JC J2,Texas Rangers,no_candidate,,,0,,,,,,
2021,435,15,15,Blake Holub,St. Edwards University,4YR SR,Detroit Tigers,no_candidate,,,0,,,,,,
2021,436,15,15,Payton Green,Green Hope HS,HS SR,Boston Red Sox,no_candidate,,,0,,,,,,
2021,437,15,15,Keagan Gillies,Tulane,4YR 5S,Baltimore Orioles,matched_exact_name,100.0,100.0,1,Keagan Gillies,7119648,TULN,Tulane University,,
2021,438,15,15,Shane Muntz,Wake Forest,4YR SR,Arizona Diamondbacks,matched_exact_name,100.0,100.0,1,Shane Muntz,6898495,WAKE,Wake Forest University,,
2021,439,15,15,River Town,Dallas Baptist,4YR JR,Kansas City Royals,matched_exact_name,100.0,100.0,1,River Town,7093373,DBU,Dallas Baptist University,,
2021,440,15,15,Ben Sems,Michigan,4YR 5S,Colorado Rockies,matched_school_surname,0.0,100.0,1,Benjamin Sems,7136030,MICH,University of Michigan,,
2021,441,15,15,Glenn Albanese Jr.,Louisville,4YR SR,Los Angeles Angels,matched_fuzzy_name,87.5,100.0,1,Glenn Albanese,6903308,LOU,University of Louisville,,
2021,442,15,15,Wyatt Young,Pepperdine,4YR JR,New York Mets,matched_exact_name,100.0,100.0,1,Wyatt Young,6905437,PEPP,Pepperdine University,,
2021,443,15,15,Jaden Fein,San Diego State,4YR JR,Washington Nationals,matched_exact_name,100.0,100.0,1,Jaden Fein,6906058,SDSU,San Diego State University,,
2021,444,15,15,Cole Barr,Indiana,4YR SR,Seattle Mariners,matched_exact_name,100.0,100.0,1,Cole Barr,6902659,IU,Indiana University,,
2021,445,15,15,Matt Osterberg,St. Cloud State,4YR SR,Philadelphia Phillies,no_candidate,,,0,,,,,,
2021,446,15,15,Brooks Baldwin,UNC Wilmington,4YR JR,San Francisco Giants,matched_exact_name,100.0,100.0,1,Brooks Baldwin,6904300,UNCW,University of North Carolina at Wilmington,,
2021,447,15,15,Hunter Hollan,San Jacinto College North,JC J1,Milwaukee Brewers,no_candidate,,,0,,,,,,
2021,448,15,15,Adrian Chaidez,UCLA,4YR JR,Houston Astros,matched_exact_name,100.0,100.0,1,Adrian Chaidez,6900901,UCLA,"University of California, Los Angeles",,
2021,449,15,15,Caleb Wurster,Connecticut,4YR SR,Miami Marlins,matched_exact_name,100.0,100.0,1,Caleb Wurster,6901312,CONN,University of Connecticut,,
2021,450,15,15,Blake Dunn,Western Michigan,4YR SR,Cincinnati Reds,matched_exact_name,100.0,100.0,1,Blake Dunn,6898708,WMU,Western Michigan University,,
2021,451,15,15,Alex Cornwell,USC,4YR SR,St. Louis Cardinals,matched_exact_name,100.0,100.0,1,Alex Cornwell,6906453,USC,University of Southern California,,
2021,452,15,15,Garrett Spain,Austin Peay,4YR JR,Toronto Blue Jays,matched_exact_name,100.0,100.0,1,Garrett Spain,6900139,APSU,Austin Peay State University,,
2021,453,15,15,Danny Watson,VCU,4YR JR,New York Yankees,matched_exact_name,100.0,100.0,1,Danny Watson,6898350,VCU,Virginia Commonwealth University,,
2021,454,15,15,BJ Murray,Florida Atlantic,4YR JR,Chicago Cubs,matched_fuzzy_name,90.0,100.0,1,B.J. Murray,6901875,FAU,Florida Atlantic University,,
2021,455,15,15,Cameron Butler,Big Valley Christian HS,HS SR,Chicago White Sox,no_candidate,,,0,,,,,,
2021,456,15,15,Alaska Abney,Coastal Carolina,4YR JR,Cleveland Guardians,matched_exact_name,100.0,100.0,1,Alaska Abney,6901256,CCU,Coastal Carolina University,,
2021,457,15,15,Christian Robinson,Stanford,4YR SR,Atlanta Braves,matched_exact_name,100.0,100.0,1,Christian Robinson,6906683,STAN,Stanford University,,
2021,458,15,15,Luke Anderson,University of Central Oklahoma,4YR JR,Athletics,no_candidate,,,0,,,,,,
2021,459,15,15,Mikey Perez,UCLA,4YR SR,Minnesota Twins,matched_exact_name,100.0,100.0,1,Mikey Perez,6900924,UCLA,"University of California, Los Angeles",,
2021,460,15,15,Anthony Vilar,Miami,4YR SO,San Diego Padres,matched_exact_name,100.0,100.0,1,Anthony Vilar,6903792,MIA,University of Miami,,
2021,461,15,15,Conor Angel,University of Louisiana at Lafayette,4YR SR,Tampa Bay Rays,matched_exact_name,100.0,100.0,1,Conor Angel,6906659,UL,University of Louisiana at Lafayette,,
2021,462,15,15,Madison Jeffrey,West Virginia,4YR JR,Los Angeles Dodgers,matched_exact_name,100.0,100.0,1,Madison Jeffrey,6898593,WVU,West Virginia University,,
2021,463,16,16,Danny Corona,The Baylor Schools,HS SR,Pittsburgh Pirates,no_candidate,,,0,,,,,,
2021,464,16,16,Ryan Ure,Eaton HS,HS SR,Texas Rangers,rejected_fuzzy_school_guard,87.5,26.7,1,,,,,Ryan Rue,26.7
2021,465,16,16,Jack Anderson,Florida State,4YR JR,Detroit Tigers,matched_exact_name,100.0,100.0,4,Jack Anderson,6901949,FSU,Florida State University,,
2021,466,16,16,B.J. Vela,Reedley JC,,Boston Red Sox,no_candidate,,,0,,,,,,
2021,467,16,16,Peter Van Loon,University of California - Irvine,4YR JR,Baltimore Orioles,matched_exact_name,100.0,100.0,1,Peter Van Loon,6900869,UCI,"University of California, Irvine",,
2021,468,16,16,Jacen Roberson,CSU Bakersfield,4YR JR,Arizona Diamondbacks,matched_exact_name,100.0,100.0,1,Jacen Roberson,6900570,CSUB,"California State University, Bakersfield",,
2021,469,16,16,Anthony Simonelli,Virginia Tech,4YR SR,Kansas City Royals,matched_exact_name,100.0,100.0,1,Anthony Simonelli,6898400,VT,Virginia Tech,,
2021,470,16,16,Braiden Ward,Washington,4YR JR,Colorado Rockies,matched_exact_name,100.0,100.0,1,Braiden Ward,6898554,WASH,University of Washington,,
2021,471,16,16,Brandon Dufault,Northeastern,4YR SR,Los Angeles Angels,matched_exact_name,100.0,100.0,1,Brandon Dufault,6904826,NE,Northeastern University,,
2021,472,16,16,Trey McLoughlin,Fairfield,4YR SR,New York Mets,matched_exact_name,100.0,100.0,1,Trey McLoughlin,6901768,FAIR,Fairfield University,,
2021,473,16,16,Jack Sinclair,Central Florida,4YR SR,Washington Nationals,matched_exact_name,100.0,100.0,1,Jack Sinclair,6901046,UCF,University of Central Florida,,
2021,474,16,16,Jimmy Joyce,Hofstra U,4YR SR,Seattle Mariners,matched_exact_name,100.0,100.0,1,Jimmy Joyce,6902436,HOF,Hofstra University,,
2021,475,16,16,Ty Collins,Glendale College,JC J1,Philadelphia Phillies,no_candidate,,,0,,,,,,
2021,476,16,16,Julian Bosnic,South Carolina,4YR JR,San Francisco Giants,matched_exact_name,100.0,100.0,1,Julian Bosnic,6906320,SC,University of South Carolina,,
2021,477,16,16,Kay-Lan Nicasia,Champagnat Catholic School,HS SR,Milwaukee Brewers,no_candidate,,,0,,,,,,
2021,478,16,16,Nic Swanson,Northeastern St U,4YR JR,Houston Astros,rejected_fuzzy_school_guard,95.7,9.1,1,,,,,Nick Swanson,9.1
2021,479,16,16,Ivan Melendez,Texas,4YR JR,Miami Marlins,matched_exact_name,100.0,100.0,1,Ivan Melendez,7093163,TEX,University of Texas at Austin,,
2021,480,16,16,Owen Holt,Alvin CC,JC J3,Cincinnati Reds,no_candidate,,,0,,,,,,
2021,481,16,16,Aaron McKeithan,UNC Charlotte,4YR JR,St. Louis Cardinals,matched_exact_name,100.0,100.0,1,Aaron McKeithan,7091088,CLT,University of North Carolina at Charlotte,,
2021,482,16,16,Micah Bucknam,Mennonite Educational Institute,HS SR,Toronto Blue Jays,no_candidate,,,0,,,,,,
2021,483,16,16,Cole Ayers,State College of Florida Manatee - Sarasota,JC J2,New York Yankees,no_candidate,,,0,,,,,,
2021,484,16,16,Zac Leigh,Texas State,4YR SR,Chicago Cubs,matched_school_surname,0.0,100.0,1,Zachary Leigh,7086626,TXST,Texas State University,,
2021,485,16,16,Terrell Tatum,NC State,4YR JR,Chicago White Sox,matched_exact_name,100.0,100.0,1,Terrell Tatum,6904740,NCSU,North Carolina State University,,
2021,486,16,16,Zach Pettway,UCLA,4YR SR,Cleveland Guardians,matched_exact_name,100.0,100.0,1,Zach Pettway,6900913,UCLA,"University of California, Los Angeles",,
2021,487,16,16,Kris Anglin,Howard College,JC J1,Atlanta Braves,no_candidate,,,0,,,,,,
2021,488,16,16,Colton Johnson,Illinois State,4YR SR,Athletics,matched_exact_name,100.0,100.0,1,Colton Johnson,7100165,ILST,Illinois State University,,
2021,489,16,16,Johnathan Lavallee,Long Beach State,4YR SR,Minnesota Twins,matched_fuzzy_name,97.1,100.0,1,Jonathan Lavallee,6900677,LBSU,Long Beach State University,,
2021,490,16,16,Alek Jacob,Gonzaga,4YR SR,San Diego Padres,matched_exact_name,100.0,100.0,1,Alek Jacob,6902300,GONZ,Gonzaga University,,
2021,491,16,16,Ian Leatherman,Central Michigan,4YR SO,Tampa Bay Rays,matched_exact_name,100.0,100.0,1,Ian Leatherman,6901087,CMU,Central Michigan University,,
2021,492,16,16,Mike Sirota,The Gunnery School,HS SR,Los Angeles Dodgers,no_candidate,,,0,,,,,,
2021,493,17,17,Carlos Lomeli,St. Mary's College,4YR SR,Pittsburgh Pirates,matched_exact_name,100.0,100.0,1,Carlos Lomeli,6905940,SMC,St. Mary's College of California,,
2021,494,17,17,Michael Alfonso,Key West HS,HS SR,Texas Rangers,no_candidate,,,0,,,,,,
2021,495,17,17,Aaron Haase,Wichita State,4YR JR,Detroit Tigers,matched_exact_name,100.0,100.0,1,Aaron Haase,6898757,WICH,Wichita State University,,
2021,496,17,17,Luis Guerrero,Chipola College,JC J2,Boston Red Sox,no_candidate,,,0,,,,,,
2021,497,17,17,Ryan Long,Pomona-Pitzer Col,4YR JR,Baltimore Orioles,no_candidate,,,0,,,,,,
2021,498,17,17,Drake Varnado,IMG Academy,HS SR,Arizona Diamondbacks,no_candidate,,,0,,,,,,
2021,499,17,17,Luca Tresh,NC State,4YR JR,Kansas City Royals,matched_exact_name,100.0,100.0,1,Luca Tresh,6904748,NCSU,North Carolina State University,,
2021,500,17,17,Jarrod Cande,Florida Southern,4YR JR,Colorado Rockies,no_candidate,,,0,,,,,,
2021,501,17,17,Mason Erla,Michigan State,4YR SR,Los Angeles Angels,matched_exact_name,100.0,100.0,1,Mason Erla,6903801,MSU,Michigan State University,,
2021,502,17,17,Nick Zwack,Xavier,4YR SR,New York Mets,matched_exact_name,100.0,100.0,1,Nick Zwack,6898911,XAV,Xavier University,,
2021,503,17,17,Brendan Collins,UNC Greensboro,4YR JR,Washington Nationals,matched_exact_name,100.0,100.0,2,Brendan Collins,7112239,UNCG,University of North Carolina at Greensboro,,
2021,504,17,17,Jimmy Kingsbury,Villanova U,4YR SR,Seattle Mariners,matched_exact_name,100.0,100.0,1,Jimmy Kingsbury,6898305,VILL,Villanova University,,
2021,505,17,17,Alex Garbrick,University of South Carolina Upstate,4YR 5S,Philadelphia Phillies,matched_exact_name,100.0,100.0,1,Alex Garbrick,7118214,UPST,University of South Carolina Upstate,,
2021,506,17,17,Brett Standlee,Oklahoma State,4YR JR,San Francisco Giants,matched_exact_name,100.0,100.0,1,Brett Standlee,6905122,OKST,Oklahoma State University,,
2021,507,17,17,Will Rogers,Mounds View HS,HS SR,Milwaukee Brewers,no_candidate,,,0,,,,,,
2021,508,17,17,Justin Williams,Penn St U,4YR JR,Houston Astros,matched_exact_name,100.0,100.0,2,Justin Williams,6905376,PSU,Penn State University,,
2021,509,17,17,Justin Fall,Arizona State,4YR SR,Miami Marlins,matched_exact_name,100.0,100.0,1,Justin Fall,6899916,ASU,Arizona State University,,
2021,510,17,17,Dennis Boatman,Sacramento CC,JC J2,Cincinnati Reds,no_candidate,,,0,,,,,,
2021,511,17,17,Elijah Cabell,Florida State,4YR JR,St. Louis Cardinals,matched_exact_name,100.0,100.0,1,Elijah Cabell,6901947,FSU,Florida State University,,
2021,512,17,17,Cooper Benson,Arizona State,4YR SO,Toronto Blue Jays,matched_exact_name,100.0,100.0,1,Cooper Benson,6899945,ASU,Arizona State University,,
2021,513,17,17,Grant Richardson,Indiana,4YR SO,New York Yankees,matched_exact_name,100.0,100.0,1,Grant Richardson,6902669,IU,Indiana University,,
2021,514,17,17,Christian Olivo,Leadership Christian Academy,HS SR,Chicago Cubs,no_candidate,,,0,,,,,,
2021,515,17,17,Jayson Gonzalez,Vanderbilt,4YR SR,Chicago White Sox,matched_exact_name,100.0,100.0,2,Jayson Gonzalez,7121592,VAN,Vanderbilt University,,
2021,516,17,17,Tyler Thornton,Arizona State,4YR JR,Cleveland Guardians,matched_exact_name,100.0,100.0,1,Tyler Thornton,6899944,ASU,Arizona State University,,
2021,517,17,17,Tyler Tolve,Kennesaw State,4YR SO,Atlanta Braves,matched_exact_name,100.0,100.0,1,Tyler Tolve,6899227,KENN,Kennesaw State University,,
2021,518,17,17,Kyle Virbitsky,Penn State,4YR SR,Athletics,matched_exact_name,100.0,100.0,1,Kyle Virbitsky,6905367,PSU,Penn State University,,
2021,519,17,17,Dylan Neuse,Texas Tech,4YR SR,Minnesota Twins,matched_exact_name,100.0,100.0,1,Dylan Neuse,6897869,TTU,Texas Tech University,,
2021,520,17,17,Luke Boyd,Baylor,4YR 5S,San Diego Padres,matched_exact_name,100.0,100.0,1,Luke Boyd,7093458,BAY,Baylor University,,
2021,521,17,17,Conor Dryer,University of Central Missouri,4YR SR,Tampa Bay Rays,no_candidate,,,0,,,,,,
2021,522,17,17,Adam Tulloch,West Virginia,4YR JR,Los Angeles Dodgers,matched_exact_name,100.0,100.0,1,Adam Tulloch,7109002,WVU,West Virginia University,,
2021,523,18,18,A.J. Graham,Gaither HS,HS SR,Pittsburgh Pirates,no_candidate,,,0,,,,,,
2021,524,18,18,Kyle Larsen,TNXL Academy,HS SR,Texas Rangers,no_candidate,,,0,,,,,,
2021,525,18,18,Ben Malgeri,Northeastern,4YR JR,Detroit Tigers,matched_exact_name,100.0,100.0,1,Ben Malgeri,7092258,NE,Northeastern University,,
2021,526,18,18,Phillip Sikes,TCU,4YR SR,Boston Red Sox,matched_exact_name,100.0,100.0,1,Phillip Sikes,6897796,TCU,Texas Christian University,,
2021,527,18,18,Conor Grady,Florida State,4YR SR,Baltimore Orioles,matched_exact_name,100.0,100.0,1,Conor Grady,6901942,FSU,Florida State University,,
2021,528,18,18,Joey Spence,West Bend East HS,HS SR,Arizona Diamondbacks,rejected_fuzzy_school_guard,95.2,23.1,1,,,,,Joey Pence,23.1
2021,529,18,18,Harrison Beethe,TCU,4YR 5S,Kansas City Royals,matched_exact_name,100.0,100.0,1,Harrison Beethe,6897797,TCU,Texas Christian University,,
2021,530,18,18,Bryce McGowan,UNC Charlotte,4YR JR,Colorado Rockies,matched_exact_name,100.0,100.0,1,Bryce McGowan,6904251,CLT,University of North Carolina at Charlotte,,
2021,531,18,18,Nick Mondak,St. John's,4YR 5S,Los Angeles Angels,matched_exact_name,100.0,100.0,1,Nick Mondak,7127281,SJU,St. John's University,,
2021,532,18,18,Kolby Kubichek,Texas,4YR JR,New York Mets,matched_exact_name,100.0,100.0,1,Kolby Kubichek,6897947,TEX,University of Texas at Austin,,
2021,533,18,18,Steven Williams,Auburn,4YR SR,Washington Nationals,matched_exact_name,100.0,100.0,1,Steven Williams,6900096,AUB,Auburn University,,
2021,534,18,18,Riley Davis,UAB,4YR SR,Seattle Mariners,matched_exact_name,100.0,100.0,2,Riley Davis,6899828,UAB,University of Alabama at Birmingham,,
2021,535,18,18,Malik Binns,Benedictine U Mesa,4YR SR,Philadelphia Phillies,no_candidate,,,0,,,,,,
2021,536,18,18,Hunter Dula,Wingate U,4YR SR,San Francisco Giants,no_candidate,,,0,,,,,,
2021,537,18,18,Ryne Moore,Old Dominion,4YR SR,Milwaukee Brewers,matched_exact_name,100.0,100.0,1,Ryne Moore,6905180,ODU,Old Dominion University,,
2021,538,18,18,Will Wagner,Liberty University,4YR SR,Houston Astros,matched_exact_name,100.0,100.0,1,Will Wagner,6903154,LIB,Liberty University,,
2021,539,18,18,Bennett Hostetler,North Dakota State,4YR 5S,Miami Marlins,matched_exact_name,100.0,100.0,1,Bennett Hostetler,7109965,NDSU,North Dakota State University,,
2021,540,18,18,Austin Callahan,Hutchinson CC,JC J2,Cincinnati Reds,no_candidate,,,0,,,,,,
2021,541,18,18,Andrew Marrero,Connecticut,4YR SO,St. Louis Cardinals,matched_exact_name,100.0,100.0,1,Andrew Marrero,6901292,CONN,University of Connecticut,,
2021,542,18,18,Jimmy Burnette,Saint Leo University,4YR SR,Toronto Blue Jays,no_candidate,,,0,,,,,,
2021,543,18,18,Bailey Dees,Penn State,4YR SR,New York Yankees,matched_exact_name,100.0,100.0,1,Bailey Dees,6905360,PSU,Penn State University,,
2021,544,18,18,Dominic Hambley,Belmont Secondary School,HS SR,Chicago Cubs,rejected_fuzzy_school_guard,85.7,31.6,1,,,,,Dominic Hamel,31.6
2021,545,18,18,Adam Hackenberg,Clemson,4YR JR,Chicago White Sox,matched_exact_name,100.0,100.0,1,Adam Hackenberg,6901222,CLEM,Clemson University,,
2021,546,18,18,Tommy Ventimiglia,Longwood HS,HS SR,Cleveland Guardians,no_candidate,,,0,,,,,,
2021,547,18,18,Austin Smith,Arizona,4YR SR,Atlanta Braves,matched_exact_name,100.0,100.0,3,Austin Smith,7097081,ARIZ,University of Arizona,,
2021,548,18,18,Mariano Ricciardi,Dayton,4YR SR,Athletics,matched_exact_name,100.0,100.0,1,Mariano Ricciardi,6901460,DAY,University of Dayton,,
2021,549,18,18,Mike Paredes,San Diego St U,4YR JR,Minnesota Twins,matched_school_surname,0.0,100.0,1,Michael Paredes,6906062,SDSU,San Diego State University,,
2021,550,18,18,Gage Jump,JSerra Catholic HS,HS SR,San Diego Padres,no_candidate,,,0,,,,,,
2021,551,18,18,Kenny Piper,Columbia College,4YR 5S,Tampa Bay Rays,no_candidate,,,0,,,,,,
2021,552,18,18,Damon Keith,California Baptist University,4YR JR,Los Angeles Dodgers,matched_exact_name,100.0,100.0,1,Damon Keith,6899657,CBU,California Baptist University,,
2021,553,19,19,Drew Irvine,Iowa,4YR JR,Pittsburgh Pirates,matched_exact_name,100.0,100.0,1,Drew Irvine,6902755,IOWA,University of Iowa,,
2021,554,19,19,Will Taylor,Dutch Fork HS,HS SR,Texas Rangers,no_candidate,,,0,,,,,,
2021,555,19,19,Justice Bigbie,Western Carolina,4YR JR,Detroit Tigers,matched_exact_name,100.0,100.0,1,Justice Bigbie,6898615,WCU,Western Carolina University,,
2021,556,19,19,Tyler Uberstine,Northwestern,4YR SR,Boston Red Sox,matched_exact_name,100.0,100.0,1,Tyler Uberstine,6904973,NU,Northwestern University,,
2021,557,19,19,Alex Pham,University of San Francisco,4YR SR,Baltimore Orioles,matched_exact_name,100.0,100.0,1,Alex Pham,6906104,SF,University of San Francisco,,
2021,558,19,19,Eric Hammond,Keller HS,HS SR,Arizona Diamondbacks,no_candidate,,,0,,,,,,
2021,559,19,19,Cam Williams,Texas,4YR SR,Kansas City Royals,matched_fuzzy_name,88.9,100.0,1,Camryn Williams,6897925,TEX,University of Texas at Austin,,
2021,560,19,19,Elijah Trest,Arkansas,4YR JR,Colorado Rockies,matched_exact_name,100.0,100.0,1,Elijah Trest,6900031,ARK,University of Arkansas,,
2021,561,19,19,Nathan Burns,Oregon State,4YR SR,Los Angeles Angels,matched_exact_name,100.0,100.0,1,Nathan Burns,6905246,ORST,Oregon State University,,
2021,562,19,19,Drake Osborn,U Louisiana Lafayette,4YR 5S,New York Mets,matched_exact_name,100.0,100.0,1,Drake Osborn,7086774,UL,University of Louisiana at Lafayette,,
2021,563,19,19,Riggs Threadgill,McLennan CC,JC J2,Washington Nationals,no_candidate,,,0,,,,,,
2021,564,19,19,Charlie Welch,Arkansas,4YR SR,Seattle Mariners,matched_exact_name,100.0,100.0,1,Charlie Welch,7099942,ARK,University of Arkansas,,
2021,565,19,19,Seth Halvorsen,Missouri,4YR JR,Philadelphia Phillies,matched_exact_name,100.0,100.0,1,Seth Halvorsen,6904045,MIZ,University of Missouri,,
2021,566,19,19,Irvin Murr III,Winter Springs HS,HS SR,San Francisco Giants,no_candidate,,,0,,,,,,
2021,567,19,19,Carter Holton,Benedictine Military School,HS SR,Milwaukee Brewers,rejected_fuzzy_school_guard,91.7,21.1,1,,,,,Carter Holt,21.1
2021,568,19,19,Hector Nieves,Puerto Rico Baseball Academy,HS SR,Houston Astros,no_candidate,,,0,,,,,,
2021,569,19,19,Noah Williamson,Everett CC,JC J2,Miami Marlins,no_candidate,,,0,,,,,,
2021,570,19,19,Ryan Cardona,Marist College,4YR JR,Cincinnati Reds,matched_exact_name,100.0,100.0,1,Ryan Cardona,6903464,MRST,Marist College,,
2021,571,19,19,Thomas Francisco,East Carolina,4YR JR,St. Louis Cardinals,matched_exact_name,100.0,100.0,1,Thomas Francisco,6901605,ECU,East Carolina University,,
2021,572,19,19,Juan Gonzalez,Miami Dade College,JC J1,Toronto Blue Jays,rejected_fuzzy_school_guard,85.7,40.0,2,,,,,Jayson Gonzalez,40.0
2021,573,19,19,Dom Keegan,Vanderbilt,4YR JR,New York Yankees,matched_school_surname,0.0,100.0,1,Dominic Keegan,6898283,VAN,Vanderbilt University,,
2021,574,19,19,Daniel Avitia,Alhambra HS,HS SR,Chicago Cubs,no_candidate,,,0,,,,,,
2021,575,19,19,Shawn Goosenberg,Northwestern,4YR JR,Chicago White Sox,matched_exact_name,100.0,100.0,1,Shawn Goosenberg,6904970,NU,Northwestern University,,
2021,576,19,19,Reid Johnston,NC State,4YR JR,Cleveland Guardians,matched_exact_name,100.0,100.0,1,Reid Johnston,6904732,NCSU,North Carolina State University,,
2021,577,19,19,Samuel Strickland,Samford University,4YR SR,Atlanta Braves,matched_exact_name,100.0,100.0,1,Samuel Strickland,6906016,SAM,Samford,,
2021,578,19,19,Blake Beers,Michigan,4YR SR,Athletics,matched_exact_name,100.0,100.0,1,Blake Beers,6903835,MICH,University of Michigan,,
2021,579,19,19,Jaylen Nowlin,Chipola College,JC J1,Minnesota Twins,no_candidate,,,0,,,,,,
2021,580,19,19,Gabriel Rincones Jr.,St. Petersburg College,JC J2,San Diego Padres,no_candidate,,,0,,,,,,
2021,581,19,19,Sean Hunley,Tennessee,4YR SR,Tampa Bay Rays,matched_exact_name,100.0,100.0,1,Sean Hunley,6906825,TENN,University of Tennessee Knoxville,,
2021,582,19,19,Gabe Emmett,Folsom Lake College,JC J2,Los Angeles Dodgers,no_candidate,,,0,,,,,,
2021,583,20,20,Brenden Dixon,Weatherford College,JC J2,Pittsburgh Pirates,no_candidate,,,0,,,,,,
2021,584,20,20,Joseph Montalvo,Central Pointe Christian Academy,HS SR,Texas Rangers,no_candidate,,,0,,,,,,
2021,585,20,20,J.D. McLaughlin,Central Arizona College,JC J2,Detroit Tigers,no_candidate,,,0,,,,,,
2021,586,20,20,Josh Hood,Pennsylvania,4YR JR,Boston Red Sox,no_candidate,,,0,,,,,,
2021,587,20,20,Trendon Craig,Louisburg College,JC J1,Baltimore Orioles,no_candidate,,,0,,,,,,
2021,588,20,20,Ross Carver,Dallas Baptist,4YR JR,Arizona Diamondbacks,matched_exact_name,100.0,100.0,1,Ross Carver,6899095,DBU,Dallas Baptist University,,
2021,589,20,20,Jack Aldrich,Tulane,4YR SR,Kansas City Royals,matched_exact_name,100.0,100.0,1,Jack Aldrich,6898082,TULN,Tulane University,,
2021,590,20,20,Tyler Ahearn,Florida State,4YR SR,Colorado Rockies,matched_exact_name,100.0,100.0,1,Tyler Ahearn,6901938,FSU,Florida State University,,
2021,591,20,20,Marcelo Perez,TCU,4YR JR,Los Angeles Angels,matched_exact_name,100.0,100.0,1,Marcelo Perez,6897811,TCU,Texas Christian University,,
2021,592,20,20,Justin Guerrera,Fairfield U,4YR JR,New York Mets,matched_exact_name,100.0,100.0,1,Justin Guerrera,6901774,FAIR,Fairfield University,,
2021,593,20,20,Elie Kligman,Cimarron-Memorial HS,HS SR,Washington Nationals,no_candidate,,,0,,,,,,
2021,594,20,20,Troy Taylor,Cypress College,JC J2,Seattle Mariners,no_candidate,,,0,,,,,,
2021,595,20,20,Cam Wynne,Nebraska,4YR SR,Philadelphia Phillies,matched_exact_name,100.0,100.0,1,Cam Wynne,7115413,NEB,University of Nebraska–Lincoln,,
2021,596,20,20,Vance Honeycutt,Salisbury HS,HS SR,San Francisco Giants,no_candidate,,,0,,,,,,
2021,597,20,20,Samuel Mendez,Cisco JC,JC J1,Milwaukee Brewers,no_candidate,,,0,,,,,,
2021,598,20,20,Jackson Linn,Cambridge Rindge and Latin School,HS SR,Houston Astros,no_candidate,,,0,,,,,,
2021,599,20,20,Zach Zubia,Texas,4YR 5S,Miami Marlins,matched_exact_name,100.0,100.0,1,Zach Zubia,7093106,TEX,University of Texas at Austin,,
2021,600,20,20,Javi Rivera,Florida Atlantic,4YR JR,Cincinnati Reds,matched_exact_name,100.0,100.0,1,Javi Rivera,7090942,FAU,Florida Atlantic University,,
2021,601,20,20,Xavier Casserilla,V.R. Eaton HS,HS SR,St. Louis Cardinals,no_candidate,,,0,,,,,,
2021,602,20,20,Luke Holman,Wilson HS,HS SR,Toronto Blue Jays,no_candidate,,,0,,,,,,
2021,603,20,20,Sean Hard,St. Joseph Regional School,HS SR,New York Yankees,no_candidate,,,0,,,,,,
2021,604,20,20,Wilson Cunningham,JSerra Catholic HS,HS SR,Chicago Cubs,no_candidate,,,0,,,,,,
2021,605,20,20,Haylen Green,TCU,4YR 5S,Chicago White Sox,matched_exact_name,100.0,100.0,1,Haylen Green,7093235,TCU,Texas Christian University,,
2021,606,20,20,Jake Miller,University of San Diego,4YR JR,Cleveland Guardians,rejected_school_guard,100.0,42.1,3,,,,,Jake Miller,42.1
2021,607,20,20,Ty Evans,Lakeland Christian School,HS SR,Atlanta Braves,no_candidate,,,0,,,,,,
2021,608,20,20,Hunter Breault,Oregon,4YR SR,Athletics,matched_exact_name,100.0,100.0,1,Hunter Breault,6905278,ORE,University of Oregon,,
2021,609,20,20,Dillon Tatum,UC Irvine,4YR JR,Minnesota Twins,matched_exact_name,100.0,100.0,1,Dillon Tatum,7091427,UCI,"University of California, Irvine",,
2021,610,20,20,Chase Burns,Beech HS,HS SR,San Diego Padres,no_candidate,,,0,,,,,,
2021,611,20,20,Kamron Fields,Texas Southern,4YR SR,Tampa Bay Rays,matched_exact_name,100.0,100.0,1,Kamron Fields,6974430,TXSO,Texas Southern University,,
2021,612,20,20,Charlie Connolly,Navy,4YR SR,Los Angeles Dodgers,matched_exact_name,100.0,100.0,1,Charlie Connolly,6898195,NAVY,United States Naval Academy,,
2022,1,1,1,Jackson Holliday,Stillwater HS,HS SR,Baltimore Orioles,no_candidate,,,0,,,,,,
2022,2,1,1,Druw Jones,Wesleyan HS,HS SR,Arizona Diamondbacks,no_candidate,,,0,,,,,,
2022,3,1,1,Kumar Rocker,No School,4YR JR,Texas Rangers,no_candidate,,,0,,,,,,
2022,4,1,1,Termarr Johnson,Mays HS,HS SR,Pittsburgh Pirates,no_candidate,,,0,,,,,,
2022,5,1,1,Elijah Green,IMG Academy,HS SR,Washington Nationals,no_candidate,,,0,,,,,,
2022,6,1,1,Jacob Berry,LSU,4YR SO,Miami Marlins,matched_exact_name,100.0,100.0,1,Jacob Berry,7579336,LSU,Louisiana State University,,
2022,7,1,1,Cade Horton,Oklahoma,4YR SO,Chicago Cubs,matched_exact_name,100.0,100.0,1,Cade Horton,7333161,OU,University of Oklahoma,,
2022,8,1,1,Brooks Lee,Cal Poly,4YR JR,Minnesota Twins,matched_exact_name,100.0,100.0,1,Brooks Lee,7348827,CP,California Polytechnic State University,,
2022,9,1,1,Gavin Cross,Virginia Tech,4YR JR,Kansas City Royals,matched_exact_name,100.0,100.0,1,Gavin Cross,7337339,VT,Virginia Tech,,
2022,10,1,1,Gabriel Hughes,Gonzaga,4YR JR,Colorado Rockies,matched_exact_name,100.0,100.0,1,Gabriel Hughes,7346523,GONZ,Gonzaga University,,
2022,11,1,1,Kevin Parada,Georgia Tech,4YR SO,New York Mets,matched_exact_name,100.0,100.0,1,Kevin Parada,7331652,GT,Georgia Institute of Technology,,
2022,12,1,1,Jace Jung,Texas Tech,4YR JR,Detroit Tigers,matched_exact_name,100.0,100.0,1,Jace Jung,7346197,TTU,Texas Tech University,,
2022,13,1,1,Zach Neto,Campbell University,4YR JR,Los Angeles Angels,matched_exact_name,100.0,100.0,1,Zach Neto,7342066,CAM,Campbell University,,
2022,14,1,1,Jett Williams,Rockwall-Heath HS,HS SR,New York Mets,no_candidate,,,0,,,,,,
2022,15,1,1,Dylan Lesko,Buford HS,HS SR,San Diego Padres,no_candidate,,,0,,,,,,
2022,16,1,1,Chase DeLauter,James Madison University,4YR JR,Cleveland Guardians,matched_exact_name,100.0,100.0,1,Chase DeLauter,7349033,JMU,James Madison University,,
2022,17,1,1,Justin Crawford,Bishop Gorman HS,HS SR,Philadelphia Phillies,no_candidate,,,0,,,,,,
2022,18,1,1,Cam Collier,Chipola College,JC J1,Cincinnati Reds,no_candidate,,,0,,,,,,
2022,19,1,1,Daniel Susac,Arizona,4YR SO,Athletics,matched_exact_name,100.0,100.0,1,Daniel Susac,7350707,ARIZ,University of Arizona,,
2022,20,1,1,Owen Murphy,Riverside Brookfield,HS SR,Atlanta Braves,no_candidate,,,0,,,,,,
2022,21,1,1,Cole Young,North Allegheny HS,HS SR,Seattle Mariners,rejected_fuzzy_school_guard,85.7,27.6,1,,,,,Corey Young,27.6
2022,22,1,1,Cooper Hjerpe,Oregon State,4YR JR,St. Louis Cardinals,matched_exact_name,100.0,100.0,1,Cooper Hjerpe,7339518,ORST,Oregon State University,,
2022,23,1,1,Brandon Barriera,American Heritage School,HS SR,Toronto Blue Jays,no_candidate,,,0,,,,,,
2022,24,1,1,Mikey Romero,Orange Lutheran HS,HS SR,Boston Red Sox,no_candidate,,,0,,,,,,
2022,25,1,1,Spencer Jones,Vanderbilt,4YR JR,New York Yankees,matched_exact_name,100.0,100.0,1,Spencer Jones,7344684,VAN,Vanderbilt University,,
2022,26,1,1,Noah Schultz,Oswego East HS,HS SR,Chicago White Sox,no_candidate,,,0,,,,,,
2022,27,1,1,Eric Brown Jr.,Coastal Carolina,4YR JR,Milwaukee Brewers,matched_school_surname,0.0,100.0,1,Eric Brown,7337897,CCU,Coastal Carolina University,,
2022,28,1,1,Drew Gilbert,Tennessee,4YR JR,Houston Astros,matched_exact_name,100.0,100.0,1,Drew Gilbert,7357359,TENN,University of Tennessee Knoxville,,
2022,29,1,1,Xavier Isaac,East Forsyth HS,HS SR,Tampa Bay Rays,no_candidate,,,0,,,,,,
2022,30,1,1,Reggie Crawford,Connecticut,4YR JR,San Francisco Giants,no_candidate,,,0,,,,,,
2022,31,1,1C,Sterlin Thompson,Florida,4YR SO,Colorado Rockies,matched_exact_name,100.0,100.0,1,Sterlin Thompson,7331084,FLA,University of Florida,,
2022,32,1,1C,Sal Stewart,Westminster Christian School,HS SR,Cincinnati Reds,rejected_fuzzy_school_guard,90.9,23.5,1,,,,,Sam Stewart,23.5
2022,33,1,CB-A,Dylan Beavers,California,4YR JR,Baltimore Orioles,matched_exact_name,100.0,100.0,1,Dylan Beavers,7335458,CAL,"University of California, Berkeley",,
2022,34,1,CB-A,Landon Sims,Mississippi State,4YR JR,Arizona Diamondbacks,matched_exact_name,100.0,100.0,1,Landon Sims,7352956,MSST,Mississippi State University,,
2022,35,1,CB-A,JR Ritchie,Bainbridge HS,HS SR,Atlanta Braves,no_candidate,,,0,,,,,,
2022,36,1,CB-A,Thomas Harrington,Campbell University,4YR SO,Pittsburgh Pirates,matched_exact_name,100.0,100.0,1,Thomas Harrington,7344254,CAM,Campbell University,,
2022,37,1,CB-A,Justin Campbell,Oklahoma State,4YR JR,Cleveland Guardians,matched_exact_name,100.0,100.0,1,Justin Campbell,7345514,OKST,Oklahoma State University,,
2022,38,1,CB-A,Jordan Beck,Tennessee,4YR JR,Colorado Rockies,matched_exact_name,100.0,100.0,1,Jordan Beck,7340508,TENN,University of Tennessee Knoxville,,
2022,39,1,CB-A,Robby Snelling,McQueen HS,HS SR,San Diego Padres,no_candidate,,,0,,,,,,
2022,40,2,2,Dalton Rushing,Louisville,4YR JR,Los Angeles Dodgers,matched_exact_name,100.0,100.0,1,Dalton Rushing,7348895,LOU,University of Louisville,,
2022,41,2,2,Cutter Coffey,Liberty HS,HS SR,Boston Red Sox,no_candidate,,,0,,,,,,
2022,42,2,2,Max Wagner,Clemson,4YR SO,Baltimore Orioles,matched_exact_name,100.0,100.0,1,Max Wagner,7340762,CLEM,Clemson University,,
2022,43,2,2,Ivan Melendez,Texas,4YR SR,Arizona Diamondbacks,matched_exact_name,100.0,100.0,1,Ivan Melendez,7333654,TEX,University of Texas at Austin,,
2022,44,2,2,Hunter Barco,Florida,4YR JR,Pittsburgh Pirates,matched_exact_name,100.0,100.0,1,Hunter Barco,7341313,FLA,University of Florida,,
2022,45,2,2,Jake Bennett,Oklahoma,4YR JR,Washington Nationals,matched_exact_name,100.0,100.0,1,Jake Bennett,7333067,OU,University of Oklahoma,,
2022,46,2,2,Jacob Miller,Liberty Union High School,HS SR,Miami Marlins,no_candidate,,,0,,,,,,
2022,47,2,2,Jackson Ferris,IMG Academy,HS SR,Chicago Cubs,no_candidate,,,0,,,,,,
2022,48,2,2,Connor Prielipp,Alabama,4YR JR,Minnesota Twins,no_candidate,,,0,,,,,,
2022,49,2,2,Cayden Wallace,Arkansas,4YR SO,Kansas City Royals,matched_exact_name,100.0,100.0,1,Cayden Wallace,7331816,ARK,University of Arkansas,,
2022,50,2,2,Jackson Cox,Toutle Lake HS,HS SR,Colorado Rockies,no_candidate,,,0,,,,,,
2022,51,2,2,Peyton Graham,Oklahoma,4YR JR,Detroit Tigers,matched_exact_name,100.0,100.0,1,Peyton Graham,7332799,OU,University of Oklahoma,,
2022,52,2,2,Blade Tidwell,Tennessee,4YR SO,New York Mets,matched_exact_name,100.0,100.0,1,Blade Tidwell,7346536,TENN,University of Tennessee Knoxville,,
2022,53,2,2,Adam Mazur,Iowa,4YR JR,San Diego Padres,matched_exact_name,100.0,100.0,1,Adam Mazur,7549750,IOWA,University of Iowa,,
2022,54,2,2,Parker Messick,Florida State,4YR JR,Cleveland Guardians,matched_exact_name,100.0,100.0,1,Parker Messick,7335998,FSU,Florida State University,,
2022,55,2,2,Logan Tanner,Mississippi State,4YR JR,Cincinnati Reds,matched_exact_name,100.0,100.0,1,Logan Tanner,7335456,MSST,Mississippi State University,,
2022,56,2,2,Henry Bolte,Palo Alto HS,HS SR,Athletics,no_candidate,,,0,,,,,,
2022,57,2,2,Cole Phillips,Boerne HS,HS SR,Atlanta Braves,no_candidate,,,0,,,,,,
2022,58,2,2,Tyler Locklear,VCU,4YR JR,Seattle Mariners,matched_exact_name,100.0,100.0,1,Tyler Locklear,7335360,VCU,Virginia Commonwealth University,,
2022,59,2,2,Brycen Mautz,University of San Diego,4YR JR,St. Louis Cardinals,matched_exact_name,100.0,100.0,1,Brycen Mautz,7346560,USD,University of San Diego,,
2022,60,2,2,Josh Kasevich,Oregon,4YR JR,Toronto Blue Jays,matched_exact_name,100.0,100.0,1,Josh Kasevich,7351680,ORE,University of Oregon,,
2022,61,2,2,Drew Thorpe,Cal Poly,4YR JR,New York Yankees,matched_exact_name,100.0,100.0,1,Drew Thorpe,7346842,CP,California Polytechnic State University,,
2022,62,2,2,Peyton Pallette,Arkansas,4YR JR,Chicago White Sox,no_candidate,,,0,,,,,,
2022,63,2,2,Jacob Misiorowski,Crowder College,JC J2,Milwaukee Brewers,no_candidate,,,0,,,,,,
2022,64,2,2,Jacob Melton,Oregon State,4YR SR,Houston Astros,matched_exact_name,100.0,100.0,1,Jacob Melton,7345888,ORST,Oregon State University,,
2022,65,2,2,Brock Jones,Stanford,4YR JR,Tampa Bay Rays,matched_exact_name,100.0,100.0,1,Brock Jones,7351726,STAN,Stanford University,,
2022,66,2,2,Carson Whisenhunt,East Carolina,4YR JR,San Francisco Giants,no_candidate,,,0,,,,,,
2022,67,2,CB-B,Jud Fabian,Florida,4YR JR,Baltimore Orioles,matched_exact_name,100.0,100.0,1,Jud Fabian,7357613,FLA,University of Florida,,
2022,68,2,CB-B,Tanner Schobel,Virginia Tech,4YR SO,Minnesota Twins,matched_exact_name,100.0,100.0,1,Tanner Schobel,7345140,VT,Virginia Tech,,
2022,69,2,CB-B,Clark Elliott,Michigan,4YR JR,Athletics,matched_exact_name,100.0,100.0,1,Clark Elliott,7346065,MICH,University of Michigan,,
2022,70,2,CB-B,Chandler Simpson,Georgia Tech,4YR JR,Tampa Bay Rays,matched_exact_name,100.0,100.0,1,Chandler Simpson,7557326,GT,Georgia Institute of Technology,,
2022,71,2,CB-B,Ryan Cermak,Illinois State,4YR JR,Tampa Bay Rays,matched_exact_name,100.0,100.0,1,Ryan Cermak,7332171,ILST,Illinois State University,,
2022,72,2,CB-B,Robert Moore,Arkansas,4YR JR,Milwaukee Brewers,matched_exact_name,100.0,100.0,1,Robert Moore,7337047,ARK,University of Arkansas,,
2022,73,2,CB-B,Justin Boyd,Oregon State,4YR JR,Cincinnati Reds,matched_exact_name,100.0,100.0,1,Justin Boyd,7354041,ORST,Oregon State University,,
2022,74,2,CB-B,Walter Ford,Pace HS,HS SR,Seattle Mariners,no_candidate,,,0,,,,,,
2022,75,2,2C,Nick Morabito,Gonzaga College HS,HS SR,New York Mets,no_candidate,,,0,,,,,,
2022,76,2,2C,Blake Burkhalter,Auburn,4YR JR,Atlanta Braves,matched_exact_name,100.0,100.0,1,Blake Burkhalter,7336346,AUB,Auburn University,,
2022,77,2,2C,Tucker Toman,Hammond School,HS SR,Toronto Blue Jays,no_candidate,,,0,,,,,,
2022,78,2,2C,Cade Doughty,LSU,4YR JR,Toronto Blue Jays,matched_exact_name,100.0,100.0,1,Cade Doughty,7341448,LSU,Louisiana State University,,
2022,79,2,2C,Roman Anthony,Marjory Stoneman Douglas HS,HS SR,Boston Red Sox,no_candidate,,,0,,,,,,
2022,80,2,2C,Andrew Taylor,Central Michigan,4YR JR,Houston Astros,matched_exact_name,100.0,100.0,1,Andrew Taylor,7348495,CMU,Central Michigan University,,
2022,81,3,3,Nolan McLean,Oklahoma State,4YR SO,Baltimore Orioles,matched_exact_name,100.0,100.0,1,Nolan McLean,7349581,OKST,Oklahoma State University,,
2022,82,3,3,Nate Savino,Virginia,4YR JR,Arizona Diamondbacks,matched_exact_name,100.0,100.0,1,Nate Savino,7348296,UVA,University of Virginia,,
2022,83,3,3,Jack Brannigan,Notre Dame,4YR JR,Pittsburgh Pirates,matched_exact_name,100.0,100.0,1,Jack Brannigan,7333408,ND,University of Notre Dame,,
2022,84,3,3,Trey Lipscomb,Tennessee,4YR SR,Washington Nationals,matched_exact_name,100.0,100.0,1,Trey Lipscomb,7340851,TENN,University of Tennessee Knoxville,,
2022,85,3,3,Karson Milbrandt,Liberty Senior HS,HS SR,Miami Marlins,no_candidate,,,0,,,,,,
2022,86,3,3,Christopher Paciolla,Temecula Valley HS,HS SR,Chicago Cubs,no_candidate,,,0,,,,,,
2022,87,3,3,Mason Barnett,Auburn,4YR JR,Kansas City Royals,matched_exact_name,100.0,100.0,1,Mason Barnett,7357055,AUB,Auburn University,,
2022,88,3,3,Carson Palmquist,Miami,4YR JR,Colorado Rockies,matched_exact_name,100.0,100.0,1,Carson Palmquist,7334931,MIA,University of Miami,,
2022,89,3,3,Ben Joyce,Tennessee,4YR SR,Los Angeles Angels,matched_exact_name,100.0,100.0,1,Ben Joyce,7552591,TENN,University of Tennessee Knoxville,,
2022,90,3,3,Brandon Sproat,Florida,4YR JR,New York Mets,matched_exact_name,100.0,100.0,1,Brandon Sproat,7349261,FLA,University of Florida,,
2022,91,3,3,Henry Williams,Duke,4YR JR,San Diego Padres,rejected_fuzzy_school_guard,85.7,26.7,1,,,,,Avery Williams,26.7
2022,92,3,3,Joe Lampe,Arizona State,4YR JR,Cleveland Guardians,matched_exact_name,100.0,100.0,1,Joe Lampe,7357482,ASU,Arizona State University,,
2022,93,3,3,Gabriel Rincones Jr.,Florida Atlantic,4YR JR,Philadelphia Phillies,matched_fuzzy_name,97.6,100.0,1,"Gabriel Rincones, Jr.",7573617,FAU,Florida Atlantic University,,
2022,94,3,3,Bryce Hubbart,Florida State,4YR JR,Cincinnati Reds,matched_exact_name,100.0,100.0,1,Bryce Hubbart,7349283,FSU,Florida State University,,
2022,95,3,3,Colby Thomas,Mercer,4YR JR,Athletics,matched_exact_name,100.0,100.0,1,Colby Thomas,7355928,MER,Mercer University,,
2022,96,3,3,Drake Baldwin,Missouri State,4YR JR,Atlanta Braves,matched_exact_name,100.0,100.0,1,Drake Baldwin,7344288,MOST,Missouri State University,,
2022,97,3,3,Pete Hansen,Texas,4YR JR,St. Louis Cardinals,matched_exact_name,100.0,100.0,1,Pete Hansen,7339729,TEX,University of Texas at Austin,,
2022,98,3,3,Alan Roden,Creighton,4YR SR,Toronto Blue Jays,matched_exact_name,100.0,100.0,1,Alan Roden,7357545,CREI,Creighton University,,
2022,99,3,3,Dalton Rogers,Southern Mississippi,4YR JR,Boston Red Sox,matched_exact_name,100.0,100.0,1,Dalton Rogers,7544784,USM,University of Southern Mississippi,,
2022,100,3,3,Trystan Vrieling,Gonzaga,4YR JR,New York Yankees,matched_exact_name,100.0,100.0,1,Trystan Vrieling,7342819,GONZ,Gonzaga University,,
2022,101,3,3,Jonathan Cannon,Georgia,4YR JR,Chicago White Sox,matched_exact_name,100.0,100.0,1,Jonathan Cannon,7332646,UGA,University of Georgia,,
2022,102,3,3,Dylan O'Rae,Northern Collegiate,HS SR,Milwaukee Brewers,no_candidate,,,0,,,,,,
2022,103,3,3,Michael Knorr,Coastal Carolina,4YR SR,Houston Astros,matched_exact_name,100.0,100.0,1,Michael Knorr,7550259,CCU,Coastal Carolina University,,
2022,104,3,3,Trevor Martin,Oklahoma State,4YR SO,Tampa Bay Rays,matched_exact_name,100.0,100.0,1,Trevor Martin,7358151,OKST,Oklahoma State University,,
2022,105,3,3,Alex Freeland,Central Florida,4YR SO,Los Angeles Dodgers,matched_exact_name,100.0,100.0,1,Alex Freeland,7344267,UCF,University of Central Florida,,
2022,106,3,3,William Kempner,Gonzaga,4YR JR,San Francisco Giants,matched_exact_name,100.0,100.0,1,William Kempner,7348041,GONZ,Gonzaga University,,
2022,107,4,4,Silas Ardoin,Texas,4YR JR,Baltimore Orioles,matched_exact_name,100.0,100.0,1,Silas Ardoin,7334895,TEX,University of Texas at Austin,,
2022,108,4,4,Dylan Ray,Alabama,4YR SO,Arizona Diamondbacks,matched_exact_name,100.0,100.0,1,Dylan Ray,7338789,ALA,University of Alabama,,
2022,109,4,4,Brock Porter,St. Marys Prep,HS SR,Texas Rangers,no_candidate,,,0,,,,,,
2022,110,4,4,Michael Kennedy,Troy HS,HS SR,Pittsburgh Pirates,no_candidate,,,0,,,,,,
2022,111,4,4,Brenner Cox,Rock Hill HS,HS SR,Washington Nationals,no_candidate,,,0,,,,,,
2022,112,4,4,Marcus Johnson,Duke,4YR JR,Miami Marlins,matched_exact_name,100.0,100.0,1,Marcus Johnson,7347518,DUKE,Duke University,,
2022,113,4,4,Nazier Mulé,Passaic County Technical Institute,HS SR,Chicago Cubs,no_candidate,,,0,,,,,,
2022,114,4,4,Andrew Morris,Texas Tech,4YR SR,Minnesota Twins,matched_exact_name,100.0,100.0,1,Andrew Morris,7551355,TTU,Texas Tech University,,
2022,115,4,4,Steven Zobac,California,4YR JR,Kansas City Royals,matched_exact_name,100.0,100.0,1,Steven Zobac,7343575,CAL,"University of California, Berkeley",,
2022,116,4,4,Ryan Ritter,Kentucky,4YR JR,Colorado Rockies,matched_exact_name,100.0,100.0,1,Ryan Ritter,7356702,UK,University of Kentucky,,
2022,117,4,4,Troy Melton,San Diego State,4YR SR,Detroit Tigers,matched_exact_name,100.0,100.0,1,Troy Melton,7344149,SDSU,San Diego State University,,
2022,118,4,4,Jake Madden,Northwest Florida State,JC J1,Los Angeles Angels,no_candidate,,,0,,,,,,
2022,119,4,4,Jacob Reimer,Yucaipa HS,HS SR,New York Mets,no_candidate,,,0,,,,,,
2022,120,4,4,Lamar King Jr.,Calvert Hall College HS,HS SR,San Diego Padres,no_candidate,,,0,,,,,,
2022,121,4,4,Nate Furman,UNC Charlotte,4YR SO,Cleveland Guardians,matched_exact_name,100.0,100.0,1,Nate Furman,7353655,CLT,University of North Carolina at Charlotte,,
2022,122,4,4,Alex McFarlane,Miami,4YR JR,Philadelphia Phillies,matched_exact_name,100.0,100.0,1,Alex McFarlane,7347771,MIA,University of Miami,,
2022,123,4,4,Kenya Huggins,Chipola College,JC J1,Cincinnati Reds,no_candidate,,,0,,,,,,
2022,124,4,4,Jacob Watters,West Virginia,4YR JR,Athletics,matched_exact_name,100.0,100.0,1,Jacob Watters,7333468,WVU,West Virginia University,,
2022,125,4,4,David McCabe,UNC Charlotte,4YR JR,Atlanta Braves,matched_exact_name,100.0,100.0,1,David McCabe,7346597,CLT,University of North Carolina at Charlotte,,
2022,126,4,4,Ashton Izzi,Oswego East HS,HS SR,Seattle Mariners,no_candidate,,,0,,,,,,
2022,127,4,4,Jimmy Crooks,Oklahoma,4YR JR,St. Louis Cardinals,matched_exact_name,100.0,100.0,1,Jimmy Crooks,7347322,OU,University of Oklahoma,,
2022,128,4,4,Ryan Jennings,Louisiana Tech,4YR 5S,Toronto Blue Jays,matched_exact_name,100.0,100.0,1,Ryan Jennings,7348271,LT,Louisiana Tech University,,
2022,129,4,4,Chase Meidroth,University of San Diego,4YR SR,Boston Red Sox,matched_exact_name,100.0,100.0,1,Chase Meidroth,7336413,USD,University of San Diego,,
2022,130,4,4,Anthony Hall,Oregon,4YR JR,New York Yankees,matched_exact_name,100.0,100.0,1,Anthony Hall,7349124,ORE,University of Oregon,,
2022,131,4,4,Jordan Sprinkle,UC Santa Barbara,4YR JR,Chicago White Sox,matched_exact_name,100.0,100.0,1,Jordan Sprinkle,7581750,UCSB,"University of California, Santa Barbara",,
2022,132,4,4,Matthew Wood,Penn State,4YR JR,Milwaukee Brewers,matched_fuzzy_name,85.7,100.0,1,Matt Wood,7349025,PSU,Penn State University,,
2022,133,4,4,Trey Dombroski,Monmouth University,4YR JR,Houston Astros,matched_exact_name,100.0,100.0,1,Trey Dombroski,7345568,MONM,Monmouth University,,
2022,134,4,4,Dom Keegan,Vanderbilt,4YR SR,Tampa Bay Rays,matched_school_surname,0.0,100.0,1,Dominic Keegan,7353777,VAN,Vanderbilt University,,
2022,135,4,4,Nick Biddison,Virginia Tech,4YR JR,Los Angeles Dodgers,matched_exact_name,100.0,100.0,1,Nick Biddison,7352652,VT,Virginia Tech,,
2022,136,4,4,Spencer Miles,Missouri,4YR JR,San Francisco Giants,matched_exact_name,100.0,100.0,1,Spencer Miles,7353953,MIZ,University of Missouri,,
2022,137,5,5,Trace Bright,Auburn,4YR SR,Baltimore Orioles,matched_exact_name,100.0,100.0,1,Trace Bright,7336819,AUB,Auburn University,,
2022,138,5,5,Andrew Pintar,BYU,4YR JR,Arizona Diamondbacks,matched_exact_name,100.0,100.0,1,Andrew Pintar,7334031,BYU,Brigham Young University,,
2022,139,5,5,Chandler Pollard,Woodward Academy,HS SR,Texas Rangers,rejected_fuzzy_school_guard,86.7,11.4,1,,,,,Chandler Poell,11.4
2022,140,5,5,Tres Gonzalez,Georgia Tech,4YR JR,Pittsburgh Pirates,matched_exact_name,100.0,100.0,1,Tres Gonzalez,7336749,GT,Georgia Institute of Technology,,
2022,141,5,5,Jared McKenzie,Baylor,4YR JR,Washington Nationals,matched_exact_name,100.0,100.0,1,Jared McKenzie,7336280,BAY,Baylor University,,
2022,142,5,5,Josh White,California,4YR JR,Miami Marlins,matched_exact_name,100.0,100.0,1,Josh White,7337607,CAL,"University of California, Berkeley",,
2022,143,5,5,Brandon Birdsell,Texas Tech,4YR SR,Chicago Cubs,matched_exact_name,100.0,100.0,1,Brandon Birdsell,7341369,TTU,Texas Tech University,,
2022,144,5,5,Ben Ross,Notre Dame Col,4YR JR,Minnesota Twins,no_candidate,,,0,,,,,,
2022,145,5,5,Hunter Patteson,Central Florida,4YR JR,Kansas City Royals,matched_exact_name,100.0,100.0,1,Hunter Patteson,7351438,UCF,University of Central Florida,,
2022,146,5,5,Connor Staine,Central Florida,4YR JR,Colorado Rockies,matched_exact_name,100.0,100.0,1,Connor Staine,7571664,UCF,University of Central Florida,,
2022,147,5,5,Luke Gold,Boston College,4YR JR,Detroit Tigers,matched_exact_name,100.0,100.0,1,Luke Gold,7341760,BC,Boston College,,
2022,148,5,5,Sonny DiChiara,Auburn,4YR SR,Los Angeles Angels,matched_exact_name,100.0,100.0,1,Sonny DiChiara,7562972,AUB,Auburn University,,
2022,149,5,5,D'Andre Smith,USC,4YR SO,New York Mets,matched_exact_name,100.0,100.0,1,D'Andre Smith,7351320,USC,University of Southern California,,
2022,150,5,5,Nathan Martorella,California,4YR JR,San Diego Padres,matched_exact_name,100.0,100.0,1,Nathan Martorella,7338158,CAL,"University of California, Berkeley",,
2022,151,5,5,Guy Lipscomb,Belmont University,4YR SO,Cleveland Guardians,matched_exact_name,100.0,100.0,1,Guy Lipscomb,7344820,BEL,Belmont University,,
2022,152,5,5,Orion Kerkering,South Florida,4YR JR,Philadelphia Phillies,matched_exact_name,100.0,100.0,1,Orion Kerkering,7345267,USF,University of South Florida,,
2022,153,5,5,Cade Hunter,Virginia Tech,4YR JR,Cincinnati Reds,matched_exact_name,100.0,100.0,1,Cade Hunter,7350676,VT,Virginia Tech,,
2022,154,5,5,Jack Perkins,Indiana,4YR SR,Athletics,matched_exact_name,100.0,100.0,1,Jack Perkins,7580657,IU,Indiana University,,
2022,155,5,5,Nacho Alvarez Jr.,Riverside CC,JC J1,Atlanta Braves,no_candidate,,,0,,,,,,
2022,156,5,5,Reid VanScoter,Coastal Carolina,4YR 5S,Seattle Mariners,matched_exact_name,100.0,100.0,1,Reid VanScoter,7332593,CCU,Coastal Carolina University,,
2022,157,5,5,Victor Scott II,West Virginia,4YR JR,St. Louis Cardinals,matched_fuzzy_name,88.9,100.0,1,Victor Scott,7331406,WVU,West Virginia University,,
2022,158,5,5,Mason Fluharty,Liberty University,4YR JR,Toronto Blue Jays,matched_exact_name,100.0,100.0,1,Mason Fluharty,7338464,LIB,Liberty University,,
2022,159,5,5,Noah Dean,Old Dominion,4YR JR,Boston Red Sox,matched_exact_name,100.0,100.0,1,Noah Dean,7345628,ODU,Old Dominion University,,
2022,160,5,5,Eric Reyzelman,LSU,4YR JR,New York Yankees,matched_exact_name,100.0,100.0,1,Eric Reyzelman,7579335,LSU,Louisiana State University,,
2022,161,5,5,Tyler Schweitzer,Ball State,4YR JR,Chicago White Sox,matched_exact_name,100.0,100.0,1,Tyler Schweitzer,7350995,BALL,Ball State University,,
2022,162,5,5,Will Rudy,Cal Poly Pomona,4YR JR,Milwaukee Brewers,no_candidate,,,0,,,,,,
2022,163,5,5,Nolan DeVos,Davidson,4YR JR,Houston Astros,matched_exact_name,100.0,100.0,1,Nolan DeVos,7338044,DAV,Davidson College,,
2022,164,5,5,Jalen Battles,Arkansas,4YR SR,Tampa Bay Rays,matched_exact_name,100.0,100.0,1,Jalen Battles,7343837,ARK,University of Arkansas,,
2022,165,5,5,Sean McLain,Arizona State,4YR JR,Los Angeles Dodgers,matched_exact_name,100.0,100.0,1,Sean McLain,7348552,ASU,Arizona State University,,
2022,166,5,5,Liam Simon,Notre Dame,4YR JR,San Francisco Giants,matched_exact_name,100.0,100.0,1,Liam Simon,7352631,ND,University of Notre Dame,,
2022,167,6,6,Douglas Hodo III,Texas,4YR JR,Baltimore Orioles,matched_fuzzy_name,85.7,100.0,1,Douglas Hodo,7333969,TEX,University of Texas at Austin,,
2022,168,6,6,Will Mabrey,Tennessee,4YR JR,Arizona Diamondbacks,matched_exact_name,100.0,100.0,1,Will Mabrey,7334392,TENN,University of Tennessee Knoxville,,
2022,169,6,6,Tommy Specht,Wahlert HS,HS SR,Texas Rangers,no_candidate,,,0,,,,,,
2022,170,6,6,Derek Diamond,Ole Miss,4YR JR,Pittsburgh Pirates,matched_exact_name,100.0,100.0,1,Derek Diamond,7358013,MISS,University of Mississippi,,
2022,171,6,6,Nathaniel Ochoa Leyva,Notre Dame Catholic SS,HS SR,Washington Nationals,no_candidate,,,0,,,,,,
2022,172,6,6,Jared Poland,Louisville,4YR SR,Miami Marlins,matched_exact_name,100.0,100.0,1,Jared Poland,7356944,LOU,University of Louisville,,
2022,173,6,6,Will Frisch,Oregon State,4YR JR,Chicago Cubs,no_candidate,,,0,,,,,,
2022,174,6,6,Jorel Ortega,Tennessee,4YR JR,Minnesota Twins,matched_exact_name,100.0,100.0,1,Jorel Ortega,7358327,TENN,University of Tennessee Knoxville,,
2022,175,6,6,Hayden Dunhurst,Ole Miss,4YR JR,Kansas City Royals,matched_exact_name,100.0,100.0,1,Hayden Dunhurst,7353751,MISS,University of Mississippi,,
2022,176,6,6,Michael Prosecky,Louisville,4YR JR,Colorado Rockies,matched_exact_name,100.0,100.0,1,Michael Prosecky,7332190,LOU,University of Louisville,,
2022,177,6,6,Danny Serretti,North Carolina,4YR SR,Detroit Tigers,matched_exact_name,100.0,100.0,1,Danny Serretti,7339155,UNC,University of North Carolina at Chapel Hill,,
2022,178,6,6,Victor Mederos,Oklahoma State,4YR SO,Los Angeles Angels,matched_exact_name,100.0,100.0,1,Victor Mederos,7556236,OKST,Oklahoma State University,,
2022,179,6,6,Tyler Stuart,Southern Mississippi,4YR SR,New York Mets,matched_exact_name,100.0,100.0,1,Tyler Stuart,7336986,USM,University of Southern Mississippi,,
2022,180,6,6,Jakob Marsee,Central Michigan,4YR JR,San Diego Padres,matched_exact_name,100.0,100.0,1,Jakob Marsee,7562627,CMU,Central Michigan University,,
2022,181,6,6,Dylan DeLucia,Ole Miss,4YR JR,Cleveland Guardians,matched_exact_name,100.0,100.0,1,Dylan DeLucia,7572784,MISS,University of Mississippi,,
2022,182,6,6,Mavis Graves,Eastside HS,HS SR,Philadelphia Phillies,no_candidate,,,0,,,,,,
2022,183,6,6,Zach Maxwell,Georgia Tech,4YR JR,Cincinnati Reds,matched_exact_name,100.0,100.0,1,Zach Maxwell,7341937,GT,Georgia Institute of Technology,,
2022,184,6,6,Brennan Milone,Oregon,4YR JR,Athletics,matched_exact_name,100.0,100.0,1,Brennan Milone,7554019,ORE,University of Oregon,,
2022,185,6,6,Seth Keller,Hanover HS,HS SR,Atlanta Braves,no_candidate,,,0,,,,,,
2022,186,6,6,Josh Hood,NC State,4YR SR,Seattle Mariners,matched_exact_name,100.0,100.0,1,Josh Hood,7551561,NCSU,North Carolina State University,,
2022,187,6,6,Max Rajcic,UCLA,4YR SO,St. Louis Cardinals,matched_exact_name,100.0,100.0,1,Max Rajcic,7336868,UCLA,"University of California, Los Angeles",,
2022,188,6,6,T.J. Brock,Ohio State,4YR SR,Toronto Blue Jays,matched_fuzzy_name,88.9,100.0,1,TJ Brock,7353379,OSU,Ohio State University,,
2022,189,6,6,Alex Hoppe,UNC Greensboro,4YR 5S,Boston Red Sox,matched_exact_name,100.0,100.0,1,Alex Hoppe,7335523,UNCG,University of North Carolina at Greensboro,,
2022,190,6,6,Chase Hampton,Texas Tech,4YR SO,New York Yankees,matched_exact_name,100.0,100.0,1,Chase Hampton,7354052,TTU,Texas Tech University,,
2022,191,6,6,Eric Adler,Wake Forest,4YR JR,Chicago White Sox,matched_exact_name,100.0,100.0,1,Eric Adler,7338568,WAKE,Wake Forest University,,
2022,192,6,6,Tyler Woessner,Central Arizona College,JC J3,Milwaukee Brewers,no_candidate,,,0,,,,,,
2022,193,6,6,Collin Price,Mercer,4YR SR,Houston Astros,matched_exact_name,100.0,100.0,1,Collin Price,7339005,MER,Mercer University,,
2022,194,6,6,Gary Gill Hill,John F. Kennedy Catholic HS,HS SR,Tampa Bay Rays,no_candidate,,,0,,,,,,
2022,195,6,6,Logan Wagner,P27 Academy,HS SR,Los Angeles Dodgers,no_candidate,,,0,,,,,,
2022,196,6,6,Hayden Birdsong,Eastern Illinois U,4YR JR,San Francisco Giants,matched_exact_name,100.0,100.0,1,Hayden Birdsong,7349285,EIU,Eastern Illinois University,,
2022,197,7,7,Preston Johnson,Mississippi State,4YR SR,Baltimore Orioles,matched_exact_name,100.0,100.0,1,Preston Johnson,7356684,MSST,Mississippi State University,,
2022,198,7,7,Demetrio Crisantes,Nogales HS,HS SR,Arizona Diamondbacks,no_candidate,,,0,,,,,,
2022,199,7,7,Luis Ramirez,Long Beach State,4YR JR,Texas Rangers,matched_exact_name,100.0,100.0,1,Luis Ramirez,7336484,LBSU,Long Beach State University,,
2022,200,7,7,J.P. Massey,Minnesota,4YR SR,Pittsburgh Pirates,matched_exact_name,100.0,100.0,1,J.P. Massey,7339564,MINN,University of Minnesota,,
2022,201,7,7,Riley Cornelio,TCU,4YR JR,Washington Nationals,matched_exact_name,100.0,100.0,1,Riley Cornelio,7343152,TCU,Texas Christian University,,
2022,202,7,7,Kyle Crigger,Louisiana Tech,4YR 5S,Miami Marlins,matched_exact_name,100.0,100.0,1,Kyle Crigger,7556387,LT,Louisiana Tech University,,
2022,203,7,7,Nick Hull,Grand Canyon University,4YR 5S,Chicago Cubs,matched_exact_name,100.0,100.0,1,Nick Hull,7543188,GCU,Grand Canyon University,,
2022,204,7,7,Kyle Jones,Toledo,4YR SR,Minnesota Twins,matched_exact_name,100.0,100.0,1,Kyle Jones,7349864,TOL,University of Toledo,,
2022,205,7,7,Mack Anglin,Clemson,4YR JR,Kansas City Royals,matched_exact_name,100.0,100.0,1,Mack Anglin,7332105,CLEM,Clemson University,,
2022,206,7,7,Kody Huff,Stanford,4YR JR,Colorado Rockies,matched_exact_name,100.0,100.0,1,Kody Huff,7346590,STAN,Stanford University,,
2022,207,7,7,Seth Stephenson,Tennessee,4YR JR,Detroit Tigers,matched_exact_name,100.0,100.0,1,Seth Stephenson,7552612,TENN,University of Tennessee Knoxville,,
2022,208,7,7,Roman Phansalkar,Oklahoma State,4YR 5S,Los Angeles Angels,matched_exact_name,100.0,100.0,1,Roman Phansalkar,7356904,OKST,Oklahoma State University,,
2022,209,7,7,Jonah Tong,Georgia Premier Academy,HS SR,New York Mets,no_candidate,,,0,,,,,,
2022,210,7,7,Nick Vogt,UC Santa Barbara,4YR JR,San Diego Padres,no_candidate,,,0,,,,,,
2022,211,7,7,Javier Santos,Georgia Premier Academy,HS SR,Cleveland Guardians,no_candidate,,,0,,,,,,
2022,212,7,7,Caleb Ricketts,University of San Diego,4YR SR,Philadelphia Phillies,matched_exact_name,100.0,100.0,1,Caleb Ricketts,7334590,USD,University of San Diego,,
2022,213,7,7,Trey Faltine,Texas,4YR JR,Cincinnati Reds,matched_exact_name,100.0,100.0,1,Trey Faltine,7343840,TEX,University of Texas at Austin,,
2022,214,7,7,Yeniel Laboy,Carlos Beltran Baseball Academy,HS SR,Athletics,no_candidate,,,0,,,,,,
2022,215,7,7,Adam Maier,Oregon,4YR JR,Atlanta Braves,matched_exact_name,100.0,100.0,1,Adam Maier,7554093,ORE,University of Oregon,,
2022,216,7,7,Hogan Windish,UNC Greensboro,4YR 5S,Seattle Mariners,matched_exact_name,100.0,100.0,1,Hogan Windish,7333194,UNCG,University of North Carolina at Greensboro,,
2022,217,7,7,Alex Iadisernia,Elon University,4YR JR,St. Louis Cardinals,matched_exact_name,100.0,100.0,1,Alex Iadisernia,7349210,ELON,Elon University,,
2022,218,7,7,Peyton Williams,Iowa,4YR JR,Toronto Blue Jays,matched_exact_name,100.0,100.0,2,Peyton Williams,7333879,IOWA,University of Iowa,,
2022,219,7,7,Caleb Bolden,TCU,4YR 5S,Boston Red Sox,matched_exact_name,100.0,100.0,1,Caleb Bolden,7547689,TCU,Texas Christian University,,
2022,220,7,7,Cam Schlittler,Northeastern,4YR JR,New York Yankees,matched_exact_name,100.0,100.0,1,Cam Schlittler,7356082,NE,Northeastern University,,
2022,221,7,7,Mark McLaughlin,Tennessee,4YR JR,Chicago White Sox,matched_exact_name,100.0,100.0,1,Mark McLaughlin,7338800,TENN,University of Tennessee Knoxville,,
2022,222,7,7,Ben Metzinger,Louisville,4YR SR,Milwaukee Brewers,matched_exact_name,100.0,100.0,1,Ben Metzinger,7336069,LOU,University of Louisville,,
2022,223,7,7,AJ Blubaugh,Milwaukee,4YR JR,Houston Astros,matched_exact_name,100.0,100.0,1,AJ Blubaugh,7344374,MILW,University of Wisconsin–Milwaukee,,
2022,224,7,7,Blake Robertson,Oklahoma,4YR JR,Tampa Bay Rays,matched_exact_name,100.0,100.0,1,Blake Robertson,7579019,OU,University of Oklahoma,,
2022,225,7,7,Chris Campos,St. Mary's College,4YR SO,Los Angeles Dodgers,matched_school_surname,0.0,100.0,1,Christopher Campos,7341662,SMC,St. Mary's College of California,,
2022,226,7,7,Zach Morgan,Fresno State,4YR SR,San Francisco Giants,matched_exact_name,100.0,100.0,1,Zach Morgan,7349613,FRES,Fresno State University,,
2022,227,8,8,Cameron Weston,Michigan,4YR JR,Baltimore Orioles,matched_exact_name,100.0,100.0,1,Cameron Weston,7330797,MICH,University of Michigan,,
2022,228,8,8,Adrian Rodriguez,International Baseball Academy,HS SR,Arizona Diamondbacks,rejected_fuzzy_school_guard,86.7,34.0,3,,,,,Ryan Rodriguez,34.0
2022,229,8,8,Matt Brosky,Youngstown State,4YR SR,Texas Rangers,matched_exact_name,100.0,100.0,1,Matt Brosky,7354332,YSU,Youngstown State University,,
2022,230,8,8,Cy Nielson,BYU,4YR JR,Pittsburgh Pirates,matched_exact_name,100.0,100.0,1,Cy Nielson,7334669,BYU,Brigham Young University,,
2022,231,8,8,Chance Huff,Georgia Tech,4YR SR,Washington Nationals,matched_exact_name,100.0,100.0,1,Chance Huff,7333882,GT,Georgia Institute of Technology,,
2022,232,8,8,Dale Stanavich,Rutgers,4YR SR,Miami Marlins,matched_exact_name,100.0,100.0,1,Dale Stanavich,7334744,RUTG,Rutgers University,,
2022,233,8,8,Mason McGwire,Capistrano Valley HS,HS SR,Chicago Cubs,no_candidate,,,0,,,,,,
2022,234,8,8,Zebby Matthews,Western Carolina,4YR SR,Minnesota Twins,matched_exact_name,100.0,100.0,1,Zebby Matthews,7357776,WCU,Western Carolina University,,
2022,235,8,8,Wesley Scott,Walters State CC,JC J2,Kansas City Royals,no_candidate,,,0,,,,,,
2022,236,8,8,Davison Palermo,North Carolina,4YR SR,Colorado Rockies,matched_fuzzy_name,92.9,100.0,1,Davis Palermo,7339983,UNC,University of North Carolina at Chapel Hill,,
2022,237,8,8,Jake Miller,Valparaiso,4YR JR,Detroit Tigers,matched_exact_name,100.0,100.0,2,Jake Miller,7336156,VAL,Valparaiso University,,
2022,238,8,8,Dylan Phillips,Kansas State,4YR SR,Los Angeles Angels,matched_exact_name,100.0,100.0,1,Dylan Phillips,7348922,KSU,Kansas St.,,
2022,239,8,8,Dylan Tebrake,Creighton,4YR SR,New York Mets,matched_exact_name,100.0,100.0,1,Dylan Tebrake,7334510,CREI,Creighton University,,
2022,240,8,8,Griffin Doersching,Oklahoma State,4YR 5S,San Diego Padres,matched_exact_name,100.0,100.0,1,Griffin Doersching,7556234,OKST,Oklahoma State University,,
2022,241,8,8,Jackson Humphries,Fuquay-Varina HS,HS SR,Cleveland Guardians,no_candidate,,,0,,,,,,
2022,242,8,8,Alex Rao,Notre Dame,4YR SR,Philadelphia Phillies,matched_exact_name,100.0,100.0,1,Alex Rao,7334673,ND,University of Notre Dame,,
2022,243,8,8,Chris McElvain,Vanderbilt,4YR JR,Cincinnati Reds,matched_exact_name,100.0,100.0,1,Chris McElvain,7341142,VAN,Vanderbilt University,,
2022,244,8,8,Micah Dallas,Texas A&M,4YR SR,Athletics,matched_exact_name,100.0,100.0,1,Micah Dallas,7558827,TA&M,Texas A&M University,,
2022,245,8,8,Jason Franks,Cal Poly San Luis Obispo,4YR 5S,Atlanta Braves,matched_exact_name,100.0,100.0,1,Jason Franks,7353269,CP,California Polytechnic State University,,
2022,246,8,8,Tatem Levins,Pittsburgh,4YR SR,Seattle Mariners,matched_exact_name,100.0,100.0,1,Tatem Levins,7550030,PITT,University of Pittsburgh,,
2022,247,8,8,Cade Winquest,University of Texas - Arlington,4YR SR,St. Louis Cardinals,matched_exact_name,100.0,100.0,1,Cade Winquest,7347741,UTA,University of Texas at Arlington,,
2022,248,8,8,Dylan Rock,Texas A&M,4YR 5S,Toronto Blue Jays,matched_exact_name,100.0,100.0,1,Dylan Rock,7558887,TA&M,Texas A&M University,,
2022,249,8,8,Jonathan Brand,Miami University,4YR SR,Boston Red Sox,matched_exact_name,100.0,100.0,1,Jonathan Brand,7357346,M-OH,Miami University-Ohio,,
2022,250,8,8,Brett Barrera,Stanford,4YR JR,New York Yankees,matched_exact_name,100.0,100.0,1,Brett Barrera,7344015,STAN,Stanford University,,
2022,251,8,8,Mario Camilletti,Central Michigan,4YR 5S,Chicago White Sox,matched_exact_name,100.0,100.0,1,Mario Camilletti,7337993,CMU,Central Michigan University,,
2022,252,8,8,Nate Peterson,University of Illinois at Chicago,4YR SR,Milwaukee Brewers,matched_exact_name,100.0,100.0,1,Nate Peterson,7576078,UIC,University of Illinois at Chicago,,
2022,253,8,8,Tyler Guilfoil,Kentucky,4YR SR,Houston Astros,matched_exact_name,100.0,100.0,1,Tyler Guilfoil,7547086,UK,University of Kentucky,,
2022,254,8,8,Sean Harney,Kentucky,4YR 5S,Tampa Bay Rays,matched_exact_name,100.0,100.0,1,Sean Harney,7547114,UK,University of Kentucky,,
2022,255,8,8,Taylor Young,Louisiana Tech,4YR 5S,Los Angeles Dodgers,matched_exact_name,100.0,100.0,1,Taylor Young,7556392,LT,Louisiana Tech University,,
2022,256,8,8,Wade Meckler,Oregon State,4YR SR,San Francisco Giants,matched_exact_name,100.0,100.0,1,Wade Meckler,7350270,ORST,Oregon State University,,
2022,257,9,9,Adam Crampton,Stanford,4YR JR,Baltimore Orioles,matched_exact_name,100.0,100.0,1,Adam Crampton,7334865,STAN,Stanford University,,
2022,258,9,9,Gavin Logan,Oregon State,4YR SR,Arizona Diamondbacks,matched_exact_name,100.0,100.0,1,Gavin Logan,7330752,ORST,Oregon State University,,
2022,259,9,9,Griffin Cheney,Georgia St U,4YR 5S,Texas Rangers,matched_exact_name,100.0,100.0,1,Griffin Cheney,7335592,GAST,Georgia State University,,
2022,260,9,9,Michael Walsh,Yale,4YR JR,Pittsburgh Pirates,rejected_school_guard,100.0,33.3,1,,,,,Michael Walsh,33.3
2022,261,9,9,Maxwell Romero Jr.,Miami,4YR JR,Washington Nationals,matched_exact_name,100.0,100.0,1,Maxwell Romero Jr.,7580419,MIA,University of Miami,,
2022,262,9,9,Evan Taylor,Arkansas,4YR SR,Miami Marlins,matched_exact_name,100.0,100.0,1,Evan Taylor,7342942,ARK,University of Arkansas,,
2022,263,9,9,Connor Noland,Arkansas,4YR SR,Chicago Cubs,matched_exact_name,100.0,100.0,1,Connor Noland,7353070,ARK,University of Arkansas,,
2022,264,9,9,Cory Lewis,UC Santa Barbara,4YR JR,Minnesota Twins,matched_exact_name,100.0,100.0,1,Cory Lewis,7342737,UCSB,"University of California, Santa Barbara",,
2022,265,9,9,Brandon Johnson,Ole Miss,4YR SR,Kansas City Royals,matched_exact_name,100.0,100.0,2,Brandon Johnson,7341829,MISS,University of Mississippi,,
2022,266,9,9,Brad Cumbest,No School,NS,Colorado Rockies,rejected_school_guard,100.0,17.4,1,,,,,Brad Cumbest,17.4
2022,267,9,9,Andrew Jenkins,Georgia Tech,4YR JR,Detroit Tigers,matched_exact_name,100.0,100.0,1,Andrew Jenkins,7330836,GT,Georgia Institute of Technology,,
2022,268,9,9,Joe Stewart,Michigan,4YR 5S,Los Angeles Angels,matched_exact_name,100.0,100.0,1,Joe Stewart,7559921,MICH,University of Michigan,,
2022,269,9,9,Chase Estep,Kentucky,4YR JR,New York Mets,matched_exact_name,100.0,100.0,1,Chase Estep,7353683,UK,University of Kentucky,,
2022,270,9,9,Dylan Nedved,Iowa,4YR 5S,San Diego Padres,matched_exact_name,100.0,100.0,1,Dylan Nedved,7343063,IOWA,University of Iowa,,
2022,271,9,9,Austin Peterson,Connecticut,4YR SR,Cleveland Guardians,matched_exact_name,100.0,100.0,1,Austin Peterson,7331748,CONN,University of Connecticut,,
2022,272,9,9,Chad Castillo,California Baptist University,4YR SR,Philadelphia Phillies,matched_exact_name,100.0,100.0,1,Chad Castillo,L2111916,CBU,California Baptist University,,
2022,273,9,9,Rob Hensey,Monmouth University,4YR SR,Cincinnati Reds,matched_exact_name,100.0,100.0,1,Rob Hensey,7338197,MONM,Monmouth University,,
2022,274,9,9,Caeden Trenkle,Oklahoma State,4YR SO,Athletics,matched_exact_name,100.0,100.0,1,Caeden Trenkle,7336882,OKST,Oklahoma State University,,
2022,275,9,9,Cory Acton,Georgia,4YR SR,Atlanta Braves,matched_exact_name,100.0,100.0,1,Cory Acton,7579842,UGA,University of Georgia,,
2022,276,9,9,Tyler Gough,JSerra Catholic HS,HS SR,Seattle Mariners,no_candidate,,,0,,,,,,
2022,277,9,9,Joseph King,California,4YR JR,St. Louis Cardinals,matched_exact_name,100.0,100.0,1,Joseph King,7347465,CAL,"University of California, Berkeley",,
2022,278,9,9,Devereaux Harrison,Long Beach State,4YR JR,Toronto Blue Jays,matched_exact_name,100.0,100.0,1,Devereaux Harrison,7358373,LBSU,Long Beach State University,,
2022,279,9,9,Brooks Brannon,Randleman HS,HS SR,Boston Red Sox,no_candidate,,,0,,,,,,
2022,280,9,9,Matt Keating,USC,4YR JR,New York Yankees,matched_exact_name,100.0,100.0,1,Matt Keating,7580422,USC,University of Southern California,,
2022,281,9,9,Michael Turner,Arkansas,4YR 5S,Chicago White Sox,matched_exact_name,100.0,100.0,1,Michael Turner,7544070,ARK,University of Arkansas,,
2022,282,9,9,Tayden Hall,State College of Florida Manatee - Sarasota,JC J1,Milwaukee Brewers,no_candidate,,,0,,,,,,
2022,283,9,9,Brett Gillis,University of Portland,4YR SR,Houston Astros,matched_exact_name,100.0,100.0,1,Brett Gillis,7352613,PORT,University of Portland,,
2022,284,9,9,Chris Villaman,NC State,4YR JR,Tampa Bay Rays,matched_exact_name,100.0,100.0,1,Chris Villaman,7358138,NCSU,North Carolina State University,,
2022,285,9,9,Brandon Neeck,Virginia,4YR SR,Los Angeles Dodgers,matched_exact_name,100.0,100.0,1,Brandon Neeck,7352716,UVA,University of Virginia,,
2022,286,9,9,Jack Choate,Assumption Col,4YR JR,San Francisco Giants,no_candidate,,,0,,,,,,
2022,287,10,10,Wyatt Cheney,McLennan CC,JC J3,Baltimore Orioles,no_candidate,,,0,,,,,,
2022,288,10,10,Brett Johnson,Southern Illinois University Edwardsville,4YR SR,Arizona Diamondbacks,matched_exact_name,100.0,100.0,2,Brett Johnson,7350735,SIUE,Southern Illinois University Edwardsville,,
2022,289,10,10,Josh Hatcher,Kennesaw State,4YR 5S,Texas Rangers,matched_exact_name,100.0,100.0,1,Josh Hatcher,7573423,KENN,Kennesaw State University,,
2022,290,10,10,Tanner Tredaway,Oklahoma,4YR 5S,Pittsburgh Pirates,matched_fuzzy_name,96.8,100.0,1,Tanner Treadaway,7338852,OU,University of Oklahoma,,
2022,291,10,10,Murphy Stehly,Texas,4YR 5S,Washington Nationals,matched_exact_name,100.0,100.0,1,Murphy Stehly,7337056,TEX,University of Texas at Austin,,
2022,292,10,10,Cade Gibson,Louisiana Tech U,4YR 5S,Miami Marlins,matched_exact_name,100.0,100.0,1,Cade Gibson,7556379,LT,Louisiana Tech University,,
2022,293,10,10,Brody McCullough,Wingate,4YR SR,Chicago Cubs,no_candidate,,,0,,,,,,
2022,294,10,10,Dalton Shuffield,Texas State,4YR 5S,Minnesota Twins,matched_exact_name,100.0,100.0,1,Dalton Shuffield,7546256,TXST,Texas State University,,
2022,295,10,10,Levi Usher,Louisville,4YR SR,Kansas City Royals,matched_exact_name,100.0,100.0,1,Levi Usher,7335835,LOU,University of Louisville,,
2022,296,10,10,Zach Agnos,East Carolina,4YR JR,Colorado Rockies,matched_exact_name,100.0,100.0,1,Zach Agnos,7350765,ECU,East Carolina University,,
2022,297,10,10,Trevin Michael,Oklahoma,4YR 5S,Detroit Tigers,matched_exact_name,100.0,100.0,1,Trevin Michael,7578914,OU,University of Oklahoma,,
2022,298,10,10,Matt Coutney,Old Dominion,4YR 5S,Los Angeles Angels,matched_exact_name,100.0,100.0,1,Matt Coutney,7337859,ODU,Old Dominion University,,
2022,299,10,10,Zebulon Vermillion,Arkansas,4YR SR,New York Mets,matched_exact_name,100.0,100.0,1,Zebulon Vermillion,7544072,ARK,University of Arkansas,,
2022,300,10,10,Jackson Smeltz,Purdue,4YR SR,San Diego Padres,matched_exact_name,100.0,100.0,1,Jackson Smeltz,7356466,PUR,Purdue University,,
2022,301,10,10,Jacob Zibin,TNXL Academy,HS SR,Cleveland Guardians,no_candidate,,,0,,,,,,
2022,302,10,10,Gustavo Sosa,South Mountain CC,JC J3,Philadelphia Phillies,no_candidate,,,0,,,,,,
2022,303,10,10,Brody Jessee,Gonzaga,4YR JR,Cincinnati Reds,matched_exact_name,100.0,100.0,1,Brody Jessee,7338257,GONZ,Gonzaga University,,
2022,304,10,10,Brock Rodden,Wichita State,4YR JR,Athletics,matched_exact_name,100.0,100.0,1,Brock Rodden,7554337,WICH,Wichita State University,,
2022,305,10,10,Andrew Keck,Southeast Missouri St U,4YR SR,Atlanta Braves,matched_exact_name,100.0,100.0,1,Andrew Keck,7333662,SEMO,Southeast Missouri State University,,
2022,306,10,10,Bill Knight,Mercer,4YR SR,Seattle Mariners,matched_exact_name,100.0,100.0,1,Bill Knight,7545551,MER,Mercer University,,
2022,307,10,10,Tanner Jacobson,Queens University of Charlotte,4YR SR,St. Louis Cardinals,no_candidate,,,0,,,,,,
2022,308,10,10,Ian Churchill,University of San Diego,4YR 5S,Toronto Blue Jays,matched_exact_name,100.0,100.0,1,Ian Churchill,7556456,USD,University of San Diego,,
2022,309,10,10,Isaac Coffey,Oral Roberts U,4YR JR,Boston Red Sox,matched_exact_name,100.0,100.0,1,Isaac Coffey,7340740,ORU,Oral Roberts University,,
2022,310,10,10,Will Brian,Eastern Kentucky,4YR 5S,New York Yankees,matched_exact_name,100.0,100.0,1,Will Brian,7340493,EKU,Eastern Kentucky University,,
2022,311,10,10,Tim Elko,Ole Miss,4YR 5S,Chicago White Sox,matched_exact_name,100.0,100.0,1,Tim Elko,7572792,MISS,University of Mississippi,,
2022,312,10,10,Brian Fitzpatrick,Rutgers,4YR SR,Milwaukee Brewers,matched_exact_name,100.0,100.0,1,Brian Fitzpatrick,7346731,RUTG,Rutgers University,,
2022,313,10,10,Zach Cole,Ball State,4YR JR,Houston Astros,matched_exact_name,100.0,100.0,1,Zach Cole,7337456,BALL,Ball State University,,
2022,314,10,10,Cade Halemanu,Hawaii,4YR SR,Tampa Bay Rays,matched_exact_name,100.0,100.0,1,Cade Halemanu,7334992,HAW,University of Hawaii Manoa,,
2022,315,10,10,Simon Reid,Westmont College,4YR JR,Los Angeles Dodgers,no_candidate,,,0,,,,,,
2022,316,10,10,John Michael Bertrand,Notre Dame,4YR 5S,San Francisco Giants,matched_exact_name,100.0,100.0,1,John Michael Bertrand,7333821,ND,University of Notre Dame,,
2022,317,11,11,Zack Showalter,Wesley Chapel HS,HS SR,Baltimore Orioles,no_candidate,,,0,,,,,,
2022,318,11,11,Spencer Giesting,UNC Charlotte,4YR SO,Arizona Diamondbacks,matched_exact_name,100.0,100.0,1,Spencer Giesting,7344830,CLT,University of North Carolina at Charlotte,,
2022,319,11,11,Kohl Drake,Walters State CC,JC J3,Texas Rangers,no_candidate,,,0,,,,,,
2022,320,11,11,Dominic Perachi,Salve Regina U,4YR JR,Pittsburgh Pirates,no_candidate,,,0,,,,,,
2022,321,11,11,Luke Young,Midland College,JC J2,Washington Nationals,no_candidate,,,0,,,,,,
2022,322,11,11,Alex Williams,Stanford,4YR SR,Miami Marlins,matched_exact_name,100.0,100.0,1,Alex Williams,7352062,STAN,Stanford University,,
2022,323,11,11,Branden Noriega,No School,NS,Chicago Cubs,no_candidate,,,0,,,,,,
2022,324,11,11,Andrew Cossetti,Saint Joseph's,4YR SR,Minnesota Twins,matched_exact_name,100.0,100.0,1,Andrew Cossetti,7344069,JOES,St. Joseph's University,,
2022,325,11,11,David Sandlin,Oklahoma,4YR JR,Kansas City Royals,matched_exact_name,100.0,100.0,1,David Sandlin,7579024,OU,University of Oklahoma,,
2022,326,11,11,Carson Skipper,Auburn,4YR SR,Colorado Rockies,matched_exact_name,100.0,100.0,1,Carson Skipper,7352877,AUB,Auburn University,,
2022,327,11,11,Joe Miller,Pennsylvania,4YR SR,Detroit Tigers,matched_exact_name,100.0,100.0,1,Joe Miller,7346955,PENN,University of Pennsylvania,,
2022,328,11,11,Caden Dana,Don Bosco Prep HS,HS SR,Los Angeles Angels,no_candidate,,,0,,,,,,
2022,329,11,11,Rhylan Thomas,USC,4YR JR,New York Mets,matched_exact_name,100.0,100.0,1,Rhylan Thomas,7355809,USC,University of Southern California,,
2022,330,11,11,Isaiah Lowe,Combine Academy,HS SR,San Diego Padres,no_candidate,,,0,,,,,,
2022,331,11,11,Magnus Ellerts,Florida SouthWestern State College,JC J3,Cleveland Guardians,no_candidate,,,0,,,,,,
2022,332,11,11,Emaarion Boyd,South Panola HS,HS SR,Philadelphia Phillies,no_candidate,,,0,,,,,,
2022,333,11,11,Ben Brutti,South Kingstown HS,HS SR,Cincinnati Reds,no_candidate,,,0,,,,,,
2022,334,11,11,Christian Oppor,Columbus HS,HS SR,Athletics,rejected_fuzzy_school_guard,86.7,26.7,1,,,,,Christian Moore,26.7
2022,335,11,11,Ian Mejia,New Mexico State,4YR SR,Atlanta Braves,matched_exact_name,100.0,100.0,1,Ian Mejia,7331818,NMSU,New Mexico State University,,
2022,336,11,11,Marcelo Perez,TCU,4YR SR,Seattle Mariners,matched_exact_name,100.0,100.0,1,Marcelo Perez,7353411,TCU,Texas Christian University,,
2022,337,11,11,Nathan Church,University of California - Irvine,4YR SR,St. Louis Cardinals,matched_exact_name,100.0,100.0,1,Nathan Church,7333165,UCI,"University of California, Irvine",,
2022,338,11,11,Pat Gallagher,Connecticut,4YR JR,Toronto Blue Jays,matched_exact_name,100.0,100.0,1,Pat Gallagher,7348355,CONN,University of Connecticut,,
2022,339,11,11,Marques Johnson,Long Beach State,4YR SR,Boston Red Sox,matched_exact_name,100.0,100.0,1,Marques Johnson,7353133,LBSU,Long Beach State University,,
2022,340,11,11,Ryan Harvey,UC Santa Barbara,4YR JR,New York Yankees,matched_exact_name,100.0,100.0,1,Ryan Harvey,7342997,UCSB,"University of California, Santa Barbara",,
2022,341,11,11,Jacob Burke,Miami,4YR JR,Chicago White Sox,matched_exact_name,100.0,100.0,1,Jacob Burke,7580468,MIA,University of Miami,,
2022,342,11,11,Cameron Wagoner,Eastern Michigan,4YR JR,Milwaukee Brewers,rejected_fuzzy_school_guard,86.7,20.0,1,,,,,Cameron Swanger,20.0
2022,343,11,11,Ryan Clifford,Crossroads FLEX HS,HS SR,Houston Astros,no_candidate,,,0,,,,,,
2022,344,11,11,Drew Sommers,Central Arizona College,JC J3,Tampa Bay Rays,no_candidate,,,0,,,,,,
2022,345,11,11,Kyle Nevin,Baylor,4YR JR,Los Angeles Dodgers,matched_exact_name,100.0,100.0,1,Kyle Nevin,7355821,BAY,Baylor University,,
2022,346,11,11,Sam Bower,St. Mary's College,4YR SO,San Francisco Giants,matched_exact_name,100.0,100.0,1,Sam Bower,7333392,SMC,St. Mary's College of California,,
2022,347,12,12,Bradley Brehmer,Indiana,4YR SR,Baltimore Orioles,matched_exact_name,100.0,100.0,1,Bradley Brehmer,7580660,IU,Indiana University,,
2022,348,12,12,Malachi Witherspoon,Fletcher HS,HS SR,Arizona Diamondbacks,no_candidate,,,0,,,,,,
2022,349,12,12,Jackson Kelley,Mercer,4YR SR,Texas Rangers,matched_exact_name,100.0,100.0,1,Jackson Kelley,7355651,MER,Mercer University,,
2022,350,12,12,K.C. Hunt,Mississippi State,4YR JR,Pittsburgh Pirates,matched_fuzzy_name,87.5,100.0,1,KC Hunt,7337858,MSST,Mississippi State University,,
2022,351,12,12,Nick Peoples,Northview HS,HS SR,Washington Nationals,no_candidate,,,0,,,,,,
2022,352,12,12,Cole Kirschsieper,Illinois,4YR JR,Miami Marlins,matched_exact_name,100.0,100.0,1,Cole Kirschsieper,7358038,ILL,University of Illinois,,
2022,353,12,12,Mathew Peters,Ivy Tech,4YR SO,Chicago Cubs,no_candidate,,,0,,,,,,
2022,354,12,12,Nate Baez,Arizona State,4YR JR,Minnesota Twins,matched_school_surname,0.0,100.0,1,Nathan Baez,7336920,ASU,Arizona State University,,
2022,355,12,12,Jack Pineda,Baylor,4YR SR,Kansas City Royals,matched_exact_name,100.0,100.0,1,Jack Pineda,7349571,BAY,Baylor University,,
2022,356,12,12,Caleb Franzen,University of Portland,4YR JR,Colorado Rockies,matched_exact_name,100.0,100.0,1,Caleb Franzen,7349075,PORT,University of Portland,,
2022,357,12,12,Cole Stupp,Kentucky,4YR JR,Detroit Tigers,matched_exact_name,100.0,100.0,1,Cole Stupp,7347536,UK,University of Kentucky,,
2022,358,12,12,Jared Southard,Texas,4YR JR,Los Angeles Angels,matched_exact_name,100.0,100.0,1,Jared Southard,7351646,TEX,University of Texas at Austin,,
2022,359,12,12,Paul Gervase,LSU,4YR SR,New York Mets,matched_exact_name,100.0,100.0,1,Paul Gervase,7579341,LSU,Louisiana State University,,
2022,360,12,12,Austin Krob,TCU,4YR SR,San Diego Padres,matched_exact_name,100.0,100.0,1,Austin Krob,7354019,TCU,Texas Christian University,,
2022,361,12,12,Jack Jasiak,South Florida,4YR JR,Cleveland Guardians,matched_exact_name,100.0,100.0,1,Jack Jasiak,7354778,USF,University of South Florida,,
2022,362,12,12,Jordan Dissin,Saddleback College,JC J2,Philadelphia Phillies,no_candidate,,,0,,,,,,
2022,363,12,12,Mason Pelio,Boston College,4YR SR,Cincinnati Reds,matched_exact_name,100.0,100.0,1,Mason Pelio,7331723,BC,Boston College,,
2022,364,12,12,T.J. Czyz,Cosumnes River College,JC J3,Athletics,no_candidate,,,0,,,,,,
2022,365,12,12,Justin Janas,Illinois,4YR JR,Atlanta Braves,matched_exact_name,100.0,100.0,1,Justin Janas,7348386,ILL,University of Illinois,,
2022,366,12,12,Troy Taylor,University of California - Irvine,4YR JR,Seattle Mariners,matched_exact_name,100.0,100.0,1,Troy Taylor,7543380,UCI,"University of California, Irvine",,
2022,367,12,12,Michael Curialle,UCLA,4YR JR,St. Louis Cardinals,matched_exact_name,100.0,100.0,1,Michael Curialle,7344395,UCLA,"University of California, Los Angeles",,
2022,368,12,12,Nolan Perry,Carlsbad HS,HS SR,Toronto Blue Jays,no_candidate,,,0,,,,,,
2022,369,12,12,Hayden Mullins,Auburn,4YR JR,Boston Red Sox,matched_exact_name,100.0,100.0,1,Hayden Mullins,7344112,AUB,Auburn University,,
2022,370,12,12,Jackson Fristoe,Mississippi State,4YR SO,New York Yankees,matched_exact_name,100.0,100.0,1,Jackson Fristoe,7333798,MSST,Mississippi State University,,
2022,371,12,12,Brooks Baldwin,UNC Wilmington,4YR SR,Chicago White Sox,matched_exact_name,100.0,100.0,1,Brooks Baldwin,7346240,UNCW,University of North Carolina at Wilmington,,
2022,372,12,12,Luke Adams,Hinsdale Central HS,HS SR,Milwaukee Brewers,no_candidate,,,0,,,,,,
2022,373,12,12,Zach Dezenzo,Ohio State,4YR SR,Houston Astros,matched_exact_name,100.0,100.0,1,Zach Dezenzo,7331337,OSU,Ohio State University,,
2022,374,12,12,Alex Cook,Colby CC,JC J2,Tampa Bay Rays,no_candidate,,,0,,,,,,
2022,375,12,12,Jacob Meador,Dallas Baptist,4YR JR,Los Angeles Dodgers,matched_exact_name,100.0,100.0,1,Jacob Meador,7554366,DBU,Dallas Baptist University,,
2022,376,12,12,Tyler Vogel,Jacksonville University,4YR JR,San Francisco Giants,matched_exact_name,100.0,100.0,1,Tyler Vogel,7551655,JAX,Jacksonville University,,
2022,377,13,13,Jared Beck,Saint Leo University,4YR JR,Baltimore Orioles,no_candidate,,,0,,,,,,
2022,378,13,13,Eli Saul,Sacramento State,4YR JR,Arizona Diamondbacks,matched_exact_name,100.0,100.0,1,Eli Saul,7346013,SAC,Sacramento State University,,
2022,379,13,13,Caden Marcum,Paola HS,HS SR,Texas Rangers,no_candidate,,,0,,,,,,
2022,380,13,13,Miguel Fulgencio,Cowley County CC,JC J3,Pittsburgh Pirates,no_candidate,,,0,,,,,,
2022,381,13,13,Marquis Grissom Jr.,Georgia Tech,4YR SO,Washington Nationals,matched_fuzzy_name,97.4,100.0,1,"Marquis Grissom, Jr.",7348464,GT,Georgia Institute of Technology,,
2022,382,13,13,Chase Luttrell,Long Beach State,4YR SR,Miami Marlins,matched_exact_name,100.0,100.0,1,Chase Luttrell,7340786,LBSU,Long Beach State University,,
2022,383,13,13,Luis Rujano,Sunshine State Elite Academy,HS SR,Chicago Cubs,no_candidate,,,0,,,,,,
2022,384,13,13,C.J. Culpepper,California Baptist University,4YR JR,Minnesota Twins,no_candidate,,,0,,,,,,
2022,385,13,13,Ryan Ramsey,Maryland,4YR JR,Kansas City Royals,matched_exact_name,100.0,100.0,1,Ryan Ramsey,7356270,MD,University of Maryland,,
2022,386,13,13,Blake Adams,Kansas State,4YR JR,Colorado Rockies,matched_exact_name,100.0,100.0,1,Blake Adams,7542968,KSU,Kansas St.,,
2022,387,13,13,Dom Johnson,Kansas State,4YR SO,Detroit Tigers,matched_exact_name,100.0,100.0,1,Dom Johnson,7542984,KSU,Kansas St.,,
2022,388,13,13,Tucker Flint,Chipola College,JC J2,Los Angeles Angels,no_candidate,,,0,,,,,,
2022,389,13,13,Dylan Ross,Georgia,4YR JR,New York Mets,matched_exact_name,100.0,100.0,1,Dylan Ross,7579914,UGA,University of Georgia,,
2022,390,13,13,Graham Pauley,Duke,4YR JR,San Diego Padres,matched_exact_name,100.0,100.0,1,Graham Pauley,7349943,DUKE,Duke University,,
2022,391,13,13,Tyresse Turner,USC,4YR JR,Cleveland Guardians,matched_exact_name,100.0,100.0,1,Tyresse Turner,7347200,USC,University of Southern California,,
2022,392,13,13,Cade Fergus,George Washington University,4YR SR,Philadelphia Phillies,matched_exact_name,100.0,100.0,1,Cade Fergus,7344014,GW,George Washington University,,
2022,393,13,13,Johnathan Harmon,Northwestern State,4YR JR,Cincinnati Reds,matched_fuzzy_name,96.8,100.0,1,Jonathan Harmon,7355282,NWST,Northwestern State University,,
2022,394,13,13,Jake Pfennigs,Oregon State,4YR SR,Athletics,matched_exact_name,100.0,100.0,1,Jake Pfennigs,7355238,ORST,Oregon State University,,
2022,395,13,13,Cedric De Grandpre,Chipola College,JC J2,Atlanta Braves,no_candidate,,,0,,,,,,
2022,396,13,13,Darren Bowen,UNC Pembroke,4YR JR,Seattle Mariners,no_candidate,,,0,,,,,,
2022,397,13,13,Chandler Arnold,Dallas Baptist,4YR JR,St. Louis Cardinals,matched_exact_name,100.0,100.0,1,Chandler Arnold,7346020,DBU,Dallas Baptist University,,
2022,398,13,13,Bo Bonds,University of Louisiana at Lafayette,4YR JR,Toronto Blue Jays,matched_exact_name,100.0,100.0,1,Bo Bonds,7541652,UL,University of Louisiana at Lafayette,,
2022,399,13,13,Gavin Kilen,Milton HS,HS SR,Boston Red Sox,no_candidate,,,0,,,,,,
2022,400,13,13,Geoffrey Gilbert,Clemson,4YR JR,New York Yankees,matched_exact_name,100.0,100.0,1,Geoffrey Gilbert,7351016,CLEM,Clemson University,,
2022,401,13,13,Mason Adams,Jacksonville University,4YR SR,Chicago White Sox,matched_exact_name,100.0,100.0,1,Mason Adams,7331923,JAX,Jacksonville University,,
2022,402,13,13,Zane Petty,Corsicana HS,HS SR,Milwaukee Brewers,no_candidate,,,0,,,,,,
2022,403,13,13,Jackson Loftin,Oral Roberts,4YR JR,Houston Astros,matched_exact_name,100.0,100.0,1,Jackson Loftin,7571623,ORU,Oral Roberts University,,
2022,404,13,13,Nate Dahle,BYU,4YR JR,Tampa Bay Rays,matched_exact_name,100.0,100.0,1,Nate Dahle,7548452,BYU,Brigham Young University,,
2022,405,13,13,Chris Newell,Virginia,4YR JR,Los Angeles Dodgers,matched_exact_name,100.0,100.0,1,Chris Newell,7331909,UVA,University of Virginia,,
2022,406,13,13,Thomas Gavello,Pacific,4YR JR,San Francisco Giants,matched_exact_name,100.0,100.0,1,Thomas Gavello,7351478,PAC,University of the Pacific,,
2022,407,14,14,Adam Retzbach,Lehigh U,4YR JR,Baltimore Orioles,matched_exact_name,100.0,100.0,1,Adam Retzbach,7343714,LEH,Lehigh University,,
2022,408,14,14,Kevin Graham,Ole Miss,4YR SR,Arizona Diamondbacks,matched_exact_name,100.0,100.0,1,Kevin Graham,7344223,MISS,University of Mississippi,,
2022,409,14,14,Andrew Owen,Grossmont College,JC J2,Texas Rangers,no_candidate,,,0,,,,,,
2022,410,14,14,Julian Bosnic,South Carolina,4YR SR,Pittsburgh Pirates,no_candidate,,,0,,,,,,
2022,411,14,14,Cortland Lawson,Tennessee,4YR JR,Washington Nationals,matched_exact_name,100.0,100.0,1,Cortland Lawson,7334105,TENN,University of Tennessee Knoxville,,
2022,412,14,14,Torin Montgomery,Missouri,4YR JR,Miami Marlins,matched_exact_name,100.0,100.0,1,Torin Montgomery,7349974,MIZ,University of Missouri,,
2022,413,14,14,Shane Marshall,U Georgia,4YR SR,Chicago Cubs,matched_exact_name,100.0,100.0,1,Shane Marshall,7355704,UGA,University of Georgia,,
2022,414,14,14,Omari Daniel,The Walker School,HS SR,Minnesota Twins,rejected_fuzzy_school_guard,91.7,10.5,1,,,,,Omar Daniels,10.5
2022,415,14,14,Ben Sears,Houston,4YR SR,Kansas City Royals,matched_exact_name,100.0,100.0,1,Ben Sears,7338673,HOU,University of Houston,,
2022,416,14,14,Braxton Hyde,Butler County CC,JC J2,Colorado Rockies,no_candidate,,,0,,,,,,
2022,417,14,14,Joe Adametz,Liberty University,4YR JR,Detroit Tigers,matched_school_surname,0.0,100.0,1,Joe Adametz III,7354428,LIB,Liberty University,,
2022,418,14,14,Sabin Ceballos,San Jacinto College North,JC J2,Los Angeles Angels,no_candidate,,,0,,,,,,
2022,419,14,14,Cameron Foster,McNeese State,4YR 5S,New York Mets,matched_exact_name,100.0,100.0,1,Cameron Foster,7550440,MCN,McNeese State University,,
2022,420,14,14,Tyler Robertson,University of Louisiana at Lafayette,4YR SR,San Diego Padres,matched_exact_name,100.0,100.0,1,Tyler Robertson,7334914,UL,University of Louisiana at Lafayette,,
2022,421,14,14,Pres Cavenaugh,UNC Greensboro,4YR JR,Cleveland Guardians,matched_exact_name,100.0,100.0,1,Pres Cavenaugh,7352691,UNCG,University of North Carolina at Greensboro,,
2022,422,14,14,Bryan Rincon,Shaler Area HS,HS SR,Philadelphia Phillies,no_candidate,,,0,,,,,,
2022,423,14,14,Jared Lyons,George Mason,4YR SR,Cincinnati Reds,matched_exact_name,100.0,100.0,1,Jared Lyons,7348438,GMU,George Mason University,,
2022,424,14,14,Jamaliel Rosado Jr.,Leadership Christian Academy,HS SR,Athletics,no_candidate,,,0,,,,,,
2022,425,14,14,Landon Harper,Southern Mississippi,4YR JR,Atlanta Braves,matched_exact_name,100.0,100.0,1,Landon Harper,7544789,USM,University of Southern Mississippi,,
2022,426,14,14,Tyler Cleveland,Central Arkansas,4YR SR,Seattle Mariners,matched_exact_name,100.0,100.0,1,Tyler Cleveland,7347346,CARK,University of Central Arkansas,,
2022,427,14,14,D.J. Carpenter,Oregon State,4YR JR,St. Louis Cardinals,matched_fuzzy_name,92.3,100.0,1,DJ Carpenter,7564519,ORST,Oregon State University,,
2022,428,14,14,Sammy Hernandez,Lakeland Senior HS,HS SR,Toronto Blue Jays,no_candidate,,,0,,,,,,
2022,429,14,14,Travis Sanders,Copperas Cove HS,HS SR,Boston Red Sox,no_candidate,,,0,,,,,,
2022,430,14,14,Kristófer Bow,College of Southern Nevada,JC J3,New York Yankees,no_candidate,,,0,,,,,,
2022,431,14,14,Shane Murphy,Chandler Gilbert CC,JC J3,Chicago White Sox,no_candidate,,,0,,,,,,
2022,432,14,14,Aidan Maldonado,Minnesota,4YR SR,Milwaukee Brewers,matched_exact_name,100.0,100.0,1,Aidan Maldonado,7554975,MINN,University of Minnesota,,
2022,433,14,14,Tommy Sacco Jr.,TCU,4YR 5S,Houston Astros,matched_school_surname,0.0,100.0,1,Tommy Sacco,7342415,TCU,Texas Christian University,,
2022,434,14,14,Roel Garcia III,Rice,4YR 5S,Tampa Bay Rays,matched_school_surname,0.0,100.0,1,Roel Garcia,7576478,RICE,Rice University,,
2022,435,14,14,Jose Izarra,Florida SouthWestern State College,JC J2,Los Angeles Dodgers,no_candidate,,,0,,,,,,
2022,436,14,14,Nomar Diaz,Carlos Beltran Baseball Academy,HS SR,San Francisco Giants,no_candidate,,,0,,,,,,
2022,437,15,15,James Hicks,U South Carolina,4YR JR,Baltimore Orioles,matched_exact_name,100.0,100.0,1,James Hicks,7548025,SC,University of South Carolina,,
2022,438,15,15,Joshua Day,Missouri,4YR SR,Arizona Diamondbacks,matched_fuzzy_name,88.9,100.0,1,Josh Day,7339122,MIZ,University of Missouri,,
2022,439,15,15,Jack Goodman,Medfield HS,HS SR,Texas Rangers,rejected_fuzzy_school_guard,87.0,26.1,1,,,,,Jack Gorman,26.1
2022,440,15,15,Josiah Sightler,South Carolina,4YR SR,Pittsburgh Pirates,matched_exact_name,100.0,100.0,1,Josiah Sightler,7337523,SC,University of South Carolina,,
2022,441,15,15,Kyle Luckham,Arizona State,4YR SR,Washington Nationals,matched_exact_name,100.0,100.0,1,Kyle Luckham,7540139,ASU,Arizona State University,,
2022,442,15,15,Ike Buxton,Lipscomb University,4YR SR,Miami Marlins,matched_exact_name,100.0,100.0,1,Ike Buxton,7340625,LIP,Lipscomb University,,
2022,443,15,15,Haydn McGeary,Colorado Mesa University,4YR JR,Chicago Cubs,no_candidate,,,0,,,,,,
2022,444,15,15,Ben Ethridge,Southern Mississippi,4YR JR,Minnesota Twins,matched_exact_name,100.0,100.0,1,Ben Ethridge,7355051,USM,University of Southern Mississippi,,
2022,445,15,15,Javi Vaz,Vanderbilt,4YR JR,Kansas City Royals,matched_fuzzy_name,88.9,100.0,1,Javier Vaz,7333561,VAN,Vanderbilt University,,
2022,446,15,15,Brady Hill,San Jose State,4YR JR,Colorado Rockies,matched_exact_name,100.0,100.0,1,Brady Hill,7544329,SJSU,San Jose State University,,
2022,447,15,15,Patrick Pridgen,Florida International,4YR 5S,Detroit Tigers,matched_school_surname,0.0,100.0,1,Pat Pridgen,7578000,FIU,Florida International University,,
2022,448,15,15,Bryce Osmond,Oklahoma State,4YR JR,Los Angeles Angels,matched_exact_name,100.0,100.0,1,Bryce Osmond,7346293,OKST,Oklahoma State University,,
2022,449,15,15,Jackson Jaha,Clackamas HS,HS SR,New York Mets,no_candidate,,,0,,,,,,
2022,450,15,15,Thomas Balboni Jr.,Northeastern,4YR JR,San Diego Padres,matched_fuzzy_name,87.5,100.0,1,Thomas Balboni,7331747,NE,Northeastern University,,
2022,451,15,15,Adam Tulloch,Arizona State,4YR SR,Cleveland Guardians,matched_exact_name,100.0,100.0,1,Adam Tulloch,7581045,ASU,Arizona State University,,
2022,452,15,15,Troy Schreffler Jr.,Maryland,4YR JR,Philadelphia Phillies,matched_exact_name,100.0,100.0,1,Troy Schreffler Jr.,7332242,MD,University of Maryland,,
2022,453,15,15,Adam Serwinowski,Eastside HS,HS SR,Cincinnati Reds,no_candidate,,,0,,,,,,
2022,454,15,15,Mark Adamiak,Arkansas,4YR JR,Athletics,matched_exact_name,100.0,100.0,1,Mark Adamiak,7332793,ARK,University of Arkansas,,
2022,455,15,15,William Silva,Miami Dade College,JC J3,Atlanta Braves,no_candidate,,,0,,,,,,
2022,456,15,15,Blake Rambusch,Auburn,4YR JR,Seattle Mariners,matched_exact_name,100.0,100.0,1,Blake Rambusch,7562991,AUB,Auburn University,,
2022,457,15,15,Matt Hickey,Tarleton St U,4YR 5S,St. Louis Cardinals,matched_fuzzy_name,88.0,100.0,2,Matthew Hickey,L2662161,TAR,Tarleton State University,,
2022,458,15,15,Michael Turconi,Wake Forest,4YR SR,Toronto Blue Jays,matched_exact_name,100.0,100.0,1,Michael Turconi,7347999,WAKE,Wake Forest University,,
2022,459,15,15,Nathan Landry,U Missouri,4YR JR,Boston Red Sox,matched_exact_name,100.0,100.0,1,Nathan Landry,7551147,MIZ,University of Missouri,,
2022,460,15,15,Tayler Aguilar,Grand Canyon University,4YR JR,New York Yankees,matched_exact_name,100.0,100.0,1,Tayler Aguilar,7353060,GCU,Grand Canyon University,,
2022,461,15,15,Billy Seidl,Duke,4YR JR,Chicago White Sox,matched_exact_name,100.0,100.0,1,Billy Seidl,7344287,DUKE,Duke University,,
2022,462,15,15,Satchell Norman,Florida SouthWestern State College,JC J1,Milwaukee Brewers,no_candidate,,,0,,,,,,
2022,463,15,15,Joey Mancini,Boston Col,4YR SR,Houston Astros,matched_fuzzy_name,95.7,100.0,1,Joe Mancini,7337749,BC,Boston College,,
2022,464,15,15,Jake Christianson,Feather River Col,JC J2,Tampa Bay Rays,no_candidate,,,0,,,,,,
2022,465,15,15,Nico Perez,B You Academy,HS SR,Los Angeles Dodgers,rejected_fuzzy_school_guard,90.0,30.8,1,,,,,Nick Perez,30.8
2022,466,15,15,Tanner O'Tremba,Arizona,4YR SR,San Francisco Giants,matched_exact_name,100.0,100.0,1,Tanner O'Tremba,7340124,ARIZ,University of Arizona,,
2022,467,16,16,Graham Firoved,Virginia Tech,4YR JR,Baltimore Orioles,matched_exact_name,100.0,100.0,1,Graham Firoved,7337816,VT,Virginia Tech,,
2022,468,16,16,David Martin,California Baptist University,4YR JR,Arizona Diamondbacks,matched_exact_name,100.0,100.0,1,David Martin,L2333893,CBU,California Baptist University,,
2022,469,16,16,Nick Bautista III,Cypress College,JC J2,Texas Rangers,no_candidate,,,0,,,,,,
2022,470,16,16,Nick Cimillo,Rutgers,4YR SR,Pittsburgh Pirates,matched_exact_name,100.0,100.0,1,Nick Cimillo,7571765,RUTG,Rutgers University,,
2022,471,16,16,Everett Cooper III,Pro5 Baseball Academy,HS SR,Washington Nationals,no_candidate,,,0,,,,,,
2022,472,16,16,Brett Roberts,Florida State,4YR JR,Miami Marlins,matched_exact_name,100.0,100.0,1,Brett Roberts,7541327,FSU,Florida State University,,
2022,473,16,16,JP Wheat,Next Level Academy,HS SR,Chicago Cubs,no_candidate,,,0,,,,,,
2022,474,16,16,Jankel Ortiz,Academia Presbiteriana HS,HS SR,Minnesota Twins,no_candidate,,,0,,,,,,
2022,475,16,16,Cooper McKeehan,BYU,4YR JR,Kansas City Royals,matched_exact_name,100.0,100.0,1,Cooper McKeehan,7341859,BYU,Brigham Young University,,
2022,476,16,16,Austin Becker,Texas Tech,4YR SR,Colorado Rockies,matched_exact_name,100.0,100.0,1,Austin Becker,7335173,TTU,Texas Tech University,,
2022,477,16,16,Quinn Gudaitis,University of Illinois Springfield,4YR 5S,Detroit Tigers,no_candidate,,,0,,,,,,
2022,478,16,16,Casey Dana,Connecticut,4YR 5S,Los Angeles Angels,matched_exact_name,100.0,100.0,1,Casey Dana,7550394,CONN,University of Connecticut,,
2022,479,16,16,Jimmy Loper,Duke,4YR SR,New York Mets,matched_exact_name,100.0,100.0,1,Jimmy Loper,7346795,DUKE,Duke University,,
2022,480,16,16,Henry Martinez,Miami Christian School,HS SR,San Diego Padres,rejected_school_guard,100.0,14.3,1,,,,,Henry Martinez,14.3
2022,481,16,16,Logun Clark,Taft HS,HS SR,Cleveland Guardians,no_candidate,,,0,,,,,,
2022,482,16,16,Josh Bortka,U Central Missouri,4YR SR,Philadelphia Phillies,no_candidate,,,0,,,,,,
2022,483,16,16,Trey Braithwaite,West Virginia,4YR 5S,Cincinnati Reds,matched_exact_name,100.0,100.0,1,Trey Braithwaite,7571591,WVU,West Virginia University,,
2022,484,16,16,Blaze Pontes,U Hawaii,4YR SR,Athletics,no_candidate,,,0,,,,,,
2022,485,16,16,E.J. Exposito,Long Island University,4YR JR,Atlanta Braves,matched_fuzzy_name,91.7,100.0,1,EJ Exposito,7332516,LIU,Long Island University,,
2022,486,16,16,Jacob McNairy,Alabama,4YR SR,Seattle Mariners,matched_exact_name,100.0,100.0,1,Jacob McNairy,7355103,ALA,University of Alabama,,
2022,487,16,16,Hunter Hayes,Pacific,4YR JR,St. Louis Cardinals,matched_exact_name,100.0,100.0,1,Hunter Hayes,7342461,PAC,University of the Pacific,,
2022,488,16,16,Kale Davis,Oklahoma State,4YR SO,Toronto Blue Jays,matched_exact_name,100.0,100.0,1,Kale Davis,7332806,OKST,Oklahoma State University,,
2022,489,16,16,Garrett Ramsey,Southern Mississippi,4YR SR,Boston Red Sox,matched_exact_name,100.0,100.0,1,Garrett Ramsey,7331782,USM,University of Southern Mississippi,,
2022,490,16,16,Shane Gray,Evansville,4YR SR,New York Yankees,matched_exact_name,100.0,100.0,1,Shane Gray,7352520,EVAN,University of Evansville,,
2022,491,16,16,Tristan Stivors,Texas State,4YR 5S,Chicago White Sox,matched_exact_name,100.0,100.0,1,Tristan Stivors,7546257,TXST,Texas State University,,
2022,492,16,16,Ethan Lege,Delgado Col,JC J2,Milwaukee Brewers,no_candidate,,,0,,,,,,
2022,493,16,16,Tim Borden II,Georgia Tech,4YR SR,Houston Astros,matched_fuzzy_name,87.0,100.0,1,Tim Borden,7557320,GT,Georgia Institute of Technology,,
2022,494,16,16,Kamren James,Mississippi State,4YR JR,Tampa Bay Rays,matched_exact_name,100.0,100.0,1,Kamren James,7343515,MSST,Mississippi State University,,
2022,495,16,16,Jared Karros,UCLA,4YR SO,Los Angeles Dodgers,no_candidate,,,0,,,,,,
2022,496,16,16,Andrew Kachel,Fresno State,4YR JR,San Francisco Giants,matched_exact_name,100.0,100.0,1,Andrew Kachel,7340579,FRES,Fresno State University,,
2022,497,17,17,Carter Young,Vanderbilt,4YR JR,Baltimore Orioles,matched_exact_name,100.0,100.0,2,Carter Young,7340348,VAN,Vanderbilt University,,
2022,498,17,17,Logan Clayton,Houston,4YR SO,Arizona Diamondbacks,matched_exact_name,100.0,100.0,1,Logan Clayton,7559964,HOU,University of Houston,,
2022,499,17,17,Carson Dorsey,Gulf Coast CC,JC J1,Texas Rangers,no_candidate,,,0,,,,,,
2022,500,17,17,Jaycob Deese,Houston,4YR SR,Pittsburgh Pirates,matched_exact_name,100.0,100.0,1,Jaycob Deese,7338147,HOU,University of Houston,,
2022,501,17,17,Blake Klassen,UC Santa Barbara,4YR JR,Washington Nationals,matched_exact_name,100.0,100.0,1,Blake Klassen,7579184,UCSB,"University of California, Santa Barbara",,
2022,502,17,17,Evan Chrest,Wharton HS,HS SR,Miami Marlins,no_candidate,,,0,,,,,,
2022,503,17,17,Andy Garriola,Old Dominion,4YR SR,Chicago Cubs,matched_exact_name,100.0,100.0,1,Andy Garriola,7344516,ODU,Old Dominion University,,
2022,504,17,17,Alec Sayre,Wright State,4YR JR,Minnesota Twins,matched_exact_name,100.0,100.0,1,Alec Sayre,7356152,WRST,Wright State University,,
2022,505,17,17,Chazz Martinez,Oklahoma,4YR SR,Kansas City Royals,matched_exact_name,100.0,100.0,1,Chazz Martinez,7578919,OU,University of Oklahoma,,
2022,506,17,17,Tyler Hoffman,Tulane,4YR SR,Colorado Rockies,matched_exact_name,100.0,100.0,1,Tyler HOFFMAN,7351309,TULN,Tulane University,,
2022,507,17,17,Cole Patten,Villanova,4YR SR,Detroit Tigers,matched_exact_name,100.0,100.0,1,Cole Patten,7552215,VILL,Villanova University,,
2022,508,17,17,Samy Natera Jr.,New Mexico State,4YR JR,Los Angeles Angels,matched_school_surname,0.0,100.0,1,Sammy Natera,7338793,NMSU,New Mexico State University,,
2022,509,17,17,Connor Brandon,Toledo,4YR JR,New York Mets,matched_exact_name,100.0,100.0,1,Connor Brandon,7354796,TOL,University of Toledo,,
2022,510,17,17,Hugh Pinkney,Silverthorn Collegiate Inst,HS SR,San Diego Padres,no_candidate,,,0,,,,,,
2022,511,17,17,Angel Zarate,North Carolina,4YR 5S,Cleveland Guardians,matched_exact_name,100.0,100.0,1,Angel Zarate,7335266,UNC,University of North Carolina at Chapel Hill,,
2022,512,17,17,Daniel Harper,Kentucky,4YR 5S,Philadelphia Phillies,matched_exact_name,100.0,100.0,1,Daniel Harper,7547115,UK,University of Kentucky,,
2022,513,17,17,Easton Sikorski,Western Michigan,4YR SR,Cincinnati Reds,matched_exact_name,100.0,100.0,1,Easton Sikorski,7332765,WMU,Western Michigan University,,
2022,514,17,17,Jake Garland,Miami,4YR JR,Athletics,matched_exact_name,100.0,100.0,1,Jake Garland,7349378,MIA,University of Miami,,
2022,515,17,17,Kevin Kilpatrick Jr.,Central Florida,JC J3,Atlanta Braves,no_candidate,,,0,,,,,,
2022,516,17,17,Stefan Raeth,U Washington,4YR SR,Seattle Mariners,matched_exact_name,100.0,100.0,1,Stefan Raeth,7331860,WASH,University of Washington,,
2022,517,17,17,Brody Moore,Auburn,4YR SR,St. Louis Cardinals,matched_exact_name,100.0,100.0,1,Brody Moore,7357647,AUB,Auburn University,,
2022,518,17,17,Ryan Chasse,Campbell University,4YR SR,Toronto Blue Jays,matched_exact_name,100.0,100.0,1,Ryan Chasse,7339541,CAM,Campbell University,,
2022,519,17,17,Deundre Jones,Lutheran South Academy,HS SR,Boston Red Sox,no_candidate,,,0,,,,,,
2022,520,17,17,Hayden Merda,Azusa Pacific U,4YR SR,New York Yankees,no_candidate,,,0,,,,,,
2022,521,17,17,Nick Altermatt,Minnesota State - Mankato,4YR SR,Chicago White Sox,no_candidate,,,0,,,,,,
2022,522,17,17,Brady Neal,IMG Academy,HS SR,Milwaukee Brewers,no_candidate,,,0,,,,,,
2022,523,17,17,Garrett McGowan,Pittsburg State University,4YR 5S,Houston Astros,no_candidate,,,0,,,,,,
2022,524,17,17,Levi Huesman,Hanover HS,HS SR,Tampa Bay Rays,no_candidate,,,0,,,,,,
2022,525,17,17,Payton Martin,West Forsyth HS,HS SR,Los Angeles Dodgers,no_candidate,,,0,,,,,,
2022,526,17,17,Justin Bench,Ole Miss,4YR SR,San Francisco Giants,matched_exact_name,100.0,100.0,1,Justin Bench,7355171,MISS,University of Mississippi,,
2022,527,18,18,Andrew Walters,Miami,4YR JR,Baltimore Orioles,matched_exact_name,100.0,100.0,1,Andrew Walters,7332034,MIA,University of Miami,,
2022,528,18,18,Aiva Arquette,Saint Louis School,HS SR,Arizona Diamondbacks,no_candidate,,,0,,,,,,
2022,529,18,18,Justin Sanchez,Msgr McClancy Memorial HS,HS SR,Texas Rangers,no_candidate,,,0,,,,,,
2022,530,18,18,Elijah Birdsong,Pacific,4YR SR,Pittsburgh Pirates,matched_exact_name,100.0,100.0,1,Elijah Birdsong,7344944,PAC,University of the Pacific,,
2022,531,18,18,Brad Lord,South Florida,4YR SR,Washington Nationals,matched_exact_name,100.0,100.0,1,Brad Lord,7348262,USF,University of South Florida,,
2022,532,18,18,Spencer Bramwell,Colorado Mesa University,4YR 5S,Miami Marlins,no_candidate,,,0,,,,,,
2022,533,18,18,Garrett Brown,Georgia,4YR SR,Chicago Cubs,matched_exact_name,100.0,100.0,2,Garrett Brown,7332405,UGA,University of Georgia,,
2022,534,18,18,Zach Veen,Point Loma Nazarene University,4YR JR,Minnesota Twins,no_candidate,,,0,,,,,,
2022,535,18,18,Milo Rushford,Walden Grove HS,HS SR,Kansas City Royals,no_candidate,,,0,,,,,,
2022,536,18,18,Javier Ramos,Oklahoma,4YR SR,Colorado Rockies,matched_exact_name,100.0,100.0,1,Javier Ramos,7342103,OU,University of Oklahoma,,
2022,537,18,18,Chris Williams Jr.,William Carey University,4YR SR,Detroit Tigers,no_candidate,,,0,,,,,,
2022,538,18,18,Max Gieg,Boston College,4YR JR,Los Angeles Angels,matched_exact_name,100.0,100.0,1,Max Gieg,7341548,BC,Boston College,,
2022,539,18,18,Chris Santiago,St. Mary's College,4YR JR,New York Mets,matched_exact_name,100.0,100.0,1,Chris Santiago,7345995,SMC,St. Mary's College of California,,
2022,540,18,18,Romeo Sanabria,Indian River State Col,JC J1,San Diego Padres,no_candidate,,,0,,,,,,
2022,541,18,18,Zach Jacobs,UC Riverside,4YR JR,Cleveland Guardians,matched_exact_name,100.0,100.0,1,Zach Jacobs,7336282,UCR,"University of California, Riverside",,
2022,542,18,18,Braylen Wimmer,South Carolina,4YR JR,Philadelphia Phillies,matched_exact_name,100.0,100.0,1,Braylen Wimmer,7342248,SC,University of South Carolina,,
2022,543,18,18,Mason Neville,Basic HS,HS SR,Cincinnati Reds,no_candidate,,,0,,,,,,
2022,544,18,18,Vince Reilly,Grand Canyon University,4YR JR,Athletics,matched_exact_name,100.0,100.0,1,Vince Reilly,7337389,GCU,Grand Canyon University,,
2022,545,18,18,Noah Williams,Redondo Union HS,HS SR,Atlanta Braves,no_candidate,,,0,,,,,,
2022,546,18,18,Brandon Schaeffer,North Carolina,4YR SR,Seattle Mariners,matched_exact_name,100.0,100.0,1,Brandon Schaeffer,7579872,UNC,University of North Carolina at Chapel Hill,,
2022,547,18,18,John Lynch,Xavier U,4YR JR,St. Louis Cardinals,no_candidate,,,0,,,,,,
2022,548,18,18,Jeremy Pilon,Ecole Secondaire De Montagne,HS JR,Toronto Blue Jays,no_candidate,,,0,,,,,,
2022,549,18,18,Austin Ehrlicher,Santa Rosa JC,JC J1,Boston Red Sox,no_candidate,,,0,,,,,,
2022,550,18,18,Sebastian Keane,Northeastern,4YR JR,New York Yankees,matched_exact_name,100.0,100.0,1,Sebastian Keane,7340538,NE,Northeastern University,,
2022,551,18,18,Bryce Willits,UC Santa Barbara,4YR SR,Chicago White Sox,matched_exact_name,100.0,100.0,1,Bryce Willits,7336724,UCSB,"University of California, Santa Barbara",,
2022,552,18,18,Jurrangelo Cijntje,Champagnat Catholic School,HS SR,Milwaukee Brewers,no_candidate,,,0,,,,,,
2022,553,18,18,Isaiah Jackson,Cienega HS,HS SR,Houston Astros,no_candidate,,,0,,,,,,
2022,554,18,18,Duncan Davitt,Iowa,4YR SR,Tampa Bay Rays,matched_exact_name,100.0,100.0,1,Duncan Davitt,7337889,IOWA,University of Iowa,,
2022,555,18,18,Cameron Decker,Evansville North HS,HS SR,Los Angeles Dodgers,no_candidate,,,0,,,,,,
2022,556,18,18,Tanner Thach,Perquimans HS,HS SR,San Francisco Giants,no_candidate,,,0,,,,,,
2022,557,19,19,Alden Mathes,U Richmond,4YR JR,Baltimore Orioles,matched_exact_name,100.0,100.0,1,Alden Mathes,7336681,RICH,University of Richmond,,
2022,558,19,19,Gavin Turley,Hamilton HS,HS SR,Arizona Diamondbacks,no_candidate,,,0,,,,,,
2022,559,19,19,Grayson Saunier,Collierville HS,HS SR,Texas Rangers,no_candidate,,,0,,,,,,
2022,560,19,19,Yoel Tejeda Jr.,North Broward Prep HS,HS SR,Pittsburgh Pirates,no_candidate,,,0,,,,,,
2022,561,19,19,Johnathon Thomas,Texas Southern U,4YR SR,Washington Nationals,matched_exact_name,100.0,100.0,1,Johnathon Thomas,7581152,TXSO,Texas Southern University,,
2022,562,19,19,Carmine Lane,South Florida,4YR JR,Miami Marlins,matched_exact_name,100.0,100.0,1,Carmine Lane,7346742,USF,University of South Florida,,
2022,563,19,19,Brock Blatter,Billings Central Catholic HS,HS SR,Chicago Cubs,no_candidate,,,0,,,,,,
2022,564,19,19,Garrett McMillan,Alabama,4YR JR,Minnesota Twins,matched_exact_name,100.0,100.0,1,Garrett McMillan,7556014,ALA,University of Alabama,,
2022,565,19,19,Tommy Szczepanski,Garber HS,HS SR,Kansas City Royals,no_candidate,,,0,,,,,,
2022,566,19,19,Skyler Messinger,Texas,4YR 5S,Colorado Rockies,matched_exact_name,100.0,100.0,1,Skyler Messinger,7557533,TEX,University of Texas at Austin,,
2022,567,19,19,Albert Oliva,New Mexico Military Institute,JC J2,Detroit Tigers,no_candidate,,,0,,,,,,
2022,568,19,19,Luke Franzoni,Xavier,4YR SR,Los Angeles Angels,matched_exact_name,100.0,100.0,1,Luke Franzoni,7344370,XAV,Xavier University,,
2022,569,19,19,Jackson Lovich,Blue Valley West HS,HS SR,New York Mets,no_candidate,,,0,,,,,,
2022,570,19,19,Spence Coffman,Tishomingo Co HS,HS SR,San Diego Padres,no_candidate,,,0,,,,,,
2022,571,19,19,Geo Rivera Jr.,Walters State CC,JC J1,Cleveland Guardians,no_candidate,,,0,,,,,,
2022,572,19,19,Drew Garrett,Missouri,4YR SR,Philadelphia Phillies,matched_exact_name,100.0,100.0,1,Drew Garrett,7340932,MIZ,University of Missouri,,
2022,573,19,19,Tyler Chadwick,Iowa Western CC,JC J2,Cincinnati Reds,no_candidate,,,0,,,,,,
2022,574,19,19,Tommy Stevenson,Missouri Southern St Col,4YR JR,Athletics,no_candidate,,,0,,,,,,
2022,575,19,19,Christian Jackson,Dutchtown HS,HS SR,Atlanta Braves,no_candidate,,,0,,,,,,
2022,576,19,19,Curtis Washington Jr.,Purdue,4YR SR,Seattle Mariners,matched_fuzzy_name,97.7,100.0,1,"Curtis Washington, Jr.",7557645,PUR,Purdue University,,
2022,577,19,19,Chris Rotondo,Villanova U,4YR SR,St. Louis Cardinals,matched_exact_name,100.0,100.0,1,Chris Rotondo,7552189,VILL,Villanova University,,
2022,578,19,19,Gage Stanifer,Westfield HS,HS SR,Toronto Blue Jays,no_candidate,,,0,,,,,,
2022,579,19,19,Jaret Godman,Oklahoma,4YR SR,Boston Red Sox,matched_exact_name,100.0,100.0,1,Jaret Godman,7335461,OU,University of Oklahoma,,
2022,580,19,19,Beau Brewer,Paris JC,JC J2,New York Yankees,no_candidate,,,0,,,,,,
2022,581,19,19,Drake Logan,Shelton State CC,JC J3,Chicago White Sox,rejected_fuzzy_school_guard,87.0,33.3,1,,,,,Drake Boggan,33.3
2022,582,19,19,Jaden Noot,Sierra Canyon School,HS SR,Milwaukee Brewers,no_candidate,,,0,,,,,,
2022,583,19,19,John Garcia,Grambling State,4YR JR,Houston Astros,matched_exact_name,100.0,100.0,1,John Garcia,7573514,GRAM,Grambling State University,,
2022,584,19,19,Quinn Mathews,Stanford,4YR JR,Tampa Bay Rays,matched_exact_name,100.0,100.0,1,Quinn Mathews,7337445,STAN,Stanford University,,
2022,585,19,19,Bubba Alleyne,Maryland,4YR 5S,Los Angeles Dodgers,no_candidate,,,0,,,,,,
2022,586,19,19,Cade Perkins,Manhattan HS,HS SR,San Francisco Giants,no_candidate,,,0,,,,,,
2022,587,20,20,Reese Sharp,Indiana,4YR JR,Baltimore Orioles,matched_exact_name,100.0,100.0,1,Reese Sharp,7342972,IU,Indiana University,,
2022,588,20,20,Riley Kelly,Tustin HS,HS SR,Arizona Diamondbacks,no_candidate,,,0,,,,,,
2022,589,20,20,Matt Scott,Joel Barlow HS,HS SR,Texas Rangers,no_candidate,,,0,,,,,,
2022,590,20,20,Joshua Loeschorn,Long Island University,4YR SR,Pittsburgh Pirates,matched_fuzzy_name,93.3,100.0,1,Josh Loeschorn,7344583,LIU,Long Island University,,
2022,591,20,20,JeanPierre Ortiz,IMG Academy,HS SR,Washington Nationals,no_candidate,,,0,,,,,,
2022,592,20,20,Jack Gowen,Georgia,4YR SR,Miami Marlins,matched_exact_name,100.0,100.0,1,Jack Gowen,7345081,UGA,University of Georgia,,
2022,593,20,20,Ke'Shun Collier,Meridian CC,JC J2,Chicago Cubs,no_candidate,,,0,,,,,,
2022,594,20,20,Korbyn Dickerson,Trinity HS,HS SR,Minnesota Twins,no_candidate,,,0,,,,,,
2022,595,20,20,Austin Charles,Stockdale HS,HS SR,Kansas City Royals,rejected_fuzzy_school_guard,88.0,27.6,1,,,,,Austin Hale,27.6
2022,596,20,20,Carlos Torres,Lehigh,4YR JR,Colorado Rockies,matched_exact_name,100.0,100.0,1,Carlos Torres,7338457,LEH,Lehigh University,,
2022,597,20,20,Drew Conover,Seton Hall,4YR SO,Detroit Tigers,matched_exact_name,100.0,100.0,1,Drew Conover,7348513,HALL,Seton Hall University,,
2022,598,20,20,Brendan Tinsman,Wake Forest,4YR SR,Los Angeles Angels,matched_exact_name,100.0,100.0,1,Brendan Tinsman,7348847,WAKE,Wake Forest University,,
2022,599,20,20,Eli Ankeney,Grand Canyon University,4YR JR,New York Mets,matched_exact_name,100.0,100.0,1,Eli Ankeney,7341430,GCU,Grand Canyon University,,
2022,600,20,20,Andrew Vail,Rowan University,4YR SR,San Diego Padres,no_candidate,,,0,,,,,,
2022,601,20,20,Shawn Rapp,North Carolina,4YR JR,Cleveland Guardians,matched_exact_name,100.0,100.0,1,Shawn Rapp,7344990,UNC,University of North Carolina at Chapel Hill,,
2022,602,20,20,Nathan Karaffa,Ohio State,4YR JR,Philadelphia Phillies,matched_school_surname,0.0,100.0,1,Nate Karaffa,7345258,OSU,Ohio State University,,
2022,603,20,20,Joseph Menefee,Texas A&M,4YR SR,Cincinnati Reds,matched_exact_name,100.0,100.0,1,Joseph Menefee,7343416,TA&M,Texas A&M University,,
2022,604,20,20,Derek True,Cal Poly,4YR JR,Athletics,matched_exact_name,100.0,100.0,1,Derek True,7347206,CP,California Polytechnic State University,,
2022,605,20,20,Keshawn Ogans,California,4YR JR,Atlanta Braves,matched_exact_name,100.0,100.0,1,Keshawn Ogans,7344181,CAL,"University of California, Berkeley",,
2022,606,20,20,Nick Zona,James Madison U,4YR SR,Seattle Mariners,matched_exact_name,100.0,100.0,1,Nick Zona,7346813,JMU,James Madison University,,
2022,607,20,20,Gavin Van Kempen,Maple Hill HS,HS SR,St. Louis Cardinals,no_candidate,,,0,,,,,,
2022,608,20,20,Greg Pace Jr.,Detroit Edison Academy,HS SR,Toronto Blue Jays,no_candidate,,,0,,,,,,
2022,609,20,20,Connor Butler,Biola University,4YR SR,Boston Red Sox,no_candidate,,,0,,,,,,
2022,610,20,20,Trevor Kirk,Elon University,4YR JR,New York Yankees,matched_exact_name,100.0,100.0,1,Trevor Kirk,7347316,ELON,Elon University,,
2022,611,20,20,Ethan Hammerberg,Ohio State,4YR JR,Chicago White Sox,matched_exact_name,100.0,100.0,1,Ethan Hammerberg,7333260,OSU,Ohio State University,,
2022,612,20,20,Noah Hall,South Carolina,4YR JR,Milwaukee Brewers,matched_exact_name,100.0,100.0,1,Noah Hall,7547992,SC,University of South Carolina,,
2022,613,20,20,Ryan Wrobleski,Dallas Baptist,4YR SR,Houston Astros,matched_exact_name,100.0,100.0,1,Ryan Wrobleski,7340037,DBU,Dallas Baptist University,,
2022,614,20,20,Matt Wyatt,Virginia,4YR JR,Tampa Bay Rays,matched_exact_name,100.0,100.0,1,Matt Wyatt,7344597,UVA,University of Virginia,,
2022,615,20,20,Carter McCulley,Pensacola Catholic HS,HS SR,Los Angeles Dodgers,no_candidate,,,0,,,,,,
2022,616,20,20,Ethan Long,Arizona State,4YR SO,San Francisco Giants,matched_exact_name,100.0,100.0,1,Ethan Long,7332079,ASU,Arizona State University,,
2023,1,1,1,Paul Skenes,LSU,4YR JR,Pittsburgh Pirates,matched_exact_name,100.0,100.0,1,Paul Skenes,7978772,LSU,Louisiana State University,,
2023,2,1,1,Dylan Crews,LSU,4YR JR,Washington Nationals,matched_exact_name,100.0,100.0,1,Dylan Crews,7827700,LSU,Louisiana State University,,
2023,3,1,1,Max Clark,Franklin Community HS,HS SR,Detroit Tigers,no_candidate,,,0,,,,,,
2023,4,1,1,Wyatt Langford,Florida,4YR JR,Texas Rangers,matched_exact_name,100.0,100.0,1,Wyatt Langford,7826519,FLA,University of Florida,,
2023,5,1,1,Walker Jenkins,South Brunswick HS,HS SR,Minnesota Twins,no_candidate,,,0,,,,,,
2023,6,1,1,Jacob Wilson,Grand Canyon University,4YR JR,Athletics,matched_exact_name,100.0,100.0,3,Jacob Wilson,7823769,GCU,Grand Canyon University,,
2023,7,1,1,Rhett Lowder,Wake Forest,4YR JR,Cincinnati Reds,matched_exact_name,100.0,100.0,1,Rhett Lowder,7823083,WAKE,Wake Forest University,,
2023,8,1,1,Blake Mitchell,Sinton HS,HS SR,Kansas City Royals,rejected_fuzzy_school_guard,85.7,30.8,1,,,,,Gable Mitchell,30.8
2023,9,1,1,Chase Dollander,Tennessee,4YR JR,Colorado Rockies,matched_exact_name,100.0,100.0,1,Chase Dollander,7831211,TENN,University of Tennessee Knoxville,,
2023,10,1,1,Noble Meyer,Jesuit HS,HS SR,Miami Marlins,no_candidate,,,0,,,,,,
2023,11,1,1,Nolan Schanuel,Florida Atlantic,4YR JR,Los Angeles Angels,matched_exact_name,100.0,100.0,1,Nolan Schanuel,7826417,FAU,Florida Atlantic University,,
2023,12,1,1,Tommy Troy,Stanford,4YR JR,Arizona Diamondbacks,matched_exact_name,100.0,100.0,1,Tommy Troy,7831025,STAN,Stanford University,,
2023,13,1,1,Matt Shaw,Maryland,4YR JR,Chicago Cubs,matched_fuzzy_name,85.7,100.0,1,Matthew Shaw,7827987,MD,University of Maryland,,
2023,14,1,1,Kyle Teel,Virginia,4YR JR,Boston Red Sox,matched_exact_name,100.0,100.0,1,Kyle Teel,7823041,UVA,University of Virginia,,
2023,15,1,1,Jacob Gonzalez,Ole Miss,4YR JR,Chicago White Sox,matched_exact_name,100.0,100.0,1,Jacob Gonzalez,7828416,MISS,University of Mississippi,,
2023,16,1,1,Bryce Eldridge,James Madison HS,HS SR,San Francisco Giants,no_candidate,,,0,,,,,,
2023,17,1,1,Enrique Bradfield Jr.,Vanderbilt,4YR JR,Baltimore Orioles,matched_exact_name,100.0,100.0,1,Enrique Bradfield Jr.,7822863,VAN,Vanderbilt University,,
2023,18,1,1,Brock Wilken,Wake Forest,4YR JR,Milwaukee Brewers,matched_exact_name,100.0,100.0,1,Brock Wilken,7823098,WAKE,Wake Forest University,,
2023,19,1,1,Brayden Taylor,TCU,4YR JR,Tampa Bay Rays,matched_exact_name,100.0,100.0,1,Brayden Taylor,7822386,TCU,Texas Christian University,,
2023,20,1,1,Arjun Nimmala,Strawberry Crest HS,HS SR,Toronto Blue Jays,no_candidate,,,0,,,,,,
2023,21,1,1,Chase Davis,Arizona,4YR JR,St. Louis Cardinals,matched_exact_name,100.0,100.0,1,Chase Davis,7824558,ARIZ,University of Arizona,,
2023,22,1,1,Colt Emerson,John Glenn HS,HS SR,Seattle Mariners,no_candidate,,,0,,,,,,
2023,23,1,1,Ralphy Velazquez,Huntington Beach HS,HS SR,Cleveland Guardians,no_candidate,,,0,,,,,,
2023,24,1,1,Hurston Waldrep,Florida,4YR JR,Atlanta Braves,matched_exact_name,100.0,100.0,1,Hurston Waldrep,7976703,FLA,University of Florida,,
2023,25,1,1,Dillon Head,Homewood Flossmoor HS,HS SR,San Diego Padres,no_candidate,,,0,,,,,,
2023,26,1,1,George Lombard Jr.,Gulliver Prep School,HS SR,New York Yankees,no_candidate,,,0,,,,,,
2023,27,1,1,Aidan Miller,J.W. Mitchell HS,HS SR,Philadelphia Phillies,rejected_fuzzy_school_guard,87.0,17.4,1,,,,,Dane Miller,17.4
2023,28,1,1,Brice Matthews,Nebraska,4YR JR,Houston Astros,matched_exact_name,100.0,100.0,1,Brice Matthews,7828757,NEB,University of Nebraska–Lincoln,,
2023,29,1,PPI,Jonny Farmelo,Westfield HS,HS SR,Seattle Mariners,no_candidate,,,0,,,,,,
2023,30,1,CB-A,Tai Peete,Trinity Christian School,HS SR,Seattle Mariners,no_candidate,,,0,,,,,,
2023,31,1,CB-A,Adrian Santana,Doral Academy,HS SR,Tampa Bay Rays,no_candidate,,,0,,,,,,
2023,32,1,1,Colin Houck,Parkview HS,HS SR,New York Mets,no_candidate,,,0,,,,,,
2023,33,1,CB-A,Josh Knoth,Patchogue Medford HS,HS SR,Milwaukee Brewers,no_candidate,,,0,,,,,,
2023,34,1,CB-A,Charlee Soto,Reborn Christian Academy,HS SR,Minnesota Twins,no_candidate,,,0,,,,,,
2023,35,1,CB-A,Thomas White,Phillips Academy,HS SR,Miami Marlins,no_candidate,,,0,,,,,,
2023,36,1,1,Kendall George,Atascocita HS,HS SR,Los Angeles Dodgers,no_candidate,,,0,,,,,,
2023,37,1,CB-A,Kevin McGonigle,Monsignor Bonner HS,HS SR,Detroit Tigers,no_candidate,,,0,,,,,,
2023,38,1,CB-A,Ty Floyd,LSU,4YR JR,Cincinnati Reds,matched_exact_name,100.0,100.0,1,Ty Floyd,7827687,LSU,Louisiana State University,,
2023,39,1,CB-A,Myles Naylor,St Joan of Arc Catholic SS,HS SR,Athletics,no_candidate,,,0,,,,,,
2023,40,2,2,Yohandy Morales,Miami,4YR JR,Washington Nationals,matched_exact_name,100.0,100.0,1,Yohandy Morales,7828187,MIA,University of Miami,,
2023,41,2,2,Ryan Lasko,Rutgers,4YR JR,Athletics,matched_exact_name,100.0,100.0,1,Ryan Lasko,7830134,RUTG,Rutgers University,,
2023,42,2,2,Mitch Jebb,Michigan State,4YR JR,Pittsburgh Pirates,matched_exact_name,100.0,100.0,1,Mitch Jebb,7828229,MSU,Michigan State University,,
2023,43,2,2,Sammy Stafura,Walter Panas HS,HS SR,Cincinnati Reds,no_candidate,,,0,,,,,,
2023,44,2,2,Blake Wolters,Mahomet-Seymour HS,HS SR,Kansas City Royals,no_candidate,,,0,,,,,,
2023,45,2,2,Max Anderson,Nebraska,4YR JR,Detroit Tigers,matched_exact_name,100.0,100.0,1,Max Anderson,7828777,NEB,University of Nebraska–Lincoln,,
2023,46,2,2,Sean Sullivan,Wake Forest,4YR SO,Colorado Rockies,matched_exact_name,100.0,100.0,1,Sean Sullivan,8009223,WAKE,Wake Forest University,,
2023,47,2,2,Kemp Alderman,Ole Miss,4YR JR,Miami Marlins,matched_exact_name,100.0,100.0,1,Kemp Alderman,7828419,MISS,University of Mississippi,,
2023,48,2,2,LuJames Groover,NC State,4YR JR,Arizona Diamondbacks,matched_fuzzy_name,88.2,100.0,1,LuJames Groover III,7829144,NCSU,North Carolina State University,,
2023,49,2,2,Luke Keaschall,Arizona State,4YR JR,Minnesota Twins,matched_exact_name,100.0,100.0,1,Luke Keaschall,7978843,ASU,Arizona State University,,
2023,50,2,2,Nazzan Zanetello,Christian Brothers College HS,HS SR,Boston Red Sox,no_candidate,,,0,,,,,,
2023,51,2,2,Grant Taylor,LSU,4YR SO,Chicago White Sox,rejected_school_guard,100.0,12.5,1,,,,,Grant Taylor,12.5
2023,52,2,2,Walker Martin,Eaton HS,HS SR,San Francisco Giants,no_candidate,,,0,,,,,,
2023,53,2,2,Mac Horvath,North Carolina,4YR JR,Baltimore Orioles,matched_exact_name,100.0,100.0,1,Mac Horvath,7828628,UNC,University of North Carolina at Chapel Hill,,
2023,54,2,2,Mike Boeve,Nebraska-Omaha,4YR JR,Milwaukee Brewers,matched_exact_name,100.0,100.0,1,Mike Boeve,7828787,OMA,University of Nebraska at Omaha,,
2023,55,2,2,Colton Ledbetter,Mississippi State,4YR JR,Tampa Bay Rays,matched_exact_name,100.0,100.0,1,Colton Ledbetter,7978817,MSST,Mississippi State University,,
2023,56,2,2,Brandon Sproat,Florida,4YR SR,New York Mets,matched_exact_name,100.0,100.0,1,Brandon Sproat,7826511,FLA,University of Florida,,
2023,57,2,2,Ben Williamson,William & Mary,4YR SR,Seattle Mariners,matched_exact_name,100.0,100.0,1,Ben Williamson,7823381,W&M,College of William & Mary,,
2023,58,2,2,Alex Clemmey,Bishop Hendricken School,HS SR,Cleveland Guardians,no_candidate,,,0,,,,,,
2023,59,2,2,Drue Hackenberg,Virginia Tech,4YR SO,Atlanta Braves,matched_exact_name,100.0,100.0,1,Drue Hackenberg,7823017,VT,Virginia Tech,,
2023,60,2,2,Jake Gelof,Virginia,4YR JR,Los Angeles Dodgers,matched_exact_name,100.0,100.0,1,Jake Gelof,7823027,UVA,University of Virginia,,
2023,61,2,2,Alonzo Tredwell,UCLA,4YR SO,Houston Astros,matched_exact_name,100.0,100.0,1,Alonzo Tredwell,7825456,UCLA,"University of California, Los Angeles",,
2023,62,2,CB-B,Andrew Walters,Miami,4YR SR,Cleveland Guardians,matched_exact_name,100.0,100.0,1,Andrew Walters,7828200,MIA,University of Miami,,
2023,63,2,CB-B,Jackson Baumeister,Florida State,4YR SO,Baltimore Orioles,matched_exact_name,100.0,100.0,1,Jackson Baumeister,7826507,FSU,Florida State University,,
2023,64,2,CB-B,Caden Grice,Clemson,4YR JR,Arizona Diamondbacks,matched_exact_name,100.0,100.0,1,Caden Grice,7825750,CLEM,Clemson University,,
2023,65,2,CB-B,Cole Carrigg,San Diego State,4YR JR,Colorado Rockies,matched_exact_name,100.0,100.0,1,Cole Carrigg,7830396,SDSU,San Diego State University,,
2023,66,2,CB-B,Carson Roccaforte,University of Louisiana at Lafayette,4YR JR,Kansas City Royals,matched_exact_name,100.0,100.0,1,Carson Roccaforte,7830993,UL,University of Louisiana at Lafayette,,
2023,67,2,CB-B,Zander Mueth,Belleville East HS,HS SR,Pittsburgh Pirates,no_candidate,,,0,,,,,,
2023,68,2,2C,Jaxon Wiggins,Arkansas,4YR JR,Chicago Cubs,no_candidate,,,0,,,,,,
2023,69,2,2C,Joe Whitman,Kent State,4YR JR,San Francisco Giants,matched_fuzzy_name,88.0,100.0,1,Joseph Whitman,7974440,KENT,Kent State University,,
2023,70,2,2C,Cade Kuehler,Campbell University,4YR JR,Atlanta Braves,matched_exact_name,100.0,100.0,1,Cade Kuehler,7825537,CAM,Campbell University,,
2023,71,3,3,Travis Sykora,Round Rock HS,HS SR,Washington Nationals,no_candidate,,,0,,,,,,
2023,72,3,3,Steven Echavarria,Millburn HS,HS SR,Athletics,no_candidate,,,0,,,,,,
2023,73,3,3,Garret Forrester,Oregon State,4YR JR,Pittsburgh Pirates,matched_exact_name,100.0,100.0,1,Garret Forrester,7829623,ORST,Oregon State University,,
2023,74,3,3,Hunter Hollan,Arkansas,4YR JR,Cincinnati Reds,matched_exact_name,100.0,100.0,1,Hunter Hollan,7984579,ARK,University of Arkansas,,
2023,75,3,3,Hiro Wyatt,Staples HS,HS SR,Kansas City Royals,no_candidate,,,0,,,,,,
2023,76,3,3,Paul Wilson,Lakeridge HS,HS SR,Detroit Tigers,no_candidate,,,0,,,,,,
2023,77,3,3,Jack Mahoney,South Carolina,4YR JR,Colorado Rockies,matched_exact_name,100.0,100.0,2,Jack Mahoney,7830638,SC,University of South Carolina,,
2023,78,3,3,Brock Vradenburg,Michigan State,4YR JR,Miami Marlins,matched_exact_name,100.0,100.0,1,Brock Vradenburg,7828222,MSU,Michigan State University,,
2023,79,3,3,Alberto Rios,Stanford,4YR JR,Los Angeles Angels,matched_exact_name,100.0,100.0,1,Alberto Rios,7831023,STAN,Stanford University,,
2023,80,3,3,Jack Hurley,Virginia Tech,4YR JR,Arizona Diamondbacks,matched_exact_name,100.0,100.0,1,Jack Hurley,7822998,VT,Virginia Tech,,
2023,81,3,3,Josh Rivera,Florida,4YR SR,Chicago Cubs,matched_exact_name,100.0,100.0,1,Josh Rivera,7826516,FLA,University of Florida,,
2023,82,3,3,Brandon Winokur,Edison HS,HS SR,Minnesota Twins,no_candidate,,,0,,,,,,
2023,83,3,3,Antonio Anderson,North Atlanta HS,HS SR,Boston Red Sox,no_candidate,,,0,,,,,,
2023,84,3,3,Seth Keener,Wake Forest,4YR JR,Chicago White Sox,matched_exact_name,100.0,100.0,1,Seth Keener,7823091,WAKE,Wake Forest University,,
2023,85,3,3,Cole Foster,Auburn,4YR JR,San Francisco Giants,matched_exact_name,100.0,100.0,1,Cole Foster,7824685,AUB,Auburn University,,
2023,86,3,3,Kiefer Lord,Washington,4YR JR,Baltimore Orioles,matched_exact_name,100.0,100.0,1,Kiefer Lord,7992581,WASH,University of Washington,,
2023,87,3,3,Eric Bitonti,Aquinas HS,HS SR,Milwaukee Brewers,no_candidate,,,0,,,,,,
2023,88,3,3,Tre' Morgan,LSU,4YR JR,Tampa Bay Rays,matched_exact_name,100.0,100.0,1,Tre' Morgan,7827704,LSU,Louisiana State University,,
2023,89,3,3,Juaron Watts-Brown,Oklahoma State,4YR JR,Toronto Blue Jays,matched_exact_name,100.0,100.0,1,Juaron Watts-Brown,7978437,OKST,Oklahoma State University,,
2023,90,3,3,Travis Honeyman,Boston College,4YR JR,St. Louis Cardinals,matched_exact_name,100.0,100.0,1,Travis Honeyman,7824899,BC,Boston College,,
2023,91,3,3,Nolan McLean,Oklahoma State,4YR JR,New York Mets,matched_exact_name,100.0,100.0,1,Nolan McLean,7829490,OKST,Oklahoma State University,,
2023,92,3,3,Teddy McGraw,Wake Forest,4YR JR,Seattle Mariners,no_candidate,,,0,,,,,,
2023,93,3,3,CJ Kayfus,Miami,4YR JR,Cleveland Guardians,matched_exact_name,100.0,100.0,1,CJ Kayfus,7828186,MIA,University of Miami,,
2023,94,3,3,Sabin Ceballos,Oregon,4YR SO,Atlanta Braves,matched_exact_name,100.0,100.0,1,Sabin Ceballos,7982769,ORE,University of Oregon,,
2023,95,3,3,Brady Smith,Grainger HS,HS SR,Los Angeles Dodgers,no_candidate,,,0,,,,,,
2023,96,3,3,J.D. Gonzalez,Anita Otero Hernandez HS,HS SR,San Diego Padres,no_candidate,,,0,,,,,,
2023,97,3,3,Kyle Carr,Palomar College,JC J1,New York Yankees,rejected_fuzzy_school_guard,85.7,32.0,1,,,,,Kyle Carrick,32.0
2023,98,3,3,Devin Saltiban,Hilo HS,HS SR,Philadelphia Phillies,no_candidate,,,0,,,,,,
2023,99,3,3,Jake Bloss,Georgetown,4YR JR,Houston Astros,matched_exact_name,100.0,100.0,1,Jake Bloss,8007639,GTWN,Georgetown University,,
2023,100,3,3,Tavian Josenberger,Arkansas,4YR JR,Baltimore Orioles,matched_exact_name,100.0,100.0,1,Tavian Josenberger,7978589,ARK,University of Arkansas,,
2023,101,3,3,Kade Morris,Nevada,4YR JR,New York Mets,matched_exact_name,100.0,100.0,1,Kade Morris,7828863,NEV,"University of Nevada, Reno",,
2023,102,4,4,Andrew Pinckney,Alabama,4YR SR,Washington Nationals,matched_exact_name,100.0,100.0,1,Andrew Pinckney,7824389,ALA,University of Alabama,,
2023,103,4,4,Cole Miller,Newbury Park HS,HS SR,Athletics,rejected_school_guard,100.0,16.0,1,,,,,Cole Miller,16.0
2023,104,4,4,Carlson Reed,West Virginia,4YR JR,Pittsburgh Pirates,matched_exact_name,100.0,100.0,1,Carlson Reed,7823195,WVU,West Virginia University,,
2023,105,4,4,Cole Schoenwetter,San Marcos HS,HS SR,Cincinnati Reds,no_candidate,,,0,,,,,,
2023,106,4,4,Hunter Owen,Vanderbilt,4YR JR,Kansas City Royals,matched_exact_name,100.0,100.0,1,Hunter Owen,7822884,VAN,Vanderbilt University,,
2023,107,4,4,Carson Rucker,Goodpasture Christian School,HS SR,Detroit Tigers,no_candidate,,,0,,,,,,
2023,108,4,4,Skylar Hales,Santa Clara,4YR JR,Texas Rangers,matched_exact_name,100.0,100.0,1,Skylar Hales,7830532,SCU,Santa Clara University,,
2023,109,4,4,Isaiah Coupet,Ohio State,4YR JR,Colorado Rockies,matched_exact_name,100.0,100.0,1,Isaiah Coupet,7829447,OSU,Ohio State University,,
2023,110,4,4,Emmett Olson,Nebraska,4YR JR,Miami Marlins,matched_exact_name,100.0,100.0,1,Emmett Olson,7828779,NEB,University of Nebraska–Lincoln,,
2023,111,4,4,Joe Redfield,Sam Houston,4YR JR,Los Angeles Angels,matched_exact_name,100.0,100.0,1,Joe Redfield,8011302,SHSU,Sam Houston State University,,
2023,112,4,4,Grayson Hitt,Alabama,4YR JR,Arizona Diamondbacks,matched_exact_name,100.0,100.0,1,Grayson Hitt,7824390,ALA,University of Alabama,,
2023,113,4,4,Will Sanders,South Carolina,4YR JR,Chicago Cubs,matched_exact_name,100.0,100.0,1,Will Sanders,7830648,SC,University of South Carolina,,
2023,114,4,4,Tanner Hall,Southern Mississippi,4YR JR,Minnesota Twins,matched_exact_name,100.0,100.0,1,Tanner Hall,7830892,USM,University of Southern Mississippi,,
2023,115,4,4,Matt Duffy,Canisius College,4YR JR,Boston Red Sox,matched_exact_name,100.0,100.0,1,Matt Duffy,7825552,CAN,Canisius,,
2023,116,4,4,Calvin Harris,Ole Miss,4YR JR,Chicago White Sox,matched_exact_name,100.0,100.0,1,Calvin Harris,7828410,MISS,University of Mississippi,,
2023,117,4,4,Maui Ahuna,Tennessee,4YR JR,San Francisco Giants,matched_exact_name,100.0,100.0,1,Maui Ahuna,8008253,TENN,University of Tennessee Knoxville,,
2023,118,4,4,Levi Wells,Texas State,4YR JR,Baltimore Orioles,matched_exact_name,100.0,100.0,1,Levi Wells,7830974,TXST,Texas State University,,
2023,119,4,4,Jason Woodward,Florida Gulf Coast University,4YR JR,Milwaukee Brewers,matched_exact_name,100.0,100.0,1,Jason Woodward,7824175,FGCU,Florida Gulf Coast University,,
2023,120,4,4,Hunter Haas,Texas A&M,4YR JR,Tampa Bay Rays,matched_exact_name,100.0,100.0,1,Hunter Haas,7974649,TA&M,Texas A&M University,,
2023,121,4,4,Landen Maroudis,Calvary Christian HS,HS SR,Toronto Blue Jays,no_candidate,,,0,,,,,,
2023,122,4,4,Quinn Mathews,Stanford,4YR SR,St. Louis Cardinals,matched_exact_name,100.0,100.0,1,Quinn Mathews,7831041,STAN,Stanford University,,
2023,123,4,4,Wyatt Hudepohl,UNC Charlotte,4YR JR,New York Mets,matched_exact_name,100.0,100.0,1,Wyatt Hudepohl,7995244,CLT,University of North Carolina at Charlotte,,
2023,124,4,4,Aidan Smith,Lovejoy HS,HS SR,Seattle Mariners,rejected_fuzzy_school_guard,85.7,0.0,1,,,,,Adam Smith,0.0
2023,125,4,4,Cooper Ingle,Clemson,4YR JR,Cleveland Guardians,matched_exact_name,100.0,100.0,1,Cooper Ingle,7825751,CLEM,Clemson University,,
2023,126,4,4,Garrett Baumann,Hagerty HS,HS SR,Atlanta Braves,no_candidate,,,0,,,,,,
2023,127,4,4,Wyatt Crowell,Florida State,4YR JR,Los Angeles Dodgers,matched_exact_name,100.0,100.0,1,Wyatt Crowell,7826494,FSU,Florida State University,,
2023,128,4,4,Homer Bush Jr.,Grand Canyon University,4YR JR,San Diego Padres,matched_exact_name,100.0,100.0,1,Homer Bush Jr.,7823773,GCU,Grand Canyon University,,
2023,129,4,4,Roc Riggio,Oklahoma State,4YR SO,New York Yankees,matched_exact_name,100.0,100.0,1,Roc Riggio,7829499,OKST,Oklahoma State University,,
2023,130,4,4,TJayy Walton,IMG Academy,HS SR,Philadelphia Phillies,no_candidate,,,0,,,,,,
2023,131,4,4,Cam Fisher,UNC Charlotte,4YR SR,Houston Astros,matched_exact_name,100.0,100.0,1,Cam Fisher,7828676,CLT,University of North Carolina at Charlotte,,
2023,132,4,4C,Kristian Campbell,Georgia Tech,4YR SO,Boston Red Sox,matched_exact_name,100.0,100.0,1,Kristian Campbell,7826713,GT,Georgia Institute of Technology,,
2023,133,4,4C,Justin Riemer,Wright State,4YR JR,Boston Red Sox,matched_exact_name,100.0,100.0,1,Justin Riemer,7823478,WRST,Wright State University,,
2023,134,4,4C,A.J. Ewing,Springboro HS,HS SR,New York Mets,no_candidate,,,0,,,,,,
2023,135,4,4C,Austin Troesser,Missouri,4YR JR,New York Mets,matched_exact_name,100.0,100.0,1,Austin Troesser,7828436,MIZ,University of Missouri,,
2023,136,4,4C,Dylan Campbell,Texas,4YR JR,Los Angeles Dodgers,matched_exact_name,100.0,100.0,1,Dylan Campbell,7822505,TEX,University of Texas at Austin,,
2023,137,4,4C,Eriq Swan,Middle Tennessee State,4YR JR,Los Angeles Dodgers,matched_exact_name,100.0,100.0,1,Eriq Swan,7828287,MTSU,Middle Tennessee State University,,
2023,138,5,5,Marcus Brown,Oklahoma State,4YR JR,Washington Nationals,matched_exact_name,100.0,100.0,2,Marcus Brown,7829494,OKST,Oklahoma State University,,
2023,139,5,5,Nathan Dettmer,Texas A&M,4YR JR,Athletics,matched_exact_name,100.0,100.0,1,Nathan Dettmer,7822360,TA&M,Texas A&M University,,
2023,140,5,5,Patrick Reilly,Vanderbilt,4YR JR,Pittsburgh Pirates,matched_exact_name,100.0,100.0,1,Patrick Reilly,7822873,VAN,Vanderbilt University,,
2023,141,5,5,Connor Burns,Long Beach State,4YR JR,Cincinnati Reds,matched_exact_name,100.0,100.0,1,Connor Burns,7825248,LBSU,Long Beach State University,,
2023,142,5,5,Spencer Nivens,Missouri State,4YR JR,Kansas City Royals,matched_exact_name,100.0,100.0,1,Spencer Nivens,7830943,MOST,Missouri State University,,
2023,143,5,5,Jaden Hamm,Middle Tennessee State,4YR JR,Detroit Tigers,matched_exact_name,100.0,100.0,1,Jaden Hamm,7828291,MTSU,Middle Tennessee State University,,
2023,144,5,5,Alejandro Rosario,Miami,4YR JR,Texas Rangers,matched_exact_name,100.0,100.0,1,Alejandro Rosario,7828212,MIA,University of Miami,,
2023,145,5,5,Kyle Karros,UCLA,4YR JR,Colorado Rockies,matched_exact_name,100.0,100.0,1,Kyle Karros,7825463,UCLA,"University of California, Los Angeles",,
2023,146,5,5,Andrew Lindsey,Tennessee,4YR 5S,Miami Marlins,matched_exact_name,100.0,100.0,1,Andrew Lindsey,8008302,TENN,University of Tennessee Knoxville,,
2023,147,5,5,Chris Clark,Harvard,4YR JR,Los Angeles Angels,matched_exact_name,100.0,100.0,1,Chris Clark,7826865,HARV,Harvard University,,
2023,148,5,5,Kevin Sim,University of San Diego,4YR JR,Arizona Diamondbacks,matched_exact_name,100.0,100.0,1,Kevin Sim,7830444,USD,University of San Diego,,
2023,149,5,5,Michael Carico,Davidson,4YR JR,Chicago Cubs,matched_exact_name,100.0,100.0,1,Michael Carico,7825996,DAV,Davidson College,,
2023,150,5,5,Dylan Questad,Waterford HS,HS SR,Minnesota Twins,no_candidate,,,0,,,,,,
2023,151,5,5,Connelly Early,Virginia,4YR JR,Boston Red Sox,matched_exact_name,100.0,100.0,1,Connelly Early,7976041,UVA,University of Virginia,,
2023,152,5,5,Christian Oppor,Gulf Coast CC,JC J1,Chicago White Sox,rejected_fuzzy_school_guard,87.5,20.0,2,,,,,Christian Coppola,20.0
2023,153,5,5,Quinn McDaniel,University of Maine,4YR JR,San Francisco Giants,matched_exact_name,100.0,100.0,1,Quinn McDaniel,7827857,ME,University of Maine,,
2023,154,5,5,Jake Cunningham,UNC Charlotte,4YR JR,Baltimore Orioles,matched_exact_name,100.0,100.0,1,Jake Cunningham,7828659,CLT,University of North Carolina at Charlotte,,
2023,155,5,5,Ryan Birchard,Niagara County CC,JC J2,Milwaukee Brewers,no_candidate,,,0,,,,,,
2023,156,5,5,Trevor Harrison,J.W. Mitchell HS,HS SR,Tampa Bay Rays,no_candidate,,,0,,,,,,
2023,157,5,5,Connor O'Halloran,Michigan,4YR JR,Toronto Blue Jays,matched_exact_name,100.0,100.0,1,Connor O'Halloran,7828253,MICH,University of Michigan,,
2023,158,5,5,Zach Levenson,Miami,4YR JR,St. Louis Cardinals,matched_exact_name,100.0,100.0,1,Zach Levenson,7828208,MIA,University of Miami,,
2023,159,5,5,Zach Thornton,Grand Canyon University,4YR JR,New York Mets,matched_exact_name,100.0,100.0,1,Zach Thornton,7978234,GCU,Grand Canyon University,,
2023,160,5,5,Brock Rodden,Wichita State,4YR JR,Seattle Mariners,matched_exact_name,100.0,100.0,1,Brock Rodden,7823374,WICH,Wichita State University,,
2023,161,5,5,Christian Knapczyk,Louisville,4YR JR,Cleveland Guardians,matched_exact_name,100.0,100.0,1,Christian Knapczyk,7827762,LOU,University of Louisville,,
2023,162,5,5,Isaiah Drake,North Atlanta HS,HS SR,Atlanta Braves,no_candidate,,,0,,,,,,
2023,163,5,5,Joe Vetrano,Boston College,4YR JR,Los Angeles Dodgers,matched_exact_name,100.0,100.0,1,Joe Vetrano,7824912,BC,Boston College,,
2023,164,5,5,Chase Jaworsky,Rock Canyon HS,HS SR,Houston Astros,no_candidate,,,0,,,,,,
2023,165,6,6,Gavin Dugas,LSU,4YR 5S,Washington Nationals,matched_exact_name,100.0,100.0,1,Gavin Dugas,7827686,LSU,Louisiana State University,,
2023,166,6,6,Jonah Cox,Oral Roberts,4YR JR,Athletics,matched_exact_name,100.0,100.0,1,Jonah Cox,7977474,ORU,Oral Roberts University,,
2023,167,6,6,Hunter Furtado,Alabama,4YR JR,Pittsburgh Pirates,matched_exact_name,100.0,100.0,1,Hunter Furtado,7824413,ALA,University of Alabama,,
2023,168,6,6,Ethan O'Donnell,Virginia,4YR JR,Cincinnati Reds,matched_exact_name,100.0,100.0,1,Ethan O'Donnell,7976011,UVA,University of Virginia,,
2023,169,6,6,Coleman Picard,Bryant University,4YR JR,Kansas City Royals,matched_exact_name,100.0,100.0,1,Coleman Picard,7825059,BRY,Bryant University,,
2023,170,6,6,Bennett Lee,Wake Forest,4YR JR,Detroit Tigers,matched_exact_name,100.0,100.0,1,Bennett Lee,8009222,WAKE,Wake Forest University,,
2023,171,6,6,Caden Scarborough,Harmony HS,HS SR,Texas Rangers,no_candidate,,,0,,,,,,
2023,172,6,6,Cade Denton,Oral Roberts,4YR JR,Colorado Rockies,matched_exact_name,100.0,100.0,1,Cade Denton,7829584,ORU,Oral Roberts University,,
2023,173,6,6,Jake DeLeo,Georgia Tech,4YR JR,Miami Marlins,matched_exact_name,100.0,100.0,1,Jake DeLeo,7826698,GT,Georgia Institute of Technology,,
2023,174,6,6,Camden Minacci,Wake Forest,4YR JR,Los Angeles Angels,matched_exact_name,100.0,100.0,1,Camden Minacci,7823088,WAKE,Wake Forest University,,
2023,175,6,6,Philip Abner,Florida,4YR SO,Arizona Diamondbacks,matched_exact_name,100.0,100.0,1,Philip Abner,7826532,FLA,University of Florida,,
2023,176,6,6,Alfonsin Rosario,P27 Academy,HS SR,Chicago Cubs,no_candidate,,,0,,,,,,
2023,177,6,6,Jay Harry,Penn State,4YR JR,Minnesota Twins,matched_exact_name,100.0,100.0,1,Jay Harry,7829741,PSU,Penn State University,,
2023,178,6,6,CJ Weins,Western Kentucky,4YR 5S,Boston Red Sox,matched_exact_name,100.0,100.0,1,CJ Weins,7994649,WKU,Western Kentucky University,,
2023,179,6,6,Lucas Gordon,Texas,4YR JR,Chicago White Sox,matched_exact_name,100.0,100.0,1,Lucas Gordon,7822506,TEX,University of Texas at Austin,,
2023,180,6,6,Luke Shliger,Maryland,4YR JR,San Francisco Giants,matched_exact_name,100.0,100.0,1,Luke Shliger,7827997,MD,University of Maryland,,
2023,181,6,6,Jacob Cravey,Samford University,4YR JR,Baltimore Orioles,matched_exact_name,100.0,100.0,1,Jacob Cravey,7830362,SAM,Samford,,
2023,182,6,6,Cooper Pratt,Magnolia Heights HS,HS SR,Milwaukee Brewers,no_candidate,,,0,,,,,,
2023,183,6,6,TJ Nichols,Arizona,4YR JR,Tampa Bay Rays,matched_exact_name,100.0,100.0,1,TJ Nichols,7824567,ARIZ,University of Arizona,,
2023,184,6,6,Jace Bohrofen,Arkansas,4YR JR,Toronto Blue Jays,matched_exact_name,100.0,100.0,1,Jace Bohrofen,7824637,ARK,University of Arkansas,,
2023,185,6,6,Jason Savacool,Maryland,4YR JR,St. Louis Cardinals,matched_exact_name,100.0,100.0,1,Jason Savacool,7827977,MD,University of Maryland,,
2023,186,6,6,Jack Wenninger,Illinois,4YR JR,New York Mets,matched_exact_name,100.0,100.0,1,Jack Wenninger,7827049,ILL,University of Illinois,,
2023,187,6,6,Brody Hopkins,Winthrop,4YR JR,Seattle Mariners,matched_exact_name,100.0,100.0,1,Brody Hopkins,7984364,WIN,Winthrop University,,
2023,188,6,6,Tommy Hawke,Wake Forest,4YR SO,Cleveland Guardians,matched_exact_name,100.0,100.0,1,Tommy Hawke,7823103,WAKE,Wake Forest University,,
2023,189,6,6,Lucas Braun,Cal State Northridge,4YR SR,Atlanta Braves,matched_exact_name,100.0,100.0,1,Lucas Braun,7825281,CSUN,"California State University, Northridge",,
2023,190,6,6,Bryan Gonzalez Garcia,Carlos Beltran Baseball Academy,HS SR,Los Angeles Dodgers,no_candidate,,,0,,,,,,
2023,191,6,6,Jay Beshears,Duke,4YR JR,San Diego Padres,matched_exact_name,100.0,100.0,1,Jay Beshears,7979039,DUKE,Duke University,,
2023,192,6,6,Cade Smith,Mississippi State,4YR JR,New York Yankees,matched_exact_name,100.0,100.0,1,Cade Smith,7828353,MSST,Mississippi State University,,
2023,193,6,6,George Klassen,Minnesota,4YR JR,Philadelphia Phillies,matched_exact_name,100.0,100.0,1,George Klassen,7828320,MINN,University of Minnesota,,
2023,194,6,6,Ethan Pecko,Towson,4YR JR,Houston Astros,matched_exact_name,100.0,100.0,1,Ethan Pecko,7822639,TOW,Towson University,,
2023,195,7,7,Ryan Snell,Lamar University,4YR 5S,Washington Nationals,matched_exact_name,100.0,100.0,1,Ryan Snell,7827545,LAM,Lamar University,,
2023,196,7,7,Nate Nankil,Cal State Fullerton,4YR JR,Athletics,matched_exact_name,100.0,100.0,1,Nate Nankil,7825215,CSUF,"California State University, Fullerton",,
2023,197,7,7,Jaden Woods,Georgia,4YR JR,Pittsburgh Pirates,matched_exact_name,100.0,100.0,1,Jaden Woods,7826734,UGA,University of Georgia,,
2023,198,7,7,Dominic Pitelli,Miami,4YR JR,Cincinnati Reds,matched_exact_name,100.0,100.0,1,Dominic Pitelli,7828185,MIA,University of Miami,,
2023,199,7,7,Trevor Werner,Texas A&M,4YR SR,Kansas City Royals,matched_exact_name,100.0,100.0,1,Trevor Werner,7822351,TA&M,Texas A&M University,,
2023,200,7,7,John Peck,Pepperdine,4YR JR,Detroit Tigers,matched_exact_name,100.0,100.0,1,John Peck,7829806,PEPP,Pepperdine University,,
2023,201,7,7,Izack Tiger,Butler County CC,JC J3,Texas Rangers,no_candidate,,,0,,,,,,
2023,202,7,7,Seth Halvorsen,Tennessee,4YR 5S,Colorado Rockies,matched_exact_name,100.0,100.0,1,Seth Halvorsen,7831209,TENN,University of Tennessee Knoxville,,
2023,203,7,7,Justin Storm,Southern Mississippi,4YR JR,Miami Marlins,matched_exact_name,100.0,100.0,1,Justin Storm,7830877,USM,University of Southern Mississippi,,
2023,204,7,7,Cole Fontenelle,TCU,4YR JR,Los Angeles Angels,matched_exact_name,100.0,100.0,1,Cole Fontenelle,7983260,TCU,Texas Christian University,,
2023,205,7,7,Ryan Bruno,Stanford,4YR JR,Arizona Diamondbacks,matched_exact_name,100.0,100.0,1,Ryan Bruno,7831044,STAN,Stanford University,,
2023,206,7,7,Yahil Melendez,B You Academy,HS SR,Chicago Cubs,rejected_fuzzy_school_guard,85.7,34.8,1,,,,,Adiel Melendez,34.8
2023,207,7,7,Nolan Santos,Bethune-Cookman University,4YR SR,Minnesota Twins,matched_exact_name,100.0,100.0,1,Nolan Santos,7824838,BCU,Bethune–Cookman University,,
2023,208,7,7,Caden Rose,Alabama,4YR JR,Boston Red Sox,matched_exact_name,100.0,100.0,1,Caden Rose,7824388,ALA,University of Alabama,,
2023,209,7,7,George Wolkow,Downers Grove North HS,HS SR,Chicago White Sox,no_candidate,,,0,,,,,,
2023,210,7,7,Scott Bandura,Princeton,4YR JR,San Francisco Giants,matched_exact_name,100.0,100.0,1,Scott Bandura,7829939,PRIN,Princeton University,,
2023,211,7,7,Teddy Sharkey,Coastal Carolina,4YR JR,Baltimore Orioles,matched_exact_name,100.0,100.0,1,Teddy Sharkey,7825791,CCU,Coastal Carolina University,,
2023,212,7,7,Tate Kuehner,Louisville,4YR SR,Milwaukee Brewers,matched_exact_name,100.0,100.0,1,Tate Kuehner,7827768,LOU,University of Louisville,,
2023,213,7,7,Owen Wild,Gonzaga,4YR JR,Tampa Bay Rays,matched_exact_name,100.0,100.0,1,Owen Wild,7826778,GONZ,Gonzaga University,,
2023,214,7,7,Nick Goodwin,Kansas State,4YR JR,Toronto Blue Jays,matched_exact_name,100.0,100.0,1,Nick Goodwin,7827378,KSU,Kansas St.,,
2023,215,7,7,Charles Harrison,UCLA,4YR SR,St. Louis Cardinals,matched_exact_name,100.0,100.0,1,Charles Harrison,7825469,UCLA,"University of California, Los Angeles",,
2023,216,7,7,Noah Hall,South Carolina,4YR SR,New York Mets,matched_exact_name,100.0,100.0,1,Noah Hall,7830660,SC,University of South Carolina,,
2023,217,7,7,Ty Cummings,Campbell University,4YR JR,Seattle Mariners,matched_exact_name,100.0,100.0,1,Ty Cummings,7825534,CAM,Campbell University,,
2023,218,7,7,Alex Mooney,Duke,4YR SO,Cleveland Guardians,matched_exact_name,100.0,100.0,1,Alex Mooney,7826115,DUKE,Duke University,,
2023,219,7,7,Justin Long,Rice,4YR JR,Atlanta Braves,matched_exact_name,100.0,100.0,1,Justin Long,7830068,RICE,Rice University,,
2023,220,7,7,Patrick Copen,Marshall,4YR JR,Los Angeles Dodgers,matched_exact_name,100.0,100.0,1,Patrick Copen,7827940,MRSH,Marshall University,,
2023,221,7,7,Tucker Musgrove,University of Mobile,4YR JR,San Diego Padres,no_candidate,,,0,,,,,,
2023,222,7,7,Kiko Romero,Arizona,4YR JR,New York Yankees,matched_exact_name,100.0,100.0,1,Kiko Romero,7994764,ARIZ,University of Arizona,,
2023,223,7,7,Jake Eddington,Missouri State,4YR JR,Philadelphia Phillies,matched_exact_name,100.0,100.0,1,Jake Eddington,7979825,MOST,Missouri State University,,
2023,224,7,7,Joey Dixon,Stanford,4YR JR,Houston Astros,matched_exact_name,100.0,100.0,1,Joey Dixon,7831022,STAN,Stanford University,,
2023,225,8,8,Jared Simpson,Iowa,4YR 5S,Washington Nationals,matched_exact_name,100.0,100.0,1,Jared Simpson,7827238,IOWA,University of Iowa,,
2023,226,8,8,Jackson Finley,Georgia Tech,4YR SR,Athletics,matched_exact_name,100.0,100.0,1,Jackson Finley,7826708,GT,Georgia Institute of Technology,,
2023,227,8,8,Austin Strickland,Kentucky,4YR JR,Pittsburgh Pirates,matched_exact_name,100.0,100.0,1,Austin Strickland,7827489,UK,University of Kentucky,,
2023,228,8,8,Carter Graham,Stanford,4YR JR,Cincinnati Reds,matched_exact_name,100.0,100.0,1,Carter Graham,7831030,STAN,Stanford University,,
2023,229,8,8,Dustin Dickerson,Southern Mississippi,4YR SR,Kansas City Royals,matched_exact_name,100.0,100.0,1,Dustin Dickerson,7830882,USM,University of Southern Mississippi,,
2023,230,8,8,Jatnk Diaz,Hazleton Area HS,HS SR,Detroit Tigers,no_candidate,,,0,,,,,,
2023,231,8,8,Julian Brock,University of Louisiana at Lafayette,4YR SR,Texas Rangers,matched_exact_name,100.0,100.0,1,Julian Brock,7830996,UL,University of Louisiana at Lafayette,,
2023,232,8,8,Braylen Wimmer,South Carolina,4YR SR,Colorado Rockies,matched_exact_name,100.0,100.0,1,Braylen Wimmer,7830644,SC,University of South Carolina,,
2023,233,8,8,Nick Maldonado,Vanderbilt,4YR SR,Miami Marlins,matched_exact_name,100.0,100.0,1,Nick Maldonado,7822878,VAN,Vanderbilt University,,
2023,234,8,8,Barrett Kent,Pottsboro HS,HS SR,Los Angeles Angels,no_candidate,,,0,,,,,,
2023,235,8,8,Jackson Feltner,Morehead State,4YR JR,Arizona Diamondbacks,matched_exact_name,100.0,100.0,1,Jackson Feltner,7828506,MORE,Morehead State University,,
2023,236,8,8,Brett Bateman,Minnesota,4YR JR,Chicago Cubs,matched_exact_name,100.0,100.0,1,Brett Bateman,7828317,MINN,University of Minnesota,,
2023,237,8,8,Jace Stoffal,Oregon,4YR JR,Minnesota Twins,matched_exact_name,100.0,100.0,1,Jace Stoffal,7829682,ORE,University of Oregon,,
2023,238,8,8,Trennor O'Donnell,Ball State,4YR SR,Boston Red Sox,matched_exact_name,100.0,100.0,1,Trennor O'Donnell,7824734,BALL,Ball State University,,
2023,239,8,8,Eddie Park,Stanford,4YR JR,Chicago White Sox,matched_exact_name,100.0,100.0,1,Eddie Park,7831031,STAN,Stanford University,,
2023,240,8,8,Josh Bostick,Grayson College,JC J3,San Francisco Giants,no_candidate,,,0,,,,,,
2023,241,8,8,Braxton Bragg,Dallas Baptist,4YR SR,Baltimore Orioles,matched_exact_name,100.0,100.0,1,Braxton Bragg,7985649,DBU,Dallas Baptist University,,
2023,242,8,8,Craig Yoho,Indiana,4YR 5S,Milwaukee Brewers,matched_exact_name,100.0,100.0,1,Craig Yoho,7827145,IU,Indiana University,,
2023,243,8,8,Drew Dowd,Stanford,4YR JR,Tampa Bay Rays,matched_exact_name,100.0,100.0,1,Drew Dowd,7831034,STAN,Stanford University,,
2023,244,8,8,Braden Barry,West Virginia,4YR JR,Toronto Blue Jays,matched_exact_name,100.0,100.0,1,Braden Barry,7823194,WVU,West Virginia University,,
2023,245,8,8,Ixan Henderson,Fresno State,4YR JR,St. Louis Cardinals,matched_exact_name,100.0,100.0,1,Ixan Henderson,7825203,FRES,Fresno State University,,
2023,246,8,8,Boston Baro,Capistrano Valley HS,HS SR,New York Mets,no_candidate,,,0,,,,,,
2023,247,8,8,Ryan Hawks,Louisville,4YR SR,Seattle Mariners,matched_exact_name,100.0,100.0,1,Ryan Hawks,7827781,LOU,University of Louisville,,
2023,248,8,8,Jonah Advincula,Washington State,4YR JR,Cleveland Guardians,matched_exact_name,100.0,100.0,1,Jonah Advincula,7990829,WSU,Washington State University,,
2023,249,8,8,Cory Wall,William & Mary,4YR GR,Atlanta Braves,matched_exact_name,100.0,100.0,1,Cory Wall,7984664,W&M,College of William & Mary,,
2023,250,8,8,Jaron Elkins,Goodpasture Christian School,HS SR,Los Angeles Dodgers,no_candidate,,,0,,,,,,
2023,251,8,8,Kannon Kemp,Weatherford HS,HS SR,San Diego Padres,no_candidate,,,0,,,,,,
2023,252,8,8,Nicholas Judice,University of Louisiana - Monroe,4YR SR,New York Yankees,matched_exact_name,100.0,100.0,1,Nicholas Judice,7829192,ULM,University of Louisiana at Monroe,,
2023,253,8,8,Bryson Ware,Auburn,4YR SR,Philadelphia Phillies,matched_exact_name,100.0,100.0,1,Bryson Ware,7824676,AUB,Auburn University,,
2023,254,8,8,Ryan Johnson,Pepperdine,4YR SR,Houston Astros,matched_exact_name,100.0,100.0,3,Ryan Johnson,7829810,PEPP,Pepperdine University,,
2023,255,9,9,Thomas Schultz,Vanderbilt,4YR SR,Washington Nationals,matched_exact_name,100.0,100.0,1,Thomas Schultz,7822869,VAN,Vanderbilt University,,
2023,256,9,9,Corey Avant,Wingate,4YR JR,Athletics,no_candidate,,,0,,,,,,
2023,257,9,9,Danny Carrion,University of California - Davis,4YR SR,Pittsburgh Pirates,matched_school_surname,0.0,100.0,1,Daniel Carrion,7825406,UCD,"University of California, Davis",,
2023,258,9,9,Logan Van Treeck,Lipscomb University,4YR SR,Cincinnati Reds,matched_exact_name,100.0,100.0,1,Logan Van Treeck,7824139,LIP,Lipscomb University,,
2023,259,9,9,Jacob Widener,Oral Roberts,4YR SO,Kansas City Royals,matched_exact_name,100.0,100.0,1,Jacob Widener,7829605,ORU,Oral Roberts University,,
2023,260,9,9,Hayden Minton,Missouri State,4YR SR,Detroit Tigers,matched_exact_name,100.0,100.0,1,Hayden Minton,7979953,MOST,Missouri State University,,
2023,261,9,9,Quincy Scott,Palomar College,JC J2,Texas Rangers,no_candidate,,,0,,,,,,
2023,262,9,9,Ben McCabe,Central Florida,4YR 5S,Colorado Rockies,matched_exact_name,100.0,100.0,1,Ben McCabe,7825617,UCF,University of Central Florida,,
2023,263,9,9,Colby Shade,Oregon,4YR JR,Miami Marlins,matched_exact_name,100.0,100.0,1,Colby Shade,7829662,ORE,University of Oregon,,
2023,264,9,9,Chase Gockel,Quincy U,4YR GR,Los Angeles Angels,no_candidate,,,0,,,,,,
2023,265,9,9,Kyle Amendt,Dallas Baptist,4YR GR,Arizona Diamondbacks,matched_exact_name,100.0,100.0,1,Kyle Amendt,7823673,DBU,Dallas Baptist University,,
2023,266,9,9,Jonathon Long,Long Beach State,4YR JR,Chicago Cubs,matched_exact_name,100.0,100.0,1,Jonathon Long,7825254,LBSU,Long Beach State University,,
2023,267,9,9,Jack Dougherty,Ole Miss,4YR JR,Minnesota Twins,matched_exact_name,100.0,100.0,1,Jack Dougherty,7828415,MISS,University of Mississippi,,
2023,268,9,9,Blake Wehunt,Kennesaw State,4YR JR,Boston Red Sox,matched_exact_name,100.0,100.0,1,Blake Wehunt,7975043,KENN,Kennesaw State University,,
2023,269,9,9,Jake Peppers,Jacksonville State,4YR JR,Chicago White Sox,matched_exact_name,100.0,100.0,1,Jake Peppers,7827293,JVST,Jacksonville State University,,
2023,270,9,9,Charlie Szykowny,University of Illinois at Chicago,4YR GR,San Francisco Giants,matched_exact_name,100.0,100.0,1,Charlie Szykowny,7989610,UIC,University of Illinois at Chicago,,
2023,271,9,9,Zach Fruit,Troy University,4YR GR,Baltimore Orioles,matched_exact_name,100.0,100.0,1,Zach Fruit,7980322,TROY,Troy University,,
2023,272,9,9,Mark Manfredi,Dayton,4YR GR,Milwaukee Brewers,matched_exact_name,100.0,100.0,1,Mark Manfredi,7826049,DAY,University of Dayton,,
2023,273,9,9,Dalton Fowler,University of Memphis,4YR SR,Tampa Bay Rays,matched_exact_name,100.0,100.0,1,Dalton Fowler,7828097,MEM,University of Memphis,,
2023,274,9,9,Sam Shaw,Lambrick Park SS,HS SR,Toronto Blue Jays,no_candidate,,,0,,,,,,
2023,275,9,9,Christian Worley,Virginia Tech,4YR JR,St. Louis Cardinals,matched_exact_name,100.0,100.0,1,Christian Worley,7822993,VT,Virginia Tech,,
2023,276,9,9,Nick Lorusso,Maryland,4YR SR,New York Mets,matched_exact_name,100.0,100.0,1,Nick Lorusso,7827999,MD,University of Maryland,,
2023,277,9,9,RJ Schreck,Vanderbilt,4YR GR,Seattle Mariners,matched_fuzzy_name,90.9,100.0,1,R.J. Schreck,8009015,VAN,Vanderbilt University,,
2023,278,9,9,Jay Driver,Harvard,4YR JR,Cleveland Guardians,matched_exact_name,100.0,100.0,1,Jay Driver,7826855,HARV,Harvard University,,
2023,279,9,9,Riley Gowens,Illinois,4YR 5S,Atlanta Braves,matched_exact_name,100.0,100.0,1,Riley Gowens,7827060,ILL,University of Illinois,,
2023,280,9,9,Ryan Brown,Ball State,4YR JR,Los Angeles Dodgers,matched_exact_name,100.0,100.0,3,Ryan Brown,7824743,BALL,Ball State University,,
2023,281,9,9,Ryan Wilson,Davidson,4YR JR,San Diego Padres,matched_exact_name,100.0,100.0,1,Ryan Wilson,7826006,DAV,Davidson College,,
2023,282,9,9,Jared Wegner,Arkansas,4YR 5S,New York Yankees,matched_exact_name,100.0,100.0,1,Jared Wegner,7978586,ARK,University of Arkansas,,
2023,283,9,9,Avery Owusu-Asiedu,Southern Illinois University Edwardsville,4YR JR,Philadelphia Phillies,matched_exact_name,100.0,100.0,1,Avery Owusu-Asiedu,7830863,SIUE,Southern Illinois University Edwardsville,,
2023,284,9,9,Jeron Williams,Toledo,4YR SR,Houston Astros,matched_exact_name,100.0,100.0,1,Jeron Williams,7822587,TOL,University of Toledo,,
2023,285,10,10,Phillip Glasser,Indiana,4YR GR,Washington Nationals,matched_exact_name,100.0,100.0,1,Phillip Glasser,8003454,IU,Indiana University,,
2023,286,10,10,Tom Reisinger,East Stroudsburg U,4YR JR,Athletics,no_candidate,,,0,,,,,,
2023,287,10,10,Landon Tomkins,Louisiana Tech,4YR 5S,Pittsburgh Pirates,matched_exact_name,100.0,100.0,1,Landon Tomkins,7827717,LT,Louisiana Tech University,,
2023,288,10,10,Graham Osman,Long Beach State,4YR SR,Cincinnati Reds,matched_exact_name,100.0,100.0,1,Graham Osman,7975623,LBSU,Long Beach State University,,
2023,289,10,10,Justin Johnson,Wake Forest,4YR GR,Kansas City Royals,matched_exact_name,100.0,100.0,3,Justin Johnson,8009224,WAKE,Wake Forest University,,
2023,290,10,10,Andrew Sears,Connecticut,4YR JR,Detroit Tigers,matched_exact_name,100.0,100.0,1,Andrew Sears,7985386,CONN,University of Connecticut,,
2023,291,10,10,Case Matter,Washington,4YR JR,Texas Rangers,matched_exact_name,100.0,100.0,1,Case Matter,7823165,WASH,University of Washington,,
2023,292,10,10,Jace Kaminska,Nebraska,4YR JR,Colorado Rockies,matched_exact_name,100.0,100.0,1,Jace Kaminska,8011104,NEB,University of Nebraska–Lincoln,,
2023,293,10,10,Xavier Meachem,North Carolina A&T,4YR JR,Miami Marlins,matched_exact_name,100.0,100.0,1,Xavier Meachem,7829104,NCAT,North Carolina A&T State University,,
2023,294,10,10,Chris Barraza,Arizona,4YR 5S,Los Angeles Angels,matched_exact_name,100.0,100.0,1,Chris Barraza,7824581,ARIZ,University of Arizona,,
2023,295,10,10,Zane Russell,Dallas Baptist,4YR SR,Arizona Diamondbacks,matched_exact_name,100.0,100.0,1,Zane Russell,7823674,DBU,Dallas Baptist University,,
2023,296,10,10,Luis Martinez-Gomez,Temple Col,JC J2,Chicago Cubs,no_candidate,,,0,,,,,,
2023,297,10,10,Ross Dunn,Arizona State,4YR JR,Minnesota Twins,matched_exact_name,100.0,100.0,1,Ross Dunn,7978801,ASU,Arizona State University,,
2023,298,10,10,Ryan Ammons,Clemson,4YR SR,Boston Red Sox,matched_exact_name,100.0,100.0,1,Ryan Ammons,7825758,CLEM,Clemson University,,
2023,299,10,10,Zach Franklin,Missouri,4YR SR,Chicago White Sox,matched_exact_name,100.0,100.0,1,Zach Franklin,8007477,MIZ,University of Missouri,,
2023,300,10,10,Ryan Vanderhei,TCU,4YR SR,San Francisco Giants,matched_exact_name,100.0,100.0,1,Ryan Vanderhei,7983354,TCU,Texas Christian University,,
2023,301,10,10,Matthew Etzel,Southern Mississippi,4YR JR,Baltimore Orioles,matched_exact_name,100.0,100.0,1,Matthew Etzel,7980579,USM,University of Southern Mississippi,,
2023,302,10,10,Morris Austin,Houston Christian U,4YR GR,Milwaukee Brewers,matched_exact_name,100.0,100.0,1,Morris Austin,7826962,HCU,Houston Christian University,,
2023,303,10,10,Adam Boucher,Duke,4YR JR,Tampa Bay Rays,matched_exact_name,100.0,100.0,1,Adam Boucher,7826125,DUKE,Duke University,,
2023,304,10,10,Josh Mollerus,Oregon,4YR 5S,Toronto Blue Jays,matched_exact_name,100.0,100.0,1,Josh Mollerus,7982749,ORE,University of Oregon,,
2023,305,10,10,Caden Kendle,University of California - Irvine,4YR JR,St. Louis Cardinals,matched_exact_name,100.0,100.0,1,Caden Kendle,7825437,UCI,"University of California, Irvine",,
2023,306,10,10,Christian Pregent,Stetson,4YR SR,New York Mets,matched_exact_name,100.0,100.0,1,Christian Pregent,7831098,STET,Stetson University,,
2023,307,10,10,Jared Sundstrom,UC Santa Barbara,4YR SR,Seattle Mariners,matched_exact_name,100.0,100.0,1,Jared Sundstrom,8009325,UCSB,"University of California, Santa Barbara",,
2023,308,10,10,Matt Wilkinson,Central Arizona College,JC J2,Cleveland Guardians,rejected_school_guard,100.0,32.0,1,,,,,Matt Wilkinson,32.0
2023,309,10,10,Pier-Olivier Boucher,Southern Illinois U Carbondale,4YR SR,Atlanta Braves,matched_exact_name,100.0,100.0,1,Pier-Olivier Boucher,7830838,SIU,Southern Illinois University,,
2023,310,10,10,Sam Mongelli,Sacred Heart University,4YR SR,Los Angeles Dodgers,matched_exact_name,100.0,100.0,1,Sam Mongelli,7830168,SHU,Sacred Heart University,,
2023,311,10,10,Nik McClaughry,Arizona,4YR 5S,San Diego Padres,matched_exact_name,100.0,100.0,1,Nik McClaughry,7824564,ARIZ,University of Arizona,,
2023,312,10,10,Brian Hendry,Oklahoma State,4YR 5S,New York Yankees,matched_exact_name,100.0,100.0,1,Brian Hendry,7978440,OKST,Oklahoma State University,,
2023,313,10,10,Cam Brown,TCU,4YR JR,Philadelphia Phillies,matched_exact_name,100.0,100.0,1,Cam Brown,7822391,TCU,Texas Christian University,,
2023,314,10,10,Austin Deming,Brigham Young,5S,Houston Astros,matched_exact_name,100.0,100.0,1,Austin Deming,7824978,BYU,Brigham Young University,,
2023,315,11,11,Gavin Adams,Indian River State,JC J2,Washington Nationals,rejected_fuzzy_school_guard,87.0,18.2,1,,,,,Gavin Abrams,18.2
2023,316,11,11,Drew Conover,Rutgers,4YR JR,Athletics,matched_exact_name,100.0,100.0,1,Drew Conover,7982146,RUTG,Rutgers University,,
2023,317,11,11,Magdiel Cotto,Kentucky,4YR JR,Pittsburgh Pirates,matched_exact_name,100.0,100.0,1,Magdiel Cotto,7827501,UK,University of Kentucky,,
2023,318,11,11,Jack Moss,Texas A&M,4YR JR,Cincinnati Reds,matched_exact_name,100.0,100.0,1,Jack Moss,7822375,TA&M,Texas A&M University,,
2023,319,11,11,Jared Dickey,Tennessee,4YR JR,Kansas City Royals,matched_exact_name,100.0,100.0,1,Jared Dickey,7831196,TENN,University of Tennessee Knoxville,,
2023,320,11,11,Jim Jarvis,Alabama,4YR SR,Detroit Tigers,matched_exact_name,100.0,100.0,1,Jim Jarvis,7824393,ALA,University of Alabama,,
2023,321,11,11,Maxton Martin,Southridge HS,HS SR,Texas Rangers,rejected_fuzzy_school_guard,87.0,36.4,2,,,,,Max Martin,36.4
2023,322,11,11,Stu Flesland III,Washington,4YR SR,Colorado Rockies,matched_exact_name,100.0,100.0,1,Stu Flesland III,7823167,WASH,University of Washington,,
2023,323,11,11,Jake Brooks,UCLA,4YR JR,Miami Marlins,matched_exact_name,100.0,100.0,1,Jake Brooks,7825462,UCLA,"University of California, Los Angeles",,
2023,324,11,11,John Wimmer,Rock Hill HS,HS SR,Los Angeles Angels,no_candidate,,,0,,,,,,
2023,325,11,11,Casey Anderson,Utah Valley,4YR SR,Arizona Diamondbacks,matched_exact_name,100.0,100.0,1,Casey Anderson,8009100,UVU,Utah Valley University,,
2023,326,11,11,Zyhir Hope,Colonial Forge HS,HS SR,Chicago Cubs,no_candidate,,,0,,,,,,
2023,327,11,11,Ty Langenberg,Iowa,4YR JR,Minnesota Twins,matched_exact_name,100.0,100.0,1,Ty Langenberg,7827228,IOWA,University of Iowa,,
2023,328,11,11,Nelly Taylor,Polk State College,JC J2,Boston Red Sox,no_candidate,,,0,,,,,,
2023,329,11,11,Rikuu Nishida,Oregon,4YR JR,Chicago White Sox,matched_exact_name,100.0,100.0,1,Rikuu Nishida,7982805,ORE,University of Oregon,,
2023,330,11,11,Jack Payton,Louisville,4YR JR,San Francisco Giants,matched_exact_name,100.0,100.0,1,Jack Payton,7827777,LOU,University of Louisville,,
2023,331,11,11,Nestor German,Seattle University,4YR JR,Baltimore Orioles,matched_exact_name,100.0,100.0,1,Nestor German,7823862,SEA,Seattle University,,
2023,332,11,11,Bishop Letson,Floyd Central HS,HS SR,Milwaukee Brewers,no_candidate,,,0,,,,,,
2023,333,11,11,Garrett Edwards,LSU,4YR JR,Tampa Bay Rays,matched_exact_name,100.0,100.0,1,Garrett Edwards,7827678,LSU,Louisiana State University,,
2023,334,11,11,Grant Rogers,McNeese State,4YR SR,Toronto Blue Jays,matched_exact_name,100.0,100.0,1,Grant Rogers,7828080,MCN,McNeese State University,,
2023,335,11,11,Dakota Harris,Oklahoma,4YR JR,St. Louis Cardinals,matched_exact_name,100.0,100.0,1,Dakota Harris,8007176,OU,University of Oklahoma,,
2023,336,11,11,Brett Banks,UNC Wilmington,4YR SR,New York Mets,matched_exact_name,100.0,100.0,1,Brett Banks,7828743,UNCW,University of North Carolina at Wilmington,,
2023,337,11,11,Brandyn Garcia,Texas A&M,4YR JR,Seattle Mariners,matched_exact_name,100.0,100.0,1,Brandyn Garcia,7974682,TA&M,Texas A&M University,,
2023,338,11,11,Johnny Tincher,Washington,4YR SR,Cleveland Guardians,matched_exact_name,100.0,100.0,1,Johnny Tincher,7823162,WASH,University of Washington,,
2023,339,11,11,Jace Grady,Dallas Baptist,4YR SR,Atlanta Braves,matched_exact_name,100.0,100.0,1,Jace Grady,7823678,DBU,Dallas Baptist University,,
2023,340,11,11,Carson Hobbs,Samford University,4YR JR,Los Angeles Dodgers,matched_exact_name,100.0,100.0,1,Carson Hobbs,7830379,SAM,Samford,,
2023,341,11,11,Carson Montgomery,Florida State,4YR JR,San Diego Padres,matched_exact_name,100.0,100.0,1,Carson Montgomery,7826489,FSU,Florida State University,,
2023,342,11,11,Josh Grosz,East Carolina,4YR JR,New York Yankees,matched_exact_name,100.0,100.0,1,Josh Grosz,7826140,ECU,East Carolina University,,
2023,343,11,11,Kehden Hettiger,Sierra Canyon School,HS SR,Philadelphia Phillies,no_candidate,,,0,,,,,,
2023,344,11,11,Nehomar Ochoa Jr.,Galena Park HS,HS SR,Houston Astros,no_candidate,,,0,,,,,,
2023,345,12,12,Travis Sthele,Texas,4YR JR,Washington Nationals,matched_exact_name,100.0,100.0,1,Travis Sthele,7822508,TEX,University of Texas at Austin,,
2023,346,12,12,Cole Conn,University of Illinois at Chicago,4YR JR,Athletics,matched_exact_name,100.0,100.0,1,Cole Conn,7827089,UIC,University of Illinois at Chicago,,
2023,347,12,12,Khristian Curtis,Arizona State,4YR JR,Pittsburgh Pirates,matched_exact_name,100.0,100.0,1,Khristian Curtis,7978800,ASU,Arizona State University,,
2023,348,12,12,Simon Miller,University of Texas - San Antonio,4YR JR,Cincinnati Reds,matched_exact_name,100.0,100.0,1,Simon Miller,7822551,UTSA,University of Texas at San Antonio,,
2023,349,12,12,Logan Martin,Kentucky,4YR SR,Kansas City Royals,matched_exact_name,100.0,100.0,1,Logan Martin,7976653,UK,University of Kentucky,,
2023,350,12,12,Andrew Dunford,Houston County HS,HS SR,Detroit Tigers,no_candidate,,,0,,,,,,
2023,351,12,12,Paul Bonzagni,Southern Illinois University Carbondale,4YR JR,Texas Rangers,matched_exact_name,100.0,100.0,1,Paul Bonzagni,8004445,SIU,Southern Illinois University,,
2023,352,12,12,Bryson Hammer,Dallas Baptist,4YR JR,Colorado Rockies,matched_exact_name,100.0,100.0,1,Bryson Hammer,7985634,DBU,Dallas Baptist University,,
2023,353,12,12,Josh Ekness,Houston,4YR JR,Miami Marlins,matched_exact_name,100.0,100.0,1,Josh Ekness,7987480,HOU,University of Houston,,
2023,354,12,12,Sam Brown,Washington State,4YR JR,Los Angeles Angels,matched_exact_name,100.0,100.0,1,Sam Brown,7990853,WSU,Washington State University,,
2023,355,12,12,Sam Knowlton,University of South Alabama,4YR 5S,Arizona Diamondbacks,matched_exact_name,100.0,100.0,1,Sam Knowlton,8008114,USA,University of South Alabama,,
2023,356,12,12,Carter Trice,NC State,4YR JR,Chicago Cubs,matched_exact_name,100.0,100.0,1,Carter Trice,7979024,NCSU,North Carolina State University,,
2023,357,12,12,Paulshawn Pasqualotto,California,4YR JR,Minnesota Twins,matched_exact_name,100.0,100.0,1,Paulshawn Pasqualotto,7825382,CAL,"University of California, Berkeley",,
2023,358,12,12,Max Carlson,North Carolina,4YR JR,Boston Red Sox,matched_exact_name,100.0,100.0,1,Max Carlson,7828644,UNC,University of North Carolina at Chapel Hill,,
2023,359,12,12,Mathias LaCombe,Cochise College,JC J2,Chicago White Sox,no_candidate,,,0,,,,,,
2023,360,12,12,Timmy Manning,Arizona State,4YR JR,San Francisco Giants,matched_exact_name,100.0,100.0,1,Timmy Manning,7978848,ASU,Arizona State University,,
2023,361,12,12,Blake Money,LSU,4YR JR,Baltimore Orioles,matched_exact_name,100.0,100.0,1,Blake Money,7827695,LSU,Louisiana State University,,
2023,362,12,12,Bjorn Johnson,Lincoln HS,HS SR,Milwaukee Brewers,no_candidate,,,0,,,,,,
2023,363,12,12,Chandler Murphy,Missouri,4YR SR,Tampa Bay Rays,matched_exact_name,100.0,100.0,1,Chandler Murphy,8007490,MIZ,University of Missouri,,
2023,364,12,12,Chay Yeager,Pasco Hernando CC,JC J2,Toronto Blue Jays,no_candidate,,,0,,,,,,
2023,365,12,12,Brayden Jobert,LSU,4YR SR,St. Louis Cardinals,matched_exact_name,100.0,100.0,1,Brayden Jobert,7827711,LSU,Louisiana State University,,
2023,366,12,12,Brady Kirtner,Virginia Tech,4YR JR,New York Mets,matched_exact_name,100.0,100.0,1,Brady Kirtner,7823014,VT,Virginia Tech,,
2023,367,12,12,Logan Evans,Pittsburgh,4YR SR,Seattle Mariners,matched_exact_name,100.0,100.0,1,Logan Evans,7829846,PITT,University of Pittsburgh,,
2023,368,12,12,Keegan Zinn,Lake Minneola HS,HS SR,Cleveland Guardians,no_candidate,,,0,,,,,,
2023,369,12,12,Brady Day,Kansas State,4YR JR,Atlanta Braves,matched_exact_name,100.0,100.0,1,Brady Day,7827383,KSU,Kansas St.,,
2023,370,12,12,Noah Ruen,Tyler JC,JC J2,Los Angeles Dodgers,no_candidate,,,0,,,,,,
2023,371,12,12,Blake Dickerson,Ocean Lakes HS,HS SR,San Diego Padres,rejected_fuzzy_school_guard,89.7,40.0,1,,,,,Luke Dickerson,40.0
2023,372,12,12,Brady Rose,Dallas Baptist,4YR SR,New York Yankees,matched_exact_name,100.0,100.0,1,Brady Rose,7823693,DBU,Dallas Baptist University,,
2023,373,12,12,Brandon Beckel,Texas Tech,4YR JR,Philadelphia Phillies,matched_exact_name,100.0,100.0,1,Brandon Beckel,7822436,TTU,Texas Tech University,,
2023,374,12,12,Anthony Huezo,Etiwanda HS,HS SR,Houston Astros,no_candidate,,,0,,,,,,
2023,375,13,13,Liam Sullivan,Georgia,4YR JR,Washington Nationals,matched_exact_name,100.0,100.0,1,Liam Sullivan,7826746,UGA,University of Georgia,,
2023,376,13,13,Will Johnston,Texas A&M,4YR SR,Athletics,matched_exact_name,100.0,100.0,1,Will Johnston,7822363,TA&M,Texas A&M University,,
2023,377,13,13,Charles McAdoo,San Jose State,4YR JR,Pittsburgh Pirates,matched_exact_name,100.0,100.0,1,Charles McAdoo,7830488,SJSU,San Jose State University,,
2023,378,13,13,Cody Adcock,Arkansas,4YR JR,Cincinnati Reds,matched_exact_name,100.0,100.0,1,Cody Adcock,7978592,ARK,University of Arkansas,,
2023,379,13,13,Ethan Bosacker,Xavier,4YR SR,Kansas City Royals,matched_exact_name,100.0,100.0,1,Ethan Bosacker,7823505,XAV,Xavier University,,
2023,380,13,13,Brett Callahan,Saint Joseph's,4YR JR,Detroit Tigers,matched_exact_name,100.0,100.0,1,Brett Callahan,7830251,JOES,St. Joseph's University,,
2023,381,13,13,William Privette,College of Charleston,4YR JR,Texas Rangers,matched_exact_name,100.0,100.0,1,William Privette,7823650,COFC,College of Charleston,,
2023,382,13,13,Caleb Hobson,U Tennessee Martin,4YR JR,Colorado Rockies,matched_exact_name,100.0,100.0,1,Caleb Hobson,7981705,UTM,University of Tennessee at Martin,,
2023,383,13,13,Colson Lawrence,University of South Alabama,4YR JR,Miami Marlins,matched_exact_name,100.0,100.0,1,Colson Lawrence,8008103,USA,University of South Alabama,,
2023,384,13,13,Riley Bauman,Abilene Christian U,4YR JR,Los Angeles Angels,no_candidate,,,0,,,,,,
2023,385,13,13,Hayden Durke,Rice,4YR JR,Arizona Diamondbacks,rejected_fuzzy_school_guard,95.7,16.7,1,,,,,Hayden Duke,16.7
2023,386,13,13,Sam Armstrong,Old Dominion,4YR SR,Chicago Cubs,matched_exact_name,100.0,100.0,1,Sam Armstrong,7829578,ODU,Old Dominion University,,
2023,387,13,13,Jeremy Lee,University of South Alabama,4YR JR,Minnesota Twins,matched_exact_name,100.0,100.0,1,Jeremy Lee,7830619,USA,University of South Alabama,,
2023,388,13,13,Cade Feeney,North Dakota State,4YR JR,Boston Red Sox,matched_exact_name,100.0,100.0,1,Cade Feeney,7829166,NDSU,North Dakota State University,,
2023,389,13,13,Ryan Galanie,Wofford,4YR SR,Chicago White Sox,matched_exact_name,100.0,100.0,1,Ryan Galanie,7823985,WOF,Wofford College,,
2023,390,13,13,Jose Ortiz,Leadership Christian Academy,HS SR,San Francisco Giants,no_candidate,,,0,,,,,,
2023,391,13,13,Riley Cooper,LSU,4YR JR,Baltimore Orioles,matched_exact_name,100.0,100.0,1,Riley Cooper,7827679,LSU,Louisiana State University,,
2023,392,13,13,Brett Wichrowski,Bryant University,4YR JR,Milwaukee Brewers,matched_exact_name,100.0,100.0,1,Brett Wichrowski,7825040,BRY,Bryant University,,
2023,393,13,13,Bryan Broecker,Michigan State,4YR JR,Tampa Bay Rays,matched_exact_name,100.0,100.0,1,Bryan Broecker,7828237,MSU,Michigan State University,,
2023,394,13,13,Brennan Orf,Southern Illinois University Edwardsville,4YR JR,Toronto Blue Jays,matched_exact_name,100.0,100.0,1,Brennan Orf,7830864,SIUE,Southern Illinois University Edwardsville,,
2023,395,13,13,William Sullivan,Troy University,4YR SR,St. Louis Cardinals,matched_exact_name,100.0,100.0,1,William Sullivan,7822651,TROY,Troy University,,
2023,396,13,13,Ben Simon,Elon University,4YR JR,New York Mets,matched_exact_name,100.0,100.0,1,Ben Simon,7823722,ELON,Elon University,,
2023,397,13,13,Elijah Dale,Illinois State,4YR SR,Seattle Mariners,matched_exact_name,100.0,100.0,1,Elijah Dale,7975920,ILST,Illinois State University,,
2023,398,13,13,Jacob Bresnahan,Sumner HS,HS SR,Cleveland Guardians,no_candidate,,,0,,,,,,
2023,399,13,13,Will Verdung,Itawamba JC,JC J2,Atlanta Braves,no_candidate,,,0,,,,,,
2023,400,13,13,Alex Makarewich,Northwestern State,4YR JR,Los Angeles Dodgers,matched_exact_name,100.0,100.0,1,Alex Makarewich,7829331,NWST,Northwestern State University,,
2023,401,13,13,Dane Lais,Oregon City HS,HS SR,San Diego Padres,no_candidate,,,0,,,,,,
2023,402,13,13,Josh Tiedemann,Hamilton HS,HS SR,New York Yankees,no_candidate,,,0,,,,,,
2023,403,13,13,Marty Gair,Florida SouthWestern State College,JC J2,Philadelphia Phillies,no_candidate,,,0,,,,,,
2023,404,13,13,James Hicks,South Carolina,4YR SR,Houston Astros,matched_exact_name,100.0,100.0,1,James Hicks,7830659,SC,University of South Carolina,,
2023,405,14,14,Elijah Nunez,TCU,4YR JR,Washington Nationals,matched_exact_name,100.0,100.0,1,Elijah Nunez,7822385,TCU,Texas Christian University,,
2023,406,14,14,Luke Mann,Missouri,4YR 5S,Athletics,matched_exact_name,100.0,100.0,1,Luke Mann,8007414,MIZ,University of Missouri,,
2023,407,14,14,Garrett McMillan,Alabama,4YR SR,Pittsburgh Pirates,matched_exact_name,100.0,100.0,1,Garrett McMillan,7824405,ALA,University of Alabama,,
2023,408,14,14,Kyle Henley,Denmark HS,HS SR,Cincinnati Reds,no_candidate,,,0,,,,,,
2023,409,14,14,Mason Miller,Florida Gulf Coast University,4YR JR,Kansas City Royals,matched_exact_name,100.0,100.0,2,Mason Miller,7824170,FGCU,Florida Gulf Coast University,,
2023,410,14,14,David Smith,Connecticut,4YR SR,Detroit Tigers,matched_exact_name,100.0,100.0,1,David Smith,7825854,CONN,University of Connecticut,,
2023,411,14,14,Josh Trentadue,College of Southern Idaho,JC J2,Texas Rangers,no_candidate,,,0,,,,,,
2023,412,14,14,Hunter Mann,Tennessee Tech,4YR SR,Colorado Rockies,matched_exact_name,100.0,100.0,1,Hunter Mann,8006765,TNTC,Tennessee Tech University,,
2023,413,14,14,Jack Sellinger,UNLV,4YR JR,Miami Marlins,matched_exact_name,100.0,100.0,1,Jack Sellinger,7979253,UNLV,"University of Nevada, Las Vegas",,
2023,414,14,14,Zach Joyce,Tennessee,4YR SR,Los Angeles Angels,matched_exact_name,100.0,100.0,1,Zach Joyce,8008320,TENN,University of Tennessee Knoxville,,
2023,415,14,14,Jake Fitzgibbons,Tennessee,4YR JR,Arizona Diamondbacks,matched_exact_name,100.0,100.0,2,Jake Fitzgibbons,7831186,TENN,University of Tennessee Knoxville,,
2023,416,14,14,Grayson Moore,Vanderbilt,4YR JR,Chicago Cubs,matched_exact_name,100.0,100.0,1,Grayson Moore,7822868,VAN,Vanderbilt University,,
2023,417,14,14,Xander Hamilton,Appalachian State,4YR SR,Minnesota Twins,matched_exact_name,100.0,100.0,1,Xander Hamilton,7824511,APP,Appalachian State University,,
2023,418,14,14,Jojo Ingrassia,Cal State Fullerton,4YR JR,Boston Red Sox,matched_exact_name,100.0,100.0,1,Jojo Ingrassia,7978494,CSUF,"California State University, Fullerton",,
2023,419,14,14,Edrick Felix,Florida Gulf Coast University,4YR JR,Chicago White Sox,matched_exact_name,100.0,100.0,1,Edrick Felix,8011345,FGCU,Florida Gulf Coast University,,
2023,420,14,14,Cale Lansville,San Jacinto College North,JC J1,San Francisco Giants,no_candidate,,,0,,,,,,
2023,421,14,14,Michael Forret,State College of Florida Manatee - Sarasota,JC J1,Baltimore Orioles,no_candidate,,,0,,,,,,
2023,422,14,14,Hayden Robinson,Berwick HS,HS SR,Milwaukee Brewers,rejected_fuzzy_school_guard,89.7,35.3,1,,,,,Caden Robinson,35.3
2023,423,14,14,T.J. Fondtain,San Diego State,4YR SR,Tampa Bay Rays,matched_fuzzy_name,91.7,100.0,1,TJ Fondtain,7830398,SDSU,San Diego State University,,
2023,424,14,14,Joe Vogatsky,James Madison University,4YR JR,Toronto Blue Jays,matched_exact_name,100.0,100.0,1,Joe Vogatsky,7827347,JMU,James Madison University,,
2023,425,14,14,Jacob Odle,Orange Coast College,JC J2,St. Louis Cardinals,no_candidate,,,0,,,,,,
2023,426,14,14,John Valle,Jefferson HS,HS SR,New York Mets,no_candidate,,,0,,,,,,
2023,427,14,14,Ernie Day,Campbell University,4YR JR,Seattle Mariners,matched_exact_name,100.0,100.0,1,Ernie Day,8009913,CAM,Campbell University,,
2023,428,14,14,Zane Morehouse,Texas,4YR SR,Cleveland Guardians,matched_exact_name,100.0,100.0,1,Zane Morehouse,7822525,TEX,University of Texas at Austin,,
2023,429,14,14,Mitch Farris,Wingate,4YR SR,Atlanta Braves,no_candidate,,,0,,,,,,
2023,430,14,14,Jaxon Jelkin,South Mountain CC,JC J2,Los Angeles Dodgers,no_candidate,,,0,,,,,,
2023,431,14,14,Tyler Morgan,Abilene Christian,4YR SR,San Diego Padres,matched_exact_name,100.0,100.0,1,Tyler Morgan,7824297,ACU,Abilene Christian University,,
2023,432,14,14,Danny Flatt,P27 Academy,HS SR,New York Yankees,no_candidate,,,0,,,,,,
2023,433,14,14,Zach Arnold,Houston,4YR SR,Philadelphia Phillies,matched_exact_name,100.0,100.0,1,Zach Arnold,7826997,HOU,University of Houston,,
2023,434,14,14,Jackson Nezuh,University of Louisiana at Lafayette,4YR JR,Houston Astros,matched_exact_name,100.0,100.0,1,Jackson Nezuh,7972464,UL,University of Louisiana at Lafayette,,
2023,435,15,15,Mikey Tepper,Liberty University,4YR JR,Washington Nationals,matched_exact_name,100.0,100.0,1,Mikey Tepper,7991106,LIB,Liberty University,,
2023,436,15,15,Will Simpson,Washington,4YR SR,Athletics,matched_exact_name,100.0,100.0,1,Will Simpson,7823171,WASH,University of Washington,,
2023,437,15,15,John Lopez,Puerto Rico Baseball Academy,HS SR,Pittsburgh Pirates,no_candidate,,,0,,,,,,
2023,438,15,15,Dylan Simmons,Pittsburgh,4YR SR,Cincinnati Reds,matched_exact_name,100.0,100.0,1,Dylan Simmons,7980833,PITT,University of Pittsburgh,,
2023,439,15,15,Chase Isbell,Auburn,4YR SR,Kansas City Royals,matched_exact_name,100.0,100.0,1,Chase Isbell,7824700,AUB,Auburn University,,
2023,440,15,15,Brady Cerkownyk,Connors State,JC J1,Detroit Tigers,no_candidate,,,0,,,,,,
2023,441,15,15,Michael Trausch,Central Arizona Col,JC J1,Texas Rangers,no_candidate,,,0,,,,,,
2023,442,15,15,Darius Perry,UCLA,4YR SR,Colorado Rockies,matched_exact_name,100.0,100.0,1,Darius Perry,7825477,UCLA,"University of California, Los Angeles",,
2023,443,15,15,Nigel Belgrave,Maryland,4YR JR,Miami Marlins,matched_exact_name,100.0,100.0,1,Nigel Belgrave,7827996,MD,University of Maryland,,
2023,444,15,15,Caleb Ketchup,Lipscomb University,4YR JR,Los Angeles Angels,matched_exact_name,100.0,100.0,1,Caleb Ketchup,7824159,LIP,Lipscomb University,,
2023,445,15,15,Rio Britton,NC State,4YR JR,Arizona Diamondbacks,matched_exact_name,100.0,100.0,1,Rio Britton,7979019,NCSU,North Carolina State University,,
2023,446,15,15,Ty Johnson,Ball State,4YR JR,Chicago Cubs,matched_exact_name,100.0,100.0,1,Ty Johnson,7824728,BALL,Ball State University,,
2023,447,15,15,Spencer Bengard,California Baptist U,4YR JR,Minnesota Twins,matched_exact_name,100.0,100.0,1,Spencer Bengard,7824267,CBU,California Baptist University,,
2023,448,15,15,Phoenix Call,Calabasas HS,HS SR,Boston Red Sox,no_candidate,,,0,,,,,,
2023,449,15,15,Carlton Perkins,Cowley County CC,JC J2,Chicago White Sox,no_candidate,,,0,,,,,,
2023,450,15,15,Dylan Carmouche,Tulane,4YR JR,San Francisco Giants,matched_exact_name,100.0,100.0,1,Dylan Carmouche,7822686,TULN,Tulane University,,
2023,451,15,15,Qrey Lott,Lowndes HS,HS SR,Baltimore Orioles,no_candidate,,,0,,,,,,
2023,452,15,15,Josh Adamczewski,Lake Central HS,HS SR,Milwaukee Brewers,no_candidate,,,0,,,,,,
2023,453,15,15,Will Stevens,Tarleton State,4YR SR,Tampa Bay Rays,matched_exact_name,100.0,100.0,1,Will Stevens,7985865,TAR,Tarleton State University,,
2023,454,15,15,Kelena Sauer,San Diego State,4YR JR,Toronto Blue Jays,matched_exact_name,100.0,100.0,1,Kelena Sauer,7830404,SDSU,San Diego State University,,
2023,455,15,15,Tre Richardson,TCU,4YR SR,St. Louis Cardinals,matched_exact_name,100.0,100.0,1,Tre Richardson,7983194,TCU,Texas Christian University,,
2023,456,15,15,Justin Lawson,NC State,4YR SR,New York Mets,matched_exact_name,100.0,100.0,1,Justin Lawson,7829157,NCSU,North Carolina State University,,
2023,457,15,15,Carson Jones,Virginia Tech,4YR SR,Seattle Mariners,matched_exact_name,100.0,100.0,2,Carson Jones,7822994,VT,Virginia Tech,,
2023,458,15,15,Kyle Scott,Lackawanna College,JC J3,Cleveland Guardians,rejected_school_guard,100.0,22.9,1,,,,,Kyle Scott,22.9
2023,459,15,15,David Rodriguez,San Joaquin Delta College,JC J3,Atlanta Braves,no_candidate,,,0,,,,,,
2023,460,15,15,Jordan Thompson,LSU,4YR JR,Los Angeles Dodgers,matched_exact_name,100.0,100.0,3,Jordan Thompson,7827691,LSU,Louisiana State University,,
2023,461,15,15,Zac Addkison,Marshall,4YR JR,San Diego Padres,matched_exact_name,100.0,100.0,1,Zac Addkison,7827929,MRSH,Marshall University,,
2023,462,15,15,Tomas Frick,North Carolina,4YR JR,New York Yankees,matched_exact_name,100.0,100.0,1,Tomas Frick,7828633,UNC,University of North Carolina at Chapel Hill,,
2023,463,15,15,Jared Thomas,Loyola Marymount University,4YR JR,Philadelphia Phillies,matched_exact_name,100.0,100.0,2,Jared Thomas,7827832,LMU,Loyola Marymount University,,
2023,464,15,15,Garret Guillemette,Texas,4YR JR,Houston Astros,matched_fuzzy_name,97.3,100.0,1,Garrett Guillemette,7978462,TEX,University of Texas at Austin,,
2023,465,16,16,Austin Amaral,Stetson,4YR JR,Washington Nationals,matched_exact_name,100.0,100.0,1,Austin Amaral,7831099,STET,Stetson University,,
2023,466,16,16,Ryan Brown,Oregon State,4YR SR,Athletics,matched_exact_name,100.0,100.0,2,Ryan Brown,7829632,ORST,Oregon State University,,
2023,467,16,16,Justin Miknis,Kent State,4YR SR,Pittsburgh Pirates,matched_exact_name,100.0,100.0,1,Justin Miknis,7827452,KENT,Kent State University,,
2023,468,16,16,Bernard Moon,Redan HS,HS SR,Cincinnati Reds,no_candidate,,,0,,,,,,
2023,469,16,16,Josh Hansell,Arizona State,4YR JR,Kansas City Royals,matched_exact_name,100.0,100.0,1,Josh Hansell,7824547,ASU,Arizona State University,,
2023,470,16,16,Donye Evans,UNC Charlotte,4YR JR,Detroit Tigers,matched_exact_name,100.0,100.0,1,Donye Evans,7995226,CLT,University of North Carolina at Charlotte,,
2023,471,16,16,Jake Brown,Sulphur HS,HS SR,Texas Rangers,rejected_school_guard,100.0,28.6,1,,,,,Jake Brown,28.6
2023,472,16,16,Austin Emener,East Tennessee St U,4YR JR,Colorado Rockies,matched_exact_name,100.0,100.0,1,Austin Emener,8009588,ETSU,East Tennessee State University,,
2023,473,16,16,Kevin Vaupel,Seton Hill University,4YR SR,Miami Marlins,no_candidate,,,0,,,,,,
2023,474,16,16,Rio Foster,Florence-Darlington Tech,JC J1,Los Angeles Angels,rejected_fuzzy_school_guard,85.7,28.6,1,,,,,Eric Foster,28.6
2023,475,16,16,Matthew Linskey,Rice,4YR JR,Arizona Diamondbacks,matched_fuzzy_name,96.6,100.0,1,Mathew Linskey,7830057,RICE,Rice University,,
2023,476,16,16,Daniel Brown,Campbell University,4YR SR,Chicago Cubs,matched_exact_name,100.0,100.0,1,Daniel Brown,7825522,CAM,Campbell University,,
2023,477,16,16,Anthony Silvas,Riverside CC,JC J2,Minnesota Twins,rejected_fuzzy_school_guard,96.3,44.4,1,,,,,Anthony Silva,44.4
2023,478,16,16,Isaac Stebens,Oklahoma State,4YR JR,Boston Red Sox,matched_exact_name,100.0,100.0,1,Isaac Stebens,7978443,OKST,Oklahoma State University,,
2023,479,16,16,Weston Eberly,Columbia,4YR SR,Chicago White Sox,matched_exact_name,100.0,100.0,1,Weston Eberly,7825825,COLU,Columbia University,,
2023,480,16,16,Justin Wishkoski,Sam Houston,4YR SR,San Francisco Giants,matched_exact_name,100.0,100.0,1,Justin Wishkoski,7830358,SHSU,Sam Houston State University,,
2023,481,16,16,Cole Urman,Cal State Fullerton,4YR SR,Baltimore Orioles,matched_exact_name,100.0,100.0,1,Cole Urman,7825227,CSUF,"California State University, Fullerton",,
2023,482,16,16,Josh Timmerman,Ohio State,4YR JR,Milwaukee Brewers,matched_exact_name,100.0,100.0,1,Josh Timmerman,7978744,OSU,Ohio State University,,
2023,483,16,16,Wooyeoul Shin,Miami Dade College,JC J2,Tampa Bay Rays,no_candidate,,,0,,,,,,
2023,484,16,16,Jackson Hornung,Skidmore Col,4YR SR,Toronto Blue Jays,no_candidate,,,0,,,,,,
2023,485,16,16,Tyler Bradt,East Carolina,4YR SR,St. Louis Cardinals,matched_exact_name,100.0,100.0,1,Tyler Bradt,7975327,ECU,East Carolina University,,
2023,486,16,16,Jake Zitella,St Charles East HS,HS SR,New York Mets,no_candidate,,,0,,,,,,
2023,487,16,16,Caleb Cali,Arkansas,4YR SR,Seattle Mariners,matched_exact_name,100.0,100.0,1,Caleb Cali,7984529,ARK,University of Arkansas,,
2023,488,16,16,Mac Heuer,Georgia Home Education Association,HS SR,Cleveland Guardians,no_candidate,,,0,,,,,,
2023,489,16,16,Isaac Gallegos,New Mexico,4YR JR,Atlanta Braves,matched_exact_name,100.0,100.0,1,Isaac Gallegos,7988612,UNM,University of New Mexico,,
2023,490,16,16,Javen Coleman,LSU,4YR JR,Los Angeles Dodgers,matched_exact_name,100.0,100.0,1,Javen Coleman,7827692,LSU,Louisiana State University,,
2023,491,16,16,Sam Whiting,UC Santa Barbara,4YR SR,San Diego Padres,matched_fuzzy_name,88.0,100.0,1,Samuel Whiting,7825339,UCSB,"University of California, Santa Barbara",,
2023,492,16,16,Andrew Landry,Southeastern Louisiana University,4YR JR,New York Yankees,matched_exact_name,100.0,100.0,1,Andrew Landry,7830777,SELA,Southeastern Louisiana University,,
2023,493,16,16,Luke Russo,Eastern Michigan,4YR SR,Philadelphia Phillies,matched_exact_name,100.0,100.0,1,Luke Russo,7826283,EMU,Eastern Michigan University,,
2023,494,16,16,Will Bush,Tyler JC,JC J1,Houston Astros,rejected_fuzzy_school_guard,94.7,17.4,1,,,,,Will Busch,17.4
2023,495,17,17,Merrick Baldo,Loyola Marymount University,4YR SR,Washington Nationals,matched_exact_name,100.0,100.0,1,Merrick Baldo,7827820,LMU,Loyola Marymount University,,
2023,496,17,17,Colby Halter,Florida,4YR JR,Athletics,matched_exact_name,100.0,100.0,1,Colby Halter,7826514,FLA,University of Florida,,
2023,497,17,17,Daniel Cuvet,ESB Academy,HS SR,Pittsburgh Pirates,no_candidate,,,0,,,,,,
2023,498,17,17,JeanPierre Ortiz,Chipola College,JC J1,Cincinnati Reds,no_candidate,,,0,,,,,,
2023,499,17,17,Connor Oliver,Miami University,4YR SR,Kansas City Royals,matched_exact_name,100.0,100.0,1,Connor Oliver,7987648,M-OH,Miami University-Ohio,,
2023,500,17,17,Bradley Stewart,Cooper City HS,HS SR,Detroit Tigers,no_candidate,,,0,,,,,,
2023,501,17,17,Kamdyn Perry,Bishop Gorman HS,HS SR,Texas Rangers,no_candidate,,,0,,,,,,
2023,502,17,17,Aidan Longwell,Kent State,4YR JR,Colorado Rockies,matched_exact_name,100.0,100.0,1,Aidan Longwell,7827457,KENT,Kent State University,,
2023,503,17,17,Mark Coley II,University of Rhode Island,4YR 5S,Miami Marlins,matched_fuzzy_name,87.0,100.0,1,Mark Coley,8011332,URI,University of Rhode Island,,
2023,504,17,17,Logan Britt,Abilene Christian,4YR SR,Los Angeles Angels,matched_exact_name,100.0,100.0,1,Logan Britt,8009004,ACU,Abilene Christian University,,
2023,505,17,17,Carlos Rey,Nova Southeastern University,4YR JR,Arizona Diamondbacks,no_candidate,,,0,,,,,,
2023,506,17,17,Ethan Flanagan,UCLA,4YR SO,Chicago Cubs,matched_exact_name,100.0,100.0,1,Ethan Flanagan,7825482,UCLA,"University of California, Los Angeles",,
2023,507,17,17,Kade Bragg,Angelo State,4YR SR,Minnesota Twins,no_candidate,,,0,,,,,,
2023,508,17,17,Dylan Schlaegel,Legacy HS,HS SR,Boston Red Sox,no_candidate,,,0,,,,,,
2023,509,17,17,Mikey Kane,Oregon State,4YR JR,Chicago White Sox,matched_exact_name,100.0,100.0,1,Mikey Kane,7996716,ORST,Oregon State University,,
2023,510,17,17,Drew Cavanaugh,Florida Southern,4YR SO,San Francisco Giants,no_candidate,,,0,,,,,,
2023,511,17,17,Zane Barnhart,Hillsdale College,4YR JR,Baltimore Orioles,no_candidate,,,0,,,,,,
2023,512,17,17,Jacob Gholston,Flower Mound HS,HS SR,Milwaukee Brewers,no_candidate,,,0,,,,,,
2023,513,17,17,Hayden Snelsire,Randolph-Macon College,4YR SR,Tampa Bay Rays,no_candidate,,,0,,,,,,
2023,514,17,17,Sam Kulasingam,Air Force,4YR JR,Toronto Blue Jays,matched_exact_name,100.0,100.0,1,Sam Kulasingam,7822718,AFA,United States Air Force Academy,,
2023,515,17,17,Trey Paige,Delaware State University,4YR SR,St. Louis Cardinals,matched_exact_name,100.0,100.0,1,Trey Paige,7826057,DSU,Delaware State University,,
2023,516,17,17,Bryce Jenkins,Tennessee,4YR SR,New York Mets,matched_exact_name,100.0,100.0,1,Bryce Jenkins,8008301,TENN,University of Tennessee Knoxville,,
2023,517,17,17,Jacob Sharp,UNLV,4YR JR,Seattle Mariners,matched_exact_name,100.0,100.0,1,Jacob Sharp,7979175,UNLV,"University of Nevada, Las Vegas",,
2023,518,17,17,Barrett Riebock,Paris JC,JC J2,Cleveland Guardians,no_candidate,,,0,,,,,,
2023,519,17,17,Kade Kern,Ohio State,4YR JR,Atlanta Braves,matched_exact_name,100.0,100.0,1,Kade Kern,7829445,OSU,Ohio State University,,
2023,520,17,17,Luke Fox,Duke,4YR JR,Los Angeles Dodgers,rejected_school_guard,100.0,0.0,1,,,,,Luke Fox,0.0
2023,521,17,17,Eric Yost,Northeastern,4YR JR,San Diego Padres,matched_exact_name,100.0,100.0,1,Eric Yost,7829230,NE,Northeastern University,,
2023,522,17,17,Wilson Rodriguez,Academia Presbiteriana HS,HS SR,New York Yankees,no_candidate,,,0,,,,,,
2023,523,17,17,A.J. Shaver,Florida SouthWestern State College,JC J3,Philadelphia Phillies,no_candidate,,,0,,,,,,
2023,524,17,17,Colby Langford,Murray State Col,JC J2,Houston Astros,no_candidate,,,0,,,,,,
2023,525,18,18,Nate Rombach,Dallas Baptist,4YR SR,Washington Nationals,matched_exact_name,100.0,100.0,1,Nate Rombach,7823697,DBU,Dallas Baptist University,,
2023,526,18,18,Derrick Tarpley Jr.,Brownsville Area HS,HS SR,Athletics,no_candidate,,,0,,,,,,
2023,527,18,18,Kalae Harrison,NC State,4YR JR,Pittsburgh Pirates,matched_exact_name,100.0,100.0,1,Kalae Harrison,7979022,NCSU,North Carolina State University,,
2023,528,18,18,Drew Pestka,John A. Logan College,JC J1,Cincinnati Reds,no_candidate,,,0,,,,,,
2023,529,18,18,Stone Russell,IMG Academy,HS SR,Kansas City Royals,no_candidate,,,0,,,,,,
2023,530,18,18,Ethan Farris,Cypress Woods HS,HS SR,Detroit Tigers,no_candidate,,,0,,,,,,
2023,531,18,18,Brendan Morse,Niagara County CC,JC J1,Texas Rangers,no_candidate,,,0,,,,,,
2023,532,18,18,Yanzel Correa,International Baseball Academy,HS SR,Colorado Rockies,no_candidate,,,0,,,,,,
2023,533,18,18,Tristan Dietrich,Owen J. Roberts HS,HS SR,Miami Marlins,no_candidate,,,0,,,,,,
2023,534,18,18,Dalton Kendrick,University of Memphis,4YR SR,Los Angeles Angels,matched_exact_name,100.0,100.0,1,Dalton Kendrick,7828084,MEM,University of Memphis,,
2023,535,18,18,Alec Baker,Dallas Baptist,4YR 5S,Arizona Diamondbacks,matched_exact_name,100.0,100.0,1,Alec Baker,7823675,DBU,Dallas Baptist University,,
2023,536,18,18,Brian Kalmer,Gonzaga,4YR SR,Chicago Cubs,matched_exact_name,100.0,100.0,1,Brian Kalmer,8009172,GONZ,Gonzaga University,,
2023,537,18,18,Hector Garcia Jr.,Hope International U,4YR SR,Minnesota Twins,no_candidate,,,0,,,,,,
2023,538,18,18,Zach Fogell,Connecticut,4YR GR,Boston Red Sox,matched_exact_name,100.0,100.0,1,Zach Fogell,7985387,CONN,University of Connecticut,,
2023,539,18,18,Anthony Imhoff,Pima CC,JC J3,Chicago White Sox,no_candidate,,,0,,,,,,
2023,540,18,18,Michael Rodriguez,North Greenville University,4YR JR,San Francisco Giants,rejected_fuzzy_school_guard,87.5,32.0,1,,,,,Chase Rodriguez,32.0
2023,541,18,18,Tanner Witt,Texas,4YR JR,Baltimore Orioles,matched_exact_name,100.0,100.0,1,Tanner Witt,7822516,TEX,University of Texas at Austin,,
2023,542,18,18,Dylan Watts,Tacoma CC,JC J1,Milwaukee Brewers,rejected_fuzzy_school_guard,85.7,25.0,1,,,,,Dane Watts,25.0
2023,543,18,18,Jeremy Pilon,Ecole Secondaire du Chene-Bleu,HS SR,Tampa Bay Rays,no_candidate,,,0,,,,,,
2023,544,18,18,Chase Brunson,San Clemente HS,HS SR,Toronto Blue Jays,no_candidate,,,0,,,,,,
2023,545,18,18,Hunter Kublick,Umpqua CC,JC J2,St. Louis Cardinals,no_candidate,,,0,,,,,,
2023,546,18,18,Gavyn Jones,White Oak HS,HS SR,New York Mets,no_candidate,,,0,,,,,,
2023,547,18,18,Daniel Ouderkirk,Penn State,4YR GR,Seattle Mariners,matched_exact_name,100.0,100.0,1,Daniel Ouderkirk,8008391,PSU,Penn State University,,
2023,548,18,18,Matt Jachec,Indiana State,4YR SR,Cleveland Guardians,matched_exact_name,100.0,100.0,1,Matt Jachec,7827117,INST,Indiana State University,,
2023,549,18,18,Cam Magee,Washington State,4YR SO,Atlanta Braves,matched_exact_name,100.0,100.0,1,Cam Magee,7990828,WSU,Washington State University,,
2023,550,18,18,Sterling Patick,South Hills HS,HS SR,Los Angeles Dodgers,no_candidate,,,0,,,,,,
2023,551,18,18,Harry Gustin,Hawaii,4YR SO,San Diego Padres,matched_exact_name,100.0,100.0,1,Harry Gustin,7826895,HAW,University of Hawaii Manoa,,
2023,552,18,18,Coby Morales,Washington,4YR JR,New York Yankees,matched_exact_name,100.0,100.0,1,Coby Morales,7823177,WASH,University of Washington,,
2023,553,18,18,Ethan Chenault,UNC Wilmington,4YR JR,Philadelphia Phillies,matched_exact_name,100.0,100.0,1,Ethan Chenault,7828735,UNCW,University of North Carolina at Wilmington,,
2023,554,18,18,Derek True,Cal Poly,4YR JR,Houston Astros,matched_exact_name,100.0,100.0,1,Derek True,7825138,CP,California Polytechnic State University,,
2023,555,19,19,James Ellwanger,Magnolia West HS,HS SR,Washington Nationals,no_candidate,,,0,,,,,,
2023,556,19,19,Derek Salata,Illinois State,4YR 5S,Athletics,matched_exact_name,100.0,100.0,1,Derek Salata,7983663,ILST,Illinois State University,,
2023,557,19,19,Tyler Kennedy,Florida SouthWestern State College,JC J2,Pittsburgh Pirates,no_candidate,,,0,,,,,,
2023,558,19,19,Herick Hernandez,Miami Dade College,JC J2,Cincinnati Reds,no_candidate,,,0,,,,,,
2023,559,19,19,Donovan LaSalle,Barbe HS,HS SR,Kansas City Royals,no_candidate,,,0,,,,,,
2023,560,19,19,Blake Pivaroff,Arizona State,4YR JR,Detroit Tigers,matched_exact_name,100.0,100.0,1,Blake Pivaroff,7824525,ASU,Arizona State University,,
2023,561,19,19,Elijah Ickes,Kamehameha HS,HS SR,Texas Rangers,rejected_fuzzy_school_guard,85.7,10.5,1,,,,,Elijah Dickerson,10.5
2023,562,19,19,Kannon Handy,Colorado Mesa U,4YR SR,Colorado Rockies,no_candidate,,,0,,,,,,
2023,563,19,19,Johnny Olmstead,USC,4YR 5S,Miami Marlins,matched_exact_name,100.0,100.0,1,Johnny Olmstead,7830795,USC,University of Southern California,,
2023,564,19,19,Raudi Rodriguez,Georgia Premier Academy,HS SR,Los Angeles Angels,no_candidate,,,0,,,,,,
2023,565,19,19,Wyatt Crenshaw,Arizona St U,4YR 5S,Arizona Diamondbacks,matched_exact_name,100.0,100.0,1,Wyatt Crenshaw,7978826,ASU,Arizona State University,,
2023,566,19,19,Nick Dean,Maryland,4YR SR,Chicago Cubs,matched_exact_name,100.0,100.0,1,Nick Dean,7827978,MD,University of Maryland,,
2023,567,19,19,Sam Parker,Kennesaw Mountain HS,HS SR,Minnesota Twins,no_candidate,,,0,,,,,,
2023,568,19,19,Stanley Tucker,Texas A&M,4YR JR,Boston Red Sox,matched_exact_name,100.0,100.0,1,Stanley Tucker,7974645,TA&M,Texas A&M University,,
2023,569,19,19,Caden Connor,Cal State Fullerton,4YR SR,Chicago White Sox,matched_exact_name,100.0,100.0,1,Caden Connor,7825221,CSUF,"California State University, Fullerton",,
2023,570,19,19,Tommy Kane,Maryland,4YR JR,San Francisco Giants,matched_exact_name,100.0,100.0,1,Tommy Kane,7989091,MD,University of Maryland,,
2023,571,19,19,Kollin Ritchie,Atoka HS,HS SR,Baltimore Orioles,no_candidate,,,0,,,,,,
2023,572,19,19,Isaac Morton,Spring Lake Park HS,HS SR,Milwaukee Brewers,no_candidate,,,0,,,,,,
2023,573,19,19,Owen Stevenson,Arizona State,4YR JR,Tampa Bay Rays,matched_exact_name,100.0,100.0,1,Owen Stevenson,7978852,ASU,Arizona State University,,
2023,574,19,19,Aaron Munson,Angelo St U,4YR JR,Toronto Blue Jays,no_candidate,,,0,,,,,,
2023,575,19,19,Graysen Tarlow,Cal State Northridge,4YR JR,St. Louis Cardinals,matched_exact_name,100.0,100.0,1,Graysen Tarlow,7825285,CSUN,"California State University, Northridge",,
2023,576,19,19,Christian Little,LSU,4YR JR,New York Mets,matched_exact_name,100.0,100.0,1,Christian Little,7978768,LSU,Louisiana State University,,
2023,577,19,19,Charlie Pagliarini,Fairfield,4YR SR,Seattle Mariners,matched_exact_name,100.0,100.0,1,Charlie Pagliarini,7826334,FAIR,Fairfield University,,
2023,578,19,19,Josh Harlow,Mercer U,4YR SR,Cleveland Guardians,matched_exact_name,100.0,100.0,1,Josh Harlow,7828142,MER,Mercer University,,
2023,579,19,19,Riley Frey,Milwaukee,4YR JR,Atlanta Braves,matched_exact_name,100.0,100.0,1,Riley Frey,7823440,MILW,University of Wisconsin–Milwaukee,,
2023,580,19,19,Spencer Green,Richland HS,HS SR,Los Angeles Dodgers,no_candidate,,,0,,,,,,
2023,581,19,19,Adler Cecil,Temecula Valley HS,HS SR,San Diego Padres,no_candidate,,,0,,,,,,
2023,582,19,19,Cade Austin,South Carolina,4YR JR,New York Yankees,matched_exact_name,100.0,100.0,1,Cade Austin,7830647,SC,University of South Carolina,,
2023,583,19,19,Casey Steward,Washburn University,4YR SR,Philadelphia Phillies,no_candidate,,,0,,,,,,
2023,584,19,19,Andrew Duncan,A3 Academy,HS SR,Houston Astros,rejected_fuzzy_school_guard,88.0,19.0,1,,,,,Andrew Duran,19.0
2023,585,20,20,Isaac Ayon,Oregon,4YR JR,Washington Nationals,rejected_fuzzy_school_guard,90.0,33.3,1,,,,,Isaac Lyon,33.3
2023,586,20,20,Diego Barrera,Loyola Marymount University,4YR GR,Athletics,matched_exact_name,100.0,100.0,1,Diego Barrera,7981978,LMU,Loyola Marymount University,,
2023,587,20,20,Peyton Stumbo,Nevada,4YR JR,Pittsburgh Pirates,matched_exact_name,100.0,100.0,1,Peyton Stumbo,7828859,NEV,"University of Nevada, Reno",,
2023,588,20,20,Gabe Gaeckle,Aptos HS,HS SR,Cincinnati Reds,no_candidate,,,0,,,,,,
2023,589,20,20,Blake Wilson,Santa Margarita Catholic HS,HS SR,Kansas City Royals,no_candidate,,,0,,,,,,
2023,590,20,20,Johnathan Rogers,Tupelo HS,HS SR,Detroit Tigers,no_candidate,,,0,,,,,,
2023,591,20,20,Laif Palmer,Golden HS,HS SR,Texas Rangers,no_candidate,,,0,,,,,,
2023,592,20,20,Troy Butler,Herkimer County CC,JC J2,Colorado Rockies,rejected_fuzzy_school_guard,85.7,26.7,1,,,,,Rob Butler,26.7
2023,593,20,20,Ryan Ignoffo,Eastern Illinois,4YR 5S,Miami Marlins,matched_exact_name,100.0,100.0,1,Ryan Ignoffo,7826209,EIU,Eastern Illinois University,,
2023,594,20,20,Mac McCroskey,Oral Roberts,4YR 5S,Los Angeles Angels,matched_exact_name,100.0,100.0,1,Mac McCroskey,7829604,ORU,Oral Roberts University,,
2023,595,20,20,Dominic Voegele,Columbia HS,HS SR,Arizona Diamondbacks,no_candidate,,,0,,,,,,
2023,596,20,20,Drew Bowser,Stanford,4YR JR,Chicago Cubs,matched_exact_name,100.0,100.0,1,Drew Bowser,7831035,STAN,Stanford University,,
2023,597,20,20,Ashton Larson,Saint Thomas Aquinas HS,HS SR,Minnesota Twins,no_candidate,,,0,,,,,,
2023,598,20,20,Robert Orloski,Middleton HS,HS SR,Boston Red Sox,no_candidate,,,0,,,,,,
2023,599,20,20,Garrett Wright,TCU,4YR JR,Chicago White Sox,matched_exact_name,100.0,100.0,1,Garrett Wright,7822387,TCU,Texas Christian University,,
2023,600,20,20,Nadir Lewis,Princeton,4YR SR,San Francisco Giants,matched_exact_name,100.0,100.0,1,Nadir Lewis,7829926,PRIN,Princeton University,,
2023,601,20,20,Jalen Vasquez,North Greenville University,4YR JR,Baltimore Orioles,no_candidate,,,0,,,,,,
2023,602,20,20,Justin Chambers,Basha HS,HS SR,Milwaukee Brewers,no_candidate,,,0,,,,,,
2023,603,20,20,Max Stanley,Douglas County HS,HS SR,Tampa Bay Rays,rejected_fuzzy_school_guard,87.0,37.0,1,,,,,Matt Stanley,37.0
2023,604,20,20,Kai Peterson,Sierra JC,JC J3,Toronto Blue Jays,no_candidate,,,0,,,,,,
2023,605,20,20,Cameron Johnson,IMG Academy,HS SR,St. Louis Cardinals,rejected_school_guard,100.0,25.0,1,,,,,Cameron Johnson,25.0
2023,606,20,20,Kellum Clark,Mississippi State,4YR JR,New York Mets,matched_exact_name,100.0,100.0,1,Kellum Clark,7828355,MSST,Mississippi State University,,
2023,607,20,20,Will Watson,San Joaquin Delta College,JC J2,Seattle Mariners,rejected_school_guard,100.0,26.7,1,,,,,Will Watson,26.7
2023,608,20,20,Ryan Marohn,Freedom HS,HS SR,Cleveland Guardians,no_candidate,,,0,,,,,,
2023,609,20,20,Will King,Eastern Kentucky U,4YR JR,Atlanta Braves,matched_exact_name,100.0,100.0,1,Will King,7826242,EKU,Eastern Kentucky University,,
2023,610,20,20,D.J. Uiagalelei,Oregon State,4YR GR,Los Angeles Dodgers,no_candidate,,,0,,,,,,
2023,611,20,20,B.Y. Choi,New Mexico Military Institute,JC J2,San Diego Padres,no_candidate,,,0,,,,,,
2023,612,20,20,Bryce Warrecker,Cal Poly,4YR JR,New York Yankees,matched_exact_name,100.0,100.0,1,Bryce Warrecker,7825143,CP,California Polytechnic State University,,
2023,613,20,20,Pierce Bennett,Wake Forest,4YR SR,Philadelphia Phillies,matched_exact_name,100.0,100.0,1,Pierce Bennett,7823086,WAKE,Wake Forest University,,
2023,614,20,20,Pascanel Ferreras,Western Carolina,4YR JR,Houston Astros,matched_exact_name,100.0,100.0,1,Pascanel Ferreras,7823226,WCU,Western Carolina University,,
2024,1,1,1,Travis Bazzana,Oregon State,4YR JR,Cleveland Guardians,matched_exact_name,100.0,100.0,1,Travis Bazzana,8286247,ORST,Oregon State University,,
2024,2,1,1,Chase Burns,Wake Forest,4YR JR,Cincinnati Reds,matched_exact_name,100.0,100.0,1,Chase Burns,8453756,WAKE,Wake Forest University,,
2024,3,1,1,Charlie Condon,Georgia,4YR JR,Colorado Rockies,matched_exact_name,100.0,100.0,1,Charlie Condon,8277071,UGA,University of Georgia,,
2024,4,1,1,Nick Kurtz,Wake Forest,4YR JR,Athletics,matched_exact_name,100.0,100.0,1,Nick Kurtz,8269779,WAKE,Wake Forest University,,
2024,5,1,1,Hagen Smith,Arkansas,4YR JR,Chicago White Sox,matched_exact_name,100.0,100.0,1,Hagen Smith,8276261,ARK,University of Arkansas,,
2024,6,1,1,Jac Caglianone,Florida,4YR JR,Kansas City Royals,matched_exact_name,100.0,100.0,1,Jac Caglianone,8272143,FLA,University of Florida,,
2024,7,1,1,JJ Wetherholt,West Virginia,4YR JR,St. Louis Cardinals,matched_fuzzy_name,92.9,100.0,1,J.J. Wetherholt,8262713,WVU,West Virginia University,,
2024,8,1,1,Christian Moore,Tennessee,4YR JR,Los Angeles Angels,matched_exact_name,100.0,100.0,1,Christian Moore,8281448,TENN,University of Tennessee Knoxville,,
2024,9,1,1,Konnor Griffin,Jackson Prep School,HS SR,Pittsburgh Pirates,rejected_fuzzy_school_guard,85.7,20.7,1,,,,,Conner Griffin,20.7
2024,10,1,1,Seaver King,Wake Forest,4YR JR,Washington Nationals,matched_exact_name,100.0,100.0,1,Seaver King,8453747,WAKE,Wake Forest University,,
2024,11,1,1,Bryce Rainer,Harvard-Westlake HS,HS SR,Detroit Tigers,no_candidate,,,0,,,,,,
2024,12,1,1,Braden Montgomery,Texas A&M,4YR JR,Boston Red Sox,matched_exact_name,100.0,100.0,1,Braden Montgomery,8586314,TA&M,Texas A&M University,,
2024,13,1,1,James Tibbs III,Florida State,4YR SR,San Francisco Giants,matched_exact_name,100.0,100.0,1,James Tibbs III,8272086,FSU,Florida State University,,
2024,14,1,1,Cam Smith,Florida State,4YR SO,Chicago Cubs,matched_exact_name,100.0,100.0,1,Cam Smith,8275219,FSU,Florida State University,,
2024,15,1,1,Jurrangelo Cijntje,Mississippi State,4YR SO,Seattle Mariners,matched_exact_name,100.0,100.0,1,Jurrangelo Cijntje,8285828,MSST,Mississippi State University,,
2024,16,1,1,PJ Morlando,Summerville HS,HS SR,Miami Marlins,no_candidate,,,0,,,,,,
2024,17,1,1,Braylon Payne,Elkins HS,HS SR,Milwaukee Brewers,no_candidate,,,0,,,,,,
2024,18,1,1,Theo Gillen,Westlake HS,HS SR,Tampa Bay Rays,no_candidate,,,0,,,,,,
2024,19,1,1,Carson Benge,Oklahoma State,4YR JR,New York Mets,matched_exact_name,100.0,100.0,1,Carson Benge,8277708,OKST,Oklahoma State University,,
2024,20,1,1,Trey Yesavage,East Carolina,4YR JR,Toronto Blue Jays,matched_exact_name,100.0,100.0,1,Trey Yesavage,8259487,ECU,East Carolina University,,
2024,21,1,1,Kaelen Culpepper,Kansas State,4YR JR,Minnesota Twins,matched_exact_name,100.0,100.0,1,Kaelen Culpepper,8280097,KSU,Kansas St.,,
2024,22,1,1,Vance Honeycutt,North Carolina,4YR JR,Baltimore Orioles,matched_exact_name,100.0,100.0,1,Vance Honeycutt,8266505,UNC,University of North Carolina at Chapel Hill,,
2024,23,1,1,Kellon Lindsey,Hardee HS,HS SR,Los Angeles Dodgers,no_candidate,,,0,,,,,,
2024,24,1,1,Cam Caminiti,Saguaro HS,HS SR,Atlanta Braves,no_candidate,,,0,,,,,,
2024,25,1,1,Kash Mayfield,Elk City HS,HS SR,San Diego Padres,no_candidate,,,0,,,,,,
2024,26,1,1,Ben Hess,Alabama,4YR JR,New York Yankees,matched_exact_name,100.0,100.0,1,Ben Hess,8260268,ALA,University of Alabama,,
2024,27,1,1,Dante Nori,Northville HS,HS SR,Philadelphia Phillies,no_candidate,,,0,,,,,,
2024,28,1,1,Walker Janek,Sam Houston,4YR JR,Houston Astros,matched_exact_name,100.0,100.0,1,Walker Janek,8265527,SHSU,Sam Houston State University,,
2024,29,1,1,Slade Caldwell,Valley View HS,HS SR,Arizona Diamondbacks,no_candidate,,,0,,,,,,
2024,30,1,1,Malcolm Moore,Stanford,4YR SO,Texas Rangers,matched_exact_name,100.0,100.0,1,Malcolm Moore,8282942,STAN,Stanford University,,
2024,31,1,PPI,Ryan Waldschmidt,Kentucky,4YR JR,Arizona Diamondbacks,matched_exact_name,100.0,100.0,1,Ryan Waldschmidt,8275123,UK,University of Kentucky,,
2024,32,1,PPI,Griff O'Ferrall,Farragut HS,4YR JR,Baltimore Orioles,rejected_school_guard,100.0,21.1,1,,,,,Griff O'Ferrall,21.1
2024,33,1,1C,Kyle DeBarge,University of Louisiana at Lafayette,4YR JR,Minnesota Twins,matched_exact_name,100.0,100.0,1,Kyle DeBarge,8282083,UL,University of Louisiana at Lafayette,,
2024,34,1,CB-A,Blake Burke,Tennessee,4YR JR,Milwaukee Brewers,matched_exact_name,100.0,100.0,1,Blake Burke,8260137,TENN,University of Tennessee Knoxville,,
2024,35,1,CB-A,JD Dix,Whitefish Bay HS,HS SR,Arizona Diamondbacks,no_candidate,,,0,,,,,,
2024,36,1,CB-A,Braylon Doughty,Chaparral HS,HS SR,Cleveland Guardians,no_candidate,,,0,,,,,,
2024,37,1,CB-A,Levi Sterling,Notre Dame HS,HS SR,Pittsburgh Pirates,no_candidate,,,0,,,,,,
2024,38,1,CB-A,Brody Brecht,Iowa,4YR JR,Colorado Rockies,matched_exact_name,100.0,100.0,1,Brody Brecht,8270412,IOWA,University of Iowa,,
2024,39,1,CB-A,Caleb Lomavita,California,4YR JR,Washington Nationals,matched_exact_name,100.0,100.0,1,Caleb Lomavita,8284269,CAL,"University of California, Berkeley",,
2024,40,2,2,Tommy White,LSU,4YR JR,Athletics,matched_exact_name,100.0,100.0,1,Tommy White,8261795,LSU,Louisiana State University,,
2024,41,2,2,David Shields,Mt. Lebanon HS,HS SR,Kansas City Royals,no_candidate,,,0,,,,,,
2024,42,2,2,Jared Thomas,Texas,4YR SO,Colorado Rockies,matched_exact_name,100.0,100.0,1,Jared Thomas,8285167,TEX,University of Texas at Austin,,
2024,43,2,2,Caleb Bonemer,Okemos HS,HS SR,Chicago White Sox,no_candidate,,,0,,,,,,
2024,44,2,2,Luke Dickerson,Morris Knolls HS,HS SR,Washington Nationals,no_candidate,,,0,,,,,,
2024,45,2,2,Chris Cortez,Texas A&M,4YR JR,Los Angeles Angels,matched_exact_name,100.0,100.0,1,Chris Cortez,8272749,TA&M,Texas A&M University,,
2024,46,2,2,Jonathan Santucci,Duke,4YR JR,New York Mets,matched_exact_name,100.0,100.0,1,Jonathan Santucci,8259743,DUKE,Duke University,,
2024,47,2,2,Wyatt Sanford,Independence HS,HS SR,Pittsburgh Pirates,no_candidate,,,0,,,,,,
2024,48,2,2,Jacob Cozart,NC State,4YR JR,Cleveland Guardians,matched_exact_name,100.0,100.0,1,Jacob Cozart,8266631,NCSU,North Carolina State University,,
2024,49,2,2,Owen Hall,Edmond North HS,HS SR,Detroit Tigers,rejected_fuzzy_school_guard,88.9,37.0,1,,,,,Owen Hull,37.0
2024,50,2,2,Payton Tolle,TCU,4YR JR,Boston Red Sox,matched_exact_name,100.0,100.0,1,Payton Tolle,8414895,TCU,Texas Christian University,,
2024,51,2,2,Tyson Lewis,Millard West HS,HS SR,Cincinnati Reds,no_candidate,,,0,,,,,,
2024,52,2,2,Boston Bateman,Adolfo Camarillo HS,HS SR,San Diego Padres,no_candidate,,,0,,,,,,
2024,53,2,2,Bryce Cunningham,Vanderbilt,4YR JR,New York Yankees,matched_exact_name,100.0,100.0,1,Bryce  Cunningham,8280074,VAN,Vanderbilt University,,
2024,54,2,2,Cole Mathis,College of Charleston,4YR JR,Chicago Cubs,matched_exact_name,100.0,100.0,1,Cole Mathis,8261166,COFC,College of Charleston,,
2024,55,2,2,Ryan Sloan,York Community HS,HS SR,Seattle Mariners,no_candidate,,,0,,,,,,
2024,56,2,2,Carter Johnson,Oxford HS,HS SR,Miami Marlins,rejected_fuzzy_school_guard,88.9,62.5,2,,,,,Carter Hanson,62.5
2024,57,2,2,Bryce Meccage,The Pennington School,HS SR,Milwaukee Brewers,no_candidate,,,0,,,,,,
2024,58,2,2,Émilien Pitre,Kentucky,4YR JR,Tampa Bay Rays,matched_fuzzy_name,92.3,100.0,1,Emilien Pitre,8277039,UK,University of Kentucky,,
2024,59,2,2,Khal Stephen,Mississippi State,4YR JR,Toronto Blue Jays,matched_exact_name,100.0,100.0,1,Khal Stephen,8587541,MSST,Mississippi State University,,
2024,60,2,2,Billy Amick,Tennessee,4YR JR,Minnesota Twins,matched_exact_name,100.0,100.0,1,Billy Amick,8457914,TENN,University of Tennessee Knoxville,,
2024,61,2,2,Ethan Anderson,Virginia,4YR JR,Baltimore Orioles,matched_exact_name,100.0,100.0,1,Ethan Anderson,8269430,UVA,University of Virginia,,
2024,62,2,2,Carter Holton,Vanderbilt,4YR JR,Atlanta Braves,matched_exact_name,100.0,100.0,1,Carter Holton,8264977,VAN,Vanderbilt University,,
2024,63,2,2,Griffin Burkholder,Freedom HS,HS SR,Philadelphia Phillies,no_candidate,,,0,,,,,,
2024,64,2,2,Ivan Luciano,El Shaddai Christian Academy,HS SR,Arizona Diamondbacks,no_candidate,,,0,,,,,,
2024,65,2,2,Dylan Dreiling,Tennessee,4YR SO,Texas Rangers,matched_exact_name,100.0,100.0,1,Dylan Dreiling,8271359,TENN,University of Tennessee Knoxville,,
2024,66,2,CB-B,Tyler Bell,Lincoln Way East HS,HS SR,Tampa Bay Rays,rejected_fuzzy_school_guard,85.7,21.4,1,,,,,Tyler Babel,21.4
2024,67,2,CB-B,Chris Levonas,Christian Brothers Academy,HS SR,Milwaukee Brewers,no_candidate,,,0,,,,,,
2024,68,2,CB-B,Blake Larson,IMG Academy,HS SR,Chicago White Sox,rejected_fuzzy_school_guard,87.0,20.0,1,,,,,Jake Larson,20.0
2024,69,2,CB-B,Dasan Hill,Grapevine HS,HS SR,Minnesota Twins,no_candidate,,,0,,,,,,
2024,70,2,CB-B,Aiden May,Oregon State,4YR JR,Miami Marlins,matched_exact_name,100.0,100.0,1,Aiden May,8414118,ORST,Oregon State University,,
2024,71,2,CB-B,Luke Holman,LSU,4YR JR,Cincinnati Reds,matched_exact_name,100.0,100.0,1,Luke Holman,8417137,LSU,Louisiana State University,,
2024,72,2,CB-B,Ethan Schiefelbein,Corona Senior HS,HS SR,Detroit Tigers,no_candidate,,,0,,,,,,
2024,73,2,CB-B,Gage Jump,LSU,4YR SO,Athletics,matched_exact_name,100.0,100.0,1,Gage Jump,8417132,LSU,Louisiana State University,,
2024,74,2,2C,Ryan Johnson,Dallas Baptist,4YR JR,Los Angeles Angels,matched_exact_name,100.0,100.0,2,Ryan Johnson,8261530,DBU,Dallas Baptist University,,
2024,75,3,3,Joshua Kuroda-Grauer,Rutgers,4YR JR,Athletics,matched_exact_name,100.0,100.0,1,Joshua Kuroda-Grauer,8263279,RUTG,Rutgers University,,
2024,76,3,3,Drew Beam,Tennessee,4YR JR,Kansas City Royals,matched_exact_name,100.0,100.0,1,Drew Beam,8284723,TENN,University of Tennessee Knoxville,,
2024,77,3,3,Cole Messina,South Carolina,4YR JR,Colorado Rockies,matched_exact_name,100.0,100.0,1,Cole Messina,8259749,SC,University of South Carolina,,
2024,78,3,3,Nick McLain,Arizona State,4YR JR,Chicago White Sox,matched_exact_name,100.0,100.0,1,Nick McLain,8262401,ASU,Arizona State University,,
2024,79,3,3,Kevin Bazzell,Texas Tech,4YR JR,Washington Nationals,matched_exact_name,100.0,100.0,1,Kevin Bazzell,8260150,TTU,Texas Tech University,,
2024,80,3,3,Brian Holiday,Oklahoma State,4YR JR,St. Louis Cardinals,matched_exact_name,100.0,100.0,1,Brian Holiday,8415879,OKST,Oklahoma State University,,
2024,81,3,3,Ryan Prager,Texas A&M,4YR JR,Los Angeles Angels,matched_exact_name,100.0,100.0,1,Ryan Prager,8284291,TA&M,Texas A&M University,,
2024,82,3,3,Nate Dohm,Mississippi State,4YR JR,New York Mets,matched_exact_name,100.0,100.0,1,Nate Dohm,8269204,MSST,Mississippi State University,,
2024,83,3,3,Josh Hartle,Wake Forest,4YR JR,Pittsburgh Pirates,matched_exact_name,100.0,100.0,1,Josh Hartle,8277137,WAKE,Wake Forest University,,
2024,84,3,3,Joey Oakie,Gonzaga,HS SR,Cleveland Guardians,no_candidate,,,0,,,,,,
2024,85,3,3,Josh Randall,University of San Diego,4YR JR,Detroit Tigers,matched_exact_name,100.0,100.0,1,Josh Randall,8453372,USD,University of San Diego,,
2024,86,3,3,Brandon Neely,Florida,4YR JR,Boston Red Sox,matched_exact_name,100.0,100.0,1,Brandon Neely,8284975,FLA,University of Florida,,
2024,87,3,3,Mike Sirota,Northeastern,4YR JR,Cincinnati Reds,matched_exact_name,100.0,100.0,1,Mike Sirota,8268125,NE,Northeastern University,,
2024,88,3,3,Cobb Hightower,East Rowan HS,HS SR,San Diego Padres,no_candidate,,,0,,,,,,
2024,89,3,3,Thatcher Hurd,LSU,4YR JR,New York Yankees,matched_exact_name,100.0,100.0,1,Thatcher Hurd,8283102,LSU,Louisiana State University,,
2024,90,3,3,Ronny Cruz,Miami Christian School,HS SR,Chicago Cubs,no_candidate,,,0,,,,,,
2024,91,3,3,Hunter Cranton,Kansas,4YR 5S,Seattle Mariners,matched_exact_name,100.0,100.0,1,Hunter Cranton,8267302,KU,University of Kansas,,
2024,92,3,3,Gage Miller,Alabama,4YR JR,Miami Marlins,matched_exact_name,100.0,100.0,1,Gage Miller,8429127,ALA,University of Alabama,,
2024,93,3,3,Jaron DeBerry,Dallas Baptist,4YR SR,Milwaukee Brewers,matched_exact_name,100.0,100.0,1,Jaron DeBerry,8270899,DBU,Dallas Baptist University,,
2024,94,3,3,Nathan Flewelling,Ecole Secondaire Notre Dame HS,HS SR,Tampa Bay Rays,no_candidate,,,0,,,,,,
2024,95,3,3,Johnny King,Naples HS,HS SR,Toronto Blue Jays,no_candidate,,,0,,,,,,
2024,96,3,3,Khadim Diaw,Loyola Marymount University,4YR JR,Minnesota Twins,matched_exact_name,100.0,100.0,1,Khadim Diaw,8274984,LMU,Loyola Marymount University,,
2024,97,3,3,Austin Overn,USC,4YR SO,Baltimore Orioles,matched_exact_name,100.0,100.0,1,Austin Overn,8263900,USC,University of Southern California,,
2024,98,3,3,Chase Harlan,Central Bucks East HS,HS SR,Los Angeles Dodgers,no_candidate,,,0,,,,,,
2024,99,3,3,Luke Sinnard,Indiana,4YR JR,Atlanta Braves,no_candidate,,,0,,,,,,
2024,100,3,3,John Spikerman,Oklahoma,4YR JR,Philadelphia Phillies,matched_exact_name,100.0,100.0,1,John Spikerman,8266367,OU,University of Oklahoma,,
2024,101,3,3,Ryan Forcucci,UC San Diego,4YR JR,Houston Astros,matched_exact_name,100.0,100.0,1,Ryan Forcucci,8261611,UCSD,"University of California, San Diego",,
2024,102,3,3,Daniel Eagen,Presbyterian College,4YR JR,Arizona Diamondbacks,matched_exact_name,100.0,100.0,1,Daniel Eagen,8278336,PRES,Presbyterian College,,
2024,103,3,3,Casey Cook,North Carolina,4YR JR,Texas Rangers,matched_exact_name,100.0,100.0,1,Casey Cook,8281849,UNC,University of North Carolina at Chapel Hill,,
2024,104,4,4,Rodney Green Jr.,California,4YR JR,Athletics,matched_exact_name,100.0,100.0,1,Rodney Green Jr.,8278574,CAL,"University of California, Berkeley",,
2024,105,4,4,L.P. Langevin,University of Louisiana at Lafayette,4YR JR,Kansas City Royals,matched_fuzzy_name,91.7,100.0,1,LP Langevin,8397967,UL,University of Louisiana at Lafayette,,
2024,106,4,4,Blake Wright,Clemson,4YR SR,Colorado Rockies,matched_exact_name,100.0,100.0,1,Blake Wright,8275851,CLEM,Clemson University,,
2024,107,4,4,Casey Saucke,Virginia,4YR JR,Chicago White Sox,matched_exact_name,100.0,100.0,1,Casey Saucke,8285461,UVA,University of Virginia,,
2024,108,4,4,Jackson Kent,Arizona,4YR JR,Washington Nationals,matched_exact_name,100.0,100.0,1,Jackson Kent,8286544,ARIZ,University of Arizona,,
2024,109,4,4,Ryan Campos,Arizona State,4YR JR,St. Louis Cardinals,matched_exact_name,100.0,100.0,1,Ryan Campos,8284402,ASU,Arizona State University,,
2024,110,4,4,Austin Gordon,Clemson,4YR JR,Los Angeles Angels,matched_exact_name,100.0,100.0,1,Austin Gordon,8263078,CLEM,Clemson University,,
2024,111,4,4,Eli Serrano III,NC State,4YR SO,New York Mets,matched_exact_name,100.0,100.0,1,Eli Serrano III,8272576,NCSU,North Carolina State University,,
2024,112,4,4,Eddie Rynders,Wisconsin Lutheran HS,HS SR,Pittsburgh Pirates,no_candidate,,,0,,,,,,
2024,113,4,4,Rafe Schlesinger,Miami,4YR JR,Cleveland Guardians,matched_exact_name,100.0,100.0,1,Rafe Schlesinger,8262057,MIA,University of Miami,,
2024,114,4,4,Michael Massey,Wake Forest,4YR JR,Detroit Tigers,matched_exact_name,100.0,100.0,1,Michael Massey,8282131,WAKE,Wake Forest University,,
2024,115,4,4,Zach Ehrhard,Oklahoma State,4YR JR,Boston Red Sox,matched_exact_name,100.0,100.0,1,Zach Ehrhard,8270116,OKST,Oklahoma State University,,
2024,116,4,4,Dakota Jordan,Mississippi State,4YR SO,San Francisco Giants,matched_exact_name,100.0,100.0,1,Dakota Jordan,8268901,MSST,Mississippi State University,,
2024,117,4,4,Peyton Stovall,Arkansas,4YR JR,Cincinnati Reds,matched_exact_name,100.0,100.0,1,Peyton Stovall,8264115,ARK,University of Arkansas,,
2024,118,4,4,Tyson Neighbors,Kansas State,4YR JR,San Diego Padres,matched_exact_name,100.0,100.0,1,Tyson Neighbors,8285113,KSU,Kansas St.,,
2024,119,4,4,Gage Ziehl,Miami,4YR JR,New York Yankees,matched_exact_name,100.0,100.0,1,Gage Ziehl,8272877,MIA,University of Miami,,
2024,120,4,4,Ty Southisene,Basic HS,HS SR,Chicago Cubs,no_candidate,,,0,,,,,,
2024,121,4,4,Josh Caron,Nebraska,4YR JR,Seattle Mariners,matched_exact_name,100.0,100.0,1,Josh Caron,8269865,NEB,University of Nebraska–Lincoln,,
2024,122,4,4,Fenwick Trimble,James Madison University,4YR JR,Miami Marlins,matched_exact_name,100.0,100.0,1,Fenwick Trimble,8267203,JMU,James Madison University,,
2024,123,4,4,Marco Dinges,Florida State,4YR JR,Milwaukee Brewers,matched_exact_name,100.0,100.0,1,Marco Dinges,8415097,FSU,Florida State University,,
2024,124,4,4,Nate Knowles,William & Mary,4YR JR,Tampa Bay Rays,matched_exact_name,100.0,100.0,1,Nate  Knowles,8262236,W&M,College of William & Mary,,
2024,125,4,4,Sean Keys,Bucknell,4YR JR,Toronto Blue Jays,matched_exact_name,100.0,100.0,1,Sean  Keys,8266907,BUCK,Bucknell University,,
2024,126,4,4,Jaime Ferrer,Florida State,4YR JR,Minnesota Twins,matched_exact_name,100.0,100.0,1,Jaime Ferrer,8263559,FSU,Florida State University,,
2024,127,4,4,Chase Allsup,Auburn,4YR JR,Baltimore Orioles,matched_exact_name,100.0,100.0,1,Chase Allsup,8271965,AUB,Auburn University,,
2024,128,4,4,Jakob Wright,Cal Poly,4YR JR,Los Angeles Dodgers,matched_exact_name,100.0,100.0,1,Jakob Wright,8286136,CP,California Polytechnic State University,,
2024,129,4,4,Herick Hernandez,Miami,4YR JR,Atlanta Braves,matched_exact_name,100.0,100.0,1,Herick Hernandez,8426921,MIA,University of Miami,,
2024,130,4,4,Carson DeMartini,Virginia Tech,4YR JR,Philadelphia Phillies,matched_exact_name,100.0,100.0,1,Carson DeMartini,8280157,VT,Virginia Tech,,
2024,131,4,4,Parker Smith,Rice,4YR JR,Houston Astros,matched_exact_name,100.0,100.0,1,Parker Smith,8259125,RICE,Rice University,,
2024,132,4,4,Tytus Cissell,Francis Howell HS,HS SR,Arizona Diamondbacks,no_candidate,,,0,,,,,,
2024,133,4,4,David Hagaman,West Virginia,4YR JR,Texas Rangers,matched_exact_name,100.0,100.0,1,David Hagaman,8264216,WVU,West Virginia University,,
2024,134,4,4C,Kavares Tears,Tennessee,4YR JR,San Diego Padres,matched_exact_name,100.0,100.0,1,Kavares Tears,8283063,TENN,University of Tennessee Knoxville,,
2024,135,4,4C,Clark Candiotti,Arizona,4YR 5S,San Diego Padres,matched_exact_name,100.0,100.0,1,Clark Candiotti,8427291,ARIZ,University of Arizona,,
2024,136,4,4C,Nick Mitchell,Indiana,4YR JR,Toronto Blue Jays,matched_exact_name,100.0,100.0,1,Nick  Mitchell,8418746,IU,Indiana University,,
2024,137,5,5,Sam Stuhr,University of Portland,4YR SR,Athletics,matched_exact_name,100.0,100.0,1,Sam Stuhr,8417679,PORT,University of Portland,,
2024,138,5,5,A.J. Causey,Tennessee,4YR JR,Kansas City Royals,matched_fuzzy_name,90.0,100.0,1,AJ Causey,8457919,TENN,University of Tennessee Knoxville,,
2024,139,5,5,Lebarron Johnson Jr.,Texas,4YR SR,Colorado Rockies,matched_exact_name,100.0,100.0,1,Lebarron Johnson Jr.,8259940,TEX,University of Texas at Austin,,
2024,140,5,5,Sam Antonacci,Coastal Carolina,4YR JR,Chicago White Sox,matched_exact_name,100.0,100.0,1,Sam Antonacci,8429190,CCU,Coastal Carolina University,,
2024,141,5,5,Randal Diaz,Indiana State,4YR JR,Washington Nationals,matched_exact_name,100.0,100.0,1,Randal Diaz,8280044,INST,Indiana State University,,
2024,142,5,5,Braden Davis,Oklahoma,4YR JR,St. Louis Cardinals,matched_exact_name,100.0,100.0,2,Braden Davis,8587034,OU,University of Oklahoma,,
2024,143,5,5,Dylan Jordan,Viera HS,HS SR,Los Angeles Angels,no_candidate,,,0,,,,,,
2024,144,5,5,Trey Snyder,Liberty North HS,HS SR,New York Mets,no_candidate,,,0,,,,,,
2024,145,5,5,Will Taylor,Clemson,4YR JR,Pittsburgh Pirates,matched_exact_name,100.0,100.0,2,Will Taylor,8277552,CLEM,Clemson University,,
2024,146,5,5,Aidan Major,West Virginia,4YR JR,Cleveland Guardians,matched_exact_name,100.0,100.0,1,Aidan Major,8287794,WVU,West Virginia University,,
2024,147,5,5,Jack Penney,Notre Dame,4YR JR,Detroit Tigers,matched_exact_name,100.0,100.0,1,Jack Penney,8261336,ND,University of Notre Dame,,
2024,148,5,5,Brandon Clarke,State College of Florida Manatee - Sarasota,JC J3,Boston Red Sox,no_candidate,,,0,,,,,,
2024,149,5,5,Jakob Christian,University of San Diego,4YR JR,San Francisco Giants,matched_exact_name,100.0,100.0,1,Jakob Christian,8453364,USD,University of San Diego,,
2024,150,5,5,Tristan Smith,Clemson,4YR SO,Cincinnati Reds,matched_exact_name,100.0,100.0,1,Tristan Smith,8271625,CLEM,Clemson University,,
2024,151,5,5,Kale Fountain,Norris HS,HS SR,San Diego Padres,no_candidate,,,0,,,,,,
2024,152,5,5,Greysen Carter,Vanderbilt,4YR JR,New York Yankees,matched_exact_name,100.0,100.0,1,Greysen  Carter,8276333,VAN,Vanderbilt University,,
2024,153,5,5,Ariel Armas,University of San Diego,4YR JR,Chicago Cubs,matched_fuzzy_name,90.0,100.0,1,Ari Armas,8270805,USD,University of San Diego,,
2024,154,5,5,Charlie Beilenson,Duke,4YR GR,Seattle Mariners,matched_exact_name,100.0,100.0,1,Charlie Beilenson,8414914,DUKE,Duke University,,
2024,155,5,5,Grant Shepardson,Mountain Vista HS,HS SR,Miami Marlins,rejected_fuzzy_school_guard,85.7,36.4,1,,,,,Grant Parson,36.4
2024,156,5,5,John Holobetz,Old Dominion,4YR JR,Milwaukee Brewers,matched_exact_name,100.0,100.0,1,John Holobetz,8267619,ODU,Old Dominion University,,
2024,157,5,5,Jacob Kmatz,Oregon State,4YR JR,Tampa Bay Rays,matched_exact_name,100.0,100.0,1,Jacob Kmatz,8287598,ORST,Oregon State University,,
2024,158,5,5,Jackson Wentworth,Kansas State,4YR JR,Toronto Blue Jays,matched_exact_name,100.0,100.0,1,Jackson Wentworth,8278570,KSU,Kansas St.,,
2024,159,5,5,Caden Kendle,University of California - Irvine,4YR SR,Minnesota Twins,matched_exact_name,100.0,100.0,1,Caden Kendle,8282874,UCI,"University of California, Irvine",,
2024,160,5,5,Ryan Stafford,Cal Poly,4YR JR,Baltimore Orioles,matched_exact_name,100.0,100.0,1,Ryan Stafford,8267068,CP,California Polytechnic State University,,
2024,161,5,5,Nick Montgomery,Cypress HS,HS SR,Atlanta Braves,no_candidate,,,0,,,,,,
2024,162,5,5,Carter Mathison,Indiana,4YR JR,Philadelphia Phillies,matched_exact_name,100.0,100.0,1,Carter Mathison,8280833,IU,Indiana University,,
2024,163,5,5,Cole Hertzler,Liberty University,4YR JR,Houston Astros,matched_exact_name,100.0,100.0,1,Cole  Hertzler,8264346,LIB,Liberty University,,
2024,164,5,5,Connor Foley,Indiana,4YR SO,Arizona Diamondbacks,matched_exact_name,100.0,100.0,1,Connor Foley,8279082,IU,Indiana University,,
2024,165,5,5,Devin Fitz-Gerald,Minnesota,HS SR,Texas Rangers,no_candidate,,,0,,,,,,
2024,166,6,6,Josiah Romeo,Mayfield SS,HS SR,Athletics,no_candidate,,,0,,,,,,
2024,167,6,6,Tanner Jones,Texas A&M,4YR JR,Kansas City Royals,matched_exact_name,100.0,100.0,1,Tanner Jones,8586334,TA&M,Texas A&M University,,
2024,168,6,6,Konner Eaton,George Mason,4YR JR,Colorado Rockies,matched_exact_name,100.0,100.0,1,Konner Eaton,8279634,GMU,George Mason University,,
2024,169,6,6,Jackson Appel,Texas A&M,4YR 5S,Chicago White Sox,matched_exact_name,100.0,100.0,1,Jackson Appel,8586316,TA&M,Texas A&M University,,
2024,170,6,6,Davian Garcia,Florida Gulf Coast University,4YR JR,Washington Nationals,matched_exact_name,100.0,100.0,1,Davian Garcia,8426286,FGCU,Florida Gulf Coast University,,
2024,171,6,6,Josh Kross,Cincinnati,4YR JR,St. Louis Cardinals,matched_exact_name,100.0,100.0,1,Josh Kross,8417560,CIN,University of Cincinnati,,
2024,172,6,6,Peyton Olejnik,Ankeny Centennial HS,4YR JR,Los Angeles Angels,rejected_school_guard,100.0,26.7,1,,,,,Peyton Olejnik,26.7
2024,173,6,6,Corey Collins,Georgia,4YR SR,New York Mets,matched_exact_name,100.0,100.0,1,Corey Collins,8266261,UGA,University of Georgia,,
2024,174,6,6,Matt Ager,UC Santa Barbara,4YR JR,Pittsburgh Pirates,matched_exact_name,100.0,100.0,1,Matt Ager,8267788,UCSB,"University of California, Santa Barbara",,
2024,175,6,6,Caden Favors,Wichita State,4YR SR,Cleveland Guardians,matched_exact_name,100.0,100.0,1,Caden Favors,8281820,WICH,Wichita State University,,
2024,176,6,6,Woody Hadeen,University of California - Irvine,4YR SR,Detroit Tigers,matched_exact_name,100.0,100.0,1,Woody Hadeen,8261245,UCI,"University of California, Irvine",,
2024,177,6,6,Blake Aita,Kennesaw State,4YR SO,Boston Red Sox,matched_exact_name,100.0,100.0,1,Blake Aita,8274438,KENN,Kennesaw State University,,
2024,178,6,6,Robert Hipwell,Santa Clara,4YR JR,San Francisco Giants,matched_exact_name,100.0,100.0,1,Robert Hipwell,8269235,SCU,Santa Clara University,,
2024,179,6,6,Jacob Friend,Davidson,4YR JR,Cincinnati Reds,matched_exact_name,100.0,100.0,1,Jacob Friend,8265638,DAV,Davidson College,,
2024,180,6,6,Darrien McDowell,University of West Florida,4YR SR,San Diego Padres,no_candidate,,,0,,,,,,
2024,181,6,6,Griffin Herring,LSU,4YR SO,New York Yankees,matched_exact_name,100.0,100.0,1,Griffin Herring,8268263,LSU,Louisiana State University,,
2024,182,6,6,Ryan Gallagher,UC Santa Barbara,4YR JR,Chicago Cubs,matched_exact_name,100.0,100.0,1,Ryan Gallagher,8273058,UCSB,"University of California, Santa Barbara",,
2024,183,6,6,Grant Knipp,Campbell University,4YR SR,Seattle Mariners,matched_exact_name,100.0,100.0,1,Grant Knipp,8262848,CAM,Campbell University,,
2024,184,6,6,Payton Green,Georgia Tech,4YR JR,Miami Marlins,matched_exact_name,100.0,100.0,1,Payton Green,8592243,GT,Georgia Institute of Technology,,
2024,185,6,6,Chandler Welch,Tulane,4YR JR,Milwaukee Brewers,matched_exact_name,100.0,100.0,1,Chandler Welch,8274049,TULN,Tulane University,,
2024,186,6,6,Janzen Keisel,Oklahoma State,4YR JR,Tampa Bay Rays,matched_exact_name,100.0,100.0,1,Janzen Keisel,8272964,OKST,Oklahoma State University,,
2024,187,6,6,Aaron Parker,UC Santa Barbara,4YR JR,Toronto Blue Jays,matched_exact_name,100.0,100.0,1,Aaron Parker,8284069,UCSB,"University of California, Santa Barbara",,
2024,188,6,6,Derek Bender,Coastal Carolina,4YR JR,Minnesota Twins,matched_exact_name,100.0,100.0,1,Derek Bender,8274736,CCU,Coastal Carolina University,,
2024,189,6,6,DJ Layton,Charlotte Christian HS,HS SR,Baltimore Orioles,no_candidate,,,0,,,,,,
2024,190,6,6,Brooks Auger,Mississippi State,4YR SR,Los Angeles Dodgers,matched_exact_name,100.0,100.0,1,Brooks Auger,8285835,MSST,Mississippi State University,,
2024,191,6,6,Ethan Bagwell,Collinsville HS,HS SR,Atlanta Braves,rejected_fuzzy_school_guard,87.0,56.0,2,,,,,Ethan Bell,56.0
2024,192,6,6,Kodey Shojinaga,Kansas,4YR SO,Philadelphia Phillies,matched_exact_name,100.0,100.0,1,Kodey Shojinaga,8274200,KU,University of Kansas,,
2024,193,6,6,Caden Powell,Seminole State,JC J2,Houston Astros,no_candidate,,,0,,,,,,
2024,194,6,6,Mason Marriott,Baylor,4YR JR,Arizona Diamondbacks,matched_exact_name,100.0,100.0,1,Mason Marriott,8282949,BAY,Baylor University,,
2024,195,6,6,Garrett Horn,Liberty University,4YR JR,Texas Rangers,matched_exact_name,100.0,100.0,1,Garrett Horn,8282520,LIB,Liberty University,,
2024,196,7,7,Dylan Fien,Great Oak HS,HS SR,Athletics,no_candidate,,,0,,,,,,
2024,197,7,7,Dennis Colleran,Northeastern,4YR JR,Kansas City Royals,matched_exact_name,100.0,100.0,1,Dennis Colleran,8280448,NE,Northeastern University,,
2024,198,7,7,Fidel Ulloa,LSU,4YR JR,Colorado Rockies,matched_exact_name,100.0,100.0,1,Fidel Ulloa,8417138,LSU,Louisiana State University,,
2024,199,7,7,Phil Fox,Pittsburgh,4YR JR,Chicago White Sox,matched_exact_name,100.0,100.0,1,Phil Fox,8422939,PITT,University of Pittsburgh,,
2024,200,7,7,Robert Cranz,Oklahoma State,4YR JR,Washington Nationals,matched_exact_name,100.0,100.0,1,Robert Cranz,8415803,OKST,Oklahoma State University,,
2024,201,7,7,Andrew Dutkanych IV,Vanderbilt,4YR SO,St. Louis Cardinals,matched_exact_name,100.0,100.0,1,Andrew Dutkanych IV,8285893,VAN,Vanderbilt University,,
2024,202,7,7,Bridger Holmes,Oregon State,4YR JR,Los Angeles Angels,matched_exact_name,100.0,100.0,1,Bridger Holmes,8414113,ORST,Oregon State University,,
2024,203,7,7,Will Watson,USC,4YR JR,New York Mets,matched_exact_name,100.0,100.0,1,Will Watson,8589128,USC,University of Southern California,,
2024,204,7,7,Connor Wietgrefe,Minnesota,4YR JR,Pittsburgh Pirates,matched_exact_name,100.0,100.0,1,Connor Wietgrefe,8275001,MINN,University of Minnesota,,
2024,205,7,7,Cameron Sullivan,Mt. Vernon HS,HS SR,Cleveland Guardians,no_candidate,,,0,,,,,,
2024,206,7,7,Jackson Strong,Canisius College,4YR JR,Detroit Tigers,matched_exact_name,100.0,100.0,1,Jackson Strong,8282643,CAN,Canisius,,
2024,207,7,7,Will Turner,University of South Alabama,4YR JR,Boston Red Sox,matched_exact_name,100.0,100.0,1,Will Turner,8280039,USA,University of South Alabama,,
2024,208,7,7,Greg Farone,Alabama,4YR SR,San Francisco Giants,matched_exact_name,100.0,100.0,1,Greg Farone,8429108,ALA,University of Alabama,,
2024,209,7,7,Myles Smith,University of California - Irvine,4YR JR,Cincinnati Reds,matched_exact_name,100.0,100.0,2,Myles Smith,8272048,UCI,"University of California, Irvine",,
2024,210,7,7,Kai Roberts,Utah,4YR SR,San Diego Padres,matched_exact_name,100.0,100.0,1,Kai Roberts,8269207,UTAH,University of Utah,,
2024,211,7,7,Wyatt Parliament,Virginia Tech,4YR JR,New York Yankees,matched_exact_name,100.0,100.0,1,Wyatt Parliament,8592755,VT,Virginia Tech,,
2024,212,7,7,Ivan Brethowr,UC Santa Barbara,4YR JR,Chicago Cubs,matched_exact_name,100.0,100.0,1,Ivan Brethowr,8273976,UCSB,"University of California, Santa Barbara",,
2024,213,7,7,Brock Moore,Oregon,4YR 5S,Seattle Mariners,matched_exact_name,100.0,100.0,1,Brock Moore,8491647,ORE,University of Oregon,,
2024,214,7,7,Nick Brink,University of Portland,4YR SR,Miami Marlins,matched_exact_name,100.0,100.0,1,Nick Brink,8273488,PORT,University of Portland,,
2024,215,7,7,Mason Molina,Arkansas,4YR JR,Milwaukee Brewers,matched_exact_name,100.0,100.0,1,Mason Molina,8397933,ARK,University of Arkansas,,
2024,216,7,7,Ryan Andrade,Pittsburgh,4YR JR,Tampa Bay Rays,matched_exact_name,100.0,100.0,1,Ryan Andrade,8422974,PITT,University of Pittsburgh,,
2024,217,7,7,Austin Cates,UNLV,4YR JR,Toronto Blue Jays,matched_exact_name,100.0,100.0,1,Austin Cates,8454848,UNLV,"University of Nevada, Las Vegas",,
2024,218,7,7,Eli Jones,South Carolina,4YR JR,Minnesota Twins,matched_exact_name,100.0,100.0,1,Eli Jones,8274267,SC,University of South Carolina,,
2024,219,7,7,Carson Dorsey,Florida State,4YR JR,Baltimore Orioles,matched_exact_name,100.0,100.0,1,Carson Dorsey,8415099,FSU,Florida State University,,
2024,220,7,7,Elijah Hainline,Oregon State,4YR JR,Los Angeles Dodgers,matched_exact_name,100.0,100.0,1,Elijah Hainline,8414112,ORST,Oregon State University,,
2024,221,7,7,Brett Sears,Nebraska,4YR 5S,Atlanta Braves,matched_exact_name,100.0,100.0,1,Brett Sears,8270136,NEB,University of Nebraska–Lincoln,,
2024,222,7,7,Joel Dragoo,Presbyterian College,4YR JR,Philadelphia Phillies,matched_exact_name,100.0,100.0,1,Joel  Dragoo,8261747,PRES,Presbyterian College,,
2024,223,7,7,Joseph Sullivan,University of South Alabama,4YR JR,Houston Astros,matched_exact_name,100.0,100.0,1,Joseph Sullivan,8284303,USA,University of South Alabama,,
2024,224,7,7,Luke Craig,UNC Wilmington,4YR SR,Arizona Diamondbacks,matched_exact_name,100.0,100.0,1,Luke Craig,8282279,UNCW,University of North Carolina at Wilmington,,
2024,225,7,7,Rafe Perich,Lehigh,4YR JR,Texas Rangers,matched_exact_name,100.0,100.0,1,Rafe Perich,8282073,LEH,Lehigh University,,
2024,226,8,8,Davis Diaz,Vanderbilt,4YR JR,Athletics,matched_exact_name,100.0,100.0,1,Davis Diaz,8258915,VAN,Vanderbilt University,,
2024,227,8,8,Nick Conte,Duke,4YR SR,Kansas City Royals,matched_exact_name,100.0,100.0,1,Nick Conte,8272214,DUKE,Duke University,,
2024,228,8,8,Luke Jewett,UCLA,4YR JR,Colorado Rockies,matched_exact_name,100.0,100.0,1,Luke Jewett,8261188,UCLA,"University of California, Los Angeles",,
2024,229,8,8,Aaron Combs,Tennessee,4YR SR,Chicago White Sox,matched_exact_name,100.0,100.0,1,Aaron Combs,8261310,TENN,University of Tennessee Knoxville,,
2024,230,8,8,Sam Petersen,Iowa,4YR JR,Washington Nationals,matched_exact_name,100.0,100.0,1,Sam Petersen,8283049,IOWA,University of Iowa,,
2024,231,8,8,Jack Findlay,Notre Dame,4YR JR,St. Louis Cardinals,no_candidate,,,0,,,,,,
2024,232,8,8,Randy Flores,Alabama St U,4YR GR,Los Angeles Angels,matched_exact_name,100.0,100.0,1,Randy Flores,8285545,ALST,Alabama State University,,
2024,233,8,8,Ryan Lambert,Oklahoma,4YR JR,New York Mets,matched_exact_name,100.0,100.0,1,Ryan Lambert,8587101,OU,University of Oklahoma,,
2024,234,8,8,Gavin Adams,Florida State,4YR JR,Pittsburgh Pirates,rejected_fuzzy_school_guard,87.0,27.3,1,,,,,Gavin Abrams,27.3
2024,235,8,8,Donovan Zsak,Rutgers,4YR SO,Cleveland Guardians,matched_exact_name,100.0,100.0,1,Donovan Zsak,8281366,RUTG,Rutgers University,,
2024,236,8,8,Ethan Sloan,Regis U,4YR SR,Detroit Tigers,no_candidate,,,0,,,,,,
2024,237,8,8,Conrad Cason,Greater Atlanta Christian HS,HS SR,Boston Red Sox,no_candidate,,,0,,,,,,
2024,238,8,8,Niko Mazza,Southern Mississippi,4YR JR,San Francisco Giants,matched_exact_name,100.0,100.0,1,Niko Mazza,8285342,USM,University of Southern Mississippi,,
2024,239,8,8,Luke Hayden,Indiana State,4YR JR,Cincinnati Reds,matched_exact_name,100.0,100.0,1,Luke Hayden,8586846,INST,Indiana State University,,
2024,240,8,8,Nick Wissman,U Dayton,4YR GR,San Diego Padres,matched_exact_name,100.0,100.0,1,Nick Wissman,8272708,DAY,University of Dayton,,
2024,241,8,8,Tyler Wilson,Grand Canyon University,4YR SR,New York Yankees,matched_exact_name,100.0,100.0,1,Tyler Wilson,8267751,GCU,Grand Canyon University,,
2024,242,8,8,Edgar Alvarez,Nicholls State,4YR 5S,Chicago Cubs,matched_exact_name,100.0,100.0,1,Edgar Alvarez,8259126,NICH,Nicholls State University,,
2024,243,8,8,Will Riley,Virginia Military Institute,4YR SR,Seattle Mariners,matched_exact_name,100.0,100.0,1,Will Riley,8262391,VMI,Virginia Military Institute,,
2024,244,8,8,Jacob Jenkins-Cowart,East Carolina,4YR JR,Miami Marlins,matched_exact_name,100.0,100.0,1,Jacob Jenkins-Cowart,8271620,ECU,East Carolina University,,
2024,245,8,8,Sam Garcia,Oklahoma State,4YR SR,Milwaukee Brewers,matched_exact_name,100.0,100.0,1,Sam Garcia,8415886,OKST,Oklahoma State University,,
2024,246,8,8,Jayden Voelker,Northern Essex CC,JC J3,Tampa Bay Rays,no_candidate,,,0,,,,,,
2024,247,8,8,Eddie Micheletti Jr.,Virginia Tech,4YR SR,Toronto Blue Jays,matched_fuzzy_name,97.6,100.0,1,"Eddie Micheletti, Jr.",8592246,VT,Virginia Tech,,
2024,248,8,8,Jakob Hall,Oral Roberts U,4YR JR,Minnesota Twins,matched_exact_name,100.0,100.0,1,Jakob Hall,8270515,ORU,Oral Roberts University,,
2024,249,8,8,Colin Tuft,Tulane,4YR JR,Baltimore Orioles,matched_exact_name,100.0,100.0,1,Colin Tuft,8449624,TULN,Tulane University,,
2024,250,8,8,Brendan Tunink,Newman Central Catholic HS,HS SR,Los Angeles Dodgers,no_candidate,,,0,,,,,,
2024,251,8,8,Logan Samuels,University of Montevallo,4YR SR,Atlanta Braves,no_candidate,,,0,,,,,,
2024,252,8,8,Camron Hill,Georgia Tech,4YR JR,Philadelphia Phillies,matched_exact_name,100.0,100.0,1,Camron Hill,8272264,GT,Georgia Institute of Technology,,
2024,253,8,8,Dylan Howard,Radford,4YR SO,Houston Astros,matched_exact_name,100.0,100.0,1,Dylan Howard,8266443,RAD,Radford University,,
2024,254,8,8,Travis Garnett,William & Mary,4YR JR,Arizona Diamondbacks,matched_exact_name,100.0,100.0,1,Travis Garnett,8589578,W&M,College of William & Mary,,
2024,255,8,8,Anthony Susac,Arizona,4YR JR,Texas Rangers,matched_exact_name,100.0,100.0,1,Anthony Susac,8284623,ARIZ,University of Arizona,,
2024,256,9,9,Jared Sprague-Lott,Arkansas,4YR SR,Athletics,matched_exact_name,100.0,100.0,1,Jared Sprague-Lott,8397927,ARK,University of Arkansas,,
2024,257,9,9,Canyon Brown,North Carolina A&T,4YR JR,Kansas City Royals,matched_exact_name,100.0,100.0,1,Canyon Brown,8280041,NCAT,North Carolina A&T State University,,
2024,258,9,9,Tommy Hopfe,Fresno State,4YR SR,Colorado Rockies,matched_exact_name,100.0,100.0,1,Tommy Hopfe,8272033,FRES,Fresno State University,,
2024,259,9,9,Jack Young,Iowa,4YR 5S,Chicago White Sox,matched_exact_name,100.0,100.0,1,Jack Young,8280725,IOWA,University of Iowa,,
2024,260,9,9,Jackson Ross,Ole Miss,4YR GR,Washington Nationals,matched_exact_name,100.0,100.0,1,Jackson Ross,8427651,MISS,University of Mississippi,,
2024,261,9,9,Cade McGee,Texas Tech,4YR JR,St. Louis Cardinals,matched_exact_name,100.0,100.0,1,Cade McGee,8590776,TTU,Texas Tech University,,
2024,262,9,9,Derek Clark,West Virginia,4YR SR,Los Angeles Angels,matched_exact_name,100.0,100.0,1,Derek Clark,8414102,WVU,West Virginia University,,
2024,263,9,9,Jaxon Jelkin,Houston,4YR JR,New York Mets,matched_exact_name,100.0,100.0,1,Jaxon Jelkin,8491141,HOU,University of Houston,,
2024,264,9,9,Duce Gourson,UCLA,4YR JR,Pittsburgh Pirates,matched_exact_name,100.0,100.0,1,Duce Gourson,8277687,UCLA,"University of California, Los Angeles",,
2024,265,9,9,Sean Matson,Harvard,4YR JR,Cleveland Guardians,matched_exact_name,100.0,100.0,1,Sean Matson,8279048,HARV,Harvard University,,
2024,266,9,9,Zach Swanson,Toutle Lake HS,HS SR,Detroit Tigers,no_candidate,,,0,,,,,,
2024,267,9,9,Hudson White,Arkansas,4YR JR,Boston Red Sox,matched_exact_name,100.0,100.0,1,Hudson White,8397925,ARK,University of Arkansas,,
2024,268,9,9,Zane Zielinski,University of Illinois at Chicago,4YR SR,San Francisco Giants,matched_exact_name,100.0,100.0,1,Zane Zielinski,8263300,UIC,University of Illinois at Chicago,,
2024,269,9,9,Ryan McCrystal,East Carolina,4YR JR,Cincinnati Reds,matched_exact_name,100.0,100.0,1,Ryan McCrystal,8284853,ECU,East Carolina University,,
2024,270,9,9,Zach Evans,Lenoir-Rhyne U,4YR SR,San Diego Padres,no_candidate,,,0,,,,,,
2024,271,9,9,Tanner Bauman,Auburn,4YR SR,New York Yankees,matched_exact_name,100.0,100.0,1,Tanner Bauman,8268270,AUB,Auburn University,,
2024,272,9,9,Brooks Caple,Lamar University,4YR SR,Chicago Cubs,matched_exact_name,100.0,100.0,1,Brooks Caple,8282513,LAM,Lamar University,,
2024,273,9,9,Aiden Butler,Polk State College,JC J2,Seattle Mariners,no_candidate,,,0,,,,,,
2024,274,9,9,Dub Gleed,University of California - Irvine,4YR JR,Miami Marlins,matched_exact_name,100.0,100.0,1,Dub Gleed,8275671,UCI,"University of California, Irvine",,
2024,275,9,9,Griffin Tobias,Lake Central HS,HS SR,Milwaukee Brewers,no_candidate,,,0,,,,,,
2024,276,9,9,Garrett Gainey,South Carolina,4YR 5S,Tampa Bay Rays,matched_exact_name,100.0,100.0,1,Garrett Gainey,8412327,SC,University of South Carolina,,
2024,277,9,9,Colby Holcombe,Mississippi State,4YR JR,Toronto Blue Jays,matched_exact_name,100.0,100.0,1,Colby Holcombe,8262204,MSST,Mississippi State University,,
2024,278,9,9,Jason Doktorczyk,Nevada,4YR JR,Minnesota Twins,matched_exact_name,100.0,100.0,1,Jason Doktorczyk,8260922,NEV,"University of Nevada, Reno",,
2024,279,9,9,Jack Crowder,Illinois,4YR SR,Baltimore Orioles,matched_exact_name,100.0,100.0,1,Jack Crowder,8268577,ILL,University of Illinois,,
2024,280,9,9,Kole Myers,Troy University,4YR 5S,Los Angeles Dodgers,matched_exact_name,100.0,100.0,1,Kole Myers,8264803,TROY,Troy University,,
2024,281,9,9,Owen Hackman,Loyola Marymount University,4YR SR,Atlanta Braves,matched_exact_name,100.0,100.0,1,Owen Hackman,8267262,LMU,Loyola Marymount University,,
2024,282,9,9,Marcus Morgan,Iowa,4YR JR,Philadelphia Phillies,matched_exact_name,100.0,100.0,1,Marcus Morgan,8286805,IOWA,University of Iowa,,
2024,283,9,9,Ryan Smith,University of Illinois at Chicago,4YR JR,Houston Astros,matched_exact_name,100.0,100.0,1,Ryan Smith,8264947,UIC,University of Illinois at Chicago,,
2024,284,9,9,Ben McLaughlin,Arkansas,4YR SR,Arizona Diamondbacks,matched_exact_name,100.0,100.0,1,Ben McLaughlin,8282012,ARK,University of Arkansas,,
2024,285,9,9,Keith Jones II,New Mexico State,4YR SR,Texas Rangers,matched_exact_name,100.0,100.0,1,Keith Jones II,8272798,NMSU,New Mexico State University,,
2024,286,10,10,Cameron Leary,Boston College,4YR SR,Athletics,matched_exact_name,100.0,100.0,1,Cameron Leary,8269916,BC,Boston College,,
2024,287,10,10,Nate Ackenhausen,LSU,4YR SR,Kansas City Royals,matched_exact_name,100.0,100.0,1,Nate Ackenhausen,8279010,LSU,Louisiana State University,,
2024,288,10,10,Fisher Jameson,Florida,4YR JR,Colorado Rockies,matched_exact_name,100.0,100.0,1,Fisher Jameson,8266388,FLA,University of Florida,,
2024,289,10,10,Cole McConnell,Louisiana Tech,4YR 5S,Chicago White Sox,matched_exact_name,100.0,100.0,1,Cole McConnell,8281209,LT,Louisiana Tech University,,
2024,290,10,10,Luke Johnson,University of Maryland-Baltimore County,4YR SR,Washington Nationals,matched_exact_name,100.0,100.0,2,Luke Johnson,8286894,UMBC,"University of Maryland, Baltimore County",,
2024,291,10,10,Bryce Madron,Oklahoma,4YR SR,St. Louis Cardinals,matched_exact_name,100.0,100.0,1,Bryce Madron,8281058,OU,University of Oklahoma,,
2024,292,10,10,Ryan Nicholson,Kentucky,4YR 5S,Los Angeles Angels,matched_exact_name,100.0,100.0,1,Ryan Nicholson,8417500,UK,University of Kentucky,,
2024,293,10,10,Brendan Girton,Oklahoma,4YR SR,New York Mets,matched_exact_name,100.0,100.0,1,Brendan Girton,8587047,OU,University of Oklahoma,,
2024,294,10,10,Derek Berg,Army West Point,4YR SR,Pittsburgh Pirates,matched_exact_name,100.0,100.0,1,Derek Berg,8261902,ARMY,United States Military Academy,,
2024,295,10,10,Chase Mobley,Durant HS,HS SR,Cleveland Guardians,no_candidate,,,0,,,,,,
2024,296,10,10,R.J. Sales,UNC Wilmington,4YR JR,Detroit Tigers,matched_fuzzy_name,88.9,100.0,1,RJ Sales,8272538,UNCW,University of North Carolina at Wilmington,,
2024,297,10,10,Devin Futrell,Vanderbilt,4YR JR,Boston Red Sox,matched_exact_name,100.0,100.0,1,Devin Futrell,8277390,VAN,Vanderbilt University,,
2024,298,10,10,Cade Vernon,Murray State University,4YR SR,San Francisco Giants,matched_exact_name,100.0,100.0,1,Cade Vernon,8269057,MUR,Murray State University,,
2024,299,10,10,Yanuel Casiano,Academia Deportiva Albergue Olimpico,HS SR,Cincinnati Reds,no_candidate,,,0,,,,,,
2024,300,10,10,Jack Costello,University of San Diego,4YR SR,San Diego Padres,matched_exact_name,100.0,100.0,1,Jack Costello,8263632,USD,University of San Diego,,
2024,301,10,10,Joe Delossantos,William & Mary,4YR 5S,New York Yankees,matched_exact_name,100.0,100.0,1,Joe Delossantos,8589566,W&M,College of William & Mary,,
2024,302,10,10,Matt Halbach,UC San Diego,4YR JR,Chicago Cubs,matched_exact_name,100.0,100.0,1,Matt Halbach,8277612,UCSD,"University of California, San Diego",,
2024,303,10,10,Anthony Donofrio,North Carolina,4YR GR,Seattle Mariners,matched_exact_name,100.0,100.0,1,Anthony Donofrio,8417947,UNC,University of North Carolina at Chapel Hill,,
2024,304,10,10,Michael Snyder,Oklahoma,4YR SR,Miami Marlins,matched_exact_name,100.0,100.0,1,Michael Snyder,8586947,OU,University of Oklahoma,,
2024,305,10,10,Ethan Dorchies,Cary-Grove HS,HS SR,Milwaukee Brewers,no_candidate,,,0,,,,,,
2024,306,10,10,Trey Pooser,Kentucky,4YR GR,Tampa Bay Rays,matched_exact_name,100.0,100.0,1,Trey Pooser,8417495,UK,University of Kentucky,,
2024,307,10,10,Carter Cunningham,East Carolina,4YR GR,Toronto Blue Jays,matched_exact_name,100.0,100.0,1,Carter Cunningham,8287720,ECU,East Carolina University,,
2024,308,10,10,Peyton Carr,High Point University,4YR SR,Minnesota Twins,matched_exact_name,100.0,100.0,1,Peyton Carr,8278542,HPU,High Point University,,
2024,309,10,10,Christian Rodriguez,Cal State Fullerton,4YR SR,Baltimore Orioles,matched_exact_name,100.0,100.0,1,Christian Rodriguez,8284881,CSUF,"California State University, Fullerton",,
2024,310,10,10,Seamus Barrett,Loyola Marymount University,4YR SR,Los Angeles Dodgers,matched_exact_name,100.0,100.0,1,Seamus Barrett,8267756,LMU,Loyola Marymount University,,
2024,311,10,10,Jacob Kroeger,Maryville U,4YR 5S,Atlanta Braves,rejected_fuzzy_school_guard,88.0,10.5,1,,,,,Jacob Rogers,10.5
2024,312,10,10,Brady Day,Kansas State,4YR SR,Philadelphia Phillies,matched_exact_name,100.0,100.0,1,Brady Day,8278152,KSU,Kansas St.,,
2024,313,10,10,Ramsey David,Southeastern University,4YR SR,Houston Astros,no_candidate,,,0,,,,,,
2024,314,10,10,Trent Youngblood,Transylvania University,4YR SR,Arizona Diamondbacks,no_candidate,,,0,,,,,,
2024,315,10,10,Jake Jekielek,Northwood University,4YR SR,Texas Rangers,no_candidate,,,0,,,,,,
2024,316,11,11,Kyle Robinson,Texas Tech,4YR JR,Athletics,matched_exact_name,100.0,100.0,1,Kyle Robinson,8270076,TTU,Texas Tech University,,
2024,317,11,11,Zachary Cawyer,TCU,4YR JR,Kansas City Royals,matched_exact_name,100.0,100.0,1,Zachary Cawyer,8414733,TCU,Texas Christian University,,
2024,318,11,11,Alan Espinal,Vanderbilt,4YR SR,Colorado Rockies,matched_exact_name,100.0,100.0,1,Alan Espinal,8283741,VAN,Vanderbilt University,,
2024,319,11,11,Blake Shepardson,University of San Francisco,4YR JR,Chicago White Sox,matched_exact_name,100.0,100.0,1,Blake Shepardson,8424818,SF,University of San Francisco,,
2024,320,11,11,Merritt Beeker,Ball State,4YR JR,Washington Nationals,matched_exact_name,100.0,100.0,1,Merritt Beeker,8587029,BALL,Ball State University,,
2024,321,11,11,Jon Jon Gazdar,Austin Peay,4YR SR,St. Louis Cardinals,matched_exact_name,100.0,100.0,1,Jon Jon Gazdar,8284454,APSU,Austin Peay State University,,
2024,322,11,11,Trey Gregory-Alford,Coronado HS,HS SR,Los Angeles Angels,no_candidate,,,0,,,,,,
2024,323,11,11,Nick Roselli,Binghamton University,4YR JR,New York Mets,matched_exact_name,100.0,100.0,1,Nick Roselli,8272317,BING,Binghamton University,,
2024,324,11,11,Jacob Bimbi,Western Kentucky,4YR SR,Pittsburgh Pirates,matched_exact_name,100.0,100.0,1,Jacob Bimbi,8586877,WKU,Western Kentucky University,,
2024,325,11,11,Garrett Howe,Samford University,4YR SR,Cleveland Guardians,matched_exact_name,100.0,100.0,1,Garrett Howe,8277565,SAM,Samford,,
2024,326,11,11,Micah Ashman,Utah,4YR JR,Detroit Tigers,matched_exact_name,100.0,100.0,1,Micah Ashman,8273262,UTAH,University of Utah,,
2024,327,11,11,Steven Brooks,Cal Poly,4YR JR,Boston Red Sox,matched_exact_name,100.0,100.0,1,Steven Brooks,8274968,CP,California Polytechnic State University,,
2024,328,11,11,Andy Polanco,Central Pointe Christian Academy,HS SR,San Francisco Giants,no_candidate,,,0,,,,,,
2024,329,11,11,Edgar Colon,Felix Varela Senior HS,HS SR,Cincinnati Reds,no_candidate,,,0,,,,,,
2024,330,11,11,Sean Barnett,Wingate,4YR JR,San Diego Padres,rejected_fuzzy_school_guard,88.0,30.8,1,,,,,Devan Barnett,30.8
2024,331,11,11,Mack Estrada,Northwest Florida State,JC J1,New York Yankees,no_candidate,,,0,,,,,,
2024,332,11,11,Eli Lovich,Blue Valley West HS,HS SR,Chicago Cubs,no_candidate,,,0,,,,,,
2024,333,11,11,Christian Little,LSU,4YR SR,Seattle Mariners,matched_exact_name,100.0,100.0,1,Christian Little,8267118,LSU,Louisiana State University,,
2024,334,11,11,Jake Faherty,Arkansas,4YR JR,Miami Marlins,matched_exact_name,100.0,100.0,1,Jake Faherty,8279444,ARK,University of Arkansas,,
2024,335,11,11,Caedmon Parker,TCU,4YR JR,Milwaukee Brewers,matched_exact_name,100.0,100.0,1,Caedmon Parker,8273924,TCU,Texas Christian University,,
2024,336,11,11,Cade Citelli,Houston,4YR SR,Tampa Bay Rays,matched_exact_name,100.0,100.0,1,Cade Citelli,8262570,HOU,University of Houston,,
2024,337,11,11,Troy Guthrie,Parrish Community HS,HS SR,Toronto Blue Jays,no_candidate,,,0,,,,,,
2024,338,11,11,Michael Carpenter,Madison College,JC J2,Minnesota Twins,rejected_fuzzy_school_guard,97.1,40.0,1,,,,,Michael Carpentier,40.0
2024,339,11,11,Sebastian Gongora,Louisville,4YR SR,Baltimore Orioles,matched_exact_name,100.0,100.0,1,Sebastian Gongora,8586383,LOU,University of Louisville,,
2024,340,11,11,Aidan Foeller,Southern Illinois University Carbondale,4YR SR,Los Angeles Dodgers,matched_exact_name,100.0,100.0,1,Aidan  Foeller,8587505,SIU,Southern Illinois University,,
2024,341,11,11,Patrick Clohisy,St. Louis University,4YR SR,Atlanta Braves,matched_exact_name,100.0,100.0,1,Patrick Clohisy,8284871,SLU,Saint Louis University,,
2024,342,11,11,Titan Kennedy-Hayes,Austin Peay,4YR SR,Philadelphia Phillies,matched_exact_name,100.0,100.0,1,Titan Kennedy-Hayes,8413652,APSU,Austin Peay State University,,
2024,343,11,11,Jason Schiavone,James Madison University,4YR JR,Houston Astros,matched_exact_name,100.0,100.0,1,Jason Schiavone,8286739,JMU,James Madison University,,
2024,344,11,11,Bo Walker,Starrs Mill HS,HS SR,Arizona Diamondbacks,no_candidate,,,0,,,,,,
2024,345,11,11,Dalton Pence,North Carolina,4YR JR,Texas Rangers,matched_exact_name,100.0,100.0,1,Dalton Pence,8282645,UNC,University of North Carolina at Chapel Hill,,
2024,346,12,12,Ali Camarillo,Texas A&M,4YR JR,Athletics,matched_exact_name,100.0,100.0,1,Ali Camarillo,8586312,TA&M,Texas A&M University,,
2024,347,12,12,Tommy Molsky,Oklahoma State,4YR JR,Kansas City Royals,matched_exact_name,100.0,100.0,1,Tommy Molsky,8415805,OKST,Oklahoma State University,,
2024,348,12,12,Everett Catlett,Georgetown,4YR SR,Colorado Rockies,matched_exact_name,100.0,100.0,1,Everett Catlett,8281802,GTWN,Georgetown University,,
2024,349,12,12,Nathan Archer,Bowling Green,4YR JR,Chicago White Sox,matched_exact_name,100.0,100.0,1,Nathan Archer,8266153,BGSU,Bowling Green State University,,
2024,350,12,12,Alexander Meckley,Coastal Carolina,4YR JR,Washington Nationals,matched_exact_name,100.0,100.0,1,Alexander Meckley,8429204,CCU,Coastal Carolina University,,
2024,351,12,12,Ian Petrutz,Alabama,4YR JR,St. Louis Cardinals,matched_exact_name,100.0,100.0,1,Ian Petrutz,8429119,ALA,University of Alabama,,
2024,352,12,12,Fran Oschell III,Fresno Pacific,4YR JR,Los Angeles Angels,rejected_school_guard,100.0,11.1,1,,,,,Fran Oschell III,11.1
2024,353,12,12,Ethan Lanthier,Kansas,4YR JR,New York Mets,matched_exact_name,100.0,100.0,1,Ethan Lanthier,8420601,KU,University of Kansas,,
2024,354,12,12,Camden Janik,Illinois,4YR JR,Pittsburgh Pirates,matched_exact_name,100.0,100.0,1,Camden Janik,8280930,ILL,University of Illinois,,
2024,355,12,12,Sean Heppner,University of British Columbia,4YR SR,Cleveland Guardians,no_candidate,,,0,,,,,,
2024,356,12,12,Jude Warwick,Downers Grove North HS,HS SR,Detroit Tigers,no_candidate,,,0,,,,,,
2024,357,12,12,Brady Tygart,Arkansas,4YR JR,Boston Red Sox,matched_exact_name,100.0,100.0,1,Brady Tygart,8276917,ARK,University of Arkansas,,
2024,358,12,12,Zander Darby,UC Santa Barbara,4YR JR,San Francisco Giants,matched_exact_name,100.0,100.0,1,Zander Darby,8281976,UCSB,"University of California, Santa Barbara",,
2024,359,12,12,Will Cannon,Auburn,4YR JR,Cincinnati Reds,matched_exact_name,100.0,100.0,1,Will Cannon,8268000,AUB,Auburn University,,
2024,360,12,12,Brandon Butterworth,NC State,4YR JR,San Diego Padres,matched_exact_name,100.0,100.0,1,Brandon Butterworth,8414372,NCSU,North Carolina State University,,
2024,361,12,12,Brendan Jones,Kansas State,4YR JR,New York Yankees,matched_exact_name,100.0,100.0,2,Brendan Jones,8267072,KSU,Kansas St.,,
2024,362,12,12,Daniel Avitia,Grand Canyon University,4YR JR,Chicago Cubs,matched_exact_name,100.0,100.0,1,Daniel Avitia,8261510,GCU,Grand Canyon University,,
2024,363,12,12,Evan Truitt,Charleston Southern,4YR JR,Seattle Mariners,matched_exact_name,100.0,100.0,1,Evan Truitt,8271869,CHSO,Charleston Southern University,,
2024,364,12,12,Connor Caskenette,Purdue,4YR SR,Miami Marlins,matched_exact_name,100.0,100.0,1,Connor Caskenette,8278729,PUR,Purdue University,,
2024,365,12,12,Tyson Hardin,Mississippi State,4YR SR,Milwaukee Brewers,matched_exact_name,100.0,100.0,1,Tyson Hardin,8270724,MSST,Mississippi State University,,
2024,366,12,12,Jack Lines,TNXL Academy,HS SR,Tampa Bay Rays,rejected_fuzzy_school_guard,85.7,32.0,2,,,,,Jack Levine,32.0
2024,367,12,12,Carson Messina,Summerville HS,HS SR,Toronto Blue Jays,no_candidate,,,0,,,,,,
2024,368,12,12,Christian Becerra,California,4YR JR,Minnesota Twins,matched_exact_name,100.0,100.0,1,Christian Becerra,8263106,CAL,"University of California, Berkeley",,
2024,369,12,12,Andrew Tess,Calvary Christian HS,HS SR,Baltimore Orioles,no_candidate,,,0,,,,,,
2024,370,12,12,Cody Morse,Weatherford College,JC J3,Los Angeles Dodgers,rejected_fuzzy_school_guard,85.7,15.4,1,,,,,Colby  Morse,15.4
2024,371,12,12,Cayman Goode,Douglas S. Freeman School,HS SR,Atlanta Braves,no_candidate,,,0,,,,,,
2024,372,12,12,A.J. Wilson,UNC Charlotte,4YR GR,Philadelphia Phillies,matched_exact_name,100.0,100.0,1,A.J. Wilson,8266471,CLT,University of North Carolina at Charlotte,,
2024,373,12,12,Ryan Verdugo,CSU Bakersfield,4YR JR,Houston Astros,matched_exact_name,100.0,100.0,1,Ryan Verdugo,8283273,CSUB,"California State University, Bakersfield",,
2024,374,12,12,John West,Boston College,4YR SR,Arizona Diamondbacks,matched_exact_name,100.0,100.0,1,John West,8274556,BC,Boston College,,
2024,375,12,12,Josh Springer,Corona Senior HS,HS SR,Texas Rangers,rejected_fuzzy_school_guard,88.0,42.4,1,,,,,Josh Prinner,42.4
2024,376,13,13,Riley Huge,Winthrop,4YR SR,Athletics,matched_exact_name,100.0,100.0,1,Riley Huge,8276198,WIN,Winthrop University,,
2024,377,13,13,Sam Kulasingam,Air Force,4YR SR,Kansas City Royals,matched_exact_name,100.0,100.0,1,Sam Kulasingam,8260010,AFA,United States Air Force Academy,,
2024,378,13,13,Justin Loer,LSU,4YR JR,Colorado Rockies,matched_exact_name,100.0,100.0,1,Justin Loer,8417127,LSU,Louisiana State University,,
2024,379,13,13,Pierce George,Alabama,4YR SO,Chicago White Sox,matched_exact_name,100.0,100.0,1,Pierce George,8429109,ALA,University of Alabama,,
2024,380,13,13,Bryant Olson,Duke,4YR JR,Washington Nationals,rejected_school_guard,100.0,20.0,1,,,,,Bryant Olson,20.0
2024,381,13,13,Nolan Sparks,University of Rochester,4YR SR,St. Louis Cardinals,rejected_fuzzy_school_guard,87.0,30.8,1,,,,,Lane Sparks,30.8
2024,382,13,13,Fulton Lockhart,Central Florida,JC J2,Los Angeles Angels,no_candidate,,,0,,,,,,
2024,383,13,13,R.J. Gordon,Oregon,4YR SR,New York Mets,matched_fuzzy_name,90.0,100.0,1,RJ Gordon,8491553,ORE,University of Oregon,,
2024,384,13,13,Matt McShane,Saint Joseph's,4YR JR,Pittsburgh Pirates,matched_exact_name,100.0,100.0,1,Matt McShane,8275458,JOES,St. Joseph's University,,
2024,385,13,13,Bennett Thompson,Oregon,4YR JR,Cleveland Guardians,matched_exact_name,100.0,100.0,1,Bennett Thompson,8273326,ORE,University of Oregon,,
2024,386,13,13,Lucas Elissalt,Chipola College,JC J2,Detroit Tigers,no_candidate,,,0,,,,,,
2024,387,13,13,Shea Sprague,North Carolina,4YR JR,Boston Red Sox,matched_exact_name,100.0,100.0,1,Shea Sprague,8418017,UNC,University of North Carolina at Chapel Hill,,
2024,388,13,13,Drake George,Lewis-Clark State,4YR SR,San Francisco Giants,no_candidate,,,0,,,,,,
2024,389,13,13,Anthony Stephan,Virginia,4YR JR,Cincinnati Reds,matched_exact_name,100.0,100.0,1,Anthony Stephan,8285913,UVA,University of Virginia,,
2024,390,13,13,Matthew Watson,Texas A&M - Corpus Christi,4YR SR,San Diego Padres,matched_exact_name,100.0,100.0,1,Matthew Watson,8279670,AMCC,Texas A&M University Corpus Christi,,
2024,391,13,13,Dillon Lewis,Queens University of Charlotte,4YR JR,New York Yankees,matched_exact_name,100.0,100.0,1,Dillon Lewis,8266091,QUC,Queens University of Charlotte,,
2024,392,13,13,Evan Aschenbeck,Texas A&M,4YR SR,Chicago Cubs,matched_exact_name,100.0,100.0,1,Evan Aschenbeck,8265523,TA&M,Texas A&M University,,
2024,393,13,13,Brandon Eike,VCU,4YR SR,Seattle Mariners,matched_exact_name,100.0,100.0,1,Brandon Eike,8276700,VCU,Virginia Commonwealth University,,
2024,394,13,13,Cody Schrier,UCLA,4YR JR,Miami Marlins,matched_exact_name,100.0,100.0,1,Cody Schrier,8271004,UCLA,"University of California, Los Angeles",,
2024,395,13,13,Joey Broughton,Northville HS,HS SR,Milwaukee Brewers,no_candidate,,,0,,,,,,
2024,396,13,13,Connor Hujsak,Mississippi State,4YR SR,Tampa Bay Rays,matched_exact_name,100.0,100.0,1,Connor Hujsak,8275430,MSST,Mississippi State University,,
2024,397,13,13,Brock Tibbitts,Indiana,4YR JR,Toronto Blue Jays,matched_exact_name,100.0,100.0,1,Brock Tibbitts,8273327,IU,Indiana University,,
2024,398,13,13,Xavier Kolhosser,St Johns U,4YR JR,Minnesota Twins,matched_exact_name,100.0,94.1,1,Xavier Kolhosser,8270800,SJU,St. John's University,,
2024,399,13,13,Brandon Downer,California Baptist University,4YR JR,Baltimore Orioles,matched_exact_name,100.0,100.0,1,Brandon Downer,8261968,CBU,California Baptist University,,
2024,400,13,13,Mike Villani,Long Beach State,4YR JR,Los Angeles Dodgers,matched_exact_name,100.0,100.0,1,Mike Villani,8397689,LBSU,Long Beach State University,,
2024,401,13,13,Colby Jones,Northwest Florida St Col,JC J2,Atlanta Braves,rejected_fuzzy_school_guard,85.7,50.0,1,,,,,Cole Jones,50.0
2024,402,13,13,Tegan Cain,Kansas,4YR JR,Philadelphia Phillies,matched_exact_name,100.0,100.0,1,Tegan Cain,8452925,KU,University of Kansas,,
2024,403,13,13,Bryce Boettcher,Oregon,4YR SR,Houston Astros,matched_exact_name,100.0,100.0,1,Bryce Boettcher,8278281,ORE,University of Oregon,,
2024,404,13,13,Kyle Ayers,TCU,4YR JR,Arizona Diamondbacks,matched_exact_name,100.0,100.0,1,Kyle Ayers,8414902,TCU,Texas Christian University,,
2024,405,13,13,Aidan Deakins,Wabash Valley College,JC J2,Texas Rangers,no_candidate,,,0,,,,,,
2024,406,14,14,Ryan Magdic,Missouri,4YR GR,Athletics,matched_exact_name,100.0,100.0,1,Ryan Magdic,8588135,MIZ,University of Missouri,,
2024,407,14,14,Kyle DeGroat,Wallkill Senior HS,HS SR,Kansas City Royals,no_candidate,,,0,,,,,,
2024,408,14,14,Sam Gerth,Navarro College,JC J1,Colorado Rockies,no_candidate,,,0,,,,,,
2024,409,14,14,Justin Sinibaldi,Rutgers,4YR SR,Chicago White Sox,matched_exact_name,100.0,100.0,1,Justin Sinibaldi,8279366,RUTG,Rutgers University,,
2024,410,14,14,Yoel Tejeda Jr.,Florida State,4YR SO,Washington Nationals,matched_exact_name,100.0,100.0,1,Yoel Tejeda Jr.,8415219,FSU,Florida State University,,
2024,411,14,14,Mason Burns,Western Kentucky,4YR SR,St. Louis Cardinals,matched_exact_name,100.0,100.0,1,Mason Burns,8286718,WKU,Western Kentucky University,,
2024,412,14,14,Najer Victor,Central Florida,4YR SR,Los Angeles Angels,matched_exact_name,100.0,100.0,1,Najer Victor,8279172,UCF,University of Central Florida,,
2024,413,14,14,Tanner Witt,Texas,4YR SR,New York Mets,matched_exact_name,100.0,100.0,1,Tanner Witt,8281539,TEX,University of Texas at Austin,,
2024,414,14,14,Ian Farrow,Florida Gulf Coast University,4YR SR,Pittsburgh Pirates,matched_exact_name,100.0,100.0,1,Ian Farrow,8426250,FGCU,Florida Gulf Coast University,,
2024,415,14,14,Ryan Cesarini,Saint Joseph's,4YR JR,Cleveland Guardians,matched_exact_name,100.0,100.0,1,Ryan Cesarini,8286466,JOES,St. Joseph's University,,
2024,416,14,14,Preston Howey,St. Mary's College,4YR SR,Detroit Tigers,matched_exact_name,100.0,100.0,1,Preston Howey,8273794,SMC,St. Mary's College of California,,
2024,417,14,14,Alex Bouchard,Lehigh,4YR JR,Boston Red Sox,matched_exact_name,100.0,100.0,1,Alex Bouchard,8282126,LEH,Lehigh University,,
2024,418,14,14,Jeremiah Jenkins,University of Maine,4YR JR,San Francisco Giants,matched_exact_name,100.0,100.0,1,Jeremiah Jenkins,8282235,ME,University of Maine,,
2024,419,14,14,Adrian Areizaga,Leadership Christian Academy,HS SR,Cincinnati Reds,no_candidate,,,0,,,,,,
2024,420,14,14,Brendan Durfee,UC Santa Barbara,4YR JR,San Diego Padres,matched_exact_name,100.0,100.0,1,Brendan Durfee,8418213,UCSB,"University of California, Santa Barbara",,
2024,421,14,14,Austin Green,Texas Tech,4YR 5S,New York Yankees,matched_exact_name,100.0,100.0,1,Austin Green,8261572,TTU,Texas Tech University,,
2024,422,14,14,Cameron Sisneros,East Tennessee State,4YR SR,Chicago Cubs,matched_exact_name,100.0,100.0,1,Cameron Sisneros,8285795,ETSU,East Tennessee State University,,
2024,423,14,14,Austin St. Laurent,Appalachian State,4YR SR,Seattle Mariners,matched_exact_name,100.0,100.0,1,Austin St. Laurent,8285642,APP,Appalachian State University,,
2024,424,14,14,Cam Clayton,Washington,4YR JR,Miami Marlins,matched_exact_name,100.0,100.0,1,Cam Clayton,8278196,WASH,University of Washington,,
2024,425,14,14,James Nunnallee,Lightridge HS,HS SR,Milwaukee Brewers,no_candidate,,,0,,,,,,
2024,426,14,14,Ryan Schiefer,Arizona State,4YR JR,Tampa Bay Rays,matched_exact_name,100.0,100.0,1,Ryan Schiefer,8585925,ASU,Arizona State University,,
2024,427,14,14,J.R. Freethy,Nevada,4YR JR,Toronto Blue Jays,matched_fuzzy_name,90.9,100.0,1,JR Freethy,8284540,NEV,"University of Nevada, Reno",,
2024,428,14,14,Jacob Kisting,Bradley University,4YR JR,Minnesota Twins,matched_exact_name,100.0,100.0,1,Jacob Kisting,8259496,BRAD,Bradley University,,
2024,429,14,14,Cohen Achen,Lindsey Wilson Col,4YR 5S,Baltimore Orioles,no_candidate,,,0,,,,,,
2024,430,14,14,Will Gagnon,Reedley College,JC J2,Los Angeles Dodgers,no_candidate,,,0,,,,,,
2024,431,14,14,Mason Guerra,Oregon State,4YR JR,Atlanta Braves,matched_exact_name,100.0,100.0,1,Mason Guerra,8286245,ORST,Oregon State University,,
2024,432,14,14,Jared Spencer,Indiana State,4YR JR,Philadelphia Phillies,matched_exact_name,100.0,100.0,1,Jared Spencer,8274003,INST,Indiana State University,,
2024,433,14,14,Ryan Mathiesen,The Master's University,4YR JR,Houston Astros,rejected_fuzzy_school_guard,89.7,26.7,1,,,,,Dylan Mathiesen,26.7
2024,434,14,14,Braden Quinn,Connecticut,4YR JR,Arizona Diamondbacks,matched_exact_name,100.0,100.0,1,Braden Quinn,8280116,CONN,University of Connecticut,,
2024,435,14,14,Ben Hartl,Kansas,4YR JR,Texas Rangers,matched_exact_name,100.0,100.0,1,Ben Hartl,8452930,KU,University of Kansas,,
2024,436,15,15,Blake Hammond,Santa Clara,4YR JR,Athletics,matched_exact_name,100.0,100.0,1,Blake Hammond,8278750,SCU,Santa Clara University,,
2024,437,15,15,Tyler Davis,Mississippi State,4YR SR,Kansas City Royals,matched_exact_name,100.0,100.0,3,Tyler Davis,8278463,MSST,Mississippi State University,,
2024,438,15,15,Luke Thelen,Western Michigan,4YR JR,Colorado Rockies,matched_exact_name,100.0,100.0,1,Luke Thelen,8264340,WMU,Western Michigan University,,
2024,439,15,15,Mason Moore,Kentucky,4YR JR,Chicago White Sox,matched_exact_name,100.0,100.0,1,Mason Moore,8259306,UK,University of Kentucky,,
2024,440,15,15,Sir Jamison Jones,St. Rita HS,HS SR,Washington Nationals,no_candidate,,,0,,,,,,
2024,441,15,15,Sam Brodersen,Louisiana Tech,4YR SR,St. Louis Cardinals,matched_exact_name,100.0,100.0,1,Sam Brodersen,8448273,LT,Louisiana Tech University,,
2024,442,15,15,Balian Caraballo,Reborn Christian Academy,HS SR,Los Angeles Angels,no_candidate,,,0,,,,,,
2024,443,15,15,Owen Woodward,U Houston,4YR SR,New York Mets,matched_exact_name,100.0,100.0,1,Owen Woodward,8283567,HOU,University of Houston,,
2024,444,15,15,Ethan Lege,Ole Miss,4YR 5S,Pittsburgh Pirates,matched_exact_name,100.0,100.0,1,Ethan Lege,8284989,MISS,University of Mississippi,,
2024,445,15,15,Conner Whittaker,Florida State,4YR JR,Cleveland Guardians,matched_exact_name,100.0,100.0,1,Conner Whittaker,8275858,FSU,Florida State University,,
2024,446,15,15,Zach MacDonald,Miami University,4YR JR,Detroit Tigers,matched_exact_name,100.0,100.0,1,Zach MacDonald,8269605,M-OH,Miami University-Ohio,,
2024,447,15,15,Joey Gartrell,University of Portland,4YR JR,Boston Red Sox,matched_exact_name,100.0,100.0,1,Joey Gartrell,8271606,PORT,University of Portland,,
2024,448,15,15,Evan Gray,St. Louis University,4YR 5S,San Francisco Giants,matched_exact_name,100.0,100.0,1,Evan Gray,8273049,SLU,Saint Louis University,,
2024,449,15,15,Jordan Little,Virginia Tech,4YR JR,Cincinnati Reds,matched_exact_name,100.0,100.0,1,Jordan Little,8592255,VT,Virginia Tech,,
2024,450,15,15,Tanner Smith,Harvard,4YR JR,San Diego Padres,matched_exact_name,100.0,100.0,3,Tanner Smith,8262717,HARV,Harvard University,,
2024,451,15,15,Marshall Toole,Wofford,4YR JR,New York Yankees,matched_exact_name,100.0,100.0,1,Marshall Toole,8272937,WOF,Wofford College,,
2024,452,15,15,Hayden Frank,Lipscomb University,4YR JR,Chicago Cubs,matched_exact_name,100.0,100.0,1,Hayden Frank,8287594,LIP,Lipscomb University,,
2024,453,15,15,Thomas Higgins Jr.,Georgia Southern,4YR JR,Seattle Mariners,matched_fuzzy_name,87.5,100.0,1,Thomas Higgins,8427626,GASO,Georgia Southern University,,
2024,454,15,15,Coen Niclai,Robert Service HS,HS SR,Miami Marlins,no_candidate,,,0,,,,,,
2024,455,15,15,Travis Smith,Kentucky,4YR JR,Milwaukee Brewers,matched_exact_name,100.0,100.0,1,Travis Smith,8282434,UK,University of Kentucky,,
2024,456,15,15,Derek Datil,Antonio Lucchetti HS,HS SR,Tampa Bay Rays,no_candidate,,,0,,,,,,
2024,457,15,15,Jonathan Todd,Western Carolina U,4YR SR,Toronto Blue Jays,matched_exact_name,100.0,100.0,1,Jonathan Todd,8269098,WCU,Western Carolina University,,
2024,458,15,15,Cole Peschl,Campbell U,4YR JR,Minnesota Twins,matched_exact_name,100.0,100.0,1,Cole Peschl,8586169,CAM,Campbell University,,
2024,459,15,15,Carter Rustad,Missouri,4YR 5S,Baltimore Orioles,matched_exact_name,100.0,100.0,1,Carter Rustad,8588169,MIZ,University of Missouri,,
2024,460,15,15,Erik Parker,North Gwinnett HS,HS SR,Los Angeles Dodgers,no_candidate,,,0,,,,,,
2024,461,15,15,Owen Carey,Londonderry HS,HS SR,Atlanta Braves,no_candidate,,,0,,,,,,
2024,462,15,15,Luke Gabrysh,Saint Joseph's,4YR JR,Philadelphia Phillies,matched_exact_name,100.0,100.0,1,Luke Gabrysh,8262203,JOES,St. Joseph's University,,
2024,463,15,15,Drew Vogel,Murray State University,4YR SR,Houston Astros,matched_exact_name,100.0,100.0,1,Drew Vogel,8283024,MUR,Murray State University,,
2024,464,15,15,Rocco Reid,Clemson,4YR JR,Arizona Diamondbacks,matched_exact_name,100.0,100.0,1,Rocco Reid,8268641,CLEM,Clemson University,,
2024,465,15,15,Brooks Fowler,Oral Roberts,4YR JR,Texas Rangers,matched_exact_name,100.0,100.0,1,Brooks Fowler,8260191,ORU,Oral Roberts University,,
2024,466,16,16,Connor Spencer,Ole Miss,4YR 5S,Athletics,matched_exact_name,100.0,100.0,1,Connor Spencer,8427654,MISS,University of Mississippi,,
2024,467,16,16,Andrew Morones,Cal State Fullerton,4YR 5S,Kansas City Royals,matched_exact_name,100.0,100.0,1,Andrew Morones,8270004,CSUF,"California State University, Fullerton",,
2024,468,16,16,Kevin Fitzer,Marjory Stoneman Douglas HS,4YR SR,Colorado Rockies,rejected_school_guard,100.0,31.4,1,,,,,Kevin Fitzer,31.4
2024,469,16,16,T.J. McCants,Alabama,4YR SR,Chicago White Sox,matched_fuzzy_name,90.9,100.0,1,TJ McCants,8429116,ALA,University of Alabama,,
2024,470,16,16,Nolan Hughes,Xavier,4YR SR,Washington Nationals,matched_exact_name,100.0,100.0,1,Nolan Hughes,8527963,XAV,Xavier University,,
2024,471,16,16,Deniel Ortiz,Southeastern Oklahoma State University,JC J2,St. Louis Cardinals,no_candidate,,,0,,,,,,
2024,472,16,16,Will Gervase,Wake Forest,4YR SO,Los Angeles Angels,matched_exact_name,100.0,100.0,1,Will Gervase,8404934,WAKE,Wake Forest University,,
2024,473,16,16,Josh Blum,USC,4YR JR,New York Mets,matched_exact_name,100.0,100.0,1,Josh Blum,8281557,USC,University of Southern California,,
2024,474,16,16,Brian Curley,VCU,4YR SO,Pittsburgh Pirates,matched_exact_name,100.0,100.0,1,Brian Curley,8267558,VCU,Virginia Commonwealth University,,
2024,475,16,16,Jacob Remily,Maryknoll HS,HS SR,Cleveland Guardians,no_candidate,,,0,,,,,,
2024,476,16,16,Anson Seibert,Blue Valley Southwest HS,HS SR,Detroit Tigers,no_candidate,,,0,,,,,,
2024,477,16,16,Griffin Kilander,Wayne St U,4YR JR,Boston Red Sox,no_candidate,,,0,,,,,,
2024,478,16,16,Tyler Switalski,West Virginia,4YR JR,San Francisco Giants,matched_exact_name,100.0,100.0,1,Tyler Switalski,8414144,WVU,West Virginia University,,
2024,479,16,16,Jimmy Romano,Duke,4YR JR,Cincinnati Reds,matched_exact_name,100.0,100.0,1,Jimmy Romano,8264723,DUKE,Duke University,,
2024,480,16,16,Kasen Wells,Weatherford College,JC J2,San Diego Padres,no_candidate,,,0,,,,,,
2024,481,16,16,Xavier Rivas,Ole Miss,4YR SR,New York Yankees,no_candidate,,,0,,,,,,
2024,482,16,16,Christian Gordon,VCU,4YR 5S,Chicago Cubs,matched_exact_name,100.0,100.0,1,Christian Gordon,8277276,VCU,Virginia Commonwealth University,,
2024,483,16,16,Wyatt Lunsford-Shenkman,East Carolina,4YR JR,Seattle Mariners,matched_exact_name,100.0,100.0,1,Wyatt Lunsford-Shenkman,8259333,ECU,East Carolina University,,
2024,484,16,16,Eric Rataczak,Niagara U,4YR 5S,Miami Marlins,matched_exact_name,100.0,100.0,1,Eric Rataczak,8447196,NIA,Niagara University,,
2024,485,16,16,Jayden Dubanewicz,Marjory Stoneman Douglas HS,HS SR,Milwaukee Brewers,no_candidate,,,0,,,,,,
2024,486,16,16,Brady Marget,Tulane,4YR JR,Tampa Bay Rays,matched_exact_name,100.0,100.0,1,Brady Marget,8271587,TULN,Tulane University,,
2024,487,16,16,Colby Martin,Southeastern University,4YR SR,Toronto Blue Jays,no_candidate,,,0,,,,,,
2024,488,16,16,Aidan Haugh,North Carolina,4YR JR,Minnesota Twins,matched_exact_name,100.0,100.0,1,Aidan Haugh,8418059,UNC,University of North Carolina at Chapel Hill,,
2024,489,16,16,Nate George,Minooka Community HS,HS SR,Baltimore Orioles,no_candidate,,,0,,,,,,
2024,490,16,16,Evan Shaw,Kansas,4YR SR,Los Angeles Dodgers,matched_exact_name,100.0,100.0,1,Evan Shaw,8452934,KU,University of Kansas,,
2024,491,16,16,Titus Dumitru,New Mexico State,4YR JR,Atlanta Braves,matched_exact_name,100.0,100.0,1,Titus Dumitru,8587646,NMSU,New Mexico State University,,
2024,492,16,16,Eli Trop,Pennsylvania,4YR SR,Philadelphia Phillies,matched_exact_name,100.0,100.0,1,Eli Trop,8273270,PENN,University of Pennsylvania,,
2024,493,16,16,Bryce Mayer,Missouri,4YR SR,Houston Astros,matched_exact_name,100.0,100.0,1,Bryce Mayer,8588144,MIZ,University of Missouri,,
2024,494,16,16,Dawson Brown,Georgia Tech,4YR SR,Arizona Diamondbacks,matched_exact_name,100.0,100.0,1,Dawson Brown,8275331,GT,Georgia Institute of Technology,,
2024,495,16,16,Eric Loomis,Missouri State,4YR SR,Texas Rangers,matched_exact_name,100.0,100.0,1,Eric Loomis,8449209,MOST,Missouri State University,,
2024,496,17,17,Aidan Layton,Seton Hill U,4YR SR,Athletics,no_candidate,,,0,,,,,,
2024,497,17,17,Dane Burns,No School,NS,Kansas City Royals,no_candidate,,,0,,,,,,
2024,498,17,17,Nolan Clifford,Creighton,4YR SR,Colorado Rockies,matched_exact_name,100.0,100.0,1,Nolan Clifford,8269431,CREI,Creighton University,,
2024,499,17,17,Lyle Miller-Green,Austin Peay,4YR 5S,Chicago White Sox,matched_exact_name,100.0,100.0,1,Lyle Miller-Green,8286677,APSU,Austin Peay State University,,
2024,500,17,17,Gavin Bruni,Ohio State,4YR JR,Washington Nationals,matched_exact_name,100.0,100.0,1,Gavin Bruni,8278486,OSU,Ohio State University,,
2024,501,17,17,Brandt Thompson,Missouri State,4YR SR,St. Louis Cardinals,matched_exact_name,100.0,100.0,1,Brandt Thompson,8280690,MOST,Missouri State University,,
2024,502,17,17,Lucas Ramirez,American Heritage School,HS SR,Los Angeles Angels,no_candidate,,,0,,,,,,
2024,503,17,17,Jacoby Long,Miami,4YR SR,New York Mets,matched_exact_name,100.0,100.0,1,Jacoby Long,8267705,MIA,University of Miami,,
2024,504,17,17,Andrew Patrick,Wright State,4YR JR,Pittsburgh Pirates,matched_exact_name,100.0,100.0,1,Andrew Patrick,8284625,WRST,Wright State University,,
2024,505,17,17,Logan McGuire,Georgia Tech,4YR JR,Cleveland Guardians,matched_exact_name,100.0,100.0,1,Logan McGuire,8276168,GT,Georgia Institute of Technology,,
2024,506,17,17,Gabriel Rosado,Carlos Beltran Baseball Academy,HS SR,Detroit Tigers,no_candidate,,,0,,,,,,
2024,507,17,17,Yan Cruz,Academia Presbiteriana HS,HS SR,Boston Red Sox,no_candidate,,,0,,,,,,
2024,508,17,17,Hunter Dryden,Whitworth University,4YR SR,San Francisco Giants,no_candidate,,,0,,,,,,
2024,509,17,17,Trent Hodgdon,University of South Carolina Upstate,4YR JR,Cincinnati Reds,matched_exact_name,100.0,100.0,1,Trent Hodgdon,8268458,UPST,University of South Carolina Upstate,,
2024,510,17,17,Ryan Jackson,USC,4YR SR,San Diego Padres,matched_exact_name,100.0,100.0,1,Ryan Jackson,8270633,USC,University of Southern California,,
2024,511,17,17,JoJo Jackson,Georgia State,4YR JR,New York Yankees,matched_exact_name,100.0,100.0,1,JoJo Jackson,8259698,GAST,Georgia State University,,
2024,512,17,17,Ben Johnson,Georgia Southern,4YR SR,Chicago Cubs,matched_exact_name,100.0,100.0,1,Ben Johnson,8262075,GASO,Georgia Southern University,,
2024,513,17,17,Harrison Kreiling,U Nebraska Omaha,4YR SR,Seattle Mariners,matched_exact_name,100.0,100.0,1,Harrison Kreiling,8266211,OMA,University of Nebraska at Omaha,,
2024,514,17,17,Micah McDowell,Oregon State,4YR 5S,Miami Marlins,matched_exact_name,100.0,100.0,1,Micah McDowell,8286121,ORST,Oregon State University,,
2024,515,17,17,Cooper Malamazian,Nazareth Academy,HS SR,Milwaukee Brewers,no_candidate,,,0,,,,,,
2024,516,17,17,Andres Galan,California,4YR JR,Tampa Bay Rays,matched_exact_name,100.0,100.0,1,Andres Galan,8271461,CAL,"University of California, Berkeley",,
2024,517,17,17,Gavin Smith,Valley Christian HS,HS SR,Toronto Blue Jays,no_candidate,,,0,,,,,,
2024,518,17,17,Jay Thomason,Air Force,4YR SR,Minnesota Twins,matched_exact_name,100.0,100.0,1,Jay Thomason,8270407,AFA,United States Air Force Academy,,
2024,519,17,17,Iziah Salinas,Cowley County CC,JC J1,Baltimore Orioles,no_candidate,,,0,,,,,,
2024,520,17,17,Jackson Nicklaus,Oklahoma,4YR JR,Los Angeles Dodgers,matched_exact_name,100.0,100.0,1,Jackson Nicklaus,8270958,OU,University of Oklahoma,,
2024,521,17,17,Jacob Shafer,UNC Wilmington,4YR SR,Atlanta Braves,matched_exact_name,100.0,100.0,1,Jacob Shafer,8273858,UNCW,University of North Carolina at Wilmington,,
2024,522,17,17,Ryan Degges,UNC Charlotte,4YR JR,Philadelphia Phillies,matched_exact_name,100.0,100.0,1,Ryan Degges,8424151,CLT,University of North Carolina at Charlotte,,
2024,523,17,17,Ethan Wagner,P27 Academy,HS SR,Houston Astros,no_candidate,,,0,,,,,,
2024,524,17,17,Drake Frize,University of San Diego,4YR SR,Arizona Diamondbacks,matched_exact_name,100.0,100.0,1,Drake Frize,8280313,USD,University of San Diego,,
2024,525,17,17,Joey Danielson,North Dakota St U,4YR 5S,Texas Rangers,matched_exact_name,100.0,100.0,1,Joey Danielson,8262371,NDSU,North Dakota State University,,
2024,526,18,18,Tucker Novotny,Minnesota,4YR JR,Athletics,matched_exact_name,100.0,100.0,1,Tucker Novotny,8283006,MINN,University of Minnesota,,
2024,527,18,18,Corey Cousin,Slidell HS,HS SR,Kansas City Royals,no_candidate,,,0,,,,,,
2024,528,18,18,Tyler Hampu,Austin Peay,4YR SR,Colorado Rockies,matched_exact_name,100.0,100.0,1,Tyler Hampu,8286198,APSU,Austin Peay State University,,
2024,529,18,18,Liam Paddack,Gonzaga,4YR JR,Chicago White Sox,matched_exact_name,100.0,100.0,1,Liam Paddack,8417852,GONZ,Gonzaga University,,
2024,530,18,18,Teo Banks,Tulane,4YR JR,Washington Nationals,matched_exact_name,100.0,100.0,1,Teo Banks,8281598,TULN,Tulane University,,
2024,531,18,18,Christian Martin,Virginia Tech,4YR JR,St. Louis Cardinals,matched_exact_name,100.0,100.0,1,Christian Martin,8271712,VT,Virginia Tech,,
2024,532,18,18,David Mershon,Mississippi State,4YR SO,Los Angeles Angels,matched_exact_name,100.0,100.0,1,David Mershon,8268066,MSST,Mississippi State University,,
2024,533,18,18,Jace Hampson,Lynnwood HS,HS SR,New York Mets,no_candidate,,,0,,,,,,
2024,534,18,18,Jake Shirk,Wright State,4YR SR,Pittsburgh Pirates,matched_exact_name,100.0,100.0,1,Jake Shirk,8285298,WRST,Wright State University,,
2024,535,18,18,Izaak Martinez,Puerto Rico Baseball Academy,4YR GR,Cleveland Guardians,rejected_school_guard,100.0,40.0,1,,,,,Izaak Martinez,40.0
2024,536,18,18,Bryce Alewine,Southern Union St JC,JC J1,Detroit Tigers,no_candidate,,,0,,,,,,
2024,537,18,18,Cole Tolbert,U Mississippi,4YR SR,Boston Red Sox,matched_exact_name,100.0,100.0,1,Cole Tolbert,8266191,MISS,University of Mississippi,,
2024,538,18,18,Ryan Slater,Florida,4YR SR,San Francisco Giants,matched_exact_name,100.0,100.0,1,Ryan Slater,8269028,FLA,University of Florida,,
2024,539,18,18,Jalen Hairston,State College of Florida Manatee - Sarasota,JC J2,Cincinnati Reds,no_candidate,,,0,,,,,,
2024,540,18,18,Victor Figueroa,Florida Southwestern State Col,JC J2,San Diego Padres,no_candidate,,,0,,,,,,
2024,541,18,18,Gus Hughes,High Point University,4YR SR,New York Yankees,matched_exact_name,100.0,100.0,1,Gus Hughes,8286254,HPU,High Point University,,
2024,542,18,18,Thomas Mangus,Navarro College,JC J3,Chicago Cubs,no_candidate,,,0,,,,,,
2024,543,18,18,Matt Tiberia,Lynn U,4YR SR,Seattle Mariners,no_candidate,,,0,,,,,,
2024,544,18,18,Nate Payne,Central Dauphin HS,HS SR,Miami Marlins,no_candidate,,,0,,,,,,
2024,545,18,18,Tyler Renz,Fox Lane HS,HS SR,Milwaukee Brewers,rejected_fuzzy_school_guard,85.7,26.3,1,,,,,Tyler Grenn,26.3
2024,546,18,18,Dominic Niman,Kentucky,4YR GR,Tampa Bay Rays,matched_exact_name,100.0,100.0,1,Dominic Niman,8417501,UK,University of Kentucky,,
2024,547,18,18,Holden Wilkerson,Virginia Military Institute,4YR JR,Toronto Blue Jays,matched_exact_name,100.0,100.0,1,Holden Wilkerson,8260303,VMI,Virginia Military Institute,,
2024,548,18,18,Michael Ross,Samford University,4YR SR,Minnesota Twins,matched_exact_name,100.0,100.0,1,Michael Ross,8268209,SAM,Samford,,
2024,549,18,18,Michael Caldon,Felician Col,4YR JR,Baltimore Orioles,no_candidate,,,0,,,,,,
2024,550,18,18,Isaac Ayon,Oregon,4YR SR,Los Angeles Dodgers,rejected_fuzzy_school_guard,90.0,33.3,1,,,,,Isaac Lyon,33.3
2024,551,18,18,Jake Steels,Cal Poly,4YR SR,Atlanta Braves,matched_school_surname,0.0,100.0,1,Jacob Steels,8276852,CP,California Polytechnic State University,,
2024,552,18,18,Kevin Warunek,Longwood University,4YR JR,Philadelphia Phillies,matched_exact_name,100.0,100.0,1,Kevin Warunek,8272108,LONG,Longwood University,,
2024,553,18,18,Grant Burleson,Western Kentucky,4YR JR,Houston Astros,matched_exact_name,100.0,100.0,1,Grant Burleson,8587226,WKU,Western Kentucky University,,
2024,554,18,18,Jackson Hotchkiss,Battle Ground HS,HS SR,Arizona Diamondbacks,no_candidate,,,0,,,,,,
2024,555,18,18,Kadyn Leon,Lake Travis HS,HS SR,Texas Rangers,no_candidate,,,0,,,,,,
2024,556,19,19,Gunner Gouldsmith,Sacramento State,4YR SR,Athletics,matched_exact_name,100.0,100.0,1,Gunner Gouldsmith,8282158,SAC,Sacramento State University,,
2024,557,19,19,Dash Albus,Abilene Christian U,4YR JR,Kansas City Royals,matched_exact_name,100.0,100.0,1,Dash Albus,8381492,ACU,Abilene Christian University,,
2024,558,19,19,Nathan Blasick,University of New Orleans,4YR SR,Colorado Rockies,matched_exact_name,100.0,100.0,1,Nathan Blasick,8270336,UNO,University of New Orleans,,
2024,559,19,19,Nick Pinto,University of California - Irvine,4YR GR,Chicago White Sox,matched_exact_name,100.0,100.0,1,Nick Pinto,8276866,UCI,"University of California, Irvine",,
2024,560,19,19,Ryan Minckler,Niagara U,4YR JR,Washington Nationals,matched_exact_name,100.0,100.0,1,Ryan Minckler,8287548,NIA,Niagara University,,
2024,561,19,19,Brendan Lawson,P27 Academy,HS SR,St. Louis Cardinals,rejected_fuzzy_school_guard,85.7,19.0,1,,,,,Brendan  Wilson,19.0
2024,562,19,19,Connor Gatwood,Baker HS,HS SR,Los Angeles Angels,rejected_fuzzy_school_guard,85.7,26.7,1,,,,,Connor Haywood,26.7
2024,563,19,19,Frank Elissalt,Nova Southeastern University,4YR SR,New York Mets,no_candidate,,,0,,,,,,
2024,564,19,19,Joe Vogatsky,James Madison University,4YR SR,Pittsburgh Pirates,matched_exact_name,100.0,100.0,1,Joe Vogatsky,8287931,JMU,James Madison University,,
2024,565,19,19,Cam Schuelke,Mississippi State,4YR SR,Cleveland Guardians,matched_exact_name,100.0,100.0,1,Cam Schuelke,8587553,MSST,Mississippi State University,,
2024,566,19,19,Chase Davis,Leon HS,HS SR,Detroit Tigers,rejected_fuzzy_school_guard,85.7,28.6,2,,,,,Cade Davis,28.6
2024,567,19,19,D'Angelo Ortiz,Miami Dade CC Kendall,JC J2,Boston Red Sox,rejected_fuzzy_school_guard,88.0,31.8,1,,,,,Angel Ortiz,31.8
2024,568,19,19,Ryan Ure,Oklahoma State,4YR JR,San Francisco Giants,matched_exact_name,100.0,100.0,1,Ryan Ure,8267489,OKST,Oklahoma State University,,
2024,569,19,19,Owen Pote,No School,NS,Cincinnati Reds,no_candidate,,,0,,,,,,
2024,570,19,19,Vicarte Domingo,U British Columbia,4YR SR,San Diego Padres,no_candidate,,,0,,,,,,
2024,571,19,19,Brandon Decker,Oakland University,4YR SR,New York Yankees,matched_exact_name,100.0,100.0,1,Brandon  Decker,8267746,OAK,Oakland University,,
2024,572,19,19,Owen Ayers,Marshall,4YR 5S,Chicago Cubs,matched_exact_name,100.0,100.0,1,Owen Ayers,8263253,MRSH,Marshall University,,
2024,573,19,19,Brian Walters,Miami,4YR JR,Seattle Mariners,matched_exact_name,100.0,100.0,1,Brian Walters,8286558,MIA,University of Miami,,
2024,574,19,19,Luke Lashutka,St Leo U,4YR SR,Miami Marlins,no_candidate,,,0,,,,,,
2024,575,19,19,Noah Wech,Manitowoc Lincoln HS,HS SR,Milwaukee Brewers,no_candidate,,,0,,,,,,
2024,576,19,19,Tony Santa Maria,Rutgers,4YR SR,Tampa Bay Rays,matched_exact_name,100.0,100.0,1,Tony Santa Maria,8277145,RUTG,Rutgers University,,
2024,577,19,19,Bub Terrell,Thompson HS,HS SR,Toronto Blue Jays,no_candidate,,,0,,,,,,
2024,578,19,19,Logan Whitaker,NC State,4YR GR,Minnesota Twins,matched_exact_name,100.0,100.0,1,Logan Whitaker,8262044,NCSU,North Carolina State University,,
2024,579,19,19,Braylon Whitaker,Cox Mill HS,HS SR,Baltimore Orioles,no_candidate,,,0,,,,,,
2024,580,19,19,Chase Williams,Northwest Florida State,JC J1,Los Angeles Dodgers,rejected_fuzzy_school_guard,88.9,28.6,1,,,,,Cade Williams,28.6
2024,581,19,19,Dalton McIntyre,Southern Mississippi,4YR JR,Atlanta Braves,matched_exact_name,100.0,100.0,1,Dalton McIntyre,8419956,USM,University of Southern Mississippi,,
2024,582,19,19,Erik Ritchie,East Carolina,4YR JR,Philadelphia Phillies,matched_exact_name,100.0,100.0,1,Erik Ritchie,8259417,ECU,East Carolina University,,
2024,583,19,19,Twine Palmer,Connors St Col,JC J1,Houston Astros,no_candidate,,,0,,,,,,
2024,584,19,19,Ty Bayer,South Forsyth HS,HS SR,Arizona Diamondbacks,no_candidate,,,0,,,,,,
2024,585,19,19,Cade Obermueller,Florida SouthWestern State College,4YR SO,Texas Rangers,rejected_school_guard,100.0,22.2,1,,,,,Cade Obermueller,22.2
2024,586,20,20,Dylan Volantis,Westlake HS,HS SR,Athletics,no_candidate,,,0,,,,,,
2024,587,20,20,Carter Frederick,Oklahoma,4YR SR,Kansas City Royals,matched_exact_name,100.0,100.0,1,Carter Frederick,8587081,OU,University of Oklahoma,,
2024,588,20,20,Hunter Omlid,Iowa,4YR 5S,Colorado Rockies,rejected_school_guard,100.0,42.9,1,,,,,Hunter Omlid,42.9
2024,589,20,20,Myles Bailey,Lincoln HS,HS SR,Chicago White Sox,no_candidate,,,0,,,,,,
2024,590,20,20,Colby Shelton,Florida,4YR SO,Washington Nationals,matched_exact_name,100.0,100.0,1,Colby Shelton,8409193,FLA,University of Florida,,
2024,591,20,20,Owen Rice,Milwaukee,4YR JR,St. Louis Cardinals,matched_exact_name,100.0,100.0,1,Owen Rice,8265851,MILW,University of Wisconsin–Milwaukee,,
2024,592,20,20,Zachary Redner,Hillsborough CC,JC J2,Los Angeles Angels,no_candidate,,,0,,,,,,
2024,593,20,20,Adam Haight,Cedar Park Christian HS,HS SR,New York Mets,no_candidate,,,0,,,,,,
2024,594,20,20,Taylor Penn,Woodford County HS,HS SR,Pittsburgh Pirates,no_candidate,,,0,,,,,,
2024,595,20,20,Cam Walty,Arizona,4YR SR,Cleveland Guardians,matched_exact_name,100.0,100.0,1,Cam Walty,8261714,ARIZ,University of Arizona,,
2024,596,20,20,Dawson Price,Eastern Oklahoma St JC,JC J1,Detroit Tigers,no_candidate,,,0,,,,,,
2024,597,20,20,Ben Hansen,BYU,4YR SO,Boston Red Sox,matched_exact_name,100.0,100.0,1,Ben Hansen,8264075,BYU,Brigham Young University,,
2024,598,20,20,Fernando Gonzalez,Georgia,4YR SR,San Francisco Giants,matched_exact_name,100.0,100.0,1,Fernando Gonzalez,8270492,UGA,University of Georgia,,
2024,599,20,20,Mason Russell,Casteel HS,HS SR,Cincinnati Reds,no_candidate,,,0,,,,,,
2024,600,20,20,Chase Fralick,McIntosh HS,HS SR,San Diego Padres,no_candidate,,,0,,,,,,
2024,601,20,20,Cole Royer,Pierce County HS,HS SR,New York Yankees,rejected_fuzzy_school_guard,85.7,38.7,1,,,,,Cole Joyner,38.7
2024,602,20,20,Brayden Risedorph,Indiana,4YR SO,Chicago Cubs,matched_exact_name,100.0,100.0,1,Brayden Risedorph,8262537,IU,Indiana University,,
2024,603,20,20,Ryan Picollo,Saint Joseph's,4YR SR,Seattle Mariners,matched_exact_name,100.0,100.0,1,Ryan Picollo,8271608,JOES,St. Joseph's University,,
2024,604,20,20,Chase Centala,Central Florida,4YR SR,Miami Marlins,matched_exact_name,100.0,100.0,1,Chase Centala,8280763,UCF,University of Central Florida,,
2024,605,20,20,Henry Brummel,Pontiac Township HS,HS SR,Milwaukee Brewers,no_candidate,,,0,,,,,,
2024,606,20,20,Kaleb Corbett,Louisville,4YR SR,Tampa Bay Rays,matched_exact_name,100.0,100.0,1,Kaleb Corbett,8265379,LOU,University of Louisville,,
2024,607,20,20,Bryce Martin-Grudzielanek,UC San Diego,4YR JR,Toronto Blue Jays,no_candidate,,,0,,,,,,
2024,608,20,20,Merit Jones,Utah,4YR SO,Minnesota Twins,matched_exact_name,100.0,100.0,1,Merit Jones,8277877,UTAH,University of Utah,,
2024,609,20,20,Evan Yates,Cal State Fullerton,4YR JR,Baltimore Orioles,rejected_fuzzy_school_guard,85.7,31.2,1,,,,,Evan Waters,31.2
2024,610,20,20,Hunter Elliott,Ole Miss,4YR JR,Los Angeles Dodgers,no_candidate,,,0,,,,,,
2024,611,20,20,Eric Hartman,Holy Trinity Academy,HS SR,Atlanta Braves,rejected_fuzzy_school_guard,92.3,24.0,1,,,,,Erich Hartmann,24.0
2024,612,20,20,Kyler Carmack,Ole Miss,4YR JR,Philadelphia Phillies,matched_exact_name,100.0,100.0,1,Kyler Carmack,8427629,MISS,University of Mississippi,,
2024,613,20,20,Ky McGary,Sandra Day O'Connor HS,HS SR,Houston Astros,no_candidate,,,0,,,,,,
2024,614,20,20,Hunter Carns,First Coast HS,HS SR,Arizona Diamondbacks,no_candidate,,,0,,,,,,
2024,615,20,20,Mac Rose,McLennan CC,JC J2,Texas Rangers,no_candidate,,,0,,,,,,
2025,1,1,1,Eli Willits,Fort Cobb-Broxton HS,HS SR,Washington Nationals,no_candidate,,,0,,,,,,
2025,2,1,1,Tyler Bremner,UC Santa Barbara,4YR JR,Los Angeles Angels,matched_exact_name,100.0,100.0,1,Tyler Bremner,8877774,UCSB,"University of California, Santa Barbara",,
2025,3,1,1,Kade Anderson,LSU,4YR SO,Seattle Mariners,matched_exact_name,100.0,100.0,1,Kade Anderson,8892847,LSU,Louisiana State University,,
2025,4,1,1,Ethan Holliday,Stillwater HS,HS SR,Colorado Rockies,no_candidate,,,0,,,,,,
2025,5,1,1,Liam Doyle,Tennessee,4YR JR,St. Louis Cardinals,matched_exact_name,100.0,100.0,1,Liam Doyle,9104623,TENN,University of Tennessee Knoxville,,
2025,6,1,1,Seth Hernandez,Corona HS,HS SR,Pittsburgh Pirates,no_candidate,,,0,,,,,,
2025,7,1,1,Aiva Arquette,Oregon State,4YR JR,Miami Marlins,matched_exact_name,100.0,100.0,1,Aiva Arquette,9107039,ORST,Oregon State University,,
2025,8,1,1,JoJo Parker,Purvis HS,HS SR,Toronto Blue Jays,no_candidate,,,0,,,,,,
2025,9,1,1,Steele Hall,Hewitt-Trussville HS,HS SR,Cincinnati Reds,no_candidate,,,0,,,,,,
2025,10,1,1,Billy Carlson,Corona HS,HS SR,Chicago White Sox,no_candidate,,,0,,,,,,
2025,11,1,1,Jamie Arnold,Florida State,4YR JR,Athletics,matched_exact_name,100.0,100.0,1,Jamie Arnold,8896476,FSU,Florida State University,,
2025,12,1,1,Gavin Fien,Great Oak HS,HS SR,Texas Rangers,no_candidate,,,0,,,,,,
2025,13,1,1,Gavin Kilen,Tennessee,4YR JR,San Francisco Giants,matched_exact_name,100.0,100.0,1,Gavin Kilen,9104654,TENN,University of Tennessee Knoxville,,
2025,14,1,1,Daniel Pierce,Mill Creek HS,HS SR,Tampa Bay Rays,rejected_fuzzy_school_guard,88.0,30.0,2,,,,,Daniel Perez,30.0
2025,15,1,1,Kyson Witherspoon,Oklahoma,4YR JR,Boston Red Sox,matched_exact_name,100.0,100.0,1,Kyson Witherspoon,8882058,OU,University of Oklahoma,,
2025,16,1,1,Marek Houston,Wake Forest,4YR JR,Minnesota Twins,matched_exact_name,100.0,100.0,1,Marek Houston,8881250,WAKE,Wake Forest University,,
2025,17,1,1,Ethan Conrad,Wake Forest,4YR JR,Chicago Cubs,matched_exact_name,100.0,100.0,1,Ethan Conrad,9218971,WAKE,Wake Forest University,,
2025,18,1,1,Kayson Cunningham,Lady Bird Johnson HS,HS SR,Arizona Diamondbacks,no_candidate,,,0,,,,,,
2025,19,1,1,Ike Irish,Auburn,4YR JR,Baltimore Orioles,matched_exact_name,100.0,100.0,1,Ike Irish,8900735,AUB,Auburn University,,
2025,20,1,1,Andrew Fischer,Tennessee,4YR JR,Milwaukee Brewers,matched_exact_name,100.0,100.0,1,Andrew Fischer,9104622,TENN,University of Tennessee Knoxville,,
2025,21,1,1,Xavier Neyens,Mt. Vernon HS,HS SR,Houston Astros,no_candidate,,,0,,,,,,
2025,22,1,1,Tate Southisene,Basic HS,HS SR,Atlanta Braves,rejected_fuzzy_school_guard,89.7,29.6,1,,,,,Tee Southisene,29.6
2025,23,1,1,Sean Gamble,IMG Academy,HS SR,Kansas City Royals,no_candidate,,,0,,,,,,
2025,24,1,1,Jordan Yost,Sickles HS,HS SR,Detroit Tigers,no_candidate,,,0,,,,,,
2025,25,1,1,Kruz Schoolcraft,Sunset HS,HS SR,San Diego Padres,no_candidate,,,0,,,,,,
2025,26,1,1,Gage Wood,Arkansas,4YR JR,Philadelphia Phillies,matched_exact_name,100.0,100.0,1,Gage Wood,8890800,ARK,University of Arkansas,,
2025,27,1,1,Jace LaViolette,Texas A&M,4YR JR,Cleveland Guardians,matched_exact_name,100.0,100.0,1,Jace Laviolette,8902739,TA&M,Texas A&M University,,
2025,28,1,PPI,Josh Hammond,Wesleyan Christian Academy,HS SR,Kansas City Royals,no_candidate,,,0,,,,,,
2025,29,1,1C,Patrick Forbes,Louisville,4YR JR,Arizona Diamondbacks,matched_exact_name,100.0,100.0,1,Patrick Forbes,8892244,LOU,University of Louisville,,
2025,30,1,1C,Caden Bodine,Coastal Carolina,4YR JR,Baltimore Orioles,matched_exact_name,100.0,100.0,1,Caden Bodine,8898489,CCU,Coastal Carolina University,,
2025,31,1,1C,Wehiwa Aloy,Arkansas,4YR JR,Baltimore Orioles,matched_exact_name,100.0,100.0,1,Wehiwa Aloy,8888344,ARK,University of Arkansas,,
2025,32,1,1C,Brady Ebel,Corona HS,HS SR,Milwaukee Brewers,no_candidate,,,0,,,,,,
2025,33,1,CB-A,Marcus Phillips,Tennessee,4YR JR,Boston Red Sox,matched_exact_name,100.0,100.0,1,Marcus Phillips,8902585,TENN,University of Tennessee Knoxville,,
2025,34,1,CB-A,Michael Oliveto,Hauppauge HS,HS SR,Detroit Tigers,no_candidate,,,0,,,,,,
2025,35,1,CB-A,Luke Stevenson,North Carolina,4YR SO,Seattle Mariners,matched_exact_name,100.0,100.0,1,Luke Stevenson,8889464,UNC,University of North Carolina at Chapel Hill,,
2025,36,1,CB-A,Riley Quick,Alabama,4YR JR,Minnesota Twins,matched_exact_name,100.0,100.0,1,Riley Quick,8879369,ALA,University of Alabama,,
2025,37,1,CB-A,Slater de Brun,Summit HS,HS SR,Baltimore Orioles,no_candidate,,,0,,,,,,
2025,38,1,1,Mitch Voit,Michigan,4YR JR,New York Mets,matched_exact_name,100.0,100.0,1,Mitch Voit,8900522,MICH,University of Michigan,,
2025,39,1,1,Dax Kilby,Newnan HS,HS SR,New York Yankees,no_candidate,,,0,,,,,,
2025,40,1,1,Zach Root,Arkansas,4YR JR,Los Angeles Dodgers,matched_exact_name,100.0,100.0,1,Zach Root,9089753,ARK,University of Arkansas,,
2025,41,1,CB-A,Charles Davalan,Arkansas,4YR SO,Los Angeles Dodgers,matched_exact_name,100.0,100.0,1,Charles Davalan,9089756,ARK,University of Arkansas,,
2025,42,1,CB-A,Brendan Summerhill,Arizona,4YR JR,Tampa Bay Rays,matched_exact_name,100.0,100.0,1,Brendan Summerhill,8882901,ARIZ,University of Arizona,,
2025,43,1,CB-A,Cam Cannarella,Clemson,4YR JR,Miami Marlins,matched_exact_name,100.0,100.0,1,Cam Cannarella,8879871,CLEM,Clemson University,,
2025,44,2,2,Jaden Fauske,Nazareth Academy,HS SR,Chicago White Sox,no_candidate,,,0,,,,,,
2025,45,2,2,JB Middleton,Southern Mississippi,4YR JR,Colorado Rockies,matched_exact_name,100.0,100.0,1,JB Middleton,8876950,USM,University of Southern Mississippi,,
2025,46,2,2,Brandon Compton,Arizona State,4YR JR,Miami Marlins,matched_exact_name,100.0,100.0,1,Brandon Compton,8879681,ASU,Arizona State University,,
2025,47,2,2,Chase Shores,LSU,4YR JR,Los Angeles Angels,matched_exact_name,100.0,100.0,1,Chase Shores,8874182,LSU,Louisiana State University,,
2025,48,2,2,Devin Taylor,Indiana,4YR JR,Athletics,matched_exact_name,100.0,100.0,1,Devin Taylor,8876977,IU,Indiana University,,
2025,49,2,2,Ethan Petry,South Carolina,4YR JR,Washington Nationals,matched_exact_name,100.0,100.0,1,Ethan Petry,8892729,SC,University of South Carolina,,
2025,50,2,2,Angel Cervantes,Warren HS,HS SR,Pittsburgh Pirates,no_candidate,,,0,,,,,,
2025,51,2,2,Aaron Watson,Trinity Christian Academy,HS SR,Cincinnati Reds,no_candidate,,,0,,,,,,
2025,52,2,2,AJ Russell,Tennessee,4YR JR,Texas Rangers,matched_exact_name,100.0,100.0,1,AJ Russell,8883972,TENN,University of Tennessee Knoxville,,
2025,53,2,2,Cooper Flemming,Aliso Niguel HS,HS SR,Tampa Bay Rays,no_candidate,,,0,,,,,,
2025,54,2,2,Quentin Young,Oaks Christian HS,HS SR,Minnesota Twins,no_candidate,,,0,,,,,,
2025,55,2,2,Ryan Mitchell,Houston HS,HS SR,St. Louis Cardinals,no_candidate,,,0,,,,,,
2025,56,2,2,Kane Kepley,North Carolina,4YR SO,Chicago Cubs,matched_exact_name,100.0,100.0,1,Kane Kepley,9218779,UNC,University of North Carolina at Chapel Hill,,
2025,57,2,2,Nick Becker,Don Bosco Prep HS,HS SR,Seattle Mariners,no_candidate,,,0,,,,,,
2025,58,2,2,Joseph Dzierwa,Michigan State,4YR JR,Baltimore Orioles,matched_exact_name,100.0,100.0,1,Joseph Dzierwa,8897728,MSU,Michigan State University,,
2025,59,2,2,J.D. Thompson,Vanderbilt,4YR JR,Milwaukee Brewers,matched_fuzzy_name,91.7,100.0,2,JD Thompson,8893183,VAN,Vanderbilt University,,
2025,60,2,2,Alex Lodise,Florida State,4YR JR,Atlanta Braves,matched_exact_name,100.0,100.0,1,Alex Lodise,8885707,FSU,Florida State University,,
2025,61,2,2,Michael Lombardi,Tulane,4YR JR,Kansas City Royals,matched_exact_name,100.0,100.0,1,Michael Lombardi,8897471,TULN,Tulane University,,
2025,62,2,2,Malachi Witherspoon,Oklahoma,4YR JR,Detroit Tigers,matched_exact_name,100.0,100.0,1,Malachi Witherspoon,8892507,OU,University of Oklahoma,,
2025,63,2,2,Cade Obermueller,Iowa,4YR JR,Philadelphia Phillies,matched_exact_name,100.0,100.0,1,Cade Obermueller,8889333,IOWA,University of Iowa,,
2025,64,2,2,Dean Curley,Tennessee,4YR SO,Cleveland Guardians,matched_exact_name,100.0,100.0,1,Dean Curley,8878161,TENN,University of Tennessee Knoxville,,
2025,65,2,2,Cam Leiter,Florida State,4YR JR,Los Angeles Dodgers,no_candidate,,,0,,,,,,
2025,66,2,CB-B,Aaron Walton,Arizona,4YR JR,Cleveland Guardians,matched_exact_name,100.0,100.0,1,Aaron Walton,9109899,ARIZ,University of Arizona,,
2025,67,2,SUP-2,Dean Moss,IMG Academy,HS SR,Tampa Bay Rays,no_candidate,,,0,,,,,,
2025,68,2,SUP-2,Frank Cairone,Delsea Reg HS,HS SR,Milwaukee Brewers,no_candidate,,,0,,,,,,
2025,69,2,CB-B,JT Quinn,Georgia,4YR JR,Baltimore Orioles,matched_exact_name,100.0,100.0,1,JT Quinn,9297175,UGA,University of Georgia,,
2025,70,2,CB-B,Will Hynes,Lorne Park SS,HS SR,Cleveland Guardians,no_candidate,,,0,,,,,,
2025,71,2,CB-B,Justin Lamkin,Texas A&M,4YR JR,Kansas City Royals,matched_exact_name,100.0,100.0,1,Justin Lamkin,8889384,TA&M,Texas A&M University,,
2025,72,2,CB-B,Tanner Franklin,Tennessee,4YR JR,St. Louis Cardinals,matched_exact_name,100.0,100.0,1,Tanner Franklin,9104661,TENN,University of Tennessee Knoxville,,
2025,73,2,CB-B,Murf Gray,Fresno State,4YR JR,Pittsburgh Pirates,no_candidate,,,0,,,,,,
2025,74,2,CB-B,Max Belyeu,Texas,4YR JR,Colorado Rockies,matched_exact_name,100.0,100.0,1,Max Belyeu,8894428,TEX,University of Texas at Austin,,
2025,75,2,2C,Henry Godbout,Virginia,4YR JR,Boston Red Sox,matched_exact_name,100.0,100.0,1,Henry Godbout,8896232,UVA,University of Virginia,,
2025,76,3,3,Kyle Lodise,Georgia Tech,4YR JR,Chicago White Sox,matched_exact_name,100.0,100.0,1,Kyle Lodise,9102077,GT,Georgia Institute of Technology,,
2025,77,3,3,Ethan Hedges,USC,4YR JR,Colorado Rockies,matched_exact_name,100.0,100.0,1,Ethan Hedges,8874711,USC,University of Southern California,,
2025,78,3,3,Max Williams,Florida State,4YR JR,Miami Marlins,matched_exact_name,100.0,100.0,1,Max Williams,8898375,FSU,Florida State University,,
2025,79,3,3,Johnny Slawinski,Lyndon B. Johnson HS,HS SR,Los Angeles Angels,no_candidate,,,0,,,,,,
2025,80,3,3,Landon Harmon,East Union Attendance Center HS,HS SR,Washington Nationals,rejected_fuzzy_school_guard,85.7,29.3,1,,,,,Landon Hairston,29.3
2025,81,3,3,Jake Cook,Southern Mississippi,4YR JR,Toronto Blue Jays,matched_exact_name,100.0,100.0,1,Jake Cook,8881739,USM,University of Southern Mississippi,,
2025,82,3,3,Easton Carmichael,Oklahoma,4YR JR,Pittsburgh Pirates,matched_exact_name,100.0,100.0,1,Easton Carmichael,8877393,OU,University of Oklahoma,,
2025,83,3,3,Mason Morris,Ole Miss,4YR JR,Cincinnati Reds,matched_exact_name,100.0,100.0,1,Mason Morris,8900426,MISS,University of Mississippi,,
2025,84,3,3,Josh Owens,Providence Academy,HS SR,Texas Rangers,no_candidate,,,0,,,,,,
2025,85,3,3,Trevor Cohen,Rutgers,4YR JR,San Francisco Giants,matched_exact_name,100.0,100.0,1,Trevor Cohen,8885309,RUTG,Rutgers University,,
2025,86,3,3,Taitn Gray,Dallas Center-Grimes HS,HS SR,Tampa Bay Rays,no_candidate,,,0,,,,,,
2025,87,3,3,Anthony Eyanson,LSU,4YR JR,Boston Red Sox,matched_exact_name,100.0,100.0,1,Anthony Eyanson,9094041,LSU,Louisiana State University,,
2025,88,3,3,James Ellwanger,Dallas Baptist,4YR SO,Minnesota Twins,matched_exact_name,100.0,100.0,1,James Ellwanger,8895126,DBU,Dallas Baptist University,,
2025,89,3,3,Jack Gurevitch,University of San Diego,4YR SO,St. Louis Cardinals,matched_exact_name,100.0,100.0,1,Jack Gurevitch,8886448,USD,University of San Diego,,
2025,90,3,3,Dominick Reid,Abilene Christian,4YR JR,Chicago Cubs,matched_exact_name,100.0,100.0,1,Dominick Reid,9085520,ACU,Abilene Christian University,,
2025,91,3,3,Griffin Hugus,Miami,4YR JR,Seattle Mariners,matched_exact_name,100.0,100.0,1,Griffin Hugus,9106883,MIA,University of Miami,,
2025,92,3,3,Brian Curley,Georgia,4YR JR,Arizona Diamondbacks,matched_exact_name,100.0,100.0,1,Brian Curley,9297156,UGA,University of Georgia,,
2025,93,3,3,RJ Austin,Vanderbilt,4YR JR,Baltimore Orioles,matched_exact_name,100.0,100.0,1,RJ Austin,8883909,VAN,Vanderbilt University,,
2025,94,3,3,Jacob Morrison,Coastal Carolina,4YR JR,Milwaukee Brewers,matched_exact_name,100.0,100.0,1,Jacob Morrison,8891707,CCU,Coastal Carolina University,,
2025,95,3,3,Ethan Frey,LSU,4YR JR,Houston Astros,matched_exact_name,100.0,100.0,1,Ethan Frey,8879514,LSU,Louisiana State University,,
2025,96,3,3,Cody Miller,East Tennessee State,4YR JR,Atlanta Braves,matched_exact_name,100.0,100.0,1,Cody Miller,8901292,ETSU,East Tennessee State University,,
2025,97,3,3,Cameron Millar,Alhambra HS,HS SR,Kansas City Royals,rejected_fuzzy_school_guard,85.7,48.0,1,,,,,Kameron Miller,48.0
2025,98,3,3,Ben Jacobs,Arizona State,4YR JR,Detroit Tigers,matched_exact_name,100.0,100.0,1,Ben Jacobs,8882479,ASU,Arizona State University,,
2025,99,3,3,Ryan Wideman,Western Kentucky,4YR JR,San Diego Padres,matched_exact_name,100.0,100.0,1,Ryan Wideman,9104680,WKU,Western Kentucky University,,
2025,100,3,3,Cody Bowker,Vanderbilt,4YR JR,Philadelphia Phillies,matched_exact_name,100.0,100.0,1,Cody Bowker,9106707,VAN,Vanderbilt University,,
2025,101,3,3,Nolan Schubart,Oklahoma State,4YR JR,Cleveland Guardians,matched_exact_name,100.0,100.0,1,Nolan Schubart,8874110,OKST,Oklahoma State University,,
2025,102,3,3,Antonio Jimenez,Central Florida,4YR SO,New York Mets,matched_exact_name,100.0,100.0,1,Antonio Jimenez,9090104,UCF,University of Central Florida,,
2025,103,3,3,Kaeden Kent,Texas A&M,4YR JR,New York Yankees,matched_exact_name,100.0,100.0,1,Kaeden Kent,8901305,TA&M,Texas A&M University,,
2025,104,3,3,Landyn Vidourek,Cincinnati,4YR JR,Los Angeles Dodgers,matched_exact_name,100.0,100.0,1,Landyn Vidourek,8902660,CIN,University of Cincinnati,,
2025,105,3,SUP-3,Nate Snead,Tennessee,4YR JR,Los Angeles Angels,matched_exact_name,100.0,100.0,1,Nate Snead,8893500,TENN,University of Tennessee Knoxville,,
2025,106,4,4,Landon Hodge,Crespi Carmelite HS,HS SR,Chicago White Sox,no_candidate,,,0,,,,,,
2025,107,4,4,Riley Kelly,University of California - Irvine,4YR JR,Colorado Rockies,matched_exact_name,100.0,100.0,1,Riley Kelly,8883081,UCI,"University of California, Irvine",,
2025,108,4,4,Drew Faurot,Florida State,4YR JR,Miami Marlins,matched_exact_name,100.0,100.0,1,Drew Faurot,8874096,FSU,Florida State University,,
2025,109,4,4,Jake Munroe,Louisville,4YR JR,Los Angeles Angels,matched_exact_name,100.0,100.0,1,Jake Munroe,9297204,LOU,University of Louisville,,
2025,110,4,4,Gavin Turley,Oregon State,4YR JR,Athletics,matched_exact_name,100.0,100.0,1,Gavin Turley,8886401,ORST,Oregon State University,,
2025,111,4,4,Miguel Sime Jr.,Poly Prep Country Day School,HS SR,Washington Nationals,no_candidate,,,0,,,,,,
2025,112,4,4,Micah Bucknam,Dallas Baptist,4YR JR,Toronto Blue Jays,matched_exact_name,100.0,100.0,1,Micah Bucknam,9104775,DBU,Dallas Baptist University,,
2025,113,4,4,Gustavo Melendez,Colegio Nuestra Señora de la Merced,HS SR,Pittsburgh Pirates,no_candidate,,,0,,,,,,
2025,114,4,4,Mason Neville,Oregon,4YR JR,Cincinnati Reds,matched_exact_name,100.0,100.0,1,Mason Neville,8886116,ORE,University of Oregon,,
2025,115,4,4,Mason McConnaughey,Nebraska,4YR JR,Texas Rangers,matched_exact_name,100.0,100.0,1,Mason McConnaughey,8877573,NEB,University of Nebraska–Lincoln,,
2025,116,4,4,Lorenzo Meola,Stetson,4YR JR,San Francisco Giants,matched_exact_name,100.0,100.0,1,Lorenzo Meola,8882545,STET,Stetson University,,
2025,117,4,4,Dominic Fritton,NC State,4YR JR,Tampa Bay Rays,matched_exact_name,100.0,100.0,1,Dominic Fritton,8892143,NCSU,North Carolina State University,,
2025,118,4,4,Mason White,Arizona,4YR JR,Boston Red Sox,matched_exact_name,100.0,100.0,1,Mason White,8880439,ARIZ,University of Arizona,,
2025,119,4,4,Jason Reitz,Oregon,4YR JR,Minnesota Twins,matched_exact_name,100.0,100.0,1,Jason Reitz,9095713,ORE,University of Oregon,,
2025,120,4,4,Cade Crossland,Oklahoma,4YR JR,St. Louis Cardinals,matched_exact_name,100.0,100.0,1,Cade Crossland,9280282,OU,University of Oklahoma,,
2025,121,4,4,Kaleb Wing,Scotts Valley HS,HS SR,Chicago Cubs,no_candidate,,,0,,,,,,
2025,122,4,4,Mason Peters,Dallas Baptist,4YR JR,Seattle Mariners,matched_exact_name,100.0,100.0,1,Mason Peters,9104815,DBU,Dallas Baptist University,,
2025,123,4,4,Dean Livingston,Hebron Christian Academy,HS SR,Arizona Diamondbacks,no_candidate,,,0,,,,,,
2025,124,4,4,Colin Yeaman,University of California - Irvine,4YR JR,Baltimore Orioles,matched_exact_name,100.0,100.0,1,Colin Yeaman,9030569,UCI,"University of California, Irvine",,
2025,125,4,4,Joshua Flores,Lake Central HS,HS SR,Milwaukee Brewers,no_candidate,,,0,,,,,,
2025,126,4,4,Nick Monistere,Southern Mississippi,4YR JR,Houston Astros,matched_exact_name,100.0,100.0,1,Nick Monistere,8878983,USM,University of Southern Mississippi,,
2025,127,4,4,Briggs McKenzie,Corinth Holders HS,HS SR,Atlanta Braves,no_candidate,,,0,,,,,,
2025,128,4,4,Nolan Sailors,Creighton,4YR SR,Kansas City Royals,matched_exact_name,100.0,100.0,1,Nolan Sailors,8887780,CREI,Creighton University,,
2025,129,4,4,Caleb Leys,University of Maine,4YR SR,Detroit Tigers,matched_exact_name,100.0,100.0,1,Caleb Leys,8886928,ME,University of Maine,,
2025,130,4,4,Michael Salina,St. Bonaventure,4YR JR,San Diego Padres,matched_exact_name,100.0,100.0,1,Michael Salina,8880217,SBU,St. Bonaventure University,,
2025,131,4,4,Sean Youngerman,Oklahoma State,4YR JR,Philadelphia Phillies,matched_exact_name,100.0,100.0,1,Sean Youngerman,9093664,OKST,Oklahoma State University,,
2025,132,4,4,Luke Hill,Ole Miss,4YR JR,Cleveland Guardians,matched_exact_name,100.0,100.0,1,Luke Hill,8877347,MISS,University of Mississippi,,
2025,133,4,4,Peter Kussow,Arrowhead Union HS,HS SR,New York Mets,no_candidate,,,0,,,,,,
2025,134,4,4,Pico Kohn,Mississippi State,4YR SR,New York Yankees,matched_exact_name,100.0,100.0,1,Pico Kohn,8895354,MSST,Mississippi State University,,
2025,135,4,4,Aidan West,Long Reach HS,HS SR,Los Angeles Dodgers,no_candidate,,,0,,,,,,
2025,136,4,4C,Dixon Williams,East Carolina,4YR JR,Atlanta Braves,matched_exact_name,100.0,100.0,1,Dixon Williams,8890669,ECU,East Carolina University,,
2025,137,5,5,Gabe Davis,Oklahoma State,4YR JR,Chicago White Sox,matched_exact_name,100.0,100.0,1,Gabe Davis,8897359,OKST,Oklahoma State University,,
2025,138,5,5,Cameron Nelson,Wake Forest,4YR SO,Colorado Rockies,matched_exact_name,100.0,100.0,1,Cameron Nelson,8881819,WAKE,Wake Forest University,,
2025,139,5,5,Chris Arroyo,Virginia,4YR JR,Miami Marlins,matched_exact_name,100.0,100.0,1,Chris Arroyo,9104799,UVA,University of Virginia,,
2025,140,5,5,CJ Gray,A.L. Brown HS,HS SR,Los Angeles Angels,no_candidate,,,0,,,,,,
2025,141,5,5,Zane Taylor,UNC Wilmington,4YR SR,Athletics,matched_exact_name,100.0,100.0,1,Zane Taylor,8889286,UNCW,University of North Carolina at Wilmington,,
2025,142,5,5,Coy James,Davie HS,HS SR,Washington Nationals,no_candidate,,,0,,,,,,
2025,143,5,5,Tim Piasentin,Foothills Composite HS,HS SR,Toronto Blue Jays,no_candidate,,,0,,,,,,
2025,144,5,5,Adonys Guzman,Arizona,4YR JR,Pittsburgh Pirates,matched_exact_name,100.0,100.0,1,Adonys Guzman,8890926,ARIZ,University of Arizona,,
2025,145,5,5,Eli Pitts,North Atlanta HS,HS SR,Cincinnati Reds,no_candidate,,,0,,,,,,
2025,146,5,5,Ben Abeldt,TCU,4YR JR,Texas Rangers,no_candidate,,,0,,,,,,
2025,147,5,5,James Quinn-Irons,George Mason,4YR JR,Tampa Bay Rays,matched_exact_name,100.0,100.0,1,James Quinn-Irons,8884984,GMU,George Mason University,,
2025,148,5,5,Christian Foutch,Arkansas,4YR JR,Boston Red Sox,matched_exact_name,100.0,100.0,1,Christian Foutch,8881370,ARK,University of Arkansas,,
2025,149,5,5,Matt Barr,SUNY Niagara CC,JC J1,Minnesota Twins,no_candidate,,,0,,,,,,
2025,150,5,5,Ethan Young,East Carolina,4YR JR,St. Louis Cardinals,matched_exact_name,100.0,100.0,1,Ethan Young,9094833,ECU,East Carolina University,,
2025,151,5,5,Kade Snell,Alabama,4YR GR,Chicago Cubs,matched_exact_name,100.0,100.0,1,Kade Snell,8885764,ALA,University of Alabama,,
2025,152,5,5,Korbyn Dickerson,Indiana,4YR JR,Seattle Mariners,matched_exact_name,100.0,100.0,1,Korbyn Dickerson,9095176,IU,Indiana University,,
2025,153,5,5,Nathan Hall,South Carolina,4YR JR,Arizona Diamondbacks,matched_exact_name,100.0,100.0,1,Nathan Hall,9089265,SC,University of South Carolina,,
2025,154,5,5,Jaiden Lo Re,Corona Del Sol HS,HS SR,Baltimore Orioles,no_candidate,,,0,,,,,,
2025,155,5,5,Sean Episcope,Princeton,4YR SO,Milwaukee Brewers,matched_exact_name,100.0,100.0,1,Sean Episcope,8880804,PRIN,Princeton University,,
2025,156,5,5,Nick Potter,Wichita State,4YR JR,Houston Astros,matched_exact_name,100.0,100.0,1,Nick Potter,9105738,WICH,Wichita State University,,
2025,157,5,5,Conor Essenburg,Lincoln-Way West HS,HS SR,Atlanta Braves,rejected_fuzzy_school_guard,87.5,34.5,1,,,,,Connor Westenburg,34.5
2025,158,5,5,Aiden Jimenez,Arkansas,4YR JR,Kansas City Royals,matched_exact_name,100.0,100.0,1,Aiden Jimenez,9089750,ARK,University of Arkansas,,
2025,159,5,5,Ryan Hall,North Gwinnett HS,HS SR,Detroit Tigers,no_candidate,,,0,,,,,,
2025,160,5,5,Ty Harvey,Inspiration Academy,HS SR,San Diego Padres,no_candidate,,,0,,,,,,
2025,161,5,5,Gabe Craig,Baylor,4YR GR,Philadelphia Phillies,matched_exact_name,100.0,100.0,1,Gabe Craig,8884522,BAY,Baylor University,,
2025,162,5,5,Riley Nelson,Vanderbilt,4YR JR,Cleveland Guardians,matched_exact_name,100.0,100.0,1,Riley Nelson,9106709,VAN,Vanderbilt University,,
2025,163,5,5,Peyton Prescott,Florida State,4YR SO,New York Mets,matched_exact_name,100.0,100.0,1,Peyton Prescott,9218580,FSU,Florida State University,,
2025,164,5,5,Core Jackson,Utah,4YR SR,New York Yankees,matched_exact_name,100.0,100.0,1,Core Jackson,9312831,UTAH,University of Utah,,
2025,165,5,5,Davion Hickson,Rice,4YR JR,Los Angeles Dodgers,matched_exact_name,100.0,100.0,1,Davion Hickson,8886240,RICE,Rice University,,
2025,166,6,6,Colby Shelton,Florida,4YR JR,Chicago White Sox,matched_exact_name,100.0,100.0,1,Colby Shelton,8901800,FLA,University of Florida,,
2025,167,6,6,Matt Klein,Louisville,4YR JR,Colorado Rockies,matched_exact_name,100.0,100.0,1,Matt Klein,8901192,LOU,University of Louisville,,
2025,168,6,6,Joey Volini,Florida State,4YR SR,Miami Marlins,matched_exact_name,100.0,100.0,1,Joey Volini,9218575,FSU,Florida State University,,
2025,169,6,6,Luke LaCourse,Bay City Western HS,HS SR,Los Angeles Angels,no_candidate,,,0,,,,,,
2025,170,6,6,Grant Richardson,Grand Canyon University,4YR JR,Athletics,rejected_fuzzy_school_guard,89.7,34.5,1,,,,,Grant Richars,34.5
2025,171,6,6,Boston Smith,Wright State,4YR SR,Washington Nationals,matched_exact_name,100.0,100.0,1,Boston Smith,8900693,WRST,Wright State University,,
2025,172,6,6,Eric Snow,Auburn,4YR JR,Toronto Blue Jays,matched_exact_name,100.0,100.0,1,Eric Snow,9096218,AUB,Auburn University,,
2025,173,6,6,Jack Anker,Fresno State,4YR JR,Pittsburgh Pirates,matched_exact_name,100.0,100.0,1,Jack Anker,8897085,FRES,Fresno State University,,
2025,174,6,6,Braden Osbolt,Kennesaw State,4YR JR,Cincinnati Reds,matched_exact_name,100.0,100.0,1,Braden Osbolt,8879887,KENN,Kennesaw State University,,
2025,175,6,6,Jack Wheeler,Morris HS,HS SR,Texas Rangers,no_candidate,,,0,,,,,,
2025,176,6,6,Jordan Gottesman,Northeastern,4YR 5S,San Francisco Giants,matched_exact_name,100.0,100.0,1,Jordan Gottesman,9215588,NE,Northeastern University,,
2025,177,6,6,Aidan Haugh,North Carolina,4YR SR,Tampa Bay Rays,matched_exact_name,100.0,100.0,1,Aidan Haugh,8881241,UNC,University of North Carolina at Chapel Hill,,
2025,178,6,6,Leighton Finley,Georgia,4YR JR,Boston Red Sox,matched_exact_name,100.0,100.0,1,Leighton Finley,8889947,UGA,University of Georgia,,
2025,179,6,6,Bruin Agbayani,Saint Louis School,HS SR,Minnesota Twins,no_candidate,,,0,,,,,,
2025,180,6,6,Matthew Miura,Hawaii,4YR JR,St. Louis Cardinals,matched_exact_name,100.0,100.0,1,Matthew Miura,8891923,HAW,University of Hawaii Manoa,,
2025,181,6,6,Josiah Hartshorn,Orange Lutheran HS,HS SR,Chicago Cubs,no_candidate,,,0,,,,,,
2025,182,6,6,Lucas Kelly,Arizona State,4YR JR,Seattle Mariners,matched_exact_name,100.0,100.0,1,Lucas Kelly,9218491,ASU,Arizona State University,,
2025,183,6,6,Sawyer Hawks,Vanderbilt,4YR SR,Arizona Diamondbacks,matched_exact_name,100.0,100.0,1,Sawyer Hawks,8879011,VAN,Vanderbilt University,,
2025,184,6,6,Caden Hunter,USC,4YR JR,Baltimore Orioles,matched_exact_name,100.0,100.0,1,Caden Hunter,9298902,USC,University of Southern California,,
2025,185,6,6,Daniel Dickinson,LSU,4YR JR,Milwaukee Brewers,matched_exact_name,100.0,100.0,1,Daniel Dickinson,9094034,LSU,Louisiana State University,,
2025,186,6,6,Gabel Pentecost,Taylor University,4YR JR,Houston Astros,no_candidate,,,0,,,,,,
2025,187,6,6,Landon Beidelschies,Arkansas,4YR JR,Atlanta Braves,matched_exact_name,100.0,100.0,1,Landon Beidelschies,9089754,ARK,University of Arkansas,,
2025,188,6,6,Tyriq Kemp,Baylor,4YR SR,Kansas City Royals,matched_exact_name,100.0,100.0,1,Tyriq Kemp,8881138,BAY,Baylor University,,
2025,189,6,6,Grayson Grinsell,Oregon,4YR JR,Detroit Tigers,matched_exact_name,100.0,100.0,1,Grayson Grinsell,8896392,ORE,University of Oregon,,
2025,190,6,6,Jaxon Dalena,Shippensburg University,4YR 5S,San Diego Padres,no_candidate,,,0,,,,,,
2025,191,6,6,James Tallon,Duke,4YR JR,Philadelphia Phillies,matched_exact_name,100.0,100.0,1,James Tallon,8895264,DUKE,Duke University,,
2025,192,6,6,Nelson Keljo,Oregon State,4YR JR,Cleveland Guardians,matched_exact_name,100.0,100.0,1,Nelson Keljo,8881304,ORST,Oregon State University,,
2025,193,6,6,Nathan Hall,University of Central Missouri,4YR JR,New York Mets,rejected_fuzzy_school_guard,90.9,73.7,1,,,,,Nathan Ball,73.7
2025,194,6,6,Rory Fox,Notre Dame,4YR JR,New York Yankees,matched_exact_name,100.0,100.0,1,Rory Fox,8894469,ND,University of Notre Dame,,
2025,195,6,6,Mason Ligenza,Tamaqua Area HS,HS SR,Los Angeles Dodgers,no_candidate,,,0,,,,,,
2025,196,7,7,Anthony DePino,University of Rhode Island,4YR SR,Chicago White Sox,matched_exact_name,100.0,100.0,1,Anthony DePino,8901062,URI,University of Rhode Island,,
2025,197,7,7,Antoine Jean,Houston,4YR GR,Colorado Rockies,matched_exact_name,100.0,100.0,1,Antoine Jean,9100689,HOU,University of Houston,,
2025,198,7,7,Jake Clemente,Florida,4YR JR,Miami Marlins,matched_exact_name,100.0,100.0,1,Jake Clemente,8881124,FLA,University of Florida,,
2025,199,7,7,Lucas Mahlstedt,Clemson,4YR SR,Los Angeles Angels,matched_exact_name,100.0,100.0,1,Lucas Mahlstedt,8902144,CLEM,Clemson University,,
2025,200,7,7,Logan Sauve,West Virginia,4YR JR,Athletics,matched_exact_name,100.0,100.0,1,Logan Sauve,8881820,WVU,West Virginia University,,
2025,201,7,7,Julian Tonghini,Arizona,4YR SR,Washington Nationals,matched_exact_name,100.0,100.0,1,Julian Tonghini,9109910,ARIZ,University of Arizona,,
2025,202,7,7,Dylan Watts,Auburn,4YR JR,Toronto Blue Jays,matched_exact_name,100.0,100.0,1,Dylan Watts,8879490,AUB,Auburn University,,
2025,203,7,7,Brent Iredale,Arkansas,4YR JR,Pittsburgh Pirates,matched_exact_name,100.0,100.0,1,Brent Iredale,9089757,ARK,University of Arkansas,,
2025,204,7,7,Justin Henschel,Florida Gulf Coast University,4YR JR,Cincinnati Reds,matched_exact_name,100.0,100.0,1,Justin Henschel,8888036,FGCU,Florida Gulf Coast University,,
2025,205,7,7,Paxton Kling,Penn State,4YR JR,Texas Rangers,matched_exact_name,100.0,100.0,1,Paxton Kling,9102183,PSU,Penn State University,,
2025,206,7,7,Cam Maldonado,Northeastern,4YR JR,San Francisco Giants,matched_exact_name,100.0,100.0,1,Cam Maldonado,8878362,NE,Northeastern University,,
2025,207,7,7,Jacob Kuhn,Midland College,JC J1,Tampa Bay Rays,no_candidate,,,0,,,,,,
2025,208,7,7,Myles Patton,Texas A&M,4YR JR,Boston Red Sox,matched_exact_name,100.0,100.0,1,Myles Patton,9107779,TA&M,Texas A&M University,,
2025,209,7,7,Jacob McCombs,University of California - Irvine,4YR SO,Minnesota Twins,matched_exact_name,100.0,100.0,1,Jacob McCombs,9030548,UCI,"University of California, Irvine",,
2025,210,7,7,Payton Graham,Gonzaga,4YR JR,St. Louis Cardinals,matched_exact_name,100.0,100.0,1,Payton Graham,8893358,GONZ,Gonzaga University,,
2025,211,7,7,Pierce Coppola,Florida,4YR SR,Chicago Cubs,matched_exact_name,100.0,100.0,1,Pierce Coppola,8879495,FLA,University of Florida,,
2025,212,7,7,Colton Shaw,Yale,4YR SR,Seattle Mariners,matched_exact_name,100.0,100.0,1,Colton Shaw,8893766,YALE,Yale University,,
2025,213,7,7,Joe Ariola,Wake Forest,4YR JR,Arizona Diamondbacks,matched_exact_name,100.0,100.0,1,Joe Ariola,8874232,WAKE,Wake Forest University,,
2025,214,7,7,Hunter Allen,Ashland University,4YR SR,Baltimore Orioles,rejected_school_guard,100.0,41.4,1,,,,,Hunter Allen,41.4
2025,215,7,7,Josiah Ragsdale,Boston College,4YR JR,Milwaukee Brewers,matched_exact_name,100.0,100.0,1,Josiah Ragsdale,9218523,BC,Boston College,,
2025,216,7,7,Jase Mitchell,Cape Henlopen HS,HS SR,Houston Astros,no_candidate,,,0,,,,,,
2025,217,7,7,Zach Royse,UTSA,4YR JR,Atlanta Braves,matched_exact_name,100.0,100.0,1,Zach Royse,8884045,UTSA,University of Texas at San Antonio,,
2025,218,7,7,Bryson Dudley,Texas State,4YR JR,Kansas City Royals,matched_exact_name,100.0,100.0,1,Bryson Dudley,9298715,TXST,Texas State University,,
2025,219,7,7,Cale Wetwiska,Northern Oklahoma College-Enid,JC J2,Detroit Tigers,no_candidate,,,0,,,,,,
2025,220,7,7,Kerrington Cross,Cincinnati,4YR 5S,San Diego Padres,matched_exact_name,100.0,100.0,1,Kerrington Cross,8889829,CIN,University of Cincinnati,,
2025,221,7,7,Matthew Fisher,Memorial HS,HS SR,Philadelphia Phillies,no_candidate,,,0,,,,,,
2025,222,7,7,Will McCausland,Ole Miss,4YR JR,Cleveland Guardians,matched_exact_name,100.0,100.0,1,Will McCausland,9098329,MISS,University of Mississippi,,
2025,223,7,7,Cam Tilly,Auburn,4YR SO,New York Mets,matched_exact_name,100.0,100.0,1,Cam Tilly,8883532,AUB,Auburn University,,
2025,224,7,7,Richie Bonomolo Jr.,Alabama,4YR JR,New York Yankees,matched_exact_name,100.0,100.0,1,Richie Bonomolo Jr.,9280211,ALA,University of Alabama,,
2025,225,7,7,Mason Estrada,MIT,4YR SO,Los Angeles Dodgers,no_candidate,,,0,,,,,,
2025,226,8,8,Blaine Wynk,Ohio State,4YR JR,Chicago White Sox,matched_exact_name,100.0,100.0,1,Blaine Wynk,8890207,OSU,Ohio State University,,
2025,227,8,8,Tanner Thach,UNC Wilmington,4YR JR,Colorado Rockies,matched_exact_name,100.0,100.0,1,Tanner Thach,8898297,UNCW,University of North Carolina at Wilmington,,
2025,228,8,8,Emilio Barreras,Grand Canyon University,4YR JR,Miami Marlins,matched_exact_name,100.0,100.0,1,Emilio Barreras,8897261,GCU,Grand Canyon University,,
2025,229,8,8,Isaiah Jackson,Arizona State,4YR JR,Los Angeles Angels,matched_exact_name,100.0,100.0,1,Isaiah Jackson,8889859,ASU,Arizona State University,,
2025,230,8,8,Corey Braun,South Florida,4YR SR,Athletics,matched_exact_name,100.0,100.0,1,Corey Braun,9114117,USF,University of South Florida,,
2025,231,8,8,Riley Maddox,Ole Miss,4YR SR,Washington Nationals,matched_exact_name,100.0,100.0,1,Riley Maddox,8880482,MISS,University of Mississippi,,
2025,232,8,8,Danny Thompson Jr.,UNC Greensboro,4YR 5S,Toronto Blue Jays,matched_school_surname,0.0,100.0,1,Daniel Thompson,8890654,UNCG,University of North Carolina at Greensboro,,
2025,233,8,8,Josh Tate,Georgia Southern,4YR JR,Pittsburgh Pirates,matched_exact_name,100.0,100.0,1,Josh Tate,8900577,GASO,Georgia Southern University,,
2025,234,8,8,Kyle McCoy,Maryland,4YR JR,Cincinnati Reds,matched_exact_name,100.0,100.0,1,Kyle McCoy,8890370,MD,University of Maryland,,
2025,235,8,8,Evan Siary,Mississippi State,4YR JR,Texas Rangers,matched_exact_name,100.0,100.0,1,Evan Siary,8902364,MSST,Mississippi State University,,
2025,236,8,8,Ben Bybee,Arkansas,4YR JR,San Francisco Giants,matched_exact_name,100.0,100.0,1,Ben Bybee,8895224,ARK,University of Arkansas,,
2025,237,8,8,Aidan Cremarosa,Fresno State,4YR JR,Tampa Bay Rays,matched_exact_name,100.0,100.0,1,Aidan Cremarosa,8892606,FRES,Fresno State University,,
2025,238,8,8,Dylan Brown,Old Dominion,4YR JR,Boston Red Sox,matched_exact_name,100.0,100.0,2,Dylan Brown,8887558,ODU,Old Dominion University,,
2025,239,8,8,Ryan Sprock,Elon University,4YR JR,Minnesota Twins,matched_exact_name,100.0,100.0,1,Ryan Sprock,8896694,ELON,Elon University,,
2025,240,8,8,Ryan Weingartner,Penn State,4YR JR,St. Louis Cardinals,matched_exact_name,100.0,100.0,1,Ryan Weingartner,9102114,PSU,Penn State University,,
2025,241,8,8,Jake Knapp,North Carolina,4YR GR,Chicago Cubs,matched_exact_name,100.0,100.0,1,Jake Knapp,9296624,UNC,University of North Carolina at Chapel Hill,,
2025,242,8,8,Danny Macchiarola,Holy Cross,4YR JR,Seattle Mariners,matched_exact_name,100.0,100.0,1,Danny Macchiarola,8875929,HC,College of the Holy Cross,,
2025,243,8,8,Jack Martinez,Arizona State,4YR SR,Arizona Diamondbacks,matched_exact_name,100.0,100.0,1,Jack Martinez,9298296,ASU,Arizona State University,,
2025,244,8,8,Kailen Hamson,University of the Cumberlands,4YR SR,Baltimore Orioles,no_candidate,,,0,,,,,,
2025,245,8,8,Hayden Vucinovich,Bloomington Jefferson HS,HS SR,Milwaukee Brewers,no_candidate,,,0,,,,,,
2025,246,8,8,Kyle Walker,Arizona State,4YR JR,Houston Astros,matched_exact_name,100.0,100.0,1,Kyle Walker,9218489,ASU,Arizona State University,,
2025,247,8,8,Carter Lovasz,William & Mary,4YR SR,Atlanta Braves,matched_exact_name,100.0,100.0,1,Carter Lovasz,8900549,W&M,College of William & Mary,,
2025,248,8,8,Brooks Bryan,Troy University,4YR JR,Kansas City Royals,matched_exact_name,100.0,100.0,1,Brooks Bryan,8885730,TROY,Troy University,,
2025,249,8,8,Nick Dumesnil,California Baptist University,4YR JR,Detroit Tigers,matched_school_surname,0.0,100.0,1,Nicholas Dumesnil,8889585,CBU,California Baptist University,,
2025,250,8,8,Jamie Hitt,Oklahoma,4YR 5S,San Diego Padres,matched_fuzzy_name,90.0,100.0,1,James Hitt,8892420,OU,University of Oklahoma,,
2025,251,8,8,Brian Walters,Miami,4YR SR,Philadelphia Phillies,matched_exact_name,100.0,100.0,1,Brian Walters,8895553,MIA,University of Miami,,
2025,252,8,8,Anthony Martinez,University of California - Irvine,4YR JR,Cleveland Guardians,matched_exact_name,100.0,100.0,1,Anthony Martinez,8887898,UCI,"University of California, Irvine",,
2025,253,8,8,Camden Lohman,Ft. Zumwalt North HS,HS SR,New York Mets,no_candidate,,,0,,,,,,
2025,254,8,8,Mac Heuer,Texas Tech,4YR SO,New York Yankees,matched_exact_name,100.0,100.0,1,Mac Heuer,8895231,TTU,Texas Tech University,,
2025,255,8,8,Jack O'Connor,Virginia,4YR JR,Los Angeles Dodgers,matched_exact_name,100.0,100.0,2,Jack O'Connor,8895659,UVA,University of Virginia,,
2025,256,9,9,Riley Eikhoff,Coastal Carolina,4YR GR,Chicago White Sox,matched_exact_name,100.0,100.0,1,Riley Eikhoff,8901698,CCU,Coastal Carolina University,,
2025,257,9,9,Zach Rogacki,SUNY Binghamton,4YR SR,Colorado Rockies,matched_exact_name,100.0,100.0,1,Zach Rogacki,8886079,BING,Binghamton University,,
2025,258,9,9,Kaiden Wilson,Texas A&M,4YR SO,Miami Marlins,matched_exact_name,100.0,100.0,1,Kaiden Wilson,8896588,TA&M,Texas A&M University,,
2025,259,9,9,Slate Alford,Georgia,4YR SR,Los Angeles Angels,matched_exact_name,100.0,100.0,1,Slate Alford,8883661,UGA,University of Georgia,,
2025,260,9,9,Daniel Bucciero,Fordham,4YR JR,Athletics,matched_exact_name,100.0,100.0,1,Daniel Bucciero,8896837,FOR,Fordham University,,
2025,261,9,9,Wyatt Henseler,Texas A&M,4YR 5S,Washington Nationals,matched_exact_name,100.0,100.0,1,Wyatt Henseler,9107774,TA&M,Texas A&M University,,
2025,262,9,9,Karson Ligon,Mississippi State,4YR SR,Toronto Blue Jays,matched_exact_name,100.0,100.0,1,Karson Ligon,8899384,MSST,Mississippi State University,,
2025,263,9,9,Jared Jones,LSU,4YR JR,Pittsburgh Pirates,matched_exact_name,100.0,100.0,1,Jared Jones,8886848,LSU,Louisiana State University,,
2025,264,9,9,Kien Vu,Arizona State,4YR JR,Cincinnati Reds,matched_exact_name,100.0,100.0,1,Kien Vu,8894429,ASU,Arizona State University,,
2025,265,9,9,Owen Proksch,Duke,4YR JR,Texas Rangers,matched_exact_name,100.0,100.0,1,Owen Proksch,8876084,DUKE,Duke University,,
2025,266,9,9,Reid Worley,Cherokee HS,HS SR,San Francisco Giants,no_candidate,,,0,,,,,,
2025,267,9,9,Mason Nichols,Ole Miss,4YR SR,Tampa Bay Rays,matched_exact_name,100.0,100.0,1,Mason Nichols,8895153,MISS,University of Mississippi,,
2025,268,9,9,Jacob Mayers,LSU,4YR JR,Boston Red Sox,matched_exact_name,100.0,100.0,1,Jacob Mayers,9094063,LSU,Louisiana State University,,
2025,269,9,9,Justin Mitrovich,Elon University,4YR JR,Minnesota Twins,matched_exact_name,100.0,100.0,1,Justin Mitrovich,8898947,ELON,Elon University,,
2025,270,9,9,Michael Dattalo,Dallas Baptist,4YR JR,St. Louis Cardinals,matched_exact_name,100.0,100.0,1,Michael Dattalo,8881597,DBU,Dallas Baptist University,,
2025,271,9,9,Colton Book,Saint Joseph's,4YR JR,Chicago Cubs,matched_exact_name,100.0,100.0,1,Colton Book,9114690,JOES,St. Joseph's University,,
2025,272,9,9,Jackson Steensma,Appalachian State,4YR JR,Seattle Mariners,no_candidate,,,0,,,,,,
2025,273,9,9,Wallace Clark,Duke,4YR SR,Arizona Diamondbacks,matched_exact_name,100.0,100.0,1,Wallace Clark,8898407,DUKE,Duke University,,
2025,274,9,9,Cam Lee,Mineral Area JC,JC J1,Baltimore Orioles,rejected_fuzzy_school_guard,85.7,15.4,1,,,,,Sam Lee,15.4
2025,275,9,9,Andrew Healy,Duke,4YR JR,Milwaukee Brewers,matched_exact_name,100.0,100.0,1,Andrew Healy,8877630,DUKE,Duke University,,
2025,276,9,9,Kellan Oakes,Oregon State,4YR JR,Houston Astros,matched_exact_name,100.0,100.0,1,Kellan Oakes,8876086,ORST,Oregon State University,,
2025,277,9,9,Logan Braunschweig,UAB,4YR SR,Atlanta Braves,matched_exact_name,100.0,100.0,1,Logan Braunschweig,8889805,UAB,University of Alabama at Birmingham,,
2025,278,9,9,Shane Van Dam,NC State,4YR JR,Kansas City Royals,matched_exact_name,100.0,100.0,1,Shane Van Dam,8877900,NCSU,North Carolina State University,,
2025,279,9,9,Trevor Heishman,St. John Bosco HS,HS SR,Detroit Tigers,no_candidate,,,0,,,,,,
2025,280,9,9,Will Koger,Arizona State,4YR SR,San Diego Padres,matched_exact_name,100.0,100.0,1,Will Koger,9298293,ASU,Arizona State University,,
2025,281,9,9,Matthew Ferrara,Toms River HS East,HS SR,Philadelphia Phillies,no_candidate,,,0,,,,,,
2025,282,9,9,Ryan Prager,Texas A&M,4YR SR,Cleveland Guardians,matched_exact_name,100.0,100.0,1,Ryan Prager,8881633,TA&M,Texas A&M University,,
2025,283,9,9,Anthony Frobose,Lakeland HS,HS SR,New York Mets,no_candidate,,,0,,,,,,
2025,284,9,9,Blake Gillespie,UNC Charlotte,4YR JR,New York Yankees,matched_exact_name,100.0,100.0,1,Blake Gillespie,9098295,CLT,University of North Carolina at Charlotte,,
2025,285,9,9,Conner O'Neal,Southeastern Louisiana U,4YR SR,Los Angeles Dodgers,matched_exact_name,100.0,100.0,1,Conner O'Neal,8884247,SELA,Southeastern Louisiana University,,
2025,286,10,10,Daniel Wright,Iowa,4YR GR,Chicago White Sox,matched_fuzzy_name,87.0,100.0,1,Dan Wright,9099515,IOWA,University of Iowa,,
2025,287,10,10,Austin Newton,South Florida,4YR JR,Colorado Rockies,matched_exact_name,100.0,100.0,1,Austin Newton,8897074,USF,University of South Florida,,
2025,288,10,10,Jake McCutcheon,Missouri State,4YR JR,Miami Marlins,matched_exact_name,100.0,100.0,1,Jake McCutcheon,8879294,MOST,Missouri State University,,
2025,289,10,10,Nick Rodriguez,Missouri State,4YR SR,Los Angeles Angels,matched_exact_name,100.0,100.0,1,Nick Rodriguez,8876436,MOST,Missouri State University,,
2025,290,10,10,Samuel Dutton,Auburn,4YR SR,Athletics,matched_exact_name,100.0,100.0,1,Samuel Dutton,9096209,AUB,Auburn University,,
2025,291,10,10,Hunter Hines,Mississippi State,4YR SR,Washington Nationals,matched_exact_name,100.0,100.0,1,Hunter Hines,8899075,MSST,Mississippi State University,,
2025,292,10,10,Austin Smith,University of San Diego,4YR SR,Toronto Blue Jays,matched_exact_name,100.0,100.0,1,Austin Smith,8891334,USD,University of San Diego,,
2025,293,10,10,Matt King,Arizona State,4YR SR,Pittsburgh Pirates,matched_exact_name,100.0,100.0,1,Matt King,9218492,ASU,Arizona State University,,
2025,294,10,10,Ty Doucette,Rutgers,4YR SO,Cincinnati Reds,matched_exact_name,100.0,100.0,1,Ty Doucette,8883825,RUTG,Rutgers University,,
2025,295,10,10,J.D. McReynolds,University of Central Missouri,4YR SR,Texas Rangers,no_candidate,,,0,,,,,,
2025,296,10,10,Isaiah Barkett,Stetson,4YR JR,San Francisco Giants,matched_exact_name,100.0,100.0,1,Isaiah Barkett,8895379,STET,Stetson University,,
2025,297,10,10,Trendan Parish,Texas Tech,4YR SR,Tampa Bay Rays,matched_exact_name,100.0,100.0,1,Trendan Parish,8883226,TTU,Texas Tech University,,
2025,298,10,10,Maximus Martin,Kansas State,4YR JR,Boston Red Sox,matched_exact_name,100.0,100.0,1,Maximus Martin,9093638,KSU,Kansas St.,,
2025,299,10,10,Shai Robinson,Illinois State,4YR JR,Minnesota Twins,matched_exact_name,100.0,100.0,1,Shai Robinson,8877871,ILST,Illinois State University,,
2025,300,10,10,Ty Van Dyke,Stetson,4YR SR,St. Louis Cardinals,matched_fuzzy_name,95.2,100.0,1,Ty VanDyke,8880789,STET,Stetson University,,
2025,301,10,10,Justin Stransky,Fresno State,4YR SR,Chicago Cubs,matched_exact_name,100.0,100.0,1,Justin Stransky,8900068,FRES,Fresno State University,,
2025,302,10,10,Isaac Lyon,Grand Canyon University,4YR JR,Seattle Mariners,matched_exact_name,100.0,100.0,1,Isaac Lyon,8882152,GCU,Grand Canyon University,,
2025,303,10,10,Brady Counsell,Kansas,4YR SR,Arizona Diamondbacks,matched_exact_name,100.0,100.0,1,Brady Counsell,9115460,KU,University of Kansas,,
2025,304,10,10,Dalton Neuschwander,University of West Florida,4YR 5S,Baltimore Orioles,no_candidate,,,0,,,,,,
2025,305,10,10,Braylon Owens,UTSA,4YR SR,Milwaukee Brewers,matched_exact_name,100.0,100.0,1,Braylon Owens,8885171,UTSA,University of Texas at San Antonio,,
2025,306,10,10,Zach Daudet,Cal Poly San Luis Obispo,4YR SR,Houston Astros,matched_exact_name,100.0,100.0,1,Zach Daudet,8882578,CP,California Polytechnic State University,,
2025,307,10,10,Kade Woods,LSU,4YR SR,Atlanta Braves,matched_exact_name,100.0,100.0,1,Kade Woods,8891833,LSU,Louisiana State University,,
2025,308,10,10,Max Martin,University of California - Irvine,4YR JR,Kansas City Royals,matched_exact_name,100.0,100.0,1,Max Martin,8874546,UCI,"University of California, Irvine",,
2025,309,10,10,Edian Espinal,Central Florida,4YR JR,Detroit Tigers,matched_exact_name,100.0,100.0,1,Edian Espinal,9090122,UCF,University of Central Florida,,
2025,310,10,10,Justin DeCriscio,NC State,4YR SR,San Diego Padres,matched_exact_name,100.0,100.0,1,Justin DeCriscio,9106238,NCSU,North Carolina State University,,
2025,311,10,10,Cole Gilley,Indiana,4YR GR,Philadelphia Phillies,matched_exact_name,100.0,100.0,1,Cole Gilley,9095186,IU,Indiana University,,
2025,312,10,10,Harrison Bodendorf,Oklahoma State,4YR JR,Cleveland Guardians,matched_exact_name,100.0,100.0,1,Harrison Bodendorf,9093653,OKST,Oklahoma State University,,
2025,313,10,10,Tyler McLoughlin,Georgia,4YR 5S,New York Mets,matched_exact_name,100.0,100.0,1,Tyler McLoughlin,9297186,UGA,University of Georgia,,
2025,314,10,10,Connor McGinnis,Houston,4YR JR,New York Yankees,matched_exact_name,100.0,100.0,1,Connor McGinnis,9100762,HOU,University of Houston,,
2025,315,10,10,Jacob Frost,Kansas State,4YR SR,Los Angeles Dodgers,matched_exact_name,100.0,100.0,1,Jacob Frost,8897868,KSU,Kansas St.,,
2025,316,11,11,Matthew Boughton,Covenant HS,HS SR,Chicago White Sox,no_candidate,,,0,,,,,,
2025,317,11,11,Zach Harris,Georgia,4YR JR,Colorado Rockies,matched_fuzzy_name,88.0,100.0,1,Zachary Harris,8885845,UGA,University of Georgia,,
2025,318,11,11,Jadon Williamson,Lewis-Clark State College,4YR 5S,Miami Marlins,no_candidate,,,0,,,,,,
2025,319,11,11,Alton Davis II,Georgia,4YR JR,Los Angeles Angels,matched_exact_name,100.0,100.0,1,Alton Davis II,9297191,UGA,University of Georgia,,
2025,320,11,11,Bobby Boser,Florida,4YR SR,Athletics,matched_exact_name,100.0,100.0,1,Bobby Boser,9090981,FLA,University of Florida,,
2025,321,11,11,Jack Moroknek,Butler,4YR SR,Washington Nationals,matched_exact_name,100.0,100.0,1,Jack Moroknek,8887410,BUT,Butler University,,
2025,322,11,11,Jared Spencer,Texas,4YR SR,Toronto Blue Jays,matched_exact_name,100.0,100.0,1,Jared Spencer,9217629,TEX,University of Texas at Austin,,
2025,323,11,11,Dylan Palmer,Hofstra,4YR JR,Pittsburgh Pirates,matched_exact_name,100.0,100.0,1,Dylan Palmer,8902096,HOF,Hofstra University,,
2025,324,11,11,Jake Brink,College of Charleston,4YR JR,Cincinnati Reds,matched_exact_name,100.0,100.0,1,Jake Brink,8897843,COFC,College of Charleston,,
2025,325,11,11,Jacob Johnson,Pearl River CC,JC J1,Texas Rangers,rejected_fuzzy_school_guard,88.0,7.4,1,,,,,Jack Johnson,7.4
2025,326,11,11,Rod Barajas Jr.,Saddleback College,JC J3,San Francisco Giants,no_candidate,,,0,,,,,,
2025,327,11,11,Luke Jackson,Texas A&M,4YR JR,Tampa Bay Rays,matched_exact_name,100.0,100.0,1,Luke Jackson,8892696,TA&M,Texas A&M University,,
2025,328,11,11,Barrett Morgan,Cowley County CC,JC J2,Boston Red Sox,no_candidate,,,0,,,,,,
2025,329,11,11,Ryan Daniels,Connecticut,4YR JR,Minnesota Twins,matched_exact_name,100.0,100.0,1,Ryan Daniels,8896421,CONN,University of Connecticut,,
2025,330,11,11,Jalin Flores,Texas,4YR JR,St. Louis Cardinals,matched_exact_name,100.0,100.0,1,Jalin Flores,8875512,TEX,University of Texas at Austin,,
2025,331,11,11,Eli Jerzembeck,South Carolina,4YR JR,Chicago Cubs,no_candidate,,,0,,,,,,
2025,332,11,11,Dusty Revis,Western Carolina,4YR SR,Seattle Mariners,matched_exact_name,100.0,100.0,1,Dusty Revis,8899646,WCU,Western Carolina University,,
2025,333,11,11,Luke Dotson,Mississippi State,4YR SO,Arizona Diamondbacks,matched_exact_name,100.0,100.0,1,Luke Dotson,8893805,MSST,Mississippi State University,,
2025,334,11,11,Holden deJong,New Jersey Institute of Technology,4YR JR,Baltimore Orioles,matched_exact_name,100.0,100.0,1,Holden DeJong,8874672,NJIT,New Jersey Institute of Technology,,
2025,335,11,11,CJ Hughes,Junipero Serra HS,HS SR,Milwaukee Brewers,rejected_fuzzy_school_guard,88.9,16.0,1,,,,,PJ Hughes,16.0
2025,336,11,11,Justin Thomas,Arkansas,4YR JR,Houston Astros,matched_fuzzy_name,86.7,100.0,1,Justin Thomas Jr.,9089748,ARK,University of Arkansas,,
2025,337,11,11,Colin Daniel,U Alabama Birmingham,4YR JR,Atlanta Braves,matched_exact_name,100.0,100.0,1,Colin Daniel,8888099,UAB,University of Alabama at Birmingham,,
2025,338,11,11,Hunter Alberini,Arizona,4YR JR,Kansas City Royals,matched_exact_name,100.0,100.0,1,Hunter Alberini,9109945,ARIZ,University of Arizona,,
2025,339,11,11,River Hamilton,Sam Barlow HS,HS SR,Detroit Tigers,no_candidate,,,0,,,,,,
2025,340,11,11,Truitt Madonna,Ballard HS,HS SR,San Diego Padres,no_candidate,,,0,,,,,,
2025,341,11,11,Will Vierling,Murray State University,4YR JR,Philadelphia Phillies,matched_exact_name,100.0,100.0,1,Will Vierling,9218754,MUR,Murray State University,,
2025,342,11,11,Tyler Howard,University of Portland,4YR JR,Cleveland Guardians,matched_exact_name,100.0,100.0,2,Tyler Howard,8876451,PORT,University of Portland,,
2025,343,11,11,Wyatt Vincent,Nixa HS,HS SR,New York Mets,no_candidate,,,0,,,,,,
2025,344,11,11,Ben Grable,Indiana,4YR 5S,New York Yankees,matched_exact_name,100.0,100.0,1,Ben Grable,9095172,IU,Indiana University,,
2025,345,11,11,Dylan Tate,Oklahoma,4YR JR,Los Angeles Dodgers,matched_exact_name,100.0,100.0,1,Dylan Tate,9280286,OU,University of Oklahoma,,
2025,346,12,12,Ely Brown,Mercer U,4YR JR,Chicago White Sox,matched_exact_name,100.0,100.0,1,Ely Brown,8873842,MER,Mercer University,,
2025,347,12,12,Brady Parker,Houston-Victoria,4YR JR,Colorado Rockies,no_candidate,,,0,,,,,,
2025,348,12,12,Wilson Weber,Oregon State,4YR SR,Miami Marlins,matched_exact_name,100.0,100.0,1,Wilson Weber,8877939,ORST,Oregon State University,,
2025,349,12,12,Talon Haley,Lewisburg HS,HS SR,Los Angeles Angels,no_candidate,,,0,,,,,,
2025,350,12,12,Alex Barr,Kankakee Valley HS,HS SR,Athletics,rejected_fuzzy_school_guard,90.0,31.2,2,,,,,Alex Barger,31.2
2025,351,12,12,Ben Moore,Old Dominion,4YR JR,Washington Nationals,matched_exact_name,100.0,100.0,1,Ben Moore,8879086,ODU,Old Dominion University,,
2025,352,12,12,Blaine Bullard,Klein Cain HS,HS SR,Toronto Blue Jays,no_candidate,,,0,,,,,,
2025,353,12,12,Cameron Keshock,Samford University,4YR JR,Pittsburgh Pirates,matched_exact_name,100.0,100.0,1,Cameron Keshock,9218845,SAM,Samford,,
2025,354,12,12,Carson Latimer,Sacramento State,4YR JR,Cincinnati Reds,matched_exact_name,100.0,100.0,1,Carson Latimer,9107177,SAC,Sacramento State University,,
2025,355,12,12,Jake Barbee,Jay M Robinson HS,HS SR,Texas Rangers,no_candidate,,,0,,,,,,
2025,356,12,12,Cody Delvecchio,UCLA,4YR JR,San Francisco Giants,matched_exact_name,100.0,100.0,1,Cody Delvecchio,8881392,UCLA,"University of California, Los Angeles",,
2025,357,12,12,Brady Jones,Georgia Tech,4YR JR,Tampa Bay Rays,matched_exact_name,100.0,100.0,1,Brady Jones,9102298,GT,Georgia Institute of Technology,,
2025,358,12,12,Ethan Walker,Kentucky,4YR JR,Boston Red Sox,matched_exact_name,100.0,100.0,3,Ethan Walker,9093468,UK,University of Kentucky,,
2025,359,12,12,Kolten Smith,Georgia,4YR JR,Minnesota Twins,matched_exact_name,100.0,100.0,1,Kolten Smith,8888146,UGA,University of Georgia,,
2025,360,12,12,Kaden Echeman,Northern Kentucky,4YR SR,St. Louis Cardinals,matched_exact_name,100.0,100.0,1,Kaden Echeman,8896806,NKU,Northern Kentucky University,,
2025,361,12,12,Connor Spencer,Ole Miss,4YR GR,Chicago Cubs,matched_exact_name,100.0,100.0,1,Connor Spencer,9098333,MISS,University of Mississippi,,
2025,362,12,12,Grant Jay,Dallas Baptist,4YR JR,Seattle Mariners,matched_exact_name,100.0,100.0,1,Grant Jay,8885661,DBU,Dallas Baptist University,,
2025,363,12,12,Tayler Montiel,Tulane,4YR SR,Arizona Diamondbacks,matched_exact_name,100.0,100.0,1,Tayler Montiel,8897451,TULN,Tulane University,,
2025,364,12,12,Daniel Lopez,Odessa College,JC J1,Baltimore Orioles,rejected_fuzzy_school_guard,87.0,19.0,1,,,,,Angel Lopez,19.0
2025,365,12,12,Cooper Underwood,Allatoona HS,HS SR,Milwaukee Brewers,no_candidate,,,0,,,,,,
2025,366,12,12,Elijah Farley,Navarro HS,HS SR,Houston Astros,no_candidate,,,0,,,,,,
2025,367,12,12,Jay Woolfolk,Virginia,4YR SR,Atlanta Braves,matched_exact_name,100.0,100.0,1,Jay Woolfolk,8899448,UVA,University of Virginia,,
2025,368,12,12,Matthew Hoskins,Georgia,4YR JR,Kansas City Royals,matched_exact_name,100.0,100.0,1,Matthew Hoskins,8875342,UGA,University of Georgia,,
2025,369,12,12,Cash Kuiper,Murray State College,JC J2,Detroit Tigers,no_candidate,,,0,,,,,,
2025,370,12,12,George Bilecki,Lewis U,4YR JR,San Diego Padres,no_candidate,,,0,,,,,,
2025,371,12,12,Tyler Bowen,Lander University,4YR SR,Philadelphia Phillies,no_candidate,,,0,,,,,,
2025,372,12,12,Ryan DeSanto,Penn State,4YR JR,Cleveland Guardians,matched_exact_name,100.0,100.0,1,Ryan DeSanto,9102194,PSU,Penn State University,,
2025,373,12,12,Truman Pauley,Harvard,4YR SO,New York Mets,matched_exact_name,100.0,100.0,1,Truman Pauley,8873887,HARV,Harvard University,,
2025,374,12,12,Camden Troyer,Liberty University,4YR SR,New York Yankees,matched_exact_name,100.0,100.0,1,Camden Troyer,8877033,LIB,Liberty University,,
2025,375,12,12,Logan Lunceford,Wake Forest,4YR JR,Los Angeles Dodgers,matched_exact_name,100.0,100.0,1,Logan Lunceford,9218970,WAKE,Wake Forest University,,
2025,376,13,13,Rylan Galvan,Texas,4YR JR,Chicago White Sox,matched_exact_name,100.0,100.0,1,Rylan Galvan,8897258,TEX,University of Texas at Austin,,
2025,377,13,13,Izeah Muniz,Mt. San Antonio College,JC J2,Colorado Rockies,no_candidate,,,0,,,,,,
2025,378,13,13,Chase Renner,Penn State,4YR SR,Miami Marlins,matched_exact_name,100.0,100.0,1,Chase Renner,8879932,PSU,Penn State University,,
2025,379,13,13,Xavier Mitchell,Prestonwood Christian Academy,HS SR,Los Angeles Angels,no_candidate,,,0,,,,,,
2025,380,13,13,Bryan Arendt,UNC Wilmington,4YR SR,Athletics,matched_exact_name,100.0,100.0,1,Bryan Arendt,8887879,UNCW,University of North Carolina at Wilmington,,
2025,381,13,13,Tucker Biven,Louisville,4YR JR,Washington Nationals,matched_exact_name,100.0,100.0,1,Tucker Biven,8902673,LOU,University of Louisville,,
2025,382,13,13,Trace Baker,UNC Wilmington,4YR JR,Toronto Blue Jays,matched_exact_name,100.0,100.0,1,Trace Baker,8892546,UNCW,University of North Carolina at Wilmington,,
2025,383,13,13,Dylan Mathiesen,Liberty University,4YR JR,Pittsburgh Pirates,matched_exact_name,100.0,100.0,1,Dylan Mathiesen,8885321,LIB,Liberty University,,
2025,384,13,13,Brady Afthim,Connecticut,4YR SR,Cincinnati Reds,matched_exact_name,100.0,100.0,1,Brady Afthim,8900527,CONN,University of Connecticut,,
2025,385,13,13,Aiden Robertson,Walters State CC,JC J2,Texas Rangers,rejected_fuzzy_school_guard,86.7,27.3,1,,,,,Jaime Robertson,27.3
2025,386,13,13,Broedy Poppell,Florida A&M,4YR SR,San Francisco Giants,matched_exact_name,100.0,100.0,1,Broedy Poppell,8898627,FAMU,Florida A&M University,,
2025,387,13,13,Ethan Storm,Rock Valley College,JC J3,Tampa Bay Rays,no_candidate,,,0,,,,,,
2025,388,13,13,Jack Winnay,Wake Forest,4YR JR,Boston Red Sox,matched_exact_name,100.0,100.0,1,Jack Winnay,8882515,WAKE,Wake Forest University,,
2025,389,13,13,Callan Fang,Harvard,4YR JR,Minnesota Twins,matched_exact_name,100.0,100.0,1,Callan Fang,8879611,HARV,Harvard University,,
2025,390,13,13,Jake Shelagowski,Saginaw Valley State,4YR JR,St. Louis Cardinals,no_candidate,,,0,,,,,,
2025,391,13,13,Nate Williams,Mississippi State,4YR SR,Chicago Cubs,matched_exact_name,100.0,100.0,1,Nate Williams,8898622,MSST,Mississippi State University,,
2025,392,13,13,Aiden Taurek,Saint Mary's,NS,Seattle Mariners,matched_exact_name,100.0,100.0,1,Aiden Taurek,8901259,SMC,St. Mary's College of California,,
2025,393,13,13,Alex Galvan,Central Florida,4YR 5S,Arizona Diamondbacks,matched_exact_name,100.0,100.0,1,Alex Galvan,9090036,UCF,University of Central Florida,,
2025,394,13,13,Brayden Smith,Oklahoma State,4YR JR,Baltimore Orioles,matched_exact_name,100.0,100.0,1,Brayden Smith,9093940,OKST,Oklahoma State University,,
2025,395,13,13,Gavin Lauridsen,Foothill HS,HS SR,Milwaukee Brewers,no_candidate,,,0,,,,,,
2025,396,13,13,Aubrey Smith,UNC Wilmington,4YR JR,Houston Astros,matched_exact_name,100.0,100.0,1,Aubrey Smith,8894626,UNCW,University of North Carolina at Wilmington,,
2025,397,13,13,Logan Forsythe,Louisiana Tech,4YR JR,Atlanta Braves,matched_exact_name,100.0,100.0,1,Logan Forsythe,9111152,LT,Louisiana Tech University,,
2025,398,13,13,Tyson Moran,No School,NS,Kansas City Royals,no_candidate,,,0,,,,,,
2025,399,13,13,Jack Goodman,Northeastern,4YR JR,Detroit Tigers,matched_exact_name,100.0,100.0,1,Jack Goodman,8895310,NE,Northeastern University,,
2025,400,13,13,Dylan Grego,Ball State,4YR JR,San Diego Padres,matched_exact_name,100.0,100.0,1,Dylan Grego,8898863,BALL,Ball State University,,
2025,401,13,13,Jack Barker,Col of Southern Idaho,JC J2,Philadelphia Phillies,rejected_fuzzy_school_guard,85.7,43.9,3,,,,,Jack Burke,43.9
2025,402,13,13,Aaron Savary,Iowa,4YR JR,Cleveland Guardians,matched_exact_name,100.0,100.0,1,Aaron Savary,8882651,IOWA,University of Iowa,,
2025,403,13,13,Frank Camarillo,UC Santa Barbara,4YR JR,New York Mets,matched_exact_name,100.0,100.0,1,Frank Camarillo,8890802,UCSB,"University of California, Santa Barbara",,
2025,404,13,13,Kyle West,West Virginia,4YR SR,New York Yankees,matched_exact_name,100.0,100.0,1,Kyle West,8897967,WVU,West Virginia University,,
2025,405,13,13,Robby Porco,West Virginia,4YR JR,Los Angeles Dodgers,matched_exact_name,100.0,100.0,1,Robby Porco,8881483,WVU,West Virginia University,,
2025,406,14,14,Max Banks,Washington,4YR SR,Chicago White Sox,matched_exact_name,100.0,100.0,1,Max Banks,9102384,WASH,University of Washington,,
2025,407,14,14,Luke Broderick,Nebraska,4YR JR,Colorado Rockies,matched_exact_name,100.0,100.0,1,Luke Broderick,9297669,NEB,University of Nebraska–Lincoln,,
2025,408,14,14,Carson Laws,Texas State,4YR JR,Miami Marlins,matched_exact_name,100.0,100.0,1,Carson Laws,9298709,TXST,Texas State University,,
2025,409,14,14,TJ Ford,Trinity Christian School,HS SR,Los Angeles Angels,no_candidate,,,0,,,,,,
2025,410,14,14,Griffin Kirn,West Virginia,4YR 5S,Athletics,matched_exact_name,100.0,100.0,1,Griffin Kirn,9214834,WVU,West Virginia University,,
2025,411,14,14,Nick Hollifield,UAB,4YR JR,Washington Nationals,matched_exact_name,100.0,100.0,1,Nick Hollifield,8895867,UAB,University of Alabama at Birmingham,,
2025,412,14,14,Noah Palmese,Webber International University,4YR SR,Toronto Blue Jays,no_candidate,,,0,,,,,,
2025,413,14,14,Connor Hamilton,Montgomery Bell Academy,HS SR,Pittsburgh Pirates,no_candidate,,,0,,,,,,
2025,414,14,14,Bryce Archie,South Florida,4YR JR,Cincinnati Reds,matched_exact_name,100.0,100.0,1,Bryce Archie,8892588,USF,University of South Florida,,
2025,415,14,14,Landon Manzi,Killingly HS,HS SR,Texas Rangers,no_candidate,,,0,,,,,,
2025,416,14,14,Trey Seeley,Hope International University,4YR SR,San Francisco Giants,no_candidate,,,0,,,,,,
2025,417,14,14,Jacob Hartlaub,Ball State,4YR SR,Tampa Bay Rays,matched_exact_name,100.0,100.0,1,Jacob Hartlaub,8902095,BALL,Ball State University,,
2025,418,14,14,Carter Rasmussen,Wofford,4YR JR,Boston Red Sox,matched_exact_name,100.0,100.0,1,Carter Rasmussen,9214668,WOF,Wofford College,,
2025,419,14,14,Merit Jones,Utah,4YR JR,Minnesota Twins,matched_exact_name,100.0,100.0,1,Merit Jones,8899216,UTAH,University of Utah,,
2025,420,14,14,Anthony Watts,Iowa,4YR JR,St. Louis Cardinals,matched_exact_name,100.0,100.0,1,Anthony Watts,8888401,IOWA,University of Iowa,,
2025,421,14,14,Kaemyn Franklin,Victory Christian,HS SR,Chicago Cubs,no_candidate,,,0,,,,,,
2025,422,14,14,Luke Heyman,Florida,4YR JR,Seattle Mariners,matched_exact_name,100.0,100.0,1,Luke Heyman,8881619,FLA,University of Florida,,
2025,423,14,14,Blake Fields,The First Academy,HS SR,Arizona Diamondbacks,rejected_fuzzy_school_guard,87.0,38.5,1,,,,,Jake Fields,38.5
2025,424,14,14,Brayan Orrantia,New Mexico JC,JC J2,Baltimore Orioles,no_candidate,,,0,,,,,,
2025,425,14,14,Brendan Brock,Southwestern Illinois College,JC J3,Milwaukee Brewers,no_candidate,,,0,,,,,,
2025,426,14,14,Josh Wakefield,Grand Canyon University,4YR JR,Houston Astros,matched_exact_name,100.0,100.0,1,Josh Wakefield,9089291,GCU,Grand Canyon University,,
2025,427,14,14,Mathieu Curtis,Virginia Tech,4YR JR,Atlanta Braves,matched_exact_name,100.0,100.0,1,Mathieu Curtis,9216510,VT,Virginia Tech,,
2025,428,14,14,JC Vanek,Chipola College,JC J1,Kansas City Royals,no_candidate,,,0,,,,,,
2025,429,14,14,Beau Ankeney,Loyola Marymount University,4YR SR,Detroit Tigers,matched_exact_name,100.0,100.0,1,Beau Ankeney,9107331,LMU,Loyola Marymount University,,
2025,430,14,14,Clay Edmondson,UNC Asheville,4YR SR,San Diego Padres,matched_exact_name,100.0,100.0,1,Clay Edmondson,8884301,UNCA,University of North Carolina at Asheville,,
2025,431,14,14,Jonathan Gonzalez,Stetson,4YR GR,Philadelphia Phillies,matched_exact_name,100.0,100.0,2,Jonathan Gonzalez,9095515,STET,Stetson University,,
2025,432,14,14,Anthony Silva,TCU,4YR JR,Cleveland Guardians,matched_exact_name,100.0,100.0,1,Anthony Silva,8899729,TCU,Texas Christian University,,
2025,433,14,14,James Smith IV,University of Memphis,4YR JR,New York Mets,matched_exact_name,100.0,100.0,1,James Smith IV,9297764,MEM,University of Memphis,,
2025,434,14,14,Brennan Stuprich,Southeastern Louisiana University,4YR GR,New York Yankees,matched_exact_name,100.0,100.0,1,Brennan Stuprich,8897930,SELA,Southeastern Louisiana University,,
2025,435,14,14,Davis Chastain,U Georgia,4YR JR,Los Angeles Dodgers,matched_exact_name,100.0,100.0,1,Davis Chastain,9297159,UGA,University of Georgia,,
2025,436,15,15,Caedmon Parker,TCU,4YR JR,Chicago White Sox,matched_exact_name,100.0,100.0,1,Caedmon Parker,8878385,TCU,Texas Christian University,,
2025,437,15,15,Dylan Crooks,Oklahoma,4YR SR,Colorado Rockies,matched_exact_name,100.0,100.0,1,Dylan Crooks,8884469,OU,University of Oklahoma,,
2025,438,15,15,Josh Hogue,NC State,4YR JR,Miami Marlins,matched_exact_name,100.0,100.0,1,Josh Hogue,8898361,NCSU,North Carolina State University,,
2025,439,15,15,Mikey Cascino,A3 Academy,HS SR,Los Angeles Angels,no_candidate,,,0,,,,,,
2025,440,15,15,Diego Rosa,International Baseball Academy,HS SR,Athletics,no_candidate,,,0,,,,,,
2025,441,15,15,Jacob Walsh,Oregon,4YR SR,Washington Nationals,matched_exact_name,100.0,100.0,1,Jacob Walsh,8892823,ORE,University of Oregon,,
2025,442,15,15,Jake Casey,Kent State,4YR SR,Toronto Blue Jays,rejected_fuzzy_school_guard,85.7,34.5,1,,,,,Jake Armsey,34.5
2025,443,15,15,McLane Moody,Northside Senior HS,HS SR,Pittsburgh Pirates,no_candidate,,,0,,,,,,
2025,444,15,15,Andrew Shaffner,NC State,4YR JR,Cincinnati Reds,matched_exact_name,100.0,100.0,1,Andrew Shaffner,8878320,NCSU,North Carolina State University,,
2025,445,15,15,Luke Hanson,Virginia,4YR JR,Texas Rangers,matched_exact_name,100.0,100.0,1,Luke Hanson,8900123,UVA,University of Virginia,,
2025,446,15,15,Damian Bravo,Texas Tech,4YR JR,San Francisco Giants,matched_exact_name,100.0,100.0,1,Damian Bravo,8886158,TTU,Texas Tech University,,
2025,447,15,15,Alex Wallace,McLennan CC,JC J2,Tampa Bay Rays,no_candidate,,,0,,,,,,
2025,448,15,15,Skylar King,West Virginia,4YR JR,Boston Red Sox,matched_exact_name,100.0,100.0,1,Skylar King,8887167,WVU,West Virginia University,,
2025,449,15,15,Reed Moring,UC Santa Barbara,4YR JR,Minnesota Twins,matched_exact_name,100.0,100.0,1,Reed Moring,8901218,UCSB,"University of California, Santa Barbara",,
2025,450,15,15,Trevor Haskins,Stanford,4YR SR,St. Louis Cardinals,matched_exact_name,100.0,100.0,1,Trevor Haskins,8898333,STAN,Stanford University,,
2025,451,15,15,Noah Edders,Troy University,4YR SR,Chicago Cubs,matched_exact_name,100.0,100.0,1,Noah Edders,9094192,TROY,Troy University,,
2025,452,15,15,Brayden Corn,Western Carolina U,4YR JR,Seattle Mariners,matched_exact_name,100.0,100.0,1,Brayden Corn,9296242,WCU,Western Carolina University,,
2025,453,15,15,Hayden Murphy,Auburn,4YR JR,Arizona Diamondbacks,matched_exact_name,100.0,100.0,1,Hayden Murphy,8889984,AUB,Auburn University,,
2025,454,15,15,KK Clark,Pearl River CC,JC J2,Baltimore Orioles,no_candidate,,,0,,,,,,
2025,455,15,15,Dominic Cadiz,Notre Dame HS,HS SR,Milwaukee Brewers,no_candidate,,,0,,,,,,
2025,456,15,15,DJ Newman,Bowling Green,4YR JR,Houston Astros,matched_exact_name,100.0,100.0,1,DJ Newman,8884134,BGSU,Bowling Green State University,,
2025,457,15,15,Dallas Macias,Oregon State,4YR JR,Atlanta Braves,matched_exact_name,100.0,100.0,1,Dallas Macias,8882470,ORST,Oregon State University,,
2025,458,15,15,Connor Rasmussen,Tulane,4YR JR,Kansas City Royals,matched_exact_name,100.0,100.0,1,Connor Rasmussen,8891964,TULN,Tulane University,,
2025,459,15,15,Charlie Christensen,U Central Arkansas,4YR JR,Detroit Tigers,matched_exact_name,100.0,100.0,1,Charlie Christensen,8898205,CARK,University of Central Arkansas,,
2025,460,15,15,Ryan Reed,Pittsburgh,4YR JR,San Diego Padres,matched_exact_name,100.0,100.0,1,Ryan Reed,8898077,PITT,University of Pittsburgh,,
2025,461,15,15,Jacob Pruitt,Mississippi State,4YR JR,Philadelphia Phillies,matched_exact_name,100.0,100.0,1,Jacob Pruitt,9104115,MSST,Mississippi State University,,
2025,462,15,15,Evan Chrest,Florida State,4YR JR,Cleveland Guardians,matched_exact_name,100.0,100.0,1,Evan Chrest,9218576,FSU,Florida State University,,
2025,463,15,15,Conner Ware,LSU,4YR JR,New York Mets,matched_exact_name,100.0,100.0,1,Conner Ware,9094105,LSU,Louisiana State University,,
2025,464,15,15,Jack Cebert,Texas Tech,4YR SR,New York Yankees,matched_exact_name,100.0,100.0,1,Jack Cebert,9218934,TTU,Texas Tech University,,
2025,465,15,15,Matt Lanzendorfer,Virginia,4YR GR,Los Angeles Dodgers,matched_exact_name,100.0,100.0,1,Matt Lanzendorfer,9104872,UVA,University of Virginia,,
2025,466,16,16,Kaleb Freeman,Georgia State,4YR SR,Chicago White Sox,matched_exact_name,100.0,100.0,1,Kaleb Freeman,9096481,GAST,Georgia State University,,
2025,467,16,16,Seth Clausen,Minnesota,4YR SR,Colorado Rockies,matched_exact_name,100.0,100.0,1,Seth Clausen,8881349,MINN,University of Minnesota,,
2025,468,16,16,RJ Shunck,Toledo,4YR JR,Miami Marlins,matched_exact_name,100.0,100.0,1,RJ Shunck,8878018,TOL,University of Toledo,,
2025,469,16,16,Gage Harrelson,Florida State,4YR JR,Los Angeles Angels,matched_exact_name,100.0,100.0,1,Gage Harrelson,9218578,FSU,Florida State University,,
2025,470,16,16,Jackson Phipps,Jacksonville State,4YR 5S,Athletics,matched_exact_name,100.0,100.0,1,Jackson Phipps,9218645,JVST,Jacksonville State University,,
2025,471,16,16,Levi Huesman,Vanderbilt,4YR JR,Washington Nationals,matched_exact_name,100.0,100.0,1,Levi Huesman,8892299,VAN,Vanderbilt University,,
2025,472,16,16,Jaxson West,Florida State,4YR JR,Toronto Blue Jays,matched_exact_name,100.0,100.0,1,Jaxson West,8882695,FSU,Florida State University,,
2025,473,16,16,Eddie King Jr.,Louisville,4YR SR,Pittsburgh Pirates,matched_exact_name,100.0,100.0,1,Eddie King Jr.,8887533,LOU,University of Louisville,,
2025,474,16,16,Maison Martinez,Florida State,4YR JR,Cincinnati Reds,matched_exact_name,100.0,100.0,1,Maison Martinez,9218577,FSU,Florida State University,,
2025,475,16,16,Jaxon Grossman,Salt Lake CC,JC J2,Texas Rangers,no_candidate,,,0,,,,,,
2025,476,16,16,Garrett Langrell,Creighton U,4YR GR,San Francisco Giants,matched_exact_name,100.0,100.0,1,Garrett Langrell,9096487,CREI,Creighton University,,
2025,477,16,16,Riley Stanford,Georgia Tech,4YR JR,Tampa Bay Rays,matched_exact_name,100.0,100.0,1,Riley Stanford,8881150,GT,Georgia Institute of Technology,,
2025,478,16,16,Jason Gilman,Kean University,4YR GR,Boston Red Sox,no_candidate,,,0,,,,,,
2025,479,16,16,Jonathan Stevens,U Alabama,4YR SO,Minnesota Twins,no_candidate,,,0,,,,,,
2025,480,16,16,Alex Breckheimer,Kansas,4YR JR,St. Louis Cardinals,matched_exact_name,100.0,100.0,1,Alex Breckheimer,9115853,KU,University of Kansas,,
2025,481,16,16,Riely Hunsaker,Lamar,4YR SR,Chicago Cubs,matched_exact_name,100.0,100.0,1,Riely Hunsaker,9101414,LAM,Lamar University,,
2025,482,16,16,Casey Hintz,Arizona,4YR JR,Seattle Mariners,matched_exact_name,100.0,100.0,1,Casey Hintz,8880918,ARIZ,University of Arizona,,
2025,483,16,16,Collin Rothermel,Jacksonville University,4YR SR,Arizona Diamondbacks,matched_exact_name,100.0,100.0,1,Collin Rothermel,9109477,JAX,Jacksonville University,,
2025,484,16,16,Denton Biller,Johnson County CC,JC J1,Baltimore Orioles,no_candidate,,,0,,,,,,
2025,485,16,16,Parker Coil,Arkansas,4YR JR,Milwaukee Brewers,matched_exact_name,100.0,100.0,1,Parker Coil,8893661,ARK,University of Arkansas,,
2025,486,16,16,Chase Call,University of California - Irvine,4YR SR,Houston Astros,matched_exact_name,100.0,100.0,1,Chase Call,8887878,UCI,"University of California, Irvine",,
2025,487,16,16,Nico Wagner,West Valley College,JC J2,Atlanta Braves,no_candidate,,,0,,,,,,
2025,488,16,16,Randy Ramnarace,University of New Haven,4YR JR,Kansas City Royals,no_candidate,,,0,,,,,,
2025,489,16,16,Joe Ruzicka,Belmont University,4YR SR,Detroit Tigers,matched_exact_name,100.0,100.0,1,Joe Ruzicka,8878945,BEL,Belmont University,,
2025,490,16,16,Cardell Thibodeaux,Southern,4YR JR,San Diego Padres,matched_exact_name,100.0,100.0,1,Cardell Thibodeaux,9301180,SOU,Southern University and A&M College,,
2025,491,16,16,Logan Dawson,Eastern HS,HS SR,Philadelphia Phillies,no_candidate,,,0,,,,,,
2025,492,16,16,Luke Fernandez,Wallace State CC,JC J3,Cleveland Guardians,no_candidate,,,0,,,,,,
2025,493,16,16,Zack Mack,Loyola Marymount University,4YR SR,New York Mets,matched_exact_name,100.0,100.0,1,Zack Mack,9107294,LMU,Loyola Marymount University,,
2025,494,16,16,Jackson Lovich,Missouri,4YR JR,New York Yankees,matched_exact_name,100.0,100.0,1,Jackson Lovich,8884042,MIZ,University of Missouri,,
2025,495,16,16,AJ Soldra,Seton Hall,4YR SO,Los Angeles Dodgers,matched_exact_name,100.0,100.0,1,AJ Soldra,9296783,HALL,Seton Hall University,,
2025,496,17,17,Derek Cerda,Kansas,4YR JR,Chicago White Sox,matched_exact_name,100.0,100.0,1,Derek Cerda,9116313,KU,University of Kansas,,
2025,497,17,17,Derrick Smith,NC State,4YR JR,Colorado Rockies,matched_exact_name,100.0,100.0,1,Derrick Smith,8889309,NCSU,North Carolina State University,,
2025,498,17,17,Xavier Cardenas III,San Diego State,4YR JR,Miami Marlins,matched_exact_name,100.0,100.0,1,Xavier Cardenas III,8879164,SDSU,San Diego State University,,
2025,499,17,17,Cole Raymond,Avon Old Farms School,HS SR,Los Angeles Angels,no_candidate,,,0,,,,,,
2025,500,17,17,Jared Davis,Virginia Tech,4YR JR,Athletics,matched_exact_name,100.0,100.0,1,Jared Davis,9298938,VT,Virginia Tech,,
2025,501,17,17,Bryce Molinaro,Penn State,4YR JR,Washington Nationals,matched_exact_name,100.0,100.0,1,Bryce Molinaro,8886354,PSU,Penn State University,,
2025,502,17,17,Jordan Rich,American Heritage School,HS SR,Toronto Blue Jays,no_candidate,,,0,,,,,,
2025,503,17,17,Carter Gwost,Little Falls HS,HS SR,Pittsburgh Pirates,no_candidate,,,0,,,,,,
2025,504,17,17,Dylan King,Central Florida,4YR SR,Cincinnati Reds,matched_exact_name,100.0,100.0,2,Dylan King,8898902,UCF,University of Central Florida,,
2025,505,17,17,Noah Franklin,TNXL Academy,HS SR,Texas Rangers,no_candidate,,,0,,,,,,
2025,506,17,17,Luke Mensik,Lincoln-Way Central HS,HS SR,San Francisco Giants,no_candidate,,,0,,,,,,
2025,507,17,17,Brody Donay,Florida,4YR JR,Tampa Bay Rays,matched_exact_name,100.0,100.0,1,Brody Donay,8898250,FLA,University of Florida,,
2025,508,17,17,Patrick Galle,Ole Miss,4YR SO,Boston Red Sox,matched_exact_name,100.0,100.0,1,Patrick Galle,8874014,MISS,University of Mississippi,,
2025,509,17,17,JP Smith II,Sacramento State,4YR JR,Minnesota Twins,matched_school_surname,0.0,100.0,1,JP Smith,8890620,SAC,Sacramento State University,,
2025,510,17,17,Cameron Nickens,Austin Peay,4YR SR,St. Louis Cardinals,matched_exact_name,100.0,100.0,1,Cameron Nickens,9218502,APSU,Austin Peay State University,,
2025,511,17,17,Logan Poteet,UNC Charlotte,4YR JR,Chicago Cubs,matched_exact_name,100.0,100.0,1,Logan Poteet,9098216,CLT,University of North Carolina at Charlotte,,
2025,512,17,17,Anthony Karoly,Nova Southeastern,4YR JR,Seattle Mariners,no_candidate,,,0,,,,,,
2025,513,17,17,Joel Sarver,UNC Charlotte,4YR 5S,Arizona Diamondbacks,matched_exact_name,100.0,100.0,1,Joel Sarver,9101630,CLT,University of North Carolina at Charlotte,,
2025,514,17,17,Braeden Sloan,TCU,4YR JR,Baltimore Orioles,matched_exact_name,100.0,100.0,1,Braeden Sloan,8892245,TCU,Texas Christian University,,
2025,515,17,17,Luke Roupe,Grace Christian School,HS SR,Milwaukee Brewers,rejected_fuzzy_school_guard,85.7,42.1,1,,,,,Luke Krouse,42.1
2025,516,17,17,Grayson Saunier,Texas,4YR JR,Houston Astros,matched_exact_name,100.0,100.0,1,Grayson Saunier,9217639,TEX,University of Texas at Austin,,
2025,517,17,17,Brody Fowler,North Greenville U,4YR JR,Atlanta Braves,no_candidate,,,0,,,,,,
2025,518,17,17,Luke Pelzer,University of Illinois at Chicago,4YR SR,Kansas City Royals,no_candidate,,,0,,,,,,
2025,519,17,17,Joey Wimpelberg,College of Central Florida,JC J2,Detroit Tigers,no_candidate,,,0,,,,,,
2025,520,17,17,Tyler Schmitt,Illinois,4YR JR,San Diego Padres,matched_exact_name,100.0,100.0,1,Tyler Schmitt,9110652,ILL,University of Illinois,,
2025,521,17,17,Richie Cortese,Lander University,4YR SR,Philadelphia Phillies,no_candidate,,,0,,,,,,
2025,522,17,17,Cannon Peebles,Tennessee,4YR JR,Cleveland Guardians,matched_exact_name,100.0,100.0,1,Cannon Peebles,8895387,TENN,University of Tennessee Knoxville,,
2025,523,17,17,Sam Robertson,Northwest Shoals CC,JC J2,New York Mets,rejected_fuzzy_school_guard,91.7,47.1,2,,,,,Sam Roberts,47.1
2025,524,17,17,Ryan Osinski,Virginia,4YR JR,New York Yankees,matched_exact_name,100.0,100.0,1,Ryan Osinski,8893298,UVA,University of Virginia,,
2025,525,17,17,Sam Horn,Missouri,4YR JR,Los Angeles Dodgers,matched_exact_name,100.0,100.0,1,Sam Horn,8876839,MIZ,University of Missouri,,
2025,526,18,18,Landen Payne,Southern Mississippi,4YR SR,Chicago White Sox,matched_exact_name,100.0,100.0,1,Landen Payne,8894648,USM,University of Southern Mississippi,,
2025,527,18,18,Tyrelle Chadwick,Illinois State,4YR JR,Colorado Rockies,matched_exact_name,100.0,100.0,1,Tyrelle Chadwick,8893687,ILST,Illinois State University,,
2025,528,18,18,Hayden Cuthbertson,Miami (OH),4YR JR,Miami Marlins,matched_exact_name,100.0,100.0,1,Hayden Cuthbertson,9303091,M-OH,Miami University-Ohio,,
2025,529,18,18,Angelo Smith,Central Florida,4YR JR,Los Angeles Angels,matched_exact_name,100.0,100.0,1,Angelo Smith,9090194,UCF,University of Central Florida,,
2025,530,18,18,Jay Dill,Troy University,4YR SR,Athletics,matched_exact_name,100.0,100.0,1,Jay Dill,8897621,TROY,Troy University,,
2025,531,18,18,Owen Puk,Florida International,4YR SR,Washington Nationals,matched_exact_name,100.0,100.0,1,Owen Puk,8881223,FIU,Florida International University,,
2025,532,18,18,Will Cresswell,Washington State,4YR SR,Toronto Blue Jays,matched_exact_name,100.0,100.0,1,Will Cresswell,8900706,WSU,Washington State University,,
2025,533,18,18,Canon Reeder,Oregon State,4YR JR,Pittsburgh Pirates,matched_exact_name,100.0,100.0,1,Canon Reeder,8885281,ORST,Oregon State University,,
2025,534,18,18,Ethan Moore,Oak Park and River Forest HS,HS SR,Cincinnati Reds,rejected_fuzzy_school_guard,87.0,34.1,1,,,,,Ethan Mooser,34.1
2025,535,18,18,Julius Sanchez,Illinois,4YR JR,Texas Rangers,matched_exact_name,100.0,100.0,1,Julius Sanchez,8885807,ILL,University of Illinois,,
2025,536,18,18,Cooper McGrath,Northeastern,4YR GR,San Francisco Giants,matched_exact_name,100.0,100.0,1,Cooper McGrath,9215598,NE,Northeastern University,,
2025,537,18,18,Brayden Jones,Ole Miss,4YR GR,Tampa Bay Rays,matched_exact_name,100.0,100.0,1,Brayden Jones,8885498,MISS,University of Mississippi,,
2025,538,18,18,Cade Fisher,Auburn,4YR JR,Boston Red Sox,matched_exact_name,100.0,100.0,1,Cade Fisher,9096206,AUB,Auburn University,,
2025,539,18,18,Matthew Dalquist,UC San Diego,4YR SR,Minnesota Twins,matched_exact_name,100.0,100.0,1,Matthew Dalquist,8900139,UCSD,"University of California, San Diego",,
2025,540,18,18,Dylan Driessen,South Dakota State,4YR JR,St. Louis Cardinals,matched_exact_name,100.0,100.0,1,Dylan Driessen,8877406,SDST,South Dakota State University,,
2025,541,18,18,Connor Knox,George Mason,4YR JR,Chicago Cubs,matched_exact_name,100.0,100.0,1,Connor Knox,8891107,GMU,George Mason University,,
2025,542,18,18,Griffin Stieg,Virginia Tech,4YR JR,Seattle Mariners,no_candidate,,,0,,,,,,
2025,543,18,18,Raul Garayzar,Arizona,4YR SR,Arizona Diamondbacks,matched_exact_name,100.0,100.0,1,Raul Garayzar,8902475,ARIZ,University of Arizona,,
2025,544,18,18,Cole Johnson,Oconee County HS,HS SR,Baltimore Orioles,rejected_school_guard,100.0,33.3,1,,,,,Cole Johnson,33.3
2025,545,18,18,Rylan Mills,Oran HS,HS SR,Milwaukee Brewers,no_candidate,,,0,,,,,,
2025,546,18,18,Landon Arroyos,Grayson HS,HS SR,Houston Astros,no_candidate,,,0,,,,,,
2025,547,18,18,Aiven Cabral,Northeastern,4YR JR,Atlanta Braves,matched_exact_name,100.0,100.0,1,Aiven Cabral,8882074,NE,Northeastern University,,
2025,548,18,18,Grayson Boles,St. Augustine HS,HS SR,Kansas City Royals,no_candidate,,,0,,,,,,
2025,549,18,18,Ethan Rogers,Lone Jack HS,HS SR,Detroit Tigers,no_candidate,,,0,,,,,,
2025,550,18,18,Landry Jurecka,Queens University of Charlotte,4YR SR,San Diego Padres,matched_exact_name,100.0,100.0,1,Landry Jurecka,8884718,QUC,Queens University of Charlotte,,
2025,551,18,18,Matthew Potok,Coastal Carolina,4YR SR,Philadelphia Phillies,matched_exact_name,100.0,100.0,1,Matthew Potok,8881274,CCU,Coastal Carolina University,,
2025,552,18,18,Zane Petty,Texas Tech,4YR JR,Cleveland Guardians,matched_exact_name,100.0,100.0,1,Zane Petty,8890319,TTU,Texas Tech University,,
2025,553,18,18,Dillon Stiltner,Trinity Christian School,HS SR,New York Mets,no_candidate,,,0,,,,,,
2025,554,18,18,Justin West,Louisville,4YR JR,New York Yankees,matched_exact_name,100.0,100.0,1,Justin West,8898590,LOU,University of Louisville,,
2025,555,18,18,Finn Edwards,Iowa Western CC,JC J1,Los Angeles Dodgers,no_candidate,,,0,,,,,,
2025,556,19,19,Nick Weyrich,Marshall,4YR SR,Chicago White Sox,matched_school_surname,0.0,100.0,1,Nicholas Weyrich,8881242,MRSH,Marshall University,,
2025,557,19,19,Easton Marks,Florida International,4YR JR,Colorado Rockies,matched_exact_name,100.0,100.0,1,Easton Marks,9109003,FIU,Florida International University,,
2025,558,19,19,Peyton Fosher,Nevada,4YR SR,Miami Marlins,matched_exact_name,100.0,100.0,1,Peyton Fosher,8885088,NEV,"University of Nevada, Reno",,
2025,559,19,19,Ivan Tatis,Georgia Premier Academy,HS SR,Los Angeles Angels,no_candidate,,,0,,,,,,
2025,560,19,19,Itsuki Takemoto,Hawaii,4YR SO,Athletics,matched_exact_name,100.0,100.0,1,Itsuki Takemoto,8879740,HAW,University of Hawaii Manoa,,
2025,561,19,19,Mason Pike,Puyallup HS,HS SR,Washington Nationals,no_candidate,,,0,,,,,,
2025,562,19,19,Luke Kovach,Cal Poly,4YR SR,Toronto Blue Jays,matched_exact_name,100.0,100.0,1,Luke Kovach,8897668,CP,California Polytechnic State University,,
2025,563,19,19,Brandon Cain,Oklahoma,4YR JR,Pittsburgh Pirates,matched_exact_name,100.0,100.0,1,Brandon Cain,9280275,OU,University of Oklahoma,,
2025,564,19,19,Myles Upchurch,St. Albans HS,HS SR,Cincinnati Reds,no_candidate,,,0,,,,,,
2025,565,19,19,Cory Geinzer,Col of Central Florida,JC J1,Texas Rangers,no_candidate,,,0,,,,,,
2025,566,19,19,Braydon Risley,Grayson College,JC J2,San Francisco Giants,rejected_fuzzy_school_guard,85.7,15.4,1,,,,,Braydon Kersey,15.4
2025,567,19,19,Blake Morgan,Old Dominion,4YR SR,Tampa Bay Rays,matched_exact_name,100.0,100.0,1,Blake Morgan,8874846,ODU,Old Dominion University,,
2025,568,19,19,Fabian Bonilla,Christian Military Academy,HS SR,Boston Red Sox,no_candidate,,,0,,,,,,
2025,569,19,19,Matthew Becker,South Carolina,4YR SR,Minnesota Twins,matched_exact_name,100.0,100.0,1,Matthew Becker,8888494,SC,University of South Carolina,,
2025,570,19,19,Liam Best,Appalachian State,4YR SR,St. Louis Cardinals,matched_exact_name,100.0,100.0,1,Liam Best,9088652,APP,Appalachian State University,,
2025,571,19,19,Caleb Barnett,Mountain Brook HS,HS SR,Chicago Cubs,no_candidate,,,0,,,,,,
2025,572,19,19,Cam Appenzeller,Glenwood HS,HS SR,Seattle Mariners,no_candidate,,,0,,,,,,
2025,573,19,19,Jacob Parker,Purvis HS,HS SR,Arizona Diamondbacks,no_candidate,,,0,,,,,,
2025,574,19,19,Jimmy Anderson,Heartland CC,JC J1,Baltimore Orioles,no_candidate,,,0,,,,,,
2025,575,19,19,Chase Bentley,IMG Academy,HS SR,Milwaukee Brewers,no_candidate,,,0,,,,,,
2025,576,19,19,Joey McLaughlin,Harrah HS,HS SR,Houston Astros,no_candidate,,,0,,,,,,
2025,577,19,19,Ryan Heppner,U British Columbia,4YR JR,Atlanta Braves,no_candidate,,,0,,,,,,
2025,578,19,19,Dylan Wood,Franklin HS,HS SR,Kansas City Royals,no_candidate,,,0,,,,,,
2025,579,19,19,Meridian Leffew,Gaston Christian School,HS SR,Detroit Tigers,no_candidate,,,0,,,,,,
2025,580,19,19,Jonathan Vastine,Vanderbilt,4YR SR,San Diego Padres,matched_exact_name,100.0,100.0,1,Jonathan Vastine,8895619,VAN,Vanderbilt University,,
2025,581,19,19,Robert Phelps,Reinhardt University,4YR JR,Philadelphia Phillies,no_candidate,,,0,,,,,,
2025,582,19,19,Derek Munoz,Miami Christian School,HS SR,Cleveland Guardians,no_candidate,,,0,,,,,,
2025,583,19,19,Joe Scarborough,Jacksonville State,4YR JR,New York Mets,matched_exact_name,100.0,100.0,1,Joe Scarborough,9219981,JVST,Jacksonville State University,,
2025,584,19,19,Hayden Morris,Blinn College,JC J1,New York Yankees,rejected_fuzzy_school_guard,92.9,16.7,1,,,,,Hayden Morrison,16.7
2025,585,19,19,Anson Aroz,Oregon,4YR SR,Los Angeles Dodgers,matched_exact_name,100.0,100.0,1,Anson Aroz,8899281,ORE,University of Oregon,,
2025,586,20,20,Andrew Sentlinger,Virginia Tech,4YR JR,Chicago White Sox,matched_exact_name,100.0,100.0,1,Andrew Sentlinger,8886264,VT,Virginia Tech,,
2025,587,20,20,Ethan Cole,Augustana U,4YR JR,Colorado Rockies,rejected_fuzzy_school_guard,85.7,31.6,1,,,,,Ethan Foley,31.6
2025,588,20,20,Cannon Pickell,Western Carolina,4YR 5S,Miami Marlins,matched_exact_name,100.0,100.0,1,Cannon Pickell,8884628,WCU,Western Carolina University,,
2025,589,20,20,Sam Tookoian,Ole Miss,4YR JR,Los Angeles Angels,matched_exact_name,100.0,100.0,1,Sam Tookoian,8874044,MISS,University of Mississippi,,
2025,590,20,20,Kade Brown,Sacramento State,4YR JR,Athletics,matched_exact_name,100.0,100.0,1,Kade Brown,8891841,SAC,Sacramento State University,,
2025,591,20,20,Juan Cruz,Alabama State University,4YR JR,Washington Nationals,matched_exact_name,100.0,100.0,1,Juan Cruz,8899069,ALST,Alabama State University,,
2025,592,20,20,Ty Peeples,Franklin County HS,HS SR,Toronto Blue Jays,no_candidate,,,0,,,,,,
2025,593,20,20,Nick Frusco,Miller Place HS,HS SR,Pittsburgh Pirates,no_candidate,,,0,,,,,,
2025,594,20,20,Leamsi Montanez,Leadership Christian Academy,HS SR,Cincinnati Reds,no_candidate,,,0,,,,,,
2025,595,20,20,Jamaurion McQueen,Brandon HS,HS SR,Texas Rangers,no_candidate,,,0,,,,,,
2025,596,20,20,Elijah McNeal,Dublin HS,HS SR,San Francisco Giants,no_candidate,,,0,,,,,,
2025,597,20,20,Ike Young,Monticello HS,HS SR,Tampa Bay Rays,no_candidate,,,0,,,,,,
2025,598,20,20,Garrison Sumner,Brigham Young U,4YR JR,Boston Red Sox,matched_exact_name,100.0,100.0,1,Garrison Sumner,9115983,BYU,Brigham Young University,,
2025,599,20,20,Michael Hilker,U Arizona,4YR JR,Minnesota Twins,matched_fuzzy_name,87.5,100.0,1,Michael Hilker Jr.,9109912,ARIZ,University of Arizona,,
2025,600,20,20,Chase Heath,U Central Missouri,4YR SR,St. Louis Cardinals,no_candidate,,,0,,,,,,
2025,601,20,20,Freddy Rodriguez,U Hawaii,4YR JR,Chicago Cubs,matched_exact_name,100.0,100.0,2,Freddy Rodriguez,9107350,HAW,University of Hawaii Manoa,,
2025,602,20,20,Estevan Moreno,Notre Dame,4YR JR,Seattle Mariners,matched_exact_name,100.0,100.0,1,Estevan Moreno,8883408,ND,University of Notre Dame,,
2025,603,20,20,Ethin Bingaman,Corona HS,HS SR,Arizona Diamondbacks,no_candidate,,,0,,,,,,
2025,604,20,20,Connor Gehr,Meridian CC,JC J1,Baltimore Orioles,no_candidate,,,0,,,,,,
2025,605,20,20,Ma'Kale Holden,Thompson HS,HS SR,Milwaukee Brewers,no_candidate,,,0,,,,,,
2025,606,20,20,Curtis Hebert,University of Portland,4YR JR,Houston Astros,matched_exact_name,100.0,100.0,1,Curtis Hebert,8890093,PORT,University of Portland,,
2025,607,20,20,Hayden Friese,Western Carolina,4YR JR,Atlanta Braves,matched_exact_name,100.0,100.0,1,Hayden Friese,8883460,WCU,Western Carolina University,,
2025,608,20,20,Kamden Edge,Northern Oklahoma JC,JC J1,Kansas City Royals,no_candidate,,,0,,,,,,
2025,609,20,20,Kameron Douglas,Alabama St U,4YR JR,Detroit Tigers,matched_exact_name,100.0,100.0,1,Kameron Douglas,9115075,ALST,Alabama State University,,
2025,610,20,20,Luke Cantwell,Pittsburgh,4YR SR,San Diego Padres,matched_exact_name,100.0,100.0,1,Luke Cantwell,8892515,PITT,University of Pittsburgh,,
2025,611,20,20,Landon Schaefer,Fayetteville Sr HS,HS SR,Philadelphia Phillies,no_candidate,,,0,,,,,,
2025,612,20,20,Vaughn Neckar,Vista Murrieta HS,HS SR,Cleveland Guardians,no_candidate,,,0,,,,,,
2025,613,20,20,Garrett Stratton,Rice,4YR JR,New York Mets,matched_exact_name,100.0,100.0,1,Garrett Stratton,8892955,RICE,Rice University,,
2025,614,20,20,Bryce Martin-Grudzielanek,USC,4YR SR,New York Yankees,matched_school_surname,0.0,100.0,1,Bryce Grudzielanek,8892034,USC,University of Southern California,,
2025,615,20,20,Shane Brinham,Handsworth SS,HS JR,Los Angeles Dodgers,no_candidate,,,0,,,,,,
2026,1,1,1,Roch Cholowsky,UCLA,4YR JR,Chicago White Sox,matched_exact_name,100.0,100.0,1,Roch Cholowsky,9691751,UCLA,"University of California, Los Angeles",,
2026,2,1,1,Grady Emerson,Fort Worth Christian HS,HS SR,Tampa Bay Rays,no_candidate,,,0,,,,,,
2026,3,1,1,Vahn Lackey,Georgia Tech,4YR JR,Minnesota Twins,matched_exact_name,100.0,100.0,1,Vahn Lackey,9704441,GT,Georgia Institute of Technology,,
2026,4,1,1,Jackson Flora,UC Santa Barbara,4YR JR,San Francisco Giants,matched_exact_name,100.0,100.0,1,Jackson Flora,9688446,UCSB,"University of California, Santa Barbara",,
2026,5,1,1,Derek Curiel,LSU,4YR SO,Pittsburgh Pirates,matched_exact_name,100.0,100.0,1,Derek Curiel,9693729,LSU,Louisiana State University,,
2026,6,1,1,Zion Rose,Louisville,4YR JR,Kansas City Royals,matched_exact_name,100.0,100.0,1,Zion Rose,9702457,LOU,University of Louisville,,
2026,7,1,1,Eric Booth Jr.,Oak Grove HS,HS SR,Baltimore Orioles,no_candidate,,,0,,,,,,
2026,8,1,1,Drew Burress,Georgia Tech,4YR JR,Athletics,matched_exact_name,100.0,100.0,1,Drew Burress,9678158,GT,Georgia Institute of Technology,,
2026,9,1,1,AJ Gracia,Virginia,4YR JR,Atlanta Braves,matched_exact_name,100.0,100.0,1,AJ Gracia,11218704,UVA,University of Virginia,,
2026,10,1,1,Tyler Bell,Kentucky,4YR SO,Colorado Rockies,matched_exact_name,100.0,100.0,1,Tyler Bell,9678531,UK,University of Kentucky,,
2026,11,1,1,Chris Hacopian,Texas A&M,4YR JR,Washington Nationals,matched_exact_name,100.0,100.0,1,Chris Hacopian,11245953,TA&M,Texas A&M University,,
2026,12,1,1,Jared Grindlinger,Huntington Beach HS,HS SR,Los Angeles Angels,no_candidate,,,0,,,,,,
2026,13,1,1,Trevor Condon,Etowah HS,HS SR,St. Louis Cardinals,no_candidate,,,0,,,,,,
2026,14,1,1,Jacob Lombard,Gulliver Prep HS,HS SR,Miami Marlins,no_candidate,,,0,,,,,,
2026,15,1,1,Ryder Helfrick,Arkansas,4YR JR,Arizona Diamondbacks,matched_exact_name,100.0,100.0,1,Ryder Helfrick,9693661,ARK,University of Arkansas,,
2026,16,1,1,Gio Rojas,Marjory Stoneman Douglas HS,HS SR,Texas Rangers,no_candidate,,,0,,,,,,
2026,17,1,1,Logan Hughes,Texas Tech,4YR JR,Houston Astros,matched_exact_name,100.0,100.0,1,Logan Hughes,9697087,TTU,Texas Tech University,,
2026,18,1,1,Justin Lebron,Alabama,4YR JR,Cincinnati Reds,matched_exact_name,100.0,100.0,1,Justin Lebron,9684913,ALA,University of Alabama,,
2026,19,1,1,Liam Peterson,Florida,4YR JR,Cleveland Guardians,matched_exact_name,100.0,100.0,1,Liam Peterson,9704271,FLA,University of Florida,,
2026,20,1,1,Jake Schaffner,North Carolina,4YR JR,Boston Red Sox,matched_exact_name,100.0,100.0,1,Jake Schaffner,11243222,UNC,University of North Carolina at Chapel Hill,,
2026,21,1,1,Coleman Borthwick,South Walton HS,HS SR,San Diego Padres,no_candidate,,,0,,,,,,
2026,22,1,1,Cameron Flukey,Coastal Carolina,4YR JR,Detroit Tigers,matched_exact_name,100.0,100.0,1,Cameron Flukey,9694376,CCU,Coastal Carolina University,,
2026,23,1,1,Cade Townsend,Mississippi,4YR SO,Chicago Cubs,matched_exact_name,100.0,100.0,1,Cade Townsend,9687142,MISS,University of Mississippi,,
2026,24,1,1,Ace Reese,Mississippi State,4YR JR,Seattle Mariners,matched_exact_name,100.0,100.0,1,Ace Reese,9689386,MSST,Mississippi State University,,
2026,25,1,1,Trey Ebel,Corona HS,HS SR,Milwaukee Brewers,no_candidate,,,0,,,,,,
2026,26,1,PPI,Carter Beck,Indiana State,4YR JR,Atlanta Braves,matched_exact_name,100.0,100.0,2,Carter Beck,9684263,INST,Indiana State University,,
2026,27,1,1,Carson Wiggins,Arkansas,4YR SO,New York Mets,no_candidate,,,0,,,,,,
2026,28,1,PPI,Jack Radel,Notre Dame,4YR JR,Houston Astros,matched_exact_name,100.0,100.0,1,Jack Radel,9698268,ND,University of Notre Dame,,
2026,29,1,CB-A,Carson Bolemon,Southside Christian HS,HS SR,San Francisco Giants,no_candidate,,,0,,,,,,
2026,30,1,CB-A,Taylor Rabe,Mississippi,4YR JR,Kansas City Royals,matched_exact_name,100.0,100.0,1,Taylor Rabe,9690459,MISS,University of Mississippi,,
2026,31,1,CB-A,Blake Bryant,Citizens Christian HS,HS SR,Arizona Diamondbacks,rejected_fuzzy_school_guard,87.0,16.0,1,,,,,Luke Bryant,16.0
2026,32,1,CB-A,Tegan Kuhns,Tennessee,4YR SO,St. Louis Cardinals,matched_exact_name,100.0,100.0,1,Tegan Kuhns,9696179,TENN,University of Tennessee Knoxville,,
2026,33,1,CB-A,Taj Marchand,James Island HS,HS SR,Tampa Bay Rays,no_candidate,,,0,,,,,,
2026,34,1,CB-A,Landon Thome,Nazareth Academy HS,HS SR,Chicago White Sox,no_candidate,,,0,,,,,,
2026,35,1,1,Hunter Dietz,Arkansas,4YR JR,New York Yankees,matched_exact_name,100.0,100.0,1,Hunter Dietz,9679044,ARK,University of Arkansas,,
2026,36,1,1,Tyler Spangler,De La Salle HS,HS SR,Philadelphia Phillies,no_candidate,,,0,,,,,,
2026,37,1,CB-A,Daniel Jackson,Georgia,4YR JR,Colorado Rockies,matched_exact_name,100.0,100.0,1,Daniel Jackson,9703238,UGA,University of Georgia,,
2026,38,2,2,Logan Reddemann,UCLA,4YR JR,Colorado Rockies,matched_exact_name,100.0,100.0,1,Logan Reddemann,10805227,UCLA,"University of California, Los Angeles",,
2026,39,1,1,Cole Carlon,Arizona State,4YR JR,Toronto Blue Jays,matched_exact_name,100.0,100.0,1,Cole Carlon,9697298,ASU,Arizona State University,,
2026,40,1,1,Bo Lowrance,Christ Church Episcopal HS,HS SR,Los Angeles Dodgers,no_candidate,,,0,,,,,,
2026,41,2,2,Cole Prosek,Magnolia Heights HS,HS SR,Chicago White Sox,no_candidate,,,0,,,,,,
2026,42,2,2,Chase Brunson,TCU,4YR JR,Washington Nationals,matched_exact_name,100.0,100.0,1,Chase Brunson,9697148,TCU,Texas Christian University,,
2026,43,2,2,Carson Tinney,Texas,4YR JR,Minnesota Twins,matched_exact_name,100.0,100.0,1,Carson Tinney,11227580,TEX,University of Texas at Austin,,
2026,44,2,2,Aiden Ruiz,The Stony Brook HS,HS SR,Pittsburgh Pirates,no_candidate,,,0,,,,,,
2026,45,2,2,Jarren Advincula,Georgia Tech,4YR JR,Los Angeles Angels,matched_exact_name,100.0,100.0,1,Jarren Advincula,11230374,GT,Georgia Institute of Technology,,
2026,46,2,2,Ty Head,North Carolina State,4YR SO,Baltimore Orioles,matched_exact_name,100.0,100.0,1,Ty Head,9695735,NCSU,North Carolina State University,,
2026,47,2,2,Mason Edwards,USC,4YR JR,Athletics,matched_exact_name,100.0,100.0,1,Mason Edwards,9677224,USC,University of Southern California,,
2026,48,2,2,Kaiden McCarthy,Vermont Academy,HS SR,Atlanta Braves,no_candidate,,,0,,,,,,
2026,49,2,2,Ben Blair,Liberty,4YR JR,Tampa Bay Rays,matched_exact_name,100.0,100.0,1,Ben Blair,9690061,LIB,Liberty University,,
2026,50,2,2,Rocco Maniscalco,Oxford HS,HS SR,St. Louis Cardinals,no_candidate,,,0,,,,,,
2026,51,2,SUP-2,Chris Rembert,Auburn,4YR SO,Pittsburgh Pirates,matched_exact_name,100.0,100.0,1,Chris Rembert,9697860,AUB,Auburn University,,
2026,52,2,2,Ethan Kleinschmit,Oregon State,4YR JR,Miami Marlins,matched_exact_name,100.0,100.0,1,Ethan Kleinschmit,9678181,ORST,Oregon State University,,
2026,53,2,2,Carson Kerce,Georgia Tech,4YR JR,Arizona Diamondbacks,matched_exact_name,100.0,100.0,1,Carson Kerce,9677530,GT,Georgia Institute of Technology,,
2026,54,2,2,Connor Comeau,L. C. Anderson HS,HS SR,Texas Rangers,no_candidate,,,0,,,,,,
2026,55,2,2,Kaden Waechter,Jesuit HS,HS SR,San Francisco Giants,no_candidate,,,0,,,,,,
2026,56,2,2,Jack Slightom,Lyons Township HS,HS SR,Kansas City Royals,no_candidate,,,0,,,,,,
2026,57,2,2,Wes Mendes,Florida State,4YR JR,Houston Astros,matched_exact_name,100.0,100.0,1,Wes Mendes,9684157,FSU,Florida State University,,
2026,58,2,2,Eric Becker,Virginia,4YR JR,Cincinnati Reds,matched_exact_name,100.0,100.0,1,Eric Becker,9691062,UVA,University of Virginia,,
2026,59,2,2,Logan Schmidt,Ganesha HS,HS SR,Cleveland Guardians,rejected_fuzzy_school_guard,86.7,38.1,1,,,,,Logan Waldschmidt,38.1
2026,60,2,2,Elliot Lascelles,Upper Canada College HS,HS SR,San Diego Padres,no_candidate,,,0,,,,,,
2026,61,2,2,Tyson LeBlanc,Kansas,4YR JR,Detroit Tigers,matched_exact_name,100.0,100.0,1,Tyson LeBlanc,11218441,KU,University of Kansas,,
2026,62,2,2,Caden Sorrell,Texas A&M,4YR JR,Chicago Cubs,matched_exact_name,100.0,100.0,1,Caden Sorrell,9676762,TA&M,Texas A&M University,,
2026,63,2,2,Sean Duncan,Terry Fox SS,HS SR,New York Yankees,no_candidate,,,0,,,,,,
2026,64,2,2,Caden Bogenpohl,Missouri State,4YR JR,Philadelphia Phillies,matched_exact_name,100.0,100.0,1,Caden Bogenpohl,9680173,MOST,Missouri State University,,
2026,65,2,2,Jake Brown,LSU,4YR JR,Seattle Mariners,matched_exact_name,100.0,100.0,2,Jake Brown,9676770,LSU,Louisiana State University,,
2026,66,2,2,Sawyer Strosnider,TCU,4YR JR,Milwaukee Brewers,matched_exact_name,100.0,100.0,1,Sawyer Strosnider,9685619,TCU,Texas Christian University,,
2026,67,2,CB-B,Owen Hull,North Carolina,4YR JR,Boston Red Sox,matched_exact_name,100.0,100.0,1,Owen Hull,11243207,UNC,University of North Carolina at Chapel Hill,,
2026,68,2,CB-B,Andrew Williamson,Central Florida,4YR JR,St. Louis Cardinals,matched_exact_name,100.0,100.0,1,Andrew Williamson,9692366,UCF,University of Central Florida,,
2026,69,2,CB-B,Evan Dempsey,Florida Gulf Coast,4YR JR,Detroit Tigers,matched_exact_name,100.0,100.0,1,Evan Dempsey,9681714,FGCU,Florida Gulf Coast University,,
2026,70,2,CB-B,Mulivai Levu,UCLA,4YR JR,Cincinnati Reds,matched_exact_name,100.0,100.0,1,Mulivai Levu,9681029,UCLA,"University of California, Los Angeles",,
2026,71,2,CB-B,Ryan Peterson,Sam Houston State,4YR JR,Miami Marlins,matched_exact_name,100.0,100.0,1,Ryan Peterson,9680545,SHSU,Sam Houston State University,,
2026,72,2,CB-B,Dawson Montesa,West Virginia,4YR JR,St. Louis Cardinals,matched_exact_name,100.0,100.0,1,Dawson Montesa,11210255,WVU,West Virginia University,,
2026,73,2,CB-B,Gabe Gaeckle,Arkansas,4YR JR,Athletics,matched_exact_name,100.0,100.0,1,Gabe Gaeckle,9688427,ARK,University of Arkansas,,
2026,74,2,CB-B,Brett Renfrow,Virginia Tech,4YR JR,Minnesota Twins,matched_exact_name,100.0,100.0,1,Brett Renfrow,9679781,VT,Virginia Tech,,
2026,75,2,2C,Myles Bailey,Florida State,4YR SO,Chicago Cubs,matched_exact_name,100.0,100.0,1,Myles Bailey,9699227,FSU,Florida State University,,
2026,76,3,3,Jack Natili,Cincinnati,4YR JR,Colorado Rockies,matched_exact_name,100.0,100.0,1,Jack Natili,9685489,CIN,University of Cincinnati,,
2026,77,3,3,Joey Volchko,Georgia,4YR JR,Chicago White Sox,matched_exact_name,100.0,100.0,1,Joey Volchko,11237819,UGA,University of Georgia,,
2026,78,3,3,Luke Williams,Franklin Regional HS,HS SR,Washington Nationals,rejected_school_guard,100.0,37.5,2,,,,,Luke Williams,37.5
2026,79,3,3,Ethan Wachsmann,Grandview HS,HS SR,Minnesota Twins,no_candidate,,,0,,,,,,
2026,80,3,3,Jason DeCaro,North Carolina,4YR JR,Pittsburgh Pirates,matched_exact_name,100.0,100.0,1,Jason DeCaro,9700239,UNC,University of North Carolina at Chapel Hill,,
2026,81,3,3,Gavin Grahovac,Texas A&M,4YR JR,Los Angeles Angels,matched_exact_name,100.0,100.0,1,Gavin Grahovac,9697732,TA&M,Texas A&M University,,
2026,82,3,3,Dominic Voegele,Kansas,4YR JR,Baltimore Orioles,matched_exact_name,100.0,100.0,1,Dominic Voegele,9688037,KU,University of Kansas,,
2026,83,3,3,Jacob Dudan,North Carolina State,4YR JR,Athletics,matched_exact_name,100.0,100.0,1,Jacob Dudan,9701235,NCSU,North Carolina State University,,
2026,84,3,3,Jensen Hirschkorn,Kingsburg HS,HS SR,Atlanta Braves,no_candidate,,,0,,,,,,
2026,85,3,3,Gavin Giese,Dana Hills HS,HS SR,Tampa Bay Rays,no_candidate,,,0,,,,,,
2026,86,3,3,Caden Ferraro,Texas Tech,4YR JR,St. Louis Cardinals,matched_exact_name,100.0,100.0,1,Caden Ferraro,11248049,TTU,Texas Tech University,,
2026,87,3,3,Cam Kozeal,Arkansas,4YR JR,Miami Marlins,matched_fuzzy_name,87.0,100.0,1,Camden Kozeal,9694028,ARK,University of Arkansas,,
2026,88,3,3,Brayden Dowd,Florida State,4YR JR,Arizona Diamondbacks,matched_exact_name,100.0,100.0,1,Brayden Dowd,11248084,FSU,Florida State University,,
2026,89,3,3,Brody Bumila,Bishop Feehan HS,HS SR,Texas Rangers,no_candidate,,,0,,,,,,
2026,90,3,3,Peyton Bonds,Rutgers,4YR JR,San Francisco Giants,matched_exact_name,100.0,100.0,1,Peyton Bonds,9696504,RUTG,Rutgers University,,
2026,91,3,3,Maxx Yehl,West Virginia,4YR SR,Kansas City Royals,matched_exact_name,100.0,100.0,1,Maxx Yehl,9691241,WVU,West Virginia University,,
2026,92,3,3,Aiden Robbins,Texas,4YR JR,New York Mets,matched_exact_name,100.0,100.0,1,Aiden Robbins,11227636,TEX,University of Texas at Austin,,
2026,93,3,3,Keon Johnson,First Presbyterian HS,HS SR,Houston Astros,no_candidate,,,0,,,,,,
2026,94,3,3,Tyner Horn,Nebraska,4YR JR,Cincinnati Reds,matched_school_surname,0.0,100.0,1,Ty Horn,9676827,NEB,University of Nebraska–Lincoln,,
2026,95,3,3,Tre Broussard,Houston,4YR JR,Cleveland Guardians,matched_exact_name,100.0,100.0,1,Tre Broussard,9685236,HOU,University of Houston,,
2026,96,3,3,Jace Mataczynski,Hudson HS,HS SR,Boston Red Sox,no_candidate,,,0,,,,,,
2026,97,3,3,Ryan Lynch,North Carolina,4YR SO,San Diego Padres,matched_exact_name,100.0,100.0,2,Ryan Lynch,9696005,UNC,University of North Carolina at Chapel Hill,,
2026,98,3,3,Carson Jasa,Nebraska,4YR JR,Chicago Cubs,matched_exact_name,100.0,100.0,1,Carson Jasa,9681488,NEB,University of Nebraska–Lincoln,,
2026,99,3,3,Brendan Brock,Oklahoma,4YR SR,New York Yankees,matched_exact_name,100.0,100.0,1,Brendan Brock,11245196,OU,University of Oklahoma,,
2026,100,3,3,Ruger Riojas,Texas,4YR SR,Philadelphia Phillies,matched_exact_name,100.0,100.0,1,Ruger Riojas,9690885,TEX,University of Texas at Austin,,
2026,101,3,3,Nathan Taylor,Cincinnati,4YR JR,Seattle Mariners,matched_exact_name,100.0,100.0,1,Nathan Taylor,9691696,CIN,University of Cincinnati,,
2026,102,3,3,Kyle Jones,Florida,4YR JR,Milwaukee Brewers,matched_exact_name,100.0,100.0,1,Kyle Jones,9689147,FLA,University of Florida,,
2026,103,3,3,Ryan Cooney,Oregon,4YR JR,Toronto Blue Jays,matched_exact_name,100.0,100.0,1,Ryan Cooney,9690280,ORE,University of Oregon,,
2026,104,4,4,Ben Davis,Mississippi State,4YR SR,Colorado Rockies,matched_exact_name,100.0,100.0,1,Ben Davis,9701407,MSST,Mississippi State University,,
2026,105,4,4,Eric Segura,Oregon State,4YR JR,Chicago White Sox,matched_exact_name,100.0,100.0,1,Eric Segura,9679133,ORST,Oregon State University,,
2026,106,4,4,Cooper Harris,Flower Mound HS,HS SR,Washington Nationals,rejected_school_guard,100.0,41.7,2,,,,,Cooper Harris,41.7
2026,107,4,4,Tommy LaPour,TCU,4YR JR,Minnesota Twins,matched_exact_name,100.0,100.0,1,Tommy LaPour,9682452,TCU,Texas Christian University,,
2026,108,4,4,Andruw Giles,Basic HS,HS SR,Pittsburgh Pirates,no_candidate,,,0,,,,,,
2026,109,4,4,Rylan Lujo,Georgia,4YR SO,Los Angeles Angels,matched_exact_name,100.0,100.0,1,Rylan Lujo,11237792,UGA,University of Georgia,,
2026,110,4,4,Kevin Roberts Jr.,Jackson Prep HS,HS SR,Baltimore Orioles,no_candidate,,,0,,,,,,
2026,111,4,4,Roman Martin,UCLA,4YR JR,Athletics,matched_exact_name,100.0,100.0,1,Roman Martin,9697039,UCLA,"University of California, Los Angeles",,
2026,112,4,4,Cole Dennis,Bishop Snyder HS,HS SR,Atlanta Braves,no_candidate,,,0,,,,,,
2026,113,4,4,Collin Bland,Houston HS,HS SR,Tampa Bay Rays,no_candidate,,,0,,,,,,
2026,114,4,4,Dee Kennedy,Kansas State,4YR JR,St. Louis Cardinals,matched_exact_name,100.0,100.0,1,Dee Kennedy,9682847,KSU,Kansas St.,,
2026,115,4,4,Wessley Roberson,Glynn Academy HS,HS SR,Miami Marlins,no_candidate,,,0,,,,,,
2026,116,4,4,Josh McDevitt,Missouri,4YR JR,Arizona Diamondbacks,matched_exact_name,100.0,100.0,1,Josh McDevitt,9682397,MIZ,University of Missouri,,
2026,117,4,4,Hudson Calhoun,Mississippi,4YR JR,Texas Rangers,matched_exact_name,100.0,100.0,1,Hudson Calhoun,9697450,MISS,University of Mississippi,,
2026,118,4,4,Carlos Martinez,Hofstra,4YR SR,San Francisco Giants,matched_exact_name,100.0,100.0,2,Carlos Martinez,9684309,HOF,Hofstra University,,
2026,119,4,4,Dominic Battista,Oswego East HS,HS SR,Kansas City Royals,no_candidate,,,0,,,,,,
2026,120,4,4,Shane Sdao,Texas A&M,4YR SR,New York Mets,matched_exact_name,100.0,100.0,1,Shane Sdao,9697453,TA&M,Texas A&M University,,
2026,121,4,4,Kam Durnin,Missouri,4YR JR,Houston Astros,matched_exact_name,100.0,100.0,1,Kam Durnin,11240811,MIZ,University of Missouri,,
2026,122,4,4,Ethan Norby,East Carolina,4YR JR,Cincinnati Reds,matched_exact_name,100.0,100.0,1,Ethan Norby,9687983,ECU,East Carolina University,,
2026,123,4,4,Kade Lewis,Wake Forest,4YR JR,Cleveland Guardians,matched_exact_name,100.0,100.0,1,Kade Lewis,9698609,WAKE,Wake Forest University,,
2026,124,4,4,Robbie Lavey,George Washington,4YR JR,San Diego Padres,matched_exact_name,100.0,100.0,1,Robbie Lavey,9699577,GW,George Washington University,,
2026,125,4,4,Dominic Pellegrin,Holy Cross HS,HS SR,Detroit Tigers,no_candidate,,,0,,,,,,
2026,126,4,4,Dylan Marionneaux,Northwestern State,4YR JR,Chicago Cubs,matched_exact_name,100.0,100.0,1,Dylan Marionneaux,9696904,NWST,Northwestern State University,,
2026,127,4,4,Paul Gutierrez-Contreras II,Cal State Fullerton,4YR JR,New York Yankees,matched_school_surname,0.0,100.0,1,Paul Contreras,9691310,CSUF,"California State University, Fullerton",,
2026,128,4,4,Deven Sheerin,LSU,4YR JR,Philadelphia Phillies,matched_exact_name,100.0,100.0,1,Deven Sheerin,9693618,LSU,Louisiana State University,,
2026,129,4,4,Trevor Lucas,UNC Wilmington,4YR JR,Seattle Mariners,matched_exact_name,100.0,100.0,1,Trevor Lucas,9680426,UNCW,University of North Carolina at Wilmington,,
2026,130,4,4,Julian Garcia,St. John Bosco HS,HS SR,Milwaukee Brewers,no_candidate,,,0,,,,,,
2026,131,4,4,Will Brick,Christian Brothers HS,HS SR,Toronto Blue Jays,no_candidate,,,0,,,,,,
2026,132,4,4,Russell Sandefer,Florida,4YR JR,Los Angeles Dodgers,matched_exact_name,100.0,100.0,1,Russell Sandefer,11211395,FLA,University of Florida,,
2026,133,4,4C,Beau Peterson,Mill Valley HS,HS SR,Houston Astros,rejected_fuzzy_school_guard,88.0,24.0,1,,,,,Ben Peterson,24.0
2026,134,4,4C,Alex Conover,Oklahoma State,4YR JR,San Diego Padres,matched_exact_name,100.0,100.0,1,Alex Conover,9688301,OKST,Oklahoma State University,,
2026,135,4,4C,Jaxon Jelkin,Kentucky,4YR 5S,Philadelphia Phillies,matched_exact_name,100.0,100.0,1,Jaxon Jelkin,9680059,UK,University of Kentucky,,
2026,136,5,5,Tyler Putnam,Battle HS,HS SR,Colorado Rockies,no_candidate,,,0,,,,,,
2026,137,5,5,Cal Scolari,Oregon,4YR JR,Chicago White Sox,matched_exact_name,100.0,100.0,1,Cal Scolari,11213037,ORE,University of Oregon,,
2026,138,5,5,Daniel Cuvet,Miami,4YR JR,Washington Nationals,matched_exact_name,100.0,100.0,1,Daniel Cuvet,9699671,MIA,University of Miami,,
2026,139,5,5,Steele Murdock,UC San Diego,4YR JR,Minnesota Twins,matched_exact_name,100.0,100.0,1,Steele Murdock,9696313,UCSD,"University of California, San Diego",,
2026,140,5,5,Ryan Marohn,North Carolina State,4YR JR,Pittsburgh Pirates,matched_exact_name,100.0,100.0,1,Ryan Marohn,9702060,NCSU,North Carolina State University,,
2026,141,5,5,Jaxon Willits,Oklahoma,4YR JR,Los Angeles Angels,matched_exact_name,100.0,100.0,1,Jaxon Willits,9700369,OU,University of Oklahoma,,
2026,142,5,5,Jimmy Anderson,Heartland CC,JC J2,Baltimore Orioles,no_candidate,,,0,,,,,,
2026,143,5,5,Alex Hernandez,Georgia Tech,4YR SO,Athletics,matched_exact_name,100.0,100.0,1,Alex Hernandez,9689598,GT,Georgia Institute of Technology,,
2026,144,5,5,Wil Libbert,Mississippi,4YR JR,Atlanta Braves,matched_exact_name,100.0,100.0,1,Wil Libbert,11226888,MISS,University of Mississippi,,
2026,145,5,5,Owen Kramkowski,Arizona,4YR JR,Tampa Bay Rays,matched_exact_name,100.0,100.0,1,Owen Kramkowski,9694102,ARIZ,University of Arizona,,
2026,146,5,5,Cal Randall,UCLA,4YR JR,St. Louis Cardinals,matched_exact_name,100.0,100.0,1,Cal Randall,9690702,UCLA,"University of California, Los Angeles",,
2026,147,5,5,Trey Beard,Florida State,4YR JR,Miami Marlins,matched_exact_name,100.0,100.0,1,Trey Beard,11248066,FSU,Florida State University,,
2026,148,5,5,LJ Mercurius,Oklahoma,4YR JR,Arizona Diamondbacks,matched_exact_name,100.0,100.0,1,LJ Mercurius,11245156,OU,University of Oklahoma,,
2026,149,5,5,Michael Anderson Jr.,Penn State,4YR SR,Texas Rangers,matched_fuzzy_name,88.9,100.0,1,Michael Anderson,11215334,PSU,Penn State University,,
2026,150,5,5,Luke Nixon,North Carolina State,4YR JR,San Francisco Giants,matched_exact_name,100.0,100.0,1,Luke Nixon,9681511,NCSU,North Carolina State University,,
2026,151,5,5,Ethan McElvain,Arkansas,4YR JR,Kansas City Royals,matched_exact_name,100.0,100.0,1,Ethan McElvain,11225244,ARK,University of Arkansas,,
2026,152,5,5,Luke McNeillie,Florida,4YR JR,New York Mets,matched_exact_name,100.0,100.0,1,Luke McNeillie,9692791,FLA,University of Florida,,
2026,153,5,5,Gavin Eddy,California,4YR JR,Houston Astros,matched_exact_name,100.0,100.0,1,Gavin Eddy,9677631,CAL,"University of California, Berkeley",,
2026,154,5,5,Dylan Bowen,Hanover Central HS,HS SR,Cincinnati Reds,no_candidate,,,0,,,,,,
2026,155,5,5,Lucas Moore,Louisville,4YR JR,Cleveland Guardians,matched_exact_name,100.0,100.0,1,Lucas Moore,9689254,LOU,University of Louisville,,
2026,156,5,5,Lucas Davenport,Baylor,4YR SR,Boston Red Sox,matched_exact_name,100.0,100.0,1,Lucas Davenport,9689728,BAY,Baylor University,,
2026,157,5,5,James Guyette,Kansas State,4YR JR,San Diego Padres,matched_exact_name,100.0,100.0,1,James Guyette,9688573,KSU,Kansas St.,,
2026,158,5,5,Declan Dahl,Louisiana Tech,4YR JR,Detroit Tigers,matched_exact_name,100.0,100.0,1,Declan Dahl,11206612,LT,Louisiana Tech University,,
2026,159,5,5,Dylan Blomker,La Cueva HS,HS SR,Chicago Cubs,no_candidate,,,0,,,,,,
2026,160,5,5,Bear Harrison,Texas A&M,4YR JR,New York Yankees,matched_exact_name,100.0,100.0,1,Bear Harrison,9694868,TA&M,Texas A&M University,,
2026,161,5,5,Will Gasparino,UCLA,4YR JR,Philadelphia Phillies,matched_exact_name,100.0,100.0,1,Will Gasparino,10805223,UCLA,"University of California, Los Angeles",,
2026,162,5,5,Hayden Yost,Florida,4YR JR,Seattle Mariners,matched_exact_name,100.0,100.0,1,Hayden Yost,9688596,FLA,University of Florida,,
2026,163,5,5,Aidan Knaak,Clemson,4YR JR,Milwaukee Brewers,matched_exact_name,100.0,100.0,1,Aidan Knaak,9687529,CLEM,Clemson University,,
2026,164,5,5,Nolan Higgins,Michigan State,4YR SR,Toronto Blue Jays,matched_exact_name,100.0,100.0,1,Nolan Higgins,9697304,MSU,Michigan State University,,
2026,165,6,6,Garrett Lambert,Mercer,4YR JR,Colorado Rockies,matched_exact_name,100.0,100.0,1,Garrett Lambert,9682299,MER,Mercer University,,
2026,166,6,6,Alex Weingartner,St. Augustine Prep HS,HS SR,Chicago White Sox,no_candidate,,,0,,,,,,
2026,167,6,6,Cooper Allen,UNC Wilmington,4YR JR,Washington Nationals,matched_exact_name,100.0,100.0,1,Cooper Allen,9686622,UNCW,University of North Carolina at Wilmington,,
2026,168,6,6,Ethan Lay,Sacramento State,4YR SR,Minnesota Twins,matched_exact_name,100.0,100.0,1,Ethan Lay,9705395,SAC,Sacramento State University,,
2026,169,6,6,Tyler Fay,Alabama,4YR SR,Pittsburgh Pirates,matched_exact_name,100.0,100.0,1,Tyler Fay,9682816,ALA,University of Alabama,,
2026,170,6,6,Justin Byrd,Georgia,4YR SR,Los Angeles Angels,matched_exact_name,100.0,100.0,1,Justin Byrd,9695048,UGA,University of Georgia,,
2026,171,6,6,Zane Adams,Alabama,4YR JR,Baltimore Orioles,matched_exact_name,100.0,100.0,1,Zane Adams,9696593,ALA,University of Alabama,,
2026,172,6,6,Alex Sosa,Miami,4YR JR,Athletics,matched_exact_name,100.0,100.0,1,Alex Sosa,11234832,MIA,University of Miami,,
2026,173,6,6,Tyson Grulkowski,Muskego HS,HS SR,Atlanta Braves,no_candidate,,,0,,,,,,
2026,174,6,6,Kyle Johnson,Virginia,4YR JR,Tampa Bay Rays,matched_exact_name,100.0,100.0,1,Kyle Johnson,11218589,UVA,University of Virginia,,
2026,175,6,6,Owen Henne,Seton Hill,4YR JR,St. Louis Cardinals,no_candidate,,,0,,,,,,
2026,176,6,6,Cole Selvig,Minnesota,4YR JR,Miami Marlins,matched_exact_name,100.0,100.0,1,Cole Selvig,9677895,MINN,University of Minnesota,,
2026,177,6,6,Micah Worley,SUNY Stony Brook,4YR JR,Arizona Diamondbacks,matched_exact_name,100.0,100.0,1,Micah Worley,9681901,STBK,Stony Brook University,,
2026,178,6,6,Aidan Brainard,Nevada,4YR SR,Texas Rangers,matched_exact_name,100.0,100.0,1,Aidan Brainard,11221861,NEV,"University of Nevada, Reno",,
2026,179,6,6,Eric Nachtsheim,McNeese State,4YR SR,San Francisco Giants,matched_exact_name,100.0,100.0,1,Eric Nachtsheim,9704406,MCN,McNeese State University,,
2026,180,6,6,Justin LeGuernic,Clemson,4YR JR,Kansas City Royals,matched_exact_name,100.0,100.0,1,Justin LeGuernic,9694070,CLEM,Clemson University,,
2026,181,6,6,Alex Petrovic,Auburn,4YR JR,New York Mets,matched_exact_name,100.0,100.0,1,Alex Petrovic,9700657,AUB,Auburn University,,
2026,182,6,6,Michael Addari,Illinois State,4YR SR,Houston Astros,matched_exact_name,100.0,100.0,1,Michael Addari,9698716,ILST,Illinois State University,,
2026,183,6,6,Duncan Marsten,Wake Forest,4YR SO,Cincinnati Reds,matched_exact_name,100.0,100.0,1,Duncan Marsten,9677228,WAKE,Wake Forest University,,
2026,184,6,6,Deiten Lachance,Oklahoma,4YR JR,Cleveland Guardians,matched_exact_name,100.0,100.0,1,Deiten Lachance,11245211,OU,University of Oklahoma,,
2026,185,6,6,Brett Lanman,Abilene Christian,4YR JR,Boston Red Sox,matched_exact_name,100.0,100.0,1,Brett Lanman,9681163,ACU,Abilene Christian University,,
2026,186,6,6,Nu'u Contrades,Arizona State,4YR SR,San Diego Padres,matched_exact_name,100.0,100.0,1,Nu'u Contrades,9685082,ASU,Arizona State University,,
2026,187,6,6,Maddox Molony,Oregon,4YR JR,Detroit Tigers,matched_exact_name,100.0,100.0,1,Maddox Molony,9681978,ORE,University of Oregon,,
2026,188,6,6,Isaac Morton,Minnesota,4YR JR,Chicago Cubs,matched_exact_name,100.0,100.0,1,Isaac Morton,11241037,MINN,University of Minnesota,,
2026,189,6,6,Andrew Gonzalez,Americas HS,HS SR,New York Yankees,rejected_fuzzy_school_guard,93.3,29.6,1,,,,,Andres Gonzalez,29.6
2026,190,6,6,Macon Winslow,North Carolina,4YR JR,Philadelphia Phillies,matched_exact_name,100.0,100.0,1,Macon Winslow,11243226,UNC,University of North Carolina at Chapel Hill,,
2026,191,6,6,Henry Ford,Tennessee,4YR JR,Seattle Mariners,matched_exact_name,100.0,100.0,1,Henry Ford,11218720,TENN,University of Tennessee Knoxville,,
2026,192,6,6,Ryan Oshinskie,Brown,4YR JR,Milwaukee Brewers,no_candidate,,,0,,,,,,
2026,193,6,6,Gable Mitchell,Iowa,4YR SR,Toronto Blue Jays,matched_exact_name,100.0,100.0,1,Gable Mitchell,9697808,IOWA,University of Iowa,,
2026,194,7,7,Jack Scott,Central Missouri,4YR JR,Colorado Rockies,no_candidate,,,0,,,,,,
2026,195,7,7,Clay Burdette,Xavier,4YR JR,Chicago White Sox,matched_exact_name,100.0,100.0,1,Clay Burdette,9702732,XAV,Xavier University,,
2026,196,7,7,Gage Peterson,Appalachian State,4YR JR,Washington Nationals,matched_exact_name,100.0,100.0,1,Gage Peterson,11211454,APP,Appalachian State University,,
2026,197,7,7,Max Bayles,Santa Clara,4YR JR,Minnesota Twins,matched_exact_name,100.0,100.0,1,Max Bayles,9686402,SCU,Santa Clara University,,
2026,198,7,7,Bryson Moore,Florida State,4YR JR,Pittsburgh Pirates,matched_exact_name,100.0,100.0,1,Bryson Moore,11248106,FSU,Florida State University,,
2026,199,7,7,Ryan Hetzler,Auburn,4YR JR,Los Angeles Angels,matched_exact_name,100.0,100.0,1,Ryan Hetzler,9703873,AUB,Auburn University,,
2026,200,7,7,Ryan Piech,Xavier,4YR JR,Baltimore Orioles,matched_exact_name,100.0,100.0,1,Ryan Piech,9676721,XAV,Xavier University,,
2026,201,7,7,David Rossow,Campbell,4YR 5S,Athletics,matched_exact_name,100.0,100.0,1,David Rossow,9704459,CAM,Campbell University,,
2026,202,7,7,Jack Brenner,Fond du Lac HS,HS SR,Atlanta Braves,no_candidate,,,0,,,,,,
2026,203,7,7,AJ Rice,Pickens County HS,HS SR,Tampa Bay Rays,no_candidate,,,0,,,,,,
2026,204,7,7,Derek Schaefer,Arizona State,4YR JR,St. Louis Cardinals,matched_exact_name,100.0,100.0,1,Derek Schaefer,9682601,ASU,Arizona State University,,
2026,205,7,7,Eric Guevara,Auburn,4YR JR,Miami Marlins,matched_exact_name,100.0,100.0,1,Eric Guevara,9693179,AUB,Auburn University,,
2026,206,7,7,Carson Turnquist,Cal Poly,4YR JR,Arizona Diamondbacks,matched_exact_name,100.0,100.0,1,Carson Turnquist,9691324,CP,California Polytechnic State University,,
2026,207,7,7,Caden Aoki,Georgia,4YR GR,Texas Rangers,matched_exact_name,100.0,100.0,1,Caden Aoki,11237770,UGA,University of Georgia,,
2026,208,7,7,Beau Bryans,Jacksonville State,4YR SR,San Francisco Giants,matched_exact_name,100.0,100.0,1,Beau Bryans,11248073,JVST,Jacksonville State University,,
2026,209,7,7,Dylan Vigue,Georgia,4YR JR,Kansas City Royals,matched_exact_name,100.0,100.0,1,Dylan Vigue,11237818,UGA,University of Georgia,,
2026,210,7,7,Aidan Keenan,Stanford,4YR JR,New York Mets,matched_exact_name,100.0,100.0,1,Aidan Keenan,9686369,STAN,Stanford University,,
2026,211,7,7,Bryan Carney,University of Olivet,4YR SR,Houston Astros,no_candidate,,,0,,,,,,
2026,212,7,7,Sherman Johnson,North Carolina State,4YR JR,Cincinnati Reds,matched_exact_name,100.0,100.0,1,Sherman Johnson,11212341,NCSU,North Carolina State University,,
2026,213,7,7,Savion Sims,Prestonwood Christian HS,HS SR,Cleveland Guardians,no_candidate,,,0,,,,,,
2026,214,7,7,Kide Adetuyi,Florida Atlantic,4YR JR,Boston Red Sox,matched_exact_name,100.0,100.0,1,Kide Adetuyi,9683167,FAU,Florida Atlantic University,,
2026,215,7,7,Joe Tiroly,Virginia,4YR JR,San Diego Padres,matched_exact_name,100.0,100.0,1,Joe Tiroly,11218697,UVA,University of Virginia,,
2026,216,7,7,Brady Ballinger,Kansas,4YR JR,Detroit Tigers,matched_exact_name,100.0,100.0,1,Brady Ballinger,9680112,KU,University of Kansas,,
2026,217,7,7,Cole Tryba,UC Santa Barbara,4YR JR,Chicago Cubs,matched_exact_name,100.0,100.0,1,Cole Tryba,9701882,UCSB,"University of California, Santa Barbara",,
2026,218,7,7,Michael Harpster,East Tennessee State,4YR JR,New York Yankees,matched_exact_name,100.0,100.0,1,Michael Harpster,9690169,ETSU,East Tennessee State University,,
2026,219,7,7,Bo Rhudy,Tennessee,4YR JR,Philadelphia Phillies,matched_exact_name,100.0,100.0,1,Bo Rhudy,11218764,TENN,University of Tennessee Knoxville,,
2026,220,7,7,Ryan Wynn,Georgia,4YR JR,Seattle Mariners,matched_exact_name,100.0,100.0,1,Ryan Wynn,11237824,UGA,University of Georgia,,
2026,221,7,7,Grant Hill,Chelsea HS,HS SR,Milwaukee Brewers,no_candidate,,,0,,,,,,
2026,222,7,7,Dean West,UCLA,4YR JR,Toronto Blue Jays,matched_exact_name,100.0,100.0,1,Dean West,9678538,UCLA,"University of California, Los Angeles",,
2026,223,7,7,Charlie West,Connecticut,4YR JR,Los Angeles Dodgers,matched_exact_name,100.0,100.0,1,Charlie West,9688480,CONN,University of Connecticut,,
2026,224,8,8,Hudson Barrett,Oklahoma State,4YR SR,Colorado Rockies,matched_exact_name,100.0,100.0,1,Hudson Barrett,11221721,OKST,Oklahoma State University,,
2026,225,8,8,Jayson Jones,Wichita State,4YR SR,Chicago White Sox,matched_exact_name,100.0,100.0,1,Jayson Jones,11210241,WICH,Wichita State University,,
2026,226,8,8,Max Hansmann,Evansville,4YR SR,Washington Nationals,matched_exact_name,100.0,100.0,1,Max Hansmann,9698995,EVAN,University of Evansville,,
2026,227,8,8,Thomas Burns,Texas,4YR JR,Minnesota Twins,matched_exact_name,100.0,100.0,1,Thomas Burns,9691026,TEX,University of Texas at Austin,,
2026,228,8,8,Alex Overbay,Arizona State,4YR JR,Pittsburgh Pirates,matched_exact_name,100.0,100.0,1,Alex Overbay,11233497,ASU,Arizona State University,,
2026,229,8,8,Garrett Wright,Tennessee,4YR JR,Los Angeles Angels,matched_exact_name,100.0,100.0,1,Garrett Wright,11218771,TENN,University of Tennessee Knoxville,,
2026,230,8,8,Will Plunkett,Mamaroneck HS,HS SR,Baltimore Orioles,no_candidate,,,0,,,,,,
2026,231,8,8,Aidan Weaver,Duke,4YR SR,Athletics,matched_exact_name,100.0,100.0,1,Aidan Weaver,9681289,DUKE,Duke University,,
2026,232,8,8,Jacob Jarrell,Clemson,4YR SR,Atlanta Braves,matched_exact_name,100.0,100.0,1,Jacob Jarrell,9698488,CLEM,Clemson University,,
2026,233,8,8,Griffin Long,Sonoraville HS,HS SR,Tampa Bay Rays,rejected_fuzzy_school_guard,88.0,24.0,1,,,,,Griffin Olson,24.0
2026,234,8,8,Luke Harrison,Texas,4YR GR,St. Louis Cardinals,matched_exact_name,100.0,100.0,1,Luke Harrison,9689065,TEX,University of Texas at Austin,,
2026,235,8,8,Rintaro Sasaki,Stanford,4YR SO,Miami Marlins,matched_exact_name,100.0,100.0,1,Rintaro Sasaki,9682698,STAN,Stanford University,,
2026,236,8,8,Paul Schoenfeld,West Virginia,4YR 5S,Arizona Diamondbacks,matched_exact_name,100.0,100.0,1,Paul Schoenfeld,11210282,WVU,West Virginia University,,
2026,237,8,8,Kolby Branch,Georgia,4YR SR,Texas Rangers,matched_exact_name,100.0,100.0,1,Kolby Branch,9700356,UGA,University of Georgia,,
2026,238,8,8,Cody Brasch,Louisana-Lafayette,4YR JR,San Francisco Giants,matched_exact_name,100.0,97.3,1,Cody Brasch,11192370,UL,University of Louisiana at Lafayette,,
2026,239,8,8,Hunter Possehl,Florida Gulf Coast,4YR JR,Kansas City Royals,matched_exact_name,100.0,100.0,1,Hunter Possehl,9697366,FGCU,Florida Gulf Coast University,,
2026,240,8,8,Landon Koenig,Mississippi,4YR JR,New York Mets,matched_exact_name,100.0,100.0,1,Landon Koenig,11226861,MISS,University of Mississippi,,
2026,241,8,8,Aaron Piasecki,Troy,4YR SR,Houston Astros,matched_exact_name,100.0,100.0,1,Aaron Piasecki,11195270,TROY,Troy University,,
2026,242,8,8,Brady Neal,Alabama,4YR SR,Cincinnati Reds,matched_exact_name,100.0,100.0,1,Brady Neal,9676954,ALA,University of Alabama,,
2026,243,8,8,Matt Scott,Georgia,4YR SR,Cleveland Guardians,matched_exact_name,100.0,100.0,1,Matt Scott,11237813,UGA,University of Georgia,,
2026,244,8,8,Josh Volmerding,Cal Poly,4YR JR,Boston Red Sox,matched_exact_name,100.0,100.0,1,Josh Volmerding,9694710,CP,California Polytechnic State University,,
2026,245,8,8,Sean Fitzpatrick,Arizona State,4YR SR,San Diego Padres,matched_exact_name,100.0,100.0,1,Sean Fitzpatrick,9679521,ASU,Arizona State University,,
2026,246,8,8,Robert Omidi,St. Martin SS,HS SR,Detroit Tigers,no_candidate,,,0,,,,,,
2026,247,8,8,Lance Williams,Maryland,4YR SO,Chicago Cubs,matched_exact_name,100.0,100.0,1,Lance Williams,11223139,MD,University of Maryland,,
2026,248,8,8,Luke Pettitte,Dallas Baptist,4YR JR,New York Yankees,matched_exact_name,100.0,100.0,1,Luke Pettitte,9687463,DBU,Dallas Baptist University,,
2026,249,8,8,Wyatt Danilowicz,Louisville,4YR SR,Philadelphia Phillies,matched_exact_name,100.0,100.0,1,Wyatt Danilowicz,9688407,LOU,University of Louisville,,
2026,250,8,8,Mason Eckelman,Ohio State,4YR JR,Seattle Mariners,matched_exact_name,100.0,100.0,1,Mason Eckelman,9694599,OSU,Ohio State University,,
2026,251,8,8,Kellan Tom,Corona del Sol HS,HS SR,Milwaukee Brewers,no_candidate,,,0,,,,,,
2026,252,8,8,Jake Bennett,Dallas Baptist,4YR SR,Toronto Blue Jays,matched_exact_name,100.0,100.0,1,Jake Bennett,9694329,DBU,Dallas Baptist University,,
2026,253,8,8,Miles Gosztola,Oregon,4YR JR,Los Angeles Dodgers,matched_exact_name,100.0,100.0,1,Miles Gosztola,11213013,ORE,University of Oregon,,
2026,254,9,9,Tanner Sagouspe,TCU,4YR GR,Colorado Rockies,matched_exact_name,100.0,100.0,1,Tanner Sagouspe,11220027,TCU,Texas Christian University,,
2026,255,9,9,Luke Craytor,Virginia Tech,4YR SR,Chicago White Sox,matched_exact_name,100.0,100.0,1,Luke Craytor,9690995,VT,Virginia Tech,,
2026,256,9,9,Cashel Dugger,UCLA,4YR JR,Washington Nationals,matched_exact_name,100.0,100.0,1,Cashel Dugger,9700094,UCLA,"University of California, Los Angeles",,
2026,257,9,9,JT Raab,Georgetown,4YR GR,Minnesota Twins,matched_exact_name,100.0,100.0,1,JT Raab,11223104,GTWN,Georgetown University,,
2026,258,9,9,Tre Phelps,Georgia,4YR JR,Pittsburgh Pirates,matched_exact_name,100.0,100.0,1,Tre Phelps,9693711,UGA,University of Georgia,,
2026,259,9,9,Trevor Hansen,University of California - Irvine,4YR JR,Los Angeles Angels,matched_exact_name,100.0,100.0,2,Trevor Hansen,9703073,UCI,"University of California, Irvine",,
2026,260,9,9,Collin McKinney,Arizona,4YR SR,Baltimore Orioles,matched_exact_name,100.0,100.0,1,Collin McKinney,9685305,ARIZ,University of Arizona,,
2026,261,9,9,Tanner Marsh,Liberty,4YR JR,Athletics,matched_exact_name,100.0,100.0,1,Tanner Marsh,9685345,LIB,Liberty University,,
2026,262,9,9,Parker Brosius,Georgia Tech,4YR SR,Atlanta Braves,matched_exact_name,100.0,100.0,1,Parker Brosius,9677934,GT,Georgia Institute of Technology,,
2026,263,9,9,Tai Jones,Jackson Academy,HS SR,Tampa Bay Rays,no_candidate,,,0,,,,,,
2026,264,9,9,Jayden Lobliner,San Diego,4YR SR,St. Louis Cardinals,matched_exact_name,100.0,100.0,1,Jayden Lobliner,9699857,USD,University of San Diego,,
2026,265,9,9,Nic Tolbert,Oktaha HS,HS SR,Miami Marlins,no_candidate,,,0,,,,,,
2026,266,9,9,Chris Katz,Mercer,4YR 5S,Arizona Diamondbacks,matched_exact_name,100.0,100.0,1,Chris Katz,11211594,MER,Mercer University,,
2026,267,9,9,Kaden Carpenter,Utah Valley,4YR SR,Texas Rangers,matched_exact_name,100.0,100.0,1,Kaden Carpenter,11167898,UVU,Utah Valley University,,
2026,268,9,9,Mike Mancini,Vanderbilt,4YR SR,San Francisco Giants,matched_exact_name,100.0,100.0,1,Mike Mancini,9699363,VAN,Vanderbilt University,,
2026,269,9,9,Camden Johnson,Oklahoma,4YR JR,Kansas City Royals,matched_exact_name,100.0,100.0,1,Camden Johnson,11245155,OU,University of Oklahoma,,
2026,270,9,9,Ryan Tayman,Cal Poly,4YR JR,New York Mets,matched_exact_name,100.0,100.0,1,Ryan Tayman,11216373,CP,California Polytechnic State University,,
2026,271,9,9,Ryan Pruitt,South Florida,4YR SR,Houston Astros,matched_exact_name,100.0,100.0,1,Ryan Pruitt,9702652,USF,University of South Florida,,
2026,272,9,9,Damian Ruiz,Arkansas,4YR SR,Cincinnati Reds,matched_exact_name,100.0,100.0,1,Damian Ruiz,11225251,ARK,University of Arkansas,,
2026,273,9,9,Mario Pesca,Oklahoma State,4YR SR,Cleveland Guardians,matched_exact_name,100.0,100.0,1,Mario Pesca,9688901,OKST,Oklahoma State University,,
2026,274,9,9,Martin Shelar,Marist School,HS SR,Boston Red Sox,no_candidate,,,0,,,,,,
2026,275,9,9,Benjamin Stubbs,Troy,4YR SR,San Diego Padres,matched_exact_name,100.0,100.0,1,Benjamin Stubbs,11195286,TROY,Troy University,,
2026,276,9,9,Kenneth Ward,Park University-Gilbert,4YR 5S,Detroit Tigers,no_candidate,,,0,,,,,,
2026,277,9,9,Chase Meyer,West Virginia,4YR JR,Chicago Cubs,matched_exact_name,100.0,100.0,1,Chase Meyer,9682778,WVU,West Virginia University,,
2026,278,9,9,David Leslie,Pittsburgh,4YR GR,New York Yankees,matched_exact_name,100.0,100.0,1,David Leslie,11231504,PITT,University of Pittsburgh,,
2026,279,9,9,Cooper Consiglio,North Carolina State,4YR JR,Philadelphia Phillies,matched_exact_name,100.0,100.0,1,Cooper Consiglio,9696968,NCSU,North Carolina State University,,
2026,280,9,9,Drew Whalen,Auburn,4YR JR,Seattle Mariners,matched_exact_name,100.0,100.0,1,Drew Whalen,11215622,AUB,Auburn University,,
2026,281,9,9,Chase Mora,Texas State,4YR SR,Milwaukee Brewers,matched_exact_name,100.0,100.0,1,Chase Mora,9679833,TXST,Texas State University,,
2026,282,9,9,Joey Urban,U Southern Mississippi,4YR SR,Toronto Blue Jays,matched_exact_name,100.0,100.0,1,Joey Urban,9680746,USM,University of Southern Mississippi,,
2026,283,9,9,Kyeler Thompson,Texas Tech,4YR JR,Los Angeles Dodgers,matched_exact_name,100.0,100.0,1,Kyeler Thompson,9703454,TTU,Texas Tech University,,
2026,284,10,10,Mikiah Negrete,Cal State Fullerton,4YR SR,Colorado Rockies,matched_exact_name,100.0,100.0,1,Mikiah Negrete,9684637,CSUF,"California State University, Fullerton",,
2026,285,10,10,Matthew Bucciero,Fairfield,4YR SR,Chicago White Sox,matched_exact_name,100.0,100.0,1,Matthew Bucciero,9699887,FAIR,Fairfield University,,
2026,286,10,10,Nick Williams,Michigan State,4YR 5S,Washington Nationals,matched_exact_name,100.0,100.0,1,Nick Williams,11228050,MSU,Michigan State University,,
2026,287,10,10,Kole Klecker,Arizona State,4YR SR,Minnesota Twins,matched_exact_name,100.0,100.0,1,Kole Klecker,11233485,ASU,Arizona State University,,
2026,288,10,10,Michael Gibson,The Citadel,4YR SR,Pittsburgh Pirates,matched_exact_name,100.0,100.0,1,Michael Gibson,11220570,CIT,The Citadel Military College of South Carolina,,
2026,289,10,10,Luc Rising,Northeastern,4YR SR,Los Angeles Angels,matched_exact_name,100.0,100.0,1,Luc Rising,11230747,NE,Northeastern University,,
2026,290,10,10,Carlos Sanchez,LSU Shreveport,4YR JR,Baltimore Orioles,no_candidate,,,0,,,,,,
2026,291,10,10,Dominic Mauro,Cincinnati,4YR JR,Athletics,matched_exact_name,100.0,100.0,1,Dominic Mauro,11246423,CIN,University of Cincinnati,,
2026,292,10,10,Ben Zeigler-Namoa,Hawaii,4YR 5S,Atlanta Braves,matched_exact_name,100.0,100.0,1,Ben Zeigler-Namoa,11219809,HAW,University of Hawaii Manoa,,
2026,293,10,10,Tate McKee,Georgia Tech,4YR JR,Tampa Bay Rays,matched_exact_name,100.0,100.0,1,Tate McKee,9681702,GT,Georgia Institute of Technology,,
2026,294,10,10,Nick Bonn,Cal Poly,4YR SR,St. Louis Cardinals,matched_exact_name,100.0,100.0,1,Nick Bonn,11216358,CP,California Polytechnic State University,,
2026,295,10,10,Zach Peters,Virginia Commonwealth,4YR SR,Miami Marlins,matched_exact_name,100.0,100.0,1,Zach Peters,9684117,VCU,Virginia Commonwealth University,,
2026,296,10,10,Mason Steele,Alabama-Birmingham,4YR JR,Arizona Diamondbacks,matched_exact_name,100.0,100.0,1,Mason Steele,11206506,UAB,University of Alabama at Birmingham,,
2026,297,10,10,Evan Morrison,Grand Valley St U,4YR 5S,Texas Rangers,no_candidate,,,0,,,,,,
2026,298,10,10,Ian Korn,West Virginia,4YR GR,San Francisco Giants,matched_exact_name,100.0,100.0,1,Ian Korn,11210245,WVU,West Virginia University,,
2026,299,10,10,Grant Fontenot,LSU,4YR 5S,Kansas City Royals,matched_exact_name,100.0,100.0,1,Grant Fontenot,9690050,LSU,Louisiana State University,,
2026,300,10,10,Nate Isler,Dartmouth,4YR JR,New York Mets,matched_exact_name,100.0,100.0,1,Nate Isler,9680507,DART,Dartmouth College,,
2026,301,10,10,Tazwell Butler,Kansas State,4YR 5S,Houston Astros,matched_exact_name,100.0,100.0,1,Tazwell Butler,9677632,KSU,Kansas St.,,
2026,302,10,10,Conner Griffin,SUNY Binghamton,4YR JR,Cincinnati Reds,matched_exact_name,100.0,100.0,1,Conner Griffin,9701247,BING,Binghamton University,,
2026,303,10,10,Ryan Bilka,Miami,4YR SR,Cleveland Guardians,matched_exact_name,100.0,100.0,1,Ryan Bilka,11234772,MIA,University of Miami,,
2026,304,10,10,Kaleb LaFavor,Bishop Heelan HS,HS SR,Boston Red Sox,no_candidate,,,0,,,,,,
2026,305,10,10,Augie Lopez,USC,4YR SO,San Diego Padres,matched_exact_name,100.0,100.0,1,Augie Lopez,9680260,USC,University of Southern California,,
2026,306,10,10,Jack Turner,New Mexico State,4YR SR,Detroit Tigers,matched_exact_name,100.0,100.0,1,Jack Turner,9697988,NMSU,New Mexico State University,,
2026,307,10,10,Luke Alwood,Seattle,4YR SR,Chicago Cubs,matched_exact_name,100.0,100.0,1,Luke Alwood,9678868,SEA,Seattle University,,
2026,308,10,10,Bayram Hot,Louisville,4YR SR,New York Yankees,matched_exact_name,100.0,100.0,1,Bayram Hot,9686673,LOU,University of Louisville,,
2026,309,10,10,Reece Moroney,Rhode Island,4YR JR,Philadelphia Phillies,matched_exact_name,100.0,100.0,1,Reece Moroney,9695652,URI,University of Rhode Island,,
2026,310,10,10,Eric Jeon,Stanford,4YR JR,Seattle Mariners,matched_exact_name,100.0,100.0,1,Eric Jeon,11220188,STAN,Stanford University,,
2026,311,10,10,Andrew Gaines,Saint Joseph's,4YR SR,Milwaukee Brewers,matched_exact_name,100.0,100.0,1,Andrew Gaines,11247808,JOES,St. Joseph's University,,
2026,312,10,10,Bryce Chance,Mississippi State,4YR 5S,Toronto Blue Jays,matched_exact_name,100.0,100.0,1,Bryce Chance,9703478,MSST,Mississippi State University,,
2026,313,10,10,Devin Bell,Oregon,4YR SR,Los Angeles Dodgers,matched_exact_name,100.0,100.0,1,Devin Bell,11213000,ORE,University of Oregon,,
2026,314,11,11,Gavin Swartz,Normal Community HS,HS SR,Colorado Rockies,no_candidate,,,0,,,,,,
2026,315,11,11,Kyle Casteel,Butler HS,HS SR,Chicago White Sox,no_candidate,,,0,,,,,,
2026,316,11,11,Weston Moss,Texas A&M,4YR JR,Washington Nationals,matched_exact_name,100.0,100.0,1,Weston Moss,9682625,TA&M,Texas A&M University,,
2026,317,11,11,Aidan Teel,Mississippi State,4YR SR,Minnesota Twins,matched_exact_name,100.0,100.0,1,Aidan Teel,11210226,MSST,Mississippi State University,,
2026,318,11,11,Spencer Evans,TNXL Academy,HS SR,Pittsburgh Pirates,rejected_fuzzy_school_guard,85.7,28.6,1,,,,,Spencer Stearns,28.6
2026,319,11,11,Adam Agresti,St. John's,4YR JR,Los Angeles Angels,matched_exact_name,100.0,100.0,1,Adam Agresti,9688321,SJU,St. John's University,,
2026,320,11,11,Ross Norman,Coastal Carolina,4YR JR,Baltimore Orioles,matched_exact_name,100.0,100.0,1,Ross Norman,11249978,CCU,Coastal Carolina University,,
2026,321,11,11,Javar Williams,Wake Forest,4YR JR,Athletics,matched_exact_name,100.0,100.0,1,Javar Williams,9698210,WAKE,Wake Forest University,,
2026,322,11,11,Ryne Barker,Casteel HS,HS SR,Atlanta Braves,no_candidate,,,0,,,,,,
2026,323,11,11,Logan Georges,Clovis HS,HS SR,Tampa Bay Rays,no_candidate,,,0,,,,,,
2026,324,11,11,Jacob Haley,South Alabama,4YR JR,St. Louis Cardinals,matched_exact_name,100.0,100.0,1,Jacob Haley,9697158,USA,University of South Alabama,,
2026,325,11,11,Fabio Bundi,Monterey Peninsula JC,JC J2,Miami Marlins,no_candidate,,,0,,,,,,
2026,326,11,11,Cody Boshell,Bishop Snyder HS,HS SR,Arizona Diamondbacks,no_candidate,,,0,,,,,,
2026,327,11,11,Jordan Hawkins,Carl Albert HS,HS SR,Texas Rangers,rejected_fuzzy_school_guard,85.7,34.8,1,,,,,Jordan Watkins,34.8
2026,328,11,11,Charlie Bussey III,Francis Marion,4YR SR,San Francisco Giants,no_candidate,,,0,,,,,,
2026,329,11,11,Tanner Griffith,Saint Mary's,4YR JR,Kansas City Royals,matched_exact_name,100.0,100.0,1,Tanner Griffith,9681548,SMC,St. Mary's College of California,,
2026,330,11,11,Kuhio Aloy,Arkansas,4YR JR,New York Mets,matched_exact_name,100.0,100.0,1,Kuhio Aloy,9686889,ARK,University of Arkansas,,
2026,331,11,11,Peyton Fiene,Odessa JC,JC J2,Houston Astros,no_candidate,,,0,,,,,,
2026,332,11,11,Calvin Proskey,UC Santa Barbara,4YR JR,Cincinnati Reds,matched_exact_name,100.0,100.0,1,Calvin Proskey,9692341,UCSB,"University of California, Santa Barbara",,
2026,333,11,11,Jake Bean,Louisville,4YR JR,Cleveland Guardians,matched_exact_name,100.0,100.0,1,Jake Bean,11242952,LOU,University of Louisville,,
2026,334,11,11,Wills Maginnis,Georgia State,4YR SO,Boston Red Sox,matched_exact_name,100.0,100.0,1,Wills Maginnis,9687382,GAST,Georgia State University,,
2026,335,11,11,Chris McHugh,North Carolina State,4YR JR,San Diego Padres,matched_exact_name,100.0,100.0,1,Chris McHugh,9693320,NCSU,North Carolina State University,,
2026,336,11,11,Will Adams,Hoover HS,HS SR,Detroit Tigers,no_candidate,,,0,,,,,,
2026,337,11,11,Ariston Veasey,Clemson,4YR JR,Chicago Cubs,matched_exact_name,100.0,100.0,1,Ariston Veasey,11228675,CLEM,Clemson University,,
2026,338,11,11,Anthony Potestio,UC San Diego,4YR JR,New York Yankees,matched_exact_name,100.0,100.0,1,Anthony Potestio,9704819,UCSD,"University of California, San Diego",,
2026,339,11,11,Drew Titsworth,Clemson,4YR JR,Philadelphia Phillies,matched_exact_name,100.0,100.0,1,Drew Titsworth,9678109,CLEM,Clemson University,,
2026,340,11,11,Wyatt Queen,Oregon State,4YR SR,Seattle Mariners,matched_exact_name,100.0,100.0,1,Wyatt Queen,9693863,ORST,Oregon State University,,
2026,341,11,11,Gavin Perry,Western Kentucky,4YR 5S,Milwaukee Brewers,matched_exact_name,100.0,100.0,1,Gavin Perry,11245690,WKU,Western Kentucky University,,
2026,342,11,11,Brayden Martin,Maryland,4YR JR,Toronto Blue Jays,matched_exact_name,100.0,100.0,1,Brayden Martin,9704920,MD,University of Maryland,,
2026,343,11,11,Cody New,California Baptist,4YR JR,Los Angeles Dodgers,matched_exact_name,100.0,100.0,1,Cody New,9686405,CBU,California Baptist University,,
2026,344,12,12,Garrett Brewer,Auburn,4YR JR,Colorado Rockies,matched_exact_name,100.0,100.0,1,Garrett Brewer,11215584,AUB,Auburn University,,
2026,345,12,12,Braden Holcomb,Vanderbilt,4YR JR,Chicago White Sox,matched_exact_name,100.0,100.0,1,Braden Holcomb,9695431,VAN,Vanderbilt University,,
2026,346,12,12,Matthew Dallas,Wake Forest,4YR JR,Washington Nationals,matched_exact_name,100.0,100.0,1,Matthew Dallas,9680299,WAKE,Wake Forest University,,
2026,347,12,12,Colby Turner,Michigan,4YR JR,Minnesota Twins,matched_exact_name,100.0,100.0,1,Colby Turner,9684551,MICH,University of Michigan,,
2026,348,12,12,Rohan Lettow,San Diego State,4YR JR,Pittsburgh Pirates,matched_exact_name,100.0,100.0,1,Rohan Lettow,11226791,SDSU,San Diego State University,,
2026,349,12,12,Jacob Sammis,Glynn Academy,HS SR,Los Angeles Angels,no_candidate,,,0,,,,,,
2026,350,12,12,Leo Marrero,Hardee HS,HS SR,Baltimore Orioles,no_candidate,,,0,,,,,,
2026,351,12,12,Nathan Aceves,UC Santa Barbara,4YR SO,Athletics,matched_exact_name,100.0,100.0,1,Nathan Aceves,9692706,UCSB,"University of California, Santa Barbara",,
2026,352,12,12,Dominic Kibler,Wisconsin-Milwaukee,4YR JR,Atlanta Braves,matched_exact_name,100.0,100.0,1,Dominic Kibler,11234725,MILW,University of Wisconsin–Milwaukee,,
2026,353,12,12,Cole Stokes,Florida State,4YR JR,Tampa Bay Rays,matched_exact_name,100.0,100.0,1,Cole Stokes,11248122,FSU,Florida State University,,
2026,354,12,12,Drew Horn,Middle Tennessee State,4YR SR,St. Louis Cardinals,matched_exact_name,100.0,100.0,1,Drew Horn,9696878,MTSU,Middle Tennessee State University,,
2026,355,12,12,Bane Barker,Sandalwood HS,HS SR,Miami Marlins,no_candidate,,,0,,,,,,
2026,356,12,12,Caleb Jameson,Georgia,4YR SR,Arizona Diamondbacks,matched_exact_name,100.0,100.0,1,Caleb Jameson,11237786,UGA,University of Georgia,,
2026,357,12,12,Jackson Nash,Longwood,4YR JR,Texas Rangers,matched_exact_name,100.0,100.0,1,Jackson Nash,11244986,LONG,Longwood University,,
2026,358,12,12,Josiah Kemp,Choctaw HS,HS SR,San Francisco Giants,no_candidate,,,0,,,,,,
2026,359,12,12,Lance Hartley,College of Central Florida,JC J2,Kansas City Royals,no_candidate,,,0,,,,,,
2026,360,12,12,AJ Krodel,UC Santa Barbara,4YR JR,New York Mets,matched_exact_name,100.0,100.0,1,AJ Krodel,9693145,UCSB,"University of California, Santa Barbara",,
2026,361,12,12,Owen Nowak,Middle Tennessee State,4YR JR,Houston Astros,matched_exact_name,100.0,100.0,1,Owen Nowak,11247503,MTSU,Middle Tennessee State University,,
2026,362,12,12,Brodie Purcell,Florida State,4YR JR,Cincinnati Reds,matched_exact_name,100.0,100.0,1,Brodie Purcell,11248117,FSU,Florida State University,,
2026,363,12,12,Ben Cleary,Santa Clara,4YR JR,Cleveland Guardians,matched_exact_name,100.0,100.0,1,Ben Cleary,9702395,SCU,Santa Clara University,,
2026,364,12,12,Jacob Webster,Oak Hills HS,HS SR,Boston Red Sox,no_candidate,,,0,,,,,,
2026,365,12,12,Rob Evans,Miami,4YR SR,San Diego Padres,matched_exact_name,100.0,100.0,1,Rob Evans,9681862,MIA,University of Miami,,
2026,366,12,12,Tyler West,Salt Lake CC,JC J2,Detroit Tigers,no_candidate,,,0,,,,,,
2026,367,12,12,Brandon Arvidson,Tennessee,4YR SR,Chicago Cubs,matched_exact_name,100.0,100.0,1,Brandon Arvidson,9693302,TENN,University of Tennessee Knoxville,,
2026,368,12,12,Austin Berggren,Miami (OH),4YR SR,New York Yankees,matched_exact_name,100.0,100.0,1,Austin Berggren,9699015,M-OH,Miami University-Ohio,,
2026,369,12,12,Christian Coppola,Saint Joseph's,4YR SR,Philadelphia Phillies,matched_exact_name,100.0,100.0,1,Christian Coppola,11247753,JOES,St. Joseph's University,,
2026,370,12,12,Connor Marshburn,UNC Wilmington,4YR JR,Seattle Mariners,matched_exact_name,100.0,100.0,1,Connor Marshburn,9705224,UNCW,University of North Carolina at Wilmington,,
2026,371,12,12,Marcus Kruzan,Minnesota,4YR JR,Milwaukee Brewers,matched_exact_name,100.0,100.0,1,Marcus Kruzan,11241034,MINN,University of Minnesota,,
2026,372,12,12,Santiago Garcia,LSU,4YR JR,Toronto Blue Jays,matched_exact_name,100.0,100.0,1,Santiago Garcia,11209127,LSU,Louisiana State University,,
2026,373,12,12,Gavin Van Kempen,East Carolina,4YR SR,Los Angeles Dodgers,matched_exact_name,100.0,100.0,1,Gavin Van Kempen,11222659,ECU,East Carolina University,,
2026,374,13,13,Juriel Collazo,Christian Military Academy HS,HS SR,Colorado Rockies,no_candidate,,,0,,,,,,
2026,375,13,13,Grayson Fitzwater,Virginia Military Institute,4YR SR,Chicago White Sox,matched_exact_name,100.0,100.0,1,Grayson Fitzwater,9693361,VMI,Virginia Military Institute,,
2026,376,13,13,Cody Howard,Texas,4YR GR,Washington Nationals,matched_exact_name,100.0,100.0,1,Cody Howard,9680562,TEX,University of Texas at Austin,,
2026,377,13,13,Isaiah Lane,Hope International,4YR JR,Minnesota Twins,rejected_fuzzy_school_guard,87.0,38.7,1,,,,,Isaiah Nolan,38.7
2026,378,13,13,Griffin Stieg,Virginia Tech,4YR SR,Pittsburgh Pirates,matched_exact_name,100.0,100.0,1,Griffin Stieg,9699703,VT,Virginia Tech,,
2026,379,13,13,Jake Long,Utah,4YR JR,Los Angeles Angels,matched_exact_name,100.0,100.0,1,Jake Long,9681498,UTAH,University of Utah,,
2026,380,13,13,Garrison Sumner,Brigham Young,4YR SR,Baltimore Orioles,matched_exact_name,100.0,100.0,1,Garrison Sumner,9699231,BYU,Brigham Young University,,
2026,381,13,13,Evan Blanco,Tennessee,4YR SR,Athletics,matched_exact_name,100.0,100.0,1,Evan Blanco,11218700,TENN,University of Tennessee Knoxville,,
2026,382,13,13,Cole Dorland,Walnut Grove SS,HS SR,Atlanta Braves,no_candidate,,,0,,,,,,
2026,383,13,13,Steven Gonzalez,Mater Academy HS,HS SR,Tampa Bay Rays,no_candidate,,,0,,,,,,
2026,384,13,13,Matthew Thomas,Cal State Northridge,4YR JR,St. Louis Cardinals,matched_exact_name,100.0,100.0,1,Matthew Thomas,10804849,CSUN,"California State University, Northridge",,
2026,385,13,13,Connor Benge,LSU,4YR SR,Miami Marlins,matched_exact_name,100.0,100.0,1,Connor Benge,9698277,LSU,Louisiana State University,,
2026,386,13,13,Jack Spanier,Minnesota,4YR JR,Arizona Diamondbacks,matched_exact_name,100.0,100.0,1,Jack Spanier,9705122,MINN,University of Minnesota,,
2026,387,13,13,Will Whelan,Minnesota,4YR JR,Texas Rangers,matched_exact_name,100.0,100.0,1,Will Whelan,9694993,MINN,University of Minnesota,,
2026,388,13,13,Colin Fisher,Arkansas,4YR JR,San Francisco Giants,matched_exact_name,100.0,100.0,1,Colin Fisher,9704616,ARK,University of Arkansas,,
2026,389,13,13,Dalton Hill,Nicholls St U,4YR SR,Kansas City Royals,matched_exact_name,100.0,100.0,1,Dalton Hill,9697643,NICH,Nicholls State University,,
2026,390,13,13,Jacob Madrid,Notre Dame HS,HS SR,New York Mets,no_candidate,,,0,,,,,,
2026,391,13,13,Jack Beck,Columbia Central HS,HS SR,Houston Astros,rejected_fuzzy_school_guard,90.0,41.0,1,,,,,Jack Becker,41.0
2026,392,13,13,Kenny Ishikawa,Georgia,4YR SO,Cincinnati Reds,matched_exact_name,100.0,100.0,1,Kenny Ishikawa,11237783,UGA,University of Georgia,,
2026,393,13,13,Erick Dessens,Sacramento State,4YR JR,Cleveland Guardians,matched_exact_name,100.0,100.0,1,Erick Dessens,11224529,SAC,Sacramento State University,,
2026,394,13,13,Mason Lei,Illinois-Chicago,4YR JR,Boston Red Sox,matched_exact_name,100.0,100.0,1,Mason Lei,11247755,UIC,University of Illinois at Chicago,,
2026,395,13,13,Michael Smith Jr.,Dayton,4YR JR,San Diego Padres,matched_fuzzy_name,86.7,100.0,1,Michael Smith,11213431,DAY,University of Dayton,,
2026,396,13,13,Jett Johnston,Auburn,4YR JR,Detroit Tigers,matched_exact_name,100.0,100.0,1,Jett Johnston,9683379,AUB,Auburn University,,
2026,397,13,13,Emanuel Hernandez,Carlos Beltran Baseball Academy,HS SR,Chicago Cubs,no_candidate,,,0,,,,,,
2026,398,13,13,Lee Garris,Maury HS,HS SR,New York Yankees,no_candidate,,,0,,,,,,
2026,399,13,13,Brayden Bakes,Illinois State,4YR JR,Philadelphia Phillies,matched_exact_name,100.0,100.0,1,Brayden Bakes,9679949,ILST,Illinois State University,,
2026,400,13,13,Anthony Treto,Tarleton State,4YR JR,Seattle Mariners,matched_exact_name,100.0,100.0,1,Anthony Treto,11231804,TAR,Tarleton State University,,
2026,401,13,13,Carson Hart,Mankato East HS,HS SR,Milwaukee Brewers,no_candidate,,,0,,,,,,
2026,402,13,13,Mathis Nayral,Kansas,4YR SR,Toronto Blue Jays,matched_exact_name,100.0,100.0,1,Mathis Nayral,11218478,KU,University of Kansas,,
2026,403,13,13,Caleb Johnson,Jacksonville State,4YR SR,Los Angeles Dodgers,matched_exact_name,100.0,100.0,1,Caleb Johnson,9699490,JVST,Jacksonville State University,,
2026,404,14,14,Lorenzo Carrier,Pittsburgh,4YR 5S,Colorado Rockies,matched_exact_name,100.0,100.0,1,Lorenzo Carrier,9679549,PITT,University of Pittsburgh,,
2026,405,14,14,Isaac Yeager,Oregon State,4YR SR,Chicago White Sox,matched_exact_name,100.0,100.0,1,Isaac Yeager,11217442,ORST,Oregon State University,,
2026,406,14,14,Zack Konstantinovsky,Rutgers,4YR JR,Washington Nationals,matched_exact_name,100.0,100.0,1,Zack Konstantinovsky,9691127,RUTG,Rutgers University,,
2026,407,14,14,Alec Bouchard,Wofford,4YR JR,Minnesota Twins,matched_exact_name,100.0,100.0,1,Alec Bouchard,9699357,WOF,Wofford College,,
2026,408,14,14,Damarcus Rideout-Carter,Heart Lake SS,HS SR,Pittsburgh Pirates,no_candidate,,,0,,,,,,
2026,409,14,14,Tate McGuire,Arkansas,4YR JR,Los Angeles Angels,matched_exact_name,100.0,100.0,1,Tate McGuire,9695539,ARK,University of Arkansas,,
2026,410,14,14,Miguel Hugas,Mercer,4YR JR,Baltimore Orioles,matched_exact_name,100.0,100.0,1,Miguel Hugas,11211592,MER,Mercer University,,
2026,411,14,14,Caden Sivrich,Norwin HS,HS SR,Athletics,no_candidate,,,0,,,,,,
2026,412,14,14,Brady Hamilton,Wichita State,4YR JR,Atlanta Braves,matched_exact_name,100.0,100.0,1,Brady Hamilton,9685941,WICH,Wichita State University,,
2026,413,14,14,Mason Bixby,Oklahoma,4YR JR,Tampa Bay Rays,matched_exact_name,100.0,100.0,1,Mason Bixby,11245157,OU,University of Oklahoma,,
2026,414,14,14,Jaden Alba,Arizona State,4YR JR,St. Louis Cardinals,matched_exact_name,100.0,100.0,1,Jaden Alba,9690525,ASU,Arizona State University,,
2026,415,14,14,Tyler Kapa,Virginia,4YR GR,Miami Marlins,matched_exact_name,100.0,100.0,1,Tyler Kapa,11218746,UVA,University of Virginia,,
2026,416,14,14,Brannon Westmoreland,Arkansas-Little Rock,4YR JR,Arizona Diamondbacks,matched_exact_name,100.0,100.0,1,Brannon Westmoreland,11202016,LR,Little Rock University,,
2026,417,14,14,Alfredo Capacete,California Baptist,4YR SR,Texas Rangers,matched_fuzzy_name,91.4,100.0,1,Alfredo Capacete II,9683396,CBU,California Baptist University,,
2026,418,14,14,Alex Solis,Houston,4YR JR,San Francisco Giants,matched_exact_name,100.0,100.0,1,Alex Solis,9686049,HOU,University of Houston,,
2026,419,14,14,Banks Wickersham,Fort Dorchester HS,HS SR,Kansas City Royals,no_candidate,,,0,,,,,,
2026,420,14,14,Zach Crotchfelt,Troy,4YR SR,New York Mets,matched_exact_name,100.0,100.0,1,Zach Crotchfelt,10204701,TROY,Troy University,,
2026,421,14,14,Brady Thomas,Jacksonville State,4YR SR,Houston Astros,matched_exact_name,100.0,100.0,1,Brady Thomas,9679640,JVST,Jacksonville State University,,
2026,422,14,14,Ray Ladd,Radford,4YR JR,Cincinnati Reds,matched_school_surname,0.0,100.0,1,Raymond Ladd,9699239,RAD,Radford University,,
2026,423,14,14,Carson Lane,UNLV,4YR JR,Cleveland Guardians,matched_exact_name,100.0,100.0,1,Carson Lane,9702464,UNLV,"University of Nevada, Las Vegas",,
2026,424,14,14,Jase Evangelista,Nevada-Las Vegas,4YR JR,Boston Red Sox,matched_exact_name,100.0,100.0,1,Jase Evangelista,11216188,UNLV,"University of Nevada, Las Vegas",,
2026,425,14,14,Ty Brachbill,High Point,4YR JR,San Diego Padres,matched_exact_name,100.0,100.0,1,Ty Brachbill,11241760,HPU,High Point University,,
2026,426,14,14,Edwin Alicea,South Florida,4YR JR,Detroit Tigers,matched_exact_name,100.0,100.0,1,Edwin Alicea,11248043,USF,University of South Florida,,
2026,427,14,14,Corey Nunez,UC Santa Barbara,4YR SR,Chicago Cubs,matched_exact_name,100.0,100.0,1,Corey Nunez,9697539,UCSB,"University of California, Santa Barbara",,
2026,428,14,14,Diego Castellanos,Saint Mary's,4YR JR,New York Yankees,matched_exact_name,100.0,100.0,1,Diego Castellanos,9688114,SMC,St. Mary's College of California,,
2026,429,14,14,Patrick Clemmey,Avon Old Farms HS,HS SR,Philadelphia Phillies,no_candidate,,,0,,,,,,
2026,430,14,14,Chris Diaz,Florida Gulf Coast,4YR JR,Seattle Mariners,matched_exact_name,100.0,100.0,2,Chris Diaz,9680579,FGCU,Florida Gulf Coast University,,
2026,431,14,14,Daunte Bell II,Millikan HS,HS SR,Milwaukee Brewers,no_candidate,,,0,,,,,,
2026,432,14,14,Connor Kelley,Texas-San Antonio,4YR SR,Toronto Blue Jays,matched_exact_name,100.0,100.0,1,Connor Kelley,9689529,UTSA,University of Texas at San Antonio,,
2026,433,14,14,Ryne Rodriguez,Houston,4YR SR,Los Angeles Dodgers,matched_exact_name,100.0,100.0,1,Ryne Rodriguez,11198666,HOU,University of Houston,,
2026,434,15,15,Ryan Niedzwiedz,Southern Illinois University Edwardsville,4YR JR,Colorado Rockies,matched_exact_name,100.0,100.0,1,Ryan Niedzwiedz,9693904,SIUE,Southern Illinois University Edwardsville,,
2026,435,15,15,Cameron Johnson,Oklahoma,4YR JR,Chicago White Sox,matched_exact_name,100.0,100.0,1,Cameron Johnson,9683785,OU,University of Oklahoma,,
2026,436,15,15,Francisco Rivero,Canyon del Oro HS,HS SR,Washington Nationals,no_candidate,,,0,,,,,,
2026,437,15,15,Charlie Scholvin,Toledo,4YR JR,Minnesota Twins,matched_exact_name,100.0,100.0,1,Charlie Scholvin,9685665,TOL,University of Toledo,,
2026,438,15,15,Liam O'Leary,St. John's,4YR JR,Pittsburgh Pirates,matched_exact_name,100.0,100.0,1,Liam O'Leary,11228986,SJU,St. John's University,,
2026,439,15,15,Cameron Jackson,Georgia Premier HS,HS SR,Los Angeles Angels,no_candidate,,,0,,,,,,
2026,440,15,15,Braden Smith,Central Florida,4YR JR,Baltimore Orioles,matched_exact_name,100.0,100.0,1,Braden Smith,11211031,UCF,University of Central Florida,,
2026,441,15,15,Dylan O'Connell,Wisconsin-Milwaukee,4YR JR,Athletics,matched_exact_name,100.0,100.0,1,Dylan O'Connell,11234744,MILW,University of Wisconsin–Milwaukee,,
2026,442,15,15,Caleb Klein,Southeast Missouri St U,4YR JR,Atlanta Braves,matched_exact_name,100.0,100.0,1,Caleb Klein,11235076,SEMO,Southeast Missouri State University,,
2026,443,15,15,Amp Phillips,South Carolina,4YR SR,Tampa Bay Rays,matched_exact_name,100.0,100.0,1,Amp Phillips,10239197,SC,University of South Carolina,,
2026,444,15,15,Brian Garmon,U South Alabama,4YR SR,St. Louis Cardinals,matched_fuzzy_name,88.9,100.0,1,Brian Garmon II,9701382,USA,University of South Alabama,,
2026,445,15,15,Colin Linder,Arizona State,4YR SR,Miami Marlins,matched_exact_name,100.0,100.0,1,Colin Linder,9678314,ASU,Arizona State University,,
2026,446,15,15,Andrew Evans,Southern Illinois,4YR SR,Arizona Diamondbacks,matched_exact_name,100.0,100.0,1,Andrew Evans,11248799,SIU,Southern Illinois University,,
2026,447,15,15,Landon Brewer,Minden HS,HS SR,Texas Rangers,no_candidate,,,0,,,,,,
2026,448,15,15,Drew Smith,Oregon,4YR SR,San Francisco Giants,matched_exact_name,100.0,100.0,2,Drew Smith,9688020,ORE,University of Oregon,,
2026,449,15,15,Madden Clement,Virginia Tech,4YR JR,Kansas City Royals,matched_exact_name,100.0,100.0,1,Madden Clement,9685185,VT,Virginia Tech,,
2026,450,15,15,Dustin Hagens Jr.,Missouri-St. Louis,4YR JR,New York Mets,no_candidate,,,0,,,,,,
2026,451,15,15,James Tronstein,Harvard-Westlake HS,HS SR,Houston Astros,no_candidate,,,0,,,,,,
2026,452,15,15,David Hinojosa,Poly Prep HS,HS SR,Cincinnati Reds,no_candidate,,,0,,,,,,
2026,453,15,15,Alejandro Garza,Cal Poly,4YR JR,Cleveland Guardians,matched_exact_name,100.0,100.0,1,Alejandro Garza,9695260,CP,California Polytechnic State University,,
2026,454,15,15,Chase Frey,Grand Canyon,4YR JR,Boston Red Sox,matched_exact_name,100.0,100.0,1,Chase Frey,10805916,GCU,Grand Canyon University,,
2026,455,15,15,Ryan Kucherak,Northwestern,4YR JR,San Diego Padres,matched_exact_name,100.0,100.0,1,Ryan Kucherak,9687080,NU,Northwestern University,,
2026,456,15,15,Dustin Dunwoody,Royal HS,HS SR,Detroit Tigers,no_candidate,,,0,,,,,,
2026,457,15,15,Griffin Naess,Cal Poly,4YR JR,Chicago Cubs,matched_exact_name,100.0,100.0,1,Griffin Naess,9682753,CP,California Polytechnic State University,,
2026,458,15,15,William Cutshall,Seneca HS,HS SR,New York Yankees,no_candidate,,,0,,,,,,
2026,459,15,15,Owen Clyne,George Mason,4YR SR,Philadelphia Phillies,matched_exact_name,100.0,100.0,1,Owen Clyne,9681642,GMU,George Mason University,,
2026,460,15,15,Charlie Sutherland,Minnesota,4YR JR,Seattle Mariners,matched_exact_name,100.0,100.0,1,Charlie Sutherland,9702538,MINN,University of Minnesota,,
2026,461,15,15,Keaton Maiorana,Mountain Vista HS,HS SR,Milwaukee Brewers,no_candidate,,,0,,,,,,
2026,462,15,15,Oliver de la Torre,California,4YR JR,Toronto Blue Jays,matched_exact_name,100.0,100.0,1,Oliver de la Torre,9686104,CAL,"University of California, Berkeley",,
2026,463,15,15,Aemed Nasser,Central Pointe Christian Academy HS,HS SR,Los Angeles Dodgers,no_candidate,,,0,,,,,,
2026,464,16,16,Sam Larson,Tulane,4YR JR,Colorado Rockies,matched_exact_name,100.0,100.0,1,Sam Larson,11380203,TULN,Tulane University,,
2026,465,16,16,Darin Horn,Coastal Carolina,4YR 5S,Chicago White Sox,matched_exact_name,100.0,100.0,1,Darin Horn,11249937,CCU,Coastal Carolina University,,
2026,466,16,16,Anthony Murphy,Corona HS,HS SR,Washington Nationals,no_candidate,,,0,,,,,,
2026,467,16,16,Connor Mattison,Kentucky,4YR JR,Minnesota Twins,matched_exact_name,100.0,100.0,1,Connor Mattison,11210396,UK,University of Kentucky,,
2026,468,16,16,Grant Govel,USC,4YR SO,Pittsburgh Pirates,matched_exact_name,100.0,100.0,1,Grant Govel,9685359,USC,University of Southern California,,
2026,469,16,16,Robert Orloski,Texas-San Antonio,4YR JR,Los Angeles Angels,matched_exact_name,100.0,100.0,1,Robert Orloski,9701095,UTSA,University of Texas at San Antonio,,
2026,470,16,16,Brayden Fry,Cranford HS,HS SR,Baltimore Orioles,rejected_fuzzy_school_guard,87.0,42.1,3,,,,,Brayden Ryan,42.1
2026,471,16,16,Tyler August,Liberty,4YR JR,Athletics,matched_exact_name,100.0,100.0,1,Tyler August,9694598,LIB,Liberty University,,
2026,472,16,16,Dalton Harper,Niagara County CC,JC J3,Atlanta Braves,no_candidate,,,0,,,,,,
2026,473,16,16,Alex Philpott,South Carolina,4YR JR,Tampa Bay Rays,matched_exact_name,100.0,100.0,1,Alex Philpott,10239198,SC,University of South Carolina,,
2026,474,16,16,Dallis Moran,Stetson,4YR JR,St. Louis Cardinals,matched_exact_name,100.0,100.0,1,Dallis Moran,11212012,STET,Stetson University,,
2026,475,16,16,Porter Buursema,Georgia Tech,4YR JR,Miami Marlins,matched_exact_name,100.0,100.0,1,Porter Buursema,9677620,GT,Georgia Institute of Technology,,
2026,476,16,16,Joseph Jasso,Cal St Fullerton,4YR JR,Arizona Diamondbacks,matched_exact_name,100.0,100.0,1,Joseph Jasso,11232689,CSUF,"California State University, Fullerton",,
2026,477,16,16,Brandon Crabtree,Catawba,4YR SO,Texas Rangers,no_candidate,,,0,,,,,,
2026,478,16,16,Dalton Wentz,Wake Forest,4YR SO,San Francisco Giants,matched_exact_name,100.0,100.0,1,Dalton Wentz,9686494,WAKE,Wake Forest University,,
2026,479,16,16,Dylan Alonso,Troy,4YR JR,Kansas City Royals,matched_exact_name,100.0,100.0,1,Dylan Alonso,10204695,TROY,Troy University,,
2026,480,16,16,Gavin Guidry,LSU,4YR JR,New York Mets,matched_exact_name,100.0,100.0,1,Gavin Guidry,9677723,LSU,Louisiana State University,,
2026,481,16,16,Rashawn Galloway,Texas State,4YR SR,Houston Astros,matched_exact_name,100.0,100.0,1,Rashawn Galloway,9682130,TXST,Texas State University,,
2026,482,16,16,Victor Christal,Johnson County CC,JC J2,Cincinnati Reds,no_candidate,,,0,,,,,,
2026,483,16,16,Sebastian Rolon,Central Pointe Christian Academy HS,HS SR,Cleveland Guardians,no_candidate,,,0,,,,,,
2026,484,16,16,Colton Coates,Louisiana Tech,4YR JR,Boston Red Sox,matched_exact_name,100.0,100.0,1,Colton Coates,9689026,LT,Louisiana Tech University,,
2026,485,16,16,Albert Roblez,Oregon State,4YR GR,San Diego Padres,matched_exact_name,100.0,100.0,1,Albert Roblez,11217439,ORST,Oregon State University,,
2026,486,16,16,Michael Lane,Delaware State,4YR JR,Detroit Tigers,matched_exact_name,100.0,100.0,1,Michael Lane,9691786,DSU,Delaware State University,,
2026,487,16,16,Ashton Pocol,Florida Gulf Coast,4YR SR,Chicago Cubs,matched_exact_name,100.0,100.0,1,Ashton Pocol,9686647,FGCU,Florida Gulf Coast University,,
2026,488,16,16,Garrett Ahern,Grand Canyon,4YR JR,New York Yankees,matched_exact_name,100.0,100.0,1,Garrett Ahern,9679791,GCU,Grand Canyon University,,
2026,489,16,16,Matt Quintanar,Texas Tech,4YR JR,Philadelphia Phillies,matched_exact_name,100.0,100.0,1,Matt Quintanar,11248059,TTU,Texas Tech University,,
2026,490,16,16,Chris Torres,U South Carolina Upstate,4YR JR,Seattle Mariners,matched_exact_name,100.0,100.0,1,Chris Torres,9676811,UPST,University of South Carolina Upstate,,
2026,491,16,16,Bradyn Havard,George County HS,HS SR,Milwaukee Brewers,no_candidate,,,0,,,,,,
2026,492,16,16,Carson Cormier,Illinois State,4YR JR,Toronto Blue Jays,matched_exact_name,100.0,100.0,1,Carson Cormier,11224290,ILST,Illinois State University,,
2026,493,16,16,Ethan Sutton,South Florida,4YR JR,Los Angeles Dodgers,matched_exact_name,100.0,100.0,1,Ethan Sutton,11248008,USF,University of South Florida,,
2026,494,17,17,Josh Swink,Liberty,4YR JR,Colorado Rockies,matched_exact_name,100.0,100.0,1,Josh Swink,9692523,LIB,Liberty University,,
2026,495,17,17,Crew McChesney,Brigham Young,4YR JR,Chicago White Sox,matched_exact_name,100.0,100.0,1,Crew McChesney,9694741,BYU,Brigham Young University,,
2026,496,17,17,Isaiah Galason,Houston County HS,HS SR,Washington Nationals,no_candidate,,,0,,,,,,
2026,497,17,17,Hideki Prather,California,4YR JR,Minnesota Twins,matched_exact_name,100.0,100.0,1,Hideki Prather,11230683,CAL,"University of California, Berkeley",,
2026,498,17,17,Nathan Helman,Kennesaw State,4YR 5S,Pittsburgh Pirates,matched_school_surname,0.0,100.0,1,Nate Helman,9703224,KENN,Kennesaw State University,,
2026,499,17,17,TJ Grines,Tennesse-Martin,4YR SR,Los Angeles Angels,no_candidate,,,0,,,,,,
2026,500,17,17,Diego Gutierrez,San Diego,4YR GR,Baltimore Orioles,matched_exact_name,100.0,100.0,1,Diego Gutierrez,11242232,USD,University of San Diego,,
2026,501,17,17,Javier Gorostola,Florida Gulf Coast,4YR JR,Athletics,matched_exact_name,100.0,100.0,1,Javier Gorostola,9684429,FGCU,Florida Gulf Coast University,,
2026,502,17,17,John Damozonio,Saint Mary's,4YR SR,Atlanta Braves,matched_exact_name,100.0,100.0,1,John Damozonio,9692656,SMC,St. Mary's College of California,,
2026,503,17,17,McCarty English,Southern Mississippi,4YR JR,Tampa Bay Rays,matched_exact_name,100.0,100.0,1,McCarty English,9681386,USM,University of Southern Mississippi,,
2026,504,17,17,Jacob Johnson,Saint Mary's,4YR JR,St. Louis Cardinals,matched_exact_name,100.0,100.0,1,Jacob Johnson,11214546,SMC,St. Mary's College of California,,
2026,505,17,17,Duke McCarron,Saint Joseph's,4YR JR,Miami Marlins,matched_exact_name,100.0,100.0,1,Duke McCarron,11247821,JOES,St. Joseph's University,,
2026,506,17,17,Rylan Alaniz,Trinity HS,HS SR,Arizona Diamondbacks,no_candidate,,,0,,,,,,
2026,507,17,17,Collin Cobb,Williston State Col,JC J3,Texas Rangers,no_candidate,,,0,,,,,,
2026,508,17,17,Tanner Mally,Western Michigan,4YR JR,San Francisco Giants,matched_exact_name,100.0,100.0,1,Tanner Mally,9679887,WMU,Western Michigan University,,
2026,509,17,17,Richie Roman,Houston,4YR JR,Kansas City Royals,matched_exact_name,100.0,100.0,1,Richie Roman,9694672,HOU,University of Houston,,
2026,510,17,17,Cooper Dossett,Arkansas,4YR SR,New York Mets,matched_exact_name,100.0,100.0,1,Cooper Dossett,9691407,ARK,University of Arkansas,,
2026,511,17,17,Ben Tryon,Dallas Baptist,4YR JR,Houston Astros,matched_exact_name,100.0,100.0,1,Ben Tryon,9699116,DBU,Dallas Baptist University,,
2026,512,17,17,Jack Lausch,Northwestern,4YR SR,Cincinnati Reds,matched_exact_name,100.0,100.0,1,Jack Lausch,9689099,NU,Northwestern University,,
2026,513,17,17,Travis Lutz,Lamar U,4YR GR,Cleveland Guardians,matched_exact_name,100.0,100.0,1,Travis Lutz,11213530,LAM,Lamar University,,
2026,514,17,17,Alex Kranzler,Vanderbilt,4YR JR,Boston Red Sox,matched_exact_name,100.0,100.0,1,Alex Kranzler,9688182,VAN,Vanderbilt University,,
2026,515,17,17,Denton Lord,South Walton HS,HS SR,San Diego Padres,no_candidate,,,0,,,,,,
2026,516,17,17,Jack Byers,Artesia HS,HS SR,Detroit Tigers,rejected_fuzzy_school_guard,90.0,38.5,1,,,,,Jack Myers,38.5
2026,517,17,17,Ryan Marton,U Nevada Las Vegas,4YR JR,Chicago Cubs,matched_exact_name,100.0,100.0,1,Ryan Marton,11216194,UNLV,"University of Nevada, Las Vegas",,
2026,518,17,17,Jason Krieger,Maine,4YR SR,New York Yankees,matched_exact_name,100.0,100.0,1,Jason Krieger,9691579,ME,University of Maine,,
2026,519,17,17,Adam Troy,USC,4YR SR,Philadelphia Phillies,matched_exact_name,100.0,100.0,1,Adam Troy,11245239,USC,University of Southern California,,
2026,520,17,17,Matthew Matthijs,North Carolina,4YR SR,Seattle Mariners,matched_exact_name,100.0,100.0,1,Matthew Matthijs,9701927,UNC,University of North Carolina at Chapel Hill,,
2026,521,17,17,Chance Ruby,Wilmot Union HS,HS SR,Milwaukee Brewers,no_candidate,,,0,,,,,,
2026,522,17,17,Landon Waters,Mississippi,4YR SR,Toronto Blue Jays,matched_exact_name,100.0,100.0,1,Landon Waters,9686819,MISS,University of Mississippi,,
2026,523,17,17,Camden Wimbish,Campbell,4YR JR,Los Angeles Dodgers,matched_exact_name,100.0,100.0,1,Camden Wimbish,11214080,CAM,Campbell University,,
2026,524,18,18,Blake Bowen,JSerra Catholic HS,HS SR,Colorado Rockies,rejected_school_guard,100.0,17.4,1,,,,,Blake Bowen,17.4
2026,525,18,18,Jackson Bergman,Indiana,4YR SR,Chicago White Sox,matched_exact_name,100.0,100.0,1,Jackson Bergman,11223648,IU,Indiana University,,
2026,526,18,18,Avery Ortiz,Oklahoma State,4YR JR,Washington Nationals,matched_exact_name,100.0,100.0,1,Avery Ortiz,9692897,OKST,Oklahoma State University,,
2026,527,18,18,Colter McAnelly,Utah,4YR JR,Minnesota Twins,matched_exact_name,100.0,100.0,1,Colter McAnelly,9679330,UTAH,University of Utah,,
2026,528,18,18,Malachi Washington,Parkview HS,HS SR,Pittsburgh Pirates,no_candidate,,,0,,,,,,
2026,529,18,18,Greyson Chappel,Central Missouri,4YR JR,Los Angeles Angels,no_candidate,,,0,,,,,,
2026,530,18,18,Gunnar Garrison,Eaton HS,HS SR,Baltimore Orioles,no_candidate,,,0,,,,,,
2026,531,18,18,Bear Madliak,Kansas State,4YR 5S,Athletics,matched_exact_name,100.0,100.0,1,Bear Madliak,9704121,KSU,Kansas St.,,
2026,532,18,18,Ethan Stade,Bowling Green State,4YR 5S,Atlanta Braves,matched_exact_name,100.0,100.0,1,Ethan Stade,10807332,BGSU,Bowling Green State University,,
2026,533,18,18,Nate Smithburg,U Oklahoma,4YR SR,Tampa Bay Rays,matched_exact_name,100.0,100.0,1,Nate Smithburg,9697284,OU,University of Oklahoma,,
2026,534,18,18,Gabe Camacho,UC San Diego,4YR JR,St. Louis Cardinals,matched_exact_name,100.0,100.0,1,Gabe Camacho,9687182,UCSD,"University of California, San Diego",,
2026,535,18,18,Jatniel McCloud,Amarillo College,JC J1,Miami Marlins,no_candidate,,,0,,,,,,
2026,536,18,18,Jake Duer,Texas A&M,4YR SR,Arizona Diamondbacks,matched_exact_name,100.0,100.0,1,Jake Duer,11245943,TA&M,Texas A&M University,,
2026,537,18,18,Max Kaufer,Wichita State,4YR SR,Texas Rangers,matched_exact_name,100.0,100.0,1,Max Kaufer,11210248,WICH,Wichita State University,,
2026,538,18,18,Ryder Brooks,University of California - Irvine,4YR JR,San Francisco Giants,matched_exact_name,100.0,100.0,1,Ryder Brooks,9684186,UCI,"University of California, Irvine",,
2026,539,18,18,Cooper Corkrean,New Mexico,4YR JR,Kansas City Royals,matched_exact_name,100.0,100.0,1,Cooper Corkrean,11223842,UNM,University of New Mexico,,
2026,540,18,18,Marcus Ward,King's Ridge Christian School,HS SR,New York Mets,no_candidate,,,0,,,,,,
2026,541,18,18,Petey Soto Jr.,Utah Tech,4YR JR,Houston Astros,matched_exact_name,100.0,100.0,1,Petey Soto Jr.,9699284,UTU,Utah Tech University,,
2026,542,18,18,Matt Ponatoski,Moeller HS,HS SR,Cincinnati Reds,no_candidate,,,0,,,,,,
2026,543,18,18,Parker Dillhoff,UNLV,4YR SR,Cleveland Guardians,matched_exact_name,100.0,100.0,1,Parker Dillhoff,11216186,UNLV,"University of Nevada, Las Vegas",,
2026,544,18,18,Ethan Offing,Dutch Fork HS,HS SR,Boston Red Sox,no_candidate,,,0,,,,,,
2026,545,18,18,Mark  Quatrani,Notre Dame,4YR JR,San Diego Padres,matched_exact_name,100.0,100.0,1,Mark Quatrani,11243062,ND,University of Notre Dame,,
2026,546,18,18,Drake Meeks,Southern Mississippi,4YR JR,Detroit Tigers,matched_exact_name,100.0,100.0,1,Drake Meeks,9701481,USM,University of Southern Mississippi,,
2026,547,18,18,Luke McGrath,James Madison,4YR JR,Chicago Cubs,matched_exact_name,100.0,100.0,1,Luke McGrath,9684420,JMU,James Madison University,,
2026,548,18,18,Blake Cyr,Florida,4YR SR,New York Yankees,matched_exact_name,100.0,100.0,1,Blake Cyr,9700221,FLA,University of Florida,,
2026,549,18,18,Lane Haworth,Texas-San Antonio,4YR JR,Philadelphia Phillies,matched_exact_name,100.0,100.0,1,Lane Haworth,11248490,UTSA,University of Texas at San Antonio,,
2026,550,18,18,Dominic Santarelli,St. Joseph Catholic Academy HS,HS SR,Seattle Mariners,no_candidate,,,0,,,,,,
2026,551,18,18,Brady Smith,East Carter County HS,HS SR,Milwaukee Brewers,no_candidate,,,0,,,,,,
2026,552,18,18,Jake McCoy,South Carolina,4YR JR,Toronto Blue Jays,rejected_school_guard,100.0,40.0,1,,,,,Jake McCoy,40.0
2026,553,18,18,Max Irving,Montverde Academy HS,HS SR,Los Angeles Dodgers,no_candidate,,,0,,,,,,
2026,554,19,19,Cort MacDonald,Stanford,4YR SR,Colorado Rockies,matched_exact_name,100.0,100.0,1,Cort MacDonald,9678159,STAN,Stanford University,,
2026,555,19,19,Jake Berkland,Minnesota St U Mankato,4YR JR,Chicago White Sox,no_candidate,,,0,,,,,,
2026,556,19,19,Jack Brooks,U Oregon,4YR SR,Washington Nationals,matched_exact_name,100.0,100.0,1,Jack Brooks,9683213,ORE,University of Oregon,,
2026,557,19,19,PJ Moutzouridis,Arizona State,4YR JR,Minnesota Twins,matched_exact_name,100.0,100.0,1,PJ Moutzouridis,11233491,ASU,Arizona State University,,
2026,558,19,19,Andrew Duncan,Wright State,4YR JR,Pittsburgh Pirates,matched_exact_name,100.0,100.0,2,Andrew Duncan,11242044,WRST,Wright State University,,
2026,559,19,19,Jack Salmon,U Nevada Las Vegas,4YR SR,Los Angeles Angels,matched_exact_name,100.0,100.0,1,Jack Salmon,11216199,UNLV,"University of Nevada, Las Vegas",,
2026,560,19,19,Victor Salazar,Paetow HS,HS SR,Baltimore Orioles,no_candidate,,,0,,,,,,
2026,561,19,19,Jake Escalante,Soquel HS,HS SR,Athletics,no_candidate,,,0,,,,,,
2026,562,19,19,Austin Fawley,Mississippi,4YR SR,Atlanta Braves,matched_exact_name,100.0,100.0,1,Austin Fawley,9702165,MISS,University of Mississippi,,
2026,563,19,19,David Horn Jr.,Middle Tennessee State,4YR SR,Tampa Bay Rays,matched_exact_name,100.0,100.0,1,David Horn Jr.,11247576,MTSU,Middle Tennessee State University,,
2026,564,19,19,Clayton Freshcorn,Texas A&M,4YR JR,St. Louis Cardinals,matched_exact_name,100.0,100.0,1,Clayton Freshcorn,9702567,TA&M,Texas A&M University,,
2026,565,19,19,Jackson Mitchell,SUNY Binghamton,4YR JR,Miami Marlins,matched_exact_name,100.0,100.0,1,Jackson Mitchell,9680009,BING,Binghamton University,,
2026,566,19,19,Weber Neels,Minnesota,4YR SR,Arizona Diamondbacks,matched_exact_name,100.0,100.0,1,Weber Neels,9683030,MINN,University of Minnesota,,
2026,567,19,19,Selden Kolkebeck,Northern Valley Regional HS,HS SR,Texas Rangers,no_candidate,,,0,,,,,,
2026,568,19,19,Mikey Bell,Gonzaga,4YR SR,San Francisco Giants,matched_exact_name,100.0,100.0,1,Mikey Bell,9688655,GONZ,Gonzaga University,,
2026,569,19,19,Hudson DeVaughan,Mooresville HS,HS SR,Kansas City Royals,no_candidate,,,0,,,,,,
2026,570,19,19,John Smith III,Central Florida,4YR SR,New York Mets,matched_exact_name,100.0,100.0,1,John Smith III,11211034,UCF,University of Central Florida,,
2026,571,19,19,Noah Miller,Michigan,4YR JR,Houston Astros,matched_exact_name,100.0,100.0,1,Noah Miller,9679419,MICH,University of Michigan,,
2026,572,19,19,Ryan Nelson,East Central CC,JC J2,Cincinnati Reds,no_candidate,,,0,,,,,,
2026,573,19,19,Zac Cowan,LSU,4YR SR,Cleveland Guardians,matched_exact_name,100.0,100.0,1,Zac Cowan,9683056,LSU,Louisiana State University,,
2026,574,19,19,Luis Calderon,El Shaddai Christian HS,HS SR,Boston Red Sox,no_candidate,,,0,,,,,,
2026,575,19,19,Chris Downs,Cal Poly,4YR JR,San Diego Padres,matched_exact_name,100.0,100.0,1,Chris Downs,9686343,CP,California Polytechnic State University,,
2026,576,19,19,Cade Rusch,Bellarmine,4YR SR,Detroit Tigers,matched_exact_name,100.0,100.0,1,Cade Rusch,11245366,BELL,Bellarmine University,,
2026,577,19,19,Luke Guth,Vanderbilt,4YR JR,Chicago Cubs,matched_exact_name,100.0,100.0,1,Luke Guth,9683464,VAN,Vanderbilt University,,
2026,578,19,19,Tyce Armstrong,Baylor,4YR GR,New York Yankees,matched_exact_name,100.0,100.0,1,Tyce Armstrong,11225991,BAY,Baylor University,,
2026,579,19,19,Braeden Lipoff,Gloucester Catholic HS,HS SR,Philadelphia Phillies,no_candidate,,,0,,,,,,
2026,580,19,19,Michael Petite,Virginia Commonwealth,4YR JR,Seattle Mariners,matched_exact_name,100.0,100.0,1,Michael Petite,11225258,VCU,Virginia Commonwealth University,,
2026,581,19,19,Sam George,Minnesota St U Mankato,4YR JR,Milwaukee Brewers,no_candidate,,,0,,,,,,
2026,582,19,19,Cole Travers,St. John Neumann HS,HS SR,Toronto Blue Jays,no_candidate,,,0,,,,,,
2026,583,19,19,Luke Bard,Houston Christian,4YR SR,Los Angeles Dodgers,matched_exact_name,100.0,100.0,1,Luke Bard,9702654,HCU,Houston Christian University,,
2026,584,20,20,Dimitri Williams Jr.,Bishop O'Dowd HS,HS SR,Colorado Rockies,no_candidate,,,0,,,,,,
2026,585,20,20,Connor Fennell,Vanderbilt,4YR JR,Chicago White Sox,matched_exact_name,100.0,100.0,1,Connor Fennell,9689502,VAN,Vanderbilt University,,
2026,586,20,20,Anson Seibert,Johnson County CC,JC J2,Washington Nationals,no_candidate,,,0,,,,,,
2026,587,20,20,Michael Barnett,UCLA,4YR SR,Minnesota Twins,matched_exact_name,100.0,100.0,1,Michael Barnett,9679245,UCLA,"University of California, Los Angeles",,
2026,588,20,20,Dakota Stone,North Florida,4YR SR,Pittsburgh Pirates,matched_exact_name,100.0,100.0,1,Dakota Stone,11212437,UNF,University of North Florida,,
2026,589,20,20,Jake Jackson,San Diego State,4YR JR,Los Angeles Angels,matched_exact_name,100.0,100.0,1,Jake Jackson,9697945,SDSU,San Diego State University,,
2026,590,20,20,Ross Davis,Rusk HS,HS SR,Baltimore Orioles,no_candidate,,,0,,,,,,
2026,591,20,20,Anthony Marnell IV,San Diego St U,4YR JR,Athletics,matched_exact_name,100.0,100.0,1,Anthony Marnell IV,11226751,SDSU,San Diego State University,,
2026,592,20,20,Nile Adcock,Kentucky,4YR SR,Atlanta Braves,matched_exact_name,100.0,100.0,1,Nile Adcock,9698211,UK,University of Kentucky,,
2026,593,20,20,Ivan Sabater,West Broward HS,HS SR,Tampa Bay Rays,no_candidate,,,0,,,,,,
2026,594,20,20,Kollin Ritchie,Oklahoma State,4YR JR,St. Louis Cardinals,matched_exact_name,100.0,100.0,1,Kollin Ritchie,9700829,OKST,Oklahoma State University,,
2026,595,20,20,Joey Lawson,Bishop Verot HS,HS SR,Miami Marlins,no_candidate,,,0,,,,,,
2026,596,20,20,Andrew Wertz,Northeastern,4YR GR,Arizona Diamondbacks,matched_exact_name,100.0,100.0,1,Andrew Wertz,11230740,NE,Northeastern University,,
2026,597,20,20,Cody Airington,Austin Peay State,4YR JR,Texas Rangers,matched_exact_name,100.0,100.0,1,Cody Airington,9687248,APSU,Austin Peay State University,,
2026,598,20,20,JP Robertson,Mississippi,4YR JR,San Francisco Giants,matched_exact_name,100.0,100.0,1,JP Robertson,9698622,MISS,University of Mississippi,,
2026,599,20,20,Riley McDonald,"State College of Florida, Manatee-Sarasota",JC J1,Kansas City Royals,no_candidate,,,0,,,,,,
2026,600,20,20,Kooper Schulte,U Iowa,4YR SR,New York Mets,matched_exact_name,100.0,100.0,1,Kooper Schulte,9702561,IOWA,University of Iowa,,
2026,601,20,20,Mick Uebelhor,Western Kentucky,4YR JR,Houston Astros,matched_exact_name,100.0,100.0,1,Mick Uebelhor,11245724,WKU,Western Kentucky University,,
2026,602,20,20,Tristan Helmick,Lafayette Col,4YR JR,Cincinnati Reds,matched_exact_name,100.0,100.0,1,Tristan Helmick,9696974,LAF,Lafayette College,,
2026,603,20,20,Parker Coil,Arkansas,4YR SR,Cleveland Guardians,matched_exact_name,100.0,100.0,1,Parker Coil,9701610,ARK,University of Arkansas,,
2026,604,20,20,Aiden VanDeHatert,Dallas Baptist,4YR JR,Boston Red Sox,matched_exact_name,100.0,100.0,1,Aiden VanDeHatert,11228903,DBU,Dallas Baptist University,,
2026,605,20,20,Ezekiel Zion,Campo Verde HS,HS SR,San Diego Padres,no_candidate,,,0,,,,,,
2026,606,20,20,Will Zielinski,Vauxhall HS,HS SR,Detroit Tigers,no_candidate,,,0,,,,,,
2026,607,20,20,Brennan Hudson,U Georgia,4YR SR,Chicago Cubs,matched_exact_name,100.0,100.0,1,Brennan Hudson,9677579,UGA,University of Georgia,,
2026,608,20,20,Dean Toigo,Arizona State,4YR 5S,New York Yankees,matched_exact_name,100.0,100.0,1,Dean Toigo,11233505,ASU,Arizona State University,,
2026,609,20,20,Justin Lee,UCLA,4YR JR,Philadelphia Phillies,matched_exact_name,100.0,100.0,1,Justin Lee,9687008,UCLA,"University of California, Los Angeles",,
2026,610,20,20,Connor Shouse,Texas Tech,4YR SO,Seattle Mariners,matched_exact_name,100.0,100.0,1,Connor Shouse,11248062,TTU,Texas Tech University,,
2026,611,20,20,Carsten Sabathia III,Houston,4YR SR,Milwaukee Brewers,matched_fuzzy_name,88.9,100.0,1,Carsten Sabathia,9678511,HOU,University of Houston,,
2026,612,20,20,Eddie Rosado Jr.,Holy Ghost Prep School,HS SR,Toronto Blue Jays,no_candidate,,,0,,,,,,
2026,613,20,20,Zach Bates,Illinois,4YR JR,Los Angeles Dodgers,no_candidate,,,0,,,,,,
